npy_idx,excel_pos,cation,anion,refrigerant,T_K,P_MPa,x1,anion_smiles,cation_smiles,refri_smiles,sheet
0,0,[emim],[Ac],R32,303.15,0.0294,0.0117,CC(=O)[O-],C(C)[N+]1=CN(C=C1)C,C(F)F,Table S3. VLE HFCs
1,1,[emim],[Ac],R32,303.15,0.0928,0.0444,CC(=O)[O-],C(C)[N+]1=CN(C=C1)C,C(F)F,Table S3. VLE HFCs
2,2,[emim],[Ac],R32,303.15,0.2102,0.1056,CC(=O)[O-],C(C)[N+]1=CN(C=C1)C,C(F)F,Table S3. VLE HFCs
3,3,[emim],[Ac],R32,303.15,0.2507,0.1223,CC(=O)[O-],C(C)[N+]1=CN(C=C1)C,C(F)F,Table S3. VLE HFCs
4,4,[emim],[Ac],R32,303.15,0.3221,0.1505,CC(=O)[O-],C(C)[N+]1=CN(C=C1)C,C(F)F,Table S3. VLE HFCs
5,5,[emim],[Ac],R32,303.15,0.3539,0.1633,CC(=O)[O-],C(C)[N+]1=CN(C=C1)C,C(F)F,Table S3. VLE HFCs
6,6,[emim],[Ac],R32,303.15,0.4248,0.1897,CC(=O)[O-],C(C)[N+]1=CN(C=C1)C,C(F)F,Table S3. VLE HFCs
7,7,[emim],[Ac],R32,303.15,0.4277,0.1899,CC(=O)[O-],C(C)[N+]1=CN(C=C1)C,C(F)F,Table S3. VLE HFCs
8,8,[emim],[Ac],R32,303.15,0.5246,0.2229,CC(=O)[O-],C(C)[N+]1=CN(C=C1)C,C(F)F,Table S3. VLE HFCs
9,9,[emim],[Ac],R134a,303.15,0.0259,0.0111,CC(=O)[O-],C(C)[N+]1=CN(C=C1)C,C(C(F)(F)F)F,Table S3. VLE HFCs
10,10,[emim],[Ac],R134a,303.15,0.0503,0.0266,CC(=O)[O-],C(C)[N+]1=CN(C=C1)C,C(C(F)(F)F)F,Table S3. VLE HFCs
11,11,[emim],[Ac],R134a,303.15,0.0902,0.0455,CC(=O)[O-],C(C)[N+]1=CN(C=C1)C,C(C(F)(F)F)F,Table S3. VLE HFCs
12,12,[emim],[Ac],R134a,303.15,0.1477,0.0857,CC(=O)[O-],C(C)[N+]1=CN(C=C1)C,C(C(F)(F)F)F,Table S3. VLE HFCs
13,13,[emim],[Ac],R134a,303.15,0.2,0.1115,CC(=O)[O-],C(C)[N+]1=CN(C=C1)C,C(C(F)(F)F)F,Table S3. VLE HFCs
14,14,[emim],[Ac],R134a,303.15,0.245,0.1407,CC(=O)[O-],C(C)[N+]1=CN(C=C1)C,C(C(F)(F)F)F,Table S3. VLE HFCs
15,15,[emim],[Ac],R134a,303.15,0.2963,0.1662,CC(=O)[O-],C(C)[N+]1=CN(C=C1)C,C(C(F)(F)F)F,Table S3. VLE HFCs
16,16,[emim],[Ac],R134a,303.15,0.3454,0.1986,CC(=O)[O-],C(C)[N+]1=CN(C=C1)C,C(C(F)(F)F)F,Table S3. VLE HFCs
17,17,[emim],[Ac],R134a,303.15,0.4017,0.2288,CC(=O)[O-],C(C)[N+]1=CN(C=C1)C,C(C(F)(F)F)F,Table S3. VLE HFCs
18,18,[emim],[Ac],R134a,303.15,0.4545,0.2616,CC(=O)[O-],C(C)[N+]1=CN(C=C1)C,C(C(F)(F)F)F,Table S3. VLE HFCs
19,19,[emim],[Ac],R134a,303.15,0.5007,0.2851,CC(=O)[O-],C(C)[N+]1=CN(C=C1)C,C(C(F)(F)F)F,Table S3. VLE HFCs
20,20,[emim],[Ac],R125,303.15,0.0486,0.0168,CC(=O)[O-],C(C)[N+]1=CN(C=C1)C,C(F)(F)(C(F)(F)F),Table S3. VLE HFCs
21,21,[emim],[Ac],R125,303.15,0.0956,0.0465,CC(=O)[O-],C(C)[N+]1=CN(C=C1)C,C(F)(F)(C(F)(F)F),Table S3. VLE HFCs
22,22,[emim],[Ac],R125,303.15,0.1488,0.0698,CC(=O)[O-],C(C)[N+]1=CN(C=C1)C,C(F)(F)(C(F)(F)F),Table S3. VLE HFCs
23,23,[emim],[Ac],R125,303.15,0.2054,0.1062,CC(=O)[O-],C(C)[N+]1=CN(C=C1)C,C(F)(F)(C(F)(F)F),Table S3. VLE HFCs
24,24,[emim],[Ac],R125,303.15,0.2399,0.1248,CC(=O)[O-],C(C)[N+]1=CN(C=C1)C,C(F)(F)(C(F)(F)F),Table S3. VLE HFCs
25,25,[emim],[Ac],R125,303.15,0.3034,0.1724,CC(=O)[O-],C(C)[N+]1=CN(C=C1)C,C(F)(F)(C(F)(F)F),Table S3. VLE HFCs
26,26,[emim],[Ac],R125,303.15,0.3499,0.2009,CC(=O)[O-],C(C)[N+]1=CN(C=C1)C,C(F)(F)(C(F)(F)F),Table S3. VLE HFCs
27,27,[emim],[Ac],R125,303.15,0.3969,0.2399,CC(=O)[O-],C(C)[N+]1=CN(C=C1)C,C(F)(F)(C(F)(F)F),Table S3. VLE HFCs
28,28,[emim],[Ac],R125,303.15,0.4553,0.2833,CC(=O)[O-],C(C)[N+]1=CN(C=C1)C,C(F)(F)(C(F)(F)F),Table S3. VLE HFCs
29,29,[emim],[Ac],R125,303.15,0.494,0.3067,CC(=O)[O-],C(C)[N+]1=CN(C=C1)C,C(F)(F)(C(F)(F)F),Table S3. VLE HFCs
30,30,[emim],[BEI],R32,283.15,0.0101,0.0139999999999999,FC(F)(F)C(F)(F)S(=O)(=O)[N-]S(=O)(=O)C(F)(F)C(F)(F)F,C(C)[N+]1=CN(C=C1)C,C(F)F,Table S3. VLE HFCs
31,31,[emim],[BEI],R32,283.15,0.1,0.145,FC(F)(F)C(F)(F)S(=O)(=O)[N-]S(=O)(=O)C(F)(F)C(F)(F)F,C(C)[N+]1=CN(C=C1)C,C(F)F,Table S3. VLE HFCs
32,32,[emim],[BEI],R32,283.15,0.2495,0.325,FC(F)(F)C(F)(F)S(=O)(=O)[N-]S(=O)(=O)C(F)(F)C(F)(F)F,C(C)[N+]1=CN(C=C1)C,C(F)F,Table S3. VLE HFCs
33,33,[emim],[BEI],R32,283.15,0.3995,0.47,FC(F)(F)C(F)(F)S(=O)(=O)[N-]S(=O)(=O)C(F)(F)C(F)(F)F,C(C)[N+]1=CN(C=C1)C,C(F)F,Table S3. VLE HFCs
34,34,[emim],[BEI],R32,283.15,0.5496,0.593,FC(F)(F)C(F)(F)S(=O)(=O)[N-]S(=O)(=O)C(F)(F)C(F)(F)F,C(C)[N+]1=CN(C=C1)C,C(F)F,Table S3. VLE HFCs
35,35,[emim],[BEI],R32,283.15,0.6994,0.703,FC(F)(F)C(F)(F)S(=O)(=O)[N-]S(=O)(=O)C(F)(F)C(F)(F)F,C(C)[N+]1=CN(C=C1)C,C(F)F,Table S3. VLE HFCs
36,36,[emim],[BEI],R32,283.15,0.8505,0.802,FC(F)(F)C(F)(F)S(=O)(=O)[N-]S(=O)(=O)C(F)(F)C(F)(F)F,C(C)[N+]1=CN(C=C1)C,C(F)F,Table S3. VLE HFCs
37,37,[emim],[BEI],R32,298.15,0.0096,0.01,FC(F)(F)C(F)(F)S(=O)(=O)[N-]S(=O)(=O)C(F)(F)C(F)(F)F,C(C)[N+]1=CN(C=C1)C,C(F)F,Table S3. VLE HFCs
38,38,[emim],[BEI],R32,298.15,0.0997,0.104,FC(F)(F)C(F)(F)S(=O)(=O)[N-]S(=O)(=O)C(F)(F)C(F)(F)F,C(C)[N+]1=CN(C=C1)C,C(F)F,Table S3. VLE HFCs
39,39,[emim],[BEI],R32,298.15,0.2496,0.238,FC(F)(F)C(F)(F)S(=O)(=O)[N-]S(=O)(=O)C(F)(F)C(F)(F)F,C(C)[N+]1=CN(C=C1)C,C(F)F,Table S3. VLE HFCs
40,40,[emim],[BEI],R32,298.15,0.3996,0.349,FC(F)(F)C(F)(F)S(=O)(=O)[N-]S(=O)(=O)C(F)(F)C(F)(F)F,C(C)[N+]1=CN(C=C1)C,C(F)F,Table S3. VLE HFCs
41,41,[emim],[BEI],R32,298.15,0.5493,0.445,FC(F)(F)C(F)(F)S(=O)(=O)[N-]S(=O)(=O)C(F)(F)C(F)(F)F,C(C)[N+]1=CN(C=C1)C,C(F)F,Table S3. VLE HFCs
42,42,[emim],[BEI],R32,298.15,0.6993,0.529,FC(F)(F)C(F)(F)S(=O)(=O)[N-]S(=O)(=O)C(F)(F)C(F)(F)F,C(C)[N+]1=CN(C=C1)C,C(F)F,Table S3. VLE HFCs
43,43,[emim],[BEI],R32,298.15,0.8503,0.603,FC(F)(F)C(F)(F)S(=O)(=O)[N-]S(=O)(=O)C(F)(F)C(F)(F)F,C(C)[N+]1=CN(C=C1)C,C(F)F,Table S3. VLE HFCs
44,44,[emim],[BEI],R32,298.15,1.0005,0.672,FC(F)(F)C(F)(F)S(=O)(=O)[N-]S(=O)(=O)C(F)(F)C(F)(F)F,C(C)[N+]1=CN(C=C1)C,C(F)F,Table S3. VLE HFCs
45,45,[emim],[BEI],R32,323.15,0.01,0.004,FC(F)(F)C(F)(F)S(=O)(=O)[N-]S(=O)(=O)C(F)(F)C(F)(F)F,C(C)[N+]1=CN(C=C1)C,C(F)F,Table S3. VLE HFCs
46,46,[emim],[BEI],R32,323.15,0.0997,0.059,FC(F)(F)C(F)(F)S(=O)(=O)[N-]S(=O)(=O)C(F)(F)C(F)(F)F,C(C)[N+]1=CN(C=C1)C,C(F)F,Table S3. VLE HFCs
47,47,[emim],[BEI],R32,323.15,0.2497,0.146,FC(F)(F)C(F)(F)S(=O)(=O)[N-]S(=O)(=O)C(F)(F)C(F)(F)F,C(C)[N+]1=CN(C=C1)C,C(F)F,Table S3. VLE HFCs
48,48,[emim],[BEI],R32,323.15,0.3996,0.221,FC(F)(F)C(F)(F)S(=O)(=O)[N-]S(=O)(=O)C(F)(F)C(F)(F)F,C(C)[N+]1=CN(C=C1)C,C(F)F,Table S3. VLE HFCs
49,49,[emim],[BEI],R32,323.15,0.5495,0.288,FC(F)(F)C(F)(F)S(=O)(=O)[N-]S(=O)(=O)C(F)(F)C(F)(F)F,C(C)[N+]1=CN(C=C1)C,C(F)F,Table S3. VLE HFCs
50,50,[emim],[BEI],R32,323.15,0.6995,0.348,FC(F)(F)C(F)(F)S(=O)(=O)[N-]S(=O)(=O)C(F)(F)C(F)(F)F,C(C)[N+]1=CN(C=C1)C,C(F)F,Table S3. VLE HFCs
51,51,[emim],[BEI],R32,323.15,0.8504,0.4029999999999999,FC(F)(F)C(F)(F)S(=O)(=O)[N-]S(=O)(=O)C(F)(F)C(F)(F)F,C(C)[N+]1=CN(C=C1)C,C(F)F,Table S3. VLE HFCs
52,52,[emim],[BEI],R32,323.15,0.9993,0.4539999999999999,FC(F)(F)C(F)(F)S(=O)(=O)[N-]S(=O)(=O)C(F)(F)C(F)(F)F,C(C)[N+]1=CN(C=C1)C,C(F)F,Table S3. VLE HFCs
53,53,[emim],[BEI],R32,348.05,0.0101,0.001,FC(F)(F)C(F)(F)S(=O)(=O)[N-]S(=O)(=O)C(F)(F)C(F)(F)F,C(C)[N+]1=CN(C=C1)C,C(F)F,Table S3. VLE HFCs
54,54,[emim],[BEI],R32,348.15,0.1,0.038,FC(F)(F)C(F)(F)S(=O)(=O)[N-]S(=O)(=O)C(F)(F)C(F)(F)F,C(C)[N+]1=CN(C=C1)C,C(F)F,Table S3. VLE HFCs
55,55,[emim],[BEI],R32,348.05,0.2501,0.095,FC(F)(F)C(F)(F)S(=O)(=O)[N-]S(=O)(=O)C(F)(F)C(F)(F)F,C(C)[N+]1=CN(C=C1)C,C(F)F,Table S3. VLE HFCs
56,56,[emim],[BEI],R32,348.05,0.3992,0.147,FC(F)(F)C(F)(F)S(=O)(=O)[N-]S(=O)(=O)C(F)(F)C(F)(F)F,C(C)[N+]1=CN(C=C1)C,C(F)F,Table S3. VLE HFCs
57,57,[emim],[BEI],R32,348.05,0.5496,0.196,FC(F)(F)C(F)(F)S(=O)(=O)[N-]S(=O)(=O)C(F)(F)C(F)(F)F,C(C)[N+]1=CN(C=C1)C,C(F)F,Table S3. VLE HFCs
58,58,[emim],[BEI],R32,348.05,0.6996,0.241,FC(F)(F)C(F)(F)S(=O)(=O)[N-]S(=O)(=O)C(F)(F)C(F)(F)F,C(C)[N+]1=CN(C=C1)C,C(F)F,Table S3. VLE HFCs
59,59,[emim],[BEI],R32,348.05,0.8504,0.283,FC(F)(F)C(F)(F)S(=O)(=O)[N-]S(=O)(=O)C(F)(F)C(F)(F)F,C(C)[N+]1=CN(C=C1)C,C(F)F,Table S3. VLE HFCs
60,60,[emim],[BEI],R32,348.05,0.9994,0.321,FC(F)(F)C(F)(F)S(=O)(=O)[N-]S(=O)(=O)C(F)(F)C(F)(F)F,C(C)[N+]1=CN(C=C1)C,C(F)F,Table S3. VLE HFCs
61,61,[emim],[BEI],R134,283.149,0.01,0.039,FC(F)(F)C(F)(F)S(=O)(=O)[N-]S(=O)(=O)C(F)(F)C(F)(F)F,C(C)[N+]1=CN(C=C1)C,FC(F)C(F)F,Table S3. VLE HFCs
62,62,[emim],[BEI],R134,283.123,0.05,0.236,FC(F)(F)C(F)(F)S(=O)(=O)[N-]S(=O)(=O)C(F)(F)C(F)(F)F,C(C)[N+]1=CN(C=C1)C,FC(F)C(F)F,Table S3. VLE HFCs
63,63,[emim],[BEI],R134,283.13199999999995,0.1,0.43,FC(F)(F)C(F)(F)S(=O)(=O)[N-]S(=O)(=O)C(F)(F)C(F)(F)F,C(C)[N+]1=CN(C=C1)C,FC(F)C(F)F,Table S3. VLE HFCs
64,64,[emim],[BEI],R134,283.149,0.15,0.584,FC(F)(F)C(F)(F)S(=O)(=O)[N-]S(=O)(=O)C(F)(F)C(F)(F)F,C(C)[N+]1=CN(C=C1)C,FC(F)C(F)F,Table S3. VLE HFCs
65,65,[emim],[BEI],R134,283.123,0.2,0.708,FC(F)(F)C(F)(F)S(=O)(=O)[N-]S(=O)(=O)C(F)(F)C(F)(F)F,C(C)[N+]1=CN(C=C1)C,FC(F)C(F)F,Table S3. VLE HFCs
66,66,[emim],[BEI],R134,283.149,0.25,0.823,FC(F)(F)C(F)(F)S(=O)(=O)[N-]S(=O)(=O)C(F)(F)C(F)(F)F,C(C)[N+]1=CN(C=C1)C,FC(F)C(F)F,Table S3. VLE HFCs
67,67,[emim],[BEI],R134,283.19199999999995,0.3,0.98,FC(F)(F)C(F)(F)S(=O)(=O)[N-]S(=O)(=O)C(F)(F)C(F)(F)F,C(C)[N+]1=CN(C=C1)C,FC(F)C(F)F,Table S3. VLE HFCs
68,68,[emim],[BEI],R134,298.212,0.01,0.038,FC(F)(F)C(F)(F)S(=O)(=O)[N-]S(=O)(=O)C(F)(F)C(F)(F)F,C(C)[N+]1=CN(C=C1)C,FC(F)C(F)F,Table S3. VLE HFCs
69,69,[emim],[BEI],R134,298.154,0.05,0.169,FC(F)(F)C(F)(F)S(=O)(=O)[N-]S(=O)(=O)C(F)(F)C(F)(F)F,C(C)[N+]1=CN(C=C1)C,FC(F)C(F)F,Table S3. VLE HFCs
70,70,[emim],[BEI],R134,298.154,0.1,0.305,FC(F)(F)C(F)(F)S(=O)(=O)[N-]S(=O)(=O)C(F)(F)C(F)(F)F,C(C)[N+]1=CN(C=C1)C,FC(F)C(F)F,Table S3. VLE HFCs
71,71,[emim],[BEI],R134,298.18699999999995,0.15,0.417,FC(F)(F)C(F)(F)S(=O)(=O)[N-]S(=O)(=O)C(F)(F)C(F)(F)F,C(C)[N+]1=CN(C=C1)C,FC(F)C(F)F,Table S3. VLE HFCs
72,72,[emim],[BEI],R134,298.128,0.2,0.518,FC(F)(F)C(F)(F)S(=O)(=O)[N-]S(=O)(=O)C(F)(F)C(F)(F)F,C(C)[N+]1=CN(C=C1)C,FC(F)C(F)F,Table S3. VLE HFCs
73,73,[emim],[BEI],R134,298.145,0.25,0.606,FC(F)(F)C(F)(F)S(=O)(=O)[N-]S(=O)(=O)C(F)(F)C(F)(F)F,C(C)[N+]1=CN(C=C1)C,FC(F)C(F)F,Table S3. VLE HFCs
74,74,[emim],[BEI],R134,298.229,0.3,0.677,FC(F)(F)C(F)(F)S(=O)(=O)[N-]S(=O)(=O)C(F)(F)C(F)(F)F,C(C)[N+]1=CN(C=C1)C,FC(F)C(F)F,Table S3. VLE HFCs
75,75,[emim],[BEI],R134,298.10299999999995,0.35,0.735,FC(F)(F)C(F)(F)S(=O)(=O)[N-]S(=O)(=O)C(F)(F)C(F)(F)F,C(C)[N+]1=CN(C=C1)C,FC(F)C(F)F,Table S3. VLE HFCs
76,76,[emim],[BEI],R134,323.148,0.011,0.019,FC(F)(F)C(F)(F)S(=O)(=O)[N-]S(=O)(=O)C(F)(F)C(F)(F)F,C(C)[N+]1=CN(C=C1)C,FC(F)C(F)F,Table S3. VLE HFCs
77,77,[emim],[BEI],R134,323.173,0.05,0.086,FC(F)(F)C(F)(F)S(=O)(=O)[N-]S(=O)(=O)C(F)(F)C(F)(F)F,C(C)[N+]1=CN(C=C1)C,FC(F)C(F)F,Table S3. VLE HFCs
78,78,[emim],[BEI],R134,323.148,0.1,0.162,FC(F)(F)C(F)(F)S(=O)(=O)[N-]S(=O)(=O)C(F)(F)C(F)(F)F,C(C)[N+]1=CN(C=C1)C,FC(F)C(F)F,Table S3. VLE HFCs
79,79,[emim],[BEI],R134,323.14,0.15,0.232,FC(F)(F)C(F)(F)S(=O)(=O)[N-]S(=O)(=O)C(F)(F)C(F)(F)F,C(C)[N+]1=CN(C=C1)C,FC(F)C(F)F,Table S3. VLE HFCs
80,80,[emim],[BEI],R134,323.14,0.2,0.295,FC(F)(F)C(F)(F)S(=O)(=O)[N-]S(=O)(=O)C(F)(F)C(F)(F)F,C(C)[N+]1=CN(C=C1)C,FC(F)C(F)F,Table S3. VLE HFCs
81,81,[emim],[BEI],R134,323.13199999999995,0.25,0.355,FC(F)(F)C(F)(F)S(=O)(=O)[N-]S(=O)(=O)C(F)(F)C(F)(F)F,C(C)[N+]1=CN(C=C1)C,FC(F)C(F)F,Table S3. VLE HFCs
82,82,[emim],[BEI],R134,323.13199999999995,0.3,0.407,FC(F)(F)C(F)(F)S(=O)(=O)[N-]S(=O)(=O)C(F)(F)C(F)(F)F,C(C)[N+]1=CN(C=C1)C,FC(F)C(F)F,Table S3. VLE HFCs
83,83,[emim],[BEI],R134,323.148,0.349,0.46,FC(F)(F)C(F)(F)S(=O)(=O)[N-]S(=O)(=O)C(F)(F)C(F)(F)F,C(C)[N+]1=CN(C=C1)C,FC(F)C(F)F,Table S3. VLE HFCs
84,84,[emim],[BEI],R134,348.164,0.011,0.01,FC(F)(F)C(F)(F)S(=O)(=O)[N-]S(=O)(=O)C(F)(F)C(F)(F)F,C(C)[N+]1=CN(C=C1)C,FC(F)C(F)F,Table S3. VLE HFCs
85,85,[emim],[BEI],R134,348.148,0.05,0.048,FC(F)(F)C(F)(F)S(=O)(=O)[N-]S(=O)(=O)C(F)(F)C(F)(F)F,C(C)[N+]1=CN(C=C1)C,FC(F)C(F)F,Table S3. VLE HFCs
86,86,[emim],[BEI],R134,348.13199999999995,0.1,0.094,FC(F)(F)C(F)(F)S(=O)(=O)[N-]S(=O)(=O)C(F)(F)C(F)(F)F,C(C)[N+]1=CN(C=C1)C,FC(F)C(F)F,Table S3. VLE HFCs
87,87,[emim],[BEI],R134,348.123,0.15,0.136,FC(F)(F)C(F)(F)S(=O)(=O)[N-]S(=O)(=O)C(F)(F)C(F)(F)F,C(C)[N+]1=CN(C=C1)C,FC(F)C(F)F,Table S3. VLE HFCs
88,88,[emim],[BEI],R134,348.15599999999995,0.2,0.176,FC(F)(F)C(F)(F)S(=O)(=O)[N-]S(=O)(=O)C(F)(F)C(F)(F)F,C(C)[N+]1=CN(C=C1)C,FC(F)C(F)F,Table S3. VLE HFCs
89,89,[emim],[BEI],R134,348.15599999999995,0.25,0.215,FC(F)(F)C(F)(F)S(=O)(=O)[N-]S(=O)(=O)C(F)(F)C(F)(F)F,C(C)[N+]1=CN(C=C1)C,FC(F)C(F)F,Table S3. VLE HFCs
90,90,[emim],[BEI],R134,348.164,0.3,0.283,FC(F)(F)C(F)(F)S(=O)(=O)[N-]S(=O)(=O)C(F)(F)C(F)(F)F,C(C)[N+]1=CN(C=C1)C,FC(F)C(F)F,Table S3. VLE HFCs
91,91,[emim],[BEI],R134,348.14,0.35,0.371,FC(F)(F)C(F)(F)S(=O)(=O)[N-]S(=O)(=O)C(F)(F)C(F)(F)F,C(C)[N+]1=CN(C=C1)C,FC(F)C(F)F,Table S3. VLE HFCs
92,92,[emim],[BEI],R134a,283.1,0.0103,0.03,FC(F)(F)C(F)(F)S(=O)(=O)[N-]S(=O)(=O)C(F)(F)C(F)(F)F,C(C)[N+]1=CN(C=C1)C,C(C(F)(F)F)F,Table S3. VLE HFCs
93,93,[emim],[BEI],R134a,283.15,0.0504,0.1369999999999999,FC(F)(F)C(F)(F)S(=O)(=O)[N-]S(=O)(=O)C(F)(F)C(F)(F)F,C(C)[N+]1=CN(C=C1)C,C(C(F)(F)F)F,Table S3. VLE HFCs
94,94,[emim],[BEI],R134a,283.1,0.1003,0.258,FC(F)(F)C(F)(F)S(=O)(=O)[N-]S(=O)(=O)C(F)(F)C(F)(F)F,C(C)[N+]1=CN(C=C1)C,C(C(F)(F)F)F,Table S3. VLE HFCs
95,95,[emim],[BEI],R134a,283.15,0.1502,0.368,FC(F)(F)C(F)(F)S(=O)(=O)[N-]S(=O)(=O)C(F)(F)C(F)(F)F,C(C)[N+]1=CN(C=C1)C,C(C(F)(F)F)F,Table S3. VLE HFCs
96,96,[emim],[BEI],R134a,283.15,0.2001,0.473,FC(F)(F)C(F)(F)S(=O)(=O)[N-]S(=O)(=O)C(F)(F)C(F)(F)F,C(C)[N+]1=CN(C=C1)C,C(C(F)(F)F)F,Table S3. VLE HFCs
97,97,[emim],[BEI],R134a,283.1,0.2501,0.575,FC(F)(F)C(F)(F)S(=O)(=O)[N-]S(=O)(=O)C(F)(F)C(F)(F)F,C(C)[N+]1=CN(C=C1)C,C(C(F)(F)F)F,Table S3. VLE HFCs
98,98,[emim],[BEI],R134a,283.1,0.3004,0.6729999999999999,FC(F)(F)C(F)(F)S(=O)(=O)[N-]S(=O)(=O)C(F)(F)C(F)(F)F,C(C)[N+]1=CN(C=C1)C,C(C(F)(F)F)F,Table S3. VLE HFCs
99,99,[emim],[BEI],R134a,283.1,0.3505,0.795,FC(F)(F)C(F)(F)S(=O)(=O)[N-]S(=O)(=O)C(F)(F)C(F)(F)F,C(C)[N+]1=CN(C=C1)C,C(C(F)(F)F)F,Table S3. VLE HFCs
100,100,[emim],[BEI],R134a,298.05,0.0105,0.019,FC(F)(F)C(F)(F)S(=O)(=O)[N-]S(=O)(=O)C(F)(F)C(F)(F)F,C(C)[N+]1=CN(C=C1)C,C(C(F)(F)F)F,Table S3. VLE HFCs
101,101,[emim],[BEI],R134a,298.1,0.0505,0.086,FC(F)(F)C(F)(F)S(=O)(=O)[N-]S(=O)(=O)C(F)(F)C(F)(F)F,C(C)[N+]1=CN(C=C1)C,C(C(F)(F)F)F,Table S3. VLE HFCs
102,102,[emim],[BEI],R134a,298.1,0.1005,0.1639999999999999,FC(F)(F)C(F)(F)S(=O)(=O)[N-]S(=O)(=O)C(F)(F)C(F)(F)F,C(C)[N+]1=CN(C=C1)C,C(C(F)(F)F)F,Table S3. VLE HFCs
103,103,[emim],[BEI],R134a,298.1,0.1504,0.236,FC(F)(F)C(F)(F)S(=O)(=O)[N-]S(=O)(=O)C(F)(F)C(F)(F)F,C(C)[N+]1=CN(C=C1)C,C(C(F)(F)F)F,Table S3. VLE HFCs
104,104,[emim],[BEI],R134a,298.1,0.2004,0.305,FC(F)(F)C(F)(F)S(=O)(=O)[N-]S(=O)(=O)C(F)(F)C(F)(F)F,C(C)[N+]1=CN(C=C1)C,C(C(F)(F)F)F,Table S3. VLE HFCs
105,105,[emim],[BEI],R134a,298.1,0.2503,0.37,FC(F)(F)C(F)(F)S(=O)(=O)[N-]S(=O)(=O)C(F)(F)C(F)(F)F,C(C)[N+]1=CN(C=C1)C,C(C(F)(F)F)F,Table S3. VLE HFCs
106,106,[emim],[BEI],R134a,298.1,0.3004,0.432,FC(F)(F)C(F)(F)S(=O)(=O)[N-]S(=O)(=O)C(F)(F)C(F)(F)F,C(C)[N+]1=CN(C=C1)C,C(C(F)(F)F)F,Table S3. VLE HFCs
107,107,[emim],[BEI],R134a,298.05,0.3505,0.491,FC(F)(F)C(F)(F)S(=O)(=O)[N-]S(=O)(=O)C(F)(F)C(F)(F)F,C(C)[N+]1=CN(C=C1)C,C(C(F)(F)F)F,Table S3. VLE HFCs
108,108,[emim],[BEI],R134a,323.15,0.0105,0.011,FC(F)(F)C(F)(F)S(=O)(=O)[N-]S(=O)(=O)C(F)(F)C(F)(F)F,C(C)[N+]1=CN(C=C1)C,C(C(F)(F)F)F,Table S3. VLE HFCs
109,109,[emim],[BEI],R134a,323.15,0.0505,0.046,FC(F)(F)C(F)(F)S(=O)(=O)[N-]S(=O)(=O)C(F)(F)C(F)(F)F,C(C)[N+]1=CN(C=C1)C,C(C(F)(F)F)F,Table S3. VLE HFCs
110,110,[emim],[BEI],R134a,323.15,0.1004,0.089,FC(F)(F)C(F)(F)S(=O)(=O)[N-]S(=O)(=O)C(F)(F)C(F)(F)F,C(C)[N+]1=CN(C=C1)C,C(C(F)(F)F)F,Table S3. VLE HFCs
111,111,[emim],[BEI],R134a,323.15,0.1505,0.13,FC(F)(F)C(F)(F)S(=O)(=O)[N-]S(=O)(=O)C(F)(F)C(F)(F)F,C(C)[N+]1=CN(C=C1)C,C(C(F)(F)F)F,Table S3. VLE HFCs
112,112,[emim],[BEI],R134a,323.15,0.2004,0.1689999999999999,FC(F)(F)C(F)(F)S(=O)(=O)[N-]S(=O)(=O)C(F)(F)C(F)(F)F,C(C)[N+]1=CN(C=C1)C,C(C(F)(F)F)F,Table S3. VLE HFCs
113,113,[emim],[BEI],R134a,323.15,0.2503,0.207,FC(F)(F)C(F)(F)S(=O)(=O)[N-]S(=O)(=O)C(F)(F)C(F)(F)F,C(C)[N+]1=CN(C=C1)C,C(C(F)(F)F)F,Table S3. VLE HFCs
114,114,[emim],[BEI],R134a,323.15,0.3003,0.243,FC(F)(F)C(F)(F)S(=O)(=O)[N-]S(=O)(=O)C(F)(F)C(F)(F)F,C(C)[N+]1=CN(C=C1)C,C(C(F)(F)F)F,Table S3. VLE HFCs
115,115,[emim],[BEI],R134a,323.15,0.3504,0.278,FC(F)(F)C(F)(F)S(=O)(=O)[N-]S(=O)(=O)C(F)(F)C(F)(F)F,C(C)[N+]1=CN(C=C1)C,C(C(F)(F)F)F,Table S3. VLE HFCs
116,116,[emim],[BEI],R134a,348.1,0.0104,0.006,FC(F)(F)C(F)(F)S(=O)(=O)[N-]S(=O)(=O)C(F)(F)C(F)(F)F,C(C)[N+]1=CN(C=C1)C,C(C(F)(F)F)F,Table S3. VLE HFCs
117,117,[emim],[BEI],R134a,348.1,0.0506,0.027,FC(F)(F)C(F)(F)S(=O)(=O)[N-]S(=O)(=O)C(F)(F)C(F)(F)F,C(C)[N+]1=CN(C=C1)C,C(C(F)(F)F)F,Table S3. VLE HFCs
118,118,[emim],[BEI],R134a,348.1,0.1004,0.053,FC(F)(F)C(F)(F)S(=O)(=O)[N-]S(=O)(=O)C(F)(F)C(F)(F)F,C(C)[N+]1=CN(C=C1)C,C(C(F)(F)F)F,Table S3. VLE HFCs
119,119,[emim],[BEI],R134a,348.1,0.1504,0.079,FC(F)(F)C(F)(F)S(=O)(=O)[N-]S(=O)(=O)C(F)(F)C(F)(F)F,C(C)[N+]1=CN(C=C1)C,C(C(F)(F)F)F,Table S3. VLE HFCs
120,120,[emim],[BEI],R134a,348.1,0.2004,0.103,FC(F)(F)C(F)(F)S(=O)(=O)[N-]S(=O)(=O)C(F)(F)C(F)(F)F,C(C)[N+]1=CN(C=C1)C,C(C(F)(F)F)F,Table S3. VLE HFCs
121,121,[emim],[BEI],R134a,348.05,0.2496,0.126,FC(F)(F)C(F)(F)S(=O)(=O)[N-]S(=O)(=O)C(F)(F)C(F)(F)F,C(C)[N+]1=CN(C=C1)C,C(C(F)(F)F)F,Table S3. VLE HFCs
122,122,[emim],[BEI],R134a,348.1,0.3005,0.149,FC(F)(F)C(F)(F)S(=O)(=O)[N-]S(=O)(=O)C(F)(F)C(F)(F)F,C(C)[N+]1=CN(C=C1)C,C(C(F)(F)F)F,Table S3. VLE HFCs
123,123,[emim],[BEI],R134a,348.05,0.3503,0.171,FC(F)(F)C(F)(F)S(=O)(=O)[N-]S(=O)(=O)C(F)(F)C(F)(F)F,C(C)[N+]1=CN(C=C1)C,C(C(F)(F)F)F,Table S3. VLE HFCs
124,124,[emim],[BF4],R32,283.15,0.0379,0.026,F[B-](F)(F)F,C(C)[N+]1=CN(C=C1)C,C(F)F,Table S3. VLE HFCs
125,125,[emim],[BF4],R32,283.15,0.251,0.1837,F[B-](F)(F)F,C(C)[N+]1=CN(C=C1)C,C(F)F,Table S3. VLE HFCs
126,126,[emim],[BF4],R32,283.15,0.3993,0.2869,F[B-](F)(F)F,C(C)[N+]1=CN(C=C1)C,C(F)F,Table S3. VLE HFCs
127,127,[emim],[BF4],R32,283.15,0.5031,0.3573,F[B-](F)(F)F,C(C)[N+]1=CN(C=C1)C,C(F)F,Table S3. VLE HFCs
128,128,[emim],[BF4],R32,283.15,0.5883,0.4155,F[B-](F)(F)F,C(C)[N+]1=CN(C=C1)C,C(F)F,Table S3. VLE HFCs
129,129,[emim],[BF4],R32,283.15,0.6549,0.46,F[B-](F)(F)F,C(C)[N+]1=CN(C=C1)C,C(F)F,Table S3. VLE HFCs
130,130,[emim],[BF4],R32,283.15,0.7079,0.4962,F[B-](F)(F)F,C(C)[N+]1=CN(C=C1)C,C(F)F,Table S3. VLE HFCs
131,131,[emim],[BF4],R32,283.15,0.7509,0.5245,F[B-](F)(F)F,C(C)[N+]1=CN(C=C1)C,C(F)F,Table S3. VLE HFCs
132,132,[emim],[BF4],R32,293.15,0.0369,0.0212,F[B-](F)(F)F,C(C)[N+]1=CN(C=C1)C,C(F)F,Table S3. VLE HFCs
133,133,[emim],[BF4],R32,293.15,0.1769,0.1012,F[B-](F)(F)F,C(C)[N+]1=CN(C=C1)C,C(F)F,Table S3. VLE HFCs
134,134,[emim],[BF4],R32,293.15,0.377,0.2099,F[B-](F)(F)F,C(C)[N+]1=CN(C=C1)C,C(F)F,Table S3. VLE HFCs
135,135,[emim],[BF4],R32,293.15,0.5156,0.2817,F[B-](F)(F)F,C(C)[N+]1=CN(C=C1)C,C(F)F,Table S3. VLE HFCs
136,136,[emim],[BF4],R32,293.15,0.6391,0.3443,F[B-](F)(F)F,C(C)[N+]1=CN(C=C1)C,C(F)F,Table S3. VLE HFCs
137,137,[emim],[BF4],R32,293.15,0.7524,0.3993,F[B-](F)(F)F,C(C)[N+]1=CN(C=C1)C,C(F)F,Table S3. VLE HFCs
138,138,[emim],[BF4],R32,293.15,0.8753,0.4582,F[B-](F)(F)F,C(C)[N+]1=CN(C=C1)C,C(F)F,Table S3. VLE HFCs
139,139,[emim],[BF4],R32,303.15,0.0459,0.0164,F[B-](F)(F)F,C(C)[N+]1=CN(C=C1)C,C(F)F,Table S3. VLE HFCs
140,140,[emim],[BF4],R32,303.15,0.2353,0.0961,F[B-](F)(F)F,C(C)[N+]1=CN(C=C1)C,C(F)F,Table S3. VLE HFCs
141,141,[emim],[BF4],R32,303.15,0.45,0.1831,F[B-](F)(F)F,C(C)[N+]1=CN(C=C1)C,C(F)F,Table S3. VLE HFCs
142,142,[emim],[BF4],R32,303.15,0.6267,0.2499,F[B-](F)(F)F,C(C)[N+]1=CN(C=C1)C,C(F)F,Table S3. VLE HFCs
143,143,[emim],[BF4],R32,303.15,0.7504,0.295,F[B-](F)(F)F,C(C)[N+]1=CN(C=C1)C,C(F)F,Table S3. VLE HFCs
144,144,[emim],[BF4],R32,303.15,0.8305,0.3262,F[B-](F)(F)F,C(C)[N+]1=CN(C=C1)C,C(F)F,Table S3. VLE HFCs
145,145,[emim],[BF4],R32,313.15,0.0482,0.0132,F[B-](F)(F)F,C(C)[N+]1=CN(C=C1)C,C(F)F,Table S3. VLE HFCs
146,146,[emim],[BF4],R32,313.15,0.1367,0.0409,F[B-](F)(F)F,C(C)[N+]1=CN(C=C1)C,C(F)F,Table S3. VLE HFCs
147,147,[emim],[BF4],R32,313.15,0.2502,0.0767,F[B-](F)(F)F,C(C)[N+]1=CN(C=C1)C,C(F)F,Table S3. VLE HFCs
148,148,[emim],[BF4],R32,313.15,0.4126,0.1262,F[B-](F)(F)F,C(C)[N+]1=CN(C=C1)C,C(F)F,Table S3. VLE HFCs
149,149,[emim],[BF4],R32,313.15,0.6648,0.1972,F[B-](F)(F)F,C(C)[N+]1=CN(C=C1)C,C(F)F,Table S3. VLE HFCs
150,150,[emim],[BF4],R32,313.15,0.8307,0.2423,F[B-](F)(F)F,C(C)[N+]1=CN(C=C1)C,C(F)F,Table S3. VLE HFCs
151,151,[emim],[BF4],R32,323.15,0.0552,0.014,F[B-](F)(F)F,C(C)[N+]1=CN(C=C1)C,C(F)F,Table S3. VLE HFCs
152,152,[emim],[BF4],R32,323.15,0.2468,0.0617,F[B-](F)(F)F,C(C)[N+]1=CN(C=C1)C,C(F)F,Table S3. VLE HFCs
153,153,[emim],[BF4],R32,323.15,0.4939,0.1162,F[B-](F)(F)F,C(C)[N+]1=CN(C=C1)C,C(F)F,Table S3. VLE HFCs
154,154,[emim],[BF4],R32,323.15,0.6768,0.1551,F[B-](F)(F)F,C(C)[N+]1=CN(C=C1)C,C(F)F,Table S3. VLE HFCs
155,155,[emim],[BF4],R32,323.15,0.8639,0.1926,F[B-](F)(F)F,C(C)[N+]1=CN(C=C1)C,C(F)F,Table S3. VLE HFCs
156,156,[emim],[BF4],R134a,283.15,0.0374,0.0213,F[B-](F)(F)F,C(C)[N+]1=CN(C=C1)C,C(C(F)(F)F)F,Table S3. VLE HFCs
157,157,[emim],[BF4],R134a,283.15,0.1261,0.0888,F[B-](F)(F)F,C(C)[N+]1=CN(C=C1)C,C(C(F)(F)F)F,Table S3. VLE HFCs
158,158,[emim],[BF4],R134a,283.15,0.1994,0.1538,F[B-](F)(F)F,C(C)[N+]1=CN(C=C1)C,C(C(F)(F)F)F,Table S3. VLE HFCs
159,159,[emim],[BF4],R134a,283.15,0.2517,0.2073,F[B-](F)(F)F,C(C)[N+]1=CN(C=C1)C,C(C(F)(F)F)F,Table S3. VLE HFCs
160,160,[emim],[BF4],R134a,283.15,0.2899,0.2519,F[B-](F)(F)F,C(C)[N+]1=CN(C=C1)C,C(C(F)(F)F)F,Table S3. VLE HFCs
161,161,[emim],[BF4],R134a,283.15,0.3182,0.2885,F[B-](F)(F)F,C(C)[N+]1=CN(C=C1)C,C(C(F)(F)F)F,Table S3. VLE HFCs
162,162,[emim],[BF4],R134a,283.15,0.34,0.3204,F[B-](F)(F)F,C(C)[N+]1=CN(C=C1)C,C(C(F)(F)F)F,Table S3. VLE HFCs
163,163,[emim],[BF4],R134a,283.15,0.3567,0.3473,F[B-](F)(F)F,C(C)[N+]1=CN(C=C1)C,C(C(F)(F)F)F,Table S3. VLE HFCs
164,164,[emim],[BF4],R134a,283.15,0.3697,0.3713,F[B-](F)(F)F,C(C)[N+]1=CN(C=C1)C,C(C(F)(F)F)F,Table S3. VLE HFCs
165,165,[emim],[BF4],R134a,283.15,0.3806,0.3915,F[B-](F)(F)F,C(C)[N+]1=CN(C=C1)C,C(C(F)(F)F)F,Table S3. VLE HFCs
166,166,[emim],[BF4],R134a,283.15,0.389,0.4096,F[B-](F)(F)F,C(C)[N+]1=CN(C=C1)C,C(C(F)(F)F)F,Table S3. VLE HFCs
167,167,[emim],[BF4],R134a,283.15,0.3956,0.4266,F[B-](F)(F)F,C(C)[N+]1=CN(C=C1)C,C(C(F)(F)F)F,Table S3. VLE HFCs
168,168,[emim],[BF4],R134a,293.15,0.043,0.0185,F[B-](F)(F)F,C(C)[N+]1=CN(C=C1)C,C(C(F)(F)F)F,Table S3. VLE HFCs
169,169,[emim],[BF4],R134a,293.15,0.1511,0.0761,F[B-](F)(F)F,C(C)[N+]1=CN(C=C1)C,C(C(F)(F)F)F,Table S3. VLE HFCs
170,170,[emim],[BF4],R134a,293.15,0.2439,0.1323,F[B-](F)(F)F,C(C)[N+]1=CN(C=C1)C,C(C(F)(F)F)F,Table S3. VLE HFCs
171,171,[emim],[BF4],R134a,293.15,0.3083,0.175,F[B-](F)(F)F,C(C)[N+]1=CN(C=C1)C,C(C(F)(F)F)F,Table S3. VLE HFCs
172,172,[emim],[BF4],R134a,293.15,0.3525,0.2076,F[B-](F)(F)F,C(C)[N+]1=CN(C=C1)C,C(C(F)(F)F)F,Table S3. VLE HFCs
173,173,[emim],[BF4],R134a,293.15,0.3866,0.2352,F[B-](F)(F)F,C(C)[N+]1=CN(C=C1)C,C(C(F)(F)F)F,Table S3. VLE HFCs
174,174,[emim],[BF4],R134a,303.15,0.0473,0.0168,F[B-](F)(F)F,C(C)[N+]1=CN(C=C1)C,C(C(F)(F)F)F,Table S3. VLE HFCs
175,175,[emim],[BF4],R134a,303.15,0.1574,0.0583,F[B-](F)(F)F,C(C)[N+]1=CN(C=C1)C,C(C(F)(F)F)F,Table S3. VLE HFCs
176,176,[emim],[BF4],R134a,303.15,0.2685,0.1029,F[B-](F)(F)F,C(C)[N+]1=CN(C=C1)C,C(C(F)(F)F)F,Table S3. VLE HFCs
177,177,[emim],[BF4],R134a,303.15,0.3402,0.1343,F[B-](F)(F)F,C(C)[N+]1=CN(C=C1)C,C(C(F)(F)F)F,Table S3. VLE HFCs
178,178,[emim],[BF4],R134a,303.15,0.3952,0.1607,F[B-](F)(F)F,C(C)[N+]1=CN(C=C1)C,C(C(F)(F)F)F,Table S3. VLE HFCs
179,179,[emim],[BF4],R134a,303.15,0.4335,0.1788,F[B-](F)(F)F,C(C)[N+]1=CN(C=C1)C,C(C(F)(F)F)F,Table S3. VLE HFCs
180,180,[emim],[BF4],R134a,313.15,0.052,0.0127,F[B-](F)(F)F,C(C)[N+]1=CN(C=C1)C,C(C(F)(F)F)F,Table S3. VLE HFCs
181,181,[emim],[BF4],R134a,313.15,0.18,0.0462,F[B-](F)(F)F,C(C)[N+]1=CN(C=C1)C,C(C(F)(F)F)F,Table S3. VLE HFCs
182,182,[emim],[BF4],R134a,313.15,0.2905,0.077,F[B-](F)(F)F,C(C)[N+]1=CN(C=C1)C,C(C(F)(F)F)F,Table S3. VLE HFCs
183,183,[emim],[BF4],R134a,313.15,0.3639,0.0988,F[B-](F)(F)F,C(C)[N+]1=CN(C=C1)C,C(C(F)(F)F)F,Table S3. VLE HFCs
184,184,[emim],[BF4],R134a,313.15,0.4161,0.1139,F[B-](F)(F)F,C(C)[N+]1=CN(C=C1)C,C(C(F)(F)F)F,Table S3. VLE HFCs
185,185,[emim],[BF4],R134a,313.15,0.4496,0.1245,F[B-](F)(F)F,C(C)[N+]1=CN(C=C1)C,C(C(F)(F)F)F,Table S3. VLE HFCs
186,186,[emim],[BF4],R134a,323.15,0.052,0.0104,F[B-](F)(F)F,C(C)[N+]1=CN(C=C1)C,C(C(F)(F)F)F,Table S3. VLE HFCs
187,187,[emim],[BF4],R134a,323.15,0.1856,0.0361,F[B-](F)(F)F,C(C)[N+]1=CN(C=C1)C,C(C(F)(F)F)F,Table S3. VLE HFCs
188,188,[emim],[BF4],R134a,323.15,0.3257,0.0634,F[B-](F)(F)F,C(C)[N+]1=CN(C=C1)C,C(C(F)(F)F)F,Table S3. VLE HFCs
189,189,[emim],[BF4],R134a,323.15,0.4084,0.0805,F[B-](F)(F)F,C(C)[N+]1=CN(C=C1)C,C(C(F)(F)F)F,Table S3. VLE HFCs
190,190,[emim],[BF4],R134a,323.15,0.459,0.0918,F[B-](F)(F)F,C(C)[N+]1=CN(C=C1)C,C(C(F)(F)F)F,Table S3. VLE HFCs
191,191,[emim],[BF4],R134a,323.15,0.4946,0.0986,F[B-](F)(F)F,C(C)[N+]1=CN(C=C1)C,C(C(F)(F)F)F,Table S3. VLE HFCs
192,192,[emim],[BF4],R125,313.15,0.646,0.0773,F[B-](F)(F)F,C(C)[N+]1=CN(C=C1)C,C(F)(F)(C(F)(F)F),Table S3. VLE HFCs
193,193,[emim],[BF4],R125,313.15,0.5900000000000001,0.0761,F[B-](F)(F)F,C(C)[N+]1=CN(C=C1)C,C(F)(F)(C(F)(F)F),Table S3. VLE HFCs
194,194,[emim],[BF4],R125,313.15,0.538,0.0721,F[B-](F)(F)F,C(C)[N+]1=CN(C=C1)C,C(F)(F)(C(F)(F)F),Table S3. VLE HFCs
195,195,[emim],[BF4],R125,313.15,0.4679999999999999,0.0624,F[B-](F)(F)F,C(C)[N+]1=CN(C=C1)C,C(F)(F)(C(F)(F)F),Table S3. VLE HFCs
196,196,[emim],[BF4],R125,313.15,0.41,0.057,F[B-](F)(F)F,C(C)[N+]1=CN(C=C1)C,C(F)(F)(C(F)(F)F),Table S3. VLE HFCs
197,197,[emim],[BF4],R125,313.15,0.3299999999999999,0.0459,F[B-](F)(F)F,C(C)[N+]1=CN(C=C1)C,C(F)(F)(C(F)(F)F),Table S3. VLE HFCs
198,198,[emim],[BF4],R125,313.15,0.229,0.0335,F[B-](F)(F)F,C(C)[N+]1=CN(C=C1)C,C(F)(F)(C(F)(F)F),Table S3. VLE HFCs
199,199,[emim],[BF4],R125,313.15,0.133,0.0223,F[B-](F)(F)F,C(C)[N+]1=CN(C=C1)C,C(F)(F)(C(F)(F)F),Table S3. VLE HFCs
200,200,[emim],[BF4],R125,333.15,0.75,0.0565,F[B-](F)(F)F,C(C)[N+]1=CN(C=C1)C,C(F)(F)(C(F)(F)F),Table S3. VLE HFCs
201,201,[emim],[BF4],R125,333.15,0.637,0.0512,F[B-](F)(F)F,C(C)[N+]1=CN(C=C1)C,C(F)(F)(C(F)(F)F),Table S3. VLE HFCs
202,202,[emim],[BF4],R125,333.15,0.5860000000000001,0.0465,F[B-](F)(F)F,C(C)[N+]1=CN(C=C1)C,C(F)(F)(C(F)(F)F),Table S3. VLE HFCs
203,203,[emim],[BF4],R125,333.15,0.516,0.0421,F[B-](F)(F)F,C(C)[N+]1=CN(C=C1)C,C(F)(F)(C(F)(F)F),Table S3. VLE HFCs
204,204,[emim],[BF4],R125,333.15,0.392,0.0347,F[B-](F)(F)F,C(C)[N+]1=CN(C=C1)C,C(F)(F)(C(F)(F)F),Table S3. VLE HFCs
205,205,[emim],[BF4],R125,333.15,0.293,0.0279,F[B-](F)(F)F,C(C)[N+]1=CN(C=C1)C,C(F)(F)(C(F)(F)F),Table S3. VLE HFCs
206,206,[emim],[BF4],R125,333.15,0.18,0.0188,F[B-](F)(F)F,C(C)[N+]1=CN(C=C1)C,C(F)(F)(C(F)(F)F),Table S3. VLE HFCs
207,207,[emim],[BF4],R125,333.15,0.096,0.0124,F[B-](F)(F)F,C(C)[N+]1=CN(C=C1)C,C(F)(F)(C(F)(F)F),Table S3. VLE HFCs
208,208,[emim],[BF4],R125,353.15,0.835,0.0469,F[B-](F)(F)F,C(C)[N+]1=CN(C=C1)C,C(F)(F)(C(F)(F)F),Table S3. VLE HFCs
209,209,[emim],[BF4],R125,353.15,0.739,0.0413,F[B-](F)(F)F,C(C)[N+]1=CN(C=C1)C,C(F)(F)(C(F)(F)F),Table S3. VLE HFCs
210,210,[emim],[BF4],R125,353.15,0.603,0.038,F[B-](F)(F)F,C(C)[N+]1=CN(C=C1)C,C(F)(F)(C(F)(F)F),Table S3. VLE HFCs
211,211,[emim],[BF4],R125,353.15,0.536,0.0321,F[B-](F)(F)F,C(C)[N+]1=CN(C=C1)C,C(F)(F)(C(F)(F)F),Table S3. VLE HFCs
212,212,[emim],[BF4],R125,353.15,0.4389999999999999,0.0277,F[B-](F)(F)F,C(C)[N+]1=CN(C=C1)C,C(F)(F)(C(F)(F)F),Table S3. VLE HFCs
213,213,[emim],[BF4],R125,353.15,0.345,0.0224,F[B-](F)(F)F,C(C)[N+]1=CN(C=C1)C,C(F)(F)(C(F)(F)F),Table S3. VLE HFCs
214,214,[emim],[BF4],R125,353.15,0.21,0.0156,F[B-](F)(F)F,C(C)[N+]1=CN(C=C1)C,C(F)(F)(C(F)(F)F),Table S3. VLE HFCs
215,215,[emim],[BF4],R125,353.15,0.132,0.0105,F[B-](F)(F)F,C(C)[N+]1=CN(C=C1)C,C(F)(F)(C(F)(F)F),Table S3. VLE HFCs
216,216,[emim],[BF4],R125,353.15,0.072,0.0076,F[B-](F)(F)F,C(C)[N+]1=CN(C=C1)C,C(F)(F)(C(F)(F)F),Table S3. VLE HFCs
217,217,[emim],[OTf],R32,273.21,0.101,0.123,FC(F)(F)S(=O)(=O)[O-],C(C)[N+]1=CN(C=C1)C,C(F)F,Table S3. VLE HFCs
218,218,[emim],[OTf],R32,273.14,0.195,0.204,FC(F)(F)S(=O)(=O)[O-],C(C)[N+]1=CN(C=C1)C,C(F)F,Table S3. VLE HFCs
219,219,[emim],[OTf],R32,273.15,0.297,0.285,FC(F)(F)S(=O)(=O)[O-],C(C)[N+]1=CN(C=C1)C,C(F)F,Table S3. VLE HFCs
220,220,[emim],[OTf],R32,273.16,0.399,0.369,FC(F)(F)S(=O)(=O)[O-],C(C)[N+]1=CN(C=C1)C,C(F)F,Table S3. VLE HFCs
221,221,[emim],[OTf],R32,273.16,0.494,0.446,FC(F)(F)S(=O)(=O)[O-],C(C)[N+]1=CN(C=C1)C,C(F)F,Table S3. VLE HFCs
222,222,[emim],[OTf],R32,273.19,0.59,0.531,FC(F)(F)S(=O)(=O)[O-],C(C)[N+]1=CN(C=C1)C,C(F)F,Table S3. VLE HFCs
223,223,[emim],[OTf],R32,273.16,0.692,0.63,FC(F)(F)S(=O)(=O)[O-],C(C)[N+]1=CN(C=C1)C,C(F)F,Table S3. VLE HFCs
224,224,[emim],[OTf],R32,298.16,0.102,0.061,FC(F)(F)S(=O)(=O)[O-],C(C)[N+]1=CN(C=C1)C,C(F)F,Table S3. VLE HFCs
225,225,[emim],[OTf],R32,298.14,0.204,0.116,FC(F)(F)S(=O)(=O)[O-],C(C)[N+]1=CN(C=C1)C,C(F)F,Table S3. VLE HFCs
226,226,[emim],[OTf],R32,298.14,0.305,0.174,FC(F)(F)S(=O)(=O)[O-],C(C)[N+]1=CN(C=C1)C,C(F)F,Table S3. VLE HFCs
227,227,[emim],[OTf],R32,298.15,0.397,0.224,FC(F)(F)S(=O)(=O)[O-],C(C)[N+]1=CN(C=C1)C,C(F)F,Table S3. VLE HFCs
228,228,[emim],[OTf],R32,298.12,0.505,0.274,FC(F)(F)S(=O)(=O)[O-],C(C)[N+]1=CN(C=C1)C,C(F)F,Table S3. VLE HFCs
229,229,[emim],[OTf],R32,298.16,0.603,0.321,FC(F)(F)S(=O)(=O)[O-],C(C)[N+]1=CN(C=C1)C,C(F)F,Table S3. VLE HFCs
230,230,[emim],[OTf],R32,298.15,0.698,0.363,FC(F)(F)S(=O)(=O)[O-],C(C)[N+]1=CN(C=C1)C,C(F)F,Table S3. VLE HFCs
231,231,[emim],[OTf],R32,298.16,0.799,0.407,FC(F)(F)S(=O)(=O)[O-],C(C)[N+]1=CN(C=C1)C,C(F)F,Table S3. VLE HFCs
232,232,[emim],[OTf],R32,298.11,0.857,0.432,FC(F)(F)S(=O)(=O)[O-],C(C)[N+]1=CN(C=C1)C,C(F)F,Table S3. VLE HFCs
233,233,[emim],[OTf],R32,323.13,0.097,0.039,FC(F)(F)S(=O)(=O)[O-],C(C)[N+]1=CN(C=C1)C,C(F)F,Table S3. VLE HFCs
234,234,[emim],[OTf],R32,323.2,0.195,0.073,FC(F)(F)S(=O)(=O)[O-],C(C)[N+]1=CN(C=C1)C,C(F)F,Table S3. VLE HFCs
235,235,[emim],[OTf],R32,323.2,0.303,0.109,FC(F)(F)S(=O)(=O)[O-],C(C)[N+]1=CN(C=C1)C,C(F)F,Table S3. VLE HFCs
236,236,[emim],[OTf],R32,323.16,0.399,0.135,FC(F)(F)S(=O)(=O)[O-],C(C)[N+]1=CN(C=C1)C,C(F)F,Table S3. VLE HFCs
237,237,[emim],[OTf],R32,323.14,0.501,0.171,FC(F)(F)S(=O)(=O)[O-],C(C)[N+]1=CN(C=C1)C,C(F)F,Table S3. VLE HFCs
238,238,[emim],[OTf],R32,323.17,0.598,0.197,FC(F)(F)S(=O)(=O)[O-],C(C)[N+]1=CN(C=C1)C,C(F)F,Table S3. VLE HFCs
239,239,[emim],[OTf],R32,348.14,0.107,0.029,FC(F)(F)S(=O)(=O)[O-],C(C)[N+]1=CN(C=C1)C,C(F)F,Table S3. VLE HFCs
240,240,[emim],[OTf],R32,348.16,0.209,0.052,FC(F)(F)S(=O)(=O)[O-],C(C)[N+]1=CN(C=C1)C,C(F)F,Table S3. VLE HFCs
241,241,[emim],[OTf],R32,348.16,0.311,0.075,FC(F)(F)S(=O)(=O)[O-],C(C)[N+]1=CN(C=C1)C,C(F)F,Table S3. VLE HFCs
242,242,[emim],[OTf],R32,348.15,0.408,0.096,FC(F)(F)S(=O)(=O)[O-],C(C)[N+]1=CN(C=C1)C,C(F)F,Table S3. VLE HFCs
243,243,[emim],[OTf],R32,348.15,0.51,0.114,FC(F)(F)S(=O)(=O)[O-],C(C)[N+]1=CN(C=C1)C,C(F)F,Table S3. VLE HFCs
244,244,[emim],[OTf],R32,303.15,0.0402,0.0229,FC(F)(F)S(=O)(=O)[O-],C(C)[N+]1=CN(C=C1)C,C(F)F,Table S3. VLE HFCs
245,245,[emim],[OTf],R32,303.15,0.0902,0.0526,FC(F)(F)S(=O)(=O)[O-],C(C)[N+]1=CN(C=C1)C,C(F)F,Table S3. VLE HFCs
246,246,[emim],[OTf],R32,303.15,0.1536,0.0889,FC(F)(F)S(=O)(=O)[O-],C(C)[N+]1=CN(C=C1)C,C(F)F,Table S3. VLE HFCs
247,247,[emim],[OTf],R32,303.15,0.2307,0.1309,FC(F)(F)S(=O)(=O)[O-],C(C)[N+]1=CN(C=C1)C,C(F)F,Table S3. VLE HFCs
248,248,[emim],[OTf],R32,303.15,0.3117,0.1723,FC(F)(F)S(=O)(=O)[O-],C(C)[N+]1=CN(C=C1)C,C(F)F,Table S3. VLE HFCs
249,249,[emim],[OTf],R32,303.15,0.3908,0.2136,FC(F)(F)S(=O)(=O)[O-],C(C)[N+]1=CN(C=C1)C,C(F)F,Table S3. VLE HFCs
250,250,[emim],[OTf],R32,303.15,0.444,0.238,FC(F)(F)S(=O)(=O)[O-],C(C)[N+]1=CN(C=C1)C,C(F)F,Table S3. VLE HFCs
251,251,[emim],[OTf],R32,303.15,0.5093,0.2689,FC(F)(F)S(=O)(=O)[O-],C(C)[N+]1=CN(C=C1)C,C(F)F,Table S3. VLE HFCs
252,252,[emim],[OTf],R32,298.15,0.0492,0.0296,FC(F)(F)S(=O)(=O)[O-],C(C)[N+]1=CN(C=C1)C,C(F)F,Table S3. VLE HFCs
253,253,[emim],[OTf],R32,298.15,0.0561,0.0336,FC(F)(F)S(=O)(=O)[O-],C(C)[N+]1=CN(C=C1)C,C(F)F,Table S3. VLE HFCs
254,254,[emim],[OTf],R32,298.15,0.1729,0.1007,FC(F)(F)S(=O)(=O)[O-],C(C)[N+]1=CN(C=C1)C,C(F)F,Table S3. VLE HFCs
255,255,[emim],[OTf],R32,298.15,0.2522,0.1481,FC(F)(F)S(=O)(=O)[O-],C(C)[N+]1=CN(C=C1)C,C(F)F,Table S3. VLE HFCs
256,256,[emim],[OTf],R32,298.15,0.3015,0.1679,FC(F)(F)S(=O)(=O)[O-],C(C)[N+]1=CN(C=C1)C,C(F)F,Table S3. VLE HFCs
257,257,[emim],[OTf],R32,298.15,0.4404,0.2469,FC(F)(F)S(=O)(=O)[O-],C(C)[N+]1=CN(C=C1)C,C(F)F,Table S3. VLE HFCs
258,258,[emim],[OTf],R152a,273.22,0.04,0.049,FC(F)(F)S(=O)(=O)[O-],C(C)[N+]1=CN(C=C1)C,CC(F)F,Table S3. VLE HFCs
259,259,[emim],[OTf],R152a,273.24,0.074,0.108,FC(F)(F)S(=O)(=O)[O-],C(C)[N+]1=CN(C=C1)C,CC(F)F,Table S3. VLE HFCs
260,260,[emim],[OTf],R152a,273.25,0.157,0.269,FC(F)(F)S(=O)(=O)[O-],C(C)[N+]1=CN(C=C1)C,CC(F)F,Table S3. VLE HFCs
261,261,[emim],[OTf],R152a,273.16,0.198,0.376,FC(F)(F)S(=O)(=O)[O-],C(C)[N+]1=CN(C=C1)C,CC(F)F,Table S3. VLE HFCs
262,262,[emim],[OTf],R152a,298.15,0.096,0.066,FC(F)(F)S(=O)(=O)[O-],C(C)[N+]1=CN(C=C1)C,CC(F)F,Table S3. VLE HFCs
263,263,[emim],[OTf],R152a,298.15,0.173,0.135,FC(F)(F)S(=O)(=O)[O-],C(C)[N+]1=CN(C=C1)C,CC(F)F,Table S3. VLE HFCs
264,264,[emim],[OTf],R152a,298.15,0.279,0.255,FC(F)(F)S(=O)(=O)[O-],C(C)[N+]1=CN(C=C1)C,CC(F)F,Table S3. VLE HFCs
265,265,[emim],[OTf],R152a,298.14,0.386,0.369,FC(F)(F)S(=O)(=O)[O-],C(C)[N+]1=CN(C=C1)C,CC(F)F,Table S3. VLE HFCs
266,266,[emim],[OTf],R152a,298.15,0.454,0.452,FC(F)(F)S(=O)(=O)[O-],C(C)[N+]1=CN(C=C1)C,CC(F)F,Table S3. VLE HFCs
267,267,[emim],[OTf],R152a,323.14,0.116,0.061,FC(F)(F)S(=O)(=O)[O-],C(C)[N+]1=CN(C=C1)C,CC(F)F,Table S3. VLE HFCs
268,268,[emim],[OTf],R152a,323.13,0.24,0.143,FC(F)(F)S(=O)(=O)[O-],C(C)[N+]1=CN(C=C1)C,CC(F)F,Table S3. VLE HFCs
269,269,[emim],[OTf],R152a,323.15,0.314,0.194,FC(F)(F)S(=O)(=O)[O-],C(C)[N+]1=CN(C=C1)C,CC(F)F,Table S3. VLE HFCs
270,270,[emim],[OTf],R152a,323.14,0.368,0.226,FC(F)(F)S(=O)(=O)[O-],C(C)[N+]1=CN(C=C1)C,CC(F)F,Table S3. VLE HFCs
271,271,[emim],[OTf],R152a,323.16,0.447,0.282,FC(F)(F)S(=O)(=O)[O-],C(C)[N+]1=CN(C=C1)C,CC(F)F,Table S3. VLE HFCs
272,272,[emim],[OTf],R152a,323.2,0.528,0.332,FC(F)(F)S(=O)(=O)[O-],C(C)[N+]1=CN(C=C1)C,CC(F)F,Table S3. VLE HFCs
273,273,[emim],[OTf],R152a,323.14,0.756,0.473,FC(F)(F)S(=O)(=O)[O-],C(C)[N+]1=CN(C=C1)C,CC(F)F,Table S3. VLE HFCs
274,274,[emim],[OTf],R152a,348.15,0.111,0.048,FC(F)(F)S(=O)(=O)[O-],C(C)[N+]1=CN(C=C1)C,CC(F)F,Table S3. VLE HFCs
275,275,[emim],[OTf],R152a,348.14,0.204,0.088,FC(F)(F)S(=O)(=O)[O-],C(C)[N+]1=CN(C=C1)C,CC(F)F,Table S3. VLE HFCs
276,276,[emim],[OTf],R152a,348.17,0.308,0.14,FC(F)(F)S(=O)(=O)[O-],C(C)[N+]1=CN(C=C1)C,CC(F)F,Table S3. VLE HFCs
277,277,[emim],[OTf],R152a,348.17,0.423,0.202,FC(F)(F)S(=O)(=O)[O-],C(C)[N+]1=CN(C=C1)C,CC(F)F,Table S3. VLE HFCs
278,278,[emim],[OTf],R152a,348.16,0.519,0.259,FC(F)(F)S(=O)(=O)[O-],C(C)[N+]1=CN(C=C1)C,CC(F)F,Table S3. VLE HFCs
279,279,[emim],[OTf],R152a,348.16,0.645,0.325,FC(F)(F)S(=O)(=O)[O-],C(C)[N+]1=CN(C=C1)C,CC(F)F,Table S3. VLE HFCs
280,280,[emim],[OTf],R152a,348.16,0.741,0.371,FC(F)(F)S(=O)(=O)[O-],C(C)[N+]1=CN(C=C1)C,CC(F)F,Table S3. VLE HFCs
281,281,[emim],[OTf],R152a,348.16,0.848,0.429,FC(F)(F)S(=O)(=O)[O-],C(C)[N+]1=CN(C=C1)C,CC(F)F,Table S3. VLE HFCs
282,282,[emim],[OTf],R134a,303.15,0.046,0.0369,FC(F)(F)S(=O)(=O)[O-],C(C)[N+]1=CN(C=C1)C,C(C(F)(F)F)F,Table S3. VLE HFCs
283,283,[emim],[OTf],R134a,303.15,0.0852,0.0566,FC(F)(F)S(=O)(=O)[O-],C(C)[N+]1=CN(C=C1)C,C(C(F)(F)F)F,Table S3. VLE HFCs
284,284,[emim],[OTf],R134a,303.15,0.1498,0.1067,FC(F)(F)S(=O)(=O)[O-],C(C)[N+]1=CN(C=C1)C,C(C(F)(F)F)F,Table S3. VLE HFCs
285,285,[emim],[OTf],R134a,303.15,0.2079,0.1408,FC(F)(F)S(=O)(=O)[O-],C(C)[N+]1=CN(C=C1)C,C(C(F)(F)F)F,Table S3. VLE HFCs
286,286,[emim],[OTf],R134a,303.15,0.2548,0.1792,FC(F)(F)S(=O)(=O)[O-],C(C)[N+]1=CN(C=C1)C,C(C(F)(F)F)F,Table S3. VLE HFCs
287,287,[emim],[OTf],R134a,303.15,0.3089,0.2102,FC(F)(F)S(=O)(=O)[O-],C(C)[N+]1=CN(C=C1)C,C(C(F)(F)F)F,Table S3. VLE HFCs
288,288,[emim],[OTf],R134a,303.15,0.3468,0.2427,FC(F)(F)S(=O)(=O)[O-],C(C)[N+]1=CN(C=C1)C,C(C(F)(F)F)F,Table S3. VLE HFCs
289,289,[emim],[OTf],R134a,303.15,0.404,0.278,FC(F)(F)S(=O)(=O)[O-],C(C)[N+]1=CN(C=C1)C,C(C(F)(F)F)F,Table S3. VLE HFCs
290,290,[emim],[OTf],R134a,303.15,0.4493,0.3167,FC(F)(F)S(=O)(=O)[O-],C(C)[N+]1=CN(C=C1)C,C(C(F)(F)F)F,Table S3. VLE HFCs
291,291,[emim],[OTf],R134a,303.15,0.4994,0.3518,FC(F)(F)S(=O)(=O)[O-],C(C)[N+]1=CN(C=C1)C,C(C(F)(F)F)F,Table S3. VLE HFCs
292,292,[emim],[OTf],R134a,283.15,0.0308,0.0381,FC(F)(F)S(=O)(=O)[O-],C(C)[N+]1=CN(C=C1)C,C(C(F)(F)F)F,Table S3. VLE HFCs
293,293,[emim],[OTf],R134a,283.15,0.0902,0.1151,FC(F)(F)S(=O)(=O)[O-],C(C)[N+]1=CN(C=C1)C,C(C(F)(F)F)F,Table S3. VLE HFCs
294,294,[emim],[OTf],R134a,283.15,0.1639,0.2133,FC(F)(F)S(=O)(=O)[O-],C(C)[N+]1=CN(C=C1)C,C(C(F)(F)F)F,Table S3. VLE HFCs
295,295,[emim],[OTf],R134a,283.15,0.2149,0.2842,FC(F)(F)S(=O)(=O)[O-],C(C)[N+]1=CN(C=C1)C,C(C(F)(F)F)F,Table S3. VLE HFCs
296,296,[emim],[OTf],R134a,283.15,0.2522,0.3392,FC(F)(F)S(=O)(=O)[O-],C(C)[N+]1=CN(C=C1)C,C(C(F)(F)F)F,Table S3. VLE HFCs
297,297,[emim],[OTf],R134a,283.15,0.2804,0.3833,FC(F)(F)S(=O)(=O)[O-],C(C)[N+]1=CN(C=C1)C,C(C(F)(F)F)F,Table S3. VLE HFCs
298,298,[emim],[OTf],R134a,283.15,0.3027,0.4208,FC(F)(F)S(=O)(=O)[O-],C(C)[N+]1=CN(C=C1)C,C(C(F)(F)F)F,Table S3. VLE HFCs
299,299,[emim],[OTf],R134a,293.15,0.0347,0.0298,FC(F)(F)S(=O)(=O)[O-],C(C)[N+]1=CN(C=C1)C,C(C(F)(F)F)F,Table S3. VLE HFCs
300,300,[emim],[OTf],R134a,293.15,0.1018,0.091,FC(F)(F)S(=O)(=O)[O-],C(C)[N+]1=CN(C=C1)C,C(C(F)(F)F)F,Table S3. VLE HFCs
301,301,[emim],[OTf],R134a,293.15,0.1921,0.1747,FC(F)(F)S(=O)(=O)[O-],C(C)[N+]1=CN(C=C1)C,C(C(F)(F)F)F,Table S3. VLE HFCs
302,302,[emim],[OTf],R134a,293.15,0.2557,0.2353,FC(F)(F)S(=O)(=O)[O-],C(C)[N+]1=CN(C=C1)C,C(C(F)(F)F)F,Table S3. VLE HFCs
303,303,[emim],[OTf],R134a,293.15,0.3029,0.2818,FC(F)(F)S(=O)(=O)[O-],C(C)[N+]1=CN(C=C1)C,C(C(F)(F)F)F,Table S3. VLE HFCs
304,304,[emim],[OTf],R134a,293.15,0.3369,0.3176,FC(F)(F)S(=O)(=O)[O-],C(C)[N+]1=CN(C=C1)C,C(C(F)(F)F)F,Table S3. VLE HFCs
305,305,[emim],[OTf],R134a,293.15,0.3653,0.3483,FC(F)(F)S(=O)(=O)[O-],C(C)[N+]1=CN(C=C1)C,C(C(F)(F)F)F,Table S3. VLE HFCs
306,306,[emim],[OTf],R134a,303.15,0.0396,0.0256,FC(F)(F)S(=O)(=O)[O-],C(C)[N+]1=CN(C=C1)C,C(C(F)(F)F)F,Table S3. VLE HFCs
307,307,[emim],[OTf],R134a,303.15,0.1109,0.072,FC(F)(F)S(=O)(=O)[O-],C(C)[N+]1=CN(C=C1)C,C(C(F)(F)F)F,Table S3. VLE HFCs
308,308,[emim],[OTf],R134a,303.15,0.2178,0.1403,FC(F)(F)S(=O)(=O)[O-],C(C)[N+]1=CN(C=C1)C,C(C(F)(F)F)F,Table S3. VLE HFCs
309,309,[emim],[OTf],R134a,303.15,0.2922,0.1891,FC(F)(F)S(=O)(=O)[O-],C(C)[N+]1=CN(C=C1)C,C(C(F)(F)F)F,Table S3. VLE HFCs
310,310,[emim],[OTf],R134a,303.15,0.3457,0.2254,FC(F)(F)S(=O)(=O)[O-],C(C)[N+]1=CN(C=C1)C,C(C(F)(F)F)F,Table S3. VLE HFCs
311,311,[emim],[OTf],R134a,303.15,0.3828,0.2513,FC(F)(F)S(=O)(=O)[O-],C(C)[N+]1=CN(C=C1)C,C(C(F)(F)F)F,Table S3. VLE HFCs
312,312,[emim],[OTf],R134a,313.15,0.0422,0.0193,FC(F)(F)S(=O)(=O)[O-],C(C)[N+]1=CN(C=C1)C,C(C(F)(F)F)F,Table S3. VLE HFCs
313,313,[emim],[OTf],R134a,313.15,0.1247,0.0574,FC(F)(F)S(=O)(=O)[O-],C(C)[N+]1=CN(C=C1)C,C(C(F)(F)F)F,Table S3. VLE HFCs
314,314,[emim],[OTf],R134a,313.15,0.2396,0.1096,FC(F)(F)S(=O)(=O)[O-],C(C)[N+]1=CN(C=C1)C,C(C(F)(F)F)F,Table S3. VLE HFCs
315,315,[emim],[OTf],R134a,313.15,0.3137,0.144,FC(F)(F)S(=O)(=O)[O-],C(C)[N+]1=CN(C=C1)C,C(C(F)(F)F)F,Table S3. VLE HFCs
316,316,[emim],[OTf],R134a,313.15,0.3674,0.1691,FC(F)(F)S(=O)(=O)[O-],C(C)[N+]1=CN(C=C1)C,C(C(F)(F)F)F,Table S3. VLE HFCs
317,317,[emim],[OTf],R134a,313.15,0.4049,0.1869,FC(F)(F)S(=O)(=O)[O-],C(C)[N+]1=CN(C=C1)C,C(C(F)(F)F)F,Table S3. VLE HFCs
318,318,[emim],[OTf],R134a,323.15,0.0513,0.0185,FC(F)(F)S(=O)(=O)[O-],C(C)[N+]1=CN(C=C1)C,C(C(F)(F)F)F,Table S3. VLE HFCs
319,319,[emim],[OTf],R134a,323.15,0.1392,0.05,FC(F)(F)S(=O)(=O)[O-],C(C)[N+]1=CN(C=C1)C,C(C(F)(F)F)F,Table S3. VLE HFCs
320,320,[emim],[OTf],R134a,323.15,0.2662,0.0942,FC(F)(F)S(=O)(=O)[O-],C(C)[N+]1=CN(C=C1)C,C(C(F)(F)F)F,Table S3. VLE HFCs
321,321,[emim],[OTf],R134a,323.15,0.3583,0.1257,FC(F)(F)S(=O)(=O)[O-],C(C)[N+]1=CN(C=C1)C,C(C(F)(F)F)F,Table S3. VLE HFCs
322,322,[emim],[OTf],R134a,323.15,0.4216,0.1475,FC(F)(F)S(=O)(=O)[O-],C(C)[N+]1=CN(C=C1)C,C(C(F)(F)F)F,Table S3. VLE HFCs
323,323,[emim],[OTf],R125,303.15,0.0245,0.0068,FC(F)(F)S(=O)(=O)[O-],C(C)[N+]1=CN(C=C1)C,C(F)(F)(C(F)(F)F),Table S3. VLE HFCs
324,324,[emim],[OTf],R125,303.15,0.0792,0.0211,FC(F)(F)S(=O)(=O)[O-],C(C)[N+]1=CN(C=C1)C,C(F)(F)(C(F)(F)F),Table S3. VLE HFCs
325,325,[emim],[OTf],R125,303.15,0.1503,0.0434,FC(F)(F)S(=O)(=O)[O-],C(C)[N+]1=CN(C=C1)C,C(F)(F)(C(F)(F)F),Table S3. VLE HFCs
326,326,[emim],[OTf],R125,303.15,0.2262,0.0639,FC(F)(F)S(=O)(=O)[O-],C(C)[N+]1=CN(C=C1)C,C(F)(F)(C(F)(F)F),Table S3. VLE HFCs
327,327,[emim],[OTf],R125,303.15,0.3126,0.0938,FC(F)(F)S(=O)(=O)[O-],C(C)[N+]1=CN(C=C1)C,C(F)(F)(C(F)(F)F),Table S3. VLE HFCs
328,328,[emim],[OTf],R125,303.15,0.4432,0.1371,FC(F)(F)S(=O)(=O)[O-],C(C)[N+]1=CN(C=C1)C,C(F)(F)(C(F)(F)F),Table S3. VLE HFCs
329,329,[emim],[OTf],R125,303.15,0.5087,0.1579,FC(F)(F)S(=O)(=O)[O-],C(C)[N+]1=CN(C=C1)C,C(F)(F)(C(F)(F)F),Table S3. VLE HFCs
330,330,[emim],[OTf],R125,303.15,0.6173,0.1904,FC(F)(F)S(=O)(=O)[O-],C(C)[N+]1=CN(C=C1)C,C(F)(F)(C(F)(F)F),Table S3. VLE HFCs
331,331,[emim],[PF6],R23,332.9,0.04997,0.003,F[P-](F)(F)(F)(F)F,C(C)[N+]1=CN(C=C1)C,C(F)(F)F,Table S3. VLE HFCs
332,332,[emim],[PF6],R23,332.9,0.09973,0.007,F[P-](F)(F)(F)(F)F,C(C)[N+]1=CN(C=C1)C,C(F)(F)F,Table S3. VLE HFCs
333,333,[emim],[PF6],R23,332.9,0.40026,0.03,F[P-](F)(F)(F)(F)F,C(C)[N+]1=CN(C=C1)C,C(F)(F)F,Table S3. VLE HFCs
334,334,[emim],[PF6],R23,332.9,0.69974,0.053,F[P-](F)(F)(F)(F)F,C(C)[N+]1=CN(C=C1)C,C(F)(F)F,Table S3. VLE HFCs
335,335,[emim],[PF6],R23,332.9,1.00001,0.076,F[P-](F)(F)(F)(F)F,C(C)[N+]1=CN(C=C1)C,C(F)(F)F,Table S3. VLE HFCs
336,336,[emim],[PF6],R23,333.0,1.2992,0.098,F[P-](F)(F)(F)(F)F,C(C)[N+]1=CN(C=C1)C,C(F)(F)F,Table S3. VLE HFCs
337,337,[emim],[PF6],R23,332.9,1.50002,0.113,F[P-](F)(F)(F)(F)F,C(C)[N+]1=CN(C=C1)C,C(F)(F)F,Table S3. VLE HFCs
338,338,[emim],[PF6],R23,332.9,1.9999,0.151,F[P-](F)(F)(F)(F)F,C(C)[N+]1=CN(C=C1)C,C(F)(F)F,Table S3. VLE HFCs
339,339,[emim],[PF6],R23,348.0,0.00965,0.001,F[P-](F)(F)(F)(F)F,C(C)[N+]1=CN(C=C1)C,C(F)(F)F,Table S3. VLE HFCs
340,340,[emim],[PF6],R23,347.9,0.04982,0.002,F[P-](F)(F)(F)(F)F,C(C)[N+]1=CN(C=C1)C,C(F)(F)F,Table S3. VLE HFCs
341,341,[emim],[PF6],R23,347.9,0.09998,0.006,F[P-](F)(F)(F)(F)F,C(C)[N+]1=CN(C=C1)C,C(F)(F)F,Table S3. VLE HFCs
342,342,[emim],[PF6],R23,347.9,0.40035,0.024,F[P-](F)(F)(F)(F)F,C(C)[N+]1=CN(C=C1)C,C(F)(F)F,Table S3. VLE HFCs
343,343,[emim],[PF6],R23,347.9,0.69933,0.04,F[P-](F)(F)(F)(F)F,C(C)[N+]1=CN(C=C1)C,C(F)(F)F,Table S3. VLE HFCs
344,344,[emim],[PF6],R23,347.9,1.00041,0.057,F[P-](F)(F)(F)(F)F,C(C)[N+]1=CN(C=C1)C,C(F)(F)F,Table S3. VLE HFCs
345,345,[emim],[PF6],R23,348.0,1.29969,0.074,F[P-](F)(F)(F)(F)F,C(C)[N+]1=CN(C=C1)C,C(F)(F)F,Table S3. VLE HFCs
346,346,[emim],[PF6],R23,347.9,1.50041,0.083,F[P-](F)(F)(F)(F)F,C(C)[N+]1=CN(C=C1)C,C(F)(F)F,Table S3. VLE HFCs
347,347,[emim],[PF6],R23,348.0,1.99939,0.116,F[P-](F)(F)(F)(F)F,C(C)[N+]1=CN(C=C1)C,C(F)(F)F,Table S3. VLE HFCs
348,348,[emim],[PFBS],R32,303.15,0.0283,0.0244,FC(F)(F)C(F)(F)C(F)(F)C(F)(F)S(=O)(=O)[O-],C(C)[N+]1=CN(C=C1)C,C(F)F,Table S3. VLE HFCs
349,349,[emim],[PFBS],R32,303.15,0.053,0.0478,FC(F)(F)C(F)(F)C(F)(F)C(F)(F)S(=O)(=O)[O-],C(C)[N+]1=CN(C=C1)C,C(F)F,Table S3. VLE HFCs
350,350,[emim],[PFBS],R32,303.15,0.093,0.0737,FC(F)(F)C(F)(F)C(F)(F)C(F)(F)S(=O)(=O)[O-],C(C)[N+]1=CN(C=C1)C,C(F)F,Table S3. VLE HFCs
351,351,[emim],[PFBS],R32,303.15,0.1598,0.1246,FC(F)(F)C(F)(F)C(F)(F)C(F)(F)S(=O)(=O)[O-],C(C)[N+]1=CN(C=C1)C,C(F)F,Table S3. VLE HFCs
352,352,[emim],[PFBS],R32,303.15,0.2071,0.1532,FC(F)(F)C(F)(F)C(F)(F)C(F)(F)S(=O)(=O)[O-],C(C)[N+]1=CN(C=C1)C,C(F)F,Table S3. VLE HFCs
353,353,[emim],[PFBS],R32,303.15,0.2709,0.1983,FC(F)(F)C(F)(F)C(F)(F)C(F)(F)S(=O)(=O)[O-],C(C)[N+]1=CN(C=C1)C,C(F)F,Table S3. VLE HFCs
354,354,[emim],[PFBS],R32,303.15,0.3246,0.2307,FC(F)(F)C(F)(F)C(F)(F)C(F)(F)S(=O)(=O)[O-],C(C)[N+]1=CN(C=C1)C,C(F)F,Table S3. VLE HFCs
355,355,[emim],[PFBS],R32,303.15,0.3733,0.2606,FC(F)(F)C(F)(F)C(F)(F)C(F)(F)S(=O)(=O)[O-],C(C)[N+]1=CN(C=C1)C,C(F)F,Table S3. VLE HFCs
356,356,[emim],[PFBS],R32,303.15,0.431,0.291,FC(F)(F)C(F)(F)C(F)(F)C(F)(F)S(=O)(=O)[O-],C(C)[N+]1=CN(C=C1)C,C(F)F,Table S3. VLE HFCs
357,357,[emim],[PFBS],R32,303.15,0.447,0.3,FC(F)(F)C(F)(F)C(F)(F)C(F)(F)S(=O)(=O)[O-],C(C)[N+]1=CN(C=C1)C,C(F)F,Table S3. VLE HFCs
358,358,[emim],[PFBS],R32,303.15,0.5025,0.3276,FC(F)(F)C(F)(F)C(F)(F)C(F)(F)S(=O)(=O)[O-],C(C)[N+]1=CN(C=C1)C,C(F)F,Table S3. VLE HFCs
359,359,[emim],[PFBS],R134a,303.15,0.0155,0.0271,FC(F)(F)C(F)(F)C(F)(F)C(F)(F)S(=O)(=O)[O-],C(C)[N+]1=CN(C=C1)C,C(C(F)(F)F)F,Table S3. VLE HFCs
360,360,[emim],[PFBS],R134a,303.15,0.0498,0.0547,FC(F)(F)C(F)(F)C(F)(F)C(F)(F)S(=O)(=O)[O-],C(C)[N+]1=CN(C=C1)C,C(C(F)(F)F)F,Table S3. VLE HFCs
361,361,[emim],[PFBS],R134a,303.15,0.0599,0.0789,FC(F)(F)C(F)(F)C(F)(F)C(F)(F)S(=O)(=O)[O-],C(C)[N+]1=CN(C=C1)C,C(C(F)(F)F)F,Table S3. VLE HFCs
362,362,[emim],[PFBS],R134a,303.15,0.0968,0.0967,FC(F)(F)C(F)(F)C(F)(F)C(F)(F)S(=O)(=O)[O-],C(C)[N+]1=CN(C=C1)C,C(C(F)(F)F)F,Table S3. VLE HFCs
363,363,[emim],[PFBS],R134a,303.15,0.1319,0.154,FC(F)(F)C(F)(F)C(F)(F)C(F)(F)S(=O)(=O)[O-],C(C)[N+]1=CN(C=C1)C,C(C(F)(F)F)F,Table S3. VLE HFCs
364,364,[emim],[PFBS],R134a,303.15,0.1921,0.2138,FC(F)(F)C(F)(F)C(F)(F)C(F)(F)S(=O)(=O)[O-],C(C)[N+]1=CN(C=C1)C,C(C(F)(F)F)F,Table S3. VLE HFCs
365,365,[emim],[PFBS],R134a,303.15,0.2221,0.2479,FC(F)(F)C(F)(F)C(F)(F)C(F)(F)S(=O)(=O)[O-],C(C)[N+]1=CN(C=C1)C,C(C(F)(F)F)F,Table S3. VLE HFCs
366,366,[emim],[PFBS],R134a,303.15,0.2697,0.2872,FC(F)(F)C(F)(F)C(F)(F)C(F)(F)S(=O)(=O)[O-],C(C)[N+]1=CN(C=C1)C,C(C(F)(F)F)F,Table S3. VLE HFCs
367,367,[emim],[PFBS],R134a,303.15,0.3134,0.329,FC(F)(F)C(F)(F)C(F)(F)C(F)(F)S(=O)(=O)[O-],C(C)[N+]1=CN(C=C1)C,C(C(F)(F)F)F,Table S3. VLE HFCs
368,368,[emim],[PFBS],R134a,303.15,0.3509,0.3588,FC(F)(F)C(F)(F)C(F)(F)C(F)(F)S(=O)(=O)[O-],C(C)[N+]1=CN(C=C1)C,C(C(F)(F)F)F,Table S3. VLE HFCs
369,369,[emim],[PFBS],R134a,303.15,0.4466,0.4422,FC(F)(F)C(F)(F)C(F)(F)C(F)(F)S(=O)(=O)[O-],C(C)[N+]1=CN(C=C1)C,C(C(F)(F)F)F,Table S3. VLE HFCs
370,370,[emim],[PFBS],R134a,303.15,0.4928,0.4791,FC(F)(F)C(F)(F)C(F)(F)C(F)(F)S(=O)(=O)[O-],C(C)[N+]1=CN(C=C1)C,C(C(F)(F)F)F,Table S3. VLE HFCs
371,371,[emim],[PFBS],R125,303.15,0.0266,0.0284,FC(F)(F)C(F)(F)C(F)(F)C(F)(F)S(=O)(=O)[O-],C(C)[N+]1=CN(C=C1)C,C(F)(F)(C(F)(F)F),Table S3. VLE HFCs
372,372,[emim],[PFBS],R125,303.15,0.063,0.042,FC(F)(F)C(F)(F)C(F)(F)C(F)(F)S(=O)(=O)[O-],C(C)[N+]1=CN(C=C1)C,C(F)(F)(C(F)(F)F),Table S3. VLE HFCs
373,373,[emim],[PFBS],R125,303.15,0.0907,0.0727,FC(F)(F)C(F)(F)C(F)(F)C(F)(F)S(=O)(=O)[O-],C(C)[N+]1=CN(C=C1)C,C(F)(F)(C(F)(F)F),Table S3. VLE HFCs
374,374,[emim],[PFBS],R125,303.15,0.1576,0.111,FC(F)(F)C(F)(F)C(F)(F)C(F)(F)S(=O)(=O)[O-],C(C)[N+]1=CN(C=C1)C,C(F)(F)(C(F)(F)F),Table S3. VLE HFCs
375,375,[emim],[PFBS],R125,303.15,0.2241,0.1606,FC(F)(F)C(F)(F)C(F)(F)C(F)(F)S(=O)(=O)[O-],C(C)[N+]1=CN(C=C1)C,C(F)(F)(C(F)(F)F),Table S3. VLE HFCs
376,376,[emim],[PFBS],R125,303.15,0.2715,0.1893,FC(F)(F)C(F)(F)C(F)(F)C(F)(F)S(=O)(=O)[O-],C(C)[N+]1=CN(C=C1)C,C(F)(F)(C(F)(F)F),Table S3. VLE HFCs
377,377,[emim],[PFBS],R125,303.15,0.3532,0.2432,FC(F)(F)C(F)(F)C(F)(F)C(F)(F)S(=O)(=O)[O-],C(C)[N+]1=CN(C=C1)C,C(F)(F)(C(F)(F)F),Table S3. VLE HFCs
378,378,[emim],[PFBS],R125,303.15,0.4345,0.2891,FC(F)(F)C(F)(F)C(F)(F)C(F)(F)S(=O)(=O)[O-],C(C)[N+]1=CN(C=C1)C,C(F)(F)(C(F)(F)F),Table S3. VLE HFCs
379,379,[emim],[PFBS],R125,303.15,0.4853,0.3188,FC(F)(F)C(F)(F)C(F)(F)C(F)(F)S(=O)(=O)[O-],C(C)[N+]1=CN(C=C1)C,C(F)(F)(C(F)(F)F),Table S3. VLE HFCs
380,380,[emim],[PFBS],R125,303.15,0.6084,0.3835,FC(F)(F)C(F)(F)C(F)(F)C(F)(F)S(=O)(=O)[O-],C(C)[N+]1=CN(C=C1)C,C(F)(F)(C(F)(F)F),Table S3. VLE HFCs
381,381,[emim],[PFP],R32,303.15,0.0402,0.0315,FC(F)(F)C(F)(F)C(F)(F)C(F)(F)C(=O)[O-],C(C)[N+]1=CN(C=C1)C,C(F)F,Table S3. VLE HFCs
382,382,[emim],[PFP],R32,303.15,0.0902,0.0703,FC(F)(F)C(F)(F)C(F)(F)C(F)(F)C(=O)[O-],C(C)[N+]1=CN(C=C1)C,C(F)F,Table S3. VLE HFCs
383,383,[emim],[PFP],R32,303.15,0.1536,0.118,FC(F)(F)C(F)(F)C(F)(F)C(F)(F)C(=O)[O-],C(C)[N+]1=CN(C=C1)C,C(F)F,Table S3. VLE HFCs
384,384,[emim],[PFP],R32,303.15,0.2307,0.1669,FC(F)(F)C(F)(F)C(F)(F)C(F)(F)C(=O)[O-],C(C)[N+]1=CN(C=C1)C,C(F)F,Table S3. VLE HFCs
385,385,[emim],[PFP],R32,303.15,0.3117,0.2179,FC(F)(F)C(F)(F)C(F)(F)C(F)(F)C(=O)[O-],C(C)[N+]1=CN(C=C1)C,C(F)F,Table S3. VLE HFCs
386,386,[emim],[PFP],R32,303.15,0.3908,0.268,FC(F)(F)C(F)(F)C(F)(F)C(F)(F)C(=O)[O-],C(C)[N+]1=CN(C=C1)C,C(F)F,Table S3. VLE HFCs
387,387,[emim],[PFP],R32,303.15,0.444,0.2948,FC(F)(F)C(F)(F)C(F)(F)C(F)(F)C(=O)[O-],C(C)[N+]1=CN(C=C1)C,C(F)F,Table S3. VLE HFCs
388,388,[emim],[PFP],R32,303.15,0.5093,0.3299,FC(F)(F)C(F)(F)C(F)(F)C(F)(F)C(=O)[O-],C(C)[N+]1=CN(C=C1)C,C(F)F,Table S3. VLE HFCs
389,389,[emim],[PFP],R134a,303.15,0.046,0.0674,FC(F)(F)C(F)(F)C(F)(F)C(F)(F)C(=O)[O-],C(C)[N+]1=CN(C=C1)C,C(C(F)(F)F)F,Table S3. VLE HFCs
390,390,[emim],[PFP],R134a,303.15,0.0852,0.1045,FC(F)(F)C(F)(F)C(F)(F)C(F)(F)C(=O)[O-],C(C)[N+]1=CN(C=C1)C,C(C(F)(F)F)F,Table S3. VLE HFCs
391,391,[emim],[PFP],R134a,303.15,0.1498,0.1932,FC(F)(F)C(F)(F)C(F)(F)C(F)(F)C(=O)[O-],C(C)[N+]1=CN(C=C1)C,C(C(F)(F)F)F,Table S3. VLE HFCs
392,392,[emim],[PFP],R134a,303.15,0.2079,0.2458,FC(F)(F)C(F)(F)C(F)(F)C(F)(F)C(=O)[O-],C(C)[N+]1=CN(C=C1)C,C(C(F)(F)F)F,Table S3. VLE HFCs
393,393,[emim],[PFP],R134a,303.15,0.2548,0.302,FC(F)(F)C(F)(F)C(F)(F)C(F)(F)C(=O)[O-],C(C)[N+]1=CN(C=C1)C,C(C(F)(F)F)F,Table S3. VLE HFCs
394,394,[emim],[PFP],R134a,303.15,0.3089,0.3477,FC(F)(F)C(F)(F)C(F)(F)C(F)(F)C(=O)[O-],C(C)[N+]1=CN(C=C1)C,C(C(F)(F)F)F,Table S3. VLE HFCs
395,395,[emim],[PFP],R134a,303.15,0.3468,0.39,FC(F)(F)C(F)(F)C(F)(F)C(F)(F)C(=O)[O-],C(C)[N+]1=CN(C=C1)C,C(C(F)(F)F)F,Table S3. VLE HFCs
396,396,[emim],[PFP],R134a,303.15,0.404,0.4371,FC(F)(F)C(F)(F)C(F)(F)C(F)(F)C(=O)[O-],C(C)[N+]1=CN(C=C1)C,C(C(F)(F)F)F,Table S3. VLE HFCs
397,397,[emim],[PFP],R134a,303.15,0.4493,0.4855,FC(F)(F)C(F)(F)C(F)(F)C(F)(F)C(=O)[O-],C(C)[N+]1=CN(C=C1)C,C(C(F)(F)F)F,Table S3. VLE HFCs
398,398,[emim],[PFP],R134a,303.15,0.4994,0.5277,FC(F)(F)C(F)(F)C(F)(F)C(F)(F)C(=O)[O-],C(C)[N+]1=CN(C=C1)C,C(C(F)(F)F)F,Table S3. VLE HFCs
399,399,[emim],[PFP],R125,303.15,0.0245,0.0266,FC(F)(F)C(F)(F)C(F)(F)C(F)(F)C(=O)[O-],C(C)[N+]1=CN(C=C1)C,C(F)(F)(C(F)(F)F),Table S3. VLE HFCs
400,400,[emim],[PFP],R125,303.15,0.0792,0.0716,FC(F)(F)C(F)(F)C(F)(F)C(F)(F)C(=O)[O-],C(C)[N+]1=CN(C=C1)C,C(F)(F)(C(F)(F)F),Table S3. VLE HFCs
401,401,[emim],[PFP],R125,303.15,0.1503,0.1447,FC(F)(F)C(F)(F)C(F)(F)C(F)(F)C(=O)[O-],C(C)[N+]1=CN(C=C1)C,C(F)(F)(C(F)(F)F),Table S3. VLE HFCs
402,402,[emim],[PFP],R125,303.15,0.2262,0.1971,FC(F)(F)C(F)(F)C(F)(F)C(F)(F)C(=O)[O-],C(C)[N+]1=CN(C=C1)C,C(F)(F)(C(F)(F)F),Table S3. VLE HFCs
403,403,[emim],[PFP],R125,303.15,0.3126,0.2676,FC(F)(F)C(F)(F)C(F)(F)C(F)(F)C(=O)[O-],C(C)[N+]1=CN(C=C1)C,C(F)(F)(C(F)(F)F),Table S3. VLE HFCs
404,404,[emim],[PFP],R125,303.15,0.4432,0.3491,FC(F)(F)C(F)(F)C(F)(F)C(F)(F)C(=O)[O-],C(C)[N+]1=CN(C=C1)C,C(F)(F)(C(F)(F)F),Table S3. VLE HFCs
405,405,[emim],[PFP],R125,303.15,0.5087,0.3942,FC(F)(F)C(F)(F)C(F)(F)C(F)(F)C(=O)[O-],C(C)[N+]1=CN(C=C1)C,C(F)(F)(C(F)(F)F),Table S3. VLE HFCs
406,406,[emim],[PFP],R125,303.15,0.6173,0.4548,FC(F)(F)C(F)(F)C(F)(F)C(F)(F)C(=O)[O-],C(C)[N+]1=CN(C=C1)C,C(F)(F)(C(F)(F)F),Table S3. VLE HFCs
407,407,[emim],[SCN],R32,283.15,0.0719,0.0248,[S-]C#N,C(C)[N+]1=CN(C=C1)C,C(F)F,Table S3. VLE HFCs
408,408,[emim],[SCN],R32,283.15,0.1752,0.066,[S-]C#N,C(C)[N+]1=CN(C=C1)C,C(F)F,Table S3. VLE HFCs
409,409,[emim],[SCN],R32,283.15,0.3009,0.1198,[S-]C#N,C(C)[N+]1=CN(C=C1)C,C(F)F,Table S3. VLE HFCs
410,410,[emim],[SCN],R32,283.15,0.4467,0.1793,[S-]C#N,C(C)[N+]1=CN(C=C1)C,C(F)F,Table S3. VLE HFCs
411,411,[emim],[SCN],R32,283.15,0.5994,0.2411,[S-]C#N,C(C)[N+]1=CN(C=C1)C,C(F)F,Table S3. VLE HFCs
412,412,[emim],[SCN],R32,293.15,0.073,0.0223,[S-]C#N,C(C)[N+]1=CN(C=C1)C,C(F)F,Table S3. VLE HFCs
413,413,[emim],[SCN],R32,293.15,0.1861,0.0575,[S-]C#N,C(C)[N+]1=CN(C=C1)C,C(F)F,Table S3. VLE HFCs
414,414,[emim],[SCN],R32,293.15,0.313,0.0993,[S-]C#N,C(C)[N+]1=CN(C=C1)C,C(F)F,Table S3. VLE HFCs
415,415,[emim],[SCN],R32,293.15,0.4527,0.1454,[S-]C#N,C(C)[N+]1=CN(C=C1)C,C(F)F,Table S3. VLE HFCs
416,416,[emim],[SCN],R32,293.15,0.6012,0.1892,[S-]C#N,C(C)[N+]1=CN(C=C1)C,C(F)F,Table S3. VLE HFCs
417,417,[emim],[SCN],R32,303.15,0.0578,0.013,[S-]C#N,C(C)[N+]1=CN(C=C1)C,C(F)F,Table S3. VLE HFCs
418,418,[emim],[SCN],R32,303.15,0.1353,0.0325,[S-]C#N,C(C)[N+]1=CN(C=C1)C,C(F)F,Table S3. VLE HFCs
419,419,[emim],[SCN],R32,303.15,0.2303,0.0557,[S-]C#N,C(C)[N+]1=CN(C=C1)C,C(F)F,Table S3. VLE HFCs
420,420,[emim],[SCN],R32,303.15,0.3392,0.0831,[S-]C#N,C(C)[N+]1=CN(C=C1)C,C(F)F,Table S3. VLE HFCs
421,421,[emim],[SCN],R32,303.15,0.4589,0.1123,[S-]C#N,C(C)[N+]1=CN(C=C1)C,C(F)F,Table S3. VLE HFCs
422,422,[emim],[SCN],R32,303.15,0.5976,0.1445,[S-]C#N,C(C)[N+]1=CN(C=C1)C,C(F)F,Table S3. VLE HFCs
423,423,[emim],[SCN],R32,303.15,0.7396,0.1783,[S-]C#N,C(C)[N+]1=CN(C=C1)C,C(F)F,Table S3. VLE HFCs
424,424,[emim],[SCN],R32,313.15,0.0726,0.015,[S-]C#N,C(C)[N+]1=CN(C=C1)C,C(F)F,Table S3. VLE HFCs
425,425,[emim],[SCN],R32,313.15,0.1876,0.0374,[S-]C#N,C(C)[N+]1=CN(C=C1)C,C(F)F,Table S3. VLE HFCs
426,426,[emim],[SCN],R32,313.15,0.3231,0.0645,[S-]C#N,C(C)[N+]1=CN(C=C1)C,C(F)F,Table S3. VLE HFCs
427,427,[emim],[SCN],R32,313.15,0.4722,0.0937,[S-]C#N,C(C)[N+]1=CN(C=C1)C,C(F)F,Table S3. VLE HFCs
428,428,[emim],[SCN],R32,313.15,0.6322,0.1225,[S-]C#N,C(C)[N+]1=CN(C=C1)C,C(F)F,Table S3. VLE HFCs
429,429,[emim],[SCN],R134a,283.15,0.0683,0.0174,[S-]C#N,C(C)[N+]1=CN(C=C1)C,C(C(F)(F)F)F,Table S3. VLE HFCs
430,430,[emim],[SCN],R134a,283.15,0.143,0.0399,[S-]C#N,C(C)[N+]1=CN(C=C1)C,C(C(F)(F)F)F,Table S3. VLE HFCs
431,431,[emim],[SCN],R134a,283.15,0.2237,0.0653,[S-]C#N,C(C)[N+]1=CN(C=C1)C,C(C(F)(F)F)F,Table S3. VLE HFCs
432,432,[emim],[SCN],R134a,283.15,0.3218,0.0964,[S-]C#N,C(C)[N+]1=CN(C=C1)C,C(C(F)(F)F)F,Table S3. VLE HFCs
433,433,[emim],[SCN],R134a,283.15,0.4072,0.1276,[S-]C#N,C(C)[N+]1=CN(C=C1)C,C(C(F)(F)F)F,Table S3. VLE HFCs
434,434,[emim],[SCN],R134a,293.15,0.0648,0.0133,[S-]C#N,C(C)[N+]1=CN(C=C1)C,C(C(F)(F)F)F,Table S3. VLE HFCs
435,435,[emim],[SCN],R134a,293.15,0.1476,0.0309,[S-]C#N,C(C)[N+]1=CN(C=C1)C,C(C(F)(F)F)F,Table S3. VLE HFCs
436,436,[emim],[SCN],R134a,293.15,0.2314,0.0501,[S-]C#N,C(C)[N+]1=CN(C=C1)C,C(C(F)(F)F)F,Table S3. VLE HFCs
437,437,[emim],[SCN],R134a,293.15,0.3217,0.0705,[S-]C#N,C(C)[N+]1=CN(C=C1)C,C(C(F)(F)F)F,Table S3. VLE HFCs
438,438,[emim],[SCN],R134a,293.15,0.423,0.0961,[S-]C#N,C(C)[N+]1=CN(C=C1)C,C(C(F)(F)F)F,Table S3. VLE HFCs
439,439,[emim],[SCN],R134a,303.15,0.0683,0.0102,[S-]C#N,C(C)[N+]1=CN(C=C1)C,C(C(F)(F)F)F,Table S3. VLE HFCs
440,440,[emim],[SCN],R134a,303.15,0.1513,0.0228,[S-]C#N,C(C)[N+]1=CN(C=C1)C,C(C(F)(F)F)F,Table S3. VLE HFCs
441,441,[emim],[SCN],R134a,303.15,0.2387,0.0375,[S-]C#N,C(C)[N+]1=CN(C=C1)C,C(C(F)(F)F)F,Table S3. VLE HFCs
442,442,[emim],[SCN],R134a,303.15,0.3418,0.0532,[S-]C#N,C(C)[N+]1=CN(C=C1)C,C(C(F)(F)F)F,Table S3. VLE HFCs
443,443,[emim],[SCN],R134a,303.15,0.4342,0.0705,[S-]C#N,C(C)[N+]1=CN(C=C1)C,C(C(F)(F)F)F,Table S3. VLE HFCs
444,444,[emim],[SCN],R134a,313.15,0.0683,0.0071,[S-]C#N,C(C)[N+]1=CN(C=C1)C,C(C(F)(F)F)F,Table S3. VLE HFCs
445,445,[emim],[SCN],R134a,313.15,0.1556,0.0169,[S-]C#N,C(C)[N+]1=CN(C=C1)C,C(C(F)(F)F)F,Table S3. VLE HFCs
446,446,[emim],[SCN],R134a,313.15,0.2429,0.0266,[S-]C#N,C(C)[N+]1=CN(C=C1)C,C(C(F)(F)F)F,Table S3. VLE HFCs
447,447,[emim],[SCN],R134a,313.15,0.3279,0.0346,[S-]C#N,C(C)[N+]1=CN(C=C1)C,C(C(F)(F)F)F,Table S3. VLE HFCs
448,448,[emim],[SCN],R134a,313.15,0.4329,0.0468,[S-]C#N,C(C)[N+]1=CN(C=C1)C,C(C(F)(F)F)F,Table S3. VLE HFCs
449,449,[emim],[Tf2N],R41,288.15,0.10512,0.05714,FC(S(=O)(=O)[N-]S(=O)(=O)C(F)(F)F)(F)F,C(C)[N+]1=CN(C=C1)C,CF,Table S3. VLE HFCs
450,450,[emim],[Tf2N],R41,293.43,0.10367,0.04863,FC(S(=O)(=O)[N-]S(=O)(=O)C(F)(F)F)(F)F,C(C)[N+]1=CN(C=C1)C,CF,Table S3. VLE HFCs
451,451,[emim],[Tf2N],R41,298.19,0.10493,0.04624,FC(S(=O)(=O)[N-]S(=O)(=O)C(F)(F)F)(F)F,C(C)[N+]1=CN(C=C1)C,CF,Table S3. VLE HFCs
452,452,[emim],[Tf2N],R41,303.17,0.10128,0.04015,FC(S(=O)(=O)[N-]S(=O)(=O)C(F)(F)F)(F)F,C(C)[N+]1=CN(C=C1)C,CF,Table S3. VLE HFCs
453,453,[emim],[Tf2N],R41,308.19,0.10763,0.03988,FC(S(=O)(=O)[N-]S(=O)(=O)C(F)(F)F)(F)F,C(C)[N+]1=CN(C=C1)C,CF,Table S3. VLE HFCs
454,454,[emim],[Tf2N],R32,283.15,0.0102,0.0139999999999999,FC(S(=O)(=O)[N-]S(=O)(=O)C(F)(F)F)(F)F,C(C)[N+]1=CN(C=C1)C,C(F)F,Table S3. VLE HFCs
455,455,[emim],[Tf2N],R32,283.15,0.1001,0.136,FC(S(=O)(=O)[N-]S(=O)(=O)C(F)(F)F)(F)F,C(C)[N+]1=CN(C=C1)C,C(F)F,Table S3. VLE HFCs
456,456,[emim],[Tf2N],R32,283.15,0.2503,0.306,FC(S(=O)(=O)[N-]S(=O)(=O)C(F)(F)F)(F)F,C(C)[N+]1=CN(C=C1)C,C(F)F,Table S3. VLE HFCs
457,457,[emim],[Tf2N],R32,283.15,0.3993,0.4479999999999999,FC(S(=O)(=O)[N-]S(=O)(=O)C(F)(F)F)(F)F,C(C)[N+]1=CN(C=C1)C,C(F)F,Table S3. VLE HFCs
458,458,[emim],[Tf2N],R32,283.15,0.5493,0.57,FC(S(=O)(=O)[N-]S(=O)(=O)C(F)(F)F)(F)F,C(C)[N+]1=CN(C=C1)C,C(F)F,Table S3. VLE HFCs
459,459,[emim],[Tf2N],R32,283.15,0.7004,0.672,FC(S(=O)(=O)[N-]S(=O)(=O)C(F)(F)F)(F)F,C(C)[N+]1=CN(C=C1)C,C(F)F,Table S3. VLE HFCs
460,460,[emim],[Tf2N],R32,283.15,0.8494,0.7859999999999999,FC(S(=O)(=O)[N-]S(=O)(=O)C(F)(F)F)(F)F,C(C)[N+]1=CN(C=C1)C,C(F)F,Table S3. VLE HFCs
461,461,[emim],[Tf2N],R32,298.15,0.0096,0.01,FC(S(=O)(=O)[N-]S(=O)(=O)C(F)(F)F)(F)F,C(C)[N+]1=CN(C=C1)C,C(F)F,Table S3. VLE HFCs
462,462,[emim],[Tf2N],R32,298.15,0.0998,0.095,FC(S(=O)(=O)[N-]S(=O)(=O)C(F)(F)F)(F)F,C(C)[N+]1=CN(C=C1)C,C(F)F,Table S3. VLE HFCs
463,463,[emim],[Tf2N],R32,298.15,0.2502,0.218,FC(S(=O)(=O)[N-]S(=O)(=O)C(F)(F)F)(F)F,C(C)[N+]1=CN(C=C1)C,C(F)F,Table S3. VLE HFCs
464,464,[emim],[Tf2N],R32,298.15,0.3994,0.325,FC(S(=O)(=O)[N-]S(=O)(=O)C(F)(F)F)(F)F,C(C)[N+]1=CN(C=C1)C,C(F)F,Table S3. VLE HFCs
465,465,[emim],[Tf2N],R32,298.15,0.5494,0.417,FC(S(=O)(=O)[N-]S(=O)(=O)C(F)(F)F)(F)F,C(C)[N+]1=CN(C=C1)C,C(F)F,Table S3. VLE HFCs
466,466,[emim],[Tf2N],R32,298.15,0.6995,0.499,FC(S(=O)(=O)[N-]S(=O)(=O)C(F)(F)F)(F)F,C(C)[N+]1=CN(C=C1)C,C(F)F,Table S3. VLE HFCs
467,467,[emim],[Tf2N],R32,298.15,0.8495,0.57,FC(S(=O)(=O)[N-]S(=O)(=O)C(F)(F)F)(F)F,C(C)[N+]1=CN(C=C1)C,C(F)F,Table S3. VLE HFCs
468,468,[emim],[Tf2N],R32,298.15,0.9997,0.643,FC(S(=O)(=O)[N-]S(=O)(=O)C(F)(F)F)(F)F,C(C)[N+]1=CN(C=C1)C,C(F)F,Table S3. VLE HFCs
469,469,[emim],[Tf2N],R32,323.15,0.0102,0.005,FC(S(=O)(=O)[N-]S(=O)(=O)C(F)(F)F)(F)F,C(C)[N+]1=CN(C=C1)C,C(F)F,Table S3. VLE HFCs
470,470,[emim],[Tf2N],R32,323.15,0.1003,0.055,FC(S(=O)(=O)[N-]S(=O)(=O)C(F)(F)F)(F)F,C(C)[N+]1=CN(C=C1)C,C(F)F,Table S3. VLE HFCs
471,471,[emim],[Tf2N],R32,323.15,0.2497,0.133,FC(S(=O)(=O)[N-]S(=O)(=O)C(F)(F)F)(F)F,C(C)[N+]1=CN(C=C1)C,C(F)F,Table S3. VLE HFCs
472,472,[emim],[Tf2N],R32,323.15,0.4001,0.2,FC(S(=O)(=O)[N-]S(=O)(=O)C(F)(F)F)(F)F,C(C)[N+]1=CN(C=C1)C,C(F)F,Table S3. VLE HFCs
473,473,[emim],[Tf2N],R32,323.15,0.5495,0.264,FC(S(=O)(=O)[N-]S(=O)(=O)C(F)(F)F)(F)F,C(C)[N+]1=CN(C=C1)C,C(F)F,Table S3. VLE HFCs
474,474,[emim],[Tf2N],R32,323.15,0.7003,0.32,FC(S(=O)(=O)[N-]S(=O)(=O)C(F)(F)F)(F)F,C(C)[N+]1=CN(C=C1)C,C(F)F,Table S3. VLE HFCs
475,475,[emim],[Tf2N],R32,323.15,0.8504,0.368,FC(S(=O)(=O)[N-]S(=O)(=O)C(F)(F)F)(F)F,C(C)[N+]1=CN(C=C1)C,C(F)F,Table S3. VLE HFCs
476,476,[emim],[Tf2N],R32,323.15,1.0004,0.417,FC(S(=O)(=O)[N-]S(=O)(=O)C(F)(F)F)(F)F,C(C)[N+]1=CN(C=C1)C,C(F)F,Table S3. VLE HFCs
477,477,[emim],[Tf2N],R32,348.05,0.0103,0.002,FC(S(=O)(=O)[N-]S(=O)(=O)C(F)(F)F)(F)F,C(C)[N+]1=CN(C=C1)C,C(F)F,Table S3. VLE HFCs
478,478,[emim],[Tf2N],R32,348.05,0.0998,0.034,FC(S(=O)(=O)[N-]S(=O)(=O)C(F)(F)F)(F)F,C(C)[N+]1=CN(C=C1)C,C(F)F,Table S3. VLE HFCs
479,479,[emim],[Tf2N],R32,348.05,0.2497,0.084,FC(S(=O)(=O)[N-]S(=O)(=O)C(F)(F)F)(F)F,C(C)[N+]1=CN(C=C1)C,C(F)F,Table S3. VLE HFCs
480,480,[emim],[Tf2N],R32,348.05,0.3995,0.131,FC(S(=O)(=O)[N-]S(=O)(=O)C(F)(F)F)(F)F,C(C)[N+]1=CN(C=C1)C,C(F)F,Table S3. VLE HFCs
481,481,[emim],[Tf2N],R32,348.05,0.5503,0.175,FC(S(=O)(=O)[N-]S(=O)(=O)C(F)(F)F)(F)F,C(C)[N+]1=CN(C=C1)C,C(F)F,Table S3. VLE HFCs
482,482,[emim],[Tf2N],R32,348.05,0.6992,0.216,FC(S(=O)(=O)[N-]S(=O)(=O)C(F)(F)F)(F)F,C(C)[N+]1=CN(C=C1)C,C(F)F,Table S3. VLE HFCs
483,483,[emim],[Tf2N],R32,348.05,0.8504,0.254,FC(S(=O)(=O)[N-]S(=O)(=O)C(F)(F)F)(F)F,C(C)[N+]1=CN(C=C1)C,C(F)F,Table S3. VLE HFCs
484,484,[emim],[Tf2N],R32,348.05,1.0005,0.288,FC(S(=O)(=O)[N-]S(=O)(=O)C(F)(F)F)(F)F,C(C)[N+]1=CN(C=C1)C,C(F)F,Table S3. VLE HFCs
485,485,[emim],[Tf2N],R32,288.11,0.1028,0.1135,FC(S(=O)(=O)[N-]S(=O)(=O)C(F)(F)F)(F)F,C(C)[N+]1=CN(C=C1)C,C(F)F,Table S3. VLE HFCs
486,486,[emim],[Tf2N],R32,293.56,0.10203,0.09844,FC(S(=O)(=O)[N-]S(=O)(=O)C(F)(F)F)(F)F,C(C)[N+]1=CN(C=C1)C,C(F)F,Table S3. VLE HFCs
487,487,[emim],[Tf2N],R32,298.33,0.1028,0.09025,FC(S(=O)(=O)[N-]S(=O)(=O)C(F)(F)F)(F)F,C(C)[N+]1=CN(C=C1)C,C(F)F,Table S3. VLE HFCs
488,488,[emim],[Tf2N],R32,303.27,0.10447,0.07982,FC(S(=O)(=O)[N-]S(=O)(=O)C(F)(F)F)(F)F,C(C)[N+]1=CN(C=C1)C,C(F)F,Table S3. VLE HFCs
489,489,[emim],[Tf2N],R32,308.19,0.10443,0.0715,FC(S(=O)(=O)[N-]S(=O)(=O)C(F)(F)F)(F)F,C(C)[N+]1=CN(C=C1)C,C(F)F,Table S3. VLE HFCs
490,490,[emim],[Tf2N],R32,303.15,0.0283,0.0228,FC(S(=O)(=O)[N-]S(=O)(=O)C(F)(F)F)(F)F,C(C)[N+]1=CN(C=C1)C,C(F)F,Table S3. VLE HFCs
491,491,[emim],[Tf2N],R32,303.15,0.053,0.0435,FC(S(=O)(=O)[N-]S(=O)(=O)C(F)(F)F)(F)F,C(C)[N+]1=CN(C=C1)C,C(F)F,Table S3. VLE HFCs
492,492,[emim],[Tf2N],R32,303.15,0.093,0.0686,FC(S(=O)(=O)[N-]S(=O)(=O)C(F)(F)F)(F)F,C(C)[N+]1=CN(C=C1)C,C(F)F,Table S3. VLE HFCs
493,493,[emim],[Tf2N],R32,303.15,0.1598,0.1187,FC(S(=O)(=O)[N-]S(=O)(=O)C(F)(F)F)(F)F,C(C)[N+]1=CN(C=C1)C,C(F)F,Table S3. VLE HFCs
494,494,[emim],[Tf2N],R32,303.15,0.2071,0.1479,FC(S(=O)(=O)[N-]S(=O)(=O)C(F)(F)F)(F)F,C(C)[N+]1=CN(C=C1)C,C(F)F,Table S3. VLE HFCs
495,495,[emim],[Tf2N],R32,303.15,0.2709,0.1918,FC(S(=O)(=O)[N-]S(=O)(=O)C(F)(F)F)(F)F,C(C)[N+]1=CN(C=C1)C,C(F)F,Table S3. VLE HFCs
496,496,[emim],[Tf2N],R32,303.15,0.3246,0.2226,FC(S(=O)(=O)[N-]S(=O)(=O)C(F)(F)F)(F)F,C(C)[N+]1=CN(C=C1)C,C(F)F,Table S3. VLE HFCs
497,497,[emim],[Tf2N],R32,303.15,0.3733,0.2537,FC(S(=O)(=O)[N-]S(=O)(=O)C(F)(F)F)(F)F,C(C)[N+]1=CN(C=C1)C,C(F)F,Table S3. VLE HFCs
498,498,[emim],[Tf2N],R32,303.15,0.431,0.2843,FC(S(=O)(=O)[N-]S(=O)(=O)C(F)(F)F)(F)F,C(C)[N+]1=CN(C=C1)C,C(F)F,Table S3. VLE HFCs
499,499,[emim],[Tf2N],R32,303.15,0.447,0.2948,FC(S(=O)(=O)[N-]S(=O)(=O)C(F)(F)F)(F)F,C(C)[N+]1=CN(C=C1)C,C(F)F,Table S3. VLE HFCs
500,500,[emim],[Tf2N],R32,303.15,0.5025,0.3225,FC(S(=O)(=O)[N-]S(=O)(=O)C(F)(F)F)(F)F,C(C)[N+]1=CN(C=C1)C,C(F)F,Table S3. VLE HFCs
501,501,[emim],[Tf2N],R32,303.15,0.024,0.0129,FC(S(=O)(=O)[N-]S(=O)(=O)C(F)(F)F)(F)F,C(C)[N+]1=CN(C=C1)C,C(F)F,Table S3. VLE HFCs
502,502,[emim],[Tf2N],R32,303.15,0.051,0.0343,FC(S(=O)(=O)[N-]S(=O)(=O)C(F)(F)F)(F)F,C(C)[N+]1=CN(C=C1)C,C(F)F,Table S3. VLE HFCs
503,503,[emim],[Tf2N],R32,303.15,0.062,0.0446,FC(S(=O)(=O)[N-]S(=O)(=O)C(F)(F)F)(F)F,C(C)[N+]1=CN(C=C1)C,C(F)F,Table S3. VLE HFCs
504,504,[emim],[Tf2N],R32,303.15,0.079,0.0598,FC(S(=O)(=O)[N-]S(=O)(=O)C(F)(F)F)(F)F,C(C)[N+]1=CN(C=C1)C,C(F)F,Table S3. VLE HFCs
505,505,[emim],[Tf2N],R32,303.15,0.099,0.0716,FC(S(=O)(=O)[N-]S(=O)(=O)C(F)(F)F)(F)F,C(C)[N+]1=CN(C=C1)C,C(F)F,Table S3. VLE HFCs
506,506,[emim],[Tf2N],R32,303.15,0.12,0.0865,FC(S(=O)(=O)[N-]S(=O)(=O)C(F)(F)F)(F)F,C(C)[N+]1=CN(C=C1)C,C(F)F,Table S3. VLE HFCs
507,507,[emim],[Tf2N],R32,303.15,0.148,0.105,FC(S(=O)(=O)[N-]S(=O)(=O)C(F)(F)F)(F)F,C(C)[N+]1=CN(C=C1)C,C(F)F,Table S3. VLE HFCs
508,508,[emim],[Tf2N],R32,303.15,0.185,0.126,FC(S(=O)(=O)[N-]S(=O)(=O)C(F)(F)F)(F)F,C(C)[N+]1=CN(C=C1)C,C(F)F,Table S3. VLE HFCs
509,509,[emim],[Tf2N],R32,303.15,0.208,0.145,FC(S(=O)(=O)[N-]S(=O)(=O)C(F)(F)F)(F)F,C(C)[N+]1=CN(C=C1)C,C(F)F,Table S3. VLE HFCs
510,510,[emim],[Tf2N],R23,298.0,0.0265,0.007,FC(S(=O)(=O)[N-]S(=O)(=O)C(F)(F)F)(F)F,C(C)[N+]1=CN(C=C1)C,C(F)(F)F,Table S3. VLE HFCs
511,511,[emim],[Tf2N],R23,298.1,0.0995,0.031,FC(S(=O)(=O)[N-]S(=O)(=O)C(F)(F)F)(F)F,C(C)[N+]1=CN(C=C1)C,C(F)(F)F,Table S3. VLE HFCs
512,512,[emim],[Tf2N],R23,298.1,0.2396,0.074,FC(S(=O)(=O)[N-]S(=O)(=O)C(F)(F)F)(F)F,C(C)[N+]1=CN(C=C1)C,C(F)(F)F,Table S3. VLE HFCs
513,513,[emim],[Tf2N],R23,298.1,0.4998,0.152,FC(S(=O)(=O)[N-]S(=O)(=O)C(F)(F)F)(F)F,C(C)[N+]1=CN(C=C1)C,C(F)(F)F,Table S3. VLE HFCs
514,514,[emim],[Tf2N],R23,298.1,0.7482,0.219,FC(S(=O)(=O)[N-]S(=O)(=O)C(F)(F)F)(F)F,C(C)[N+]1=CN(C=C1)C,C(F)(F)F,Table S3. VLE HFCs
515,515,[emim],[Tf2N],R23,298.1,0.9996,0.28,FC(S(=O)(=O)[N-]S(=O)(=O)C(F)(F)F)(F)F,C(C)[N+]1=CN(C=C1)C,C(F)(F)F,Table S3. VLE HFCs
516,516,[emim],[Tf2N],R23,298.2,1.2457,0.336,FC(S(=O)(=O)[N-]S(=O)(=O)C(F)(F)F)(F)F,C(C)[N+]1=CN(C=C1)C,C(F)(F)F,Table S3. VLE HFCs
517,517,[emim],[Tf2N],R23,298.1,1.4997,0.389,FC(S(=O)(=O)[N-]S(=O)(=O)C(F)(F)F)(F)F,C(C)[N+]1=CN(C=C1)C,C(F)(F)F,Table S3. VLE HFCs
518,518,[emim],[Tf2N],R23,298.1,1.7496,0.437,FC(S(=O)(=O)[N-]S(=O)(=O)C(F)(F)F)(F)F,C(C)[N+]1=CN(C=C1)C,C(F)(F)F,Table S3. VLE HFCs
519,519,[emim],[Tf2N],R23,298.1,1.9973,0.481,FC(S(=O)(=O)[N-]S(=O)(=O)C(F)(F)F)(F)F,C(C)[N+]1=CN(C=C1)C,C(F)(F)F,Table S3. VLE HFCs
520,520,[emim],[Tf2N],R23,298.1,1.7495,0.436,FC(S(=O)(=O)[N-]S(=O)(=O)C(F)(F)F)(F)F,C(C)[N+]1=CN(C=C1)C,C(F)(F)F,Table S3. VLE HFCs
521,521,[emim],[Tf2N],R23,298.1,1.4992,0.388,FC(S(=O)(=O)[N-]S(=O)(=O)C(F)(F)F)(F)F,C(C)[N+]1=CN(C=C1)C,C(F)(F)F,Table S3. VLE HFCs
522,522,[emim],[Tf2N],R23,298.1,1.2497,0.337,FC(S(=O)(=O)[N-]S(=O)(=O)C(F)(F)F)(F)F,C(C)[N+]1=CN(C=C1)C,C(F)(F)F,Table S3. VLE HFCs
523,523,[emim],[Tf2N],R23,298.1,0.9993,0.28,FC(S(=O)(=O)[N-]S(=O)(=O)C(F)(F)F)(F)F,C(C)[N+]1=CN(C=C1)C,C(F)(F)F,Table S3. VLE HFCs
524,524,[emim],[Tf2N],R23,298.0,0.5025,0.152,FC(S(=O)(=O)[N-]S(=O)(=O)C(F)(F)F)(F)F,C(C)[N+]1=CN(C=C1)C,C(F)(F)F,Table S3. VLE HFCs
525,525,[emim],[Tf2N],R23,298.1,0.2498,0.078,FC(S(=O)(=O)[N-]S(=O)(=O)C(F)(F)F)(F)F,C(C)[N+]1=CN(C=C1)C,C(F)(F)F,Table S3. VLE HFCs
526,526,[emim],[Tf2N],R23,298.1,0.0998,0.03,FC(S(=O)(=O)[N-]S(=O)(=O)C(F)(F)F)(F)F,C(C)[N+]1=CN(C=C1)C,C(F)(F)F,Table S3. VLE HFCs
527,527,[emim],[Tf2N],R23,298.1,0.0498,0.013,FC(S(=O)(=O)[N-]S(=O)(=O)C(F)(F)F)(F)F,C(C)[N+]1=CN(C=C1)C,C(F)(F)F,Table S3. VLE HFCs
528,528,[emim],[Tf2N],R23,323.1,0.0479,0.008,FC(S(=O)(=O)[N-]S(=O)(=O)C(F)(F)F)(F)F,C(C)[N+]1=CN(C=C1)C,C(F)(F)F,Table S3. VLE HFCs
529,529,[emim],[Tf2N],R23,323.2,0.0995,0.018,FC(S(=O)(=O)[N-]S(=O)(=O)C(F)(F)F)(F)F,C(C)[N+]1=CN(C=C1)C,C(F)(F)F,Table S3. VLE HFCs
530,530,[emim],[Tf2N],R23,323.1,0.2267,0.045,FC(S(=O)(=O)[N-]S(=O)(=O)C(F)(F)F)(F)F,C(C)[N+]1=CN(C=C1)C,C(F)(F)F,Table S3. VLE HFCs
531,531,[emim],[Tf2N],R23,323.1,0.3253,0.065,FC(S(=O)(=O)[N-]S(=O)(=O)C(F)(F)F)(F)F,C(C)[N+]1=CN(C=C1)C,C(F)(F)F,Table S3. VLE HFCs
532,532,[emim],[Tf2N],R23,323.2,0.9999,0.187,FC(S(=O)(=O)[N-]S(=O)(=O)C(F)(F)F)(F)F,C(C)[N+]1=CN(C=C1)C,C(F)(F)F,Table S3. VLE HFCs
533,533,[emim],[Tf2N],R23,323.1,1.242,0.228,FC(S(=O)(=O)[N-]S(=O)(=O)C(F)(F)F)(F)F,C(C)[N+]1=CN(C=C1)C,C(F)(F)F,Table S3. VLE HFCs
534,534,[emim],[Tf2N],R23,323.1,1.4914,0.267,FC(S(=O)(=O)[N-]S(=O)(=O)C(F)(F)F)(F)F,C(C)[N+]1=CN(C=C1)C,C(F)(F)F,Table S3. VLE HFCs
535,535,[emim],[Tf2N],R23,323.2,1.7491,0.3,FC(S(=O)(=O)[N-]S(=O)(=O)C(F)(F)F)(F)F,C(C)[N+]1=CN(C=C1)C,C(F)(F)F,Table S3. VLE HFCs
536,536,[emim],[Tf2N],R23,323.1,1.9993,0.333,FC(S(=O)(=O)[N-]S(=O)(=O)C(F)(F)F)(F)F,C(C)[N+]1=CN(C=C1)C,C(F)(F)F,Table S3. VLE HFCs
537,537,[emim],[Tf2N],R23,323.2,1.7488,0.302,FC(S(=O)(=O)[N-]S(=O)(=O)C(F)(F)F)(F)F,C(C)[N+]1=CN(C=C1)C,C(F)(F)F,Table S3. VLE HFCs
538,538,[emim],[Tf2N],R23,323.2,1.4897,0.266,FC(S(=O)(=O)[N-]S(=O)(=O)C(F)(F)F)(F)F,C(C)[N+]1=CN(C=C1)C,C(F)(F)F,Table S3. VLE HFCs
539,539,[emim],[Tf2N],R23,323.1,1.2496,0.229,FC(S(=O)(=O)[N-]S(=O)(=O)C(F)(F)F)(F)F,C(C)[N+]1=CN(C=C1)C,C(F)(F)F,Table S3. VLE HFCs
540,540,[emim],[Tf2N],R23,323.1,0.9996,0.189,FC(S(=O)(=O)[N-]S(=O)(=O)C(F)(F)F)(F)F,C(C)[N+]1=CN(C=C1)C,C(F)(F)F,Table S3. VLE HFCs
541,541,[emim],[Tf2N],R23,323.2,0.7498,0.144,FC(S(=O)(=O)[N-]S(=O)(=O)C(F)(F)F)(F)F,C(C)[N+]1=CN(C=C1)C,C(F)(F)F,Table S3. VLE HFCs
542,542,[emim],[Tf2N],R23,323.1,0.4995,0.098,FC(S(=O)(=O)[N-]S(=O)(=O)C(F)(F)F)(F)F,C(C)[N+]1=CN(C=C1)C,C(F)(F)F,Table S3. VLE HFCs
543,543,[emim],[Tf2N],R23,323.1,0.2491,0.049,FC(S(=O)(=O)[N-]S(=O)(=O)C(F)(F)F)(F)F,C(C)[N+]1=CN(C=C1)C,C(F)(F)F,Table S3. VLE HFCs
544,544,[emim],[Tf2N],R23,323.1,0.0998,0.018,FC(S(=O)(=O)[N-]S(=O)(=O)C(F)(F)F)(F)F,C(C)[N+]1=CN(C=C1)C,C(F)(F)F,Table S3. VLE HFCs
545,545,[emim],[Tf2N],R23,288.13,0.10065,0.03627,FC(S(=O)(=O)[N-]S(=O)(=O)C(F)(F)F)(F)F,C(C)[N+]1=CN(C=C1)C,C(F)(F)F,Table S3. VLE HFCs
546,546,[emim],[Tf2N],R23,293.23,0.10659,0.03501,FC(S(=O)(=O)[N-]S(=O)(=O)C(F)(F)F)(F)F,C(C)[N+]1=CN(C=C1)C,C(F)(F)F,Table S3. VLE HFCs
547,547,[emim],[Tf2N],R23,298.16,0.09897,0.02986,FC(S(=O)(=O)[N-]S(=O)(=O)C(F)(F)F)(F)F,C(C)[N+]1=CN(C=C1)C,C(F)(F)F,Table S3. VLE HFCs
548,548,[emim],[Tf2N],R23,303.17,0.1028,0.02781,FC(S(=O)(=O)[N-]S(=O)(=O)C(F)(F)F)(F)F,C(C)[N+]1=CN(C=C1)C,C(F)(F)F,Table S3. VLE HFCs
549,549,[emim],[Tf2N],R23,308.17,0.10328,0.02542,FC(S(=O)(=O)[N-]S(=O)(=O)C(F)(F)F)(F)F,C(C)[N+]1=CN(C=C1)C,C(F)(F)F,Table S3. VLE HFCs
550,550,[emim],[Tf2N],R23,303.15,0.1,0.0451,FC(S(=O)(=O)[N-]S(=O)(=O)C(F)(F)F)(F)F,C(C)[N+]1=CN(C=C1)C,C(F)(F)F,Table S3. VLE HFCs
551,551,[emim],[Tf2N],R23,303.15,0.135,0.0594,FC(S(=O)(=O)[N-]S(=O)(=O)C(F)(F)F)(F)F,C(C)[N+]1=CN(C=C1)C,C(F)(F)F,Table S3. VLE HFCs
552,552,[emim],[Tf2N],R23,303.15,0.179,0.0759,FC(S(=O)(=O)[N-]S(=O)(=O)C(F)(F)F)(F)F,C(C)[N+]1=CN(C=C1)C,C(F)(F)F,Table S3. VLE HFCs
553,553,[emim],[Tf2N],R23,303.15,0.223,0.0946,FC(S(=O)(=O)[N-]S(=O)(=O)C(F)(F)F)(F)F,C(C)[N+]1=CN(C=C1)C,C(F)(F)F,Table S3. VLE HFCs
554,554,[emim],[Tf2N],R23,303.15,0.26,0.113,FC(S(=O)(=O)[N-]S(=O)(=O)C(F)(F)F)(F)F,C(C)[N+]1=CN(C=C1)C,C(F)(F)F,Table S3. VLE HFCs
555,555,[emim],[Tf2N],R23,303.15,0.302,0.127,FC(S(=O)(=O)[N-]S(=O)(=O)C(F)(F)F)(F)F,C(C)[N+]1=CN(C=C1)C,C(F)(F)F,Table S3. VLE HFCs
556,556,[emim],[Tf2N],R152a,298.2,0.025,0.042,FC(S(=O)(=O)[N-]S(=O)(=O)C(F)(F)F)(F)F,C(C)[N+]1=CN(C=C1)C,CC(F)F,Table S3. VLE HFCs
557,557,[emim],[Tf2N],R152a,298.2,0.05,0.085,FC(S(=O)(=O)[N-]S(=O)(=O)C(F)(F)F)(F)F,C(C)[N+]1=CN(C=C1)C,CC(F)F,Table S3. VLE HFCs
558,558,[emim],[Tf2N],R152a,298.2,0.075,0.127,FC(S(=O)(=O)[N-]S(=O)(=O)C(F)(F)F)(F)F,C(C)[N+]1=CN(C=C1)C,CC(F)F,Table S3. VLE HFCs
559,559,[emim],[Tf2N],R152a,298.2,0.1,0.167,FC(S(=O)(=O)[N-]S(=O)(=O)C(F)(F)F)(F)F,C(C)[N+]1=CN(C=C1)C,CC(F)F,Table S3. VLE HFCs
560,560,[emim],[Tf2N],R152a,298.2,0.125,0.205,FC(S(=O)(=O)[N-]S(=O)(=O)C(F)(F)F)(F)F,C(C)[N+]1=CN(C=C1)C,CC(F)F,Table S3. VLE HFCs
561,561,[emim],[Tf2N],R152a,298.2,0.15,0.243,FC(S(=O)(=O)[N-]S(=O)(=O)C(F)(F)F)(F)F,C(C)[N+]1=CN(C=C1)C,CC(F)F,Table S3. VLE HFCs
562,562,[emim],[Tf2N],R152a,298.2,0.175,0.28,FC(S(=O)(=O)[N-]S(=O)(=O)C(F)(F)F)(F)F,C(C)[N+]1=CN(C=C1)C,CC(F)F,Table S3. VLE HFCs
563,563,[emim],[Tf2N],R152a,298.2,0.2,0.315,FC(S(=O)(=O)[N-]S(=O)(=O)C(F)(F)F)(F)F,C(C)[N+]1=CN(C=C1)C,CC(F)F,Table S3. VLE HFCs
564,564,[emim],[Tf2N],R152a,298.2,0.225,0.35,FC(S(=O)(=O)[N-]S(=O)(=O)C(F)(F)F)(F)F,C(C)[N+]1=CN(C=C1)C,CC(F)F,Table S3. VLE HFCs
565,565,[emim],[Tf2N],R152a,298.1,0.25,0.384,FC(S(=O)(=O)[N-]S(=O)(=O)C(F)(F)F)(F)F,C(C)[N+]1=CN(C=C1)C,CC(F)F,Table S3. VLE HFCs
566,566,[emim],[Tf2N],R152a,298.2,0.275,0.418,FC(S(=O)(=O)[N-]S(=O)(=O)C(F)(F)F)(F)F,C(C)[N+]1=CN(C=C1)C,CC(F)F,Table S3. VLE HFCs
567,567,[emim],[Tf2N],R152a,298.2,0.3,0.451,FC(S(=O)(=O)[N-]S(=O)(=O)C(F)(F)F)(F)F,C(C)[N+]1=CN(C=C1)C,CC(F)F,Table S3. VLE HFCs
568,568,[emim],[Tf2N],R152a,298.1,0.325,0.483,FC(S(=O)(=O)[N-]S(=O)(=O)C(F)(F)F)(F)F,C(C)[N+]1=CN(C=C1)C,CC(F)F,Table S3. VLE HFCs
569,569,[emim],[Tf2N],R152a,298.2,0.35,0.516,FC(S(=O)(=O)[N-]S(=O)(=O)C(F)(F)F)(F)F,C(C)[N+]1=CN(C=C1)C,CC(F)F,Table S3. VLE HFCs
570,570,[emim],[Tf2N],R152a,298.2,0.375,0.549,FC(S(=O)(=O)[N-]S(=O)(=O)C(F)(F)F)(F)F,C(C)[N+]1=CN(C=C1)C,CC(F)F,Table S3. VLE HFCs
571,571,[emim],[Tf2N],R152a,298.1,0.3999,0.581,FC(S(=O)(=O)[N-]S(=O)(=O)C(F)(F)F)(F)F,C(C)[N+]1=CN(C=C1)C,CC(F)F,Table S3. VLE HFCs
572,572,[emim],[Tf2N],R152a,298.2,0.4498,0.649,FC(S(=O)(=O)[N-]S(=O)(=O)C(F)(F)F)(F)F,C(C)[N+]1=CN(C=C1)C,CC(F)F,Table S3. VLE HFCs
573,573,[emim],[Tf2N],R152a,298.2,0.5,0.724,FC(S(=O)(=O)[N-]S(=O)(=O)C(F)(F)F)(F)F,C(C)[N+]1=CN(C=C1)C,CC(F)F,Table S3. VLE HFCs
574,574,[emim],[Tf2N],R152a,298.2,0.55,0.823,FC(S(=O)(=O)[N-]S(=O)(=O)C(F)(F)F)(F)F,C(C)[N+]1=CN(C=C1)C,CC(F)F,Table S3. VLE HFCs
575,575,[emim],[Tf2N],R152a,298.2,0.5,0.725,FC(S(=O)(=O)[N-]S(=O)(=O)C(F)(F)F)(F)F,C(C)[N+]1=CN(C=C1)C,CC(F)F,Table S3. VLE HFCs
576,576,[emim],[Tf2N],R152a,298.1,0.45,0.649,FC(S(=O)(=O)[N-]S(=O)(=O)C(F)(F)F)(F)F,C(C)[N+]1=CN(C=C1)C,CC(F)F,Table S3. VLE HFCs
577,577,[emim],[Tf2N],R152a,298.2,0.4,0.581,FC(S(=O)(=O)[N-]S(=O)(=O)C(F)(F)F)(F)F,C(C)[N+]1=CN(C=C1)C,CC(F)F,Table S3. VLE HFCs
578,578,[emim],[Tf2N],R152a,298.2,0.35,0.516,FC(S(=O)(=O)[N-]S(=O)(=O)C(F)(F)F)(F)F,C(C)[N+]1=CN(C=C1)C,CC(F)F,Table S3. VLE HFCs
579,579,[emim],[Tf2N],R152a,298.2,0.3,0.45,FC(S(=O)(=O)[N-]S(=O)(=O)C(F)(F)F)(F)F,C(C)[N+]1=CN(C=C1)C,CC(F)F,Table S3. VLE HFCs
580,580,[emim],[Tf2N],R152a,298.2,0.275,0.417,FC(S(=O)(=O)[N-]S(=O)(=O)C(F)(F)F)(F)F,C(C)[N+]1=CN(C=C1)C,CC(F)F,Table S3. VLE HFCs
581,581,[emim],[Tf2N],R152a,298.2,0.25,0.384,FC(S(=O)(=O)[N-]S(=O)(=O)C(F)(F)F)(F)F,C(C)[N+]1=CN(C=C1)C,CC(F)F,Table S3. VLE HFCs
582,582,[emim],[Tf2N],R152a,298.2,0.225,0.35,FC(S(=O)(=O)[N-]S(=O)(=O)C(F)(F)F)(F)F,C(C)[N+]1=CN(C=C1)C,CC(F)F,Table S3. VLE HFCs
583,583,[emim],[Tf2N],R152a,298.2,0.2,0.315,FC(S(=O)(=O)[N-]S(=O)(=O)C(F)(F)F)(F)F,C(C)[N+]1=CN(C=C1)C,CC(F)F,Table S3. VLE HFCs
584,584,[emim],[Tf2N],R152a,298.2,0.175,0.279,FC(S(=O)(=O)[N-]S(=O)(=O)C(F)(F)F)(F)F,C(C)[N+]1=CN(C=C1)C,CC(F)F,Table S3. VLE HFCs
585,585,[emim],[Tf2N],R152a,298.2,0.15,0.243,FC(S(=O)(=O)[N-]S(=O)(=O)C(F)(F)F)(F)F,C(C)[N+]1=CN(C=C1)C,CC(F)F,Table S3. VLE HFCs
586,586,[emim],[Tf2N],R152a,298.2,0.125,0.205,FC(S(=O)(=O)[N-]S(=O)(=O)C(F)(F)F)(F)F,C(C)[N+]1=CN(C=C1)C,CC(F)F,Table S3. VLE HFCs
587,587,[emim],[Tf2N],R152a,298.2,0.1,0.166,FC(S(=O)(=O)[N-]S(=O)(=O)C(F)(F)F)(F)F,C(C)[N+]1=CN(C=C1)C,CC(F)F,Table S3. VLE HFCs
588,588,[emim],[Tf2N],R152a,298.2,0.075,0.126,FC(S(=O)(=O)[N-]S(=O)(=O)C(F)(F)F)(F)F,C(C)[N+]1=CN(C=C1)C,CC(F)F,Table S3. VLE HFCs
589,589,[emim],[Tf2N],R152a,298.2,0.05,0.084,FC(S(=O)(=O)[N-]S(=O)(=O)C(F)(F)F)(F)F,C(C)[N+]1=CN(C=C1)C,CC(F)F,Table S3. VLE HFCs
590,590,[emim],[Tf2N],R152a,298.2,0.025,0.041,FC(S(=O)(=O)[N-]S(=O)(=O)C(F)(F)F)(F)F,C(C)[N+]1=CN(C=C1)C,CC(F)F,Table S3. VLE HFCs
591,591,[emim],[Tf2N],R134,282.9,0.0099,0.055,FC(S(=O)(=O)[N-]S(=O)(=O)C(F)(F)F)(F)F,C(C)[N+]1=CN(C=C1)C,FC(F)C(F)F,Table S3. VLE HFCs
592,592,[emim],[Tf2N],R134,283.2,0.05,0.246,FC(S(=O)(=O)[N-]S(=O)(=O)C(F)(F)F)(F)F,C(C)[N+]1=CN(C=C1)C,FC(F)C(F)F,Table S3. VLE HFCs
593,593,[emim],[Tf2N],R134,283.1,0.1003,0.433,FC(S(=O)(=O)[N-]S(=O)(=O)C(F)(F)F)(F)F,C(C)[N+]1=CN(C=C1)C,FC(F)C(F)F,Table S3. VLE HFCs
594,594,[emim],[Tf2N],R134,283.2,0.1498,0.573,FC(S(=O)(=O)[N-]S(=O)(=O)C(F)(F)F)(F)F,C(C)[N+]1=CN(C=C1)C,FC(F)C(F)F,Table S3. VLE HFCs
595,595,[emim],[Tf2N],R134,283.0,0.1997,0.7020000000000001,FC(S(=O)(=O)[N-]S(=O)(=O)C(F)(F)F)(F)F,C(C)[N+]1=CN(C=C1)C,FC(F)C(F)F,Table S3. VLE HFCs
596,596,[emim],[Tf2N],R134,283.1,0.25,0.8109999999999999,FC(S(=O)(=O)[N-]S(=O)(=O)C(F)(F)F)(F)F,C(C)[N+]1=CN(C=C1)C,FC(F)C(F)F,Table S3. VLE HFCs
597,597,[emim],[Tf2N],R134,283.2,0.3004,0.964,FC(S(=O)(=O)[N-]S(=O)(=O)C(F)(F)F)(F)F,C(C)[N+]1=CN(C=C1)C,FC(F)C(F)F,Table S3. VLE HFCs
598,598,[emim],[Tf2N],R134,298.2,0.0099,0.033,FC(S(=O)(=O)[N-]S(=O)(=O)C(F)(F)F)(F)F,C(C)[N+]1=CN(C=C1)C,FC(F)C(F)F,Table S3. VLE HFCs
599,599,[emim],[Tf2N],R134,298.2,0.05,0.156,FC(S(=O)(=O)[N-]S(=O)(=O)C(F)(F)F)(F)F,C(C)[N+]1=CN(C=C1)C,FC(F)C(F)F,Table S3. VLE HFCs
600,600,[emim],[Tf2N],R134,298.2,0.0999,0.284,FC(S(=O)(=O)[N-]S(=O)(=O)C(F)(F)F)(F)F,C(C)[N+]1=CN(C=C1)C,FC(F)C(F)F,Table S3. VLE HFCs
601,601,[emim],[Tf2N],R134,298.1,0.1496,0.395,FC(S(=O)(=O)[N-]S(=O)(=O)C(F)(F)F)(F)F,C(C)[N+]1=CN(C=C1)C,FC(F)C(F)F,Table S3. VLE HFCs
602,602,[emim],[Tf2N],R134,298.2,0.2001,0.49,FC(S(=O)(=O)[N-]S(=O)(=O)C(F)(F)F)(F)F,C(C)[N+]1=CN(C=C1)C,FC(F)C(F)F,Table S3. VLE HFCs
603,603,[emim],[Tf2N],R134,298.1,0.2496,0.573,FC(S(=O)(=O)[N-]S(=O)(=O)C(F)(F)F)(F)F,C(C)[N+]1=CN(C=C1)C,FC(F)C(F)F,Table S3. VLE HFCs
604,604,[emim],[Tf2N],R134,298.0,0.2995,0.648,FC(S(=O)(=O)[N-]S(=O)(=O)C(F)(F)F)(F)F,C(C)[N+]1=CN(C=C1)C,FC(F)C(F)F,Table S3. VLE HFCs
605,605,[emim],[Tf2N],R134,298.2,0.3497,0.716,FC(S(=O)(=O)[N-]S(=O)(=O)C(F)(F)F)(F)F,C(C)[N+]1=CN(C=C1)C,FC(F)C(F)F,Table S3. VLE HFCs
606,606,[emim],[Tf2N],R134,323.1,0.0102,0.016,FC(S(=O)(=O)[N-]S(=O)(=O)C(F)(F)F)(F)F,C(C)[N+]1=CN(C=C1)C,FC(F)C(F)F,Table S3. VLE HFCs
607,607,[emim],[Tf2N],R134,323.1,0.05,0.076,FC(S(=O)(=O)[N-]S(=O)(=O)C(F)(F)F)(F)F,C(C)[N+]1=CN(C=C1)C,FC(F)C(F)F,Table S3. VLE HFCs
608,608,[emim],[Tf2N],R134,323.2,0.1004,0.147,FC(S(=O)(=O)[N-]S(=O)(=O)C(F)(F)F)(F)F,C(C)[N+]1=CN(C=C1)C,FC(F)C(F)F,Table S3. VLE HFCs
609,609,[emim],[Tf2N],R134,323.1,0.1505,0.21,FC(S(=O)(=O)[N-]S(=O)(=O)C(F)(F)F)(F)F,C(C)[N+]1=CN(C=C1)C,FC(F)C(F)F,Table S3. VLE HFCs
610,610,[emim],[Tf2N],R134,323.1,0.2004,0.2689999999999999,FC(S(=O)(=O)[N-]S(=O)(=O)C(F)(F)F)(F)F,C(C)[N+]1=CN(C=C1)C,FC(F)C(F)F,Table S3. VLE HFCs
611,611,[emim],[Tf2N],R134,323.0,0.2494,0.3229999999999999,FC(S(=O)(=O)[N-]S(=O)(=O)C(F)(F)F)(F)F,C(C)[N+]1=CN(C=C1)C,FC(F)C(F)F,Table S3. VLE HFCs
612,612,[emim],[Tf2N],R134,323.1,0.3003,0.374,FC(S(=O)(=O)[N-]S(=O)(=O)C(F)(F)F)(F)F,C(C)[N+]1=CN(C=C1)C,FC(F)C(F)F,Table S3. VLE HFCs
613,613,[emim],[Tf2N],R134,323.1,0.3505,0.421,FC(S(=O)(=O)[N-]S(=O)(=O)C(F)(F)F)(F)F,C(C)[N+]1=CN(C=C1)C,FC(F)C(F)F,Table S3. VLE HFCs
614,614,[emim],[Tf2N],R134,348.1,0.0105,0.006,FC(S(=O)(=O)[N-]S(=O)(=O)C(F)(F)F)(F)F,C(C)[N+]1=CN(C=C1)C,FC(F)C(F)F,Table S3. VLE HFCs
615,615,[emim],[Tf2N],R134,348.1,0.0504,0.04,FC(S(=O)(=O)[N-]S(=O)(=O)C(F)(F)F)(F)F,C(C)[N+]1=CN(C=C1)C,FC(F)C(F)F,Table S3. VLE HFCs
616,616,[emim],[Tf2N],R134,348.1,0.1005,0.079,FC(S(=O)(=O)[N-]S(=O)(=O)C(F)(F)F)(F)F,C(C)[N+]1=CN(C=C1)C,FC(F)C(F)F,Table S3. VLE HFCs
617,617,[emim],[Tf2N],R134,348.1,0.1505,0.1159999999999999,FC(S(=O)(=O)[N-]S(=O)(=O)C(F)(F)F)(F)F,C(C)[N+]1=CN(C=C1)C,FC(F)C(F)F,Table S3. VLE HFCs
618,618,[emim],[Tf2N],R134,348.1,0.2004,0.152,FC(S(=O)(=O)[N-]S(=O)(=O)C(F)(F)F)(F)F,C(C)[N+]1=CN(C=C1)C,FC(F)C(F)F,Table S3. VLE HFCs
619,619,[emim],[Tf2N],R134,348.1,0.25,0.186,FC(S(=O)(=O)[N-]S(=O)(=O)C(F)(F)F)(F)F,C(C)[N+]1=CN(C=C1)C,FC(F)C(F)F,Table S3. VLE HFCs
620,620,[emim],[Tf2N],R134,348.1,0.2996,0.2189999999999999,FC(S(=O)(=O)[N-]S(=O)(=O)C(F)(F)F)(F)F,C(C)[N+]1=CN(C=C1)C,FC(F)C(F)F,Table S3. VLE HFCs
621,621,[emim],[Tf2N],R134,348.1,0.3505,0.25,FC(S(=O)(=O)[N-]S(=O)(=O)C(F)(F)F)(F)F,C(C)[N+]1=CN(C=C1)C,FC(F)C(F)F,Table S3. VLE HFCs
622,622,[emim],[Tf2N],R134a,283.7,0.01,0.019,FC(S(=O)(=O)[N-]S(=O)(=O)C(F)(F)F)(F)F,C(C)[N+]1=CN(C=C1)C,C(C(F)(F)F)F,Table S3. VLE HFCs
623,623,[emim],[Tf2N],R134a,282.7,0.0499,0.105,FC(S(=O)(=O)[N-]S(=O)(=O)C(F)(F)F)(F)F,C(C)[N+]1=CN(C=C1)C,C(C(F)(F)F)F,Table S3. VLE HFCs
624,624,[emim],[Tf2N],R134a,283.1,0.0998,0.2189999999999999,FC(S(=O)(=O)[N-]S(=O)(=O)C(F)(F)F)(F)F,C(C)[N+]1=CN(C=C1)C,C(C(F)(F)F)F,Table S3. VLE HFCs
625,625,[emim],[Tf2N],R134a,283.2,0.1498,0.318,FC(S(=O)(=O)[N-]S(=O)(=O)C(F)(F)F)(F)F,C(C)[N+]1=CN(C=C1)C,C(C(F)(F)F)F,Table S3. VLE HFCs
626,626,[emim],[Tf2N],R134a,283.2,0.2003,0.415,FC(S(=O)(=O)[N-]S(=O)(=O)C(F)(F)F)(F)F,C(C)[N+]1=CN(C=C1)C,C(C(F)(F)F)F,Table S3. VLE HFCs
627,627,[emim],[Tf2N],R134a,283.2,0.2501,0.516,FC(S(=O)(=O)[N-]S(=O)(=O)C(F)(F)F)(F)F,C(C)[N+]1=CN(C=C1)C,C(C(F)(F)F)F,Table S3. VLE HFCs
628,628,[emim],[Tf2N],R134a,283.2,0.3005,0.613,FC(S(=O)(=O)[N-]S(=O)(=O)C(F)(F)F)(F)F,C(C)[N+]1=CN(C=C1)C,C(C(F)(F)F)F,Table S3. VLE HFCs
629,629,[emim],[Tf2N],R134a,283.2,0.3501,0.755,FC(S(=O)(=O)[N-]S(=O)(=O)C(F)(F)F)(F)F,C(C)[N+]1=CN(C=C1)C,C(C(F)(F)F)F,Table S3. VLE HFCs
630,630,[emim],[Tf2N],R134a,298.2,0.0103,0.016,FC(S(=O)(=O)[N-]S(=O)(=O)C(F)(F)F)(F)F,C(C)[N+]1=CN(C=C1)C,C(C(F)(F)F)F,Table S3. VLE HFCs
631,631,[emim],[Tf2N],R134a,298.1,0.0499,0.071,FC(S(=O)(=O)[N-]S(=O)(=O)C(F)(F)F)(F)F,C(C)[N+]1=CN(C=C1)C,C(C(F)(F)F)F,Table S3. VLE HFCs
632,632,[emim],[Tf2N],R134a,298.1,0.1,0.138,FC(S(=O)(=O)[N-]S(=O)(=O)C(F)(F)F)(F)F,C(C)[N+]1=CN(C=C1)C,C(C(F)(F)F)F,Table S3. VLE HFCs
633,633,[emim],[Tf2N],R134a,298.1,0.1497,0.203,FC(S(=O)(=O)[N-]S(=O)(=O)C(F)(F)F)(F)F,C(C)[N+]1=CN(C=C1)C,C(C(F)(F)F)F,Table S3. VLE HFCs
634,634,[emim],[Tf2N],R134a,298.1,0.2001,0.263,FC(S(=O)(=O)[N-]S(=O)(=O)C(F)(F)F)(F)F,C(C)[N+]1=CN(C=C1)C,C(C(F)(F)F)F,Table S3. VLE HFCs
635,635,[emim],[Tf2N],R134a,298.2,0.2504,0.322,FC(S(=O)(=O)[N-]S(=O)(=O)C(F)(F)F)(F)F,C(C)[N+]1=CN(C=C1)C,C(C(F)(F)F)F,Table S3. VLE HFCs
636,636,[emim],[Tf2N],R134a,298.1,0.3,0.382,FC(S(=O)(=O)[N-]S(=O)(=O)C(F)(F)F)(F)F,C(C)[N+]1=CN(C=C1)C,C(C(F)(F)F)F,Table S3. VLE HFCs
637,637,[emim],[Tf2N],R134a,298.1,0.3492,0.4429999999999999,FC(S(=O)(=O)[N-]S(=O)(=O)C(F)(F)F)(F)F,C(C)[N+]1=CN(C=C1)C,C(C(F)(F)F)F,Table S3. VLE HFCs
638,638,[emim],[Tf2N],R134a,323.1,0.0103,0.008,FC(S(=O)(=O)[N-]S(=O)(=O)C(F)(F)F)(F)F,C(C)[N+]1=CN(C=C1)C,C(C(F)(F)F)F,Table S3. VLE HFCs
639,639,[emim],[Tf2N],R134a,323.1,0.0503,0.036,FC(S(=O)(=O)[N-]S(=O)(=O)C(F)(F)F)(F)F,C(C)[N+]1=CN(C=C1)C,C(C(F)(F)F)F,Table S3. VLE HFCs
640,640,[emim],[Tf2N],R134a,323.1,0.1,0.071,FC(S(=O)(=O)[N-]S(=O)(=O)C(F)(F)F)(F)F,C(C)[N+]1=CN(C=C1)C,C(C(F)(F)F)F,Table S3. VLE HFCs
641,641,[emim],[Tf2N],R134a,323.1,0.1502,0.105,FC(S(=O)(=O)[N-]S(=O)(=O)C(F)(F)F)(F)F,C(C)[N+]1=CN(C=C1)C,C(C(F)(F)F)F,Table S3. VLE HFCs
642,642,[emim],[Tf2N],R134a,323.1,0.2002,0.138,FC(S(=O)(=O)[N-]S(=O)(=O)C(F)(F)F)(F)F,C(C)[N+]1=CN(C=C1)C,C(C(F)(F)F)F,Table S3. VLE HFCs
643,643,[emim],[Tf2N],R134a,323.0,0.2504,0.1689999999999999,FC(S(=O)(=O)[N-]S(=O)(=O)C(F)(F)F)(F)F,C(C)[N+]1=CN(C=C1)C,C(C(F)(F)F)F,Table S3. VLE HFCs
644,644,[emim],[Tf2N],R134a,323.2,0.3003,0.201,FC(S(=O)(=O)[N-]S(=O)(=O)C(F)(F)F)(F)F,C(C)[N+]1=CN(C=C1)C,C(C(F)(F)F)F,Table S3. VLE HFCs
645,645,[emim],[Tf2N],R134a,323.1,0.3503,0.231,FC(S(=O)(=O)[N-]S(=O)(=O)C(F)(F)F)(F)F,C(C)[N+]1=CN(C=C1)C,C(C(F)(F)F)F,Table S3. VLE HFCs
646,646,[emim],[Tf2N],R134a,348.1,0.0105,0.0,FC(S(=O)(=O)[N-]S(=O)(=O)C(F)(F)F)(F)F,C(C)[N+]1=CN(C=C1)C,C(C(F)(F)F)F,Table S3. VLE HFCs
647,647,[emim],[Tf2N],R134a,348.1,0.0503,0.017,FC(S(=O)(=O)[N-]S(=O)(=O)C(F)(F)F)(F)F,C(C)[N+]1=CN(C=C1)C,C(C(F)(F)F)F,Table S3. VLE HFCs
648,648,[emim],[Tf2N],R134a,348.1,0.1003,0.038,FC(S(=O)(=O)[N-]S(=O)(=O)C(F)(F)F)(F)F,C(C)[N+]1=CN(C=C1)C,C(C(F)(F)F)F,Table S3. VLE HFCs
649,649,[emim],[Tf2N],R134a,348.1,0.1503,0.0579999999999999,FC(S(=O)(=O)[N-]S(=O)(=O)C(F)(F)F)(F)F,C(C)[N+]1=CN(C=C1)C,C(C(F)(F)F)F,Table S3. VLE HFCs
650,650,[emim],[Tf2N],R134a,348.1,0.2001,0.077,FC(S(=O)(=O)[N-]S(=O)(=O)C(F)(F)F)(F)F,C(C)[N+]1=CN(C=C1)C,C(C(F)(F)F)F,Table S3. VLE HFCs
651,651,[emim],[Tf2N],R134a,348.1,0.2502,0.096,FC(S(=O)(=O)[N-]S(=O)(=O)C(F)(F)F)(F)F,C(C)[N+]1=CN(C=C1)C,C(C(F)(F)F)F,Table S3. VLE HFCs
652,652,[emim],[Tf2N],R134a,348.1,0.3002,0.115,FC(S(=O)(=O)[N-]S(=O)(=O)C(F)(F)F)(F)F,C(C)[N+]1=CN(C=C1)C,C(C(F)(F)F)F,Table S3. VLE HFCs
653,653,[emim],[Tf2N],R134a,348.1,0.3501,0.133,FC(S(=O)(=O)[N-]S(=O)(=O)C(F)(F)F)(F)F,C(C)[N+]1=CN(C=C1)C,C(C(F)(F)F)F,Table S3. VLE HFCs
654,654,[emim],[Tf2N],R134a,298.0,0.028,0.0161,FC(S(=O)(=O)[N-]S(=O)(=O)C(F)(F)F)(F)F,C(C)[N+]1=CN(C=C1)C,C(C(F)(F)F)F,Table S3. VLE HFCs
655,655,[emim],[Tf2N],R134a,298.0,0.048,0.0411,FC(S(=O)(=O)[N-]S(=O)(=O)C(F)(F)F)(F)F,C(C)[N+]1=CN(C=C1)C,C(C(F)(F)F)F,Table S3. VLE HFCs
656,656,[emim],[Tf2N],R134a,298.0,0.079,0.0754,FC(S(=O)(=O)[N-]S(=O)(=O)C(F)(F)F)(F)F,C(C)[N+]1=CN(C=C1)C,C(C(F)(F)F)F,Table S3. VLE HFCs
657,657,[emim],[Tf2N],R134a,298.0,0.125,0.1392,FC(S(=O)(=O)[N-]S(=O)(=O)C(F)(F)F)(F)F,C(C)[N+]1=CN(C=C1)C,C(C(F)(F)F)F,Table S3. VLE HFCs
658,658,[emim],[Tf2N],R134a,298.0,0.195,0.2304,FC(S(=O)(=O)[N-]S(=O)(=O)C(F)(F)F)(F)F,C(C)[N+]1=CN(C=C1)C,C(C(F)(F)F)F,Table S3. VLE HFCs
659,659,[emim],[Tf2N],R134a,298.0,0.244,0.2943,FC(S(=O)(=O)[N-]S(=O)(=O)C(F)(F)F)(F)F,C(C)[N+]1=CN(C=C1)C,C(C(F)(F)F)F,Table S3. VLE HFCs
660,660,[emim],[Tf2N],R134a,298.0,0.286,0.3428,FC(S(=O)(=O)[N-]S(=O)(=O)C(F)(F)F)(F)F,C(C)[N+]1=CN(C=C1)C,C(C(F)(F)F)F,Table S3. VLE HFCs
661,661,[emim],[Tf2N],R134a,298.0,0.335,0.3992,FC(S(=O)(=O)[N-]S(=O)(=O)C(F)(F)F)(F)F,C(C)[N+]1=CN(C=C1)C,C(C(F)(F)F)F,Table S3. VLE HFCs
662,662,[emim],[Tf2N],R134a,298.0,0.395,0.4681,FC(S(=O)(=O)[N-]S(=O)(=O)C(F)(F)F)(F)F,C(C)[N+]1=CN(C=C1)C,C(C(F)(F)F)F,Table S3. VLE HFCs
663,663,[emim],[Tf2N],R134a,298.0,0.444,0.5228,FC(S(=O)(=O)[N-]S(=O)(=O)C(F)(F)F)(F)F,C(C)[N+]1=CN(C=C1)C,C(C(F)(F)F)F,Table S3. VLE HFCs
664,664,[emim],[Tf2N],R134a,298.0,0.493,0.5812,FC(S(=O)(=O)[N-]S(=O)(=O)C(F)(F)F)(F)F,C(C)[N+]1=CN(C=C1)C,C(C(F)(F)F)F,Table S3. VLE HFCs
665,665,[emim],[Tf2N],R134a,298.0,0.537,0.6344,FC(S(=O)(=O)[N-]S(=O)(=O)C(F)(F)F)(F)F,C(C)[N+]1=CN(C=C1)C,C(C(F)(F)F)F,Table S3. VLE HFCs
666,666,[emim],[Tf2N],R134a,298.0,0.585,0.7004,FC(S(=O)(=O)[N-]S(=O)(=O)C(F)(F)F)(F)F,C(C)[N+]1=CN(C=C1)C,C(C(F)(F)F)F,Table S3. VLE HFCs
667,667,[emim],[Tf2N],R134a,298.0,0.624,0.7667,FC(S(=O)(=O)[N-]S(=O)(=O)C(F)(F)F)(F)F,C(C)[N+]1=CN(C=C1)C,C(C(F)(F)F)F,Table S3. VLE HFCs
668,668,[emim],[Tf2N],R134a,298.0,0.648,0.8183,FC(S(=O)(=O)[N-]S(=O)(=O)C(F)(F)F)(F)F,C(C)[N+]1=CN(C=C1)C,C(C(F)(F)F)F,Table S3. VLE HFCs
669,669,[emim],[Tf2N],R134a,323.0,0.034,0.0105,FC(S(=O)(=O)[N-]S(=O)(=O)C(F)(F)F)(F)F,C(C)[N+]1=CN(C=C1)C,C(C(F)(F)F)F,Table S3. VLE HFCs
670,670,[emim],[Tf2N],R134a,323.0,0.104,0.0616,FC(S(=O)(=O)[N-]S(=O)(=O)C(F)(F)F)(F)F,C(C)[N+]1=CN(C=C1)C,C(C(F)(F)F)F,Table S3. VLE HFCs
671,671,[emim],[Tf2N],R134a,323.0,0.166,0.1055,FC(S(=O)(=O)[N-]S(=O)(=O)C(F)(F)F)(F)F,C(C)[N+]1=CN(C=C1)C,C(C(F)(F)F)F,Table S3. VLE HFCs
672,672,[emim],[Tf2N],R134a,323.0,0.208,0.1345,FC(S(=O)(=O)[N-]S(=O)(=O)C(F)(F)F)(F)F,C(C)[N+]1=CN(C=C1)C,C(C(F)(F)F)F,Table S3. VLE HFCs
673,673,[emim],[Tf2N],R134a,323.0,0.284,0.1844,FC(S(=O)(=O)[N-]S(=O)(=O)C(F)(F)F)(F)F,C(C)[N+]1=CN(C=C1)C,C(C(F)(F)F)F,Table S3. VLE HFCs
674,674,[emim],[Tf2N],R134a,323.0,0.379,0.2437,FC(S(=O)(=O)[N-]S(=O)(=O)C(F)(F)F)(F)F,C(C)[N+]1=CN(C=C1)C,C(C(F)(F)F)F,Table S3. VLE HFCs
675,675,[emim],[Tf2N],R134a,323.0,0.469,0.2986,FC(S(=O)(=O)[N-]S(=O)(=O)C(F)(F)F)(F)F,C(C)[N+]1=CN(C=C1)C,C(C(F)(F)F)F,Table S3. VLE HFCs
676,676,[emim],[Tf2N],R134a,323.0,0.566,0.3531,FC(S(=O)(=O)[N-]S(=O)(=O)C(F)(F)F)(F)F,C(C)[N+]1=CN(C=C1)C,C(C(F)(F)F)F,Table S3. VLE HFCs
677,677,[emim],[Tf2N],R134a,323.0,0.667,0.409,FC(S(=O)(=O)[N-]S(=O)(=O)C(F)(F)F)(F)F,C(C)[N+]1=CN(C=C1)C,C(C(F)(F)F)F,Table S3. VLE HFCs
678,678,[emim],[Tf2N],R134a,323.0,0.786,0.4745,FC(S(=O)(=O)[N-]S(=O)(=O)C(F)(F)F)(F)F,C(C)[N+]1=CN(C=C1)C,C(C(F)(F)F)F,Table S3. VLE HFCs
679,679,[emim],[Tf2N],R134a,323.0,0.901,0.5338,FC(S(=O)(=O)[N-]S(=O)(=O)C(F)(F)F)(F)F,C(C)[N+]1=CN(C=C1)C,C(C(F)(F)F)F,Table S3. VLE HFCs
680,680,[emim],[Tf2N],R134a,323.0,0.995,0.5884,FC(S(=O)(=O)[N-]S(=O)(=O)C(F)(F)F)(F)F,C(C)[N+]1=CN(C=C1)C,C(C(F)(F)F)F,Table S3. VLE HFCs
681,681,[emim],[Tf2N],R134a,323.0,1.089,0.6465,FC(S(=O)(=O)[N-]S(=O)(=O)C(F)(F)F)(F)F,C(C)[N+]1=CN(C=C1)C,C(C(F)(F)F)F,Table S3. VLE HFCs
682,682,[emim],[Tf2N],R134a,323.0,1.174,0.6974,FC(S(=O)(=O)[N-]S(=O)(=O)C(F)(F)F)(F)F,C(C)[N+]1=CN(C=C1)C,C(C(F)(F)F)F,Table S3. VLE HFCs
683,683,[emim],[Tf2N],R134a,323.0,1.24,0.7486,FC(S(=O)(=O)[N-]S(=O)(=O)C(F)(F)F)(F)F,C(C)[N+]1=CN(C=C1)C,C(C(F)(F)F)F,Table S3. VLE HFCs
684,684,[emim],[Tf2N],R134a,348.0,0.051,0.0087,FC(S(=O)(=O)[N-]S(=O)(=O)C(F)(F)F)(F)F,C(C)[N+]1=CN(C=C1)C,C(C(F)(F)F)F,Table S3. VLE HFCs
685,685,[emim],[Tf2N],R134a,348.0,0.082,0.0203,FC(S(=O)(=O)[N-]S(=O)(=O)C(F)(F)F)(F)F,C(C)[N+]1=CN(C=C1)C,C(C(F)(F)F)F,Table S3. VLE HFCs
686,686,[emim],[Tf2N],R134a,348.0,0.133,0.0409,FC(S(=O)(=O)[N-]S(=O)(=O)C(F)(F)F)(F)F,C(C)[N+]1=CN(C=C1)C,C(C(F)(F)F)F,Table S3. VLE HFCs
687,687,[emim],[Tf2N],R134a,348.0,0.204,0.0715,FC(S(=O)(=O)[N-]S(=O)(=O)C(F)(F)F)(F)F,C(C)[N+]1=CN(C=C1)C,C(C(F)(F)F)F,Table S3. VLE HFCs
688,688,[emim],[Tf2N],R134a,348.0,0.279,0.1035,FC(S(=O)(=O)[N-]S(=O)(=O)C(F)(F)F)(F)F,C(C)[N+]1=CN(C=C1)C,C(C(F)(F)F)F,Table S3. VLE HFCs
689,689,[emim],[Tf2N],R134a,348.0,0.364,0.1355,FC(S(=O)(=O)[N-]S(=O)(=O)C(F)(F)F)(F)F,C(C)[N+]1=CN(C=C1)C,C(C(F)(F)F)F,Table S3. VLE HFCs
690,690,[emim],[Tf2N],R134a,348.0,0.448,0.167,FC(S(=O)(=O)[N-]S(=O)(=O)C(F)(F)F)(F)F,C(C)[N+]1=CN(C=C1)C,C(C(F)(F)F)F,Table S3. VLE HFCs
691,691,[emim],[Tf2N],R134a,348.0,0.526,0.1963,FC(S(=O)(=O)[N-]S(=O)(=O)C(F)(F)F)(F)F,C(C)[N+]1=CN(C=C1)C,C(C(F)(F)F)F,Table S3. VLE HFCs
692,692,[emim],[Tf2N],R134a,348.0,0.634,0.2354,FC(S(=O)(=O)[N-]S(=O)(=O)C(F)(F)F)(F)F,C(C)[N+]1=CN(C=C1)C,C(C(F)(F)F)F,Table S3. VLE HFCs
693,693,[emim],[Tf2N],R134a,348.0,0.763,0.2818,FC(S(=O)(=O)[N-]S(=O)(=O)C(F)(F)F)(F)F,C(C)[N+]1=CN(C=C1)C,C(C(F)(F)F)F,Table S3. VLE HFCs
694,694,[emim],[Tf2N],R134a,348.0,0.896,0.3235,FC(S(=O)(=O)[N-]S(=O)(=O)C(F)(F)F)(F)F,C(C)[N+]1=CN(C=C1)C,C(C(F)(F)F)F,Table S3. VLE HFCs
695,695,[emim],[Tf2N],R134a,348.0,1.026,0.3644,FC(S(=O)(=O)[N-]S(=O)(=O)C(F)(F)F)(F)F,C(C)[N+]1=CN(C=C1)C,C(C(F)(F)F)F,Table S3. VLE HFCs
696,696,[emim],[Tf2N],R134a,348.0,1.146,0.4014,FC(S(=O)(=O)[N-]S(=O)(=O)C(F)(F)F)(F)F,C(C)[N+]1=CN(C=C1)C,C(C(F)(F)F)F,Table S3. VLE HFCs
697,697,[emim],[Tf2N],R134a,348.0,1.268,0.4345,FC(S(=O)(=O)[N-]S(=O)(=O)C(F)(F)F)(F)F,C(C)[N+]1=CN(C=C1)C,C(C(F)(F)F)F,Table S3. VLE HFCs
698,698,[emim],[Tf2N],R134a,348.0,1.399,0.4722,FC(S(=O)(=O)[N-]S(=O)(=O)C(F)(F)F)(F)F,C(C)[N+]1=CN(C=C1)C,C(C(F)(F)F)F,Table S3. VLE HFCs
699,699,[emim],[Tf2N],R134a,348.0,1.757,0.5687,FC(S(=O)(=O)[N-]S(=O)(=O)C(F)(F)F)(F)F,C(C)[N+]1=CN(C=C1)C,C(C(F)(F)F)F,Table S3. VLE HFCs
700,700,[emim],[Tf2N],R134a,348.0,2.16,0.6928,FC(S(=O)(=O)[N-]S(=O)(=O)C(F)(F)F)(F)F,C(C)[N+]1=CN(C=C1)C,C(C(F)(F)F)F,Table S3. VLE HFCs
701,701,[emim],[Tf2N],R134a,303.0,0.024864,0.03082,FC(S(=O)(=O)[N-]S(=O)(=O)C(F)(F)F)(F)F,C(C)[N+]1=CN(C=C1)C,C(C(F)(F)F)F,Table S3. VLE HFCs
702,702,[emim],[Tf2N],R134a,303.0,0.049899,0.06037,FC(S(=O)(=O)[N-]S(=O)(=O)C(F)(F)F)(F)F,C(C)[N+]1=CN(C=C1)C,C(C(F)(F)F)F,Table S3. VLE HFCs
703,703,[emim],[Tf2N],R134a,303.0,0.099831,0.11688,FC(S(=O)(=O)[N-]S(=O)(=O)C(F)(F)F)(F)F,C(C)[N+]1=CN(C=C1)C,C(C(F)(F)F)F,Table S3. VLE HFCs
704,704,[emim],[Tf2N],R134a,303.0,0.199944,0.22381,FC(S(=O)(=O)[N-]S(=O)(=O)C(F)(F)F)(F)F,C(C)[N+]1=CN(C=C1)C,C(C(F)(F)F)F,Table S3. VLE HFCs
705,705,[emim],[Tf2N],R134a,303.0,0.299517,0.32311,FC(S(=O)(=O)[N-]S(=O)(=O)C(F)(F)F)(F)F,C(C)[N+]1=CN(C=C1)C,C(C(F)(F)F)F,Table S3. VLE HFCs
706,706,[emim],[Tf2N],R134a,303.0,0.349947,0.37076,FC(S(=O)(=O)[N-]S(=O)(=O)C(F)(F)F)(F)F,C(C)[N+]1=CN(C=C1)C,C(C(F)(F)F)F,Table S3. VLE HFCs
707,707,[emim],[Tf2N],R134a,303.15,0.0155,0.0257,FC(S(=O)(=O)[N-]S(=O)(=O)C(F)(F)F)(F)F,C(C)[N+]1=CN(C=C1)C,C(C(F)(F)F)F,Table S3. VLE HFCs
708,708,[emim],[Tf2N],R134a,303.15,0.0498,0.052,FC(S(=O)(=O)[N-]S(=O)(=O)C(F)(F)F)(F)F,C(C)[N+]1=CN(C=C1)C,C(C(F)(F)F)F,Table S3. VLE HFCs
709,709,[emim],[Tf2N],R134a,303.15,0.0599,0.07,FC(S(=O)(=O)[N-]S(=O)(=O)C(F)(F)F)(F)F,C(C)[N+]1=CN(C=C1)C,C(C(F)(F)F)F,Table S3. VLE HFCs
710,710,[emim],[Tf2N],R134a,303.15,0.0968,0.0981,FC(S(=O)(=O)[N-]S(=O)(=O)C(F)(F)F)(F)F,C(C)[N+]1=CN(C=C1)C,C(C(F)(F)F)F,Table S3. VLE HFCs
711,711,[emim],[Tf2N],R134a,303.15,0.1319,0.1322,FC(S(=O)(=O)[N-]S(=O)(=O)C(F)(F)F)(F)F,C(C)[N+]1=CN(C=C1)C,C(C(F)(F)F)F,Table S3. VLE HFCs
712,712,[emim],[Tf2N],R134a,303.15,0.1921,0.189,FC(S(=O)(=O)[N-]S(=O)(=O)C(F)(F)F)(F)F,C(C)[N+]1=CN(C=C1)C,C(C(F)(F)F)F,Table S3. VLE HFCs
713,713,[emim],[Tf2N],R134a,303.15,0.2221,0.2186,FC(S(=O)(=O)[N-]S(=O)(=O)C(F)(F)F)(F)F,C(C)[N+]1=CN(C=C1)C,C(C(F)(F)F)F,Table S3. VLE HFCs
714,714,[emim],[Tf2N],R134a,303.15,0.2697,0.2571,FC(S(=O)(=O)[N-]S(=O)(=O)C(F)(F)F)(F)F,C(C)[N+]1=CN(C=C1)C,C(C(F)(F)F)F,Table S3. VLE HFCs
715,715,[emim],[Tf2N],R134a,303.15,0.3134,0.2968,FC(S(=O)(=O)[N-]S(=O)(=O)C(F)(F)F)(F)F,C(C)[N+]1=CN(C=C1)C,C(C(F)(F)F)F,Table S3. VLE HFCs
716,716,[emim],[Tf2N],R134a,303.15,0.3509,0.3251,FC(S(=O)(=O)[N-]S(=O)(=O)C(F)(F)F)(F)F,C(C)[N+]1=CN(C=C1)C,C(C(F)(F)F)F,Table S3. VLE HFCs
717,717,[emim],[Tf2N],R134a,303.15,0.4466,0.406,FC(S(=O)(=O)[N-]S(=O)(=O)C(F)(F)F)(F)F,C(C)[N+]1=CN(C=C1)C,C(C(F)(F)F)F,Table S3. VLE HFCs
718,718,[emim],[Tf2N],R134a,303.15,0.4928,0.442,FC(S(=O)(=O)[N-]S(=O)(=O)C(F)(F)F)(F)F,C(C)[N+]1=CN(C=C1)C,C(C(F)(F)F)F,Table S3. VLE HFCs
719,719,[emim],[Tf2N],R134a,303.15,0.018,0.0147,FC(S(=O)(=O)[N-]S(=O)(=O)C(F)(F)F)(F)F,C(C)[N+]1=CN(C=C1)C,C(C(F)(F)F)F,Table S3. VLE HFCs
720,720,[emim],[Tf2N],R134a,303.15,0.032,0.0326,FC(S(=O)(=O)[N-]S(=O)(=O)C(F)(F)F)(F)F,C(C)[N+]1=CN(C=C1)C,C(C(F)(F)F)F,Table S3. VLE HFCs
721,721,[emim],[Tf2N],R134a,303.15,0.045,0.0518,FC(S(=O)(=O)[N-]S(=O)(=O)C(F)(F)F)(F)F,C(C)[N+]1=CN(C=C1)C,C(C(F)(F)F)F,Table S3. VLE HFCs
722,722,[emim],[Tf2N],R134a,303.15,0.068,0.076,FC(S(=O)(=O)[N-]S(=O)(=O)C(F)(F)F)(F)F,C(C)[N+]1=CN(C=C1)C,C(C(F)(F)F)F,Table S3. VLE HFCs
723,723,[emim],[Tf2N],R134a,303.15,0.097,0.105,FC(S(=O)(=O)[N-]S(=O)(=O)C(F)(F)F)(F)F,C(C)[N+]1=CN(C=C1)C,C(C(F)(F)F)F,Table S3. VLE HFCs
724,724,[emim],[Tf2N],R134a,303.15,0.124,0.132,FC(S(=O)(=O)[N-]S(=O)(=O)C(F)(F)F)(F)F,C(C)[N+]1=CN(C=C1)C,C(C(F)(F)F)F,Table S3. VLE HFCs
725,725,[emim],[Tf2N],R134a,303.15,0.155,0.156,FC(S(=O)(=O)[N-]S(=O)(=O)C(F)(F)F)(F)F,C(C)[N+]1=CN(C=C1)C,C(C(F)(F)F)F,Table S3. VLE HFCs
726,726,[emim],[Tf2N],R125,283.1,0.01,0.008,FC(S(=O)(=O)[N-]S(=O)(=O)C(F)(F)F)(F)F,C(C)[N+]1=CN(C=C1)C,C(F)(F)(C(F)(F)F),Table S3. VLE HFCs
727,727,[emim],[Tf2N],R125,283.1,0.1,0.085,FC(S(=O)(=O)[N-]S(=O)(=O)C(F)(F)F)(F)F,C(C)[N+]1=CN(C=C1)C,C(F)(F)(C(F)(F)F),Table S3. VLE HFCs
728,728,[emim],[Tf2N],R125,283.1,0.1997,0.168,FC(S(=O)(=O)[N-]S(=O)(=O)C(F)(F)F)(F)F,C(C)[N+]1=CN(C=C1)C,C(F)(F)(C(F)(F)F),Table S3. VLE HFCs
729,729,[emim],[Tf2N],R125,283.1,0.2977,0.25,FC(S(=O)(=O)[N-]S(=O)(=O)C(F)(F)F)(F)F,C(C)[N+]1=CN(C=C1)C,C(F)(F)(C(F)(F)F),Table S3. VLE HFCs
730,730,[emim],[Tf2N],R125,283.1,0.3997,0.331,FC(S(=O)(=O)[N-]S(=O)(=O)C(F)(F)F)(F)F,C(C)[N+]1=CN(C=C1)C,C(F)(F)(C(F)(F)F),Table S3. VLE HFCs
731,731,[emim],[Tf2N],R125,283.1,0.4999,0.413,FC(S(=O)(=O)[N-]S(=O)(=O)C(F)(F)F)(F)F,C(C)[N+]1=CN(C=C1)C,C(F)(F)(C(F)(F)F),Table S3. VLE HFCs
732,732,[emim],[Tf2N],R125,283.1,0.5997,0.496,FC(S(=O)(=O)[N-]S(=O)(=O)C(F)(F)F)(F)F,C(C)[N+]1=CN(C=C1)C,C(F)(F)(C(F)(F)F),Table S3. VLE HFCs
733,733,[emim],[Tf2N],R125,283.1,0.6999,0.583,FC(S(=O)(=O)[N-]S(=O)(=O)C(F)(F)F)(F)F,C(C)[N+]1=CN(C=C1)C,C(F)(F)(C(F)(F)F),Table S3. VLE HFCs
734,734,[emim],[Tf2N],R125,283.1,0.7996,0.6809999999999999,FC(S(=O)(=O)[N-]S(=O)(=O)C(F)(F)F)(F)F,C(C)[N+]1=CN(C=C1)C,C(F)(F)(C(F)(F)F),Table S3. VLE HFCs
735,735,[emim],[Tf2N],R125,298.1,0.0102,0.006,FC(S(=O)(=O)[N-]S(=O)(=O)C(F)(F)F)(F)F,C(C)[N+]1=CN(C=C1)C,C(F)(F)(C(F)(F)F),Table S3. VLE HFCs
736,736,[emim],[Tf2N],R125,298.1,0.0998,0.055,FC(S(=O)(=O)[N-]S(=O)(=O)C(F)(F)F)(F)F,C(C)[N+]1=CN(C=C1)C,C(F)(F)(C(F)(F)F),Table S3. VLE HFCs
737,737,[emim],[Tf2N],R125,298.1,0.1997,0.109,FC(S(=O)(=O)[N-]S(=O)(=O)C(F)(F)F)(F)F,C(C)[N+]1=CN(C=C1)C,C(F)(F)(C(F)(F)F),Table S3. VLE HFCs
738,738,[emim],[Tf2N],R125,298.1,0.2997,0.161,FC(S(=O)(=O)[N-]S(=O)(=O)C(F)(F)F)(F)F,C(C)[N+]1=CN(C=C1)C,C(F)(F)(C(F)(F)F),Table S3. VLE HFCs
739,739,[emim],[Tf2N],R125,298.2,0.3996,0.213,FC(S(=O)(=O)[N-]S(=O)(=O)C(F)(F)F)(F)F,C(C)[N+]1=CN(C=C1)C,C(F)(F)(C(F)(F)F),Table S3. VLE HFCs
740,740,[emim],[Tf2N],R125,298.2,0.4999,0.267,FC(S(=O)(=O)[N-]S(=O)(=O)C(F)(F)F)(F)F,C(C)[N+]1=CN(C=C1)C,C(F)(F)(C(F)(F)F),Table S3. VLE HFCs
741,741,[emim],[Tf2N],R125,298.2,0.5997,0.317,FC(S(=O)(=O)[N-]S(=O)(=O)C(F)(F)F)(F)F,C(C)[N+]1=CN(C=C1)C,C(F)(F)(C(F)(F)F),Table S3. VLE HFCs
742,742,[emim],[Tf2N],R125,298.1,0.8001,0.422,FC(S(=O)(=O)[N-]S(=O)(=O)C(F)(F)F)(F)F,C(C)[N+]1=CN(C=C1)C,C(F)(F)(C(F)(F)F),Table S3. VLE HFCs
743,743,[emim],[Tf2N],R125,298.1,0.9998,0.521,FC(S(=O)(=O)[N-]S(=O)(=O)C(F)(F)F)(F)F,C(C)[N+]1=CN(C=C1)C,C(F)(F)(C(F)(F)F),Table S3. VLE HFCs
744,744,[emim],[Tf2N],R125,323.1,0.0102,0.004,FC(S(=O)(=O)[N-]S(=O)(=O)C(F)(F)F)(F)F,C(C)[N+]1=CN(C=C1)C,C(F)(F)(C(F)(F)F),Table S3. VLE HFCs
745,745,[emim],[Tf2N],R125,323.1,0.0998,0.03,FC(S(=O)(=O)[N-]S(=O)(=O)C(F)(F)F)(F)F,C(C)[N+]1=CN(C=C1)C,C(F)(F)(C(F)(F)F),Table S3. VLE HFCs
746,746,[emim],[Tf2N],R125,323.1,0.2,0.059,FC(S(=O)(=O)[N-]S(=O)(=O)C(F)(F)F)(F)F,C(C)[N+]1=CN(C=C1)C,C(F)(F)(C(F)(F)F),Table S3. VLE HFCs
747,747,[emim],[Tf2N],R125,323.1,0.2998,0.088,FC(S(=O)(=O)[N-]S(=O)(=O)C(F)(F)F)(F)F,C(C)[N+]1=CN(C=C1)C,C(F)(F)(C(F)(F)F),Table S3. VLE HFCs
748,748,[emim],[Tf2N],R125,323.1,0.3996,0.1169999999999999,FC(S(=O)(=O)[N-]S(=O)(=O)C(F)(F)F)(F)F,C(C)[N+]1=CN(C=C1)C,C(F)(F)(C(F)(F)F),Table S3. VLE HFCs
749,749,[emim],[Tf2N],R125,323.1,0.5002,0.152,FC(S(=O)(=O)[N-]S(=O)(=O)C(F)(F)F)(F)F,C(C)[N+]1=CN(C=C1)C,C(F)(F)(C(F)(F)F),Table S3. VLE HFCs
750,750,[emim],[Tf2N],R125,323.1,0.5997,0.176,FC(S(=O)(=O)[N-]S(=O)(=O)C(F)(F)F)(F)F,C(C)[N+]1=CN(C=C1)C,C(F)(F)(C(F)(F)F),Table S3. VLE HFCs
751,751,[emim],[Tf2N],R125,323.1,0.7999,0.228,FC(S(=O)(=O)[N-]S(=O)(=O)C(F)(F)F)(F)F,C(C)[N+]1=CN(C=C1)C,C(F)(F)(C(F)(F)F),Table S3. VLE HFCs
752,752,[emim],[Tf2N],R125,323.1,1.0001,0.285,FC(S(=O)(=O)[N-]S(=O)(=O)C(F)(F)F)(F)F,C(C)[N+]1=CN(C=C1)C,C(F)(F)(C(F)(F)F),Table S3. VLE HFCs
753,753,[emim],[Tf2N],R125,348.1,0.0102,0.004,FC(S(=O)(=O)[N-]S(=O)(=O)C(F)(F)F)(F)F,C(C)[N+]1=CN(C=C1)C,C(F)(F)(C(F)(F)F),Table S3. VLE HFCs
754,754,[emim],[Tf2N],R125,348.1,0.1,0.018,FC(S(=O)(=O)[N-]S(=O)(=O)C(F)(F)F)(F)F,C(C)[N+]1=CN(C=C1)C,C(F)(F)(C(F)(F)F),Table S3. VLE HFCs
755,755,[emim],[Tf2N],R125,348.1,0.1997,0.034,FC(S(=O)(=O)[N-]S(=O)(=O)C(F)(F)F)(F)F,C(C)[N+]1=CN(C=C1)C,C(F)(F)(C(F)(F)F),Table S3. VLE HFCs
756,756,[emim],[Tf2N],R125,348.1,0.2998,0.05,FC(S(=O)(=O)[N-]S(=O)(=O)C(F)(F)F)(F)F,C(C)[N+]1=CN(C=C1)C,C(F)(F)(C(F)(F)F),Table S3. VLE HFCs
757,757,[emim],[Tf2N],R125,348.1,0.3998,0.074,FC(S(=O)(=O)[N-]S(=O)(=O)C(F)(F)F)(F)F,C(C)[N+]1=CN(C=C1)C,C(F)(F)(C(F)(F)F),Table S3. VLE HFCs
758,758,[emim],[Tf2N],R125,348.1,0.5001,0.0969999999999999,FC(S(=O)(=O)[N-]S(=O)(=O)C(F)(F)F)(F)F,C(C)[N+]1=CN(C=C1)C,C(F)(F)(C(F)(F)F),Table S3. VLE HFCs
759,759,[emim],[Tf2N],R125,348.1,0.5996,0.105,FC(S(=O)(=O)[N-]S(=O)(=O)C(F)(F)F)(F)F,C(C)[N+]1=CN(C=C1)C,C(F)(F)(C(F)(F)F),Table S3. VLE HFCs
760,760,[emim],[Tf2N],R125,348.2,0.7998,0.14,FC(S(=O)(=O)[N-]S(=O)(=O)C(F)(F)F)(F)F,C(C)[N+]1=CN(C=C1)C,C(F)(F)(C(F)(F)F),Table S3. VLE HFCs
761,761,[emim],[Tf2N],R125,348.1,0.9997,0.171,FC(S(=O)(=O)[N-]S(=O)(=O)C(F)(F)F)(F)F,C(C)[N+]1=CN(C=C1)C,C(F)(F)(C(F)(F)F),Table S3. VLE HFCs
762,762,[emim],[Tf2N],R125,303.15,0.0266,0.0201,FC(S(=O)(=O)[N-]S(=O)(=O)C(F)(F)F)(F)F,C(C)[N+]1=CN(C=C1)C,C(F)(F)(C(F)(F)F),Table S3. VLE HFCs
763,763,[emim],[Tf2N],R125,303.15,0.063,0.0305,FC(S(=O)(=O)[N-]S(=O)(=O)C(F)(F)F)(F)F,C(C)[N+]1=CN(C=C1)C,C(F)(F)(C(F)(F)F),Table S3. VLE HFCs
764,764,[emim],[Tf2N],R125,303.15,0.0907,0.0466,FC(S(=O)(=O)[N-]S(=O)(=O)C(F)(F)F)(F)F,C(C)[N+]1=CN(C=C1)C,C(F)(F)(C(F)(F)F),Table S3. VLE HFCs
765,765,[emim],[Tf2N],R125,303.15,0.1576,0.0691,FC(S(=O)(=O)[N-]S(=O)(=O)C(F)(F)F)(F)F,C(C)[N+]1=CN(C=C1)C,C(F)(F)(C(F)(F)F),Table S3. VLE HFCs
766,766,[emim],[Tf2N],R125,303.15,0.2241,0.1073,FC(S(=O)(=O)[N-]S(=O)(=O)C(F)(F)F)(F)F,C(C)[N+]1=CN(C=C1)C,C(F)(F)(C(F)(F)F),Table S3. VLE HFCs
767,767,[emim],[Tf2N],R125,303.15,0.2715,0.1295,FC(S(=O)(=O)[N-]S(=O)(=O)C(F)(F)F)(F)F,C(C)[N+]1=CN(C=C1)C,C(F)(F)(C(F)(F)F),Table S3. VLE HFCs
768,768,[emim],[Tf2N],R125,303.15,0.3532,0.1681,FC(S(=O)(=O)[N-]S(=O)(=O)C(F)(F)F)(F)F,C(C)[N+]1=CN(C=C1)C,C(F)(F)(C(F)(F)F),Table S3. VLE HFCs
769,769,[emim],[Tf2N],R125,303.15,0.4345,0.2022,FC(S(=O)(=O)[N-]S(=O)(=O)C(F)(F)F)(F)F,C(C)[N+]1=CN(C=C1)C,C(F)(F)(C(F)(F)F),Table S3. VLE HFCs
770,770,[emim],[Tf2N],R125,303.15,0.4853,0.2279,FC(S(=O)(=O)[N-]S(=O)(=O)C(F)(F)F)(F)F,C(C)[N+]1=CN(C=C1)C,C(F)(F)(C(F)(F)F),Table S3. VLE HFCs
771,771,[emim],[Tf2N],R125,303.15,0.6084,0.2787,FC(S(=O)(=O)[N-]S(=O)(=O)C(F)(F)F)(F)F,C(C)[N+]1=CN(C=C1)C,C(F)(F)(C(F)(F)F),Table S3. VLE HFCs
772,772,[emim],[TFES],R32,298.15,0.0099,0.006,FC(F)C(F)(F)S(=O)(=O)[O-],C(C)[N+]1=CN(C=C1)C,C(F)F,Table S3. VLE HFCs
773,773,[emim],[TFES],R32,298.05,0.0991,0.054,FC(F)C(F)(F)S(=O)(=O)[O-],C(C)[N+]1=CN(C=C1)C,C(F)F,Table S3. VLE HFCs
774,774,[emim],[TFES],R32,298.05,0.2484,0.133,FC(F)C(F)(F)S(=O)(=O)[O-],C(C)[N+]1=CN(C=C1)C,C(F)F,Table S3. VLE HFCs
775,775,[emim],[TFES],R32,298.05,0.3995,0.209,FC(F)C(F)(F)S(=O)(=O)[O-],C(C)[N+]1=CN(C=C1)C,C(F)F,Table S3. VLE HFCs
776,776,[emim],[TFES],R32,298.05,0.5496,0.2789999999999999,FC(F)C(F)(F)S(=O)(=O)[O-],C(C)[N+]1=CN(C=C1)C,C(F)F,Table S3. VLE HFCs
777,777,[emim],[TFES],R32,298.05,0.7022,0.348,FC(F)C(F)(F)S(=O)(=O)[O-],C(C)[N+]1=CN(C=C1)C,C(F)F,Table S3. VLE HFCs
778,778,[emim],[TFES],R32,298.05,0.8483,0.413,FC(F)C(F)(F)S(=O)(=O)[O-],C(C)[N+]1=CN(C=C1)C,C(F)F,Table S3. VLE HFCs
779,779,[emim],[TFES],R32,298.05,1.0016,0.477,FC(F)C(F)(F)S(=O)(=O)[O-],C(C)[N+]1=CN(C=C1)C,C(F)F,Table S3. VLE HFCs
780,780,[bmim],[Ac],R32,298.25,0.0099,0.01,CC(=O)[O-],C(CCC)[N+]1=CN(C=C1)C,C(F)F,Table S3. VLE HFCs
781,781,[bmim],[Ac],R32,298.15,0.0997,0.077,CC(=O)[O-],C(CCC)[N+]1=CN(C=C1)C,C(F)F,Table S3. VLE HFCs
782,782,[bmim],[Ac],R32,298.15,0.2498,0.174,CC(=O)[O-],C(CCC)[N+]1=CN(C=C1)C,C(F)F,Table S3. VLE HFCs
783,783,[bmim],[Ac],R32,298.15,0.4004,0.26,CC(=O)[O-],C(CCC)[N+]1=CN(C=C1)C,C(F)F,Table S3. VLE HFCs
784,784,[bmim],[Ac],R32,298.15,0.5498,0.336,CC(=O)[O-],C(CCC)[N+]1=CN(C=C1)C,C(F)F,Table S3. VLE HFCs
785,785,[bmim],[Ac],R32,298.15,0.6997,0.401,CC(=O)[O-],C(CCC)[N+]1=CN(C=C1)C,C(F)F,Table S3. VLE HFCs
786,786,[bmim],[Ac],R32,298.05,0.8502,0.462,CC(=O)[O-],C(CCC)[N+]1=CN(C=C1)C,C(F)F,Table S3. VLE HFCs
787,787,[bmim],[Ac],R32,298.15,1.0004,0.518,CC(=O)[O-],C(CCC)[N+]1=CN(C=C1)C,C(F)F,Table S3. VLE HFCs
788,788,[bmim],[Ac],R32,298.15,0.05,0.054,CC(=O)[O-],C(CCC)[N+]1=CN(C=C1)C,C(F)F,Table S3. VLE HFCs
789,789,[bmim],[Ac],R32,298.15,0.1,0.097,CC(=O)[O-],C(CCC)[N+]1=CN(C=C1)C,C(F)F,Table S3. VLE HFCs
790,790,[bmim],[Ac],R32,298.15,0.2,0.161,CC(=O)[O-],C(CCC)[N+]1=CN(C=C1)C,C(F)F,Table S3. VLE HFCs
791,791,[bmim],[Ac],R32,298.15,0.4,0.268,CC(=O)[O-],C(CCC)[N+]1=CN(C=C1)C,C(F)F,Table S3. VLE HFCs
792,792,[bmim],[Ac],R32,298.15,0.6,0.357,CC(=O)[O-],C(CCC)[N+]1=CN(C=C1)C,C(F)F,Table S3. VLE HFCs
793,793,[bmim],[Ac],R32,298.15,0.8,0.438,CC(=O)[O-],C(CCC)[N+]1=CN(C=C1)C,C(F)F,Table S3. VLE HFCs
794,794,[bmim],[Ac],R32,298.15,1.0,0.51,CC(=O)[O-],C(CCC)[N+]1=CN(C=C1)C,C(F)F,Table S3. VLE HFCs
795,795,[bmim],[Ac],R125,298.15,0.05,0.06,CC(=O)[O-],C(CCC)[N+]1=CN(C=C1)C,C(F)(F)(C(F)(F)F),Table S3. VLE HFCs
796,796,[bmim],[Ac],R125,298.15,0.1,0.122,CC(=O)[O-],C(CCC)[N+]1=CN(C=C1)C,C(F)(F)(C(F)(F)F),Table S3. VLE HFCs
797,797,[bmim],[Ac],R125,298.15,0.2,0.24,CC(=O)[O-],C(CCC)[N+]1=CN(C=C1)C,C(F)(F)(C(F)(F)F),Table S3. VLE HFCs
798,798,[bmim],[Ac],R125,298.15,0.4,0.429,CC(=O)[O-],C(CCC)[N+]1=CN(C=C1)C,C(F)(F)(C(F)(F)F),Table S3. VLE HFCs
799,799,[bmim],[Ac],R125,298.15,0.6,0.536,CC(=O)[O-],C(CCC)[N+]1=CN(C=C1)C,C(F)(F)(C(F)(F)F),Table S3. VLE HFCs
800,800,[bmim],[Ac],R125,298.15,0.8,0.62,CC(=O)[O-],C(CCC)[N+]1=CN(C=C1)C,C(F)(F)(C(F)(F)F),Table S3. VLE HFCs
801,801,[bmim],[Ac],R125,298.15,1.0,0.692,CC(=O)[O-],C(CCC)[N+]1=CN(C=C1)C,C(F)(F)(C(F)(F)F),Table S3. VLE HFCs
802,802,[bmim],[BF4],R32,283.1,0.01,0.009,F[B-](F)(F)F,C(CCC)[N+]1=CN(C=C1)C,C(F)F,Table S3. VLE HFCs
803,803,[bmim],[BF4],R32,283.1,0.0998,0.099,F[B-](F)(F)F,C(CCC)[N+]1=CN(C=C1)C,C(F)F,Table S3. VLE HFCs
804,804,[bmim],[BF4],R32,283.2,0.2499,0.241,F[B-](F)(F)F,C(CCC)[N+]1=CN(C=C1)C,C(F)F,Table S3. VLE HFCs
805,805,[bmim],[BF4],R32,283.2,0.3995,0.374,F[B-](F)(F)F,C(CCC)[N+]1=CN(C=C1)C,C(F)F,Table S3. VLE HFCs
806,806,[bmim],[BF4],R32,283.0,0.5499,0.501,F[B-](F)(F)F,C(CCC)[N+]1=CN(C=C1)C,C(F)F,Table S3. VLE HFCs
807,807,[bmim],[BF4],R32,283.1,0.6999,0.627,F[B-](F)(F)F,C(CCC)[N+]1=CN(C=C1)C,C(F)F,Table S3. VLE HFCs
808,808,[bmim],[BF4],R32,283.1,0.8497,0.759,F[B-](F)(F)F,C(CCC)[N+]1=CN(C=C1)C,C(F)F,Table S3. VLE HFCs
809,809,[bmim],[BF4],R32,298.2,0.0097,0.0069999999999999,F[B-](F)(F)F,C(CCC)[N+]1=CN(C=C1)C,C(F)F,Table S3. VLE HFCs
810,810,[bmim],[BF4],R32,298.2,0.0997,0.071,F[B-](F)(F)F,C(CCC)[N+]1=CN(C=C1)C,C(F)F,Table S3. VLE HFCs
811,811,[bmim],[BF4],R32,298.2,0.2496,0.175,F[B-](F)(F)F,C(CCC)[N+]1=CN(C=C1)C,C(F)F,Table S3. VLE HFCs
812,812,[bmim],[BF4],R32,298.2,0.3999,0.272,F[B-](F)(F)F,C(CCC)[N+]1=CN(C=C1)C,C(F)F,Table S3. VLE HFCs
813,813,[bmim],[BF4],R32,298.2,0.5498,0.359,F[B-](F)(F)F,C(CCC)[N+]1=CN(C=C1)C,C(F)F,Table S3. VLE HFCs
814,814,[bmim],[BF4],R32,298.2,0.6996,0.4379999999999999,F[B-](F)(F)F,C(CCC)[N+]1=CN(C=C1)C,C(F)F,Table S3. VLE HFCs
815,815,[bmim],[BF4],R32,298.2,0.8495,0.515,F[B-](F)(F)F,C(CCC)[N+]1=CN(C=C1)C,C(F)F,Table S3. VLE HFCs
816,816,[bmim],[BF4],R32,298.2,0.9999,0.588,F[B-](F)(F)F,C(CCC)[N+]1=CN(C=C1)C,C(F)F,Table S3. VLE HFCs
817,817,[bmim],[BF4],R32,323.2,0.0098,0.004,F[B-](F)(F)F,C(CCC)[N+]1=CN(C=C1)C,C(F)F,Table S3. VLE HFCs
818,818,[bmim],[BF4],R32,323.1,0.0996,0.04,F[B-](F)(F)F,C(CCC)[N+]1=CN(C=C1)C,C(F)F,Table S3. VLE HFCs
819,819,[bmim],[BF4],R32,323.2,0.2497,0.099,F[B-](F)(F)F,C(CCC)[N+]1=CN(C=C1)C,C(F)F,Table S3. VLE HFCs
820,820,[bmim],[BF4],R32,323.2,0.3996,0.154,F[B-](F)(F)F,C(CCC)[N+]1=CN(C=C1)C,C(F)F,Table S3. VLE HFCs
821,821,[bmim],[BF4],R32,323.1,0.5496,0.206,F[B-](F)(F)F,C(CCC)[N+]1=CN(C=C1)C,C(F)F,Table S3. VLE HFCs
822,822,[bmim],[BF4],R32,323.1,0.6995,0.255,F[B-](F)(F)F,C(CCC)[N+]1=CN(C=C1)C,C(F)F,Table S3. VLE HFCs
823,823,[bmim],[BF4],R32,323.0,0.8499,0.301,F[B-](F)(F)F,C(CCC)[N+]1=CN(C=C1)C,C(F)F,Table S3. VLE HFCs
824,824,[bmim],[BF4],R32,323.2,0.9996,0.345,F[B-](F)(F)F,C(CCC)[N+]1=CN(C=C1)C,C(F)F,Table S3. VLE HFCs
825,825,[bmim],[BF4],R32,348.2,0.0097,0.002,F[B-](F)(F)F,C(CCC)[N+]1=CN(C=C1)C,C(F)F,Table S3. VLE HFCs
826,826,[bmim],[BF4],R32,348.1,0.0996,0.0579999999999999,F[B-](F)(F)F,C(CCC)[N+]1=CN(C=C1)C,C(F)F,Table S3. VLE HFCs
827,827,[bmim],[BF4],R32,348.1,0.2495,0.092,F[B-](F)(F)F,C(CCC)[N+]1=CN(C=C1)C,C(F)F,Table S3. VLE HFCs
828,828,[bmim],[BF4],R32,348.2,0.3995,0.125,F[B-](F)(F)F,C(CCC)[N+]1=CN(C=C1)C,C(F)F,Table S3. VLE HFCs
829,829,[bmim],[BF4],R32,348.05,0.5495,0.156,F[B-](F)(F)F,C(CCC)[N+]1=CN(C=C1)C,C(F)F,Table S3. VLE HFCs
830,830,[bmim],[BF4],R32,348.2,0.6996,0.186,F[B-](F)(F)F,C(CCC)[N+]1=CN(C=C1)C,C(F)F,Table S3. VLE HFCs
831,831,[bmim],[BF4],R32,348.1,0.8496,0.214,F[B-](F)(F)F,C(CCC)[N+]1=CN(C=C1)C,C(F)F,Table S3. VLE HFCs
832,832,[bmim],[BF4],R32,348.1,0.9999,0.248,F[B-](F)(F)F,C(CCC)[N+]1=CN(C=C1)C,C(F)F,Table S3. VLE HFCs
833,833,[bmim],[BF4],R32,298.15,0.05,0.024,F[B-](F)(F)F,C(CCC)[N+]1=CN(C=C1)C,C(F)F,Table S3. VLE HFCs
834,834,[bmim],[BF4],R32,298.15,0.1,0.058,F[B-](F)(F)F,C(CCC)[N+]1=CN(C=C1)C,C(F)F,Table S3. VLE HFCs
835,835,[bmim],[BF4],R32,298.15,0.2,0.122,F[B-](F)(F)F,C(CCC)[N+]1=CN(C=C1)C,C(F)F,Table S3. VLE HFCs
836,836,[bmim],[BF4],R32,298.15,0.4,0.239,F[B-](F)(F)F,C(CCC)[N+]1=CN(C=C1)C,C(F)F,Table S3. VLE HFCs
837,837,[bmim],[BF4],R32,298.15,0.6,0.365,F[B-](F)(F)F,C(CCC)[N+]1=CN(C=C1)C,C(F)F,Table S3. VLE HFCs
838,838,[bmim],[BF4],R32,298.15,0.8,0.446,F[B-](F)(F)F,C(CCC)[N+]1=CN(C=C1)C,C(F)F,Table S3. VLE HFCs
839,839,[bmim],[BF4],R32,298.15,1.0,0.545,F[B-](F)(F)F,C(CCC)[N+]1=CN(C=C1)C,C(F)F,Table S3. VLE HFCs
840,840,[bmim],[BF4],R125,298.15,0.05,0.008,F[B-](F)(F)F,C(CCC)[N+]1=CN(C=C1)C,C(F)(F)(C(F)(F)F),Table S3. VLE HFCs
841,841,[bmim],[BF4],R125,298.15,0.1,0.019,F[B-](F)(F)F,C(CCC)[N+]1=CN(C=C1)C,C(F)(F)(C(F)(F)F),Table S3. VLE HFCs
842,842,[bmim],[BF4],R125,298.15,0.2,0.043,F[B-](F)(F)F,C(CCC)[N+]1=CN(C=C1)C,C(F)(F)(C(F)(F)F),Table S3. VLE HFCs
843,843,[bmim],[BF4],R125,298.15,0.4,0.101,F[B-](F)(F)F,C(CCC)[N+]1=CN(C=C1)C,C(F)(F)(C(F)(F)F),Table S3. VLE HFCs
844,844,[bmim],[BF4],R125,298.15,0.6,0.172,F[B-](F)(F)F,C(CCC)[N+]1=CN(C=C1)C,C(F)(F)(C(F)(F)F),Table S3. VLE HFCs
845,845,[bmim],[BF4],R125,298.15,0.8,0.263,F[B-](F)(F)F,C(CCC)[N+]1=CN(C=C1)C,C(F)(F)(C(F)(F)F),Table S3. VLE HFCs
846,846,[bmim],[BF4],R125,298.15,1.0,0.378,F[B-](F)(F)F,C(CCC)[N+]1=CN(C=C1)C,C(F)(F)(C(F)(F)F),Table S3. VLE HFCs
847,847,[bmim],[FS],R32,298.15,0.01,0.009,FC(F)(F)C(F)OC(F)(F)C(F)(F)S(=O)(=O)[O-],C(CCC)[N+]1=CN(C=C1)C,C(F)F,Table S3. VLE HFCs
848,848,[bmim],[FS],R32,298.15,0.0997,0.092,FC(F)(F)C(F)OC(F)(F)C(F)(F)S(=O)(=O)[O-],C(CCC)[N+]1=CN(C=C1)C,C(F)F,Table S3. VLE HFCs
849,849,[bmim],[FS],R32,298.15,0.2501,0.214,FC(F)(F)C(F)OC(F)(F)C(F)(F)S(=O)(=O)[O-],C(CCC)[N+]1=CN(C=C1)C,C(F)F,Table S3. VLE HFCs
850,850,[bmim],[FS],R32,298.15,0.4004,0.319,FC(F)(F)C(F)OC(F)(F)C(F)(F)S(=O)(=O)[O-],C(CCC)[N+]1=CN(C=C1)C,C(F)F,Table S3. VLE HFCs
851,851,[bmim],[FS],R32,298.15,0.55,0.415,FC(F)(F)C(F)OC(F)(F)C(F)(F)S(=O)(=O)[O-],C(CCC)[N+]1=CN(C=C1)C,C(F)F,Table S3. VLE HFCs
852,852,[bmim],[FS],R32,298.15,0.6996,0.497,FC(F)(F)C(F)OC(F)(F)C(F)(F)S(=O)(=O)[O-],C(CCC)[N+]1=CN(C=C1)C,C(F)F,Table S3. VLE HFCs
853,853,[bmim],[FS],R32,298.15,0.8494,0.5710000000000001,FC(F)(F)C(F)OC(F)(F)C(F)(F)S(=O)(=O)[O-],C(CCC)[N+]1=CN(C=C1)C,C(F)F,Table S3. VLE HFCs
854,854,[bmim],[FS],R32,298.15,1.0005,0.638,FC(F)(F)C(F)OC(F)(F)C(F)(F)S(=O)(=O)[O-],C(CCC)[N+]1=CN(C=C1)C,C(F)F,Table S3. VLE HFCs
855,855,[bmim],[HFPS],R32,298.15,0.0095,0.01,FC(F)(F)C(F)C(F)(F)S(=O)(=O)[O-],C(CCC)[N+]1=CN(C=C1)C,C(F)F,Table S3. VLE HFCs
856,856,[bmim],[HFPS],R32,298.15,0.1,0.104,FC(F)(F)C(F)C(F)(F)S(=O)(=O)[O-],C(CCC)[N+]1=CN(C=C1)C,C(F)F,Table S3. VLE HFCs
857,857,[bmim],[HFPS],R32,298.15,0.2498,0.242,FC(F)(F)C(F)C(F)(F)S(=O)(=O)[O-],C(CCC)[N+]1=CN(C=C1)C,C(F)F,Table S3. VLE HFCs
858,858,[bmim],[HFPS],R32,298.15,0.3995,0.35,FC(F)(F)C(F)C(F)(F)S(=O)(=O)[O-],C(CCC)[N+]1=CN(C=C1)C,C(F)F,Table S3. VLE HFCs
859,859,[bmim],[HFPS],R32,298.15,0.5495,0.446,FC(F)(F)C(F)C(F)(F)S(=O)(=O)[O-],C(CCC)[N+]1=CN(C=C1)C,C(F)F,Table S3. VLE HFCs
860,860,[bmim],[HFPS],R32,298.15,0.6998,0.527,FC(F)(F)C(F)C(F)(F)S(=O)(=O)[O-],C(CCC)[N+]1=CN(C=C1)C,C(F)F,Table S3. VLE HFCs
861,861,[bmim],[HFPS],R32,298.15,0.8494,0.604,FC(F)(F)C(F)C(F)(F)S(=O)(=O)[O-],C(CCC)[N+]1=CN(C=C1)C,C(F)F,Table S3. VLE HFCs
862,862,[bmim],[HFPS],R32,298.15,1.0004,0.67,FC(F)(F)C(F)C(F)(F)S(=O)(=O)[O-],C(CCC)[N+]1=CN(C=C1)C,C(F)F,Table S3. VLE HFCs
863,863,[bmim],[HFPS],R134a,283.1,0.0099,0.015,FC(F)(F)C(F)C(F)(F)S(=O)(=O)[O-],C(CCC)[N+]1=CN(C=C1)C,C(C(F)(F)F)F,Table S3. VLE HFCs
864,864,[bmim],[HFPS],R134a,283.1,0.0502,0.0819999999999999,FC(F)(F)C(F)C(F)(F)S(=O)(=O)[O-],C(CCC)[N+]1=CN(C=C1)C,C(C(F)(F)F)F,Table S3. VLE HFCs
865,865,[bmim],[HFPS],R134a,283.1,0.1,0.171,FC(F)(F)C(F)C(F)(F)S(=O)(=O)[O-],C(CCC)[N+]1=CN(C=C1)C,C(C(F)(F)F)F,Table S3. VLE HFCs
866,866,[bmim],[HFPS],R134a,283.15,0.15,0.264,FC(F)(F)C(F)C(F)(F)S(=O)(=O)[O-],C(CCC)[N+]1=CN(C=C1)C,C(C(F)(F)F)F,Table S3. VLE HFCs
867,867,[bmim],[HFPS],R134a,283.1,0.2001,0.35,FC(F)(F)C(F)C(F)(F)S(=O)(=O)[O-],C(CCC)[N+]1=CN(C=C1)C,C(C(F)(F)F)F,Table S3. VLE HFCs
868,868,[bmim],[HFPS],R134a,283.15,0.25,0.447,FC(F)(F)C(F)C(F)(F)S(=O)(=O)[O-],C(CCC)[N+]1=CN(C=C1)C,C(C(F)(F)F)F,Table S3. VLE HFCs
869,869,[bmim],[HFPS],R134a,283.15,0.3002,0.55,FC(F)(F)C(F)C(F)(F)S(=O)(=O)[O-],C(CCC)[N+]1=CN(C=C1)C,C(C(F)(F)F)F,Table S3. VLE HFCs
870,870,[bmim],[HFPS],R134a,283.2,0.3506,0.677,FC(F)(F)C(F)C(F)(F)S(=O)(=O)[O-],C(CCC)[N+]1=CN(C=C1)C,C(C(F)(F)F)F,Table S3. VLE HFCs
871,871,[bmim],[HFPS],R134a,298.0,0.0101,0.01,FC(F)(F)C(F)C(F)(F)S(=O)(=O)[O-],C(CCC)[N+]1=CN(C=C1)C,C(C(F)(F)F)F,Table S3. VLE HFCs
872,872,[bmim],[HFPS],R134a,298.1,0.0501,0.055,FC(F)(F)C(F)C(F)(F)S(=O)(=O)[O-],C(CCC)[N+]1=CN(C=C1)C,C(C(F)(F)F)F,Table S3. VLE HFCs
873,873,[bmim],[HFPS],R134a,298.1,0.1,0.109,FC(F)(F)C(F)C(F)(F)S(=O)(=O)[O-],C(CCC)[N+]1=CN(C=C1)C,C(C(F)(F)F)F,Table S3. VLE HFCs
874,874,[bmim],[HFPS],R134a,298.05,0.1499,0.163,FC(F)(F)C(F)C(F)(F)S(=O)(=O)[O-],C(CCC)[N+]1=CN(C=C1)C,C(C(F)(F)F)F,Table S3. VLE HFCs
875,875,[bmim],[HFPS],R134a,298.1,0.1994,0.2189999999999999,FC(F)(F)C(F)C(F)(F)S(=O)(=O)[O-],C(CCC)[N+]1=CN(C=C1)C,C(C(F)(F)F)F,Table S3. VLE HFCs
876,876,[bmim],[HFPS],R134a,298.15,0.2504,0.2689999999999999,FC(F)(F)C(F)C(F)(F)S(=O)(=O)[O-],C(CCC)[N+]1=CN(C=C1)C,C(C(F)(F)F)F,Table S3. VLE HFCs
877,877,[bmim],[HFPS],R134a,298.1,0.3,0.321,FC(F)(F)C(F)C(F)(F)S(=O)(=O)[O-],C(CCC)[N+]1=CN(C=C1)C,C(C(F)(F)F)F,Table S3. VLE HFCs
878,878,[bmim],[HFPS],R134a,298.0,0.3504,0.374,FC(F)(F)C(F)C(F)(F)S(=O)(=O)[O-],C(CCC)[N+]1=CN(C=C1)C,C(C(F)(F)F)F,Table S3. VLE HFCs
879,879,[bmim],[HFPS],R134a,323.15,0.0101,0.006,FC(F)(F)C(F)C(F)(F)S(=O)(=O)[O-],C(CCC)[N+]1=CN(C=C1)C,C(C(F)(F)F)F,Table S3. VLE HFCs
880,880,[bmim],[HFPS],R134a,323.15,0.05,0.0289999999999999,FC(F)(F)C(F)C(F)(F)S(=O)(=O)[O-],C(CCC)[N+]1=CN(C=C1)C,C(C(F)(F)F)F,Table S3. VLE HFCs
881,881,[bmim],[HFPS],R134a,323.15,0.1,0.0579999999999999,FC(F)(F)C(F)C(F)(F)S(=O)(=O)[O-],C(CCC)[N+]1=CN(C=C1)C,C(C(F)(F)F)F,Table S3. VLE HFCs
882,882,[bmim],[HFPS],R134a,323.1,0.15,0.088,FC(F)(F)C(F)C(F)(F)S(=O)(=O)[O-],C(CCC)[N+]1=CN(C=C1)C,C(C(F)(F)F)F,Table S3. VLE HFCs
883,883,[bmim],[HFPS],R134a,323.15,0.1993,0.1169999999999999,FC(F)(F)C(F)C(F)(F)S(=O)(=O)[O-],C(CCC)[N+]1=CN(C=C1)C,C(C(F)(F)F)F,Table S3. VLE HFCs
884,884,[bmim],[HFPS],R134a,323.15,0.2504,0.145,FC(F)(F)C(F)C(F)(F)S(=O)(=O)[O-],C(CCC)[N+]1=CN(C=C1)C,C(C(F)(F)F)F,Table S3. VLE HFCs
885,885,[bmim],[HFPS],R134a,323.15,0.3004,0.172,FC(F)(F)C(F)C(F)(F)S(=O)(=O)[O-],C(CCC)[N+]1=CN(C=C1)C,C(C(F)(F)F)F,Table S3. VLE HFCs
886,886,[bmim],[HFPS],R134a,323.15,0.3502,0.198,FC(F)(F)C(F)C(F)(F)S(=O)(=O)[O-],C(CCC)[N+]1=CN(C=C1)C,C(C(F)(F)F)F,Table S3. VLE HFCs
887,887,[bmim],[HFPS],R134a,348.05,0.0099,0.003,FC(F)(F)C(F)C(F)(F)S(=O)(=O)[O-],C(CCC)[N+]1=CN(C=C1)C,C(C(F)(F)F)F,Table S3. VLE HFCs
888,888,[bmim],[HFPS],R134a,348.05,0.0501,0.017,FC(F)(F)C(F)C(F)(F)S(=O)(=O)[O-],C(CCC)[N+]1=CN(C=C1)C,C(C(F)(F)F)F,Table S3. VLE HFCs
889,889,[bmim],[HFPS],R134a,348.1,0.1,0.035,FC(F)(F)C(F)C(F)(F)S(=O)(=O)[O-],C(CCC)[N+]1=CN(C=C1)C,C(C(F)(F)F)F,Table S3. VLE HFCs
890,890,[bmim],[HFPS],R134a,348.1,0.1499,0.053,FC(F)(F)C(F)C(F)(F)S(=O)(=O)[O-],C(CCC)[N+]1=CN(C=C1)C,C(C(F)(F)F)F,Table S3. VLE HFCs
891,891,[bmim],[HFPS],R134a,348.05,0.2,0.07,FC(F)(F)C(F)C(F)(F)S(=O)(=O)[O-],C(CCC)[N+]1=CN(C=C1)C,C(C(F)(F)F)F,Table S3. VLE HFCs
892,892,[bmim],[HFPS],R134a,348.05,0.2495,0.087,FC(F)(F)C(F)C(F)(F)S(=O)(=O)[O-],C(CCC)[N+]1=CN(C=C1)C,C(C(F)(F)F)F,Table S3. VLE HFCs
893,893,[bmim],[HFPS],R134a,348.05,0.3001,0.103,FC(F)(F)C(F)C(F)(F)S(=O)(=O)[O-],C(CCC)[N+]1=CN(C=C1)C,C(C(F)(F)F)F,Table S3. VLE HFCs
894,894,[bmim],[HFPS],R134a,348.1,0.3494,0.12,FC(F)(F)C(F)C(F)(F)S(=O)(=O)[O-],C(CCC)[N+]1=CN(C=C1)C,C(C(F)(F)F)F,Table S3. VLE HFCs
895,895,[bmim],[MeSO4],R32,298.15,0.0099,0.012,COS(=O)(=O)[O-],C(CCC)[N+]1=CN(C=C1)C,C(F)F,Table S3. VLE HFCs
896,896,[bmim],[MeSO4],R32,298.15,0.1001,0.068,COS(=O)(=O)[O-],C(CCC)[N+]1=CN(C=C1)C,C(F)F,Table S3. VLE HFCs
897,897,[bmim],[MeSO4],R32,298.15,0.2498,0.156,COS(=O)(=O)[O-],C(CCC)[N+]1=CN(C=C1)C,C(F)F,Table S3. VLE HFCs
898,898,[bmim],[MeSO4],R32,298.15,0.3995,0.2339999999999999,COS(=O)(=O)[O-],C(CCC)[N+]1=CN(C=C1)C,C(F)F,Table S3. VLE HFCs
899,899,[bmim],[MeSO4],R32,298.25,0.5501,0.305,COS(=O)(=O)[O-],C(CCC)[N+]1=CN(C=C1)C,C(F)F,Table S3. VLE HFCs
900,900,[bmim],[MeSO4],R32,298.15,0.6995,0.374,COS(=O)(=O)[O-],C(CCC)[N+]1=CN(C=C1)C,C(F)F,Table S3. VLE HFCs
901,901,[bmim],[MeSO4],R32,298.15,0.85,0.432,COS(=O)(=O)[O-],C(CCC)[N+]1=CN(C=C1)C,C(F)F,Table S3. VLE HFCs
902,902,[bmim],[MeSO4],R32,298.15,1.0006,0.489,COS(=O)(=O)[O-],C(CCC)[N+]1=CN(C=C1)C,C(F)F,Table S3. VLE HFCs
903,903,[bmim],[OTf],R32,273.19,0.104,0.14,FC(F)(F)S(=O)(=O)[O-],C(CCC)[N+]1=CN(C=C1)C,C(F)F,Table S3. VLE HFCs
904,904,[bmim],[OTf],R32,273.15,0.195,0.243,FC(F)(F)S(=O)(=O)[O-],C(CCC)[N+]1=CN(C=C1)C,C(F)F,Table S3. VLE HFCs
905,905,[bmim],[OTf],R32,273.19,0.303,0.358,FC(F)(F)S(=O)(=O)[O-],C(CCC)[N+]1=CN(C=C1)C,C(F)F,Table S3. VLE HFCs
906,906,[bmim],[OTf],R32,273.13,0.412,0.465,FC(F)(F)S(=O)(=O)[O-],C(CCC)[N+]1=CN(C=C1)C,C(F)F,Table S3. VLE HFCs
907,907,[bmim],[OTf],R32,273.17,0.5,0.547,FC(F)(F)S(=O)(=O)[O-],C(CCC)[N+]1=CN(C=C1)C,C(F)F,Table S3. VLE HFCs
908,908,[bmim],[OTf],R32,273.17,0.593,0.639,FC(F)(F)S(=O)(=O)[O-],C(CCC)[N+]1=CN(C=C1)C,C(F)F,Table S3. VLE HFCs
909,909,[bmim],[OTf],R32,273.14,0.636,0.683,FC(F)(F)S(=O)(=O)[O-],C(CCC)[N+]1=CN(C=C1)C,C(F)F,Table S3. VLE HFCs
910,910,[bmim],[OTf],R32,298.12,0.098,0.069,FC(F)(F)S(=O)(=O)[O-],C(CCC)[N+]1=CN(C=C1)C,C(F)F,Table S3. VLE HFCs
911,911,[bmim],[OTf],R32,298.16,0.2,0.139,FC(F)(F)S(=O)(=O)[O-],C(CCC)[N+]1=CN(C=C1)C,C(F)F,Table S3. VLE HFCs
912,912,[bmim],[OTf],R32,298.12,0.301,0.2,FC(F)(F)S(=O)(=O)[O-],C(CCC)[N+]1=CN(C=C1)C,C(F)F,Table S3. VLE HFCs
913,913,[bmim],[OTf],R32,298.14,0.4,0.264,FC(F)(F)S(=O)(=O)[O-],C(CCC)[N+]1=CN(C=C1)C,C(F)F,Table S3. VLE HFCs
914,914,[bmim],[OTf],R32,298.16,0.53,0.333,FC(F)(F)S(=O)(=O)[O-],C(CCC)[N+]1=CN(C=C1)C,C(F)F,Table S3. VLE HFCs
915,915,[bmim],[OTf],R32,298.19,0.623,0.384,FC(F)(F)S(=O)(=O)[O-],C(CCC)[N+]1=CN(C=C1)C,C(F)F,Table S3. VLE HFCs
916,916,[bmim],[OTf],R32,298.15,0.723,0.434,FC(F)(F)S(=O)(=O)[O-],C(CCC)[N+]1=CN(C=C1)C,C(F)F,Table S3. VLE HFCs
917,917,[bmim],[OTf],R32,298.17,0.83,0.484,FC(F)(F)S(=O)(=O)[O-],C(CCC)[N+]1=CN(C=C1)C,C(F)F,Table S3. VLE HFCs
918,918,[bmim],[OTf],R32,298.13,0.902,0.521,FC(F)(F)S(=O)(=O)[O-],C(CCC)[N+]1=CN(C=C1)C,C(F)F,Table S3. VLE HFCs
919,919,[bmim],[OTf],R32,323.22,0.101,0.047,FC(F)(F)S(=O)(=O)[O-],C(CCC)[N+]1=CN(C=C1)C,C(F)F,Table S3. VLE HFCs
920,920,[bmim],[OTf],R32,323.16,0.205,0.083,FC(F)(F)S(=O)(=O)[O-],C(CCC)[N+]1=CN(C=C1)C,C(F)F,Table S3. VLE HFCs
921,921,[bmim],[OTf],R32,323.13,0.299,0.117,FC(F)(F)S(=O)(=O)[O-],C(CCC)[N+]1=CN(C=C1)C,C(F)F,Table S3. VLE HFCs
922,922,[bmim],[OTf],R32,323.12,0.4,0.15,FC(F)(F)S(=O)(=O)[O-],C(CCC)[N+]1=CN(C=C1)C,C(F)F,Table S3. VLE HFCs
923,923,[bmim],[OTf],R32,323.15,0.507,0.191,FC(F)(F)S(=O)(=O)[O-],C(CCC)[N+]1=CN(C=C1)C,C(F)F,Table S3. VLE HFCs
924,924,[bmim],[OTf],R32,348.12,0.103,0.033,FC(F)(F)S(=O)(=O)[O-],C(CCC)[N+]1=CN(C=C1)C,C(F)F,Table S3. VLE HFCs
925,925,[bmim],[OTf],R32,348.2,0.201,0.065,FC(F)(F)S(=O)(=O)[O-],C(CCC)[N+]1=CN(C=C1)C,C(F)F,Table S3. VLE HFCs
926,926,[bmim],[OTf],R32,348.23,0.299,0.09,FC(F)(F)S(=O)(=O)[O-],C(CCC)[N+]1=CN(C=C1)C,C(F)F,Table S3. VLE HFCs
927,927,[bmim],[OTf],R32,348.24,0.403,0.114,FC(F)(F)S(=O)(=O)[O-],C(CCC)[N+]1=CN(C=C1)C,C(F)F,Table S3. VLE HFCs
928,928,[bmim],[OTf],R32,348.15,0.5,0.137,FC(F)(F)S(=O)(=O)[O-],C(CCC)[N+]1=CN(C=C1)C,C(F)F,Table S3. VLE HFCs
929,929,[bmim],[OTf],R152a,273.22,0.056,0.095,FC(F)(F)S(=O)(=O)[O-],C(CCC)[N+]1=CN(C=C1)C,CC(F)F,Table S3. VLE HFCs
930,930,[bmim],[OTf],R152a,273.23,0.097,0.184,FC(F)(F)S(=O)(=O)[O-],C(CCC)[N+]1=CN(C=C1)C,CC(F)F,Table S3. VLE HFCs
931,931,[bmim],[OTf],R152a,273.24,0.144,0.302,FC(F)(F)S(=O)(=O)[O-],C(CCC)[N+]1=CN(C=C1)C,CC(F)F,Table S3. VLE HFCs
932,932,[bmim],[OTf],R152a,273.24,0.191,0.409,FC(F)(F)S(=O)(=O)[O-],C(CCC)[N+]1=CN(C=C1)C,CC(F)F,Table S3. VLE HFCs
933,933,[bmim],[OTf],R152a,298.14,0.117,0.121,FC(F)(F)S(=O)(=O)[O-],C(CCC)[N+]1=CN(C=C1)C,CC(F)F,Table S3. VLE HFCs
934,934,[bmim],[OTf],R152a,298.13,0.218,0.222,FC(F)(F)S(=O)(=O)[O-],C(CCC)[N+]1=CN(C=C1)C,CC(F)F,Table S3. VLE HFCs
935,935,[bmim],[OTf],R152a,298.18,0.29,0.306,FC(F)(F)S(=O)(=O)[O-],C(CCC)[N+]1=CN(C=C1)C,CC(F)F,Table S3. VLE HFCs
936,936,[bmim],[OTf],R152a,298.16,0.371,0.386,FC(F)(F)S(=O)(=O)[O-],C(CCC)[N+]1=CN(C=C1)C,CC(F)F,Table S3. VLE HFCs
937,937,[bmim],[OTf],R152a,298.16,0.46,0.496,FC(F)(F)S(=O)(=O)[O-],C(CCC)[N+]1=CN(C=C1)C,CC(F)F,Table S3. VLE HFCs
938,938,[bmim],[OTf],R152a,323.15,0.105,0.078,FC(F)(F)S(=O)(=O)[O-],C(CCC)[N+]1=CN(C=C1)C,CC(F)F,Table S3. VLE HFCs
939,939,[bmim],[OTf],R152a,323.15,0.248,0.182,FC(F)(F)S(=O)(=O)[O-],C(CCC)[N+]1=CN(C=C1)C,CC(F)F,Table S3. VLE HFCs
940,940,[bmim],[OTf],R152a,323.15,0.421,0.305,FC(F)(F)S(=O)(=O)[O-],C(CCC)[N+]1=CN(C=C1)C,CC(F)F,Table S3. VLE HFCs
941,941,[bmim],[OTf],R152a,323.15,0.5,0.35,FC(F)(F)S(=O)(=O)[O-],C(CCC)[N+]1=CN(C=C1)C,CC(F)F,Table S3. VLE HFCs
942,942,[bmim],[OTf],R152a,323.16,0.619,0.426,FC(F)(F)S(=O)(=O)[O-],C(CCC)[N+]1=CN(C=C1)C,CC(F)F,Table S3. VLE HFCs
943,943,[bmim],[OTf],R152a,323.15,0.734,0.494,FC(F)(F)S(=O)(=O)[O-],C(CCC)[N+]1=CN(C=C1)C,CC(F)F,Table S3. VLE HFCs
944,944,[bmim],[OTf],R152a,323.16,0.813,0.536,FC(F)(F)S(=O)(=O)[O-],C(CCC)[N+]1=CN(C=C1)C,CC(F)F,Table S3. VLE HFCs
945,945,[bmim],[OTf],R152a,348.13,0.107,0.06,FC(F)(F)S(=O)(=O)[O-],C(CCC)[N+]1=CN(C=C1)C,CC(F)F,Table S3. VLE HFCs
946,946,[bmim],[OTf],R152a,348.15,0.223,0.123,FC(F)(F)S(=O)(=O)[O-],C(CCC)[N+]1=CN(C=C1)C,CC(F)F,Table S3. VLE HFCs
947,947,[bmim],[OTf],R152a,348.15,0.313,0.178,FC(F)(F)S(=O)(=O)[O-],C(CCC)[N+]1=CN(C=C1)C,CC(F)F,Table S3. VLE HFCs
948,948,[bmim],[OTf],R152a,348.15,0.414,0.23,FC(F)(F)S(=O)(=O)[O-],C(CCC)[N+]1=CN(C=C1)C,CC(F)F,Table S3. VLE HFCs
949,949,[bmim],[OTf],R152a,348.18,0.513,0.291,FC(F)(F)S(=O)(=O)[O-],C(CCC)[N+]1=CN(C=C1)C,CC(F)F,Table S3. VLE HFCs
950,950,[bmim],[OTf],R152a,348.12,0.641,0.352,FC(F)(F)S(=O)(=O)[O-],C(CCC)[N+]1=CN(C=C1)C,CC(F)F,Table S3. VLE HFCs
951,951,[bmim],[OTf],R152a,348.13,0.743,0.399,FC(F)(F)S(=O)(=O)[O-],C(CCC)[N+]1=CN(C=C1)C,CC(F)F,Table S3. VLE HFCs
952,952,[bmim],[OTf],R152a,348.13,0.879,0.47,FC(F)(F)S(=O)(=O)[O-],C(CCC)[N+]1=CN(C=C1)C,CC(F)F,Table S3. VLE HFCs
953,953,[bmim],[PF6],R41,283.17,0.01,0.002,F[P-](F)(F)(F)(F)F,C(CCC)[N+]1=CN(C=C1)C,CF,Table S3. VLE HFCs
954,954,[bmim],[PF6],R41,283.14,0.0496,0.021,F[P-](F)(F)(F)(F)F,C(CCC)[N+]1=CN(C=C1)C,CF,Table S3. VLE HFCs
955,955,[bmim],[PF6],R41,283.18,0.0999,0.044,F[P-](F)(F)(F)(F)F,C(CCC)[N+]1=CN(C=C1)C,CF,Table S3. VLE HFCs
956,956,[bmim],[PF6],R41,283.09,0.3992,0.172,F[P-](F)(F)(F)(F)F,C(CCC)[N+]1=CN(C=C1)C,CF,Table S3. VLE HFCs
957,957,[bmim],[PF6],R41,283.14,0.6992,0.282,F[P-](F)(F)(F)(F)F,C(CCC)[N+]1=CN(C=C1)C,CF,Table S3. VLE HFCs
958,958,[bmim],[PF6],R41,283.17,0.9994,0.3779999999999999,F[P-](F)(F)(F)(F)F,C(CCC)[N+]1=CN(C=C1)C,CF,Table S3. VLE HFCs
959,959,[bmim],[PF6],R41,283.12,1.2994,0.4629999999999999,F[P-](F)(F)(F)(F)F,C(CCC)[N+]1=CN(C=C1)C,CF,Table S3. VLE HFCs
960,960,[bmim],[PF6],R41,283.16,1.5005,0.513,F[P-](F)(F)(F)(F)F,C(CCC)[N+]1=CN(C=C1)C,CF,Table S3. VLE HFCs
961,961,[bmim],[PF6],R41,283.18,1.9995,0.637,F[P-](F)(F)(F)(F)F,C(CCC)[N+]1=CN(C=C1)C,CF,Table S3. VLE HFCs
962,962,[bmim],[PF6],R41,298.05,0.0499,0.0139999999999999,F[P-](F)(F)(F)(F)F,C(CCC)[N+]1=CN(C=C1)C,CF,Table S3. VLE HFCs
963,963,[bmim],[PF6],R41,298.18,0.0996,0.031,F[P-](F)(F)(F)(F)F,C(CCC)[N+]1=CN(C=C1)C,CF,Table S3. VLE HFCs
964,964,[bmim],[PF6],R41,298.0,0.3995,0.126,F[P-](F)(F)(F)(F)F,C(CCC)[N+]1=CN(C=C1)C,CF,Table S3. VLE HFCs
965,965,[bmim],[PF6],R41,298.17,0.6993,0.211,F[P-](F)(F)(F)(F)F,C(CCC)[N+]1=CN(C=C1)C,CF,Table S3. VLE HFCs
966,966,[bmim],[PF6],R41,298.08,0.9993,0.286,F[P-](F)(F)(F)(F)F,C(CCC)[N+]1=CN(C=C1)C,CF,Table S3. VLE HFCs
967,967,[bmim],[PF6],R41,297.97,1.2994,0.353,F[P-](F)(F)(F)(F)F,C(CCC)[N+]1=CN(C=C1)C,CF,Table S3. VLE HFCs
968,968,[bmim],[PF6],R41,298.01,1.5005,0.392,F[P-](F)(F)(F)(F)F,C(CCC)[N+]1=CN(C=C1)C,CF,Table S3. VLE HFCs
969,969,[bmim],[PF6],R41,298.05,1.9992,0.484,F[P-](F)(F)(F)(F)F,C(CCC)[N+]1=CN(C=C1)C,CF,Table S3. VLE HFCs
970,970,[bmim],[PF6],R41,323.13,0.05,0.006,F[P-](F)(F)(F)(F)F,C(CCC)[N+]1=CN(C=C1)C,CF,Table S3. VLE HFCs
971,971,[bmim],[PF6],R41,323.16,0.0999,0.017,F[P-](F)(F)(F)(F)F,C(CCC)[N+]1=CN(C=C1)C,CF,Table S3. VLE HFCs
972,972,[bmim],[PF6],R41,323.14,0.3996,0.079,F[P-](F)(F)(F)(F)F,C(CCC)[N+]1=CN(C=C1)C,CF,Table S3. VLE HFCs
973,973,[bmim],[PF6],R41,323.14,0.6996,0.135,F[P-](F)(F)(F)(F)F,C(CCC)[N+]1=CN(C=C1)C,CF,Table S3. VLE HFCs
974,974,[bmim],[PF6],R41,323.15,0.9993,0.187,F[P-](F)(F)(F)(F)F,C(CCC)[N+]1=CN(C=C1)C,CF,Table S3. VLE HFCs
975,975,[bmim],[PF6],R41,323.15,1.2995,0.235,F[P-](F)(F)(F)(F)F,C(CCC)[N+]1=CN(C=C1)C,CF,Table S3. VLE HFCs
976,976,[bmim],[PF6],R41,323.13,1.5003,0.264,F[P-](F)(F)(F)(F)F,C(CCC)[N+]1=CN(C=C1)C,CF,Table S3. VLE HFCs
977,977,[bmim],[PF6],R41,323.16,1.9993,0.332,F[P-](F)(F)(F)(F)F,C(CCC)[N+]1=CN(C=C1)C,CF,Table S3. VLE HFCs
978,978,[bmim],[PF6],R41,348.18,0.0097,0.002,F[P-](F)(F)(F)(F)F,C(CCC)[N+]1=CN(C=C1)C,CF,Table S3. VLE HFCs
979,979,[bmim],[PF6],R41,348.15,0.0499,0.006,F[P-](F)(F)(F)(F)F,C(CCC)[N+]1=CN(C=C1)C,CF,Table S3. VLE HFCs
980,980,[bmim],[PF6],R41,348.16,0.1001,0.0139999999999999,F[P-](F)(F)(F)(F)F,C(CCC)[N+]1=CN(C=C1)C,CF,Table S3. VLE HFCs
981,981,[bmim],[PF6],R41,348.15,0.3998,0.0559999999999999,F[P-](F)(F)(F)(F)F,C(CCC)[N+]1=CN(C=C1)C,CF,Table S3. VLE HFCs
982,982,[bmim],[PF6],R41,348.15,0.6998,0.095,F[P-](F)(F)(F)(F)F,C(CCC)[N+]1=CN(C=C1)C,CF,Table S3. VLE HFCs
983,983,[bmim],[PF6],R41,348.15,0.9997,0.131,F[P-](F)(F)(F)(F)F,C(CCC)[N+]1=CN(C=C1)C,CF,Table S3. VLE HFCs
984,984,[bmim],[PF6],R41,348.16,1.2992,0.166,F[P-](F)(F)(F)(F)F,C(CCC)[N+]1=CN(C=C1)C,CF,Table S3. VLE HFCs
985,985,[bmim],[PF6],R41,348.15,1.5002,0.187,F[P-](F)(F)(F)(F)F,C(CCC)[N+]1=CN(C=C1)C,CF,Table S3. VLE HFCs
986,986,[bmim],[PF6],R41,348.16,1.9993,0.238,F[P-](F)(F)(F)(F)F,C(CCC)[N+]1=CN(C=C1)C,CF,Table S3. VLE HFCs
987,987,[bmim],[PF6],R32,283.2,0.0098,0.026,F[P-](F)(F)(F)(F)F,C(CCC)[N+]1=CN(C=C1)C,C(F)F,Table S3. VLE HFCs
988,988,[bmim],[PF6],R32,283.2,0.0996,0.106,F[P-](F)(F)(F)(F)F,C(CCC)[N+]1=CN(C=C1)C,C(F)F,Table S3. VLE HFCs
989,989,[bmim],[PF6],R32,283.2,0.2497,0.271,F[P-](F)(F)(F)(F)F,C(CCC)[N+]1=CN(C=C1)C,C(F)F,Table S3. VLE HFCs
990,990,[bmim],[PF6],R32,283.2,0.3996,0.428,F[P-](F)(F)(F)(F)F,C(CCC)[N+]1=CN(C=C1)C,C(F)F,Table S3. VLE HFCs
991,991,[bmim],[PF6],R32,283.2,0.5497,0.5579999999999999,F[P-](F)(F)(F)(F)F,C(CCC)[N+]1=CN(C=C1)C,C(F)F,Table S3. VLE HFCs
992,992,[bmim],[PF6],R32,283.2,0.6996,0.68,F[P-](F)(F)(F)(F)F,C(CCC)[N+]1=CN(C=C1)C,C(F)F,Table S3. VLE HFCs
993,993,[bmim],[PF6],R32,283.2,0.8495,0.815,F[P-](F)(F)(F)(F)F,C(CCC)[N+]1=CN(C=C1)C,C(F)F,Table S3. VLE HFCs
994,994,[bmim],[PF6],R32,298.1,0.0097,0.018,F[P-](F)(F)(F)(F)F,C(CCC)[N+]1=CN(C=C1)C,C(F)F,Table S3. VLE HFCs
995,995,[bmim],[PF6],R32,298.2,0.0995,0.076,F[P-](F)(F)(F)(F)F,C(CCC)[N+]1=CN(C=C1)C,C(F)F,Table S3. VLE HFCs
996,996,[bmim],[PF6],R32,298.2,0.2497,0.19,F[P-](F)(F)(F)(F)F,C(CCC)[N+]1=CN(C=C1)C,C(F)F,Table S3. VLE HFCs
997,997,[bmim],[PF6],R32,298.2,0.3998,0.297,F[P-](F)(F)(F)(F)F,C(CCC)[N+]1=CN(C=C1)C,C(F)F,Table S3. VLE HFCs
998,998,[bmim],[PF6],R32,298.1,0.5497,0.39,F[P-](F)(F)(F)(F)F,C(CCC)[N+]1=CN(C=C1)C,C(F)F,Table S3. VLE HFCs
999,999,[bmim],[PF6],R32,298.1,0.6995,0.475,F[P-](F)(F)(F)(F)F,C(CCC)[N+]1=CN(C=C1)C,C(F)F,Table S3. VLE HFCs
1000,1000,[bmim],[PF6],R32,298.2,0.8501,0.552,F[P-](F)(F)(F)(F)F,C(CCC)[N+]1=CN(C=C1)C,C(F)F,Table S3. VLE HFCs
1001,1001,[bmim],[PF6],R32,298.1,0.9999,0.628,F[P-](F)(F)(F)(F)F,C(CCC)[N+]1=CN(C=C1)C,C(F)F,Table S3. VLE HFCs
1002,1002,[bmim],[PF6],R32,322.8,0.0099,0.006,F[P-](F)(F)(F)(F)F,C(CCC)[N+]1=CN(C=C1)C,C(F)F,Table S3. VLE HFCs
1003,1003,[bmim],[PF6],R32,323.1,0.0995,0.047,F[P-](F)(F)(F)(F)F,C(CCC)[N+]1=CN(C=C1)C,C(F)F,Table S3. VLE HFCs
1004,1004,[bmim],[PF6],R32,323.1,0.2496,0.113,F[P-](F)(F)(F)(F)F,C(CCC)[N+]1=CN(C=C1)C,C(F)F,Table S3. VLE HFCs
1005,1005,[bmim],[PF6],R32,323.1,0.3995,0.174,F[P-](F)(F)(F)(F)F,C(CCC)[N+]1=CN(C=C1)C,C(F)F,Table S3. VLE HFCs
1006,1006,[bmim],[PF6],R32,323.1,0.5497,0.231,F[P-](F)(F)(F)(F)F,C(CCC)[N+]1=CN(C=C1)C,C(F)F,Table S3. VLE HFCs
1007,1007,[bmim],[PF6],R32,323.1,0.6996,0.285,F[P-](F)(F)(F)(F)F,C(CCC)[N+]1=CN(C=C1)C,C(F)F,Table S3. VLE HFCs
1008,1008,[bmim],[PF6],R32,323.15,0.8496,0.335,F[P-](F)(F)(F)(F)F,C(CCC)[N+]1=CN(C=C1)C,C(F)F,Table S3. VLE HFCs
1009,1009,[bmim],[PF6],R32,323.15,0.9996,0.382,F[P-](F)(F)(F)(F)F,C(CCC)[N+]1=CN(C=C1)C,C(F)F,Table S3. VLE HFCs
1010,1010,[bmim],[PF6],R32,348.2,0.0099,0.003,F[P-](F)(F)(F)(F)F,C(CCC)[N+]1=CN(C=C1)C,C(F)F,Table S3. VLE HFCs
1011,1011,[bmim],[PF6],R32,348.2,0.0997,0.0289999999999999,F[P-](F)(F)(F)(F)F,C(CCC)[N+]1=CN(C=C1)C,C(F)F,Table S3. VLE HFCs
1012,1012,[bmim],[PF6],R32,348.2,0.2495,0.07,F[P-](F)(F)(F)(F)F,C(CCC)[N+]1=CN(C=C1)C,C(F)F,Table S3. VLE HFCs
1013,1013,[bmim],[PF6],R32,348.2,0.3994,0.109,F[P-](F)(F)(F)(F)F,C(CCC)[N+]1=CN(C=C1)C,C(F)F,Table S3. VLE HFCs
1014,1014,[bmim],[PF6],R32,348.05,0.5498,0.146,F[P-](F)(F)(F)(F)F,C(CCC)[N+]1=CN(C=C1)C,C(F)F,Table S3. VLE HFCs
1015,1015,[bmim],[PF6],R32,348.1,0.6997,0.182,F[P-](F)(F)(F)(F)F,C(CCC)[N+]1=CN(C=C1)C,C(F)F,Table S3. VLE HFCs
1016,1016,[bmim],[PF6],R32,348.2,0.8496,0.214,F[P-](F)(F)(F)(F)F,C(CCC)[N+]1=CN(C=C1)C,C(F)F,Table S3. VLE HFCs
1017,1017,[bmim],[PF6],R32,348.2,0.9999,0.248,F[P-](F)(F)(F)(F)F,C(CCC)[N+]1=CN(C=C1)C,C(F)F,Table S3. VLE HFCs
1018,1018,[bmim],[PF6],R32,298.15,0.05,0.039,F[P-](F)(F)(F)(F)F,C(CCC)[N+]1=CN(C=C1)C,C(F)F,Table S3. VLE HFCs
1019,1019,[bmim],[PF6],R32,298.15,0.1,0.076,F[P-](F)(F)(F)(F)F,C(CCC)[N+]1=CN(C=C1)C,C(F)F,Table S3. VLE HFCs
1020,1020,[bmim],[PF6],R32,298.15,0.2,0.146,F[P-](F)(F)(F)(F)F,C(CCC)[N+]1=CN(C=C1)C,C(F)F,Table S3. VLE HFCs
1021,1021,[bmim],[PF6],R32,298.15,0.4,0.273,F[P-](F)(F)(F)(F)F,C(CCC)[N+]1=CN(C=C1)C,C(F)F,Table S3. VLE HFCs
1022,1022,[bmim],[PF6],R32,298.15,0.6,0.384,F[P-](F)(F)(F)(F)F,C(CCC)[N+]1=CN(C=C1)C,C(F)F,Table S3. VLE HFCs
1023,1023,[bmim],[PF6],R32,298.15,0.8,0.483,F[P-](F)(F)(F)(F)F,C(CCC)[N+]1=CN(C=C1)C,C(F)F,Table S3. VLE HFCs
1024,1024,[bmim],[PF6],R32,298.15,1.0,0.574,F[P-](F)(F)(F)(F)F,C(CCC)[N+]1=CN(C=C1)C,C(F)F,Table S3. VLE HFCs
1025,1025,[bmim],[PF6],R23,282.6,0.05,0.01,F[P-](F)(F)(F)(F)F,C(CCC)[N+]1=CN(C=C1)C,C(F)(F)F,Table S3. VLE HFCs
1026,1026,[bmim],[PF6],R23,282.8,0.1098,0.0279999999999999,F[P-](F)(F)(F)(F)F,C(CCC)[N+]1=CN(C=C1)C,C(F)(F)F,Table S3. VLE HFCs
1027,1027,[bmim],[PF6],R23,282.6,0.4,0.113,F[P-](F)(F)(F)(F)F,C(CCC)[N+]1=CN(C=C1)C,C(F)(F)F,Table S3. VLE HFCs
1028,1028,[bmim],[PF6],R23,282.6,0.7,0.2,F[P-](F)(F)(F)(F)F,C(CCC)[N+]1=CN(C=C1)C,C(F)(F)F,Table S3. VLE HFCs
1029,1029,[bmim],[PF6],R23,282.6,0.9993,0.284,F[P-](F)(F)(F)(F)F,C(CCC)[N+]1=CN(C=C1)C,C(F)(F)F,Table S3. VLE HFCs
1030,1030,[bmim],[PF6],R23,282.7,1.2997,0.365,F[P-](F)(F)(F)(F)F,C(CCC)[N+]1=CN(C=C1)C,C(F)(F)F,Table S3. VLE HFCs
1031,1031,[bmim],[PF6],R23,282.6,1.4996,0.419,F[P-](F)(F)(F)(F)F,C(CCC)[N+]1=CN(C=C1)C,C(F)(F)F,Table S3. VLE HFCs
1032,1032,[bmim],[PF6],R23,283.1,2.0002,0.535,F[P-](F)(F)(F)(F)F,C(CCC)[N+]1=CN(C=C1)C,C(F)(F)F,Table S3. VLE HFCs
1033,1033,[bmim],[PF6],R23,298.1,0.0497,0.008,F[P-](F)(F)(F)(F)F,C(CCC)[N+]1=CN(C=C1)C,C(F)(F)F,Table S3. VLE HFCs
1034,1034,[bmim],[PF6],R23,298.1,0.0999,0.018,F[P-](F)(F)(F)(F)F,C(CCC)[N+]1=CN(C=C1)C,C(F)(F)F,Table S3. VLE HFCs
1035,1035,[bmim],[PF6],R23,298.1,0.3993,0.079,F[P-](F)(F)(F)(F)F,C(CCC)[N+]1=CN(C=C1)C,C(F)(F)F,Table S3. VLE HFCs
1036,1036,[bmim],[PF6],R23,298.1,0.6995,0.138,F[P-](F)(F)(F)(F)F,C(CCC)[N+]1=CN(C=C1)C,C(F)(F)F,Table S3. VLE HFCs
1037,1037,[bmim],[PF6],R23,298.0,1.0004,0.195,F[P-](F)(F)(F)(F)F,C(CCC)[N+]1=CN(C=C1)C,C(F)(F)F,Table S3. VLE HFCs
1038,1038,[bmim],[PF6],R23,298.1,1.3006,0.25,F[P-](F)(F)(F)(F)F,C(CCC)[N+]1=CN(C=C1)C,C(F)(F)F,Table S3. VLE HFCs
1039,1039,[bmim],[PF6],R23,298.1,1.5,0.284,F[P-](F)(F)(F)(F)F,C(CCC)[N+]1=CN(C=C1)C,C(F)(F)F,Table S3. VLE HFCs
1040,1040,[bmim],[PF6],R23,298.1,1.9999,0.373,F[P-](F)(F)(F)(F)F,C(CCC)[N+]1=CN(C=C1)C,C(F)(F)F,Table S3. VLE HFCs
1041,1041,[bmim],[PF6],R23,323.1,0.0098,0.0,F[P-](F)(F)(F)(F)F,C(CCC)[N+]1=CN(C=C1)C,C(F)(F)F,Table S3. VLE HFCs
1042,1042,[bmim],[PF6],R23,323.1,0.0498,0.005,F[P-](F)(F)(F)(F)F,C(CCC)[N+]1=CN(C=C1)C,C(F)(F)F,Table S3. VLE HFCs
1043,1043,[bmim],[PF6],R23,323.1,0.0996,0.011,F[P-](F)(F)(F)(F)F,C(CCC)[N+]1=CN(C=C1)C,C(F)(F)F,Table S3. VLE HFCs
1044,1044,[bmim],[PF6],R23,323.1,0.3996,0.05,F[P-](F)(F)(F)(F)F,C(CCC)[N+]1=CN(C=C1)C,C(F)(F)F,Table S3. VLE HFCs
1045,1045,[bmim],[PF6],R23,323.2,0.7004,0.086,F[P-](F)(F)(F)(F)F,C(CCC)[N+]1=CN(C=C1)C,C(F)(F)F,Table S3. VLE HFCs
1046,1046,[bmim],[PF6],R23,323.1,1.0004,0.121,F[P-](F)(F)(F)(F)F,C(CCC)[N+]1=CN(C=C1)C,C(F)(F)F,Table S3. VLE HFCs
1047,1047,[bmim],[PF6],R23,323.2,1.2993,0.156,F[P-](F)(F)(F)(F)F,C(CCC)[N+]1=CN(C=C1)C,C(F)(F)F,Table S3. VLE HFCs
1048,1048,[bmim],[PF6],R23,323.1,1.5001,0.179,F[P-](F)(F)(F)(F)F,C(CCC)[N+]1=CN(C=C1)C,C(F)(F)F,Table S3. VLE HFCs
1049,1049,[bmim],[PF6],R23,323.2,1.9993,0.231,F[P-](F)(F)(F)(F)F,C(CCC)[N+]1=CN(C=C1)C,C(F)(F)F,Table S3. VLE HFCs
1050,1050,[bmim],[PF6],R23,348.1,0.0096,0.001,F[P-](F)(F)(F)(F)F,C(CCC)[N+]1=CN(C=C1)C,C(F)(F)F,Table S3. VLE HFCs
1051,1051,[bmim],[PF6],R23,348.1,0.0497,0.003,F[P-](F)(F)(F)(F)F,C(CCC)[N+]1=CN(C=C1)C,C(F)(F)F,Table S3. VLE HFCs
1052,1052,[bmim],[PF6],R23,348.1,0.0997,0.008,F[P-](F)(F)(F)(F)F,C(CCC)[N+]1=CN(C=C1)C,C(F)(F)F,Table S3. VLE HFCs
1053,1053,[bmim],[PF6],R23,348.1,0.3997,0.033,F[P-](F)(F)(F)(F)F,C(CCC)[N+]1=CN(C=C1)C,C(F)(F)F,Table S3. VLE HFCs
1054,1054,[bmim],[PF6],R23,348.1,0.7002,0.057,F[P-](F)(F)(F)(F)F,C(CCC)[N+]1=CN(C=C1)C,C(F)(F)F,Table S3. VLE HFCs
1055,1055,[bmim],[PF6],R23,348.1,0.9993,0.08,F[P-](F)(F)(F)(F)F,C(CCC)[N+]1=CN(C=C1)C,C(F)(F)F,Table S3. VLE HFCs
1056,1056,[bmim],[PF6],R23,348.0,1.3003,0.105,F[P-](F)(F)(F)(F)F,C(CCC)[N+]1=CN(C=C1)C,C(F)(F)F,Table S3. VLE HFCs
1057,1057,[bmim],[PF6],R23,348.1,1.4994,0.12,F[P-](F)(F)(F)(F)F,C(CCC)[N+]1=CN(C=C1)C,C(F)(F)F,Table S3. VLE HFCs
1058,1058,[bmim],[PF6],R23,348.1,2.0,0.149,F[P-](F)(F)(F)(F)F,C(CCC)[N+]1=CN(C=C1)C,C(F)(F)F,Table S3. VLE HFCs
1059,1059,[bmim],[PF6],R161,283.18,0.0099,0.009,F[P-](F)(F)(F)(F)F,C(CCC)[N+]1=CN(C=C1)C,CCF,Table S3. VLE HFCs
1060,1060,[bmim],[PF6],R161,283.22,0.1,0.107,F[P-](F)(F)(F)(F)F,C(CCC)[N+]1=CN(C=C1)C,CCF,Table S3. VLE HFCs
1061,1061,[bmim],[PF6],R161,283.18,0.1994,0.221,F[P-](F)(F)(F)(F)F,C(CCC)[N+]1=CN(C=C1)C,CCF,Table S3. VLE HFCs
1062,1062,[bmim],[PF6],R161,283.06,0.2995,0.3289999999999999,F[P-](F)(F)(F)(F)F,C(CCC)[N+]1=CN(C=C1)C,CCF,Table S3. VLE HFCs
1063,1063,[bmim],[PF6],R161,283.18,0.3992,0.4429999999999999,F[P-](F)(F)(F)(F)F,C(CCC)[N+]1=CN(C=C1)C,CCF,Table S3. VLE HFCs
1064,1064,[bmim],[PF6],R161,283.22,0.4993,0.575,F[P-](F)(F)(F)(F)F,C(CCC)[N+]1=CN(C=C1)C,CCF,Table S3. VLE HFCs
1065,1065,[bmim],[PF6],R161,297.98,0.01,0.0069999999999999,F[P-](F)(F)(F)(F)F,C(CCC)[N+]1=CN(C=C1)C,CCF,Table S3. VLE HFCs
1066,1066,[bmim],[PF6],R161,298.05,0.1,0.073,F[P-](F)(F)(F)(F)F,C(CCC)[N+]1=CN(C=C1)C,CCF,Table S3. VLE HFCs
1067,1067,[bmim],[PF6],R161,298.06,0.1999,0.144,F[P-](F)(F)(F)(F)F,C(CCC)[N+]1=CN(C=C1)C,CCF,Table S3. VLE HFCs
1068,1068,[bmim],[PF6],R161,298.17,0.2993,0.215,F[P-](F)(F)(F)(F)F,C(CCC)[N+]1=CN(C=C1)C,CCF,Table S3. VLE HFCs
1069,1069,[bmim],[PF6],R161,298.2,0.3992,0.283,F[P-](F)(F)(F)(F)F,C(CCC)[N+]1=CN(C=C1)C,CCF,Table S3. VLE HFCs
1070,1070,[bmim],[PF6],R161,298.06,0.4994,0.351,F[P-](F)(F)(F)(F)F,C(CCC)[N+]1=CN(C=C1)C,CCF,Table S3. VLE HFCs
1071,1071,[bmim],[PF6],R161,297.99,0.5996,0.42,F[P-](F)(F)(F)(F)F,C(CCC)[N+]1=CN(C=C1)C,CCF,Table S3. VLE HFCs
1072,1072,[bmim],[PF6],R161,298.08,0.6994,0.496,F[P-](F)(F)(F)(F)F,C(CCC)[N+]1=CN(C=C1)C,CCF,Table S3. VLE HFCs
1073,1073,[bmim],[PF6],R161,323.15,0.01,0.005,F[P-](F)(F)(F)(F)F,C(CCC)[N+]1=CN(C=C1)C,CCF,Table S3. VLE HFCs
1074,1074,[bmim],[PF6],R161,323.18,0.0997,0.0409999999999999,F[P-](F)(F)(F)(F)F,C(CCC)[N+]1=CN(C=C1)C,CCF,Table S3. VLE HFCs
1075,1075,[bmim],[PF6],R161,323.14,0.1996,0.0819999999999999,F[P-](F)(F)(F)(F)F,C(CCC)[N+]1=CN(C=C1)C,CCF,Table S3. VLE HFCs
1076,1076,[bmim],[PF6],R161,323.16,0.2996,0.122,F[P-](F)(F)(F)(F)F,C(CCC)[N+]1=CN(C=C1)C,CCF,Table S3. VLE HFCs
1077,1077,[bmim],[PF6],R161,323.13,0.3996,0.16,F[P-](F)(F)(F)(F)F,C(CCC)[N+]1=CN(C=C1)C,CCF,Table S3. VLE HFCs
1078,1078,[bmim],[PF6],R161,323.16,0.4999,0.198,F[P-](F)(F)(F)(F)F,C(CCC)[N+]1=CN(C=C1)C,CCF,Table S3. VLE HFCs
1079,1079,[bmim],[PF6],R161,323.12,0.6002,0.235,F[P-](F)(F)(F)(F)F,C(CCC)[N+]1=CN(C=C1)C,CCF,Table S3. VLE HFCs
1080,1080,[bmim],[PF6],R161,323.16,0.7005,0.27,F[P-](F)(F)(F)(F)F,C(CCC)[N+]1=CN(C=C1)C,CCF,Table S3. VLE HFCs
1081,1081,[bmim],[PF6],R161,348.16,0.01,0.003,F[P-](F)(F)(F)(F)F,C(CCC)[N+]1=CN(C=C1)C,CCF,Table S3. VLE HFCs
1082,1082,[bmim],[PF6],R161,348.16,0.1001,0.025,F[P-](F)(F)(F)(F)F,C(CCC)[N+]1=CN(C=C1)C,CCF,Table S3. VLE HFCs
1083,1083,[bmim],[PF6],R161,348.16,0.1998,0.051,F[P-](F)(F)(F)(F)F,C(CCC)[N+]1=CN(C=C1)C,CCF,Table S3. VLE HFCs
1084,1084,[bmim],[PF6],R161,348.13,0.2996,0.076,F[P-](F)(F)(F)(F)F,C(CCC)[N+]1=CN(C=C1)C,CCF,Table S3. VLE HFCs
1085,1085,[bmim],[PF6],R161,348.13,0.3996,0.1,F[P-](F)(F)(F)(F)F,C(CCC)[N+]1=CN(C=C1)C,CCF,Table S3. VLE HFCs
1086,1086,[bmim],[PF6],R161,348.15,0.4998,0.124,F[P-](F)(F)(F)(F)F,C(CCC)[N+]1=CN(C=C1)C,CCF,Table S3. VLE HFCs
1087,1087,[bmim],[PF6],R161,348.15,0.5998,0.147,F[P-](F)(F)(F)(F)F,C(CCC)[N+]1=CN(C=C1)C,CCF,Table S3. VLE HFCs
1088,1088,[bmim],[PF6],R161,348.14,0.7003,0.17,F[P-](F)(F)(F)(F)F,C(CCC)[N+]1=CN(C=C1)C,CCF,Table S3. VLE HFCs
1089,1089,[bmim],[PF6],R152a,283.2,0.0097,0.021,F[P-](F)(F)(F)(F)F,C(CCC)[N+]1=CN(C=C1)C,CC(F)F,Table S3. VLE HFCs
1090,1090,[bmim],[PF6],R152a,283.2,0.0499,0.103,F[P-](F)(F)(F)(F)F,C(CCC)[N+]1=CN(C=C1)C,CC(F)F,Table S3. VLE HFCs
1091,1091,[bmim],[PF6],R152a,283.2,0.0993,0.21,F[P-](F)(F)(F)(F)F,C(CCC)[N+]1=CN(C=C1)C,CC(F)F,Table S3. VLE HFCs
1092,1092,[bmim],[PF6],R152a,283.2,0.1499,0.302,F[P-](F)(F)(F)(F)F,C(CCC)[N+]1=CN(C=C1)C,CC(F)F,Table S3. VLE HFCs
1093,1093,[bmim],[PF6],R152a,283.1,0.2001,0.409,F[P-](F)(F)(F)(F)F,C(CCC)[N+]1=CN(C=C1)C,CC(F)F,Table S3. VLE HFCs
1094,1094,[bmim],[PF6],R152a,283.1,0.2495,0.523,F[P-](F)(F)(F)(F)F,C(CCC)[N+]1=CN(C=C1)C,CC(F)F,Table S3. VLE HFCs
1095,1095,[bmim],[PF6],R152a,283.1,0.3196,0.799,F[P-](F)(F)(F)(F)F,C(CCC)[N+]1=CN(C=C1)C,CC(F)F,Table S3. VLE HFCs
1096,1096,[bmim],[PF6],R152a,298.2,0.01,0.03,F[P-](F)(F)(F)(F)F,C(CCC)[N+]1=CN(C=C1)C,CC(F)F,Table S3. VLE HFCs
1097,1097,[bmim],[PF6],R152a,298.2,0.0501,0.077,F[P-](F)(F)(F)(F)F,C(CCC)[N+]1=CN(C=C1)C,CC(F)F,Table S3. VLE HFCs
1098,1098,[bmim],[PF6],R152a,298.1,0.0998,0.136,F[P-](F)(F)(F)(F)F,C(CCC)[N+]1=CN(C=C1)C,CC(F)F,Table S3. VLE HFCs
1099,1099,[bmim],[PF6],R152a,298.2,0.1492,0.195,F[P-](F)(F)(F)(F)F,C(CCC)[N+]1=CN(C=C1)C,CC(F)F,Table S3. VLE HFCs
1100,1100,[bmim],[PF6],R152a,298.2,0.2497,0.312,F[P-](F)(F)(F)(F)F,C(CCC)[N+]1=CN(C=C1)C,CC(F)F,Table S3. VLE HFCs
1101,1101,[bmim],[PF6],R152a,298.2,0.3482,0.435,F[P-](F)(F)(F)(F)F,C(CCC)[N+]1=CN(C=C1)C,CC(F)F,Table S3. VLE HFCs
1102,1102,[bmim],[PF6],R152a,298.2,0.4505,0.5770000000000001,F[P-](F)(F)(F)(F)F,C(CCC)[N+]1=CN(C=C1)C,CC(F)F,Table S3. VLE HFCs
1103,1103,[bmim],[PF6],R152a,323.3,0.0099,0.0069999999999999,F[P-](F)(F)(F)(F)F,C(CCC)[N+]1=CN(C=C1)C,CC(F)F,Table S3. VLE HFCs
1104,1104,[bmim],[PF6],R152a,323.3,0.0501,0.03,F[P-](F)(F)(F)(F)F,C(CCC)[N+]1=CN(C=C1)C,CC(F)F,Table S3. VLE HFCs
1105,1105,[bmim],[PF6],R152a,323.2,0.1002,0.06,F[P-](F)(F)(F)(F)F,C(CCC)[N+]1=CN(C=C1)C,CC(F)F,Table S3. VLE HFCs
1106,1106,[bmim],[PF6],R152a,323.2,0.1502,0.089,F[P-](F)(F)(F)(F)F,C(CCC)[N+]1=CN(C=C1)C,CC(F)F,Table S3. VLE HFCs
1107,1107,[bmim],[PF6],R152a,323.2,0.2497,0.146,F[P-](F)(F)(F)(F)F,C(CCC)[N+]1=CN(C=C1)C,CC(F)F,Table S3. VLE HFCs
1108,1108,[bmim],[PF6],R152a,323.3,0.3495,0.201,F[P-](F)(F)(F)(F)F,C(CCC)[N+]1=CN(C=C1)C,CC(F)F,Table S3. VLE HFCs
1109,1109,[bmim],[PF6],R152a,323.2,0.4505,0.256,F[P-](F)(F)(F)(F)F,C(CCC)[N+]1=CN(C=C1)C,CC(F)F,Table S3. VLE HFCs
1110,1110,[bmim],[PF6],R152a,348.1,0.0103,0.005,F[P-](F)(F)(F)(F)F,C(CCC)[N+]1=CN(C=C1)C,CC(F)F,Table S3. VLE HFCs
1111,1111,[bmim],[PF6],R152a,348.1,0.0502,0.018,F[P-](F)(F)(F)(F)F,C(CCC)[N+]1=CN(C=C1)C,CC(F)F,Table S3. VLE HFCs
1112,1112,[bmim],[PF6],R152a,348.1,0.1002,0.035,F[P-](F)(F)(F)(F)F,C(CCC)[N+]1=CN(C=C1)C,CC(F)F,Table S3. VLE HFCs
1113,1113,[bmim],[PF6],R152a,348.1,0.1501,0.053,F[P-](F)(F)(F)(F)F,C(CCC)[N+]1=CN(C=C1)C,CC(F)F,Table S3. VLE HFCs
1114,1114,[bmim],[PF6],R152a,348.2,0.2496,0.086,F[P-](F)(F)(F)(F)F,C(CCC)[N+]1=CN(C=C1)C,CC(F)F,Table S3. VLE HFCs
1115,1115,[bmim],[PF6],R152a,348.2,0.3497,0.118,F[P-](F)(F)(F)(F)F,C(CCC)[N+]1=CN(C=C1)C,CC(F)F,Table S3. VLE HFCs
1116,1116,[bmim],[PF6],R152a,348.0,0.45,0.15,F[P-](F)(F)(F)(F)F,C(CCC)[N+]1=CN(C=C1)C,CC(F)F,Table S3. VLE HFCs
1117,1117,[bmim],[PF6],R143a,284.9,0.0096,0.003,F[P-](F)(F)(F)(F)F,C(CCC)[N+]1=CN(C=C1)C,CC(F)(F)F,Table S3. VLE HFCs
1118,1118,[bmim],[PF6],R143a,285.2,0.0997,0.0289999999999999,F[P-](F)(F)(F)(F)F,C(CCC)[N+]1=CN(C=C1)C,CC(F)(F)F,Table S3. VLE HFCs
1119,1119,[bmim],[PF6],R143a,285.1,0.1983,0.061,F[P-](F)(F)(F)(F)F,C(CCC)[N+]1=CN(C=C1)C,CC(F)(F)F,Table S3. VLE HFCs
1120,1120,[bmim],[PF6],R143a,285.2,0.2974,0.094,F[P-](F)(F)(F)(F)F,C(CCC)[N+]1=CN(C=C1)C,CC(F)(F)F,Table S3. VLE HFCs
1121,1121,[bmim],[PF6],R143a,285.5,0.3981,0.125,F[P-](F)(F)(F)(F)F,C(CCC)[N+]1=CN(C=C1)C,CC(F)(F)F,Table S3. VLE HFCs
1122,1122,[bmim],[PF6],R143a,285.2,0.4998,0.159,F[P-](F)(F)(F)(F)F,C(CCC)[N+]1=CN(C=C1)C,CC(F)(F)F,Table S3. VLE HFCs
1123,1123,[bmim],[PF6],R143a,285.2,0.5982,0.192,F[P-](F)(F)(F)(F)F,C(CCC)[N+]1=CN(C=C1)C,CC(F)(F)F,Table S3. VLE HFCs
1124,1124,[bmim],[PF6],R143a,285.4,0.6998,0.2239999999999999,F[P-](F)(F)(F)(F)F,C(CCC)[N+]1=CN(C=C1)C,CC(F)(F)F,Table S3. VLE HFCs
1125,1125,[bmim],[PF6],R143a,285.4,0.7483,0.241,F[P-](F)(F)(F)(F)F,C(CCC)[N+]1=CN(C=C1)C,CC(F)(F)F,Table S3. VLE HFCs
1126,1126,[bmim],[PF6],R143a,298.2,0.0095,0.004,F[P-](F)(F)(F)(F)F,C(CCC)[N+]1=CN(C=C1)C,CC(F)(F)F,Table S3. VLE HFCs
1127,1127,[bmim],[PF6],R143a,298.1,0.0997,0.023,F[P-](F)(F)(F)(F)F,C(CCC)[N+]1=CN(C=C1)C,CC(F)(F)F,Table S3. VLE HFCs
1128,1128,[bmim],[PF6],R143a,298.1,0.2005,0.042,F[P-](F)(F)(F)(F)F,C(CCC)[N+]1=CN(C=C1)C,CC(F)(F)F,Table S3. VLE HFCs
1129,1129,[bmim],[PF6],R143a,298.1,0.299,0.069,F[P-](F)(F)(F)(F)F,C(CCC)[N+]1=CN(C=C1)C,CC(F)(F)F,Table S3. VLE HFCs
1130,1130,[bmim],[PF6],R143a,298.1,0.4015,0.091,F[P-](F)(F)(F)(F)F,C(CCC)[N+]1=CN(C=C1)C,CC(F)(F)F,Table S3. VLE HFCs
1131,1131,[bmim],[PF6],R143a,298.1,0.4989,0.114,F[P-](F)(F)(F)(F)F,C(CCC)[N+]1=CN(C=C1)C,CC(F)(F)F,Table S3. VLE HFCs
1132,1132,[bmim],[PF6],R143a,298.1,0.5986,0.136,F[P-](F)(F)(F)(F)F,C(CCC)[N+]1=CN(C=C1)C,CC(F)(F)F,Table S3. VLE HFCs
1133,1133,[bmim],[PF6],R143a,298.1,0.7002,0.159,F[P-](F)(F)(F)(F)F,C(CCC)[N+]1=CN(C=C1)C,CC(F)(F)F,Table S3. VLE HFCs
1134,1134,[bmim],[PF6],R143a,298.1,0.7501,0.1689999999999999,F[P-](F)(F)(F)(F)F,C(CCC)[N+]1=CN(C=C1)C,CC(F)(F)F,Table S3. VLE HFCs
1135,1135,[bmim],[PF6],R143a,323.1,0.0105,0.001,F[P-](F)(F)(F)(F)F,C(CCC)[N+]1=CN(C=C1)C,CC(F)(F)F,Table S3. VLE HFCs
1136,1136,[bmim],[PF6],R143a,323.1,0.1002,0.013,F[P-](F)(F)(F)(F)F,C(CCC)[N+]1=CN(C=C1)C,CC(F)(F)F,Table S3. VLE HFCs
1137,1137,[bmim],[PF6],R143a,323.3,0.2005,0.027,F[P-](F)(F)(F)(F)F,C(CCC)[N+]1=CN(C=C1)C,CC(F)(F)F,Table S3. VLE HFCs
1138,1138,[bmim],[PF6],R143a,323.2,0.3,0.0409999999999999,F[P-](F)(F)(F)(F)F,C(CCC)[N+]1=CN(C=C1)C,CC(F)(F)F,Table S3. VLE HFCs
1139,1139,[bmim],[PF6],R143a,323.2,0.4002,0.054,F[P-](F)(F)(F)(F)F,C(CCC)[N+]1=CN(C=C1)C,CC(F)(F)F,Table S3. VLE HFCs
1140,1140,[bmim],[PF6],R143a,323.2,0.5005,0.068,F[P-](F)(F)(F)(F)F,C(CCC)[N+]1=CN(C=C1)C,CC(F)(F)F,Table S3. VLE HFCs
1141,1141,[bmim],[PF6],R143a,323.2,0.6004,0.081,F[P-](F)(F)(F)(F)F,C(CCC)[N+]1=CN(C=C1)C,CC(F)(F)F,Table S3. VLE HFCs
1142,1142,[bmim],[PF6],R143a,323.2,0.7003,0.094,F[P-](F)(F)(F)(F)F,C(CCC)[N+]1=CN(C=C1)C,CC(F)(F)F,Table S3. VLE HFCs
1143,1143,[bmim],[PF6],R143a,323.2,1.0003,0.131,F[P-](F)(F)(F)(F)F,C(CCC)[N+]1=CN(C=C1)C,CC(F)(F)F,Table S3. VLE HFCs
1144,1144,[bmim],[PF6],R143a,348.2,0.0099,0.0,F[P-](F)(F)(F)(F)F,C(CCC)[N+]1=CN(C=C1)C,CC(F)(F)F,Table S3. VLE HFCs
1145,1145,[bmim],[PF6],R143a,348.1,0.1,0.009,F[P-](F)(F)(F)(F)F,C(CCC)[N+]1=CN(C=C1)C,CC(F)(F)F,Table S3. VLE HFCs
1146,1146,[bmim],[PF6],R143a,348.0,0.1996,0.018,F[P-](F)(F)(F)(F)F,C(CCC)[N+]1=CN(C=C1)C,CC(F)(F)F,Table S3. VLE HFCs
1147,1147,[bmim],[PF6],R143a,348.1,0.3,0.027,F[P-](F)(F)(F)(F)F,C(CCC)[N+]1=CN(C=C1)C,CC(F)(F)F,Table S3. VLE HFCs
1148,1148,[bmim],[PF6],R143a,348.1,0.4002,0.036,F[P-](F)(F)(F)(F)F,C(CCC)[N+]1=CN(C=C1)C,CC(F)(F)F,Table S3. VLE HFCs
1149,1149,[bmim],[PF6],R143a,348.1,0.5003,0.045,F[P-](F)(F)(F)(F)F,C(CCC)[N+]1=CN(C=C1)C,CC(F)(F)F,Table S3. VLE HFCs
1150,1150,[bmim],[PF6],R143a,348.2,0.5998,0.054,F[P-](F)(F)(F)(F)F,C(CCC)[N+]1=CN(C=C1)C,CC(F)(F)F,Table S3. VLE HFCs
1151,1151,[bmim],[PF6],R143a,348.2,0.7003,0.063,F[P-](F)(F)(F)(F)F,C(CCC)[N+]1=CN(C=C1)C,CC(F)(F)F,Table S3. VLE HFCs
1152,1152,[bmim],[PF6],R143a,348.1,1.0004,0.086,F[P-](F)(F)(F)(F)F,C(CCC)[N+]1=CN(C=C1)C,CC(F)(F)F,Table S3. VLE HFCs
1153,1153,[bmim],[PF6],R134,283.13,0.0101,0.031,F[P-](F)(F)(F)(F)F,C(CCC)[N+]1=CN(C=C1)C,FC(F)C(F)F,Table S3. VLE HFCs
1154,1154,[bmim],[PF6],R134,283.11,0.0502,0.19,F[P-](F)(F)(F)(F)F,C(CCC)[N+]1=CN(C=C1)C,FC(F)C(F)F,Table S3. VLE HFCs
1155,1155,[bmim],[PF6],R134,283.15,0.1,0.3779999999999999,F[P-](F)(F)(F)(F)F,C(CCC)[N+]1=CN(C=C1)C,FC(F)C(F)F,Table S3. VLE HFCs
1156,1156,[bmim],[PF6],R134,283.15,0.1503,0.542,F[P-](F)(F)(F)(F)F,C(CCC)[N+]1=CN(C=C1)C,FC(F)C(F)F,Table S3. VLE HFCs
1157,1157,[bmim],[PF6],R134,283.13,0.2002,0.685,F[P-](F)(F)(F)(F)F,C(CCC)[N+]1=CN(C=C1)C,FC(F)C(F)F,Table S3. VLE HFCs
1158,1158,[bmim],[PF6],R134,283.31,0.2498,0.789,F[P-](F)(F)(F)(F)F,C(CCC)[N+]1=CN(C=C1)C,FC(F)C(F)F,Table S3. VLE HFCs
1159,1159,[bmim],[PF6],R134,298.17,0.0105,0.024,F[P-](F)(F)(F)(F)F,C(CCC)[N+]1=CN(C=C1)C,FC(F)C(F)F,Table S3. VLE HFCs
1160,1160,[bmim],[PF6],R134,298.08,0.0504,0.1159999999999999,F[P-](F)(F)(F)(F)F,C(CCC)[N+]1=CN(C=C1)C,FC(F)C(F)F,Table S3. VLE HFCs
1161,1161,[bmim],[PF6],R134,298.04,0.1004,0.225,F[P-](F)(F)(F)(F)F,C(CCC)[N+]1=CN(C=C1)C,FC(F)C(F)F,Table S3. VLE HFCs
1162,1162,[bmim],[PF6],R134,298.08,0.1503,0.33,F[P-](F)(F)(F)(F)F,C(CCC)[N+]1=CN(C=C1)C,FC(F)C(F)F,Table S3. VLE HFCs
1163,1163,[bmim],[PF6],R134,298.07,0.2003,0.428,F[P-](F)(F)(F)(F)F,C(CCC)[N+]1=CN(C=C1)C,FC(F)C(F)F,Table S3. VLE HFCs
1164,1164,[bmim],[PF6],R134,298.15,0.2502,0.522,F[P-](F)(F)(F)(F)F,C(CCC)[N+]1=CN(C=C1)C,FC(F)C(F)F,Table S3. VLE HFCs
1165,1165,[bmim],[PF6],R134,298.05,0.3,0.611,F[P-](F)(F)(F)(F)F,C(CCC)[N+]1=CN(C=C1)C,FC(F)C(F)F,Table S3. VLE HFCs
1166,1166,[bmim],[PF6],R134,298.09,0.3503,0.6890000000000001,F[P-](F)(F)(F)(F)F,C(CCC)[N+]1=CN(C=C1)C,FC(F)C(F)F,Table S3. VLE HFCs
1167,1167,[bmim],[PF6],R134,323.12,0.0105,0.006,F[P-](F)(F)(F)(F)F,C(CCC)[N+]1=CN(C=C1)C,FC(F)C(F)F,Table S3. VLE HFCs
1168,1168,[bmim],[PF6],R134,323.12,0.0504,0.049,F[P-](F)(F)(F)(F)F,C(CCC)[N+]1=CN(C=C1)C,FC(F)C(F)F,Table S3. VLE HFCs
1169,1169,[bmim],[PF6],R134,323.14,0.1004,0.103,F[P-](F)(F)(F)(F)F,C(CCC)[N+]1=CN(C=C1)C,FC(F)C(F)F,Table S3. VLE HFCs
1170,1170,[bmim],[PF6],R134,323.16,0.1504,0.155,F[P-](F)(F)(F)(F)F,C(CCC)[N+]1=CN(C=C1)C,FC(F)C(F)F,Table S3. VLE HFCs
1171,1171,[bmim],[PF6],R134,323.13,0.2004,0.205,F[P-](F)(F)(F)(F)F,C(CCC)[N+]1=CN(C=C1)C,FC(F)C(F)F,Table S3. VLE HFCs
1172,1172,[bmim],[PF6],R134,323.15,0.2504,0.255,F[P-](F)(F)(F)(F)F,C(CCC)[N+]1=CN(C=C1)C,FC(F)C(F)F,Table S3. VLE HFCs
1173,1173,[bmim],[PF6],R134,323.12,0.3002,0.302,F[P-](F)(F)(F)(F)F,C(CCC)[N+]1=CN(C=C1)C,FC(F)C(F)F,Table S3. VLE HFCs
1174,1174,[bmim],[PF6],R134,323.16,0.3505,0.346,F[P-](F)(F)(F)(F)F,C(CCC)[N+]1=CN(C=C1)C,FC(F)C(F)F,Table S3. VLE HFCs
1175,1175,[bmim],[PF6],R134,348.08,0.0105,0.006,F[P-](F)(F)(F)(F)F,C(CCC)[N+]1=CN(C=C1)C,FC(F)C(F)F,Table S3. VLE HFCs
1176,1176,[bmim],[PF6],R134,348.16,0.0505,0.0289999999999999,F[P-](F)(F)(F)(F)F,C(CCC)[N+]1=CN(C=C1)C,FC(F)C(F)F,Table S3. VLE HFCs
1177,1177,[bmim],[PF6],R134,348.14,0.1004,0.0579999999999999,F[P-](F)(F)(F)(F)F,C(CCC)[N+]1=CN(C=C1)C,FC(F)C(F)F,Table S3. VLE HFCs
1178,1178,[bmim],[PF6],R134,348.16,0.1504,0.087,F[P-](F)(F)(F)(F)F,C(CCC)[N+]1=CN(C=C1)C,FC(F)C(F)F,Table S3. VLE HFCs
1179,1179,[bmim],[PF6],R134,348.14,0.2004,0.114,F[P-](F)(F)(F)(F)F,C(CCC)[N+]1=CN(C=C1)C,FC(F)C(F)F,Table S3. VLE HFCs
1180,1180,[bmim],[PF6],R134,348.16,0.2503,0.141,F[P-](F)(F)(F)(F)F,C(CCC)[N+]1=CN(C=C1)C,FC(F)C(F)F,Table S3. VLE HFCs
1181,1181,[bmim],[PF6],R134,348.15,0.3,0.1669999999999999,F[P-](F)(F)(F)(F)F,C(CCC)[N+]1=CN(C=C1)C,FC(F)C(F)F,Table S3. VLE HFCs
1182,1182,[bmim],[PF6],R134,348.14,0.35,0.196,F[P-](F)(F)(F)(F)F,C(CCC)[N+]1=CN(C=C1)C,FC(F)C(F)F,Table S3. VLE HFCs
1183,1183,[bmim],[PF6],R134a,283.0,0.01,0.003,F[P-](F)(F)(F)(F)F,C(CCC)[N+]1=CN(C=C1)C,C(C(F)(F)F)F,Table S3. VLE HFCs
1184,1184,[bmim],[PF6],R134a,283.2,0.0498,0.05,F[P-](F)(F)(F)(F)F,C(CCC)[N+]1=CN(C=C1)C,C(C(F)(F)F)F,Table S3. VLE HFCs
1185,1185,[bmim],[PF6],R134a,283.1,0.0999,0.126,F[P-](F)(F)(F)(F)F,C(CCC)[N+]1=CN(C=C1)C,C(C(F)(F)F)F,Table S3. VLE HFCs
1186,1186,[bmim],[PF6],R134a,283.1,0.1498,0.213,F[P-](F)(F)(F)(F)F,C(CCC)[N+]1=CN(C=C1)C,C(C(F)(F)F)F,Table S3. VLE HFCs
1187,1187,[bmim],[PF6],R134a,283.1,0.2002,0.305,F[P-](F)(F)(F)(F)F,C(CCC)[N+]1=CN(C=C1)C,C(C(F)(F)F)F,Table S3. VLE HFCs
1188,1188,[bmim],[PF6],R134a,283.1,0.2491,0.4039999999999999,F[P-](F)(F)(F)(F)F,C(CCC)[N+]1=CN(C=C1)C,C(C(F)(F)F)F,Table S3. VLE HFCs
1189,1189,[bmim],[PF6],R134a,283.1,0.2997,0.519,F[P-](F)(F)(F)(F)F,C(CCC)[N+]1=CN(C=C1)C,C(C(F)(F)F)F,Table S3. VLE HFCs
1190,1190,[bmim],[PF6],R134a,283.1,0.349,0.7240000000000001,F[P-](F)(F)(F)(F)F,C(CCC)[N+]1=CN(C=C1)C,C(C(F)(F)F)F,Table S3. VLE HFCs
1191,1191,[bmim],[PF6],R134a,298.2,0.01,0.011,F[P-](F)(F)(F)(F)F,C(CCC)[N+]1=CN(C=C1)C,C(C(F)(F)F)F,Table S3. VLE HFCs
1192,1192,[bmim],[PF6],R134a,298.1,0.0498,0.042,F[P-](F)(F)(F)(F)F,C(CCC)[N+]1=CN(C=C1)C,C(C(F)(F)F)F,Table S3. VLE HFCs
1193,1193,[bmim],[PF6],R134a,298.2,0.0997,0.086,F[P-](F)(F)(F)(F)F,C(CCC)[N+]1=CN(C=C1)C,C(C(F)(F)F)F,Table S3. VLE HFCs
1194,1194,[bmim],[PF6],R134a,298.2,0.1499,0.13,F[P-](F)(F)(F)(F)F,C(CCC)[N+]1=CN(C=C1)C,C(C(F)(F)F)F,Table S3. VLE HFCs
1195,1195,[bmim],[PF6],R134a,298.2,0.1993,0.176,F[P-](F)(F)(F)(F)F,C(CCC)[N+]1=CN(C=C1)C,C(C(F)(F)F)F,Table S3. VLE HFCs
1196,1196,[bmim],[PF6],R134a,298.1,0.25,0.2239999999999999,F[P-](F)(F)(F)(F)F,C(CCC)[N+]1=CN(C=C1)C,C(C(F)(F)F)F,Table S3. VLE HFCs
1197,1197,[bmim],[PF6],R134a,298.2,0.2995,0.275,F[P-](F)(F)(F)(F)F,C(CCC)[N+]1=CN(C=C1)C,C(C(F)(F)F)F,Table S3. VLE HFCs
1198,1198,[bmim],[PF6],R134a,298.1,0.35,0.326,F[P-](F)(F)(F)(F)F,C(CCC)[N+]1=CN(C=C1)C,C(C(F)(F)F)F,Table S3. VLE HFCs
1199,1199,[bmim],[PF6],R134a,323.1,0.0099,0.004,F[P-](F)(F)(F)(F)F,C(CCC)[N+]1=CN(C=C1)C,C(C(F)(F)F)F,Table S3. VLE HFCs
1200,1200,[bmim],[PF6],R134a,323.2,0.0498,0.021,F[P-](F)(F)(F)(F)F,C(CCC)[N+]1=CN(C=C1)C,C(C(F)(F)F)F,Table S3. VLE HFCs
1201,1201,[bmim],[PF6],R134a,323.1,0.0997,0.043,F[P-](F)(F)(F)(F)F,C(CCC)[N+]1=CN(C=C1)C,C(C(F)(F)F)F,Table S3. VLE HFCs
1202,1202,[bmim],[PF6],R134a,323.1,0.1499,0.065,F[P-](F)(F)(F)(F)F,C(CCC)[N+]1=CN(C=C1)C,C(C(F)(F)F)F,Table S3. VLE HFCs
1203,1203,[bmim],[PF6],R134a,323.2,0.199,0.087,F[P-](F)(F)(F)(F)F,C(CCC)[N+]1=CN(C=C1)C,C(C(F)(F)F)F,Table S3. VLE HFCs
1204,1204,[bmim],[PF6],R134a,323.2,0.249,0.109,F[P-](F)(F)(F)(F)F,C(CCC)[N+]1=CN(C=C1)C,C(C(F)(F)F)F,Table S3. VLE HFCs
1205,1205,[bmim],[PF6],R134a,323.2,0.299,0.131,F[P-](F)(F)(F)(F)F,C(CCC)[N+]1=CN(C=C1)C,C(C(F)(F)F)F,Table S3. VLE HFCs
1206,1206,[bmim],[PF6],R134a,323.2,0.3493,0.154,F[P-](F)(F)(F)(F)F,C(CCC)[N+]1=CN(C=C1)C,C(C(F)(F)F)F,Table S3. VLE HFCs
1207,1207,[bmim],[PF6],R134a,348.2,0.0097,0.0,F[P-](F)(F)(F)(F)F,C(CCC)[N+]1=CN(C=C1)C,C(C(F)(F)F)F,Table S3. VLE HFCs
1208,1208,[bmim],[PF6],R134a,348.1,0.0498,0.009,F[P-](F)(F)(F)(F)F,C(CCC)[N+]1=CN(C=C1)C,C(C(F)(F)F)F,Table S3. VLE HFCs
1209,1209,[bmim],[PF6],R134a,348.1,0.0993,0.022,F[P-](F)(F)(F)(F)F,C(CCC)[N+]1=CN(C=C1)C,C(C(F)(F)F)F,Table S3. VLE HFCs
1210,1210,[bmim],[PF6],R134a,348.1,0.1501,0.035,F[P-](F)(F)(F)(F)F,C(CCC)[N+]1=CN(C=C1)C,C(C(F)(F)F)F,Table S3. VLE HFCs
1211,1211,[bmim],[PF6],R134a,348.2,0.1998,0.047,F[P-](F)(F)(F)(F)F,C(CCC)[N+]1=CN(C=C1)C,C(C(F)(F)F)F,Table S3. VLE HFCs
1212,1212,[bmim],[PF6],R134a,348.2,0.2501,0.059,F[P-](F)(F)(F)(F)F,C(CCC)[N+]1=CN(C=C1)C,C(C(F)(F)F)F,Table S3. VLE HFCs
1213,1213,[bmim],[PF6],R134a,348.2,0.3002,0.072,F[P-](F)(F)(F)(F)F,C(CCC)[N+]1=CN(C=C1)C,C(C(F)(F)F)F,Table S3. VLE HFCs
1214,1214,[bmim],[PF6],R134a,348.2,0.349,0.085,F[P-](F)(F)(F)(F)F,C(CCC)[N+]1=CN(C=C1)C,C(C(F)(F)F)F,Table S3. VLE HFCs
1215,1215,[bmim],[PF6],R125,283.1,0.0099,0.013,F[P-](F)(F)(F)(F)F,C(CCC)[N+]1=CN(C=C1)C,C(F)(F)(C(F)(F)F),Table S3. VLE HFCs
1216,1216,[bmim],[PF6],R125,283.2,0.0996,0.034,F[P-](F)(F)(F)(F)F,C(CCC)[N+]1=CN(C=C1)C,C(F)(F)(C(F)(F)F),Table S3. VLE HFCs
1217,1217,[bmim],[PF6],R125,283.3,0.1996,0.075,F[P-](F)(F)(F)(F)F,C(CCC)[N+]1=CN(C=C1)C,C(F)(F)(C(F)(F)F),Table S3. VLE HFCs
1218,1218,[bmim],[PF6],R125,283.2,0.2996,0.126,F[P-](F)(F)(F)(F)F,C(CCC)[N+]1=CN(C=C1)C,C(F)(F)(C(F)(F)F),Table S3. VLE HFCs
1219,1219,[bmim],[PF6],R125,283.3,0.3996,0.185,F[P-](F)(F)(F)(F)F,C(CCC)[N+]1=CN(C=C1)C,C(F)(F)(C(F)(F)F),Table S3. VLE HFCs
1220,1220,[bmim],[PF6],R125,283.1,0.4997,0.255,F[P-](F)(F)(F)(F)F,C(CCC)[N+]1=CN(C=C1)C,C(F)(F)(C(F)(F)F),Table S3. VLE HFCs
1221,1221,[bmim],[PF6],R125,283.2,0.5997,0.342,F[P-](F)(F)(F)(F)F,C(CCC)[N+]1=CN(C=C1)C,C(F)(F)(C(F)(F)F),Table S3. VLE HFCs
1222,1222,[bmim],[PF6],R125,283.1,0.6996,0.462,F[P-](F)(F)(F)(F)F,C(CCC)[N+]1=CN(C=C1)C,C(F)(F)(C(F)(F)F),Table S3. VLE HFCs
1223,1223,[bmim],[PF6],R125,283.2,0.7998,0.66,F[P-](F)(F)(F)(F)F,C(CCC)[N+]1=CN(C=C1)C,C(F)(F)(C(F)(F)F),Table S3. VLE HFCs
1224,1224,[bmim],[PF6],R125,298.2,0.0098,0.003,F[P-](F)(F)(F)(F)F,C(CCC)[N+]1=CN(C=C1)C,C(F)(F)(C(F)(F)F),Table S3. VLE HFCs
1225,1225,[bmim],[PF6],R125,298.2,0.0996,0.023,F[P-](F)(F)(F)(F)F,C(CCC)[N+]1=CN(C=C1)C,C(F)(F)(C(F)(F)F),Table S3. VLE HFCs
1226,1226,[bmim],[PF6],R125,298.2,0.1998,0.05,F[P-](F)(F)(F)(F)F,C(CCC)[N+]1=CN(C=C1)C,C(F)(F)(C(F)(F)F),Table S3. VLE HFCs
1227,1227,[bmim],[PF6],R125,298.1,0.2995,0.08,F[P-](F)(F)(F)(F)F,C(CCC)[N+]1=CN(C=C1)C,C(F)(F)(C(F)(F)F),Table S3. VLE HFCs
1228,1228,[bmim],[PF6],R125,298.2,0.3998,0.111,F[P-](F)(F)(F)(F)F,C(CCC)[N+]1=CN(C=C1)C,C(F)(F)(C(F)(F)F),Table S3. VLE HFCs
1229,1229,[bmim],[PF6],R125,298.2,0.4995,0.143,F[P-](F)(F)(F)(F)F,C(CCC)[N+]1=CN(C=C1)C,C(F)(F)(C(F)(F)F),Table S3. VLE HFCs
1230,1230,[bmim],[PF6],R125,298.2,0.5995,0.18,F[P-](F)(F)(F)(F)F,C(CCC)[N+]1=CN(C=C1)C,C(F)(F)(C(F)(F)F),Table S3. VLE HFCs
1231,1231,[bmim],[PF6],R125,298.2,0.7996,0.261,F[P-](F)(F)(F)(F)F,C(CCC)[N+]1=CN(C=C1)C,C(F)(F)(C(F)(F)F),Table S3. VLE HFCs
1232,1232,[bmim],[PF6],R125,298.1,0.9998,0.363,F[P-](F)(F)(F)(F)F,C(CCC)[N+]1=CN(C=C1)C,C(F)(F)(C(F)(F)F),Table S3. VLE HFCs
1233,1233,[bmim],[PF6],R125,323.1,0.01,0.0,F[P-](F)(F)(F)(F)F,C(CCC)[N+]1=CN(C=C1)C,C(F)(F)(C(F)(F)F),Table S3. VLE HFCs
1234,1234,[bmim],[PF6],R125,323.1,0.0996,0.013,F[P-](F)(F)(F)(F)F,C(CCC)[N+]1=CN(C=C1)C,C(F)(F)(C(F)(F)F),Table S3. VLE HFCs
1235,1235,[bmim],[PF6],R125,323.1,0.1998,0.0279999999999999,F[P-](F)(F)(F)(F)F,C(CCC)[N+]1=CN(C=C1)C,C(F)(F)(C(F)(F)F),Table S3. VLE HFCs
1236,1236,[bmim],[PF6],R125,323.2,0.3,0.042,F[P-](F)(F)(F)(F)F,C(CCC)[N+]1=CN(C=C1)C,C(F)(F)(C(F)(F)F),Table S3. VLE HFCs
1237,1237,[bmim],[PF6],R125,323.1,0.3997,0.057,F[P-](F)(F)(F)(F)F,C(CCC)[N+]1=CN(C=C1)C,C(F)(F)(C(F)(F)F),Table S3. VLE HFCs
1238,1238,[bmim],[PF6],R125,323.2,0.4999,0.072,F[P-](F)(F)(F)(F)F,C(CCC)[N+]1=CN(C=C1)C,C(F)(F)(C(F)(F)F),Table S3. VLE HFCs
1239,1239,[bmim],[PF6],R125,323.1,0.5996,0.087,F[P-](F)(F)(F)(F)F,C(CCC)[N+]1=CN(C=C1)C,C(F)(F)(C(F)(F)F),Table S3. VLE HFCs
1240,1240,[bmim],[PF6],R125,323.1,0.7997,0.12,F[P-](F)(F)(F)(F)F,C(CCC)[N+]1=CN(C=C1)C,C(F)(F)(C(F)(F)F),Table S3. VLE HFCs
1241,1241,[bmim],[PF6],R125,323.1,0.9996,0.154,F[P-](F)(F)(F)(F)F,C(CCC)[N+]1=CN(C=C1)C,C(F)(F)(C(F)(F)F),Table S3. VLE HFCs
1242,1242,[bmim],[PF6],R125,348.2,0.0102,0.0,F[P-](F)(F)(F)(F)F,C(CCC)[N+]1=CN(C=C1)C,C(F)(F)(C(F)(F)F),Table S3. VLE HFCs
1243,1243,[bmim],[PF6],R125,348.1,0.0997,0.0069999999999999,F[P-](F)(F)(F)(F)F,C(CCC)[N+]1=CN(C=C1)C,C(F)(F)(C(F)(F)F),Table S3. VLE HFCs
1244,1244,[bmim],[PF6],R125,348.2,0.1996,0.016,F[P-](F)(F)(F)(F)F,C(CCC)[N+]1=CN(C=C1)C,C(F)(F)(C(F)(F)F),Table S3. VLE HFCs
1245,1245,[bmim],[PF6],R125,348.3,0.2997,0.025,F[P-](F)(F)(F)(F)F,C(CCC)[N+]1=CN(C=C1)C,C(F)(F)(C(F)(F)F),Table S3. VLE HFCs
1246,1246,[bmim],[PF6],R125,348.2,0.3997,0.033,F[P-](F)(F)(F)(F)F,C(CCC)[N+]1=CN(C=C1)C,C(F)(F)(C(F)(F)F),Table S3. VLE HFCs
1247,1247,[bmim],[PF6],R125,348.2,0.4998,0.043,F[P-](F)(F)(F)(F)F,C(CCC)[N+]1=CN(C=C1)C,C(F)(F)(C(F)(F)F),Table S3. VLE HFCs
1248,1248,[bmim],[PF6],R125,348.2,0.5998,0.053,F[P-](F)(F)(F)(F)F,C(CCC)[N+]1=CN(C=C1)C,C(F)(F)(C(F)(F)F),Table S3. VLE HFCs
1249,1249,[bmim],[PF6],R125,348.3,0.8,0.07,F[P-](F)(F)(F)(F)F,C(CCC)[N+]1=CN(C=C1)C,C(F)(F)(C(F)(F)F),Table S3. VLE HFCs
1250,1250,[bmim],[PF6],R125,348.2,0.9996,0.088,F[P-](F)(F)(F)(F)F,C(CCC)[N+]1=CN(C=C1)C,C(F)(F)(C(F)(F)F),Table S3. VLE HFCs
1251,1251,[bmim],[PF6],R125,298.15,0.05,0.012,F[P-](F)(F)(F)(F)F,C(CCC)[N+]1=CN(C=C1)C,C(F)(F)(C(F)(F)F),Table S3. VLE HFCs
1252,1252,[bmim],[PF6],R125,298.15,0.1,0.024,F[P-](F)(F)(F)(F)F,C(CCC)[N+]1=CN(C=C1)C,C(F)(F)(C(F)(F)F),Table S3. VLE HFCs
1253,1253,[bmim],[PF6],R125,298.15,0.2,0.048,F[P-](F)(F)(F)(F)F,C(CCC)[N+]1=CN(C=C1)C,C(F)(F)(C(F)(F)F),Table S3. VLE HFCs
1254,1254,[bmim],[PF6],R125,298.15,0.4,0.099,F[P-](F)(F)(F)(F)F,C(CCC)[N+]1=CN(C=C1)C,C(F)(F)(C(F)(F)F),Table S3. VLE HFCs
1255,1255,[bmim],[PF6],R125,298.15,0.6,0.16,F[P-](F)(F)(F)(F)F,C(CCC)[N+]1=CN(C=C1)C,C(F)(F)(C(F)(F)F),Table S3. VLE HFCs
1256,1256,[bmim],[PF6],R125,298.15,0.8,0.232,F[P-](F)(F)(F)(F)F,C(CCC)[N+]1=CN(C=C1)C,C(F)(F)(C(F)(F)F),Table S3. VLE HFCs
1257,1257,[bmim],[PF6],R125,298.15,1.0,0.323,F[P-](F)(F)(F)(F)F,C(CCC)[N+]1=CN(C=C1)C,C(F)(F)(C(F)(F)F),Table S3. VLE HFCs
1258,1258,[bmim],[SCN],R32,298.15,0.0095,0.004,[S-]C#N,C(CCC)[N+]1=CN(C=C1)C,C(F)F,Table S3. VLE HFCs
1259,1259,[bmim],[SCN],R32,298.15,0.1003,0.0409999999999999,[S-]C#N,C(CCC)[N+]1=CN(C=C1)C,C(F)F,Table S3. VLE HFCs
1260,1260,[bmim],[SCN],R32,298.15,0.2503,0.1,[S-]C#N,C(CCC)[N+]1=CN(C=C1)C,C(F)F,Table S3. VLE HFCs
1261,1261,[bmim],[SCN],R32,298.15,0.3996,0.158,[S-]C#N,C(CCC)[N+]1=CN(C=C1)C,C(F)F,Table S3. VLE HFCs
1262,1262,[bmim],[SCN],R32,298.15,0.55,0.214,[S-]C#N,C(CCC)[N+]1=CN(C=C1)C,C(F)F,Table S3. VLE HFCs
1263,1263,[bmim],[SCN],R32,298.15,0.6997,0.27,[S-]C#N,C(CCC)[N+]1=CN(C=C1)C,C(F)F,Table S3. VLE HFCs
1264,1264,[bmim],[SCN],R32,298.15,0.8495,0.324,[S-]C#N,C(CCC)[N+]1=CN(C=C1)C,C(F)F,Table S3. VLE HFCs
1265,1265,[bmim],[SCN],R32,298.15,0.9992,0.379,[S-]C#N,C(CCC)[N+]1=CN(C=C1)C,C(F)F,Table S3. VLE HFCs
1266,1266,[bmim],[SCN],R32,298.15,0.05,0.004,[S-]C#N,C(CCC)[N+]1=CN(C=C1)C,C(F)F,Table S3. VLE HFCs
1267,1267,[bmim],[SCN],R32,298.15,0.1,0.024,[S-]C#N,C(CCC)[N+]1=CN(C=C1)C,C(F)F,Table S3. VLE HFCs
1268,1268,[bmim],[SCN],R32,298.15,0.2,0.057,[S-]C#N,C(CCC)[N+]1=CN(C=C1)C,C(F)F,Table S3. VLE HFCs
1269,1269,[bmim],[SCN],R32,298.15,0.4,0.127,[S-]C#N,C(CCC)[N+]1=CN(C=C1)C,C(F)F,Table S3. VLE HFCs
1270,1270,[bmim],[SCN],R32,298.15,0.6,0.212,[S-]C#N,C(CCC)[N+]1=CN(C=C1)C,C(F)F,Table S3. VLE HFCs
1271,1271,[bmim],[SCN],R32,298.15,0.8,0.28,[S-]C#N,C(CCC)[N+]1=CN(C=C1)C,C(F)F,Table S3. VLE HFCs
1272,1272,[bmim],[SCN],R32,298.15,1.0,0.349,[S-]C#N,C(CCC)[N+]1=CN(C=C1)C,C(F)F,Table S3. VLE HFCs
1273,1273,[bmim],[SCN],R125,298.15,0.05,0.001,[S-]C#N,C(CCC)[N+]1=CN(C=C1)C,C(F)(F)(C(F)(F)F),Table S3. VLE HFCs
1274,1274,[bmim],[SCN],R125,298.15,0.1,0.004,[S-]C#N,C(CCC)[N+]1=CN(C=C1)C,C(F)(F)(C(F)(F)F),Table S3. VLE HFCs
1275,1275,[bmim],[SCN],R125,298.15,0.2,0.013,[S-]C#N,C(CCC)[N+]1=CN(C=C1)C,C(F)(F)(C(F)(F)F),Table S3. VLE HFCs
1276,1276,[bmim],[SCN],R125,298.15,0.4,0.031,[S-]C#N,C(CCC)[N+]1=CN(C=C1)C,C(F)(F)(C(F)(F)F),Table S3. VLE HFCs
1277,1277,[bmim],[SCN],R125,298.15,0.6,0.053,[S-]C#N,C(CCC)[N+]1=CN(C=C1)C,C(F)(F)(C(F)(F)F),Table S3. VLE HFCs
1278,1278,[bmim],[SCN],R125,298.15,0.8,0.077,[S-]C#N,C(CCC)[N+]1=CN(C=C1)C,C(F)(F)(C(F)(F)F),Table S3. VLE HFCs
1279,1279,[bmim],[SCN],R125,298.15,1.0,0.105,[S-]C#N,C(CCC)[N+]1=CN(C=C1)C,C(F)(F)(C(F)(F)F),Table S3. VLE HFCs
1280,1280,[bmim],[TFES],R32,298.15,0.0097,0.0069999999999999,FC(F)C(F)(F)S(=O)(=O)[O-],C(CCC)[N+]1=CN(C=C1)C,C(F)F,Table S3. VLE HFCs
1281,1281,[bmim],[TFES],R32,298.15,0.0999,0.072,FC(F)C(F)(F)S(=O)(=O)[O-],C(CCC)[N+]1=CN(C=C1)C,C(F)F,Table S3. VLE HFCs
1282,1282,[bmim],[TFES],R32,298.15,0.25,0.172,FC(F)C(F)(F)S(=O)(=O)[O-],C(CCC)[N+]1=CN(C=C1)C,C(F)F,Table S3. VLE HFCs
1283,1283,[bmim],[TFES],R32,298.15,0.3972,0.263,FC(F)C(F)(F)S(=O)(=O)[O-],C(CCC)[N+]1=CN(C=C1)C,C(F)F,Table S3. VLE HFCs
1284,1284,[bmim],[TFES],R32,298.15,0.5484,0.345,FC(F)C(F)(F)S(=O)(=O)[O-],C(CCC)[N+]1=CN(C=C1)C,C(F)F,Table S3. VLE HFCs
1285,1285,[bmim],[TFES],R32,298.15,0.6995,0.42,FC(F)C(F)(F)S(=O)(=O)[O-],C(CCC)[N+]1=CN(C=C1)C,C(F)F,Table S3. VLE HFCs
1286,1286,[bmim],[TFES],R32,298.15,0.8481,0.49,FC(F)C(F)(F)S(=O)(=O)[O-],C(CCC)[N+]1=CN(C=C1)C,C(F)F,Table S3. VLE HFCs
1287,1287,[bmim],[TFES],R32,298.15,0.9989,0.556,FC(F)C(F)(F)S(=O)(=O)[O-],C(CCC)[N+]1=CN(C=C1)C,C(F)F,Table S3. VLE HFCs
1288,1288,[bmim],[TPES],R32,298.15,0.0095,0.01,FC(F)(F)C(F)(F)OC(F)C(F)(F)S(=O)(=O)[O-],C(CCC)[N+]1=CN(C=C1)C,C(F)F,Table S3. VLE HFCs
1289,1289,[bmim],[TPES],R32,298.15,0.1001,0.102,FC(F)(F)C(F)(F)OC(F)C(F)(F)S(=O)(=O)[O-],C(CCC)[N+]1=CN(C=C1)C,C(F)F,Table S3. VLE HFCs
1290,1290,[bmim],[TPES],R32,298.15,0.2496,0.237,FC(F)(F)C(F)(F)OC(F)C(F)(F)S(=O)(=O)[O-],C(CCC)[N+]1=CN(C=C1)C,C(F)F,Table S3. VLE HFCs
1291,1291,[bmim],[TPES],R32,298.15,0.3995,0.348,FC(F)(F)C(F)(F)OC(F)C(F)(F)S(=O)(=O)[O-],C(CCC)[N+]1=CN(C=C1)C,C(F)F,Table S3. VLE HFCs
1292,1292,[bmim],[TPES],R32,298.15,0.5494,0.445,FC(F)(F)C(F)(F)OC(F)C(F)(F)S(=O)(=O)[O-],C(CCC)[N+]1=CN(C=C1)C,C(F)F,Table S3. VLE HFCs
1293,1293,[bmim],[TPES],R32,298.15,0.6994,0.529,FC(F)(F)C(F)(F)OC(F)C(F)(F)S(=O)(=O)[O-],C(CCC)[N+]1=CN(C=C1)C,C(F)F,Table S3. VLE HFCs
1294,1294,[bmim],[TPES],R32,298.15,0.8495,0.605,FC(F)(F)C(F)(F)OC(F)C(F)(F)S(=O)(=O)[O-],C(CCC)[N+]1=CN(C=C1)C,C(F)F,Table S3. VLE HFCs
1295,1295,[bmim],[TPES],R32,298.15,0.9994,0.674,FC(F)(F)C(F)(F)OC(F)C(F)(F)S(=O)(=O)[O-],C(CCC)[N+]1=CN(C=C1)C,C(F)F,Table S3. VLE HFCs
1296,1296,[bmim],[TPES],R134a,283.15,0.0102,0.0279999999999999,FC(F)(F)C(F)(F)OC(F)C(F)(F)S(=O)(=O)[O-],C(CCC)[N+]1=CN(C=C1)C,C(C(F)(F)F)F,Table S3. VLE HFCs
1297,1297,[bmim],[TPES],R134a,283.1,0.0504,0.132,FC(F)(F)C(F)(F)OC(F)C(F)(F)S(=O)(=O)[O-],C(CCC)[N+]1=CN(C=C1)C,C(C(F)(F)F)F,Table S3. VLE HFCs
1298,1298,[bmim],[TPES],R134a,283.15,0.1004,0.253,FC(F)(F)C(F)(F)OC(F)C(F)(F)S(=O)(=O)[O-],C(CCC)[N+]1=CN(C=C1)C,C(C(F)(F)F)F,Table S3. VLE HFCs
1299,1299,[bmim],[TPES],R134a,283.1,0.1503,0.363,FC(F)(F)C(F)(F)OC(F)C(F)(F)S(=O)(=O)[O-],C(CCC)[N+]1=CN(C=C1)C,C(C(F)(F)F)F,Table S3. VLE HFCs
1300,1300,[bmim],[TPES],R134a,283.05,0.2002,0.466,FC(F)(F)C(F)(F)OC(F)C(F)(F)S(=O)(=O)[O-],C(CCC)[N+]1=CN(C=C1)C,C(C(F)(F)F)F,Table S3. VLE HFCs
1301,1301,[bmim],[TPES],R134a,283.1,0.2502,0.568,FC(F)(F)C(F)(F)OC(F)C(F)(F)S(=O)(=O)[O-],C(CCC)[N+]1=CN(C=C1)C,C(C(F)(F)F)F,Table S3. VLE HFCs
1302,1302,[bmim],[TPES],R134a,283.1,0.3004,0.6729999999999999,FC(F)(F)C(F)(F)OC(F)C(F)(F)S(=O)(=O)[O-],C(CCC)[N+]1=CN(C=C1)C,C(C(F)(F)F)F,Table S3. VLE HFCs
1303,1303,[bmim],[TPES],R134a,283.1,0.3504,0.7979999999999999,FC(F)(F)C(F)(F)OC(F)C(F)(F)S(=O)(=O)[O-],C(CCC)[N+]1=CN(C=C1)C,C(C(F)(F)F)F,Table S3. VLE HFCs
1304,1304,[bmim],[TPES],R134a,298.05,0.0103,0.018,FC(F)(F)C(F)(F)OC(F)C(F)(F)S(=O)(=O)[O-],C(CCC)[N+]1=CN(C=C1)C,C(C(F)(F)F)F,Table S3. VLE HFCs
1305,1305,[bmim],[TPES],R134a,298.1,0.0503,0.084,FC(F)(F)C(F)(F)OC(F)C(F)(F)S(=O)(=O)[O-],C(CCC)[N+]1=CN(C=C1)C,C(C(F)(F)F)F,Table S3. VLE HFCs
1306,1306,[bmim],[TPES],R134a,298.1,0.1002,0.162,FC(F)(F)C(F)(F)OC(F)C(F)(F)S(=O)(=O)[O-],C(CCC)[N+]1=CN(C=C1)C,C(C(F)(F)F)F,Table S3. VLE HFCs
1307,1307,[bmim],[TPES],R134a,298.1,0.1502,0.236,FC(F)(F)C(F)(F)OC(F)C(F)(F)S(=O)(=O)[O-],C(CCC)[N+]1=CN(C=C1)C,C(C(F)(F)F)F,Table S3. VLE HFCs
1308,1308,[bmim],[TPES],R134a,298.05,0.2003,0.304,FC(F)(F)C(F)(F)OC(F)C(F)(F)S(=O)(=O)[O-],C(CCC)[N+]1=CN(C=C1)C,C(C(F)(F)F)F,Table S3. VLE HFCs
1309,1309,[bmim],[TPES],R134a,298.1,0.2504,0.368,FC(F)(F)C(F)(F)OC(F)C(F)(F)S(=O)(=O)[O-],C(CCC)[N+]1=CN(C=C1)C,C(C(F)(F)F)F,Table S3. VLE HFCs
1310,1310,[bmim],[TPES],R134a,298.1,0.3003,0.431,FC(F)(F)C(F)(F)OC(F)C(F)(F)S(=O)(=O)[O-],C(CCC)[N+]1=CN(C=C1)C,C(C(F)(F)F)F,Table S3. VLE HFCs
1311,1311,[bmim],[TPES],R134a,298.1,0.3501,0.494,FC(F)(F)C(F)(F)OC(F)C(F)(F)S(=O)(=O)[O-],C(CCC)[N+]1=CN(C=C1)C,C(C(F)(F)F)F,Table S3. VLE HFCs
1312,1312,[bmim],[TPES],R134a,323.15,0.0104,0.011,FC(F)(F)C(F)(F)OC(F)C(F)(F)S(=O)(=O)[O-],C(CCC)[N+]1=CN(C=C1)C,C(C(F)(F)F)F,Table S3. VLE HFCs
1313,1313,[bmim],[TPES],R134a,323.15,0.0503,0.045,FC(F)(F)C(F)(F)OC(F)C(F)(F)S(=O)(=O)[O-],C(CCC)[N+]1=CN(C=C1)C,C(C(F)(F)F)F,Table S3. VLE HFCs
1314,1314,[bmim],[TPES],R134a,323.15,0.1002,0.087,FC(F)(F)C(F)(F)OC(F)C(F)(F)S(=O)(=O)[O-],C(CCC)[N+]1=CN(C=C1)C,C(C(F)(F)F)F,Table S3. VLE HFCs
1315,1315,[bmim],[TPES],R134a,323.15,0.1502,0.129,FC(F)(F)C(F)(F)OC(F)C(F)(F)S(=O)(=O)[O-],C(CCC)[N+]1=CN(C=C1)C,C(C(F)(F)F)F,Table S3. VLE HFCs
1316,1316,[bmim],[TPES],R134a,323.15,0.2002,0.168,FC(F)(F)C(F)(F)OC(F)C(F)(F)S(=O)(=O)[O-],C(CCC)[N+]1=CN(C=C1)C,C(C(F)(F)F)F,Table S3. VLE HFCs
1317,1317,[bmim],[TPES],R134a,323.15,0.2504,0.206,FC(F)(F)C(F)(F)OC(F)C(F)(F)S(=O)(=O)[O-],C(CCC)[N+]1=CN(C=C1)C,C(C(F)(F)F)F,Table S3. VLE HFCs
1318,1318,[bmim],[TPES],R134a,323.1,0.3004,0.241,FC(F)(F)C(F)(F)OC(F)C(F)(F)S(=O)(=O)[O-],C(CCC)[N+]1=CN(C=C1)C,C(C(F)(F)F)F,Table S3. VLE HFCs
1319,1319,[bmim],[TPES],R134a,323.15,0.3503,0.276,FC(F)(F)C(F)(F)OC(F)C(F)(F)S(=O)(=O)[O-],C(CCC)[N+]1=CN(C=C1)C,C(C(F)(F)F)F,Table S3. VLE HFCs
1320,1320,[bmim],[TPES],R134a,348.1,0.0105,0.006,FC(F)(F)C(F)(F)OC(F)C(F)(F)S(=O)(=O)[O-],C(CCC)[N+]1=CN(C=C1)C,C(C(F)(F)F)F,Table S3. VLE HFCs
1321,1321,[bmim],[TPES],R134a,348.1,0.0505,0.027,FC(F)(F)C(F)(F)OC(F)C(F)(F)S(=O)(=O)[O-],C(CCC)[N+]1=CN(C=C1)C,C(C(F)(F)F)F,Table S3. VLE HFCs
1322,1322,[bmim],[TPES],R134a,348.1,0.1005,0.053,FC(F)(F)C(F)(F)OC(F)C(F)(F)S(=O)(=O)[O-],C(CCC)[N+]1=CN(C=C1)C,C(C(F)(F)F)F,Table S3. VLE HFCs
1323,1323,[bmim],[TPES],R134a,348.1,0.1505,0.078,FC(F)(F)C(F)(F)OC(F)C(F)(F)S(=O)(=O)[O-],C(CCC)[N+]1=CN(C=C1)C,C(C(F)(F)F)F,Table S3. VLE HFCs
1324,1324,[bmim],[TPES],R134a,347.9,0.2006,0.103,FC(F)(F)C(F)(F)OC(F)C(F)(F)S(=O)(=O)[O-],C(CCC)[N+]1=CN(C=C1)C,C(C(F)(F)F)F,Table S3. VLE HFCs
1325,1325,[bmim],[TPES],R134a,348.1,0.2505,0.126,FC(F)(F)C(F)(F)OC(F)C(F)(F)S(=O)(=O)[O-],C(CCC)[N+]1=CN(C=C1)C,C(C(F)(F)F)F,Table S3. VLE HFCs
1326,1326,[bmim],[TPES],R134a,348.1,0.3004,0.149,FC(F)(F)C(F)(F)OC(F)C(F)(F)S(=O)(=O)[O-],C(CCC)[N+]1=CN(C=C1)C,C(C(F)(F)F)F,Table S3. VLE HFCs
1327,1327,[bmim],[TPES],R134a,348.1,0.3505,0.171,FC(F)(F)C(F)(F)OC(F)C(F)(F)S(=O)(=O)[O-],C(CCC)[N+]1=CN(C=C1)C,C(C(F)(F)F)F,Table S3. VLE HFCs
1328,1328,[bmim],[TTES],R32,298.15,0.0095,0.01,FC(F)(F)OC(F)C(F)(F)S(=O)(=O)[O-],C(CCC)[N+]1=CN(C=C1)C,C(F)F,Table S3. VLE HFCs
1329,1329,[bmim],[TTES],R32,298.15,0.1003,0.096,FC(F)(F)OC(F)C(F)(F)S(=O)(=O)[O-],C(CCC)[N+]1=CN(C=C1)C,C(F)F,Table S3. VLE HFCs
1330,1330,[bmim],[TTES],R32,298.15,0.2503,0.223,FC(F)(F)OC(F)C(F)(F)S(=O)(=O)[O-],C(CCC)[N+]1=CN(C=C1)C,C(F)F,Table S3. VLE HFCs
1331,1331,[bmim],[TTES],R32,298.15,0.3996,0.3339999999999999,FC(F)(F)OC(F)C(F)(F)S(=O)(=O)[O-],C(CCC)[N+]1=CN(C=C1)C,C(F)F,Table S3. VLE HFCs
1332,1332,[bmim],[TTES],R32,298.15,0.55,0.428,FC(F)(F)OC(F)C(F)(F)S(=O)(=O)[O-],C(CCC)[N+]1=CN(C=C1)C,C(F)F,Table S3. VLE HFCs
1333,1333,[bmim],[TTES],R32,298.15,0.6997,0.51,FC(F)(F)OC(F)C(F)(F)S(=O)(=O)[O-],C(CCC)[N+]1=CN(C=C1)C,C(F)F,Table S3. VLE HFCs
1334,1334,[bmim],[TTES],R32,298.15,0.8495,0.583,FC(F)(F)OC(F)C(F)(F)S(=O)(=O)[O-],C(CCC)[N+]1=CN(C=C1)C,C(F)F,Table S3. VLE HFCs
1335,1335,[bmim],[TTES],R32,298.15,0.9992,0.65,FC(F)(F)OC(F)C(F)(F)S(=O)(=O)[O-],C(CCC)[N+]1=CN(C=C1)C,C(F)F,Table S3. VLE HFCs
1336,1336,[bmim],[TTES],R134a,283.2,0.0103,0.026,FC(F)(F)OC(F)C(F)(F)S(=O)(=O)[O-],C(CCC)[N+]1=CN(C=C1)C,C(C(F)(F)F)F,Table S3. VLE HFCs
1337,1337,[bmim],[TTES],R134a,283.2,0.05,0.1169999999999999,FC(F)(F)OC(F)C(F)(F)S(=O)(=O)[O-],C(CCC)[N+]1=CN(C=C1)C,C(C(F)(F)F)F,Table S3. VLE HFCs
1338,1338,[bmim],[TTES],R134a,283.15,0.1003,0.225,FC(F)(F)OC(F)C(F)(F)S(=O)(=O)[O-],C(CCC)[N+]1=CN(C=C1)C,C(C(F)(F)F)F,Table S3. VLE HFCs
1339,1339,[bmim],[TTES],R134a,283.15,0.1502,0.327,FC(F)(F)OC(F)C(F)(F)S(=O)(=O)[O-],C(CCC)[N+]1=CN(C=C1)C,C(C(F)(F)F)F,Table S3. VLE HFCs
1340,1340,[bmim],[TTES],R134a,282.1,0.2002,0.426,FC(F)(F)OC(F)C(F)(F)S(=O)(=O)[O-],C(CCC)[N+]1=CN(C=C1)C,C(C(F)(F)F)F,Table S3. VLE HFCs
1341,1341,[bmim],[TTES],R134a,283.1,0.2505,0.516,FC(F)(F)OC(F)C(F)(F)S(=O)(=O)[O-],C(CCC)[N+]1=CN(C=C1)C,C(C(F)(F)F)F,Table S3. VLE HFCs
1342,1342,[bmim],[TTES],R134a,283.1,0.2995,0.63,FC(F)(F)OC(F)C(F)(F)S(=O)(=O)[O-],C(CCC)[N+]1=CN(C=C1)C,C(C(F)(F)F)F,Table S3. VLE HFCs
1343,1343,[bmim],[TTES],R134a,283.1,0.3505,0.748,FC(F)(F)OC(F)C(F)(F)S(=O)(=O)[O-],C(CCC)[N+]1=CN(C=C1)C,C(C(F)(F)F)F,Table S3. VLE HFCs
1344,1344,[bmim],[TTES],R134a,298.1,0.0102,0.017,FC(F)(F)OC(F)C(F)(F)S(=O)(=O)[O-],C(CCC)[N+]1=CN(C=C1)C,C(C(F)(F)F)F,Table S3. VLE HFCs
1345,1345,[bmim],[TTES],R134a,298.1,0.0503,0.075,FC(F)(F)OC(F)C(F)(F)S(=O)(=O)[O-],C(CCC)[N+]1=CN(C=C1)C,C(C(F)(F)F)F,Table S3. VLE HFCs
1346,1346,[bmim],[TTES],R134a,298.2,0.1002,0.144,FC(F)(F)OC(F)C(F)(F)S(=O)(=O)[O-],C(CCC)[N+]1=CN(C=C1)C,C(C(F)(F)F)F,Table S3. VLE HFCs
1347,1347,[bmim],[TTES],R134a,298.0,0.1502,0.209,FC(F)(F)OC(F)C(F)(F)S(=O)(=O)[O-],C(CCC)[N+]1=CN(C=C1)C,C(C(F)(F)F)F,Table S3. VLE HFCs
1348,1348,[bmim],[TTES],R134a,298.1,0.2003,0.273,FC(F)(F)OC(F)C(F)(F)S(=O)(=O)[O-],C(CCC)[N+]1=CN(C=C1)C,C(C(F)(F)F)F,Table S3. VLE HFCs
1349,1349,[bmim],[TTES],R134a,298.15,0.2504,0.3329999999999999,FC(F)(F)OC(F)C(F)(F)S(=O)(=O)[O-],C(CCC)[N+]1=CN(C=C1)C,C(C(F)(F)F)F,Table S3. VLE HFCs
1350,1350,[bmim],[TTES],R134a,298.1,0.3001,0.392,FC(F)(F)OC(F)C(F)(F)S(=O)(=O)[O-],C(CCC)[N+]1=CN(C=C1)C,C(C(F)(F)F)F,Table S3. VLE HFCs
1351,1351,[bmim],[TTES],R134a,297.9,0.3501,0.4529999999999999,FC(F)(F)OC(F)C(F)(F)S(=O)(=O)[O-],C(CCC)[N+]1=CN(C=C1)C,C(C(F)(F)F)F,Table S3. VLE HFCs
1352,1352,[bmim],[TTES],R134a,323.15,0.0105,0.009,FC(F)(F)OC(F)C(F)(F)S(=O)(=O)[O-],C(CCC)[N+]1=CN(C=C1)C,C(C(F)(F)F)F,Table S3. VLE HFCs
1353,1353,[bmim],[TTES],R134a,323.15,0.0503,0.039,FC(F)(F)OC(F)C(F)(F)S(=O)(=O)[O-],C(CCC)[N+]1=CN(C=C1)C,C(C(F)(F)F)F,Table S3. VLE HFCs
1354,1354,[bmim],[TTES],R134a,323.15,0.1002,0.076,FC(F)(F)OC(F)C(F)(F)S(=O)(=O)[O-],C(CCC)[N+]1=CN(C=C1)C,C(C(F)(F)F)F,Table S3. VLE HFCs
1355,1355,[bmim],[TTES],R134a,323.15,0.1502,0.1119999999999999,FC(F)(F)OC(F)C(F)(F)S(=O)(=O)[O-],C(CCC)[N+]1=CN(C=C1)C,C(C(F)(F)F)F,Table S3. VLE HFCs
1356,1356,[bmim],[TTES],R134a,323.15,0.2003,0.146,FC(F)(F)OC(F)C(F)(F)S(=O)(=O)[O-],C(CCC)[N+]1=CN(C=C1)C,C(C(F)(F)F)F,Table S3. VLE HFCs
1357,1357,[bmim],[TTES],R134a,323.15,0.2503,0.18,FC(F)(F)OC(F)C(F)(F)S(=O)(=O)[O-],C(CCC)[N+]1=CN(C=C1)C,C(C(F)(F)F)F,Table S3. VLE HFCs
1358,1358,[bmim],[TTES],R134a,323.15,0.3004,0.213,FC(F)(F)OC(F)C(F)(F)S(=O)(=O)[O-],C(CCC)[N+]1=CN(C=C1)C,C(C(F)(F)F)F,Table S3. VLE HFCs
1359,1359,[bmim],[TTES],R134a,323.15,0.3502,0.245,FC(F)(F)OC(F)C(F)(F)S(=O)(=O)[O-],C(CCC)[N+]1=CN(C=C1)C,C(C(F)(F)F)F,Table S3. VLE HFCs
1360,1360,[bmim],[TTES],R134a,348.15,0.0103,0.005,FC(F)(F)OC(F)C(F)(F)S(=O)(=O)[O-],C(CCC)[N+]1=CN(C=C1)C,C(C(F)(F)F)F,Table S3. VLE HFCs
1361,1361,[bmim],[TTES],R134a,348.1,0.0505,0.023,FC(F)(F)OC(F)C(F)(F)S(=O)(=O)[O-],C(CCC)[N+]1=CN(C=C1)C,C(C(F)(F)F)F,Table S3. VLE HFCs
1362,1362,[bmim],[TTES],R134a,348.1,0.1005,0.045,FC(F)(F)OC(F)C(F)(F)S(=O)(=O)[O-],C(CCC)[N+]1=CN(C=C1)C,C(C(F)(F)F)F,Table S3. VLE HFCs
1363,1363,[bmim],[TTES],R134a,348.05,0.1503,0.067,FC(F)(F)OC(F)C(F)(F)S(=O)(=O)[O-],C(CCC)[N+]1=CN(C=C1)C,C(C(F)(F)F)F,Table S3. VLE HFCs
1364,1364,[bmim],[TTES],R134a,348.05,0.2004,0.088,FC(F)(F)OC(F)C(F)(F)S(=O)(=O)[O-],C(CCC)[N+]1=CN(C=C1)C,C(C(F)(F)F)F,Table S3. VLE HFCs
1365,1365,[bmim],[TTES],R134a,348.1,0.2504,0.109,FC(F)(F)OC(F)C(F)(F)S(=O)(=O)[O-],C(CCC)[N+]1=CN(C=C1)C,C(C(F)(F)F)F,Table S3. VLE HFCs
1366,1366,[bmim],[TTES],R134a,348.1,0.3002,0.129,FC(F)(F)OC(F)C(F)(F)S(=O)(=O)[O-],C(CCC)[N+]1=CN(C=C1)C,C(C(F)(F)F)F,Table S3. VLE HFCs
1367,1367,[bmim],[TTES],R134a,348.1,0.3504,0.149,FC(F)(F)OC(F)C(F)(F)S(=O)(=O)[O-],C(CCC)[N+]1=CN(C=C1)C,C(C(F)(F)F)F,Table S3. VLE HFCs
1368,1368,[hmim],[BF4],R32,303.2,0.0406,0.028,F[B-](F)(F)F,C(CCCCC)[N+]1=CN(C=C1)C,C(F)F,Table S3. VLE HFCs
1369,1369,[hmim],[BF4],R32,313.2,0.048,0.02667,F[B-](F)(F)F,C(CCCCC)[N+]1=CN(C=C1)C,C(F)F,Table S3. VLE HFCs
1370,1370,[hmim],[BF4],R32,323.2,0.0539,0.02396,F[B-](F)(F)F,C(CCCCC)[N+]1=CN(C=C1)C,C(F)F,Table S3. VLE HFCs
1371,1371,[hmim],[BF4],R32,333.2,0.0585,0.0212,F[B-](F)(F)F,C(CCCCC)[N+]1=CN(C=C1)C,C(F)F,Table S3. VLE HFCs
1372,1372,[hmim],[BF4],R32,343.2,0.0603,0.01795,F[B-](F)(F)F,C(CCCCC)[N+]1=CN(C=C1)C,C(F)F,Table S3. VLE HFCs
1373,1373,[hmim],[BF4],R161,303.2,0.0457,0.02787,F[B-](F)(F)F,C(CCCCC)[N+]1=CN(C=C1)C,CCF,Table S3. VLE HFCs
1374,1374,[hmim],[BF4],R161,313.2,0.0492,0.024,F[B-](F)(F)F,C(CCCCC)[N+]1=CN(C=C1)C,CCF,Table S3. VLE HFCs
1375,1375,[hmim],[BF4],R161,323.2,0.0571,0.02231,F[B-](F)(F)F,C(CCCCC)[N+]1=CN(C=C1)C,CCF,Table S3. VLE HFCs
1376,1376,[hmim],[BF4],R161,333.2,0.0605,0.01915,F[B-](F)(F)F,C(CCCCC)[N+]1=CN(C=C1)C,CCF,Table S3. VLE HFCs
1377,1377,[hmim],[BF4],R161,343.2,0.064,0.01662,F[B-](F)(F)F,C(CCCCC)[N+]1=CN(C=C1)C,CCF,Table S3. VLE HFCs
1378,1378,[hmim],[BF4],R152a,303.2,0.0326,0.03196,F[B-](F)(F)F,C(CCCCC)[N+]1=CN(C=C1)C,CC(F)F,Table S3. VLE HFCs
1379,1379,[hmim],[BF4],R152a,313.2,0.0401,0.03038,F[B-](F)(F)F,C(CCCCC)[N+]1=CN(C=C1)C,CC(F)F,Table S3. VLE HFCs
1380,1380,[hmim],[BF4],R152a,323.2,0.045,0.02695,F[B-](F)(F)F,C(CCCCC)[N+]1=CN(C=C1)C,CC(F)F,Table S3. VLE HFCs
1381,1381,[hmim],[BF4],R152a,333.2,0.0483,0.023,F[B-](F)(F)F,C(CCCCC)[N+]1=CN(C=C1)C,CC(F)F,Table S3. VLE HFCs
1382,1382,[hmim],[BF4],R152a,343.2,0.0529,0.02011,F[B-](F)(F)F,C(CCCCC)[N+]1=CN(C=C1)C,CC(F)F,Table S3. VLE HFCs
1383,1383,[hmim],[BF4],R143a,303.2,0.1076,0.02196,F[B-](F)(F)F,C(CCCCC)[N+]1=CN(C=C1)C,CC(F)(F)F,Table S3. VLE HFCs
1384,1384,[hmim],[BF4],R143a,313.2,0.1202,0.01997,F[B-](F)(F)F,C(CCCCC)[N+]1=CN(C=C1)C,CC(F)(F)F,Table S3. VLE HFCs
1385,1385,[hmim],[BF4],R143a,323.2,0.1361,0.01859,F[B-](F)(F)F,C(CCCCC)[N+]1=CN(C=C1)C,CC(F)(F)F,Table S3. VLE HFCs
1386,1386,[hmim],[BF4],R143a,333.2,0.152,0.01725,F[B-](F)(F)F,C(CCCCC)[N+]1=CN(C=C1)C,CC(F)(F)F,Table S3. VLE HFCs
1387,1387,[hmim],[BF4],R143a,343.2,0.1569,0.01501,F[B-](F)(F)F,C(CCCCC)[N+]1=CN(C=C1)C,CC(F)(F)F,Table S3. VLE HFCs
1388,1388,[hmim],[BF4],R134a,298.0,0.081,0.0438,F[B-](F)(F)F,C(CCCCC)[N+]1=CN(C=C1)C,C(C(F)(F)F)F,Table S3. VLE HFCs
1389,1389,[hmim],[BF4],R134a,298.0,0.156,0.1305,F[B-](F)(F)F,C(CCCCC)[N+]1=CN(C=C1)C,C(C(F)(F)F)F,Table S3. VLE HFCs
1390,1390,[hmim],[BF4],R134a,298.0,0.242,0.2236,F[B-](F)(F)F,C(CCCCC)[N+]1=CN(C=C1)C,C(C(F)(F)F)F,Table S3. VLE HFCs
1391,1391,[hmim],[BF4],R134a,298.0,0.422,0.4156,F[B-](F)(F)F,C(CCCCC)[N+]1=CN(C=C1)C,C(C(F)(F)F)F,Table S3. VLE HFCs
1392,1392,[hmim],[BF4],R134a,298.0,0.512,0.5222,F[B-](F)(F)F,C(CCCCC)[N+]1=CN(C=C1)C,C(C(F)(F)F)F,Table S3. VLE HFCs
1393,1393,[hmim],[BF4],R134a,323.0,0.086,0.0308,F[B-](F)(F)F,C(CCCCC)[N+]1=CN(C=C1)C,C(C(F)(F)F)F,Table S3. VLE HFCs
1394,1394,[hmim],[BF4],R134a,323.0,0.17,0.0761,F[B-](F)(F)F,C(CCCCC)[N+]1=CN(C=C1)C,C(C(F)(F)F)F,Table S3. VLE HFCs
1395,1395,[hmim],[BF4],R134a,323.0,0.35,0.1768,F[B-](F)(F)F,C(CCCCC)[N+]1=CN(C=C1)C,C(C(F)(F)F)F,Table S3. VLE HFCs
1396,1396,[hmim],[BF4],R134a,323.0,0.53,0.2734,F[B-](F)(F)F,C(CCCCC)[N+]1=CN(C=C1)C,C(C(F)(F)F)F,Table S3. VLE HFCs
1397,1397,[hmim],[BF4],R134a,323.0,0.768,0.3953,F[B-](F)(F)F,C(CCCCC)[N+]1=CN(C=C1)C,C(C(F)(F)F)F,Table S3. VLE HFCs
1398,1398,[hmim],[BF4],R134a,323.0,1.06,0.5737,F[B-](F)(F)F,C(CCCCC)[N+]1=CN(C=C1)C,C(C(F)(F)F)F,Table S3. VLE HFCs
1399,1399,[hmim],[BF4],R134a,323.0,1.227,0.7071,F[B-](F)(F)F,C(CCCCC)[N+]1=CN(C=C1)C,C(C(F)(F)F)F,Table S3. VLE HFCs
1400,1400,[hmim],[BF4],R134a,348.0,0.612,0.0,F[B-](F)(F)F,C(CCCCC)[N+]1=CN(C=C1)C,C(C(F)(F)F)F,Table S3. VLE HFCs
1401,1401,[hmim],[BF4],R134a,348.0,0.986,0.2006,F[B-](F)(F)F,C(CCCCC)[N+]1=CN(C=C1)C,C(C(F)(F)F)F,Table S3. VLE HFCs
1402,1402,[hmim],[BF4],R134a,348.0,1.344,0.3155,F[B-](F)(F)F,C(CCCCC)[N+]1=CN(C=C1)C,C(C(F)(F)F)F,Table S3. VLE HFCs
1403,1403,[hmim],[BF4],R134a,348.0,1.662,0.4292,F[B-](F)(F)F,C(CCCCC)[N+]1=CN(C=C1)C,C(C(F)(F)F)F,Table S3. VLE HFCs
1404,1404,[hmim],[BF4],R134a,348.0,1.97,0.5235,F[B-](F)(F)F,C(CCCCC)[N+]1=CN(C=C1)C,C(C(F)(F)F)F,Table S3. VLE HFCs
1405,1405,[hmim],[BF4],R125,303.2,0.0954,0.02953,F[B-](F)(F)F,C(CCCCC)[N+]1=CN(C=C1)C,C(F)(F)(C(F)(F)F),Table S3. VLE HFCs
1406,1406,[hmim],[BF4],R125,313.2,0.1119,0.02697,F[B-](F)(F)F,C(CCCCC)[N+]1=CN(C=C1)C,C(F)(F)(C(F)(F)F),Table S3. VLE HFCs
1407,1407,[hmim],[BF4],R125,323.2,0.1243,0.02359,F[B-](F)(F)F,C(CCCCC)[N+]1=CN(C=C1)C,C(F)(F)(C(F)(F)F),Table S3. VLE HFCs
1408,1408,[hmim],[BF4],R125,333.2,0.1305,0.01974,F[B-](F)(F)F,C(CCCCC)[N+]1=CN(C=C1)C,C(F)(F)(C(F)(F)F),Table S3. VLE HFCs
1409,1409,[hmim],[BF4],R125,343.2,0.1294,0.01592,F[B-](F)(F)F,C(CCCCC)[N+]1=CN(C=C1)C,C(F)(F)(C(F)(F)F),Table S3. VLE HFCs
1410,1410,[hmim],[BF4],R245fa,303.15,0.011,0.0279,F[B-](F)(F)F,C(CCCCC)[N+]1=CN(C=C1)C,FC(F)(F)CC(F)F,Table S3. VLE HFCs
1411,1411,[hmim],[BF4],R245fa,303.15,0.019,0.0496,F[B-](F)(F)F,C(CCCCC)[N+]1=CN(C=C1)C,FC(F)(F)CC(F)F,Table S3. VLE HFCs
1412,1412,[hmim],[BF4],R245fa,303.15,0.029,0.0757,F[B-](F)(F)F,C(CCCCC)[N+]1=CN(C=C1)C,FC(F)(F)CC(F)F,Table S3. VLE HFCs
1413,1413,[hmim],[BF4],R245fa,303.15,0.04,0.1044,F[B-](F)(F)F,C(CCCCC)[N+]1=CN(C=C1)C,FC(F)(F)CC(F)F,Table S3. VLE HFCs
1414,1414,[hmim],[BF4],R245fa,303.15,0.051,0.1358,F[B-](F)(F)F,C(CCCCC)[N+]1=CN(C=C1)C,FC(F)(F)CC(F)F,Table S3. VLE HFCs
1415,1415,[hmim],[BF4],R245fa,313.15,0.015,0.0264,F[B-](F)(F)F,C(CCCCC)[N+]1=CN(C=C1)C,FC(F)(F)CC(F)F,Table S3. VLE HFCs
1416,1416,[hmim],[BF4],R245fa,313.15,0.025,0.0473,F[B-](F)(F)F,C(CCCCC)[N+]1=CN(C=C1)C,FC(F)(F)CC(F)F,Table S3. VLE HFCs
1417,1417,[hmim],[BF4],R245fa,313.15,0.038,0.0715,F[B-](F)(F)F,C(CCCCC)[N+]1=CN(C=C1)C,FC(F)(F)CC(F)F,Table S3. VLE HFCs
1418,1418,[hmim],[BF4],R245fa,313.15,0.052,0.1001,F[B-](F)(F)F,C(CCCCC)[N+]1=CN(C=C1)C,FC(F)(F)CC(F)F,Table S3. VLE HFCs
1419,1419,[hmim],[BF4],R245fa,313.15,0.065,0.1251,F[B-](F)(F)F,C(CCCCC)[N+]1=CN(C=C1)C,FC(F)(F)CC(F)F,Table S3. VLE HFCs
1420,1420,[hmim],[BF4],R245fa,323.15,0.019,0.0247,F[B-](F)(F)F,C(CCCCC)[N+]1=CN(C=C1)C,FC(F)(F)CC(F)F,Table S3. VLE HFCs
1421,1421,[hmim],[BF4],R245fa,323.15,0.032,0.0445,F[B-](F)(F)F,C(CCCCC)[N+]1=CN(C=C1)C,FC(F)(F)CC(F)F,Table S3. VLE HFCs
1422,1422,[hmim],[BF4],R245fa,323.15,0.048,0.0677,F[B-](F)(F)F,C(CCCCC)[N+]1=CN(C=C1)C,FC(F)(F)CC(F)F,Table S3. VLE HFCs
1423,1423,[hmim],[BF4],R245fa,323.15,0.066,0.0951,F[B-](F)(F)F,C(CCCCC)[N+]1=CN(C=C1)C,FC(F)(F)CC(F)F,Table S3. VLE HFCs
1424,1424,[hmim],[BF4],R245fa,323.15,0.081,0.1194,F[B-](F)(F)F,C(CCCCC)[N+]1=CN(C=C1)C,FC(F)(F)CC(F)F,Table S3. VLE HFCs
1425,1425,[hmim],[BF4],R245fa,333.15,0.025,0.0234,F[B-](F)(F)F,C(CCCCC)[N+]1=CN(C=C1)C,FC(F)(F)CC(F)F,Table S3. VLE HFCs
1426,1426,[hmim],[BF4],R245fa,333.15,0.04,0.0413,F[B-](F)(F)F,C(CCCCC)[N+]1=CN(C=C1)C,FC(F)(F)CC(F)F,Table S3. VLE HFCs
1427,1427,[hmim],[BF4],R245fa,333.15,0.06,0.0634,F[B-](F)(F)F,C(CCCCC)[N+]1=CN(C=C1)C,FC(F)(F)CC(F)F,Table S3. VLE HFCs
1428,1428,[hmim],[BF4],R245fa,333.15,0.082,0.0894,F[B-](F)(F)F,C(CCCCC)[N+]1=CN(C=C1)C,FC(F)(F)CC(F)F,Table S3. VLE HFCs
1429,1429,[hmim],[BF4],R245fa,333.15,0.102,0.1126,F[B-](F)(F)F,C(CCCCC)[N+]1=CN(C=C1)C,FC(F)(F)CC(F)F,Table S3. VLE HFCs
1430,1430,[hmim],[BF4],R245fa,343.15,0.03,0.0213,F[B-](F)(F)F,C(CCCCC)[N+]1=CN(C=C1)C,FC(F)(F)CC(F)F,Table S3. VLE HFCs
1431,1431,[hmim],[BF4],R245fa,343.15,0.05,0.0394,F[B-](F)(F)F,C(CCCCC)[N+]1=CN(C=C1)C,FC(F)(F)CC(F)F,Table S3. VLE HFCs
1432,1432,[hmim],[BF4],R245fa,343.15,0.073,0.0586,F[B-](F)(F)F,C(CCCCC)[N+]1=CN(C=C1)C,FC(F)(F)CC(F)F,Table S3. VLE HFCs
1433,1433,[hmim],[BF4],R245fa,343.15,0.101,0.0831,F[B-](F)(F)F,C(CCCCC)[N+]1=CN(C=C1)C,FC(F)(F)CC(F)F,Table S3. VLE HFCs
1434,1434,[hmim],[BF4],R245fa,343.15,0.125,0.1051,F[B-](F)(F)F,C(CCCCC)[N+]1=CN(C=C1)C,FC(F)(F)CC(F)F,Table S3. VLE HFCs
1435,1435,[hmim],[BF4],R236fa,303.15,0.039,0.0456,F[B-](F)(F)F,C(CCCCC)[N+]1=CN(C=C1)C,FC(F)(F)CC(F)(F)F,Table S3. VLE HFCs
1436,1436,[hmim],[BF4],R236fa,303.15,0.058,0.0672,F[B-](F)(F)F,C(CCCCC)[N+]1=CN(C=C1)C,FC(F)(F)CC(F)(F)F,Table S3. VLE HFCs
1437,1437,[hmim],[BF4],R236fa,303.15,0.081,0.0977,F[B-](F)(F)F,C(CCCCC)[N+]1=CN(C=C1)C,FC(F)(F)CC(F)(F)F,Table S3. VLE HFCs
1438,1438,[hmim],[BF4],R236fa,303.15,0.098,0.1182,F[B-](F)(F)F,C(CCCCC)[N+]1=CN(C=C1)C,FC(F)(F)CC(F)(F)F,Table S3. VLE HFCs
1439,1439,[hmim],[BF4],R236fa,303.15,0.118,0.1462,F[B-](F)(F)F,C(CCCCC)[N+]1=CN(C=C1)C,FC(F)(F)CC(F)(F)F,Table S3. VLE HFCs
1440,1440,[hmim],[BF4],R236fa,313.15,0.05,0.0413,F[B-](F)(F)F,C(CCCCC)[N+]1=CN(C=C1)C,FC(F)(F)CC(F)(F)F,Table S3. VLE HFCs
1441,1441,[hmim],[BF4],R236fa,313.15,0.073,0.0613,F[B-](F)(F)F,C(CCCCC)[N+]1=CN(C=C1)C,FC(F)(F)CC(F)(F)F,Table S3. VLE HFCs
1442,1442,[hmim],[BF4],R236fa,313.15,0.103,0.0894,F[B-](F)(F)F,C(CCCCC)[N+]1=CN(C=C1)C,FC(F)(F)CC(F)(F)F,Table S3. VLE HFCs
1443,1443,[hmim],[BF4],R236fa,313.15,0.125,0.1085,F[B-](F)(F)F,C(CCCCC)[N+]1=CN(C=C1)C,FC(F)(F)CC(F)(F)F,Table S3. VLE HFCs
1444,1444,[hmim],[BF4],R236fa,313.15,0.151,0.1347,F[B-](F)(F)F,C(CCCCC)[N+]1=CN(C=C1)C,FC(F)(F)CC(F)(F)F,Table S3. VLE HFCs
1445,1445,[hmim],[BF4],R236fa,323.15,0.061,0.037,F[B-](F)(F)F,C(CCCCC)[N+]1=CN(C=C1)C,FC(F)(F)CC(F)(F)F,Table S3. VLE HFCs
1446,1446,[hmim],[BF4],R236fa,323.15,0.089,0.0552,F[B-](F)(F)F,C(CCCCC)[N+]1=CN(C=C1)C,FC(F)(F)CC(F)(F)F,Table S3. VLE HFCs
1447,1447,[hmim],[BF4],R236fa,323.15,0.127,0.0808,F[B-](F)(F)F,C(CCCCC)[N+]1=CN(C=C1)C,FC(F)(F)CC(F)(F)F,Table S3. VLE HFCs
1448,1448,[hmim],[BF4],R236fa,323.15,0.154,0.0982,F[B-](F)(F)F,C(CCCCC)[N+]1=CN(C=C1)C,FC(F)(F)CC(F)(F)F,Table S3. VLE HFCs
1449,1449,[hmim],[BF4],R236fa,323.15,0.188,0.1224,F[B-](F)(F)F,C(CCCCC)[N+]1=CN(C=C1)C,FC(F)(F)CC(F)(F)F,Table S3. VLE HFCs
1450,1450,[hmim],[BF4],R236fa,333.15,0.073,0.0325,F[B-](F)(F)F,C(CCCCC)[N+]1=CN(C=C1)C,FC(F)(F)CC(F)(F)F,Table S3. VLE HFCs
1451,1451,[hmim],[BF4],R236fa,333.15,0.106,0.0491,F[B-](F)(F)F,C(CCCCC)[N+]1=CN(C=C1)C,FC(F)(F)CC(F)(F)F,Table S3. VLE HFCs
1452,1452,[hmim],[BF4],R236fa,333.15,0.152,0.0722,F[B-](F)(F)F,C(CCCCC)[N+]1=CN(C=C1)C,FC(F)(F)CC(F)(F)F,Table S3. VLE HFCs
1453,1453,[hmim],[BF4],R236fa,333.15,0.184,0.088,F[B-](F)(F)F,C(CCCCC)[N+]1=CN(C=C1)C,FC(F)(F)CC(F)(F)F,Table S3. VLE HFCs
1454,1454,[hmim],[BF4],R236fa,333.15,0.225,0.1099,F[B-](F)(F)F,C(CCCCC)[N+]1=CN(C=C1)C,FC(F)(F)CC(F)(F)F,Table S3. VLE HFCs
1455,1455,[hmim],[BF4],R236fa,343.15,0.084,0.0285,F[B-](F)(F)F,C(CCCCC)[N+]1=CN(C=C1)C,FC(F)(F)CC(F)(F)F,Table S3. VLE HFCs
1456,1456,[hmim],[BF4],R236fa,343.15,0.123,0.0434,F[B-](F)(F)F,C(CCCCC)[N+]1=CN(C=C1)C,FC(F)(F)CC(F)(F)F,Table S3. VLE HFCs
1457,1457,[hmim],[BF4],R236fa,343.15,0.177,0.0638,F[B-](F)(F)F,C(CCCCC)[N+]1=CN(C=C1)C,FC(F)(F)CC(F)(F)F,Table S3. VLE HFCs
1458,1458,[hmim],[BF4],R236fa,343.15,0.214,0.0781,F[B-](F)(F)F,C(CCCCC)[N+]1=CN(C=C1)C,FC(F)(F)CC(F)(F)F,Table S3. VLE HFCs
1459,1459,[hmim],[BF4],R236fa,343.15,0.263,0.0978,F[B-](F)(F)F,C(CCCCC)[N+]1=CN(C=C1)C,FC(F)(F)CC(F)(F)F,Table S3. VLE HFCs
1460,1460,[hmim],[BF4],R227ea,303.15,0.073,0.039,F[B-](F)(F)F,C(CCCCC)[N+]1=CN(C=C1)C,FC(F)(F)C(F)C(F)(F)F,Table S3. VLE HFCs
1461,1461,[hmim],[BF4],R227ea,303.15,0.097,0.054,F[B-](F)(F)F,C(CCCCC)[N+]1=CN(C=C1)C,FC(F)(F)C(F)C(F)(F)F,Table S3. VLE HFCs
1462,1462,[hmim],[BF4],R227ea,303.15,0.134,0.0803,F[B-](F)(F)F,C(CCCCC)[N+]1=CN(C=C1)C,FC(F)(F)C(F)C(F)(F)F,Table S3. VLE HFCs
1463,1463,[hmim],[BF4],R227ea,303.15,0.149,0.0922,F[B-](F)(F)F,C(CCCCC)[N+]1=CN(C=C1)C,FC(F)(F)C(F)C(F)(F)F,Table S3. VLE HFCs
1464,1464,[hmim],[BF4],R227ea,303.15,0.178,0.115,F[B-](F)(F)F,C(CCCCC)[N+]1=CN(C=C1)C,FC(F)(F)C(F)C(F)(F)F,Table S3. VLE HFCs
1465,1465,[hmim],[BF4],R227ea,313.15,0.087,0.0336,F[B-](F)(F)F,C(CCCCC)[N+]1=CN(C=C1)C,FC(F)(F)C(F)C(F)(F)F,Table S3. VLE HFCs
1466,1466,[hmim],[BF4],R227ea,313.15,0.116,0.0465,F[B-](F)(F)F,C(CCCCC)[N+]1=CN(C=C1)C,FC(F)(F)C(F)C(F)(F)F,Table S3. VLE HFCs
1467,1467,[hmim],[BF4],R227ea,313.15,0.163,0.0695,F[B-](F)(F)F,C(CCCCC)[N+]1=CN(C=C1)C,FC(F)(F)C(F)C(F)(F)F,Table S3. VLE HFCs
1468,1468,[hmim],[BF4],R227ea,313.15,0.182,0.0799,F[B-](F)(F)F,C(CCCCC)[N+]1=CN(C=C1)C,FC(F)(F)C(F)C(F)(F)F,Table S3. VLE HFCs
1469,1469,[hmim],[BF4],R227ea,313.15,0.218,0.1002,F[B-](F)(F)F,C(CCCCC)[N+]1=CN(C=C1)C,FC(F)(F)C(F)C(F)(F)F,Table S3. VLE HFCs
1470,1470,[hmim],[BF4],R227ea,323.15,0.1,0.0285,F[B-](F)(F)F,C(CCCCC)[N+]1=CN(C=C1)C,FC(F)(F)C(F)C(F)(F)F,Table S3. VLE HFCs
1471,1471,[hmim],[BF4],R227ea,323.15,0.135,0.0397,F[B-](F)(F)F,C(CCCCC)[N+]1=CN(C=C1)C,FC(F)(F)C(F)C(F)(F)F,Table S3. VLE HFCs
1472,1472,[hmim],[BF4],R227ea,323.15,0.191,0.0594,F[B-](F)(F)F,C(CCCCC)[N+]1=CN(C=C1)C,FC(F)(F)C(F)C(F)(F)F,Table S3. VLE HFCs
1473,1473,[hmim],[BF4],R227ea,323.15,0.214,0.0686,F[B-](F)(F)F,C(CCCCC)[N+]1=CN(C=C1)C,FC(F)(F)C(F)C(F)(F)F,Table S3. VLE HFCs
1474,1474,[hmim],[BF4],R227ea,323.15,0.258,0.0861,F[B-](F)(F)F,C(CCCCC)[N+]1=CN(C=C1)C,FC(F)(F)C(F)C(F)(F)F,Table S3. VLE HFCs
1475,1475,[hmim],[BF4],R227ea,333.15,0.114,0.0239,F[B-](F)(F)F,C(CCCCC)[N+]1=CN(C=C1)C,FC(F)(F)C(F)C(F)(F)F,Table S3. VLE HFCs
1476,1476,[hmim],[BF4],R227ea,333.15,0.153,0.0336,F[B-](F)(F)F,C(CCCCC)[N+]1=CN(C=C1)C,FC(F)(F)C(F)C(F)(F)F,Table S3. VLE HFCs
1477,1477,[hmim],[BF4],R227ea,333.15,0.217,0.0504,F[B-](F)(F)F,C(CCCCC)[N+]1=CN(C=C1)C,FC(F)(F)C(F)C(F)(F)F,Table S3. VLE HFCs
1478,1478,[hmim],[BF4],R227ea,333.15,0.244,0.0585,F[B-](F)(F)F,C(CCCCC)[N+]1=CN(C=C1)C,FC(F)(F)C(F)C(F)(F)F,Table S3. VLE HFCs
1479,1479,[hmim],[BF4],R227ea,333.15,0.296,0.0734,F[B-](F)(F)F,C(CCCCC)[N+]1=CN(C=C1)C,FC(F)(F)C(F)C(F)(F)F,Table S3. VLE HFCs
1480,1480,[hmim],[BF4],R227ea,343.15,0.126,0.0201,F[B-](F)(F)F,C(CCCCC)[N+]1=CN(C=C1)C,FC(F)(F)C(F)C(F)(F)F,Table S3. VLE HFCs
1481,1481,[hmim],[BF4],R227ea,343.15,0.169,0.0284,F[B-](F)(F)F,C(CCCCC)[N+]1=CN(C=C1)C,FC(F)(F)C(F)C(F)(F)F,Table S3. VLE HFCs
1482,1482,[hmim],[BF4],R227ea,343.15,0.242,0.0427,F[B-](F)(F)F,C(CCCCC)[N+]1=CN(C=C1)C,FC(F)(F)C(F)C(F)(F)F,Table S3. VLE HFCs
1483,1483,[hmim],[BF4],R227ea,343.15,0.272,0.0497,F[B-](F)(F)F,C(CCCCC)[N+]1=CN(C=C1)C,FC(F)(F)C(F)C(F)(F)F,Table S3. VLE HFCs
1484,1484,[hmim],[BF4],R227ea,343.15,0.332,0.0625,F[B-](F)(F)F,C(CCCCC)[N+]1=CN(C=C1)C,FC(F)(F)C(F)C(F)(F)F,Table S3. VLE HFCs
1485,1485,[hmim],[Cl],R32,298.15,0.05,0.021,[Cl-],C(CCCCC)[N+]1=CN(C=C1)C,C(F)F,Table S3. VLE HFCs
1486,1486,[hmim],[Cl],R32,298.15,0.1,0.044,[Cl-],C(CCCCC)[N+]1=CN(C=C1)C,C(F)F,Table S3. VLE HFCs
1487,1487,[hmim],[Cl],R32,298.15,0.2,0.092,[Cl-],C(CCCCC)[N+]1=CN(C=C1)C,C(F)F,Table S3. VLE HFCs
1488,1488,[hmim],[Cl],R32,298.15,0.4,0.186,[Cl-],C(CCCCC)[N+]1=CN(C=C1)C,C(F)F,Table S3. VLE HFCs
1489,1489,[hmim],[Cl],R32,298.15,0.6,0.272,[Cl-],C(CCCCC)[N+]1=CN(C=C1)C,C(F)F,Table S3. VLE HFCs
1490,1490,[hmim],[Cl],R32,298.15,0.8,0.645,[Cl-],C(CCCCC)[N+]1=CN(C=C1)C,C(F)F,Table S3. VLE HFCs
1491,1491,[hmim],[Cl],R32,298.15,1.0,0.41,[Cl-],C(CCCCC)[N+]1=CN(C=C1)C,C(F)F,Table S3. VLE HFCs
1492,1492,[hmim],[Cl],R125,298.15,0.05,0.04,[Cl-],C(CCCCC)[N+]1=CN(C=C1)C,C(F)(F)(C(F)(F)F),Table S3. VLE HFCs
1493,1493,[hmim],[Cl],R125,298.15,0.1,0.079,[Cl-],C(CCCCC)[N+]1=CN(C=C1)C,C(F)(F)(C(F)(F)F),Table S3. VLE HFCs
1494,1494,[hmim],[Cl],R125,298.15,0.2,0.16,[Cl-],C(CCCCC)[N+]1=CN(C=C1)C,C(F)(F)(C(F)(F)F),Table S3. VLE HFCs
1495,1495,[hmim],[Cl],R125,298.15,0.4,0.29,[Cl-],C(CCCCC)[N+]1=CN(C=C1)C,C(F)(F)(C(F)(F)F),Table S3. VLE HFCs
1496,1496,[hmim],[Cl],R125,298.15,0.6,0.414,[Cl-],C(CCCCC)[N+]1=CN(C=C1)C,C(F)(F)(C(F)(F)F),Table S3. VLE HFCs
1497,1497,[hmim],[Cl],R125,298.15,0.8,0.543,[Cl-],C(CCCCC)[N+]1=CN(C=C1)C,C(F)(F)(C(F)(F)F),Table S3. VLE HFCs
1498,1498,[hmim],[Cl],R125,298.15,1.0,0.654,[Cl-],C(CCCCC)[N+]1=CN(C=C1)C,C(F)(F)(C(F)(F)F),Table S3. VLE HFCs
1499,1499,[hmim],[FEP],R32,293.3,0.051,0.0809,F[P-](F)(F)(C(F)(F)C(F)(F)F)(C(F)(F)C(F)(F)F)C(F)(F)C(F)(F)F,C(CCCCC)[N+]1=CN(C=C1)C,C(F)F,Table S3. VLE HFCs
1500,1500,[hmim],[FEP],R32,294.8,0.097,0.1409,F[P-](F)(F)(C(F)(F)C(F)(F)F)(C(F)(F)C(F)(F)F)C(F)(F)C(F)(F)F,C(CCCCC)[N+]1=CN(C=C1)C,C(F)F,Table S3. VLE HFCs
1501,1501,[hmim],[FEP],R32,293.2,0.137,0.2034,F[P-](F)(F)(C(F)(F)C(F)(F)F)(C(F)(F)C(F)(F)F)C(F)(F)C(F)(F)F,C(CCCCC)[N+]1=CN(C=C1)C,C(F)F,Table S3. VLE HFCs
1502,1502,[hmim],[FEP],R32,293.1,0.172,0.2462,F[P-](F)(F)(C(F)(F)C(F)(F)F)(C(F)(F)C(F)(F)F)C(F)(F)C(F)(F)F,C(CCCCC)[N+]1=CN(C=C1)C,C(F)F,Table S3. VLE HFCs
1503,1503,[hmim],[FEP],R32,293.2,0.223,0.3026,F[P-](F)(F)(C(F)(F)C(F)(F)F)(C(F)(F)C(F)(F)F)C(F)(F)C(F)(F)F,C(CCCCC)[N+]1=CN(C=C1)C,C(F)F,Table S3. VLE HFCs
1504,1504,[hmim],[FEP],R32,293.2,0.27,0.3493,F[P-](F)(F)(C(F)(F)C(F)(F)F)(C(F)(F)C(F)(F)F)C(F)(F)C(F)(F)F,C(CCCCC)[N+]1=CN(C=C1)C,C(F)F,Table S3. VLE HFCs
1505,1505,[hmim],[FEP],R32,303.1,0.06,0.0734,F[P-](F)(F)(C(F)(F)C(F)(F)F)(C(F)(F)C(F)(F)F)C(F)(F)C(F)(F)F,C(CCCCC)[N+]1=CN(C=C1)C,C(F)F,Table S3. VLE HFCs
1506,1506,[hmim],[FEP],R32,303.1,0.109,0.1317,F[P-](F)(F)(C(F)(F)C(F)(F)F)(C(F)(F)C(F)(F)F)C(F)(F)C(F)(F)F,C(CCCCC)[N+]1=CN(C=C1)C,C(F)F,Table S3. VLE HFCs
1507,1507,[hmim],[FEP],R32,303.1,0.159,0.189,F[P-](F)(F)(C(F)(F)C(F)(F)F)(C(F)(F)C(F)(F)F)C(F)(F)C(F)(F)F,C(CCCCC)[N+]1=CN(C=C1)C,C(F)F,Table S3. VLE HFCs
1508,1508,[hmim],[FEP],R32,303.2,0.2,0.2295,F[P-](F)(F)(C(F)(F)C(F)(F)F)(C(F)(F)C(F)(F)F)C(F)(F)C(F)(F)F,C(CCCCC)[N+]1=CN(C=C1)C,C(F)F,Table S3. VLE HFCs
1509,1509,[hmim],[FEP],R32,303.1,0.26,0.2835,F[P-](F)(F)(C(F)(F)C(F)(F)F)(C(F)(F)C(F)(F)F)C(F)(F)C(F)(F)F,C(CCCCC)[N+]1=CN(C=C1)C,C(F)F,Table S3. VLE HFCs
1510,1510,[hmim],[FEP],R32,303.1,0.314,0.329,F[P-](F)(F)(C(F)(F)C(F)(F)F)(C(F)(F)C(F)(F)F)C(F)(F)C(F)(F)F,C(CCCCC)[N+]1=CN(C=C1)C,C(F)F,Table S3. VLE HFCs
1511,1511,[hmim],[FEP],R32,313.2,0.068,0.0665,F[P-](F)(F)(C(F)(F)C(F)(F)F)(C(F)(F)C(F)(F)F)C(F)(F)C(F)(F)F,C(CCCCC)[N+]1=CN(C=C1)C,C(F)F,Table S3. VLE HFCs
1512,1512,[hmim],[FEP],R32,313.2,0.124,0.1209,F[P-](F)(F)(C(F)(F)C(F)(F)F)(C(F)(F)C(F)(F)F)C(F)(F)C(F)(F)F,C(CCCCC)[N+]1=CN(C=C1)C,C(F)F,Table S3. VLE HFCs
1513,1513,[hmim],[FEP],R32,313.2,0.181,0.1747,F[P-](F)(F)(C(F)(F)C(F)(F)F)(C(F)(F)C(F)(F)F)C(F)(F)C(F)(F)F,C(CCCCC)[N+]1=CN(C=C1)C,C(F)F,Table S3. VLE HFCs
1514,1514,[hmim],[FEP],R32,313.2,0.228,0.2132,F[P-](F)(F)(C(F)(F)C(F)(F)F)(C(F)(F)C(F)(F)F)C(F)(F)C(F)(F)F,C(CCCCC)[N+]1=CN(C=C1)C,C(F)F,Table S3. VLE HFCs
1515,1515,[hmim],[FEP],R32,313.2,0.298,0.2643,F[P-](F)(F)(C(F)(F)C(F)(F)F)(C(F)(F)C(F)(F)F)C(F)(F)C(F)(F)F,C(CCCCC)[N+]1=CN(C=C1)C,C(F)F,Table S3. VLE HFCs
1516,1516,[hmim],[FEP],R32,313.2,0.36,0.3083,F[P-](F)(F)(C(F)(F)C(F)(F)F)(C(F)(F)C(F)(F)F)C(F)(F)C(F)(F)F,C(CCCCC)[N+]1=CN(C=C1)C,C(F)F,Table S3. VLE HFCs
1517,1517,[hmim],[FEP],R32,323.2,0.077,0.0596,F[P-](F)(F)(C(F)(F)C(F)(F)F)(C(F)(F)C(F)(F)F)C(F)(F)C(F)(F)F,C(CCCCC)[N+]1=CN(C=C1)C,C(F)F,Table S3. VLE HFCs
1518,1518,[hmim],[FEP],R32,323.2,0.139,0.1108,F[P-](F)(F)(C(F)(F)C(F)(F)F)(C(F)(F)C(F)(F)F)C(F)(F)C(F)(F)F,C(CCCCC)[N+]1=CN(C=C1)C,C(F)F,Table S3. VLE HFCs
1519,1519,[hmim],[FEP],R32,323.2,0.204,0.1612,F[P-](F)(F)(C(F)(F)C(F)(F)F)(C(F)(F)C(F)(F)F)C(F)(F)C(F)(F)F,C(CCCCC)[N+]1=CN(C=C1)C,C(F)F,Table S3. VLE HFCs
1520,1520,[hmim],[FEP],R32,323.2,0.256,0.1976,F[P-](F)(F)(C(F)(F)C(F)(F)F)(C(F)(F)C(F)(F)F)C(F)(F)C(F)(F)F,C(CCCCC)[N+]1=CN(C=C1)C,C(F)F,Table S3. VLE HFCs
1521,1521,[hmim],[FEP],R32,323.2,0.333,0.2473,F[P-](F)(F)(C(F)(F)C(F)(F)F)(C(F)(F)C(F)(F)F)C(F)(F)C(F)(F)F,C(CCCCC)[N+]1=CN(C=C1)C,C(F)F,Table S3. VLE HFCs
1522,1522,[hmim],[FEP],R32,323.3,0.406,0.2881,F[P-](F)(F)(C(F)(F)C(F)(F)F)(C(F)(F)C(F)(F)F)C(F)(F)C(F)(F)F,C(CCCCC)[N+]1=CN(C=C1)C,C(F)F,Table S3. VLE HFCs
1523,1523,[hmim],[FEP],R32,333.2,0.086,0.053,F[P-](F)(F)(C(F)(F)C(F)(F)F)(C(F)(F)C(F)(F)F)C(F)(F)C(F)(F)F,C(CCCCC)[N+]1=CN(C=C1)C,C(F)F,Table S3. VLE HFCs
1524,1524,[hmim],[FEP],R32,333.2,0.152,0.1034,F[P-](F)(F)(C(F)(F)C(F)(F)F)(C(F)(F)C(F)(F)F)C(F)(F)C(F)(F)F,C(CCCCC)[N+]1=CN(C=C1)C,C(F)F,Table S3. VLE HFCs
1525,1525,[hmim],[FEP],R32,333.2,0.226,0.148,F[P-](F)(F)(C(F)(F)C(F)(F)F)(C(F)(F)C(F)(F)F)C(F)(F)C(F)(F)F,C(CCCCC)[N+]1=CN(C=C1)C,C(F)F,Table S3. VLE HFCs
1526,1526,[hmim],[FEP],R32,333.3,0.284,0.1827,F[P-](F)(F)(C(F)(F)C(F)(F)F)(C(F)(F)C(F)(F)F)C(F)(F)C(F)(F)F,C(CCCCC)[N+]1=CN(C=C1)C,C(F)F,Table S3. VLE HFCs
1527,1527,[hmim],[FEP],R32,333.2,0.369,0.2298,F[P-](F)(F)(C(F)(F)C(F)(F)F)(C(F)(F)C(F)(F)F)C(F)(F)C(F)(F)F,C(CCCCC)[N+]1=CN(C=C1)C,C(F)F,Table S3. VLE HFCs
1528,1528,[hmim],[FEP],R32,333.2,0.45,0.2689,F[P-](F)(F)(C(F)(F)C(F)(F)F)(C(F)(F)C(F)(F)F)C(F)(F)C(F)(F)F,C(CCCCC)[N+]1=CN(C=C1)C,C(F)F,Table S3. VLE HFCs
1529,1529,[hmim],[FEP],R32,343.2,0.095,0.0467,F[P-](F)(F)(C(F)(F)C(F)(F)F)(C(F)(F)C(F)(F)F)C(F)(F)C(F)(F)F,C(CCCCC)[N+]1=CN(C=C1)C,C(F)F,Table S3. VLE HFCs
1530,1530,[hmim],[FEP],R32,343.2,0.167,0.094,F[P-](F)(F)(C(F)(F)C(F)(F)F)(C(F)(F)C(F)(F)F)C(F)(F)C(F)(F)F,C(CCCCC)[N+]1=CN(C=C1)C,C(F)F,Table S3. VLE HFCs
1531,1531,[hmim],[FEP],R32,343.2,0.247,0.1362,F[P-](F)(F)(C(F)(F)C(F)(F)F)(C(F)(F)C(F)(F)F)C(F)(F)C(F)(F)F,C(CCCCC)[N+]1=CN(C=C1)C,C(F)F,Table S3. VLE HFCs
1532,1532,[hmim],[FEP],R32,343.2,0.311,0.1689,F[P-](F)(F)(C(F)(F)C(F)(F)F)(C(F)(F)C(F)(F)F)C(F)(F)C(F)(F)F,C(CCCCC)[N+]1=CN(C=C1)C,C(F)F,Table S3. VLE HFCs
1533,1533,[hmim],[FEP],R32,343.2,0.405,0.2133,F[P-](F)(F)(C(F)(F)C(F)(F)F)(C(F)(F)C(F)(F)F)C(F)(F)C(F)(F)F,C(CCCCC)[N+]1=CN(C=C1)C,C(F)F,Table S3. VLE HFCs
1534,1534,[hmim],[FEP],R32,343.2,0.493,0.2507,F[P-](F)(F)(C(F)(F)C(F)(F)F)(C(F)(F)C(F)(F)F)C(F)(F)C(F)(F)F,C(CCCCC)[N+]1=CN(C=C1)C,C(F)F,Table S3. VLE HFCs
1535,1535,[hmim],[FEP],R32,298.15,0.05,0.067,F[P-](F)(F)(C(F)(F)C(F)(F)F)(C(F)(F)C(F)(F)F)C(F)(F)C(F)(F)F,C(CCCCC)[N+]1=CN(C=C1)C,C(F)F,Table S3. VLE HFCs
1536,1536,[hmim],[FEP],R32,298.15,0.1,0.126,F[P-](F)(F)(C(F)(F)C(F)(F)F)(C(F)(F)C(F)(F)F)C(F)(F)C(F)(F)F,C(CCCCC)[N+]1=CN(C=C1)C,C(F)F,Table S3. VLE HFCs
1537,1537,[hmim],[FEP],R32,298.15,0.2,0.233,F[P-](F)(F)(C(F)(F)C(F)(F)F)(C(F)(F)C(F)(F)F)C(F)(F)C(F)(F)F,C(CCCCC)[N+]1=CN(C=C1)C,C(F)F,Table S3. VLE HFCs
1538,1538,[hmim],[FEP],R32,298.15,0.4,0.402,F[P-](F)(F)(C(F)(F)C(F)(F)F)(C(F)(F)C(F)(F)F)C(F)(F)C(F)(F)F,C(CCCCC)[N+]1=CN(C=C1)C,C(F)F,Table S3. VLE HFCs
1539,1539,[hmim],[FEP],R32,298.15,0.6,0.531,F[P-](F)(F)(C(F)(F)C(F)(F)F)(C(F)(F)C(F)(F)F)C(F)(F)C(F)(F)F,C(CCCCC)[N+]1=CN(C=C1)C,C(F)F,Table S3. VLE HFCs
1540,1540,[hmim],[FEP],R32,298.15,0.8,0.634,F[P-](F)(F)(C(F)(F)C(F)(F)F)(C(F)(F)C(F)(F)F)C(F)(F)C(F)(F)F,C(CCCCC)[N+]1=CN(C=C1)C,C(F)F,Table S3. VLE HFCs
1541,1541,[hmim],[FEP],R32,298.15,1.0,0.72,F[P-](F)(F)(C(F)(F)C(F)(F)F)(C(F)(F)C(F)(F)F)C(F)(F)C(F)(F)F,C(CCCCC)[N+]1=CN(C=C1)C,C(F)F,Table S3. VLE HFCs
1542,1542,[hmim],[FEP],R161,293.3,0.036,0.104,F[P-](F)(F)(C(F)(F)C(F)(F)F)(C(F)(F)C(F)(F)F)C(F)(F)C(F)(F)F,C(CCCCC)[N+]1=CN(C=C1)C,CCF,Table S3. VLE HFCs
1543,1543,[hmim],[FEP],R161,293.1,0.075,0.1958,F[P-](F)(F)(C(F)(F)C(F)(F)F)(C(F)(F)C(F)(F)F)C(F)(F)C(F)(F)F,C(CCCCC)[N+]1=CN(C=C1)C,CCF,Table S3. VLE HFCs
1544,1544,[hmim],[FEP],R161,293.3,0.113,0.2793,F[P-](F)(F)(C(F)(F)C(F)(F)F)(C(F)(F)C(F)(F)F)C(F)(F)C(F)(F)F,C(CCCCC)[N+]1=CN(C=C1)C,CCF,Table S3. VLE HFCs
1545,1545,[hmim],[FEP],R161,293.2,0.154,0.3609,F[P-](F)(F)(C(F)(F)C(F)(F)F)(C(F)(F)C(F)(F)F)C(F)(F)C(F)(F)F,C(CCCCC)[N+]1=CN(C=C1)C,CCF,Table S3. VLE HFCs
1546,1546,[hmim],[FEP],R161,293.1,0.192,0.4228,F[P-](F)(F)(C(F)(F)C(F)(F)F)(C(F)(F)C(F)(F)F)C(F)(F)C(F)(F)F,C(CCCCC)[N+]1=CN(C=C1)C,CCF,Table S3. VLE HFCs
1547,1547,[hmim],[FEP],R161,293.0,0.236,0.4895,F[P-](F)(F)(C(F)(F)C(F)(F)F)(C(F)(F)C(F)(F)F)C(F)(F)C(F)(F)F,C(CCCCC)[N+]1=CN(C=C1)C,CCF,Table S3. VLE HFCs
1548,1548,[hmim],[FEP],R161,303.1,0.045,0.0966,F[P-](F)(F)(C(F)(F)C(F)(F)F)(C(F)(F)C(F)(F)F)C(F)(F)C(F)(F)F,C(CCCCC)[N+]1=CN(C=C1)C,CCF,Table S3. VLE HFCs
1549,1549,[hmim],[FEP],R161,303.1,0.092,0.1838,F[P-](F)(F)(C(F)(F)C(F)(F)F)(C(F)(F)C(F)(F)F)C(F)(F)C(F)(F)F,C(CCCCC)[N+]1=CN(C=C1)C,CCF,Table S3. VLE HFCs
1550,1550,[hmim],[FEP],R161,303.1,0.138,0.2646,F[P-](F)(F)(C(F)(F)C(F)(F)F)(C(F)(F)C(F)(F)F)C(F)(F)C(F)(F)F,C(CCCCC)[N+]1=CN(C=C1)C,CCF,Table S3. VLE HFCs
1551,1551,[hmim],[FEP],R161,303.2,0.19,0.3446,F[P-](F)(F)(C(F)(F)C(F)(F)F)(C(F)(F)C(F)(F)F)C(F)(F)C(F)(F)F,C(CCCCC)[N+]1=CN(C=C1)C,CCF,Table S3. VLE HFCs
1552,1552,[hmim],[FEP],R161,303.2,0.236,0.4061,F[P-](F)(F)(C(F)(F)C(F)(F)F)(C(F)(F)C(F)(F)F)C(F)(F)C(F)(F)F,C(CCCCC)[N+]1=CN(C=C1)C,CCF,Table S3. VLE HFCs
1553,1553,[hmim],[FEP],R161,303.1,0.292,0.4721,F[P-](F)(F)(C(F)(F)C(F)(F)F)(C(F)(F)C(F)(F)F)C(F)(F)C(F)(F)F,C(CCCCC)[N+]1=CN(C=C1)C,CCF,Table S3. VLE HFCs
1554,1554,[hmim],[FEP],R161,313.1,0.054,0.0889,F[P-](F)(F)(C(F)(F)C(F)(F)F)(C(F)(F)C(F)(F)F)C(F)(F)C(F)(F)F,C(CCCCC)[N+]1=CN(C=C1)C,CCF,Table S3. VLE HFCs
1555,1555,[hmim],[FEP],R161,313.1,0.111,0.1711,F[P-](F)(F)(C(F)(F)C(F)(F)F)(C(F)(F)C(F)(F)F)C(F)(F)C(F)(F)F,C(CCCCC)[N+]1=CN(C=C1)C,CCF,Table S3. VLE HFCs
1556,1556,[hmim],[FEP],R161,313.2,0.166,0.2486,F[P-](F)(F)(C(F)(F)C(F)(F)F)(C(F)(F)C(F)(F)F)C(F)(F)C(F)(F)F,C(CCCCC)[N+]1=CN(C=C1)C,CCF,Table S3. VLE HFCs
1557,1557,[hmim],[FEP],R161,313.2,0.228,0.3264,F[P-](F)(F)(C(F)(F)C(F)(F)F)(C(F)(F)C(F)(F)F)C(F)(F)C(F)(F)F,C(CCCCC)[N+]1=CN(C=C1)C,CCF,Table S3. VLE HFCs
1558,1558,[hmim],[FEP],R161,313.2,0.284,0.3872,F[P-](F)(F)(C(F)(F)C(F)(F)F)(C(F)(F)C(F)(F)F)C(F)(F)C(F)(F)F,C(CCCCC)[N+]1=CN(C=C1)C,CCF,Table S3. VLE HFCs
1559,1559,[hmim],[FEP],R161,313.1,0.353,0.4529,F[P-](F)(F)(C(F)(F)C(F)(F)F)(C(F)(F)C(F)(F)F)C(F)(F)C(F)(F)F,C(CCCCC)[N+]1=CN(C=C1)C,CCF,Table S3. VLE HFCs
1560,1560,[hmim],[FEP],R161,323.2,0.065,0.0796,F[P-](F)(F)(C(F)(F)C(F)(F)F)(C(F)(F)C(F)(F)F)C(F)(F)C(F)(F)F,C(CCCCC)[N+]1=CN(C=C1)C,CCF,Table S3. VLE HFCs
1561,1561,[hmim],[FEP],R161,323.1,0.13,0.1579,F[P-](F)(F)(C(F)(F)C(F)(F)F)(C(F)(F)C(F)(F)F)C(F)(F)C(F)(F)F,C(CCCCC)[N+]1=CN(C=C1)C,CCF,Table S3. VLE HFCs
1562,1562,[hmim],[FEP],R161,323.2,0.195,0.232,F[P-](F)(F)(C(F)(F)C(F)(F)F)(C(F)(F)C(F)(F)F)C(F)(F)C(F)(F)F,C(CCCCC)[N+]1=CN(C=C1)C,CCF,Table S3. VLE HFCs
1563,1563,[hmim],[FEP],R161,323.2,0.269,0.3075,F[P-](F)(F)(C(F)(F)C(F)(F)F)(C(F)(F)C(F)(F)F)C(F)(F)C(F)(F)F,C(CCCCC)[N+]1=CN(C=C1)C,CCF,Table S3. VLE HFCs
1564,1564,[hmim],[FEP],R161,323.2,0.335,0.3672,F[P-](F)(F)(C(F)(F)C(F)(F)F)(C(F)(F)C(F)(F)F)C(F)(F)C(F)(F)F,C(CCCCC)[N+]1=CN(C=C1)C,CCF,Table S3. VLE HFCs
1565,1565,[hmim],[FEP],R161,323.2,0.416,0.4329,F[P-](F)(F)(C(F)(F)C(F)(F)F)(C(F)(F)C(F)(F)F)C(F)(F)C(F)(F)F,C(CCCCC)[N+]1=CN(C=C1)C,CCF,Table S3. VLE HFCs
1566,1566,[hmim],[FEP],R161,333.1,0.077,0.0701,F[P-](F)(F)(C(F)(F)C(F)(F)F)(C(F)(F)C(F)(F)F)C(F)(F)C(F)(F)F,C(CCCCC)[N+]1=CN(C=C1)C,CCF,Table S3. VLE HFCs
1567,1567,[hmim],[FEP],R161,333.2,0.149,0.1451,F[P-](F)(F)(C(F)(F)C(F)(F)F)(C(F)(F)C(F)(F)F)C(F)(F)C(F)(F)F,C(CCCCC)[N+]1=CN(C=C1)C,CCF,Table S3. VLE HFCs
1568,1568,[hmim],[FEP],R161,333.2,0.224,0.2156,F[P-](F)(F)(C(F)(F)C(F)(F)F)(C(F)(F)C(F)(F)F)C(F)(F)C(F)(F)F,C(CCCCC)[N+]1=CN(C=C1)C,CCF,Table S3. VLE HFCs
1569,1569,[hmim],[FEP],R161,333.2,0.31,0.2884,F[P-](F)(F)(C(F)(F)C(F)(F)F)(C(F)(F)C(F)(F)F)C(F)(F)C(F)(F)F,C(CCCCC)[N+]1=CN(C=C1)C,CCF,Table S3. VLE HFCs
1570,1570,[hmim],[FEP],R161,333.2,0.387,0.3466,F[P-](F)(F)(C(F)(F)C(F)(F)F)(C(F)(F)C(F)(F)F)C(F)(F)C(F)(F)F,C(CCCCC)[N+]1=CN(C=C1)C,CCF,Table S3. VLE HFCs
1571,1571,[hmim],[FEP],R161,333.2,0.482,0.4114,F[P-](F)(F)(C(F)(F)C(F)(F)F)(C(F)(F)C(F)(F)F)C(F)(F)C(F)(F)F,C(CCCCC)[N+]1=CN(C=C1)C,CCF,Table S3. VLE HFCs
1572,1572,[hmim],[FEP],R161,343.1,0.088,0.0615,F[P-](F)(F)(C(F)(F)C(F)(F)F)(C(F)(F)C(F)(F)F)C(F)(F)C(F)(F)F,C(CCCCC)[N+]1=CN(C=C1)C,CCF,Table S3. VLE HFCs
1573,1573,[hmim],[FEP],R161,343.2,0.169,0.1324,F[P-](F)(F)(C(F)(F)C(F)(F)F)(C(F)(F)C(F)(F)F)C(F)(F)C(F)(F)F,C(CCCCC)[N+]1=CN(C=C1)C,CCF,Table S3. VLE HFCs
1574,1574,[hmim],[FEP],R161,343.2,0.254,0.1992,F[P-](F)(F)(C(F)(F)C(F)(F)F)(C(F)(F)C(F)(F)F)C(F)(F)C(F)(F)F,C(CCCCC)[N+]1=CN(C=C1)C,CCF,Table S3. VLE HFCs
1575,1575,[hmim],[FEP],R161,343.2,0.352,0.2691,F[P-](F)(F)(C(F)(F)C(F)(F)F)(C(F)(F)C(F)(F)F)C(F)(F)C(F)(F)F,C(CCCCC)[N+]1=CN(C=C1)C,CCF,Table S3. VLE HFCs
1576,1576,[hmim],[FEP],R161,343.2,0.439,0.3259,F[P-](F)(F)(C(F)(F)C(F)(F)F)(C(F)(F)C(F)(F)F)C(F)(F)C(F)(F)F,C(CCCCC)[N+]1=CN(C=C1)C,CCF,Table S3. VLE HFCs
1577,1577,[hmim],[FEP],R161,343.2,0.548,0.3894,F[P-](F)(F)(C(F)(F)C(F)(F)F)(C(F)(F)C(F)(F)F)C(F)(F)C(F)(F)F,C(CCCCC)[N+]1=CN(C=C1)C,CCF,Table S3. VLE HFCs
1578,1578,[hmim],[FEP],R152a,293.2,0.031,0.1095,F[P-](F)(F)(C(F)(F)C(F)(F)F)(C(F)(F)C(F)(F)F)C(F)(F)C(F)(F)F,C(CCCCC)[N+]1=CN(C=C1)C,CC(F)F,Table S3. VLE HFCs
1579,1579,[hmim],[FEP],R152a,293.2,0.066,0.2126,F[P-](F)(F)(C(F)(F)C(F)(F)F)(C(F)(F)C(F)(F)F)C(F)(F)C(F)(F)F,C(CCCCC)[N+]1=CN(C=C1)C,CC(F)F,Table S3. VLE HFCs
1580,1580,[hmim],[FEP],R152a,293.1,0.097,0.2997,F[P-](F)(F)(C(F)(F)C(F)(F)F)(C(F)(F)C(F)(F)F)C(F)(F)C(F)(F)F,C(CCCCC)[N+]1=CN(C=C1)C,CC(F)F,Table S3. VLE HFCs
1581,1581,[hmim],[FEP],R152a,293.3,0.131,0.3814,F[P-](F)(F)(C(F)(F)C(F)(F)F)(C(F)(F)C(F)(F)F)C(F)(F)C(F)(F)F,C(CCCCC)[N+]1=CN(C=C1)C,CC(F)F,Table S3. VLE HFCs
1582,1582,[hmim],[FEP],R152a,293.0,0.163,0.4538,F[P-](F)(F)(C(F)(F)C(F)(F)F)(C(F)(F)C(F)(F)F)C(F)(F)C(F)(F)F,C(CCCCC)[N+]1=CN(C=C1)C,CC(F)F,Table S3. VLE HFCs
1583,1583,[hmim],[FEP],R152a,293.1,0.198,0.5225,F[P-](F)(F)(C(F)(F)C(F)(F)F)(C(F)(F)C(F)(F)F)C(F)(F)C(F)(F)F,C(CCCCC)[N+]1=CN(C=C1)C,CC(F)F,Table S3. VLE HFCs
1584,1584,[hmim],[FEP],R152a,303.1,0.039,0.1022,F[P-](F)(F)(C(F)(F)C(F)(F)F)(C(F)(F)C(F)(F)F)C(F)(F)C(F)(F)F,C(CCCCC)[N+]1=CN(C=C1)C,CC(F)F,Table S3. VLE HFCs
1585,1585,[hmim],[FEP],R152a,303.1,0.082,0.201,F[P-](F)(F)(C(F)(F)C(F)(F)F)(C(F)(F)C(F)(F)F)C(F)(F)C(F)(F)F,C(CCCCC)[N+]1=CN(C=C1)C,CC(F)F,Table S3. VLE HFCs
1586,1586,[hmim],[FEP],R152a,303.1,0.122,0.2855,F[P-](F)(F)(C(F)(F)C(F)(F)F)(C(F)(F)C(F)(F)F)C(F)(F)C(F)(F)F,C(CCCCC)[N+]1=CN(C=C1)C,CC(F)F,Table S3. VLE HFCs
1587,1587,[hmim],[FEP],R152a,303.1,0.165,0.366,F[P-](F)(F)(C(F)(F)C(F)(F)F)(C(F)(F)C(F)(F)F)C(F)(F)C(F)(F)F,C(CCCCC)[N+]1=CN(C=C1)C,CC(F)F,Table S3. VLE HFCs
1588,1588,[hmim],[FEP],R152a,303.2,0.208,0.4376,F[P-](F)(F)(C(F)(F)C(F)(F)F)(C(F)(F)C(F)(F)F)C(F)(F)C(F)(F)F,C(CCCCC)[N+]1=CN(C=C1)C,CC(F)F,Table S3. VLE HFCs
1589,1589,[hmim],[FEP],R152a,303.2,0.253,0.507,F[P-](F)(F)(C(F)(F)C(F)(F)F)(C(F)(F)C(F)(F)F)C(F)(F)C(F)(F)F,C(CCCCC)[N+]1=CN(C=C1)C,CC(F)F,Table S3. VLE HFCs
1590,1590,[hmim],[FEP],R152a,313.2,0.048,0.0944,F[P-](F)(F)(C(F)(F)C(F)(F)F)(C(F)(F)C(F)(F)F)C(F)(F)C(F)(F)F,C(CCCCC)[N+]1=CN(C=C1)C,CC(F)F,Table S3. VLE HFCs
1591,1591,[hmim],[FEP],R152a,313.2,0.101,0.1883,F[P-](F)(F)(C(F)(F)C(F)(F)F)(C(F)(F)C(F)(F)F)C(F)(F)C(F)(F)F,C(CCCCC)[N+]1=CN(C=C1)C,CC(F)F,Table S3. VLE HFCs
1592,1592,[hmim],[FEP],R152a,313.3,0.15,0.2698,F[P-](F)(F)(C(F)(F)C(F)(F)F)(C(F)(F)C(F)(F)F)C(F)(F)C(F)(F)F,C(CCCCC)[N+]1=CN(C=C1)C,CC(F)F,Table S3. VLE HFCs
1593,1593,[hmim],[FEP],R152a,313.1,0.203,0.3487,F[P-](F)(F)(C(F)(F)C(F)(F)F)(C(F)(F)C(F)(F)F)C(F)(F)C(F)(F)F,C(CCCCC)[N+]1=CN(C=C1)C,CC(F)F,Table S3. VLE HFCs
1594,1594,[hmim],[FEP],R152a,313.3,0.256,0.42,F[P-](F)(F)(C(F)(F)C(F)(F)F)(C(F)(F)C(F)(F)F)C(F)(F)C(F)(F)F,C(CCCCC)[N+]1=CN(C=C1)C,CC(F)F,Table S3. VLE HFCs
1595,1595,[hmim],[FEP],R152a,313.1,0.315,0.4892,F[P-](F)(F)(C(F)(F)C(F)(F)F)(C(F)(F)C(F)(F)F)C(F)(F)C(F)(F)F,C(CCCCC)[N+]1=CN(C=C1)C,CC(F)F,Table S3. VLE HFCs
1596,1596,[hmim],[FEP],R152a,323.2,0.059,0.0852,F[P-](F)(F)(C(F)(F)C(F)(F)F)(C(F)(F)C(F)(F)F)C(F)(F)C(F)(F)F,C(CCCCC)[N+]1=CN(C=C1)C,CC(F)F,Table S3. VLE HFCs
1597,1597,[hmim],[FEP],R152a,323.2,0.12,0.1753,F[P-](F)(F)(C(F)(F)C(F)(F)F)(C(F)(F)C(F)(F)F)C(F)(F)C(F)(F)F,C(CCCCC)[N+]1=CN(C=C1)C,CC(F)F,Table S3. VLE HFCs
1598,1598,[hmim],[FEP],R152a,323.2,0.179,0.2536,F[P-](F)(F)(C(F)(F)C(F)(F)F)(C(F)(F)C(F)(F)F)C(F)(F)C(F)(F)F,C(CCCCC)[N+]1=CN(C=C1)C,CC(F)F,Table S3. VLE HFCs
1599,1599,[hmim],[FEP],R152a,323.2,0.244,0.3302,F[P-](F)(F)(C(F)(F)C(F)(F)F)(C(F)(F)C(F)(F)F)C(F)(F)C(F)(F)F,C(CCCCC)[N+]1=CN(C=C1)C,CC(F)F,Table S3. VLE HFCs
1600,1600,[hmim],[FEP],R152a,323.2,0.309,0.4007,F[P-](F)(F)(C(F)(F)C(F)(F)F)(C(F)(F)C(F)(F)F)C(F)(F)C(F)(F)F,C(CCCCC)[N+]1=CN(C=C1)C,CC(F)F,Table S3. VLE HFCs
1601,1601,[hmim],[FEP],R152a,323.1,0.382,0.4693,F[P-](F)(F)(C(F)(F)C(F)(F)F)(C(F)(F)C(F)(F)F)C(F)(F)C(F)(F)F,C(CCCCC)[N+]1=CN(C=C1)C,CC(F)F,Table S3. VLE HFCs
1602,1602,[hmim],[FEP],R152a,333.2,0.069,0.0771,F[P-](F)(F)(C(F)(F)C(F)(F)F)(C(F)(F)C(F)(F)F)C(F)(F)C(F)(F)F,C(CCCCC)[N+]1=CN(C=C1)C,CC(F)F,Table S3. VLE HFCs
1603,1603,[hmim],[FEP],R152a,333.2,0.14,0.1622,F[P-](F)(F)(C(F)(F)C(F)(F)F)(C(F)(F)C(F)(F)F)C(F)(F)C(F)(F)F,C(CCCCC)[N+]1=CN(C=C1)C,CC(F)F,Table S3. VLE HFCs
1604,1604,[hmim],[FEP],R152a,333.1,0.209,0.2372,F[P-](F)(F)(C(F)(F)C(F)(F)F)(C(F)(F)C(F)(F)F)C(F)(F)C(F)(F)F,C(CCCCC)[N+]1=CN(C=C1)C,CC(F)F,Table S3. VLE HFCs
1605,1605,[hmim],[FEP],R152a,333.2,0.286,0.311,F[P-](F)(F)(C(F)(F)C(F)(F)F)(C(F)(F)C(F)(F)F)C(F)(F)C(F)(F)F,C(CCCCC)[N+]1=CN(C=C1)C,CC(F)F,Table S3. VLE HFCs
1606,1606,[hmim],[FEP],R152a,333.2,0.364,0.38,F[P-](F)(F)(C(F)(F)C(F)(F)F)(C(F)(F)C(F)(F)F)C(F)(F)C(F)(F)F,C(CCCCC)[N+]1=CN(C=C1)C,CC(F)F,Table S3. VLE HFCs
1607,1607,[hmim],[FEP],R152a,333.1,0.453,0.4476,F[P-](F)(F)(C(F)(F)C(F)(F)F)(C(F)(F)C(F)(F)F)C(F)(F)C(F)(F)F,C(CCCCC)[N+]1=CN(C=C1)C,CC(F)F,Table S3. VLE HFCs
1608,1608,[hmim],[FEP],R152a,343.2,0.079,0.0691,F[P-](F)(F)(C(F)(F)C(F)(F)F)(C(F)(F)C(F)(F)F)C(F)(F)C(F)(F)F,C(CCCCC)[N+]1=CN(C=C1)C,CC(F)F,Table S3. VLE HFCs
1609,1609,[hmim],[FEP],R152a,343.2,0.161,0.1491,F[P-](F)(F)(C(F)(F)C(F)(F)F)(C(F)(F)C(F)(F)F)C(F)(F)C(F)(F)F,C(CCCCC)[N+]1=CN(C=C1)C,CC(F)F,Table S3. VLE HFCs
1610,1610,[hmim],[FEP],R152a,343.2,0.24,0.2205,F[P-](F)(F)(C(F)(F)C(F)(F)F)(C(F)(F)C(F)(F)F)C(F)(F)C(F)(F)F,C(CCCCC)[N+]1=CN(C=C1)C,CC(F)F,Table S3. VLE HFCs
1611,1611,[hmim],[FEP],R152a,343.2,0.329,0.2916,F[P-](F)(F)(C(F)(F)C(F)(F)F)(C(F)(F)C(F)(F)F)C(F)(F)C(F)(F)F,C(CCCCC)[N+]1=CN(C=C1)C,CC(F)F,Table S3. VLE HFCs
1612,1612,[hmim],[FEP],R152a,343.2,0.42,0.3587,F[P-](F)(F)(C(F)(F)C(F)(F)F)(C(F)(F)C(F)(F)F)C(F)(F)C(F)(F)F,C(CCCCC)[N+]1=CN(C=C1)C,CC(F)F,Table S3. VLE HFCs
1613,1613,[hmim],[FEP],R152a,343.1,0.525,0.425,F[P-](F)(F)(C(F)(F)C(F)(F)F)(C(F)(F)C(F)(F)F)C(F)(F)C(F)(F)F,C(CCCCC)[N+]1=CN(C=C1)C,CC(F)F,Table S3. VLE HFCs
1614,1614,[hmim],[FEP],R134,283.08,0.01,0.055,F[P-](F)(F)(C(F)(F)C(F)(F)F)(C(F)(F)C(F)(F)F)C(F)(F)C(F)(F)F,C(CCCCC)[N+]1=CN(C=C1)C,FC(F)C(F)F,Table S3. VLE HFCs
1615,1615,[hmim],[FEP],R134,283.07,0.05,0.24,F[P-](F)(F)(C(F)(F)C(F)(F)F)(C(F)(F)C(F)(F)F)C(F)(F)C(F)(F)F,C(CCCCC)[N+]1=CN(C=C1)C,FC(F)C(F)F,Table S3. VLE HFCs
1616,1616,[hmim],[FEP],R134,283.13,0.1,0.422,F[P-](F)(F)(C(F)(F)C(F)(F)F)(C(F)(F)C(F)(F)F)C(F)(F)C(F)(F)F,C(CCCCC)[N+]1=CN(C=C1)C,FC(F)C(F)F,Table S3. VLE HFCs
1617,1617,[hmim],[FEP],R134,283.17,0.15,0.568,F[P-](F)(F)(C(F)(F)C(F)(F)F)(C(F)(F)C(F)(F)F)C(F)(F)C(F)(F)F,C(CCCCC)[N+]1=CN(C=C1)C,FC(F)C(F)F,Table S3. VLE HFCs
1618,1618,[hmim],[FEP],R134,283.1,0.2,0.689,F[P-](F)(F)(C(F)(F)C(F)(F)F)(C(F)(F)C(F)(F)F)C(F)(F)C(F)(F)F,C(CCCCC)[N+]1=CN(C=C1)C,FC(F)C(F)F,Table S3. VLE HFCs
1619,1619,[hmim],[FEP],R134,283.12,0.249,0.81,F[P-](F)(F)(C(F)(F)C(F)(F)F)(C(F)(F)C(F)(F)F)C(F)(F)C(F)(F)F,C(CCCCC)[N+]1=CN(C=C1)C,FC(F)C(F)F,Table S3. VLE HFCs
1620,1620,[hmim],[FEP],R134,283.13,0.299,0.959,F[P-](F)(F)(C(F)(F)C(F)(F)F)(C(F)(F)C(F)(F)F)C(F)(F)C(F)(F)F,C(CCCCC)[N+]1=CN(C=C1)C,FC(F)C(F)F,Table S3. VLE HFCs
1621,1621,[hmim],[FEP],R134,298.13,0.01,0.035,F[P-](F)(F)(C(F)(F)C(F)(F)F)(C(F)(F)C(F)(F)F)C(F)(F)C(F)(F)F,C(CCCCC)[N+]1=CN(C=C1)C,FC(F)C(F)F,Table S3. VLE HFCs
1622,1622,[hmim],[FEP],R134,298.08,0.05,0.16,F[P-](F)(F)(C(F)(F)C(F)(F)F)(C(F)(F)C(F)(F)F)C(F)(F)C(F)(F)F,C(CCCCC)[N+]1=CN(C=C1)C,FC(F)C(F)F,Table S3. VLE HFCs
1623,1623,[hmim],[FEP],R134,298.2,0.1,0.293,F[P-](F)(F)(C(F)(F)C(F)(F)F)(C(F)(F)C(F)(F)F)C(F)(F)C(F)(F)F,C(CCCCC)[N+]1=CN(C=C1)C,FC(F)C(F)F,Table S3. VLE HFCs
1624,1624,[hmim],[FEP],R134,298.02,0.15,0.403,F[P-](F)(F)(C(F)(F)C(F)(F)F)(C(F)(F)C(F)(F)F)C(F)(F)C(F)(F)F,C(CCCCC)[N+]1=CN(C=C1)C,FC(F)C(F)F,Table S3. VLE HFCs
1625,1625,[hmim],[FEP],R134,298.11,0.199,0.498,F[P-](F)(F)(C(F)(F)C(F)(F)F)(C(F)(F)C(F)(F)F)C(F)(F)C(F)(F)F,C(CCCCC)[N+]1=CN(C=C1)C,FC(F)C(F)F,Table S3. VLE HFCs
1626,1626,[hmim],[FEP],R134,298.17,0.25,0.583,F[P-](F)(F)(C(F)(F)C(F)(F)F)(C(F)(F)C(F)(F)F)C(F)(F)C(F)(F)F,C(CCCCC)[N+]1=CN(C=C1)C,FC(F)C(F)F,Table S3. VLE HFCs
1627,1627,[hmim],[FEP],R134,298.14,0.3,0.656,F[P-](F)(F)(C(F)(F)C(F)(F)F)(C(F)(F)C(F)(F)F)C(F)(F)C(F)(F)F,C(CCCCC)[N+]1=CN(C=C1)C,FC(F)C(F)F,Table S3. VLE HFCs
1628,1628,[hmim],[FEP],R134,298.06,0.35,0.727,F[P-](F)(F)(C(F)(F)C(F)(F)F)(C(F)(F)C(F)(F)F)C(F)(F)C(F)(F)F,C(CCCCC)[N+]1=CN(C=C1)C,FC(F)C(F)F,Table S3. VLE HFCs
1629,1629,[hmim],[FEP],R134,323.12,0.01,0.018,F[P-](F)(F)(C(F)(F)C(F)(F)F)(C(F)(F)C(F)(F)F)C(F)(F)C(F)(F)F,C(CCCCC)[N+]1=CN(C=C1)C,FC(F)C(F)F,Table S3. VLE HFCs
1630,1630,[hmim],[FEP],R134,323.09,0.05,0.085,F[P-](F)(F)(C(F)(F)C(F)(F)F)(C(F)(F)C(F)(F)F)C(F)(F)C(F)(F)F,C(CCCCC)[N+]1=CN(C=C1)C,FC(F)C(F)F,Table S3. VLE HFCs
1631,1631,[hmim],[FEP],R134,323.1,0.1,0.161,F[P-](F)(F)(C(F)(F)C(F)(F)F)(C(F)(F)C(F)(F)F)C(F)(F)C(F)(F)F,C(CCCCC)[N+]1=CN(C=C1)C,FC(F)C(F)F,Table S3. VLE HFCs
1632,1632,[hmim],[FEP],R134,323.1,0.15,0.229,F[P-](F)(F)(C(F)(F)C(F)(F)F)(C(F)(F)C(F)(F)F)C(F)(F)C(F)(F)F,C(CCCCC)[N+]1=CN(C=C1)C,FC(F)C(F)F,Table S3. VLE HFCs
1633,1633,[hmim],[FEP],R134,323.09,0.2,0.291,F[P-](F)(F)(C(F)(F)C(F)(F)F)(C(F)(F)C(F)(F)F)C(F)(F)C(F)(F)F,C(CCCCC)[N+]1=CN(C=C1)C,FC(F)C(F)F,Table S3. VLE HFCs
1634,1634,[hmim],[FEP],R134,323.19,0.25,0.347,F[P-](F)(F)(C(F)(F)C(F)(F)F)(C(F)(F)C(F)(F)F)C(F)(F)C(F)(F)F,C(CCCCC)[N+]1=CN(C=C1)C,FC(F)C(F)F,Table S3. VLE HFCs
1635,1635,[hmim],[FEP],R134,323.13,0.3,0.401,F[P-](F)(F)(C(F)(F)C(F)(F)F)(C(F)(F)C(F)(F)F)C(F)(F)C(F)(F)F,C(CCCCC)[N+]1=CN(C=C1)C,FC(F)C(F)F,Table S3. VLE HFCs
1636,1636,[hmim],[FEP],R134,323.09,0.35,0.448,F[P-](F)(F)(C(F)(F)C(F)(F)F)(C(F)(F)C(F)(F)F)C(F)(F)C(F)(F)F,C(CCCCC)[N+]1=CN(C=C1)C,FC(F)C(F)F,Table S3. VLE HFCs
1637,1637,[hmim],[FEP],R134,348.07,0.01,0.009,F[P-](F)(F)(C(F)(F)C(F)(F)F)(C(F)(F)C(F)(F)F)C(F)(F)C(F)(F)F,C(CCCCC)[N+]1=CN(C=C1)C,FC(F)C(F)F,Table S3. VLE HFCs
1638,1638,[hmim],[FEP],R134,348.06,0.05,0.047,F[P-](F)(F)(C(F)(F)C(F)(F)F)(C(F)(F)C(F)(F)F)C(F)(F)C(F)(F)F,C(CCCCC)[N+]1=CN(C=C1)C,FC(F)C(F)F,Table S3. VLE HFCs
1639,1639,[hmim],[FEP],R134,348.14,0.1,0.092,F[P-](F)(F)(C(F)(F)C(F)(F)F)(C(F)(F)C(F)(F)F)C(F)(F)C(F)(F)F,C(CCCCC)[N+]1=CN(C=C1)C,FC(F)C(F)F,Table S3. VLE HFCs
1640,1640,[hmim],[FEP],R134,348.13,0.15,0.135,F[P-](F)(F)(C(F)(F)C(F)(F)F)(C(F)(F)C(F)(F)F)C(F)(F)C(F)(F)F,C(CCCCC)[N+]1=CN(C=C1)C,FC(F)C(F)F,Table S3. VLE HFCs
1641,1641,[hmim],[FEP],R134,348.11,0.2,0.176,F[P-](F)(F)(C(F)(F)C(F)(F)F)(C(F)(F)C(F)(F)F)C(F)(F)C(F)(F)F,C(CCCCC)[N+]1=CN(C=C1)C,FC(F)C(F)F,Table S3. VLE HFCs
1642,1642,[hmim],[FEP],R134,348.11,0.25,0.213,F[P-](F)(F)(C(F)(F)C(F)(F)F)(C(F)(F)C(F)(F)F)C(F)(F)C(F)(F)F,C(CCCCC)[N+]1=CN(C=C1)C,FC(F)C(F)F,Table S3. VLE HFCs
1643,1643,[hmim],[FEP],R134,348.14,0.3,0.25,F[P-](F)(F)(C(F)(F)C(F)(F)F)(C(F)(F)C(F)(F)F)C(F)(F)C(F)(F)F,C(CCCCC)[N+]1=CN(C=C1)C,FC(F)C(F)F,Table S3. VLE HFCs
1644,1644,[hmim],[FEP],R134,348.13,0.349,0.284,F[P-](F)(F)(C(F)(F)C(F)(F)F)(C(F)(F)C(F)(F)F)C(F)(F)C(F)(F)F,C(CCCCC)[N+]1=CN(C=C1)C,FC(F)C(F)F,Table S3. VLE HFCs
1645,1645,[hmim],[FEP],R125,298.15,0.05,0.038,F[P-](F)(F)(C(F)(F)C(F)(F)F)(C(F)(F)C(F)(F)F)C(F)(F)C(F)(F)F,C(CCCCC)[N+]1=CN(C=C1)C,C(F)(F)(C(F)(F)F),Table S3. VLE HFCs
1646,1646,[hmim],[FEP],R125,298.15,0.1,0.074,F[P-](F)(F)(C(F)(F)C(F)(F)F)(C(F)(F)C(F)(F)F)C(F)(F)C(F)(F)F,C(CCCCC)[N+]1=CN(C=C1)C,C(F)(F)(C(F)(F)F),Table S3. VLE HFCs
1647,1647,[hmim],[FEP],R125,298.15,0.2,0.142,F[P-](F)(F)(C(F)(F)C(F)(F)F)(C(F)(F)C(F)(F)F)C(F)(F)C(F)(F)F,C(CCCCC)[N+]1=CN(C=C1)C,C(F)(F)(C(F)(F)F),Table S3. VLE HFCs
1648,1648,[hmim],[FEP],R125,298.15,0.4,0.267,F[P-](F)(F)(C(F)(F)C(F)(F)F)(C(F)(F)C(F)(F)F)C(F)(F)C(F)(F)F,C(CCCCC)[N+]1=CN(C=C1)C,C(F)(F)(C(F)(F)F),Table S3. VLE HFCs
1649,1649,[hmim],[FEP],R125,298.15,0.6,0.38,F[P-](F)(F)(C(F)(F)C(F)(F)F)(C(F)(F)C(F)(F)F)C(F)(F)C(F)(F)F,C(CCCCC)[N+]1=CN(C=C1)C,C(F)(F)(C(F)(F)F),Table S3. VLE HFCs
1650,1650,[hmim],[FEP],R125,298.15,0.8,0.482,F[P-](F)(F)(C(F)(F)C(F)(F)F)(C(F)(F)C(F)(F)F)C(F)(F)C(F)(F)F,C(CCCCC)[N+]1=CN(C=C1)C,C(F)(F)(C(F)(F)F),Table S3. VLE HFCs
1651,1651,[hmim],[FEP],R125,298.15,1.0,0.578,F[P-](F)(F)(C(F)(F)C(F)(F)F)(C(F)(F)C(F)(F)F)C(F)(F)C(F)(F)F,C(CCCCC)[N+]1=CN(C=C1)C,C(F)(F)(C(F)(F)F),Table S3. VLE HFCs
1652,1652,[hmim],[OTf],R32,303.2,0.0522,0.03263,FC(F)(F)S(=O)(=O)[O-],C(CCCCC)[N+]1=CN(C=C1)C,C(F)F,Table S3. VLE HFCs
1653,1653,[hmim],[OTf],R32,313.2,0.0586,0.02975,FC(F)(F)S(=O)(=O)[O-],C(CCCCC)[N+]1=CN(C=C1)C,C(F)F,Table S3. VLE HFCs
1654,1654,[hmim],[OTf],R32,323.2,0.0627,0.02623,FC(F)(F)S(=O)(=O)[O-],C(CCCCC)[N+]1=CN(C=C1)C,C(F)F,Table S3. VLE HFCs
1655,1655,[hmim],[OTf],R32,333.2,0.0651,0.02268,FC(F)(F)S(=O)(=O)[O-],C(CCCCC)[N+]1=CN(C=C1)C,C(F)F,Table S3. VLE HFCs
1656,1656,[hmim],[OTf],R32,343.2,0.0683,0.02015,FC(F)(F)S(=O)(=O)[O-],C(CCCCC)[N+]1=CN(C=C1)C,C(F)F,Table S3. VLE HFCs
1657,1657,[hmim],[OTf],R161,303.2,0.0405,0.03932,FC(F)(F)S(=O)(=O)[O-],C(CCCCC)[N+]1=CN(C=C1)C,CCF,Table S3. VLE HFCs
1658,1658,[hmim],[OTf],R161,313.2,0.049,0.03769,FC(F)(F)S(=O)(=O)[O-],C(CCCCC)[N+]1=CN(C=C1)C,CCF,Table S3. VLE HFCs
1659,1659,[hmim],[OTf],R161,323.2,0.0508,0.03155,FC(F)(F)S(=O)(=O)[O-],C(CCCCC)[N+]1=CN(C=C1)C,CCF,Table S3. VLE HFCs
1660,1660,[hmim],[OTf],R161,333.2,0.0534,0.02711,FC(F)(F)S(=O)(=O)[O-],C(CCCCC)[N+]1=CN(C=C1)C,CCF,Table S3. VLE HFCs
1661,1661,[hmim],[OTf],R161,343.2,0.0587,0.02466,FC(F)(F)S(=O)(=O)[O-],C(CCCCC)[N+]1=CN(C=C1)C,CCF,Table S3. VLE HFCs
1662,1662,[hmim],[OTf],R152a,303.2,0.0329,0.04113,FC(F)(F)S(=O)(=O)[O-],C(CCCCC)[N+]1=CN(C=C1)C,CC(F)F,Table S3. VLE HFCs
1663,1663,[hmim],[OTf],R152a,313.2,0.0408,0.03961,FC(F)(F)S(=O)(=O)[O-],C(CCCCC)[N+]1=CN(C=C1)C,CC(F)F,Table S3. VLE HFCs
1664,1664,[hmim],[OTf],R152a,323.2,0.046,0.03539,FC(F)(F)S(=O)(=O)[O-],C(CCCCC)[N+]1=CN(C=C1)C,CC(F)F,Table S3. VLE HFCs
1665,1665,[hmim],[OTf],R152a,333.2,0.0525,0.03241,FC(F)(F)S(=O)(=O)[O-],C(CCCCC)[N+]1=CN(C=C1)C,CC(F)F,Table S3. VLE HFCs
1666,1666,[hmim],[OTf],R152a,343.2,0.0563,0.02843,FC(F)(F)S(=O)(=O)[O-],C(CCCCC)[N+]1=CN(C=C1)C,CC(F)F,Table S3. VLE HFCs
1667,1667,[hmim],[OTf],R143a,303.2,0.0646,0.02307,FC(F)(F)S(=O)(=O)[O-],C(CCCCC)[N+]1=CN(C=C1)C,CC(F)(F)F,Table S3. VLE HFCs
1668,1668,[hmim],[OTf],R143a,313.2,0.077,0.02245,FC(F)(F)S(=O)(=O)[O-],C(CCCCC)[N+]1=CN(C=C1)C,CC(F)(F)F,Table S3. VLE HFCs
1669,1669,[hmim],[OTf],R143a,323.2,0.0768,0.01855,FC(F)(F)S(=O)(=O)[O-],C(CCCCC)[N+]1=CN(C=C1)C,CC(F)(F)F,Table S3. VLE HFCs
1670,1670,[hmim],[OTf],R143a,333.2,0.0823,0.01656,FC(F)(F)S(=O)(=O)[O-],C(CCCCC)[N+]1=CN(C=C1)C,CC(F)(F)F,Table S3. VLE HFCs
1671,1671,[hmim],[OTf],R143a,343.2,0.0837,0.01426,FC(F)(F)S(=O)(=O)[O-],C(CCCCC)[N+]1=CN(C=C1)C,CC(F)(F)F,Table S3. VLE HFCs
1672,1672,[hmim],[OTf],R125,303.2,0.0609,0.02486,FC(F)(F)S(=O)(=O)[O-],C(CCCCC)[N+]1=CN(C=C1)C,C(F)(F)(C(F)(F)F),Table S3. VLE HFCs
1673,1673,[hmim],[OTf],R125,313.2,0.0667,0.02152,FC(F)(F)S(=O)(=O)[O-],C(CCCCC)[N+]1=CN(C=C1)C,C(F)(F)(C(F)(F)F),Table S3. VLE HFCs
1674,1674,[hmim],[OTf],R125,323.2,0.0708,0.0183,FC(F)(F)S(=O)(=O)[O-],C(CCCCC)[N+]1=CN(C=C1)C,C(F)(F)(C(F)(F)F),Table S3. VLE HFCs
1675,1675,[hmim],[OTf],R125,333.2,0.0752,0.0158,FC(F)(F)S(=O)(=O)[O-],C(CCCCC)[N+]1=CN(C=C1)C,C(F)(F)(C(F)(F)F),Table S3. VLE HFCs
1676,1676,[hmim],[OTf],R125,343.2,0.0804,0.01393,FC(F)(F)S(=O)(=O)[O-],C(CCCCC)[N+]1=CN(C=C1)C,C(F)(F)(C(F)(F)F),Table S3. VLE HFCs
1677,1677,[hmim],[PF6],R134a,298.0,0.081,0.0594,F[P-](F)(F)(F)(F)F,C(CCCCC)[N+]1=CN(C=C1)C,C(C(F)(F)F)F,Table S3. VLE HFCs
1678,1678,[hmim],[PF6],R134a,298.0,0.133,0.1242,F[P-](F)(F)(F)(F)F,C(CCCCC)[N+]1=CN(C=C1)C,C(C(F)(F)F)F,Table S3. VLE HFCs
1679,1679,[hmim],[PF6],R134a,298.0,0.22,0.2116,F[P-](F)(F)(F)(F)F,C(CCCCC)[N+]1=CN(C=C1)C,C(C(F)(F)F)F,Table S3. VLE HFCs
1680,1680,[hmim],[PF6],R134a,298.0,0.304,0.3093,F[P-](F)(F)(F)(F)F,C(CCCCC)[N+]1=CN(C=C1)C,C(C(F)(F)F)F,Table S3. VLE HFCs
1681,1681,[hmim],[PF6],R134a,298.0,0.429,0.4529,F[P-](F)(F)(F)(F)F,C(CCCCC)[N+]1=CN(C=C1)C,C(C(F)(F)F)F,Table S3. VLE HFCs
1682,1682,[hmim],[PF6],R134a,298.0,0.576,0.6507,F[P-](F)(F)(F)(F)F,C(CCCCC)[N+]1=CN(C=C1)C,C(C(F)(F)F)F,Table S3. VLE HFCs
1683,1683,[hmim],[PF6],R134a,323.0,0.089,0.0295,F[P-](F)(F)(F)(F)F,C(CCCCC)[N+]1=CN(C=C1)C,C(C(F)(F)F)F,Table S3. VLE HFCs
1684,1684,[hmim],[PF6],R134a,323.0,0.177,0.0739,F[P-](F)(F)(F)(F)F,C(CCCCC)[N+]1=CN(C=C1)C,C(C(F)(F)F)F,Table S3. VLE HFCs
1685,1685,[hmim],[PF6],R134a,323.0,0.3399999999999999,0.1659,F[P-](F)(F)(F)(F)F,C(CCCCC)[N+]1=CN(C=C1)C,C(C(F)(F)F)F,Table S3. VLE HFCs
1686,1686,[hmim],[PF6],R134a,323.0,0.512,0.2723,F[P-](F)(F)(F)(F)F,C(CCCCC)[N+]1=CN(C=C1)C,C(C(F)(F)F)F,Table S3. VLE HFCs
1687,1687,[hmim],[PF6],R134a,323.0,0.665,0.3544,F[P-](F)(F)(F)(F)F,C(CCCCC)[N+]1=CN(C=C1)C,C(C(F)(F)F)F,Table S3. VLE HFCs
1688,1688,[hmim],[PF6],R134a,323.0,0.8099999999999999,0.4238,F[P-](F)(F)(F)(F)F,C(CCCCC)[N+]1=CN(C=C1)C,C(C(F)(F)F)F,Table S3. VLE HFCs
1689,1689,[hmim],[PF6],R134a,323.0,0.921,0.4809,F[P-](F)(F)(F)(F)F,C(CCCCC)[N+]1=CN(C=C1)C,C(C(F)(F)F)F,Table S3. VLE HFCs
1690,1690,[hmim],[PF6],R134a,323.0,1.077,0.5856,F[P-](F)(F)(F)(F)F,C(CCCCC)[N+]1=CN(C=C1)C,C(C(F)(F)F)F,Table S3. VLE HFCs
1691,1691,[hmim],[PF6],R134a,323.0,1.193,0.6683,F[P-](F)(F)(F)(F)F,C(CCCCC)[N+]1=CN(C=C1)C,C(C(F)(F)F)F,Table S3. VLE HFCs
1692,1692,[hmim],[PF6],R134a,323.0,1.283,0.7677,F[P-](F)(F)(F)(F)F,C(CCCCC)[N+]1=CN(C=C1)C,C(C(F)(F)F)F,Table S3. VLE HFCs
1693,1693,[hmim],[PF6],R134a,348.0,0.623,0.1997,F[P-](F)(F)(F)(F)F,C(CCCCC)[N+]1=CN(C=C1)C,C(C(F)(F)F)F,Table S3. VLE HFCs
1694,1694,[hmim],[PF6],R134a,348.0,1.011,0.3231,F[P-](F)(F)(F)(F)F,C(CCCCC)[N+]1=CN(C=C1)C,C(C(F)(F)F)F,Table S3. VLE HFCs
1695,1695,[hmim],[PF6],R134a,348.0,1.348,0.433,F[P-](F)(F)(F)(F)F,C(CCCCC)[N+]1=CN(C=C1)C,C(C(F)(F)F)F,Table S3. VLE HFCs
1696,1696,[hmim],[PF6],R134a,348.0,1.713,0.5437,F[P-](F)(F)(F)(F)F,C(CCCCC)[N+]1=CN(C=C1)C,C(C(F)(F)F)F,Table S3. VLE HFCs
1697,1697,[hmim],[PF6],R134a,348.0,2.057,0.6368,F[P-](F)(F)(F)(F)F,C(CCCCC)[N+]1=CN(C=C1)C,C(C(F)(F)F)F,Table S3. VLE HFCs
1698,1698,[hmim],[Tf2N],R32,302.7,0.1144,0.1114,FC(S(=O)(=O)[N-]S(=O)(=O)C(F)(F)F)(F)F,C(CCCCC)[N+]1=CN(C=C1)C,C(F)F,Table S3. VLE HFCs
1699,1699,[hmim],[Tf2N],R32,303.3,0.2108,0.198,FC(S(=O)(=O)[N-]S(=O)(=O)C(F)(F)F)(F)F,C(CCCCC)[N+]1=CN(C=C1)C,C(F)F,Table S3. VLE HFCs
1700,1700,[hmim],[Tf2N],R32,302.9,0.3021,0.2806,FC(S(=O)(=O)[N-]S(=O)(=O)C(F)(F)F)(F)F,C(CCCCC)[N+]1=CN(C=C1)C,C(F)F,Table S3. VLE HFCs
1701,1701,[hmim],[Tf2N],R32,302.5,0.4142,0.3621,FC(S(=O)(=O)[N-]S(=O)(=O)C(F)(F)F)(F)F,C(CCCCC)[N+]1=CN(C=C1)C,C(F)F,Table S3. VLE HFCs
1702,1702,[hmim],[Tf2N],R32,302.9,0.5136,0.4192,FC(S(=O)(=O)[N-]S(=O)(=O)C(F)(F)F)(F)F,C(CCCCC)[N+]1=CN(C=C1)C,C(F)F,Table S3. VLE HFCs
1703,1703,[hmim],[Tf2N],R32,303.4,0.5854,0.4548,FC(S(=O)(=O)[N-]S(=O)(=O)C(F)(F)F)(F)F,C(CCCCC)[N+]1=CN(C=C1)C,C(F)F,Table S3. VLE HFCs
1704,1704,[hmim],[Tf2N],R32,303.5,0.6395,0.4972,FC(S(=O)(=O)[N-]S(=O)(=O)C(F)(F)F)(F)F,C(CCCCC)[N+]1=CN(C=C1)C,C(F)F,Table S3. VLE HFCs
1705,1705,[hmim],[Tf2N],R32,313.9,0.139,0.106,FC(S(=O)(=O)[N-]S(=O)(=O)C(F)(F)F)(F)F,C(CCCCC)[N+]1=CN(C=C1)C,C(F)F,Table S3. VLE HFCs
1706,1706,[hmim],[Tf2N],R32,313.2,0.2507,0.1907,FC(S(=O)(=O)[N-]S(=O)(=O)C(F)(F)F)(F)F,C(CCCCC)[N+]1=CN(C=C1)C,C(F)F,Table S3. VLE HFCs
1707,1707,[hmim],[Tf2N],R32,313.0,0.3633,0.2714,FC(S(=O)(=O)[N-]S(=O)(=O)C(F)(F)F)(F)F,C(CCCCC)[N+]1=CN(C=C1)C,C(F)F,Table S3. VLE HFCs
1708,1708,[hmim],[Tf2N],R32,313.9,0.5097,0.3504,FC(S(=O)(=O)[N-]S(=O)(=O)C(F)(F)F)(F)F,C(CCCCC)[N+]1=CN(C=C1)C,C(F)F,Table S3. VLE HFCs
1709,1709,[hmim],[Tf2N],R32,312.5,0.6137,0.4088,FC(S(=O)(=O)[N-]S(=O)(=O)C(F)(F)F)(F)F,C(CCCCC)[N+]1=CN(C=C1)C,C(F)F,Table S3. VLE HFCs
1710,1710,[hmim],[Tf2N],R32,312.2,0.6931,0.4447,FC(S(=O)(=O)[N-]S(=O)(=O)C(F)(F)F)(F)F,C(CCCCC)[N+]1=CN(C=C1)C,C(F)F,Table S3. VLE HFCs
1711,1711,[hmim],[Tf2N],R32,313.4,0.7787,0.4858,FC(S(=O)(=O)[N-]S(=O)(=O)C(F)(F)F)(F)F,C(CCCCC)[N+]1=CN(C=C1)C,C(F)F,Table S3. VLE HFCs
1712,1712,[hmim],[Tf2N],R32,323.6,0.1615,0.1013,FC(S(=O)(=O)[N-]S(=O)(=O)C(F)(F)F)(F)F,C(CCCCC)[N+]1=CN(C=C1)C,C(F)F,Table S3. VLE HFCs
1713,1713,[hmim],[Tf2N],R32,323.9,0.2957,0.1829,FC(S(=O)(=O)[N-]S(=O)(=O)C(F)(F)F)(F)F,C(CCCCC)[N+]1=CN(C=C1)C,C(F)F,Table S3. VLE HFCs
1714,1714,[hmim],[Tf2N],R32,323.2,0.4284,0.2618,FC(S(=O)(=O)[N-]S(=O)(=O)C(F)(F)F)(F)F,C(CCCCC)[N+]1=CN(C=C1)C,C(F)F,Table S3. VLE HFCs
1715,1715,[hmim],[Tf2N],R32,323.9,0.6002,0.3396,FC(S(=O)(=O)[N-]S(=O)(=O)C(F)(F)F)(F)F,C(CCCCC)[N+]1=CN(C=C1)C,C(F)F,Table S3. VLE HFCs
1716,1716,[hmim],[Tf2N],R32,322.6,0.7404,0.3954,FC(S(=O)(=O)[N-]S(=O)(=O)C(F)(F)F)(F)F,C(CCCCC)[N+]1=CN(C=C1)C,C(F)F,Table S3. VLE HFCs
1717,1717,[hmim],[Tf2N],R32,324.1,0.8482,0.4304,FC(S(=O)(=O)[N-]S(=O)(=O)C(F)(F)F)(F)F,C(CCCCC)[N+]1=CN(C=C1)C,C(F)F,Table S3. VLE HFCs
1718,1718,[hmim],[Tf2N],R32,322.4,0.9028,0.476,FC(S(=O)(=O)[N-]S(=O)(=O)C(F)(F)F)(F)F,C(CCCCC)[N+]1=CN(C=C1)C,C(F)F,Table S3. VLE HFCs
1719,1719,[hmim],[Tf2N],R32,332.6,0.1826,0.0971,FC(S(=O)(=O)[N-]S(=O)(=O)C(F)(F)F)(F)F,C(CCCCC)[N+]1=CN(C=C1)C,C(F)F,Table S3. VLE HFCs
1720,1720,[hmim],[Tf2N],R32,333.4,0.3387,0.1755,FC(S(=O)(=O)[N-]S(=O)(=O)C(F)(F)F)(F)F,C(CCCCC)[N+]1=CN(C=C1)C,C(F)F,Table S3. VLE HFCs
1721,1721,[hmim],[Tf2N],R32,332.6,0.4921,0.2527,FC(S(=O)(=O)[N-]S(=O)(=O)C(F)(F)F)(F)F,C(CCCCC)[N+]1=CN(C=C1)C,C(F)F,Table S3. VLE HFCs
1722,1722,[hmim],[Tf2N],R32,332.6,0.6826,0.3299,FC(S(=O)(=O)[N-]S(=O)(=O)C(F)(F)F)(F)F,C(CCCCC)[N+]1=CN(C=C1)C,C(F)F,Table S3. VLE HFCs
1723,1723,[hmim],[Tf2N],R32,333.5,0.8613,0.3834,FC(S(=O)(=O)[N-]S(=O)(=O)C(F)(F)F)(F)F,C(CCCCC)[N+]1=CN(C=C1)C,C(F)F,Table S3. VLE HFCs
1724,1724,[hmim],[Tf2N],R32,333.7,0.9776,0.4186,FC(S(=O)(=O)[N-]S(=O)(=O)C(F)(F)F)(F)F,C(CCCCC)[N+]1=CN(C=C1)C,C(F)F,Table S3. VLE HFCs
1725,1725,[hmim],[Tf2N],R32,333.0,1.0686,0.4626,FC(S(=O)(=O)[N-]S(=O)(=O)C(F)(F)F)(F)F,C(CCCCC)[N+]1=CN(C=C1)C,C(F)F,Table S3. VLE HFCs
1726,1726,[hmim],[Tf2N],R32,343.2,0.2081,0.0923,FC(S(=O)(=O)[N-]S(=O)(=O)C(F)(F)F)(F)F,C(CCCCC)[N+]1=CN(C=C1)C,C(F)F,Table S3. VLE HFCs
1727,1727,[hmim],[Tf2N],R32,342.9,0.3815,0.1687,FC(S(=O)(=O)[N-]S(=O)(=O)C(F)(F)F)(F)F,C(CCCCC)[N+]1=CN(C=C1)C,C(F)F,Table S3. VLE HFCs
1728,1728,[hmim],[Tf2N],R32,343.3,0.5634,0.243,FC(S(=O)(=O)[N-]S(=O)(=O)C(F)(F)F)(F)F,C(CCCCC)[N+]1=CN(C=C1)C,C(F)F,Table S3. VLE HFCs
1729,1729,[hmim],[Tf2N],R32,343.3,0.7914,0.3173,FC(S(=O)(=O)[N-]S(=O)(=O)C(F)(F)F)(F)F,C(CCCCC)[N+]1=CN(C=C1)C,C(F)F,Table S3. VLE HFCs
1730,1730,[hmim],[Tf2N],R32,343.1,0.9794,0.3717,FC(S(=O)(=O)[N-]S(=O)(=O)C(F)(F)F)(F)F,C(CCCCC)[N+]1=CN(C=C1)C,C(F)F,Table S3. VLE HFCs
1731,1731,[hmim],[Tf2N],R32,344.1,1.1307,0.4046,FC(S(=O)(=O)[N-]S(=O)(=O)C(F)(F)F)(F)F,C(CCCCC)[N+]1=CN(C=C1)C,C(F)F,Table S3. VLE HFCs
1732,1732,[hmim],[Tf2N],R32,342.6,1.2208,0.4506,FC(S(=O)(=O)[N-]S(=O)(=O)C(F)(F)F)(F)F,C(CCCCC)[N+]1=CN(C=C1)C,C(F)F,Table S3. VLE HFCs
1733,1733,[hmim],[Tf2N],R161,303.7,0.03,0.0351,FC(S(=O)(=O)[N-]S(=O)(=O)C(F)(F)F)(F)F,C(CCCCC)[N+]1=CN(C=C1)C,CCF,Table S3. VLE HFCs
1734,1734,[hmim],[Tf2N],R161,302.5,0.066,0.0848,FC(S(=O)(=O)[N-]S(=O)(=O)C(F)(F)F)(F)F,C(CCCCC)[N+]1=CN(C=C1)C,CCF,Table S3. VLE HFCs
1735,1735,[hmim],[Tf2N],R161,303.9,0.1136,0.1422,FC(S(=O)(=O)[N-]S(=O)(=O)C(F)(F)F)(F)F,C(CCCCC)[N+]1=CN(C=C1)C,CCF,Table S3. VLE HFCs
1736,1736,[hmim],[Tf2N],R161,302.2,0.1473,0.1891,FC(S(=O)(=O)[N-]S(=O)(=O)C(F)(F)F)(F)F,C(CCCCC)[N+]1=CN(C=C1)C,CCF,Table S3. VLE HFCs
1737,1737,[hmim],[Tf2N],R161,303.1,0.1828,0.2281,FC(S(=O)(=O)[N-]S(=O)(=O)C(F)(F)F)(F)F,C(CCCCC)[N+]1=CN(C=C1)C,CCF,Table S3. VLE HFCs
1738,1738,[hmim],[Tf2N],R161,303.2,0.2197,0.2919,FC(S(=O)(=O)[N-]S(=O)(=O)C(F)(F)F)(F)F,C(CCCCC)[N+]1=CN(C=C1)C,CCF,Table S3. VLE HFCs
1739,1739,[hmim],[Tf2N],R161,302.6,0.2461,0.3213,FC(S(=O)(=O)[N-]S(=O)(=O)C(F)(F)F)(F)F,C(CCCCC)[N+]1=CN(C=C1)C,CCF,Table S3. VLE HFCs
1740,1740,[hmim],[Tf2N],R161,303.9,0.2917,0.3547,FC(S(=O)(=O)[N-]S(=O)(=O)C(F)(F)F)(F)F,C(CCCCC)[N+]1=CN(C=C1)C,CCF,Table S3. VLE HFCs
1741,1741,[hmim],[Tf2N],R161,303.9,0.3276,0.3878,FC(S(=O)(=O)[N-]S(=O)(=O)C(F)(F)F)(F)F,C(CCCCC)[N+]1=CN(C=C1)C,CCF,Table S3. VLE HFCs
1742,1742,[hmim],[Tf2N],R161,312.7,0.035,0.034,FC(S(=O)(=O)[N-]S(=O)(=O)C(F)(F)F)(F)F,C(CCCCC)[N+]1=CN(C=C1)C,CCF,Table S3. VLE HFCs
1743,1743,[hmim],[Tf2N],R161,313.3,0.081,0.0819,FC(S(=O)(=O)[N-]S(=O)(=O)C(F)(F)F)(F)F,C(CCCCC)[N+]1=CN(C=C1)C,CCF,Table S3. VLE HFCs
1744,1744,[hmim],[Tf2N],R161,312.7,0.1361,0.1383,FC(S(=O)(=O)[N-]S(=O)(=O)C(F)(F)F)(F)F,C(CCCCC)[N+]1=CN(C=C1)C,CCF,Table S3. VLE HFCs
1745,1745,[hmim],[Tf2N],R161,312.3,0.1832,0.1835,FC(S(=O)(=O)[N-]S(=O)(=O)C(F)(F)F)(F)F,C(CCCCC)[N+]1=CN(C=C1)C,CCF,Table S3. VLE HFCs
1746,1746,[hmim],[Tf2N],R161,312.6,0.2225,0.2224,FC(S(=O)(=O)[N-]S(=O)(=O)C(F)(F)F)(F)F,C(CCCCC)[N+]1=CN(C=C1)C,CCF,Table S3. VLE HFCs
1747,1747,[hmim],[Tf2N],R161,312.6,0.2675,0.2861,FC(S(=O)(=O)[N-]S(=O)(=O)C(F)(F)F)(F)F,C(CCCCC)[N+]1=CN(C=C1)C,CCF,Table S3. VLE HFCs
1748,1748,[hmim],[Tf2N],R161,313.0,0.3076,0.3144,FC(S(=O)(=O)[N-]S(=O)(=O)C(F)(F)F)(F)F,C(CCCCC)[N+]1=CN(C=C1)C,CCF,Table S3. VLE HFCs
1749,1749,[hmim],[Tf2N],R161,312.6,0.3237,0.33,FC(S(=O)(=O)[N-]S(=O)(=O)C(F)(F)F)(F)F,C(CCCCC)[N+]1=CN(C=C1)C,CCF,Table S3. VLE HFCs
1750,1750,[hmim],[Tf2N],R161,313.2,0.355,0.3482,FC(S(=O)(=O)[N-]S(=O)(=O)C(F)(F)F)(F)F,C(CCCCC)[N+]1=CN(C=C1)C,CCF,Table S3. VLE HFCs
1751,1751,[hmim],[Tf2N],R161,313.3,0.4,0.3811,FC(S(=O)(=O)[N-]S(=O)(=O)C(F)(F)F)(F)F,C(CCCCC)[N+]1=CN(C=C1)C,CCF,Table S3. VLE HFCs
1752,1752,[hmim],[Tf2N],R161,323.2,0.041,0.0327,FC(S(=O)(=O)[N-]S(=O)(=O)C(F)(F)F)(F)F,C(CCCCC)[N+]1=CN(C=C1)C,CCF,Table S3. VLE HFCs
1753,1753,[hmim],[Tf2N],R161,323.4,0.0983,0.0787,FC(S(=O)(=O)[N-]S(=O)(=O)C(F)(F)F)(F)F,C(CCCCC)[N+]1=CN(C=C1)C,CCF,Table S3. VLE HFCs
1754,1754,[hmim],[Tf2N],R161,323.1,0.1652,0.1335,FC(S(=O)(=O)[N-]S(=O)(=O)C(F)(F)F)(F)F,C(CCCCC)[N+]1=CN(C=C1)C,CCF,Table S3. VLE HFCs
1755,1755,[hmim],[Tf2N],R161,322.3,0.2221,0.1776,FC(S(=O)(=O)[N-]S(=O)(=O)C(F)(F)F)(F)F,C(CCCCC)[N+]1=CN(C=C1)C,CCF,Table S3. VLE HFCs
1756,1756,[hmim],[Tf2N],R161,322.8,0.2704,0.2158,FC(S(=O)(=O)[N-]S(=O)(=O)C(F)(F)F)(F)F,C(CCCCC)[N+]1=CN(C=C1)C,CCF,Table S3. VLE HFCs
1757,1757,[hmim],[Tf2N],R161,322.9,0.3265,0.2792,FC(S(=O)(=O)[N-]S(=O)(=O)C(F)(F)F)(F)F,C(CCCCC)[N+]1=CN(C=C1)C,CCF,Table S3. VLE HFCs
1758,1758,[hmim],[Tf2N],R161,322.9,0.3713,0.3074,FC(S(=O)(=O)[N-]S(=O)(=O)C(F)(F)F)(F)F,C(CCCCC)[N+]1=CN(C=C1)C,CCF,Table S3. VLE HFCs
1759,1759,[hmim],[Tf2N],R161,322.5,0.3941,0.3226,FC(S(=O)(=O)[N-]S(=O)(=O)C(F)(F)F)(F)F,C(CCCCC)[N+]1=CN(C=C1)C,CCF,Table S3. VLE HFCs
1760,1760,[hmim],[Tf2N],R161,323.7,0.436,0.3401,FC(S(=O)(=O)[N-]S(=O)(=O)C(F)(F)F)(F)F,C(CCCCC)[N+]1=CN(C=C1)C,CCF,Table S3. VLE HFCs
1761,1761,[hmim],[Tf2N],R161,322.6,0.4797,0.3738,FC(S(=O)(=O)[N-]S(=O)(=O)C(F)(F)F)(F)F,C(CCCCC)[N+]1=CN(C=C1)C,CCF,Table S3. VLE HFCs
1762,1762,[hmim],[Tf2N],R161,333.4,0.047,0.0316,FC(S(=O)(=O)[N-]S(=O)(=O)C(F)(F)F)(F)F,C(CCCCC)[N+]1=CN(C=C1)C,CCF,Table S3. VLE HFCs
1763,1763,[hmim],[Tf2N],R161,332.2,0.1114,0.0765,FC(S(=O)(=O)[N-]S(=O)(=O)C(F)(F)F)(F)F,C(CCCCC)[N+]1=CN(C=C1)C,CCF,Table S3. VLE HFCs
1764,1764,[hmim],[Tf2N],R161,333.0,0.1935,0.1291,FC(S(=O)(=O)[N-]S(=O)(=O)C(F)(F)F)(F)F,C(CCCCC)[N+]1=CN(C=C1)C,CCF,Table S3. VLE HFCs
1765,1765,[hmim],[Tf2N],R161,333.9,0.2673,0.1712,FC(S(=O)(=O)[N-]S(=O)(=O)C(F)(F)F)(F)F,C(CCCCC)[N+]1=CN(C=C1)C,CCF,Table S3. VLE HFCs
1766,1766,[hmim],[Tf2N],R161,333.0,0.3216,0.209,FC(S(=O)(=O)[N-]S(=O)(=O)C(F)(F)F)(F)F,C(CCCCC)[N+]1=CN(C=C1)C,CCF,Table S3. VLE HFCs
1767,1767,[hmim],[Tf2N],R161,333.2,0.3875,0.2723,FC(S(=O)(=O)[N-]S(=O)(=O)C(F)(F)F)(F)F,C(CCCCC)[N+]1=CN(C=C1)C,CCF,Table S3. VLE HFCs
1768,1768,[hmim],[Tf2N],R161,333.1,0.4422,0.2999,FC(S(=O)(=O)[N-]S(=O)(=O)C(F)(F)F)(F)F,C(CCCCC)[N+]1=CN(C=C1)C,CCF,Table S3. VLE HFCs
1769,1769,[hmim],[Tf2N],R161,333.3,0.473,0.3146,FC(S(=O)(=O)[N-]S(=O)(=O)C(F)(F)F)(F)F,C(CCCCC)[N+]1=CN(C=C1)C,CCF,Table S3. VLE HFCs
1770,1770,[hmim],[Tf2N],R161,334.1,0.5191,0.332,FC(S(=O)(=O)[N-]S(=O)(=O)C(F)(F)F)(F)F,C(CCCCC)[N+]1=CN(C=C1)C,CCF,Table S3. VLE HFCs
1771,1771,[hmim],[Tf2N],R161,333.7,0.5823,0.3646,FC(S(=O)(=O)[N-]S(=O)(=O)C(F)(F)F)(F)F,C(CCCCC)[N+]1=CN(C=C1)C,CCF,Table S3. VLE HFCs
1772,1772,[hmim],[Tf2N],R161,343.4,0.053,0.0305,FC(S(=O)(=O)[N-]S(=O)(=O)C(F)(F)F)(F)F,C(CCCCC)[N+]1=CN(C=C1)C,CCF,Table S3. VLE HFCs
1773,1773,[hmim],[Tf2N],R161,343.3,0.1299,0.0735,FC(S(=O)(=O)[N-]S(=O)(=O)C(F)(F)F)(F)F,C(CCCCC)[N+]1=CN(C=C1)C,CCF,Table S3. VLE HFCs
1774,1774,[hmim],[Tf2N],R161,343.2,0.2234,0.1247,FC(S(=O)(=O)[N-]S(=O)(=O)C(F)(F)F)(F)F,C(CCCCC)[N+]1=CN(C=C1)C,CCF,Table S3. VLE HFCs
1775,1775,[hmim],[Tf2N],R161,342.3,0.3006,0.1666,FC(S(=O)(=O)[N-]S(=O)(=O)C(F)(F)F)(F)F,C(CCCCC)[N+]1=CN(C=C1)C,CCF,Table S3. VLE HFCs
1776,1776,[hmim],[Tf2N],R161,342.5,0.3691,0.203,FC(S(=O)(=O)[N-]S(=O)(=O)C(F)(F)F)(F)F,C(CCCCC)[N+]1=CN(C=C1)C,CCF,Table S3. VLE HFCs
1777,1777,[hmim],[Tf2N],R161,343.2,0.4525,0.2651,FC(S(=O)(=O)[N-]S(=O)(=O)C(F)(F)F)(F)F,C(CCCCC)[N+]1=CN(C=C1)C,CCF,Table S3. VLE HFCs
1778,1778,[hmim],[Tf2N],R161,343.5,0.5183,0.2921,FC(S(=O)(=O)[N-]S(=O)(=O)C(F)(F)F)(F)F,C(CCCCC)[N+]1=CN(C=C1)C,CCF,Table S3. VLE HFCs
1779,1779,[hmim],[Tf2N],R161,343.2,0.5509,0.3068,FC(S(=O)(=O)[N-]S(=O)(=O)C(F)(F)F)(F)F,C(CCCCC)[N+]1=CN(C=C1)C,CCF,Table S3. VLE HFCs
1780,1780,[hmim],[Tf2N],R161,344.3,0.6066,0.3238,FC(S(=O)(=O)[N-]S(=O)(=O)C(F)(F)F)(F)F,C(CCCCC)[N+]1=CN(C=C1)C,CCF,Table S3. VLE HFCs
1781,1781,[hmim],[Tf2N],R161,343.0,0.673,0.3567,FC(S(=O)(=O)[N-]S(=O)(=O)C(F)(F)F)(F)F,C(CCCCC)[N+]1=CN(C=C1)C,CCF,Table S3. VLE HFCs
1782,1782,[hmim],[Tf2N],R152a,302.4,0.0376,0.0672,FC(S(=O)(=O)[N-]S(=O)(=O)C(F)(F)F)(F)F,C(CCCCC)[N+]1=CN(C=C1)C,CC(F)F,Table S3. VLE HFCs
1783,1783,[hmim],[Tf2N],R152a,302.9,0.0559,0.0999,FC(S(=O)(=O)[N-]S(=O)(=O)C(F)(F)F)(F)F,C(CCCCC)[N+]1=CN(C=C1)C,CC(F)F,Table S3. VLE HFCs
1784,1784,[hmim],[Tf2N],R152a,303.2,0.0738,0.1367,FC(S(=O)(=O)[N-]S(=O)(=O)C(F)(F)F)(F)F,C(CCCCC)[N+]1=CN(C=C1)C,CC(F)F,Table S3. VLE HFCs
1785,1785,[hmim],[Tf2N],R152a,302.8,0.0962,0.1814,FC(S(=O)(=O)[N-]S(=O)(=O)C(F)(F)F)(F)F,C(CCCCC)[N+]1=CN(C=C1)C,CC(F)F,Table S3. VLE HFCs
1786,1786,[hmim],[Tf2N],R152a,303.2,0.1154,0.2122,FC(S(=O)(=O)[N-]S(=O)(=O)C(F)(F)F)(F)F,C(CCCCC)[N+]1=CN(C=C1)C,CC(F)F,Table S3. VLE HFCs
1787,1787,[hmim],[Tf2N],R152a,302.3,0.1344,0.2528,FC(S(=O)(=O)[N-]S(=O)(=O)C(F)(F)F)(F)F,C(CCCCC)[N+]1=CN(C=C1)C,CC(F)F,Table S3. VLE HFCs
1788,1788,[hmim],[Tf2N],R152a,313.5,0.0478,0.0646,FC(S(=O)(=O)[N-]S(=O)(=O)C(F)(F)F)(F)F,C(CCCCC)[N+]1=CN(C=C1)C,CC(F)F,Table S3. VLE HFCs
1789,1789,[hmim],[Tf2N],R152a,312.3,0.0689,0.0968,FC(S(=O)(=O)[N-]S(=O)(=O)C(F)(F)F)(F)F,C(CCCCC)[N+]1=CN(C=C1)C,CC(F)F,Table S3. VLE HFCs
1790,1790,[hmim],[Tf2N],R152a,313.4,0.0931,0.1324,FC(S(=O)(=O)[N-]S(=O)(=O)C(F)(F)F)(F)F,C(CCCCC)[N+]1=CN(C=C1)C,CC(F)F,Table S3. VLE HFCs
1791,1791,[hmim],[Tf2N],R152a,313.4,0.1226,0.1761,FC(S(=O)(=O)[N-]S(=O)(=O)C(F)(F)F)(F)F,C(CCCCC)[N+]1=CN(C=C1)C,CC(F)F,Table S3. VLE HFCs
1792,1792,[hmim],[Tf2N],R152a,312.2,0.1413,0.2074,FC(S(=O)(=O)[N-]S(=O)(=O)C(F)(F)F)(F)F,C(CCCCC)[N+]1=CN(C=C1)C,CC(F)F,Table S3. VLE HFCs
1793,1793,[hmim],[Tf2N],R152a,313.4,0.1748,0.2459,FC(S(=O)(=O)[N-]S(=O)(=O)C(F)(F)F)(F)F,C(CCCCC)[N+]1=CN(C=C1)C,CC(F)F,Table S3. VLE HFCs
1794,1794,[hmim],[Tf2N],R152a,322.8,0.0575,0.0629,FC(S(=O)(=O)[N-]S(=O)(=O)C(F)(F)F)(F)F,C(CCCCC)[N+]1=CN(C=C1)C,CC(F)F,Table S3. VLE HFCs
1795,1795,[hmim],[Tf2N],R152a,323.5,0.0862,0.0929,FC(S(=O)(=O)[N-]S(=O)(=O)C(F)(F)F)(F)F,C(CCCCC)[N+]1=CN(C=C1)C,CC(F)F,Table S3. VLE HFCs
1796,1796,[hmim],[Tf2N],R152a,323.6,0.1145,0.1279,FC(S(=O)(=O)[N-]S(=O)(=O)C(F)(F)F)(F)F,C(CCCCC)[N+]1=CN(C=C1)C,CC(F)F,Table S3. VLE HFCs
1797,1797,[hmim],[Tf2N],R152a,322.2,0.1469,0.1714,FC(S(=O)(=O)[N-]S(=O)(=O)C(F)(F)F)(F)F,C(CCCCC)[N+]1=CN(C=C1)C,CC(F)F,Table S3. VLE HFCs
1798,1798,[hmim],[Tf2N],R152a,323.7,0.1803,0.2003,FC(S(=O)(=O)[N-]S(=O)(=O)C(F)(F)F)(F)F,C(CCCCC)[N+]1=CN(C=C1)C,CC(F)F,Table S3. VLE HFCs
1799,1799,[hmim],[Tf2N],R152a,322.3,0.2096,0.2402,FC(S(=O)(=O)[N-]S(=O)(=O)C(F)(F)F)(F)F,C(CCCCC)[N+]1=CN(C=C1)C,CC(F)F,Table S3. VLE HFCs
1800,1800,[hmim],[Tf2N],R152a,333.1,0.0685,0.0598,FC(S(=O)(=O)[N-]S(=O)(=O)C(F)(F)F)(F)F,C(CCCCC)[N+]1=CN(C=C1)C,CC(F)F,Table S3. VLE HFCs
1801,1801,[hmim],[Tf2N],R152a,332.8,0.101,0.0897,FC(S(=O)(=O)[N-]S(=O)(=O)C(F)(F)F)(F)F,C(CCCCC)[N+]1=CN(C=C1)C,CC(F)F,Table S3. VLE HFCs
1802,1802,[hmim],[Tf2N],R152a,333.8,0.1373,0.1233,FC(S(=O)(=O)[N-]S(=O)(=O)C(F)(F)F)(F)F,C(CCCCC)[N+]1=CN(C=C1)C,CC(F)F,Table S3. VLE HFCs
1803,1803,[hmim],[Tf2N],R152a,333.4,0.181,0.165,FC(S(=O)(=O)[N-]S(=O)(=O)C(F)(F)F)(F)F,C(CCCCC)[N+]1=CN(C=C1)C,CC(F)F,Table S3. VLE HFCs
1804,1804,[hmim],[Tf2N],R152a,332.5,0.2109,0.195,FC(S(=O)(=O)[N-]S(=O)(=O)C(F)(F)F)(F)F,C(CCCCC)[N+]1=CN(C=C1)C,CC(F)F,Table S3. VLE HFCs
1805,1805,[hmim],[Tf2N],R152a,332.9,0.2564,0.2326,FC(S(=O)(=O)[N-]S(=O)(=O)C(F)(F)F)(F)F,C(CCCCC)[N+]1=CN(C=C1)C,CC(F)F,Table S3. VLE HFCs
1806,1806,[hmim],[Tf2N],R152a,343.3,0.0798,0.0573,FC(S(=O)(=O)[N-]S(=O)(=O)C(F)(F)F)(F)F,C(CCCCC)[N+]1=CN(C=C1)C,CC(F)F,Table S3. VLE HFCs
1807,1807,[hmim],[Tf2N],R152a,343.0,0.1183,0.0861,FC(S(=O)(=O)[N-]S(=O)(=O)C(F)(F)F)(F)F,C(CCCCC)[N+]1=CN(C=C1)C,CC(F)F,Table S3. VLE HFCs
1808,1808,[hmim],[Tf2N],R152a,342.6,0.1578,0.1193,FC(S(=O)(=O)[N-]S(=O)(=O)C(F)(F)F)(F)F,C(CCCCC)[N+]1=CN(C=C1)C,CC(F)F,Table S3. VLE HFCs
1809,1809,[hmim],[Tf2N],R152a,342.7,0.2101,0.1598,FC(S(=O)(=O)[N-]S(=O)(=O)C(F)(F)F)(F)F,C(CCCCC)[N+]1=CN(C=C1)C,CC(F)F,Table S3. VLE HFCs
1810,1810,[hmim],[Tf2N],R152a,342.8,0.2521,0.188,FC(S(=O)(=O)[N-]S(=O)(=O)C(F)(F)F)(F)F,C(CCCCC)[N+]1=CN(C=C1)C,CC(F)F,Table S3. VLE HFCs
1811,1811,[hmim],[Tf2N],R152a,343.4,0.3074,0.2247,FC(S(=O)(=O)[N-]S(=O)(=O)C(F)(F)F)(F)F,C(CCCCC)[N+]1=CN(C=C1)C,CC(F)F,Table S3. VLE HFCs
1812,1812,[hmim],[Tf2N],R143a,302.7,0.13,0.0558,FC(S(=O)(=O)[N-]S(=O)(=O)C(F)(F)F)(F)F,C(CCCCC)[N+]1=CN(C=C1)C,CC(F)(F)F,Table S3. VLE HFCs
1813,1813,[hmim],[Tf2N],R143a,303.5,0.2,0.0896,FC(S(=O)(=O)[N-]S(=O)(=O)C(F)(F)F)(F)F,C(CCCCC)[N+]1=CN(C=C1)C,CC(F)(F)F,Table S3. VLE HFCs
1814,1814,[hmim],[Tf2N],R143a,303.6,0.367,0.1637,FC(S(=O)(=O)[N-]S(=O)(=O)C(F)(F)F)(F)F,C(CCCCC)[N+]1=CN(C=C1)C,CC(F)(F)F,Table S3. VLE HFCs
1815,1815,[hmim],[Tf2N],R143a,303.5,0.448,0.1936,FC(S(=O)(=O)[N-]S(=O)(=O)C(F)(F)F)(F)F,C(CCCCC)[N+]1=CN(C=C1)C,CC(F)(F)F,Table S3. VLE HFCs
1816,1816,[hmim],[Tf2N],R143a,303.3,0.556,0.244,FC(S(=O)(=O)[N-]S(=O)(=O)C(F)(F)F)(F)F,C(CCCCC)[N+]1=CN(C=C1)C,CC(F)(F)F,Table S3. VLE HFCs
1817,1817,[hmim],[Tf2N],R143a,303.7,0.734,0.2955,FC(S(=O)(=O)[N-]S(=O)(=O)C(F)(F)F)(F)F,C(CCCCC)[N+]1=CN(C=C1)C,CC(F)(F)F,Table S3. VLE HFCs
1818,1818,[hmim],[Tf2N],R143a,302.8,0.83,0.3421,FC(S(=O)(=O)[N-]S(=O)(=O)C(F)(F)F)(F)F,C(CCCCC)[N+]1=CN(C=C1)C,CC(F)(F)F,Table S3. VLE HFCs
1819,1819,[hmim],[Tf2N],R143a,303.8,0.913,0.3561,FC(S(=O)(=O)[N-]S(=O)(=O)C(F)(F)F)(F)F,C(CCCCC)[N+]1=CN(C=C1)C,CC(F)(F)F,Table S3. VLE HFCs
1820,1820,[hmim],[Tf2N],R143a,313.5,0.151,0.052,FC(S(=O)(=O)[N-]S(=O)(=O)C(F)(F)F)(F)F,C(CCCCC)[N+]1=CN(C=C1)C,CC(F)(F)F,Table S3. VLE HFCs
1821,1821,[hmim],[Tf2N],R143a,312.7,0.227,0.0847,FC(S(=O)(=O)[N-]S(=O)(=O)C(F)(F)F)(F)F,C(CCCCC)[N+]1=CN(C=C1)C,CC(F)(F)F,Table S3. VLE HFCs
1822,1822,[hmim],[Tf2N],R143a,313.2,0.423,0.1549,FC(S(=O)(=O)[N-]S(=O)(=O)C(F)(F)F)(F)F,C(CCCCC)[N+]1=CN(C=C1)C,CC(F)(F)F,Table S3. VLE HFCs
1823,1823,[hmim],[Tf2N],R143a,313.0,0.506,0.1854,FC(S(=O)(=O)[N-]S(=O)(=O)C(F)(F)F)(F)F,C(CCCCC)[N+]1=CN(C=C1)C,CC(F)(F)F,Table S3. VLE HFCs
1824,1824,[hmim],[Tf2N],R143a,313.9,0.651,0.2308,FC(S(=O)(=O)[N-]S(=O)(=O)C(F)(F)F)(F)F,C(CCCCC)[N+]1=CN(C=C1)C,CC(F)(F)F,Table S3. VLE HFCs
1825,1825,[hmim],[Tf2N],R143a,312.5,0.849,0.2803,FC(S(=O)(=O)[N-]S(=O)(=O)C(F)(F)F)(F)F,C(CCCCC)[N+]1=CN(C=C1)C,CC(F)(F)F,Table S3. VLE HFCs
1826,1826,[hmim],[Tf2N],R143a,312.4,0.979,0.3237,FC(S(=O)(=O)[N-]S(=O)(=O)C(F)(F)F)(F)F,C(CCCCC)[N+]1=CN(C=C1)C,CC(F)(F)F,Table S3. VLE HFCs
1827,1827,[hmim],[Tf2N],R143a,313.0,1.046,0.3412,FC(S(=O)(=O)[N-]S(=O)(=O)C(F)(F)F)(F)F,C(CCCCC)[N+]1=CN(C=C1)C,CC(F)(F)F,Table S3. VLE HFCs
1828,1828,[hmim],[Tf2N],R143a,322.5,0.168,0.049,FC(S(=O)(=O)[N-]S(=O)(=O)C(F)(F)F)(F)F,C(CCCCC)[N+]1=CN(C=C1)C,CC(F)(F)F,Table S3. VLE HFCs
1829,1829,[hmim],[Tf2N],R143a,322.9,0.169,0.0489,FC(S(=O)(=O)[N-]S(=O)(=O)C(F)(F)F)(F)F,C(CCCCC)[N+]1=CN(C=C1)C,CC(F)(F)F,Table S3. VLE HFCs
1830,1830,[hmim],[Tf2N],R143a,322.7,0.258,0.0796,FC(S(=O)(=O)[N-]S(=O)(=O)C(F)(F)F)(F)F,C(CCCCC)[N+]1=CN(C=C1)C,CC(F)(F)F,Table S3. VLE HFCs
1831,1831,[hmim],[Tf2N],R143a,323.5,0.483,0.1457,FC(S(=O)(=O)[N-]S(=O)(=O)C(F)(F)F)(F)F,C(CCCCC)[N+]1=CN(C=C1)C,CC(F)(F)F,Table S3. VLE HFCs
1832,1832,[hmim],[Tf2N],R143a,323.2,0.58,0.1745,FC(S(=O)(=O)[N-]S(=O)(=O)C(F)(F)F)(F)F,C(CCCCC)[N+]1=CN(C=C1)C,CC(F)(F)F,Table S3. VLE HFCs
1833,1833,[hmim],[Tf2N],R143a,322.6,0.742,0.2181,FC(S(=O)(=O)[N-]S(=O)(=O)C(F)(F)F)(F)F,C(CCCCC)[N+]1=CN(C=C1)C,CC(F)(F)F,Table S3. VLE HFCs
1834,1834,[hmim],[Tf2N],R143a,323.2,0.991,0.2619,FC(S(=O)(=O)[N-]S(=O)(=O)C(F)(F)F)(F)F,C(CCCCC)[N+]1=CN(C=C1)C,CC(F)(F)F,Table S3. VLE HFCs
1835,1835,[hmim],[Tf2N],R143a,322.6,1.141,0.3041,FC(S(=O)(=O)[N-]S(=O)(=O)C(F)(F)F)(F)F,C(CCCCC)[N+]1=CN(C=C1)C,CC(F)(F)F,Table S3. VLE HFCs
1836,1836,[hmim],[Tf2N],R143a,322.2,1.208,0.322,FC(S(=O)(=O)[N-]S(=O)(=O)C(F)(F)F)(F)F,C(CCCCC)[N+]1=CN(C=C1)C,CC(F)(F)F,Table S3. VLE HFCs
1837,1837,[hmim],[Tf2N],R143a,333.2,0.188,0.0457,FC(S(=O)(=O)[N-]S(=O)(=O)C(F)(F)F)(F)F,C(CCCCC)[N+]1=CN(C=C1)C,CC(F)(F)F,Table S3. VLE HFCs
1838,1838,[hmim],[Tf2N],R143a,334.0,0.291,0.0744,FC(S(=O)(=O)[N-]S(=O)(=O)C(F)(F)F)(F)F,C(CCCCC)[N+]1=CN(C=C1)C,CC(F)(F)F,Table S3. VLE HFCs
1839,1839,[hmim],[Tf2N],R143a,333.4,0.541,0.1376,FC(S(=O)(=O)[N-]S(=O)(=O)C(F)(F)F)(F)F,C(CCCCC)[N+]1=CN(C=C1)C,CC(F)(F)F,Table S3. VLE HFCs
1840,1840,[hmim],[Tf2N],R143a,333.3,0.65,0.1652,FC(S(=O)(=O)[N-]S(=O)(=O)C(F)(F)F)(F)F,C(CCCCC)[N+]1=CN(C=C1)C,CC(F)(F)F,Table S3. VLE HFCs
1841,1841,[hmim],[Tf2N],R143a,333.3,0.651,0.1651,FC(S(=O)(=O)[N-]S(=O)(=O)C(F)(F)F)(F)F,C(CCCCC)[N+]1=CN(C=C1)C,CC(F)(F)F,Table S3. VLE HFCs
1842,1842,[hmim],[Tf2N],R143a,333.0,0.83,0.2074,FC(S(=O)(=O)[N-]S(=O)(=O)C(F)(F)F)(F)F,C(CCCCC)[N+]1=CN(C=C1)C,CC(F)(F)F,Table S3. VLE HFCs
1843,1843,[hmim],[Tf2N],R143a,332.5,1.111,0.2473,FC(S(=O)(=O)[N-]S(=O)(=O)C(F)(F)F)(F)F,C(CCCCC)[N+]1=CN(C=C1)C,CC(F)(F)F,Table S3. VLE HFCs
1844,1844,[hmim],[Tf2N],R143a,332.8,1.301,0.2855,FC(S(=O)(=O)[N-]S(=O)(=O)C(F)(F)F)(F)F,C(CCCCC)[N+]1=CN(C=C1)C,CC(F)(F)F,Table S3. VLE HFCs
1845,1845,[hmim],[Tf2N],R143a,332.8,1.381,0.3028,FC(S(=O)(=O)[N-]S(=O)(=O)C(F)(F)F)(F)F,C(CCCCC)[N+]1=CN(C=C1)C,CC(F)(F)F,Table S3. VLE HFCs
1846,1846,[hmim],[Tf2N],R143a,342.6,0.204,0.0434,FC(S(=O)(=O)[N-]S(=O)(=O)C(F)(F)F)(F)F,C(CCCCC)[N+]1=CN(C=C1)C,CC(F)(F)F,Table S3. VLE HFCs
1847,1847,[hmim],[Tf2N],R143a,342.3,0.315,0.071,FC(S(=O)(=O)[N-]S(=O)(=O)C(F)(F)F)(F)F,C(CCCCC)[N+]1=CN(C=C1)C,CC(F)(F)F,Table S3. VLE HFCs
1848,1848,[hmim],[Tf2N],R143a,342.3,0.59,0.1312,FC(S(=O)(=O)[N-]S(=O)(=O)C(F)(F)F)(F)F,C(CCCCC)[N+]1=CN(C=C1)C,CC(F)(F)F,Table S3. VLE HFCs
1849,1849,[hmim],[Tf2N],R143a,342.2,0.712,0.1573,FC(S(=O)(=O)[N-]S(=O)(=O)C(F)(F)F)(F)F,C(CCCCC)[N+]1=CN(C=C1)C,CC(F)(F)F,Table S3. VLE HFCs
1850,1850,[hmim],[Tf2N],R143a,342.9,0.92,0.1968,FC(S(=O)(=O)[N-]S(=O)(=O)C(F)(F)F)(F)F,C(CCCCC)[N+]1=CN(C=C1)C,CC(F)(F)F,Table S3. VLE HFCs
1851,1851,[hmim],[Tf2N],R143a,342.9,1.245,0.2316,FC(S(=O)(=O)[N-]S(=O)(=O)C(F)(F)F)(F)F,C(CCCCC)[N+]1=CN(C=C1)C,CC(F)(F)F,Table S3. VLE HFCs
1852,1852,[hmim],[Tf2N],R143a,343.0,1.457,0.2685,FC(S(=O)(=O)[N-]S(=O)(=O)C(F)(F)F)(F)F,C(CCCCC)[N+]1=CN(C=C1)C,CC(F)(F)F,Table S3. VLE HFCs
1853,1853,[hmim],[Tf2N],R143a,342.7,1.545,0.285,FC(S(=O)(=O)[N-]S(=O)(=O)C(F)(F)F)(F)F,C(CCCCC)[N+]1=CN(C=C1)C,CC(F)(F)F,Table S3. VLE HFCs
1854,1854,[hmim],[Tf2N],R134a,298.0,0.0419999999999999,0.0247,FC(S(=O)(=O)[N-]S(=O)(=O)C(F)(F)F)(F)F,C(CCCCC)[N+]1=CN(C=C1)C,C(C(F)(F)F)F,Table S3. VLE HFCs
1855,1855,[hmim],[Tf2N],R134a,298.0,0.075,0.0761,FC(S(=O)(=O)[N-]S(=O)(=O)C(F)(F)F)(F)F,C(CCCCC)[N+]1=CN(C=C1)C,C(C(F)(F)F)F,Table S3. VLE HFCs
1856,1856,[hmim],[Tf2N],R134a,298.0,0.1169999999999999,0.1442,FC(S(=O)(=O)[N-]S(=O)(=O)C(F)(F)F)(F)F,C(CCCCC)[N+]1=CN(C=C1)C,C(C(F)(F)F)F,Table S3. VLE HFCs
1857,1857,[hmim],[Tf2N],R134a,298.0,0.181,0.236,FC(S(=O)(=O)[N-]S(=O)(=O)C(F)(F)F)(F)F,C(CCCCC)[N+]1=CN(C=C1)C,C(C(F)(F)F)F,Table S3. VLE HFCs
1858,1858,[hmim],[Tf2N],R134a,298.0,0.251,0.3416,FC(S(=O)(=O)[N-]S(=O)(=O)C(F)(F)F)(F)F,C(CCCCC)[N+]1=CN(C=C1)C,C(C(F)(F)F)F,Table S3. VLE HFCs
1859,1859,[hmim],[Tf2N],R134a,298.0,0.346,0.4609,FC(S(=O)(=O)[N-]S(=O)(=O)C(F)(F)F)(F)F,C(CCCCC)[N+]1=CN(C=C1)C,C(C(F)(F)F)F,Table S3. VLE HFCs
1860,1860,[hmim],[Tf2N],R134a,298.0,0.4019999999999999,0.5264,FC(S(=O)(=O)[N-]S(=O)(=O)C(F)(F)F)(F)F,C(CCCCC)[N+]1=CN(C=C1)C,C(C(F)(F)F)F,Table S3. VLE HFCs
1861,1861,[hmim],[Tf2N],R134a,298.0,0.4549999999999999,0.5893,FC(S(=O)(=O)[N-]S(=O)(=O)C(F)(F)F)(F)F,C(CCCCC)[N+]1=CN(C=C1)C,C(C(F)(F)F)F,Table S3. VLE HFCs
1862,1862,[hmim],[Tf2N],R134a,298.0,0.523,0.6724,FC(S(=O)(=O)[N-]S(=O)(=O)C(F)(F)F)(F)F,C(CCCCC)[N+]1=CN(C=C1)C,C(C(F)(F)F)F,Table S3. VLE HFCs
1863,1863,[hmim],[Tf2N],R134a,298.0,0.5860000000000001,0.7578,FC(S(=O)(=O)[N-]S(=O)(=O)C(F)(F)F)(F)F,C(CCCCC)[N+]1=CN(C=C1)C,C(C(F)(F)F)F,Table S3. VLE HFCs
1864,1864,[hmim],[Tf2N],R134a,323.0,0.053,0.0282,FC(S(=O)(=O)[N-]S(=O)(=O)C(F)(F)F)(F)F,C(CCCCC)[N+]1=CN(C=C1)C,C(C(F)(F)F)F,Table S3. VLE HFCs
1865,1865,[hmim],[Tf2N],R134a,323.0,0.104,0.0652,FC(S(=O)(=O)[N-]S(=O)(=O)C(F)(F)F)(F)F,C(CCCCC)[N+]1=CN(C=C1)C,C(C(F)(F)F)F,Table S3. VLE HFCs
1866,1866,[hmim],[Tf2N],R134a,323.0,0.155,0.11,FC(S(=O)(=O)[N-]S(=O)(=O)C(F)(F)F)(F)F,C(CCCCC)[N+]1=CN(C=C1)C,C(C(F)(F)F)F,Table S3. VLE HFCs
1867,1867,[hmim],[Tf2N],R134a,323.0,0.213,0.1604,FC(S(=O)(=O)[N-]S(=O)(=O)C(F)(F)F)(F)F,C(CCCCC)[N+]1=CN(C=C1)C,C(C(F)(F)F)F,Table S3. VLE HFCs
1868,1868,[hmim],[Tf2N],R134a,323.0,0.286,0.2123,FC(S(=O)(=O)[N-]S(=O)(=O)C(F)(F)F)(F)F,C(CCCCC)[N+]1=CN(C=C1)C,C(C(F)(F)F)F,Table S3. VLE HFCs
1869,1869,[hmim],[Tf2N],R134a,323.0,0.392,0.286,FC(S(=O)(=O)[N-]S(=O)(=O)C(F)(F)F)(F)F,C(CCCCC)[N+]1=CN(C=C1)C,C(C(F)(F)F)F,Table S3. VLE HFCs
1870,1870,[hmim],[Tf2N],R134a,323.0,0.506,0.3577,FC(S(=O)(=O)[N-]S(=O)(=O)C(F)(F)F)(F)F,C(CCCCC)[N+]1=CN(C=C1)C,C(C(F)(F)F)F,Table S3. VLE HFCs
1871,1871,[hmim],[Tf2N],R134a,323.0,0.612,0.4223,FC(S(=O)(=O)[N-]S(=O)(=O)C(F)(F)F)(F)F,C(CCCCC)[N+]1=CN(C=C1)C,C(C(F)(F)F)F,Table S3. VLE HFCs
1872,1872,[hmim],[Tf2N],R134a,323.0,0.748,0.5019,FC(S(=O)(=O)[N-]S(=O)(=O)C(F)(F)F)(F)F,C(CCCCC)[N+]1=CN(C=C1)C,C(C(F)(F)F)F,Table S3. VLE HFCs
1873,1873,[hmim],[Tf2N],R134a,323.0,0.866,0.5702,FC(S(=O)(=O)[N-]S(=O)(=O)C(F)(F)F)(F)F,C(CCCCC)[N+]1=CN(C=C1)C,C(C(F)(F)F)F,Table S3. VLE HFCs
1874,1874,[hmim],[Tf2N],R134a,323.0,0.972,0.6267,FC(S(=O)(=O)[N-]S(=O)(=O)C(F)(F)F)(F)F,C(CCCCC)[N+]1=CN(C=C1)C,C(C(F)(F)F)F,Table S3. VLE HFCs
1875,1875,[hmim],[Tf2N],R134a,323.0,1.0619999999999998,0.6807,FC(S(=O)(=O)[N-]S(=O)(=O)C(F)(F)F)(F)F,C(CCCCC)[N+]1=CN(C=C1)C,C(C(F)(F)F)F,Table S3. VLE HFCs
1876,1876,[hmim],[Tf2N],R134a,323.0,1.143,0.7334,FC(S(=O)(=O)[N-]S(=O)(=O)C(F)(F)F)(F)F,C(CCCCC)[N+]1=CN(C=C1)C,C(C(F)(F)F)F,Table S3. VLE HFCs
1877,1877,[hmim],[Tf2N],R134a,323.0,1.192,0.7642,FC(S(=O)(=O)[N-]S(=O)(=O)C(F)(F)F)(F)F,C(CCCCC)[N+]1=CN(C=C1)C,C(C(F)(F)F)F,Table S3. VLE HFCs
1878,1878,[hmim],[Tf2N],R134a,348.0,0.502,0.2429,FC(S(=O)(=O)[N-]S(=O)(=O)C(F)(F)F)(F)F,C(CCCCC)[N+]1=CN(C=C1)C,C(C(F)(F)F)F,Table S3. VLE HFCs
1879,1879,[hmim],[Tf2N],R134a,348.0,0.874,0.3916,FC(S(=O)(=O)[N-]S(=O)(=O)C(F)(F)F)(F)F,C(CCCCC)[N+]1=CN(C=C1)C,C(C(F)(F)F)F,Table S3. VLE HFCs
1880,1880,[hmim],[Tf2N],R134a,348.0,1.211,0.5145,FC(S(=O)(=O)[N-]S(=O)(=O)C(F)(F)F)(F)F,C(CCCCC)[N+]1=CN(C=C1)C,C(C(F)(F)F)F,Table S3. VLE HFCs
1881,1881,[hmim],[Tf2N],R134a,348.0,1.559,0.6205,FC(S(=O)(=O)[N-]S(=O)(=O)C(F)(F)F)(F)F,C(CCCCC)[N+]1=CN(C=C1)C,C(C(F)(F)F)F,Table S3. VLE HFCs
1882,1882,[hmim],[Tf2N],R134a,348.0,1.878,0.7157,FC(S(=O)(=O)[N-]S(=O)(=O)C(F)(F)F)(F)F,C(CCCCC)[N+]1=CN(C=C1)C,C(C(F)(F)F)F,Table S3. VLE HFCs
1883,1883,[hmim],[Tf2N],R134a,343.15,0.084,0.0397,FC(S(=O)(=O)[N-]S(=O)(=O)C(F)(F)F)(F)F,C(CCCCC)[N+]1=CN(C=C1)C,C(C(F)(F)F)F,Table S3. VLE HFCs
1884,1884,[hmim],[Tf2N],R134a,343.15,0.212,0.1086,FC(S(=O)(=O)[N-]S(=O)(=O)C(F)(F)F)(F)F,C(CCCCC)[N+]1=CN(C=C1)C,C(C(F)(F)F)F,Table S3. VLE HFCs
1885,1885,[hmim],[Tf2N],R134a,343.15,0.395,0.1956,FC(S(=O)(=O)[N-]S(=O)(=O)C(F)(F)F)(F)F,C(CCCCC)[N+]1=CN(C=C1)C,C(C(F)(F)F)F,Table S3. VLE HFCs
1886,1886,[hmim],[Tf2N],R134a,343.15,0.615,0.2904,FC(S(=O)(=O)[N-]S(=O)(=O)C(F)(F)F)(F)F,C(CCCCC)[N+]1=CN(C=C1)C,C(C(F)(F)F)F,Table S3. VLE HFCs
1887,1887,[hmim],[Tf2N],R134a,343.15,0.971,0.4272,FC(S(=O)(=O)[N-]S(=O)(=O)C(F)(F)F)(F)F,C(CCCCC)[N+]1=CN(C=C1)C,C(C(F)(F)F)F,Table S3. VLE HFCs
1888,1888,[hmim],[Tf2N],R134a,343.15,1.32,0.5508,FC(S(=O)(=O)[N-]S(=O)(=O)C(F)(F)F)(F)F,C(CCCCC)[N+]1=CN(C=C1)C,C(C(F)(F)F)F,Table S3. VLE HFCs
1889,1889,[hmim],[Tf2N],R134a,343.15,1.732,0.6867,FC(S(=O)(=O)[N-]S(=O)(=O)C(F)(F)F)(F)F,C(CCCCC)[N+]1=CN(C=C1)C,C(C(F)(F)F)F,Table S3. VLE HFCs
1890,1890,[hmim],[Tf2N],R134a,343.15,1.956,0.777,FC(S(=O)(=O)[N-]S(=O)(=O)C(F)(F)F)(F)F,C(CCCCC)[N+]1=CN(C=C1)C,C(C(F)(F)F)F,Table S3. VLE HFCs
1891,1891,[hmim],[Tf2N],R134a,343.15,2.016,0.8075,FC(S(=O)(=O)[N-]S(=O)(=O)C(F)(F)F)(F)F,C(CCCCC)[N+]1=CN(C=C1)C,C(C(F)(F)F)F,Table S3. VLE HFCs
1892,1892,[hmim],[Tf2N],R134a,343.15,2.064,0.8427,FC(S(=O)(=O)[N-]S(=O)(=O)C(F)(F)F)(F)F,C(CCCCC)[N+]1=CN(C=C1)C,C(C(F)(F)F)F,Table S3. VLE HFCs
1893,1893,[hmim],[Tf2N],R134a,343.15,2.075,0.8572,FC(S(=O)(=O)[N-]S(=O)(=O)C(F)(F)F)(F)F,C(CCCCC)[N+]1=CN(C=C1)C,C(C(F)(F)F)F,Table S3. VLE HFCs
1894,1894,[hmim],[Tf2N],R125,303.1,0.1091,0.072,FC(S(=O)(=O)[N-]S(=O)(=O)C(F)(F)F)(F)F,C(CCCCC)[N+]1=CN(C=C1)C,C(F)(F)(C(F)(F)F),Table S3. VLE HFCs
1895,1895,[hmim],[Tf2N],R125,303.3,0.2124,0.141,FC(S(=O)(=O)[N-]S(=O)(=O)C(F)(F)F)(F)F,C(CCCCC)[N+]1=CN(C=C1)C,C(F)(F)(C(F)(F)F),Table S3. VLE HFCs
1896,1896,[hmim],[Tf2N],R125,303.2,0.2913,0.1885,FC(S(=O)(=O)[N-]S(=O)(=O)C(F)(F)F)(F)F,C(CCCCC)[N+]1=CN(C=C1)C,C(F)(F)(C(F)(F)F),Table S3. VLE HFCs
1897,1897,[hmim],[Tf2N],R125,302.6,0.4092,0.261,FC(S(=O)(=O)[N-]S(=O)(=O)C(F)(F)F)(F)F,C(CCCCC)[N+]1=CN(C=C1)C,C(F)(F)(C(F)(F)F),Table S3. VLE HFCs
1898,1898,[hmim],[Tf2N],R125,303.1,0.4732,0.2936,FC(S(=O)(=O)[N-]S(=O)(=O)C(F)(F)F)(F)F,C(CCCCC)[N+]1=CN(C=C1)C,C(F)(F)(C(F)(F)F),Table S3. VLE HFCs
1899,1899,[hmim],[Tf2N],R125,303.5,0.5435,0.3282,FC(S(=O)(=O)[N-]S(=O)(=O)C(F)(F)F)(F)F,C(CCCCC)[N+]1=CN(C=C1)C,C(F)(F)(C(F)(F)F),Table S3. VLE HFCs
1900,1900,[hmim],[Tf2N],R125,312.4,0.1264,0.0679,FC(S(=O)(=O)[N-]S(=O)(=O)C(F)(F)F)(F)F,C(CCCCC)[N+]1=CN(C=C1)C,C(F)(F)(C(F)(F)F),Table S3. VLE HFCs
1901,1901,[hmim],[Tf2N],R125,312.7,0.2517,0.1326,FC(S(=O)(=O)[N-]S(=O)(=O)C(F)(F)F)(F)F,C(CCCCC)[N+]1=CN(C=C1)C,C(F)(F)(C(F)(F)F),Table S3. VLE HFCs
1902,1902,[hmim],[Tf2N],R125,313.5,0.3559,0.1757,FC(S(=O)(=O)[N-]S(=O)(=O)C(F)(F)F)(F)F,C(CCCCC)[N+]1=CN(C=C1)C,C(F)(F)(C(F)(F)F),Table S3. VLE HFCs
1903,1903,[hmim],[Tf2N],R125,312.5,0.4977,0.2458,FC(S(=O)(=O)[N-]S(=O)(=O)C(F)(F)F)(F)F,C(CCCCC)[N+]1=CN(C=C1)C,C(F)(F)(C(F)(F)F),Table S3. VLE HFCs
1904,1904,[hmim],[Tf2N],R125,312.3,0.5664,0.2787,FC(S(=O)(=O)[N-]S(=O)(=O)C(F)(F)F)(F)F,C(CCCCC)[N+]1=CN(C=C1)C,C(F)(F)(C(F)(F)F),Table S3. VLE HFCs
1905,1905,[hmim],[Tf2N],R125,312.7,0.6537,0.3186,FC(S(=O)(=O)[N-]S(=O)(=O)C(F)(F)F)(F)F,C(CCCCC)[N+]1=CN(C=C1)C,C(F)(F)(C(F)(F)F),Table S3. VLE HFCs
1906,1906,[hmim],[Tf2N],R125,322.6,0.1491,0.0627,FC(S(=O)(=O)[N-]S(=O)(=O)C(F)(F)F)(F)F,C(CCCCC)[N+]1=CN(C=C1)C,C(F)(F)(C(F)(F)F),Table S3. VLE HFCs
1907,1907,[hmim],[Tf2N],R125,323.4,0.302,0.122,FC(S(=O)(=O)[N-]S(=O)(=O)C(F)(F)F)(F)F,C(CCCCC)[N+]1=CN(C=C1)C,C(F)(F)(C(F)(F)F),Table S3. VLE HFCs
1908,1908,[hmim],[Tf2N],R125,323.3,0.4188,0.1636,FC(S(=O)(=O)[N-]S(=O)(=O)C(F)(F)F)(F)F,C(CCCCC)[N+]1=CN(C=C1)C,C(F)(F)(C(F)(F)F),Table S3. VLE HFCs
1909,1909,[hmim],[Tf2N],R125,323.2,0.5987,0.2286,FC(S(=O)(=O)[N-]S(=O)(=O)C(F)(F)F)(F)F,C(CCCCC)[N+]1=CN(C=C1)C,C(F)(F)(C(F)(F)F),Table S3. VLE HFCs
1910,1910,[hmim],[Tf2N],R125,322.3,0.6781,0.2608,FC(S(=O)(=O)[N-]S(=O)(=O)C(F)(F)F)(F)F,C(CCCCC)[N+]1=CN(C=C1)C,C(F)(F)(C(F)(F)F),Table S3. VLE HFCs
1911,1911,[hmim],[Tf2N],R125,322.5,0.7811,0.2927,FC(S(=O)(=O)[N-]S(=O)(=O)C(F)(F)F)(F)F,C(CCCCC)[N+]1=CN(C=C1)C,C(F)(F)(C(F)(F)F),Table S3. VLE HFCs
1912,1912,[hmim],[Tf2N],R125,332.7,0.1723,0.0576,FC(S(=O)(=O)[N-]S(=O)(=O)C(F)(F)F)(F)F,C(CCCCC)[N+]1=CN(C=C1)C,C(F)(F)(C(F)(F)F),Table S3. VLE HFCs
1913,1913,[hmim],[Tf2N],R125,332.5,0.3444,0.1136,FC(S(=O)(=O)[N-]S(=O)(=O)C(F)(F)F)(F)F,C(CCCCC)[N+]1=CN(C=C1)C,C(F)(F)(C(F)(F)F),Table S3. VLE HFCs
1914,1914,[hmim],[Tf2N],R125,332.6,0.4807,0.1521,FC(S(=O)(=O)[N-]S(=O)(=O)C(F)(F)F)(F)F,C(CCCCC)[N+]1=CN(C=C1)C,C(F)(F)(C(F)(F)F),Table S3. VLE HFCs
1915,1915,[hmim],[Tf2N],R125,332.5,0.6893,0.2135,FC(S(=O)(=O)[N-]S(=O)(=O)C(F)(F)F)(F)F,C(CCCCC)[N+]1=CN(C=C1)C,C(F)(F)(C(F)(F)F),Table S3. VLE HFCs
1916,1916,[hmim],[Tf2N],R125,332.5,0.7956,0.2422,FC(S(=O)(=O)[N-]S(=O)(=O)C(F)(F)F)(F)F,C(CCCCC)[N+]1=CN(C=C1)C,C(F)(F)(C(F)(F)F),Table S3. VLE HFCs
1917,1917,[hmim],[Tf2N],R125,332.8,0.9172,0.2756,FC(S(=O)(=O)[N-]S(=O)(=O)C(F)(F)F)(F)F,C(CCCCC)[N+]1=CN(C=C1)C,C(F)(F)(C(F)(F)F),Table S3. VLE HFCs
1918,1918,[hmim],[Tf2N],R125,342.9,0.1949,0.053,FC(S(=O)(=O)[N-]S(=O)(=O)C(F)(F)F)(F)F,C(CCCCC)[N+]1=CN(C=C1)C,C(F)(F)(C(F)(F)F),Table S3. VLE HFCs
1919,1919,[hmim],[Tf2N],R125,343.0,0.3935,0.1043,FC(S(=O)(=O)[N-]S(=O)(=O)C(F)(F)F)(F)F,C(CCCCC)[N+]1=CN(C=C1)C,C(F)(F)(C(F)(F)F),Table S3. VLE HFCs
1920,1920,[hmim],[Tf2N],R125,342.8,0.5486,0.1399,FC(S(=O)(=O)[N-]S(=O)(=O)C(F)(F)F)(F)F,C(CCCCC)[N+]1=CN(C=C1)C,C(F)(F)(C(F)(F)F),Table S3. VLE HFCs
1921,1921,[hmim],[Tf2N],R125,343.0,0.7934,0.1966,FC(S(=O)(=O)[N-]S(=O)(=O)C(F)(F)F)(F)F,C(CCCCC)[N+]1=CN(C=C1)C,C(F)(F)(C(F)(F)F),Table S3. VLE HFCs
1922,1922,[hmim],[Tf2N],R125,342.5,0.9113,0.2243,FC(S(=O)(=O)[N-]S(=O)(=O)C(F)(F)F)(F)F,C(CCCCC)[N+]1=CN(C=C1)C,C(F)(F)(C(F)(F)F),Table S3. VLE HFCs
1923,1923,[hmim],[Tf2N],R125,343.2,1.0592,0.255,FC(S(=O)(=O)[N-]S(=O)(=O)C(F)(F)F)(F)F,C(CCCCC)[N+]1=CN(C=C1)C,C(F)(F)(C(F)(F)F),Table S3. VLE HFCs
1924,1924,[hmim],[Tf2N],R245fa,303.15,0.016,0.061,FC(S(=O)(=O)[N-]S(=O)(=O)C(F)(F)F)(F)F,C(CCCCC)[N+]1=CN(C=C1)C,FC(F)(F)CC(F)F,Table S3. VLE HFCs
1925,1925,[hmim],[Tf2N],R245fa,303.15,0.031,0.097,FC(S(=O)(=O)[N-]S(=O)(=O)C(F)(F)F)(F)F,C(CCCCC)[N+]1=CN(C=C1)C,FC(F)(F)CC(F)F,Table S3. VLE HFCs
1926,1926,[hmim],[Tf2N],R245fa,303.15,0.044,0.126,FC(S(=O)(=O)[N-]S(=O)(=O)C(F)(F)F)(F)F,C(CCCCC)[N+]1=CN(C=C1)C,FC(F)(F)CC(F)F,Table S3. VLE HFCs
1927,1927,[hmim],[Tf2N],R245fa,303.15,0.053,0.154,FC(S(=O)(=O)[N-]S(=O)(=O)C(F)(F)F)(F)F,C(CCCCC)[N+]1=CN(C=C1)C,FC(F)(F)CC(F)F,Table S3. VLE HFCs
1928,1928,[hmim],[Tf2N],R245fa,303.15,0.064,0.177,FC(S(=O)(=O)[N-]S(=O)(=O)C(F)(F)F)(F)F,C(CCCCC)[N+]1=CN(C=C1)C,FC(F)(F)CC(F)F,Table S3. VLE HFCs
1929,1929,[hmim],[Tf2N],R245fa,303.15,0.071,0.196,FC(S(=O)(=O)[N-]S(=O)(=O)C(F)(F)F)(F)F,C(CCCCC)[N+]1=CN(C=C1)C,FC(F)(F)CC(F)F,Table S3. VLE HFCs
1930,1930,[hmim],[Tf2N],R245fa,313.15,0.02,0.058,FC(S(=O)(=O)[N-]S(=O)(=O)C(F)(F)F)(F)F,C(CCCCC)[N+]1=CN(C=C1)C,FC(F)(F)CC(F)F,Table S3. VLE HFCs
1931,1931,[hmim],[Tf2N],R245fa,313.15,0.038,0.093,FC(S(=O)(=O)[N-]S(=O)(=O)C(F)(F)F)(F)F,C(CCCCC)[N+]1=CN(C=C1)C,FC(F)(F)CC(F)F,Table S3. VLE HFCs
1932,1932,[hmim],[Tf2N],R245fa,313.15,0.052,0.122,FC(S(=O)(=O)[N-]S(=O)(=O)C(F)(F)F)(F)F,C(CCCCC)[N+]1=CN(C=C1)C,FC(F)(F)CC(F)F,Table S3. VLE HFCs
1933,1933,[hmim],[Tf2N],R245fa,313.15,0.064,0.149,FC(S(=O)(=O)[N-]S(=O)(=O)C(F)(F)F)(F)F,C(CCCCC)[N+]1=CN(C=C1)C,FC(F)(F)CC(F)F,Table S3. VLE HFCs
1934,1934,[hmim],[Tf2N],R245fa,313.15,0.076,0.172,FC(S(=O)(=O)[N-]S(=O)(=O)C(F)(F)F)(F)F,C(CCCCC)[N+]1=CN(C=C1)C,FC(F)(F)CC(F)F,Table S3. VLE HFCs
1935,1935,[hmim],[Tf2N],R245fa,313.15,0.086,0.191,FC(S(=O)(=O)[N-]S(=O)(=O)C(F)(F)F)(F)F,C(CCCCC)[N+]1=CN(C=C1)C,FC(F)(F)CC(F)F,Table S3. VLE HFCs
1936,1936,[hmim],[Tf2N],R245fa,323.15,0.025,0.056,FC(S(=O)(=O)[N-]S(=O)(=O)C(F)(F)F)(F)F,C(CCCCC)[N+]1=CN(C=C1)C,FC(F)(F)CC(F)F,Table S3. VLE HFCs
1937,1937,[hmim],[Tf2N],R245fa,323.15,0.046,0.089,FC(S(=O)(=O)[N-]S(=O)(=O)C(F)(F)F)(F)F,C(CCCCC)[N+]1=CN(C=C1)C,FC(F)(F)CC(F)F,Table S3. VLE HFCs
1938,1938,[hmim],[Tf2N],R245fa,323.15,0.063,0.117,FC(S(=O)(=O)[N-]S(=O)(=O)C(F)(F)F)(F)F,C(CCCCC)[N+]1=CN(C=C1)C,FC(F)(F)CC(F)F,Table S3. VLE HFCs
1939,1939,[hmim],[Tf2N],R245fa,323.15,0.077,0.143,FC(S(=O)(=O)[N-]S(=O)(=O)C(F)(F)F)(F)F,C(CCCCC)[N+]1=CN(C=C1)C,FC(F)(F)CC(F)F,Table S3. VLE HFCs
1940,1940,[hmim],[Tf2N],R245fa,323.15,0.091,0.166,FC(S(=O)(=O)[N-]S(=O)(=O)C(F)(F)F)(F)F,C(CCCCC)[N+]1=CN(C=C1)C,FC(F)(F)CC(F)F,Table S3. VLE HFCs
1941,1941,[hmim],[Tf2N],R245fa,323.15,0.102,0.184,FC(S(=O)(=O)[N-]S(=O)(=O)C(F)(F)F)(F)F,C(CCCCC)[N+]1=CN(C=C1)C,FC(F)(F)CC(F)F,Table S3. VLE HFCs
1942,1942,[hmim],[Tf2N],R245fa,333.15,0.031,0.053,FC(S(=O)(=O)[N-]S(=O)(=O)C(F)(F)F)(F)F,C(CCCCC)[N+]1=CN(C=C1)C,FC(F)(F)CC(F)F,Table S3. VLE HFCs
1943,1943,[hmim],[Tf2N],R245fa,333.15,0.055,0.085,FC(S(=O)(=O)[N-]S(=O)(=O)C(F)(F)F)(F)F,C(CCCCC)[N+]1=CN(C=C1)C,FC(F)(F)CC(F)F,Table S3. VLE HFCs
1944,1944,[hmim],[Tf2N],R245fa,333.15,0.075,0.111,FC(S(=O)(=O)[N-]S(=O)(=O)C(F)(F)F)(F)F,C(CCCCC)[N+]1=CN(C=C1)C,FC(F)(F)CC(F)F,Table S3. VLE HFCs
1945,1945,[hmim],[Tf2N],R245fa,333.15,0.092,0.136,FC(S(=O)(=O)[N-]S(=O)(=O)C(F)(F)F)(F)F,C(CCCCC)[N+]1=CN(C=C1)C,FC(F)(F)CC(F)F,Table S3. VLE HFCs
1946,1946,[hmim],[Tf2N],R245fa,333.15,0.109,0.158,FC(S(=O)(=O)[N-]S(=O)(=O)C(F)(F)F)(F)F,C(CCCCC)[N+]1=CN(C=C1)C,FC(F)(F)CC(F)F,Table S3. VLE HFCs
1947,1947,[hmim],[Tf2N],R245fa,333.15,0.122,0.176,FC(S(=O)(=O)[N-]S(=O)(=O)C(F)(F)F)(F)F,C(CCCCC)[N+]1=CN(C=C1)C,FC(F)(F)CC(F)F,Table S3. VLE HFCs
1948,1948,[hmim],[Tf2N],R245fa,343.15,0.037,0.049,FC(S(=O)(=O)[N-]S(=O)(=O)C(F)(F)F)(F)F,C(CCCCC)[N+]1=CN(C=C1)C,FC(F)(F)CC(F)F,Table S3. VLE HFCs
1949,1949,[hmim],[Tf2N],R245fa,343.15,0.065,0.08,FC(S(=O)(=O)[N-]S(=O)(=O)C(F)(F)F)(F)F,C(CCCCC)[N+]1=CN(C=C1)C,FC(F)(F)CC(F)F,Table S3. VLE HFCs
1950,1950,[hmim],[Tf2N],R245fa,343.15,0.089,0.105,FC(S(=O)(=O)[N-]S(=O)(=O)C(F)(F)F)(F)F,C(CCCCC)[N+]1=CN(C=C1)C,FC(F)(F)CC(F)F,Table S3. VLE HFCs
1951,1951,[hmim],[Tf2N],R245fa,343.15,0.109,0.129,FC(S(=O)(=O)[N-]S(=O)(=O)C(F)(F)F)(F)F,C(CCCCC)[N+]1=CN(C=C1)C,FC(F)(F)CC(F)F,Table S3. VLE HFCs
1952,1952,[hmim],[Tf2N],R245fa,343.15,0.129,0.15,FC(S(=O)(=O)[N-]S(=O)(=O)C(F)(F)F)(F)F,C(CCCCC)[N+]1=CN(C=C1)C,FC(F)(F)CC(F)F,Table S3. VLE HFCs
1953,1953,[hmim],[Tf2N],R245fa,343.15,0.144,0.167,FC(S(=O)(=O)[N-]S(=O)(=O)C(F)(F)F)(F)F,C(CCCCC)[N+]1=CN(C=C1)C,FC(F)(F)CC(F)F,Table S3. VLE HFCs
1954,1954,[hmim],[Tf2N],R236fa,303.15,0.03,0.064,FC(S(=O)(=O)[N-]S(=O)(=O)C(F)(F)F)(F)F,C(CCCCC)[N+]1=CN(C=C1)C,FC(F)(F)CC(F)(F)F,Table S3. VLE HFCs
1955,1955,[hmim],[Tf2N],R236fa,303.15,0.056,0.116,FC(S(=O)(=O)[N-]S(=O)(=O)C(F)(F)F)(F)F,C(CCCCC)[N+]1=CN(C=C1)C,FC(F)(F)CC(F)(F)F,Table S3. VLE HFCs
1956,1956,[hmim],[Tf2N],R236fa,303.15,0.079,0.163,FC(S(=O)(=O)[N-]S(=O)(=O)C(F)(F)F)(F)F,C(CCCCC)[N+]1=CN(C=C1)C,FC(F)(F)CC(F)(F)F,Table S3. VLE HFCs
1957,1957,[hmim],[Tf2N],R236fa,303.15,0.1,0.204,FC(S(=O)(=O)[N-]S(=O)(=O)C(F)(F)F)(F)F,C(CCCCC)[N+]1=CN(C=C1)C,FC(F)(F)CC(F)(F)F,Table S3. VLE HFCs
1958,1958,[hmim],[Tf2N],R236fa,303.15,0.121,0.244,FC(S(=O)(=O)[N-]S(=O)(=O)C(F)(F)F)(F)F,C(CCCCC)[N+]1=CN(C=C1)C,FC(F)(F)CC(F)(F)F,Table S3. VLE HFCs
1959,1959,[hmim],[Tf2N],R236fa,303.15,0.139,0.279,FC(S(=O)(=O)[N-]S(=O)(=O)C(F)(F)F)(F)F,C(CCCCC)[N+]1=CN(C=C1)C,FC(F)(F)CC(F)(F)F,Table S3. VLE HFCs
1960,1960,[hmim],[Tf2N],R236fa,313.15,0.037,0.059,FC(S(=O)(=O)[N-]S(=O)(=O)C(F)(F)F)(F)F,C(CCCCC)[N+]1=CN(C=C1)C,FC(F)(F)CC(F)(F)F,Table S3. VLE HFCs
1961,1961,[hmim],[Tf2N],R236fa,313.15,0.07,0.109,FC(S(=O)(=O)[N-]S(=O)(=O)C(F)(F)F)(F)F,C(CCCCC)[N+]1=CN(C=C1)C,FC(F)(F)CC(F)(F)F,Table S3. VLE HFCs
1962,1962,[hmim],[Tf2N],R236fa,313.15,0.1,0.153,FC(S(=O)(=O)[N-]S(=O)(=O)C(F)(F)F)(F)F,C(CCCCC)[N+]1=CN(C=C1)C,FC(F)(F)CC(F)(F)F,Table S3. VLE HFCs
1963,1963,[hmim],[Tf2N],R236fa,313.15,0.126,0.192,FC(S(=O)(=O)[N-]S(=O)(=O)C(F)(F)F)(F)F,C(CCCCC)[N+]1=CN(C=C1)C,FC(F)(F)CC(F)(F)F,Table S3. VLE HFCs
1964,1964,[hmim],[Tf2N],R236fa,313.15,0.154,0.231,FC(S(=O)(=O)[N-]S(=O)(=O)C(F)(F)F)(F)F,C(CCCCC)[N+]1=CN(C=C1)C,FC(F)(F)CC(F)(F)F,Table S3. VLE HFCs
1965,1965,[hmim],[Tf2N],R236fa,313.15,0.177,0.265,FC(S(=O)(=O)[N-]S(=O)(=O)C(F)(F)F)(F)F,C(CCCCC)[N+]1=CN(C=C1)C,FC(F)(F)CC(F)(F)F,Table S3. VLE HFCs
1966,1966,[hmim],[Tf2N],R236fa,323.15,0.045,0.055,FC(S(=O)(=O)[N-]S(=O)(=O)C(F)(F)F)(F)F,C(CCCCC)[N+]1=CN(C=C1)C,FC(F)(F)CC(F)(F)F,Table S3. VLE HFCs
1967,1967,[hmim],[Tf2N],R236fa,323.15,0.086,0.101,FC(S(=O)(=O)[N-]S(=O)(=O)C(F)(F)F)(F)F,C(CCCCC)[N+]1=CN(C=C1)C,FC(F)(F)CC(F)(F)F,Table S3. VLE HFCs
1968,1968,[hmim],[Tf2N],R236fa,323.15,0.124,0.142,FC(S(=O)(=O)[N-]S(=O)(=O)C(F)(F)F)(F)F,C(CCCCC)[N+]1=CN(C=C1)C,FC(F)(F)CC(F)(F)F,Table S3. VLE HFCs
1969,1969,[hmim],[Tf2N],R236fa,323.15,0.156,0.179,FC(S(=O)(=O)[N-]S(=O)(=O)C(F)(F)F)(F)F,C(CCCCC)[N+]1=CN(C=C1)C,FC(F)(F)CC(F)(F)F,Table S3. VLE HFCs
1970,1970,[hmim],[Tf2N],R236fa,323.15,0.19,0.216,FC(S(=O)(=O)[N-]S(=O)(=O)C(F)(F)F)(F)F,C(CCCCC)[N+]1=CN(C=C1)C,FC(F)(F)CC(F)(F)F,Table S3. VLE HFCs
1971,1971,[hmim],[Tf2N],R236fa,323.15,0.22,0.249,FC(S(=O)(=O)[N-]S(=O)(=O)C(F)(F)F)(F)F,C(CCCCC)[N+]1=CN(C=C1)C,FC(F)(F)CC(F)(F)F,Table S3. VLE HFCs
1972,1972,[hmim],[Tf2N],R236fa,333.15,0.054,0.05,FC(S(=O)(=O)[N-]S(=O)(=O)C(F)(F)F)(F)F,C(CCCCC)[N+]1=CN(C=C1)C,FC(F)(F)CC(F)(F)F,Table S3. VLE HFCs
1973,1973,[hmim],[Tf2N],R236fa,333.15,0.103,0.093,FC(S(=O)(=O)[N-]S(=O)(=O)C(F)(F)F)(F)F,C(CCCCC)[N+]1=CN(C=C1)C,FC(F)(F)CC(F)(F)F,Table S3. VLE HFCs
1974,1974,[hmim],[Tf2N],R236fa,333.15,0.148,0.131,FC(S(=O)(=O)[N-]S(=O)(=O)C(F)(F)F)(F)F,C(CCCCC)[N+]1=CN(C=C1)C,FC(F)(F)CC(F)(F)F,Table S3. VLE HFCs
1975,1975,[hmim],[Tf2N],R236fa,333.15,0.188,0.166,FC(S(=O)(=O)[N-]S(=O)(=O)C(F)(F)F)(F)F,C(CCCCC)[N+]1=CN(C=C1)C,FC(F)(F)CC(F)(F)F,Table S3. VLE HFCs
1976,1976,[hmim],[Tf2N],R236fa,333.15,0.23,0.201,FC(S(=O)(=O)[N-]S(=O)(=O)C(F)(F)F)(F)F,C(CCCCC)[N+]1=CN(C=C1)C,FC(F)(F)CC(F)(F)F,Table S3. VLE HFCs
1977,1977,[hmim],[Tf2N],R236fa,333.15,0.267,0.232,FC(S(=O)(=O)[N-]S(=O)(=O)C(F)(F)F)(F)F,C(CCCCC)[N+]1=CN(C=C1)C,FC(F)(F)CC(F)(F)F,Table S3. VLE HFCs
1978,1978,[hmim],[Tf2N],R236fa,343.15,0.063,0.046,FC(S(=O)(=O)[N-]S(=O)(=O)C(F)(F)F)(F)F,C(CCCCC)[N+]1=CN(C=C1)C,FC(F)(F)CC(F)(F)F,Table S3. VLE HFCs
1979,1979,[hmim],[Tf2N],R236fa,343.15,0.12,0.085,FC(S(=O)(=O)[N-]S(=O)(=O)C(F)(F)F)(F)F,C(CCCCC)[N+]1=CN(C=C1)C,FC(F)(F)CC(F)(F)F,Table S3. VLE HFCs
1980,1980,[hmim],[Tf2N],R236fa,343.15,0.173,0.12,FC(S(=O)(=O)[N-]S(=O)(=O)C(F)(F)F)(F)F,C(CCCCC)[N+]1=CN(C=C1)C,FC(F)(F)CC(F)(F)F,Table S3. VLE HFCs
1981,1981,[hmim],[Tf2N],R236fa,343.15,0.22,0.152,FC(S(=O)(=O)[N-]S(=O)(=O)C(F)(F)F)(F)F,C(CCCCC)[N+]1=CN(C=C1)C,FC(F)(F)CC(F)(F)F,Table S3. VLE HFCs
1982,1982,[hmim],[Tf2N],R236fa,343.15,0.271,0.185,FC(S(=O)(=O)[N-]S(=O)(=O)C(F)(F)F)(F)F,C(CCCCC)[N+]1=CN(C=C1)C,FC(F)(F)CC(F)(F)F,Table S3. VLE HFCs
1983,1983,[hmim],[Tf2N],R236fa,343.15,0.315,0.214,FC(S(=O)(=O)[N-]S(=O)(=O)C(F)(F)F)(F)F,C(CCCCC)[N+]1=CN(C=C1)C,FC(F)(F)CC(F)(F)F,Table S3. VLE HFCs
1984,1984,[hmim],[Tf2N],R227ea,303.15,0.058,0.069,FC(S(=O)(=O)[N-]S(=O)(=O)C(F)(F)F)(F)F,C(CCCCC)[N+]1=CN(C=C1)C,FC(F)(F)C(F)C(F)(F)F,Table S3. VLE HFCs
1985,1985,[hmim],[Tf2N],R227ea,303.15,0.105,0.124,FC(S(=O)(=O)[N-]S(=O)(=O)C(F)(F)F)(F)F,C(CCCCC)[N+]1=CN(C=C1)C,FC(F)(F)C(F)C(F)(F)F,Table S3. VLE HFCs
1986,1986,[hmim],[Tf2N],R227ea,303.15,0.141,0.167,FC(S(=O)(=O)[N-]S(=O)(=O)C(F)(F)F)(F)F,C(CCCCC)[N+]1=CN(C=C1)C,FC(F)(F)C(F)C(F)(F)F,Table S3. VLE HFCs
1987,1987,[hmim],[Tf2N],R227ea,303.15,0.177,0.211,FC(S(=O)(=O)[N-]S(=O)(=O)C(F)(F)F)(F)F,C(CCCCC)[N+]1=CN(C=C1)C,FC(F)(F)C(F)C(F)(F)F,Table S3. VLE HFCs
1988,1988,[hmim],[Tf2N],R227ea,303.15,0.21,0.25,FC(S(=O)(=O)[N-]S(=O)(=O)C(F)(F)F)(F)F,C(CCCCC)[N+]1=CN(C=C1)C,FC(F)(F)C(F)C(F)(F)F,Table S3. VLE HFCs
1989,1989,[hmim],[Tf2N],R227ea,303.15,0.238,0.284,FC(S(=O)(=O)[N-]S(=O)(=O)C(F)(F)F)(F)F,C(CCCCC)[N+]1=CN(C=C1)C,FC(F)(F)C(F)C(F)(F)F,Table S3. VLE HFCs
1990,1990,[hmim],[Tf2N],R227ea,313.15,0.07,0.062,FC(S(=O)(=O)[N-]S(=O)(=O)C(F)(F)F)(F)F,C(CCCCC)[N+]1=CN(C=C1)C,FC(F)(F)C(F)C(F)(F)F,Table S3. VLE HFCs
1991,1991,[hmim],[Tf2N],R227ea,313.15,0.128,0.112,FC(S(=O)(=O)[N-]S(=O)(=O)C(F)(F)F)(F)F,C(CCCCC)[N+]1=CN(C=C1)C,FC(F)(F)C(F)C(F)(F)F,Table S3. VLE HFCs
1992,1992,[hmim],[Tf2N],R227ea,313.15,0.174,0.152,FC(S(=O)(=O)[N-]S(=O)(=O)C(F)(F)F)(F)F,C(CCCCC)[N+]1=CN(C=C1)C,FC(F)(F)C(F)C(F)(F)F,Table S3. VLE HFCs
1993,1993,[hmim],[Tf2N],R227ea,313.15,0.219,0.192,FC(S(=O)(=O)[N-]S(=O)(=O)C(F)(F)F)(F)F,C(CCCCC)[N+]1=CN(C=C1)C,FC(F)(F)C(F)C(F)(F)F,Table S3. VLE HFCs
1994,1994,[hmim],[Tf2N],R227ea,313.15,0.262,0.23,FC(S(=O)(=O)[N-]S(=O)(=O)C(F)(F)F)(F)F,C(CCCCC)[N+]1=CN(C=C1)C,FC(F)(F)C(F)C(F)(F)F,Table S3. VLE HFCs
1995,1995,[hmim],[Tf2N],R227ea,313.15,0.298,0.262,FC(S(=O)(=O)[N-]S(=O)(=O)C(F)(F)F)(F)F,C(CCCCC)[N+]1=CN(C=C1)C,FC(F)(F)C(F)C(F)(F)F,Table S3. VLE HFCs
1996,1996,[hmim],[Tf2N],R227ea,323.15,0.083,0.055,FC(S(=O)(=O)[N-]S(=O)(=O)C(F)(F)F)(F)F,C(CCCCC)[N+]1=CN(C=C1)C,FC(F)(F)C(F)C(F)(F)F,Table S3. VLE HFCs
1997,1997,[hmim],[Tf2N],R227ea,323.15,0.152,0.1,FC(S(=O)(=O)[N-]S(=O)(=O)C(F)(F)F)(F)F,C(CCCCC)[N+]1=CN(C=C1)C,FC(F)(F)C(F)C(F)(F)F,Table S3. VLE HFCs
1998,1998,[hmim],[Tf2N],R227ea,323.15,0.207,0.136,FC(S(=O)(=O)[N-]S(=O)(=O)C(F)(F)F)(F)F,C(CCCCC)[N+]1=CN(C=C1)C,FC(F)(F)C(F)C(F)(F)F,Table S3. VLE HFCs
1999,1999,[hmim],[Tf2N],R227ea,323.15,0.263,0.174,FC(S(=O)(=O)[N-]S(=O)(=O)C(F)(F)F)(F)F,C(CCCCC)[N+]1=CN(C=C1)C,FC(F)(F)C(F)C(F)(F)F,Table S3. VLE HFCs
2000,2000,[hmim],[Tf2N],R227ea,323.15,0.315,0.208,FC(S(=O)(=O)[N-]S(=O)(=O)C(F)(F)F)(F)F,C(CCCCC)[N+]1=CN(C=C1)C,FC(F)(F)C(F)C(F)(F)F,Table S3. VLE HFCs
2001,2001,[hmim],[Tf2N],R227ea,323.15,0.361,0.238,FC(S(=O)(=O)[N-]S(=O)(=O)C(F)(F)F)(F)F,C(CCCCC)[N+]1=CN(C=C1)C,FC(F)(F)C(F)C(F)(F)F,Table S3. VLE HFCs
2002,2002,[hmim],[Tf2N],R227ea,333.15,0.096,0.048,FC(S(=O)(=O)[N-]S(=O)(=O)C(F)(F)F)(F)F,C(CCCCC)[N+]1=CN(C=C1)C,FC(F)(F)C(F)C(F)(F)F,Table S3. VLE HFCs
2003,2003,[hmim],[Tf2N],R227ea,333.15,0.176,0.089,FC(S(=O)(=O)[N-]S(=O)(=O)C(F)(F)F)(F)F,C(CCCCC)[N+]1=CN(C=C1)C,FC(F)(F)C(F)C(F)(F)F,Table S3. VLE HFCs
2004,2004,[hmim],[Tf2N],R227ea,333.15,0.24,0.122,FC(S(=O)(=O)[N-]S(=O)(=O)C(F)(F)F)(F)F,C(CCCCC)[N+]1=CN(C=C1)C,FC(F)(F)C(F)C(F)(F)F,Table S3. VLE HFCs
2005,2005,[hmim],[Tf2N],R227ea,333.15,0.306,0.155,FC(S(=O)(=O)[N-]S(=O)(=O)C(F)(F)F)(F)F,C(CCCCC)[N+]1=CN(C=C1)C,FC(F)(F)C(F)C(F)(F)F,Table S3. VLE HFCs
2006,2006,[hmim],[Tf2N],R227ea,333.15,0.369,0.187,FC(S(=O)(=O)[N-]S(=O)(=O)C(F)(F)F)(F)F,C(CCCCC)[N+]1=CN(C=C1)C,FC(F)(F)C(F)C(F)(F)F,Table S3. VLE HFCs
2007,2007,[hmim],[Tf2N],R227ea,333.15,0.424,0.214,FC(S(=O)(=O)[N-]S(=O)(=O)C(F)(F)F)(F)F,C(CCCCC)[N+]1=CN(C=C1)C,FC(F)(F)C(F)C(F)(F)F,Table S3. VLE HFCs
2008,2008,[hmim],[Tf2N],R227ea,343.15,0.109,0.042,FC(S(=O)(=O)[N-]S(=O)(=O)C(F)(F)F)(F)F,C(CCCCC)[N+]1=CN(C=C1)C,FC(F)(F)C(F)C(F)(F)F,Table S3. VLE HFCs
2009,2009,[hmim],[Tf2N],R227ea,343.15,0.199,0.079,FC(S(=O)(=O)[N-]S(=O)(=O)C(F)(F)F)(F)F,C(CCCCC)[N+]1=CN(C=C1)C,FC(F)(F)C(F)C(F)(F)F,Table S3. VLE HFCs
2010,2010,[hmim],[Tf2N],R227ea,343.15,0.273,0.108,FC(S(=O)(=O)[N-]S(=O)(=O)C(F)(F)F)(F)F,C(CCCCC)[N+]1=CN(C=C1)C,FC(F)(F)C(F)C(F)(F)F,Table S3. VLE HFCs
2011,2011,[hmim],[Tf2N],R227ea,343.15,0.348,0.138,FC(S(=O)(=O)[N-]S(=O)(=O)C(F)(F)F)(F)F,C(CCCCC)[N+]1=CN(C=C1)C,FC(F)(F)C(F)C(F)(F)F,Table S3. VLE HFCs
2012,2012,[hmim],[Tf2N],R227ea,343.15,0.421,0.167,FC(S(=O)(=O)[N-]S(=O)(=O)C(F)(F)F)(F)F,C(CCCCC)[N+]1=CN(C=C1)C,FC(F)(F)C(F)C(F)(F)F,Table S3. VLE HFCs
2013,2013,[hmim],[Tf2N],R227ea,343.15,0.485,0.191,FC(S(=O)(=O)[N-]S(=O)(=O)C(F)(F)F)(F)F,C(CCCCC)[N+]1=CN(C=C1)C,FC(F)(F)C(F)C(F)(F)F,Table S3. VLE HFCs
2014,2014,[C7mim],[TFES],R32,298.15,0.0099,0.008,FC(F)C(F)(F)S(=O)(=O)[O-],C(CCCCCC)[N+]1=CN(C=C1)C,C(F)F,Table S3. VLE HFCs
2015,2015,[C7mim],[TFES],R32,298.15,0.1002,0.081,FC(F)C(F)(F)S(=O)(=O)[O-],C(CCCCCC)[N+]1=CN(C=C1)C,C(F)F,Table S3. VLE HFCs
2016,2016,[C7mim],[TFES],R32,298.15,0.251,0.191,FC(F)C(F)(F)S(=O)(=O)[O-],C(CCCCCC)[N+]1=CN(C=C1)C,C(F)F,Table S3. VLE HFCs
2017,2017,[C7mim],[TFES],R32,298.15,0.3988,0.288,FC(F)C(F)(F)S(=O)(=O)[O-],C(CCCCCC)[N+]1=CN(C=C1)C,C(F)F,Table S3. VLE HFCs
2018,2018,[C7mim],[TFES],R32,298.15,0.5497,0.374,FC(F)C(F)(F)S(=O)(=O)[O-],C(CCCCCC)[N+]1=CN(C=C1)C,C(F)F,Table S3. VLE HFCs
2019,2019,[C7mim],[TFES],R32,298.15,0.6987,0.452,FC(F)C(F)(F)S(=O)(=O)[O-],C(CCCCCC)[N+]1=CN(C=C1)C,C(F)F,Table S3. VLE HFCs
2020,2020,[C7mim],[TFES],R32,298.15,0.8479,0.523,FC(F)C(F)(F)S(=O)(=O)[O-],C(CCCCCC)[N+]1=CN(C=C1)C,C(F)F,Table S3. VLE HFCs
2021,2021,[C7mim],[TFES],R32,298.15,0.998,0.5920000000000001,FC(F)C(F)(F)S(=O)(=O)[O-],C(CCCCCC)[N+]1=CN(C=C1)C,C(F)F,Table S3. VLE HFCs
2022,2022,[omim],[BEI],R134a,303.0,0.024871,0.04243,FC(F)(F)C(F)(F)S(=O)(=O)[N-]S(=O)(=O)C(F)(F)C(F)(F)F,C(CCCCCCC)[N+]1=CN(C=C1)C,C(C(F)(F)F)F,Table S3. VLE HFCs
2023,2023,[omim],[BEI],R134a,303.0,0.049892,0.08204,FC(F)(F)C(F)(F)S(=O)(=O)[N-]S(=O)(=O)C(F)(F)C(F)(F)F,C(CCCCCCC)[N+]1=CN(C=C1)C,C(C(F)(F)F)F,Table S3. VLE HFCs
2024,2024,[omim],[BEI],R134a,303.0,0.099769,0.15507,FC(F)(F)C(F)(F)S(=O)(=O)[N-]S(=O)(=O)C(F)(F)C(F)(F)F,C(CCCCCCC)[N+]1=CN(C=C1)C,C(C(F)(F)F)F,Table S3. VLE HFCs
2025,2025,[omim],[BEI],R134a,303.0,0.199238,0.28576,FC(F)(F)C(F)(F)S(=O)(=O)[N-]S(=O)(=O)C(F)(F)C(F)(F)F,C(CCCCCCC)[N+]1=CN(C=C1)C,C(C(F)(F)F)F,Table S3. VLE HFCs
2026,2026,[omim],[BEI],R134a,303.0,0.299434,0.39941,FC(F)(F)C(F)(F)S(=O)(=O)[N-]S(=O)(=O)C(F)(F)C(F)(F)F,C(CCCCCCC)[N+]1=CN(C=C1)C,C(C(F)(F)F)F,Table S3. VLE HFCs
2027,2027,[omim],[BEI],R134a,303.0,0.348853,0.45229,FC(F)(F)C(F)(F)S(=O)(=O)[N-]S(=O)(=O)C(F)(F)C(F)(F)F,C(CCCCCCC)[N+]1=CN(C=C1)C,C(C(F)(F)F)F,Table S3. VLE HFCs
2028,2028,[omim],[BEI],R134a,323.0,0.024857,0.02808,FC(F)(F)C(F)(F)S(=O)(=O)[N-]S(=O)(=O)C(F)(F)C(F)(F)F,C(CCCCCCC)[N+]1=CN(C=C1)C,C(C(F)(F)F)F,Table S3. VLE HFCs
2029,2029,[omim],[BEI],R134a,323.0,0.049913,0.05398,FC(F)(F)C(F)(F)S(=O)(=O)[N-]S(=O)(=O)C(F)(F)C(F)(F)F,C(CCCCCCC)[N+]1=CN(C=C1)C,C(C(F)(F)F)F,Table S3. VLE HFCs
2030,2030,[omim],[BEI],R134a,323.0,0.099859,0.10309,FC(F)(F)C(F)(F)S(=O)(=O)[N-]S(=O)(=O)C(F)(F)C(F)(F)F,C(CCCCCCC)[N+]1=CN(C=C1)C,C(C(F)(F)F)F,Table S3. VLE HFCs
2031,2031,[omim],[BEI],R134a,323.0,0.199736,0.19293,FC(F)(F)C(F)(F)S(=O)(=O)[N-]S(=O)(=O)C(F)(F)C(F)(F)F,C(CCCCCCC)[N+]1=CN(C=C1)C,C(C(F)(F)F)F,Table S3. VLE HFCs
2032,2032,[omim],[BEI],R134a,323.0,0.299371,0.27289,FC(F)(F)C(F)(F)S(=O)(=O)[N-]S(=O)(=O)C(F)(F)C(F)(F)F,C(CCCCCCC)[N+]1=CN(C=C1)C,C(C(F)(F)F)F,Table S3. VLE HFCs
2033,2033,[omim],[BEI],R134a,323.0,0.349476,0.30984,FC(F)(F)C(F)(F)S(=O)(=O)[N-]S(=O)(=O)C(F)(F)C(F)(F)F,C(CCCCCCC)[N+]1=CN(C=C1)C,C(C(F)(F)F)F,Table S3. VLE HFCs
2034,2034,[omim],[BEI],R134a,343.0,0.024837,0.01906,FC(F)(F)C(F)(F)S(=O)(=O)[N-]S(=O)(=O)C(F)(F)C(F)(F)F,C(CCCCCCC)[N+]1=CN(C=C1)C,C(C(F)(F)F)F,Table S3. VLE HFCs
2035,2035,[omim],[BEI],R134a,343.0,0.049913,0.03736,FC(F)(F)C(F)(F)S(=O)(=O)[N-]S(=O)(=O)C(F)(F)C(F)(F)F,C(CCCCCCC)[N+]1=CN(C=C1)C,C(C(F)(F)F)F,Table S3. VLE HFCs
2036,2036,[omim],[BEI],R134a,343.0,0.09972,0.07356,FC(F)(F)C(F)(F)S(=O)(=O)[N-]S(=O)(=O)C(F)(F)C(F)(F)F,C(CCCCCCC)[N+]1=CN(C=C1)C,C(C(F)(F)F)F,Table S3. VLE HFCs
2037,2037,[omim],[BEI],R134a,343.0,0.199259,0.13934,FC(F)(F)C(F)(F)S(=O)(=O)[N-]S(=O)(=O)C(F)(F)C(F)(F)F,C(CCCCCCC)[N+]1=CN(C=C1)C,C(C(F)(F)F)F,Table S3. VLE HFCs
2038,2038,[omim],[BEI],R134a,343.0,0.298714,0.1995,FC(F)(F)C(F)(F)S(=O)(=O)[N-]S(=O)(=O)C(F)(F)C(F)(F)F,C(CCCCCCC)[N+]1=CN(C=C1)C,C(C(F)(F)F)F,Table S3. VLE HFCs
2039,2039,[omim],[BEI],R134a,343.0,0.349047,0.22803,FC(F)(F)C(F)(F)S(=O)(=O)[N-]S(=O)(=O)C(F)(F)C(F)(F)F,C(CCCCCCC)[N+]1=CN(C=C1)C,C(C(F)(F)F)F,Table S3. VLE HFCs
2040,2040,[omim],[I],R32,298.0,0.01007,0.004,[I-],C(CCCCCCC)[N+]1=CN(C=C1)C,C(F)F,Table S3. VLE HFCs
2041,2041,[omim],[I],R32,298.2,0.10021,0.048,[I-],C(CCCCCCC)[N+]1=CN(C=C1)C,C(F)F,Table S3. VLE HFCs
2042,2042,[omim],[I],R32,298.0,0.24971,0.118,[I-],C(CCCCCCC)[N+]1=CN(C=C1)C,C(F)F,Table S3. VLE HFCs
2043,2043,[omim],[I],R32,298.0,0.39999,0.185,[I-],C(CCCCCCC)[N+]1=CN(C=C1)C,C(F)F,Table S3. VLE HFCs
2044,2044,[omim],[I],R32,298.0,0.55008,0.246,[I-],C(CCCCCCC)[N+]1=CN(C=C1)C,C(F)F,Table S3. VLE HFCs
2045,2045,[omim],[I],R32,298.0,0.69964,0.306,[I-],C(CCCCCCC)[N+]1=CN(C=C1)C,C(F)F,Table S3. VLE HFCs
2046,2046,[omim],[I],R32,298.0,0.85027,0.362,[I-],C(CCCCCCC)[N+]1=CN(C=C1)C,C(F)F,Table S3. VLE HFCs
2047,2047,[omim],[I],R32,298.0,1.00022,0.416,[I-],C(CCCCCCC)[N+]1=CN(C=C1)C,C(F)F,Table S3. VLE HFCs
2048,2048,[omim],[Tf2N],R134a,303.0,0.024892,0.03535,FC(S(=O)(=O)[N-]S(=O)(=O)C(F)(F)F)(F)F,C(CCCCCCC)[N+]1=CN(C=C1)C,C(C(F)(F)F)F,Table S3. VLE HFCs
2049,2049,[omim],[Tf2N],R134a,303.0,0.049823,0.06829,FC(S(=O)(=O)[N-]S(=O)(=O)C(F)(F)F)(F)F,C(CCCCCCC)[N+]1=CN(C=C1)C,C(C(F)(F)F)F,Table S3. VLE HFCs
2050,2050,[omim],[Tf2N],R134a,303.0,0.099492,0.13059,FC(S(=O)(=O)[N-]S(=O)(=O)C(F)(F)F)(F)F,C(CCCCCCC)[N+]1=CN(C=C1)C,C(C(F)(F)F)F,Table S3. VLE HFCs
2051,2051,[omim],[Tf2N],R134a,303.0,0.19981,0.24506,FC(S(=O)(=O)[N-]S(=O)(=O)C(F)(F)F)(F)F,C(CCCCCCC)[N+]1=CN(C=C1)C,C(C(F)(F)F)F,Table S3. VLE HFCs
2052,2052,[omim],[Tf2N],R134a,303.0,0.29951,0.34885,FC(S(=O)(=O)[N-]S(=O)(=O)C(F)(F)F)(F)F,C(CCCCCCC)[N+]1=CN(C=C1)C,C(C(F)(F)F)F,Table S3. VLE HFCs
2053,2053,[omim],[Tf2N],R134a,303.0,0.349268,0.39756,FC(S(=O)(=O)[N-]S(=O)(=O)C(F)(F)F)(F)F,C(CCCCCCC)[N+]1=CN(C=C1)C,C(C(F)(F)F)F,Table S3. VLE HFCs
2054,2054,[omim],[Tf2N],R134a,323.0,0.024933,0.02349,FC(S(=O)(=O)[N-]S(=O)(=O)C(F)(F)F)(F)F,C(CCCCCCC)[N+]1=CN(C=C1)C,C(C(F)(F)F)F,Table S3. VLE HFCs
2055,2055,[omim],[Tf2N],R134a,323.0,0.049899,0.04513,FC(S(=O)(=O)[N-]S(=O)(=O)C(F)(F)F)(F)F,C(CCCCCCC)[N+]1=CN(C=C1)C,C(C(F)(F)F)F,Table S3. VLE HFCs
2056,2056,[omim],[Tf2N],R134a,323.0,0.099893,0.0873,FC(S(=O)(=O)[N-]S(=O)(=O)C(F)(F)F)(F)F,C(CCCCCCC)[N+]1=CN(C=C1)C,C(C(F)(F)F)F,Table S3. VLE HFCs
2057,2057,[omim],[Tf2N],R134a,323.0,0.199501,0.16517,FC(S(=O)(=O)[N-]S(=O)(=O)C(F)(F)F)(F)F,C(CCCCCCC)[N+]1=CN(C=C1)C,C(C(F)(F)F)F,Table S3. VLE HFCs
2058,2058,[omim],[Tf2N],R134a,323.0,0.299876,0.23666,FC(S(=O)(=O)[N-]S(=O)(=O)C(F)(F)F)(F)F,C(CCCCCCC)[N+]1=CN(C=C1)C,C(C(F)(F)F)F,Table S3. VLE HFCs
2059,2059,[omim],[Tf2N],R134a,323.0,0.349628,0.2697,FC(S(=O)(=O)[N-]S(=O)(=O)C(F)(F)F)(F)F,C(CCCCCCC)[N+]1=CN(C=C1)C,C(C(F)(F)F)F,Table S3. VLE HFCs
2060,2060,[omim],[Tf2N],R134a,343.0,0.024837,0.01607,FC(S(=O)(=O)[N-]S(=O)(=O)C(F)(F)F)(F)F,C(CCCCCCC)[N+]1=CN(C=C1)C,C(C(F)(F)F)F,Table S3. VLE HFCs
2061,2061,[omim],[Tf2N],R134a,343.0,0.049941,0.0313,FC(S(=O)(=O)[N-]S(=O)(=O)C(F)(F)F)(F)F,C(CCCCCCC)[N+]1=CN(C=C1)C,C(C(F)(F)F)F,Table S3. VLE HFCs
2062,2062,[omim],[Tf2N],R134a,343.0,0.099831,0.06153,FC(S(=O)(=O)[N-]S(=O)(=O)C(F)(F)F)(F)F,C(CCCCCCC)[N+]1=CN(C=C1)C,C(C(F)(F)F)F,Table S3. VLE HFCs
2063,2063,[omim],[Tf2N],R134a,343.0,0.19966,0.1183,FC(S(=O)(=O)[N-]S(=O)(=O)C(F)(F)F)(F)F,C(CCCCCCC)[N+]1=CN(C=C1)C,C(C(F)(F)F)F,Table S3. VLE HFCs
2064,2064,[omim],[Tf2N],R134a,343.0,0.299752,0.17056,FC(S(=O)(=O)[N-]S(=O)(=O)C(F)(F)F)(F)F,C(CCCCCCC)[N+]1=CN(C=C1)C,C(C(F)(F)F)F,Table S3. VLE HFCs
2065,2065,[omim],[Tf2N],R134a,343.0,0.348867,0.19582,FC(S(=O)(=O)[N-]S(=O)(=O)C(F)(F)F)(F)F,C(CCCCCCC)[N+]1=CN(C=C1)C,C(C(F)(F)F)F,Table S3. VLE HFCs
2066,2066,[omim],[TFES],R23,298.1,0.0521,0.014,FC(F)C(F)(F)S(=O)(=O)[O-],C(CCCCCCC)[N+]1=CN(C=C1)C,C(F)(F)F,Table S3. VLE HFCs
2067,2067,[omim],[TFES],R23,298.1,0.1018,0.03,FC(F)C(F)(F)S(=O)(=O)[O-],C(CCCCCCC)[N+]1=CN(C=C1)C,C(F)(F)F,Table S3. VLE HFCs
2068,2068,[omim],[TFES],R23,298.1,0.2502,0.075,FC(F)C(F)(F)S(=O)(=O)[O-],C(CCCCCCC)[N+]1=CN(C=C1)C,C(F)(F)F,Table S3. VLE HFCs
2069,2069,[omim],[TFES],R23,298.1,0.5013,0.145,FC(F)C(F)(F)S(=O)(=O)[O-],C(CCCCCCC)[N+]1=CN(C=C1)C,C(F)(F)F,Table S3. VLE HFCs
2070,2070,[omim],[TFES],R23,298.1,0.7499,0.209,FC(F)C(F)(F)S(=O)(=O)[O-],C(CCCCCCC)[N+]1=CN(C=C1)C,C(F)(F)F,Table S3. VLE HFCs
2071,2071,[omim],[TFES],R23,298.1,1.001,0.268,FC(F)C(F)(F)S(=O)(=O)[O-],C(CCCCCCC)[N+]1=CN(C=C1)C,C(F)(F)F,Table S3. VLE HFCs
2072,2072,[omim],[TFES],R23,298.1,1.2511,0.323,FC(F)C(F)(F)S(=O)(=O)[O-],C(CCCCCCC)[N+]1=CN(C=C1)C,C(F)(F)F,Table S3. VLE HFCs
2073,2073,[omim],[TFES],R23,298.1,1.4997,0.372,FC(F)C(F)(F)S(=O)(=O)[O-],C(CCCCCCC)[N+]1=CN(C=C1)C,C(F)(F)F,Table S3. VLE HFCs
2074,2074,[omim],[TFES],R23,298.1,1.7507,0.419,FC(F)C(F)(F)S(=O)(=O)[O-],C(CCCCCCC)[N+]1=CN(C=C1)C,C(F)(F)F,Table S3. VLE HFCs
2075,2075,[omim],[TFES],R23,298.1,1.9995,0.462,FC(F)C(F)(F)S(=O)(=O)[O-],C(CCCCCCC)[N+]1=CN(C=C1)C,C(F)(F)F,Table S3. VLE HFCs
2076,2076,[omim],[TFES],R23,298.1,1.7502,0.419,FC(F)C(F)(F)S(=O)(=O)[O-],C(CCCCCCC)[N+]1=CN(C=C1)C,C(F)(F)F,Table S3. VLE HFCs
2077,2077,[omim],[TFES],R23,298.1,1.5007,0.372,FC(F)C(F)(F)S(=O)(=O)[O-],C(CCCCCCC)[N+]1=CN(C=C1)C,C(F)(F)F,Table S3. VLE HFCs
2078,2078,[omim],[TFES],R23,298.1,1.0007,0.268,FC(F)C(F)(F)S(=O)(=O)[O-],C(CCCCCCC)[N+]1=CN(C=C1)C,C(F)(F)F,Table S3. VLE HFCs
2079,2079,[omim],[TFES],R23,298.1,0.7506,0.209,FC(F)C(F)(F)S(=O)(=O)[O-],C(CCCCCCC)[N+]1=CN(C=C1)C,C(F)(F)F,Table S3. VLE HFCs
2080,2080,[omim],[TFES],R23,298.1,0.4999,0.145,FC(F)C(F)(F)S(=O)(=O)[O-],C(CCCCCCC)[N+]1=CN(C=C1)C,C(F)(F)F,Table S3. VLE HFCs
2081,2081,[omim],[TFES],R23,298.1,0.25,0.075,FC(F)C(F)(F)S(=O)(=O)[O-],C(CCCCCCC)[N+]1=CN(C=C1)C,C(F)(F)F,Table S3. VLE HFCs
2082,2082,[omim],[TFES],R23,298.1,0.1001,0.03,FC(F)C(F)(F)S(=O)(=O)[O-],C(CCCCCCC)[N+]1=CN(C=C1)C,C(F)(F)F,Table S3. VLE HFCs
2083,2083,[omim],[TFES],R23,298.1,0.0501,0.014,FC(F)C(F)(F)S(=O)(=O)[O-],C(CCCCCCC)[N+]1=CN(C=C1)C,C(F)(F)F,Table S3. VLE HFCs
2084,2084,[omim],[TFES],R23,323.2,0.0524,0.008,FC(F)C(F)(F)S(=O)(=O)[O-],C(CCCCCCC)[N+]1=CN(C=C1)C,C(F)(F)F,Table S3. VLE HFCs
2085,2085,[omim],[TFES],R23,323.2,0.1004,0.018,FC(F)C(F)(F)S(=O)(=O)[O-],C(CCCCCCC)[N+]1=CN(C=C1)C,C(F)(F)F,Table S3. VLE HFCs
2086,2086,[omim],[TFES],R23,323.1,0.2527,0.049,FC(F)C(F)(F)S(=O)(=O)[O-],C(CCCCCCC)[N+]1=CN(C=C1)C,C(F)(F)F,Table S3. VLE HFCs
2087,2087,[omim],[TFES],R23,323.2,0.5008,0.097,FC(F)C(F)(F)S(=O)(=O)[O-],C(CCCCCCC)[N+]1=CN(C=C1)C,C(F)(F)F,Table S3. VLE HFCs
2088,2088,[omim],[TFES],R23,323.1,0.7501,0.142,FC(F)C(F)(F)S(=O)(=O)[O-],C(CCCCCCC)[N+]1=CN(C=C1)C,C(F)(F)F,Table S3. VLE HFCs
2089,2089,[omim],[TFES],R23,323.1,1.0011,0.184,FC(F)C(F)(F)S(=O)(=O)[O-],C(CCCCCCC)[N+]1=CN(C=C1)C,C(F)(F)F,Table S3. VLE HFCs
2090,2090,[omim],[TFES],R23,323.1,1.2504,0.224,FC(F)C(F)(F)S(=O)(=O)[O-],C(CCCCCCC)[N+]1=CN(C=C1)C,C(F)(F)F,Table S3. VLE HFCs
2091,2091,[omim],[TFES],R23,323.2,1.4996,0.259,FC(F)C(F)(F)S(=O)(=O)[O-],C(CCCCCCC)[N+]1=CN(C=C1)C,C(F)(F)F,Table S3. VLE HFCs
2092,2092,[omim],[TFES],R23,323.1,1.7504,0.294,FC(F)C(F)(F)S(=O)(=O)[O-],C(CCCCCCC)[N+]1=CN(C=C1)C,C(F)(F)F,Table S3. VLE HFCs
2093,2093,[omim],[TFES],R23,323.1,2.0007,0.328,FC(F)C(F)(F)S(=O)(=O)[O-],C(CCCCCCC)[N+]1=CN(C=C1)C,C(F)(F)F,Table S3. VLE HFCs
2094,2094,[omim],[TFES],R23,323.2,1.7506,0.294,FC(F)C(F)(F)S(=O)(=O)[O-],C(CCCCCCC)[N+]1=CN(C=C1)C,C(F)(F)F,Table S3. VLE HFCs
2095,2095,[omim],[TFES],R23,323.1,1.5009,0.262,FC(F)C(F)(F)S(=O)(=O)[O-],C(CCCCCCC)[N+]1=CN(C=C1)C,C(F)(F)F,Table S3. VLE HFCs
2096,2096,[omim],[TFES],R23,323.2,1.2506,0.224,FC(F)C(F)(F)S(=O)(=O)[O-],C(CCCCCCC)[N+]1=CN(C=C1)C,C(F)(F)F,Table S3. VLE HFCs
2097,2097,[omim],[TFES],R23,323.1,1.0014,0.183,FC(F)C(F)(F)S(=O)(=O)[O-],C(CCCCCCC)[N+]1=CN(C=C1)C,C(F)(F)F,Table S3. VLE HFCs
2098,2098,[omim],[TFES],R23,323.1,0.7509,0.142,FC(F)C(F)(F)S(=O)(=O)[O-],C(CCCCCCC)[N+]1=CN(C=C1)C,C(F)(F)F,Table S3. VLE HFCs
2099,2099,[omim],[TFES],R23,323.1,0.5002,0.097,FC(F)C(F)(F)S(=O)(=O)[O-],C(CCCCCCC)[N+]1=CN(C=C1)C,C(F)(F)F,Table S3. VLE HFCs
2100,2100,[omim],[TFES],R23,323.1,0.2507,0.048,FC(F)C(F)(F)S(=O)(=O)[O-],C(CCCCCCC)[N+]1=CN(C=C1)C,C(F)(F)F,Table S3. VLE HFCs
2101,2101,[omim],[TFES],R23,323.1,0.1001,0.017,FC(F)C(F)(F)S(=O)(=O)[O-],C(CCCCCCC)[N+]1=CN(C=C1)C,C(F)(F)F,Table S3. VLE HFCs
2102,2102,[omim],[TFES],R23,323.1,0.0511,0.007,FC(F)C(F)(F)S(=O)(=O)[O-],C(CCCCCCC)[N+]1=CN(C=C1)C,C(F)(F)F,Table S3. VLE HFCs
2103,2103,[doim],[I],R32,298.0,0.01002,0.007,[I-],CCCCCCCCn1cc[n+](CCCCCCCC)c1,C(F)F,Table S3. VLE HFCs
2104,2104,[doim],[I],R32,298.0,0.1001,0.064,[I-],CCCCCCCCn1cc[n+](CCCCCCCC)c1,C(F)F,Table S3. VLE HFCs
2105,2105,[doim],[I],R32,298.0,0.25003,0.15,[I-],CCCCCCCCn1cc[n+](CCCCCCCC)c1,C(F)F,Table S3. VLE HFCs
2106,2106,[doim],[I],R32,298.0,0.40024,0.225,[I-],CCCCCCCCn1cc[n+](CCCCCCCC)c1,C(F)F,Table S3. VLE HFCs
2107,2107,[doim],[I],R32,298.0,0.55024,0.293,[I-],CCCCCCCCn1cc[n+](CCCCCCCC)c1,C(F)F,Table S3. VLE HFCs
2108,2108,[doim],[I],R32,298.0,0.7001,0.355,[I-],CCCCCCCCn1cc[n+](CCCCCCCC)c1,C(F)F,Table S3. VLE HFCs
2109,2109,[doim],[I],R32,297.9,0.84988,0.413,[I-],CCCCCCCCn1cc[n+](CCCCCCCC)c1,C(F)F,Table S3. VLE HFCs
2110,2110,[doim],[I],R32,298.0,1.00024,0.468,[I-],CCCCCCCCn1cc[n+](CCCCCCCC)c1,C(F)F,Table S3. VLE HFCs
2111,2111,[C8H4F13C1im],[BEI],R134a,303.0,0.024823,0.04052,FC(F)(F)C(F)(F)S(=O)(=O)[N-]S(=O)(=O)C(F)(F)C(F)(F)F,FC(F)(F)C(F)(F)C(F)(F)C(F)(F)C(F)(F)C(F)(F)CCn1cc[n+](C)c1,C(C(F)(F)F)F,Table S3. VLE HFCs
2112,2112,[C8H4F13C1im],[BEI],R134a,303.0,0.049885,0.08224,FC(F)(F)C(F)(F)S(=O)(=O)[N-]S(=O)(=O)C(F)(F)C(F)(F)F,FC(F)(F)C(F)(F)C(F)(F)C(F)(F)C(F)(F)C(F)(F)CCn1cc[n+](C)c1,C(C(F)(F)F)F,Table S3. VLE HFCs
2113,2113,[C8H4F13C1im],[BEI],R134a,303.0,0.099873,0.16033,FC(F)(F)C(F)(F)S(=O)(=O)[N-]S(=O)(=O)C(F)(F)C(F)(F)F,FC(F)(F)C(F)(F)C(F)(F)C(F)(F)C(F)(F)C(F)(F)CCn1cc[n+](C)c1,C(C(F)(F)F)F,Table S3. VLE HFCs
2114,2114,[C8H4F13C1im],[BEI],R134a,303.0,0.199992,0.30117,FC(F)(F)C(F)(F)S(=O)(=O)[N-]S(=O)(=O)C(F)(F)C(F)(F)F,FC(F)(F)C(F)(F)C(F)(F)C(F)(F)C(F)(F)C(F)(F)CCn1cc[n+](C)c1,C(C(F)(F)F)F,Table S3. VLE HFCs
2115,2115,[C8H4F13C1im],[BEI],R134a,303.0,0.299911,0.41938,FC(F)(F)C(F)(F)S(=O)(=O)[N-]S(=O)(=O)C(F)(F)C(F)(F)F,FC(F)(F)C(F)(F)C(F)(F)C(F)(F)C(F)(F)C(F)(F)CCn1cc[n+](C)c1,C(C(F)(F)F)F,Table S3. VLE HFCs
2116,2116,[C8H4F13C1im],[BEI],R134a,303.0,0.349601,0.47614,FC(F)(F)C(F)(F)S(=O)(=O)[N-]S(=O)(=O)C(F)(F)C(F)(F)F,FC(F)(F)C(F)(F)C(F)(F)C(F)(F)C(F)(F)C(F)(F)CCn1cc[n+](C)c1,C(C(F)(F)F)F,Table S3. VLE HFCs
2117,2117,[C8H4F13C1im],[BEI],R134a,323.0,0.024892,0.02084,FC(F)(F)C(F)(F)S(=O)(=O)[N-]S(=O)(=O)C(F)(F)C(F)(F)F,FC(F)(F)C(F)(F)C(F)(F)C(F)(F)C(F)(F)C(F)(F)CCn1cc[n+](C)c1,C(C(F)(F)F)F,Table S3. VLE HFCs
2118,2118,[C8H4F13C1im],[BEI],R134a,323.0,0.049934,0.05043,FC(F)(F)C(F)(F)S(=O)(=O)[N-]S(=O)(=O)C(F)(F)C(F)(F)F,FC(F)(F)C(F)(F)C(F)(F)C(F)(F)C(F)(F)C(F)(F)CCn1cc[n+](C)c1,C(C(F)(F)F)F,Table S3. VLE HFCs
2119,2119,[C8H4F13C1im],[BEI],R134a,323.0,0.099935,0.10631,FC(F)(F)C(F)(F)S(=O)(=O)[N-]S(=O)(=O)C(F)(F)C(F)(F)F,FC(F)(F)C(F)(F)C(F)(F)C(F)(F)C(F)(F)C(F)(F)CCn1cc[n+](C)c1,C(C(F)(F)F)F,Table S3. VLE HFCs
2120,2120,[C8H4F13C1im],[BEI],R134a,323.0,0.199951,0.20583,FC(F)(F)C(F)(F)S(=O)(=O)[N-]S(=O)(=O)C(F)(F)C(F)(F)F,FC(F)(F)C(F)(F)C(F)(F)C(F)(F)C(F)(F)C(F)(F)CCn1cc[n+](C)c1,C(C(F)(F)F)F,Table S3. VLE HFCs
2121,2121,[C8H4F13C1im],[BEI],R134a,323.0,0.299648,0.29278,FC(F)(F)C(F)(F)S(=O)(=O)[N-]S(=O)(=O)C(F)(F)C(F)(F)F,FC(F)(F)C(F)(F)C(F)(F)C(F)(F)C(F)(F)C(F)(F)CCn1cc[n+](C)c1,C(C(F)(F)F)F,Table S3. VLE HFCs
2122,2122,[C8H4F13C1im],[BEI],R134a,323.0,0.349116,0.33202,FC(F)(F)C(F)(F)S(=O)(=O)[N-]S(=O)(=O)C(F)(F)C(F)(F)F,FC(F)(F)C(F)(F)C(F)(F)C(F)(F)C(F)(F)C(F)(F)CCn1cc[n+](C)c1,C(C(F)(F)F)F,Table S3. VLE HFCs
2123,2123,[C8H4F13C1im],[BEI],R134a,343.0,0.024864,0.02158,FC(F)(F)C(F)(F)S(=O)(=O)[N-]S(=O)(=O)C(F)(F)C(F)(F)F,FC(F)(F)C(F)(F)C(F)(F)C(F)(F)C(F)(F)C(F)(F)CCn1cc[n+](C)c1,C(C(F)(F)F)F,Table S3. VLE HFCs
2124,2124,[C8H4F13C1im],[BEI],R134a,343.0,0.049948,0.04324,FC(F)(F)C(F)(F)S(=O)(=O)[N-]S(=O)(=O)C(F)(F)C(F)(F)F,FC(F)(F)C(F)(F)C(F)(F)C(F)(F)C(F)(F)C(F)(F)CCn1cc[n+](C)c1,C(C(F)(F)F)F,Table S3. VLE HFCs
2125,2125,[C8H4F13C1im],[BEI],R134a,343.0,0.099886,0.08424,FC(F)(F)C(F)(F)S(=O)(=O)[N-]S(=O)(=O)C(F)(F)C(F)(F)F,FC(F)(F)C(F)(F)C(F)(F)C(F)(F)C(F)(F)C(F)(F)CCn1cc[n+](C)c1,C(C(F)(F)F)F,Table S3. VLE HFCs
2126,2126,[C8H4F13C1im],[BEI],R134a,343.0,0.199529,0.15871,FC(F)(F)C(F)(F)S(=O)(=O)[N-]S(=O)(=O)C(F)(F)C(F)(F)F,FC(F)(F)C(F)(F)C(F)(F)C(F)(F)C(F)(F)C(F)(F)CCn1cc[n+](C)c1,C(C(F)(F)F)F,Table S3. VLE HFCs
2127,2127,[C8H4F13C1im],[BEI],R134a,343.0,0.299281,0.22545,FC(F)(F)C(F)(F)S(=O)(=O)[N-]S(=O)(=O)C(F)(F)C(F)(F)F,FC(F)(F)C(F)(F)C(F)(F)C(F)(F)C(F)(F)C(F)(F)CCn1cc[n+](C)c1,C(C(F)(F)F)F,Table S3. VLE HFCs
2128,2128,[C8H4F13C1im],[BEI],R134a,343.0,0.34985,0.25645,FC(F)(F)C(F)(F)S(=O)(=O)[N-]S(=O)(=O)C(F)(F)C(F)(F)F,FC(F)(F)C(F)(F)C(F)(F)C(F)(F)C(F)(F)C(F)(F)CCn1cc[n+](C)c1,C(C(F)(F)F)F,Table S3. VLE HFCs
2129,2129,[C8H4F13C1im],[Tf2N],R134a,303.0,0.024809,0.04465,FC(S(=O)(=O)[N-]S(=O)(=O)C(F)(F)F)(F)F,FC(F)(F)C(F)(F)C(F)(F)C(F)(F)C(F)(F)C(F)(F)CCn1cc[n+](C)c1,C(C(F)(F)F)F,Table S3. VLE HFCs
2130,2130,[C8H4F13C1im],[Tf2N],R134a,303.0,0.049982,0.08407,FC(S(=O)(=O)[N-]S(=O)(=O)C(F)(F)F)(F)F,FC(F)(F)C(F)(F)C(F)(F)C(F)(F)C(F)(F)C(F)(F)CCn1cc[n+](C)c1,C(C(F)(F)F)F,Table S3. VLE HFCs
2131,2131,[C8H4F13C1im],[Tf2N],R134a,303.0,0.099533,0.15849,FC(S(=O)(=O)[N-]S(=O)(=O)C(F)(F)F)(F)F,FC(F)(F)C(F)(F)C(F)(F)C(F)(F)C(F)(F)C(F)(F)CCn1cc[n+](C)c1,C(C(F)(F)F)F,Table S3. VLE HFCs
2132,2132,[C8H4F13C1im],[Tf2N],R134a,303.0,0.19885,0.28974,FC(S(=O)(=O)[N-]S(=O)(=O)C(F)(F)F)(F)F,FC(F)(F)C(F)(F)C(F)(F)C(F)(F)C(F)(F)C(F)(F)CCn1cc[n+](C)c1,C(C(F)(F)F)F,Table S3. VLE HFCs
2133,2133,[C8H4F13C1im],[Tf2N],R134a,303.0,0.299191,0.40547,FC(S(=O)(=O)[N-]S(=O)(=O)C(F)(F)F)(F)F,FC(F)(F)C(F)(F)C(F)(F)C(F)(F)C(F)(F)C(F)(F)CCn1cc[n+](C)c1,C(C(F)(F)F)F,Table S3. VLE HFCs
2134,2134,[C8H4F13C1im],[Tf2N],R134a,303.0,0.34931,0.4586,FC(S(=O)(=O)[N-]S(=O)(=O)C(F)(F)F)(F)F,FC(F)(F)C(F)(F)C(F)(F)C(F)(F)C(F)(F)C(F)(F)CCn1cc[n+](C)c1,C(C(F)(F)F)F,Table S3. VLE HFCs
2135,2135,[C8H4F13C1im],[Tf2N],R134a,323.0,0.024837,0.03028,FC(S(=O)(=O)[N-]S(=O)(=O)C(F)(F)F)(F)F,FC(F)(F)C(F)(F)C(F)(F)C(F)(F)C(F)(F)C(F)(F)CCn1cc[n+](C)c1,C(C(F)(F)F)F,Table S3. VLE HFCs
2136,2136,[C8H4F13C1im],[Tf2N],R134a,323.0,0.049865,0.05695,FC(S(=O)(=O)[N-]S(=O)(=O)C(F)(F)F)(F)F,FC(F)(F)C(F)(F)C(F)(F)C(F)(F)C(F)(F)C(F)(F)CCn1cc[n+](C)c1,C(C(F)(F)F)F,Table S3. VLE HFCs
2137,2137,[C8H4F13C1im],[Tf2N],R134a,323.0,0.099554,0.10868,FC(S(=O)(=O)[N-]S(=O)(=O)C(F)(F)F)(F)F,FC(F)(F)C(F)(F)C(F)(F)C(F)(F)C(F)(F)C(F)(F)CCn1cc[n+](C)c1,C(C(F)(F)F)F,Table S3. VLE HFCs
2138,2138,[C8H4F13C1im],[Tf2N],R134a,323.0,0.199916,0.20199,FC(S(=O)(=O)[N-]S(=O)(=O)C(F)(F)F)(F)F,FC(F)(F)C(F)(F)C(F)(F)C(F)(F)C(F)(F)C(F)(F)CCn1cc[n+](C)c1,C(C(F)(F)F)F,Table S3. VLE HFCs
2139,2139,[C8H4F13C1im],[Tf2N],R134a,323.0,0.299344,0.28509,FC(S(=O)(=O)[N-]S(=O)(=O)C(F)(F)F)(F)F,FC(F)(F)C(F)(F)C(F)(F)C(F)(F)C(F)(F)C(F)(F)CCn1cc[n+](C)c1,C(C(F)(F)F)F,Table S3. VLE HFCs
2140,2140,[C8H4F13C1im],[Tf2N],R134a,323.0,0.349268,0.32301,FC(S(=O)(=O)[N-]S(=O)(=O)C(F)(F)F)(F)F,FC(F)(F)C(F)(F)C(F)(F)C(F)(F)C(F)(F)C(F)(F)CCn1cc[n+](C)c1,C(C(F)(F)F)F,Table S3. VLE HFCs
2141,2141,[C8H4F13C1im],[Tf2N],R134a,343.0,0.024855,0.02095,FC(S(=O)(=O)[N-]S(=O)(=O)C(F)(F)F)(F)F,FC(F)(F)C(F)(F)C(F)(F)C(F)(F)C(F)(F)C(F)(F)CCn1cc[n+](C)c1,C(C(F)(F)F)F,Table S3. VLE HFCs
2142,2142,[C8H4F13C1im],[Tf2N],R134a,343.0,0.049941,0.04193,FC(S(=O)(=O)[N-]S(=O)(=O)C(F)(F)F)(F)F,FC(F)(F)C(F)(F)C(F)(F)C(F)(F)C(F)(F)C(F)(F)CCn1cc[n+](C)c1,C(C(F)(F)F)F,Table S3. VLE HFCs
2143,2143,[C8H4F13C1im],[Tf2N],R134a,343.0,0.09972,0.08068,FC(S(=O)(=O)[N-]S(=O)(=O)C(F)(F)F)(F)F,FC(F)(F)C(F)(F)C(F)(F)C(F)(F)C(F)(F)C(F)(F)CCn1cc[n+](C)c1,C(C(F)(F)F)F,Table S3. VLE HFCs
2144,2144,[C8H4F13C1im],[Tf2N],R134a,343.0,0.199113,0.15194,FC(S(=O)(=O)[N-]S(=O)(=O)C(F)(F)F)(F)F,FC(F)(F)C(F)(F)C(F)(F)C(F)(F)C(F)(F)C(F)(F)CCn1cc[n+](C)c1,C(C(F)(F)F)F,Table S3. VLE HFCs
2145,2145,[C8H4F13C1im],[Tf2N],R134a,343.0,0.299067,0.21584,FC(S(=O)(=O)[N-]S(=O)(=O)C(F)(F)F)(F)F,FC(F)(F)C(F)(F)C(F)(F)C(F)(F)C(F)(F)C(F)(F)CCn1cc[n+](C)c1,C(C(F)(F)F)F,Table S3. VLE HFCs
2146,2146,[C8H4F13C1im],[Tf2N],R134a,343.0,0.348936,0.24648,FC(S(=O)(=O)[N-]S(=O)(=O)C(F)(F)F)(F)F,FC(F)(F)C(F)(F)C(F)(F)C(F)(F)C(F)(F)C(F)(F)CCn1cc[n+](C)c1,C(C(F)(F)F)F,Table S3. VLE HFCs
2147,2147,[dmim],[TFES],R32,298.15,0.0096,0.006,FC(F)C(F)(F)S(=O)(=O)[O-],C(CCCCCCCCC)[N+]1=CN(C=C1)C,C(F)F,Table S3. VLE HFCs
2148,2148,[dmim],[TFES],R32,298.15,0.0995,0.074,FC(F)C(F)(F)S(=O)(=O)[O-],C(CCCCCCCCC)[N+]1=CN(C=C1)C,C(F)F,Table S3. VLE HFCs
2149,2149,[dmim],[TFES],R32,298.15,0.251,0.179,FC(F)C(F)(F)S(=O)(=O)[O-],C(CCCCCCCCC)[N+]1=CN(C=C1)C,C(F)F,Table S3. VLE HFCs
2150,2150,[dmim],[TFES],R32,298.15,0.3997,0.273,FC(F)C(F)(F)S(=O)(=O)[O-],C(CCCCCCCCC)[N+]1=CN(C=C1)C,C(F)F,Table S3. VLE HFCs
2151,2151,[dmim],[TFES],R32,298.15,0.5481,0.357,FC(F)C(F)(F)S(=O)(=O)[O-],C(CCCCCCCCC)[N+]1=CN(C=C1)C,C(F)F,Table S3. VLE HFCs
2152,2152,[dmim],[TFES],R32,298.15,0.7001,0.433,FC(F)C(F)(F)S(=O)(=O)[O-],C(CCCCCCCCC)[N+]1=CN(C=C1)C,C(F)F,Table S3. VLE HFCs
2153,2153,[dmim],[TFES],R32,298.15,0.85,0.503,FC(F)C(F)(F)S(=O)(=O)[O-],C(CCCCCCCCC)[N+]1=CN(C=C1)C,C(F)F,Table S3. VLE HFCs
2154,2154,[dmim],[TFES],R32,298.15,1.001,0.569,FC(F)C(F)(F)S(=O)(=O)[O-],C(CCCCCCCCC)[N+]1=CN(C=C1)C,C(F)F,Table S3. VLE HFCs
2155,2155,[dmpim],[Tf2N],R32,298.05,0.0099,0.008,FC(S(=O)(=O)[N-]S(=O)(=O)C(F)(F)F)(F)F,CCCn1cc[n+](C)c1C,C(F)F,Table S3. VLE HFCs
2156,2156,[dmpim],[Tf2N],R32,298.15,0.0995,0.09,FC(S(=O)(=O)[N-]S(=O)(=O)C(F)(F)F)(F)F,CCCn1cc[n+](C)c1C,C(F)F,Table S3. VLE HFCs
2157,2157,[dmpim],[Tf2N],R32,298.15,0.2495,0.213,FC(S(=O)(=O)[N-]S(=O)(=O)C(F)(F)F)(F)F,CCCn1cc[n+](C)c1C,C(F)F,Table S3. VLE HFCs
2158,2158,[dmpim],[Tf2N],R32,298.15,0.3976,0.319,FC(S(=O)(=O)[N-]S(=O)(=O)C(F)(F)F)(F)F,CCCn1cc[n+](C)c1C,C(F)F,Table S3. VLE HFCs
2159,2159,[dmpim],[Tf2N],R32,298.15,0.5501,0.415,FC(S(=O)(=O)[N-]S(=O)(=O)C(F)(F)F)(F)F,CCCn1cc[n+](C)c1C,C(F)F,Table S3. VLE HFCs
2160,2160,[dmpim],[Tf2N],R32,298.15,0.7017,0.501,FC(S(=O)(=O)[N-]S(=O)(=O)C(F)(F)F)(F)F,CCCn1cc[n+](C)c1C,C(F)F,Table S3. VLE HFCs
2161,2161,[dmpim],[Tf2N],R32,298.15,0.8513,0.578,FC(S(=O)(=O)[N-]S(=O)(=O)C(F)(F)F)(F)F,CCCn1cc[n+](C)c1C,C(F)F,Table S3. VLE HFCs
2162,2162,[dmpim],[Tf2N],R32,298.15,1.0011,0.6509999999999999,FC(S(=O)(=O)[N-]S(=O)(=O)C(F)(F)F)(F)F,CCCn1cc[n+](C)c1C,C(F)F,Table S3. VLE HFCs
2163,2163,[dmpim],[TMeM],R32,283.15,0.0101,0.012,FC(F)(F)S(=O)(=O)[C-](S(=O)(=O)C(F)(F)F)S(=O)(=O)C(F)(F)F,CCCn1cc[n+](C)c1C,C(F)F,Table S3. VLE HFCs
2164,2164,[dmpim],[TMeM],R32,283.15,0.0996,0.136,FC(F)(F)S(=O)(=O)[C-](S(=O)(=O)C(F)(F)F)S(=O)(=O)C(F)(F)F,CCCn1cc[n+](C)c1C,C(F)F,Table S3. VLE HFCs
2165,2165,[dmpim],[TMeM],R32,283.15,0.2497,0.312,FC(F)(F)S(=O)(=O)[C-](S(=O)(=O)C(F)(F)F)S(=O)(=O)C(F)(F)F,CCCn1cc[n+](C)c1C,C(F)F,Table S3. VLE HFCs
2166,2166,[dmpim],[TMeM],R32,283.15,0.3997,0.46,FC(F)(F)S(=O)(=O)[C-](S(=O)(=O)C(F)(F)F)S(=O)(=O)C(F)(F)F,CCCn1cc[n+](C)c1C,C(F)F,Table S3. VLE HFCs
2167,2167,[dmpim],[TMeM],R32,283.15,0.5495,0.586,FC(F)(F)S(=O)(=O)[C-](S(=O)(=O)C(F)(F)F)S(=O)(=O)C(F)(F)F,CCCn1cc[n+](C)c1C,C(F)F,Table S3. VLE HFCs
2168,2168,[dmpim],[TMeM],R32,283.15,0.6997,0.7,FC(F)(F)S(=O)(=O)[C-](S(=O)(=O)C(F)(F)F)S(=O)(=O)C(F)(F)F,CCCn1cc[n+](C)c1C,C(F)F,Table S3. VLE HFCs
2169,2169,[dmpim],[TMeM],R32,283.15,0.8496,0.805,FC(F)(F)S(=O)(=O)[C-](S(=O)(=O)C(F)(F)F)S(=O)(=O)C(F)(F)F,CCCn1cc[n+](C)c1C,C(F)F,Table S3. VLE HFCs
2170,2170,[dmpim],[TMeM],R32,298.05,0.01,0.01,FC(F)(F)S(=O)(=O)[C-](S(=O)(=O)C(F)(F)F)S(=O)(=O)C(F)(F)F,CCCn1cc[n+](C)c1C,C(F)F,Table S3. VLE HFCs
2171,2171,[dmpim],[TMeM],R32,298.05,0.1,0.096,FC(F)(F)S(=O)(=O)[C-](S(=O)(=O)C(F)(F)F)S(=O)(=O)C(F)(F)F,CCCn1cc[n+](C)c1C,C(F)F,Table S3. VLE HFCs
2172,2172,[dmpim],[TMeM],R32,298.05,0.2496,0.226,FC(F)(F)S(=O)(=O)[C-](S(=O)(=O)C(F)(F)F)S(=O)(=O)C(F)(F)F,CCCn1cc[n+](C)c1C,C(F)F,Table S3. VLE HFCs
2173,2173,[dmpim],[TMeM],R32,298.05,0.3996,0.337,FC(F)(F)S(=O)(=O)[C-](S(=O)(=O)C(F)(F)F)S(=O)(=O)C(F)(F)F,CCCn1cc[n+](C)c1C,C(F)F,Table S3. VLE HFCs
2174,2174,[dmpim],[TMeM],R32,298.05,0.5493,0.435,FC(F)(F)S(=O)(=O)[C-](S(=O)(=O)C(F)(F)F)S(=O)(=O)C(F)(F)F,CCCn1cc[n+](C)c1C,C(F)F,Table S3. VLE HFCs
2175,2175,[dmpim],[TMeM],R32,298.05,0.6995,0.52,FC(F)(F)S(=O)(=O)[C-](S(=O)(=O)C(F)(F)F)S(=O)(=O)C(F)(F)F,CCCn1cc[n+](C)c1C,C(F)F,Table S3. VLE HFCs
2176,2176,[dmpim],[TMeM],R32,298.05,0.8495,0.598,FC(F)(F)S(=O)(=O)[C-](S(=O)(=O)C(F)(F)F)S(=O)(=O)C(F)(F)F,CCCn1cc[n+](C)c1C,C(F)F,Table S3. VLE HFCs
2177,2177,[dmpim],[TMeM],R32,298.05,1.0,0.667,FC(F)(F)S(=O)(=O)[C-](S(=O)(=O)C(F)(F)F)S(=O)(=O)C(F)(F)F,CCCn1cc[n+](C)c1C,C(F)F,Table S3. VLE HFCs
2178,2178,[dmpim],[TMeM],R32,323.15,0.0099,0.004,FC(F)(F)S(=O)(=O)[C-](S(=O)(=O)C(F)(F)F)S(=O)(=O)C(F)(F)F,CCCn1cc[n+](C)c1C,C(F)F,Table S3. VLE HFCs
2179,2179,[dmpim],[TMeM],R32,323.15,0.1,0.057,FC(F)(F)S(=O)(=O)[C-](S(=O)(=O)C(F)(F)F)S(=O)(=O)C(F)(F)F,CCCn1cc[n+](C)c1C,C(F)F,Table S3. VLE HFCs
2180,2180,[dmpim],[TMeM],R32,323.15,0.2494,0.141,FC(F)(F)S(=O)(=O)[C-](S(=O)(=O)C(F)(F)F)S(=O)(=O)C(F)(F)F,CCCn1cc[n+](C)c1C,C(F)F,Table S3. VLE HFCs
2181,2181,[dmpim],[TMeM],R32,323.15,0.3995,0.215,FC(F)(F)S(=O)(=O)[C-](S(=O)(=O)C(F)(F)F)S(=O)(=O)C(F)(F)F,CCCn1cc[n+](C)c1C,C(F)F,Table S3. VLE HFCs
2182,2182,[dmpim],[TMeM],R32,323.15,0.5495,0.281,FC(F)(F)S(=O)(=O)[C-](S(=O)(=O)C(F)(F)F)S(=O)(=O)C(F)(F)F,CCCn1cc[n+](C)c1C,C(F)F,Table S3. VLE HFCs
2183,2183,[dmpim],[TMeM],R32,323.15,0.6997,0.341,FC(F)(F)S(=O)(=O)[C-](S(=O)(=O)C(F)(F)F)S(=O)(=O)C(F)(F)F,CCCn1cc[n+](C)c1C,C(F)F,Table S3. VLE HFCs
2184,2184,[dmpim],[TMeM],R32,323.15,0.8494,0.397,FC(F)(F)S(=O)(=O)[C-](S(=O)(=O)C(F)(F)F)S(=O)(=O)C(F)(F)F,CCCn1cc[n+](C)c1C,C(F)F,Table S3. VLE HFCs
2185,2185,[dmpim],[TMeM],R32,323.15,0.9995,0.4479999999999999,FC(F)(F)S(=O)(=O)[C-](S(=O)(=O)C(F)(F)F)S(=O)(=O)C(F)(F)F,CCCn1cc[n+](C)c1C,C(F)F,Table S3. VLE HFCs
2186,2186,[dmpim],[TMeM],R32,348.05,0.0094,0.0,FC(F)(F)S(=O)(=O)[C-](S(=O)(=O)C(F)(F)F)S(=O)(=O)C(F)(F)F,CCCn1cc[n+](C)c1C,C(F)F,Table S3. VLE HFCs
2187,2187,[dmpim],[TMeM],R32,348.15,0.1002,0.031,FC(F)(F)S(=O)(=O)[C-](S(=O)(=O)C(F)(F)F)S(=O)(=O)C(F)(F)F,CCCn1cc[n+](C)c1C,C(F)F,Table S3. VLE HFCs
2188,2188,[dmpim],[TMeM],R32,348.05,0.2504,0.088,FC(F)(F)S(=O)(=O)[C-](S(=O)(=O)C(F)(F)F)S(=O)(=O)C(F)(F)F,CCCn1cc[n+](C)c1C,C(F)F,Table S3. VLE HFCs
2189,2189,[dmpim],[TMeM],R32,348.05,0.3996,0.139,FC(F)(F)S(=O)(=O)[C-](S(=O)(=O)C(F)(F)F)S(=O)(=O)C(F)(F)F,CCCn1cc[n+](C)c1C,C(F)F,Table S3. VLE HFCs
2190,2190,[dmpim],[TMeM],R32,348.05,0.5494,0.186,FC(F)(F)S(=O)(=O)[C-](S(=O)(=O)C(F)(F)F)S(=O)(=O)C(F)(F)F,CCCn1cc[n+](C)c1C,C(F)F,Table S3. VLE HFCs
2191,2191,[dmpim],[TMeM],R32,348.05,0.7005,0.231,FC(F)(F)S(=O)(=O)[C-](S(=O)(=O)C(F)(F)F)S(=O)(=O)C(F)(F)F,CCCn1cc[n+](C)c1C,C(F)F,Table S3. VLE HFCs
2192,2192,[dmpim],[TMeM],R32,348.05,0.8495,0.272,FC(F)(F)S(=O)(=O)[C-](S(=O)(=O)C(F)(F)F)S(=O)(=O)C(F)(F)F,CCCn1cc[n+](C)c1C,C(F)F,Table S3. VLE HFCs
2193,2193,[dmpim],[TMeM],R32,348.05,1.0005,0.312,FC(F)(F)S(=O)(=O)[C-](S(=O)(=O)C(F)(F)F)S(=O)(=O)C(F)(F)F,CCCn1cc[n+](C)c1C,C(F)F,Table S3. VLE HFCs
2194,2194,[dmpim],[TMeM],R134,283.26,0.01,0.054,FC(F)(F)S(=O)(=O)[C-](S(=O)(=O)C(F)(F)F)S(=O)(=O)C(F)(F)F,CCCn1cc[n+](C)c1C,FC(F)C(F)F,Table S3. VLE HFCs
2195,2195,[dmpim],[TMeM],R134,283.12,0.05,0.252,FC(F)(F)S(=O)(=O)[C-](S(=O)(=O)C(F)(F)F)S(=O)(=O)C(F)(F)F,CCCn1cc[n+](C)c1C,FC(F)C(F)F,Table S3. VLE HFCs
2196,2196,[dmpim],[TMeM],R134,283.03,0.1,0.443,FC(F)(F)S(=O)(=O)[C-](S(=O)(=O)C(F)(F)F)S(=O)(=O)C(F)(F)F,CCCn1cc[n+](C)c1C,FC(F)C(F)F,Table S3. VLE HFCs
2197,2197,[dmpim],[TMeM],R134,283.16,0.15,0.596,FC(F)(F)S(=O)(=O)[C-](S(=O)(=O)C(F)(F)F)S(=O)(=O)C(F)(F)F,CCCn1cc[n+](C)c1C,FC(F)C(F)F,Table S3. VLE HFCs
2198,2198,[dmpim],[TMeM],R134,283.16,0.199,0.717,FC(F)(F)S(=O)(=O)[C-](S(=O)(=O)C(F)(F)F)S(=O)(=O)C(F)(F)F,CCCn1cc[n+](C)c1C,FC(F)C(F)F,Table S3. VLE HFCs
2199,2199,[dmpim],[TMeM],R134,283.14,0.25,0.827,FC(F)(F)S(=O)(=O)[C-](S(=O)(=O)C(F)(F)F)S(=O)(=O)C(F)(F)F,CCCn1cc[n+](C)c1C,FC(F)C(F)F,Table S3. VLE HFCs
2200,2200,[dmpim],[TMeM],R134,283.2,0.3,0.963,FC(F)(F)S(=O)(=O)[C-](S(=O)(=O)C(F)(F)F)S(=O)(=O)C(F)(F)F,CCCn1cc[n+](C)c1C,FC(F)C(F)F,Table S3. VLE HFCs
2201,2201,[dmpim],[TMeM],R134,298.04999999999995,0.01,0.029,FC(F)(F)S(=O)(=O)[C-](S(=O)(=O)C(F)(F)F)S(=O)(=O)C(F)(F)F,CCCn1cc[n+](C)c1C,FC(F)C(F)F,Table S3. VLE HFCs
2202,2202,[dmpim],[TMeM],R134,298.22,0.05,0.149,FC(F)(F)S(=O)(=O)[C-](S(=O)(=O)C(F)(F)F)S(=O)(=O)C(F)(F)F,CCCn1cc[n+](C)c1C,FC(F)C(F)F,Table S3. VLE HFCs
2203,2203,[dmpim],[TMeM],R134,298.01,0.1,0.287,FC(F)(F)S(=O)(=O)[C-](S(=O)(=O)C(F)(F)F)S(=O)(=O)C(F)(F)F,CCCn1cc[n+](C)c1C,FC(F)C(F)F,Table S3. VLE HFCs
2204,2204,[dmpim],[TMeM],R134,298.08,0.15,0.403,FC(F)(F)S(=O)(=O)[C-](S(=O)(=O)C(F)(F)F)S(=O)(=O)C(F)(F)F,CCCn1cc[n+](C)c1C,FC(F)C(F)F,Table S3. VLE HFCs
2205,2205,[dmpim],[TMeM],R134,298.16,0.2,0.503,FC(F)(F)S(=O)(=O)[C-](S(=O)(=O)C(F)(F)F)S(=O)(=O)C(F)(F)F,CCCn1cc[n+](C)c1C,FC(F)C(F)F,Table S3. VLE HFCs
2206,2206,[dmpim],[TMeM],R134,298.0,0.249,0.587,FC(F)(F)S(=O)(=O)[C-](S(=O)(=O)C(F)(F)F)S(=O)(=O)C(F)(F)F,CCCn1cc[n+](C)c1C,FC(F)C(F)F,Table S3. VLE HFCs
2207,2207,[dmpim],[TMeM],R134,298.09,0.3,0.667,FC(F)(F)S(=O)(=O)[C-](S(=O)(=O)C(F)(F)F)S(=O)(=O)C(F)(F)F,CCCn1cc[n+](C)c1C,FC(F)C(F)F,Table S3. VLE HFCs
2208,2208,[dmpim],[TMeM],R134,298.08,0.349,0.732,FC(F)(F)S(=O)(=O)[C-](S(=O)(=O)C(F)(F)F)S(=O)(=O)C(F)(F)F,CCCn1cc[n+](C)c1C,FC(F)C(F)F,Table S3. VLE HFCs
2209,2209,[dmpim],[TMeM],R134,323.11,0.01,0.006,FC(F)(F)S(=O)(=O)[C-](S(=O)(=O)C(F)(F)F)S(=O)(=O)C(F)(F)F,CCCn1cc[n+](C)c1C,FC(F)C(F)F,Table S3. VLE HFCs
2210,2210,[dmpim],[TMeM],R134,323.13,0.05,0.069,FC(F)(F)S(=O)(=O)[C-](S(=O)(=O)C(F)(F)F)S(=O)(=O)C(F)(F)F,CCCn1cc[n+](C)c1C,FC(F)C(F)F,Table S3. VLE HFCs
2211,2211,[dmpim],[TMeM],R134,323.13,0.1,0.145,FC(F)(F)S(=O)(=O)[C-](S(=O)(=O)C(F)(F)F)S(=O)(=O)C(F)(F)F,CCCn1cc[n+](C)c1C,FC(F)C(F)F,Table S3. VLE HFCs
2212,2212,[dmpim],[TMeM],R134,323.11,0.15,0.215,FC(F)(F)S(=O)(=O)[C-](S(=O)(=O)C(F)(F)F)S(=O)(=O)C(F)(F)F,CCCn1cc[n+](C)c1C,FC(F)C(F)F,Table S3. VLE HFCs
2213,2213,[dmpim],[TMeM],R134,323.1,0.2,0.278,FC(F)(F)S(=O)(=O)[C-](S(=O)(=O)C(F)(F)F)S(=O)(=O)C(F)(F)F,CCCn1cc[n+](C)c1C,FC(F)C(F)F,Table S3. VLE HFCs
2214,2214,[dmpim],[TMeM],R134,323.06,0.25,0.337,FC(F)(F)S(=O)(=O)[C-](S(=O)(=O)C(F)(F)F)S(=O)(=O)C(F)(F)F,CCCn1cc[n+](C)c1C,FC(F)C(F)F,Table S3. VLE HFCs
2215,2215,[dmpim],[TMeM],R134,323.07,0.3,0.39,FC(F)(F)S(=O)(=O)[C-](S(=O)(=O)C(F)(F)F)S(=O)(=O)C(F)(F)F,CCCn1cc[n+](C)c1C,FC(F)C(F)F,Table S3. VLE HFCs
2216,2216,[dmpim],[TMeM],R134,323.11,0.35,0.44,FC(F)(F)S(=O)(=O)[C-](S(=O)(=O)C(F)(F)F)S(=O)(=O)C(F)(F)F,CCCn1cc[n+](C)c1C,FC(F)C(F)F,Table S3. VLE HFCs
2217,2217,[dmpim],[TMeM],R134,348.09,0.01,0.01,FC(F)(F)S(=O)(=O)[C-](S(=O)(=O)C(F)(F)F)S(=O)(=O)C(F)(F)F,CCCn1cc[n+](C)c1C,FC(F)C(F)F,Table S3. VLE HFCs
2218,2218,[dmpim],[TMeM],R134,348.1,0.05,0.046,FC(F)(F)S(=O)(=O)[C-](S(=O)(=O)C(F)(F)F)S(=O)(=O)C(F)(F)F,CCCn1cc[n+](C)c1C,FC(F)C(F)F,Table S3. VLE HFCs
2219,2219,[dmpim],[TMeM],R134,348.14,0.1,0.089,FC(F)(F)S(=O)(=O)[C-](S(=O)(=O)C(F)(F)F)S(=O)(=O)C(F)(F)F,CCCn1cc[n+](C)c1C,FC(F)C(F)F,Table S3. VLE HFCs
2220,2220,[dmpim],[TMeM],R134,348.08,0.15,0.131,FC(F)(F)S(=O)(=O)[C-](S(=O)(=O)C(F)(F)F)S(=O)(=O)C(F)(F)F,CCCn1cc[n+](C)c1C,FC(F)C(F)F,Table S3. VLE HFCs
2221,2221,[dmpim],[TMeM],R134,348.13,0.2,0.17,FC(F)(F)S(=O)(=O)[C-](S(=O)(=O)C(F)(F)F)S(=O)(=O)C(F)(F)F,CCCn1cc[n+](C)c1C,FC(F)C(F)F,Table S3. VLE HFCs
2222,2222,[dmpim],[TMeM],R134,348.08,0.25,0.207,FC(F)(F)S(=O)(=O)[C-](S(=O)(=O)C(F)(F)F)S(=O)(=O)C(F)(F)F,CCCn1cc[n+](C)c1C,FC(F)C(F)F,Table S3. VLE HFCs
2223,2223,[dmpim],[TMeM],R134,348.12,0.3,0.243,FC(F)(F)S(=O)(=O)[C-](S(=O)(=O)C(F)(F)F)S(=O)(=O)C(F)(F)F,CCCn1cc[n+](C)c1C,FC(F)C(F)F,Table S3. VLE HFCs
2224,2224,[dmpim],[TMeM],R134,348.13,0.35,0.277,FC(F)(F)S(=O)(=O)[C-](S(=O)(=O)C(F)(F)F)S(=O)(=O)C(F)(F)F,CCCn1cc[n+](C)c1C,FC(F)C(F)F,Table S3. VLE HFCs
2225,2225,[empy],[PFBS],R32,303.15,0.0294,0.0248,FC(F)(F)C(F)(F)C(F)(F)C(F)(F)S(=O)(=O)[O-],CC[n+]1cccc(C)c1,C(F)F,Table S3. VLE HFCs
2226,2226,[empy],[PFBS],R32,303.15,0.0928,0.0834,FC(F)(F)C(F)(F)C(F)(F)C(F)(F)S(=O)(=O)[O-],CC[n+]1cccc(C)c1,C(F)F,Table S3. VLE HFCs
2227,2227,[empy],[PFBS],R32,303.15,0.2102,0.1772,FC(F)(F)C(F)(F)C(F)(F)C(F)(F)S(=O)(=O)[O-],CC[n+]1cccc(C)c1,C(F)F,Table S3. VLE HFCs
2228,2228,[empy],[PFBS],R32,303.15,0.2507,0.2003,FC(F)(F)C(F)(F)C(F)(F)C(F)(F)S(=O)(=O)[O-],CC[n+]1cccc(C)c1,C(F)F,Table S3. VLE HFCs
2229,2229,[empy],[PFBS],R32,303.15,0.3221,0.2507,FC(F)(F)C(F)(F)C(F)(F)C(F)(F)S(=O)(=O)[O-],CC[n+]1cccc(C)c1,C(F)F,Table S3. VLE HFCs
2230,2230,[empy],[PFBS],R32,303.15,0.3539,0.2666,FC(F)(F)C(F)(F)C(F)(F)C(F)(F)S(=O)(=O)[O-],CC[n+]1cccc(C)c1,C(F)F,Table S3. VLE HFCs
2231,2231,[empy],[PFBS],R32,303.15,0.4248,0.3096,FC(F)(F)C(F)(F)C(F)(F)C(F)(F)S(=O)(=O)[O-],CC[n+]1cccc(C)c1,C(F)F,Table S3. VLE HFCs
2232,2232,[empy],[PFBS],R32,303.15,0.4277,0.3134,FC(F)(F)C(F)(F)C(F)(F)C(F)(F)S(=O)(=O)[O-],CC[n+]1cccc(C)c1,C(F)F,Table S3. VLE HFCs
2233,2233,[empy],[PFBS],R32,303.15,0.5246,0.3634,FC(F)(F)C(F)(F)C(F)(F)C(F)(F)S(=O)(=O)[O-],CC[n+]1cccc(C)c1,C(F)F,Table S3. VLE HFCs
2234,2234,[empy],[PFBS],R134a,303.15,0.0259,0.033,FC(F)(F)C(F)(F)C(F)(F)C(F)(F)S(=O)(=O)[O-],CC[n+]1cccc(C)c1,C(C(F)(F)F)F,Table S3. VLE HFCs
2235,2235,[empy],[PFBS],R134a,303.15,0.0503,0.0659,FC(F)(F)C(F)(F)C(F)(F)C(F)(F)S(=O)(=O)[O-],CC[n+]1cccc(C)c1,C(C(F)(F)F)F,Table S3. VLE HFCs
2236,2236,[empy],[PFBS],R134a,303.15,0.0902,0.1079,FC(F)(F)C(F)(F)C(F)(F)C(F)(F)S(=O)(=O)[O-],CC[n+]1cccc(C)c1,C(C(F)(F)F)F,Table S3. VLE HFCs
2237,2237,[empy],[PFBS],R134a,303.15,0.1477,0.1778,FC(F)(F)C(F)(F)C(F)(F)C(F)(F)S(=O)(=O)[O-],CC[n+]1cccc(C)c1,C(C(F)(F)F)F,Table S3. VLE HFCs
2238,2238,[empy],[PFBS],R134a,303.15,0.2,0.2308,FC(F)(F)C(F)(F)C(F)(F)C(F)(F)S(=O)(=O)[O-],CC[n+]1cccc(C)c1,C(C(F)(F)F)F,Table S3. VLE HFCs
2239,2239,[empy],[PFBS],R134a,303.15,0.245,0.2795,FC(F)(F)C(F)(F)C(F)(F)C(F)(F)S(=O)(=O)[O-],CC[n+]1cccc(C)c1,C(C(F)(F)F)F,Table S3. VLE HFCs
2240,2240,[empy],[PFBS],R134a,303.15,0.2963,0.3226,FC(F)(F)C(F)(F)C(F)(F)C(F)(F)S(=O)(=O)[O-],CC[n+]1cccc(C)c1,C(C(F)(F)F)F,Table S3. VLE HFCs
2241,2241,[empy],[PFBS],R134a,303.15,0.3454,0.3723,FC(F)(F)C(F)(F)C(F)(F)C(F)(F)S(=O)(=O)[O-],CC[n+]1cccc(C)c1,C(C(F)(F)F)F,Table S3. VLE HFCs
2242,2242,[empy],[PFBS],R134a,303.15,0.4017,0.4176,FC(F)(F)C(F)(F)C(F)(F)C(F)(F)S(=O)(=O)[O-],CC[n+]1cccc(C)c1,C(C(F)(F)F)F,Table S3. VLE HFCs
2243,2243,[empy],[PFBS],R134a,303.15,0.4545,0.4633,FC(F)(F)C(F)(F)C(F)(F)C(F)(F)S(=O)(=O)[O-],CC[n+]1cccc(C)c1,C(C(F)(F)F)F,Table S3. VLE HFCs
2244,2244,[empy],[PFBS],R134a,303.15,0.5007,0.4989,FC(F)(F)C(F)(F)C(F)(F)C(F)(F)S(=O)(=O)[O-],CC[n+]1cccc(C)c1,C(C(F)(F)F)F,Table S3. VLE HFCs
2245,2245,[empy],[PFBS],R125,303.15,0.0486,0.0361,FC(F)(F)C(F)(F)C(F)(F)C(F)(F)S(=O)(=O)[O-],CC[n+]1cccc(C)c1,C(F)(F)(C(F)(F)F),Table S3. VLE HFCs
2246,2246,[empy],[PFBS],R125,303.15,0.0956,0.0866,FC(F)(F)C(F)(F)C(F)(F)C(F)(F)S(=O)(=O)[O-],CC[n+]1cccc(C)c1,C(F)(F)(C(F)(F)F),Table S3. VLE HFCs
2247,2247,[empy],[PFBS],R125,303.15,0.1488,0.1229,FC(F)(F)C(F)(F)C(F)(F)C(F)(F)S(=O)(=O)[O-],CC[n+]1cccc(C)c1,C(F)(F)(C(F)(F)F),Table S3. VLE HFCs
2248,2248,[empy],[PFBS],R125,303.15,0.2054,0.1694,FC(F)(F)C(F)(F)C(F)(F)C(F)(F)S(=O)(=O)[O-],CC[n+]1cccc(C)c1,C(F)(F)(C(F)(F)F),Table S3. VLE HFCs
2249,2249,[empy],[PFBS],R125,303.15,0.2399,0.1926,FC(F)(F)C(F)(F)C(F)(F)C(F)(F)S(=O)(=O)[O-],CC[n+]1cccc(C)c1,C(F)(F)(C(F)(F)F),Table S3. VLE HFCs
2250,2250,[empy],[PFBS],R125,303.15,0.3034,0.2371,FC(F)(F)C(F)(F)C(F)(F)C(F)(F)S(=O)(=O)[O-],CC[n+]1cccc(C)c1,C(F)(F)(C(F)(F)F),Table S3. VLE HFCs
2251,2251,[empy],[PFBS],R125,303.15,0.3499,0.2687,FC(F)(F)C(F)(F)C(F)(F)C(F)(F)S(=O)(=O)[O-],CC[n+]1cccc(C)c1,C(F)(F)(C(F)(F)F),Table S3. VLE HFCs
2252,2252,[empy],[PFBS],R125,303.15,0.3969,0.3007,FC(F)(F)C(F)(F)C(F)(F)C(F)(F)S(=O)(=O)[O-],CC[n+]1cccc(C)c1,C(F)(F)(C(F)(F)F),Table S3. VLE HFCs
2253,2253,[empy],[PFBS],R125,303.15,0.4553,0.337,FC(F)(F)C(F)(F)C(F)(F)C(F)(F)S(=O)(=O)[O-],CC[n+]1cccc(C)c1,C(F)(F)(C(F)(F)F),Table S3. VLE HFCs
2254,2254,[empy],[PFBS],R125,303.15,0.494,0.3587,FC(F)(F)C(F)(F)C(F)(F)C(F)(F)S(=O)(=O)[O-],CC[n+]1cccc(C)c1,C(F)(F)(C(F)(F)F),Table S3. VLE HFCs
2255,2255,[pmpy],[Tf2N],R32,283.15,0.0102,0.015,FC(S(=O)(=O)[N-]S(=O)(=O)C(F)(F)F)(F)F,C(CC)[N+]1=CC(=CC=C1)C,C(F)F,Table S3. VLE HFCs
2256,2256,[pmpy],[Tf2N],R32,283.15,0.1,0.14,FC(S(=O)(=O)[N-]S(=O)(=O)C(F)(F)F)(F)F,C(CC)[N+]1=CC(=CC=C1)C,C(F)F,Table S3. VLE HFCs
2257,2257,[pmpy],[Tf2N],R32,283.15,0.2494,0.313,FC(S(=O)(=O)[N-]S(=O)(=O)C(F)(F)F)(F)F,C(CC)[N+]1=CC(=CC=C1)C,C(F)F,Table S3. VLE HFCs
2258,2258,[pmpy],[Tf2N],R32,283.15,0.3996,0.455,FC(S(=O)(=O)[N-]S(=O)(=O)C(F)(F)F)(F)F,C(CC)[N+]1=CC(=CC=C1)C,C(F)F,Table S3. VLE HFCs
2259,2259,[pmpy],[Tf2N],R32,283.15,0.5493,0.573,FC(S(=O)(=O)[N-]S(=O)(=O)C(F)(F)F)(F)F,C(CC)[N+]1=CC(=CC=C1)C,C(F)F,Table S3. VLE HFCs
2260,2260,[pmpy],[Tf2N],R32,283.15,0.6996,0.6829999999999999,FC(S(=O)(=O)[N-]S(=O)(=O)C(F)(F)F)(F)F,C(CC)[N+]1=CC(=CC=C1)C,C(F)F,Table S3. VLE HFCs
2261,2261,[pmpy],[Tf2N],R32,283.15,0.8495,0.782,FC(S(=O)(=O)[N-]S(=O)(=O)C(F)(F)F)(F)F,C(CC)[N+]1=CC(=CC=C1)C,C(F)F,Table S3. VLE HFCs
2262,2262,[pmpy],[Tf2N],R32,298.05,0.0095,0.01,FC(S(=O)(=O)[N-]S(=O)(=O)C(F)(F)F)(F)F,C(CC)[N+]1=CC(=CC=C1)C,C(F)F,Table S3. VLE HFCs
2263,2263,[pmpy],[Tf2N],R32,298.05,0.1002,0.096,FC(S(=O)(=O)[N-]S(=O)(=O)C(F)(F)F)(F)F,C(CC)[N+]1=CC(=CC=C1)C,C(F)F,Table S3. VLE HFCs
2264,2264,[pmpy],[Tf2N],R32,298.05,0.2503,0.222,FC(S(=O)(=O)[N-]S(=O)(=O)C(F)(F)F)(F)F,C(CC)[N+]1=CC(=CC=C1)C,C(F)F,Table S3. VLE HFCs
2265,2265,[pmpy],[Tf2N],R32,298.05,0.3996,0.33,FC(S(=O)(=O)[N-]S(=O)(=O)C(F)(F)F)(F)F,C(CC)[N+]1=CC(=CC=C1)C,C(F)F,Table S3. VLE HFCs
2266,2266,[pmpy],[Tf2N],R32,298.05,0.5497,0.422,FC(S(=O)(=O)[N-]S(=O)(=O)C(F)(F)F)(F)F,C(CC)[N+]1=CC(=CC=C1)C,C(F)F,Table S3. VLE HFCs
2267,2267,[pmpy],[Tf2N],R32,298.05,0.6992,0.507,FC(S(=O)(=O)[N-]S(=O)(=O)C(F)(F)F)(F)F,C(CC)[N+]1=CC(=CC=C1)C,C(F)F,Table S3. VLE HFCs
2268,2268,[pmpy],[Tf2N],R32,298.05,0.8496,0.58,FC(S(=O)(=O)[N-]S(=O)(=O)C(F)(F)F)(F)F,C(CC)[N+]1=CC(=CC=C1)C,C(F)F,Table S3. VLE HFCs
2269,2269,[pmpy],[Tf2N],R32,298.05,1.0004,0.645,FC(S(=O)(=O)[N-]S(=O)(=O)C(F)(F)F)(F)F,C(CC)[N+]1=CC(=CC=C1)C,C(F)F,Table S3. VLE HFCs
2270,2270,[pmpy],[Tf2N],R32,323.15,0.0103,0.0069999999999999,FC(S(=O)(=O)[N-]S(=O)(=O)C(F)(F)F)(F)F,C(CC)[N+]1=CC(=CC=C1)C,C(F)F,Table S3. VLE HFCs
2271,2271,[pmpy],[Tf2N],R32,323.15,0.1003,0.0579999999999999,FC(S(=O)(=O)[N-]S(=O)(=O)C(F)(F)F)(F)F,C(CC)[N+]1=CC(=CC=C1)C,C(F)F,Table S3. VLE HFCs
2272,2272,[pmpy],[Tf2N],R32,323.15,0.2498,0.138,FC(S(=O)(=O)[N-]S(=O)(=O)C(F)(F)F)(F)F,C(CC)[N+]1=CC(=CC=C1)C,C(F)F,Table S3. VLE HFCs
2273,2273,[pmpy],[Tf2N],R32,323.15,0.4,0.208,FC(S(=O)(=O)[N-]S(=O)(=O)C(F)(F)F)(F)F,C(CC)[N+]1=CC(=CC=C1)C,C(F)F,Table S3. VLE HFCs
2274,2274,[pmpy],[Tf2N],R32,323.15,0.5494,0.272,FC(S(=O)(=O)[N-]S(=O)(=O)C(F)(F)F)(F)F,C(CC)[N+]1=CC(=CC=C1)C,C(F)F,Table S3. VLE HFCs
2275,2275,[pmpy],[Tf2N],R32,323.15,0.6994,0.33,FC(S(=O)(=O)[N-]S(=O)(=O)C(F)(F)F)(F)F,C(CC)[N+]1=CC(=CC=C1)C,C(F)F,Table S3. VLE HFCs
2276,2276,[pmpy],[Tf2N],R32,323.15,0.8503,0.382,FC(S(=O)(=O)[N-]S(=O)(=O)C(F)(F)F)(F)F,C(CC)[N+]1=CC(=CC=C1)C,C(F)F,Table S3. VLE HFCs
2277,2277,[pmpy],[Tf2N],R32,323.15,0.9994,0.433,FC(S(=O)(=O)[N-]S(=O)(=O)C(F)(F)F)(F)F,C(CC)[N+]1=CC(=CC=C1)C,C(F)F,Table S3. VLE HFCs
2278,2278,[pmpy],[Tf2N],R32,348.05,0.0103,0.003,FC(S(=O)(=O)[N-]S(=O)(=O)C(F)(F)F)(F)F,C(CC)[N+]1=CC(=CC=C1)C,C(F)F,Table S3. VLE HFCs
2279,2279,[pmpy],[Tf2N],R32,348.05,0.1002,0.037,FC(S(=O)(=O)[N-]S(=O)(=O)C(F)(F)F)(F)F,C(CC)[N+]1=CC(=CC=C1)C,C(F)F,Table S3. VLE HFCs
2280,2280,[pmpy],[Tf2N],R32,348.05,0.2502,0.09,FC(S(=O)(=O)[N-]S(=O)(=O)C(F)(F)F)(F)F,C(CC)[N+]1=CC(=CC=C1)C,C(F)F,Table S3. VLE HFCs
2281,2281,[pmpy],[Tf2N],R32,348.05,0.4002,0.139,FC(S(=O)(=O)[N-]S(=O)(=O)C(F)(F)F)(F)F,C(CC)[N+]1=CC(=CC=C1)C,C(F)F,Table S3. VLE HFCs
2282,2282,[pmpy],[Tf2N],R32,348.05,0.5493,0.184,FC(S(=O)(=O)[N-]S(=O)(=O)C(F)(F)F)(F)F,C(CC)[N+]1=CC(=CC=C1)C,C(F)F,Table S3. VLE HFCs
2283,2283,[pmpy],[Tf2N],R32,348.05,0.7003,0.226,FC(S(=O)(=O)[N-]S(=O)(=O)C(F)(F)F)(F)F,C(CC)[N+]1=CC(=CC=C1)C,C(F)F,Table S3. VLE HFCs
2284,2284,[pmpy],[Tf2N],R32,348.05,0.8493,0.265,FC(S(=O)(=O)[N-]S(=O)(=O)C(F)(F)F)(F)F,C(CC)[N+]1=CC(=CC=C1)C,C(F)F,Table S3. VLE HFCs
2285,2285,[pmpy],[Tf2N],R32,348.05,1.0002,0.304,FC(S(=O)(=O)[N-]S(=O)(=O)C(F)(F)F)(F)F,C(CC)[N+]1=CC(=CC=C1)C,C(F)F,Table S3. VLE HFCs
2286,2286,[pmpy],[Tf2N],R134,283.0,0.01,0.058,FC(S(=O)(=O)[N-]S(=O)(=O)C(F)(F)F)(F)F,C(CC)[N+]1=CC(=CC=C1)C,FC(F)C(F)F,Table S3. VLE HFCs
2287,2287,[pmpy],[Tf2N],R134,283.08,0.05,0.258,FC(S(=O)(=O)[N-]S(=O)(=O)C(F)(F)F)(F)F,C(CC)[N+]1=CC(=CC=C1)C,FC(F)C(F)F,Table S3. VLE HFCs
2288,2288,[pmpy],[Tf2N],R134,283.11,0.1,0.442,FC(S(=O)(=O)[N-]S(=O)(=O)C(F)(F)F)(F)F,C(CC)[N+]1=CC(=CC=C1)C,FC(F)C(F)F,Table S3. VLE HFCs
2289,2289,[pmpy],[Tf2N],R134,283.02,0.15,0.584,FC(S(=O)(=O)[N-]S(=O)(=O)C(F)(F)F)(F)F,C(CC)[N+]1=CC(=CC=C1)C,FC(F)C(F)F,Table S3. VLE HFCs
2290,2290,[pmpy],[Tf2N],R134,283.18,0.199,0.697,FC(S(=O)(=O)[N-]S(=O)(=O)C(F)(F)F)(F)F,C(CC)[N+]1=CC(=CC=C1)C,FC(F)C(F)F,Table S3. VLE HFCs
2291,2291,[pmpy],[Tf2N],R134,283.13,0.25,0.803,FC(S(=O)(=O)[N-]S(=O)(=O)C(F)(F)F)(F)F,C(CC)[N+]1=CC(=CC=C1)C,FC(F)C(F)F,Table S3. VLE HFCs
2292,2292,[pmpy],[Tf2N],R134,283.12,0.299,0.925,FC(S(=O)(=O)[N-]S(=O)(=O)C(F)(F)F)(F)F,C(CC)[N+]1=CC(=CC=C1)C,FC(F)C(F)F,Table S3. VLE HFCs
2293,2293,[pmpy],[Tf2N],R134,298.14,0.01,0.035,FC(S(=O)(=O)[N-]S(=O)(=O)C(F)(F)F)(F)F,C(CC)[N+]1=CC(=CC=C1)C,FC(F)C(F)F,Table S3. VLE HFCs
2294,2294,[pmpy],[Tf2N],R134,298.14,0.05,0.161,FC(S(=O)(=O)[N-]S(=O)(=O)C(F)(F)F)(F)F,C(CC)[N+]1=CC(=CC=C1)C,FC(F)C(F)F,Table S3. VLE HFCs
2295,2295,[pmpy],[Tf2N],R134,298.07,0.1,0.292,FC(S(=O)(=O)[N-]S(=O)(=O)C(F)(F)F)(F)F,C(CC)[N+]1=CC(=CC=C1)C,FC(F)C(F)F,Table S3. VLE HFCs
2296,2296,[pmpy],[Tf2N],R134,298.02,0.15,0.403,FC(S(=O)(=O)[N-]S(=O)(=O)C(F)(F)F)(F)F,C(CC)[N+]1=CC(=CC=C1)C,FC(F)C(F)F,Table S3. VLE HFCs
2297,2297,[pmpy],[Tf2N],R134,298.06,0.2,0.496,FC(S(=O)(=O)[N-]S(=O)(=O)C(F)(F)F)(F)F,C(CC)[N+]1=CC(=CC=C1)C,FC(F)C(F)F,Table S3. VLE HFCs
2298,2298,[pmpy],[Tf2N],R134,298.19,0.249,0.574,FC(S(=O)(=O)[N-]S(=O)(=O)C(F)(F)F)(F)F,C(CC)[N+]1=CC(=CC=C1)C,FC(F)C(F)F,Table S3. VLE HFCs
2299,2299,[pmpy],[Tf2N],R134,298.22,0.3,0.645,FC(S(=O)(=O)[N-]S(=O)(=O)C(F)(F)F)(F)F,C(CC)[N+]1=CC(=CC=C1)C,FC(F)C(F)F,Table S3. VLE HFCs
2300,2300,[pmpy],[Tf2N],R134,298.15,0.349,0.711,FC(S(=O)(=O)[N-]S(=O)(=O)C(F)(F)F)(F)F,C(CC)[N+]1=CC(=CC=C1)C,FC(F)C(F)F,Table S3. VLE HFCs
2301,2301,[pmpy],[Tf2N],R134,323.2,0.01,0.018,FC(S(=O)(=O)[N-]S(=O)(=O)C(F)(F)F)(F)F,C(CC)[N+]1=CC(=CC=C1)C,FC(F)C(F)F,Table S3. VLE HFCs
2302,2302,[pmpy],[Tf2N],R134,323.08,0.05,0.081,FC(S(=O)(=O)[N-]S(=O)(=O)C(F)(F)F)(F)F,C(CC)[N+]1=CC(=CC=C1)C,FC(F)C(F)F,Table S3. VLE HFCs
2303,2303,[pmpy],[Tf2N],R134,323.09,0.1,0.154,FC(S(=O)(=O)[N-]S(=O)(=O)C(F)(F)F)(F)F,C(CC)[N+]1=CC(=CC=C1)C,FC(F)C(F)F,Table S3. VLE HFCs
2304,2304,[pmpy],[Tf2N],R134,323.09,0.15,0.219,FC(S(=O)(=O)[N-]S(=O)(=O)C(F)(F)F)(F)F,C(CC)[N+]1=CC(=CC=C1)C,FC(F)C(F)F,Table S3. VLE HFCs
2305,2305,[pmpy],[Tf2N],R134,323.09,0.2,0.279,FC(S(=O)(=O)[N-]S(=O)(=O)C(F)(F)F)(F)F,C(CC)[N+]1=CC(=CC=C1)C,FC(F)C(F)F,Table S3. VLE HFCs
2306,2306,[pmpy],[Tf2N],R134,323.09,0.25,0.334,FC(S(=O)(=O)[N-]S(=O)(=O)C(F)(F)F)(F)F,C(CC)[N+]1=CC(=CC=C1)C,FC(F)C(F)F,Table S3. VLE HFCs
2307,2307,[pmpy],[Tf2N],R134,323.01,0.299,0.385,FC(S(=O)(=O)[N-]S(=O)(=O)C(F)(F)F)(F)F,C(CC)[N+]1=CC(=CC=C1)C,FC(F)C(F)F,Table S3. VLE HFCs
2308,2308,[pmpy],[Tf2N],R134,323.02,0.35,0.432,FC(S(=O)(=O)[N-]S(=O)(=O)C(F)(F)F)(F)F,C(CC)[N+]1=CC(=CC=C1)C,FC(F)C(F)F,Table S3. VLE HFCs
2309,2309,[pmpy],[Tf2N],R134,348.09,0.01,0.005,FC(S(=O)(=O)[N-]S(=O)(=O)C(F)(F)F)(F)F,C(CC)[N+]1=CC(=CC=C1)C,FC(F)C(F)F,Table S3. VLE HFCs
2310,2310,[pmpy],[Tf2N],R134,348.09,0.05,0.04,FC(S(=O)(=O)[N-]S(=O)(=O)C(F)(F)F)(F)F,C(CC)[N+]1=CC(=CC=C1)C,FC(F)C(F)F,Table S3. VLE HFCs
2311,2311,[pmpy],[Tf2N],R134,348.12,0.1,0.082,FC(S(=O)(=O)[N-]S(=O)(=O)C(F)(F)F)(F)F,C(CC)[N+]1=CC(=CC=C1)C,FC(F)C(F)F,Table S3. VLE HFCs
2312,2312,[pmpy],[Tf2N],R134,348.06,0.15,0.122,FC(S(=O)(=O)[N-]S(=O)(=O)C(F)(F)F)(F)F,C(CC)[N+]1=CC(=CC=C1)C,FC(F)C(F)F,Table S3. VLE HFCs
2313,2313,[pmpy],[Tf2N],R134,348.13,0.2,0.16,FC(S(=O)(=O)[N-]S(=O)(=O)C(F)(F)F)(F)F,C(CC)[N+]1=CC(=CC=C1)C,FC(F)C(F)F,Table S3. VLE HFCs
2314,2314,[pmpy],[Tf2N],R134,348.14,0.25,0.196,FC(S(=O)(=O)[N-]S(=O)(=O)C(F)(F)F)(F)F,C(CC)[N+]1=CC(=CC=C1)C,FC(F)C(F)F,Table S3. VLE HFCs
2315,2315,[pmpy],[Tf2N],R134,348.08,0.3,0.23,FC(S(=O)(=O)[N-]S(=O)(=O)C(F)(F)F)(F)F,C(CC)[N+]1=CC(=CC=C1)C,FC(F)C(F)F,Table S3. VLE HFCs
2316,2316,[pmpy],[Tf2N],R134,348.07,0.35,0.262,FC(S(=O)(=O)[N-]S(=O)(=O)C(F)(F)F)(F)F,C(CC)[N+]1=CC(=CC=C1)C,FC(F)C(F)F,Table S3. VLE HFCs
2317,2317,[bmpy],[Tf2N],R32,298.15,0.0096,0.01,FC(S(=O)(=O)[N-]S(=O)(=O)C(F)(F)F)(F)F,CCCC[n+]1cccc(C)c1,C(F)F,Table S3. VLE HFCs
2318,2318,[bmpy],[Tf2N],R32,298.15,0.0995,0.1,FC(S(=O)(=O)[N-]S(=O)(=O)C(F)(F)F)(F)F,CCCC[n+]1cccc(C)c1,C(F)F,Table S3. VLE HFCs
2319,2319,[bmpy],[Tf2N],R32,298.15,0.2495,0.224,FC(S(=O)(=O)[N-]S(=O)(=O)C(F)(F)F)(F)F,CCCC[n+]1cccc(C)c1,C(F)F,Table S3. VLE HFCs
2320,2320,[bmpy],[Tf2N],R32,298.15,0.3995,0.331,FC(S(=O)(=O)[N-]S(=O)(=O)C(F)(F)F)(F)F,CCCC[n+]1cccc(C)c1,C(F)F,Table S3. VLE HFCs
2321,2321,[bmpy],[Tf2N],R32,298.15,0.5496,0.428,FC(S(=O)(=O)[N-]S(=O)(=O)C(F)(F)F)(F)F,CCCC[n+]1cccc(C)c1,C(F)F,Table S3. VLE HFCs
2322,2322,[bmpy],[Tf2N],R32,298.15,0.7005,0.51,FC(S(=O)(=O)[N-]S(=O)(=O)C(F)(F)F)(F)F,CCCC[n+]1cccc(C)c1,C(F)F,Table S3. VLE HFCs
2323,2323,[bmpy],[Tf2N],R32,298.15,0.8506,0.586,FC(S(=O)(=O)[N-]S(=O)(=O)C(F)(F)F)(F)F,CCCC[n+]1cccc(C)c1,C(F)F,Table S3. VLE HFCs
2324,2324,[bmpy],[Tf2N],R32,298.15,1.0,0.654,FC(S(=O)(=O)[N-]S(=O)(=O)C(F)(F)F)(F)F,CCCC[n+]1cccc(C)c1,C(F)F,Table S3. VLE HFCs
2325,2325,[P4441],[MeSO4],R41,288.15,0.10024,0.04397,COS(=O)(=O)[O-],CCCC[P+](CCCC)(CCCC)C,CF,Table S3. VLE HFCs
2326,2326,[P4441],[MeSO4],R41,293.39,0.09953,0.03903,COS(=O)(=O)[O-],CCCC[P+](CCCC)(CCCC)C,CF,Table S3. VLE HFCs
2327,2327,[P4441],[MeSO4],R41,298.36,0.09953,0.03519,COS(=O)(=O)[O-],CCCC[P+](CCCC)(CCCC)C,CF,Table S3. VLE HFCs
2328,2328,[P4441],[MeSO4],R41,303.15,0.10165,0.03334,COS(=O)(=O)[O-],CCCC[P+](CCCC)(CCCC)C,CF,Table S3. VLE HFCs
2329,2329,[P4441],[MeSO4],R41,308.33,0.10633,0.03176,COS(=O)(=O)[O-],CCCC[P+](CCCC)(CCCC)C,CF,Table S3. VLE HFCs
2330,2330,[P4441],[MeSO4],R32,288.15,0.10054,0.1174,COS(=O)(=O)[O-],CCCC[P+](CCCC)(CCCC)C,C(F)F,Table S3. VLE HFCs
2331,2331,[P4441],[MeSO4],R32,293.15,0.10356,0.1097,COS(=O)(=O)[O-],CCCC[P+](CCCC)(CCCC)C,C(F)F,Table S3. VLE HFCs
2332,2332,[P4441],[MeSO4],R32,298.19,0.102,0.09925,COS(=O)(=O)[O-],CCCC[P+](CCCC)(CCCC)C,C(F)F,Table S3. VLE HFCs
2333,2333,[P4441],[MeSO4],R32,303.17,0.10132,0.0878,COS(=O)(=O)[O-],CCCC[P+](CCCC)(CCCC)C,C(F)F,Table S3. VLE HFCs
2334,2334,[P4441],[MeSO4],R32,308.39,0.101,0.08052,COS(=O)(=O)[O-],CCCC[P+](CCCC)(CCCC)C,C(F)F,Table S3. VLE HFCs
2335,2335,[P4441],[MeSO4],R23,288.15,0.10401,0.09487,COS(=O)(=O)[O-],CCCC[P+](CCCC)(CCCC)C,C(F)(F)F,Table S3. VLE HFCs
2336,2336,[P4441],[MeSO4],R23,293.31,0.09981,0.0791,COS(=O)(=O)[O-],CCCC[P+](CCCC)(CCCC)C,C(F)(F)F,Table S3. VLE HFCs
2337,2337,[P4441],[MeSO4],R23,298.33,0.1006,0.07188,COS(=O)(=O)[O-],CCCC[P+](CCCC)(CCCC)C,C(F)(F)F,Table S3. VLE HFCs
2338,2338,[P4441],[MeSO4],R23,303.15,0.1028,0.06215,COS(=O)(=O)[O-],CCCC[P+](CCCC)(CCCC)C,C(F)(F)F,Table S3. VLE HFCs
2339,2339,[P4441],[MeSO4],R23,308.45,0.10118,0.05197,COS(=O)(=O)[O-],CCCC[P+](CCCC)(CCCC)C,C(F)(F)F,Table S3. VLE HFCs
2340,2340,[P4442],[Et2PO4],R41,288.15,0.10092,0.05634,CCOP(=O)([O-])OCC,CCCC[P+](CCCC)(CCCC)CC,CF,Table S3. VLE HFCs
2341,2341,[P4442],[Et2PO4],R41,293.15,0.10139,0.05145,CCOP(=O)([O-])OCC,CCCC[P+](CCCC)(CCCC)CC,CF,Table S3. VLE HFCs
2342,2342,[P4442],[Et2PO4],R41,298.17,0.10228,0.04657,CCOP(=O)([O-])OCC,CCCC[P+](CCCC)(CCCC)CC,CF,Table S3. VLE HFCs
2343,2343,[P4442],[Et2PO4],R41,303.21,0.1022,0.04296,CCOP(=O)([O-])OCC,CCCC[P+](CCCC)(CCCC)CC,CF,Table S3. VLE HFCs
2344,2344,[P4442],[Et2PO4],R41,308.15,0.10086,0.03891,CCOP(=O)([O-])OCC,CCCC[P+](CCCC)(CCCC)CC,CF,Table S3. VLE HFCs
2345,2345,[P4442],[Et2PO4],R32,288.15,0.10311,0.195,CCOP(=O)([O-])OCC,CCCC[P+](CCCC)(CCCC)CC,C(F)F,Table S3. VLE HFCs
2346,2346,[P4442],[Et2PO4],R32,293.15,0.10079,0.1767,CCOP(=O)([O-])OCC,CCCC[P+](CCCC)(CCCC)CC,C(F)F,Table S3. VLE HFCs
2347,2347,[P4442],[Et2PO4],R32,298.37,0.10148,0.1514,CCOP(=O)([O-])OCC,CCCC[P+](CCCC)(CCCC)CC,C(F)F,Table S3. VLE HFCs
2348,2348,[P4442],[Et2PO4],R32,303.19,0.09993,0.1397,CCOP(=O)([O-])OCC,CCCC[P+](CCCC)(CCCC)CC,C(F)F,Table S3. VLE HFCs
2349,2349,[P4442],[Et2PO4],R32,308.21,0.10344,0.1306,CCOP(=O)([O-])OCC,CCCC[P+](CCCC)(CCCC)CC,C(F)F,Table S3. VLE HFCs
2350,2350,[P4442],[Et2PO4],R23,288.15,0.09958,0.2512,CCOP(=O)([O-])OCC,CCCC[P+](CCCC)(CCCC)CC,C(F)(F)F,Table S3. VLE HFCs
2351,2351,[P4442],[Et2PO4],R23,293.17,0.09908,0.2284,CCOP(=O)([O-])OCC,CCCC[P+](CCCC)(CCCC)CC,C(F)(F)F,Table S3. VLE HFCs
2352,2352,[P4442],[Et2PO4],R23,298.35,0.10144,0.2191,CCOP(=O)([O-])OCC,CCCC[P+](CCCC)(CCCC)CC,C(F)(F)F,Table S3. VLE HFCs
2353,2353,[P4442],[Et2PO4],R23,303.23,0.10016,0.2031,CCOP(=O)([O-])OCC,CCCC[P+](CCCC)(CCCC)CC,C(F)(F)F,Table S3. VLE HFCs
2354,2354,[P4442],[Et2PO4],R23,308.27,0.10363,0.1942,CCOP(=O)([O-])OCC,CCCC[P+](CCCC)(CCCC)CC,C(F)(F)F,Table S3. VLE HFCs
2355,2355,[P44414],[HFPS],R134a,283.3,0.0099,0.032,FC(F)(F)C(F)C(F)(F)S(=O)(=O)[O-],CCCC[P+](CCCC)(CCCC)CCCCCCCCCCCCCC,C(C(F)(F)F)F,Table S3. VLE HFCs
2356,2356,[P44414],[HFPS],R134a,283.05,0.05,0.152,FC(F)(F)C(F)C(F)(F)S(=O)(=O)[O-],CCCC[P+](CCCC)(CCCC)CCCCCCCCCCCCCC,C(C(F)(F)F)F,Table S3. VLE HFCs
2357,2357,[P44414],[HFPS],R134a,283.35,0.1,0.289,FC(F)(F)C(F)C(F)(F)S(=O)(=O)[O-],CCCC[P+](CCCC)(CCCC)CCCCCCCCCCCCCC,C(C(F)(F)F)F,Table S3. VLE HFCs
2358,2358,[P44414],[HFPS],R134a,283.2,0.15,0.4029999999999999,FC(F)(F)C(F)C(F)(F)S(=O)(=O)[O-],CCCC[P+](CCCC)(CCCC)CCCCCCCCCCCCCC,C(C(F)(F)F)F,Table S3. VLE HFCs
2359,2359,[P44414],[HFPS],R134a,283.15,0.2,0.494,FC(F)(F)C(F)C(F)(F)S(=O)(=O)[O-],CCCC[P+](CCCC)(CCCC)CCCCCCCCCCCCCC,C(C(F)(F)F)F,Table S3. VLE HFCs
2360,2360,[P44414],[HFPS],R134a,283.2,0.2503,0.5870000000000001,FC(F)(F)C(F)C(F)(F)S(=O)(=O)[O-],CCCC[P+](CCCC)(CCCC)CCCCCCCCCCCCCC,C(C(F)(F)F)F,Table S3. VLE HFCs
2361,2361,[P44414],[HFPS],R134a,283.15,0.3002,0.672,FC(F)(F)C(F)C(F)(F)S(=O)(=O)[O-],CCCC[P+](CCCC)(CCCC)CCCCCCCCCCCCCC,C(C(F)(F)F)F,Table S3. VLE HFCs
2362,2362,[P44414],[HFPS],R134a,283.15,0.3493,0.763,FC(F)(F)C(F)C(F)(F)S(=O)(=O)[O-],CCCC[P+](CCCC)(CCCC)CCCCCCCCCCCCCC,C(C(F)(F)F)F,Table S3. VLE HFCs
2363,2363,[P44414],[HFPS],R134a,298.1,0.01,0.019,FC(F)(F)C(F)C(F)(F)S(=O)(=O)[O-],CCCC[P+](CCCC)(CCCC)CCCCCCCCCCCCCC,C(C(F)(F)F)F,Table S3. VLE HFCs
2364,2364,[P44414],[HFPS],R134a,298.1,0.05,0.104,FC(F)(F)C(F)C(F)(F)S(=O)(=O)[O-],CCCC[P+](CCCC)(CCCC)CCCCCCCCCCCCCC,C(C(F)(F)F)F,Table S3. VLE HFCs
2365,2365,[P44414],[HFPS],R134a,298.05,0.0999,0.1939999999999999,FC(F)(F)C(F)C(F)(F)S(=O)(=O)[O-],CCCC[P+](CCCC)(CCCC)CCCCCCCCCCCCCC,C(C(F)(F)F)F,Table S3. VLE HFCs
2366,2366,[P44414],[HFPS],R134a,298.1,0.1499,0.273,FC(F)(F)C(F)C(F)(F)S(=O)(=O)[O-],CCCC[P+](CCCC)(CCCC)CCCCCCCCCCCCCC,C(C(F)(F)F)F,Table S3. VLE HFCs
2367,2367,[P44414],[HFPS],R134a,298.1,0.2002,0.35,FC(F)(F)C(F)C(F)(F)S(=O)(=O)[O-],CCCC[P+](CCCC)(CCCC)CCCCCCCCCCCCCC,C(C(F)(F)F)F,Table S3. VLE HFCs
2368,2368,[P44414],[HFPS],R134a,298.1,0.25,0.418,FC(F)(F)C(F)C(F)(F)S(=O)(=O)[O-],CCCC[P+](CCCC)(CCCC)CCCCCCCCCCCCCC,C(C(F)(F)F)F,Table S3. VLE HFCs
2369,2369,[P44414],[HFPS],R134a,298.1,0.2999,0.477,FC(F)(F)C(F)C(F)(F)S(=O)(=O)[O-],CCCC[P+](CCCC)(CCCC)CCCCCCCCCCCCCC,C(C(F)(F)F)F,Table S3. VLE HFCs
2370,2370,[P44414],[HFPS],R134a,298.1,0.3502,0.53,FC(F)(F)C(F)C(F)(F)S(=O)(=O)[O-],CCCC[P+](CCCC)(CCCC)CCCCCCCCCCCCCC,C(C(F)(F)F)F,Table S3. VLE HFCs
2371,2371,[P44414],[HFPS],R134a,323.15,0.0101,0.01,FC(F)(F)C(F)C(F)(F)S(=O)(=O)[O-],CCCC[P+](CCCC)(CCCC)CCCCCCCCCCCCCC,C(C(F)(F)F)F,Table S3. VLE HFCs
2372,2372,[P44414],[HFPS],R134a,323.15,0.05,0.0559999999999999,FC(F)(F)C(F)C(F)(F)S(=O)(=O)[O-],CCCC[P+](CCCC)(CCCC)CCCCCCCCCCCCCC,C(C(F)(F)F)F,Table S3. VLE HFCs
2373,2373,[P44414],[HFPS],R134a,323.15,0.0999,0.111,FC(F)(F)C(F)C(F)(F)S(=O)(=O)[O-],CCCC[P+](CCCC)(CCCC)CCCCCCCCCCCCCC,C(C(F)(F)F)F,Table S3. VLE HFCs
2374,2374,[P44414],[HFPS],R134a,323.15,0.1499,0.161,FC(F)(F)C(F)C(F)(F)S(=O)(=O)[O-],CCCC[P+](CCCC)(CCCC)CCCCCCCCCCCCCC,C(C(F)(F)F)F,Table S3. VLE HFCs
2375,2375,[P44414],[HFPS],R134a,323.15,0.2,0.209,FC(F)(F)C(F)C(F)(F)S(=O)(=O)[O-],CCCC[P+](CCCC)(CCCC)CCCCCCCCCCCCCC,C(C(F)(F)F)F,Table S3. VLE HFCs
2376,2376,[P44414],[HFPS],R134a,323.15,0.2495,0.254,FC(F)(F)C(F)C(F)(F)S(=O)(=O)[O-],CCCC[P+](CCCC)(CCCC)CCCCCCCCCCCCCC,C(C(F)(F)F)F,Table S3. VLE HFCs
2377,2377,[P44414],[HFPS],R134a,323.15,0.2999,0.293,FC(F)(F)C(F)C(F)(F)S(=O)(=O)[O-],CCCC[P+](CCCC)(CCCC)CCCCCCCCCCCCCC,C(C(F)(F)F)F,Table S3. VLE HFCs
2378,2378,[P44414],[HFPS],R134a,323.15,0.3496,0.3329999999999999,FC(F)(F)C(F)C(F)(F)S(=O)(=O)[O-],CCCC[P+](CCCC)(CCCC)CCCCCCCCCCCCCC,C(C(F)(F)F)F,Table S3. VLE HFCs
2379,2379,[P44414],[HFPS],R134a,348.1,0.0101,0.009,FC(F)(F)C(F)C(F)(F)S(=O)(=O)[O-],CCCC[P+](CCCC)(CCCC)CCCCCCCCCCCCCC,C(C(F)(F)F)F,Table S3. VLE HFCs
2380,2380,[P44414],[HFPS],R134a,348.1,0.0504,0.037,FC(F)(F)C(F)C(F)(F)S(=O)(=O)[O-],CCCC[P+](CCCC)(CCCC)CCCCCCCCCCCCCC,C(C(F)(F)F)F,Table S3. VLE HFCs
2381,2381,[P44414],[HFPS],R134a,348.1,0.1001,0.072,FC(F)(F)C(F)C(F)(F)S(=O)(=O)[O-],CCCC[P+](CCCC)(CCCC)CCCCCCCCCCCCCC,C(C(F)(F)F)F,Table S3. VLE HFCs
2382,2382,[P44414],[HFPS],R134a,348.05,0.15,0.105,FC(F)(F)C(F)C(F)(F)S(=O)(=O)[O-],CCCC[P+](CCCC)(CCCC)CCCCCCCCCCCCCC,C(C(F)(F)F)F,Table S3. VLE HFCs
2383,2383,[P44414],[HFPS],R134a,348.1,0.2001,0.136,FC(F)(F)C(F)C(F)(F)S(=O)(=O)[O-],CCCC[P+](CCCC)(CCCC)CCCCCCCCCCCCCC,C(C(F)(F)F)F,Table S3. VLE HFCs
2384,2384,[P44414],[HFPS],R134a,348.05,0.2504,0.165,FC(F)(F)C(F)C(F)(F)S(=O)(=O)[O-],CCCC[P+](CCCC)(CCCC)CCCCCCCCCCCCCC,C(C(F)(F)F)F,Table S3. VLE HFCs
2385,2385,[P44414],[HFPS],R134a,348.1,0.3004,0.1939999999999999,FC(F)(F)C(F)C(F)(F)S(=O)(=O)[O-],CCCC[P+](CCCC)(CCCC)CCCCCCCCCCCCCC,C(C(F)(F)F)F,Table S3. VLE HFCs
2386,2386,[P44414],[HFPS],R134a,348.05,0.3504,0.221,FC(F)(F)C(F)C(F)(F)S(=O)(=O)[O-],CCCC[P+](CCCC)(CCCC)CCCCCCCCCCCCCC,C(C(F)(F)F)F,Table S3. VLE HFCs
2387,2387,[P66614],[Cl],R41,288.15,0.106,0.06752,[Cl-],CCCCCC[P+](CCCCCC)(CCCCCC)CCCCCCCCCCCCCC,CF,Table S3. VLE HFCs
2388,2388,[P66614],[Cl],R41,293.35,0.10081,0.0618,[Cl-],CCCCCC[P+](CCCCCC)(CCCCCC)CCCCCCCCCCCCCC,CF,Table S3. VLE HFCs
2389,2389,[P66614],[Cl],R41,298.66,0.10303,0.05918,[Cl-],CCCCCC[P+](CCCCCC)(CCCCCC)CCCCCCCCCCCCCC,CF,Table S3. VLE HFCs
2390,2390,[P66614],[Cl],R41,303.21,0.10212,0.05326,[Cl-],CCCCCC[P+](CCCCCC)(CCCCCC)CCCCCCCCCCCCCC,CF,Table S3. VLE HFCs
2391,2391,[P66614],[Cl],R41,308.55,0.10232,0.04901,[Cl-],CCCCCC[P+](CCCCCC)(CCCCCC)CCCCCCCCCCCCCC,CF,Table S3. VLE HFCs
2392,2392,[P66614],[Cl],R32,288.15,0.10589,0.1705,[Cl-],CCCCCC[P+](CCCCCC)(CCCCCC)CCCCCCCCCCCCCC,C(F)F,Table S3. VLE HFCs
2393,2393,[P66614],[Cl],R32,293.17,0.10406,0.152,[Cl-],CCCCCC[P+](CCCCCC)(CCCCCC)CCCCCCCCCCCCCC,C(F)F,Table S3. VLE HFCs
2394,2394,[P66614],[Cl],R32,298.37,0.09997,0.1363,[Cl-],CCCCCC[P+](CCCCCC)(CCCCCC)CCCCCCCCCCCCCC,C(F)F,Table S3. VLE HFCs
2395,2395,[P66614],[Cl],R32,303.15,0.10153,0.1291,[Cl-],CCCCCC[P+](CCCCCC)(CCCCCC)CCCCCCCCCCCCCC,C(F)F,Table S3. VLE HFCs
2396,2396,[P66614],[Cl],R32,308.15,0.10251,0.121,[Cl-],CCCCCC[P+](CCCCCC)(CCCCCC)CCCCCCCCCCCCCC,C(F)F,Table S3. VLE HFCs
2397,2397,[P66614],[Cl],R23,288.17,0.10759,0.2299,[Cl-],CCCCCC[P+](CCCCCC)(CCCCCC)CCCCCCCCCCCCCC,C(F)(F)F,Table S3. VLE HFCs
2398,2398,[P66614],[Cl],R23,293.36,0.09976,0.2004,[Cl-],CCCCCC[P+](CCCCCC)(CCCCCC)CCCCCCCCCCCCCC,C(F)(F)F,Table S3. VLE HFCs
2399,2399,[P66614],[Cl],R23,298.95,0.10085,0.1922,[Cl-],CCCCCC[P+](CCCCCC)(CCCCCC)CCCCCCCCCCCCCC,C(F)(F)F,Table S3. VLE HFCs
2400,2400,[P66614],[Cl],R23,303.19,0.10116,0.1787,[Cl-],CCCCCC[P+](CCCCCC)(CCCCCC)CCCCCCCCCCCCCC,C(F)(F)F,Table S3. VLE HFCs
2401,2401,[P66614],[Cl],R23,308.17,0.1005,0.1704,[Cl-],CCCCCC[P+](CCCCCC)(CCCCCC)CCCCCCCCCCCCCC,C(F)(F)F,Table S3. VLE HFCs
2402,2402,[P66614],[Tf2N],R41,288.15,0.10313,0.09092,FC(S(=O)(=O)[N-]S(=O)(=O)C(F)(F)F)(F)F,CCCCCC[P+](CCCCCC)(CCCCCC)CCCCCCCCCCCCCC,CF,Table S3. VLE HFCs
2403,2403,[P66614],[Tf2N],R41,293.15,0.10002,0.0814,FC(S(=O)(=O)[N-]S(=O)(=O)C(F)(F)F)(F)F,CCCCCC[P+](CCCCCC)(CCCCCC)CCCCCCCCCCCCCC,CF,Table S3. VLE HFCs
2404,2404,[P66614],[Tf2N],R41,298.36,0.09997,0.07676,FC(S(=O)(=O)[N-]S(=O)(=O)C(F)(F)F)(F)F,CCCCCC[P+](CCCCCC)(CCCCCC)CCCCCCCCCCCCCC,CF,Table S3. VLE HFCs
2405,2405,[P66614],[Tf2N],R41,303.15,0.10264,0.07486,FC(S(=O)(=O)[N-]S(=O)(=O)C(F)(F)F)(F)F,CCCCCC[P+](CCCCCC)(CCCCCC)CCCCCCCCCCCCCC,CF,Table S3. VLE HFCs
2406,2406,[P66614],[Tf2N],R41,308.15,0.09911,0.06653,FC(S(=O)(=O)[N-]S(=O)(=O)C(F)(F)F)(F)F,CCCCCC[P+](CCCCCC)(CCCCCC)CCCCCCCCCCCCCC,CF,Table S3. VLE HFCs
2407,2407,[P66614],[Tf2N],R32,288.15,0.10436,0.133,FC(S(=O)(=O)[N-]S(=O)(=O)C(F)(F)F)(F)F,CCCCCC[P+](CCCCCC)(CCCCCC)CCCCCCCCCCCCCC,C(F)F,Table S3. VLE HFCs
2408,2408,[P66614],[Tf2N],R32,293.21,0.1046,0.1235,FC(S(=O)(=O)[N-]S(=O)(=O)C(F)(F)F)(F)F,CCCCCC[P+](CCCCCC)(CCCCCC)CCCCCCCCCCCCCC,C(F)F,Table S3. VLE HFCs
2409,2409,[P66614],[Tf2N],R32,298.35,0.10686,0.119,FC(S(=O)(=O)[N-]S(=O)(=O)C(F)(F)F)(F)F,CCCCCC[P+](CCCCCC)(CCCCCC)CCCCCCCCCCCCCC,C(F)F,Table S3. VLE HFCs
2410,2410,[P66614],[Tf2N],R32,303.19,0.10273,0.1058,FC(S(=O)(=O)[N-]S(=O)(=O)C(F)(F)F)(F)F,CCCCCC[P+](CCCCCC)(CCCCCC)CCCCCCCCCCCCCC,C(F)F,Table S3. VLE HFCs
2411,2411,[P66614],[Tf2N],R32,308.23,0.10249,0.1004,FC(S(=O)(=O)[N-]S(=O)(=O)C(F)(F)F)(F)F,CCCCCC[P+](CCCCCC)(CCCCCC)CCCCCCCCCCCCCC,C(F)F,Table S3. VLE HFCs
2412,2412,[P66614],[Tf2N],R23,288.15,0.09704,0.05886,FC(S(=O)(=O)[N-]S(=O)(=O)C(F)(F)F)(F)F,CCCCCC[P+](CCCCCC)(CCCCCC)CCCCCCCCCCCCCC,C(F)(F)F,Table S3. VLE HFCs
2413,2413,[P66614],[Tf2N],R23,293.15,0.10003,0.05717,FC(S(=O)(=O)[N-]S(=O)(=O)C(F)(F)F)(F)F,CCCCCC[P+](CCCCCC)(CCCCCC)CCCCCCCCCCCCCC,C(F)(F)F,Table S3. VLE HFCs
2414,2414,[P66614],[Tf2N],R23,298.15,0.09988,0.05184,FC(S(=O)(=O)[N-]S(=O)(=O)C(F)(F)F)(F)F,CCCCCC[P+](CCCCCC)(CCCCCC)CCCCCCCCCCCCCC,C(F)(F)F,Table S3. VLE HFCs
2415,2415,[P66614],[Tf2N],R23,303.19,0.09911,0.04623,FC(S(=O)(=O)[N-]S(=O)(=O)C(F)(F)F)(F)F,CCCCCC[P+](CCCCCC)(CCCCCC)CCCCCCCCCCCCCC,C(F)(F)F,Table S3. VLE HFCs
2416,2416,[P66614],[Tf2N],R23,308.39,0.10168,0.0436,FC(S(=O)(=O)[N-]S(=O)(=O)C(F)(F)F)(F)F,CCCCCC[P+](CCCCCC)(CCCCCC)CCCCCCCCCCCCCC,C(F)(F)F,Table S3. VLE HFCs
2417,2417,[P66614],[TMPP],R32,303.3,0.1347,0.133,CC(C)(C)CC(C)CCP(=O)([O-])CC(C)CC(C)(C)C,CCCCCC[P+](CCCCCC)(CCCCCC)CCCCCCCCCCCCCC,C(F)F,Table S3. VLE HFCs
2418,2418,[P66614],[TMPP],R32,302.6,0.2501,0.2186,CC(C)(C)CC(C)CCP(=O)([O-])CC(C)CC(C)(C)C,CCCCCC[P+](CCCCCC)(CCCCCC)CCCCCCCCCCCCCC,C(F)F,Table S3. VLE HFCs
2419,2419,[P66614],[TMPP],R32,302.8,0.3899,0.3258,CC(C)(C)CC(C)CCP(=O)([O-])CC(C)CC(C)(C)C,CCCCCC[P+](CCCCCC)(CCCCCC)CCCCCCCCCCCCCC,C(F)F,Table S3. VLE HFCs
2420,2420,[P66614],[TMPP],R32,303.6,0.4492,0.351,CC(C)(C)CC(C)CCP(=O)([O-])CC(C)CC(C)(C)C,CCCCCC[P+](CCCCCC)(CCCCCC)CCCCCCCCCCCCCC,C(F)F,Table S3. VLE HFCs
2421,2421,[P66614],[TMPP],R32,302.4,0.5397,0.4052,CC(C)(C)CC(C)CCP(=O)([O-])CC(C)CC(C)(C)C,CCCCCC[P+](CCCCCC)(CCCCCC)CCCCCCCCCCCCCC,C(F)F,Table S3. VLE HFCs
2422,2422,[P66614],[TMPP],R32,302.9,0.6729,0.4629,CC(C)(C)CC(C)CCP(=O)([O-])CC(C)CC(C)(C)C,CCCCCC[P+](CCCCCC)(CCCCCC)CCCCCCCCCCCCCC,C(F)F,Table S3. VLE HFCs
2423,2423,[P66614],[TMPP],R32,313.1,0.1532,0.1259,CC(C)(C)CC(C)CCP(=O)([O-])CC(C)CC(C)(C)C,CCCCCC[P+](CCCCCC)(CCCCCC)CCCCCCCCCCCCCC,C(F)F,Table S3. VLE HFCs
2424,2424,[P66614],[TMPP],R32,312.9,0.2801,0.2085,CC(C)(C)CC(C)CCP(=O)([O-])CC(C)CC(C)(C)C,CCCCCC[P+](CCCCCC)(CCCCCC)CCCCCCCCCCCCCC,C(F)F,Table S3. VLE HFCs
2425,2425,[P66614],[TMPP],R32,313.7,0.4541,0.3073,CC(C)(C)CC(C)CCP(=O)([O-])CC(C)CC(C)(C)C,CCCCCC[P+](CCCCCC)(CCCCCC)CCCCCCCCCCCCCC,C(F)F,Table S3. VLE HFCs
2426,2426,[P66614],[TMPP],R32,312.2,0.5065,0.3356,CC(C)(C)CC(C)CCP(=O)([O-])CC(C)CC(C)(C)C,CCCCCC[P+](CCCCCC)(CCCCCC)CCCCCCCCCCCCCC,C(F)F,Table S3. VLE HFCs
2427,2427,[P66614],[TMPP],R32,312.5,0.6224,0.386,CC(C)(C)CC(C)CCP(=O)([O-])CC(C)CC(C)(C)C,CCCCCC[P+](CCCCCC)(CCCCCC)CCCCCCCCCCCCCC,C(F)F,Table S3. VLE HFCs
2428,2428,[P66614],[TMPP],R32,312.4,0.7694,0.4441,CC(C)(C)CC(C)CCP(=O)([O-])CC(C)CC(C)(C)C,CCCCCC[P+](CCCCCC)(CCCCCC)CCCCCCCCCCCCCC,C(F)F,Table S3. VLE HFCs
2429,2429,[P66614],[TMPP],R32,323.6,0.173,0.1178,CC(C)(C)CC(C)CCP(=O)([O-])CC(C)CC(C)(C)C,CCCCCC[P+](CCCCCC)(CCCCCC)CCCCCCCCCCCCCC,C(F)F,Table S3. VLE HFCs
2430,2430,[P66614],[TMPP],R32,323.3,0.3183,0.1948,CC(C)(C)CC(C)CCP(=O)([O-])CC(C)CC(C)(C)C,CCCCCC[P+](CCCCCC)(CCCCCC)CCCCCCCCCCCCCC,C(F)F,Table S3. VLE HFCs
2431,2431,[P66614],[TMPP],R32,322.3,0.5021,0.2942,CC(C)(C)CC(C)CCP(=O)([O-])CC(C)CC(C)(C)C,CCCCCC[P+](CCCCCC)(CCCCCC)CCCCCCCCCCCCCC,C(F)F,Table S3. VLE HFCs
2432,2432,[P66614],[TMPP],R32,323.5,0.5814,0.3161,CC(C)(C)CC(C)CCP(=O)([O-])CC(C)CC(C)(C)C,CCCCCC[P+](CCCCCC)(CCCCCC)CCCCCCCCCCCCCC,C(F)F,Table S3. VLE HFCs
2433,2433,[P66614],[TMPP],R32,322.4,0.7023,0.3679,CC(C)(C)CC(C)CCP(=O)([O-])CC(C)CC(C)(C)C,CCCCCC[P+](CCCCCC)(CCCCCC)CCCCCCCCCCCCCC,C(F)F,Table S3. VLE HFCs
2434,2434,[P66614],[TMPP],R32,322.5,0.8708,0.4247,CC(C)(C)CC(C)CCP(=O)([O-])CC(C)CC(C)(C)C,CCCCCC[P+](CCCCCC)(CCCCCC)CCCCCCCCCCCCCC,C(F)F,Table S3. VLE HFCs
2435,2435,[P66614],[TMPP],R32,333.4,0.1909,0.11,CC(C)(C)CC(C)CCP(=O)([O-])CC(C)CC(C)(C)C,CCCCCC[P+](CCCCCC)(CCCCCC)CCCCCCCCCCCCCC,C(F)F,Table S3. VLE HFCs
2436,2436,[P66614],[TMPP],R32,333.1,0.3512,0.1841,CC(C)(C)CC(C)CCP(=O)([O-])CC(C)CC(C)(C)C,CCCCCC[P+](CCCCCC)(CCCCCC)CCCCCCCCCCCCCC,C(F)F,Table S3. VLE HFCs
2437,2437,[P66614],[TMPP],R32,333.6,0.5639,0.2781,CC(C)(C)CC(C)CCP(=O)([O-])CC(C)CC(C)(C)C,CCCCCC[P+](CCCCCC)(CCCCCC)CCCCCCCCCCCCCC,C(F)F,Table S3. VLE HFCs
2438,2438,[P66614],[TMPP],R32,333.7,0.6442,0.3007,CC(C)(C)CC(C)CCP(=O)([O-])CC(C)CC(C)(C)C,CCCCCC[P+](CCCCCC)(CCCCCC)CCCCCCCCCCCCCC,C(F)F,Table S3. VLE HFCs
2439,2439,[P66614],[TMPP],R32,333.1,0.7841,0.3504,CC(C)(C)CC(C)CCP(=O)([O-])CC(C)CC(C)(C)C,CCCCCC[P+](CCCCCC)(CCCCCC)CCCCCCCCCCCCCC,C(F)F,Table S3. VLE HFCs
2440,2440,[P66614],[TMPP],R32,333.4,0.9759,0.4055,CC(C)(C)CC(C)CCP(=O)([O-])CC(C)CC(C)(C)C,CCCCCC[P+](CCCCCC)(CCCCCC)CCCCCCCCCCCCCC,C(F)F,Table S3. VLE HFCs
2441,2441,[P66614],[TMPP],R32,343.1,0.206,0.103,CC(C)(C)CC(C)CCP(=O)([O-])CC(C)CC(C)(C)C,CCCCCC[P+](CCCCCC)(CCCCCC)CCCCCCCCCCCCCC,C(F)F,Table S3. VLE HFCs
2442,2442,[P66614],[TMPP],R32,343.6,0.3853,0.1737,CC(C)(C)CC(C)CCP(=O)([O-])CC(C)CC(C)(C)C,CCCCCC[P+](CCCCCC)(CCCCCC)CCCCCCCCCCCCCC,C(F)F,Table S3. VLE HFCs
2443,2443,[P66614],[TMPP],R32,343.6,0.6154,0.2656,CC(C)(C)CC(C)CCP(=O)([O-])CC(C)CC(C)(C)C,CCCCCC[P+](CCCCCC)(CCCCCC)CCCCCCCCCCCCCC,C(F)F,Table S3. VLE HFCs
2444,2444,[P66614],[TMPP],R32,342.9,0.6989,0.2882,CC(C)(C)CC(C)CCP(=O)([O-])CC(C)CC(C)(C)C,CCCCCC[P+](CCCCCC)(CCCCCC)CCCCCCCCCCCCCC,C(F)F,Table S3. VLE HFCs
2445,2445,[P66614],[TMPP],R32,343.3,0.8602,0.3348,CC(C)(C)CC(C)CCP(=O)([O-])CC(C)CC(C)(C)C,CCCCCC[P+](CCCCCC)(CCCCCC)CCCCCCCCCCCCCC,C(F)F,Table S3. VLE HFCs
2446,2446,[P66614],[TMPP],R32,343.0,1.0693,0.3887,CC(C)(C)CC(C)CCP(=O)([O-])CC(C)CC(C)(C)C,CCCCCC[P+](CCCCCC)(CCCCCC)CCCCCCCCCCCCCC,C(F)F,Table S3. VLE HFCs
2447,2447,[P66614],[TMPP],R161,302.2,0.097,0.185,CC(C)(C)CC(C)CCP(=O)([O-])CC(C)CC(C)(C)C,CCCCCC[P+](CCCCCC)(CCCCCC)CCCCCCCCCCCCCC,CCF,Table S3. VLE HFCs
2448,2448,[P66614],[TMPP],R161,302.7,0.168,0.289,CC(C)(C)CC(C)CCP(=O)([O-])CC(C)CC(C)(C)C,CCCCCC[P+](CCCCCC)(CCCCCC)CCCCCCCCCCCCCC,CCF,Table S3. VLE HFCs
2449,2449,[P66614],[TMPP],R161,303.2,0.217,0.349,CC(C)(C)CC(C)CCP(=O)([O-])CC(C)CC(C)(C)C,CCCCCC[P+](CCCCCC)(CCCCCC)CCCCCCCCCCCCCC,CCF,Table S3. VLE HFCs
2450,2450,[P66614],[TMPP],R161,302.9,0.27,0.411,CC(C)(C)CC(C)CCP(=O)([O-])CC(C)CC(C)(C)C,CCCCCC[P+](CCCCCC)(CCCCCC)CCCCCCCCCCCCCC,CCF,Table S3. VLE HFCs
2451,2451,[P66614],[TMPP],R161,302.8,0.299,0.438,CC(C)(C)CC(C)CCP(=O)([O-])CC(C)CC(C)(C)C,CCCCCC[P+](CCCCCC)(CCCCCC)CCCCCCCCCCCCCC,CCF,Table S3. VLE HFCs
2452,2452,[P66614],[TMPP],R161,302.9,0.338,0.479,CC(C)(C)CC(C)CCP(=O)([O-])CC(C)CC(C)(C)C,CCCCCC[P+](CCCCCC)(CCCCCC)CCCCCCCCCCCCCC,CCF,Table S3. VLE HFCs
2453,2453,[P66614],[TMPP],R161,312.7,0.114,0.177,CC(C)(C)CC(C)CCP(=O)([O-])CC(C)CC(C)(C)C,CCCCCC[P+](CCCCCC)(CCCCCC)CCCCCCCCCCCCCC,CCF,Table S3. VLE HFCs
2454,2454,[P66614],[TMPP],R161,312.6,0.196,0.27,CC(C)(C)CC(C)CCP(=O)([O-])CC(C)CC(C)(C)C,CCCCCC[P+](CCCCCC)(CCCCCC)CCCCCCCCCCCCCC,CCF,Table S3. VLE HFCs
2455,2455,[P66614],[TMPP],R161,312.3,0.251,0.333,CC(C)(C)CC(C)CCP(=O)([O-])CC(C)CC(C)(C)C,CCCCCC[P+](CCCCCC)(CCCCCC)CCCCCCCCCCCCCC,CCF,Table S3. VLE HFCs
2456,2456,[P66614],[TMPP],R161,312.6,0.317,0.395,CC(C)(C)CC(C)CCP(=O)([O-])CC(C)CC(C)(C)C,CCCCCC[P+](CCCCCC)(CCCCCC)CCCCCCCCCCCCCC,CCF,Table S3. VLE HFCs
2457,2457,[P66614],[TMPP],R161,312.8,0.353,0.427,CC(C)(C)CC(C)CCP(=O)([O-])CC(C)CC(C)(C)C,CCCCCC[P+](CCCCCC)(CCCCCC)CCCCCCCCCCCCCC,CCF,Table S3. VLE HFCs
2458,2458,[P66614],[TMPP],R161,313.6,0.404,0.472,CC(C)(C)CC(C)CCP(=O)([O-])CC(C)CC(C)(C)C,CCCCCC[P+](CCCCCC)(CCCCCC)CCCCCCCCCCCCCC,CCF,Table S3. VLE HFCs
2459,2459,[P66614],[TMPP],R161,322.6,0.131,0.162,CC(C)(C)CC(C)CCP(=O)([O-])CC(C)CC(C)(C)C,CCCCCC[P+](CCCCCC)(CCCCCC)CCCCCCCCCCCCCC,CCF,Table S3. VLE HFCs
2460,2460,[P66614],[TMPP],R161,322.6,0.226,0.263,CC(C)(C)CC(C)CCP(=O)([O-])CC(C)CC(C)(C)C,CCCCCC[P+](CCCCCC)(CCCCCC)CCCCCCCCCCCCCC,CCF,Table S3. VLE HFCs
2461,2461,[P66614],[TMPP],R161,322.7,0.291,0.325,CC(C)(C)CC(C)CCP(=O)([O-])CC(C)CC(C)(C)C,CCCCCC[P+](CCCCCC)(CCCCCC)CCCCCCCCCCCCCC,CCF,Table S3. VLE HFCs
2462,2462,[P66614],[TMPP],R161,323.9,0.374,0.391,CC(C)(C)CC(C)CCP(=O)([O-])CC(C)CC(C)(C)C,CCCCCC[P+](CCCCCC)(CCCCCC)CCCCCCCCCCCCCC,CCF,Table S3. VLE HFCs
2463,2463,[P66614],[TMPP],R161,322.7,0.408,0.423,CC(C)(C)CC(C)CCP(=O)([O-])CC(C)CC(C)(C)C,CCCCCC[P+](CCCCCC)(CCCCCC)CCCCCCCCCCCCCC,CCF,Table S3. VLE HFCs
2464,2464,[P66614],[TMPP],R161,322.8,0.465,0.46,CC(C)(C)CC(C)CCP(=O)([O-])CC(C)CC(C)(C)C,CCCCCC[P+](CCCCCC)(CCCCCC)CCCCCCCCCCCCCC,CCF,Table S3. VLE HFCs
2465,2465,[P66614],[TMPP],R161,332.3,0.147,0.151,CC(C)(C)CC(C)CCP(=O)([O-])CC(C)CC(C)(C)C,CCCCCC[P+](CCCCCC)(CCCCCC)CCCCCCCCCCCCCC,CCF,Table S3. VLE HFCs
2466,2466,[P66614],[TMPP],R161,333.1,0.257,0.249,CC(C)(C)CC(C)CCP(=O)([O-])CC(C)CC(C)(C)C,CCCCCC[P+](CCCCCC)(CCCCCC)CCCCCCCCCCCCCC,CCF,Table S3. VLE HFCs
2467,2467,[P66614],[TMPP],R161,333.5,0.334,0.319,CC(C)(C)CC(C)CCP(=O)([O-])CC(C)CC(C)(C)C,CCCCCC[P+](CCCCCC)(CCCCCC)CCCCCCCCCCCCCC,CCF,Table S3. VLE HFCs
2468,2468,[P66614],[TMPP],R161,333.6,0.422,0.379,CC(C)(C)CC(C)CCP(=O)([O-])CC(C)CC(C)(C)C,CCCCCC[P+](CCCCCC)(CCCCCC)CCCCCCCCCCCCCC,CCF,Table S3. VLE HFCs
2469,2469,[P66614],[TMPP],R161,333.0,0.469,0.413,CC(C)(C)CC(C)CCP(=O)([O-])CC(C)CC(C)(C)C,CCCCCC[P+](CCCCCC)(CCCCCC)CCCCCCCCCCCCCC,CCF,Table S3. VLE HFCs
2470,2470,[P66614],[TMPP],R161,333.2,0.533,0.449,CC(C)(C)CC(C)CCP(=O)([O-])CC(C)CC(C)(C)C,CCCCCC[P+](CCCCCC)(CCCCCC)CCCCCCCCCCCCCC,CCF,Table S3. VLE HFCs
2471,2471,[P66614],[TMPP],R161,343.3,0.166,0.139,CC(C)(C)CC(C)CCP(=O)([O-])CC(C)CC(C)(C)C,CCCCCC[P+](CCCCCC)(CCCCCC)CCCCCCCCCCCCCC,CCF,Table S3. VLE HFCs
2472,2472,[P66614],[TMPP],R161,343.1,0.287,0.232,CC(C)(C)CC(C)CCP(=O)([O-])CC(C)CC(C)(C)C,CCCCCC[P+](CCCCCC)(CCCCCC)CCCCCCCCCCCCCC,CCF,Table S3. VLE HFCs
2473,2473,[P66614],[TMPP],R161,343.0,0.37,0.298,CC(C)(C)CC(C)CCP(=O)([O-])CC(C)CC(C)(C)C,CCCCCC[P+](CCCCCC)(CCCCCC)CCCCCCCCCCCCCC,CCF,Table S3. VLE HFCs
2474,2474,[P66614],[TMPP],R161,343.3,0.471,0.368,CC(C)(C)CC(C)CCP(=O)([O-])CC(C)CC(C)(C)C,CCCCCC[P+](CCCCCC)(CCCCCC)CCCCCCCCCCCCCC,CCF,Table S3. VLE HFCs
2475,2475,[P66614],[TMPP],R161,342.2,0.521,0.396,CC(C)(C)CC(C)CCP(=O)([O-])CC(C)CC(C)(C)C,CCCCCC[P+](CCCCCC)(CCCCCC)CCCCCCCCCCCCCC,CCF,Table S3. VLE HFCs
2476,2476,[P66614],[TMPP],R161,342.5,0.595,0.434,CC(C)(C)CC(C)CCP(=O)([O-])CC(C)CC(C)(C)C,CCCCCC[P+](CCCCCC)(CCCCCC)CCCCCCCCCCCCCC,CCF,Table S3. VLE HFCs
2477,2477,[P66614],[TMPP],R152a,302.2,0.055,0.105,CC(C)(C)CC(C)CCP(=O)([O-])CC(C)CC(C)(C)C,CCCCCC[P+](CCCCCC)(CCCCCC)CCCCCCCCCCCCCC,CC(F)F,Table S3. VLE HFCs
2478,2478,[P66614],[TMPP],R152a,302.5,0.102,0.191,CC(C)(C)CC(C)CCP(=O)([O-])CC(C)CC(C)(C)C,CCCCCC[P+](CCCCCC)(CCCCCC)CCCCCCCCCCCCCC,CC(F)F,Table S3. VLE HFCs
2479,2479,[P66614],[TMPP],R152a,302.3,0.15,0.258,CC(C)(C)CC(C)CCP(=O)([O-])CC(C)CC(C)(C)C,CCCCCC[P+](CCCCCC)(CCCCCC)CCCCCCCCCCCCCC,CC(F)F,Table S3. VLE HFCs
2480,2480,[P66614],[TMPP],R152a,303.3,0.222,0.343,CC(C)(C)CC(C)CCP(=O)([O-])CC(C)CC(C)(C)C,CCCCCC[P+](CCCCCC)(CCCCCC)CCCCCCCCCCCCCC,CC(F)F,Table S3. VLE HFCs
2481,2481,[P66614],[TMPP],R152a,302.7,0.259,0.383,CC(C)(C)CC(C)CCP(=O)([O-])CC(C)CC(C)(C)C,CCCCCC[P+](CCCCCC)(CCCCCC)CCCCCCCCCCCCCC,CC(F)F,Table S3. VLE HFCs
2482,2482,[P66614],[TMPP],R152a,302.3,0.284,0.413,CC(C)(C)CC(C)CCP(=O)([O-])CC(C)CC(C)(C)C,CCCCCC[P+](CCCCCC)(CCCCCC)CCCCCCCCCCCCCC,CC(F)F,Table S3. VLE HFCs
2483,2483,[P66614],[TMPP],R152a,312.8,0.064,0.095,CC(C)(C)CC(C)CCP(=O)([O-])CC(C)CC(C)(C)C,CCCCCC[P+](CCCCCC)(CCCCCC)CCCCCCCCCCCCCC,CC(F)F,Table S3. VLE HFCs
2484,2484,[P66614],[TMPP],R152a,312.4,0.123,0.177,CC(C)(C)CC(C)CCP(=O)([O-])CC(C)CC(C)(C)C,CCCCCC[P+](CCCCCC)(CCCCCC)CCCCCCCCCCCCCC,CC(F)F,Table S3. VLE HFCs
2485,2485,[P66614],[TMPP],R152a,312.6,0.182,0.24,CC(C)(C)CC(C)CCP(=O)([O-])CC(C)CC(C)(C)C,CCCCCC[P+](CCCCCC)(CCCCCC)CCCCCCCCCCCCCC,CC(F)F,Table S3. VLE HFCs
2486,2486,[P66614],[TMPP],R152a,313.2,0.267,0.318,CC(C)(C)CC(C)CCP(=O)([O-])CC(C)CC(C)(C)C,CCCCCC[P+](CCCCCC)(CCCCCC)CCCCCCCCCCCCCC,CC(F)F,Table S3. VLE HFCs
2487,2487,[P66614],[TMPP],R152a,312.2,0.312,0.358,CC(C)(C)CC(C)CCP(=O)([O-])CC(C)CC(C)(C)C,CCCCCC[P+](CCCCCC)(CCCCCC)CCCCCCCCCCCCCC,CC(F)F,Table S3. VLE HFCs
2488,2488,[P66614],[TMPP],R152a,312.9,0.35,0.388,CC(C)(C)CC(C)CCP(=O)([O-])CC(C)CC(C)(C)C,CCCCCC[P+](CCCCCC)(CCCCCC)CCCCCCCCCCCCCC,CC(F)F,Table S3. VLE HFCs
2489,2489,[P66614],[TMPP],R152a,322.6,0.073,0.088,CC(C)(C)CC(C)CCP(=O)([O-])CC(C)CC(C)(C)C,CCCCCC[P+](CCCCCC)(CCCCCC)CCCCCCCCCCCCCC,CC(F)F,Table S3. VLE HFCs
2490,2490,[P66614],[TMPP],R152a,323.3,0.149,0.164,CC(C)(C)CC(C)CCP(=O)([O-])CC(C)CC(C)(C)C,CCCCCC[P+](CCCCCC)(CCCCCC)CCCCCCCCCCCCCC,CC(F)F,Table S3. VLE HFCs
2491,2491,[P66614],[TMPP],R152a,322.8,0.216,0.225,CC(C)(C)CC(C)CCP(=O)([O-])CC(C)CC(C)(C)C,CCCCCC[P+](CCCCCC)(CCCCCC)CCCCCCCCCCCCCC,CC(F)F,Table S3. VLE HFCs
2492,2492,[P66614],[TMPP],R152a,322.5,0.312,0.292,CC(C)(C)CC(C)CCP(=O)([O-])CC(C)CC(C)(C)C,CCCCCC[P+](CCCCCC)(CCCCCC)CCCCCCCCCCCCCC,CC(F)F,Table S3. VLE HFCs
2493,2493,[P66614],[TMPP],R152a,323.7,0.38,0.335,CC(C)(C)CC(C)CCP(=O)([O-])CC(C)CC(C)(C)C,CCCCCC[P+](CCCCCC)(CCCCCC)CCCCCCCCCCCCCC,CC(F)F,Table S3. VLE HFCs
2494,2494,[P66614],[TMPP],R152a,322.6,0.414,0.357,CC(C)(C)CC(C)CCP(=O)([O-])CC(C)CC(C)(C)C,CCCCCC[P+](CCCCCC)(CCCCCC)CCCCCCCCCCCCCC,CC(F)F,Table S3. VLE HFCs
2495,2495,[P66614],[TMPP],R152a,333.2,0.081,0.078,CC(C)(C)CC(C)CCP(=O)([O-])CC(C)CC(C)(C)C,CCCCCC[P+](CCCCCC)(CCCCCC)CCCCCCCCCCCCCC,CC(F)F,Table S3. VLE HFCs
2496,2496,[P66614],[TMPP],R152a,332.6,0.173,0.148,CC(C)(C)CC(C)CCP(=O)([O-])CC(C)CC(C)(C)C,CCCCCC[P+](CCCCCC)(CCCCCC)CCCCCCCCCCCCCC,CC(F)F,Table S3. VLE HFCs
2497,2497,[P66614],[TMPP],R152a,333.2,0.253,0.207,CC(C)(C)CC(C)CCP(=O)([O-])CC(C)CC(C)(C)C,CCCCCC[P+](CCCCCC)(CCCCCC)CCCCCCCCCCCCCC,CC(F)F,Table S3. VLE HFCs
2498,2498,[P66614],[TMPP],R152a,333.1,0.367,0.269,CC(C)(C)CC(C)CCP(=O)([O-])CC(C)CC(C)(C)C,CCCCCC[P+](CCCCCC)(CCCCCC)CCCCCCCCCCCCCC,CC(F)F,Table S3. VLE HFCs
2499,2499,[P66614],[TMPP],R152a,333.7,0.442,0.307,CC(C)(C)CC(C)CCP(=O)([O-])CC(C)CC(C)(C)C,CCCCCC[P+](CCCCCC)(CCCCCC)CCCCCCCCCCCCCC,CC(F)F,Table S3. VLE HFCs
2500,2500,[P66614],[TMPP],R152a,333.1,0.488,0.326,CC(C)(C)CC(C)CCP(=O)([O-])CC(C)CC(C)(C)C,CCCCCC[P+](CCCCCC)(CCCCCC)CCCCCCCCCCCCCC,CC(F)F,Table S3. VLE HFCs
2501,2501,[P66614],[TMPP],R152a,343.1,0.088,0.067,CC(C)(C)CC(C)CCP(=O)([O-])CC(C)CC(C)(C)C,CCCCCC[P+](CCCCCC)(CCCCCC)CCCCCCCCCCCCCC,CC(F)F,Table S3. VLE HFCs
2502,2502,[P66614],[TMPP],R152a,342.3,0.199,0.136,CC(C)(C)CC(C)CCP(=O)([O-])CC(C)CC(C)(C)C,CCCCCC[P+](CCCCCC)(CCCCCC)CCCCCCCCCCCCCC,CC(F)F,Table S3. VLE HFCs
2503,2503,[P66614],[TMPP],R152a,343.0,0.291,0.187,CC(C)(C)CC(C)CCP(=O)([O-])CC(C)CC(C)(C)C,CCCCCC[P+](CCCCCC)(CCCCCC)CCCCCCCCCCCCCC,CC(F)F,Table S3. VLE HFCs
2504,2504,[P66614],[TMPP],R152a,342.8,0.42,0.244,CC(C)(C)CC(C)CCP(=O)([O-])CC(C)CC(C)(C)C,CCCCCC[P+](CCCCCC)(CCCCCC)CCCCCCCCCCCCCC,CC(F)F,Table S3. VLE HFCs
2505,2505,[P66614],[TMPP],R152a,343.2,0.504,0.272,CC(C)(C)CC(C)CCP(=O)([O-])CC(C)CC(C)(C)C,CCCCCC[P+](CCCCCC)(CCCCCC)CCCCCCCCCCCCCC,CC(F)F,Table S3. VLE HFCs
2506,2506,[P66614],[TMPP],R152a,343.1,0.561,0.293,CC(C)(C)CC(C)CCP(=O)([O-])CC(C)CC(C)(C)C,CCCCCC[P+](CCCCCC)(CCCCCC)CCCCCCCCCCCCCC,CC(F)F,Table S3. VLE HFCs
2507,2507,[P66614],[TMPP],R143a,303.8,0.169,0.107,CC(C)(C)CC(C)CCP(=O)([O-])CC(C)CC(C)(C)C,CCCCCC[P+](CCCCCC)(CCCCCC)CCCCCCCCCCCCCC,CC(F)(F)F,Table S3. VLE HFCs
2508,2508,[P66614],[TMPP],R143a,302.3,0.26,0.161,CC(C)(C)CC(C)CCP(=O)([O-])CC(C)CC(C)(C)C,CCCCCC[P+](CCCCCC)(CCCCCC)CCCCCCCCCCCCCC,CC(F)(F)F,Table S3. VLE HFCs
2509,2509,[P66614],[TMPP],R143a,303.1,0.357,0.205,CC(C)(C)CC(C)CCP(=O)([O-])CC(C)CC(C)(C)C,CCCCCC[P+](CCCCCC)(CCCCCC)CCCCCCCCCCCCCC,CC(F)(F)F,Table S3. VLE HFCs
2510,2510,[P66614],[TMPP],R143a,302.4,0.506,0.278,CC(C)(C)CC(C)CCP(=O)([O-])CC(C)CC(C)(C)C,CCCCCC[P+](CCCCCC)(CCCCCC)CCCCCCCCCCCCCC,CC(F)(F)F,Table S3. VLE HFCs
2511,2511,[P66614],[TMPP],R143a,302.4,0.674,0.342,CC(C)(C)CC(C)CCP(=O)([O-])CC(C)CC(C)(C)C,CCCCCC[P+](CCCCCC)(CCCCCC)CCCCCCCCCCCCCC,CC(F)(F)F,Table S3. VLE HFCs
2512,2512,[P66614],[TMPP],R143a,302.7,0.792,0.385,CC(C)(C)CC(C)CCP(=O)([O-])CC(C)CC(C)(C)C,CCCCCC[P+](CCCCCC)(CCCCCC)CCCCCCCCCCCCCC,CC(F)(F)F,Table S3. VLE HFCs
2513,2513,[P66614],[TMPP],R143a,313.4,0.179,0.1,CC(C)(C)CC(C)CCP(=O)([O-])CC(C)CC(C)(C)C,CCCCCC[P+](CCCCCC)(CCCCCC)CCCCCCCCCCCCCC,CC(F)(F)F,Table S3. VLE HFCs
2514,2514,[P66614],[TMPP],R143a,313.2,0.283,0.153,CC(C)(C)CC(C)CCP(=O)([O-])CC(C)CC(C)(C)C,CCCCCC[P+](CCCCCC)(CCCCCC)CCCCCCCCCCCCCC,CC(F)(F)F,Table S3. VLE HFCs
2515,2515,[P66614],[TMPP],R143a,312.9,0.387,0.195,CC(C)(C)CC(C)CCP(=O)([O-])CC(C)CC(C)(C)C,CCCCCC[P+](CCCCCC)(CCCCCC)CCCCCCCCCCCCCC,CC(F)(F)F,Table S3. VLE HFCs
2516,2516,[P66614],[TMPP],R143a,312.8,0.567,0.269,CC(C)(C)CC(C)CCP(=O)([O-])CC(C)CC(C)(C)C,CCCCCC[P+](CCCCCC)(CCCCCC)CCCCCCCCCCCCCC,CC(F)(F)F,Table S3. VLE HFCs
2517,2517,[P66614],[TMPP],R143a,313.2,0.756,0.331,CC(C)(C)CC(C)CCP(=O)([O-])CC(C)CC(C)(C)C,CCCCCC[P+](CCCCCC)(CCCCCC)CCCCCCCCCCCCCC,CC(F)(F)F,Table S3. VLE HFCs
2518,2518,[P66614],[TMPP],R143a,313.9,0.889,0.371,CC(C)(C)CC(C)CCP(=O)([O-])CC(C)CC(C)(C)C,CCCCCC[P+](CCCCCC)(CCCCCC)CCCCCCCCCCCCCC,CC(F)(F)F,Table S3. VLE HFCs
2519,2519,[P66614],[TMPP],R143a,322.7,0.194,0.094,CC(C)(C)CC(C)CCP(=O)([O-])CC(C)CC(C)(C)C,CCCCCC[P+](CCCCCC)(CCCCCC)CCCCCCCCCCCCCC,CC(F)(F)F,Table S3. VLE HFCs
2520,2520,[P66614],[TMPP],R143a,323.7,0.308,0.143,CC(C)(C)CC(C)CCP(=O)([O-])CC(C)CC(C)(C)C,CCCCCC[P+](CCCCCC)(CCCCCC)CCCCCCCCCCCCCC,CC(F)(F)F,Table S3. VLE HFCs
2521,2521,[P66614],[TMPP],R143a,322.8,0.422,0.185,CC(C)(C)CC(C)CCP(=O)([O-])CC(C)CC(C)(C)C,CCCCCC[P+](CCCCCC)(CCCCCC)CCCCCCCCCCCCCC,CC(F)(F)F,Table S3. VLE HFCs
2522,2522,[P66614],[TMPP],R143a,323.6,0.63,0.254,CC(C)(C)CC(C)CCP(=O)([O-])CC(C)CC(C)(C)C,CCCCCC[P+](CCCCCC)(CCCCCC)CCCCCCCCCCCCCC,CC(F)(F)F,Table S3. VLE HFCs
2523,2523,[P66614],[TMPP],R143a,323.2,0.837,0.315,CC(C)(C)CC(C)CCP(=O)([O-])CC(C)CC(C)(C)C,CCCCCC[P+](CCCCCC)(CCCCCC)CCCCCCCCCCCCCC,CC(F)(F)F,Table S3. VLE HFCs
2524,2524,[P66614],[TMPP],R143a,322.4,0.961,0.347,CC(C)(C)CC(C)CCP(=O)([O-])CC(C)CC(C)(C)C,CCCCCC[P+](CCCCCC)(CCCCCC)CCCCCCCCCCCCCC,CC(F)(F)F,Table S3. VLE HFCs
2525,2525,[P66614],[TMPP],R143a,333.6,0.209,0.092,CC(C)(C)CC(C)CCP(=O)([O-])CC(C)CC(C)(C)C,CCCCCC[P+](CCCCCC)(CCCCCC)CCCCCCCCCCCCCC,CC(F)(F)F,Table S3. VLE HFCs
2526,2526,[P66614],[TMPP],R143a,332.7,0.329,0.139,CC(C)(C)CC(C)CCP(=O)([O-])CC(C)CC(C)(C)C,CCCCCC[P+](CCCCCC)(CCCCCC)CCCCCCCCCCCCCC,CC(F)(F)F,Table S3. VLE HFCs
2527,2527,[P66614],[TMPP],R143a,332.7,0.45,0.174,CC(C)(C)CC(C)CCP(=O)([O-])CC(C)CC(C)(C)C,CCCCCC[P+](CCCCCC)(CCCCCC)CCCCCCCCCCCCCC,CC(F)(F)F,Table S3. VLE HFCs
2528,2528,[P66614],[TMPP],R143a,333.2,0.682,0.244,CC(C)(C)CC(C)CCP(=O)([O-])CC(C)CC(C)(C)C,CCCCCC[P+](CCCCCC)(CCCCCC)CCCCCCCCCCCCCC,CC(F)(F)F,Table S3. VLE HFCs
2529,2529,[P66614],[TMPP],R143a,333.6,0.915,0.296,CC(C)(C)CC(C)CCP(=O)([O-])CC(C)CC(C)(C)C,CCCCCC[P+](CCCCCC)(CCCCCC)CCCCCCCCCCCCCC,CC(F)(F)F,Table S3. VLE HFCs
2530,2530,[P66614],[TMPP],R143a,333.5,1.063,0.324,CC(C)(C)CC(C)CCP(=O)([O-])CC(C)CC(C)(C)C,CCCCCC[P+](CCCCCC)(CCCCCC)CCCCCCCCCCCCCC,CC(F)(F)F,Table S3. VLE HFCs
2531,2531,[P66614],[TMPP],R143a,343.8,0.223,0.087,CC(C)(C)CC(C)CCP(=O)([O-])CC(C)CC(C)(C)C,CCCCCC[P+](CCCCCC)(CCCCCC)CCCCCCCCCCCCCC,CC(F)(F)F,Table S3. VLE HFCs
2532,2532,[P66614],[TMPP],R143a,342.4,0.352,0.132,CC(C)(C)CC(C)CCP(=O)([O-])CC(C)CC(C)(C)C,CCCCCC[P+](CCCCCC)(CCCCCC)CCCCCCCCCCCCCC,CC(F)(F)F,Table S3. VLE HFCs
2533,2533,[P66614],[TMPP],R143a,342.9,0.475,0.17,CC(C)(C)CC(C)CCP(=O)([O-])CC(C)CC(C)(C)C,CCCCCC[P+](CCCCCC)(CCCCCC)CCCCCCCCCCCCCC,CC(F)(F)F,Table S3. VLE HFCs
2534,2534,[P66614],[TMPP],R143a,342.8,0.732,0.232,CC(C)(C)CC(C)CCP(=O)([O-])CC(C)CC(C)(C)C,CCCCCC[P+](CCCCCC)(CCCCCC)CCCCCCCCCCCCCC,CC(F)(F)F,Table S3. VLE HFCs
2535,2535,[P66614],[TMPP],R143a,342.5,0.979,0.278,CC(C)(C)CC(C)CCP(=O)([O-])CC(C)CC(C)(C)C,CCCCCC[P+](CCCCCC)(CCCCCC)CCCCCCCCCCCCCC,CC(F)(F)F,Table S3. VLE HFCs
2536,2536,[P66614],[TMPP],R143a,342.4,1.136,0.302,CC(C)(C)CC(C)CCP(=O)([O-])CC(C)CC(C)(C)C,CCCCCC[P+](CCCCCC)(CCCCCC)CCCCCCCCCCCCCC,CC(F)(F)F,Table S3. VLE HFCs
2537,2537,[P66614],[TMPP],R134a,303.4,0.164,0.246,CC(C)(C)CC(C)CCP(=O)([O-])CC(C)CC(C)(C)C,CCCCCC[P+](CCCCCC)(CCCCCC)CCCCCCCCCCCCCC,C(C(F)(F)F)F,Table S3. VLE HFCs
2538,2538,[P66614],[TMPP],R134a,303.3,0.241,0.335,CC(C)(C)CC(C)CCP(=O)([O-])CC(C)CC(C)(C)C,CCCCCC[P+](CCCCCC)(CCCCCC)CCCCCCCCCCCCCC,C(C(F)(F)F)F,Table S3. VLE HFCs
2539,2539,[P66614],[TMPP],R134a,303.4,0.299,0.397,CC(C)(C)CC(C)CCP(=O)([O-])CC(C)CC(C)(C)C,CCCCCC[P+](CCCCCC)(CCCCCC)CCCCCCCCCCCCCC,C(C(F)(F)F)F,Table S3. VLE HFCs
2540,2540,[P66614],[TMPP],R134a,303.5,0.343,0.432,CC(C)(C)CC(C)CCP(=O)([O-])CC(C)CC(C)(C)C,CCCCCC[P+](CCCCCC)(CCCCCC)CCCCCCCCCCCCCC,C(C(F)(F)F)F,Table S3. VLE HFCs
2541,2541,[P66614],[TMPP],R134a,303.3,0.378,0.46,CC(C)(C)CC(C)CCP(=O)([O-])CC(C)CC(C)(C)C,CCCCCC[P+](CCCCCC)(CCCCCC)CCCCCCCCCCCCCC,C(C(F)(F)F)F,Table S3. VLE HFCs
2542,2542,[P66614],[TMPP],R134a,302.9,0.406,0.488,CC(C)(C)CC(C)CCP(=O)([O-])CC(C)CC(C)(C)C,CCCCCC[P+](CCCCCC)(CCCCCC)CCCCCCCCCCCCCC,C(C(F)(F)F)F,Table S3. VLE HFCs
2543,2543,[P66614],[TMPP],R134a,313.0,0.198,0.231,CC(C)(C)CC(C)CCP(=O)([O-])CC(C)CC(C)(C)C,CCCCCC[P+](CCCCCC)(CCCCCC)CCCCCCCCCCCCCC,C(C(F)(F)F)F,Table S3. VLE HFCs
2544,2544,[P66614],[TMPP],R134a,313.7,0.297,0.325,CC(C)(C)CC(C)CCP(=O)([O-])CC(C)CC(C)(C)C,CCCCCC[P+](CCCCCC)(CCCCCC)CCCCCCCCCCCCCC,C(C(F)(F)F)F,Table S3. VLE HFCs
2545,2545,[P66614],[TMPP],R134a,312.8,0.361,0.379,CC(C)(C)CC(C)CCP(=O)([O-])CC(C)CC(C)(C)C,CCCCCC[P+](CCCCCC)(CCCCCC)CCCCCCCCCCCCCC,C(C(F)(F)F)F,Table S3. VLE HFCs
2546,2546,[P66614],[TMPP],R134a,313.6,0.422,0.415,CC(C)(C)CC(C)CCP(=O)([O-])CC(C)CC(C)(C)C,CCCCCC[P+](CCCCCC)(CCCCCC)CCCCCCCCCCCCCC,C(C(F)(F)F)F,Table S3. VLE HFCs
2547,2547,[P66614],[TMPP],R134a,313.8,0.473,0.446,CC(C)(C)CC(C)CCP(=O)([O-])CC(C)CC(C)(C)C,CCCCCC[P+](CCCCCC)(CCCCCC)CCCCCCCCCCCCCC,C(C(F)(F)F)F,Table S3. VLE HFCs
2548,2548,[P66614],[TMPP],R134a,314.0,0.517,0.474,CC(C)(C)CC(C)CCP(=O)([O-])CC(C)CC(C)(C)C,CCCCCC[P+](CCCCCC)(CCCCCC)CCCCCCCCCCCCCC,C(C(F)(F)F)F,Table S3. VLE HFCs
2549,2549,[P66614],[TMPP],R134a,323.4,0.24,0.222,CC(C)(C)CC(C)CCP(=O)([O-])CC(C)CC(C)(C)C,CCCCCC[P+](CCCCCC)(CCCCCC)CCCCCCCCCCCCCC,C(C(F)(F)F)F,Table S3. VLE HFCs
2550,2550,[P66614],[TMPP],R134a,322.9,0.35,0.31,CC(C)(C)CC(C)CCP(=O)([O-])CC(C)CC(C)(C)C,CCCCCC[P+](CCCCCC)(CCCCCC)CCCCCCCCCCCCCC,C(C(F)(F)F)F,Table S3. VLE HFCs
2551,2551,[P66614],[TMPP],R134a,323.2,0.434,0.361,CC(C)(C)CC(C)CCP(=O)([O-])CC(C)CC(C)(C)C,CCCCCC[P+](CCCCCC)(CCCCCC)CCCCCCCCCCCCCC,C(C(F)(F)F)F,Table S3. VLE HFCs
2552,2552,[P66614],[TMPP],R134a,323.4,0.5,0.398,CC(C)(C)CC(C)CCP(=O)([O-])CC(C)CC(C)(C)C,CCCCCC[P+](CCCCCC)(CCCCCC)CCCCCCCCCCCCCC,C(C(F)(F)F)F,Table S3. VLE HFCs
2553,2553,[P66614],[TMPP],R134a,323.9,0.562,0.422,CC(C)(C)CC(C)CCP(=O)([O-])CC(C)CC(C)(C)C,CCCCCC[P+](CCCCCC)(CCCCCC)CCCCCCCCCCCCCC,C(C(F)(F)F)F,Table S3. VLE HFCs
2554,2554,[P66614],[TMPP],R134a,322.6,0.606,0.445,CC(C)(C)CC(C)CCP(=O)([O-])CC(C)CC(C)(C)C,CCCCCC[P+](CCCCCC)(CCCCCC)CCCCCCCCCCCCCC,C(C(F)(F)F)F,Table S3. VLE HFCs
2555,2555,[P66614],[TMPP],R134a,333.1,0.276,0.21,CC(C)(C)CC(C)CCP(=O)([O-])CC(C)CC(C)(C)C,CCCCCC[P+](CCCCCC)(CCCCCC)CCCCCCCCCCCCCC,C(C(F)(F)F)F,Table S3. VLE HFCs
2556,2556,[P66614],[TMPP],R134a,333.4,0.409,0.296,CC(C)(C)CC(C)CCP(=O)([O-])CC(C)CC(C)(C)C,CCCCCC[P+](CCCCCC)(CCCCCC)CCCCCCCCCCCCCC,C(C(F)(F)F)F,Table S3. VLE HFCs
2557,2557,[P66614],[TMPP],R134a,333.3,0.506,0.348,CC(C)(C)CC(C)CCP(=O)([O-])CC(C)CC(C)(C)C,CCCCCC[P+](CCCCCC)(CCCCCC)CCCCCCCCCCCCCC,C(C(F)(F)F)F,Table S3. VLE HFCs
2558,2558,[P66614],[TMPP],R134a,332.6,0.576,0.381,CC(C)(C)CC(C)CCP(=O)([O-])CC(C)CC(C)(C)C,CCCCCC[P+](CCCCCC)(CCCCCC)CCCCCCCCCCCCCC,C(C(F)(F)F)F,Table S3. VLE HFCs
2559,2559,[P66614],[TMPP],R134a,332.4,0.645,0.405,CC(C)(C)CC(C)CCP(=O)([O-])CC(C)CC(C)(C)C,CCCCCC[P+](CCCCCC)(CCCCCC)CCCCCCCCCCCCCC,C(C(F)(F)F)F,Table S3. VLE HFCs
2560,2560,[P66614],[TMPP],R134a,333.0,0.706,0.429,CC(C)(C)CC(C)CCP(=O)([O-])CC(C)CC(C)(C)C,CCCCCC[P+](CCCCCC)(CCCCCC)CCCCCCCCCCCCCC,C(C(F)(F)F)F,Table S3. VLE HFCs
2561,2561,[P66614],[TMPP],R134a,342.7,0.312,0.199,CC(C)(C)CC(C)CCP(=O)([O-])CC(C)CC(C)(C)C,CCCCCC[P+](CCCCCC)(CCCCCC)CCCCCCCCCCCCCC,C(C(F)(F)F)F,Table S3. VLE HFCs
2562,2562,[P66614],[TMPP],R134a,343.5,0.468,0.281,CC(C)(C)CC(C)CCP(=O)([O-])CC(C)CC(C)(C)C,CCCCCC[P+](CCCCCC)(CCCCCC)CCCCCCCCCCCCCC,C(C(F)(F)F)F,Table S3. VLE HFCs
2563,2563,[P66614],[TMPP],R134a,343.6,0.579,0.329,CC(C)(C)CC(C)CCP(=O)([O-])CC(C)CC(C)(C)C,CCCCCC[P+](CCCCCC)(CCCCCC)CCCCCCCCCCCCCC,C(C(F)(F)F)F,Table S3. VLE HFCs
2564,2564,[P66614],[TMPP],R134a,343.6,0.667,0.362,CC(C)(C)CC(C)CCP(=O)([O-])CC(C)CC(C)(C)C,CCCCCC[P+](CCCCCC)(CCCCCC)CCCCCCCCCCCCCC,C(C(F)(F)F)F,Table S3. VLE HFCs
2565,2565,[P66614],[TMPP],R134a,343.0,0.745,0.386,CC(C)(C)CC(C)CCP(=O)([O-])CC(C)CC(C)(C)C,CCCCCC[P+](CCCCCC)(CCCCCC)CCCCCCCCCCCCCC,C(C(F)(F)F)F,Table S3. VLE HFCs
2566,2566,[P66614],[TMPP],R134a,342.5,0.801,0.405,CC(C)(C)CC(C)CCP(=O)([O-])CC(C)CC(C)(C)C,CCCCCC[P+](CCCCCC)(CCCCCC)CCCCCCCCCCCCCC,C(C(F)(F)F)F,Table S3. VLE HFCs
2567,2567,[P66614],[TMPP],R125,303.5,0.114,0.202,CC(C)(C)CC(C)CCP(=O)([O-])CC(C)CC(C)(C)C,CCCCCC[P+](CCCCCC)(CCCCCC)CCCCCCCCCCCCCC,C(F)(F)(C(F)(F)F),Table S3. VLE HFCs
2568,2568,[P66614],[TMPP],R125,303.7,0.233,0.362,CC(C)(C)CC(C)CCP(=O)([O-])CC(C)CC(C)(C)C,CCCCCC[P+](CCCCCC)(CCCCCC)CCCCCCCCCCCCCC,C(F)(F)(C(F)(F)F),Table S3. VLE HFCs
2569,2569,[P66614],[TMPP],R125,302.9,0.272,0.41,CC(C)(C)CC(C)CCP(=O)([O-])CC(C)CC(C)(C)C,CCCCCC[P+](CCCCCC)(CCCCCC)CCCCCCCCCCCCCC,C(F)(F)(C(F)(F)F),Table S3. VLE HFCs
2570,2570,[P66614],[TMPP],R125,302.4,0.344,0.481,CC(C)(C)CC(C)CCP(=O)([O-])CC(C)CC(C)(C)C,CCCCCC[P+](CCCCCC)(CCCCCC)CCCCCCCCCCCCCC,C(F)(F)(C(F)(F)F),Table S3. VLE HFCs
2571,2571,[P66614],[TMPP],R125,302.5,0.406,0.536,CC(C)(C)CC(C)CCP(=O)([O-])CC(C)CC(C)(C)C,CCCCCC[P+](CCCCCC)(CCCCCC)CCCCCCCCCCCCCC,C(F)(F)(C(F)(F)F),Table S3. VLE HFCs
2572,2572,[P66614],[TMPP],R125,312.6,0.145,0.194,CC(C)(C)CC(C)CCP(=O)([O-])CC(C)CC(C)(C)C,CCCCCC[P+](CCCCCC)(CCCCCC)CCCCCCCCCCCCCC,C(F)(F)(C(F)(F)F),Table S3. VLE HFCs
2573,2573,[P66614],[TMPP],R125,313.4,0.285,0.344,CC(C)(C)CC(C)CCP(=O)([O-])CC(C)CC(C)(C)C,CCCCCC[P+](CCCCCC)(CCCCCC)CCCCCCCCCCCCCC,C(F)(F)(C(F)(F)F),Table S3. VLE HFCs
2574,2574,[P66614],[TMPP],R125,312.5,0.339,0.396,CC(C)(C)CC(C)CCP(=O)([O-])CC(C)CC(C)(C)C,CCCCCC[P+](CCCCCC)(CCCCCC)CCCCCCCCCCCCCC,C(F)(F)(C(F)(F)F),Table S3. VLE HFCs
2575,2575,[P66614],[TMPP],R125,312.7,0.43,0.46,CC(C)(C)CC(C)CCP(=O)([O-])CC(C)CC(C)(C)C,CCCCCC[P+](CCCCCC)(CCCCCC)CCCCCCCCCCCCCC,C(F)(F)(C(F)(F)F),Table S3. VLE HFCs
2576,2576,[P66614],[TMPP],R125,314.1,0.5,0.503,CC(C)(C)CC(C)CCP(=O)([O-])CC(C)CC(C)(C)C,CCCCCC[P+](CCCCCC)(CCCCCC)CCCCCCCCCCCCCC,C(F)(F)(C(F)(F)F),Table S3. VLE HFCs
2577,2577,[P66614],[TMPP],R125,323.0,0.182,0.191,CC(C)(C)CC(C)CCP(=O)([O-])CC(C)CC(C)(C)C,CCCCCC[P+](CCCCCC)(CCCCCC)CCCCCCCCCCCCCC,C(F)(F)(C(F)(F)F),Table S3. VLE HFCs
2578,2578,[P66614],[TMPP],R125,323.3,0.34,0.324,CC(C)(C)CC(C)CCP(=O)([O-])CC(C)CC(C)(C)C,CCCCCC[P+](CCCCCC)(CCCCCC)CCCCCCCCCCCCCC,C(F)(F)(C(F)(F)F),Table S3. VLE HFCs
2579,2579,[P66614],[TMPP],R125,323.0,0.418,0.38,CC(C)(C)CC(C)CCP(=O)([O-])CC(C)CC(C)(C)C,CCCCCC[P+](CCCCCC)(CCCCCC)CCCCCCCCCCCCCC,C(F)(F)(C(F)(F)F),Table S3. VLE HFCs
2580,2580,[P66614],[TMPP],R125,323.5,0.531,0.437,CC(C)(C)CC(C)CCP(=O)([O-])CC(C)CC(C)(C)C,CCCCCC[P+](CCCCCC)(CCCCCC)CCCCCCCCCCCCCC,C(F)(F)(C(F)(F)F),Table S3. VLE HFCs
2581,2581,[P66614],[TMPP],R125,323.2,0.626,0.489,CC(C)(C)CC(C)CCP(=O)([O-])CC(C)CC(C)(C)C,CCCCCC[P+](CCCCCC)(CCCCCC)CCCCCCCCCCCCCC,C(F)(F)(C(F)(F)F),Table S3. VLE HFCs
2582,2582,[P66614],[TMPP],R125,333.4,0.224,0.186,CC(C)(C)CC(C)CCP(=O)([O-])CC(C)CC(C)(C)C,CCCCCC[P+](CCCCCC)(CCCCCC)CCCCCCCCCCCCCC,C(F)(F)(C(F)(F)F),Table S3. VLE HFCs
2583,2583,[P66614],[TMPP],R125,333.3,0.398,0.313,CC(C)(C)CC(C)CCP(=O)([O-])CC(C)CC(C)(C)C,CCCCCC[P+](CCCCCC)(CCCCCC)CCCCCCCCCCCCCC,C(F)(F)(C(F)(F)F),Table S3. VLE HFCs
2584,2584,[P66614],[TMPP],R125,332.9,0.495,0.365,CC(C)(C)CC(C)CCP(=O)([O-])CC(C)CC(C)(C)C,CCCCCC[P+](CCCCCC)(CCCCCC)CCCCCCCCCCCCCC,C(F)(F)(C(F)(F)F),Table S3. VLE HFCs
2585,2585,[P66614],[TMPP],R125,332.7,0.614,0.419,CC(C)(C)CC(C)CCP(=O)([O-])CC(C)CC(C)(C)C,CCCCCC[P+](CCCCCC)(CCCCCC)CCCCCCCCCCCCCC,C(F)(F)(C(F)(F)F),Table S3. VLE HFCs
2586,2586,[P66614],[TMPP],R125,332.7,0.731,0.464,CC(C)(C)CC(C)CCP(=O)([O-])CC(C)CC(C)(C)C,CCCCCC[P+](CCCCCC)(CCCCCC)CCCCCCCCCCCCCC,C(F)(F)(C(F)(F)F),Table S3. VLE HFCs
2587,2587,[P66614],[TMPP],R125,343.6,0.263,0.18,CC(C)(C)CC(C)CCP(=O)([O-])CC(C)CC(C)(C)C,CCCCCC[P+](CCCCCC)(CCCCCC)CCCCCCCCCCCCCC,C(F)(F)(C(F)(F)F),Table S3. VLE HFCs
2588,2588,[P66614],[TMPP],R125,343.1,0.458,0.291,CC(C)(C)CC(C)CCP(=O)([O-])CC(C)CC(C)(C)C,CCCCCC[P+](CCCCCC)(CCCCCC)CCCCCCCCCCCCCC,C(F)(F)(C(F)(F)F),Table S3. VLE HFCs
2589,2589,[P66614],[TMPP],R125,343.4,0.578,0.344,CC(C)(C)CC(C)CCP(=O)([O-])CC(C)CC(C)(C)C,CCCCCC[P+](CCCCCC)(CCCCCC)CCCCCCCCCCCCCC,C(F)(F)(C(F)(F)F),Table S3. VLE HFCs
2590,2590,[P66614],[TMPP],R125,343.5,0.723,0.402,CC(C)(C)CC(C)CCP(=O)([O-])CC(C)CC(C)(C)C,CCCCCC[P+](CCCCCC)(CCCCCC)CCCCCCCCCCCCCC,C(F)(F)(C(F)(F)F),Table S3. VLE HFCs
2591,2591,[P66614],[TMPP],R125,343.2,0.847,0.451,CC(C)(C)CC(C)CCP(=O)([O-])CC(C)CC(C)(C)C,CCCCCC[P+](CCCCCC)(CCCCCC)CCCCCCCCCCCCCC,C(F)(F)(C(F)(F)F),Table S3. VLE HFCs
2592,2592,[P66614],[TMPP],R245fa,292.8,0.0216,0.0932,CC(C)(C)CC(C)CCP(=O)([O-])CC(C)CC(C)(C)C,CCCCCC[P+](CCCCCC)(CCCCCC)CCCCCCCCCCCCCC,FC(F)(F)CC(F)F,Table S3. VLE HFCs
2593,2593,[P66614],[TMPP],R245fa,293.9,0.0386,0.1461,CC(C)(C)CC(C)CCP(=O)([O-])CC(C)CC(C)(C)C,CCCCCC[P+](CCCCCC)(CCCCCC)CCCCCCCCCCCCCC,FC(F)(F)CC(F)F,Table S3. VLE HFCs
2594,2594,[P66614],[TMPP],R245fa,292.5,0.0497,0.1804,CC(C)(C)CC(C)CCP(=O)([O-])CC(C)CC(C)(C)C,CCCCCC[P+](CCCCCC)(CCCCCC)CCCCCCCCCCCCCC,FC(F)(F)CC(F)F,Table S3. VLE HFCs
2595,2595,[P66614],[TMPP],R245fa,293.0,0.0604,0.2129,CC(C)(C)CC(C)CCP(=O)([O-])CC(C)CC(C)(C)C,CCCCCC[P+](CCCCCC)(CCCCCC)CCCCCCCCCCCCCC,FC(F)(F)CC(F)F,Table S3. VLE HFCs
2596,2596,[P66614],[TMPP],R245fa,293.3,0.0707,0.2373,CC(C)(C)CC(C)CCP(=O)([O-])CC(C)CC(C)(C)C,CCCCCC[P+](CCCCCC)(CCCCCC)CCCCCCCCCCCCCC,FC(F)(F)CC(F)F,Table S3. VLE HFCs
2597,2597,[P66614],[TMPP],R245fa,292.8,0.0805,0.2583,CC(C)(C)CC(C)CCP(=O)([O-])CC(C)CC(C)(C)C,CCCCCC[P+](CCCCCC)(CCCCCC)CCCCCCCCCCCCCC,FC(F)(F)CC(F)F,Table S3. VLE HFCs
2598,2598,[P66614],[TMPP],R245fa,303.1,0.0265,0.0907,CC(C)(C)CC(C)CCP(=O)([O-])CC(C)CC(C)(C)C,CCCCCC[P+](CCCCCC)(CCCCCC)CCCCCCCCCCCCCC,FC(F)(F)CC(F)F,Table S3. VLE HFCs
2599,2599,[P66614],[TMPP],R245fa,302.3,0.0457,0.1428,CC(C)(C)CC(C)CCP(=O)([O-])CC(C)CC(C)(C)C,CCCCCC[P+](CCCCCC)(CCCCCC)CCCCCCCCCCCCCC,FC(F)(F)CC(F)F,Table S3. VLE HFCs
2600,2600,[P66614],[TMPP],R245fa,303.2,0.0615,0.1764,CC(C)(C)CC(C)CCP(=O)([O-])CC(C)CC(C)(C)C,CCCCCC[P+](CCCCCC)(CCCCCC)CCCCCCCCCCCCCC,FC(F)(F)CC(F)F,Table S3. VLE HFCs
2601,2601,[P66614],[TMPP],R245fa,303.0,0.0733,0.2079,CC(C)(C)CC(C)CCP(=O)([O-])CC(C)CC(C)(C)C,CCCCCC[P+](CCCCCC)(CCCCCC)CCCCCCCCCCCCCC,FC(F)(F)CC(F)F,Table S3. VLE HFCs
2602,2602,[P66614],[TMPP],R245fa,302.4,0.0845,0.2322,CC(C)(C)CC(C)CCP(=O)([O-])CC(C)CC(C)(C)C,CCCCCC[P+](CCCCCC)(CCCCCC)CCCCCCCCCCCCCC,FC(F)(F)CC(F)F,Table S3. VLE HFCs
2603,2603,[P66614],[TMPP],R245fa,303.1,0.0976,0.2524,CC(C)(C)CC(C)CCP(=O)([O-])CC(C)CC(C)(C)C,CCCCCC[P+](CCCCCC)(CCCCCC)CCCCCCCCCCCCCC,FC(F)(F)CC(F)F,Table S3. VLE HFCs
2604,2604,[P66614],[TMPP],R245fa,313.1,0.0328,0.0886,CC(C)(C)CC(C)CCP(=O)([O-])CC(C)CC(C)(C)C,CCCCCC[P+](CCCCCC)(CCCCCC)CCCCCCCCCCCCCC,FC(F)(F)CC(F)F,Table S3. VLE HFCs
2605,2605,[P66614],[TMPP],R245fa,313.1,0.0579,0.1373,CC(C)(C)CC(C)CCP(=O)([O-])CC(C)CC(C)(C)C,CCCCCC[P+](CCCCCC)(CCCCCC)CCCCCCCCCCCCCC,FC(F)(F)CC(F)F,Table S3. VLE HFCs
2606,2606,[P66614],[TMPP],R245fa,313.0,0.0756,0.1714,CC(C)(C)CC(C)CCP(=O)([O-])CC(C)CC(C)(C)C,CCCCCC[P+](CCCCCC)(CCCCCC)CCCCCCCCCCCCCC,FC(F)(F)CC(F)F,Table S3. VLE HFCs
2607,2607,[P66614],[TMPP],R245fa,313.1,0.0904,0.2013,CC(C)(C)CC(C)CCP(=O)([O-])CC(C)CC(C)(C)C,CCCCCC[P+](CCCCCC)(CCCCCC)CCCCCCCCCCCCCC,FC(F)(F)CC(F)F,Table S3. VLE HFCs
2608,2608,[P66614],[TMPP],R245fa,313.0,0.1052,0.2246,CC(C)(C)CC(C)CCP(=O)([O-])CC(C)CC(C)(C)C,CCCCCC[P+](CCCCCC)(CCCCCC)CCCCCCCCCCCCCC,FC(F)(F)CC(F)F,Table S3. VLE HFCs
2609,2609,[P66614],[TMPP],R245fa,312.8,0.1183,0.2452,CC(C)(C)CC(C)CCP(=O)([O-])CC(C)CC(C)(C)C,CCCCCC[P+](CCCCCC)(CCCCCC)CCCCCCCCCCCCCC,FC(F)(F)CC(F)F,Table S3. VLE HFCs
2610,2610,[P66614],[TMPP],R245fa,323.3,0.04,0.0832,CC(C)(C)CC(C)CCP(=O)([O-])CC(C)CC(C)(C)C,CCCCCC[P+](CCCCCC)(CCCCCC)CCCCCCCCCCCCCC,FC(F)(F)CC(F)F,Table S3. VLE HFCs
2611,2611,[P66614],[TMPP],R245fa,323.2,0.0703,0.1319,CC(C)(C)CC(C)CCP(=O)([O-])CC(C)CC(C)(C)C,CCCCCC[P+](CCCCCC)(CCCCCC)CCCCCCCCCCCCCC,FC(F)(F)CC(F)F,Table S3. VLE HFCs
2612,2612,[P66614],[TMPP],R245fa,323.3,0.0925,0.1644,CC(C)(C)CC(C)CCP(=O)([O-])CC(C)CC(C)(C)C,CCCCCC[P+](CCCCCC)(CCCCCC)CCCCCCCCCCCCCC,FC(F)(F)CC(F)F,Table S3. VLE HFCs
2613,2613,[P66614],[TMPP],R245fa,323.1,0.1104,0.1936,CC(C)(C)CC(C)CCP(=O)([O-])CC(C)CC(C)(C)C,CCCCCC[P+](CCCCCC)(CCCCCC)CCCCCCCCCCCCCC,FC(F)(F)CC(F)F,Table S3. VLE HFCs
2614,2614,[P66614],[TMPP],R245fa,323.4,0.1291,0.2159,CC(C)(C)CC(C)CCP(=O)([O-])CC(C)CC(C)(C)C,CCCCCC[P+](CCCCCC)(CCCCCC)CCCCCCCCCCCCCC,FC(F)(F)CC(F)F,Table S3. VLE HFCs
2615,2615,[P66614],[TMPP],R245fa,323.0,0.1446,0.2361,CC(C)(C)CC(C)CCP(=O)([O-])CC(C)CC(C)(C)C,CCCCCC[P+](CCCCCC)(CCCCCC)CCCCCCCCCCCCCC,FC(F)(F)CC(F)F,Table S3. VLE HFCs
2616,2616,[P66614],[TMPP],R245fa,333.4,0.0485,0.0803,CC(C)(C)CC(C)CCP(=O)([O-])CC(C)CC(C)(C)C,CCCCCC[P+](CCCCCC)(CCCCCC)CCCCCCCCCCCCCC,FC(F)(F)CC(F)F,Table S3. VLE HFCs
2617,2617,[P66614],[TMPP],R245fa,332.9,0.0842,0.126,CC(C)(C)CC(C)CCP(=O)([O-])CC(C)CC(C)(C)C,CCCCCC[P+](CCCCCC)(CCCCCC)CCCCCCCCCCCCCC,FC(F)(F)CC(F)F,Table S3. VLE HFCs
2618,2618,[P66614],[TMPP],R245fa,333.3,0.1115,0.1568,CC(C)(C)CC(C)CCP(=O)([O-])CC(C)CC(C)(C)C,CCCCCC[P+](CCCCCC)(CCCCCC)CCCCCCCCCCCCCC,FC(F)(F)CC(F)F,Table S3. VLE HFCs
2619,2619,[P66614],[TMPP],R245fa,332.6,0.1334,0.1848,CC(C)(C)CC(C)CCP(=O)([O-])CC(C)CC(C)(C)C,CCCCCC[P+](CCCCCC)(CCCCCC)CCCCCCCCCCCCCC,FC(F)(F)CC(F)F,Table S3. VLE HFCs
2620,2620,[P66614],[TMPP],R245fa,333.1,0.155,0.2066,CC(C)(C)CC(C)CCP(=O)([O-])CC(C)CC(C)(C)C,CCCCCC[P+](CCCCCC)(CCCCCC)CCCCCCCCCCCCCC,FC(F)(F)CC(F)F,Table S3. VLE HFCs
2621,2621,[P66614],[TMPP],R245fa,333.3,0.175,0.2256,CC(C)(C)CC(C)CCP(=O)([O-])CC(C)CC(C)(C)C,CCCCCC[P+](CCCCCC)(CCCCCC)CCCCCCCCCCCCCC,FC(F)(F)CC(F)F,Table S3. VLE HFCs
2622,2622,[P66614],[TMPP],R236fa,293.6,0.0109,0.0451,CC(C)(C)CC(C)CCP(=O)([O-])CC(C)CC(C)(C)C,CCCCCC[P+](CCCCCC)(CCCCCC)CCCCCCCCCCCCCC,FC(F)(F)CC(F)(F)F,Table S3. VLE HFCs
2623,2623,[P66614],[TMPP],R236fa,292.9,0.0233,0.0952,CC(C)(C)CC(C)CCP(=O)([O-])CC(C)CC(C)(C)C,CCCCCC[P+](CCCCCC)(CCCCCC)CCCCCCCCCCCCCC,FC(F)(F)CC(F)(F)F,Table S3. VLE HFCs
2624,2624,[P66614],[TMPP],R236fa,293.6,0.0353,0.1491,CC(C)(C)CC(C)CCP(=O)([O-])CC(C)CC(C)(C)C,CCCCCC[P+](CCCCCC)(CCCCCC)CCCCCCCCCCCCCC,FC(F)(F)CC(F)(F)F,Table S3. VLE HFCs
2625,2625,[P66614],[TMPP],R236fa,293.4,0.0676,0.2563,CC(C)(C)CC(C)CCP(=O)([O-])CC(C)CC(C)(C)C,CCCCCC[P+](CCCCCC)(CCCCCC)CCCCCCCCCCCCCC,FC(F)(F)CC(F)(F)F,Table S3. VLE HFCs
2626,2626,[P66614],[TMPP],R236fa,293.3,0.0937,0.3269,CC(C)(C)CC(C)CCP(=O)([O-])CC(C)CC(C)(C)C,CCCCCC[P+](CCCCCC)(CCCCCC)CCCCCCCCCCCCCC,FC(F)(F)CC(F)(F)F,Table S3. VLE HFCs
2627,2627,[P66614],[TMPP],R236fa,293.7,0.1176,0.3807,CC(C)(C)CC(C)CCP(=O)([O-])CC(C)CC(C)(C)C,CCCCCC[P+](CCCCCC)(CCCCCC)CCCCCCCCCCCCCC,FC(F)(F)CC(F)(F)F,Table S3. VLE HFCs
2628,2628,[P66614],[TMPP],R236fa,302.3,0.0137,0.0417,CC(C)(C)CC(C)CCP(=O)([O-])CC(C)CC(C)(C)C,CCCCCC[P+](CCCCCC)(CCCCCC)CCCCCCCCCCCCCC,FC(F)(F)CC(F)(F)F,Table S3. VLE HFCs
2629,2629,[P66614],[TMPP],R236fa,303.7,0.0302,0.0915,CC(C)(C)CC(C)CCP(=O)([O-])CC(C)CC(C)(C)C,CCCCCC[P+](CCCCCC)(CCCCCC)CCCCCCCCCCCCCC,FC(F)(F)CC(F)(F)F,Table S3. VLE HFCs
2630,2630,[P66614],[TMPP],R236fa,302.5,0.0449,0.1407,CC(C)(C)CC(C)CCP(=O)([O-])CC(C)CC(C)(C)C,CCCCCC[P+](CCCCCC)(CCCCCC)CCCCCCCCCCCCCC,FC(F)(F)CC(F)(F)F,Table S3. VLE HFCs
2631,2631,[P66614],[TMPP],R236fa,302.7,0.0867,0.2492,CC(C)(C)CC(C)CCP(=O)([O-])CC(C)CC(C)(C)C,CCCCCC[P+](CCCCCC)(CCCCCC)CCCCCCCCCCCCCC,FC(F)(F)CC(F)(F)F,Table S3. VLE HFCs
2632,2632,[P66614],[TMPP],R236fa,302.9,0.1218,0.3181,CC(C)(C)CC(C)CCP(=O)([O-])CC(C)CC(C)(C)C,CCCCCC[P+](CCCCCC)(CCCCCC)CCCCCCCCCCCCCC,FC(F)(F)CC(F)(F)F,Table S3. VLE HFCs
2633,2633,[P66614],[TMPP],R236fa,303.6,0.1523,0.3664,CC(C)(C)CC(C)CCP(=O)([O-])CC(C)CC(C)(C)C,CCCCCC[P+](CCCCCC)(CCCCCC)CCCCCCCCCCCCCC,FC(F)(F)CC(F)(F)F,Table S3. VLE HFCs
2634,2634,[P66614],[TMPP],R236fa,312.8,0.0162,0.0376,CC(C)(C)CC(C)CCP(=O)([O-])CC(C)CC(C)(C)C,CCCCCC[P+](CCCCCC)(CCCCCC)CCCCCCCCCCCCCC,FC(F)(F)CC(F)(F)F,Table S3. VLE HFCs
2635,2635,[P66614],[TMPP],R236fa,313.8,0.0369,0.0854,CC(C)(C)CC(C)CCP(=O)([O-])CC(C)CC(C)(C)C,CCCCCC[P+](CCCCCC)(CCCCCC)CCCCCCCCCCCCCC,FC(F)(F)CC(F)(F)F,Table S3. VLE HFCs
2636,2636,[P66614],[TMPP],R236fa,312.9,0.0592,0.1379,CC(C)(C)CC(C)CCP(=O)([O-])CC(C)CC(C)(C)C,CCCCCC[P+](CCCCCC)(CCCCCC)CCCCCCCCCCCCCC,FC(F)(F)CC(F)(F)F,Table S3. VLE HFCs
2637,2637,[P66614],[TMPP],R236fa,313.2,0.1142,0.2391,CC(C)(C)CC(C)CCP(=O)([O-])CC(C)CC(C)(C)C,CCCCCC[P+](CCCCCC)(CCCCCC)CCCCCCCCCCCCCC,FC(F)(F)CC(F)(F)F,Table S3. VLE HFCs
2638,2638,[P66614],[TMPP],R236fa,313.7,0.1594,0.3065,CC(C)(C)CC(C)CCP(=O)([O-])CC(C)CC(C)(C)C,CCCCCC[P+](CCCCCC)(CCCCCC)CCCCCCCCCCCCCC,FC(F)(F)CC(F)(F)F,Table S3. VLE HFCs
2639,2639,[P66614],[TMPP],R236fa,312.9,0.1924,0.3555,CC(C)(C)CC(C)CCP(=O)([O-])CC(C)CC(C)(C)C,CCCCCC[P+](CCCCCC)(CCCCCC)CCCCCCCCCCCCCC,FC(F)(F)CC(F)(F)F,Table S3. VLE HFCs
2640,2640,[P66614],[TMPP],R236fa,323.2,0.0202,0.0357,CC(C)(C)CC(C)CCP(=O)([O-])CC(C)CC(C)(C)C,CCCCCC[P+](CCCCCC)(CCCCCC)CCCCCCCCCCCCCC,FC(F)(F)CC(F)(F)F,Table S3. VLE HFCs
2641,2641,[P66614],[TMPP],R236fa,322.5,0.0453,0.0815,CC(C)(C)CC(C)CCP(=O)([O-])CC(C)CC(C)(C)C,CCCCCC[P+](CCCCCC)(CCCCCC)CCCCCCCCCCCCCC,FC(F)(F)CC(F)(F)F,Table S3. VLE HFCs
2642,2642,[P66614],[TMPP],R236fa,323.0,0.0764,0.1314,CC(C)(C)CC(C)CCP(=O)([O-])CC(C)CC(C)(C)C,CCCCCC[P+](CCCCCC)(CCCCCC)CCCCCCCCCCCCCC,FC(F)(F)CC(F)(F)F,Table S3. VLE HFCs
2643,2643,[P66614],[TMPP],R236fa,323.7,0.1464,0.2273,CC(C)(C)CC(C)CCP(=O)([O-])CC(C)CC(C)(C)C,CCCCCC[P+](CCCCCC)(CCCCCC)CCCCCCCCCCCCCC,FC(F)(F)CC(F)(F)F,Table S3. VLE HFCs
2644,2644,[P66614],[TMPP],R236fa,322.4,0.1955,0.2954,CC(C)(C)CC(C)CCP(=O)([O-])CC(C)CC(C)(C)C,CCCCCC[P+](CCCCCC)(CCCCCC)CCCCCCCCCCCCCC,FC(F)(F)CC(F)(F)F,Table S3. VLE HFCs
2645,2645,[P66614],[TMPP],R236fa,322.6,0.2422,0.3418,CC(C)(C)CC(C)CCP(=O)([O-])CC(C)CC(C)(C)C,CCCCCC[P+](CCCCCC)(CCCCCC)CCCCCCCCCCCCCC,FC(F)(F)CC(F)(F)F,Table S3. VLE HFCs
2646,2646,[P66614],[TMPP],R236fa,333.4,0.0242,0.0338,CC(C)(C)CC(C)CCP(=O)([O-])CC(C)CC(C)(C)C,CCCCCC[P+](CCCCCC)(CCCCCC)CCCCCCCCCCCCCC,FC(F)(F)CC(F)(F)F,Table S3. VLE HFCs
2647,2647,[P66614],[TMPP],R236fa,332.8,0.0563,0.0767,CC(C)(C)CC(C)CCP(=O)([O-])CC(C)CC(C)(C)C,CCCCCC[P+](CCCCCC)(CCCCCC)CCCCCCCCCCCCCC,FC(F)(F)CC(F)(F)F,Table S3. VLE HFCs
2648,2648,[P66614],[TMPP],R236fa,333.3,0.0911,0.1238,CC(C)(C)CC(C)CCP(=O)([O-])CC(C)CC(C)(C)C,CCCCCC[P+](CCCCCC)(CCCCCC)CCCCCCCCCCCCCC,FC(F)(F)CC(F)(F)F,Table S3. VLE HFCs
2649,2649,[P66614],[TMPP],R236fa,332.4,0.1778,0.2159,CC(C)(C)CC(C)CCP(=O)([O-])CC(C)CC(C)(C)C,CCCCCC[P+](CCCCCC)(CCCCCC)CCCCCCCCCCCCCC,FC(F)(F)CC(F)(F)F,Table S3. VLE HFCs
2650,2650,[P66614],[TMPP],R236fa,332.8,0.2413,0.2814,CC(C)(C)CC(C)CCP(=O)([O-])CC(C)CC(C)(C)C,CCCCCC[P+](CCCCCC)(CCCCCC)CCCCCCCCCCCCCC,FC(F)(F)CC(F)(F)F,Table S3. VLE HFCs
2651,2651,[P66614],[TMPP],R236fa,332.7,0.2945,0.3277,CC(C)(C)CC(C)CCP(=O)([O-])CC(C)CC(C)(C)C,CCCCCC[P+](CCCCCC)(CCCCCC)CCCCCCCCCCCCCC,FC(F)(F)CC(F)(F)F,Table S3. VLE HFCs
2652,2652,[P66614],[TMPP],R227ea,293.3,0.0134,0.1125,CC(C)(C)CC(C)CCP(=O)([O-])CC(C)CC(C)(C)C,CCCCCC[P+](CCCCCC)(CCCCCC)CCCCCCCCCCCCCC,FC(F)(F)C(F)C(F)(F)F,Table S3. VLE HFCs
2653,2653,[P66614],[TMPP],R227ea,293.4,0.0297,0.214,CC(C)(C)CC(C)CCP(=O)([O-])CC(C)CC(C)(C)C,CCCCCC[P+](CCCCCC)(CCCCCC)CCCCCCCCCCCCCC,FC(F)(F)C(F)C(F)(F)F,Table S3. VLE HFCs
2654,2654,[P66614],[TMPP],R227ea,292.5,0.0441,0.2981,CC(C)(C)CC(C)CCP(=O)([O-])CC(C)CC(C)(C)C,CCCCCC[P+](CCCCCC)(CCCCCC)CCCCCCCCCCCCCC,FC(F)(F)C(F)C(F)(F)F,Table S3. VLE HFCs
2655,2655,[P66614],[TMPP],R227ea,293.8,0.0732,0.3937,CC(C)(C)CC(C)CCP(=O)([O-])CC(C)CC(C)(C)C,CCCCCC[P+](CCCCCC)(CCCCCC)CCCCCCCCCCCCCC,FC(F)(F)C(F)C(F)(F)F,Table S3. VLE HFCs
2656,2656,[P66614],[TMPP],R227ea,293.4,0.1035,0.457,CC(C)(C)CC(C)CCP(=O)([O-])CC(C)CC(C)(C)C,CCCCCC[P+](CCCCCC)(CCCCCC)CCCCCCCCCCCCCC,FC(F)(F)C(F)C(F)(F)F,Table S3. VLE HFCs
2657,2657,[P66614],[TMPP],R227ea,302.7,0.0176,0.1064,CC(C)(C)CC(C)CCP(=O)([O-])CC(C)CC(C)(C)C,CCCCCC[P+](CCCCCC)(CCCCCC)CCCCCCCCCCCCCC,FC(F)(F)C(F)C(F)(F)F,Table S3. VLE HFCs
2658,2658,[P66614],[TMPP],R227ea,302.5,0.0391,0.2102,CC(C)(C)CC(C)CCP(=O)([O-])CC(C)CC(C)(C)C,CCCCCC[P+](CCCCCC)(CCCCCC)CCCCCCCCCCCCCC,FC(F)(F)C(F)C(F)(F)F,Table S3. VLE HFCs
2659,2659,[P66614],[TMPP],R227ea,302.7,0.0601,0.2867,CC(C)(C)CC(C)CCP(=O)([O-])CC(C)CC(C)(C)C,CCCCCC[P+](CCCCCC)(CCCCCC)CCCCCCCCCCCCCC,FC(F)(F)C(F)C(F)(F)F,Table S3. VLE HFCs
2660,2660,[P66614],[TMPP],R227ea,302.5,0.0994,0.387,CC(C)(C)CC(C)CCP(=O)([O-])CC(C)CC(C)(C)C,CCCCCC[P+](CCCCCC)(CCCCCC)CCCCCCCCCCCCCC,FC(F)(F)C(F)C(F)(F)F,Table S3. VLE HFCs
2661,2661,[P66614],[TMPP],R227ea,303.7,0.1444,0.4485,CC(C)(C)CC(C)CCP(=O)([O-])CC(C)CC(C)(C)C,CCCCCC[P+](CCCCCC)(CCCCCC)CCCCCCCCCCCCCC,FC(F)(F)C(F)C(F)(F)F,Table S3. VLE HFCs
2662,2662,[P66614],[TMPP],R227ea,313.4,0.0245,0.104,CC(C)(C)CC(C)CCP(=O)([O-])CC(C)CC(C)(C)C,CCCCCC[P+](CCCCCC)(CCCCCC)CCCCCCCCCCCCCC,FC(F)(F)C(F)C(F)(F)F,Table S3. VLE HFCs
2663,2663,[P66614],[TMPP],R227ea,312.7,0.0536,0.2043,CC(C)(C)CC(C)CCP(=O)([O-])CC(C)CC(C)(C)C,CCCCCC[P+](CCCCCC)(CCCCCC)CCCCCCCCCCCCCC,FC(F)(F)C(F)C(F)(F)F,Table S3. VLE HFCs
2664,2664,[P66614],[TMPP],R227ea,313.1,0.0834,0.2788,CC(C)(C)CC(C)CCP(=O)([O-])CC(C)CC(C)(C)C,CCCCCC[P+](CCCCCC)(CCCCCC)CCCCCCCCCCCCCC,FC(F)(F)C(F)C(F)(F)F,Table S3. VLE HFCs
2665,2665,[P66614],[TMPP],R227ea,313.3,0.1375,0.3773,CC(C)(C)CC(C)CCP(=O)([O-])CC(C)CC(C)(C)C,CCCCCC[P+](CCCCCC)(CCCCCC)CCCCCCCCCCCCCC,FC(F)(F)C(F)C(F)(F)F,Table S3. VLE HFCs
2666,2666,[P66614],[TMPP],R227ea,313.7,0.1934,0.4383,CC(C)(C)CC(C)CCP(=O)([O-])CC(C)CC(C)(C)C,CCCCCC[P+](CCCCCC)(CCCCCC)CCCCCCCCCCCCCC,FC(F)(F)C(F)C(F)(F)F,Table S3. VLE HFCs
2667,2667,[P66614],[TMPP],R227ea,323.6,0.0327,0.103,CC(C)(C)CC(C)CCP(=O)([O-])CC(C)CC(C)(C)C,CCCCCC[P+](CCCCCC)(CCCCCC)CCCCCCCCCCCCCC,FC(F)(F)C(F)C(F)(F)F,Table S3. VLE HFCs
2668,2668,[P66614],[TMPP],R227ea,323.3,0.0734,0.1964,CC(C)(C)CC(C)CCP(=O)([O-])CC(C)CC(C)(C)C,CCCCCC[P+](CCCCCC)(CCCCCC)CCCCCCCCCCCCCC,FC(F)(F)C(F)C(F)(F)F,Table S3. VLE HFCs
2669,2669,[P66614],[TMPP],R227ea,322.3,0.1094,0.2702,CC(C)(C)CC(C)CCP(=O)([O-])CC(C)CC(C)(C)C,CCCCCC[P+](CCCCCC)(CCCCCC)CCCCCCCCCCCCCC,FC(F)(F)C(F)C(F)(F)F,Table S3. VLE HFCs
2670,2670,[P66614],[TMPP],R227ea,322.7,0.1812,0.3662,CC(C)(C)CC(C)CCP(=O)([O-])CC(C)CC(C)(C)C,CCCCCC[P+](CCCCCC)(CCCCCC)CCCCCCCCCCCCCC,FC(F)(F)C(F)C(F)(F)F,Table S3. VLE HFCs
2671,2671,[P66614],[TMPP],R227ea,322.7,0.253,0.4255,CC(C)(C)CC(C)CCP(=O)([O-])CC(C)CC(C)(C)C,CCCCCC[P+](CCCCCC)(CCCCCC)CCCCCCCCCCCCCC,FC(F)(F)C(F)C(F)(F)F,Table S3. VLE HFCs
2672,2672,[P66614],[TMPP],R227ea,333.2,0.0437,0.1017,CC(C)(C)CC(C)CCP(=O)([O-])CC(C)CC(C)(C)C,CCCCCC[P+](CCCCCC)(CCCCCC)CCCCCCCCCCCCCC,FC(F)(F)C(F)C(F)(F)F,Table S3. VLE HFCs
2673,2673,[P66614],[TMPP],R227ea,332.8,0.0941,0.1883,CC(C)(C)CC(C)CCP(=O)([O-])CC(C)CC(C)(C)C,CCCCCC[P+](CCCCCC)(CCCCCC)CCCCCCCCCCCCCC,FC(F)(F)C(F)C(F)(F)F,Table S3. VLE HFCs
2674,2674,[P66614],[TMPP],R227ea,333.2,0.145,0.2586,CC(C)(C)CC(C)CCP(=O)([O-])CC(C)CC(C)(C)C,CCCCCC[P+](CCCCCC)(CCCCCC)CCCCCCCCCCCCCC,FC(F)(F)C(F)C(F)(F)F,Table S3. VLE HFCs
2675,2675,[P66614],[TMPP],R227ea,332.3,0.2386,0.3543,CC(C)(C)CC(C)CCP(=O)([O-])CC(C)CC(C)(C)C,CCCCCC[P+](CCCCCC)(CCCCCC)CCCCCCCCCCCCCC,FC(F)(F)C(F)C(F)(F)F,Table S3. VLE HFCs
2676,2676,[P66614],[TMPP],R227ea,333.1,0.3211,0.4111,CC(C)(C)CC(C)CCP(=O)([O-])CC(C)CC(C)(C)C,CCCCCC[P+](CCCCCC)(CCCCCC)CCCCCCCCCCCCCC,FC(F)(F)C(F)C(F)(F)F,Table S3. VLE HFCs
2677,2677,[P66614],[TPES],R134a,283.1,0.0098,0.038,FC(F)(F)C(F)(F)OC(F)C(F)(F)S(=O)(=O)[O-],CCCCCC[P+](CCCCCC)(CCCCCC)CCCCCCCCCCCCCC,C(C(F)(F)F)F,Table S3. VLE HFCs
2678,2678,[P66614],[TPES],R134a,282.9,0.05,0.19,FC(F)(F)C(F)(F)OC(F)C(F)(F)S(=O)(=O)[O-],CCCCCC[P+](CCCCCC)(CCCCCC)CCCCCCCCCCCCCC,C(C(F)(F)F)F,Table S3. VLE HFCs
2679,2679,[P66614],[TPES],R134a,283.05,0.1,0.3379999999999999,FC(F)(F)C(F)(F)OC(F)C(F)(F)S(=O)(=O)[O-],CCCCCC[P+](CCCCCC)(CCCCCC)CCCCCCCCCCCCCC,C(C(F)(F)F)F,Table S3. VLE HFCs
2680,2680,[P66614],[TPES],R134a,282.9,0.1499,0.452,FC(F)(F)C(F)(F)OC(F)C(F)(F)S(=O)(=O)[O-],CCCCCC[P+](CCCCCC)(CCCCCC)CCCCCCCCCCCCCC,C(C(F)(F)F)F,Table S3. VLE HFCs
2681,2681,[P66614],[TPES],R134a,283.2,0.1994,0.551,FC(F)(F)C(F)(F)OC(F)C(F)(F)S(=O)(=O)[O-],CCCCCC[P+](CCCCCC)(CCCCCC)CCCCCCCCCCCCCC,C(C(F)(F)F)F,Table S3. VLE HFCs
2682,2682,[P66614],[TPES],R134a,282.9,0.2496,0.634,FC(F)(F)C(F)(F)OC(F)C(F)(F)S(=O)(=O)[O-],CCCCCC[P+](CCCCCC)(CCCCCC)CCCCCCCCCCCCCC,C(C(F)(F)F)F,Table S3. VLE HFCs
2683,2683,[P66614],[TPES],R134a,282.85,0.3,0.718,FC(F)(F)C(F)(F)OC(F)C(F)(F)S(=O)(=O)[O-],CCCCCC[P+](CCCCCC)(CCCCCC)CCCCCCCCCCCCCC,C(C(F)(F)F)F,Table S3. VLE HFCs
2684,2684,[P66614],[TPES],R134a,282.8,0.3495,0.799,FC(F)(F)C(F)(F)OC(F)C(F)(F)S(=O)(=O)[O-],CCCCCC[P+](CCCCCC)(CCCCCC)CCCCCCCCCCCCCC,C(C(F)(F)F)F,Table S3. VLE HFCs
2685,2685,[P66614],[TPES],R134a,298.1,0.01,0.018,FC(F)(F)C(F)(F)OC(F)C(F)(F)S(=O)(=O)[O-],CCCCCC[P+](CCCCCC)(CCCCCC)CCCCCCCCCCCCCC,C(C(F)(F)F)F,Table S3. VLE HFCs
2686,2686,[P66614],[TPES],R134a,298.1,0.05,0.121,FC(F)(F)C(F)(F)OC(F)C(F)(F)S(=O)(=O)[O-],CCCCCC[P+](CCCCCC)(CCCCCC)CCCCCCCCCCCCCC,C(C(F)(F)F)F,Table S3. VLE HFCs
2687,2687,[P66614],[TPES],R134a,298.1,0.1,0.228,FC(F)(F)C(F)(F)OC(F)C(F)(F)S(=O)(=O)[O-],CCCCCC[P+](CCCCCC)(CCCCCC)CCCCCCCCCCCCCC,C(C(F)(F)F)F,Table S3. VLE HFCs
2688,2688,[P66614],[TPES],R134a,298.05,0.1499,0.32,FC(F)(F)C(F)(F)OC(F)C(F)(F)S(=O)(=O)[O-],CCCCCC[P+](CCCCCC)(CCCCCC)CCCCCCCCCCCCCC,C(C(F)(F)F)F,Table S3. VLE HFCs
2689,2689,[P66614],[TPES],R134a,298.1,0.2,0.397,FC(F)(F)C(F)(F)OC(F)C(F)(F)S(=O)(=O)[O-],CCCCCC[P+](CCCCCC)(CCCCCC)CCCCCCCCCCCCCC,C(C(F)(F)F)F,Table S3. VLE HFCs
2690,2690,[P66614],[TPES],R134a,298.1,0.2503,0.462,FC(F)(F)C(F)(F)OC(F)C(F)(F)S(=O)(=O)[O-],CCCCCC[P+](CCCCCC)(CCCCCC)CCCCCCCCCCCCCC,C(C(F)(F)F)F,Table S3. VLE HFCs
2691,2691,[P66614],[TPES],R134a,298.05,0.3004,0.52,FC(F)(F)C(F)(F)OC(F)C(F)(F)S(=O)(=O)[O-],CCCCCC[P+](CCCCCC)(CCCCCC)CCCCCCCCCCCCCC,C(C(F)(F)F)F,Table S3. VLE HFCs
2692,2692,[P66614],[TPES],R134a,298.1,0.3504,0.574,FC(F)(F)C(F)(F)OC(F)C(F)(F)S(=O)(=O)[O-],CCCCCC[P+](CCCCCC)(CCCCCC)CCCCCCCCCCCCCC,C(C(F)(F)F)F,Table S3. VLE HFCs
2693,2693,[P66614],[TPES],R134a,323.15,0.0101,0.011,FC(F)(F)C(F)(F)OC(F)C(F)(F)S(=O)(=O)[O-],CCCCCC[P+](CCCCCC)(CCCCCC)CCCCCCCCCCCCCC,C(C(F)(F)F)F,Table S3. VLE HFCs
2694,2694,[P66614],[TPES],R134a,323.15,0.0501,0.068,FC(F)(F)C(F)(F)OC(F)C(F)(F)S(=O)(=O)[O-],CCCCCC[P+](CCCCCC)(CCCCCC)CCCCCCCCCCCCCC,C(C(F)(F)F)F,Table S3. VLE HFCs
2695,2695,[P66614],[TPES],R134a,323.15,0.1001,0.134,FC(F)(F)C(F)(F)OC(F)C(F)(F)S(=O)(=O)[O-],CCCCCC[P+](CCCCCC)(CCCCCC)CCCCCCCCCCCCCC,C(C(F)(F)F)F,Table S3. VLE HFCs
2696,2696,[P66614],[TPES],R134a,323.15,0.15,0.193,FC(F)(F)C(F)(F)OC(F)C(F)(F)S(=O)(=O)[O-],CCCCCC[P+](CCCCCC)(CCCCCC)CCCCCCCCCCCCCC,C(C(F)(F)F)F,Table S3. VLE HFCs
2697,2697,[P66614],[TPES],R134a,323.15,0.2001,0.246,FC(F)(F)C(F)(F)OC(F)C(F)(F)S(=O)(=O)[O-],CCCCCC[P+](CCCCCC)(CCCCCC)CCCCCCCCCCCCCC,C(C(F)(F)F)F,Table S3. VLE HFCs
2698,2698,[P66614],[TPES],R134a,323.15,0.2501,0.294,FC(F)(F)C(F)(F)OC(F)C(F)(F)S(=O)(=O)[O-],CCCCCC[P+](CCCCCC)(CCCCCC)CCCCCCCCCCCCCC,C(C(F)(F)F)F,Table S3. VLE HFCs
2699,2699,[P66614],[TPES],R134a,323.15,0.3,0.3389999999999999,FC(F)(F)C(F)(F)OC(F)C(F)(F)S(=O)(=O)[O-],CCCCCC[P+](CCCCCC)(CCCCCC)CCCCCCCCCCCCCC,C(C(F)(F)F)F,Table S3. VLE HFCs
2700,2700,[P66614],[TPES],R134a,323.2,0.3497,0.381,FC(F)(F)C(F)(F)OC(F)C(F)(F)S(=O)(=O)[O-],CCCCCC[P+](CCCCCC)(CCCCCC)CCCCCCCCCCCCCC,C(C(F)(F)F)F,Table S3. VLE HFCs
2701,2701,[P66614],[TPES],R134a,348.05,0.0101,0.003,FC(F)(F)C(F)(F)OC(F)C(F)(F)S(=O)(=O)[O-],CCCCCC[P+](CCCCCC)(CCCCCC)CCCCCCCCCCCCCC,C(C(F)(F)F)F,Table S3. VLE HFCs
2702,2702,[P66614],[TPES],R134a,348.1,0.0502,0.039,FC(F)(F)C(F)(F)OC(F)C(F)(F)S(=O)(=O)[O-],CCCCCC[P+](CCCCCC)(CCCCCC)CCCCCCCCCCCCCC,C(C(F)(F)F)F,Table S3. VLE HFCs
2703,2703,[P66614],[TPES],R134a,348.05,0.1001,0.083,FC(F)(F)C(F)(F)OC(F)C(F)(F)S(=O)(=O)[O-],CCCCCC[P+](CCCCCC)(CCCCCC)CCCCCCCCCCCCCC,C(C(F)(F)F)F,Table S3. VLE HFCs
2704,2704,[P66614],[TPES],R134a,348.1,0.1496,0.122,FC(F)(F)C(F)(F)OC(F)C(F)(F)S(=O)(=O)[O-],CCCCCC[P+](CCCCCC)(CCCCCC)CCCCCCCCCCCCCC,C(C(F)(F)F)F,Table S3. VLE HFCs
2705,2705,[P66614],[TPES],R134a,348.1,0.2001,0.16,FC(F)(F)C(F)(F)OC(F)C(F)(F)S(=O)(=O)[O-],CCCCCC[P+](CCCCCC)(CCCCCC)CCCCCCCCCCCCCC,C(C(F)(F)F)F,Table S3. VLE HFCs
2706,2706,[P66614],[TPES],R134a,348.1,0.2503,0.1939999999999999,FC(F)(F)C(F)(F)OC(F)C(F)(F)S(=O)(=O)[O-],CCCCCC[P+](CCCCCC)(CCCCCC)CCCCCCCCCCCCCC,C(C(F)(F)F)F,Table S3. VLE HFCs
2707,2707,[P66614],[TPES],R134a,348.1,0.3003,0.2269999999999999,FC(F)(F)C(F)(F)OC(F)C(F)(F)S(=O)(=O)[O-],CCCCCC[P+](CCCCCC)(CCCCCC)CCCCCCCCCCCCCC,C(C(F)(F)F)F,Table S3. VLE HFCs
2708,2708,[P66614],[TPES],R134a,348.1,0.3505,0.256,FC(F)(F)C(F)(F)OC(F)C(F)(F)S(=O)(=O)[O-],CCCCCC[P+](CCCCCC)(CCCCCC)CCCCCCCCCCCCCC,C(C(F)(F)F)F,Table S3. VLE HFCs
2709,2709,[m-2-HEA],[Pr],R41,288.15,0.09993,0.01542,CCC(=O)[O-],C[NH2+]CCO,CF,Table S3. VLE HFCs
2710,2710,[m-2-HEA],[Pr],R41,293.27,0.10202,0.01412,CCC(=O)[O-],C[NH2+]CCO,CF,Table S3. VLE HFCs
2711,2711,[m-2-HEA],[Pr],R41,298.17,0.10449,0.01297,CCC(=O)[O-],C[NH2+]CCO,CF,Table S3. VLE HFCs
2712,2712,[m-2-HEA],[Pr],R41,303.19,0.10303,0.0121,CCC(=O)[O-],C[NH2+]CCO,CF,Table S3. VLE HFCs
2713,2713,[m-2-HEA],[Pr],R41,308.23,0.10227,0.01095,CCC(=O)[O-],C[NH2+]CCO,CF,Table S3. VLE HFCs
2714,2714,[m-2-HEA],[Pr],R32,288.15,0.10254,0.03624,CCC(=O)[O-],C[NH2+]CCO,C(F)F,Table S3. VLE HFCs
2715,2715,[m-2-HEA],[Pr],R32,293.21,0.10102,0.0314,CCC(=O)[O-],C[NH2+]CCO,C(F)F,Table S3. VLE HFCs
2716,2716,[m-2-HEA],[Pr],R32,298.17,0.10431,0.02806,CCC(=O)[O-],C[NH2+]CCO,C(F)F,Table S3. VLE HFCs
2717,2717,[m-2-HEA],[Pr],R32,303.27,0.10005,0.02454,CCC(=O)[O-],C[NH2+]CCO,C(F)F,Table S3. VLE HFCs
2718,2718,[m-2-HEA],[Pr],R32,308.23,0.10571,0.02435,CCC(=O)[O-],C[NH2+]CCO,C(F)F,Table S3. VLE HFCs
2719,2719,[m-2-HEA],[Pr],R23,288.15,0.10254,0.01444,CCC(=O)[O-],C[NH2+]CCO,C(F)(F)F,Table S3. VLE HFCs
2720,2720,[m-2-HEA],[Pr],R23,293.21,0.10102,0.01294,CCC(=O)[O-],C[NH2+]CCO,C(F)(F)F,Table S3. VLE HFCs
2721,2721,[m-2-HEA],[Pr],R23,298.17,0.10431,0.01156,CCC(=O)[O-],C[NH2+]CCO,C(F)(F)F,Table S3. VLE HFCs
2722,2722,[m-2-HEA],[Pr],R23,303.27,0.10005,0.01072,CCC(=O)[O-],C[NH2+]CCO,C(F)(F)F,Table S3. VLE HFCs
2723,2723,[m-2-HEA],[Pr],R23,308.23,0.10571,0.01035,CCC(=O)[O-],C[NH2+]CCO,C(F)(F)F,Table S3. VLE HFCs
2724,2724,[m-2-HEA],[Pe],R41,288.15,0.10251,0.02153,CCCCC(=O)[O-],C[NH2+]CCO,CF,Table S3. VLE HFCs
2725,2725,[m-2-HEA],[Pe],R41,293.17,0.10414,0.02021,CCCCC(=O)[O-],C[NH2+]CCO,CF,Table S3. VLE HFCs
2726,2726,[m-2-HEA],[Pe],R41,298.45,0.10023,0.01843,CCCCC(=O)[O-],C[NH2+]CCO,CF,Table S3. VLE HFCs
2727,2727,[m-2-HEA],[Pe],R41,303.17,0.10214,0.01748,CCCCC(=O)[O-],C[NH2+]CCO,CF,Table S3. VLE HFCs
2728,2728,[m-2-HEA],[Pe],R41,308.17,0.10148,0.01678,CCCCC(=O)[O-],C[NH2+]CCO,CF,Table S3. VLE HFCs
2729,2729,[m-2-HEA],[Pe],R32,288.15,0.1065,0.04684,CCCCC(=O)[O-],C[NH2+]CCO,C(F)F,Table S3. VLE HFCs
2730,2730,[m-2-HEA],[Pe],R32,293.15,0.10268,0.04,CCCCC(=O)[O-],C[NH2+]CCO,C(F)F,Table S3. VLE HFCs
2731,2731,[m-2-HEA],[Pe],R32,298.15,0.10309,0.03761,CCCCC(=O)[O-],C[NH2+]CCO,C(F)F,Table S3. VLE HFCs
2732,2732,[m-2-HEA],[Pe],R32,303.32,0.10438,0.03317,CCCCC(=O)[O-],C[NH2+]CCO,C(F)F,Table S3. VLE HFCs
2733,2733,[m-2-HEA],[Pe],R32,308.21,0.10588,0.03055,CCCCC(=O)[O-],C[NH2+]CCO,C(F)F,Table S3. VLE HFCs
2734,2734,[m-2-HEA],[Pe],R23,288.15,0.10082,0.0204,CCCCC(=O)[O-],C[NH2+]CCO,C(F)(F)F,Table S3. VLE HFCs
2735,2735,[m-2-HEA],[Pe],R23,293.15,0.10556,0.01924,CCCCC(=O)[O-],C[NH2+]CCO,C(F)(F)F,Table S3. VLE HFCs
2736,2736,[m-2-HEA],[Pe],R23,298.73,0.10371,0.01816,CCCCC(=O)[O-],C[NH2+]CCO,C(F)(F)F,Table S3. VLE HFCs
2737,2737,[m-2-HEA],[Pe],R23,303.15,0.10043,0.01627,CCCCC(=O)[O-],C[NH2+]CCO,C(F)(F)F,Table S3. VLE HFCs
2738,2738,[m-2-HEA],[Pe],R23,308.36,0.10545,0.01549,CCCCC(=O)[O-],C[NH2+]CCO,C(F)(F)F,Table S3. VLE HFCs
2739,2739,[emim],[Ac],R1234yf,283.15,0.073,0.009,CC(=O)[O-],C(C)[N+]1=CN(C=C1)C,C(=C(F)F)(C(F)(F)F)F,Table S4. VLE HFOs
2740,2740,[emim],[Ac],R1234yf,283.15,0.145,0.019,CC(=O)[O-],C(C)[N+]1=CN(C=C1)C,C(=C(F)F)(C(F)(F)F)F,Table S4. VLE HFOs
2741,2741,[emim],[Ac],R1234yf,283.15,0.207,0.027,CC(=O)[O-],C(C)[N+]1=CN(C=C1)C,C(=C(F)F)(C(F)(F)F)F,Table S4. VLE HFOs
2742,2742,[emim],[Ac],R1234yf,283.15,0.266,0.035,CC(=O)[O-],C(C)[N+]1=CN(C=C1)C,C(=C(F)F)(C(F)(F)F)F,Table S4. VLE HFOs
2743,2743,[emim],[Ac],R1234yf,283.15,0.319,0.043,CC(=O)[O-],C(C)[N+]1=CN(C=C1)C,C(=C(F)F)(C(F)(F)F)F,Table S4. VLE HFOs
2744,2744,[emim],[Ac],R1234yf,283.15,0.371,0.051,CC(=O)[O-],C(C)[N+]1=CN(C=C1)C,C(=C(F)F)(C(F)(F)F)F,Table S4. VLE HFOs
2745,2745,[emim],[Ac],R1234yf,283.15,0.42,0.06,CC(=O)[O-],C(C)[N+]1=CN(C=C1)C,C(=C(F)F)(C(F)(F)F)F,Table S4. VLE HFOs
2746,2746,[emim],[Ac],R1234yf,293.15,0.076,0.009,CC(=O)[O-],C(C)[N+]1=CN(C=C1)C,C(=C(F)F)(C(F)(F)F)F,Table S4. VLE HFOs
2747,2747,[emim],[Ac],R1234yf,293.15,0.153,0.016,CC(=O)[O-],C(C)[N+]1=CN(C=C1)C,C(=C(F)F)(C(F)(F)F)F,Table S4. VLE HFOs
2748,2748,[emim],[Ac],R1234yf,293.15,0.219,0.022,CC(=O)[O-],C(C)[N+]1=CN(C=C1)C,C(=C(F)F)(C(F)(F)F)F,Table S4. VLE HFOs
2749,2749,[emim],[Ac],R1234yf,293.15,0.282,0.028,CC(=O)[O-],C(C)[N+]1=CN(C=C1)C,C(=C(F)F)(C(F)(F)F)F,Table S4. VLE HFOs
2750,2750,[emim],[Ac],R1234yf,293.15,0.339,0.034,CC(=O)[O-],C(C)[N+]1=CN(C=C1)C,C(=C(F)F)(C(F)(F)F)F,Table S4. VLE HFOs
2751,2751,[emim],[Ac],R1234yf,293.15,0.395,0.039,CC(=O)[O-],C(C)[N+]1=CN(C=C1)C,C(=C(F)F)(C(F)(F)F)F,Table S4. VLE HFOs
2752,2752,[emim],[Ac],R1234yf,293.15,0.449,0.046,CC(=O)[O-],C(C)[N+]1=CN(C=C1)C,C(=C(F)F)(C(F)(F)F)F,Table S4. VLE HFOs
2753,2753,[emim],[Ac],R1234yf,303.15,0.08,0.007,CC(=O)[O-],C(C)[N+]1=CN(C=C1)C,C(=C(F)F)(C(F)(F)F)F,Table S4. VLE HFOs
2754,2754,[emim],[Ac],R1234yf,303.15,0.161,0.012,CC(=O)[O-],C(C)[N+]1=CN(C=C1)C,C(=C(F)F)(C(F)(F)F)F,Table S4. VLE HFOs
2755,2755,[emim],[Ac],R1234yf,303.15,0.23,0.018,CC(=O)[O-],C(C)[N+]1=CN(C=C1)C,C(=C(F)F)(C(F)(F)F)F,Table S4. VLE HFOs
2756,2756,[emim],[Ac],R1234yf,303.15,0.297,0.022,CC(=O)[O-],C(C)[N+]1=CN(C=C1)C,C(=C(F)F)(C(F)(F)F)F,Table S4. VLE HFOs
2757,2757,[emim],[Ac],R1234yf,303.15,0.358,0.027,CC(=O)[O-],C(C)[N+]1=CN(C=C1)C,C(=C(F)F)(C(F)(F)F)F,Table S4. VLE HFOs
2758,2758,[emim],[Ac],R1234yf,303.15,0.417,0.032,CC(=O)[O-],C(C)[N+]1=CN(C=C1)C,C(=C(F)F)(C(F)(F)F)F,Table S4. VLE HFOs
2759,2759,[emim],[Ac],R1234yf,303.15,0.474,0.037,CC(=O)[O-],C(C)[N+]1=CN(C=C1)C,C(=C(F)F)(C(F)(F)F)F,Table S4. VLE HFOs
2760,2760,[emim],[Ac],R1234yf,313.15,0.084,0.006,CC(=O)[O-],C(C)[N+]1=CN(C=C1)C,C(=C(F)F)(C(F)(F)F)F,Table S4. VLE HFOs
2761,2761,[emim],[Ac],R1234yf,313.15,0.168,0.011,CC(=O)[O-],C(C)[N+]1=CN(C=C1)C,C(=C(F)F)(C(F)(F)F)F,Table S4. VLE HFOs
2762,2762,[emim],[Ac],R1234yf,313.15,0.24,0.015,CC(=O)[O-],C(C)[N+]1=CN(C=C1)C,C(=C(F)F)(C(F)(F)F)F,Table S4. VLE HFOs
2763,2763,[emim],[Ac],R1234yf,313.15,0.311,0.019,CC(=O)[O-],C(C)[N+]1=CN(C=C1)C,C(=C(F)F)(C(F)(F)F)F,Table S4. VLE HFOs
2764,2764,[emim],[Ac],R1234yf,313.15,0.375,0.022,CC(=O)[O-],C(C)[N+]1=CN(C=C1)C,C(=C(F)F)(C(F)(F)F)F,Table S4. VLE HFOs
2765,2765,[emim],[Ac],R1234yf,313.15,0.438,0.026,CC(=O)[O-],C(C)[N+]1=CN(C=C1)C,C(=C(F)F)(C(F)(F)F)F,Table S4. VLE HFOs
2766,2766,[emim],[Ac],R1234yf,313.15,0.5,0.03,CC(=O)[O-],C(C)[N+]1=CN(C=C1)C,C(=C(F)F)(C(F)(F)F)F,Table S4. VLE HFOs
2767,2767,[emim],[Ac],R1234yf,323.15,0.087,0.005,CC(=O)[O-],C(C)[N+]1=CN(C=C1)C,C(=C(F)F)(C(F)(F)F)F,Table S4. VLE HFOs
2768,2768,[emim],[Ac],R1234yf,323.15,0.175,0.009,CC(=O)[O-],C(C)[N+]1=CN(C=C1)C,C(=C(F)F)(C(F)(F)F)F,Table S4. VLE HFOs
2769,2769,[emim],[Ac],R1234yf,323.15,0.251,0.012,CC(=O)[O-],C(C)[N+]1=CN(C=C1)C,C(=C(F)F)(C(F)(F)F)F,Table S4. VLE HFOs
2770,2770,[emim],[Ac],R1234yf,323.15,0.324,0.015,CC(=O)[O-],C(C)[N+]1=CN(C=C1)C,C(=C(F)F)(C(F)(F)F)F,Table S4. VLE HFOs
2771,2771,[emim],[Ac],R1234yf,323.15,0.392,0.019,CC(=O)[O-],C(C)[N+]1=CN(C=C1)C,C(=C(F)F)(C(F)(F)F)F,Table S4. VLE HFOs
2772,2772,[emim],[Ac],R1234yf,323.15,0.458,0.021,CC(=O)[O-],C(C)[N+]1=CN(C=C1)C,C(=C(F)F)(C(F)(F)F)F,Table S4. VLE HFOs
2773,2773,[emim],[Ac],R1234yf,323.15,0.523,0.024,CC(=O)[O-],C(C)[N+]1=CN(C=C1)C,C(=C(F)F)(C(F)(F)F)F,Table S4. VLE HFOs
2774,2774,[emim],[Ac],R1234yf,333.15,0.091,0.004,CC(=O)[O-],C(C)[N+]1=CN(C=C1)C,C(=C(F)F)(C(F)(F)F)F,Table S4. VLE HFOs
2775,2775,[emim],[Ac],R1234yf,333.15,0.182,0.007,CC(=O)[O-],C(C)[N+]1=CN(C=C1)C,C(=C(F)F)(C(F)(F)F)F,Table S4. VLE HFOs
2776,2776,[emim],[Ac],R1234yf,333.15,0.261,0.01,CC(=O)[O-],C(C)[N+]1=CN(C=C1)C,C(=C(F)F)(C(F)(F)F)F,Table S4. VLE HFOs
2777,2777,[emim],[Ac],R1234yf,333.15,0.338,0.013,CC(=O)[O-],C(C)[N+]1=CN(C=C1)C,C(=C(F)F)(C(F)(F)F)F,Table S4. VLE HFOs
2778,2778,[emim],[Ac],R1234yf,333.15,0.408,0.015,CC(=O)[O-],C(C)[N+]1=CN(C=C1)C,C(=C(F)F)(C(F)(F)F)F,Table S4. VLE HFOs
2779,2779,[emim],[Ac],R1234yf,333.15,0.478,0.017,CC(=O)[O-],C(C)[N+]1=CN(C=C1)C,C(=C(F)F)(C(F)(F)F)F,Table S4. VLE HFOs
2780,2780,[emim],[Ac],R1234yf,333.15,0.545,0.02,CC(=O)[O-],C(C)[N+]1=CN(C=C1)C,C(=C(F)F)(C(F)(F)F)F,Table S4. VLE HFOs
2781,2781,[emim],[Ac],R1234yf,343.15,0.094,0.003,CC(=O)[O-],C(C)[N+]1=CN(C=C1)C,C(=C(F)F)(C(F)(F)F)F,Table S4. VLE HFOs
2782,2782,[emim],[Ac],R1234yf,343.15,0.189,0.006,CC(=O)[O-],C(C)[N+]1=CN(C=C1)C,C(=C(F)F)(C(F)(F)F)F,Table S4. VLE HFOs
2783,2783,[emim],[Ac],R1234yf,343.15,0.271,0.009,CC(=O)[O-],C(C)[N+]1=CN(C=C1)C,C(=C(F)F)(C(F)(F)F)F,Table S4. VLE HFOs
2784,2784,[emim],[Ac],R1234yf,343.15,0.35,0.01,CC(=O)[O-],C(C)[N+]1=CN(C=C1)C,C(=C(F)F)(C(F)(F)F)F,Table S4. VLE HFOs
2785,2785,[emim],[Ac],R1234yf,343.15,0.424,0.013,CC(=O)[O-],C(C)[N+]1=CN(C=C1)C,C(=C(F)F)(C(F)(F)F)F,Table S4. VLE HFOs
2786,2786,[emim],[Ac],R1234yf,343.15,0.496,0.015,CC(=O)[O-],C(C)[N+]1=CN(C=C1)C,C(=C(F)F)(C(F)(F)F)F,Table S4. VLE HFOs
2787,2787,[emim],[Ac],R1234yf,343.15,0.568,0.018,CC(=O)[O-],C(C)[N+]1=CN(C=C1)C,C(=C(F)F)(C(F)(F)F)F,Table S4. VLE HFOs
2788,2788,[emim],[BF4],R1234yf,283.15,0.0592,0.0065,F[B-](F)(F)F,C(C)[N+]1=CN(C=C1)C,C(=C(F)F)(C(F)(F)F)F,Table S4. VLE HFOs
2789,2789,[emim],[BF4],R1234yf,283.15,0.1096,0.0121,F[B-](F)(F)F,C(C)[N+]1=CN(C=C1)C,C(=C(F)F)(C(F)(F)F)F,Table S4. VLE HFOs
2790,2790,[emim],[BF4],R1234yf,283.15,0.1594,0.0174,F[B-](F)(F)F,C(C)[N+]1=CN(C=C1)C,C(=C(F)F)(C(F)(F)F)F,Table S4. VLE HFOs
2791,2791,[emim],[BF4],R1234yf,283.15,0.2062,0.0228,F[B-](F)(F)F,C(C)[N+]1=CN(C=C1)C,C(=C(F)F)(C(F)(F)F)F,Table S4. VLE HFOs
2792,2792,[emim],[BF4],R1234yf,283.15,0.2512,0.0279,F[B-](F)(F)F,C(C)[N+]1=CN(C=C1)C,C(=C(F)F)(C(F)(F)F)F,Table S4. VLE HFOs
2793,2793,[emim],[BF4],R1234yf,283.15,0.2972,0.0337,F[B-](F)(F)F,C(C)[N+]1=CN(C=C1)C,C(=C(F)F)(C(F)(F)F)F,Table S4. VLE HFOs
2794,2794,[emim],[BF4],R1234yf,283.15,0.3411,0.0398,F[B-](F)(F)F,C(C)[N+]1=CN(C=C1)C,C(=C(F)F)(C(F)(F)F)F,Table S4. VLE HFOs
2795,2795,[emim],[BF4],R1234yf,293.15,0.0618,0.0052,F[B-](F)(F)F,C(C)[N+]1=CN(C=C1)C,C(=C(F)F)(C(F)(F)F)F,Table S4. VLE HFOs
2796,2796,[emim],[BF4],R1234yf,293.15,0.1144,0.0095,F[B-](F)(F)F,C(C)[N+]1=CN(C=C1)C,C(=C(F)F)(C(F)(F)F)F,Table S4. VLE HFOs
2797,2797,[emim],[BF4],R1234yf,293.15,0.1665,0.0139,F[B-](F)(F)F,C(C)[N+]1=CN(C=C1)C,C(=C(F)F)(C(F)(F)F)F,Table S4. VLE HFOs
2798,2798,[emim],[BF4],R1234yf,293.15,0.2158,0.0178,F[B-](F)(F)F,C(C)[N+]1=CN(C=C1)C,C(=C(F)F)(C(F)(F)F)F,Table S4. VLE HFOs
2799,2799,[emim],[BF4],R1234yf,293.15,0.2632,0.0216,F[B-](F)(F)F,C(C)[N+]1=CN(C=C1)C,C(=C(F)F)(C(F)(F)F)F,Table S4. VLE HFOs
2800,2800,[emim],[BF4],R1234yf,293.15,0.3121,0.0257,F[B-](F)(F)F,C(C)[N+]1=CN(C=C1)C,C(=C(F)F)(C(F)(F)F)F,Table S4. VLE HFOs
2801,2801,[emim],[BF4],R1234yf,293.15,0.3585,0.0297,F[B-](F)(F)F,C(C)[N+]1=CN(C=C1)C,C(=C(F)F)(C(F)(F)F)F,Table S4. VLE HFOs
2802,2802,[emim],[BF4],R1234yf,303.15,0.0643,0.0042,F[B-](F)(F)F,C(C)[N+]1=CN(C=C1)C,C(=C(F)F)(C(F)(F)F)F,Table S4. VLE HFOs
2803,2803,[emim],[BF4],R1234yf,303.15,0.1193,0.0076,F[B-](F)(F)F,C(C)[N+]1=CN(C=C1)C,C(=C(F)F)(C(F)(F)F)F,Table S4. VLE HFOs
2804,2804,[emim],[BF4],R1234yf,303.15,0.1737,0.0112,F[B-](F)(F)F,C(C)[N+]1=CN(C=C1)C,C(=C(F)F)(C(F)(F)F)F,Table S4. VLE HFOs
2805,2805,[emim],[BF4],R1234yf,303.15,0.2253,0.0145,F[B-](F)(F)F,C(C)[N+]1=CN(C=C1)C,C(=C(F)F)(C(F)(F)F)F,Table S4. VLE HFOs
2806,2806,[emim],[BF4],R1234yf,303.15,0.2752,0.0175,F[B-](F)(F)F,C(C)[N+]1=CN(C=C1)C,C(=C(F)F)(C(F)(F)F)F,Table S4. VLE HFOs
2807,2807,[emim],[BF4],R1234yf,303.15,0.3265,0.0208,F[B-](F)(F)F,C(C)[N+]1=CN(C=C1)C,C(=C(F)F)(C(F)(F)F)F,Table S4. VLE HFOs
2808,2808,[emim],[BF4],R1234yf,303.15,0.3755,0.0239,F[B-](F)(F)F,C(C)[N+]1=CN(C=C1)C,C(=C(F)F)(C(F)(F)F)F,Table S4. VLE HFOs
2809,2809,[emim],[BF4],R1234yf,313.15,0.0671,0.0035,F[B-](F)(F)F,C(C)[N+]1=CN(C=C1)C,C(=C(F)F)(C(F)(F)F)F,Table S4. VLE HFOs
2810,2810,[emim],[BF4],R1234yf,313.15,0.1241,0.0065,F[B-](F)(F)F,C(C)[N+]1=CN(C=C1)C,C(=C(F)F)(C(F)(F)F)F,Table S4. VLE HFOs
2811,2811,[emim],[BF4],R1234yf,313.15,0.1807,0.0095,F[B-](F)(F)F,C(C)[N+]1=CN(C=C1)C,C(=C(F)F)(C(F)(F)F)F,Table S4. VLE HFOs
2812,2812,[emim],[BF4],R1234yf,313.15,0.2345,0.0122,F[B-](F)(F)F,C(C)[N+]1=CN(C=C1)C,C(=C(F)F)(C(F)(F)F)F,Table S4. VLE HFOs
2813,2813,[emim],[BF4],R1234yf,313.15,0.2867,0.0147,F[B-](F)(F)F,C(C)[N+]1=CN(C=C1)C,C(=C(F)F)(C(F)(F)F)F,Table S4. VLE HFOs
2814,2814,[emim],[BF4],R1234yf,313.15,0.3406,0.0173,F[B-](F)(F)F,C(C)[N+]1=CN(C=C1)C,C(=C(F)F)(C(F)(F)F)F,Table S4. VLE HFOs
2815,2815,[emim],[BF4],R1234yf,313.15,0.3919,0.02,F[B-](F)(F)F,C(C)[N+]1=CN(C=C1)C,C(=C(F)F)(C(F)(F)F)F,Table S4. VLE HFOs
2816,2816,[emim],[BF4],R1234yf,323.15,0.0695,0.0028,F[B-](F)(F)F,C(C)[N+]1=CN(C=C1)C,C(=C(F)F)(C(F)(F)F)F,Table S4. VLE HFOs
2817,2817,[emim],[BF4],R1234yf,323.15,0.1289,0.0052,F[B-](F)(F)F,C(C)[N+]1=CN(C=C1)C,C(=C(F)F)(C(F)(F)F)F,Table S4. VLE HFOs
2818,2818,[emim],[BF4],R1234yf,323.15,0.1876,0.0077,F[B-](F)(F)F,C(C)[N+]1=CN(C=C1)C,C(=C(F)F)(C(F)(F)F)F,Table S4. VLE HFOs
2819,2819,[emim],[BF4],R1234yf,323.15,0.2436,0.0101,F[B-](F)(F)F,C(C)[N+]1=CN(C=C1)C,C(=C(F)F)(C(F)(F)F)F,Table S4. VLE HFOs
2820,2820,[emim],[BF4],R1234yf,323.15,0.298,0.0122,F[B-](F)(F)F,C(C)[N+]1=CN(C=C1)C,C(=C(F)F)(C(F)(F)F)F,Table S4. VLE HFOs
2821,2821,[emim],[BF4],R1234yf,323.15,0.3543,0.0145,F[B-](F)(F)F,C(C)[N+]1=CN(C=C1)C,C(=C(F)F)(C(F)(F)F)F,Table S4. VLE HFOs
2822,2822,[emim],[BF4],R1234yf,323.15,0.4081,0.017,F[B-](F)(F)F,C(C)[N+]1=CN(C=C1)C,C(=C(F)F)(C(F)(F)F)F,Table S4. VLE HFOs
2823,2823,[emim],[BF4],R1234yf,333.15,0.0723,0.0023,F[B-](F)(F)F,C(C)[N+]1=CN(C=C1)C,C(=C(F)F)(C(F)(F)F)F,Table S4. VLE HFOs
2824,2824,[emim],[BF4],R1234yf,333.15,0.1336,0.0043,F[B-](F)(F)F,C(C)[N+]1=CN(C=C1)C,C(=C(F)F)(C(F)(F)F)F,Table S4. VLE HFOs
2825,2825,[emim],[BF4],R1234yf,333.15,0.1945,0.0063,F[B-](F)(F)F,C(C)[N+]1=CN(C=C1)C,C(=C(F)F)(C(F)(F)F)F,Table S4. VLE HFOs
2826,2826,[emim],[BF4],R1234yf,333.15,0.2526,0.0085,F[B-](F)(F)F,C(C)[N+]1=CN(C=C1)C,C(=C(F)F)(C(F)(F)F)F,Table S4. VLE HFOs
2827,2827,[emim],[BF4],R1234yf,333.15,0.3092,0.0105,F[B-](F)(F)F,C(C)[N+]1=CN(C=C1)C,C(=C(F)F)(C(F)(F)F)F,Table S4. VLE HFOs
2828,2828,[emim],[BF4],R1234yf,333.15,0.3678,0.0125,F[B-](F)(F)F,C(C)[N+]1=CN(C=C1)C,C(=C(F)F)(C(F)(F)F)F,Table S4. VLE HFOs
2829,2829,[emim],[BF4],R1234yf,333.15,0.4239,0.0142,F[B-](F)(F)F,C(C)[N+]1=CN(C=C1)C,C(=C(F)F)(C(F)(F)F)F,Table S4. VLE HFOs
2830,2830,[emim],[BF4],R1234yf,343.15,0.0749,0.0019,F[B-](F)(F)F,C(C)[N+]1=CN(C=C1)C,C(=C(F)F)(C(F)(F)F)F,Table S4. VLE HFOs
2831,2831,[emim],[BF4],R1234yf,343.15,0.1382,0.0037,F[B-](F)(F)F,C(C)[N+]1=CN(C=C1)C,C(=C(F)F)(C(F)(F)F)F,Table S4. VLE HFOs
2832,2832,[emim],[BF4],R1234yf,343.15,0.2014,0.0053,F[B-](F)(F)F,C(C)[N+]1=CN(C=C1)C,C(=C(F)F)(C(F)(F)F)F,Table S4. VLE HFOs
2833,2833,[emim],[BF4],R1234yf,343.15,0.2618,0.007,F[B-](F)(F)F,C(C)[N+]1=CN(C=C1)C,C(=C(F)F)(C(F)(F)F)F,Table S4. VLE HFOs
2834,2834,[emim],[BF4],R1234yf,343.15,0.3203,0.0086,F[B-](F)(F)F,C(C)[N+]1=CN(C=C1)C,C(=C(F)F)(C(F)(F)F)F,Table S4. VLE HFOs
2835,2835,[emim],[BF4],R1234yf,343.15,0.3813,0.0102,F[B-](F)(F)F,C(C)[N+]1=CN(C=C1)C,C(=C(F)F)(C(F)(F)F)F,Table S4. VLE HFOs
2836,2836,[emim],[BF4],R1234yf,343.15,0.4399,0.0119,F[B-](F)(F)F,C(C)[N+]1=CN(C=C1)C,C(=C(F)F)(C(F)(F)F)F,Table S4. VLE HFOs
2837,2837,[emim],[BF4],R1234yf,303.15,0.0607,0.0038,F[B-](F)(F)F,C(C)[N+]1=CN(C=C1)C,C(=C(F)F)(C(F)(F)F)F,Table S4. VLE HFOs
2838,2838,[emim],[BF4],R1234yf,303.15,0.1411,0.0087,F[B-](F)(F)F,C(C)[N+]1=CN(C=C1)C,C(=C(F)F)(C(F)(F)F)F,Table S4. VLE HFOs
2839,2839,[emim],[BF4],R1234yf,303.15,0.2323,0.0147,F[B-](F)(F)F,C(C)[N+]1=CN(C=C1)C,C(=C(F)F)(C(F)(F)F)F,Table S4. VLE HFOs
2840,2840,[emim],[BF4],R1234yf,303.15,0.3263,0.0207,F[B-](F)(F)F,C(C)[N+]1=CN(C=C1)C,C(=C(F)F)(C(F)(F)F)F,Table S4. VLE HFOs
2841,2841,[emim],[BF4],R1234yf,303.15,0.4223,0.0277,F[B-](F)(F)F,C(C)[N+]1=CN(C=C1)C,C(=C(F)F)(C(F)(F)F)F,Table S4. VLE HFOs
2842,2842,[emim],[BF4],R1234ze(E),283.15,0.05,0.0269,F[B-](F)(F)F,C(C)[N+]1=CN(C=C1)C,F/C=C/C(F)(F)F,Table S4. VLE HFOs
2843,2843,[emim],[BF4],R1234ze(E),283.15,0.095,0.0501,F[B-](F)(F)F,C(C)[N+]1=CN(C=C1)C,F/C=C/C(F)(F)F,Table S4. VLE HFOs
2844,2844,[emim],[BF4],R1234ze(E),283.15,0.14,0.0738,F[B-](F)(F)F,C(C)[N+]1=CN(C=C1)C,F/C=C/C(F)(F)F,Table S4. VLE HFOs
2845,2845,[emim],[BF4],R1234ze(E),283.15,0.182,0.098,F[B-](F)(F)F,C(C)[N+]1=CN(C=C1)C,F/C=C/C(F)(F)F,Table S4. VLE HFOs
2846,2846,[emim],[BF4],R1234ze(E),283.15,0.221,0.123,F[B-](F)(F)F,C(C)[N+]1=CN(C=C1)C,F/C=C/C(F)(F)F,Table S4. VLE HFOs
2847,2847,[emim],[BF4],R1234ze(E),283.15,0.259,0.1511,F[B-](F)(F)F,C(C)[N+]1=CN(C=C1)C,F/C=C/C(F)(F)F,Table S4. VLE HFOs
2848,2848,[emim],[BF4],R1234ze(E),283.15,0.294,0.1814,F[B-](F)(F)F,C(C)[N+]1=CN(C=C1)C,F/C=C/C(F)(F)F,Table S4. VLE HFOs
2849,2849,[emim],[BF4],R1234ze(E),293.15,0.054,0.0213,F[B-](F)(F)F,C(C)[N+]1=CN(C=C1)C,F/C=C/C(F)(F)F,Table S4. VLE HFOs
2850,2850,[emim],[BF4],R1234ze(E),293.15,0.103,0.0376,F[B-](F)(F)F,C(C)[N+]1=CN(C=C1)C,F/C=C/C(F)(F)F,Table S4. VLE HFOs
2851,2851,[emim],[BF4],R1234ze(E),293.15,0.153,0.0555,F[B-](F)(F)F,C(C)[N+]1=CN(C=C1)C,F/C=C/C(F)(F)F,Table S4. VLE HFOs
2852,2852,[emim],[BF4],R1234ze(E),293.15,0.199,0.0742,F[B-](F)(F)F,C(C)[N+]1=CN(C=C1)C,F/C=C/C(F)(F)F,Table S4. VLE HFOs
2853,2853,[emim],[BF4],R1234ze(E),293.15,0.243,0.0923,F[B-](F)(F)F,C(C)[N+]1=CN(C=C1)C,F/C=C/C(F)(F)F,Table S4. VLE HFOs
2854,2854,[emim],[BF4],R1234ze(E),293.15,0.286,0.1127,F[B-](F)(F)F,C(C)[N+]1=CN(C=C1)C,F/C=C/C(F)(F)F,Table S4. VLE HFOs
2855,2855,[emim],[BF4],R1234ze(E),293.15,0.327,0.1338,F[B-](F)(F)F,C(C)[N+]1=CN(C=C1)C,F/C=C/C(F)(F)F,Table S4. VLE HFOs
2856,2856,[emim],[BF4],R1234ze(E),303.15,0.058,0.0164,F[B-](F)(F)F,C(C)[N+]1=CN(C=C1)C,F/C=C/C(F)(F)F,Table S4. VLE HFOs
2857,2857,[emim],[BF4],R1234ze(E),303.15,0.111,0.0294,F[B-](F)(F)F,C(C)[N+]1=CN(C=C1)C,F/C=C/C(F)(F)F,Table S4. VLE HFOs
2858,2858,[emim],[BF4],R1234ze(E),303.15,0.164,0.0428,F[B-](F)(F)F,C(C)[N+]1=CN(C=C1)C,F/C=C/C(F)(F)F,Table S4. VLE HFOs
2859,2859,[emim],[BF4],R1234ze(E),303.15,0.213,0.0569,F[B-](F)(F)F,C(C)[N+]1=CN(C=C1)C,F/C=C/C(F)(F)F,Table S4. VLE HFOs
2860,2860,[emim],[BF4],R1234ze(E),303.15,0.261,0.0706,F[B-](F)(F)F,C(C)[N+]1=CN(C=C1)C,F/C=C/C(F)(F)F,Table S4. VLE HFOs
2861,2861,[emim],[BF4],R1234ze(E),303.15,0.309,0.0859,F[B-](F)(F)F,C(C)[N+]1=CN(C=C1)C,F/C=C/C(F)(F)F,Table S4. VLE HFOs
2862,2862,[emim],[BF4],R1234ze(E),303.15,0.354,0.1018,F[B-](F)(F)F,C(C)[N+]1=CN(C=C1)C,F/C=C/C(F)(F)F,Table S4. VLE HFOs
2863,2863,[emim],[BF4],R1234ze(E),313.15,0.061,0.0133,F[B-](F)(F)F,C(C)[N+]1=CN(C=C1)C,F/C=C/C(F)(F)F,Table S4. VLE HFOs
2864,2864,[emim],[BF4],R1234ze(E),313.15,0.117,0.0232,F[B-](F)(F)F,C(C)[N+]1=CN(C=C1)C,F/C=C/C(F)(F)F,Table S4. VLE HFOs
2865,2865,[emim],[BF4],R1234ze(E),313.15,0.173,0.0339,F[B-](F)(F)F,C(C)[N+]1=CN(C=C1)C,F/C=C/C(F)(F)F,Table S4. VLE HFOs
2866,2866,[emim],[BF4],R1234ze(E),313.15,0.226,0.0445,F[B-](F)(F)F,C(C)[N+]1=CN(C=C1)C,F/C=C/C(F)(F)F,Table S4. VLE HFOs
2867,2867,[emim],[BF4],R1234ze(E),313.15,0.277,0.0553,F[B-](F)(F)F,C(C)[N+]1=CN(C=C1)C,F/C=C/C(F)(F)F,Table S4. VLE HFOs
2868,2868,[emim],[BF4],R1234ze(E),313.15,0.328,0.0674,F[B-](F)(F)F,C(C)[N+]1=CN(C=C1)C,F/C=C/C(F)(F)F,Table S4. VLE HFOs
2869,2869,[emim],[BF4],R1234ze(E),313.15,0.378,0.0797,F[B-](F)(F)F,C(C)[N+]1=CN(C=C1)C,F/C=C/C(F)(F)F,Table S4. VLE HFOs
2870,2870,[emim],[BF4],R1234ze(E),323.15,0.064,0.0105,F[B-](F)(F)F,C(C)[N+]1=CN(C=C1)C,F/C=C/C(F)(F)F,Table S4. VLE HFOs
2871,2871,[emim],[BF4],R1234ze(E),323.15,0.123,0.0187,F[B-](F)(F)F,C(C)[N+]1=CN(C=C1)C,F/C=C/C(F)(F)F,Table S4. VLE HFOs
2872,2872,[emim],[BF4],R1234ze(E),323.15,0.182,0.0273,F[B-](F)(F)F,C(C)[N+]1=CN(C=C1)C,F/C=C/C(F)(F)F,Table S4. VLE HFOs
2873,2873,[emim],[BF4],R1234ze(E),323.15,0.238,0.0358,F[B-](F)(F)F,C(C)[N+]1=CN(C=C1)C,F/C=C/C(F)(F)F,Table S4. VLE HFOs
2874,2874,[emim],[BF4],R1234ze(E),323.15,0.292,0.0445,F[B-](F)(F)F,C(C)[N+]1=CN(C=C1)C,F/C=C/C(F)(F)F,Table S4. VLE HFOs
2875,2875,[emim],[BF4],R1234ze(E),323.15,0.346,0.054,F[B-](F)(F)F,C(C)[N+]1=CN(C=C1)C,F/C=C/C(F)(F)F,Table S4. VLE HFOs
2876,2876,[emim],[BF4],R1234ze(E),323.15,0.399,0.0641,F[B-](F)(F)F,C(C)[N+]1=CN(C=C1)C,F/C=C/C(F)(F)F,Table S4. VLE HFOs
2877,2877,[emim],[BF4],R1234ze(E),333.15,0.067,0.0082,F[B-](F)(F)F,C(C)[N+]1=CN(C=C1)C,F/C=C/C(F)(F)F,Table S4. VLE HFOs
2878,2878,[emim],[BF4],R1234ze(E),333.15,0.128,0.0151,F[B-](F)(F)F,C(C)[N+]1=CN(C=C1)C,F/C=C/C(F)(F)F,Table S4. VLE HFOs
2879,2879,[emim],[BF4],R1234ze(E),333.15,0.191,0.022,F[B-](F)(F)F,C(C)[N+]1=CN(C=C1)C,F/C=C/C(F)(F)F,Table S4. VLE HFOs
2880,2880,[emim],[BF4],R1234ze(E),333.15,0.249,0.0289,F[B-](F)(F)F,C(C)[N+]1=CN(C=C1)C,F/C=C/C(F)(F)F,Table S4. VLE HFOs
2881,2881,[emim],[BF4],R1234ze(E),333.15,0.306,0.0363,F[B-](F)(F)F,C(C)[N+]1=CN(C=C1)C,F/C=C/C(F)(F)F,Table S4. VLE HFOs
2882,2882,[emim],[BF4],R1234ze(E),333.15,0.363,0.0441,F[B-](F)(F)F,C(C)[N+]1=CN(C=C1)C,F/C=C/C(F)(F)F,Table S4. VLE HFOs
2883,2883,[emim],[BF4],R1234ze(E),333.15,0.418,0.0525,F[B-](F)(F)F,C(C)[N+]1=CN(C=C1)C,F/C=C/C(F)(F)F,Table S4. VLE HFOs
2884,2884,[emim],[BF4],R1234ze(E),343.15,0.07,0.0063,F[B-](F)(F)F,C(C)[N+]1=CN(C=C1)C,F/C=C/C(F)(F)F,Table S4. VLE HFOs
2885,2885,[emim],[BF4],R1234ze(E),343.15,0.134,0.012,F[B-](F)(F)F,C(C)[N+]1=CN(C=C1)C,F/C=C/C(F)(F)F,Table S4. VLE HFOs
2886,2886,[emim],[BF4],R1234ze(E),343.15,0.198,0.0181,F[B-](F)(F)F,C(C)[N+]1=CN(C=C1)C,F/C=C/C(F)(F)F,Table S4. VLE HFOs
2887,2887,[emim],[BF4],R1234ze(E),343.15,0.26,0.0235,F[B-](F)(F)F,C(C)[N+]1=CN(C=C1)C,F/C=C/C(F)(F)F,Table S4. VLE HFOs
2888,2888,[emim],[BF4],R1234ze(E),343.15,0.319,0.0289,F[B-](F)(F)F,C(C)[N+]1=CN(C=C1)C,F/C=C/C(F)(F)F,Table S4. VLE HFOs
2889,2889,[emim],[BF4],R1234ze(E),343.15,0.379,0.035,F[B-](F)(F)F,C(C)[N+]1=CN(C=C1)C,F/C=C/C(F)(F)F,Table S4. VLE HFOs
2890,2890,[emim],[BF4],R1234ze(E),343.15,0.438,0.0409,F[B-](F)(F)F,C(C)[N+]1=CN(C=C1)C,F/C=C/C(F)(F)F,Table S4. VLE HFOs
2891,2891,[emim],[OTf],R1234yf,283.15,0.0511,0.0163,FC(F)(F)S(=O)(=O)[O-],C(C)[N+]1=CN(C=C1)C,C(=C(F)F)(C(F)(F)F)F,Table S4. VLE HFOs
2892,2892,[emim],[OTf],R1234yf,283.15,0.143,0.0471,FC(F)(F)S(=O)(=O)[O-],C(C)[N+]1=CN(C=C1)C,C(=C(F)F)(C(F)(F)F)F,Table S4. VLE HFOs
2893,2893,[emim],[OTf],R1234yf,283.15,0.2804,0.0972,FC(F)(F)S(=O)(=O)[O-],C(C)[N+]1=CN(C=C1)C,C(=C(F)F)(C(F)(F)F)F,Table S4. VLE HFOs
2894,2894,[emim],[OTf],R1234yf,283.15,0.3731,0.1333,FC(F)(F)S(=O)(=O)[O-],C(C)[N+]1=CN(C=C1)C,C(=C(F)F)(C(F)(F)F)F,Table S4. VLE HFOs
2895,2895,[emim],[OTf],R1234yf,283.15,0.4298,0.1577,FC(F)(F)S(=O)(=O)[O-],C(C)[N+]1=CN(C=C1)C,C(=C(F)F)(C(F)(F)F)F,Table S4. VLE HFOs
2896,2896,[emim],[OTf],R1234yf,293.15,0.055,0.0129,FC(F)(F)S(=O)(=O)[O-],C(C)[N+]1=CN(C=C1)C,C(=C(F)F)(C(F)(F)F)F,Table S4. VLE HFOs
2897,2897,[emim],[OTf],R1234yf,293.15,0.152,0.0357,FC(F)(F)S(=O)(=O)[O-],C(C)[N+]1=CN(C=C1)C,C(=C(F)F)(C(F)(F)F)F,Table S4. VLE HFOs
2898,2898,[emim],[OTf],R1234yf,293.15,0.2898,0.0699,FC(F)(F)S(=O)(=O)[O-],C(C)[N+]1=CN(C=C1)C,C(=C(F)F)(C(F)(F)F)F,Table S4. VLE HFOs
2899,2899,[emim],[OTf],R1234yf,293.15,0.3846,0.0961,FC(F)(F)S(=O)(=O)[O-],C(C)[N+]1=CN(C=C1)C,C(=C(F)F)(C(F)(F)F)F,Table S4. VLE HFOs
2900,2900,[emim],[OTf],R1234yf,293.15,0.4481,0.1115,FC(F)(F)S(=O)(=O)[O-],C(C)[N+]1=CN(C=C1)C,C(=C(F)F)(C(F)(F)F)F,Table S4. VLE HFOs
2901,2901,[emim],[OTf],R1234yf,303.15,0.0579,0.0103,FC(F)(F)S(=O)(=O)[O-],C(C)[N+]1=CN(C=C1)C,C(=C(F)F)(C(F)(F)F)F,Table S4. VLE HFOs
2902,2902,[emim],[OTf],R1234yf,303.15,0.1633,0.0284,FC(F)(F)S(=O)(=O)[O-],C(C)[N+]1=CN(C=C1)C,C(=C(F)F)(C(F)(F)F)F,Table S4. VLE HFOs
2903,2903,[emim],[OTf],R1234yf,303.15,0.3039,0.0536,FC(F)(F)S(=O)(=O)[O-],C(C)[N+]1=CN(C=C1)C,C(=C(F)F)(C(F)(F)F)F,Table S4. VLE HFOs
2904,2904,[emim],[OTf],R1234yf,303.15,0.4188,0.0718,FC(F)(F)S(=O)(=O)[O-],C(C)[N+]1=CN(C=C1)C,C(=C(F)F)(C(F)(F)F)F,Table S4. VLE HFOs
2905,2905,[emim],[OTf],R1234yf,303.15,0.4825,0.0839,FC(F)(F)S(=O)(=O)[O-],C(C)[N+]1=CN(C=C1)C,C(=C(F)F)(C(F)(F)F)F,Table S4. VLE HFOs
2906,2906,[emim],[OTf],R1234yf,313.15,0.0609,0.0078,FC(F)(F)S(=O)(=O)[O-],C(C)[N+]1=CN(C=C1)C,C(=C(F)F)(C(F)(F)F)F,Table S4. VLE HFOs
2907,2907,[emim],[OTf],R1234yf,313.15,0.1665,0.0211,FC(F)(F)S(=O)(=O)[O-],C(C)[N+]1=CN(C=C1)C,C(=C(F)F)(C(F)(F)F)F,Table S4. VLE HFOs
2908,2908,[emim],[OTf],R1234yf,313.15,0.2927,0.0348,FC(F)(F)S(=O)(=O)[O-],C(C)[N+]1=CN(C=C1)C,C(=C(F)F)(C(F)(F)F)F,Table S4. VLE HFOs
2909,2909,[emim],[OTf],R1234yf,313.15,0.4127,0.0459,FC(F)(F)S(=O)(=O)[O-],C(C)[N+]1=CN(C=C1)C,C(=C(F)F)(C(F)(F)F)F,Table S4. VLE HFOs
2910,2910,[emim],[OTf],R1234yf,313.15,0.4801,0.0535,FC(F)(F)S(=O)(=O)[O-],C(C)[N+]1=CN(C=C1)C,C(=C(F)F)(C(F)(F)F)F,Table S4. VLE HFOs
2911,2911,[emim],[OTf],R1234yf,323.15,0.0641,0.0051,FC(F)(F)S(=O)(=O)[O-],C(C)[N+]1=CN(C=C1)C,C(=C(F)F)(C(F)(F)F)F,Table S4. VLE HFOs
2912,2912,[emim],[OTf],R1234yf,323.15,0.1756,0.0139,FC(F)(F)S(=O)(=O)[O-],C(C)[N+]1=CN(C=C1)C,C(=C(F)F)(C(F)(F)F)F,Table S4. VLE HFOs
2913,2913,[emim],[OTf],R1234yf,323.15,0.3441,0.024,FC(F)(F)S(=O)(=O)[O-],C(C)[N+]1=CN(C=C1)C,C(=C(F)F)(C(F)(F)F)F,Table S4. VLE HFOs
2914,2914,[emim],[OTf],R1234yf,323.15,0.4319,0.0296,FC(F)(F)S(=O)(=O)[O-],C(C)[N+]1=CN(C=C1)C,C(=C(F)F)(C(F)(F)F)F,Table S4. VLE HFOs
2915,2915,[emim],[OTf],R1234yf,323.15,0.481,0.0344,FC(F)(F)S(=O)(=O)[O-],C(C)[N+]1=CN(C=C1)C,C(=C(F)F)(C(F)(F)F)F,Table S4. VLE HFOs
2916,2916,[emim],[SCN],R1234yf,283.15,0.0635,0.0035,[S-]C#N,C(C)[N+]1=CN(C=C1)C,C(=C(F)F)(C(F)(F)F)F,Table S4. VLE HFOs
2917,2917,[emim],[SCN],R1234yf,283.15,0.1452,0.0098,[S-]C#N,C(C)[N+]1=CN(C=C1)C,C(=C(F)F)(C(F)(F)F)F,Table S4. VLE HFOs
2918,2918,[emim],[SCN],R1234yf,283.15,0.2379,0.0163,[S-]C#N,C(C)[N+]1=CN(C=C1)C,C(=C(F)F)(C(F)(F)F)F,Table S4. VLE HFOs
2919,2919,[emim],[SCN],R1234yf,283.15,0.3265,0.0251,[S-]C#N,C(C)[N+]1=CN(C=C1)C,C(=C(F)F)(C(F)(F)F)F,Table S4. VLE HFOs
2920,2920,[emim],[SCN],R1234yf,283.15,0.4421,0.0366,[S-]C#N,C(C)[N+]1=CN(C=C1)C,C(=C(F)F)(C(F)(F)F)F,Table S4. VLE HFOs
2921,2921,[emim],[SCN],R1234yf,293.15,0.0643,0.0029,[S-]C#N,C(C)[N+]1=CN(C=C1)C,C(=C(F)F)(C(F)(F)F)F,Table S4. VLE HFOs
2922,2922,[emim],[SCN],R1234yf,293.15,0.1514,0.0077,[S-]C#N,C(C)[N+]1=CN(C=C1)C,C(=C(F)F)(C(F)(F)F)F,Table S4. VLE HFOs
2923,2923,[emim],[SCN],R1234yf,293.15,0.2519,0.0139,[S-]C#N,C(C)[N+]1=CN(C=C1)C,C(=C(F)F)(C(F)(F)F)F,Table S4. VLE HFOs
2924,2924,[emim],[SCN],R1234yf,293.15,0.3435,0.018,[S-]C#N,C(C)[N+]1=CN(C=C1)C,C(=C(F)F)(C(F)(F)F)F,Table S4. VLE HFOs
2925,2925,[emim],[SCN],R1234yf,293.15,0.4346,0.0246,[S-]C#N,C(C)[N+]1=CN(C=C1)C,C(=C(F)F)(C(F)(F)F)F,Table S4. VLE HFOs
2926,2926,[emim],[SCN],R1234yf,303.15,0.0665,0.0031,[S-]C#N,C(C)[N+]1=CN(C=C1)C,C(=C(F)F)(C(F)(F)F)F,Table S4. VLE HFOs
2927,2927,[emim],[SCN],R1234yf,303.15,0.1514,0.006,[S-]C#N,C(C)[N+]1=CN(C=C1)C,C(=C(F)F)(C(F)(F)F)F,Table S4. VLE HFOs
2928,2928,[emim],[SCN],R1234yf,303.15,0.2378,0.0084,[S-]C#N,C(C)[N+]1=CN(C=C1)C,C(=C(F)F)(C(F)(F)F)F,Table S4. VLE HFOs
2929,2929,[emim],[SCN],R1234yf,303.15,0.3313,0.0103,[S-]C#N,C(C)[N+]1=CN(C=C1)C,C(=C(F)F)(C(F)(F)F)F,Table S4. VLE HFOs
2930,2930,[emim],[SCN],R1234yf,303.15,0.4576,0.013,[S-]C#N,C(C)[N+]1=CN(C=C1)C,C(=C(F)F)(C(F)(F)F)F,Table S4. VLE HFOs
2931,2931,[emim],[SCN],R1234yf,313.15,0.0671,0.0007,[S-]C#N,C(C)[N+]1=CN(C=C1)C,C(=C(F)F)(C(F)(F)F)F,Table S4. VLE HFOs
2932,2932,[emim],[SCN],R1234yf,313.15,0.147,0.0022,[S-]C#N,C(C)[N+]1=CN(C=C1)C,C(=C(F)F)(C(F)(F)F)F,Table S4. VLE HFOs
2933,2933,[emim],[SCN],R1234yf,313.15,0.2388,0.0036,[S-]C#N,C(C)[N+]1=CN(C=C1)C,C(=C(F)F)(C(F)(F)F)F,Table S4. VLE HFOs
2934,2934,[emim],[SCN],R1234yf,313.15,0.3364,0.0042,[S-]C#N,C(C)[N+]1=CN(C=C1)C,C(=C(F)F)(C(F)(F)F)F,Table S4. VLE HFOs
2935,2935,[emim],[SCN],R1234yf,313.15,0.4593,0.0063,[S-]C#N,C(C)[N+]1=CN(C=C1)C,C(=C(F)F)(C(F)(F)F)F,Table S4. VLE HFOs
2936,2936,[emim],[Tf2N],R1234yf,283.15,0.1368,0.0985,FC(S(=O)(=O)[N-]S(=O)(=O)C(F)(F)F)(F)F,C(C)[N+]1=CN(C=C1)C,C(=C(F)F)(C(F)(F)F)F,Table S4. VLE HFOs
2937,2937,[emim],[Tf2N],R1234yf,283.15,0.2644,0.2009,FC(S(=O)(=O)[N-]S(=O)(=O)C(F)(F)F)(F)F,C(C)[N+]1=CN(C=C1)C,C(=C(F)F)(C(F)(F)F)F,Table S4. VLE HFOs
2938,2938,[emim],[Tf2N],R1234yf,283.15,0.3467,0.2725,FC(S(=O)(=O)[N-]S(=O)(=O)C(F)(F)F)(F)F,C(C)[N+]1=CN(C=C1)C,C(=C(F)F)(C(F)(F)F)F,Table S4. VLE HFOs
2939,2939,[emim],[Tf2N],R1234yf,283.15,0.3983,0.3222,FC(S(=O)(=O)[N-]S(=O)(=O)C(F)(F)F)(F)F,C(C)[N+]1=CN(C=C1)C,C(=C(F)F)(C(F)(F)F)F,Table S4. VLE HFOs
2940,2940,[emim],[Tf2N],R1234yf,283.15,0.4335,0.3602,FC(S(=O)(=O)[N-]S(=O)(=O)C(F)(F)F)(F)F,C(C)[N+]1=CN(C=C1)C,C(=C(F)F)(C(F)(F)F)F,Table S4. VLE HFOs
2941,2941,[emim],[Tf2N],R1234yf,293.15,0.0499,0.0241,FC(S(=O)(=O)[N-]S(=O)(=O)C(F)(F)F)(F)F,C(C)[N+]1=CN(C=C1)C,C(=C(F)F)(C(F)(F)F)F,Table S4. VLE HFOs
2942,2942,[emim],[Tf2N],R1234yf,293.15,0.1491,0.0758,FC(S(=O)(=O)[N-]S(=O)(=O)C(F)(F)F)(F)F,C(C)[N+]1=CN(C=C1)C,C(=C(F)F)(C(F)(F)F)F,Table S4. VLE HFOs
2943,2943,[emim],[Tf2N],R1234yf,293.15,0.286,0.1503,FC(S(=O)(=O)[N-]S(=O)(=O)C(F)(F)F)(F)F,C(C)[N+]1=CN(C=C1)C,C(=C(F)F)(C(F)(F)F)F,Table S4. VLE HFOs
2944,2944,[emim],[Tf2N],R1234yf,293.15,0.3698,0.1978,FC(S(=O)(=O)[N-]S(=O)(=O)C(F)(F)F)(F)F,C(C)[N+]1=CN(C=C1)C,C(=C(F)F)(C(F)(F)F)F,Table S4. VLE HFOs
2945,2945,[emim],[Tf2N],R1234yf,293.15,0.4257,0.2311,FC(S(=O)(=O)[N-]S(=O)(=O)C(F)(F)F)(F)F,C(C)[N+]1=CN(C=C1)C,C(=C(F)F)(C(F)(F)F)F,Table S4. VLE HFOs
2946,2946,[emim],[Tf2N],R1234yf,303.15,0.055,0.0194,FC(S(=O)(=O)[N-]S(=O)(=O)C(F)(F)F)(F)F,C(C)[N+]1=CN(C=C1)C,C(=C(F)F)(C(F)(F)F)F,Table S4. VLE HFOs
2947,2947,[emim],[Tf2N],R1234yf,303.15,0.1555,0.0581,FC(S(=O)(=O)[N-]S(=O)(=O)C(F)(F)F)(F)F,C(C)[N+]1=CN(C=C1)C,C(=C(F)F)(C(F)(F)F)F,Table S4. VLE HFOs
2948,2948,[emim],[Tf2N],R1234yf,303.15,0.2912,0.1099,FC(S(=O)(=O)[N-]S(=O)(=O)C(F)(F)F)(F)F,C(C)[N+]1=CN(C=C1)C,C(=C(F)F)(C(F)(F)F)F,Table S4. VLE HFOs
2949,2949,[emim],[Tf2N],R1234yf,303.15,0.3853,0.1464,FC(S(=O)(=O)[N-]S(=O)(=O)C(F)(F)F)(F)F,C(C)[N+]1=CN(C=C1)C,C(=C(F)F)(C(F)(F)F)F,Table S4. VLE HFOs
2950,2950,[emim],[Tf2N],R1234yf,303.15,0.4462,0.171,FC(S(=O)(=O)[N-]S(=O)(=O)C(F)(F)F)(F)F,C(C)[N+]1=CN(C=C1)C,C(=C(F)F)(C(F)(F)F)F,Table S4. VLE HFOs
2951,2951,[emim],[Tf2N],R1234yf,313.15,0.0566,0.0162,FC(S(=O)(=O)[N-]S(=O)(=O)C(F)(F)F)(F)F,C(C)[N+]1=CN(C=C1)C,C(=C(F)F)(C(F)(F)F)F,Table S4. VLE HFOs
2952,2952,[emim],[Tf2N],R1234yf,313.15,0.17,0.0497,FC(S(=O)(=O)[N-]S(=O)(=O)C(F)(F)F)(F)F,C(C)[N+]1=CN(C=C1)C,C(=C(F)F)(C(F)(F)F)F,Table S4. VLE HFOs
2953,2953,[emim],[Tf2N],R1234yf,313.15,0.2816,0.0817,FC(S(=O)(=O)[N-]S(=O)(=O)C(F)(F)F)(F)F,C(C)[N+]1=CN(C=C1)C,C(=C(F)F)(C(F)(F)F)F,Table S4. VLE HFOs
2954,2954,[emim],[Tf2N],R1234yf,313.15,0.4026,0.1148,FC(S(=O)(=O)[N-]S(=O)(=O)C(F)(F)F)(F)F,C(C)[N+]1=CN(C=C1)C,C(=C(F)F)(C(F)(F)F)F,Table S4. VLE HFOs
2955,2955,[emim],[Tf2N],R1234yf,313.15,0.4796,0.1366,FC(S(=O)(=O)[N-]S(=O)(=O)C(F)(F)F)(F)F,C(C)[N+]1=CN(C=C1)C,C(=C(F)F)(C(F)(F)F)F,Table S4. VLE HFOs
2956,2956,[emim],[Tf2N],R1234yf,323.15,0.0581,0.0134,FC(S(=O)(=O)[N-]S(=O)(=O)C(F)(F)F)(F)F,C(C)[N+]1=CN(C=C1)C,C(=C(F)F)(C(F)(F)F)F,Table S4. VLE HFOs
2957,2957,[emim],[Tf2N],R1234yf,323.15,0.1605,0.0359,FC(S(=O)(=O)[N-]S(=O)(=O)C(F)(F)F)(F)F,C(C)[N+]1=CN(C=C1)C,C(=C(F)F)(C(F)(F)F)F,Table S4. VLE HFOs
2958,2958,[emim],[Tf2N],R1234yf,323.15,0.3259,0.0702,FC(S(=O)(=O)[N-]S(=O)(=O)C(F)(F)F)(F)F,C(C)[N+]1=CN(C=C1)C,C(=C(F)F)(C(F)(F)F)F,Table S4. VLE HFOs
2959,2959,[emim],[Tf2N],R1234yf,323.15,0.4213,0.0901,FC(S(=O)(=O)[N-]S(=O)(=O)C(F)(F)F)(F)F,C(C)[N+]1=CN(C=C1)C,C(=C(F)F)(C(F)(F)F)F,Table S4. VLE HFOs
2960,2960,[emim],[Tf2N],R1234yf,323.15,0.4767,0.0996,FC(S(=O)(=O)[N-]S(=O)(=O)C(F)(F)F)(F)F,C(C)[N+]1=CN(C=C1)C,C(=C(F)F)(C(F)(F)F)F,Table S4. VLE HFOs
2961,2961,[emim],[Tf2N],R1336mzz(E),293.1,0.194,0.093,FC(S(=O)(=O)[N-]S(=O)(=O)C(F)(F)F)(F)F,C(C)[N+]1=CN(C=C1)C,FC(F)(F)/C=C/C(F)(F)F,Table S4. VLE HFOs
2962,2962,[emim],[Tf2N],R1336mzz(E),293.1,0.223,0.173,FC(S(=O)(=O)[N-]S(=O)(=O)C(F)(F)F)(F)F,C(C)[N+]1=CN(C=C1)C,FC(F)(F)/C=C/C(F)(F)F,Table S4. VLE HFOs
2963,2963,[emim],[Tf2N],R1336mzz(E),303.0,0.228,0.093,FC(S(=O)(=O)[N-]S(=O)(=O)C(F)(F)F)(F)F,C(C)[N+]1=CN(C=C1)C,FC(F)(F)/C=C/C(F)(F)F,Table S4. VLE HFOs
2964,2964,[emim],[Tf2N],R1336mzz(E),303.0,0.293,0.173,FC(S(=O)(=O)[N-]S(=O)(=O)C(F)(F)F)(F)F,C(C)[N+]1=CN(C=C1)C,FC(F)(F)/C=C/C(F)(F)F,Table S4. VLE HFOs
2965,2965,[emim],[Tf2N],R1336mzz(E),322.5,0.336,0.093,FC(S(=O)(=O)[N-]S(=O)(=O)C(F)(F)F)(F)F,C(C)[N+]1=CN(C=C1)C,FC(F)(F)/C=C/C(F)(F)F,Table S4. VLE HFOs
2966,2966,[emim],[Tf2N],R1336mzz(E),322.5,0.488,0.173,FC(S(=O)(=O)[N-]S(=O)(=O)C(F)(F)F)(F)F,C(C)[N+]1=CN(C=C1)C,FC(F)(F)/C=C/C(F)(F)F,Table S4. VLE HFOs
2967,2967,[emim],[Tf2N],R1336mzz(E),332.9,0.381,0.093,FC(S(=O)(=O)[N-]S(=O)(=O)C(F)(F)F)(F)F,C(C)[N+]1=CN(C=C1)C,FC(F)(F)/C=C/C(F)(F)F,Table S4. VLE HFOs
2968,2968,[emim],[Tf2N],R1336mzz(E),332.9,0.623,0.173,FC(S(=O)(=O)[N-]S(=O)(=O)C(F)(F)F)(F)F,C(C)[N+]1=CN(C=C1)C,FC(F)(F)/C=C/C(F)(F)F,Table S4. VLE HFOs
2969,2969,[emim],[Tf2N],R1336mzz(E),342.9,0.453,0.093,FC(S(=O)(=O)[N-]S(=O)(=O)C(F)(F)F)(F)F,C(C)[N+]1=CN(C=C1)C,FC(F)(F)/C=C/C(F)(F)F,Table S4. VLE HFOs
2970,2970,[emim],[Tf2N],R1336mzz(E),342.9,0.8,0.173,FC(S(=O)(=O)[N-]S(=O)(=O)C(F)(F)F)(F)F,C(C)[N+]1=CN(C=C1)C,FC(F)(F)/C=C/C(F)(F)F,Table S4. VLE HFOs
2971,2971,[emim],[Tf2N],R1336mzz(E),352.8,0.511,0.093,FC(S(=O)(=O)[N-]S(=O)(=O)C(F)(F)F)(F)F,C(C)[N+]1=CN(C=C1)C,FC(F)(F)/C=C/C(F)(F)F,Table S4. VLE HFOs
2972,2972,[emim],[Tf2N],R1336mzz(Z),293.1,0.05,0.28,FC(S(=O)(=O)[N-]S(=O)(=O)C(F)(F)F)(F)F,C(C)[N+]1=CN(C=C1)C,FC(F)(F)/C=C\C(F)(F)F,Table S4. VLE HFOs
2973,2973,[emim],[Tf2N],R1336mzz(Z),293.1,0.06,0.589,FC(S(=O)(=O)[N-]S(=O)(=O)C(F)(F)F)(F)F,C(C)[N+]1=CN(C=C1)C,FC(F)(F)/C=C\C(F)(F)F,Table S4. VLE HFOs
2974,2974,[emim],[Tf2N],R1336mzz(Z),303.0,0.07,0.28,FC(S(=O)(=O)[N-]S(=O)(=O)C(F)(F)F)(F)F,C(C)[N+]1=CN(C=C1)C,FC(F)(F)/C=C\C(F)(F)F,Table S4. VLE HFOs
2975,2975,[emim],[Tf2N],R1336mzz(Z),303.0,0.09,0.589,FC(S(=O)(=O)[N-]S(=O)(=O)C(F)(F)F)(F)F,C(C)[N+]1=CN(C=C1)C,FC(F)(F)/C=C\C(F)(F)F,Table S4. VLE HFOs
2976,2976,[emim],[Tf2N],R1336mzz(Z),322.5,0.13,0.28,FC(S(=O)(=O)[N-]S(=O)(=O)C(F)(F)F)(F)F,C(C)[N+]1=CN(C=C1)C,FC(F)(F)/C=C\C(F)(F)F,Table S4. VLE HFOs
2977,2977,[emim],[Tf2N],R1336mzz(Z),322.5,0.17,0.589,FC(S(=O)(=O)[N-]S(=O)(=O)C(F)(F)F)(F)F,C(C)[N+]1=CN(C=C1)C,FC(F)(F)/C=C\C(F)(F)F,Table S4. VLE HFOs
2978,2978,[emim],[Tf2N],R1336mzz(Z),332.9,0.18,0.28,FC(S(=O)(=O)[N-]S(=O)(=O)C(F)(F)F)(F)F,C(C)[N+]1=CN(C=C1)C,FC(F)(F)/C=C\C(F)(F)F,Table S4. VLE HFOs
2979,2979,[emim],[Tf2N],R1336mzz(Z),332.9,0.24,0.589,FC(S(=O)(=O)[N-]S(=O)(=O)C(F)(F)F)(F)F,C(C)[N+]1=CN(C=C1)C,FC(F)(F)/C=C\C(F)(F)F,Table S4. VLE HFOs
2980,2980,[emim],[Tf2N],R1336mzz(Z),342.9,0.24,0.28,FC(S(=O)(=O)[N-]S(=O)(=O)C(F)(F)F)(F)F,C(C)[N+]1=CN(C=C1)C,FC(F)(F)/C=C\C(F)(F)F,Table S4. VLE HFOs
2981,2981,[emim],[Tf2N],R1336mzz(Z),342.9,0.31,0.589,FC(S(=O)(=O)[N-]S(=O)(=O)C(F)(F)F)(F)F,C(C)[N+]1=CN(C=C1)C,FC(F)(F)/C=C\C(F)(F)F,Table S4. VLE HFOs
2982,2982,[emim],[Tf2N],R1336mzz(Z),352.8,0.31,0.28,FC(S(=O)(=O)[N-]S(=O)(=O)C(F)(F)F)(F)F,C(C)[N+]1=CN(C=C1)C,FC(F)(F)/C=C\C(F)(F)F,Table S4. VLE HFOs
2983,2983,[emim],[Tf2N],R1336mzz(Z),352.8,0.41,0.589,FC(S(=O)(=O)[N-]S(=O)(=O)C(F)(F)F)(F)F,C(C)[N+]1=CN(C=C1)C,FC(F)(F)/C=C\C(F)(F)F,Table S4. VLE HFOs
2984,2984,[bmim],[Ac],R1234yf,283.15,0.078,0.021,CC(=O)[O-],C(CCC)[N+]1=CN(C=C1)C,C(=C(F)F)(C(F)(F)F)F,Table S4. VLE HFOs
2985,2985,[bmim],[Ac],R1234yf,283.15,0.147,0.04,CC(=O)[O-],C(CCC)[N+]1=CN(C=C1)C,C(=C(F)F)(C(F)(F)F)F,Table S4. VLE HFOs
2986,2986,[bmim],[Ac],R1234yf,283.15,0.201,0.056,CC(=O)[O-],C(CCC)[N+]1=CN(C=C1)C,C(=C(F)F)(C(F)(F)F)F,Table S4. VLE HFOs
2987,2987,[bmim],[Ac],R1234yf,283.15,0.257,0.076,CC(=O)[O-],C(CCC)[N+]1=CN(C=C1)C,C(=C(F)F)(C(F)(F)F)F,Table S4. VLE HFOs
2988,2988,[bmim],[Ac],R1234yf,283.15,0.31,0.095,CC(=O)[O-],C(CCC)[N+]1=CN(C=C1)C,C(=C(F)F)(C(F)(F)F)F,Table S4. VLE HFOs
2989,2989,[bmim],[Ac],R1234yf,283.15,0.357,0.113,CC(=O)[O-],C(CCC)[N+]1=CN(C=C1)C,C(=C(F)F)(C(F)(F)F)F,Table S4. VLE HFOs
2990,2990,[bmim],[Ac],R1234yf,283.15,0.405,0.133,CC(=O)[O-],C(CCC)[N+]1=CN(C=C1)C,C(=C(F)F)(C(F)(F)F)F,Table S4. VLE HFOs
2991,2991,[bmim],[Ac],R1234yf,293.15,0.081,0.019,CC(=O)[O-],C(CCC)[N+]1=CN(C=C1)C,C(=C(F)F)(C(F)(F)F)F,Table S4. VLE HFOs
2992,2992,[bmim],[Ac],R1234yf,293.15,0.156,0.034,CC(=O)[O-],C(CCC)[N+]1=CN(C=C1)C,C(=C(F)F)(C(F)(F)F)F,Table S4. VLE HFOs
2993,2993,[bmim],[Ac],R1234yf,293.15,0.214,0.047,CC(=O)[O-],C(CCC)[N+]1=CN(C=C1)C,C(=C(F)F)(C(F)(F)F)F,Table S4. VLE HFOs
2994,2994,[bmim],[Ac],R1234yf,293.15,0.276,0.06,CC(=O)[O-],C(CCC)[N+]1=CN(C=C1)C,C(=C(F)F)(C(F)(F)F)F,Table S4. VLE HFOs
2995,2995,[bmim],[Ac],R1234yf,293.15,0.334,0.073,CC(=O)[O-],C(CCC)[N+]1=CN(C=C1)C,C(=C(F)F)(C(F)(F)F)F,Table S4. VLE HFOs
2996,2996,[bmim],[Ac],R1234yf,293.15,0.385,0.087,CC(=O)[O-],C(CCC)[N+]1=CN(C=C1)C,C(=C(F)F)(C(F)(F)F)F,Table S4. VLE HFOs
2997,2997,[bmim],[Ac],R1234yf,293.15,0.439,0.101,CC(=O)[O-],C(CCC)[N+]1=CN(C=C1)C,C(=C(F)F)(C(F)(F)F)F,Table S4. VLE HFOs
2998,2998,[bmim],[Ac],R1234yf,293.15,0.495,0.113,CC(=O)[O-],C(CCC)[N+]1=CN(C=C1)C,C(=C(F)F)(C(F)(F)F)F,Table S4. VLE HFOs
2999,2999,[bmim],[Ac],R1234yf,293.15,0.551,0.129,CC(=O)[O-],C(CCC)[N+]1=CN(C=C1)C,C(=C(F)F)(C(F)(F)F)F,Table S4. VLE HFOs
3000,3000,[bmim],[Ac],R1234yf,303.15,0.086,0.015,CC(=O)[O-],C(CCC)[N+]1=CN(C=C1)C,C(=C(F)F)(C(F)(F)F)F,Table S4. VLE HFOs
3001,3001,[bmim],[Ac],R1234yf,303.15,0.166,0.027,CC(=O)[O-],C(CCC)[N+]1=CN(C=C1)C,C(=C(F)F)(C(F)(F)F)F,Table S4. VLE HFOs
3002,3002,[bmim],[Ac],R1234yf,303.15,0.227,0.036,CC(=O)[O-],C(CCC)[N+]1=CN(C=C1)C,C(=C(F)F)(C(F)(F)F)F,Table S4. VLE HFOs
3003,3003,[bmim],[Ac],R1234yf,303.15,0.293,0.047,CC(=O)[O-],C(CCC)[N+]1=CN(C=C1)C,C(=C(F)F)(C(F)(F)F)F,Table S4. VLE HFOs
3004,3004,[bmim],[Ac],R1234yf,303.15,0.355,0.058,CC(=O)[O-],C(CCC)[N+]1=CN(C=C1)C,C(=C(F)F)(C(F)(F)F)F,Table S4. VLE HFOs
3005,3005,[bmim],[Ac],R1234yf,303.15,0.41,0.069,CC(=O)[O-],C(CCC)[N+]1=CN(C=C1)C,C(=C(F)F)(C(F)(F)F)F,Table S4. VLE HFOs
3006,3006,[bmim],[Ac],R1234yf,303.15,0.469,0.08,CC(=O)[O-],C(CCC)[N+]1=CN(C=C1)C,C(=C(F)F)(C(F)(F)F)F,Table S4. VLE HFOs
3007,3007,[bmim],[Ac],R1234yf,303.15,0.53,0.088,CC(=O)[O-],C(CCC)[N+]1=CN(C=C1)C,C(=C(F)F)(C(F)(F)F)F,Table S4. VLE HFOs
3008,3008,[bmim],[Ac],R1234yf,303.15,0.591,0.1,CC(=O)[O-],C(CCC)[N+]1=CN(C=C1)C,C(=C(F)F)(C(F)(F)F)F,Table S4. VLE HFOs
3009,3009,[bmim],[Ac],R1234yf,303.15,0.658,0.113,CC(=O)[O-],C(CCC)[N+]1=CN(C=C1)C,C(=C(F)F)(C(F)(F)F)F,Table S4. VLE HFOs
3010,3010,[bmim],[Ac],R1234yf,313.15,0.09,0.012,CC(=O)[O-],C(CCC)[N+]1=CN(C=C1)C,C(=C(F)F)(C(F)(F)F)F,Table S4. VLE HFOs
3011,3011,[bmim],[Ac],R1234yf,313.15,0.174,0.023,CC(=O)[O-],C(CCC)[N+]1=CN(C=C1)C,C(=C(F)F)(C(F)(F)F)F,Table S4. VLE HFOs
3012,3012,[bmim],[Ac],R1234yf,313.15,0.239,0.03,CC(=O)[O-],C(CCC)[N+]1=CN(C=C1)C,C(=C(F)F)(C(F)(F)F)F,Table S4. VLE HFOs
3013,3013,[bmim],[Ac],R1234yf,313.15,0.309,0.039,CC(=O)[O-],C(CCC)[N+]1=CN(C=C1)C,C(=C(F)F)(C(F)(F)F)F,Table S4. VLE HFOs
3014,3014,[bmim],[Ac],R1234yf,313.15,0.375,0.047,CC(=O)[O-],C(CCC)[N+]1=CN(C=C1)C,C(=C(F)F)(C(F)(F)F)F,Table S4. VLE HFOs
3015,3015,[bmim],[Ac],R1234yf,313.15,0.433,0.056,CC(=O)[O-],C(CCC)[N+]1=CN(C=C1)C,C(=C(F)F)(C(F)(F)F)F,Table S4. VLE HFOs
3016,3016,[bmim],[Ac],R1234yf,313.15,0.496,0.065,CC(=O)[O-],C(CCC)[N+]1=CN(C=C1)C,C(=C(F)F)(C(F)(F)F)F,Table S4. VLE HFOs
3017,3017,[bmim],[Ac],R1234yf,313.15,0.561,0.071,CC(=O)[O-],C(CCC)[N+]1=CN(C=C1)C,C(=C(F)F)(C(F)(F)F)F,Table S4. VLE HFOs
3018,3018,[bmim],[Ac],R1234yf,313.15,0.627,0.08,CC(=O)[O-],C(CCC)[N+]1=CN(C=C1)C,C(=C(F)F)(C(F)(F)F)F,Table S4. VLE HFOs
3019,3019,[bmim],[Ac],R1234yf,313.15,0.699,0.091,CC(=O)[O-],C(CCC)[N+]1=CN(C=C1)C,C(=C(F)F)(C(F)(F)F)F,Table S4. VLE HFOs
3020,3020,[bmim],[Ac],R1234yf,323.15,0.095,0.01,CC(=O)[O-],C(CCC)[N+]1=CN(C=C1)C,C(=C(F)F)(C(F)(F)F)F,Table S4. VLE HFOs
3021,3021,[bmim],[Ac],R1234yf,323.15,0.182,0.018,CC(=O)[O-],C(CCC)[N+]1=CN(C=C1)C,C(=C(F)F)(C(F)(F)F)F,Table S4. VLE HFOs
3022,3022,[bmim],[Ac],R1234yf,323.15,0.25,0.025,CC(=O)[O-],C(CCC)[N+]1=CN(C=C1)C,C(=C(F)F)(C(F)(F)F)F,Table S4. VLE HFOs
3023,3023,[bmim],[Ac],R1234yf,323.15,0.324,0.031,CC(=O)[O-],C(CCC)[N+]1=CN(C=C1)C,C(=C(F)F)(C(F)(F)F)F,Table S4. VLE HFOs
3024,3024,[bmim],[Ac],R1234yf,323.15,0.393,0.039,CC(=O)[O-],C(CCC)[N+]1=CN(C=C1)C,C(=C(F)F)(C(F)(F)F)F,Table S4. VLE HFOs
3025,3025,[bmim],[Ac],R1234yf,323.15,0.456,0.045,CC(=O)[O-],C(CCC)[N+]1=CN(C=C1)C,C(=C(F)F)(C(F)(F)F)F,Table S4. VLE HFOs
3026,3026,[bmim],[Ac],R1234yf,323.15,0.522,0.052,CC(=O)[O-],C(CCC)[N+]1=CN(C=C1)C,C(=C(F)F)(C(F)(F)F)F,Table S4. VLE HFOs
3027,3027,[bmim],[Ac],R1234yf,323.15,0.59,0.059,CC(=O)[O-],C(CCC)[N+]1=CN(C=C1)C,C(=C(F)F)(C(F)(F)F)F,Table S4. VLE HFOs
3028,3028,[bmim],[Ac],R1234yf,323.15,0.661,0.067,CC(=O)[O-],C(CCC)[N+]1=CN(C=C1)C,C(=C(F)F)(C(F)(F)F)F,Table S4. VLE HFOs
3029,3029,[bmim],[Ac],R1234yf,323.15,0.738,0.074,CC(=O)[O-],C(CCC)[N+]1=CN(C=C1)C,C(=C(F)F)(C(F)(F)F)F,Table S4. VLE HFOs
3030,3030,[bmim],[Ac],R1234yf,333.15,0.099,0.008,CC(=O)[O-],C(CCC)[N+]1=CN(C=C1)C,C(=C(F)F)(C(F)(F)F)F,Table S4. VLE HFOs
3031,3031,[bmim],[Ac],R1234yf,333.15,0.189,0.015,CC(=O)[O-],C(CCC)[N+]1=CN(C=C1)C,C(=C(F)F)(C(F)(F)F)F,Table S4. VLE HFOs
3032,3032,[bmim],[Ac],R1234yf,333.15,0.261,0.021,CC(=O)[O-],C(CCC)[N+]1=CN(C=C1)C,C(=C(F)F)(C(F)(F)F)F,Table S4. VLE HFOs
3033,3033,[bmim],[Ac],R1234yf,333.15,0.338,0.027,CC(=O)[O-],C(CCC)[N+]1=CN(C=C1)C,C(=C(F)F)(C(F)(F)F)F,Table S4. VLE HFOs
3034,3034,[bmim],[Ac],R1234yf,333.15,0.41,0.033,CC(=O)[O-],C(CCC)[N+]1=CN(C=C1)C,C(=C(F)F)(C(F)(F)F)F,Table S4. VLE HFOs
3035,3035,[bmim],[Ac],R1234yf,333.15,0.477,0.038,CC(=O)[O-],C(CCC)[N+]1=CN(C=C1)C,C(=C(F)F)(C(F)(F)F)F,Table S4. VLE HFOs
3036,3036,[bmim],[Ac],R1234yf,333.15,0.546,0.044,CC(=O)[O-],C(CCC)[N+]1=CN(C=C1)C,C(=C(F)F)(C(F)(F)F)F,Table S4. VLE HFOs
3037,3037,[bmim],[Ac],R1234yf,333.15,0.618,0.05,CC(=O)[O-],C(CCC)[N+]1=CN(C=C1)C,C(=C(F)F)(C(F)(F)F)F,Table S4. VLE HFOs
3038,3038,[bmim],[Ac],R1234yf,333.15,0.693,0.057,CC(=O)[O-],C(CCC)[N+]1=CN(C=C1)C,C(=C(F)F)(C(F)(F)F)F,Table S4. VLE HFOs
3039,3039,[bmim],[Ac],R1234yf,333.15,0.775,0.063,CC(=O)[O-],C(CCC)[N+]1=CN(C=C1)C,C(=C(F)F)(C(F)(F)F)F,Table S4. VLE HFOs
3040,3040,[bmim],[Ac],R1234yf,343.15,0.103,0.007,CC(=O)[O-],C(CCC)[N+]1=CN(C=C1)C,C(=C(F)F)(C(F)(F)F)F,Table S4. VLE HFOs
3041,3041,[bmim],[Ac],R1234yf,343.15,0.197,0.013,CC(=O)[O-],C(CCC)[N+]1=CN(C=C1)C,C(=C(F)F)(C(F)(F)F)F,Table S4. VLE HFOs
3042,3042,[bmim],[Ac],R1234yf,343.15,0.271,0.018,CC(=O)[O-],C(CCC)[N+]1=CN(C=C1)C,C(=C(F)F)(C(F)(F)F)F,Table S4. VLE HFOs
3043,3043,[bmim],[Ac],R1234yf,343.15,0.351,0.023,CC(=O)[O-],C(CCC)[N+]1=CN(C=C1)C,C(=C(F)F)(C(F)(F)F)F,Table S4. VLE HFOs
3044,3044,[bmim],[Ac],R1234yf,343.15,0.427,0.028,CC(=O)[O-],C(CCC)[N+]1=CN(C=C1)C,C(=C(F)F)(C(F)(F)F)F,Table S4. VLE HFOs
3045,3045,[bmim],[Ac],R1234yf,343.15,0.497,0.033,CC(=O)[O-],C(CCC)[N+]1=CN(C=C1)C,C(=C(F)F)(C(F)(F)F)F,Table S4. VLE HFOs
3046,3046,[bmim],[Ac],R1234yf,343.15,0.57,0.038,CC(=O)[O-],C(CCC)[N+]1=CN(C=C1)C,C(=C(F)F)(C(F)(F)F)F,Table S4. VLE HFOs
3047,3047,[bmim],[Ac],R1234yf,343.15,0.646,0.042,CC(=O)[O-],C(CCC)[N+]1=CN(C=C1)C,C(=C(F)F)(C(F)(F)F)F,Table S4. VLE HFOs
3048,3048,[bmim],[Ac],R1234yf,343.15,0.724,0.049,CC(=O)[O-],C(CCC)[N+]1=CN(C=C1)C,C(=C(F)F)(C(F)(F)F)F,Table S4. VLE HFOs
3049,3049,[bmim],[Ac],R1234yf,343.15,0.811,0.054,CC(=O)[O-],C(CCC)[N+]1=CN(C=C1)C,C(=C(F)F)(C(F)(F)F)F,Table S4. VLE HFOs
3050,3050,[bmim],[PF6],R1234yf,283.15,0.046,0.0138,F[P-](F)(F)(F)(F)F,C(CCC)[N+]1=CN(C=C1)C,C(=C(F)F)(C(F)(F)F)F,Table S4. VLE HFOs
3051,3051,[bmim],[PF6],R1234yf,283.15,0.0923,0.0281,F[P-](F)(F)(F)(F)F,C(CCC)[N+]1=CN(C=C1)C,C(=C(F)F)(C(F)(F)F)F,Table S4. VLE HFOs
3052,3052,[bmim],[PF6],R1234yf,283.15,0.1331,0.0409,F[P-](F)(F)(F)(F)F,C(CCC)[N+]1=CN(C=C1)C,C(=C(F)F)(C(F)(F)F)F,Table S4. VLE HFOs
3053,3053,[bmim],[PF6],R1234yf,283.15,0.1731,0.0541,F[P-](F)(F)(F)(F)F,C(CCC)[N+]1=CN(C=C1)C,C(=C(F)F)(C(F)(F)F)F,Table S4. VLE HFOs
3054,3054,[bmim],[PF6],R1234yf,283.15,0.2116,0.067,F[P-](F)(F)(F)(F)F,C(CCC)[N+]1=CN(C=C1)C,C(=C(F)F)(C(F)(F)F)F,Table S4. VLE HFOs
3055,3055,[bmim],[PF6],R1234yf,283.15,0.2448,0.0798,F[P-](F)(F)(F)(F)F,C(CCC)[N+]1=CN(C=C1)C,C(=C(F)F)(C(F)(F)F)F,Table S4. VLE HFOs
3056,3056,[bmim],[PF6],R1234yf,283.15,0.2909,0.0954,F[P-](F)(F)(F)(F)F,C(CCC)[N+]1=CN(C=C1)C,C(=C(F)F)(C(F)(F)F)F,Table S4. VLE HFOs
3057,3057,[bmim],[PF6],R1234yf,293.15,0.055,0.0126,F[P-](F)(F)(F)(F)F,C(CCC)[N+]1=CN(C=C1)C,C(=C(F)F)(C(F)(F)F)F,Table S4. VLE HFOs
3058,3058,[bmim],[PF6],R1234yf,293.15,0.1091,0.0248,F[P-](F)(F)(F)(F)F,C(CCC)[N+]1=CN(C=C1)C,C(=C(F)F)(C(F)(F)F)F,Table S4. VLE HFOs
3059,3059,[bmim],[PF6],R1234yf,293.15,0.1568,0.0358,F[P-](F)(F)(F)(F)F,C(CCC)[N+]1=CN(C=C1)C,C(=C(F)F)(C(F)(F)F)F,Table S4. VLE HFOs
3060,3060,[bmim],[PF6],R1234yf,293.15,0.207,0.048,F[P-](F)(F)(F)(F)F,C(CCC)[N+]1=CN(C=C1)C,C(=C(F)F)(C(F)(F)F)F,Table S4. VLE HFOs
3061,3061,[bmim],[PF6],R1234yf,293.15,0.2531,0.0601,F[P-](F)(F)(F)(F)F,C(CCC)[N+]1=CN(C=C1)C,C(=C(F)F)(C(F)(F)F)F,Table S4. VLE HFOs
3062,3062,[bmim],[PF6],R1234yf,293.15,0.2997,0.0722,F[P-](F)(F)(F)(F)F,C(CCC)[N+]1=CN(C=C1)C,C(=C(F)F)(C(F)(F)F)F,Table S4. VLE HFOs
3063,3063,[bmim],[PF6],R1234yf,293.15,0.3341,0.0831,F[P-](F)(F)(F)(F)F,C(CCC)[N+]1=CN(C=C1)C,C(=C(F)F)(C(F)(F)F)F,Table S4. VLE HFOs
3064,3064,[bmim],[PF6],R1234yf,303.15,0.061,0.0112,F[P-](F)(F)(F)(F)F,C(CCC)[N+]1=CN(C=C1)C,C(=C(F)F)(C(F)(F)F)F,Table S4. VLE HFOs
3065,3065,[bmim],[PF6],R1234yf,303.15,0.1183,0.022,F[P-](F)(F)(F)(F)F,C(CCC)[N+]1=CN(C=C1)C,C(=C(F)F)(C(F)(F)F)F,Table S4. VLE HFOs
3066,3066,[bmim],[PF6],R1234yf,303.15,0.1685,0.0319,F[P-](F)(F)(F)(F)F,C(CCC)[N+]1=CN(C=C1)C,C(=C(F)F)(C(F)(F)F)F,Table S4. VLE HFOs
3067,3067,[bmim],[PF6],R1234yf,303.15,0.2188,0.0412,F[P-](F)(F)(F)(F)F,C(CCC)[N+]1=CN(C=C1)C,C(=C(F)F)(C(F)(F)F)F,Table S4. VLE HFOs
3068,3068,[bmim],[PF6],R1234yf,303.15,0.2677,0.0495,F[P-](F)(F)(F)(F)F,C(CCC)[N+]1=CN(C=C1)C,C(=C(F)F)(C(F)(F)F)F,Table S4. VLE HFOs
3069,3069,[bmim],[PF6],R1234yf,303.15,0.3178,0.0585,F[P-](F)(F)(F)(F)F,C(CCC)[N+]1=CN(C=C1)C,C(=C(F)F)(C(F)(F)F)F,Table S4. VLE HFOs
3070,3070,[bmim],[PF6],R1234yf,303.15,0.3653,0.0681,F[P-](F)(F)(F)(F)F,C(CCC)[N+]1=CN(C=C1)C,C(=C(F)F)(C(F)(F)F)F,Table S4. VLE HFOs
3071,3071,[bmim],[PF6],R1234yf,313.15,0.0648,0.0098,F[P-](F)(F)(F)(F)F,C(CCC)[N+]1=CN(C=C1)C,C(=C(F)F)(C(F)(F)F)F,Table S4. VLE HFOs
3072,3072,[bmim],[PF6],R1234yf,313.15,0.125,0.0185,F[P-](F)(F)(F)(F)F,C(CCC)[N+]1=CN(C=C1)C,C(=C(F)F)(C(F)(F)F)F,Table S4. VLE HFOs
3073,3073,[bmim],[PF6],R1234yf,313.15,0.1769,0.0265,F[P-](F)(F)(F)(F)F,C(CCC)[N+]1=CN(C=C1)C,C(=C(F)F)(C(F)(F)F)F,Table S4. VLE HFOs
3074,3074,[bmim],[PF6],R1234yf,313.15,0.23,0.0342,F[P-](F)(F)(F)(F)F,C(CCC)[N+]1=CN(C=C1)C,C(=C(F)F)(C(F)(F)F)F,Table S4. VLE HFOs
3075,3075,[bmim],[PF6],R1234yf,313.15,0.2816,0.0411,F[P-](F)(F)(F)(F)F,C(CCC)[N+]1=CN(C=C1)C,C(=C(F)F)(C(F)(F)F)F,Table S4. VLE HFOs
3076,3076,[bmim],[PF6],R1234yf,313.15,0.3343,0.0489,F[P-](F)(F)(F)(F)F,C(CCC)[N+]1=CN(C=C1)C,C(=C(F)F)(C(F)(F)F)F,Table S4. VLE HFOs
3077,3077,[bmim],[PF6],R1234yf,313.15,0.3848,0.057,F[P-](F)(F)(F)(F)F,C(CCC)[N+]1=CN(C=C1)C,C(=C(F)F)(C(F)(F)F)F,Table S4. VLE HFOs
3078,3078,[bmim],[PF6],R1234yf,323.15,0.0703,0.0086,F[P-](F)(F)(F)(F)F,C(CCC)[N+]1=CN(C=C1)C,C(=C(F)F)(C(F)(F)F)F,Table S4. VLE HFOs
3079,3079,[bmim],[PF6],R1234yf,323.15,0.1266,0.0156,F[P-](F)(F)(F)(F)F,C(CCC)[N+]1=CN(C=C1)C,C(=C(F)F)(C(F)(F)F)F,Table S4. VLE HFOs
3080,3080,[bmim],[PF6],R1234yf,323.15,0.1849,0.0225,F[P-](F)(F)(F)(F)F,C(CCC)[N+]1=CN(C=C1)C,C(=C(F)F)(C(F)(F)F)F,Table S4. VLE HFOs
3081,3081,[bmim],[PF6],R1234yf,323.15,0.2406,0.029,F[P-](F)(F)(F)(F)F,C(CCC)[N+]1=CN(C=C1)C,C(=C(F)F)(C(F)(F)F)F,Table S4. VLE HFOs
3082,3082,[bmim],[PF6],R1234yf,323.15,0.2948,0.0349,F[P-](F)(F)(F)(F)F,C(CCC)[N+]1=CN(C=C1)C,C(=C(F)F)(C(F)(F)F)F,Table S4. VLE HFOs
3083,3083,[bmim],[PF6],R1234yf,323.15,0.3501,0.0415,F[P-](F)(F)(F)(F)F,C(CCC)[N+]1=CN(C=C1)C,C(=C(F)F)(C(F)(F)F)F,Table S4. VLE HFOs
3084,3084,[bmim],[PF6],R1234yf,323.15,0.4034,0.0481,F[P-](F)(F)(F)(F)F,C(CCC)[N+]1=CN(C=C1)C,C(=C(F)F)(C(F)(F)F)F,Table S4. VLE HFOs
3085,3085,[bmim],[PF6],R1234yf,333.15,0.0731,0.0074,F[P-](F)(F)(F)(F)F,C(CCC)[N+]1=CN(C=C1)C,C(=C(F)F)(C(F)(F)F)F,Table S4. VLE HFOs
3086,3086,[bmim],[PF6],R1234yf,333.15,0.1318,0.0133,F[P-](F)(F)(F)(F)F,C(CCC)[N+]1=CN(C=C1)C,C(=C(F)F)(C(F)(F)F)F,Table S4. VLE HFOs
3087,3087,[bmim],[PF6],R1234yf,333.15,0.1926,0.0194,F[P-](F)(F)(F)(F)F,C(CCC)[N+]1=CN(C=C1)C,C(=C(F)F)(C(F)(F)F)F,Table S4. VLE HFOs
3088,3088,[bmim],[PF6],R1234yf,333.15,0.2508,0.0246,F[P-](F)(F)(F)(F)F,C(CCC)[N+]1=CN(C=C1)C,C(=C(F)F)(C(F)(F)F)F,Table S4. VLE HFOs
3089,3089,[bmim],[PF6],R1234yf,333.15,0.307,0.0304,F[P-](F)(F)(F)(F)F,C(CCC)[N+]1=CN(C=C1)C,C(=C(F)F)(C(F)(F)F)F,Table S4. VLE HFOs
3090,3090,[bmim],[PF6],R1234yf,333.15,0.3651,0.0362,F[P-](F)(F)(F)(F)F,C(CCC)[N+]1=CN(C=C1)C,C(=C(F)F)(C(F)(F)F)F,Table S4. VLE HFOs
3091,3091,[bmim],[PF6],R1234yf,333.15,0.4211,0.0417,F[P-](F)(F)(F)(F)F,C(CCC)[N+]1=CN(C=C1)C,C(=C(F)F)(C(F)(F)F)F,Table S4. VLE HFOs
3092,3092,[bmim],[PF6],R1234yf,343.15,0.0728,0.0063,F[P-](F)(F)(F)(F)F,C(CCC)[N+]1=CN(C=C1)C,C(=C(F)F)(C(F)(F)F)F,Table S4. VLE HFOs
3093,3093,[bmim],[PF6],R1234yf,343.15,0.1369,0.0113,F[P-](F)(F)(F)(F)F,C(CCC)[N+]1=CN(C=C1)C,C(=C(F)F)(C(F)(F)F)F,Table S4. VLE HFOs
3094,3094,[bmim],[PF6],R1234yf,343.15,0.2003,0.0162,F[P-](F)(F)(F)(F)F,C(CCC)[N+]1=CN(C=C1)C,C(=C(F)F)(C(F)(F)F)F,Table S4. VLE HFOs
3095,3095,[bmim],[PF6],R1234yf,343.15,0.2569,0.0209,F[P-](F)(F)(F)(F)F,C(CCC)[N+]1=CN(C=C1)C,C(=C(F)F)(C(F)(F)F)F,Table S4. VLE HFOs
3096,3096,[bmim],[PF6],R1234yf,343.15,0.3157,0.0256,F[P-](F)(F)(F)(F)F,C(CCC)[N+]1=CN(C=C1)C,C(=C(F)F)(C(F)(F)F)F,Table S4. VLE HFOs
3097,3097,[bmim],[PF6],R1234yf,343.15,0.3803,0.0306,F[P-](F)(F)(F)(F)F,C(CCC)[N+]1=CN(C=C1)C,C(=C(F)F)(C(F)(F)F)F,Table S4. VLE HFOs
3098,3098,[bmim],[PF6],R1234yf,343.15,0.4339,0.0353,F[P-](F)(F)(F)(F)F,C(CCC)[N+]1=CN(C=C1)C,C(=C(F)F)(C(F)(F)F)F,Table S4. VLE HFOs
3099,3099,[bmim],[PF6],R1234ze(E),283.15,0.0854,0.0918,F[P-](F)(F)(F)(F)F,C(CCC)[N+]1=CN(C=C1)C,F/C=C/C(F)(F)F,Table S4. VLE HFOs
3100,3100,[bmim],[PF6],R1234ze(E),283.15,0.1244,0.1338,F[P-](F)(F)(F)(F)F,C(CCC)[N+]1=CN(C=C1)C,F/C=C/C(F)(F)F,Table S4. VLE HFOs
3101,3101,[bmim],[PF6],R1234ze(E),283.15,0.1589,0.1774,F[P-](F)(F)(F)(F)F,C(CCC)[N+]1=CN(C=C1)C,F/C=C/C(F)(F)F,Table S4. VLE HFOs
3102,3102,[bmim],[PF6],R1234ze(E),283.15,0.1924,0.2167,F[P-](F)(F)(F)(F)F,C(CCC)[N+]1=CN(C=C1)C,F/C=C/C(F)(F)F,Table S4. VLE HFOs
3103,3103,[bmim],[PF6],R1234ze(E),283.15,0.2238,0.2593,F[P-](F)(F)(F)(F)F,C(CCC)[N+]1=CN(C=C1)C,F/C=C/C(F)(F)F,Table S4. VLE HFOs
3104,3104,[bmim],[PF6],R1234ze(E),283.15,0.2534,0.2969,F[P-](F)(F)(F)(F)F,C(CCC)[N+]1=CN(C=C1)C,F/C=C/C(F)(F)F,Table S4. VLE HFOs
3105,3105,[bmim],[PF6],R1234ze(E),293.15,0.0947,0.0764,F[P-](F)(F)(F)(F)F,C(CCC)[N+]1=CN(C=C1)C,F/C=C/C(F)(F)F,Table S4. VLE HFOs
3106,3106,[bmim],[PF6],R1234ze(E),293.15,0.139,0.1106,F[P-](F)(F)(F)(F)F,C(CCC)[N+]1=CN(C=C1)C,F/C=C/C(F)(F)F,Table S4. VLE HFOs
3107,3107,[bmim],[PF6],R1234ze(E),293.15,0.1805,0.1433,F[P-](F)(F)(F)(F)F,C(CCC)[N+]1=CN(C=C1)C,F/C=C/C(F)(F)F,Table S4. VLE HFOs
3108,3108,[bmim],[PF6],R1234ze(E),293.15,0.22,0.1754,F[P-](F)(F)(F)(F)F,C(CCC)[N+]1=CN(C=C1)C,F/C=C/C(F)(F)F,Table S4. VLE HFOs
3109,3109,[bmim],[PF6],R1234ze(E),293.15,0.2588,0.2097,F[P-](F)(F)(F)(F)F,C(CCC)[N+]1=CN(C=C1)C,F/C=C/C(F)(F)F,Table S4. VLE HFOs
3110,3110,[bmim],[PF6],R1234ze(E),293.15,0.2958,0.2419,F[P-](F)(F)(F)(F)F,C(CCC)[N+]1=CN(C=C1)C,F/C=C/C(F)(F)F,Table S4. VLE HFOs
3111,3111,[bmim],[PF6],R1234ze(E),303.15,0.1041,0.0613,F[P-](F)(F)(F)(F)F,C(CCC)[N+]1=CN(C=C1)C,F/C=C/C(F)(F)F,Table S4. VLE HFOs
3112,3112,[bmim],[PF6],R1234ze(E),303.15,0.1531,0.0891,F[P-](F)(F)(F)(F)F,C(CCC)[N+]1=CN(C=C1)C,F/C=C/C(F)(F)F,Table S4. VLE HFOs
3113,3113,[bmim],[PF6],R1234ze(E),303.15,0.1995,0.1154,F[P-](F)(F)(F)(F)F,C(CCC)[N+]1=CN(C=C1)C,F/C=C/C(F)(F)F,Table S4. VLE HFOs
3114,3114,[bmim],[PF6],R1234ze(E),303.15,0.244,0.1414,F[P-](F)(F)(F)(F)F,C(CCC)[N+]1=CN(C=C1)C,F/C=C/C(F)(F)F,Table S4. VLE HFOs
3115,3115,[bmim],[PF6],R1234ze(E),303.15,0.2887,0.169,F[P-](F)(F)(F)(F)F,C(CCC)[N+]1=CN(C=C1)C,F/C=C/C(F)(F)F,Table S4. VLE HFOs
3116,3116,[bmim],[PF6],R1234ze(E),303.15,0.3315,0.1952,F[P-](F)(F)(F)(F)F,C(CCC)[N+]1=CN(C=C1)C,F/C=C/C(F)(F)F,Table S4. VLE HFOs
3117,3117,[bmim],[PF6],R1234ze(E),313.15,0.1124,0.0499,F[P-](F)(F)(F)(F)F,C(CCC)[N+]1=CN(C=C1)C,F/C=C/C(F)(F)F,Table S4. VLE HFOs
3118,3118,[bmim],[PF6],R1234ze(E),313.15,0.1654,0.0726,F[P-](F)(F)(F)(F)F,C(CCC)[N+]1=CN(C=C1)C,F/C=C/C(F)(F)F,Table S4. VLE HFOs
3119,3119,[bmim],[PF6],R1234ze(E),313.15,0.216,0.094,F[P-](F)(F)(F)(F)F,C(CCC)[N+]1=CN(C=C1)C,F/C=C/C(F)(F)F,Table S4. VLE HFOs
3120,3120,[bmim],[PF6],R1234ze(E),313.15,0.2648,0.1151,F[P-](F)(F)(F)(F)F,C(CCC)[N+]1=CN(C=C1)C,F/C=C/C(F)(F)F,Table S4. VLE HFOs
3121,3121,[bmim],[PF6],R1234ze(E),313.15,0.3142,0.1374,F[P-](F)(F)(F)(F)F,C(CCC)[N+]1=CN(C=C1)C,F/C=C/C(F)(F)F,Table S4. VLE HFOs
3122,3122,[bmim],[PF6],R1234ze(E),313.15,0.3619,0.1584,F[P-](F)(F)(F)(F)F,C(CCC)[N+]1=CN(C=C1)C,F/C=C/C(F)(F)F,Table S4. VLE HFOs
3123,3123,[bmim],[PF6],R1234ze(E),323.15,0.1197,0.0411,F[P-](F)(F)(F)(F)F,C(CCC)[N+]1=CN(C=C1)C,F/C=C/C(F)(F)F,Table S4. VLE HFOs
3124,3124,[bmim],[PF6],R1234ze(E),323.15,0.1764,0.0599,F[P-](F)(F)(F)(F)F,C(CCC)[N+]1=CN(C=C1)C,F/C=C/C(F)(F)F,Table S4. VLE HFOs
3125,3125,[bmim],[PF6],R1234ze(E),323.15,0.2306,0.0775,F[P-](F)(F)(F)(F)F,C(CCC)[N+]1=CN(C=C1)C,F/C=C/C(F)(F)F,Table S4. VLE HFOs
3126,3126,[bmim],[PF6],R1234ze(E),323.15,0.2832,0.0947,F[P-](F)(F)(F)(F)F,C(CCC)[N+]1=CN(C=C1)C,F/C=C/C(F)(F)F,Table S4. VLE HFOs
3127,3127,[bmim],[PF6],R1234ze(E),323.15,0.3366,0.1132,F[P-](F)(F)(F)(F)F,C(CCC)[N+]1=CN(C=C1)C,F/C=C/C(F)(F)F,Table S4. VLE HFOs
3128,3128,[bmim],[PF6],R1234ze(E),323.15,0.3883,0.1304,F[P-](F)(F)(F)(F)F,C(CCC)[N+]1=CN(C=C1)C,F/C=C/C(F)(F)F,Table S4. VLE HFOs
3129,3129,[bmim],[PF6],R1234ze(E),333.15,0.1264,0.0343,F[P-](F)(F)(F)(F)F,C(CCC)[N+]1=CN(C=C1)C,F/C=C/C(F)(F)F,Table S4. VLE HFOs
3130,3130,[bmim],[PF6],R1234ze(E),333.15,0.1864,0.0502,F[P-](F)(F)(F)(F)F,C(CCC)[N+]1=CN(C=C1)C,F/C=C/C(F)(F)F,Table S4. VLE HFOs
3131,3131,[bmim],[PF6],R1234ze(E),333.15,0.2439,0.0648,F[P-](F)(F)(F)(F)F,C(CCC)[N+]1=CN(C=C1)C,F/C=C/C(F)(F)F,Table S4. VLE HFOs
3132,3132,[bmim],[PF6],R1234ze(E),333.15,0.2999,0.0791,F[P-](F)(F)(F)(F)F,C(CCC)[N+]1=CN(C=C1)C,F/C=C/C(F)(F)F,Table S4. VLE HFOs
3133,3133,[bmim],[PF6],R1234ze(E),333.15,0.3568,0.0946,F[P-](F)(F)(F)(F)F,C(CCC)[N+]1=CN(C=C1)C,F/C=C/C(F)(F)F,Table S4. VLE HFOs
3134,3134,[bmim],[PF6],R1234ze(E),333.15,0.4121,0.109,F[P-](F)(F)(F)(F)F,C(CCC)[N+]1=CN(C=C1)C,F/C=C/C(F)(F)F,Table S4. VLE HFOs
3135,3135,[bmim],[PF6],R1234ze(E),343.15,0.1327,0.0289,F[P-](F)(F)(F)(F)F,C(CCC)[N+]1=CN(C=C1)C,F/C=C/C(F)(F)F,Table S4. VLE HFOs
3136,3136,[bmim],[PF6],R1234ze(E),343.15,0.196,0.0417,F[P-](F)(F)(F)(F)F,C(CCC)[N+]1=CN(C=C1)C,F/C=C/C(F)(F)F,Table S4. VLE HFOs
3137,3137,[bmim],[PF6],R1234ze(E),343.15,0.2565,0.0541,F[P-](F)(F)(F)(F)F,C(CCC)[N+]1=CN(C=C1)C,F/C=C/C(F)(F)F,Table S4. VLE HFOs
3138,3138,[bmim],[PF6],R1234ze(E),343.15,0.3156,0.0663,F[P-](F)(F)(F)(F)F,C(CCC)[N+]1=CN(C=C1)C,F/C=C/C(F)(F)F,Table S4. VLE HFOs
3139,3139,[bmim],[PF6],R1234ze(E),343.15,0.3761,0.0786,F[P-](F)(F)(F)(F)F,C(CCC)[N+]1=CN(C=C1)C,F/C=C/C(F)(F)F,Table S4. VLE HFOs
3140,3140,[bmim],[PF6],R1234ze(E),343.15,0.4347,0.0906,F[P-](F)(F)(F)(F)F,C(CCC)[N+]1=CN(C=C1)C,F/C=C/C(F)(F)F,Table S4. VLE HFOs
3141,3141,[hmim],[BF4],R1234yf,303.2,0.1109,0.02515,F[B-](F)(F)F,C(CCCCC)[N+]1=CN(C=C1)C,C(=C(F)F)(C(F)(F)F)F,Table S4. VLE HFOs
3142,3142,[hmim],[BF4],R1234yf,313.2,0.1248,0.02245,F[B-](F)(F)F,C(CCCCC)[N+]1=CN(C=C1)C,C(=C(F)F)(C(F)(F)F)F,Table S4. VLE HFOs
3143,3143,[hmim],[BF4],R1234yf,323.2,0.1322,0.01899,F[B-](F)(F)F,C(CCCCC)[N+]1=CN(C=C1)C,C(=C(F)F)(C(F)(F)F)F,Table S4. VLE HFOs
3144,3144,[hmim],[BF4],R1234yf,333.2,0.1494,0.01749,F[B-](F)(F)F,C(CCCCC)[N+]1=CN(C=C1)C,C(=C(F)F)(C(F)(F)F)F,Table S4. VLE HFOs
3145,3145,[hmim],[BF4],R1234yf,343.2,0.1587,0.0153,F[B-](F)(F)F,C(CCCCC)[N+]1=CN(C=C1)C,C(=C(F)F)(C(F)(F)F)F,Table S4. VLE HFOs
3146,3146,[hmim],[BF4],R1234yf,283.15,0.0548,0.0226,F[B-](F)(F)F,C(CCCCC)[N+]1=CN(C=C1)C,C(=C(F)F)(C(F)(F)F)F,Table S4. VLE HFOs
3147,3147,[hmim],[BF4],R1234yf,283.15,0.1023,0.0422,F[B-](F)(F)F,C(CCCCC)[N+]1=CN(C=C1)C,C(=C(F)F)(C(F)(F)F)F,Table S4. VLE HFOs
3148,3148,[hmim],[BF4],R1234yf,283.15,0.155,0.0608,F[B-](F)(F)F,C(CCCCC)[N+]1=CN(C=C1)C,C(=C(F)F)(C(F)(F)F)F,Table S4. VLE HFOs
3149,3149,[hmim],[BF4],R1234yf,283.15,0.193,0.0772,F[B-](F)(F)F,C(CCCCC)[N+]1=CN(C=C1)C,C(=C(F)F)(C(F)(F)F)F,Table S4. VLE HFOs
3150,3150,[hmim],[BF4],R1234yf,283.15,0.2342,0.0962,F[B-](F)(F)F,C(CCCCC)[N+]1=CN(C=C1)C,C(=C(F)F)(C(F)(F)F)F,Table S4. VLE HFOs
3151,3151,[hmim],[BF4],R1234yf,283.15,0.2766,0.1165,F[B-](F)(F)F,C(CCCCC)[N+]1=CN(C=C1)C,C(=C(F)F)(C(F)(F)F)F,Table S4. VLE HFOs
3152,3152,[hmim],[BF4],R1234yf,283.15,0.3157,0.1388,F[B-](F)(F)F,C(CCCCC)[N+]1=CN(C=C1)C,C(=C(F)F)(C(F)(F)F)F,Table S4. VLE HFOs
3153,3153,[hmim],[BF4],R1234yf,293.15,0.0582,0.019,F[B-](F)(F)F,C(CCCCC)[N+]1=CN(C=C1)C,C(=C(F)F)(C(F)(F)F)F,Table S4. VLE HFOs
3154,3154,[hmim],[BF4],R1234yf,293.15,0.1083,0.0338,F[B-](F)(F)F,C(CCCCC)[N+]1=CN(C=C1)C,C(=C(F)F)(C(F)(F)F)F,Table S4. VLE HFOs
3155,3155,[hmim],[BF4],R1234yf,293.15,0.1579,0.0494,F[B-](F)(F)F,C(CCCCC)[N+]1=CN(C=C1)C,C(=C(F)F)(C(F)(F)F)F,Table S4. VLE HFOs
3156,3156,[hmim],[BF4],R1234yf,293.15,0.2049,0.0646,F[B-](F)(F)F,C(CCCCC)[N+]1=CN(C=C1)C,C(=C(F)F)(C(F)(F)F)F,Table S4. VLE HFOs
3157,3157,[hmim],[BF4],R1234yf,293.15,0.2502,0.0791,F[B-](F)(F)F,C(CCCCC)[N+]1=CN(C=C1)C,C(=C(F)F)(C(F)(F)F)F,Table S4. VLE HFOs
3158,3158,[hmim],[BF4],R1234yf,293.15,0.2966,0.0944,F[B-](F)(F)F,C(CCCCC)[N+]1=CN(C=C1)C,C(=C(F)F)(C(F)(F)F)F,Table S4. VLE HFOs
3159,3159,[hmim],[BF4],R1234yf,293.15,0.3404,0.1102,F[B-](F)(F)F,C(CCCCC)[N+]1=CN(C=C1)C,C(=C(F)F)(C(F)(F)F)F,Table S4. VLE HFOs
3160,3160,[hmim],[BF4],R1234yf,303.15,0.0615,0.0155,F[B-](F)(F)F,C(CCCCC)[N+]1=CN(C=C1)C,C(=C(F)F)(C(F)(F)F)F,Table S4. VLE HFOs
3161,3161,[hmim],[BF4],R1234yf,303.15,0.1144,0.0279,F[B-](F)(F)F,C(CCCCC)[N+]1=CN(C=C1)C,C(=C(F)F)(C(F)(F)F)F,Table S4. VLE HFOs
3162,3162,[hmim],[BF4],R1234yf,303.15,0.1671,0.0406,F[B-](F)(F)F,C(CCCCC)[N+]1=CN(C=C1)C,C(=C(F)F)(C(F)(F)F)F,Table S4. VLE HFOs
3163,3163,[hmim],[BF4],R1234yf,303.15,0.2175,0.0519,F[B-](F)(F)F,C(CCCCC)[N+]1=CN(C=C1)C,C(=C(F)F)(C(F)(F)F)F,Table S4. VLE HFOs
3164,3164,[hmim],[BF4],R1234yf,303.15,0.266,0.0632,F[B-](F)(F)F,C(CCCCC)[N+]1=CN(C=C1)C,C(=C(F)F)(C(F)(F)F)F,Table S4. VLE HFOs
3165,3165,[hmim],[BF4],R1234yf,303.15,0.3155,0.0762,F[B-](F)(F)F,C(CCCCC)[N+]1=CN(C=C1)C,C(=C(F)F)(C(F)(F)F)F,Table S4. VLE HFOs
3166,3166,[hmim],[BF4],R1234yf,303.15,0.3627,0.0887,F[B-](F)(F)F,C(CCCCC)[N+]1=CN(C=C1)C,C(=C(F)F)(C(F)(F)F)F,Table S4. VLE HFOs
3167,3167,[hmim],[BF4],R1234yf,313.15,0.0646,0.0129,F[B-](F)(F)F,C(CCCCC)[N+]1=CN(C=C1)C,C(=C(F)F)(C(F)(F)F)F,Table S4. VLE HFOs
3168,3168,[hmim],[BF4],R1234yf,313.15,0.1204,0.0228,F[B-](F)(F)F,C(CCCCC)[N+]1=CN(C=C1)C,C(=C(F)F)(C(F)(F)F)F,Table S4. VLE HFOs
3169,3169,[hmim],[BF4],R1234yf,313.15,0.1757,0.0337,F[B-](F)(F)F,C(CCCCC)[N+]1=CN(C=C1)C,C(=C(F)F)(C(F)(F)F)F,Table S4. VLE HFOs
3170,3170,[hmim],[BF4],R1234yf,313.15,0.2285,0.0438,F[B-](F)(F)F,C(CCCCC)[N+]1=CN(C=C1)C,C(=C(F)F)(C(F)(F)F)F,Table S4. VLE HFOs
3171,3171,[hmim],[BF4],R1234yf,313.15,0.2799,0.053,F[B-](F)(F)F,C(CCCCC)[N+]1=CN(C=C1)C,C(=C(F)F)(C(F)(F)F)F,Table S4. VLE HFOs
3172,3172,[hmim],[BF4],R1234yf,313.15,0.3326,0.0631,F[B-](F)(F)F,C(CCCCC)[N+]1=CN(C=C1)C,C(=C(F)F)(C(F)(F)F)F,Table S4. VLE HFOs
3173,3173,[hmim],[BF4],R1234yf,313.15,0.3828,0.0736,F[B-](F)(F)F,C(CCCCC)[N+]1=CN(C=C1)C,C(=C(F)F)(C(F)(F)F)F,Table S4. VLE HFOs
3174,3174,[hmim],[BF4],R1234yf,323.15,0.0676,0.0106,F[B-](F)(F)F,C(CCCCC)[N+]1=CN(C=C1)C,C(=C(F)F)(C(F)(F)F)F,Table S4. VLE HFOs
3175,3175,[hmim],[BF4],R1234yf,323.15,0.126,0.0191,F[B-](F)(F)F,C(CCCCC)[N+]1=CN(C=C1)C,C(=C(F)F)(C(F)(F)F)F,Table S4. VLE HFOs
3176,3176,[hmim],[BF4],R1234yf,323.15,0.1838,0.0282,F[B-](F)(F)F,C(CCCCC)[N+]1=CN(C=C1)C,C(=C(F)F)(C(F)(F)F)F,Table S4. VLE HFOs
3177,3177,[hmim],[BF4],R1234yf,323.15,0.2395,0.0365,F[B-](F)(F)F,C(CCCCC)[N+]1=CN(C=C1)C,C(=C(F)F)(C(F)(F)F)F,Table S4. VLE HFOs
3178,3178,[hmim],[BF4],R1234yf,323.15,0.2933,0.0444,F[B-](F)(F)F,C(CCCCC)[N+]1=CN(C=C1)C,C(=C(F)F)(C(F)(F)F)F,Table S4. VLE HFOs
3179,3179,[hmim],[BF4],R1234yf,323.15,0.3489,0.0531,F[B-](F)(F)F,C(CCCCC)[N+]1=CN(C=C1)C,C(=C(F)F)(C(F)(F)F)F,Table S4. VLE HFOs
3180,3180,[hmim],[BF4],R1234yf,323.15,0.4019,0.062,F[B-](F)(F)F,C(CCCCC)[N+]1=CN(C=C1)C,C(=C(F)F)(C(F)(F)F)F,Table S4. VLE HFOs
3181,3181,[hmim],[BF4],R1234yf,333.15,0.0705,0.0087,F[B-](F)(F)F,C(CCCCC)[N+]1=CN(C=C1)C,C(=C(F)F)(C(F)(F)F)F,Table S4. VLE HFOs
3182,3182,[hmim],[BF4],R1234yf,333.15,0.1313,0.0159,F[B-](F)(F)F,C(CCCCC)[N+]1=CN(C=C1)C,C(=C(F)F)(C(F)(F)F)F,Table S4. VLE HFOs
3183,3183,[hmim],[BF4],R1234yf,333.15,0.1918,0.0238,F[B-](F)(F)F,C(CCCCC)[N+]1=CN(C=C1)C,C(=C(F)F)(C(F)(F)F)F,Table S4. VLE HFOs
3184,3184,[hmim],[BF4],R1234yf,333.15,0.2499,0.0308,F[B-](F)(F)F,C(CCCCC)[N+]1=CN(C=C1)C,C(=C(F)F)(C(F)(F)F)F,Table S4. VLE HFOs
3185,3185,[hmim],[BF4],R1234yf,333.15,0.3057,0.0376,F[B-](F)(F)F,C(CCCCC)[N+]1=CN(C=C1)C,C(=C(F)F)(C(F)(F)F)F,Table S4. VLE HFOs
3186,3186,[hmim],[BF4],R1234yf,333.15,0.3644,0.0454,F[B-](F)(F)F,C(CCCCC)[N+]1=CN(C=C1)C,C(=C(F)F)(C(F)(F)F)F,Table S4. VLE HFOs
3187,3187,[hmim],[BF4],R1234yf,333.15,0.42,0.0531,F[B-](F)(F)F,C(CCCCC)[N+]1=CN(C=C1)C,C(=C(F)F)(C(F)(F)F)F,Table S4. VLE HFOs
3188,3188,[hmim],[BF4],R1234yf,343.15,0.0737,0.0063,F[B-](F)(F)F,C(CCCCC)[N+]1=CN(C=C1)C,C(=C(F)F)(C(F)(F)F)F,Table S4. VLE HFOs
3189,3189,[hmim],[BF4],R1234yf,343.15,0.1366,0.0128,F[B-](F)(F)F,C(CCCCC)[N+]1=CN(C=C1)C,C(=C(F)F)(C(F)(F)F)F,Table S4. VLE HFOs
3190,3190,[hmim],[BF4],R1234yf,343.15,0.1998,0.0192,F[B-](F)(F)F,C(CCCCC)[N+]1=CN(C=C1)C,C(=C(F)F)(C(F)(F)F)F,Table S4. VLE HFOs
3191,3191,[hmim],[BF4],R1234yf,343.15,0.2602,0.0255,F[B-](F)(F)F,C(CCCCC)[N+]1=CN(C=C1)C,C(=C(F)F)(C(F)(F)F)F,Table S4. VLE HFOs
3192,3192,[hmim],[BF4],R1234yf,343.15,0.3146,0.0315,F[B-](F)(F)F,C(CCCCC)[N+]1=CN(C=C1)C,C(=C(F)F)(C(F)(F)F)F,Table S4. VLE HFOs
3193,3193,[hmim],[BF4],R1234yf,343.15,0.3798,0.038,F[B-](F)(F)F,C(CCCCC)[N+]1=CN(C=C1)C,C(=C(F)F)(C(F)(F)F)F,Table S4. VLE HFOs
3194,3194,[hmim],[BF4],R1234yf,343.15,0.4384,0.0441,F[B-](F)(F)F,C(CCCCC)[N+]1=CN(C=C1)C,C(=C(F)F)(C(F)(F)F)F,Table S4. VLE HFOs
3195,3195,[hmim],[BF4],R1234yf,303.2,0.109,0.027,F[B-](F)(F)F,C(CCCCC)[N+]1=CN(C=C1)C,C(=C(F)F)(C(F)(F)F)F,Table S4. VLE HFOs
3196,3196,[hmim],[BF4],R1234yf,303.27,0.186,0.048,F[B-](F)(F)F,C(CCCCC)[N+]1=CN(C=C1)C,C(=C(F)F)(C(F)(F)F)F,Table S4. VLE HFOs
3197,3197,[hmim],[BF4],R1234yf,303.38,0.301,0.085,F[B-](F)(F)F,C(CCCCC)[N+]1=CN(C=C1)C,C(=C(F)F)(C(F)(F)F)F,Table S4. VLE HFOs
3198,3198,[hmim],[BF4],R1234yf,303.8,0.371,0.113,F[B-](F)(F)F,C(CCCCC)[N+]1=CN(C=C1)C,C(=C(F)F)(C(F)(F)F)F,Table S4. VLE HFOs
3199,3199,[hmim],[BF4],R1234yf,303.36,0.444,0.149,F[B-](F)(F)F,C(CCCCC)[N+]1=CN(C=C1)C,C(=C(F)F)(C(F)(F)F)F,Table S4. VLE HFOs
3200,3200,[hmim],[BF4],R1234yf,313.2,0.121,0.024,F[B-](F)(F)F,C(CCCCC)[N+]1=CN(C=C1)C,C(=C(F)F)(C(F)(F)F)F,Table S4. VLE HFOs
3201,3201,[hmim],[BF4],R1234yf,313.24,0.207,0.042,F[B-](F)(F)F,C(CCCCC)[N+]1=CN(C=C1)C,C(=C(F)F)(C(F)(F)F)F,Table S4. VLE HFOs
3202,3202,[hmim],[BF4],R1234yf,313.2,0.333,0.077,F[B-](F)(F)F,C(CCCCC)[N+]1=CN(C=C1)C,C(=C(F)F)(C(F)(F)F)F,Table S4. VLE HFOs
3203,3203,[hmim],[BF4],R1234yf,313.19,0.408,0.104,F[B-](F)(F)F,C(CCCCC)[N+]1=CN(C=C1)C,C(=C(F)F)(C(F)(F)F)F,Table S4. VLE HFOs
3204,3204,[hmim],[BF4],R1234yf,313.2,0.492,0.14,F[B-](F)(F)F,C(CCCCC)[N+]1=CN(C=C1)C,C(=C(F)F)(C(F)(F)F)F,Table S4. VLE HFOs
3205,3205,[hmim],[BF4],R1234yf,323.22,0.134,0.02,F[B-](F)(F)F,C(CCCCC)[N+]1=CN(C=C1)C,C(=C(F)F)(C(F)(F)F)F,Table S4. VLE HFOs
3206,3206,[hmim],[BF4],R1234yf,323.22,0.225,0.037,F[B-](F)(F)F,C(CCCCC)[N+]1=CN(C=C1)C,C(=C(F)F)(C(F)(F)F)F,Table S4. VLE HFOs
3207,3207,[hmim],[BF4],R1234yf,323.26,0.35,0.071,F[B-](F)(F)F,C(CCCCC)[N+]1=CN(C=C1)C,C(=C(F)F)(C(F)(F)F)F,Table S4. VLE HFOs
3208,3208,[hmim],[BF4],R1234yf,323.17,0.446,0.095,F[B-](F)(F)F,C(CCCCC)[N+]1=CN(C=C1)C,C(=C(F)F)(C(F)(F)F)F,Table S4. VLE HFOs
3209,3209,[hmim],[BF4],R1234yf,323.19,0.539,0.131,F[B-](F)(F)F,C(CCCCC)[N+]1=CN(C=C1)C,C(=C(F)F)(C(F)(F)F)F,Table S4. VLE HFOs
3210,3210,[hmim],[BF4],R1234yf,333.22,0.146,0.017,F[B-](F)(F)F,C(CCCCC)[N+]1=CN(C=C1)C,C(=C(F)F)(C(F)(F)F)F,Table S4. VLE HFOs
3211,3211,[hmim],[BF4],R1234yf,333.22,0.243,0.033,F[B-](F)(F)F,C(CCCCC)[N+]1=CN(C=C1)C,C(=C(F)F)(C(F)(F)F)F,Table S4. VLE HFOs
3212,3212,[hmim],[BF4],R1234yf,332.47,0.375,0.065,F[B-](F)(F)F,C(CCCCC)[N+]1=CN(C=C1)C,C(=C(F)F)(C(F)(F)F)F,Table S4. VLE HFOs
3213,3213,[hmim],[BF4],R1234yf,333.13,0.482,0.087,F[B-](F)(F)F,C(CCCCC)[N+]1=CN(C=C1)C,C(=C(F)F)(C(F)(F)F)F,Table S4. VLE HFOs
3214,3214,[hmim],[BF4],R1234yf,333.19,0.582,0.124,F[B-](F)(F)F,C(CCCCC)[N+]1=CN(C=C1)C,C(=C(F)F)(C(F)(F)F)F,Table S4. VLE HFOs
3215,3215,[hmim],[BF4],R1234yf,343.22,0.157,0.015,F[B-](F)(F)F,C(CCCCC)[N+]1=CN(C=C1)C,C(=C(F)F)(C(F)(F)F)F,Table S4. VLE HFOs
3216,3216,[hmim],[BF4],R1234yf,343.22,0.26,0.03,F[B-](F)(F)F,C(CCCCC)[N+]1=CN(C=C1)C,C(=C(F)F)(C(F)(F)F)F,Table S4. VLE HFOs
3217,3217,[hmim],[BF4],R1234yf,343.23,0.404,0.057,F[B-](F)(F)F,C(CCCCC)[N+]1=CN(C=C1)C,C(=C(F)F)(C(F)(F)F)F,Table S4. VLE HFOs
3218,3218,[hmim],[BF4],R1234yf,343.2,0.515,0.081,F[B-](F)(F)F,C(CCCCC)[N+]1=CN(C=C1)C,C(=C(F)F)(C(F)(F)F)F,Table S4. VLE HFOs
3219,3219,[hmim],[BF4],R1234yf,343.2,0.622,0.117,F[B-](F)(F)F,C(CCCCC)[N+]1=CN(C=C1)C,C(=C(F)F)(C(F)(F)F)F,Table S4. VLE HFOs
3220,3220,[hmim],[BF4],R1234yf,353.23,0.167,0.012,F[B-](F)(F)F,C(CCCCC)[N+]1=CN(C=C1)C,C(=C(F)F)(C(F)(F)F)F,Table S4. VLE HFOs
3221,3221,[hmim],[BF4],R1234yf,353.23,0.277,0.026,F[B-](F)(F)F,C(CCCCC)[N+]1=CN(C=C1)C,C(=C(F)F)(C(F)(F)F)F,Table S4. VLE HFOs
3222,3222,[hmim],[BF4],R1234yf,353.22,0.425,0.052,F[B-](F)(F)F,C(CCCCC)[N+]1=CN(C=C1)C,C(=C(F)F)(C(F)(F)F)F,Table S4. VLE HFOs
3223,3223,[hmim],[BF4],R1234yf,353.22,0.547,0.076,F[B-](F)(F)F,C(CCCCC)[N+]1=CN(C=C1)C,C(=C(F)F)(C(F)(F)F)F,Table S4. VLE HFOs
3224,3224,[hmim],[BF4],R1234yf,353.2,0.66,0.111,F[B-](F)(F)F,C(CCCCC)[N+]1=CN(C=C1)C,C(=C(F)F)(C(F)(F)F)F,Table S4. VLE HFOs
3225,3225,[hmim],[BF4],R1234ze(E),283.15,0.044,0.0511,F[B-](F)(F)F,C(CCCCC)[N+]1=CN(C=C1)C,F/C=C/C(F)(F)F,Table S4. VLE HFOs
3226,3226,[hmim],[BF4],R1234ze(E),283.15,0.082,0.099,F[B-](F)(F)F,C(CCCCC)[N+]1=CN(C=C1)C,F/C=C/C(F)(F)F,Table S4. VLE HFOs
3227,3227,[hmim],[BF4],R1234ze(E),283.15,0.117,0.1503,F[B-](F)(F)F,C(CCCCC)[N+]1=CN(C=C1)C,F/C=C/C(F)(F)F,Table S4. VLE HFOs
3228,3228,[hmim],[BF4],R1234ze(E),283.15,0.15,0.195,F[B-](F)(F)F,C(CCCCC)[N+]1=CN(C=C1)C,F/C=C/C(F)(F)F,Table S4. VLE HFOs
3229,3229,[hmim],[BF4],R1234ze(E),283.15,0.18,0.2387,F[B-](F)(F)F,C(CCCCC)[N+]1=CN(C=C1)C,F/C=C/C(F)(F)F,Table S4. VLE HFOs
3230,3230,[hmim],[BF4],R1234ze(E),283.15,0.21,0.2827,F[B-](F)(F)F,C(CCCCC)[N+]1=CN(C=C1)C,F/C=C/C(F)(F)F,Table S4. VLE HFOs
3231,3231,[hmim],[BF4],R1234ze(E),283.15,0.237,0.3241,F[B-](F)(F)F,C(CCCCC)[N+]1=CN(C=C1)C,F/C=C/C(F)(F)F,Table S4. VLE HFOs
3232,3232,[hmim],[BF4],R1234ze(E),293.15,0.049,0.0437,F[B-](F)(F)F,C(CCCCC)[N+]1=CN(C=C1)C,F/C=C/C(F)(F)F,Table S4. VLE HFOs
3233,3233,[hmim],[BF4],R1234ze(E),293.15,0.091,0.0852,F[B-](F)(F)F,C(CCCCC)[N+]1=CN(C=C1)C,F/C=C/C(F)(F)F,Table S4. VLE HFOs
3234,3234,[hmim],[BF4],R1234ze(E),293.15,0.133,0.1233,F[B-](F)(F)F,C(CCCCC)[N+]1=CN(C=C1)C,F/C=C/C(F)(F)F,Table S4. VLE HFOs
3235,3235,[hmim],[BF4],R1234ze(E),293.15,0.173,0.1604,F[B-](F)(F)F,C(CCCCC)[N+]1=CN(C=C1)C,F/C=C/C(F)(F)F,Table S4. VLE HFOs
3236,3236,[hmim],[BF4],R1234ze(E),293.15,0.21,0.1959,F[B-](F)(F)F,C(CCCCC)[N+]1=CN(C=C1)C,F/C=C/C(F)(F)F,Table S4. VLE HFOs
3237,3237,[hmim],[BF4],R1234ze(E),293.15,0.247,0.2327,F[B-](F)(F)F,C(CCCCC)[N+]1=CN(C=C1)C,F/C=C/C(F)(F)F,Table S4. VLE HFOs
3238,3238,[hmim],[BF4],R1234ze(E),293.15,0.282,0.268,F[B-](F)(F)F,C(CCCCC)[N+]1=CN(C=C1)C,F/C=C/C(F)(F)F,Table S4. VLE HFOs
3239,3239,[hmim],[BF4],R1234ze(E),303.15,0.053,0.0367,F[B-](F)(F)F,C(CCCCC)[N+]1=CN(C=C1)C,F/C=C/C(F)(F)F,Table S4. VLE HFOs
3240,3240,[hmim],[BF4],R1234ze(E),303.15,0.101,0.0689,F[B-](F)(F)F,C(CCCCC)[N+]1=CN(C=C1)C,F/C=C/C(F)(F)F,Table S4. VLE HFOs
3241,3241,[hmim],[BF4],R1234ze(E),303.15,0.149,0.1001,F[B-](F)(F)F,C(CCCCC)[N+]1=CN(C=C1)C,F/C=C/C(F)(F)F,Table S4. VLE HFOs
3242,3242,[hmim],[BF4],R1234ze(E),303.15,0.193,0.1301,F[B-](F)(F)F,C(CCCCC)[N+]1=CN(C=C1)C,F/C=C/C(F)(F)F,Table S4. VLE HFOs
3243,3243,[hmim],[BF4],R1234ze(E),303.15,0.236,0.1591,F[B-](F)(F)F,C(CCCCC)[N+]1=CN(C=C1)C,F/C=C/C(F)(F)F,Table S4. VLE HFOs
3244,3244,[hmim],[BF4],R1234ze(E),303.15,0.28,0.1894,F[B-](F)(F)F,C(CCCCC)[N+]1=CN(C=C1)C,F/C=C/C(F)(F)F,Table S4. VLE HFOs
3245,3245,[hmim],[BF4],R1234ze(E),303.15,0.321,0.2184,F[B-](F)(F)F,C(CCCCC)[N+]1=CN(C=C1)C,F/C=C/C(F)(F)F,Table S4. VLE HFOs
3246,3246,[hmim],[BF4],R1234ze(E),313.15,0.057,0.0307,F[B-](F)(F)F,C(CCCCC)[N+]1=CN(C=C1)C,F/C=C/C(F)(F)F,Table S4. VLE HFOs
3247,3247,[hmim],[BF4],R1234ze(E),313.15,0.11,0.056,F[B-](F)(F)F,C(CCCCC)[N+]1=CN(C=C1)C,F/C=C/C(F)(F)F,Table S4. VLE HFOs
3248,3248,[hmim],[BF4],R1234ze(E),313.15,0.162,0.0813,F[B-](F)(F)F,C(CCCCC)[N+]1=CN(C=C1)C,F/C=C/C(F)(F)F,Table S4. VLE HFOs
3249,3249,[hmim],[BF4],R1234ze(E),313.15,0.212,0.1058,F[B-](F)(F)F,C(CCCCC)[N+]1=CN(C=C1)C,F/C=C/C(F)(F)F,Table S4. VLE HFOs
3250,3250,[hmim],[BF4],R1234ze(E),313.15,0.259,0.1295,F[B-](F)(F)F,C(CCCCC)[N+]1=CN(C=C1)C,F/C=C/C(F)(F)F,Table S4. VLE HFOs
3251,3251,[hmim],[BF4],R1234ze(E),313.15,0.308,0.1543,F[B-](F)(F)F,C(CCCCC)[N+]1=CN(C=C1)C,F/C=C/C(F)(F)F,Table S4. VLE HFOs
3252,3252,[hmim],[BF4],R1234ze(E),313.15,0.355,0.1782,F[B-](F)(F)F,C(CCCCC)[N+]1=CN(C=C1)C,F/C=C/C(F)(F)F,Table S4. VLE HFOs
3253,3253,[hmim],[BF4],R1234ze(E),323.15,0.062,0.0248,F[B-](F)(F)F,C(CCCCC)[N+]1=CN(C=C1)C,F/C=C/C(F)(F)F,Table S4. VLE HFOs
3254,3254,[hmim],[BF4],R1234ze(E),323.15,0.118,0.0454,F[B-](F)(F)F,C(CCCCC)[N+]1=CN(C=C1)C,F/C=C/C(F)(F)F,Table S4. VLE HFOs
3255,3255,[hmim],[BF4],R1234ze(E),323.15,0.174,0.0667,F[B-](F)(F)F,C(CCCCC)[N+]1=CN(C=C1)C,F/C=C/C(F)(F)F,Table S4. VLE HFOs
3256,3256,[hmim],[BF4],R1234ze(E),323.15,0.228,0.0868,F[B-](F)(F)F,C(CCCCC)[N+]1=CN(C=C1)C,F/C=C/C(F)(F)F,Table S4. VLE HFOs
3257,3257,[hmim],[BF4],R1234ze(E),323.15,0.279,0.1063,F[B-](F)(F)F,C(CCCCC)[N+]1=CN(C=C1)C,F/C=C/C(F)(F)F,Table S4. VLE HFOs
3258,3258,[hmim],[BF4],R1234ze(E),323.15,0.333,0.1266,F[B-](F)(F)F,C(CCCCC)[N+]1=CN(C=C1)C,F/C=C/C(F)(F)F,Table S4. VLE HFOs
3259,3259,[hmim],[BF4],R1234ze(E),323.15,0.384,0.1464,F[B-](F)(F)F,C(CCCCC)[N+]1=CN(C=C1)C,F/C=C/C(F)(F)F,Table S4. VLE HFOs
3260,3260,[hmim],[BF4],R1234ze(E),333.15,0.066,0.0201,F[B-](F)(F)F,C(CCCCC)[N+]1=CN(C=C1)C,F/C=C/C(F)(F)F,Table S4. VLE HFOs
3261,3261,[hmim],[BF4],R1234ze(E),333.15,0.125,0.0374,F[B-](F)(F)F,C(CCCCC)[N+]1=CN(C=C1)C,F/C=C/C(F)(F)F,Table S4. VLE HFOs
3262,3262,[hmim],[BF4],R1234ze(E),333.15,0.185,0.055,F[B-](F)(F)F,C(CCCCC)[N+]1=CN(C=C1)C,F/C=C/C(F)(F)F,Table S4. VLE HFOs
3263,3263,[hmim],[BF4],R1234ze(E),333.15,0.242,0.0718,F[B-](F)(F)F,C(CCCCC)[N+]1=CN(C=C1)C,F/C=C/C(F)(F)F,Table S4. VLE HFOs
3264,3264,[hmim],[BF4],R1234ze(E),333.15,0.298,0.088,F[B-](F)(F)F,C(CCCCC)[N+]1=CN(C=C1)C,F/C=C/C(F)(F)F,Table S4. VLE HFOs
3265,3265,[hmim],[BF4],R1234ze(E),333.15,0.355,0.1049,F[B-](F)(F)F,C(CCCCC)[N+]1=CN(C=C1)C,F/C=C/C(F)(F)F,Table S4. VLE HFOs
3266,3266,[hmim],[BF4],R1234ze(E),333.15,0.409,0.1218,F[B-](F)(F)F,C(CCCCC)[N+]1=CN(C=C1)C,F/C=C/C(F)(F)F,Table S4. VLE HFOs
3267,3267,[hmim],[BF4],R1234ze(E),343.15,0.069,0.016,F[B-](F)(F)F,C(CCCCC)[N+]1=CN(C=C1)C,F/C=C/C(F)(F)F,Table S4. VLE HFOs
3268,3268,[hmim],[BF4],R1234ze(E),343.15,0.132,0.0305,F[B-](F)(F)F,C(CCCCC)[N+]1=CN(C=C1)C,F/C=C/C(F)(F)F,Table S4. VLE HFOs
3269,3269,[hmim],[BF4],R1234ze(E),343.15,0.195,0.045,F[B-](F)(F)F,C(CCCCC)[N+]1=CN(C=C1)C,F/C=C/C(F)(F)F,Table S4. VLE HFOs
3270,3270,[hmim],[BF4],R1234ze(E),343.15,0.256,0.059,F[B-](F)(F)F,C(CCCCC)[N+]1=CN(C=C1)C,F/C=C/C(F)(F)F,Table S4. VLE HFOs
3271,3271,[hmim],[BF4],R1234ze(E),343.15,0.315,0.0725,F[B-](F)(F)F,C(CCCCC)[N+]1=CN(C=C1)C,F/C=C/C(F)(F)F,Table S4. VLE HFOs
3272,3272,[hmim],[BF4],R1234ze(E),343.15,0.375,0.0867,F[B-](F)(F)F,C(CCCCC)[N+]1=CN(C=C1)C,F/C=C/C(F)(F)F,Table S4. VLE HFOs
3273,3273,[hmim],[BF4],R1234ze(E),343.15,0.434,0.1003,F[B-](F)(F)F,C(CCCCC)[N+]1=CN(C=C1)C,F/C=C/C(F)(F)F,Table S4. VLE HFOs
3274,3274,[hmim],[BF4],R1233zd(E),303.24,0.007,0.007,F[B-](F)(F)F,C(CCCCC)[N+]1=CN(C=C1)C,FC(F)(F)/C=C/Cl,Table S4. VLE HFOs
3275,3275,[hmim],[BF4],R1233zd(E),303.07,0.018,0.018,F[B-](F)(F)F,C(CCCCC)[N+]1=CN(C=C1)C,FC(F)(F)/C=C/Cl,Table S4. VLE HFOs
3276,3276,[hmim],[BF4],R1233zd(E),303.28,0.032,0.033,F[B-](F)(F)F,C(CCCCC)[N+]1=CN(C=C1)C,FC(F)(F)/C=C/Cl,Table S4. VLE HFOs
3277,3277,[hmim],[BF4],R1233zd(E),303.17,0.05,0.05,F[B-](F)(F)F,C(CCCCC)[N+]1=CN(C=C1)C,FC(F)(F)/C=C/Cl,Table S4. VLE HFOs
3278,3278,[hmim],[BF4],R1233zd(E),303.35,0.065,0.065,F[B-](F)(F)F,C(CCCCC)[N+]1=CN(C=C1)C,FC(F)(F)/C=C/Cl,Table S4. VLE HFOs
3279,3279,[hmim],[BF4],R1233zd(E),303.13,0.083,0.081,F[B-](F)(F)F,C(CCCCC)[N+]1=CN(C=C1)C,FC(F)(F)/C=C/Cl,Table S4. VLE HFOs
3280,3280,[hmim],[BF4],R1233zd(E),313.15,0.008,0.006,F[B-](F)(F)F,C(CCCCC)[N+]1=CN(C=C1)C,FC(F)(F)/C=C/Cl,Table S4. VLE HFOs
3281,3281,[hmim],[BF4],R1233zd(E),313.12,0.021,0.017,F[B-](F)(F)F,C(CCCCC)[N+]1=CN(C=C1)C,FC(F)(F)/C=C/Cl,Table S4. VLE HFOs
3282,3282,[hmim],[BF4],R1233zd(E),313.15,0.037,0.031,F[B-](F)(F)F,C(CCCCC)[N+]1=CN(C=C1)C,FC(F)(F)/C=C/Cl,Table S4. VLE HFOs
3283,3283,[hmim],[BF4],R1233zd(E),313.15,0.057,0.047,F[B-](F)(F)F,C(CCCCC)[N+]1=CN(C=C1)C,FC(F)(F)/C=C/Cl,Table S4. VLE HFOs
3284,3284,[hmim],[BF4],R1233zd(E),313.13,0.075,0.062,F[B-](F)(F)F,C(CCCCC)[N+]1=CN(C=C1)C,FC(F)(F)/C=C/Cl,Table S4. VLE HFOs
3285,3285,[hmim],[BF4],R1233zd(E),313.15,0.095,0.077,F[B-](F)(F)F,C(CCCCC)[N+]1=CN(C=C1)C,FC(F)(F)/C=C/Cl,Table S4. VLE HFOs
3286,3286,[hmim],[BF4],R1233zd(E),323.15,0.009,0.006,F[B-](F)(F)F,C(CCCCC)[N+]1=CN(C=C1)C,FC(F)(F)/C=C/Cl,Table S4. VLE HFOs
3287,3287,[hmim],[BF4],R1233zd(E),323.15,0.024,0.016,F[B-](F)(F)F,C(CCCCC)[N+]1=CN(C=C1)C,FC(F)(F)/C=C/Cl,Table S4. VLE HFOs
3288,3288,[hmim],[BF4],R1233zd(E),323.15,0.043,0.029,F[B-](F)(F)F,C(CCCCC)[N+]1=CN(C=C1)C,FC(F)(F)/C=C/Cl,Table S4. VLE HFOs
3289,3289,[hmim],[BF4],R1233zd(E),323.16,0.066,0.044,F[B-](F)(F)F,C(CCCCC)[N+]1=CN(C=C1)C,FC(F)(F)/C=C/Cl,Table S4. VLE HFOs
3290,3290,[hmim],[BF4],R1233zd(E),323.15,0.086,0.058,F[B-](F)(F)F,C(CCCCC)[N+]1=CN(C=C1)C,FC(F)(F)/C=C/Cl,Table S4. VLE HFOs
3291,3291,[hmim],[BF4],R1233zd(E),323.16,0.109,0.072,F[B-](F)(F)F,C(CCCCC)[N+]1=CN(C=C1)C,FC(F)(F)/C=C/Cl,Table S4. VLE HFOs
3292,3292,[hmim],[BF4],R1233zd(E),333.17,0.011,0.005,F[B-](F)(F)F,C(CCCCC)[N+]1=CN(C=C1)C,FC(F)(F)/C=C/Cl,Table S4. VLE HFOs
3293,3293,[hmim],[BF4],R1233zd(E),333.16,0.028,0.015,F[B-](F)(F)F,C(CCCCC)[N+]1=CN(C=C1)C,FC(F)(F)/C=C/Cl,Table S4. VLE HFOs
3294,3294,[hmim],[BF4],R1233zd(E),333.16,0.05,0.027,F[B-](F)(F)F,C(CCCCC)[N+]1=CN(C=C1)C,FC(F)(F)/C=C/Cl,Table S4. VLE HFOs
3295,3295,[hmim],[BF4],R1233zd(E),333.16,0.075,0.041,F[B-](F)(F)F,C(CCCCC)[N+]1=CN(C=C1)C,FC(F)(F)/C=C/Cl,Table S4. VLE HFOs
3296,3296,[hmim],[BF4],R1233zd(E),333.23,0.097,0.054,F[B-](F)(F)F,C(CCCCC)[N+]1=CN(C=C1)C,FC(F)(F)/C=C/Cl,Table S4. VLE HFOs
3297,3297,[hmim],[BF4],R1233zd(E),333.17,0.125,0.067,F[B-](F)(F)F,C(CCCCC)[N+]1=CN(C=C1)C,FC(F)(F)/C=C/Cl,Table S4. VLE HFOs
3298,3298,[hmim],[BF4],R1233zd(E),343.19,0.013,0.004,F[B-](F)(F)F,C(CCCCC)[N+]1=CN(C=C1)C,FC(F)(F)/C=C/Cl,Table S4. VLE HFOs
3299,3299,[hmim],[BF4],R1233zd(E),343.15,0.032,0.013,F[B-](F)(F)F,C(CCCCC)[N+]1=CN(C=C1)C,FC(F)(F)/C=C/Cl,Table S4. VLE HFOs
3300,3300,[hmim],[BF4],R1233zd(E),343.17,0.057,0.024,F[B-](F)(F)F,C(CCCCC)[N+]1=CN(C=C1)C,FC(F)(F)/C=C/Cl,Table S4. VLE HFOs
3301,3301,[hmim],[BF4],R1233zd(E),343.16,0.086,0.037,F[B-](F)(F)F,C(CCCCC)[N+]1=CN(C=C1)C,FC(F)(F)/C=C/Cl,Table S4. VLE HFOs
3302,3302,[hmim],[BF4],R1233zd(E),343.18,0.111,0.05,F[B-](F)(F)F,C(CCCCC)[N+]1=CN(C=C1)C,FC(F)(F)/C=C/Cl,Table S4. VLE HFOs
3303,3303,[hmim],[BF4],R1233zd(E),343.18,0.142,0.062,F[B-](F)(F)F,C(CCCCC)[N+]1=CN(C=C1)C,FC(F)(F)/C=C/Cl,Table S4. VLE HFOs
3304,3304,[hmim],[OTf],R1234yf,303.2,0.0619,0.02866,FC(F)(F)S(=O)(=O)[O-],C(CCCCC)[N+]1=CN(C=C1)C,C(=C(F)F)(C(F)(F)F)F,Table S4. VLE HFOs
3305,3305,[hmim],[OTf],R1234yf,313.2,0.0653,0.02383,FC(F)(F)S(=O)(=O)[O-],C(CCCCC)[N+]1=CN(C=C1)C,C(=C(F)F)(C(F)(F)F)F,Table S4. VLE HFOs
3306,3306,[hmim],[OTf],R1234yf,323.2,0.0731,0.02144,FC(F)(F)S(=O)(=O)[O-],C(CCCCC)[N+]1=CN(C=C1)C,C(=C(F)F)(C(F)(F)F)F,Table S4. VLE HFOs
3307,3307,[hmim],[OTf],R1234yf,333.2,0.076,0.01818,FC(F)(F)S(=O)(=O)[O-],C(CCCCC)[N+]1=CN(C=C1)C,C(=C(F)F)(C(F)(F)F)F,Table S4. VLE HFOs
3308,3308,[hmim],[OTf],R1234yf,343.2,0.0824,0.01629,FC(F)(F)S(=O)(=O)[O-],C(CCCCC)[N+]1=CN(C=C1)C,C(=C(F)F)(C(F)(F)F)F,Table S4. VLE HFOs
3309,3309,[hmim],[OTf],R1234yf,303.09,0.127,0.036,FC(F)(F)S(=O)(=O)[O-],C(CCCCC)[N+]1=CN(C=C1)C,C(=C(F)F)(C(F)(F)F)F,Table S4. VLE HFOs
3310,3310,[hmim],[OTf],R1234yf,303.13,0.215,0.061,FC(F)(F)S(=O)(=O)[O-],C(CCCCC)[N+]1=CN(C=C1)C,C(=C(F)F)(C(F)(F)F)F,Table S4. VLE HFOs
3311,3311,[hmim],[OTf],R1234yf,303.15,0.288,0.082,FC(F)(F)S(=O)(=O)[O-],C(CCCCC)[N+]1=CN(C=C1)C,C(=C(F)F)(C(F)(F)F)F,Table S4. VLE HFOs
3312,3312,[hmim],[OTf],R1234yf,303.03,0.375,0.11,FC(F)(F)S(=O)(=O)[O-],C(CCCCC)[N+]1=CN(C=C1)C,C(=C(F)F)(C(F)(F)F)F,Table S4. VLE HFOs
3313,3313,[hmim],[OTf],R1234yf,303.02,0.498,0.151,FC(F)(F)S(=O)(=O)[O-],C(CCCCC)[N+]1=CN(C=C1)C,C(=C(F)F)(C(F)(F)F)F,Table S4. VLE HFOs
3314,3314,[hmim],[OTf],R1234yf,313.19,0.14,0.032,FC(F)(F)S(=O)(=O)[O-],C(CCCCC)[N+]1=CN(C=C1)C,C(=C(F)F)(C(F)(F)F)F,Table S4. VLE HFOs
3315,3315,[hmim],[OTf],R1234yf,313.16,0.237,0.053,FC(F)(F)S(=O)(=O)[O-],C(CCCCC)[N+]1=CN(C=C1)C,C(=C(F)F)(C(F)(F)F)F,Table S4. VLE HFOs
3316,3316,[hmim],[OTf],R1234yf,313.17,0.318,0.072,FC(F)(F)S(=O)(=O)[O-],C(CCCCC)[N+]1=CN(C=C1)C,C(=C(F)F)(C(F)(F)F)F,Table S4. VLE HFOs
3317,3317,[hmim],[OTf],R1234yf,313.11,0.416,0.096,FC(F)(F)S(=O)(=O)[O-],C(CCCCC)[N+]1=CN(C=C1)C,C(=C(F)F)(C(F)(F)F)F,Table S4. VLE HFOs
3318,3318,[hmim],[OTf],R1234yf,313.12,0.557,0.132,FC(F)(F)S(=O)(=O)[O-],C(CCCCC)[N+]1=CN(C=C1)C,C(=C(F)F)(C(F)(F)F)F,Table S4. VLE HFOs
3319,3319,[hmim],[OTf],R1234yf,323.2,0.151,0.028,FC(F)(F)S(=O)(=O)[O-],C(CCCCC)[N+]1=CN(C=C1)C,C(=C(F)F)(C(F)(F)F)F,Table S4. VLE HFOs
3320,3320,[hmim],[OTf],R1234yf,323.17,0.257,0.047,FC(F)(F)S(=O)(=O)[O-],C(CCCCC)[N+]1=CN(C=C1)C,C(=C(F)F)(C(F)(F)F)F,Table S4. VLE HFOs
3321,3321,[hmim],[OTf],R1234yf,323.17,0.346,0.063,FC(F)(F)S(=O)(=O)[O-],C(CCCCC)[N+]1=CN(C=C1)C,C(=C(F)F)(C(F)(F)F)F,Table S4. VLE HFOs
3322,3322,[hmim],[OTf],R1234yf,323.12,0.455,0.084,FC(F)(F)S(=O)(=O)[O-],C(CCCCC)[N+]1=CN(C=C1)C,C(=C(F)F)(C(F)(F)F)F,Table S4. VLE HFOs
3323,3323,[hmim],[OTf],R1234yf,323.13,0.612,0.115,FC(F)(F)S(=O)(=O)[O-],C(CCCCC)[N+]1=CN(C=C1)C,C(=C(F)F)(C(F)(F)F)F,Table S4. VLE HFOs
3324,3324,[hmim],[OTf],R1234yf,333.2,0.163,0.025,FC(F)(F)S(=O)(=O)[O-],C(CCCCC)[N+]1=CN(C=C1)C,C(=C(F)F)(C(F)(F)F)F,Table S4. VLE HFOs
3325,3325,[hmim],[OTf],R1234yf,333.17,0.276,0.042,FC(F)(F)S(=O)(=O)[O-],C(CCCCC)[N+]1=CN(C=C1)C,C(=C(F)F)(C(F)(F)F)F,Table S4. VLE HFOs
3326,3326,[hmim],[OTf],R1234yf,333.26,0.37,0.057,FC(F)(F)S(=O)(=O)[O-],C(CCCCC)[N+]1=CN(C=C1)C,C(=C(F)F)(C(F)(F)F)F,Table S4. VLE HFOs
3327,3327,[hmim],[OTf],R1234yf,333.16,0.491,0.074,FC(F)(F)S(=O)(=O)[O-],C(CCCCC)[N+]1=CN(C=C1)C,C(=C(F)F)(C(F)(F)F)F,Table S4. VLE HFOs
3328,3328,[hmim],[OTf],R1234yf,333.15,0.662,0.102,FC(F)(F)S(=O)(=O)[O-],C(CCCCC)[N+]1=CN(C=C1)C,C(=C(F)F)(C(F)(F)F)F,Table S4. VLE HFOs
3329,3329,[hmim],[OTf],R1234yf,343.24,0.174,0.022,FC(F)(F)S(=O)(=O)[O-],C(CCCCC)[N+]1=CN(C=C1)C,C(=C(F)F)(C(F)(F)F)F,Table S4. VLE HFOs
3330,3330,[hmim],[OTf],R1234yf,343.19,0.294,0.037,FC(F)(F)S(=O)(=O)[O-],C(CCCCC)[N+]1=CN(C=C1)C,C(=C(F)F)(C(F)(F)F)F,Table S4. VLE HFOs
3331,3331,[hmim],[OTf],R1234yf,343.26,0.395,0.051,FC(F)(F)S(=O)(=O)[O-],C(CCCCC)[N+]1=CN(C=C1)C,C(=C(F)F)(C(F)(F)F)F,Table S4. VLE HFOs
3332,3332,[hmim],[OTf],R1234yf,343.18,0.524,0.066,FC(F)(F)S(=O)(=O)[O-],C(CCCCC)[N+]1=CN(C=C1)C,C(=C(F)F)(C(F)(F)F)F,Table S4. VLE HFOs
3333,3333,[hmim],[OTf],R1234yf,343.17,0.709,0.091,FC(F)(F)S(=O)(=O)[O-],C(CCCCC)[N+]1=CN(C=C1)C,C(=C(F)F)(C(F)(F)F)F,Table S4. VLE HFOs
3334,3334,[hmim],[OTf],R1234yf,353.25,0.184,0.019,FC(F)(F)S(=O)(=O)[O-],C(CCCCC)[N+]1=CN(C=C1)C,C(=C(F)F)(C(F)(F)F)F,Table S4. VLE HFOs
3335,3335,[hmim],[OTf],R1234yf,353.22,0.311,0.034,FC(F)(F)S(=O)(=O)[O-],C(CCCCC)[N+]1=CN(C=C1)C,C(=C(F)F)(C(F)(F)F)F,Table S4. VLE HFOs
3336,3336,[hmim],[OTf],R1234yf,353.27,0.419,0.045,FC(F)(F)S(=O)(=O)[O-],C(CCCCC)[N+]1=CN(C=C1)C,C(=C(F)F)(C(F)(F)F)F,Table S4. VLE HFOs
3337,3337,[hmim],[OTf],R1234yf,353.19,0.555,0.06,FC(F)(F)S(=O)(=O)[O-],C(CCCCC)[N+]1=CN(C=C1)C,C(=C(F)F)(C(F)(F)F)F,Table S4. VLE HFOs
3338,3338,[hmim],[OTf],R1234yf,353.2,0.752,0.082,FC(F)(F)S(=O)(=O)[O-],C(CCCCC)[N+]1=CN(C=C1)C,C(=C(F)F)(C(F)(F)F)F,Table S4. VLE HFOs
3339,3339,[hmim],[OTf],R1233zd(E),303.22,0.009,0.011,FC(F)(F)S(=O)(=O)[O-],C(CCCCC)[N+]1=CN(C=C1)C,FC(F)(F)/C=C/Cl,Table S4. VLE HFOs
3340,3340,[hmim],[OTf],R1233zd(E),303.45,0.022,0.028,FC(F)(F)S(=O)(=O)[O-],C(CCCCC)[N+]1=CN(C=C1)C,FC(F)(F)/C=C/Cl,Table S4. VLE HFOs
3341,3341,[hmim],[OTf],R1233zd(E),303.15,0.036,0.047,FC(F)(F)S(=O)(=O)[O-],C(CCCCC)[N+]1=CN(C=C1)C,FC(F)(F)/C=C/Cl,Table S4. VLE HFOs
3342,3342,[hmim],[OTf],R1233zd(E),303.15,0.051,0.066,FC(F)(F)S(=O)(=O)[O-],C(CCCCC)[N+]1=CN(C=C1)C,FC(F)(F)/C=C/Cl,Table S4. VLE HFOs
3343,3343,[hmim],[OTf],R1233zd(E),303.15,0.066,0.084,FC(F)(F)S(=O)(=O)[O-],C(CCCCC)[N+]1=CN(C=C1)C,FC(F)(F)/C=C/Cl,Table S4. VLE HFOs
3344,3344,[hmim],[OTf],R1233zd(E),303.15,0.081,0.103,FC(F)(F)S(=O)(=O)[O-],C(CCCCC)[N+]1=CN(C=C1)C,FC(F)(F)/C=C/Cl,Table S4. VLE HFOs
3345,3345,[hmim],[OTf],R1233zd(E),313.15,0.011,0.01,FC(F)(F)S(=O)(=O)[O-],C(CCCCC)[N+]1=CN(C=C1)C,FC(F)(F)/C=C/Cl,Table S4. VLE HFOs
3346,3346,[hmim],[OTf],R1233zd(E),313.15,0.025,0.026,FC(F)(F)S(=O)(=O)[O-],C(CCCCC)[N+]1=CN(C=C1)C,FC(F)(F)/C=C/Cl,Table S4. VLE HFOs
3347,3347,[hmim],[OTf],R1233zd(E),313.17,0.041,0.044,FC(F)(F)S(=O)(=O)[O-],C(CCCCC)[N+]1=CN(C=C1)C,FC(F)(F)/C=C/Cl,Table S4. VLE HFOs
3348,3348,[hmim],[OTf],R1233zd(E),313.15,0.058,0.062,FC(F)(F)S(=O)(=O)[O-],C(CCCCC)[N+]1=CN(C=C1)C,FC(F)(F)/C=C/Cl,Table S4. VLE HFOs
3349,3349,[hmim],[OTf],R1233zd(E),313.12,0.075,0.08,FC(F)(F)S(=O)(=O)[O-],C(CCCCC)[N+]1=CN(C=C1)C,FC(F)(F)/C=C/Cl,Table S4. VLE HFOs
3350,3350,[hmim],[OTf],R1233zd(E),313.13,0.093,0.099,FC(F)(F)S(=O)(=O)[O-],C(CCCCC)[N+]1=CN(C=C1)C,FC(F)(F)/C=C/Cl,Table S4. VLE HFOs
3351,3351,[hmim],[OTf],R1233zd(E),323.15,0.013,0.009,FC(F)(F)S(=O)(=O)[O-],C(CCCCC)[N+]1=CN(C=C1)C,FC(F)(F)/C=C/Cl,Table S4. VLE HFOs
3352,3352,[hmim],[OTf],R1233zd(E),323.19,0.029,0.024,FC(F)(F)S(=O)(=O)[O-],C(CCCCC)[N+]1=CN(C=C1)C,FC(F)(F)/C=C/Cl,Table S4. VLE HFOs
3353,3353,[hmim],[OTf],R1233zd(E),323.18,0.048,0.042,FC(F)(F)S(=O)(=O)[O-],C(CCCCC)[N+]1=CN(C=C1)C,FC(F)(F)/C=C/Cl,Table S4. VLE HFOs
3354,3354,[hmim],[OTf],R1233zd(E),323.16,0.067,0.059,FC(F)(F)S(=O)(=O)[O-],C(CCCCC)[N+]1=CN(C=C1)C,FC(F)(F)/C=C/Cl,Table S4. VLE HFOs
3355,3355,[hmim],[OTf],R1233zd(E),323.15,0.085,0.076,FC(F)(F)S(=O)(=O)[O-],C(CCCCC)[N+]1=CN(C=C1)C,FC(F)(F)/C=C/Cl,Table S4. VLE HFOs
3356,3356,[hmim],[OTf],R1233zd(E),323.15,0.107,0.093,FC(F)(F)S(=O)(=O)[O-],C(CCCCC)[N+]1=CN(C=C1)C,FC(F)(F)/C=C/Cl,Table S4. VLE HFOs
3357,3357,[hmim],[OTf],R1233zd(E),333.17,0.016,0.007,FC(F)(F)S(=O)(=O)[O-],C(CCCCC)[N+]1=CN(C=C1)C,FC(F)(F)/C=C/Cl,Table S4. VLE HFOs
3358,3358,[hmim],[OTf],R1233zd(E),333.15,0.034,0.022,FC(F)(F)S(=O)(=O)[O-],C(CCCCC)[N+]1=CN(C=C1)C,FC(F)(F)/C=C/Cl,Table S4. VLE HFOs
3359,3359,[hmim],[OTf],R1233zd(E),333.18,0.055,0.038,FC(F)(F)S(=O)(=O)[O-],C(CCCCC)[N+]1=CN(C=C1)C,FC(F)(F)/C=C/Cl,Table S4. VLE HFOs
3360,3360,[hmim],[OTf],R1233zd(E),333.17,0.078,0.054,FC(F)(F)S(=O)(=O)[O-],C(CCCCC)[N+]1=CN(C=C1)C,FC(F)(F)/C=C/Cl,Table S4. VLE HFOs
3361,3361,[hmim],[OTf],R1233zd(E),333.16,0.099,0.07,FC(F)(F)S(=O)(=O)[O-],C(CCCCC)[N+]1=CN(C=C1)C,FC(F)(F)/C=C/Cl,Table S4. VLE HFOs
3362,3362,[hmim],[OTf],R1233zd(E),333.15,0.122,0.088,FC(F)(F)S(=O)(=O)[O-],C(CCCCC)[N+]1=CN(C=C1)C,FC(F)(F)/C=C/Cl,Table S4. VLE HFOs
3363,3363,[hmim],[OTf],R1233zd(E),343.15,0.019,0.006,FC(F)(F)S(=O)(=O)[O-],C(CCCCC)[N+]1=CN(C=C1)C,FC(F)(F)/C=C/Cl,Table S4. VLE HFOs
3364,3364,[hmim],[OTf],R1233zd(E),343.15,0.039,0.02,FC(F)(F)S(=O)(=O)[O-],C(CCCCC)[N+]1=CN(C=C1)C,FC(F)(F)/C=C/Cl,Table S4. VLE HFOs
3365,3365,[hmim],[OTf],R1233zd(E),343.15,0.064,0.035,FC(F)(F)S(=O)(=O)[O-],C(CCCCC)[N+]1=CN(C=C1)C,FC(F)(F)/C=C/Cl,Table S4. VLE HFOs
3366,3366,[hmim],[OTf],R1233zd(E),343.15,0.089,0.05,FC(F)(F)S(=O)(=O)[O-],C(CCCCC)[N+]1=CN(C=C1)C,FC(F)(F)/C=C/Cl,Table S4. VLE HFOs
3367,3367,[hmim],[OTf],R1233zd(E),343.17,0.113,0.065,FC(F)(F)S(=O)(=O)[O-],C(CCCCC)[N+]1=CN(C=C1)C,FC(F)(F)/C=C/Cl,Table S4. VLE HFOs
3368,3368,[hmim],[OTf],R1233zd(E),343.15,0.139,0.081,FC(F)(F)S(=O)(=O)[O-],C(CCCCC)[N+]1=CN(C=C1)C,FC(F)(F)/C=C/Cl,Table S4. VLE HFOs
3369,3369,[hmim],[PF6],R1234yf,283.15,0.0506,0.0224,F[P-](F)(F)(F)(F)F,C(CCCCC)[N+]1=CN(C=C1)C,C(=C(F)F)(C(F)(F)F)F,Table S4. VLE HFOs
3370,3370,[hmim],[PF6],R1234yf,283.15,0.0923,0.0408,F[P-](F)(F)(F)(F)F,C(CCCCC)[N+]1=CN(C=C1)C,C(=C(F)F)(C(F)(F)F)F,Table S4. VLE HFOs
3371,3371,[hmim],[PF6],R1234yf,283.15,0.134,0.0604,F[P-](F)(F)(F)(F)F,C(CCCCC)[N+]1=CN(C=C1)C,C(=C(F)F)(C(F)(F)F)F,Table S4. VLE HFOs
3372,3372,[hmim],[PF6],R1234yf,283.15,0.177,0.0798,F[P-](F)(F)(F)(F)F,C(CCCCC)[N+]1=CN(C=C1)C,C(=C(F)F)(C(F)(F)F)F,Table S4. VLE HFOs
3373,3373,[hmim],[PF6],R1234yf,283.15,0.2172,0.098,F[P-](F)(F)(F)(F)F,C(CCCCC)[N+]1=CN(C=C1)C,C(=C(F)F)(C(F)(F)F)F,Table S4. VLE HFOs
3374,3374,[hmim],[PF6],R1234yf,283.15,0.2538,0.1174,F[P-](F)(F)(F)(F)F,C(CCCCC)[N+]1=CN(C=C1)C,C(=C(F)F)(C(F)(F)F)F,Table S4. VLE HFOs
3375,3375,[hmim],[PF6],R1234yf,283.15,0.298,0.1366,F[P-](F)(F)(F)(F)F,C(CCCCC)[N+]1=CN(C=C1)C,C(=C(F)F)(C(F)(F)F)F,Table S4. VLE HFOs
3376,3376,[hmim],[PF6],R1234yf,293.15,0.0583,0.02,F[P-](F)(F)(F)(F)F,C(CCCCC)[N+]1=CN(C=C1)C,C(=C(F)F)(C(F)(F)F)F,Table S4. VLE HFOs
3377,3377,[hmim],[PF6],R1234yf,293.15,0.1052,0.0357,F[P-](F)(F)(F)(F)F,C(CCCCC)[N+]1=CN(C=C1)C,C(=C(F)F)(C(F)(F)F)F,Table S4. VLE HFOs
3378,3378,[hmim],[PF6],R1234yf,293.15,0.1508,0.0518,F[P-](F)(F)(F)(F)F,C(CCCCC)[N+]1=CN(C=C1)C,C(=C(F)F)(C(F)(F)F)F,Table S4. VLE HFOs
3379,3379,[hmim],[PF6],R1234yf,293.15,0.1985,0.0676,F[P-](F)(F)(F)(F)F,C(CCCCC)[N+]1=CN(C=C1)C,C(=C(F)F)(C(F)(F)F)F,Table S4. VLE HFOs
3380,3380,[hmim],[PF6],R1234yf,293.15,0.2427,0.0826,F[P-](F)(F)(F)(F)F,C(CCCCC)[N+]1=CN(C=C1)C,C(=C(F)F)(C(F)(F)F)F,Table S4. VLE HFOs
3381,3381,[hmim],[PF6],R1234yf,293.15,0.2815,0.0983,F[P-](F)(F)(F)(F)F,C(CCCCC)[N+]1=CN(C=C1)C,C(=C(F)F)(C(F)(F)F)F,Table S4. VLE HFOs
3382,3382,[hmim],[PF6],R1234yf,293.15,0.3359,0.1146,F[P-](F)(F)(F)(F)F,C(CCCCC)[N+]1=CN(C=C1)C,C(=C(F)F)(C(F)(F)F)F,Table S4. VLE HFOs
3383,3383,[hmim],[PF6],R1234yf,303.15,0.0641,0.0174,F[P-](F)(F)(F)(F)F,C(CCCCC)[N+]1=CN(C=C1)C,C(=C(F)F)(C(F)(F)F)F,Table S4. VLE HFOs
3384,3384,[hmim],[PF6],R1234yf,303.15,0.1154,0.0318,F[P-](F)(F)(F)(F)F,C(CCCCC)[N+]1=CN(C=C1)C,C(=C(F)F)(C(F)(F)F)F,Table S4. VLE HFOs
3385,3385,[hmim],[PF6],R1234yf,303.15,0.1685,0.0461,F[P-](F)(F)(F)(F)F,C(CCCCC)[N+]1=CN(C=C1)C,C(=C(F)F)(C(F)(F)F)F,Table S4. VLE HFOs
3386,3386,[hmim],[PF6],R1234yf,303.15,0.2206,0.0606,F[P-](F)(F)(F)(F)F,C(CCCCC)[N+]1=CN(C=C1)C,C(=C(F)F)(C(F)(F)F)F,Table S4. VLE HFOs
3387,3387,[hmim],[PF6],R1234yf,303.15,0.2676,0.0729,F[P-](F)(F)(F)(F)F,C(CCCCC)[N+]1=CN(C=C1)C,C(=C(F)F)(C(F)(F)F)F,Table S4. VLE HFOs
3388,3388,[hmim],[PF6],R1234yf,303.15,0.3171,0.0871,F[P-](F)(F)(F)(F)F,C(CCCCC)[N+]1=CN(C=C1)C,C(=C(F)F)(C(F)(F)F)F,Table S4. VLE HFOs
3389,3389,[hmim],[PF6],R1234yf,303.15,0.365,0.0992,F[P-](F)(F)(F)(F)F,C(CCCCC)[N+]1=CN(C=C1)C,C(=C(F)F)(C(F)(F)F)F,Table S4. VLE HFOs
3390,3390,[hmim],[PF6],R1234yf,313.15,0.0698,0.0154,F[P-](F)(F)(F)(F)F,C(CCCCC)[N+]1=CN(C=C1)C,C(=C(F)F)(C(F)(F)F)F,Table S4. VLE HFOs
3391,3391,[hmim],[PF6],R1234yf,313.15,0.1266,0.0278,F[P-](F)(F)(F)(F)F,C(CCCCC)[N+]1=CN(C=C1)C,C(=C(F)F)(C(F)(F)F)F,Table S4. VLE HFOs
3392,3392,[hmim],[PF6],R1234yf,313.15,0.1795,0.0396,F[P-](F)(F)(F)(F)F,C(CCCCC)[N+]1=CN(C=C1)C,C(=C(F)F)(C(F)(F)F)F,Table S4. VLE HFOs
3393,3393,[hmim],[PF6],R1234yf,313.15,0.2297,0.0503,F[P-](F)(F)(F)(F)F,C(CCCCC)[N+]1=CN(C=C1)C,C(=C(F)F)(C(F)(F)F)F,Table S4. VLE HFOs
3394,3394,[hmim],[PF6],R1234yf,313.15,0.2813,0.0611,F[P-](F)(F)(F)(F)F,C(CCCCC)[N+]1=CN(C=C1)C,C(=C(F)F)(C(F)(F)F)F,Table S4. VLE HFOs
3395,3395,[hmim],[PF6],R1234yf,313.15,0.3339,0.0722,F[P-](F)(F)(F)(F)F,C(CCCCC)[N+]1=CN(C=C1)C,C(=C(F)F)(C(F)(F)F)F,Table S4. VLE HFOs
3396,3396,[hmim],[PF6],R1234yf,313.15,0.3845,0.0827,F[P-](F)(F)(F)(F)F,C(CCCCC)[N+]1=CN(C=C1)C,C(=C(F)F)(C(F)(F)F)F,Table S4. VLE HFOs
3397,3397,[hmim],[PF6],R1234yf,323.15,0.0765,0.0134,F[P-](F)(F)(F)(F)F,C(CCCCC)[N+]1=CN(C=C1)C,C(=C(F)F)(C(F)(F)F)F,Table S4. VLE HFOs
3398,3398,[hmim],[PF6],R1234yf,323.15,0.132,0.0235,F[P-](F)(F)(F)(F)F,C(CCCCC)[N+]1=CN(C=C1)C,C(=C(F)F)(C(F)(F)F)F,Table S4. VLE HFOs
3399,3399,[hmim],[PF6],R1234yf,323.15,0.1845,0.0334,F[P-](F)(F)(F)(F)F,C(CCCCC)[N+]1=CN(C=C1)C,C(=C(F)F)(C(F)(F)F)F,Table S4. VLE HFOs
3400,3400,[hmim],[PF6],R1234yf,323.15,0.2401,0.043,F[P-](F)(F)(F)(F)F,C(CCCCC)[N+]1=CN(C=C1)C,C(=C(F)F)(C(F)(F)F)F,Table S4. VLE HFOs
3401,3401,[hmim],[PF6],R1234yf,323.15,0.2945,0.0513,F[P-](F)(F)(F)(F)F,C(CCCCC)[N+]1=CN(C=C1)C,C(=C(F)F)(C(F)(F)F)F,Table S4. VLE HFOs
3402,3402,[hmim],[PF6],R1234yf,323.15,0.3497,0.0612,F[P-](F)(F)(F)(F)F,C(CCCCC)[N+]1=CN(C=C1)C,C(=C(F)F)(C(F)(F)F)F,Table S4. VLE HFOs
3403,3403,[hmim],[PF6],R1234yf,323.15,0.4031,0.0698,F[P-](F)(F)(F)(F)F,C(CCCCC)[N+]1=CN(C=C1)C,C(=C(F)F)(C(F)(F)F)F,Table S4. VLE HFOs
3404,3404,[hmim],[PF6],R1234yf,333.15,0.0779,0.0116,F[P-](F)(F)(F)(F)F,C(CCCCC)[N+]1=CN(C=C1)C,C(=C(F)F)(C(F)(F)F)F,Table S4. VLE HFOs
3405,3405,[hmim],[PF6],R1234yf,333.15,0.1341,0.0203,F[P-](F)(F)(F)(F)F,C(CCCCC)[N+]1=CN(C=C1)C,C(=C(F)F)(C(F)(F)F)F,Table S4. VLE HFOs
3406,3406,[hmim],[PF6],R1234yf,333.15,0.192,0.0291,F[P-](F)(F)(F)(F)F,C(CCCCC)[N+]1=CN(C=C1)C,C(=C(F)F)(C(F)(F)F)F,Table S4. VLE HFOs
3407,3407,[hmim],[PF6],R1234yf,333.15,0.2502,0.0369,F[P-](F)(F)(F)(F)F,C(CCCCC)[N+]1=CN(C=C1)C,C(=C(F)F)(C(F)(F)F)F,Table S4. VLE HFOs
3408,3408,[hmim],[PF6],R1234yf,333.15,0.3069,0.0447,F[P-](F)(F)(F)(F)F,C(CCCCC)[N+]1=CN(C=C1)C,C(=C(F)F)(C(F)(F)F)F,Table S4. VLE HFOs
3409,3409,[hmim],[PF6],R1234yf,333.15,0.3648,0.0528,F[P-](F)(F)(F)(F)F,C(CCCCC)[N+]1=CN(C=C1)C,C(=C(F)F)(C(F)(F)F)F,Table S4. VLE HFOs
3410,3410,[hmim],[PF6],R1234yf,333.15,0.4208,0.0603,F[P-](F)(F)(F)(F)F,C(CCCCC)[N+]1=CN(C=C1)C,C(=C(F)F)(C(F)(F)F)F,Table S4. VLE HFOs
3411,3411,[hmim],[PF6],R1234yf,343.15,0.0801,0.01,F[P-](F)(F)(F)(F)F,C(CCCCC)[N+]1=CN(C=C1)C,C(=C(F)F)(C(F)(F)F)F,Table S4. VLE HFOs
3412,3412,[hmim],[PF6],R1234yf,343.15,0.1362,0.0173,F[P-](F)(F)(F)(F)F,C(CCCCC)[N+]1=CN(C=C1)C,C(=C(F)F)(C(F)(F)F)F,Table S4. VLE HFOs
3413,3413,[hmim],[PF6],R1234yf,343.15,0.1997,0.0245,F[P-](F)(F)(F)(F)F,C(CCCCC)[N+]1=CN(C=C1)C,C(=C(F)F)(C(F)(F)F)F,Table S4. VLE HFOs
3414,3414,[hmim],[PF6],R1234yf,343.15,0.2602,0.0314,F[P-](F)(F)(F)(F)F,C(CCCCC)[N+]1=CN(C=C1)C,C(=C(F)F)(C(F)(F)F)F,Table S4. VLE HFOs
3415,3415,[hmim],[PF6],R1234yf,343.15,0.3123,0.038,F[P-](F)(F)(F)(F)F,C(CCCCC)[N+]1=CN(C=C1)C,C(=C(F)F)(C(F)(F)F)F,Table S4. VLE HFOs
3416,3416,[hmim],[PF6],R1234yf,343.15,0.3719,0.0448,F[P-](F)(F)(F)(F)F,C(CCCCC)[N+]1=CN(C=C1)C,C(=C(F)F)(C(F)(F)F)F,Table S4. VLE HFOs
3417,3417,[hmim],[PF6],R1234yf,343.15,0.4303,0.0517,F[P-](F)(F)(F)(F)F,C(CCCCC)[N+]1=CN(C=C1)C,C(=C(F)F)(C(F)(F)F)F,Table S4. VLE HFOs
3418,3418,[hmim],[PF6],R1234yf,303.08,0.138,0.031,F[P-](F)(F)(F)(F)F,C(CCCCC)[N+]1=CN(C=C1)C,C(=C(F)F)(C(F)(F)F)F,Table S4. VLE HFOs
3419,3419,[hmim],[PF6],R1234yf,303.08,0.2,0.045,F[P-](F)(F)(F)(F)F,C(CCCCC)[N+]1=CN(C=C1)C,C(=C(F)F)(C(F)(F)F)F,Table S4. VLE HFOs
3420,3420,[hmim],[PF6],R1234yf,303.12,0.287,0.067,F[P-](F)(F)(F)(F)F,C(CCCCC)[N+]1=CN(C=C1)C,C(=C(F)F)(C(F)(F)F)F,Table S4. VLE HFOs
3421,3421,[hmim],[PF6],R1234yf,303.05,0.399,0.097,F[P-](F)(F)(F)(F)F,C(CCCCC)[N+]1=CN(C=C1)C,C(=C(F)F)(C(F)(F)F)F,Table S4. VLE HFOs
3422,3422,[hmim],[PF6],R1234yf,303.37,0.548,0.138,F[P-](F)(F)(F)(F)F,C(CCCCC)[N+]1=CN(C=C1)C,C(=C(F)F)(C(F)(F)F)F,Table S4. VLE HFOs
3423,3423,[hmim],[PF6],R1234yf,313.24,0.147,0.027,F[P-](F)(F)(F)(F)F,C(CCCCC)[N+]1=CN(C=C1)C,C(=C(F)F)(C(F)(F)F)F,Table S4. VLE HFOs
3424,3424,[hmim],[PF6],R1234yf,313.15,0.214,0.038,F[P-](F)(F)(F)(F)F,C(CCCCC)[N+]1=CN(C=C1)C,C(=C(F)F)(C(F)(F)F)F,Table S4. VLE HFOs
3425,3425,[hmim],[PF6],R1234yf,313.14,0.308,0.057,F[P-](F)(F)(F)(F)F,C(CCCCC)[N+]1=CN(C=C1)C,C(=C(F)F)(C(F)(F)F)F,Table S4. VLE HFOs
3426,3426,[hmim],[PF6],R1234yf,313.12,0.431,0.081,F[P-](F)(F)(F)(F)F,C(CCCCC)[N+]1=CN(C=C1)C,C(=C(F)F)(C(F)(F)F)F,Table S4. VLE HFOs
3427,3427,[hmim],[PF6],R1234yf,313.18,0.594,0.114,F[P-](F)(F)(F)(F)F,C(CCCCC)[N+]1=CN(C=C1)C,C(=C(F)F)(C(F)(F)F)F,Table S4. VLE HFOs
3428,3428,[hmim],[PF6],R1234yf,323.25,0.156,0.022,F[P-](F)(F)(F)(F)F,C(CCCCC)[N+]1=CN(C=C1)C,C(=C(F)F)(C(F)(F)F)F,Table S4. VLE HFOs
3429,3429,[hmim],[PF6],R1234yf,323.16,0.228,0.032,F[P-](F)(F)(F)(F)F,C(CCCCC)[N+]1=CN(C=C1)C,C(=C(F)F)(C(F)(F)F)F,Table S4. VLE HFOs
3430,3430,[hmim],[PF6],R1234yf,323.14,0.328,0.048,F[P-](F)(F)(F)(F)F,C(CCCCC)[N+]1=CN(C=C1)C,C(=C(F)F)(C(F)(F)F)F,Table S4. VLE HFOs
3431,3431,[hmim],[PF6],R1234yf,323.11,0.46,0.068,F[P-](F)(F)(F)(F)F,C(CCCCC)[N+]1=CN(C=C1)C,C(=C(F)F)(C(F)(F)F)F,Table S4. VLE HFOs
3432,3432,[hmim],[PF6],R1234yf,323.19,0.638,0.094,F[P-](F)(F)(F)(F)F,C(CCCCC)[N+]1=CN(C=C1)C,C(=C(F)F)(C(F)(F)F)F,Table S4. VLE HFOs
3433,3433,[hmim],[PF6],R1234yf,333.25,0.166,0.018,F[P-](F)(F)(F)(F)F,C(CCCCC)[N+]1=CN(C=C1)C,C(=C(F)F)(C(F)(F)F)F,Table S4. VLE HFOs
3434,3434,[hmim],[PF6],R1234yf,333.18,0.24,0.027,F[P-](F)(F)(F)(F)F,C(CCCCC)[N+]1=CN(C=C1)C,C(=C(F)F)(C(F)(F)F)F,Table S4. VLE HFOs
3435,3435,[hmim],[PF6],R1234yf,333.14,0.346,0.041,F[P-](F)(F)(F)(F)F,C(CCCCC)[N+]1=CN(C=C1)C,C(=C(F)F)(C(F)(F)F)F,Table S4. VLE HFOs
3436,3436,[hmim],[PF6],R1234yf,333.17,0.488,0.057,F[P-](F)(F)(F)(F)F,C(CCCCC)[N+]1=CN(C=C1)C,C(=C(F)F)(C(F)(F)F)F,Table S4. VLE HFOs
3437,3437,[hmim],[PF6],R1234yf,333.18,0.678,0.079,F[P-](F)(F)(F)(F)F,C(CCCCC)[N+]1=CN(C=C1)C,C(=C(F)F)(C(F)(F)F)F,Table S4. VLE HFOs
3438,3438,[hmim],[PF6],R1234yf,343.25,0.174,0.015,F[P-](F)(F)(F)(F)F,C(CCCCC)[N+]1=CN(C=C1)C,C(=C(F)F)(C(F)(F)F)F,Table S4. VLE HFOs
3439,3439,[hmim],[PF6],R1234yf,343.21,0.252,0.023,F[P-](F)(F)(F)(F)F,C(CCCCC)[N+]1=CN(C=C1)C,C(=C(F)F)(C(F)(F)F)F,Table S4. VLE HFOs
3440,3440,[hmim],[PF6],R1234yf,343.15,0.364,0.035,F[P-](F)(F)(F)(F)F,C(CCCCC)[N+]1=CN(C=C1)C,C(=C(F)F)(C(F)(F)F)F,Table S4. VLE HFOs
3441,3441,[hmim],[PF6],R1234yf,343.19,0.513,0.049,F[P-](F)(F)(F)(F)F,C(CCCCC)[N+]1=CN(C=C1)C,C(=C(F)F)(C(F)(F)F)F,Table S4. VLE HFOs
3442,3442,[hmim],[PF6],R1234yf,343.22,0.711,0.072,F[P-](F)(F)(F)(F)F,C(CCCCC)[N+]1=CN(C=C1)C,C(=C(F)F)(C(F)(F)F)F,Table S4. VLE HFOs
3443,3443,[hmim],[PF6],R1234yf,353.27,0.182,0.012,F[P-](F)(F)(F)(F)F,C(CCCCC)[N+]1=CN(C=C1)C,C(=C(F)F)(C(F)(F)F)F,Table S4. VLE HFOs
3444,3444,[hmim],[PF6],R1234yf,353.22,0.264,0.019,F[P-](F)(F)(F)(F)F,C(CCCCC)[N+]1=CN(C=C1)C,C(=C(F)F)(C(F)(F)F)F,Table S4. VLE HFOs
3445,3445,[hmim],[PF6],R1234yf,353.18,0.381,0.03,F[P-](F)(F)(F)(F)F,C(CCCCC)[N+]1=CN(C=C1)C,C(=C(F)F)(C(F)(F)F)F,Table S4. VLE HFOs
3446,3446,[hmim],[PF6],R1234yf,353.2,0.538,0.043,F[P-](F)(F)(F)(F)F,C(CCCCC)[N+]1=CN(C=C1)C,C(=C(F)F)(C(F)(F)F)F,Table S4. VLE HFOs
3447,3447,[hmim],[PF6],R1234yf,353.22,0.747,0.063,F[P-](F)(F)(F)(F)F,C(CCCCC)[N+]1=CN(C=C1)C,C(=C(F)F)(C(F)(F)F)F,Table S4. VLE HFOs
3448,3448,[hmim],[PF6],R1234ze(E),283.15,0.0847,0.1078,F[P-](F)(F)(F)(F)F,C(CCCCC)[N+]1=CN(C=C1)C,F/C=C/C(F)(F)F,Table S4. VLE HFOs
3449,3449,[hmim],[PF6],R1234ze(E),283.15,0.1228,0.1578,F[P-](F)(F)(F)(F)F,C(CCCCC)[N+]1=CN(C=C1)C,F/C=C/C(F)(F)F,Table S4. VLE HFOs
3450,3450,[hmim],[PF6],R1234ze(E),283.15,0.1569,0.2072,F[P-](F)(F)(F)(F)F,C(CCCCC)[N+]1=CN(C=C1)C,F/C=C/C(F)(F)F,Table S4. VLE HFOs
3451,3451,[hmim],[PF6],R1234ze(E),283.15,0.1881,0.2552,F[P-](F)(F)(F)(F)F,C(CCCCC)[N+]1=CN(C=C1)C,F/C=C/C(F)(F)F,Table S4. VLE HFOs
3452,3452,[hmim],[PF6],R1234ze(E),283.15,0.2192,0.3015,F[P-](F)(F)(F)(F)F,C(CCCCC)[N+]1=CN(C=C1)C,F/C=C/C(F)(F)F,Table S4. VLE HFOs
3453,3453,[hmim],[PF6],R1234ze(E),283.15,0.2464,0.3472,F[P-](F)(F)(F)(F)F,C(CCCCC)[N+]1=CN(C=C1)C,F/C=C/C(F)(F)F,Table S4. VLE HFOs
3454,3454,[hmim],[PF6],R1234ze(E),293.15,0.0939,0.0905,F[P-](F)(F)(F)(F)F,C(CCCCC)[N+]1=CN(C=C1)C,F/C=C/C(F)(F)F,Table S4. VLE HFOs
3455,3455,[hmim],[PF6],R1234ze(E),293.15,0.1371,0.1327,F[P-](F)(F)(F)(F)F,C(CCCCC)[N+]1=CN(C=C1)C,F/C=C/C(F)(F)F,Table S4. VLE HFOs
3456,3456,[hmim],[PF6],R1234ze(E),293.15,0.1781,0.1708,F[P-](F)(F)(F)(F)F,C(CCCCC)[N+]1=CN(C=C1)C,F/C=C/C(F)(F)F,Table S4. VLE HFOs
3457,3457,[hmim],[PF6],R1234ze(E),293.15,0.2166,0.2089,F[P-](F)(F)(F)(F)F,C(CCCCC)[N+]1=CN(C=C1)C,F/C=C/C(F)(F)F,Table S4. VLE HFOs
3458,3458,[hmim],[PF6],R1234ze(E),293.15,0.2549,0.2478,F[P-](F)(F)(F)(F)F,C(CCCCC)[N+]1=CN(C=C1)C,F/C=C/C(F)(F)F,Table S4. VLE HFOs
3459,3459,[hmim],[PF6],R1234ze(E),293.15,0.2902,0.2861,F[P-](F)(F)(F)(F)F,C(CCCCC)[N+]1=CN(C=C1)C,F/C=C/C(F)(F)F,Table S4. VLE HFOs
3460,3460,[hmim],[PF6],R1234ze(E),303.15,0.103,0.0744,F[P-](F)(F)(F)(F)F,C(CCCCC)[N+]1=CN(C=C1)C,F/C=C/C(F)(F)F,Table S4. VLE HFOs
3461,3461,[hmim],[PF6],R1234ze(E),303.15,0.1515,0.1078,F[P-](F)(F)(F)(F)F,C(CCCCC)[N+]1=CN(C=C1)C,F/C=C/C(F)(F)F,Table S4. VLE HFOs
3462,3462,[hmim],[PF6],R1234ze(E),303.15,0.1975,0.1389,F[P-](F)(F)(F)(F)F,C(CCCCC)[N+]1=CN(C=C1)C,F/C=C/C(F)(F)F,Table S4. VLE HFOs
3463,3463,[hmim],[PF6],R1234ze(E),303.15,0.2412,0.1706,F[P-](F)(F)(F)(F)F,C(CCCCC)[N+]1=CN(C=C1)C,F/C=C/C(F)(F)F,Table S4. VLE HFOs
3464,3464,[hmim],[PF6],R1234ze(E),303.15,0.2858,0.2018,F[P-](F)(F)(F)(F)F,C(CCCCC)[N+]1=CN(C=C1)C,F/C=C/C(F)(F)F,Table S4. VLE HFOs
3465,3465,[hmim],[PF6],R1234ze(E),303.15,0.3274,0.2336,F[P-](F)(F)(F)(F)F,C(CCCCC)[N+]1=CN(C=C1)C,F/C=C/C(F)(F)F,Table S4. VLE HFOs
3466,3466,[hmim],[PF6],R1234ze(E),313.15,0.1111,0.0615,F[P-](F)(F)(F)(F)F,C(CCCCC)[N+]1=CN(C=C1)C,F/C=C/C(F)(F)F,Table S4. VLE HFOs
3467,3467,[hmim],[PF6],R1234ze(E),313.15,0.1641,0.0883,F[P-](F)(F)(F)(F)F,C(CCCCC)[N+]1=CN(C=C1)C,F/C=C/C(F)(F)F,Table S4. VLE HFOs
3468,3468,[hmim],[PF6],R1234ze(E),313.15,0.2143,0.1141,F[P-](F)(F)(F)(F)F,C(CCCCC)[N+]1=CN(C=C1)C,F/C=C/C(F)(F)F,Table S4. VLE HFOs
3469,3469,[hmim],[PF6],R1234ze(E),313.15,0.2626,0.1398,F[P-](F)(F)(F)(F)F,C(CCCCC)[N+]1=CN(C=C1)C,F/C=C/C(F)(F)F,Table S4. VLE HFOs
3470,3470,[hmim],[PF6],R1234ze(E),313.15,0.3119,0.1656,F[P-](F)(F)(F)(F)F,C(CCCCC)[N+]1=CN(C=C1)C,F/C=C/C(F)(F)F,Table S4. VLE HFOs
3471,3471,[hmim],[PF6],R1234ze(E),313.15,0.3585,0.1923,F[P-](F)(F)(F)(F)F,C(CCCCC)[N+]1=CN(C=C1)C,F/C=C/C(F)(F)F,Table S4. VLE HFOs
3472,3472,[hmim],[PF6],R1234ze(E),323.15,0.1188,0.0505,F[P-](F)(F)(F)(F)F,C(CCCCC)[N+]1=CN(C=C1)C,F/C=C/C(F)(F)F,Table S4. VLE HFOs
3473,3473,[hmim],[PF6],R1234ze(E),323.15,0.1755,0.0725,F[P-](F)(F)(F)(F)F,C(CCCCC)[N+]1=CN(C=C1)C,F/C=C/C(F)(F)F,Table S4. VLE HFOs
3474,3474,[hmim],[PF6],R1234ze(E),323.15,0.2294,0.094,F[P-](F)(F)(F)(F)F,C(CCCCC)[N+]1=CN(C=C1)C,F/C=C/C(F)(F)F,Table S4. VLE HFOs
3475,3475,[hmim],[PF6],R1234ze(E),323.15,0.2816,0.1155,F[P-](F)(F)(F)(F)F,C(CCCCC)[N+]1=CN(C=C1)C,F/C=C/C(F)(F)F,Table S4. VLE HFOs
3476,3476,[hmim],[PF6],R1234ze(E),323.15,0.3351,0.1369,F[P-](F)(F)(F)(F)F,C(CCCCC)[N+]1=CN(C=C1)C,F/C=C/C(F)(F)F,Table S4. VLE HFOs
3477,3477,[hmim],[PF6],R1234ze(E),323.15,0.3861,0.1587,F[P-](F)(F)(F)(F)F,C(CCCCC)[N+]1=CN(C=C1)C,F/C=C/C(F)(F)F,Table S4. VLE HFOs
3478,3478,[hmim],[PF6],R1234ze(E),333.15,0.1258,0.0418,F[P-](F)(F)(F)(F)F,C(CCCCC)[N+]1=CN(C=C1)C,F/C=C/C(F)(F)F,Table S4. VLE HFOs
3479,3479,[hmim],[PF6],R1234ze(E),333.15,0.1858,0.0605,F[P-](F)(F)(F)(F)F,C(CCCCC)[N+]1=CN(C=C1)C,F/C=C/C(F)(F)F,Table S4. VLE HFOs
3480,3480,[hmim],[PF6],R1234ze(E),333.15,0.2431,0.0785,F[P-](F)(F)(F)(F)F,C(CCCCC)[N+]1=CN(C=C1)C,F/C=C/C(F)(F)F,Table S4. VLE HFOs
3481,3481,[hmim],[PF6],R1234ze(E),333.15,0.2987,0.0968,F[P-](F)(F)(F)(F)F,C(CCCCC)[N+]1=CN(C=C1)C,F/C=C/C(F)(F)F,Table S4. VLE HFOs
3482,3482,[hmim],[PF6],R1234ze(E),333.15,0.3559,0.1146,F[P-](F)(F)(F)(F)F,C(CCCCC)[N+]1=CN(C=C1)C,F/C=C/C(F)(F)F,Table S4. VLE HFOs
3483,3483,[hmim],[PF6],R1234ze(E),333.15,0.4107,0.133,F[P-](F)(F)(F)(F)F,C(CCCCC)[N+]1=CN(C=C1)C,F/C=C/C(F)(F)F,Table S4. VLE HFOs
3484,3484,[hmim],[PF6],R1234ze(E),343.15,0.1325,0.0344,F[P-](F)(F)(F)(F)F,C(CCCCC)[N+]1=CN(C=C1)C,F/C=C/C(F)(F)F,Table S4. VLE HFOs
3485,3485,[hmim],[PF6],R1234ze(E),343.15,0.1956,0.0504,F[P-](F)(F)(F)(F)F,C(CCCCC)[N+]1=CN(C=C1)C,F/C=C/C(F)(F)F,Table S4. VLE HFOs
3486,3486,[hmim],[PF6],R1234ze(E),343.15,0.256,0.0656,F[P-](F)(F)(F)(F)F,C(CCCCC)[N+]1=CN(C=C1)C,F/C=C/C(F)(F)F,Table S4. VLE HFOs
3487,3487,[hmim],[PF6],R1234ze(E),343.15,0.315,0.0804,F[P-](F)(F)(F)(F)F,C(CCCCC)[N+]1=CN(C=C1)C,F/C=C/C(F)(F)F,Table S4. VLE HFOs
3488,3488,[hmim],[PF6],R1234ze(E),343.15,0.3755,0.0957,F[P-](F)(F)(F)(F)F,C(CCCCC)[N+]1=CN(C=C1)C,F/C=C/C(F)(F)F,Table S4. VLE HFOs
3489,3489,[hmim],[PF6],R1234ze(E),343.15,0.4342,0.1102,F[P-](F)(F)(F)(F)F,C(CCCCC)[N+]1=CN(C=C1)C,F/C=C/C(F)(F)F,Table S4. VLE HFOs
3490,3490,[hmim],[Tf2N],R1234yf,292.29,0.0993,0.0775,FC(S(=O)(=O)[N-]S(=O)(=O)C(F)(F)F)(F)F,C(CCCCC)[N+]1=CN(C=C1)C,C(=C(F)F)(C(F)(F)F)F,Table S4. VLE HFOs
3491,3491,[hmim],[Tf2N],R1234yf,293.01,0.1981,0.1543,FC(S(=O)(=O)[N-]S(=O)(=O)C(F)(F)F)(F)F,C(CCCCC)[N+]1=CN(C=C1)C,C(=C(F)F)(C(F)(F)F)F,Table S4. VLE HFOs
3492,3492,[hmim],[Tf2N],R1234yf,292.98,0.276,0.2206,FC(S(=O)(=O)[N-]S(=O)(=O)C(F)(F)F)(F)F,C(CCCCC)[N+]1=CN(C=C1)C,C(=C(F)F)(C(F)(F)F)F,Table S4. VLE HFOs
3493,3493,[hmim],[Tf2N],R1234yf,293.64,0.3538,0.2792,FC(S(=O)(=O)[N-]S(=O)(=O)C(F)(F)F)(F)F,C(CCCCC)[N+]1=CN(C=C1)C,C(=C(F)F)(C(F)(F)F)F,Table S4. VLE HFOs
3494,3494,[hmim],[Tf2N],R1234yf,293.13,0.4343999999999999,0.3536,FC(S(=O)(=O)[N-]S(=O)(=O)C(F)(F)F)(F)F,C(CCCCC)[N+]1=CN(C=C1)C,C(=C(F)F)(C(F)(F)F)F,Table S4. VLE HFOs
3495,3495,[hmim],[Tf2N],R1234yf,303.05,0.1153,0.0689,FC(S(=O)(=O)[N-]S(=O)(=O)C(F)(F)F)(F)F,C(CCCCC)[N+]1=CN(C=C1)C,C(=C(F)F)(C(F)(F)F)F,Table S4. VLE HFOs
3496,3496,[hmim],[Tf2N],R1234yf,303.09,0.2306,0.1386,FC(S(=O)(=O)[N-]S(=O)(=O)C(F)(F)F)(F)F,C(CCCCC)[N+]1=CN(C=C1)C,C(=C(F)F)(C(F)(F)F)F,Table S4. VLE HFOs
3497,3497,[hmim],[Tf2N],R1234yf,303.07,0.3248999999999999,0.1991,FC(S(=O)(=O)[N-]S(=O)(=O)C(F)(F)F)(F)F,C(CCCCC)[N+]1=CN(C=C1)C,C(=C(F)F)(C(F)(F)F)F,Table S4. VLE HFOs
3498,3498,[hmim],[Tf2N],R1234yf,303.13,0.4161,0.2545,FC(S(=O)(=O)[N-]S(=O)(=O)C(F)(F)F)(F)F,C(CCCCC)[N+]1=CN(C=C1)C,C(=C(F)F)(C(F)(F)F)F,Table S4. VLE HFOs
3499,3499,[hmim],[Tf2N],R1234yf,303.15,0.5231,0.323,FC(S(=O)(=O)[N-]S(=O)(=O)C(F)(F)F)(F)F,C(CCCCC)[N+]1=CN(C=C1)C,C(=C(F)F)(C(F)(F)F)F,Table S4. VLE HFOs
3500,3500,[hmim],[Tf2N],R1234yf,313.06,0.1306,0.061,FC(S(=O)(=O)[N-]S(=O)(=O)C(F)(F)F)(F)F,C(CCCCC)[N+]1=CN(C=C1)C,C(=C(F)F)(C(F)(F)F)F,Table S4. VLE HFOs
3501,3501,[hmim],[Tf2N],R1234yf,313.06,0.2623999999999999,0.1238,FC(S(=O)(=O)[N-]S(=O)(=O)C(F)(F)F)(F)F,C(CCCCC)[N+]1=CN(C=C1)C,C(=C(F)F)(C(F)(F)F)F,Table S4. VLE HFOs
3502,3502,[hmim],[Tf2N],R1234yf,313.05,0.3723999999999999,0.1789,FC(S(=O)(=O)[N-]S(=O)(=O)C(F)(F)F)(F)F,C(CCCCC)[N+]1=CN(C=C1)C,C(=C(F)F)(C(F)(F)F)F,Table S4. VLE HFOs
3503,3503,[hmim],[Tf2N],R1234yf,313.13,0.4807,0.2292,FC(S(=O)(=O)[N-]S(=O)(=O)C(F)(F)F)(F)F,C(CCCCC)[N+]1=CN(C=C1)C,C(=C(F)F)(C(F)(F)F)F,Table S4. VLE HFOs
3504,3504,[hmim],[Tf2N],R1234yf,313.2,0.6103,0.2925,FC(S(=O)(=O)[N-]S(=O)(=O)C(F)(F)F)(F)F,C(CCCCC)[N+]1=CN(C=C1)C,C(=C(F)F)(C(F)(F)F)F,Table S4. VLE HFOs
3505,3505,[hmim],[Tf2N],R1234yf,323.08,0.1457,0.0537,FC(S(=O)(=O)[N-]S(=O)(=O)C(F)(F)F)(F)F,C(CCCCC)[N+]1=CN(C=C1)C,C(=C(F)F)(C(F)(F)F)F,Table S4. VLE HFOs
3506,3506,[hmim],[Tf2N],R1234yf,323.06,0.2938,0.1098,FC(S(=O)(=O)[N-]S(=O)(=O)C(F)(F)F)(F)F,C(CCCCC)[N+]1=CN(C=C1)C,C(=C(F)F)(C(F)(F)F)F,Table S4. VLE HFOs
3507,3507,[hmim],[Tf2N],R1234yf,323.05,0.4191999999999999,0.1596,FC(S(=O)(=O)[N-]S(=O)(=O)C(F)(F)F)(F)F,C(CCCCC)[N+]1=CN(C=C1)C,C(=C(F)F)(C(F)(F)F)F,Table S4. VLE HFOs
3508,3508,[hmim],[Tf2N],R1234yf,323.13,0.5437000000000001,0.205,FC(S(=O)(=O)[N-]S(=O)(=O)C(F)(F)F)(F)F,C(CCCCC)[N+]1=CN(C=C1)C,C(=C(F)F)(C(F)(F)F)F,Table S4. VLE HFOs
3509,3509,[hmim],[Tf2N],R1234yf,323.19,0.6954,0.2628,FC(S(=O)(=O)[N-]S(=O)(=O)C(F)(F)F)(F)F,C(CCCCC)[N+]1=CN(C=C1)C,C(=C(F)F)(C(F)(F)F)F,Table S4. VLE HFOs
3510,3510,[hmim],[Tf2N],R1234yf,333.1,0.1609,0.0474,FC(S(=O)(=O)[N-]S(=O)(=O)C(F)(F)F)(F)F,C(CCCCC)[N+]1=CN(C=C1)C,C(=C(F)F)(C(F)(F)F)F,Table S4. VLE HFOs
3511,3511,[hmim],[Tf2N],R1234yf,333.09,0.3241,0.0972,FC(S(=O)(=O)[N-]S(=O)(=O)C(F)(F)F)(F)F,C(CCCCC)[N+]1=CN(C=C1)C,C(=C(F)F)(C(F)(F)F)F,Table S4. VLE HFOs
3512,3512,[hmim],[Tf2N],R1234yf,333.17,0.4644,0.142,FC(S(=O)(=O)[N-]S(=O)(=O)C(F)(F)F)(F)F,C(CCCCC)[N+]1=CN(C=C1)C,C(=C(F)F)(C(F)(F)F)F,Table S4. VLE HFOs
3513,3513,[hmim],[Tf2N],R1234yf,333.21,0.6016,0.1844,FC(S(=O)(=O)[N-]S(=O)(=O)C(F)(F)F)(F)F,C(CCCCC)[N+]1=CN(C=C1)C,C(=C(F)F)(C(F)(F)F)F,Table S4. VLE HFOs
3514,3514,[hmim],[Tf2N],R1234yf,333.21,0.7763,0.2355,FC(S(=O)(=O)[N-]S(=O)(=O)C(F)(F)F)(F)F,C(CCCCC)[N+]1=CN(C=C1)C,C(=C(F)F)(C(F)(F)F)F,Table S4. VLE HFOs
3515,3515,[hmim],[Tf2N],R1234yf,343.11,0.176,0.0422,FC(S(=O)(=O)[N-]S(=O)(=O)C(F)(F)F)(F)F,C(CCCCC)[N+]1=CN(C=C1)C,C(=C(F)F)(C(F)(F)F)F,Table S4. VLE HFOs
3516,3516,[hmim],[Tf2N],R1234yf,343.1,0.3531,0.0869,FC(S(=O)(=O)[N-]S(=O)(=O)C(F)(F)F)(F)F,C(CCCCC)[N+]1=CN(C=C1)C,C(=C(F)F)(C(F)(F)F)F,Table S4. VLE HFOs
3517,3517,[hmim],[Tf2N],R1234yf,343.19,0.5069,0.1265,FC(S(=O)(=O)[N-]S(=O)(=O)C(F)(F)F)(F)F,C(CCCCC)[N+]1=CN(C=C1)C,C(=C(F)F)(C(F)(F)F)F,Table S4. VLE HFOs
3518,3518,[hmim],[Tf2N],R1234yf,343.21,0.6585,0.1648,FC(S(=O)(=O)[N-]S(=O)(=O)C(F)(F)F)(F)F,C(CCCCC)[N+]1=CN(C=C1)C,C(=C(F)F)(C(F)(F)F)F,Table S4. VLE HFOs
3519,3519,[hmim],[Tf2N],R1234yf,343.19,0.8529,0.2119,FC(S(=O)(=O)[N-]S(=O)(=O)C(F)(F)F)(F)F,C(CCCCC)[N+]1=CN(C=C1)C,C(=C(F)F)(C(F)(F)F)F,Table S4. VLE HFOs
3520,3520,[hmim],[Tf2N],R1234yf,353.11,0.1899,0.0376,FC(S(=O)(=O)[N-]S(=O)(=O)C(F)(F)F)(F)F,C(CCCCC)[N+]1=CN(C=C1)C,C(=C(F)F)(C(F)(F)F)F,Table S4. VLE HFOs
3521,3521,[hmim],[Tf2N],R1234yf,353.11,0.3811,0.0757,FC(S(=O)(=O)[N-]S(=O)(=O)C(F)(F)F)(F)F,C(CCCCC)[N+]1=CN(C=C1)C,C(=C(F)F)(C(F)(F)F)F,Table S4. VLE HFOs
3522,3522,[hmim],[Tf2N],R1234yf,353.19,0.5472,0.1121,FC(S(=O)(=O)[N-]S(=O)(=O)C(F)(F)F)(F)F,C(CCCCC)[N+]1=CN(C=C1)C,C(=C(F)F)(C(F)(F)F)F,Table S4. VLE HFOs
3523,3523,[hmim],[Tf2N],R1234yf,353.21,0.7125,0.1476,FC(S(=O)(=O)[N-]S(=O)(=O)C(F)(F)F)(F)F,C(CCCCC)[N+]1=CN(C=C1)C,C(=C(F)F)(C(F)(F)F)F,Table S4. VLE HFOs
3524,3524,[hmim],[Tf2N],R1234yf,353.21,0.9251,0.1904,FC(S(=O)(=O)[N-]S(=O)(=O)C(F)(F)F)(F)F,C(CCCCC)[N+]1=CN(C=C1)C,C(=C(F)F)(C(F)(F)F)F,Table S4. VLE HFOs
3525,3525,[hmim],[Tf2N],R1234ze(E),293.12,0.0497,0.0565,FC(S(=O)(=O)[N-]S(=O)(=O)C(F)(F)F)(F)F,C(CCCCC)[N+]1=CN(C=C1)C,F/C=C/C(F)(F)F,Table S4. VLE HFOs
3526,3526,[hmim],[Tf2N],R1234ze(E),292.98,0.1065,0.1263,FC(S(=O)(=O)[N-]S(=O)(=O)C(F)(F)F)(F)F,C(CCCCC)[N+]1=CN(C=C1)C,F/C=C/C(F)(F)F,Table S4. VLE HFOs
3527,3527,[hmim],[Tf2N],R1234ze(E),293.1,0.1609,0.2017,FC(S(=O)(=O)[N-]S(=O)(=O)C(F)(F)F)(F)F,C(CCCCC)[N+]1=CN(C=C1)C,F/C=C/C(F)(F)F,Table S4. VLE HFOs
3528,3528,[hmim],[Tf2N],R1234ze(E),293.1,0.2211999999999999,0.2816,FC(S(=O)(=O)[N-]S(=O)(=O)C(F)(F)F)(F)F,C(CCCCC)[N+]1=CN(C=C1)C,F/C=C/C(F)(F)F,Table S4. VLE HFOs
3529,3529,[hmim],[Tf2N],R1234ze(E),293.1,0.2578999999999999,0.3312,FC(S(=O)(=O)[N-]S(=O)(=O)C(F)(F)F)(F)F,C(CCCCC)[N+]1=CN(C=C1)C,F/C=C/C(F)(F)F,Table S4. VLE HFOs
3530,3530,[hmim],[Tf2N],R1234ze(E),303.15,0.0608,0.0498,FC(S(=O)(=O)[N-]S(=O)(=O)C(F)(F)F)(F)F,C(CCCCC)[N+]1=CN(C=C1)C,F/C=C/C(F)(F)F,Table S4. VLE HFOs
3531,3531,[hmim],[Tf2N],R1234ze(E),303.13,0.1311,0.1135,FC(S(=O)(=O)[N-]S(=O)(=O)C(F)(F)F)(F)F,C(CCCCC)[N+]1=CN(C=C1)C,F/C=C/C(F)(F)F,Table S4. VLE HFOs
3532,3532,[hmim],[Tf2N],R1234ze(E),303.34,0.2012,0.1833,FC(S(=O)(=O)[N-]S(=O)(=O)C(F)(F)F)(F)F,C(CCCCC)[N+]1=CN(C=C1)C,F/C=C/C(F)(F)F,Table S4. VLE HFOs
3533,3533,[hmim],[Tf2N],R1234ze(E),303.23,0.2755,0.2609,FC(S(=O)(=O)[N-]S(=O)(=O)C(F)(F)F)(F)F,C(CCCCC)[N+]1=CN(C=C1)C,F/C=C/C(F)(F)F,Table S4. VLE HFOs
3534,3534,[hmim],[Tf2N],R1234ze(E),303.15,0.3255,0.308,FC(S(=O)(=O)[N-]S(=O)(=O)C(F)(F)F)(F)F,C(CCCCC)[N+]1=CN(C=C1)C,F/C=C/C(F)(F)F,Table S4. VLE HFOs
3535,3535,[hmim],[Tf2N],R1234ze(E),313.15,0.0727,0.0429,FC(S(=O)(=O)[N-]S(=O)(=O)C(F)(F)F)(F)F,C(CCCCC)[N+]1=CN(C=C1)C,F/C=C/C(F)(F)F,Table S4. VLE HFOs
3536,3536,[hmim],[Tf2N],R1234ze(E),313.11,0.1571,0.1002,FC(S(=O)(=O)[N-]S(=O)(=O)C(F)(F)F)(F)F,C(CCCCC)[N+]1=CN(C=C1)C,F/C=C/C(F)(F)F,Table S4. VLE HFOs
3537,3537,[hmim],[Tf2N],R1234ze(E),313.09,0.2414,0.1652,FC(S(=O)(=O)[N-]S(=O)(=O)C(F)(F)F)(F)F,C(CCCCC)[N+]1=CN(C=C1)C,F/C=C/C(F)(F)F,Table S4. VLE HFOs
3538,3538,[hmim],[Tf2N],R1234ze(E),313.22,0.3352,0.2376,FC(S(=O)(=O)[N-]S(=O)(=O)C(F)(F)F)(F)F,C(CCCCC)[N+]1=CN(C=C1)C,F/C=C/C(F)(F)F,Table S4. VLE HFOs
3539,3539,[hmim],[Tf2N],R1234ze(E),313.17,0.3983,0.2822,FC(S(=O)(=O)[N-]S(=O)(=O)C(F)(F)F)(F)F,C(CCCCC)[N+]1=CN(C=C1)C,F/C=C/C(F)(F)F,Table S4. VLE HFOs
3540,3540,[hmim],[Tf2N],R1234ze(E),323.19,0.0852,0.038,FC(S(=O)(=O)[N-]S(=O)(=O)C(F)(F)F)(F)F,C(CCCCC)[N+]1=CN(C=C1)C,F/C=C/C(F)(F)F,Table S4. VLE HFOs
3541,3541,[hmim],[Tf2N],R1234ze(E),324.14,0.1835,0.0876,FC(S(=O)(=O)[N-]S(=O)(=O)C(F)(F)F)(F)F,C(CCCCC)[N+]1=CN(C=C1)C,F/C=C/C(F)(F)F,Table S4. VLE HFOs
3542,3542,[hmim],[Tf2N],R1234ze(E),323.09,0.2839,0.1463,FC(S(=O)(=O)[N-]S(=O)(=O)C(F)(F)F)(F)F,C(CCCCC)[N+]1=CN(C=C1)C,F/C=C/C(F)(F)F,Table S4. VLE HFOs
3543,3543,[hmim],[Tf2N],R1234ze(E),323.21,0.3972,0.2133,FC(S(=O)(=O)[N-]S(=O)(=O)C(F)(F)F)(F)F,C(CCCCC)[N+]1=CN(C=C1)C,F/C=C/C(F)(F)F,Table S4. VLE HFOs
3544,3544,[hmim],[Tf2N],R1234ze(E),323.18,0.4742,0.2548,FC(S(=O)(=O)[N-]S(=O)(=O)C(F)(F)F)(F)F,C(CCCCC)[N+]1=CN(C=C1)C,F/C=C/C(F)(F)F,Table S4. VLE HFOs
3545,3545,[hmim],[Tf2N],R1234ze(E),333.2,0.0977,0.0334,FC(S(=O)(=O)[N-]S(=O)(=O)C(F)(F)F)(F)F,C(CCCCC)[N+]1=CN(C=C1)C,F/C=C/C(F)(F)F,Table S4. VLE HFOs
3546,3546,[hmim],[Tf2N],R1234ze(E),333.17,0.2102,0.0745,FC(S(=O)(=O)[N-]S(=O)(=O)C(F)(F)F)(F)F,C(CCCCC)[N+]1=CN(C=C1)C,F/C=C/C(F)(F)F,Table S4. VLE HFOs
3547,3547,[hmim],[Tf2N],R1234ze(E),333.11,0.3263,0.1279,FC(S(=O)(=O)[N-]S(=O)(=O)C(F)(F)F)(F)F,C(CCCCC)[N+]1=CN(C=C1)C,F/C=C/C(F)(F)F,Table S4. VLE HFOs
3548,3548,[hmim],[Tf2N],R1234ze(E),333.21,0.4586,0.1895,FC(S(=O)(=O)[N-]S(=O)(=O)C(F)(F)F)(F)F,C(CCCCC)[N+]1=CN(C=C1)C,F/C=C/C(F)(F)F,Table S4. VLE HFOs
3549,3549,[hmim],[Tf2N],R1234ze(E),333.2,0.55,0.2273,FC(S(=O)(=O)[N-]S(=O)(=O)C(F)(F)F)(F)F,C(CCCCC)[N+]1=CN(C=C1)C,F/C=C/C(F)(F)F,Table S4. VLE HFOs
3550,3550,[hmim],[Tf2N],R1234ze(E),343.2,0.1099,0.0274,FC(S(=O)(=O)[N-]S(=O)(=O)C(F)(F)F)(F)F,C(CCCCC)[N+]1=CN(C=C1)C,F/C=C/C(F)(F)F,Table S4. VLE HFOs
3551,3551,[hmim],[Tf2N],R1234ze(E),343.18,0.2359,0.0629,FC(S(=O)(=O)[N-]S(=O)(=O)C(F)(F)F)(F)F,C(CCCCC)[N+]1=CN(C=C1)C,F/C=C/C(F)(F)F,Table S4. VLE HFOs
3552,3552,[hmim],[Tf2N],R1234ze(E),343.11,0.3663,0.1114,FC(S(=O)(=O)[N-]S(=O)(=O)C(F)(F)F)(F)F,C(CCCCC)[N+]1=CN(C=C1)C,F/C=C/C(F)(F)F,Table S4. VLE HFOs
3553,3553,[hmim],[Tf2N],R1234ze(E),343.22,0.5186000000000001,0.1666,FC(S(=O)(=O)[N-]S(=O)(=O)C(F)(F)F)(F)F,C(CCCCC)[N+]1=CN(C=C1)C,F/C=C/C(F)(F)F,Table S4. VLE HFOs
3554,3554,[hmim],[Tf2N],R1234ze(E),343.21,0.6234,0.201,FC(S(=O)(=O)[N-]S(=O)(=O)C(F)(F)F)(F)F,C(CCCCC)[N+]1=CN(C=C1)C,F/C=C/C(F)(F)F,Table S4. VLE HFOs
3555,3555,[hmim],[Tf2N],R1234ze(E),353.21,0.1221,0.0228,FC(S(=O)(=O)[N-]S(=O)(=O)C(F)(F)F)(F)F,C(CCCCC)[N+]1=CN(C=C1)C,F/C=C/C(F)(F)F,Table S4. VLE HFOs
3556,3556,[hmim],[Tf2N],R1234ze(E),353.21,0.2612,0.0535,FC(S(=O)(=O)[N-]S(=O)(=O)C(F)(F)F)(F)F,C(CCCCC)[N+]1=CN(C=C1)C,F/C=C/C(F)(F)F,Table S4. VLE HFOs
3557,3557,[hmim],[Tf2N],R1234ze(E),353.14,0.4066,0.0952,FC(S(=O)(=O)[N-]S(=O)(=O)C(F)(F)F)(F)F,C(CCCCC)[N+]1=CN(C=C1)C,F/C=C/C(F)(F)F,Table S4. VLE HFOs
3558,3558,[hmim],[Tf2N],R1234ze(E),353.22,0.5758,0.1457,FC(S(=O)(=O)[N-]S(=O)(=O)C(F)(F)F)(F)F,C(CCCCC)[N+]1=CN(C=C1)C,F/C=C/C(F)(F)F,Table S4. VLE HFOs
3559,3559,[hmim],[Tf2N],R1234ze(E),353.23,0.6937000000000001,0.1766,FC(S(=O)(=O)[N-]S(=O)(=O)C(F)(F)F)(F)F,C(CCCCC)[N+]1=CN(C=C1)C,F/C=C/C(F)(F)F,Table S4. VLE HFOs
3560,3560,[hmim],[Tf2N],R1233zd(E),303.24,0.009,0.014,FC(S(=O)(=O)[N-]S(=O)(=O)C(F)(F)F)(F)F,C(CCCCC)[N+]1=CN(C=C1)C,FC(F)(F)/C=C/Cl,Table S4. VLE HFOs
3561,3561,[hmim],[Tf2N],R1233zd(E),303.16,0.02,0.027,FC(S(=O)(=O)[N-]S(=O)(=O)C(F)(F)F)(F)F,C(CCCCC)[N+]1=CN(C=C1)C,FC(F)(F)/C=C/Cl,Table S4. VLE HFOs
3562,3562,[hmim],[Tf2N],R1233zd(E),303.15,0.032,0.045,FC(S(=O)(=O)[N-]S(=O)(=O)C(F)(F)F)(F)F,C(CCCCC)[N+]1=CN(C=C1)C,FC(F)(F)/C=C/Cl,Table S4. VLE HFOs
3563,3563,[hmim],[Tf2N],R1233zd(E),303.33,0.048,0.068,FC(S(=O)(=O)[N-]S(=O)(=O)C(F)(F)F)(F)F,C(CCCCC)[N+]1=CN(C=C1)C,FC(F)(F)/C=C/Cl,Table S4. VLE HFOs
3564,3564,[hmim],[Tf2N],R1233zd(E),303.12,0.064,0.092,FC(S(=O)(=O)[N-]S(=O)(=O)C(F)(F)F)(F)F,C(CCCCC)[N+]1=CN(C=C1)C,FC(F)(F)/C=C/Cl,Table S4. VLE HFOs
3565,3565,[hmim],[Tf2N],R1233zd(E),303.23,0.081,0.113,FC(S(=O)(=O)[N-]S(=O)(=O)C(F)(F)F)(F)F,C(CCCCC)[N+]1=CN(C=C1)C,FC(F)(F)/C=C/Cl,Table S4. VLE HFOs
3566,3566,[hmim],[Tf2N],R1233zd(E),313.15,0.01,0.014,FC(S(=O)(=O)[N-]S(=O)(=O)C(F)(F)F)(F)F,C(CCCCC)[N+]1=CN(C=C1)C,FC(F)(F)/C=C/Cl,Table S4. VLE HFOs
3567,3567,[hmim],[Tf2N],R1233zd(E),313.13,0.022,0.026,FC(S(=O)(=O)[N-]S(=O)(=O)C(F)(F)F)(F)F,C(CCCCC)[N+]1=CN(C=C1)C,FC(F)(F)/C=C/Cl,Table S4. VLE HFOs
3568,3568,[hmim],[Tf2N],R1233zd(E),313.15,0.036,0.042,FC(S(=O)(=O)[N-]S(=O)(=O)C(F)(F)F)(F)F,C(CCCCC)[N+]1=CN(C=C1)C,FC(F)(F)/C=C/Cl,Table S4. VLE HFOs
3569,3569,[hmim],[Tf2N],R1233zd(E),313.13,0.053,0.065,FC(S(=O)(=O)[N-]S(=O)(=O)C(F)(F)F)(F)F,C(CCCCC)[N+]1=CN(C=C1)C,FC(F)(F)/C=C/Cl,Table S4. VLE HFOs
3570,3570,[hmim],[Tf2N],R1233zd(E),313.15,0.071,0.089,FC(S(=O)(=O)[N-]S(=O)(=O)C(F)(F)F)(F)F,C(CCCCC)[N+]1=CN(C=C1)C,FC(F)(F)/C=C/Cl,Table S4. VLE HFOs
3571,3571,[hmim],[Tf2N],R1233zd(E),313.13,0.09,0.109,FC(S(=O)(=O)[N-]S(=O)(=O)C(F)(F)F)(F)F,C(CCCCC)[N+]1=CN(C=C1)C,FC(F)(F)/C=C/Cl,Table S4. VLE HFOs
3572,3572,[hmim],[Tf2N],R1233zd(E),323.16,0.012,0.012,FC(S(=O)(=O)[N-]S(=O)(=O)C(F)(F)F)(F)F,C(CCCCC)[N+]1=CN(C=C1)C,FC(F)(F)/C=C/Cl,Table S4. VLE HFOs
3573,3573,[hmim],[Tf2N],R1233zd(E),323.15,0.025,0.024,FC(S(=O)(=O)[N-]S(=O)(=O)C(F)(F)F)(F)F,C(CCCCC)[N+]1=CN(C=C1)C,FC(F)(F)/C=C/Cl,Table S4. VLE HFOs
3574,3574,[hmim],[Tf2N],R1233zd(E),323.15,0.041,0.04,FC(S(=O)(=O)[N-]S(=O)(=O)C(F)(F)F)(F)F,C(CCCCC)[N+]1=CN(C=C1)C,FC(F)(F)/C=C/Cl,Table S4. VLE HFOs
3575,3575,[hmim],[Tf2N],R1233zd(E),323.17,0.06,0.062,FC(S(=O)(=O)[N-]S(=O)(=O)C(F)(F)F)(F)F,C(CCCCC)[N+]1=CN(C=C1)C,FC(F)(F)/C=C/Cl,Table S4. VLE HFOs
3576,3576,[hmim],[Tf2N],R1233zd(E),323.15,0.081,0.084,FC(S(=O)(=O)[N-]S(=O)(=O)C(F)(F)F)(F)F,C(CCCCC)[N+]1=CN(C=C1)C,FC(F)(F)/C=C/Cl,Table S4. VLE HFOs
3577,3577,[hmim],[Tf2N],R1233zd(E),323.15,0.102,0.104,FC(S(=O)(=O)[N-]S(=O)(=O)C(F)(F)F)(F)F,C(CCCCC)[N+]1=CN(C=C1)C,FC(F)(F)/C=C/Cl,Table S4. VLE HFOs
3578,3578,[hmim],[Tf2N],R1233zd(E),333.16,0.014,0.011,FC(S(=O)(=O)[N-]S(=O)(=O)C(F)(F)F)(F)F,C(CCCCC)[N+]1=CN(C=C1)C,FC(F)(F)/C=C/Cl,Table S4. VLE HFOs
3579,3579,[hmim],[Tf2N],R1233zd(E),333.17,0.029,0.022,FC(S(=O)(=O)[N-]S(=O)(=O)C(F)(F)F)(F)F,C(CCCCC)[N+]1=CN(C=C1)C,FC(F)(F)/C=C/Cl,Table S4. VLE HFOs
3580,3580,[hmim],[Tf2N],R1233zd(E),333.16,0.047,0.037,FC(S(=O)(=O)[N-]S(=O)(=O)C(F)(F)F)(F)F,C(CCCCC)[N+]1=CN(C=C1)C,FC(F)(F)/C=C/Cl,Table S4. VLE HFOs
3581,3581,[hmim],[Tf2N],R1233zd(E),333.17,0.068,0.058,FC(S(=O)(=O)[N-]S(=O)(=O)C(F)(F)F)(F)F,C(CCCCC)[N+]1=CN(C=C1)C,FC(F)(F)/C=C/Cl,Table S4. VLE HFOs
3582,3582,[hmim],[Tf2N],R1233zd(E),333.16,0.092,0.079,FC(S(=O)(=O)[N-]S(=O)(=O)C(F)(F)F)(F)F,C(CCCCC)[N+]1=CN(C=C1)C,FC(F)(F)/C=C/Cl,Table S4. VLE HFOs
3583,3583,[hmim],[Tf2N],R1233zd(E),333.18,0.115,0.098,FC(S(=O)(=O)[N-]S(=O)(=O)C(F)(F)F)(F)F,C(CCCCC)[N+]1=CN(C=C1)C,FC(F)(F)/C=C/Cl,Table S4. VLE HFOs
3584,3584,[hmim],[Tf2N],R1233zd(E),343.16,0.017,0.01,FC(S(=O)(=O)[N-]S(=O)(=O)C(F)(F)F)(F)F,C(CCCCC)[N+]1=CN(C=C1)C,FC(F)(F)/C=C/Cl,Table S4. VLE HFOs
3585,3585,[hmim],[Tf2N],R1233zd(E),343.16,0.033,0.02,FC(S(=O)(=O)[N-]S(=O)(=O)C(F)(F)F)(F)F,C(CCCCC)[N+]1=CN(C=C1)C,FC(F)(F)/C=C/Cl,Table S4. VLE HFOs
3586,3586,[hmim],[Tf2N],R1233zd(E),343.16,0.053,0.034,FC(S(=O)(=O)[N-]S(=O)(=O)C(F)(F)F)(F)F,C(CCCCC)[N+]1=CN(C=C1)C,FC(F)(F)/C=C/Cl,Table S4. VLE HFOs
3587,3587,[hmim],[Tf2N],R1233zd(E),343.17,0.078,0.054,FC(S(=O)(=O)[N-]S(=O)(=O)C(F)(F)F)(F)F,C(CCCCC)[N+]1=CN(C=C1)C,FC(F)(F)/C=C/Cl,Table S4. VLE HFOs
3588,3588,[hmim],[Tf2N],R1233zd(E),343.17,0.104,0.074,FC(S(=O)(=O)[N-]S(=O)(=O)C(F)(F)F)(F)F,C(CCCCC)[N+]1=CN(C=C1)C,FC(F)(F)/C=C/Cl,Table S4. VLE HFOs
3589,3589,[hmim],[Tf2N],R1233zd(E),343.15,0.13,0.092,FC(S(=O)(=O)[N-]S(=O)(=O)C(F)(F)F)(F)F,C(CCCCC)[N+]1=CN(C=C1)C,FC(F)(F)/C=C/Cl,Table S4. VLE HFOs
3590,3590,[omim],[BF4],R1234yf,283.15,0.0548,0.0292,F[B-](F)(F)F,C(CCCCCCC)[N+]1=CN(C=C1)C,C(=C(F)F)(C(F)(F)F)F,Table S4. VLE HFOs
3591,3591,[omim],[BF4],R1234yf,283.15,0.1023,0.0541,F[B-](F)(F)F,C(CCCCCCC)[N+]1=CN(C=C1)C,C(=C(F)F)(C(F)(F)F)F,Table S4. VLE HFOs
3592,3592,[omim],[BF4],R1234yf,283.15,0.1492,0.0781,F[B-](F)(F)F,C(CCCCCCC)[N+]1=CN(C=C1)C,C(=C(F)F)(C(F)(F)F)F,Table S4. VLE HFOs
3593,3593,[omim],[BF4],R1234yf,283.15,0.1929,0.1018,F[B-](F)(F)F,C(CCCCCCC)[N+]1=CN(C=C1)C,C(=C(F)F)(C(F)(F)F)F,Table S4. VLE HFOs
3594,3594,[omim],[BF4],R1234yf,283.15,0.2337,0.1292,F[B-](F)(F)F,C(CCCCCCC)[N+]1=CN(C=C1)C,C(=C(F)F)(C(F)(F)F)F,Table S4. VLE HFOs
3595,3595,[omim],[BF4],R1234yf,283.15,0.2759,0.1552,F[B-](F)(F)F,C(CCCCCCC)[N+]1=CN(C=C1)C,C(=C(F)F)(C(F)(F)F)F,Table S4. VLE HFOs
3596,3596,[omim],[BF4],R1234yf,283.15,0.3145,0.1847,F[B-](F)(F)F,C(CCCCCCC)[N+]1=CN(C=C1)C,C(=C(F)F)(C(F)(F)F)F,Table S4. VLE HFOs
3597,3597,[omim],[BF4],R1234yf,293.15,0.0576,0.0264,F[B-](F)(F)F,C(CCCCCCC)[N+]1=CN(C=C1)C,C(=C(F)F)(C(F)(F)F)F,Table S4. VLE HFOs
3598,3598,[omim],[BF4],R1234yf,293.15,0.108,0.0474,F[B-](F)(F)F,C(CCCCCCC)[N+]1=CN(C=C1)C,C(=C(F)F)(C(F)(F)F)F,Table S4. VLE HFOs
3599,3599,[omim],[BF4],R1234yf,293.15,0.1576,0.0683,F[B-](F)(F)F,C(CCCCCCC)[N+]1=CN(C=C1)C,C(=C(F)F)(C(F)(F)F)F,Table S4. VLE HFOs
3600,3600,[omim],[BF4],R1234yf,293.15,0.2047,0.0877,F[B-](F)(F)F,C(CCCCCCC)[N+]1=CN(C=C1)C,C(=C(F)F)(C(F)(F)F)F,Table S4. VLE HFOs
3601,3601,[omim],[BF4],R1234yf,293.15,0.2497,0.1075,F[B-](F)(F)F,C(CCCCCCC)[N+]1=CN(C=C1)C,C(=C(F)F)(C(F)(F)F)F,Table S4. VLE HFOs
3602,3602,[omim],[BF4],R1234yf,293.15,0.2958,0.1279,F[B-](F)(F)F,C(CCCCCCC)[N+]1=CN(C=C1)C,C(=C(F)F)(C(F)(F)F)F,Table S4. VLE HFOs
3603,3603,[omim],[BF4],R1234yf,293.15,0.3393,0.149,F[B-](F)(F)F,C(CCCCCCC)[N+]1=CN(C=C1)C,C(=C(F)F)(C(F)(F)F)F,Table S4. VLE HFOs
3604,3604,[omim],[BF4],R1234yf,303.15,0.0608,0.0223,F[B-](F)(F)F,C(CCCCCCC)[N+]1=CN(C=C1)C,C(=C(F)F)(C(F)(F)F)F,Table S4. VLE HFOs
3605,3605,[omim],[BF4],R1234yf,303.15,0.1143,0.039,F[B-](F)(F)F,C(CCCCCCC)[N+]1=CN(C=C1)C,C(=C(F)F)(C(F)(F)F)F,Table S4. VLE HFOs
3606,3606,[omim],[BF4],R1234yf,303.15,0.1671,0.0556,F[B-](F)(F)F,C(CCCCCCC)[N+]1=CN(C=C1)C,C(=C(F)F)(C(F)(F)F)F,Table S4. VLE HFOs
3607,3607,[omim],[BF4],R1234yf,303.15,0.2171,0.0717,F[B-](F)(F)F,C(CCCCCCC)[N+]1=CN(C=C1)C,C(=C(F)F)(C(F)(F)F)F,Table S4. VLE HFOs
3608,3608,[omim],[BF4],R1234yf,303.15,0.2652,0.0882,F[B-](F)(F)F,C(CCCCCCC)[N+]1=CN(C=C1)C,C(=C(F)F)(C(F)(F)F)F,Table S4. VLE HFOs
3609,3609,[omim],[BF4],R1234yf,303.15,0.3149,0.1041,F[B-](F)(F)F,C(CCCCCCC)[N+]1=CN(C=C1)C,C(=C(F)F)(C(F)(F)F)F,Table S4. VLE HFOs
3610,3610,[omim],[BF4],R1234yf,303.15,0.3617,0.1203,F[B-](F)(F)F,C(CCCCCCC)[N+]1=CN(C=C1)C,C(=C(F)F)(C(F)(F)F)F,Table S4. VLE HFOs
3611,3611,[omim],[BF4],R1234yf,313.15,0.0637,0.0193,F[B-](F)(F)F,C(CCCCCCC)[N+]1=CN(C=C1)C,C(=C(F)F)(C(F)(F)F)F,Table S4. VLE HFOs
3612,3612,[omim],[BF4],R1234yf,313.15,0.12,0.0329,F[B-](F)(F)F,C(CCCCCCC)[N+]1=CN(C=C1)C,C(=C(F)F)(C(F)(F)F)F,Table S4. VLE HFOs
3613,3613,[omim],[BF4],R1234yf,313.15,0.1754,0.0472,F[B-](F)(F)F,C(CCCCCCC)[N+]1=CN(C=C1)C,C(=C(F)F)(C(F)(F)F)F,Table S4. VLE HFOs
3614,3614,[omim],[BF4],R1234yf,313.15,0.2283,0.0607,F[B-](F)(F)F,C(CCCCCCC)[N+]1=CN(C=C1)C,C(=C(F)F)(C(F)(F)F)F,Table S4. VLE HFOs
3615,3615,[omim],[BF4],R1234yf,313.15,0.2793,0.0741,F[B-](F)(F)F,C(CCCCCCC)[N+]1=CN(C=C1)C,C(=C(F)F)(C(F)(F)F)F,Table S4. VLE HFOs
3616,3616,[omim],[BF4],R1234yf,313.15,0.3319,0.0879,F[B-](F)(F)F,C(CCCCCCC)[N+]1=CN(C=C1)C,C(=C(F)F)(C(F)(F)F)F,Table S4. VLE HFOs
3617,3617,[omim],[BF4],R1234yf,313.15,0.3823,0.1017,F[B-](F)(F)F,C(CCCCCCC)[N+]1=CN(C=C1)C,C(=C(F)F)(C(F)(F)F)F,Table S4. VLE HFOs
3618,3618,[omim],[BF4],R1234yf,323.15,0.0668,0.016,F[B-](F)(F)F,C(CCCCCCC)[N+]1=CN(C=C1)C,C(=C(F)F)(C(F)(F)F)F,Table S4. VLE HFOs
3619,3619,[omim],[BF4],R1234yf,323.15,0.1256,0.0276,F[B-](F)(F)F,C(CCCCCCC)[N+]1=CN(C=C1)C,C(=C(F)F)(C(F)(F)F)F,Table S4. VLE HFOs
3620,3620,[omim],[BF4],R1234yf,323.15,0.1838,0.0395,F[B-](F)(F)F,C(CCCCCCC)[N+]1=CN(C=C1)C,C(=C(F)F)(C(F)(F)F)F,Table S4. VLE HFOs
3621,3621,[omim],[BF4],R1234yf,323.15,0.2393,0.0509,F[B-](F)(F)F,C(CCCCCCC)[N+]1=CN(C=C1)C,C(=C(F)F)(C(F)(F)F)F,Table S4. VLE HFOs
3622,3622,[omim],[BF4],R1234yf,323.15,0.2928,0.0625,F[B-](F)(F)F,C(CCCCCCC)[N+]1=CN(C=C1)C,C(=C(F)F)(C(F)(F)F)F,Table S4. VLE HFOs
3623,3623,[omim],[BF4],R1234yf,323.15,0.3483,0.0742,F[B-](F)(F)F,C(CCCCCCC)[N+]1=CN(C=C1)C,C(=C(F)F)(C(F)(F)F)F,Table S4. VLE HFOs
3624,3624,[omim],[BF4],R1234yf,323.15,0.4014,0.0859,F[B-](F)(F)F,C(CCCCCCC)[N+]1=CN(C=C1)C,C(=C(F)F)(C(F)(F)F)F,Table S4. VLE HFOs
3625,3625,[omim],[BF4],R1234yf,333.15,0.0697,0.0134,F[B-](F)(F)F,C(CCCCCCC)[N+]1=CN(C=C1)C,C(=C(F)F)(C(F)(F)F)F,Table S4. VLE HFOs
3626,3626,[omim],[BF4],R1234yf,333.15,0.131,0.0235,F[B-](F)(F)F,C(CCCCCCC)[N+]1=CN(C=C1)C,C(=C(F)F)(C(F)(F)F)F,Table S4. VLE HFOs
3627,3627,[omim],[BF4],R1234yf,333.15,0.1916,0.034,F[B-](F)(F)F,C(CCCCCCC)[N+]1=CN(C=C1)C,C(=C(F)F)(C(F)(F)F)F,Table S4. VLE HFOs
3628,3628,[omim],[BF4],R1234yf,333.15,0.2496,0.0439,F[B-](F)(F)F,C(CCCCCCC)[N+]1=CN(C=C1)C,C(=C(F)F)(C(F)(F)F)F,Table S4. VLE HFOs
3629,3629,[omim],[BF4],R1234yf,333.15,0.3056,0.054,F[B-](F)(F)F,C(CCCCCCC)[N+]1=CN(C=C1)C,C(=C(F)F)(C(F)(F)F)F,Table S4. VLE HFOs
3630,3630,[omim],[BF4],R1234yf,333.15,0.3639,0.0641,F[B-](F)(F)F,C(CCCCCCC)[N+]1=CN(C=C1)C,C(=C(F)F)(C(F)(F)F)F,Table S4. VLE HFOs
3631,3631,[omim],[BF4],R1234yf,333.15,0.4196,0.0743,F[B-](F)(F)F,C(CCCCCCC)[N+]1=CN(C=C1)C,C(=C(F)F)(C(F)(F)F)F,Table S4. VLE HFOs
3632,3632,[omim],[BF4],R1234yf,343.15,0.0725,0.0108,F[B-](F)(F)F,C(CCCCCCC)[N+]1=CN(C=C1)C,C(=C(F)F)(C(F)(F)F)F,Table S4. VLE HFOs
3633,3633,[omim],[BF4],R1234yf,343.15,0.1361,0.0201,F[B-](F)(F)F,C(CCCCCCC)[N+]1=CN(C=C1)C,C(=C(F)F)(C(F)(F)F)F,Table S4. VLE HFOs
3634,3634,[omim],[BF4],R1234yf,343.15,0.1993,0.0291,F[B-](F)(F)F,C(CCCCCCC)[N+]1=CN(C=C1)C,C(=C(F)F)(C(F)(F)F)F,Table S4. VLE HFOs
3635,3635,[omim],[BF4],R1234yf,343.15,0.2598,0.0375,F[B-](F)(F)F,C(CCCCCCC)[N+]1=CN(C=C1)C,C(=C(F)F)(C(F)(F)F)F,Table S4. VLE HFOs
3636,3636,[omim],[BF4],R1234yf,343.15,0.3185,0.0458,F[B-](F)(F)F,C(CCCCCCC)[N+]1=CN(C=C1)C,C(=C(F)F)(C(F)(F)F)F,Table S4. VLE HFOs
3637,3637,[omim],[BF4],R1234yf,343.15,0.3793,0.0546,F[B-](F)(F)F,C(CCCCCCC)[N+]1=CN(C=C1)C,C(=C(F)F)(C(F)(F)F)F,Table S4. VLE HFOs
3638,3638,[omim],[BF4],R1234yf,343.15,0.4379,0.0628,F[B-](F)(F)F,C(CCCCCCC)[N+]1=CN(C=C1)C,C(=C(F)F)(C(F)(F)F)F,Table S4. VLE HFOs
3639,3639,[omim],[BF4],R1234ze(E),283.15,0.045,0.0595,F[B-](F)(F)F,C(CCCCCCC)[N+]1=CN(C=C1)C,F/C=C/C(F)(F)F,Table S4. VLE HFOs
3640,3640,[omim],[BF4],R1234ze(E),283.15,0.082,0.1144,F[B-](F)(F)F,C(CCCCCCC)[N+]1=CN(C=C1)C,F/C=C/C(F)(F)F,Table S4. VLE HFOs
3641,3641,[omim],[BF4],R1234ze(E),283.15,0.117,0.1692,F[B-](F)(F)F,C(CCCCCCC)[N+]1=CN(C=C1)C,F/C=C/C(F)(F)F,Table S4. VLE HFOs
3642,3642,[omim],[BF4],R1234ze(E),283.15,0.15,0.2204,F[B-](F)(F)F,C(CCCCCCC)[N+]1=CN(C=C1)C,F/C=C/C(F)(F)F,Table S4. VLE HFOs
3643,3643,[omim],[BF4],R1234ze(E),283.15,0.181,0.2689,F[B-](F)(F)F,C(CCCCCCC)[N+]1=CN(C=C1)C,F/C=C/C(F)(F)F,Table S4. VLE HFOs
3644,3644,[omim],[BF4],R1234ze(E),283.15,0.211,0.3176,F[B-](F)(F)F,C(CCCCCCC)[N+]1=CN(C=C1)C,F/C=C/C(F)(F)F,Table S4. VLE HFOs
3645,3645,[omim],[BF4],R1234ze(E),283.15,0.236,0.3614,F[B-](F)(F)F,C(CCCCCCC)[N+]1=CN(C=C1)C,F/C=C/C(F)(F)F,Table S4. VLE HFOs
3646,3646,[omim],[BF4],R1234ze(E),293.15,0.049,0.0529,F[B-](F)(F)F,C(CCCCCCC)[N+]1=CN(C=C1)C,F/C=C/C(F)(F)F,Table S4. VLE HFOs
3647,3647,[omim],[BF4],R1234ze(E),293.15,0.091,0.0984,F[B-](F)(F)F,C(CCCCCCC)[N+]1=CN(C=C1)C,F/C=C/C(F)(F)F,Table S4. VLE HFOs
3648,3648,[omim],[BF4],R1234ze(E),293.15,0.133,0.1406,F[B-](F)(F)F,C(CCCCCCC)[N+]1=CN(C=C1)C,F/C=C/C(F)(F)F,Table S4. VLE HFOs
3649,3649,[omim],[BF4],R1234ze(E),293.15,0.173,0.183,F[B-](F)(F)F,C(CCCCCCC)[N+]1=CN(C=C1)C,F/C=C/C(F)(F)F,Table S4. VLE HFOs
3650,3650,[omim],[BF4],R1234ze(E),293.15,0.211,0.223,F[B-](F)(F)F,C(CCCCCCC)[N+]1=CN(C=C1)C,F/C=C/C(F)(F)F,Table S4. VLE HFOs
3651,3651,[omim],[BF4],R1234ze(E),293.15,0.248,0.265,F[B-](F)(F)F,C(CCCCCCC)[N+]1=CN(C=C1)C,F/C=C/C(F)(F)F,Table S4. VLE HFOs
3652,3652,[omim],[BF4],R1234ze(E),293.15,0.281,0.3032,F[B-](F)(F)F,C(CCCCCCC)[N+]1=CN(C=C1)C,F/C=C/C(F)(F)F,Table S4. VLE HFOs
3653,3653,[omim],[BF4],R1234ze(E),303.15,0.053,0.045,F[B-](F)(F)F,C(CCCCCCC)[N+]1=CN(C=C1)C,F/C=C/C(F)(F)F,Table S4. VLE HFOs
3654,3654,[omim],[BF4],R1234ze(E),303.15,0.101,0.0805,F[B-](F)(F)F,C(CCCCCCC)[N+]1=CN(C=C1)C,F/C=C/C(F)(F)F,Table S4. VLE HFOs
3655,3655,[omim],[BF4],R1234ze(E),303.15,0.148,0.1153,F[B-](F)(F)F,C(CCCCCCC)[N+]1=CN(C=C1)C,F/C=C/C(F)(F)F,Table S4. VLE HFOs
3656,3656,[omim],[BF4],R1234ze(E),303.15,0.194,0.1502,F[B-](F)(F)F,C(CCCCCCC)[N+]1=CN(C=C1)C,F/C=C/C(F)(F)F,Table S4. VLE HFOs
3657,3657,[omim],[BF4],R1234ze(E),303.15,0.237,0.1835,F[B-](F)(F)F,C(CCCCCCC)[N+]1=CN(C=C1)C,F/C=C/C(F)(F)F,Table S4. VLE HFOs
3658,3658,[omim],[BF4],R1234ze(E),303.15,0.28,0.2189,F[B-](F)(F)F,C(CCCCCCC)[N+]1=CN(C=C1)C,F/C=C/C(F)(F)F,Table S4. VLE HFOs
3659,3659,[omim],[BF4],R1234ze(E),303.15,0.32,0.2513,F[B-](F)(F)F,C(CCCCCCC)[N+]1=CN(C=C1)C,F/C=C/C(F)(F)F,Table S4. VLE HFOs
3660,3660,[omim],[BF4],R1234ze(E),313.15,0.058,0.0368,F[B-](F)(F)F,C(CCCCCCC)[N+]1=CN(C=C1)C,F/C=C/C(F)(F)F,Table S4. VLE HFOs
3661,3661,[omim],[BF4],R1234ze(E),313.15,0.11,0.0658,F[B-](F)(F)F,C(CCCCCCC)[N+]1=CN(C=C1)C,F/C=C/C(F)(F)F,Table S4. VLE HFOs
3662,3662,[omim],[BF4],R1234ze(E),313.15,0.161,0.0948,F[B-](F)(F)F,C(CCCCCCC)[N+]1=CN(C=C1)C,F/C=C/C(F)(F)F,Table S4. VLE HFOs
3663,3663,[omim],[BF4],R1234ze(E),313.15,0.212,0.1236,F[B-](F)(F)F,C(CCCCCCC)[N+]1=CN(C=C1)C,F/C=C/C(F)(F)F,Table S4. VLE HFOs
3664,3664,[omim],[BF4],R1234ze(E),313.15,0.26,0.1513,F[B-](F)(F)F,C(CCCCCCC)[N+]1=CN(C=C1)C,F/C=C/C(F)(F)F,Table S4. VLE HFOs
3665,3665,[omim],[BF4],R1234ze(E),313.15,0.309,0.1804,F[B-](F)(F)F,C(CCCCCCC)[N+]1=CN(C=C1)C,F/C=C/C(F)(F)F,Table S4. VLE HFOs
3666,3666,[omim],[BF4],R1234ze(E),313.15,0.354,0.2067,F[B-](F)(F)F,C(CCCCCCC)[N+]1=CN(C=C1)C,F/C=C/C(F)(F)F,Table S4. VLE HFOs
3667,3667,[omim],[BF4],R1234ze(E),323.15,0.062,0.0302,F[B-](F)(F)F,C(CCCCCCC)[N+]1=CN(C=C1)C,F/C=C/C(F)(F)F,Table S4. VLE HFOs
3668,3668,[omim],[BF4],R1234ze(E),323.15,0.118,0.0544,F[B-](F)(F)F,C(CCCCCCC)[N+]1=CN(C=C1)C,F/C=C/C(F)(F)F,Table S4. VLE HFOs
3669,3669,[omim],[BF4],R1234ze(E),323.15,0.173,0.0784,F[B-](F)(F)F,C(CCCCCCC)[N+]1=CN(C=C1)C,F/C=C/C(F)(F)F,Table S4. VLE HFOs
3670,3670,[omim],[BF4],R1234ze(E),323.15,0.227,0.1025,F[B-](F)(F)F,C(CCCCCCC)[N+]1=CN(C=C1)C,F/C=C/C(F)(F)F,Table S4. VLE HFOs
3671,3671,[omim],[BF4],R1234ze(E),323.15,0.279,0.126,F[B-](F)(F)F,C(CCCCCCC)[N+]1=CN(C=C1)C,F/C=C/C(F)(F)F,Table S4. VLE HFOs
3672,3672,[omim],[BF4],R1234ze(E),323.15,0.334,0.1498,F[B-](F)(F)F,C(CCCCCCC)[N+]1=CN(C=C1)C,F/C=C/C(F)(F)F,Table S4. VLE HFOs
3673,3673,[omim],[BF4],R1234ze(E),323.15,0.383,0.1722,F[B-](F)(F)F,C(CCCCCCC)[N+]1=CN(C=C1)C,F/C=C/C(F)(F)F,Table S4. VLE HFOs
3674,3674,[omim],[BF4],R1234ze(E),333.15,0.066,0.0246,F[B-](F)(F)F,C(CCCCCCC)[N+]1=CN(C=C1)C,F/C=C/C(F)(F)F,Table S4. VLE HFOs
3675,3675,[omim],[BF4],R1234ze(E),333.15,0.125,0.0451,F[B-](F)(F)F,C(CCCCCCC)[N+]1=CN(C=C1)C,F/C=C/C(F)(F)F,Table S4. VLE HFOs
3676,3676,[omim],[BF4],R1234ze(E),333.15,0.184,0.0657,F[B-](F)(F)F,C(CCCCCCC)[N+]1=CN(C=C1)C,F/C=C/C(F)(F)F,Table S4. VLE HFOs
3677,3677,[omim],[BF4],R1234ze(E),333.15,0.242,0.0856,F[B-](F)(F)F,C(CCCCCCC)[N+]1=CN(C=C1)C,F/C=C/C(F)(F)F,Table S4. VLE HFOs
3678,3678,[omim],[BF4],R1234ze(E),333.15,0.298,0.1053,F[B-](F)(F)F,C(CCCCCCC)[N+]1=CN(C=C1)C,F/C=C/C(F)(F)F,Table S4. VLE HFOs
3679,3679,[omim],[BF4],R1234ze(E),333.15,0.356,0.1257,F[B-](F)(F)F,C(CCCCCCC)[N+]1=CN(C=C1)C,F/C=C/C(F)(F)F,Table S4. VLE HFOs
3680,3680,[omim],[BF4],R1234ze(E),333.15,0.409,0.1447,F[B-](F)(F)F,C(CCCCCCC)[N+]1=CN(C=C1)C,F/C=C/C(F)(F)F,Table S4. VLE HFOs
3681,3681,[omim],[BF4],R1234ze(E),343.15,0.07,0.02,F[B-](F)(F)F,C(CCCCCCC)[N+]1=CN(C=C1)C,F/C=C/C(F)(F)F,Table S4. VLE HFOs
3682,3682,[omim],[BF4],R1234ze(E),343.15,0.132,0.0375,F[B-](F)(F)F,C(CCCCCCC)[N+]1=CN(C=C1)C,F/C=C/C(F)(F)F,Table S4. VLE HFOs
3683,3683,[omim],[BF4],R1234ze(E),343.15,0.194,0.0545,F[B-](F)(F)F,C(CCCCCCC)[N+]1=CN(C=C1)C,F/C=C/C(F)(F)F,Table S4. VLE HFOs
3684,3684,[omim],[BF4],R1234ze(E),343.15,0.256,0.0716,F[B-](F)(F)F,C(CCCCCCC)[N+]1=CN(C=C1)C,F/C=C/C(F)(F)F,Table S4. VLE HFOs
3685,3685,[omim],[BF4],R1234ze(E),343.15,0.315,0.0881,F[B-](F)(F)F,C(CCCCCCC)[N+]1=CN(C=C1)C,F/C=C/C(F)(F)F,Table S4. VLE HFOs
3686,3686,[omim],[BF4],R1234ze(E),343.15,0.377,0.105,F[B-](F)(F)F,C(CCCCCCC)[N+]1=CN(C=C1)C,F/C=C/C(F)(F)F,Table S4. VLE HFOs
3687,3687,[omim],[BF4],R1234ze(E),343.15,0.433,0.1209,F[B-](F)(F)F,C(CCCCCCC)[N+]1=CN(C=C1)C,F/C=C/C(F)(F)F,Table S4. VLE HFOs
3688,3688,[omim],[PF6],R1234yf,283.15,0.0538,0.0317,F[P-](F)(F)(F)(F)F,C(CCCCCCC)[N+]1=CN(C=C1)C,C(=C(F)F)(C(F)(F)F)F,Table S4. VLE HFOs
3689,3689,[omim],[PF6],R1234yf,283.15,0.1016,0.0613,F[P-](F)(F)(F)(F)F,C(CCCCCCC)[N+]1=CN(C=C1)C,C(=C(F)F)(C(F)(F)F)F,Table S4. VLE HFOs
3690,3690,[omim],[PF6],R1234yf,283.15,0.1432,0.0842,F[P-](F)(F)(F)(F)F,C(CCCCCCC)[N+]1=CN(C=C1)C,C(=C(F)F)(C(F)(F)F)F,Table S4. VLE HFOs
3691,3691,[omim],[PF6],R1234yf,283.15,0.1907,0.1098,F[P-](F)(F)(F)(F)F,C(CCCCCCC)[N+]1=CN(C=C1)C,C(=C(F)F)(C(F)(F)F)F,Table S4. VLE HFOs
3692,3692,[omim],[PF6],R1234yf,283.15,0.2314,0.1376,F[P-](F)(F)(F)(F)F,C(CCCCCCC)[N+]1=CN(C=C1)C,C(=C(F)F)(C(F)(F)F)F,Table S4. VLE HFOs
3693,3693,[omim],[PF6],R1234yf,283.15,0.2729,0.1652,F[P-](F)(F)(F)(F)F,C(CCCCCCC)[N+]1=CN(C=C1)C,C(=C(F)F)(C(F)(F)F)F,Table S4. VLE HFOs
3694,3694,[omim],[PF6],R1234yf,283.15,0.3112,0.1894,F[P-](F)(F)(F)(F)F,C(CCCCCCC)[N+]1=CN(C=C1)C,C(=C(F)F)(C(F)(F)F)F,Table S4. VLE HFOs
3695,3695,[omim],[PF6],R1234yf,293.15,0.0568,0.026,F[P-](F)(F)(F)(F)F,C(CCCCCCC)[N+]1=CN(C=C1)C,C(=C(F)F)(C(F)(F)F)F,Table S4. VLE HFOs
3696,3696,[omim],[PF6],R1234yf,293.15,0.1074,0.0497,F[P-](F)(F)(F)(F)F,C(CCCCCCC)[N+]1=CN(C=C1)C,C(=C(F)F)(C(F)(F)F)F,Table S4. VLE HFOs
3697,3697,[omim],[PF6],R1234yf,293.15,0.1573,0.0692,F[P-](F)(F)(F)(F)F,C(CCCCCCC)[N+]1=CN(C=C1)C,C(=C(F)F)(C(F)(F)F)F,Table S4. VLE HFOs
3698,3698,[omim],[PF6],R1234yf,293.15,0.2037,0.0917,F[P-](F)(F)(F)(F)F,C(CCCCCCC)[N+]1=CN(C=C1)C,C(=C(F)F)(C(F)(F)F)F,Table S4. VLE HFOs
3699,3699,[omim],[PF6],R1234yf,293.15,0.2489,0.1116,F[P-](F)(F)(F)(F)F,C(CCCCCCC)[N+]1=CN(C=C1)C,C(=C(F)F)(C(F)(F)F)F,Table S4. VLE HFOs
3700,3700,[omim],[PF6],R1234yf,293.15,0.2938,0.1354,F[P-](F)(F)(F)(F)F,C(CCCCCCC)[N+]1=CN(C=C1)C,C(=C(F)F)(C(F)(F)F)F,Table S4. VLE HFOs
3701,3701,[omim],[PF6],R1234yf,293.15,0.3382,0.1547,F[P-](F)(F)(F)(F)F,C(CCCCCCC)[N+]1=CN(C=C1)C,C(=C(F)F)(C(F)(F)F)F,Table S4. VLE HFOs
3702,3702,[omim],[PF6],R1234yf,303.15,0.0597,0.0219,F[P-](F)(F)(F)(F)F,C(CCCCCCC)[N+]1=CN(C=C1)C,C(=C(F)F)(C(F)(F)F)F,Table S4. VLE HFOs
3703,3703,[omim],[PF6],R1234yf,303.15,0.1136,0.0417,F[P-](F)(F)(F)(F)F,C(CCCCCCC)[N+]1=CN(C=C1)C,C(=C(F)F)(C(F)(F)F)F,Table S4. VLE HFOs
3704,3704,[omim],[PF6],R1234yf,303.15,0.1663,0.0586,F[P-](F)(F)(F)(F)F,C(CCCCCCC)[N+]1=CN(C=C1)C,C(=C(F)F)(C(F)(F)F)F,Table S4. VLE HFOs
3705,3705,[omim],[PF6],R1234yf,303.15,0.2161,0.0765,F[P-](F)(F)(F)(F)F,C(CCCCCCC)[N+]1=CN(C=C1)C,C(=C(F)F)(C(F)(F)F)F,Table S4. VLE HFOs
3706,3706,[omim],[PF6],R1234yf,303.15,0.2644,0.0928,F[P-](F)(F)(F)(F)F,C(CCCCCCC)[N+]1=CN(C=C1)C,C(=C(F)F)(C(F)(F)F)F,Table S4. VLE HFOs
3707,3707,[omim],[PF6],R1234yf,303.15,0.3132,0.1118,F[P-](F)(F)(F)(F)F,C(CCCCCCC)[N+]1=CN(C=C1)C,C(=C(F)F)(C(F)(F)F)F,Table S4. VLE HFOs
3708,3708,[omim],[PF6],R1234yf,303.15,0.3606,0.1279,F[P-](F)(F)(F)(F)F,C(CCCCCCC)[N+]1=CN(C=C1)C,C(=C(F)F)(C(F)(F)F)F,Table S4. VLE HFOs
3709,3709,[omim],[PF6],R1234yf,313.15,0.0625,0.0182,F[P-](F)(F)(F)(F)F,C(CCCCCCC)[N+]1=CN(C=C1)C,C(=C(F)F)(C(F)(F)F)F,Table S4. VLE HFOs
3710,3710,[omim],[PF6],R1234yf,313.15,0.1233,0.0358,F[P-](F)(F)(F)(F)F,C(CCCCCCC)[N+]1=CN(C=C1)C,C(=C(F)F)(C(F)(F)F)F,Table S4. VLE HFOs
3711,3711,[omim],[PF6],R1234yf,313.15,0.1748,0.0502,F[P-](F)(F)(F)(F)F,C(CCCCCCC)[N+]1=CN(C=C1)C,C(=C(F)F)(C(F)(F)F)F,Table S4. VLE HFOs
3712,3712,[omim],[PF6],R1234yf,313.15,0.2276,0.0647,F[P-](F)(F)(F)(F)F,C(CCCCCCC)[N+]1=CN(C=C1)C,C(=C(F)F)(C(F)(F)F)F,Table S4. VLE HFOs
3713,3713,[omim],[PF6],R1234yf,313.15,0.2788,0.0784,F[P-](F)(F)(F)(F)F,C(CCCCCCC)[N+]1=CN(C=C1)C,C(=C(F)F)(C(F)(F)F)F,Table S4. VLE HFOs
3714,3714,[omim],[PF6],R1234yf,313.15,0.331,0.0933,F[P-](F)(F)(F)(F)F,C(CCCCCCC)[N+]1=CN(C=C1)C,C(=C(F)F)(C(F)(F)F)F,Table S4. VLE HFOs
3715,3715,[omim],[PF6],R1234yf,313.15,0.3816,0.1066,F[P-](F)(F)(F)(F)F,C(CCCCCCC)[N+]1=CN(C=C1)C,C(=C(F)F)(C(F)(F)F)F,Table S4. VLE HFOs
3716,3716,[omim],[PF6],R1234yf,323.15,0.0654,0.0158,F[P-](F)(F)(F)(F)F,C(CCCCCCC)[N+]1=CN(C=C1)C,C(=C(F)F)(C(F)(F)F)F,Table S4. VLE HFOs
3717,3717,[omim],[PF6],R1234yf,323.15,0.127,0.0305,F[P-](F)(F)(F)(F)F,C(CCCCCCC)[N+]1=CN(C=C1)C,C(=C(F)F)(C(F)(F)F)F,Table S4. VLE HFOs
3718,3718,[omim],[PF6],R1234yf,323.15,0.1832,0.0424,F[P-](F)(F)(F)(F)F,C(CCCCCCC)[N+]1=CN(C=C1)C,C(=C(F)F)(C(F)(F)F)F,Table S4. VLE HFOs
3719,3719,[omim],[PF6],R1234yf,323.15,0.2386,0.0552,F[P-](F)(F)(F)(F)F,C(CCCCCCC)[N+]1=CN(C=C1)C,C(=C(F)F)(C(F)(F)F)F,Table S4. VLE HFOs
3720,3720,[omim],[PF6],R1234yf,323.15,0.2924,0.0671,F[P-](F)(F)(F)(F)F,C(CCCCCCC)[N+]1=CN(C=C1)C,C(=C(F)F)(C(F)(F)F)F,Table S4. VLE HFOs
3721,3721,[omim],[PF6],R1234yf,323.15,0.3474,0.0794,F[P-](F)(F)(F)(F)F,C(CCCCCCC)[N+]1=CN(C=C1)C,C(=C(F)F)(C(F)(F)F)F,Table S4. VLE HFOs
3722,3722,[omim],[PF6],R1234yf,323.15,0.4011,0.0908,F[P-](F)(F)(F)(F)F,C(CCCCCCC)[N+]1=CN(C=C1)C,C(=C(F)F)(C(F)(F)F)F,Table S4. VLE HFOs
3723,3723,[omim],[PF6],R1234yf,333.15,0.0683,0.0138,F[P-](F)(F)(F)(F)F,C(CCCCCCC)[N+]1=CN(C=C1)C,C(=C(F)F)(C(F)(F)F)F,Table S4. VLE HFOs
3724,3724,[omim],[PF6],R1234yf,333.15,0.1304,0.0262,F[P-](F)(F)(F)(F)F,C(CCCCCCC)[N+]1=CN(C=C1)C,C(=C(F)F)(C(F)(F)F)F,Table S4. VLE HFOs
3725,3725,[omim],[PF6],R1234yf,333.15,0.1911,0.0366,F[P-](F)(F)(F)(F)F,C(CCCCCCC)[N+]1=CN(C=C1)C,C(=C(F)F)(C(F)(F)F)F,Table S4. VLE HFOs
3726,3726,[omim],[PF6],R1234yf,333.15,0.2491,0.0476,F[P-](F)(F)(F)(F)F,C(CCCCCCC)[N+]1=CN(C=C1)C,C(=C(F)F)(C(F)(F)F)F,Table S4. VLE HFOs
3727,3727,[omim],[PF6],R1234yf,333.15,0.3056,0.0583,F[P-](F)(F)(F)(F)F,C(CCCCCCC)[N+]1=CN(C=C1)C,C(=C(F)F)(C(F)(F)F)F,Table S4. VLE HFOs
3728,3728,[omim],[PF6],R1234yf,333.15,0.3634,0.0688,F[P-](F)(F)(F)(F)F,C(CCCCCCC)[N+]1=CN(C=C1)C,C(=C(F)F)(C(F)(F)F)F,Table S4. VLE HFOs
3729,3729,[omim],[PF6],R1234yf,333.15,0.4196,0.0785,F[P-](F)(F)(F)(F)F,C(CCCCCCC)[N+]1=CN(C=C1)C,C(=C(F)F)(C(F)(F)F)F,Table S4. VLE HFOs
3730,3730,[omim],[PF6],R1234yf,343.15,0.0731,0.0125,F[P-](F)(F)(F)(F)F,C(CCCCCCC)[N+]1=CN(C=C1)C,C(=C(F)F)(C(F)(F)F)F,Table S4. VLE HFOs
3731,3731,[omim],[PF6],R1234yf,343.15,0.1358,0.0221,F[P-](F)(F)(F)(F)F,C(CCCCCCC)[N+]1=CN(C=C1)C,C(=C(F)F)(C(F)(F)F)F,Table S4. VLE HFOs
3732,3732,[omim],[PF6],R1234yf,343.15,0.1988,0.0316,F[P-](F)(F)(F)(F)F,C(CCCCCCC)[N+]1=CN(C=C1)C,C(=C(F)F)(C(F)(F)F)F,Table S4. VLE HFOs
3733,3733,[omim],[PF6],R1234yf,343.15,0.2595,0.0415,F[P-](F)(F)(F)(F)F,C(CCCCCCC)[N+]1=CN(C=C1)C,C(=C(F)F)(C(F)(F)F)F,Table S4. VLE HFOs
3734,3734,[omim],[PF6],R1234yf,343.15,0.3184,0.0528,F[P-](F)(F)(F)(F)F,C(CCCCCCC)[N+]1=CN(C=C1)C,C(=C(F)F)(C(F)(F)F)F,Table S4. VLE HFOs
3735,3735,[omim],[PF6],R1234yf,343.15,0.379,0.0599,F[P-](F)(F)(F)(F)F,C(CCCCCCC)[N+]1=CN(C=C1)C,C(=C(F)F)(C(F)(F)F)F,Table S4. VLE HFOs
3736,3736,[omim],[PF6],R1234yf,343.15,0.4377,0.0689,F[P-](F)(F)(F)(F)F,C(CCCCCCC)[N+]1=CN(C=C1)C,C(=C(F)F)(C(F)(F)F)F,Table S4. VLE HFOs
3737,3737,[omim],[PF6],R1234ze(E),283.15,0.085,0.1265,F[P-](F)(F)(F)(F)F,C(CCCCCCC)[N+]1=CN(C=C1)C,F/C=C/C(F)(F)F,Table S4. VLE HFOs
3738,3738,[omim],[PF6],R1234ze(E),283.15,0.1231,0.183,F[P-](F)(F)(F)(F)F,C(CCCCCCC)[N+]1=CN(C=C1)C,F/C=C/C(F)(F)F,Table S4. VLE HFOs
3739,3739,[omim],[PF6],R1234ze(E),283.15,0.1575,0.238,F[P-](F)(F)(F)(F)F,C(CCCCCCC)[N+]1=CN(C=C1)C,F/C=C/C(F)(F)F,Table S4. VLE HFOs
3740,3740,[omim],[PF6],R1234ze(E),283.15,0.1903,0.2865,F[P-](F)(F)(F)(F)F,C(CCCCCCC)[N+]1=CN(C=C1)C,F/C=C/C(F)(F)F,Table S4. VLE HFOs
3741,3741,[omim],[PF6],R1234ze(E),283.15,0.221,0.3378,F[P-](F)(F)(F)(F)F,C(CCCCCCC)[N+]1=CN(C=C1)C,F/C=C/C(F)(F)F,Table S4. VLE HFOs
3742,3742,[omim],[PF6],R1234ze(E),283.15,0.2477,0.3877,F[P-](F)(F)(F)(F)F,C(CCCCCCC)[N+]1=CN(C=C1)C,F/C=C/C(F)(F)F,Table S4. VLE HFOs
3743,3743,[omim],[PF6],R1234ze(E),293.15,0.0941,0.1069,F[P-](F)(F)(F)(F)F,C(CCCCCCC)[N+]1=CN(C=C1)C,F/C=C/C(F)(F)F,Table S4. VLE HFOs
3744,3744,[omim],[PF6],R1234ze(E),293.15,0.1387,0.1504,F[P-](F)(F)(F)(F)F,C(CCCCCCC)[N+]1=CN(C=C1)C,F/C=C/C(F)(F)F,Table S4. VLE HFOs
3745,3745,[omim],[PF6],R1234ze(E),293.15,0.1804,0.1925,F[P-](F)(F)(F)(F)F,C(CCCCCCC)[N+]1=CN(C=C1)C,F/C=C/C(F)(F)F,Table S4. VLE HFOs
3746,3746,[omim],[PF6],R1234ze(E),293.15,0.2182,0.2364,F[P-](F)(F)(F)(F)F,C(CCCCCCC)[N+]1=CN(C=C1)C,F/C=C/C(F)(F)F,Table S4. VLE HFOs
3747,3747,[omim],[PF6],R1234ze(E),293.15,0.2566,0.2791,F[P-](F)(F)(F)(F)F,C(CCCCCCC)[N+]1=CN(C=C1)C,F/C=C/C(F)(F)F,Table S4. VLE HFOs
3748,3748,[omim],[PF6],R1234ze(E),293.15,0.2917,0.3215,F[P-](F)(F)(F)(F)F,C(CCCCCCC)[N+]1=CN(C=C1)C,F/C=C/C(F)(F)F,Table S4. VLE HFOs
3749,3749,[omim],[PF6],R1234ze(E),303.15,0.1034,0.0872,F[P-](F)(F)(F)(F)F,C(CCCCCCC)[N+]1=CN(C=C1)C,F/C=C/C(F)(F)F,Table S4. VLE HFOs
3750,3750,[omim],[PF6],R1234ze(E),303.15,0.1527,0.1228,F[P-](F)(F)(F)(F)F,C(CCCCCCC)[N+]1=CN(C=C1)C,F/C=C/C(F)(F)F,Table S4. VLE HFOs
3751,3751,[omim],[PF6],R1234ze(E),303.15,0.1991,0.1578,F[P-](F)(F)(F)(F)F,C(CCCCCCC)[N+]1=CN(C=C1)C,F/C=C/C(F)(F)F,Table S4. VLE HFOs
3752,3752,[omim],[PF6],R1234ze(E),303.15,0.2427,0.1931,F[P-](F)(F)(F)(F)F,C(CCCCCCC)[N+]1=CN(C=C1)C,F/C=C/C(F)(F)F,Table S4. VLE HFOs
3753,3753,[omim],[PF6],R1234ze(E),303.15,0.2869,0.229,F[P-](F)(F)(F)(F)F,C(CCCCCCC)[N+]1=CN(C=C1)C,F/C=C/C(F)(F)F,Table S4. VLE HFOs
3754,3754,[omim],[PF6],R1234ze(E),303.15,0.3284,0.2648,F[P-](F)(F)(F)(F)F,C(CCCCCCC)[N+]1=CN(C=C1)C,F/C=C/C(F)(F)F,Table S4. VLE HFOs
3755,3755,[omim],[PF6],R1234ze(E),313.15,0.112,0.0704,F[P-](F)(F)(F)(F)F,C(CCCCCCC)[N+]1=CN(C=C1)C,F/C=C/C(F)(F)F,Table S4. VLE HFOs
3756,3756,[omim],[PF6],R1234ze(E),313.15,0.1648,0.1014,F[P-](F)(F)(F)(F)F,C(CCCCCCC)[N+]1=CN(C=C1)C,F/C=C/C(F)(F)F,Table S4. VLE HFOs
3757,3757,[omim],[PF6],R1234ze(E),313.15,0.2154,0.1305,F[P-](F)(F)(F)(F)F,C(CCCCCCC)[N+]1=CN(C=C1)C,F/C=C/C(F)(F)F,Table S4. VLE HFOs
3758,3758,[omim],[PF6],R1234ze(E),313.15,0.2636,0.1595,F[P-](F)(F)(F)(F)F,C(CCCCCCC)[N+]1=CN(C=C1)C,F/C=C/C(F)(F)F,Table S4. VLE HFOs
3759,3759,[omim],[PF6],R1234ze(E),313.15,0.3129,0.1885,F[P-](F)(F)(F)(F)F,C(CCCCCCC)[N+]1=CN(C=C1)C,F/C=C/C(F)(F)F,Table S4. VLE HFOs
3760,3760,[omim],[PF6],R1234ze(E),313.15,0.3594,0.2189,F[P-](F)(F)(F)(F)F,C(CCCCCCC)[N+]1=CN(C=C1)C,F/C=C/C(F)(F)F,Table S4. VLE HFOs
3761,3761,[omim],[PF6],R1234ze(E),323.15,0.1191,0.0592,F[P-](F)(F)(F)(F)F,C(CCCCCCC)[N+]1=CN(C=C1)C,F/C=C/C(F)(F)F,Table S4. VLE HFOs
3762,3762,[omim],[PF6],R1234ze(E),323.15,0.1757,0.0847,F[P-](F)(F)(F)(F)F,C(CCCCCCC)[N+]1=CN(C=C1)C,F/C=C/C(F)(F)F,Table S4. VLE HFOs
3763,3763,[omim],[PF6],R1234ze(E),323.15,0.2304,0.1077,F[P-](F)(F)(F)(F)F,C(CCCCCCC)[N+]1=CN(C=C1)C,F/C=C/C(F)(F)F,Table S4. VLE HFOs
3764,3764,[omim],[PF6],R1234ze(E),323.15,0.2821,0.1328,F[P-](F)(F)(F)(F)F,C(CCCCCCC)[N+]1=CN(C=C1)C,F/C=C/C(F)(F)F,Table S4. VLE HFOs
3765,3765,[omim],[PF6],R1234ze(E),323.15,0.3356,0.157,F[P-](F)(F)(F)(F)F,C(CCCCCCC)[N+]1=CN(C=C1)C,F/C=C/C(F)(F)F,Table S4. VLE HFOs
3766,3766,[omim],[PF6],R1234ze(E),323.15,0.3863,0.1827,F[P-](F)(F)(F)(F)F,C(CCCCCCC)[N+]1=CN(C=C1)C,F/C=C/C(F)(F)F,Table S4. VLE HFOs
3767,3767,[omim],[PF6],R1234ze(E),333.15,0.1259,0.0499,F[P-](F)(F)(F)(F)F,C(CCCCCCC)[N+]1=CN(C=C1)C,F/C=C/C(F)(F)F,Table S4. VLE HFOs
3768,3768,[omim],[PF6],R1234ze(E),333.15,0.186,0.0705,F[P-](F)(F)(F)(F)F,C(CCCCCCC)[N+]1=CN(C=C1)C,F/C=C/C(F)(F)F,Table S4. VLE HFOs
3769,3769,[omim],[PF6],R1234ze(E),333.15,0.2437,0.0907,F[P-](F)(F)(F)(F)F,C(CCCCCCC)[N+]1=CN(C=C1)C,F/C=C/C(F)(F)F,Table S4. VLE HFOs
3770,3770,[omim],[PF6],R1234ze(E),333.15,0.299,0.1115,F[P-](F)(F)(F)(F)F,C(CCCCCCC)[N+]1=CN(C=C1)C,F/C=C/C(F)(F)F,Table S4. VLE HFOs
3771,3771,[omim],[PF6],R1234ze(E),333.15,0.356,0.1321,F[P-](F)(F)(F)(F)F,C(CCCCCCC)[N+]1=CN(C=C1)C,F/C=C/C(F)(F)F,Table S4. VLE HFOs
3772,3772,[omim],[PF6],R1234ze(E),333.15,0.4106,0.1539,F[P-](F)(F)(F)(F)F,C(CCCCCCC)[N+]1=CN(C=C1)C,F/C=C/C(F)(F)F,Table S4. VLE HFOs
3773,3773,[omim],[PF6],R1234ze(E),343.15,0.1328,0.0403,F[P-](F)(F)(F)(F)F,C(CCCCCCC)[N+]1=CN(C=C1)C,F/C=C/C(F)(F)F,Table S4. VLE HFOs
3774,3774,[omim],[PF6],R1234ze(E),343.15,0.1959,0.0582,F[P-](F)(F)(F)(F)F,C(CCCCCCC)[N+]1=CN(C=C1)C,F/C=C/C(F)(F)F,Table S4. VLE HFOs
3775,3775,[omim],[PF6],R1234ze(E),343.15,0.2563,0.0765,F[P-](F)(F)(F)(F)F,C(CCCCCCC)[N+]1=CN(C=C1)C,F/C=C/C(F)(F)F,Table S4. VLE HFOs
3776,3776,[omim],[PF6],R1234ze(E),343.15,0.315,0.0934,F[P-](F)(F)(F)(F)F,C(CCCCCCC)[N+]1=CN(C=C1)C,F/C=C/C(F)(F)F,Table S4. VLE HFOs
3777,3777,[omim],[PF6],R1234ze(E),343.15,0.3753,0.112,F[P-](F)(F)(F)(F)F,C(CCCCCCC)[N+]1=CN(C=C1)C,F/C=C/C(F)(F)F,Table S4. VLE HFOs
3778,3778,[omim],[PF6],R1234ze(E),343.15,0.434,0.1281,F[P-](F)(F)(F)(F)F,C(CCCCCCC)[N+]1=CN(C=C1)C,F/C=C/C(F)(F)F,Table S4. VLE HFOs
3779,3779,[P66614],[Cl],R1234yf,283.15,0.064,0.158,[Cl-],CCCCCC[P+](CCCCCC)(CCCCCC)CCCCCCCCCCCCCC,C(=C(F)F)(C(F)(F)F)F,Table S4. VLE HFOs
3780,3780,[P66614],[Cl],R1234yf,283.15,0.13,0.299,[Cl-],CCCCCC[P+](CCCCCC)(CCCCCC)CCCCCCCCCCCCCC,C(=C(F)F)(C(F)(F)F)F,Table S4. VLE HFOs
3781,3781,[P66614],[Cl],R1234yf,283.15,0.18,0.38,[Cl-],CCCCCC[P+](CCCCCC)(CCCCCC)CCCCCCCCCCCCCC,C(=C(F)F)(C(F)(F)F)F,Table S4. VLE HFOs
3782,3782,[P66614],[Cl],R1234yf,283.15,0.233,0.456,[Cl-],CCCCCC[P+](CCCCCC)(CCCCCC)CCCCCCCCCCCCCC,C(=C(F)F)(C(F)(F)F)F,Table S4. VLE HFOs
3783,3783,[P66614],[Cl],R1234yf,283.15,0.281,0.516,[Cl-],CCCCCC[P+](CCCCCC)(CCCCCC)CCCCCCCCCCCCCC,C(=C(F)F)(C(F)(F)F)F,Table S4. VLE HFOs
3784,3784,[P66614],[Cl],R1234yf,283.15,0.321,0.57,[Cl-],CCCCCC[P+](CCCCCC)(CCCCCC)CCCCCCCCCCCCCC,C(=C(F)F)(C(F)(F)F)F,Table S4. VLE HFOs
3785,3785,[P66614],[Cl],R1234yf,283.15,0.362,0.623,[Cl-],CCCCCC[P+](CCCCCC)(CCCCCC)CCCCCCCCCCCCCC,C(=C(F)F)(C(F)(F)F)F,Table S4. VLE HFOs
3786,3786,[P66614],[Cl],R1234yf,293.15,0.068,0.146,[Cl-],CCCCCC[P+](CCCCCC)(CCCCCC)CCCCCCCCCCCCCC,C(=C(F)F)(C(F)(F)F)F,Table S4. VLE HFOs
3787,3787,[P66614],[Cl],R1234yf,293.15,0.142,0.261,[Cl-],CCCCCC[P+](CCCCCC)(CCCCCC)CCCCCCCCCCCCCC,C(=C(F)F)(C(F)(F)F)F,Table S4. VLE HFOs
3788,3788,[P66614],[Cl],R1234yf,293.15,0.198,0.33,[Cl-],CCCCCC[P+](CCCCCC)(CCCCCC)CCCCCCCCCCCCCC,C(=C(F)F)(C(F)(F)F)F,Table S4. VLE HFOs
3789,3789,[P66614],[Cl],R1234yf,293.15,0.258,0.397,[Cl-],CCCCCC[P+](CCCCCC)(CCCCCC)CCCCCCCCCCCCCC,C(=C(F)F)(C(F)(F)F)F,Table S4. VLE HFOs
3790,3790,[P66614],[Cl],R1234yf,293.15,0.313,0.451,[Cl-],CCCCCC[P+](CCCCCC)(CCCCCC)CCCCCCCCCCCCCC,C(=C(F)F)(C(F)(F)F)F,Table S4. VLE HFOs
3791,3791,[P66614],[Cl],R1234yf,293.15,0.362,0.501,[Cl-],CCCCCC[P+](CCCCCC)(CCCCCC)CCCCCCCCCCCCCC,C(=C(F)F)(C(F)(F)F)F,Table S4. VLE HFOs
3792,3792,[P66614],[Cl],R1234yf,293.15,0.413,0.55,[Cl-],CCCCCC[P+](CCCCCC)(CCCCCC)CCCCCCCCCCCCCC,C(=C(F)F)(C(F)(F)F)F,Table S4. VLE HFOs
3793,3793,[P66614],[Cl],R1234yf,293.15,0.46,0.594,[Cl-],CCCCCC[P+](CCCCCC)(CCCCCC)CCCCCCCCCCCCCC,C(=C(F)F)(C(F)(F)F)F,Table S4. VLE HFOs
3794,3794,[P66614],[Cl],R1234yf,293.15,0.505,0.641,[Cl-],CCCCCC[P+](CCCCCC)(CCCCCC)CCCCCCCCCCCCCC,C(=C(F)F)(C(F)(F)F)F,Table S4. VLE HFOs
3795,3795,[P66614],[Cl],R1234yf,303.15,0.073,0.126,[Cl-],CCCCCC[P+](CCCCCC)(CCCCCC)CCCCCCCCCCCCCC,C(=C(F)F)(C(F)(F)F)F,Table S4. VLE HFOs
3796,3796,[P66614],[Cl],R1234yf,303.15,0.154,0.22,[Cl-],CCCCCC[P+](CCCCCC)(CCCCCC)CCCCCCCCCCCCCC,C(=C(F)F)(C(F)(F)F)F,Table S4. VLE HFOs
3797,3797,[P66614],[Cl],R1234yf,303.15,0.215,0.284,[Cl-],CCCCCC[P+](CCCCCC)(CCCCCC)CCCCCCCCCCCCCC,C(=C(F)F)(C(F)(F)F)F,Table S4. VLE HFOs
3798,3798,[P66614],[Cl],R1234yf,303.15,0.28,0.344,[Cl-],CCCCCC[P+](CCCCCC)(CCCCCC)CCCCCCCCCCCCCC,C(=C(F)F)(C(F)(F)F)F,Table S4. VLE HFOs
3799,3799,[P66614],[Cl],R1234yf,303.15,0.341,0.394,[Cl-],CCCCCC[P+](CCCCCC)(CCCCCC)CCCCCCCCCCCCCC,C(=C(F)F)(C(F)(F)F)F,Table S4. VLE HFOs
3800,3800,[P66614],[Cl],R1234yf,303.15,0.396,0.439,[Cl-],CCCCCC[P+](CCCCCC)(CCCCCC)CCCCCCCCCCCCCC,C(=C(F)F)(C(F)(F)F)F,Table S4. VLE HFOs
3801,3801,[P66614],[Cl],R1234yf,303.15,0.454,0.483,[Cl-],CCCCCC[P+](CCCCCC)(CCCCCC)CCCCCCCCCCCCCC,C(=C(F)F)(C(F)(F)F)F,Table S4. VLE HFOs
3802,3802,[P66614],[Cl],R1234yf,303.15,0.51,0.524,[Cl-],CCCCCC[P+](CCCCCC)(CCCCCC)CCCCCCCCCCCCCC,C(=C(F)F)(C(F)(F)F)F,Table S4. VLE HFOs
3803,3803,[P66614],[Cl],R1234yf,303.15,0.566,0.566,[Cl-],CCCCCC[P+](CCCCCC)(CCCCCC)CCCCCCCCCCCCCC,C(=C(F)F)(C(F)(F)F)F,Table S4. VLE HFOs
3804,3804,[P66614],[Cl],R1234yf,303.15,0.628,0.608,[Cl-],CCCCCC[P+](CCCCCC)(CCCCCC)CCCCCCCCCCCCCC,C(=C(F)F)(C(F)(F)F)F,Table S4. VLE HFOs
3805,3805,[P66614],[Cl],R1234yf,313.15,0.079,0.102,[Cl-],CCCCCC[P+](CCCCCC)(CCCCCC)CCCCCCCCCCCCCC,C(=C(F)F)(C(F)(F)F)F,Table S4. VLE HFOs
3806,3806,[P66614],[Cl],R1234yf,313.15,0.165,0.188,[Cl-],CCCCCC[P+](CCCCCC)(CCCCCC)CCCCCCCCCCCCCC,C(=C(F)F)(C(F)(F)F)F,Table S4. VLE HFOs
3807,3807,[P66614],[Cl],R1234yf,313.15,0.23,0.244,[Cl-],CCCCCC[P+](CCCCCC)(CCCCCC)CCCCCCCCCCCCCC,C(=C(F)F)(C(F)(F)F)F,Table S4. VLE HFOs
3808,3808,[P66614],[Cl],R1234yf,313.15,0.3,0.299,[Cl-],CCCCCC[P+](CCCCCC)(CCCCCC)CCCCCCCCCCCCCC,C(=C(F)F)(C(F)(F)F)F,Table S4. VLE HFOs
3809,3809,[P66614],[Cl],R1234yf,313.15,0.366,0.344,[Cl-],CCCCCC[P+](CCCCCC)(CCCCCC)CCCCCCCCCCCCCC,C(=C(F)F)(C(F)(F)F)F,Table S4. VLE HFOs
3810,3810,[P66614],[Cl],R1234yf,313.15,0.426,0.383,[Cl-],CCCCCC[P+](CCCCCC)(CCCCCC)CCCCCCCCCCCCCC,C(=C(F)F)(C(F)(F)F)F,Table S4. VLE HFOs
3811,3811,[P66614],[Cl],R1234yf,313.15,0.49,0.425,[Cl-],CCCCCC[P+](CCCCCC)(CCCCCC)CCCCCCCCCCCCCC,C(=C(F)F)(C(F)(F)F)F,Table S4. VLE HFOs
3812,3812,[P66614],[Cl],R1234yf,313.15,0.552,0.463,[Cl-],CCCCCC[P+](CCCCCC)(CCCCCC)CCCCCCCCCCCCCC,C(=C(F)F)(C(F)(F)F)F,Table S4. VLE HFOs
3813,3813,[P66614],[Cl],R1234yf,313.15,0.615,0.501,[Cl-],CCCCCC[P+](CCCCCC)(CCCCCC)CCCCCCCCCCCCCC,C(=C(F)F)(C(F)(F)F)F,Table S4. VLE HFOs
3814,3814,[P66614],[Cl],R1234yf,313.15,0.686,0.538,[Cl-],CCCCCC[P+](CCCCCC)(CCCCCC)CCCCCCCCCCCCCC,C(=C(F)F)(C(F)(F)F)F,Table S4. VLE HFOs
3815,3815,[P66614],[Cl],R1234yf,323.15,0.084,0.087,[Cl-],CCCCCC[P+](CCCCCC)(CCCCCC)CCCCCCCCCCCCCC,C(=C(F)F)(C(F)(F)F)F,Table S4. VLE HFOs
3816,3816,[P66614],[Cl],R1234yf,323.15,0.175,0.159,[Cl-],CCCCCC[P+](CCCCCC)(CCCCCC)CCCCCCCCCCCCCC,C(=C(F)F)(C(F)(F)F)F,Table S4. VLE HFOs
3817,3817,[P66614],[Cl],R1234yf,323.15,0.244,0.209,[Cl-],CCCCCC[P+](CCCCCC)(CCCCCC)CCCCCCCCCCCCCC,C(=C(F)F)(C(F)(F)F)F,Table S4. VLE HFOs
3818,3818,[P66614],[Cl],R1234yf,323.15,0.319,0.258,[Cl-],CCCCCC[P+](CCCCCC)(CCCCCC)CCCCCCCCCCCCCC,C(=C(F)F)(C(F)(F)F)F,Table S4. VLE HFOs
3819,3819,[P66614],[Cl],R1234yf,323.15,0.389,0.299,[Cl-],CCCCCC[P+](CCCCCC)(CCCCCC)CCCCCCCCCCCCCC,C(=C(F)F)(C(F)(F)F)F,Table S4. VLE HFOs
3820,3820,[P66614],[Cl],R1234yf,323.15,0.453,0.336,[Cl-],CCCCCC[P+](CCCCCC)(CCCCCC)CCCCCCCCCCCCCC,C(=C(F)F)(C(F)(F)F)F,Table S4. VLE HFOs
3821,3821,[P66614],[Cl],R1234yf,323.15,0.522,0.375,[Cl-],CCCCCC[P+](CCCCCC)(CCCCCC)CCCCCCCCCCCCCC,C(=C(F)F)(C(F)(F)F)F,Table S4. VLE HFOs
3822,3822,[P66614],[Cl],R1234yf,323.15,0.589,0.409,[Cl-],CCCCCC[P+](CCCCCC)(CCCCCC)CCCCCCCCCCCCCC,C(=C(F)F)(C(F)(F)F)F,Table S4. VLE HFOs
3823,3823,[P66614],[Cl],R1234yf,323.15,0.659,0.442,[Cl-],CCCCCC[P+](CCCCCC)(CCCCCC)CCCCCCCCCCCCCC,C(=C(F)F)(C(F)(F)F)F,Table S4. VLE HFOs
3824,3824,[P66614],[Cl],R1234yf,323.15,0.737,0.477,[Cl-],CCCCCC[P+](CCCCCC)(CCCCCC)CCCCCCCCCCCCCC,C(=C(F)F)(C(F)(F)F)F,Table S4. VLE HFOs
3825,3825,[P66614],[Cl],R1234yf,333.15,0.088,0.074,[Cl-],CCCCCC[P+](CCCCCC)(CCCCCC)CCCCCCCCCCCCCC,C(=C(F)F)(C(F)(F)F)F,Table S4. VLE HFOs
3826,3826,[P66614],[Cl],R1234yf,333.15,0.184,0.137,[Cl-],CCCCCC[P+](CCCCCC)(CCCCCC)CCCCCCCCCCCCCC,C(=C(F)F)(C(F)(F)F)F,Table S4. VLE HFOs
3827,3827,[P66614],[Cl],R1234yf,333.15,0.256,0.181,[Cl-],CCCCCC[P+](CCCCCC)(CCCCCC)CCCCCCCCCCCCCC,C(=C(F)F)(C(F)(F)F)F,Table S4. VLE HFOs
3828,3828,[P66614],[Cl],R1234yf,333.15,0.336,0.225,[Cl-],CCCCCC[P+](CCCCCC)(CCCCCC)CCCCCCCCCCCCCC,C(=C(F)F)(C(F)(F)F)F,Table S4. VLE HFOs
3829,3829,[P66614],[Cl],R1234yf,333.15,0.41,0.262,[Cl-],CCCCCC[P+](CCCCCC)(CCCCCC)CCCCCCCCCCCCCC,C(=C(F)F)(C(F)(F)F)F,Table S4. VLE HFOs
3830,3830,[P66614],[Cl],R1234yf,333.15,0.478,0.296,[Cl-],CCCCCC[P+](CCCCCC)(CCCCCC)CCCCCCCCCCCCCC,C(=C(F)F)(C(F)(F)F)F,Table S4. VLE HFOs
3831,3831,[P66614],[Cl],R1234yf,333.15,0.552,0.332,[Cl-],CCCCCC[P+](CCCCCC)(CCCCCC)CCCCCCCCCCCCCC,C(=C(F)F)(C(F)(F)F)F,Table S4. VLE HFOs
3832,3832,[P66614],[Cl],R1234yf,333.15,0.624,0.364,[Cl-],CCCCCC[P+](CCCCCC)(CCCCCC)CCCCCCCCCCCCCC,C(=C(F)F)(C(F)(F)F)F,Table S4. VLE HFOs
3833,3833,[P66614],[Cl],R1234yf,333.15,0.698,0.395,[Cl-],CCCCCC[P+](CCCCCC)(CCCCCC)CCCCCCCCCCCCCC,C(=C(F)F)(C(F)(F)F)F,Table S4. VLE HFOs
3834,3834,[P66614],[Cl],R1234yf,333.15,0.783,0.427,[Cl-],CCCCCC[P+](CCCCCC)(CCCCCC)CCCCCCCCCCCCCC,C(=C(F)F)(C(F)(F)F)F,Table S4. VLE HFOs
3835,3835,[P66614],[Cl],R1234yf,343.15,0.092,0.061,[Cl-],CCCCCC[P+](CCCCCC)(CCCCCC)CCCCCCCCCCCCCC,C(=C(F)F)(C(F)(F)F)F,Table S4. VLE HFOs
3836,3836,[P66614],[Cl],R1234yf,343.15,0.193,0.118,[Cl-],CCCCCC[P+](CCCCCC)(CCCCCC)CCCCCCCCCCCCCC,C(=C(F)F)(C(F)(F)F)F,Table S4. VLE HFOs
3837,3837,[P66614],[Cl],R1234yf,343.15,0.269,0.158,[Cl-],CCCCCC[P+](CCCCCC)(CCCCCC)CCCCCCCCCCCCCC,C(=C(F)F)(C(F)(F)F)F,Table S4. VLE HFOs
3838,3838,[P66614],[Cl],R1234yf,343.15,0.352,0.198,[Cl-],CCCCCC[P+](CCCCCC)(CCCCCC)CCCCCCCCCCCCCC,C(=C(F)F)(C(F)(F)F)F,Table S4. VLE HFOs
3839,3839,[P66614],[Cl],R1234yf,343.15,0.43,0.23,[Cl-],CCCCCC[P+](CCCCCC)(CCCCCC)CCCCCCCCCCCCCC,C(=C(F)F)(C(F)(F)F)F,Table S4. VLE HFOs
3840,3840,[P66614],[Cl],R1234yf,343.15,0.502,0.262,[Cl-],CCCCCC[P+](CCCCCC)(CCCCCC)CCCCCCCCCCCCCC,C(=C(F)F)(C(F)(F)F)F,Table S4. VLE HFOs
3841,3841,[P66614],[Cl],R1234yf,343.15,0.58,0.296,[Cl-],CCCCCC[P+](CCCCCC)(CCCCCC)CCCCCCCCCCCCCC,C(=C(F)F)(C(F)(F)F)F,Table S4. VLE HFOs
3842,3842,[P66614],[Cl],R1234yf,343.15,0.656,0.325,[Cl-],CCCCCC[P+](CCCCCC)(CCCCCC)CCCCCCCCCCCCCC,C(=C(F)F)(C(F)(F)F)F,Table S4. VLE HFOs
3843,3843,[P66614],[Cl],R1234yf,343.15,0.735,0.355,[Cl-],CCCCCC[P+](CCCCCC)(CCCCCC)CCCCCCCCCCCCCC,C(=C(F)F)(C(F)(F)F)F,Table S4. VLE HFOs
3844,3844,[P66614],[Cl],R1234yf,343.15,0.825,0.384,[Cl-],CCCCCC[P+](CCCCCC)(CCCCCC)CCCCCCCCCCCCCC,C(=C(F)F)(C(F)(F)F)F,Table S4. VLE HFOs
3845,3845,[emim],[Tf2N],R22,283.1,0.05,0.126,FC(S(=O)(=O)[N-]S(=O)(=O)C(F)(F)F)(F)F,C(C)[N+]1=CN(C=C1)C,ClC(F)F,Table S5. VLE Other
3846,3846,[emim],[Tf2N],R22,283.2,0.1,0.231,FC(S(=O)(=O)[N-]S(=O)(=O)C(F)(F)F)(F)F,C(C)[N+]1=CN(C=C1)C,ClC(F)F,Table S5. VLE Other
3847,3847,[emim],[Tf2N],R22,283.2,0.2,0.401,FC(S(=O)(=O)[N-]S(=O)(=O)C(F)(F)F)(F)F,C(C)[N+]1=CN(C=C1)C,ClC(F)F,Table S5. VLE Other
3848,3848,[emim],[Tf2N],R22,283.2,0.3,0.533,FC(S(=O)(=O)[N-]S(=O)(=O)C(F)(F)F)(F)F,C(C)[N+]1=CN(C=C1)C,ClC(F)F,Table S5. VLE Other
3849,3849,[emim],[Tf2N],R22,283.2,0.4,0.642,FC(S(=O)(=O)[N-]S(=O)(=O)C(F)(F)F)(F)F,C(C)[N+]1=CN(C=C1)C,ClC(F)F,Table S5. VLE Other
3850,3850,[emim],[Tf2N],R22,283.2,0.5,0.737,FC(S(=O)(=O)[N-]S(=O)(=O)C(F)(F)F)(F)F,C(C)[N+]1=CN(C=C1)C,ClC(F)F,Table S5. VLE Other
3851,3851,[emim],[Tf2N],R22,283.1,0.6,0.835,FC(S(=O)(=O)[N-]S(=O)(=O)C(F)(F)F)(F)F,C(C)[N+]1=CN(C=C1)C,ClC(F)F,Table S5. VLE Other
3852,3852,[emim],[Tf2N],R22,298.2,0.05,0.079,FC(S(=O)(=O)[N-]S(=O)(=O)C(F)(F)F)(F)F,C(C)[N+]1=CN(C=C1)C,ClC(F)F,Table S5. VLE Other
3853,3853,[emim],[Tf2N],R22,298.2,0.1,0.152,FC(S(=O)(=O)[N-]S(=O)(=O)C(F)(F)F)(F)F,C(C)[N+]1=CN(C=C1)C,ClC(F)F,Table S5. VLE Other
3854,3854,[emim],[Tf2N],R22,298.2,0.2,0.278,FC(S(=O)(=O)[N-]S(=O)(=O)C(F)(F)F)(F)F,C(C)[N+]1=CN(C=C1)C,ClC(F)F,Table S5. VLE Other
3855,3855,[emim],[Tf2N],R22,298.2,0.3,0.384,FC(S(=O)(=O)[N-]S(=O)(=O)C(F)(F)F)(F)F,C(C)[N+]1=CN(C=C1)C,ClC(F)F,Table S5. VLE Other
3856,3856,[emim],[Tf2N],R22,298.2,0.4,0.473,FC(S(=O)(=O)[N-]S(=O)(=O)C(F)(F)F)(F)F,C(C)[N+]1=CN(C=C1)C,ClC(F)F,Table S5. VLE Other
3857,3857,[emim],[Tf2N],R22,298.2,0.5,0.551,FC(S(=O)(=O)[N-]S(=O)(=O)C(F)(F)F)(F)F,C(C)[N+]1=CN(C=C1)C,ClC(F)F,Table S5. VLE Other
3858,3858,[emim],[Tf2N],R22,298.2,0.6,0.62,FC(S(=O)(=O)[N-]S(=O)(=O)C(F)(F)F)(F)F,C(C)[N+]1=CN(C=C1)C,ClC(F)F,Table S5. VLE Other
3859,3859,[emim],[Tf2N],R22,298.2,0.7,0.684,FC(S(=O)(=O)[N-]S(=O)(=O)C(F)(F)F)(F)F,C(C)[N+]1=CN(C=C1)C,ClC(F)F,Table S5. VLE Other
3860,3860,[emim],[Tf2N],R22,298.2,0.8,0.745,FC(S(=O)(=O)[N-]S(=O)(=O)C(F)(F)F)(F)F,C(C)[N+]1=CN(C=C1)C,ClC(F)F,Table S5. VLE Other
3861,3861,[emim],[Tf2N],R22,298.2,0.8997,0.808,FC(S(=O)(=O)[N-]S(=O)(=O)C(F)(F)F)(F)F,C(C)[N+]1=CN(C=C1)C,ClC(F)F,Table S5. VLE Other
3862,3862,[emim],[Tf2N],R22,298.1,0.7994,0.745,FC(S(=O)(=O)[N-]S(=O)(=O)C(F)(F)F)(F)F,C(C)[N+]1=CN(C=C1)C,ClC(F)F,Table S5. VLE Other
3863,3863,[emim],[Tf2N],R22,298.2,0.7,0.684,FC(S(=O)(=O)[N-]S(=O)(=O)C(F)(F)F)(F)F,C(C)[N+]1=CN(C=C1)C,ClC(F)F,Table S5. VLE Other
3864,3864,[emim],[Tf2N],R22,298.2,0.6,0.62,FC(S(=O)(=O)[N-]S(=O)(=O)C(F)(F)F)(F)F,C(C)[N+]1=CN(C=C1)C,ClC(F)F,Table S5. VLE Other
3865,3865,[emim],[Tf2N],R22,298.2,0.5,0.551,FC(S(=O)(=O)[N-]S(=O)(=O)C(F)(F)F)(F)F,C(C)[N+]1=CN(C=C1)C,ClC(F)F,Table S5. VLE Other
3866,3866,[emim],[Tf2N],R22,298.2,0.4,0.474,FC(S(=O)(=O)[N-]S(=O)(=O)C(F)(F)F)(F)F,C(C)[N+]1=CN(C=C1)C,ClC(F)F,Table S5. VLE Other
3867,3867,[emim],[Tf2N],R22,298.1,0.3,0.386,FC(S(=O)(=O)[N-]S(=O)(=O)C(F)(F)F)(F)F,C(C)[N+]1=CN(C=C1)C,ClC(F)F,Table S5. VLE Other
3868,3868,[emim],[Tf2N],R22,298.2,0.2,0.281,FC(S(=O)(=O)[N-]S(=O)(=O)C(F)(F)F)(F)F,C(C)[N+]1=CN(C=C1)C,ClC(F)F,Table S5. VLE Other
3869,3869,[emim],[Tf2N],R22,298.2,0.1,0.156,FC(S(=O)(=O)[N-]S(=O)(=O)C(F)(F)F)(F)F,C(C)[N+]1=CN(C=C1)C,ClC(F)F,Table S5. VLE Other
3870,3870,[emim],[Tf2N],R22,298.2,0.05,0.082,FC(S(=O)(=O)[N-]S(=O)(=O)C(F)(F)F)(F)F,C(C)[N+]1=CN(C=C1)C,ClC(F)F,Table S5. VLE Other
3871,3871,[emim],[Tf2N],R22,323.2,0.05,0.042,FC(S(=O)(=O)[N-]S(=O)(=O)C(F)(F)F)(F)F,C(C)[N+]1=CN(C=C1)C,ClC(F)F,Table S5. VLE Other
3872,3872,[emim],[Tf2N],R22,323.2,0.1,0.082,FC(S(=O)(=O)[N-]S(=O)(=O)C(F)(F)F)(F)F,C(C)[N+]1=CN(C=C1)C,ClC(F)F,Table S5. VLE Other
3873,3873,[emim],[Tf2N],R22,323.2,0.1999,0.156,FC(S(=O)(=O)[N-]S(=O)(=O)C(F)(F)F)(F)F,C(C)[N+]1=CN(C=C1)C,ClC(F)F,Table S5. VLE Other
3874,3874,[emim],[Tf2N],R22,323.2,0.3,0.224,FC(S(=O)(=O)[N-]S(=O)(=O)C(F)(F)F)(F)F,C(C)[N+]1=CN(C=C1)C,ClC(F)F,Table S5. VLE Other
3875,3875,[emim],[Tf2N],R22,323.2,0.4,0.286,FC(S(=O)(=O)[N-]S(=O)(=O)C(F)(F)F)(F)F,C(C)[N+]1=CN(C=C1)C,ClC(F)F,Table S5. VLE Other
3876,3876,[emim],[Tf2N],R22,323.2,0.5,0.342,FC(S(=O)(=O)[N-]S(=O)(=O)C(F)(F)F)(F)F,C(C)[N+]1=CN(C=C1)C,ClC(F)F,Table S5. VLE Other
3877,3877,[emim],[Tf2N],R22,323.1,0.5996,0.393,FC(S(=O)(=O)[N-]S(=O)(=O)C(F)(F)F)(F)F,C(C)[N+]1=CN(C=C1)C,ClC(F)F,Table S5. VLE Other
3878,3878,[emim],[Tf2N],R22,323.2,0.6997,0.441,FC(S(=O)(=O)[N-]S(=O)(=O)C(F)(F)F)(F)F,C(C)[N+]1=CN(C=C1)C,ClC(F)F,Table S5. VLE Other
3879,3879,[emim],[Tf2N],R22,323.2,0.7996,0.484,FC(S(=O)(=O)[N-]S(=O)(=O)C(F)(F)F)(F)F,C(C)[N+]1=CN(C=C1)C,ClC(F)F,Table S5. VLE Other
3880,3880,[emim],[Tf2N],R22,323.2,0.9,0.525,FC(S(=O)(=O)[N-]S(=O)(=O)C(F)(F)F)(F)F,C(C)[N+]1=CN(C=C1)C,ClC(F)F,Table S5. VLE Other
3881,3881,[emim],[Tf2N],R22,348.1,0.05,0.024,FC(S(=O)(=O)[N-]S(=O)(=O)C(F)(F)F)(F)F,C(C)[N+]1=CN(C=C1)C,ClC(F)F,Table S5. VLE Other
3882,3882,[emim],[Tf2N],R22,348.1,0.1,0.048,FC(S(=O)(=O)[N-]S(=O)(=O)C(F)(F)F)(F)F,C(C)[N+]1=CN(C=C1)C,ClC(F)F,Table S5. VLE Other
3883,3883,[emim],[Tf2N],R22,348.2,0.2,0.095,FC(S(=O)(=O)[N-]S(=O)(=O)C(F)(F)F)(F)F,C(C)[N+]1=CN(C=C1)C,ClC(F)F,Table S5. VLE Other
3884,3884,[emim],[Tf2N],R22,348.2,0.3,0.138,FC(S(=O)(=O)[N-]S(=O)(=O)C(F)(F)F)(F)F,C(C)[N+]1=CN(C=C1)C,ClC(F)F,Table S5. VLE Other
3885,3885,[emim],[Tf2N],R22,348.2,0.4,0.179,FC(S(=O)(=O)[N-]S(=O)(=O)C(F)(F)F)(F)F,C(C)[N+]1=CN(C=C1)C,ClC(F)F,Table S5. VLE Other
3886,3886,[emim],[Tf2N],R22,348.2,0.4996,0.218,FC(S(=O)(=O)[N-]S(=O)(=O)C(F)(F)F)(F)F,C(C)[N+]1=CN(C=C1)C,ClC(F)F,Table S5. VLE Other
3887,3887,[emim],[Tf2N],R22,348.2,0.5999,0.256,FC(S(=O)(=O)[N-]S(=O)(=O)C(F)(F)F)(F)F,C(C)[N+]1=CN(C=C1)C,ClC(F)F,Table S5. VLE Other
3888,3888,[emim],[Tf2N],R22,348.2,0.6993,0.289,FC(S(=O)(=O)[N-]S(=O)(=O)C(F)(F)F)(F)F,C(C)[N+]1=CN(C=C1)C,ClC(F)F,Table S5. VLE Other
3889,3889,[emim],[Tf2N],R22,348.2,0.7993,0.323,FC(S(=O)(=O)[N-]S(=O)(=O)C(F)(F)F)(F)F,C(C)[N+]1=CN(C=C1)C,ClC(F)F,Table S5. VLE Other
3890,3890,[emim],[Tf2N],R22,348.2,0.8996,0.354,FC(S(=O)(=O)[N-]S(=O)(=O)C(F)(F)F)(F)F,C(C)[N+]1=CN(C=C1)C,ClC(F)F,Table S5. VLE Other
3891,3891,[emim],[Tf2N],R14,303.15,0.044,0.0034,FC(S(=O)(=O)[N-]S(=O)(=O)C(F)(F)F)(F)F,C(C)[N+]1=CN(C=C1)C,FC(F)(F)F,Table S5. VLE Other
3892,3892,[emim],[Tf2N],R14,303.15,0.124,0.015,FC(S(=O)(=O)[N-]S(=O)(=O)C(F)(F)F)(F)F,C(C)[N+]1=CN(C=C1)C,FC(F)(F)F,Table S5. VLE Other
3893,3893,[emim],[Tf2N],R14,303.15,0.216,0.0265,FC(S(=O)(=O)[N-]S(=O)(=O)C(F)(F)F)(F)F,C(C)[N+]1=CN(C=C1)C,FC(F)(F)F,Table S5. VLE Other
3894,3894,[emim],[Tf2N],R14,303.15,0.288,0.0381,FC(S(=O)(=O)[N-]S(=O)(=O)C(F)(F)F)(F)F,C(C)[N+]1=CN(C=C1)C,FC(F)(F)F,Table S5. VLE Other
3895,3895,[emim],[Tf2N],R14,303.15,0.383,0.0476,FC(S(=O)(=O)[N-]S(=O)(=O)C(F)(F)F)(F)F,C(C)[N+]1=CN(C=C1)C,FC(F)(F)F,Table S5. VLE Other
3896,3896,[emim],[Tf2N],R14,303.15,0.474,0.0583,FC(S(=O)(=O)[N-]S(=O)(=O)C(F)(F)F)(F)F,C(C)[N+]1=CN(C=C1)C,FC(F)(F)F,Table S5. VLE Other
3897,3897,[emim],[Tf2N],R22B1,283.2,0.025,0.161,FC(S(=O)(=O)[N-]S(=O)(=O)C(F)(F)F)(F)F,C(C)[N+]1=CN(C=C1)C,BrC(F)F,Table S5. VLE Other
3898,3898,[emim],[Tf2N],R22B1,283.2,0.05,0.291,FC(S(=O)(=O)[N-]S(=O)(=O)C(F)(F)F)(F)F,C(C)[N+]1=CN(C=C1)C,BrC(F)F,Table S5. VLE Other
3899,3899,[emim],[Tf2N],R22B1,283.2,0.075,0.399,FC(S(=O)(=O)[N-]S(=O)(=O)C(F)(F)F)(F)F,C(C)[N+]1=CN(C=C1)C,BrC(F)F,Table S5. VLE Other
3900,3900,[emim],[Tf2N],R22B1,283.2,0.0999,0.49,FC(S(=O)(=O)[N-]S(=O)(=O)C(F)(F)F)(F)F,C(C)[N+]1=CN(C=C1)C,BrC(F)F,Table S5. VLE Other
3901,3901,[emim],[Tf2N],R22B1,283.2,0.1248,0.568,FC(S(=O)(=O)[N-]S(=O)(=O)C(F)(F)F)(F)F,C(C)[N+]1=CN(C=C1)C,BrC(F)F,Table S5. VLE Other
3902,3902,[emim],[Tf2N],R22B1,283.2,0.1499,0.637,FC(S(=O)(=O)[N-]S(=O)(=O)C(F)(F)F)(F)F,C(C)[N+]1=CN(C=C1)C,BrC(F)F,Table S5. VLE Other
3903,3903,[emim],[Tf2N],R22B1,283.2,0.1749,0.7,FC(S(=O)(=O)[N-]S(=O)(=O)C(F)(F)F)(F)F,C(C)[N+]1=CN(C=C1)C,BrC(F)F,Table S5. VLE Other
3904,3904,[emim],[Tf2N],R22B1,283.2,0.1999,0.76,FC(S(=O)(=O)[N-]S(=O)(=O)C(F)(F)F)(F)F,C(C)[N+]1=CN(C=C1)C,BrC(F)F,Table S5. VLE Other
3905,3905,[emim],[Tf2N],R22B1,298.2,0.025,0.096,FC(S(=O)(=O)[N-]S(=O)(=O)C(F)(F)F)(F)F,C(C)[N+]1=CN(C=C1)C,BrC(F)F,Table S5. VLE Other
3906,3906,[emim],[Tf2N],R22B1,298.2,0.05,0.184,FC(S(=O)(=O)[N-]S(=O)(=O)C(F)(F)F)(F)F,C(C)[N+]1=CN(C=C1)C,BrC(F)F,Table S5. VLE Other
3907,3907,[emim],[Tf2N],R22B1,298.2,0.075,0.261,FC(S(=O)(=O)[N-]S(=O)(=O)C(F)(F)F)(F)F,C(C)[N+]1=CN(C=C1)C,BrC(F)F,Table S5. VLE Other
3908,3908,[emim],[Tf2N],R22B1,298.2,0.0999,0.33,FC(S(=O)(=O)[N-]S(=O)(=O)C(F)(F)F)(F)F,C(C)[N+]1=CN(C=C1)C,BrC(F)F,Table S5. VLE Other
3909,3909,[emim],[Tf2N],R22B1,298.2,0.15,0.45,FC(S(=O)(=O)[N-]S(=O)(=O)C(F)(F)F)(F)F,C(C)[N+]1=CN(C=C1)C,BrC(F)F,Table S5. VLE Other
3910,3910,[emim],[Tf2N],R22B1,298.2,0.2,0.55,FC(S(=O)(=O)[N-]S(=O)(=O)C(F)(F)F)(F)F,C(C)[N+]1=CN(C=C1)C,BrC(F)F,Table S5. VLE Other
3911,3911,[emim],[Tf2N],R22B1,298.2,0.25,0.635,FC(S(=O)(=O)[N-]S(=O)(=O)C(F)(F)F)(F)F,C(C)[N+]1=CN(C=C1)C,BrC(F)F,Table S5. VLE Other
3912,3912,[emim],[Tf2N],R22B1,298.2,0.3,0.713,FC(S(=O)(=O)[N-]S(=O)(=O)C(F)(F)F)(F)F,C(C)[N+]1=CN(C=C1)C,BrC(F)F,Table S5. VLE Other
3913,3913,[emim],[Tf2N],R22B1,298.2,0.35,0.788,FC(S(=O)(=O)[N-]S(=O)(=O)C(F)(F)F)(F)F,C(C)[N+]1=CN(C=C1)C,BrC(F)F,Table S5. VLE Other
3914,3914,[emim],[Tf2N],R22B1,298.2,0.3,0.713,FC(S(=O)(=O)[N-]S(=O)(=O)C(F)(F)F)(F)F,C(C)[N+]1=CN(C=C1)C,BrC(F)F,Table S5. VLE Other
3915,3915,[emim],[Tf2N],R22B1,298.2,0.25,0.636,FC(S(=O)(=O)[N-]S(=O)(=O)C(F)(F)F)(F)F,C(C)[N+]1=CN(C=C1)C,BrC(F)F,Table S5. VLE Other
3916,3916,[emim],[Tf2N],R22B1,298.2,0.1999,0.55,FC(S(=O)(=O)[N-]S(=O)(=O)C(F)(F)F)(F)F,C(C)[N+]1=CN(C=C1)C,BrC(F)F,Table S5. VLE Other
3917,3917,[emim],[Tf2N],R22B1,298.2,0.1499,0.45,FC(S(=O)(=O)[N-]S(=O)(=O)C(F)(F)F)(F)F,C(C)[N+]1=CN(C=C1)C,BrC(F)F,Table S5. VLE Other
3918,3918,[emim],[Tf2N],R22B1,298.2,0.0999,0.33,FC(S(=O)(=O)[N-]S(=O)(=O)C(F)(F)F)(F)F,C(C)[N+]1=CN(C=C1)C,BrC(F)F,Table S5. VLE Other
3919,3919,[emim],[Tf2N],R22B1,298.2,0.075,0.26,FC(S(=O)(=O)[N-]S(=O)(=O)C(F)(F)F)(F)F,C(C)[N+]1=CN(C=C1)C,BrC(F)F,Table S5. VLE Other
3920,3920,[emim],[Tf2N],R22B1,298.2,0.05,0.183,FC(S(=O)(=O)[N-]S(=O)(=O)C(F)(F)F)(F)F,C(C)[N+]1=CN(C=C1)C,BrC(F)F,Table S5. VLE Other
3921,3921,[emim],[Tf2N],R22B1,298.2,0.025,0.094,FC(S(=O)(=O)[N-]S(=O)(=O)C(F)(F)F)(F)F,C(C)[N+]1=CN(C=C1)C,BrC(F)F,Table S5. VLE Other
3922,3922,[emim],[Tf2N],R22B1,323.2,0.025,0.047,FC(S(=O)(=O)[N-]S(=O)(=O)C(F)(F)F)(F)F,C(C)[N+]1=CN(C=C1)C,BrC(F)F,Table S5. VLE Other
3923,3923,[emim],[Tf2N],R22B1,323.2,0.0499,0.093,FC(S(=O)(=O)[N-]S(=O)(=O)C(F)(F)F)(F)F,C(C)[N+]1=CN(C=C1)C,BrC(F)F,Table S5. VLE Other
3924,3924,[emim],[Tf2N],R22B1,323.2,0.0749,0.136,FC(S(=O)(=O)[N-]S(=O)(=O)C(F)(F)F)(F)F,C(C)[N+]1=CN(C=C1)C,BrC(F)F,Table S5. VLE Other
3925,3925,[emim],[Tf2N],R22B1,323.2,0.0999,0.176,FC(S(=O)(=O)[N-]S(=O)(=O)C(F)(F)F)(F)F,C(C)[N+]1=CN(C=C1)C,BrC(F)F,Table S5. VLE Other
3926,3926,[emim],[Tf2N],R22B1,323.2,0.1499,0.249,FC(S(=O)(=O)[N-]S(=O)(=O)C(F)(F)F)(F)F,C(C)[N+]1=CN(C=C1)C,BrC(F)F,Table S5. VLE Other
3927,3927,[emim],[Tf2N],R22B1,323.2,0.1999,0.316,FC(S(=O)(=O)[N-]S(=O)(=O)C(F)(F)F)(F)F,C(C)[N+]1=CN(C=C1)C,BrC(F)F,Table S5. VLE Other
3928,3928,[emim],[Tf2N],R22B1,323.2,0.25,0.377,FC(S(=O)(=O)[N-]S(=O)(=O)C(F)(F)F)(F)F,C(C)[N+]1=CN(C=C1)C,BrC(F)F,Table S5. VLE Other
3929,3929,[emim],[Tf2N],R22B1,323.2,0.3,0.432,FC(S(=O)(=O)[N-]S(=O)(=O)C(F)(F)F)(F)F,C(C)[N+]1=CN(C=C1)C,BrC(F)F,Table S5. VLE Other
3930,3930,[emim],[Tf2N],R22B1,323.1,0.35,0.483,FC(S(=O)(=O)[N-]S(=O)(=O)C(F)(F)F)(F)F,C(C)[N+]1=CN(C=C1)C,BrC(F)F,Table S5. VLE Other
3931,3931,[emim],[Tf2N],R22B1,323.1,0.4,0.531,FC(S(=O)(=O)[N-]S(=O)(=O)C(F)(F)F)(F)F,C(C)[N+]1=CN(C=C1)C,BrC(F)F,Table S5. VLE Other
3932,3932,[emim],[Tf2N],R22B1,348.2,0.0249,0.025,FC(S(=O)(=O)[N-]S(=O)(=O)C(F)(F)F)(F)F,C(C)[N+]1=CN(C=C1)C,BrC(F)F,Table S5. VLE Other
3933,3933,[emim],[Tf2N],R22B1,348.1,0.05,0.051,FC(S(=O)(=O)[N-]S(=O)(=O)C(F)(F)F)(F)F,C(C)[N+]1=CN(C=C1)C,BrC(F)F,Table S5. VLE Other
3934,3934,[emim],[Tf2N],R22B1,348.1,0.0749,0.076,FC(S(=O)(=O)[N-]S(=O)(=O)C(F)(F)F)(F)F,C(C)[N+]1=CN(C=C1)C,BrC(F)F,Table S5. VLE Other
3935,3935,[emim],[Tf2N],R22B1,348.2,0.0999,0.099,FC(S(=O)(=O)[N-]S(=O)(=O)C(F)(F)F)(F)F,C(C)[N+]1=CN(C=C1)C,BrC(F)F,Table S5. VLE Other
3936,3936,[emim],[Tf2N],R22B1,348.1,0.15,0.144,FC(S(=O)(=O)[N-]S(=O)(=O)C(F)(F)F)(F)F,C(C)[N+]1=CN(C=C1)C,BrC(F)F,Table S5. VLE Other
3937,3937,[emim],[Tf2N],R22B1,348.2,0.1999,0.188,FC(S(=O)(=O)[N-]S(=O)(=O)C(F)(F)F)(F)F,C(C)[N+]1=CN(C=C1)C,BrC(F)F,Table S5. VLE Other
3938,3938,[emim],[Tf2N],R22B1,348.2,0.2499,0.229,FC(S(=O)(=O)[N-]S(=O)(=O)C(F)(F)F)(F)F,C(C)[N+]1=CN(C=C1)C,BrC(F)F,Table S5. VLE Other
3939,3939,[emim],[Tf2N],R22B1,348.1,0.2999,0.267,FC(S(=O)(=O)[N-]S(=O)(=O)C(F)(F)F)(F)F,C(C)[N+]1=CN(C=C1)C,BrC(F)F,Table S5. VLE Other
3940,3940,[emim],[Tf2N],R22B1,348.1,0.3498,0.303,FC(S(=O)(=O)[N-]S(=O)(=O)C(F)(F)F)(F)F,C(C)[N+]1=CN(C=C1)C,BrC(F)F,Table S5. VLE Other
3941,3941,[emim],[Tf2N],R22B1,348.2,0.4,0.337,FC(S(=O)(=O)[N-]S(=O)(=O)C(F)(F)F)(F)F,C(C)[N+]1=CN(C=C1)C,BrC(F)F,Table S5. VLE Other
3942,3942,[emim],[Tf2N],R114,283.1,0.0103,0.012,FC(S(=O)(=O)[N-]S(=O)(=O)C(F)(F)F)(F)F,C(C)[N+]1=CN(C=C1)C,C(C(F)(F)Cl)(F)(F)Cl,Table S5. VLE Other
3943,3943,[emim],[Tf2N],R114,283.0,0.0503,0.06,FC(S(=O)(=O)[N-]S(=O)(=O)C(F)(F)F)(F)F,C(C)[N+]1=CN(C=C1)C,C(C(F)(F)Cl)(F)(F)Cl,Table S5. VLE Other
3944,3944,[emim],[Tf2N],R114,283.1,0.0753,0.092,FC(S(=O)(=O)[N-]S(=O)(=O)C(F)(F)F)(F)F,C(C)[N+]1=CN(C=C1)C,C(C(F)(F)Cl)(F)(F)Cl,Table S5. VLE Other
3945,3945,[emim],[Tf2N],R114,283.1,0.1003,0.126,FC(S(=O)(=O)[N-]S(=O)(=O)C(F)(F)F)(F)F,C(C)[N+]1=CN(C=C1)C,C(C(F)(F)Cl)(F)(F)Cl,Table S5. VLE Other
3946,3946,[emim],[Tf2N],R114,298.0,0.0103,0.006,FC(S(=O)(=O)[N-]S(=O)(=O)C(F)(F)F)(F)F,C(C)[N+]1=CN(C=C1)C,C(C(F)(F)Cl)(F)(F)Cl,Table S5. VLE Other
3947,3947,[emim],[Tf2N],R114,298.2,0.0503,0.034,FC(S(=O)(=O)[N-]S(=O)(=O)C(F)(F)F)(F)F,C(C)[N+]1=CN(C=C1)C,C(C(F)(F)Cl)(F)(F)Cl,Table S5. VLE Other
3948,3948,[emim],[Tf2N],R114,298.3,0.0705,0.05,FC(S(=O)(=O)[N-]S(=O)(=O)C(F)(F)F)(F)F,C(C)[N+]1=CN(C=C1)C,C(C(F)(F)Cl)(F)(F)Cl,Table S5. VLE Other
3949,3949,[emim],[Tf2N],R114,298.1,0.1005,0.073,FC(S(=O)(=O)[N-]S(=O)(=O)C(F)(F)F)(F)F,C(C)[N+]1=CN(C=C1)C,C(C(F)(F)Cl)(F)(F)Cl,Table S5. VLE Other
3950,3950,[emim],[Tf2N],R114,298.2,0.1255,0.093,FC(S(=O)(=O)[N-]S(=O)(=O)C(F)(F)F)(F)F,C(C)[N+]1=CN(C=C1)C,C(C(F)(F)Cl)(F)(F)Cl,Table S5. VLE Other
3951,3951,[emim],[Tf2N],R114,298.1,0.15,0.113,FC(S(=O)(=O)[N-]S(=O)(=O)C(F)(F)F)(F)F,C(C)[N+]1=CN(C=C1)C,C(C(F)(F)Cl)(F)(F)Cl,Table S5. VLE Other
3952,3952,[emim],[Tf2N],R114,323.0,0.0104,0.004,FC(S(=O)(=O)[N-]S(=O)(=O)C(F)(F)F)(F)F,C(C)[N+]1=CN(C=C1)C,C(C(F)(F)Cl)(F)(F)Cl,Table S5. VLE Other
3953,3953,[emim],[Tf2N],R114,323.1,0.0504,0.018,FC(S(=O)(=O)[N-]S(=O)(=O)C(F)(F)F)(F)F,C(C)[N+]1=CN(C=C1)C,C(C(F)(F)Cl)(F)(F)Cl,Table S5. VLE Other
3954,3954,[emim],[Tf2N],R114,323.1,0.0705,0.026,FC(S(=O)(=O)[N-]S(=O)(=O)C(F)(F)F)(F)F,C(C)[N+]1=CN(C=C1)C,C(C(F)(F)Cl)(F)(F)Cl,Table S5. VLE Other
3955,3955,[emim],[Tf2N],R114,323.1,0.1005,0.036,FC(S(=O)(=O)[N-]S(=O)(=O)C(F)(F)F)(F)F,C(C)[N+]1=CN(C=C1)C,C(C(F)(F)Cl)(F)(F)Cl,Table S5. VLE Other
3956,3956,[emim],[Tf2N],R114,323.1,0.1254,0.045,FC(S(=O)(=O)[N-]S(=O)(=O)C(F)(F)F)(F)F,C(C)[N+]1=CN(C=C1)C,C(C(F)(F)Cl)(F)(F)Cl,Table S5. VLE Other
3957,3957,[emim],[Tf2N],R114,323.1,0.1504,0.055,FC(S(=O)(=O)[N-]S(=O)(=O)C(F)(F)F)(F)F,C(C)[N+]1=CN(C=C1)C,C(C(F)(F)Cl)(F)(F)Cl,Table S5. VLE Other
3958,3958,[emim],[Tf2N],R114,348.1,0.0104,0.0,FC(S(=O)(=O)[N-]S(=O)(=O)C(F)(F)F)(F)F,C(C)[N+]1=CN(C=C1)C,C(C(F)(F)Cl)(F)(F)Cl,Table S5. VLE Other
3959,3959,[emim],[Tf2N],R114,348.1,0.0504,0.009,FC(S(=O)(=O)[N-]S(=O)(=O)C(F)(F)F)(F)F,C(C)[N+]1=CN(C=C1)C,C(C(F)(F)Cl)(F)(F)Cl,Table S5. VLE Other
3960,3960,[emim],[Tf2N],R114,348.1,0.0705,0.013,FC(S(=O)(=O)[N-]S(=O)(=O)C(F)(F)F)(F)F,C(C)[N+]1=CN(C=C1)C,C(C(F)(F)Cl)(F)(F)Cl,Table S5. VLE Other
3961,3961,[emim],[Tf2N],R114,348.1,0.1005,0.019,FC(S(=O)(=O)[N-]S(=O)(=O)C(F)(F)F)(F)F,C(C)[N+]1=CN(C=C1)C,C(C(F)(F)Cl)(F)(F)Cl,Table S5. VLE Other
3962,3962,[emim],[Tf2N],R114,348.1,0.1254,0.024,FC(S(=O)(=O)[N-]S(=O)(=O)C(F)(F)F)(F)F,C(C)[N+]1=CN(C=C1)C,C(C(F)(F)Cl)(F)(F)Cl,Table S5. VLE Other
3963,3963,[emim],[Tf2N],R114,348.1,0.1504,0.03,FC(S(=O)(=O)[N-]S(=O)(=O)C(F)(F)F)(F)F,C(C)[N+]1=CN(C=C1)C,C(C(F)(F)Cl)(F)(F)Cl,Table S5. VLE Other
3964,3964,[emim],[Tf2N],R114a,283.2,0.0102,0.013,FC(S(=O)(=O)[N-]S(=O)(=O)C(F)(F)F)(F)F,C(C)[N+]1=CN(C=C1)C,ClC(Cl)(F)C(F)(F)F,Table S5. VLE Other
3965,3965,[emim],[Tf2N],R114a,283.1,0.0503,0.066,FC(S(=O)(=O)[N-]S(=O)(=O)C(F)(F)F)(F)F,C(C)[N+]1=CN(C=C1)C,ClC(Cl)(F)C(F)(F)F,Table S5. VLE Other
3966,3966,[emim],[Tf2N],R114a,283.1,0.0754,0.1009999999999999,FC(S(=O)(=O)[N-]S(=O)(=O)C(F)(F)F)(F)F,C(C)[N+]1=CN(C=C1)C,ClC(Cl)(F)C(F)(F)F,Table S5. VLE Other
3967,3967,[emim],[Tf2N],R114a,283.1,0.1003,0.142,FC(S(=O)(=O)[N-]S(=O)(=O)C(F)(F)F)(F)F,C(C)[N+]1=CN(C=C1)C,ClC(Cl)(F)C(F)(F)F,Table S5. VLE Other
3968,3968,[emim],[Tf2N],R114a,298.3,0.0104,0.006,FC(S(=O)(=O)[N-]S(=O)(=O)C(F)(F)F)(F)F,C(C)[N+]1=CN(C=C1)C,ClC(Cl)(F)C(F)(F)F,Table S5. VLE Other
3969,3969,[emim],[Tf2N],R114a,298.1,0.0504,0.032,FC(S(=O)(=O)[N-]S(=O)(=O)C(F)(F)F)(F)F,C(C)[N+]1=CN(C=C1)C,ClC(Cl)(F)C(F)(F)F,Table S5. VLE Other
3970,3970,[emim],[Tf2N],R114a,298.1,0.0705,0.048,FC(S(=O)(=O)[N-]S(=O)(=O)C(F)(F)F)(F)F,C(C)[N+]1=CN(C=C1)C,ClC(Cl)(F)C(F)(F)F,Table S5. VLE Other
3971,3971,[emim],[Tf2N],R114a,298.1,0.1005,0.073,FC(S(=O)(=O)[N-]S(=O)(=O)C(F)(F)F)(F)F,C(C)[N+]1=CN(C=C1)C,ClC(Cl)(F)C(F)(F)F,Table S5. VLE Other
3972,3972,[emim],[Tf2N],R114a,298.0,0.1254,0.095,FC(S(=O)(=O)[N-]S(=O)(=O)C(F)(F)F)(F)F,C(C)[N+]1=CN(C=C1)C,ClC(Cl)(F)C(F)(F)F,Table S5. VLE Other
3973,3973,[emim],[Tf2N],R114a,298.0,0.1503,0.1169999999999999,FC(S(=O)(=O)[N-]S(=O)(=O)C(F)(F)F)(F)F,C(C)[N+]1=CN(C=C1)C,ClC(Cl)(F)C(F)(F)F,Table S5. VLE Other
3974,3974,[emim],[Tf2N],R114a,323.1,0.0104,0.002,FC(S(=O)(=O)[N-]S(=O)(=O)C(F)(F)F)(F)F,C(C)[N+]1=CN(C=C1)C,ClC(Cl)(F)C(F)(F)F,Table S5. VLE Other
3975,3975,[emim],[Tf2N],R114a,323.1,0.0504,0.017,FC(S(=O)(=O)[N-]S(=O)(=O)C(F)(F)F)(F)F,C(C)[N+]1=CN(C=C1)C,ClC(Cl)(F)C(F)(F)F,Table S5. VLE Other
3976,3976,[emim],[Tf2N],R114a,323.1,0.0705,0.025,FC(S(=O)(=O)[N-]S(=O)(=O)C(F)(F)F)(F)F,C(C)[N+]1=CN(C=C1)C,ClC(Cl)(F)C(F)(F)F,Table S5. VLE Other
3977,3977,[emim],[Tf2N],R114a,323.1,0.1003,0.037,FC(S(=O)(=O)[N-]S(=O)(=O)C(F)(F)F)(F)F,C(C)[N+]1=CN(C=C1)C,ClC(Cl)(F)C(F)(F)F,Table S5. VLE Other
3978,3978,[emim],[Tf2N],R114a,323.1,0.1254,0.047,FC(S(=O)(=O)[N-]S(=O)(=O)C(F)(F)F)(F)F,C(C)[N+]1=CN(C=C1)C,ClC(Cl)(F)C(F)(F)F,Table S5. VLE Other
3979,3979,[emim],[Tf2N],R114a,323.1,0.1502,0.057,FC(S(=O)(=O)[N-]S(=O)(=O)C(F)(F)F)(F)F,C(C)[N+]1=CN(C=C1)C,ClC(Cl)(F)C(F)(F)F,Table S5. VLE Other
3980,3980,[emim],[Tf2N],R114a,348.1,0.0105,0.001,FC(S(=O)(=O)[N-]S(=O)(=O)C(F)(F)F)(F)F,C(C)[N+]1=CN(C=C1)C,ClC(Cl)(F)C(F)(F)F,Table S5. VLE Other
3981,3981,[emim],[Tf2N],R114a,348.1,0.0504,0.01,FC(S(=O)(=O)[N-]S(=O)(=O)C(F)(F)F)(F)F,C(C)[N+]1=CN(C=C1)C,ClC(Cl)(F)C(F)(F)F,Table S5. VLE Other
3982,3982,[emim],[Tf2N],R114a,348.1,0.0705,0.015,FC(S(=O)(=O)[N-]S(=O)(=O)C(F)(F)F)(F)F,C(C)[N+]1=CN(C=C1)C,ClC(Cl)(F)C(F)(F)F,Table S5. VLE Other
3983,3983,[emim],[Tf2N],R114a,348.1,0.1005,0.021,FC(S(=O)(=O)[N-]S(=O)(=O)C(F)(F)F)(F)F,C(C)[N+]1=CN(C=C1)C,ClC(Cl)(F)C(F)(F)F,Table S5. VLE Other
3984,3984,[emim],[Tf2N],R114a,348.1,0.1254,0.027,FC(S(=O)(=O)[N-]S(=O)(=O)C(F)(F)F)(F)F,C(C)[N+]1=CN(C=C1)C,ClC(Cl)(F)C(F)(F)F,Table S5. VLE Other
3985,3985,[emim],[Tf2N],R114a,348.1,0.1504,0.032,FC(S(=O)(=O)[N-]S(=O)(=O)C(F)(F)F)(F)F,C(C)[N+]1=CN(C=C1)C,ClC(Cl)(F)C(F)(F)F,Table S5. VLE Other
3986,3986,[emim],[Tf2N],R124,283.0,0.0101,0.05,FC(S(=O)(=O)[N-]S(=O)(=O)C(F)(F)F)(F)F,C(C)[N+]1=CN(C=C1)C,FC(F)(F)C(Cl)F,Table S5. VLE Other
3987,3987,[emim],[Tf2N],R124,283.2,0.0499,0.2239999999999999,FC(S(=O)(=O)[N-]S(=O)(=O)C(F)(F)F)(F)F,C(C)[N+]1=CN(C=C1)C,FC(F)(F)C(Cl)F,Table S5. VLE Other
3988,3988,[emim],[Tf2N],R124,283.1,0.0997,0.422,FC(S(=O)(=O)[N-]S(=O)(=O)C(F)(F)F)(F)F,C(C)[N+]1=CN(C=C1)C,FC(F)(F)C(Cl)F,Table S5. VLE Other
3989,3989,[emim],[Tf2N],R124,283.1,0.1504,0.591,FC(S(=O)(=O)[N-]S(=O)(=O)C(F)(F)F)(F)F,C(C)[N+]1=CN(C=C1)C,FC(F)(F)C(Cl)F,Table S5. VLE Other
3990,3990,[emim],[Tf2N],R124,283.1,0.1995,0.757,FC(S(=O)(=O)[N-]S(=O)(=O)C(F)(F)F)(F)F,C(C)[N+]1=CN(C=C1)C,FC(F)(F)C(Cl)F,Table S5. VLE Other
3991,3991,[emim],[Tf2N],R124,298.1,0.0104,0.0279999999999999,FC(S(=O)(=O)[N-]S(=O)(=O)C(F)(F)F)(F)F,C(C)[N+]1=CN(C=C1)C,FC(F)(F)C(Cl)F,Table S5. VLE Other
3992,3992,[emim],[Tf2N],R124,298.2,0.05,0.134,FC(S(=O)(=O)[N-]S(=O)(=O)C(F)(F)F)(F)F,C(C)[N+]1=CN(C=C1)C,FC(F)(F)C(Cl)F,Table S5. VLE Other
3993,3993,[emim],[Tf2N],R124,298.0,0.1,0.259,FC(S(=O)(=O)[N-]S(=O)(=O)C(F)(F)F)(F)F,C(C)[N+]1=CN(C=C1)C,FC(F)(F)C(Cl)F,Table S5. VLE Other
3994,3994,[emim],[Tf2N],R124,298.2,0.15,0.369,FC(S(=O)(=O)[N-]S(=O)(=O)C(F)(F)F)(F)F,C(C)[N+]1=CN(C=C1)C,FC(F)(F)C(Cl)F,Table S5. VLE Other
3995,3995,[emim],[Tf2N],R124,298.1,0.2002,0.473,FC(S(=O)(=O)[N-]S(=O)(=O)C(F)(F)F)(F)F,C(C)[N+]1=CN(C=C1)C,FC(F)(F)C(Cl)F,Table S5. VLE Other
3996,3996,[emim],[Tf2N],R124,298.2,0.2503,0.568,FC(S(=O)(=O)[N-]S(=O)(=O)C(F)(F)F)(F)F,C(C)[N+]1=CN(C=C1)C,FC(F)(F)C(Cl)F,Table S5. VLE Other
3997,3997,[emim],[Tf2N],R124,298.1,0.3004,0.665,FC(S(=O)(=O)[N-]S(=O)(=O)C(F)(F)F)(F)F,C(C)[N+]1=CN(C=C1)C,FC(F)(F)C(Cl)F,Table S5. VLE Other
3998,3998,[emim],[Tf2N],R124,323.1,0.0103,0.01,FC(S(=O)(=O)[N-]S(=O)(=O)C(F)(F)F)(F)F,C(C)[N+]1=CN(C=C1)C,FC(F)(F)C(Cl)F,Table S5. VLE Other
3999,3999,[emim],[Tf2N],R124,323.1,0.0501,0.0579999999999999,FC(S(=O)(=O)[N-]S(=O)(=O)C(F)(F)F)(F)F,C(C)[N+]1=CN(C=C1)C,FC(F)(F)C(Cl)F,Table S5. VLE Other
4000,4000,[emim],[Tf2N],R124,323.1,0.1001,0.115,FC(S(=O)(=O)[N-]S(=O)(=O)C(F)(F)F)(F)F,C(C)[N+]1=CN(C=C1)C,FC(F)(F)C(Cl)F,Table S5. VLE Other
4001,4001,[emim],[Tf2N],R124,323.1,0.1501,0.1689999999999999,FC(S(=O)(=O)[N-]S(=O)(=O)C(F)(F)F)(F)F,C(C)[N+]1=CN(C=C1)C,FC(F)(F)C(Cl)F,Table S5. VLE Other
4002,4002,[emim],[Tf2N],R124,323.1,0.1999,0.221,FC(S(=O)(=O)[N-]S(=O)(=O)C(F)(F)F)(F)F,C(C)[N+]1=CN(C=C1)C,FC(F)(F)C(Cl)F,Table S5. VLE Other
4003,4003,[emim],[Tf2N],R124,323.1,0.2503,0.272,FC(S(=O)(=O)[N-]S(=O)(=O)C(F)(F)F)(F)F,C(C)[N+]1=CN(C=C1)C,FC(F)(F)C(Cl)F,Table S5. VLE Other
4004,4004,[emim],[Tf2N],R124,323.1,0.3002,0.322,FC(S(=O)(=O)[N-]S(=O)(=O)C(F)(F)F)(F)F,C(C)[N+]1=CN(C=C1)C,FC(F)(F)C(Cl)F,Table S5. VLE Other
4005,4005,[emim],[Tf2N],R124,348.1,0.0104,0.001,FC(S(=O)(=O)[N-]S(=O)(=O)C(F)(F)F)(F)F,C(C)[N+]1=CN(C=C1)C,FC(F)(F)C(Cl)F,Table S5. VLE Other
4006,4006,[emim],[Tf2N],R124,348.1,0.0501,0.026,FC(S(=O)(=O)[N-]S(=O)(=O)C(F)(F)F)(F)F,C(C)[N+]1=CN(C=C1)C,FC(F)(F)C(Cl)F,Table S5. VLE Other
4007,4007,[emim],[Tf2N],R124,348.1,0.1001,0.057,FC(S(=O)(=O)[N-]S(=O)(=O)C(F)(F)F)(F)F,C(C)[N+]1=CN(C=C1)C,FC(F)(F)C(Cl)F,Table S5. VLE Other
4008,4008,[emim],[Tf2N],R124,348.1,0.1501,0.088,FC(S(=O)(=O)[N-]S(=O)(=O)C(F)(F)F)(F)F,C(C)[N+]1=CN(C=C1)C,FC(F)(F)C(Cl)F,Table S5. VLE Other
4009,4009,[emim],[Tf2N],R124,348.1,0.1999,0.118,FC(S(=O)(=O)[N-]S(=O)(=O)C(F)(F)F)(F)F,C(C)[N+]1=CN(C=C1)C,FC(F)(F)C(Cl)F,Table S5. VLE Other
4010,4010,[emim],[Tf2N],R124,348.1,0.2502,0.145,FC(S(=O)(=O)[N-]S(=O)(=O)C(F)(F)F)(F)F,C(C)[N+]1=CN(C=C1)C,FC(F)(F)C(Cl)F,Table S5. VLE Other
4011,4011,[emim],[Tf2N],R124,348.1,0.3004,0.171,FC(S(=O)(=O)[N-]S(=O)(=O)C(F)(F)F)(F)F,C(C)[N+]1=CN(C=C1)C,FC(F)(F)C(Cl)F,Table S5. VLE Other
4012,4012,[emim],[Tf2N],R124a,283.2,0.0103,0.047,FC(S(=O)(=O)[N-]S(=O)(=O)C(F)(F)F)(F)F,C(C)[N+]1=CN(C=C1)C,FC(F)C(F)(F)Cl,Table S5. VLE Other
4013,4013,[emim],[Tf2N],R124a,283.1,0.0503,0.212,FC(S(=O)(=O)[N-]S(=O)(=O)C(F)(F)F)(F)F,C(C)[N+]1=CN(C=C1)C,FC(F)C(F)(F)Cl,Table S5. VLE Other
4014,4014,[emim],[Tf2N],R124a,283.1,0.1001,0.401,FC(S(=O)(=O)[N-]S(=O)(=O)C(F)(F)F)(F)F,C(C)[N+]1=CN(C=C1)C,FC(F)C(F)(F)Cl,Table S5. VLE Other
4015,4015,[emim],[Tf2N],R124a,283.1,0.1503,0.573,FC(S(=O)(=O)[N-]S(=O)(=O)C(F)(F)F)(F)F,C(C)[N+]1=CN(C=C1)C,FC(F)C(F)(F)Cl,Table S5. VLE Other
4016,4016,[emim],[Tf2N],R124a,283.1,0.1999,0.759,FC(S(=O)(=O)[N-]S(=O)(=O)C(F)(F)F)(F)F,C(C)[N+]1=CN(C=C1)C,FC(F)C(F)(F)Cl,Table S5. VLE Other
4017,4017,[emim],[Tf2N],R124a,298.1,0.0104,0.0289999999999999,FC(S(=O)(=O)[N-]S(=O)(=O)C(F)(F)F)(F)F,C(C)[N+]1=CN(C=C1)C,FC(F)C(F)(F)Cl,Table S5. VLE Other
4018,4018,[emim],[Tf2N],R124a,298.2,0.0503,0.128,FC(S(=O)(=O)[N-]S(=O)(=O)C(F)(F)F)(F)F,C(C)[N+]1=CN(C=C1)C,FC(F)C(F)(F)Cl,Table S5. VLE Other
4019,4019,[emim],[Tf2N],R124a,298.1,0.1004,0.244,FC(S(=O)(=O)[N-]S(=O)(=O)C(F)(F)F)(F)F,C(C)[N+]1=CN(C=C1)C,FC(F)C(F)(F)Cl,Table S5. VLE Other
4020,4020,[emim],[Tf2N],R124a,298.1,0.1501,0.356,FC(S(=O)(=O)[N-]S(=O)(=O)C(F)(F)F)(F)F,C(C)[N+]1=CN(C=C1)C,FC(F)C(F)(F)Cl,Table S5. VLE Other
4021,4021,[emim],[Tf2N],R124a,298.0,0.1993,0.461,FC(S(=O)(=O)[N-]S(=O)(=O)C(F)(F)F)(F)F,C(C)[N+]1=CN(C=C1)C,FC(F)C(F)(F)Cl,Table S5. VLE Other
4022,4022,[emim],[Tf2N],R124a,298.1,0.2503,0.5720000000000001,FC(S(=O)(=O)[N-]S(=O)(=O)C(F)(F)F)(F)F,C(C)[N+]1=CN(C=C1)C,FC(F)C(F)(F)Cl,Table S5. VLE Other
4023,4023,[emim],[Tf2N],R124a,298.1,0.2996,0.6920000000000001,FC(S(=O)(=O)[N-]S(=O)(=O)C(F)(F)F)(F)F,C(C)[N+]1=CN(C=C1)C,FC(F)C(F)(F)Cl,Table S5. VLE Other
4024,4024,[emim],[Tf2N],R124a,323.0,0.0104,0.012,FC(S(=O)(=O)[N-]S(=O)(=O)C(F)(F)F)(F)F,C(C)[N+]1=CN(C=C1)C,FC(F)C(F)(F)Cl,Table S5. VLE Other
4025,4025,[emim],[Tf2N],R124a,323.0,0.0502,0.0579999999999999,FC(S(=O)(=O)[N-]S(=O)(=O)C(F)(F)F)(F)F,C(C)[N+]1=CN(C=C1)C,FC(F)C(F)(F)Cl,Table S5. VLE Other
4026,4026,[emim],[Tf2N],R124a,323.2,0.1003,0.1159999999999999,FC(S(=O)(=O)[N-]S(=O)(=O)C(F)(F)F)(F)F,C(C)[N+]1=CN(C=C1)C,FC(F)C(F)(F)Cl,Table S5. VLE Other
4027,4027,[emim],[Tf2N],R124a,323.2,0.1502,0.171,FC(S(=O)(=O)[N-]S(=O)(=O)C(F)(F)F)(F)F,C(C)[N+]1=CN(C=C1)C,FC(F)C(F)(F)Cl,Table S5. VLE Other
4028,4028,[emim],[Tf2N],R124a,323.1,0.2003,0.222,FC(S(=O)(=O)[N-]S(=O)(=O)C(F)(F)F)(F)F,C(C)[N+]1=CN(C=C1)C,FC(F)C(F)(F)Cl,Table S5. VLE Other
4029,4029,[emim],[Tf2N],R124a,323.1,0.2503,0.271,FC(S(=O)(=O)[N-]S(=O)(=O)C(F)(F)F)(F)F,C(C)[N+]1=CN(C=C1)C,FC(F)C(F)(F)Cl,Table S5. VLE Other
4030,4030,[emim],[Tf2N],R124a,323.1,0.3001,0.322,FC(S(=O)(=O)[N-]S(=O)(=O)C(F)(F)F)(F)F,C(C)[N+]1=CN(C=C1)C,FC(F)C(F)(F)Cl,Table S5. VLE Other
4031,4031,[emim],[Tf2N],R124a,348.1,0.0105,0.001,FC(S(=O)(=O)[N-]S(=O)(=O)C(F)(F)F)(F)F,C(C)[N+]1=CN(C=C1)C,FC(F)C(F)(F)Cl,Table S5. VLE Other
4032,4032,[emim],[Tf2N],R124a,348.1,0.0502,0.027,FC(S(=O)(=O)[N-]S(=O)(=O)C(F)(F)F)(F)F,C(C)[N+]1=CN(C=C1)C,FC(F)C(F)(F)Cl,Table S5. VLE Other
4033,4033,[emim],[Tf2N],R124a,348.1,0.1004,0.057,FC(S(=O)(=O)[N-]S(=O)(=O)C(F)(F)F)(F)F,C(C)[N+]1=CN(C=C1)C,FC(F)C(F)(F)Cl,Table S5. VLE Other
4034,4034,[emim],[Tf2N],R124a,348.1,0.1503,0.087,FC(S(=O)(=O)[N-]S(=O)(=O)C(F)(F)F)(F)F,C(C)[N+]1=CN(C=C1)C,FC(F)C(F)(F)Cl,Table S5. VLE Other
4035,4035,[emim],[Tf2N],R124a,348.0,0.2002,0.1159999999999999,FC(S(=O)(=O)[N-]S(=O)(=O)C(F)(F)F)(F)F,C(C)[N+]1=CN(C=C1)C,FC(F)C(F)(F)Cl,Table S5. VLE Other
4036,4036,[emim],[Tf2N],R124a,348.1,0.2496,0.143,FC(S(=O)(=O)[N-]S(=O)(=O)C(F)(F)F)(F)F,C(C)[N+]1=CN(C=C1)C,FC(F)C(F)(F)Cl,Table S5. VLE Other
4037,4037,[emim],[Tf2N],R124a,348.1,0.3001,0.171,FC(S(=O)(=O)[N-]S(=O)(=O)C(F)(F)F)(F)F,C(C)[N+]1=CN(C=C1)C,FC(F)C(F)(F)Cl,Table S5. VLE Other
4038,4038,[emim],[TFES],R22,283.2,0.0498,0.086,FC(F)C(F)(F)S(=O)(=O)[O-],C(C)[N+]1=CN(C=C1)C,ClC(F)F,Table S5. VLE Other
4039,4039,[emim],[TFES],R22,283.1,0.0996,0.168,FC(F)C(F)(F)S(=O)(=O)[O-],C(C)[N+]1=CN(C=C1)C,ClC(F)F,Table S5. VLE Other
4040,4040,[emim],[TFES],R22,283.2,0.2,0.32,FC(F)C(F)(F)S(=O)(=O)[O-],C(C)[N+]1=CN(C=C1)C,ClC(F)F,Table S5. VLE Other
4041,4041,[emim],[TFES],R22,283.2,0.3,0.46,FC(F)C(F)(F)S(=O)(=O)[O-],C(C)[N+]1=CN(C=C1)C,ClC(F)F,Table S5. VLE Other
4042,4042,[emim],[TFES],R22,283.1,0.4,0.585,FC(F)C(F)(F)S(=O)(=O)[O-],C(C)[N+]1=CN(C=C1)C,ClC(F)F,Table S5. VLE Other
4043,4043,[emim],[TFES],R22,283.2,0.5,0.698,FC(F)C(F)(F)S(=O)(=O)[O-],C(C)[N+]1=CN(C=C1)C,ClC(F)F,Table S5. VLE Other
4044,4044,[emim],[TFES],R22,283.2,0.6,0.81,FC(F)C(F)(F)S(=O)(=O)[O-],C(C)[N+]1=CN(C=C1)C,ClC(F)F,Table S5. VLE Other
4045,4045,[emim],[TFES],R22,298.1,0.05,0.052,FC(F)C(F)(F)S(=O)(=O)[O-],C(C)[N+]1=CN(C=C1)C,ClC(F)F,Table S5. VLE Other
4046,4046,[emim],[TFES],R22,298.2,0.1,0.104,FC(F)C(F)(F)S(=O)(=O)[O-],C(C)[N+]1=CN(C=C1)C,ClC(F)F,Table S5. VLE Other
4047,4047,[emim],[TFES],R22,298.1,0.2,0.205,FC(F)C(F)(F)S(=O)(=O)[O-],C(C)[N+]1=CN(C=C1)C,ClC(F)F,Table S5. VLE Other
4048,4048,[emim],[TFES],R22,298.2,0.3,0.3,FC(F)C(F)(F)S(=O)(=O)[O-],C(C)[N+]1=CN(C=C1)C,ClC(F)F,Table S5. VLE Other
4049,4049,[emim],[TFES],R22,298.1,0.4,0.391,FC(F)C(F)(F)S(=O)(=O)[O-],C(C)[N+]1=CN(C=C1)C,ClC(F)F,Table S5. VLE Other
4050,4050,[emim],[TFES],R22,298.2,0.5,0.474,FC(F)C(F)(F)S(=O)(=O)[O-],C(C)[N+]1=CN(C=C1)C,ClC(F)F,Table S5. VLE Other
4051,4051,[emim],[TFES],R22,298.2,0.6,0.553,FC(F)C(F)(F)S(=O)(=O)[O-],C(C)[N+]1=CN(C=C1)C,ClC(F)F,Table S5. VLE Other
4052,4052,[emim],[TFES],R22,298.2,0.7,0.628,FC(F)C(F)(F)S(=O)(=O)[O-],C(C)[N+]1=CN(C=C1)C,ClC(F)F,Table S5. VLE Other
4053,4053,[emim],[TFES],R22,298.2,0.8,0.7,FC(F)C(F)(F)S(=O)(=O)[O-],C(C)[N+]1=CN(C=C1)C,ClC(F)F,Table S5. VLE Other
4054,4054,[emim],[TFES],R22,298.2,0.8999,0.773,FC(F)C(F)(F)S(=O)(=O)[O-],C(C)[N+]1=CN(C=C1)C,ClC(F)F,Table S5. VLE Other
4055,4055,[emim],[TFES],R22,298.2,0.7998,0.699,FC(F)C(F)(F)S(=O)(=O)[O-],C(C)[N+]1=CN(C=C1)C,ClC(F)F,Table S5. VLE Other
4056,4056,[emim],[TFES],R22,298.1,0.7,0.627,FC(F)C(F)(F)S(=O)(=O)[O-],C(C)[N+]1=CN(C=C1)C,ClC(F)F,Table S5. VLE Other
4057,4057,[emim],[TFES],R22,298.2,0.6,0.552,FC(F)C(F)(F)S(=O)(=O)[O-],C(C)[N+]1=CN(C=C1)C,ClC(F)F,Table S5. VLE Other
4058,4058,[emim],[TFES],R22,298.2,0.5,0.474,FC(F)C(F)(F)S(=O)(=O)[O-],C(C)[N+]1=CN(C=C1)C,ClC(F)F,Table S5. VLE Other
4059,4059,[emim],[TFES],R22,298.2,0.4,0.391,FC(F)C(F)(F)S(=O)(=O)[O-],C(C)[N+]1=CN(C=C1)C,ClC(F)F,Table S5. VLE Other
4060,4060,[emim],[TFES],R22,298.2,0.3,0.302,FC(F)C(F)(F)S(=O)(=O)[O-],C(C)[N+]1=CN(C=C1)C,ClC(F)F,Table S5. VLE Other
4061,4061,[emim],[TFES],R22,298.2,0.2,0.206,FC(F)C(F)(F)S(=O)(=O)[O-],C(C)[N+]1=CN(C=C1)C,ClC(F)F,Table S5. VLE Other
4062,4062,[emim],[TFES],R22,298.2,0.1,0.105,FC(F)C(F)(F)S(=O)(=O)[O-],C(C)[N+]1=CN(C=C1)C,ClC(F)F,Table S5. VLE Other
4063,4063,[emim],[TFES],R22,298.2,0.05,0.055,FC(F)C(F)(F)S(=O)(=O)[O-],C(C)[N+]1=CN(C=C1)C,ClC(F)F,Table S5. VLE Other
4064,4064,[emim],[TFES],R22,323.1,0.05,0.029,FC(F)C(F)(F)S(=O)(=O)[O-],C(C)[N+]1=CN(C=C1)C,ClC(F)F,Table S5. VLE Other
4065,4065,[emim],[TFES],R22,323.1,0.1,0.057,FC(F)C(F)(F)S(=O)(=O)[O-],C(C)[N+]1=CN(C=C1)C,ClC(F)F,Table S5. VLE Other
4066,4066,[emim],[TFES],R22,323.2,0.2,0.112,FC(F)C(F)(F)S(=O)(=O)[O-],C(C)[N+]1=CN(C=C1)C,ClC(F)F,Table S5. VLE Other
4067,4067,[emim],[TFES],R22,323.2,0.3,0.165,FC(F)C(F)(F)S(=O)(=O)[O-],C(C)[N+]1=CN(C=C1)C,ClC(F)F,Table S5. VLE Other
4068,4068,[emim],[TFES],R22,323.2,0.4,0.215,FC(F)C(F)(F)S(=O)(=O)[O-],C(C)[N+]1=CN(C=C1)C,ClC(F)F,Table S5. VLE Other
4069,4069,[emim],[TFES],R22,323.2,0.5,0.264,FC(F)C(F)(F)S(=O)(=O)[O-],C(C)[N+]1=CN(C=C1)C,ClC(F)F,Table S5. VLE Other
4070,4070,[emim],[TFES],R22,323.2,0.6,0.311,FC(F)C(F)(F)S(=O)(=O)[O-],C(C)[N+]1=CN(C=C1)C,ClC(F)F,Table S5. VLE Other
4071,4071,[emim],[TFES],R22,323.1,0.6998,0.356,FC(F)C(F)(F)S(=O)(=O)[O-],C(C)[N+]1=CN(C=C1)C,ClC(F)F,Table S5. VLE Other
4072,4072,[emim],[TFES],R22,323.2,0.7997,0.399,FC(F)C(F)(F)S(=O)(=O)[O-],C(C)[N+]1=CN(C=C1)C,ClC(F)F,Table S5. VLE Other
4073,4073,[emim],[TFES],R22,323.2,0.8998,0.443,FC(F)C(F)(F)S(=O)(=O)[O-],C(C)[N+]1=CN(C=C1)C,ClC(F)F,Table S5. VLE Other
4074,4074,[emim],[TFES],R22,348.2,0.05,0.016,FC(F)C(F)(F)S(=O)(=O)[O-],C(C)[N+]1=CN(C=C1)C,ClC(F)F,Table S5. VLE Other
4075,4075,[emim],[TFES],R22,348.2,0.1,0.032,FC(F)C(F)(F)S(=O)(=O)[O-],C(C)[N+]1=CN(C=C1)C,ClC(F)F,Table S5. VLE Other
4076,4076,[emim],[TFES],R22,348.1,0.2,0.066,FC(F)C(F)(F)S(=O)(=O)[O-],C(C)[N+]1=CN(C=C1)C,ClC(F)F,Table S5. VLE Other
4077,4077,[emim],[TFES],R22,348.2,0.3,0.099,FC(F)C(F)(F)S(=O)(=O)[O-],C(C)[N+]1=CN(C=C1)C,ClC(F)F,Table S5. VLE Other
4078,4078,[emim],[TFES],R22,348.1,0.4,0.131,FC(F)C(F)(F)S(=O)(=O)[O-],C(C)[N+]1=CN(C=C1)C,ClC(F)F,Table S5. VLE Other
4079,4079,[emim],[TFES],R22,348.1,0.5,0.162,FC(F)C(F)(F)S(=O)(=O)[O-],C(C)[N+]1=CN(C=C1)C,ClC(F)F,Table S5. VLE Other
4080,4080,[emim],[TFES],R22,348.2,0.5998,0.192,FC(F)C(F)(F)S(=O)(=O)[O-],C(C)[N+]1=CN(C=C1)C,ClC(F)F,Table S5. VLE Other
4081,4081,[emim],[TFES],R22,348.1,0.6997,0.221,FC(F)C(F)(F)S(=O)(=O)[O-],C(C)[N+]1=CN(C=C1)C,ClC(F)F,Table S5. VLE Other
4082,4082,[emim],[TFES],R22,348.2,0.7996,0.252,FC(F)C(F)(F)S(=O)(=O)[O-],C(C)[N+]1=CN(C=C1)C,ClC(F)F,Table S5. VLE Other
4083,4083,[emim],[TFES],R22,348.2,0.8999,0.279,FC(F)C(F)(F)S(=O)(=O)[O-],C(C)[N+]1=CN(C=C1)C,ClC(F)F,Table S5. VLE Other
4084,4084,[bmim],[BF4],R22,283.2,0.05,0.102,F[B-](F)(F)F,C(CCC)[N+]1=CN(C=C1)C,ClC(F)F,Table S5. VLE Other
4085,4085,[bmim],[BF4],R22,283.1,0.1,0.2,F[B-](F)(F)F,C(CCC)[N+]1=CN(C=C1)C,ClC(F)F,Table S5. VLE Other
4086,4086,[bmim],[BF4],R22,283.2,0.2,0.372,F[B-](F)(F)F,C(CCC)[N+]1=CN(C=C1)C,ClC(F)F,Table S5. VLE Other
4087,4087,[bmim],[BF4],R22,283.2,0.3,0.509,F[B-](F)(F)F,C(CCC)[N+]1=CN(C=C1)C,ClC(F)F,Table S5. VLE Other
4088,4088,[bmim],[BF4],R22,283.1,0.4,0.623,F[B-](F)(F)F,C(CCC)[N+]1=CN(C=C1)C,ClC(F)F,Table S5. VLE Other
4089,4089,[bmim],[BF4],R22,283.1,0.5,0.725,F[B-](F)(F)F,C(CCC)[N+]1=CN(C=C1)C,ClC(F)F,Table S5. VLE Other
4090,4090,[bmim],[BF4],R22,283.1,0.6,0.827,F[B-](F)(F)F,C(CCC)[N+]1=CN(C=C1)C,ClC(F)F,Table S5. VLE Other
4091,4091,[bmim],[BF4],R22,298.2,0.05,0.063,F[B-](F)(F)F,C(CCC)[N+]1=CN(C=C1)C,ClC(F)F,Table S5. VLE Other
4092,4092,[bmim],[BF4],R22,298.2,0.1,0.124,F[B-](F)(F)F,C(CCC)[N+]1=CN(C=C1)C,ClC(F)F,Table S5. VLE Other
4093,4093,[bmim],[BF4],R22,298.2,0.2,0.235,F[B-](F)(F)F,C(CCC)[N+]1=CN(C=C1)C,ClC(F)F,Table S5. VLE Other
4094,4094,[bmim],[BF4],R22,298.2,0.3,0.335,F[B-](F)(F)F,C(CCC)[N+]1=CN(C=C1)C,ClC(F)F,Table S5. VLE Other
4095,4095,[bmim],[BF4],R22,298.2,0.4,0.423,F[B-](F)(F)F,C(CCC)[N+]1=CN(C=C1)C,ClC(F)F,Table S5. VLE Other
4096,4096,[bmim],[BF4],R22,298.2,0.5,0.504,F[B-](F)(F)F,C(CCC)[N+]1=CN(C=C1)C,ClC(F)F,Table S5. VLE Other
4097,4097,[bmim],[BF4],R22,298.2,0.6,0.576,F[B-](F)(F)F,C(CCC)[N+]1=CN(C=C1)C,ClC(F)F,Table S5. VLE Other
4098,4098,[bmim],[BF4],R22,298.2,0.7,0.642,F[B-](F)(F)F,C(CCC)[N+]1=CN(C=C1)C,ClC(F)F,Table S5. VLE Other
4099,4099,[bmim],[BF4],R22,298.2,0.8,0.708,F[B-](F)(F)F,C(CCC)[N+]1=CN(C=C1)C,ClC(F)F,Table S5. VLE Other
4100,4100,[bmim],[BF4],R22,298.1,0.8994,0.786,F[B-](F)(F)F,C(CCC)[N+]1=CN(C=C1)C,ClC(F)F,Table S5. VLE Other
4101,4101,[bmim],[BF4],R22,288.2,0.8001,0.705,F[B-](F)(F)F,C(CCC)[N+]1=CN(C=C1)C,ClC(F)F,Table S5. VLE Other
4102,4102,[bmim],[BF4],R22,288.2,0.7,0.631,F[B-](F)(F)F,C(CCC)[N+]1=CN(C=C1)C,ClC(F)F,Table S5. VLE Other
4103,4103,[bmim],[BF4],R22,288.2,0.5999,0.564,F[B-](F)(F)F,C(CCC)[N+]1=CN(C=C1)C,ClC(F)F,Table S5. VLE Other
4104,4104,[bmim],[BF4],R22,288.2,0.5,0.495,F[B-](F)(F)F,C(CCC)[N+]1=CN(C=C1)C,ClC(F)F,Table S5. VLE Other
4105,4105,[bmim],[BF4],R22,288.2,0.4,0.422,F[B-](F)(F)F,C(CCC)[N+]1=CN(C=C1)C,ClC(F)F,Table S5. VLE Other
4106,4106,[bmim],[BF4],R22,288.2,0.3,0.343,F[B-](F)(F)F,C(CCC)[N+]1=CN(C=C1)C,ClC(F)F,Table S5. VLE Other
4107,4107,[bmim],[BF4],R22,288.2,0.2,0.25,F[B-](F)(F)F,C(CCC)[N+]1=CN(C=C1)C,ClC(F)F,Table S5. VLE Other
4108,4108,[bmim],[BF4],R22,288.2,0.1,0.141,F[B-](F)(F)F,C(CCC)[N+]1=CN(C=C1)C,ClC(F)F,Table S5. VLE Other
4109,4109,[bmim],[BF4],R22,288.2,0.05,0.08,F[B-](F)(F)F,C(CCC)[N+]1=CN(C=C1)C,ClC(F)F,Table S5. VLE Other
4110,4110,[bmim],[BF4],R22,323.2,0.05,0.031,F[B-](F)(F)F,C(CCC)[N+]1=CN(C=C1)C,ClC(F)F,Table S5. VLE Other
4111,4111,[bmim],[BF4],R22,323.2,0.1,0.063,F[B-](F)(F)F,C(CCC)[N+]1=CN(C=C1)C,ClC(F)F,Table S5. VLE Other
4112,4112,[bmim],[BF4],R22,323.2,0.2,0.126,F[B-](F)(F)F,C(CCC)[N+]1=CN(C=C1)C,ClC(F)F,Table S5. VLE Other
4113,4113,[bmim],[BF4],R22,323.2,0.3,0.186,F[B-](F)(F)F,C(CCC)[N+]1=CN(C=C1)C,ClC(F)F,Table S5. VLE Other
4114,4114,[bmim],[BF4],R22,323.2,0.4,0.244,F[B-](F)(F)F,C(CCC)[N+]1=CN(C=C1)C,ClC(F)F,Table S5. VLE Other
4115,4115,[bmim],[BF4],R22,323.2,0.5001,0.298,F[B-](F)(F)F,C(CCC)[N+]1=CN(C=C1)C,ClC(F)F,Table S5. VLE Other
4116,4116,[bmim],[BF4],R22,323.2,0.6,0.349,F[B-](F)(F)F,C(CCC)[N+]1=CN(C=C1)C,ClC(F)F,Table S5. VLE Other
4117,4117,[bmim],[BF4],R22,323.2,0.7,0.397,F[B-](F)(F)F,C(CCC)[N+]1=CN(C=C1)C,ClC(F)F,Table S5. VLE Other
4118,4118,[bmim],[BF4],R22,323.2,0.8,0.442,F[B-](F)(F)F,C(CCC)[N+]1=CN(C=C1)C,ClC(F)F,Table S5. VLE Other
4119,4119,[bmim],[BF4],R22,323.2,0.9,0.484,F[B-](F)(F)F,C(CCC)[N+]1=CN(C=C1)C,ClC(F)F,Table S5. VLE Other
4120,4120,[bmim],[BF4],R22,348.2,0.05,0.017,F[B-](F)(F)F,C(CCC)[N+]1=CN(C=C1)C,ClC(F)F,Table S5. VLE Other
4121,4121,[bmim],[BF4],R22,348.2,0.1,0.036,F[B-](F)(F)F,C(CCC)[N+]1=CN(C=C1)C,ClC(F)F,Table S5. VLE Other
4122,4122,[bmim],[BF4],R22,348.2,0.2,0.073,F[B-](F)(F)F,C(CCC)[N+]1=CN(C=C1)C,ClC(F)F,Table S5. VLE Other
4123,4123,[bmim],[BF4],R22,348.2,0.3,0.108,F[B-](F)(F)F,C(CCC)[N+]1=CN(C=C1)C,ClC(F)F,Table S5. VLE Other
4124,4124,[bmim],[BF4],R22,348.2,0.4,0.142,F[B-](F)(F)F,C(CCC)[N+]1=CN(C=C1)C,ClC(F)F,Table S5. VLE Other
4125,4125,[bmim],[BF4],R22,348.2,0.5,0.176,F[B-](F)(F)F,C(CCC)[N+]1=CN(C=C1)C,ClC(F)F,Table S5. VLE Other
4126,4126,[bmim],[BF4],R22,348.2,0.6,0.209,F[B-](F)(F)F,C(CCC)[N+]1=CN(C=C1)C,ClC(F)F,Table S5. VLE Other
4127,4127,[bmim],[BF4],R22,348.2,0.7,0.241,F[B-](F)(F)F,C(CCC)[N+]1=CN(C=C1)C,ClC(F)F,Table S5. VLE Other
4128,4128,[bmim],[BF4],R22,348.2,0.7998,0.272,F[B-](F)(F)F,C(CCC)[N+]1=CN(C=C1)C,ClC(F)F,Table S5. VLE Other
4129,4129,[bmim],[BF4],R22,348.2,0.8998,0.301,F[B-](F)(F)F,C(CCC)[N+]1=CN(C=C1)C,ClC(F)F,Table S5. VLE Other
4130,4130,[bmim],[BF4],R22B1,283.2,0.025,0.141,F[B-](F)(F)F,C(CCC)[N+]1=CN(C=C1)C,BrC(F)F,Table S5. VLE Other
4131,4131,[bmim],[BF4],R22B1,283.1,0.05,0.267,F[B-](F)(F)F,C(CCC)[N+]1=CN(C=C1)C,BrC(F)F,Table S5. VLE Other
4132,4132,[bmim],[BF4],R22B1,283.1,0.075,0.376,F[B-](F)(F)F,C(CCC)[N+]1=CN(C=C1)C,BrC(F)F,Table S5. VLE Other
4133,4133,[bmim],[BF4],R22B1,283.1,0.1,0.472,F[B-](F)(F)F,C(CCC)[N+]1=CN(C=C1)C,BrC(F)F,Table S5. VLE Other
4134,4134,[bmim],[BF4],R22B1,283.2,0.125,0.561,F[B-](F)(F)F,C(CCC)[N+]1=CN(C=C1)C,BrC(F)F,Table S5. VLE Other
4135,4135,[bmim],[BF4],R22B1,283.2,0.15,0.633,F[B-](F)(F)F,C(CCC)[N+]1=CN(C=C1)C,BrC(F)F,Table S5. VLE Other
4136,4136,[bmim],[BF4],R22B1,283.2,0.175,0.703,F[B-](F)(F)F,C(CCC)[N+]1=CN(C=C1)C,BrC(F)F,Table S5. VLE Other
4137,4137,[bmim],[BF4],R22B1,283.2,0.2,0.763,F[B-](F)(F)F,C(CCC)[N+]1=CN(C=C1)C,BrC(F)F,Table S5. VLE Other
4138,4138,[bmim],[BF4],R22B1,298.2,0.025,0.08,F[B-](F)(F)F,C(CCC)[N+]1=CN(C=C1)C,BrC(F)F,Table S5. VLE Other
4139,4139,[bmim],[BF4],R22B1,298.2,0.05,0.158,F[B-](F)(F)F,C(CCC)[N+]1=CN(C=C1)C,BrC(F)F,Table S5. VLE Other
4140,4140,[bmim],[BF4],R22B1,298.1,0.075,0.231,F[B-](F)(F)F,C(CCC)[N+]1=CN(C=C1)C,BrC(F)F,Table S5. VLE Other
4141,4141,[bmim],[BF4],R22B1,298.2,0.1,0.299,F[B-](F)(F)F,C(CCC)[N+]1=CN(C=C1)C,BrC(F)F,Table S5. VLE Other
4142,4142,[bmim],[BF4],R22B1,298.1,0.15,0.423,F[B-](F)(F)F,C(CCC)[N+]1=CN(C=C1)C,BrC(F)F,Table S5. VLE Other
4143,4143,[bmim],[BF4],R22B1,298.2,0.2,0.534,F[B-](F)(F)F,C(CCC)[N+]1=CN(C=C1)C,BrC(F)F,Table S5. VLE Other
4144,4144,[bmim],[BF4],R22B1,298.2,0.25,0.628,F[B-](F)(F)F,C(CCC)[N+]1=CN(C=C1)C,BrC(F)F,Table S5. VLE Other
4145,4145,[bmim],[BF4],R22B1,298.2,0.3,0.709,F[B-](F)(F)F,C(CCC)[N+]1=CN(C=C1)C,BrC(F)F,Table S5. VLE Other
4146,4146,[bmim],[BF4],R22B1,298.2,0.35,0.785,F[B-](F)(F)F,C(CCC)[N+]1=CN(C=C1)C,BrC(F)F,Table S5. VLE Other
4147,4147,[bmim],[BF4],R22B1,298.1,0.3,0.709,F[B-](F)(F)F,C(CCC)[N+]1=CN(C=C1)C,BrC(F)F,Table S5. VLE Other
4148,4148,[bmim],[BF4],R22B1,298.2,0.25,0.629,F[B-](F)(F)F,C(CCC)[N+]1=CN(C=C1)C,BrC(F)F,Table S5. VLE Other
4149,4149,[bmim],[BF4],R22B1,298.2,0.2,0.537,F[B-](F)(F)F,C(CCC)[N+]1=CN(C=C1)C,BrC(F)F,Table S5. VLE Other
4150,4150,[bmim],[BF4],R22B1,298.2,0.15,0.43,F[B-](F)(F)F,C(CCC)[N+]1=CN(C=C1)C,BrC(F)F,Table S5. VLE Other
4151,4151,[bmim],[BF4],R22B1,298.2,0.1001,0.306,F[B-](F)(F)F,C(CCC)[N+]1=CN(C=C1)C,BrC(F)F,Table S5. VLE Other
4152,4152,[bmim],[BF4],R22B1,298.2,0.075,0.236,F[B-](F)(F)F,C(CCC)[N+]1=CN(C=C1)C,BrC(F)F,Table S5. VLE Other
4153,4153,[bmim],[BF4],R22B1,298.2,0.05,0.162,F[B-](F)(F)F,C(CCC)[N+]1=CN(C=C1)C,BrC(F)F,Table S5. VLE Other
4154,4154,[bmim],[BF4],R22B1,298.2,0.025,0.083,F[B-](F)(F)F,C(CCC)[N+]1=CN(C=C1)C,BrC(F)F,Table S5. VLE Other
4155,4155,[bmim],[BF4],R22B1,323.1,0.025,0.037,F[B-](F)(F)F,C(CCC)[N+]1=CN(C=C1)C,BrC(F)F,Table S5. VLE Other
4156,4156,[bmim],[BF4],R22B1,323.2,0.05,0.074,F[B-](F)(F)F,C(CCC)[N+]1=CN(C=C1)C,BrC(F)F,Table S5. VLE Other
4157,4157,[bmim],[BF4],R22B1,323.2,0.075,0.11,F[B-](F)(F)F,C(CCC)[N+]1=CN(C=C1)C,BrC(F)F,Table S5. VLE Other
4158,4158,[bmim],[BF4],R22B1,323.2,0.1,0.145,F[B-](F)(F)F,C(CCC)[N+]1=CN(C=C1)C,BrC(F)F,Table S5. VLE Other
4159,4159,[bmim],[BF4],R22B1,323.1,0.15,0.212,F[B-](F)(F)F,C(CCC)[N+]1=CN(C=C1)C,BrC(F)F,Table S5. VLE Other
4160,4160,[bmim],[BF4],R22B1,323.2,0.2,0.276,F[B-](F)(F)F,C(CCC)[N+]1=CN(C=C1)C,BrC(F)F,Table S5. VLE Other
4161,4161,[bmim],[BF4],R22B1,323.1,0.25,0.336,F[B-](F)(F)F,C(CCC)[N+]1=CN(C=C1)C,BrC(F)F,Table S5. VLE Other
4162,4162,[bmim],[BF4],R22B1,323.1,0.3,0.392,F[B-](F)(F)F,C(CCC)[N+]1=CN(C=C1)C,BrC(F)F,Table S5. VLE Other
4163,4163,[bmim],[BF4],R22B1,323.2,0.35,0.444,F[B-](F)(F)F,C(CCC)[N+]1=CN(C=C1)C,BrC(F)F,Table S5. VLE Other
4164,4164,[bmim],[BF4],R22B1,323.1,0.4,0.495,F[B-](F)(F)F,C(CCC)[N+]1=CN(C=C1)C,BrC(F)F,Table S5. VLE Other
4165,4165,[bmim],[BF4],R22B1,348.2,0.025,0.019,F[B-](F)(F)F,C(CCC)[N+]1=CN(C=C1)C,BrC(F)F,Table S5. VLE Other
4166,4166,[bmim],[BF4],R22B1,348.2,0.05,0.039,F[B-](F)(F)F,C(CCC)[N+]1=CN(C=C1)C,BrC(F)F,Table S5. VLE Other
4167,4167,[bmim],[BF4],R22B1,348.2,0.0751,0.059,F[B-](F)(F)F,C(CCC)[N+]1=CN(C=C1)C,BrC(F)F,Table S5. VLE Other
4168,4168,[bmim],[BF4],R22B1,348.1,0.1001,0.078,F[B-](F)(F)F,C(CCC)[N+]1=CN(C=C1)C,BrC(F)F,Table S5. VLE Other
4169,4169,[bmim],[BF4],R22B1,348.2,0.15,0.116,F[B-](F)(F)F,C(CCC)[N+]1=CN(C=C1)C,BrC(F)F,Table S5. VLE Other
4170,4170,[bmim],[BF4],R22B1,348.2,0.1999,0.154,F[B-](F)(F)F,C(CCC)[N+]1=CN(C=C1)C,BrC(F)F,Table S5. VLE Other
4171,4171,[bmim],[BF4],R22B1,348.2,0.2499,0.19,F[B-](F)(F)F,C(CCC)[N+]1=CN(C=C1)C,BrC(F)F,Table S5. VLE Other
4172,4172,[bmim],[BF4],R22B1,348.2,0.2999,0.224,F[B-](F)(F)F,C(CCC)[N+]1=CN(C=C1)C,BrC(F)F,Table S5. VLE Other
4173,4173,[bmim],[BF4],R22B1,348.2,0.3498,0.256,F[B-](F)(F)F,C(CCC)[N+]1=CN(C=C1)C,BrC(F)F,Table S5. VLE Other
4174,4174,[bmim],[BF4],R22B1,348.2,0.3998,0.287,F[B-](F)(F)F,C(CCC)[N+]1=CN(C=C1)C,BrC(F)F,Table S5. VLE Other
4175,4175,[bmim],[PF6],R22,283.2,0.05,0.082,F[P-](F)(F)(F)(F)F,C(CCC)[N+]1=CN(C=C1)C,ClC(F)F,Table S5. VLE Other
4176,4176,[bmim],[PF6],R22,283.2,0.1,0.163,F[P-](F)(F)(F)(F)F,C(CCC)[N+]1=CN(C=C1)C,ClC(F)F,Table S5. VLE Other
4177,4177,[bmim],[PF6],R22,283.2,0.2,0.321,F[P-](F)(F)(F)(F)F,C(CCC)[N+]1=CN(C=C1)C,ClC(F)F,Table S5. VLE Other
4178,4178,[bmim],[PF6],R22,283.2,0.3,0.461,F[P-](F)(F)(F)(F)F,C(CCC)[N+]1=CN(C=C1)C,ClC(F)F,Table S5. VLE Other
4179,4179,[bmim],[PF6],R22,283.2,0.4,0.586,F[P-](F)(F)(F)(F)F,C(CCC)[N+]1=CN(C=C1)C,ClC(F)F,Table S5. VLE Other
4180,4180,[bmim],[PF6],R22,283.2,0.5,0.699,F[P-](F)(F)(F)(F)F,C(CCC)[N+]1=CN(C=C1)C,ClC(F)F,Table S5. VLE Other
4181,4181,[bmim],[PF6],R22,283.2,0.6,0.814,F[P-](F)(F)(F)(F)F,C(CCC)[N+]1=CN(C=C1)C,ClC(F)F,Table S5. VLE Other
4182,4182,[bmim],[PF6],R22,298.2,0.05,0.05,F[P-](F)(F)(F)(F)F,C(CCC)[N+]1=CN(C=C1)C,ClC(F)F,Table S5. VLE Other
4183,4183,[bmim],[PF6],R22,298.2,0.1,0.104,F[P-](F)(F)(F)(F)F,C(CCC)[N+]1=CN(C=C1)C,ClC(F)F,Table S5. VLE Other
4184,4184,[bmim],[PF6],R22,298.2,0.2,0.207,F[P-](F)(F)(F)(F)F,C(CCC)[N+]1=CN(C=C1)C,ClC(F)F,Table S5. VLE Other
4185,4185,[bmim],[PF6],R22,298.2,0.3003,0.305,F[P-](F)(F)(F)(F)F,C(CCC)[N+]1=CN(C=C1)C,ClC(F)F,Table S5. VLE Other
4186,4186,[bmim],[PF6],R22,298.2,0.4002,0.396,F[P-](F)(F)(F)(F)F,C(CCC)[N+]1=CN(C=C1)C,ClC(F)F,Table S5. VLE Other
4187,4187,[bmim],[PF6],R22,298.2,0.5002,0.48,F[P-](F)(F)(F)(F)F,C(CCC)[N+]1=CN(C=C1)C,ClC(F)F,Table S5. VLE Other
4188,4188,[bmim],[PF6],R22,298.2,0.6,0.558,F[P-](F)(F)(F)(F)F,C(CCC)[N+]1=CN(C=C1)C,ClC(F)F,Table S5. VLE Other
4189,4189,[bmim],[PF6],R22,298.2,0.7,0.632,F[P-](F)(F)(F)(F)F,C(CCC)[N+]1=CN(C=C1)C,ClC(F)F,Table S5. VLE Other
4190,4190,[bmim],[PF6],R22,298.2,0.8,0.704,F[P-](F)(F)(F)(F)F,C(CCC)[N+]1=CN(C=C1)C,ClC(F)F,Table S5. VLE Other
4191,4191,[bmim],[PF6],R22,298.2,0.9001,0.779,F[P-](F)(F)(F)(F)F,C(CCC)[N+]1=CN(C=C1)C,ClC(F)F,Table S5. VLE Other
4192,4192,[bmim],[PF6],R22,298.2,0.8,0.704,F[P-](F)(F)(F)(F)F,C(CCC)[N+]1=CN(C=C1)C,ClC(F)F,Table S5. VLE Other
4193,4193,[bmim],[PF6],R22,298.1,0.7,0.632,F[P-](F)(F)(F)(F)F,C(CCC)[N+]1=CN(C=C1)C,ClC(F)F,Table S5. VLE Other
4194,4194,[bmim],[PF6],R22,298.2,0.6005,0.558,F[P-](F)(F)(F)(F)F,C(CCC)[N+]1=CN(C=C1)C,ClC(F)F,Table S5. VLE Other
4195,4195,[bmim],[PF6],R22,298.2,0.5003,0.481,F[P-](F)(F)(F)(F)F,C(CCC)[N+]1=CN(C=C1)C,ClC(F)F,Table S5. VLE Other
4196,4196,[bmim],[PF6],R22,298.2,0.4001,0.398,F[P-](F)(F)(F)(F)F,C(CCC)[N+]1=CN(C=C1)C,ClC(F)F,Table S5. VLE Other
4197,4197,[bmim],[PF6],R22,298.2,0.3002,0.308,F[P-](F)(F)(F)(F)F,C(CCC)[N+]1=CN(C=C1)C,ClC(F)F,Table S5. VLE Other
4198,4198,[bmim],[PF6],R22,298.2,0.2003,0.213,F[P-](F)(F)(F)(F)F,C(CCC)[N+]1=CN(C=C1)C,ClC(F)F,Table S5. VLE Other
4199,4199,[bmim],[PF6],R22,298.1,0.1006,0.109,F[P-](F)(F)(F)(F)F,C(CCC)[N+]1=CN(C=C1)C,ClC(F)F,Table S5. VLE Other
4200,4200,[bmim],[PF6],R22,298.2,0.0503,0.053,F[P-](F)(F)(F)(F)F,C(CCC)[N+]1=CN(C=C1)C,ClC(F)F,Table S5. VLE Other
4201,4201,[bmim],[PF6],R22,323.2,0.05,0.029,F[P-](F)(F)(F)(F)F,C(CCC)[N+]1=CN(C=C1)C,ClC(F)F,Table S5. VLE Other
4202,4202,[bmim],[PF6],R22,323.2,0.1,0.057,F[P-](F)(F)(F)(F)F,C(CCC)[N+]1=CN(C=C1)C,ClC(F)F,Table S5. VLE Other
4203,4203,[bmim],[PF6],R22,323.2,0.2,0.112,F[P-](F)(F)(F)(F)F,C(CCC)[N+]1=CN(C=C1)C,ClC(F)F,Table S5. VLE Other
4204,4204,[bmim],[PF6],R22,323.2,0.3,0.166,F[P-](F)(F)(F)(F)F,C(CCC)[N+]1=CN(C=C1)C,ClC(F)F,Table S5. VLE Other
4205,4205,[bmim],[PF6],R22,323.2,0.4,0.219,F[P-](F)(F)(F)(F)F,C(CCC)[N+]1=CN(C=C1)C,ClC(F)F,Table S5. VLE Other
4206,4206,[bmim],[PF6],R22,323.2,0.4996,0.27,F[P-](F)(F)(F)(F)F,C(CCC)[N+]1=CN(C=C1)C,ClC(F)F,Table S5. VLE Other
4207,4207,[bmim],[PF6],R22,323.2,0.6,0.318,F[P-](F)(F)(F)(F)F,C(CCC)[N+]1=CN(C=C1)C,ClC(F)F,Table S5. VLE Other
4208,4208,[bmim],[PF6],R22,323.2,0.7,0.365,F[P-](F)(F)(F)(F)F,C(CCC)[N+]1=CN(C=C1)C,ClC(F)F,Table S5. VLE Other
4209,4209,[bmim],[PF6],R22,323.2,0.8,0.409,F[P-](F)(F)(F)(F)F,C(CCC)[N+]1=CN(C=C1)C,ClC(F)F,Table S5. VLE Other
4210,4210,[bmim],[PF6],R22,323.2,0.8998,0.453,F[P-](F)(F)(F)(F)F,C(CCC)[N+]1=CN(C=C1)C,ClC(F)F,Table S5. VLE Other
4211,4211,[bmim],[PF6],R22,348.2,0.05,0.017,F[P-](F)(F)(F)(F)F,C(CCC)[N+]1=CN(C=C1)C,ClC(F)F,Table S5. VLE Other
4212,4212,[bmim],[PF6],R22,348.2,0.1,0.033,F[P-](F)(F)(F)(F)F,C(CCC)[N+]1=CN(C=C1)C,ClC(F)F,Table S5. VLE Other
4213,4213,[bmim],[PF6],R22,348.1,0.2,0.065,F[P-](F)(F)(F)(F)F,C(CCC)[N+]1=CN(C=C1)C,ClC(F)F,Table S5. VLE Other
4214,4214,[bmim],[PF6],R22,348.2,0.3,0.097,F[P-](F)(F)(F)(F)F,C(CCC)[N+]1=CN(C=C1)C,ClC(F)F,Table S5. VLE Other
4215,4215,[bmim],[PF6],R22,348.2,0.4,0.128,F[P-](F)(F)(F)(F)F,C(CCC)[N+]1=CN(C=C1)C,ClC(F)F,Table S5. VLE Other
4216,4216,[bmim],[PF6],R22,348.2,0.5,0.16,F[P-](F)(F)(F)(F)F,C(CCC)[N+]1=CN(C=C1)C,ClC(F)F,Table S5. VLE Other
4217,4217,[bmim],[PF6],R22,348.2,0.6001,0.191,F[P-](F)(F)(F)(F)F,C(CCC)[N+]1=CN(C=C1)C,ClC(F)F,Table S5. VLE Other
4218,4218,[bmim],[PF6],R22,348.1,0.7,0.222,F[P-](F)(F)(F)(F)F,C(CCC)[N+]1=CN(C=C1)C,ClC(F)F,Table S5. VLE Other
4219,4219,[bmim],[PF6],R22,348.1,0.7998,0.251,F[P-](F)(F)(F)(F)F,C(CCC)[N+]1=CN(C=C1)C,ClC(F)F,Table S5. VLE Other
4220,4220,[bmim],[PF6],R22,348.2,0.9,0.277,F[P-](F)(F)(F)(F)F,C(CCC)[N+]1=CN(C=C1)C,ClC(F)F,Table S5. VLE Other
4221,4221,[bmim],[PF6],R22B1,283.2,0.025,0.118,F[P-](F)(F)(F)(F)F,C(CCC)[N+]1=CN(C=C1)C,BrC(F)F,Table S5. VLE Other
4222,4222,[bmim],[PF6],R22B1,283.2,0.05,0.23,F[P-](F)(F)(F)(F)F,C(CCC)[N+]1=CN(C=C1)C,BrC(F)F,Table S5. VLE Other
4223,4223,[bmim],[PF6],R22B1,283.2,0.0749,0.334,F[P-](F)(F)(F)(F)F,C(CCC)[N+]1=CN(C=C1)C,BrC(F)F,Table S5. VLE Other
4224,4224,[bmim],[PF6],R22B1,283.2,0.1,0.429,F[P-](F)(F)(F)(F)F,C(CCC)[N+]1=CN(C=C1)C,BrC(F)F,Table S5. VLE Other
4225,4225,[bmim],[PF6],R22B1,283.2,0.1249,0.515,F[P-](F)(F)(F)(F)F,C(CCC)[N+]1=CN(C=C1)C,BrC(F)F,Table S5. VLE Other
4226,4226,[bmim],[PF6],R22B1,283.2,0.1499,0.593,F[P-](F)(F)(F)(F)F,C(CCC)[N+]1=CN(C=C1)C,BrC(F)F,Table S5. VLE Other
4227,4227,[bmim],[PF6],R22B1,283.1,0.175,0.665,F[P-](F)(F)(F)(F)F,C(CCC)[N+]1=CN(C=C1)C,BrC(F)F,Table S5. VLE Other
4228,4228,[bmim],[PF6],R22B1,283.1,0.1999,0.732,F[P-](F)(F)(F)(F)F,C(CCC)[N+]1=CN(C=C1)C,BrC(F)F,Table S5. VLE Other
4229,4229,[bmim],[PF6],R22B1,298.1,0.025,0.069,F[P-](F)(F)(F)(F)F,C(CCC)[N+]1=CN(C=C1)C,BrC(F)F,Table S5. VLE Other
4230,4230,[bmim],[PF6],R22B1,298.2,0.05,0.138,F[P-](F)(F)(F)(F)F,C(CCC)[N+]1=CN(C=C1)C,BrC(F)F,Table S5. VLE Other
4231,4231,[bmim],[PF6],R22B1,298.1,0.0749,0.204,F[P-](F)(F)(F)(F)F,C(CCC)[N+]1=CN(C=C1)C,BrC(F)F,Table S5. VLE Other
4232,4232,[bmim],[PF6],R22B1,298.2,0.1,0.267,F[P-](F)(F)(F)(F)F,C(CCC)[N+]1=CN(C=C1)C,BrC(F)F,Table S5. VLE Other
4233,4233,[bmim],[PF6],R22B1,298.1,0.15,0.386,F[P-](F)(F)(F)(F)F,C(CCC)[N+]1=CN(C=C1)C,BrC(F)F,Table S5. VLE Other
4234,4234,[bmim],[PF6],R22B1,298.1,0.1999,0.492,F[P-](F)(F)(F)(F)F,C(CCC)[N+]1=CN(C=C1)C,BrC(F)F,Table S5. VLE Other
4235,4235,[bmim],[PF6],R22B1,298.1,0.25,0.588,F[P-](F)(F)(F)(F)F,C(CCC)[N+]1=CN(C=C1)C,BrC(F)F,Table S5. VLE Other
4236,4236,[bmim],[PF6],R22B1,298.2,0.3,0.675,F[P-](F)(F)(F)(F)F,C(CCC)[N+]1=CN(C=C1)C,BrC(F)F,Table S5. VLE Other
4237,4237,[bmim],[PF6],R22B1,298.2,0.35,0.759,F[P-](F)(F)(F)(F)F,C(CCC)[N+]1=CN(C=C1)C,BrC(F)F,Table S5. VLE Other
4238,4238,[bmim],[PF6],R22B1,298.2,0.3,0.675,F[P-](F)(F)(F)(F)F,C(CCC)[N+]1=CN(C=C1)C,BrC(F)F,Table S5. VLE Other
4239,4239,[bmim],[PF6],R22B1,298.2,0.2499,0.588,F[P-](F)(F)(F)(F)F,C(CCC)[N+]1=CN(C=C1)C,BrC(F)F,Table S5. VLE Other
4240,4240,[bmim],[PF6],R22B1,298.2,0.1999,0.492,F[P-](F)(F)(F)(F)F,C(CCC)[N+]1=CN(C=C1)C,BrC(F)F,Table S5. VLE Other
4241,4241,[bmim],[PF6],R22B1,298.1,0.1499,0.386,F[P-](F)(F)(F)(F)F,C(CCC)[N+]1=CN(C=C1)C,BrC(F)F,Table S5. VLE Other
4242,4242,[bmim],[PF6],R22B1,298.2,0.0999,0.268,F[P-](F)(F)(F)(F)F,C(CCC)[N+]1=CN(C=C1)C,BrC(F)F,Table S5. VLE Other
4243,4243,[bmim],[PF6],R22B1,298.2,0.0749,0.204,F[P-](F)(F)(F)(F)F,C(CCC)[N+]1=CN(C=C1)C,BrC(F)F,Table S5. VLE Other
4244,4244,[bmim],[PF6],R22B1,298.2,0.05,0.138,F[P-](F)(F)(F)(F)F,C(CCC)[N+]1=CN(C=C1)C,BrC(F)F,Table S5. VLE Other
4245,4245,[bmim],[PF6],R22B1,298.2,0.0249,0.07,F[P-](F)(F)(F)(F)F,C(CCC)[N+]1=CN(C=C1)C,BrC(F)F,Table S5. VLE Other
4246,4246,[bmim],[PF6],R22B1,323.2,0.025,0.034,F[P-](F)(F)(F)(F)F,C(CCC)[N+]1=CN(C=C1)C,BrC(F)F,Table S5. VLE Other
4247,4247,[bmim],[PF6],R22B1,323.2,0.05,0.068,F[P-](F)(F)(F)(F)F,C(CCC)[N+]1=CN(C=C1)C,BrC(F)F,Table S5. VLE Other
4248,4248,[bmim],[PF6],R22B1,323.2,0.075,0.101,F[P-](F)(F)(F)(F)F,C(CCC)[N+]1=CN(C=C1)C,BrC(F)F,Table S5. VLE Other
4249,4249,[bmim],[PF6],R22B1,323.2,0.1,0.134,F[P-](F)(F)(F)(F)F,C(CCC)[N+]1=CN(C=C1)C,BrC(F)F,Table S5. VLE Other
4250,4250,[bmim],[PF6],R22B1,323.1,0.15,0.198,F[P-](F)(F)(F)(F)F,C(CCC)[N+]1=CN(C=C1)C,BrC(F)F,Table S5. VLE Other
4251,4251,[bmim],[PF6],R22B1,323.1,0.2,0.258,F[P-](F)(F)(F)(F)F,C(CCC)[N+]1=CN(C=C1)C,BrC(F)F,Table S5. VLE Other
4252,4252,[bmim],[PF6],R22B1,323.1,0.2449,0.316,F[P-](F)(F)(F)(F)F,C(CCC)[N+]1=CN(C=C1)C,BrC(F)F,Table S5. VLE Other
4253,4253,[bmim],[PF6],R22B1,323.2,0.2999,0.37,F[P-](F)(F)(F)(F)F,C(CCC)[N+]1=CN(C=C1)C,BrC(F)F,Table S5. VLE Other
4254,4254,[bmim],[PF6],R22B1,323.2,0.35,0.421,F[P-](F)(F)(F)(F)F,C(CCC)[N+]1=CN(C=C1)C,BrC(F)F,Table S5. VLE Other
4255,4255,[bmim],[PF6],R22B1,323.1,0.4,0.47,F[P-](F)(F)(F)(F)F,C(CCC)[N+]1=CN(C=C1)C,BrC(F)F,Table S5. VLE Other
4256,4256,[bmim],[PF6],R22B1,348.1,0.025,0.017,F[P-](F)(F)(F)(F)F,C(CCC)[N+]1=CN(C=C1)C,BrC(F)F,Table S5. VLE Other
4257,4257,[bmim],[PF6],R22B1,348.2,0.05,0.037,F[P-](F)(F)(F)(F)F,C(CCC)[N+]1=CN(C=C1)C,BrC(F)F,Table S5. VLE Other
4258,4258,[bmim],[PF6],R22B1,348.2,0.0749,0.055,F[P-](F)(F)(F)(F)F,C(CCC)[N+]1=CN(C=C1)C,BrC(F)F,Table S5. VLE Other
4259,4259,[bmim],[PF6],R22B1,348.2,0.0999,0.073,F[P-](F)(F)(F)(F)F,C(CCC)[N+]1=CN(C=C1)C,BrC(F)F,Table S5. VLE Other
4260,4260,[bmim],[PF6],R22B1,348.2,0.1498,0.107,F[P-](F)(F)(F)(F)F,C(CCC)[N+]1=CN(C=C1)C,BrC(F)F,Table S5. VLE Other
4261,4261,[bmim],[PF6],R22B1,348.2,0.1997,0.141,F[P-](F)(F)(F)(F)F,C(CCC)[N+]1=CN(C=C1)C,BrC(F)F,Table S5. VLE Other
4262,4262,[bmim],[PF6],R22B1,348.2,0.25,0.174,F[P-](F)(F)(F)(F)F,C(CCC)[N+]1=CN(C=C1)C,BrC(F)F,Table S5. VLE Other
4263,4263,[bmim],[PF6],R22B1,348.2,0.3,0.207,F[P-](F)(F)(F)(F)F,C(CCC)[N+]1=CN(C=C1)C,BrC(F)F,Table S5. VLE Other
4264,4264,[bmim],[PF6],R22B1,348.2,0.35,0.241,F[P-](F)(F)(F)(F)F,C(CCC)[N+]1=CN(C=C1)C,BrC(F)F,Table S5. VLE Other
4265,4265,[bmim],[PF6],R22B1,348.2,0.4,0.273,F[P-](F)(F)(F)(F)F,C(CCC)[N+]1=CN(C=C1)C,BrC(F)F,Table S5. VLE Other
4266,4266,[hmim],[Tf2N],R14,293.3,1.633,0.0228,FC(S(=O)(=O)[N-]S(=O)(=O)C(F)(F)F)(F)F,C(CCCCC)[N+]1=CN(C=C1)C,FC(F)(F)F,Table S5. VLE Other
4267,4267,[hmim],[Tf2N],R14,293.3,2.346,0.0325,FC(S(=O)(=O)[N-]S(=O)(=O)C(F)(F)F)(F)F,C(CCCCC)[N+]1=CN(C=C1)C,FC(F)(F)F,Table S5. VLE Other
4268,4268,[hmim],[Tf2N],R14,293.3,3.25,0.0429,FC(S(=O)(=O)[N-]S(=O)(=O)C(F)(F)F)(F)F,C(CCCCC)[N+]1=CN(C=C1)C,FC(F)(F)F,Table S5. VLE Other
4269,4269,[hmim],[Tf2N],R14,293.3,4.116,0.0515,FC(S(=O)(=O)[N-]S(=O)(=O)C(F)(F)F)(F)F,C(CCCCC)[N+]1=CN(C=C1)C,FC(F)(F)F,Table S5. VLE Other
4270,4270,[hmim],[Tf2N],R14,293.3,5.086,0.0598,FC(S(=O)(=O)[N-]S(=O)(=O)C(F)(F)F)(F)F,C(CCCCC)[N+]1=CN(C=C1)C,FC(F)(F)F,Table S5. VLE Other
4271,4271,[hmim],[Tf2N],R14,293.3,6.123,0.068,FC(S(=O)(=O)[N-]S(=O)(=O)C(F)(F)F)(F)F,C(CCCCC)[N+]1=CN(C=C1)C,FC(F)(F)F,Table S5. VLE Other
4272,4272,[hmim],[Tf2N],R14,293.3,7.322,0.0761,FC(S(=O)(=O)[N-]S(=O)(=O)C(F)(F)F)(F)F,C(CCCCC)[N+]1=CN(C=C1)C,FC(F)(F)F,Table S5. VLE Other
4273,4273,[hmim],[Tf2N],R14,293.3,9.582,0.0889,FC(S(=O)(=O)[N-]S(=O)(=O)C(F)(F)F)(F)F,C(CCCCC)[N+]1=CN(C=C1)C,FC(F)(F)F,Table S5. VLE Other
4274,4274,[hmim],[Tf2N],R14,333.2,1.428,0.0169,FC(S(=O)(=O)[N-]S(=O)(=O)C(F)(F)F)(F)F,C(CCCCC)[N+]1=CN(C=C1)C,FC(F)(F)F,Table S5. VLE Other
4275,4275,[hmim],[Tf2N],R14,333.2,2.508,0.029,FC(S(=O)(=O)[N-]S(=O)(=O)C(F)(F)F)(F)F,C(CCCCC)[N+]1=CN(C=C1)C,FC(F)(F)F,Table S5. VLE Other
4276,4276,[hmim],[Tf2N],R14,333.2,3.799,0.0417,FC(S(=O)(=O)[N-]S(=O)(=O)C(F)(F)F)(F)F,C(CCCCC)[N+]1=CN(C=C1)C,FC(F)(F)F,Table S5. VLE Other
4277,4277,[hmim],[Tf2N],R14,333.2,5.323,0.0546,FC(S(=O)(=O)[N-]S(=O)(=O)C(F)(F)F)(F)F,C(CCCCC)[N+]1=CN(C=C1)C,FC(F)(F)F,Table S5. VLE Other
4278,4278,[hmim],[Tf2N],R14,333.2,6.474,0.063,FC(S(=O)(=O)[N-]S(=O)(=O)C(F)(F)F)(F)F,C(CCCCC)[N+]1=CN(C=C1)C,FC(F)(F)F,Table S5. VLE Other
4279,4279,[hmim],[Tf2N],R14,333.2,7.695,0.0713,FC(S(=O)(=O)[N-]S(=O)(=O)C(F)(F)F)(F)F,C(CCCCC)[N+]1=CN(C=C1)C,FC(F)(F)F,Table S5. VLE Other
4280,4280,[hmim],[Tf2N],R14,373.2,1.127,0.0122,FC(S(=O)(=O)[N-]S(=O)(=O)C(F)(F)F)(F)F,C(CCCCC)[N+]1=CN(C=C1)C,FC(F)(F)F,Table S5. VLE Other
4281,4281,[hmim],[Tf2N],R14,373.2,2.131,0.0227,FC(S(=O)(=O)[N-]S(=O)(=O)C(F)(F)F)(F)F,C(CCCCC)[N+]1=CN(C=C1)C,FC(F)(F)F,Table S5. VLE Other
4282,4282,[hmim],[Tf2N],R14,373.2,3.133,0.0322,FC(S(=O)(=O)[N-]S(=O)(=O)C(F)(F)F)(F)F,C(CCCCC)[N+]1=CN(C=C1)C,FC(F)(F)F,Table S5. VLE Other
4283,4283,[hmim],[Tf2N],R14,373.2,4.668,0.0457,FC(S(=O)(=O)[N-]S(=O)(=O)C(F)(F)F)(F)F,C(CCCCC)[N+]1=CN(C=C1)C,FC(F)(F)F,Table S5. VLE Other
4284,4284,[hmim],[Tf2N],R14,373.2,6.459,0.0595,FC(S(=O)(=O)[N-]S(=O)(=O)C(F)(F)F)(F)F,C(CCCCC)[N+]1=CN(C=C1)C,FC(F)(F)F,Table S5. VLE Other
4285,4285,[hmim],[Tf2N],R14,373.2,8.386,0.073,FC(S(=O)(=O)[N-]S(=O)(=O)C(F)(F)F)(F)F,C(CCCCC)[N+]1=CN(C=C1)C,FC(F)(F)F,Table S5. VLE Other
4286,4286,[hmim],[Tf2N],R14,413.3,1.202,0.0125,FC(S(=O)(=O)[N-]S(=O)(=O)C(F)(F)F)(F)F,C(CCCCC)[N+]1=CN(C=C1)C,FC(F)(F)F,Table S5. VLE Other
4287,4287,[hmim],[Tf2N],R14,413.3,1.693,0.0173,FC(S(=O)(=O)[N-]S(=O)(=O)C(F)(F)F)(F)F,C(CCCCC)[N+]1=CN(C=C1)C,FC(F)(F)F,Table S5. VLE Other
4288,4288,[hmim],[Tf2N],R14,413.3,2.01,0.0205,FC(S(=O)(=O)[N-]S(=O)(=O)C(F)(F)F)(F)F,C(CCCCC)[N+]1=CN(C=C1)C,FC(F)(F)F,Table S5. VLE Other
4289,4289,[hmim],[Tf2N],R14,413.3,3.117,0.0306,FC(S(=O)(=O)[N-]S(=O)(=O)C(F)(F)F)(F)F,C(CCCCC)[N+]1=CN(C=C1)C,FC(F)(F)F,Table S5. VLE Other
4290,4290,[hmim],[Tf2N],R14,413.3,4.766,0.045,FC(S(=O)(=O)[N-]S(=O)(=O)C(F)(F)F)(F)F,C(CCCCC)[N+]1=CN(C=C1)C,FC(F)(F)F,Table S5. VLE Other
4291,4291,[hmim],[Tf2N],R14,413.3,6.451,0.0586,FC(S(=O)(=O)[N-]S(=O)(=O)C(F)(F)F)(F)F,C(CCCCC)[N+]1=CN(C=C1)C,FC(F)(F)F,Table S5. VLE Other
4292,4292,[hmim],[Tf2N],R14,413.3,9.006,0.0767,FC(S(=O)(=O)[N-]S(=O)(=O)C(F)(F)F)(F)F,C(CCCCC)[N+]1=CN(C=C1)C,FC(F)(F)F,Table S5. VLE Other
4293,4293,[hmim],[Tf2N],R14,303.42,0.114654,0.0015,FC(S(=O)(=O)[N-]S(=O)(=O)C(F)(F)F)(F)F,C(CCCCC)[N+]1=CN(C=C1)C,FC(F)(F)F,Table S5. VLE Other
4294,4294,[hmim],[Tf2N],R14,313.4,0.118457,0.00139,FC(S(=O)(=O)[N-]S(=O)(=O)C(F)(F)F)(F)F,C(CCCCC)[N+]1=CN(C=C1)C,FC(F)(F)F,Table S5. VLE Other
4295,4295,[hmim],[Tf2N],R14,323.44,0.122283,0.00128,FC(S(=O)(=O)[N-]S(=O)(=O)C(F)(F)F)(F)F,C(CCCCC)[N+]1=CN(C=C1)C,FC(F)(F)F,Table S5. VLE Other
4296,4296,[hmim],[Tf2N],R14,333.45,0.126093,0.00118,FC(S(=O)(=O)[N-]S(=O)(=O)C(F)(F)F)(F)F,C(CCCCC)[N+]1=CN(C=C1)C,FC(F)(F)F,Table S5. VLE Other
4297,4297,[hmim],[Tf2N],R14,343.44,0.129908,0.00106,FC(S(=O)(=O)[N-]S(=O)(=O)C(F)(F)F)(F)F,C(CCCCC)[N+]1=CN(C=C1)C,FC(F)(F)F,Table S5. VLE Other
4298,4298,[omim],[BEI],R14,303.16,0.072497,0.003167,FC(F)(F)C(F)(F)S(=O)(=O)[N-]S(=O)(=O)C(F)(F)C(F)(F)F,C(CCCCCCC)[N+]1=CN(C=C1)C,FC(F)(F)F,Table S5. VLE Other
4299,4299,[omim],[BEI],R14,303.17,0.070729,0.003279,FC(F)(F)C(F)(F)S(=O)(=O)[N-]S(=O)(=O)C(F)(F)C(F)(F)F,C(CCCCCCC)[N+]1=CN(C=C1)C,FC(F)(F)F,Table S5. VLE Other
4300,4300,[omim],[BEI],R14,313.15,0.074873,0.002977,FC(F)(F)C(F)(F)S(=O)(=O)[N-]S(=O)(=O)C(F)(F)C(F)(F)F,C(CCCCCCC)[N+]1=CN(C=C1)C,FC(F)(F)F,Table S5. VLE Other
4301,4301,[omim],[BEI],R14,313.18,0.073056,0.003052,FC(F)(F)C(F)(F)S(=O)(=O)[N-]S(=O)(=O)C(F)(F)C(F)(F)F,C(CCCCCCC)[N+]1=CN(C=C1)C,FC(F)(F)F,Table S5. VLE Other
4302,4302,[omim],[BEI],R14,323.16,0.077252,0.002786,FC(F)(F)C(F)(F)S(=O)(=O)[N-]S(=O)(=O)C(F)(F)C(F)(F)F,C(CCCCCCC)[N+]1=CN(C=C1)C,FC(F)(F)F,Table S5. VLE Other
4303,4303,[omim],[BEI],R14,323.18,0.075377,0.002868,FC(F)(F)C(F)(F)S(=O)(=O)[N-]S(=O)(=O)C(F)(F)C(F)(F)F,C(CCCCCCC)[N+]1=CN(C=C1)C,FC(F)(F)F,Table S5. VLE Other
4304,4304,[omim],[BEI],R14,333.17,0.079641,0.002538,FC(F)(F)C(F)(F)S(=O)(=O)[N-]S(=O)(=O)C(F)(F)C(F)(F)F,C(CCCCCCC)[N+]1=CN(C=C1)C,FC(F)(F)F,Table S5. VLE Other
4305,4305,[omim],[BEI],R14,333.19,0.077698,0.002679,FC(F)(F)C(F)(F)S(=O)(=O)[N-]S(=O)(=O)C(F)(F)C(F)(F)F,C(CCCCCCC)[N+]1=CN(C=C1)C,FC(F)(F)F,Table S5. VLE Other
4306,4306,[omim],[BEI],R14,343.16,0.082029,0.002281,FC(F)(F)C(F)(F)S(=O)(=O)[N-]S(=O)(=O)C(F)(F)C(F)(F)F,C(CCCCCCC)[N+]1=CN(C=C1)C,FC(F)(F)F,Table S5. VLE Other
4307,4307,[omim],[BEI],R14,343.2,0.080036,0.002416,FC(F)(F)C(F)(F)S(=O)(=O)[N-]S(=O)(=O)C(F)(F)C(F)(F)F,C(CCCCCCC)[N+]1=CN(C=C1)C,FC(F)(F)F,Table S5. VLE Other
4308,4308,[omim],[BEI],R116,303.15,0.063345,0.005893,FC(F)(F)C(F)(F)S(=O)(=O)[N-]S(=O)(=O)C(F)(F)C(F)(F)F,C(CCCCCCC)[N+]1=CN(C=C1)C,FC(F)(F)C(F)(F)F,Table S5. VLE Other
4309,4309,[omim],[BEI],R116,303.15,0.065658,0.005889,FC(F)(F)C(F)(F)S(=O)(=O)[N-]S(=O)(=O)C(F)(F)C(F)(F)F,C(CCCCCCC)[N+]1=CN(C=C1)C,FC(F)(F)C(F)(F)F,Table S5. VLE Other
4310,4310,[omim],[BEI],R116,303.17,0.064692,0.00585,FC(F)(F)C(F)(F)S(=O)(=O)[N-]S(=O)(=O)C(F)(F)C(F)(F)F,C(CCCCCCC)[N+]1=CN(C=C1)C,FC(F)(F)C(F)(F)F,Table S5. VLE Other
4311,4311,[omim],[BEI],R116,313.16,0.065513,0.005125,FC(F)(F)C(F)(F)S(=O)(=O)[N-]S(=O)(=O)C(F)(F)C(F)(F)F,C(CCCCCCC)[N+]1=CN(C=C1)C,FC(F)(F)C(F)(F)F,Table S5. VLE Other
4312,4312,[omim],[BEI],R116,313.17,0.0679,0.005203,FC(F)(F)C(F)(F)S(=O)(=O)[N-]S(=O)(=O)C(F)(F)C(F)(F)F,C(CCCCCCC)[N+]1=CN(C=C1)C,FC(F)(F)C(F)(F)F,Table S5. VLE Other
4313,4313,[omim],[BEI],R116,313.2,0.066904,0.005126,FC(F)(F)C(F)(F)S(=O)(=O)[N-]S(=O)(=O)C(F)(F)C(F)(F)F,C(CCCCCCC)[N+]1=CN(C=C1)C,FC(F)(F)C(F)(F)F,Table S5. VLE Other
4314,4314,[omim],[BEI],R116,323.16,0.067672,0.004495,FC(F)(F)C(F)(F)S(=O)(=O)[N-]S(=O)(=O)C(F)(F)C(F)(F)F,C(CCCCCCC)[N+]1=CN(C=C1)C,FC(F)(F)C(F)(F)F,Table S5. VLE Other
4315,4315,[omim],[BEI],R116,323.17,0.0702154,0.004477,FC(F)(F)C(F)(F)S(=O)(=O)[N-]S(=O)(=O)C(F)(F)C(F)(F)F,C(CCCCCCC)[N+]1=CN(C=C1)C,FC(F)(F)C(F)(F)F,Table S5. VLE Other
4316,4316,[omim],[BEI],R116,323.21,0.069127,0.004368,FC(F)(F)C(F)(F)S(=O)(=O)[N-]S(=O)(=O)C(F)(F)C(F)(F)F,C(CCCCCCC)[N+]1=CN(C=C1)C,FC(F)(F)C(F)(F)F,Table S5. VLE Other
4317,4317,[omim],[BEI],R116,333.12,0.069842,0.003768,FC(F)(F)C(F)(F)S(=O)(=O)[N-]S(=O)(=O)C(F)(F)C(F)(F)F,C(CCCCCCC)[N+]1=CN(C=C1)C,FC(F)(F)C(F)(F)F,Table S5. VLE Other
4318,4318,[omim],[BEI],R116,333.18,0.073504,0.003798,FC(F)(F)C(F)(F)S(=O)(=O)[N-]S(=O)(=O)C(F)(F)C(F)(F)F,C(CCCCCCC)[N+]1=CN(C=C1)C,FC(F)(F)C(F)(F)F,Table S5. VLE Other
4319,4319,[omim],[BEI],R116,333.18,0.071355,0.003586,FC(F)(F)C(F)(F)S(=O)(=O)[N-]S(=O)(=O)C(F)(F)C(F)(F)F,C(CCCCCCC)[N+]1=CN(C=C1)C,FC(F)(F)C(F)(F)F,Table S5. VLE Other
4320,4320,[omim],[BEI],R116,343.18,0.074663,0.003209,FC(F)(F)C(F)(F)S(=O)(=O)[N-]S(=O)(=O)C(F)(F)C(F)(F)F,C(CCCCCCC)[N+]1=CN(C=C1)C,FC(F)(F)C(F)(F)F,Table S5. VLE Other
4321,4321,[omim],[BEI],R116,343.18,0.072033,0.003103,FC(F)(F)C(F)(F)S(=O)(=O)[N-]S(=O)(=O)C(F)(F)C(F)(F)F,C(CCCCCCC)[N+]1=CN(C=C1)C,FC(F)(F)C(F)(F)F,Table S5. VLE Other
4322,4322,[omim],[BEI],R218,303.17,0.07024,0.01198,FC(F)(F)C(F)(F)S(=O)(=O)[N-]S(=O)(=O)C(F)(F)C(F)(F)F,C(CCCCCCC)[N+]1=CN(C=C1)C,FC(F)(F)C(F)(F)C(F)(F)F,Table S5. VLE Other
4323,4323,[omim],[BEI],R218,303.18,0.066317,0.01188,FC(F)(F)C(F)(F)S(=O)(=O)[N-]S(=O)(=O)C(F)(F)C(F)(F)F,C(CCCCCCC)[N+]1=CN(C=C1)C,FC(F)(F)C(F)(F)C(F)(F)F,Table S5. VLE Other
4324,4324,[omim],[BEI],R218,313.16,0.072799,0.01026,FC(F)(F)C(F)(F)S(=O)(=O)[N-]S(=O)(=O)C(F)(F)C(F)(F)F,C(CCCCCCC)[N+]1=CN(C=C1)C,FC(F)(F)C(F)(F)C(F)(F)F,Table S5. VLE Other
4325,4325,[omim],[BEI],R218,313.18,0.068744,0.01015,FC(F)(F)C(F)(F)S(=O)(=O)[N-]S(=O)(=O)C(F)(F)C(F)(F)F,C(CCCCCCC)[N+]1=CN(C=C1)C,FC(F)(F)C(F)(F)C(F)(F)F,Table S5. VLE Other
4326,4326,[omim],[BEI],R218,323.16,0.075331,0.008843,FC(F)(F)C(F)(F)S(=O)(=O)[N-]S(=O)(=O)C(F)(F)C(F)(F)F,C(CCCCCCC)[N+]1=CN(C=C1)C,FC(F)(F)C(F)(F)C(F)(F)F,Table S5. VLE Other
4327,4327,[omim],[BEI],R218,323.17,0.071139,0.008773,FC(F)(F)C(F)(F)S(=O)(=O)[N-]S(=O)(=O)C(F)(F)C(F)(F)F,C(CCCCCCC)[N+]1=CN(C=C1)C,FC(F)(F)C(F)(F)C(F)(F)F,Table S5. VLE Other
4328,4328,[omim],[BEI],R218,333.14,0.073504,0.00764,FC(F)(F)C(F)(F)S(=O)(=O)[N-]S(=O)(=O)C(F)(F)C(F)(F)F,C(CCCCCCC)[N+]1=CN(C=C1)C,FC(F)(F)C(F)(F)C(F)(F)F,Table S5. VLE Other
4329,4329,[omim],[BEI],R218,333.14,0.077825,0.007749,FC(F)(F)C(F)(F)S(=O)(=O)[N-]S(=O)(=O)C(F)(F)C(F)(F)F,C(CCCCCCC)[N+]1=CN(C=C1)C,FC(F)(F)C(F)(F)C(F)(F)F,Table S5. VLE Other
4330,4330,[omim],[BEI],R218,343.09,0.075822,0.006811,FC(F)(F)C(F)(F)S(=O)(=O)[N-]S(=O)(=O)C(F)(F)C(F)(F)F,C(CCCCCCC)[N+]1=CN(C=C1)C,FC(F)(F)C(F)(F)C(F)(F)F,Table S5. VLE Other
4331,4331,[omim],[BEI],R218,343.12,0.08028,0.006921,FC(F)(F)C(F)(F)S(=O)(=O)[N-]S(=O)(=O)C(F)(F)C(F)(F)F,C(CCCCCCC)[N+]1=CN(C=C1)C,FC(F)(F)C(F)(F)C(F)(F)F,Table S5. VLE Other
4332,4332,[omim],[Tf2N],R14,303.18,0.069453,0.001647,FC(S(=O)(=O)[N-]S(=O)(=O)C(F)(F)F)(F)F,C(CCCCCCC)[N+]1=CN(C=C1)C,FC(F)(F)F,Table S5. VLE Other
4333,4333,[omim],[Tf2N],R14,303.18,0.070315,0.001579,FC(S(=O)(=O)[N-]S(=O)(=O)C(F)(F)F)(F)F,C(CCCCCCC)[N+]1=CN(C=C1)C,FC(F)(F)F,Table S5. VLE Other
4334,4334,[omim],[Tf2N],R14,303.18,0.076026,0.001652,FC(S(=O)(=O)[N-]S(=O)(=O)C(F)(F)F)(F)F,C(CCCCCCC)[N+]1=CN(C=C1)C,FC(F)(F)F,Table S5. VLE Other
4335,4335,[omim],[Tf2N],R14,313.18,0.071727,0.001542,FC(S(=O)(=O)[N-]S(=O)(=O)C(F)(F)F)(F)F,C(CCCCCCC)[N+]1=CN(C=C1)C,FC(F)(F)F,Table S5. VLE Other
4336,4336,[omim],[Tf2N],R14,313.18,0.07261,0.001508,FC(S(=O)(=O)[N-]S(=O)(=O)C(F)(F)F)(F)F,C(CCCCCCC)[N+]1=CN(C=C1)C,FC(F)(F)F,Table S5. VLE Other
4337,4337,[omim],[Tf2N],R14,313.19,0.078522,0.001526,FC(S(=O)(=O)[N-]S(=O)(=O)C(F)(F)F)(F)F,C(CCCCCCC)[N+]1=CN(C=C1)C,FC(F)(F)F,Table S5. VLE Other
4338,4338,[omim],[Tf2N],R14,323.19,0.074905,0.001427,FC(S(=O)(=O)[N-]S(=O)(=O)C(F)(F)F)(F)F,C(CCCCCCC)[N+]1=CN(C=C1)C,FC(F)(F)F,Table S5. VLE Other
4339,4339,[omim],[Tf2N],R14,323.19,0.074,0.001444,FC(S(=O)(=O)[N-]S(=O)(=O)C(F)(F)F)(F)F,C(CCCCCCC)[N+]1=CN(C=C1)C,FC(F)(F)F,Table S5. VLE Other
4340,4340,[omim],[Tf2N],R14,323.19,0.081021,0.00138,FC(S(=O)(=O)[N-]S(=O)(=O)C(F)(F)F)(F)F,C(CCCCCCC)[N+]1=CN(C=C1)C,FC(F)(F)F,Table S5. VLE Other
4341,4341,[omim],[Tf2N],R14,333.2,0.083521,0.001231,FC(S(=O)(=O)[N-]S(=O)(=O)C(F)(F)F)(F)F,C(CCCCCCC)[N+]1=CN(C=C1)C,FC(F)(F)F,Table S5. VLE Other
4342,4342,[omim],[Tf2N],R14,333.2,0.076279,0.001304,FC(S(=O)(=O)[N-]S(=O)(=O)C(F)(F)F)(F)F,C(CCCCCCC)[N+]1=CN(C=C1)C,FC(F)(F)F,Table S5. VLE Other
4343,4343,[omim],[Tf2N],R14,342.76,0.078456,0.001174,FC(S(=O)(=O)[N-]S(=O)(=O)C(F)(F)F)(F)F,C(CCCCCCC)[N+]1=CN(C=C1)C,FC(F)(F)F,Table S5. VLE Other
4344,4344,[omim],[Tf2N],R116,303.17,0.069983,0.00304,FC(S(=O)(=O)[N-]S(=O)(=O)C(F)(F)F)(F)F,C(CCCCCCC)[N+]1=CN(C=C1)C,FC(F)(F)C(F)(F)F,Table S5. VLE Other
4345,4345,[omim],[Tf2N],R116,303.17,0.067715,0.003003,FC(S(=O)(=O)[N-]S(=O)(=O)C(F)(F)F)(F)F,C(CCCCCCC)[N+]1=CN(C=C1)C,FC(F)(F)C(F)(F)F,Table S5. VLE Other
4346,4346,[omim],[Tf2N],R116,303.17,0.066745,0.00318,FC(S(=O)(=O)[N-]S(=O)(=O)C(F)(F)F)(F)F,C(CCCCCCC)[N+]1=CN(C=C1)C,FC(F)(F)C(F)(F)F,Table S5. VLE Other
4347,4347,[omim],[Tf2N],R116,313.18,0.068969,0.002869,FC(S(=O)(=O)[N-]S(=O)(=O)C(F)(F)F)(F)F,C(CCCCCCC)[N+]1=CN(C=C1)C,FC(F)(F)C(F)(F)F,Table S5. VLE Other
4348,4348,[omim],[Tf2N],R116,313.18,0.069227,0.002714,FC(S(=O)(=O)[N-]S(=O)(=O)C(F)(F)F)(F)F,C(CCCCCCC)[N+]1=CN(C=C1)C,FC(F)(F)C(F)(F)F,Table S5. VLE Other
4349,4349,[omim],[Tf2N],R116,323.19,0.072215,0.002467,FC(S(=O)(=O)[N-]S(=O)(=O)C(F)(F)F)(F)F,C(CCCCCCC)[N+]1=CN(C=C1)C,FC(F)(F)C(F)(F)F,Table S5. VLE Other
4350,4350,[omim],[Tf2N],R116,323.19,0.071183,0.002637,FC(S(=O)(=O)[N-]S(=O)(=O)C(F)(F)F)(F)F,C(CCCCCCC)[N+]1=CN(C=C1)C,FC(F)(F)C(F)(F)F,Table S5. VLE Other
4351,4351,[omim],[Tf2N],R116,323.19,0.071459,0.002468,FC(S(=O)(=O)[N-]S(=O)(=O)C(F)(F)F)(F)F,C(CCCCCCC)[N+]1=CN(C=C1)C,FC(F)(F)C(F)(F)F,Table S5. VLE Other
4352,4352,[omim],[Tf2N],R116,333.19,0.073409,0.002328,FC(S(=O)(=O)[N-]S(=O)(=O)C(F)(F)F)(F)F,C(CCCCCCC)[N+]1=CN(C=C1)C,FC(F)(F)C(F)(F)F,Table S5. VLE Other
4353,4353,[omim],[Tf2N],R116,343.19,0.075941,0.002191,FC(S(=O)(=O)[N-]S(=O)(=O)C(F)(F)F)(F)F,C(CCCCCCC)[N+]1=CN(C=C1)C,FC(F)(F)C(F)(F)F,Table S5. VLE Other
4354,4354,[C8H4F13C1im],[BEI],R14,318.15,0.072962,0.005263,FC(F)(F)C(F)(F)S(=O)(=O)[N-]S(=O)(=O)C(F)(F)C(F)(F)F,FC(F)(F)C(F)(F)C(F)(F)C(F)(F)C(F)(F)C(F)(F)CCn1cc[n+](C)c1,FC(F)(F)F,Table S5. VLE Other
4355,4355,[C8H4F13C1im],[BEI],R14,318.19,0.07261,0.004981,FC(F)(F)C(F)(F)S(=O)(=O)[N-]S(=O)(=O)C(F)(F)C(F)(F)F,FC(F)(F)C(F)(F)C(F)(F)C(F)(F)C(F)(F)C(F)(F)CCn1cc[n+](C)c1,FC(F)(F)F,Table S5. VLE Other
4356,4356,[C8H4F13C1im],[BEI],R14,323.13,0.074105,0.00494,FC(F)(F)C(F)(F)S(=O)(=O)[N-]S(=O)(=O)C(F)(F)C(F)(F)F,FC(F)(F)C(F)(F)C(F)(F)C(F)(F)C(F)(F)C(F)(F)CCn1cc[n+](C)c1,FC(F)(F)F,Table S5. VLE Other
4357,4357,[C8H4F13C1im],[BEI],R14,323.19,0.073745,0.004836,FC(F)(F)C(F)(F)S(=O)(=O)[N-]S(=O)(=O)C(F)(F)C(F)(F)F,FC(F)(F)C(F)(F)C(F)(F)C(F)(F)C(F)(F)C(F)(F)CCn1cc[n+](C)c1,FC(F)(F)F,Table S5. VLE Other
4358,4358,[C8H4F13C1im],[BEI],R14,333.17,0.076031,0.004406,FC(F)(F)C(F)(F)S(=O)(=O)[N-]S(=O)(=O)C(F)(F)C(F)(F)F,FC(F)(F)C(F)(F)C(F)(F)C(F)(F)C(F)(F)C(F)(F)CCn1cc[n+](C)c1,FC(F)(F)F,Table S5. VLE Other
4359,4359,[C8H4F13C1im],[BEI],R14,333.2,0.076403,0.004467,FC(F)(F)C(F)(F)S(=O)(=O)[N-]S(=O)(=O)C(F)(F)C(F)(F)F,FC(F)(F)C(F)(F)C(F)(F)C(F)(F)C(F)(F)C(F)(F)CCn1cc[n+](C)c1,FC(F)(F)F,Table S5. VLE Other
4360,4360,[C8H4F13C1im],[BEI],R14,343.07,0.078273,0.004185,FC(F)(F)C(F)(F)S(=O)(=O)[N-]S(=O)(=O)C(F)(F)C(F)(F)F,FC(F)(F)C(F)(F)C(F)(F)C(F)(F)C(F)(F)C(F)(F)CCn1cc[n+](C)c1,FC(F)(F)F,Table S5. VLE Other
4361,4361,[C8H4F13C1im],[BEI],R116,318.16,0.069715,0.0107,FC(F)(F)C(F)(F)S(=O)(=O)[N-]S(=O)(=O)C(F)(F)C(F)(F)F,FC(F)(F)C(F)(F)C(F)(F)C(F)(F)C(F)(F)C(F)(F)CCn1cc[n+](C)c1,FC(F)(F)C(F)(F)F,Table S5. VLE Other
4362,4362,[C8H4F13C1im],[BEI],R116,318.18,0.063386,0.01097,FC(F)(F)C(F)(F)S(=O)(=O)[N-]S(=O)(=O)C(F)(F)C(F)(F)F,FC(F)(F)C(F)(F)C(F)(F)C(F)(F)C(F)(F)C(F)(F)CCn1cc[n+](C)c1,FC(F)(F)C(F)(F)F,Table S5. VLE Other
4363,4363,[C8H4F13C1im],[BEI],R116,318.2,0.071033,0.0107,FC(F)(F)C(F)(F)S(=O)(=O)[N-]S(=O)(=O)C(F)(F)C(F)(F)F,FC(F)(F)C(F)(F)C(F)(F)C(F)(F)C(F)(F)C(F)(F)CCn1cc[n+](C)c1,FC(F)(F)C(F)(F)F,Table S5. VLE Other
4364,4364,[C8H4F13C1im],[BEI],R116,323.15,0.070862,0.009929,FC(F)(F)C(F)(F)S(=O)(=O)[N-]S(=O)(=O)C(F)(F)C(F)(F)F,FC(F)(F)C(F)(F)C(F)(F)C(F)(F)C(F)(F)C(F)(F)CCn1cc[n+](C)c1,FC(F)(F)C(F)(F)F,Table S5. VLE Other
4365,4365,[C8H4F13C1im],[BEI],R116,323.18,0.072212,0.009758,FC(F)(F)C(F)(F)S(=O)(=O)[N-]S(=O)(=O)C(F)(F)C(F)(F)F,FC(F)(F)C(F)(F)C(F)(F)C(F)(F)C(F)(F)C(F)(F)CCn1cc[n+](C)c1,FC(F)(F)C(F)(F)F,Table S5. VLE Other
4366,4366,[C8H4F13C1im],[BEI],R116,323.19,0.064439,0.01006,FC(F)(F)C(F)(F)S(=O)(=O)[N-]S(=O)(=O)C(F)(F)C(F)(F)F,FC(F)(F)C(F)(F)C(F)(F)C(F)(F)C(F)(F)C(F)(F)CCn1cc[n+](C)c1,FC(F)(F)C(F)(F)F,Table S5. VLE Other
4367,4367,[C8H4F13C1im],[BEI],R116,333.19,0.074557,0.00823,FC(F)(F)C(F)(F)S(=O)(=O)[N-]S(=O)(=O)C(F)(F)C(F)(F)F,FC(F)(F)C(F)(F)C(F)(F)C(F)(F)C(F)(F)C(F)(F)CCn1cc[n+](C)c1,FC(F)(F)C(F)(F)F,Table S5. VLE Other
4368,4368,[C8H4F13C1im],[BEI],R116,333.21,0.066537,0.008503,FC(F)(F)C(F)(F)S(=O)(=O)[N-]S(=O)(=O)C(F)(F)C(F)(F)F,FC(F)(F)C(F)(F)C(F)(F)C(F)(F)C(F)(F)C(F)(F)CCn1cc[n+](C)c1,FC(F)(F)C(F)(F)F,Table S5. VLE Other
4369,4369,[C8H4F13C1im],[BEI],R116,343.12,0.075505,0.006636,FC(F)(F)C(F)(F)S(=O)(=O)[N-]S(=O)(=O)C(F)(F)C(F)(F)F,FC(F)(F)C(F)(F)C(F)(F)C(F)(F)C(F)(F)C(F)(F)CCn1cc[n+](C)c1,FC(F)(F)C(F)(F)F,Table S5. VLE Other
4370,4370,[C8H4F13C1im],[BEI],R116,343.23,0.076931,0.006619,FC(F)(F)C(F)(F)S(=O)(=O)[N-]S(=O)(=O)C(F)(F)C(F)(F)F,FC(F)(F)C(F)(F)C(F)(F)C(F)(F)C(F)(F)C(F)(F)CCn1cc[n+](C)c1,FC(F)(F)C(F)(F)F,Table S5. VLE Other
4371,4371,[C8H4F13C1im],[BEI],R116,343.24,0.068652,0.006916,FC(F)(F)C(F)(F)S(=O)(=O)[N-]S(=O)(=O)C(F)(F)C(F)(F)F,FC(F)(F)C(F)(F)C(F)(F)C(F)(F)C(F)(F)C(F)(F)CCn1cc[n+](C)c1,FC(F)(F)C(F)(F)F,Table S5. VLE Other
4372,4372,[C8H4F13C1im],[BEI],R218,318.2,0.071925,0.02505,FC(F)(F)C(F)(F)S(=O)(=O)[N-]S(=O)(=O)C(F)(F)C(F)(F)F,FC(F)(F)C(F)(F)C(F)(F)C(F)(F)C(F)(F)C(F)(F)CCn1cc[n+](C)c1,FC(F)(F)C(F)(F)C(F)(F)F,Table S5. VLE Other
4373,4373,[C8H4F13C1im],[BEI],R218,318.18,0.069266,0.02508,FC(F)(F)C(F)(F)S(=O)(=O)[N-]S(=O)(=O)C(F)(F)C(F)(F)F,FC(F)(F)C(F)(F)C(F)(F)C(F)(F)C(F)(F)C(F)(F)CCn1cc[n+](C)c1,FC(F)(F)C(F)(F)C(F)(F)F,Table S5. VLE Other
4374,4374,[C8H4F13C1im],[BEI],R218,323.17,0.07054,0.02295,FC(F)(F)C(F)(F)S(=O)(=O)[N-]S(=O)(=O)C(F)(F)C(F)(F)F,FC(F)(F)C(F)(F)C(F)(F)C(F)(F)C(F)(F)C(F)(F)CCn1cc[n+](C)c1,FC(F)(F)C(F)(F)C(F)(F)F,Table S5. VLE Other
4375,4375,[C8H4F13C1im],[BEI],R218,323.2,0.073264,0.02283,FC(F)(F)C(F)(F)S(=O)(=O)[N-]S(=O)(=O)C(F)(F)C(F)(F)F,FC(F)(F)C(F)(F)C(F)(F)C(F)(F)C(F)(F)C(F)(F)CCn1cc[n+](C)c1,FC(F)(F)C(F)(F)C(F)(F)F,Table S5. VLE Other
4376,4376,[C8H4F13C1im],[BEI],R218,333.17,0.073048,0.01938,FC(F)(F)C(F)(F)S(=O)(=O)[N-]S(=O)(=O)C(F)(F)C(F)(F)F,FC(F)(F)C(F)(F)C(F)(F)C(F)(F)C(F)(F)C(F)(F)CCn1cc[n+](C)c1,FC(F)(F)C(F)(F)C(F)(F)F,Table S5. VLE Other
4377,4377,[C8H4F13C1im],[BEI],R218,333.22,0.075873,0.01933,FC(F)(F)C(F)(F)S(=O)(=O)[N-]S(=O)(=O)C(F)(F)C(F)(F)F,FC(F)(F)C(F)(F)C(F)(F)C(F)(F)C(F)(F)C(F)(F)CCn1cc[n+](C)c1,FC(F)(F)C(F)(F)C(F)(F)F,Table S5. VLE Other
4378,4378,[C8H4F13C1im],[BEI],R218,343.17,0.078721,0.01403,FC(F)(F)C(F)(F)S(=O)(=O)[N-]S(=O)(=O)C(F)(F)C(F)(F)F,FC(F)(F)C(F)(F)C(F)(F)C(F)(F)C(F)(F)C(F)(F)CCn1cc[n+](C)c1,FC(F)(F)C(F)(F)C(F)(F)F,Table S5. VLE Other
4379,4379,[C8H4F13C1im],[Tf2N],R14,303.16,0.068248,0.004508,FC(S(=O)(=O)[N-]S(=O)(=O)C(F)(F)F)(F)F,FC(F)(F)C(F)(F)C(F)(F)C(F)(F)C(F)(F)C(F)(F)CCn1cc[n+](C)c1,FC(F)(F)F,Table S5. VLE Other
4380,4380,[C8H4F13C1im],[Tf2N],R14,303.17,0.068893,0.004548,FC(S(=O)(=O)[N-]S(=O)(=O)C(F)(F)F)(F)F,FC(F)(F)C(F)(F)C(F)(F)C(F)(F)C(F)(F)C(F)(F)CCn1cc[n+](C)c1,FC(F)(F)F,Table S5. VLE Other
4381,4381,[C8H4F13C1im],[Tf2N],R14,313.15,0.07115,0.004215,FC(S(=O)(=O)[N-]S(=O)(=O)C(F)(F)F)(F)F,FC(F)(F)C(F)(F)C(F)(F)C(F)(F)C(F)(F)C(F)(F)CCn1cc[n+](C)c1,FC(F)(F)F,Table S5. VLE Other
4382,4382,[C8H4F13C1im],[Tf2N],R14,313.16,0.070502,0.004145,FC(S(=O)(=O)[N-]S(=O)(=O)C(F)(F)F)(F)F,FC(F)(F)C(F)(F)C(F)(F)C(F)(F)C(F)(F)C(F)(F)CCn1cc[n+](C)c1,FC(F)(F)F,Table S5. VLE Other
4383,4383,[C8H4F13C1im],[Tf2N],R14,323.16,0.072764,0.003739,FC(S(=O)(=O)[N-]S(=O)(=O)C(F)(F)F)(F)F,FC(F)(F)C(F)(F)C(F)(F)C(F)(F)C(F)(F)C(F)(F)CCn1cc[n+](C)c1,FC(F)(F)F,Table S5. VLE Other
4384,4384,[C8H4F13C1im],[Tf2N],R14,323.17,0.073416,0.003847,FC(S(=O)(=O)[N-]S(=O)(=O)C(F)(F)F)(F)F,FC(F)(F)C(F)(F)C(F)(F)C(F)(F)C(F)(F)C(F)(F)CCn1cc[n+](C)c1,FC(F)(F)F,Table S5. VLE Other
4385,4385,[C8H4F13C1im],[Tf2N],R14,333.15,0.07503,0.003326,FC(S(=O)(=O)[N-]S(=O)(=O)C(F)(F)F)(F)F,FC(F)(F)C(F)(F)C(F)(F)C(F)(F)C(F)(F)C(F)(F)CCn1cc[n+](C)c1,FC(F)(F)F,Table S5. VLE Other
4386,4386,[C8H4F13C1im],[Tf2N],R14,333.18,0.075683,0.003502,FC(S(=O)(=O)[N-]S(=O)(=O)C(F)(F)F)(F)F,FC(F)(F)C(F)(F)C(F)(F)C(F)(F)C(F)(F)C(F)(F)CCn1cc[n+](C)c1,FC(F)(F)F,Table S5. VLE Other
4387,4387,[C8H4F13C1im],[Tf2N],R14,343.16,0.077936,0.003193,FC(S(=O)(=O)[N-]S(=O)(=O)C(F)(F)F)(F)F,FC(F)(F)C(F)(F)C(F)(F)C(F)(F)C(F)(F)C(F)(F)CCn1cc[n+](C)c1,FC(F)(F)F,Table S5. VLE Other
4388,4388,[C8H4F13C1im],[Tf2N],R116,303.15,0.067093,0.01006,FC(S(=O)(=O)[N-]S(=O)(=O)C(F)(F)F)(F)F,FC(F)(F)C(F)(F)C(F)(F)C(F)(F)C(F)(F)C(F)(F)CCn1cc[n+](C)c1,FC(F)(F)C(F)(F)F,Table S5. VLE Other
4389,4389,[C8H4F13C1im],[Tf2N],R116,303.16,0.064384,0.01041,FC(S(=O)(=O)[N-]S(=O)(=O)C(F)(F)F)(F)F,FC(F)(F)C(F)(F)C(F)(F)C(F)(F)C(F)(F)C(F)(F)CCn1cc[n+](C)c1,FC(F)(F)C(F)(F)F,Table S5. VLE Other
4390,4390,[C8H4F13C1im],[Tf2N],R116,303.16,0.0628,0.01048,FC(S(=O)(=O)[N-]S(=O)(=O)C(F)(F)F)(F)F,FC(F)(F)C(F)(F)C(F)(F)C(F)(F)C(F)(F)C(F)(F)CCn1cc[n+](C)c1,FC(F)(F)C(F)(F)F,Table S5. VLE Other
4391,4391,[C8H4F13C1im],[Tf2N],R116,313.13,0.06655,0.008904,FC(S(=O)(=O)[N-]S(=O)(=O)C(F)(F)F)(F)F,FC(F)(F)C(F)(F)C(F)(F)C(F)(F)C(F)(F)C(F)(F)CCn1cc[n+](C)c1,FC(F)(F)C(F)(F)F,Table S5. VLE Other
4392,4392,[C8H4F13C1im],[Tf2N],R116,313.14,0.06501,0.008938,FC(S(=O)(=O)[N-]S(=O)(=O)C(F)(F)F)(F)F,FC(F)(F)C(F)(F)C(F)(F)C(F)(F)C(F)(F)C(F)(F)CCn1cc[n+](C)c1,FC(F)(F)C(F)(F)F,Table S5. VLE Other
4393,4393,[C8H4F13C1im],[Tf2N],R116,313.16,0.06661,0.008704,FC(S(=O)(=O)[N-]S(=O)(=O)C(F)(F)F)(F)F,FC(F)(F)C(F)(F)C(F)(F)C(F)(F)C(F)(F)C(F)(F)CCn1cc[n+](C)c1,FC(F)(F)C(F)(F)F,Table S5. VLE Other
4394,4394,[C8H4F13C1im],[Tf2N],R116,313.17,0.069437,0.008667,FC(S(=O)(=O)[N-]S(=O)(=O)C(F)(F)F)(F)F,FC(F)(F)C(F)(F)C(F)(F)C(F)(F)C(F)(F)C(F)(F)CCn1cc[n+](C)c1,FC(F)(F)C(F)(F)F,Table S5. VLE Other
4395,4395,[C8H4F13C1im],[Tf2N],R116,318.16,0.069203,0.008059,FC(S(=O)(=O)[N-]S(=O)(=O)C(F)(F)F)(F)F,FC(F)(F)C(F)(F)C(F)(F)C(F)(F)C(F)(F)C(F)(F)CCn1cc[n+](C)c1,FC(F)(F)C(F)(F)F,Table S5. VLE Other
4396,4396,[C8H4F13C1im],[Tf2N],R116,323.13,0.067213,0.007623,FC(S(=O)(=O)[N-]S(=O)(=O)C(F)(F)F)(F)F,FC(F)(F)C(F)(F)C(F)(F)C(F)(F)C(F)(F)C(F)(F)CCn1cc[n+](C)c1,FC(F)(F)C(F)(F)F,Table S5. VLE Other
4397,4397,[C8H4F13C1im],[Tf2N],R116,323.14,0.068747,0.007676,FC(S(=O)(=O)[N-]S(=O)(=O)C(F)(F)F)(F)F,FC(F)(F)C(F)(F)C(F)(F)C(F)(F)C(F)(F)C(F)(F)CCn1cc[n+](C)c1,FC(F)(F)C(F)(F)F,Table S5. VLE Other
4398,4398,[C8H4F13C1im],[Tf2N],R116,323.17,0.071782,0.00735,FC(S(=O)(=O)[N-]S(=O)(=O)C(F)(F)F)(F)F,FC(F)(F)C(F)(F)C(F)(F)C(F)(F)C(F)(F)C(F)(F)CCn1cc[n+](C)c1,FC(F)(F)C(F)(F)F,Table S5. VLE Other
4399,4399,[C8H4F13C1im],[Tf2N],R116,323.18,0.070333,0.007523,FC(S(=O)(=O)[N-]S(=O)(=O)C(F)(F)F)(F)F,FC(F)(F)C(F)(F)C(F)(F)C(F)(F)C(F)(F)C(F)(F)CCn1cc[n+](C)c1,FC(F)(F)C(F)(F)F,Table S5. VLE Other
4400,4400,[C8H4F13C1im],[Tf2N],R116,333.04,0.072548,0.006554,FC(S(=O)(=O)[N-]S(=O)(=O)C(F)(F)F)(F)F,FC(F)(F)C(F)(F)C(F)(F)C(F)(F)C(F)(F)C(F)(F)CCn1cc[n+](C)c1,FC(F)(F)C(F)(F)F,Table S5. VLE Other
4401,4401,[C8H4F13C1im],[Tf2N],R116,333.14,0.069418,0.006455,FC(S(=O)(=O)[N-]S(=O)(=O)C(F)(F)F)(F)F,FC(F)(F)C(F)(F)C(F)(F)C(F)(F)C(F)(F)C(F)(F)CCn1cc[n+](C)c1,FC(F)(F)C(F)(F)F,Table S5. VLE Other
4402,4402,[C8H4F13C1im],[Tf2N],R116,333.16,0.07412,0.006201,FC(S(=O)(=O)[N-]S(=O)(=O)C(F)(F)F)(F)F,FC(F)(F)C(F)(F)C(F)(F)C(F)(F)C(F)(F)C(F)(F)CCn1cc[n+](C)c1,FC(F)(F)C(F)(F)F,Table S5. VLE Other
4403,4403,[C8H4F13C1im],[Tf2N],R116,343.19,0.071645,0.005284,FC(S(=O)(=O)[N-]S(=O)(=O)C(F)(F)F)(F)F,FC(F)(F)C(F)(F)C(F)(F)C(F)(F)C(F)(F)C(F)(F)CCn1cc[n+](C)c1,FC(F)(F)C(F)(F)F,Table S5. VLE Other
4404,4404,[C8H4F13C1im],[Tf2N],R218,303.16,0.061808,0.02538,FC(S(=O)(=O)[N-]S(=O)(=O)C(F)(F)F)(F)F,FC(F)(F)C(F)(F)C(F)(F)C(F)(F)C(F)(F)C(F)(F)CCn1cc[n+](C)c1,FC(F)(F)C(F)(F)C(F)(F)F,Table S5. VLE Other
4405,4405,[C8H4F13C1im],[Tf2N],R218,313.17,0.066017,0.02027,FC(S(=O)(=O)[N-]S(=O)(=O)C(F)(F)F)(F)F,FC(F)(F)C(F)(F)C(F)(F)C(F)(F)C(F)(F)C(F)(F)CCn1cc[n+](C)c1,FC(F)(F)C(F)(F)C(F)(F)F,Table S5. VLE Other
4406,4406,[C8H4F13C1im],[Tf2N],R218,313.17,0.065622,0.02043,FC(S(=O)(=O)[N-]S(=O)(=O)C(F)(F)F)(F)F,FC(F)(F)C(F)(F)C(F)(F)C(F)(F)C(F)(F)C(F)(F)CCn1cc[n+](C)c1,FC(F)(F)C(F)(F)C(F)(F)F,Table S5. VLE Other
4407,4407,[C8H4F13C1im],[Tf2N],R218,313.18,0.064339,0.02071,FC(S(=O)(=O)[N-]S(=O)(=O)C(F)(F)F)(F)F,FC(F)(F)C(F)(F)C(F)(F)C(F)(F)C(F)(F)C(F)(F)CCn1cc[n+](C)c1,FC(F)(F)C(F)(F)C(F)(F)F,Table S5. VLE Other
4408,4408,[C8H4F13C1im],[Tf2N],R218,323.13,0.068021,0.01689,FC(S(=O)(=O)[N-]S(=O)(=O)C(F)(F)F)(F)F,FC(F)(F)C(F)(F)C(F)(F)C(F)(F)C(F)(F)C(F)(F)CCn1cc[n+](C)c1,FC(F)(F)C(F)(F)C(F)(F)F,Table S5. VLE Other
4409,4409,[C8H4F13C1im],[Tf2N],R218,323.14,0.068418,0.01687,FC(S(=O)(=O)[N-]S(=O)(=O)C(F)(F)F)(F)F,FC(F)(F)C(F)(F)C(F)(F)C(F)(F)C(F)(F)C(F)(F)CCn1cc[n+](C)c1,FC(F)(F)C(F)(F)C(F)(F)F,Table S5. VLE Other
4410,4410,[C8H4F13C1im],[Tf2N],R218,323.19,0.066817,0.017,FC(S(=O)(=O)[N-]S(=O)(=O)C(F)(F)F)(F)F,FC(F)(F)C(F)(F)C(F)(F)C(F)(F)C(F)(F)C(F)(F)CCn1cc[n+](C)c1,FC(F)(F)C(F)(F)C(F)(F)F,Table S5. VLE Other
4411,4411,[C8H4F13C1im],[Tf2N],R218,333.21,0.069267,0.01388,FC(S(=O)(=O)[N-]S(=O)(=O)C(F)(F)F)(F)F,FC(F)(F)C(F)(F)C(F)(F)C(F)(F)C(F)(F)C(F)(F)CCn1cc[n+](C)c1,FC(F)(F)C(F)(F)C(F)(F)F,Table S5. VLE Other
4412,4412,[C8H4F13C1im],[Tf2N],R218,343.21,0.071675,0.01132,FC(S(=O)(=O)[N-]S(=O)(=O)C(F)(F)F)(F)F,FC(F)(F)C(F)(F)C(F)(F)C(F)(F)C(F)(F)C(F)(F)CCn1cc[n+](C)c1,FC(F)(F)C(F)(F)C(F)(F)F,Table S5. VLE Other
4413,4413,[P66614],[Tf2N],R14,303.41,0.105356,0.00267,FC(S(=O)(=O)[N-]S(=O)(=O)C(F)(F)F)(F)F,CCCCCC[P+](CCCCCC)(CCCCCC)CCCCCCCCCCCCCC,FC(F)(F)F,Table S5. VLE Other
4414,4414,[P66614],[Tf2N],R14,303.41,0.10953,0.00293,FC(S(=O)(=O)[N-]S(=O)(=O)C(F)(F)F)(F)F,CCCCCC[P+](CCCCCC)(CCCCCC)CCCCCCCCCCCCCC,FC(F)(F)F,Table S5. VLE Other
4415,4415,[P66614],[Tf2N],R14,303.43,0.104589,0.00297,FC(S(=O)(=O)[N-]S(=O)(=O)C(F)(F)F)(F)F,CCCCCC[P+](CCCCCC)(CCCCCC)CCCCCCCCCCCCCC,FC(F)(F)F,Table S5. VLE Other
4416,4416,[P66614],[Tf2N],R14,313.38,0.113144,0.0027,FC(S(=O)(=O)[N-]S(=O)(=O)C(F)(F)F)(F)F,CCCCCC[P+](CCCCCC)(CCCCCC)CCCCCCCCCCCCCC,FC(F)(F)F,Table S5. VLE Other
4417,4417,[P66614],[Tf2N],R14,313.41,0.10883,0.00257,FC(S(=O)(=O)[N-]S(=O)(=O)C(F)(F)F)(F)F,CCCCCC[P+](CCCCCC)(CCCCCC)CCCCCCCCCCCCCC,FC(F)(F)F,Table S5. VLE Other
4418,4418,[P66614],[Tf2N],R14,313.45,0.108041,0.0028799999999999,FC(S(=O)(=O)[N-]S(=O)(=O)C(F)(F)F)(F)F,CCCCCC[P+](CCCCCC)(CCCCCC)CCCCCCCCCCCCCC,FC(F)(F)F,Table S5. VLE Other
4419,4419,[P66614],[Tf2N],R14,323.39,0.116777,0.00245,FC(S(=O)(=O)[N-]S(=O)(=O)C(F)(F)F)(F)F,CCCCCC[P+](CCCCCC)(CCCCCC)CCCCCCCCCCCCCC,FC(F)(F)F,Table S5. VLE Other
4420,4420,[P66614],[Tf2N],R14,323.42,0.112313,0.00244,FC(S(=O)(=O)[N-]S(=O)(=O)C(F)(F)F)(F)F,CCCCCC[P+](CCCCCC)(CCCCCC)CCCCCCCCCCCCCC,FC(F)(F)F,Table S5. VLE Other
4421,4421,[P66614],[Tf2N],R14,323.46,0.111528,0.00232,FC(S(=O)(=O)[N-]S(=O)(=O)C(F)(F)F)(F)F,CCCCCC[P+](CCCCCC)(CCCCCC)CCCCCCCCCCCCCC,FC(F)(F)F,Table S5. VLE Other
4422,4422,[P66614],[Tf2N],R14,333.42,0.120443,0.00191,FC(S(=O)(=O)[N-]S(=O)(=O)C(F)(F)F)(F)F,CCCCCC[P+](CCCCCC)(CCCCCC)CCCCCCCCCCCCCC,FC(F)(F)F,Table S5. VLE Other
4423,4423,[P66614],[Tf2N],R14,333.42,0.114974,0.0020499999999999,FC(S(=O)(=O)[N-]S(=O)(=O)C(F)(F)F)(F)F,CCCCCC[P+](CCCCCC)(CCCCCC)CCCCCCCCCCCCCC,FC(F)(F)F,Table S5. VLE Other
4424,4424,[P66614],[Tf2N],R14,343.44,0.115029,0.00163,FC(S(=O)(=O)[N-]S(=O)(=O)C(F)(F)F)(F)F,CCCCCC[P+](CCCCCC)(CCCCCC)CCCCCCCCCCCCCC,FC(F)(F)F,Table S5. VLE Other
4425,4425,[P66614],[Tf2N],R14,343.49,0.124101,0.00165,FC(S(=O)(=O)[N-]S(=O)(=O)C(F)(F)F)(F)F,CCCCCC[P+](CCCCCC)(CCCCCC)CCCCCCCCCCCCCC,FC(F)(F)F,Table S5. VLE Other
4426,4426,[P66614],[Tf2N],R116,303.19,0.115668,0.00545,FC(S(=O)(=O)[N-]S(=O)(=O)C(F)(F)F)(F)F,CCCCCC[P+](CCCCCC)(CCCCCC)CCCCCCCCCCCCCC,FC(F)(F)C(F)(F)F,Table S5. VLE Other
4427,4427,[P66614],[Tf2N],R116,303.52,0.10554,0.00542,FC(S(=O)(=O)[N-]S(=O)(=O)C(F)(F)F)(F)F,CCCCCC[P+](CCCCCC)(CCCCCC)CCCCCCCCCCCCCC,FC(F)(F)C(F)(F)F,Table S5. VLE Other
4428,4428,[P66614],[Tf2N],R116,313.2,0.11959,0.00475,FC(S(=O)(=O)[N-]S(=O)(=O)C(F)(F)F)(F)F,CCCCCC[P+](CCCCCC)(CCCCCC)CCCCCCCCCCCCCC,FC(F)(F)C(F)(F)F,Table S5. VLE Other
4429,4429,[P66614],[Tf2N],R116,313.52,0.109118,0.00481,FC(S(=O)(=O)[N-]S(=O)(=O)C(F)(F)F)(F)F,CCCCCC[P+](CCCCCC)(CCCCCC)CCCCCCCCCCCCCC,FC(F)(F)C(F)(F)F,Table S5. VLE Other
4430,4430,[P66614],[Tf2N],R116,323.22,0.123499,0.0042699999999999,FC(S(=O)(=O)[N-]S(=O)(=O)C(F)(F)F)(F)F,CCCCCC[P+](CCCCCC)(CCCCCC)CCCCCCCCCCCCCC,FC(F)(F)C(F)(F)F,Table S5. VLE Other
4431,4431,[P66614],[Tf2N],R116,323.42,0.112658,0.00425,FC(S(=O)(=O)[N-]S(=O)(=O)C(F)(F)F)(F)F,CCCCCC[P+](CCCCCC)(CCCCCC)CCCCCCCCCCCCCC,FC(F)(F)C(F)(F)F,Table S5. VLE Other
4432,4432,[P66614],[Tf2N],R116,333.23,0.127428,0.00357,FC(S(=O)(=O)[N-]S(=O)(=O)C(F)(F)F)(F)F,CCCCCC[P+](CCCCCC)(CCCCCC)CCCCCCCCCCCCCC,FC(F)(F)C(F)(F)F,Table S5. VLE Other
4433,4433,[P66614],[Tf2N],R116,343.23,0.131348,0.00296,FC(S(=O)(=O)[N-]S(=O)(=O)C(F)(F)F)(F)F,CCCCCC[P+](CCCCCC)(CCCCCC)CCCCCCCCCCCCCC,FC(F)(F)C(F)(F)F,Table S5. VLE Other
4434,4434,[P66614],[Tf2N],R218,303.43,0.103575,0.0116,FC(S(=O)(=O)[N-]S(=O)(=O)C(F)(F)F)(F)F,CCCCCC[P+](CCCCCC)(CCCCCC)CCCCCCCCCCCCCC,FC(F)(F)C(F)(F)C(F)(F)F,Table S5. VLE Other
4435,4435,[P66614],[Tf2N],R218,303.43,0.104877,0.0114,FC(S(=O)(=O)[N-]S(=O)(=O)C(F)(F)F)(F)F,CCCCCC[P+](CCCCCC)(CCCCCC)CCCCCCCCCCCCCC,FC(F)(F)C(F)(F)C(F)(F)F,Table S5. VLE Other
4436,4436,[P66614],[Tf2N],R218,303.64,0.069638,0.0113,FC(S(=O)(=O)[N-]S(=O)(=O)C(F)(F)F)(F)F,CCCCCC[P+](CCCCCC)(CCCCCC)CCCCCCCCCCCCCC,FC(F)(F)C(F)(F)C(F)(F)F,Table S5. VLE Other
4437,4437,[P66614],[Tf2N],R218,304.45,0.041199,0.0112,FC(S(=O)(=O)[N-]S(=O)(=O)C(F)(F)F)(F)F,CCCCCC[P+](CCCCCC)(CCCCCC)CCCCCCCCCCCCCC,FC(F)(F)C(F)(F)C(F)(F)F,Table S5. VLE Other
4438,4438,[P66614],[Tf2N],R218,313.44,0.10722,0.0105,FC(S(=O)(=O)[N-]S(=O)(=O)C(F)(F)F)(F)F,CCCCCC[P+](CCCCCC)(CCCCCC)CCCCCCCCCCCCCC,FC(F)(F)C(F)(F)C(F)(F)F,Table S5. VLE Other
4439,4439,[P66614],[Tf2N],R218,313.44,0.108607,0.0101999999999999,FC(S(=O)(=O)[N-]S(=O)(=O)C(F)(F)F)(F)F,CCCCCC[P+](CCCCCC)(CCCCCC)CCCCCCCCCCCCCC,FC(F)(F)C(F)(F)C(F)(F)F,Table S5. VLE Other
4440,4440,[P66614],[Tf2N],R218,323.47,0.112325,0.0092,FC(S(=O)(=O)[N-]S(=O)(=O)C(F)(F)F)(F)F,CCCCCC[P+](CCCCCC)(CCCCCC)CCCCCCCCCCCCCC,FC(F)(F)C(F)(F)C(F)(F)F,Table S5. VLE Other
4441,4441,[P66614],[Tf2N],R218,333.53,0.116042,0.00826,FC(S(=O)(=O)[N-]S(=O)(=O)C(F)(F)F)(F)F,CCCCCC[P+](CCCCCC)(CCCCCC)CCCCCCCCCCCCCC,FC(F)(F)C(F)(F)C(F)(F)F,Table S5. VLE Other
4442,4442,[P66614],[Tf2N],R218,343.5,0.118149,0.0069,FC(S(=O)(=O)[N-]S(=O)(=O)C(F)(F)F)(F)F,CCCCCC[P+](CCCCCC)(CCCCCC)CCCCCCCCCCCCCC,FC(F)(F)C(F)(F)C(F)(F)F,Table S5. VLE Other
4443,4443,[P66614],[Tf2N],R218,343.7,0.119836,0.00695,FC(S(=O)(=O)[N-]S(=O)(=O)C(F)(F)F)(F)F,CCCCCC[P+](CCCCCC)(CCCCCC)CCCCCCCCCCCCCC,FC(F)(F)C(F)(F)C(F)(F)F,Table S5. VLE Other
