sample_id,refrigerant,true_x1,pred_v6_seed_42,pred_v6_seed_43,pred_v6_seed_44,pred_v6_seed_45,pred_v6_seed_46,pred_v6_ens_mean,sigma_v6_ens,ae_v6_ens,pred_v7a_seed_42,pred_v7a_seed_43,pred_v7a_seed_44,pred_v7a_seed_45,pred_v7a_seed_46,pred_v7a_ens_mean,sigma_v7a_ens,ae_v7a_ens,pred_v7b_seed_42,pred_v7b_seed_43,pred_v7b_seed_44,pred_v7b_seed_45,pred_v7b_seed_46,pred_v7b_ens_mean,sigma_v7b_ens,ae_v7b_ens
[emim]__[Ac]__R1234yf__283.15__0.073,R1234YF,0.009,0.043275103,0.0042932667,0.012677699,0.087429315,0.026080329,0.03475114,0.0329308,0.02575114,0.09673181,0.11388725,0.071579166,0.07739087,0.12164052,0.09624592,0.021910613,0.087245926,0.1041219,0.08900629,0.073128834,0.07342052,0.10048719,0.088032946,0.014582229,0.07903294
[emim]__[Ac]__R1234yf__283.15__0.145,R1234YF,0.019,0.05283507,0.01576925,0.030855462,0.14550504,0.042783223,0.057549607,0.05107496,0.03854961,0.17248777,0.18750794,0.124070466,0.14469977,0.19765282,0.16528375,0.0304787,0.14628376,0.18521895,0.18215951,0.15113735,0.12505406,0.17943919,0.16460182,0.025975002,0.14560182
[emim]__[Ac]__R1234yf__283.15__0.207,R1234YF,0.027,0.062425476,0.021862712,0.040661547,0.19776873,0.052003913,0.07494448,0.07028831,0.04794448,0.23886386,0.25461477,0.17222773,0.20846258,0.26868972,0.22857173,0.038641445,0.20157173,0.25014988,0.2655258,0.22837162,0.18230656,0.24597535,0.23446584,0.03201917,0.20746584
[emim]__[Ac]__R1234yf__283.15__0.266,R1234YF,0.035,0.07121709,0.02602392,0.049991082,0.24661942,0.061053652,0.09098104,0.08861316,0.055981036,0.29609406,0.3158915,0.22904988,0.2709675,0.3321543,0.28883144,0.040480915,0.25383145,0.31124818,0.33831614,0.30739105,0.24012303,0.30310255,0.3000362,0.03620824,0.2650362
[emim]__[Ac]__R1234yf__283.15__0.319,R1234YF,0.043,0.08023937,0.029530142,0.056948658,0.2908983,0.06810002,0.105143294,0.10551944,0.062143292,0.35072505,0.36855936,0.29366356,0.32745498,0.3878282,0.34564626,0.036617085,0.30264625,0.36691296,0.39393544,0.37745962,0.29202536,0.35112658,0.35629198,0.03916243,0.31329197
[emim]__[Ac]__R1234yf__283.15__0.371,R1234YF,0.051,0.08980427,0.03314723,0.06316185,0.3395257,0.0746663,0.12006108,0.12443113,0.06906108,0.4046771,0.4217183,0.35223967,0.382916,0.4425946,0.40082914,0.034918953,0.34982914,0.42006284,0.44535804,0.4401054,0.3429618,0.4018155,0.4100607,0.041288245,0.3590607
[emim]__[Ac]__R1234yf__283.15__0.42,R1234YF,0.06,0.09793629,0.03773344,0.068738826,0.38407612,0.08015376,0.13372768,0.14165449,0.07372768,0.45221946,0.47282028,0.40275884,0.4360439,0.49401724,0.45157194,0.03491903,0.39157194,0.4669661,0.49341333,0.4939372,0.38280946,0.44911563,0.4572483,0.045704763,0.3972483
[emim]__[Ac]__R1234yf__293.15__0.076,R1234YF,0.009,0.047533393,0.0028054975,0.02072541,0.07673296,0.025066786,0.03457281,0.028446143,0.02557281,0.07218619,0.089051105,0.056914568,0.053897716,0.087905616,0.07199104,0.01657578,0.06299104,0.0821784,0.06197589,0.06219153,0.048471395,0.07441046,0.065845534,0.012945144,0.056845535
[emim]__[Ac]__R1234yf__293.15__0.153,R1234YF,0.016,0.05416967,0.009393901,0.03282448,0.11527103,0.038840722,0.050099958,0.03983098,0.03409996,0.12242997,0.14297435,0.091051586,0.11219673,0.14588805,0.12290813,0.02269654,0.10690813,0.14752299,0.13362774,0.11532557,0.087818556,0.13507493,0.123873964,0.023199901,0.10787396
[emim]__[Ac]__R1234yf__293.15__0.219,R1234YF,0.022,0.05824841,0.012239654,0.03862813,0.15153491,0.047793064,0.061688833,0.053043056,0.039688833,0.17070246,0.19229202,0.12177491,0.16257912,0.19777957,0.16902561,0.030187387,0.14702561,0.20033874,0.2000014,0.1697595,0.12375448,0.18631233,0.17603329,0.031793546,0.15403329
[emim]__[Ac]__R1234yf__293.15__0.282,R1234YF,0.028,0.06406683,0.0136630405,0.045033783,0.18708107,0.05422459,0.07281386,0.066613846,0.04481386,0.21987775,0.24150424,0.16005562,0.21215598,0.24812225,0.21634316,0.034789734,0.18834317,0.24890535,0.2578348,0.22978207,0.1689032,0.23308782,0.22770265,0.034814507,0.19970265
[emim]__[Ac]__R1234yf__293.15__0.339,R1234YF,0.034,0.070203304,0.014738651,0.05025595,0.2228977,0.059279993,0.08347511,0.08066662,0.04947511,0.26502132,0.28788942,0.20588766,0.25852922,0.29874784,0.26321512,0.03599671,0.22921512,0.29497778,0.30554348,0.288829,0.2152321,0.27422523,0.27576154,0.03568319,0.24176154
[emim]__[Ac]__R1234yf__293.15__0.395,R1234YF,0.039,0.07613108,0.015246145,0.054226145,0.26052642,0.06242779,0.09371151,0.09595685,0.05471151,0.31229603,0.33383983,0.25884497,0.30661333,0.3511159,0.31254202,0.0348573,0.27354202,0.34349996,0.35357088,0.34745446,0.26427567,0.31876826,0.32551384,0.036700495,0.28651384
[emim]__[Ac]__R1234yf__293.15__0.449,R1234YF,0.046,0.08146329,0.016235724,0.0576379,0.3011721,0.06519894,0.10434159,0.112629585,0.05834159,0.35936886,0.3820389,0.3091324,0.35577536,0.40307915,0.36187893,0.035105675,0.31587893,0.39115238,0.40190732,0.39944205,0.30404118,0.36349502,0.37200758,0.040942226,0.32600757
[emim]__[Ac]__R1234yf__303.15__0.08,R1234YF,0.007,0.04822328,-0.00018734112,0.02662203,0.07159506,0.023765653,0.034003735,0.027127665,0.027003735,0.060293842,0.069551215,0.048828304,0.04322703,0.06603749,0.057587575,0.011233918,0.050587576,0.069885045,0.05210675,0.058731288,0.0352785,0.060144737,0.055229265,0.012835508,0.048229266
[emim]__[Ac]__R1234yf__303.15__0.161,R1234YF,0.012,0.053753663,0.0029067323,0.033880472,0.096015796,0.034647252,0.044240784,0.03420169,0.032240786,0.09030623,0.110658884,0.06869651,0.087434426,0.10761407,0.092942014,0.016987365,0.08094201,0.119469196,0.101437606,0.096173495,0.063923076,0.10508709,0.097218096,0.020521246,0.085218094
[emim]__[Ac]__R1234yf__303.15__0.23,R1234YF,0.018,0.05663745,0.004640553,0.03700154,0.11924423,0.040653564,0.051635467,0.042247016,0.033635467,0.118379354,0.14426279,0.085715204,0.12440315,0.14368987,0.12329008,0.023943849,0.10529008,0.15861958,0.14483674,0.12865053,0.088674694,0.14128044,0.13241239,0.026678462,0.11441239
[emim]__[Ac]__R1234yf__303.15__0.297,R1234YF,0.022,0.059382863,0.0043138117,0.03996966,0.14287256,0.046572424,0.058622263,0.05133521,0.036622263,0.15450203,0.17889537,0.11036383,0.16117701,0.18197915,0.15738349,0.028728249,0.13538349,0.19692957,0.19025251,0.17149395,0.1149435,0.17663261,0.17005043,0.032453027,0.14805043
[emim]__[Ac]__R1234yf__303.15__0.358,R1234YF,0.027,0.062062353,0.0031894706,0.0433146,0.16702124,0.050777186,0.06527297,0.061052598,0.03827297,0.19334565,0.21484055,0.13957673,0.19915524,0.22078511,0.19354066,0.03216991,0.16654067,0.23284803,0.22974128,0.21520445,0.14915971,0.20957428,0.20730555,0.03392734,0.18030556
[emim]__[Ac]__R1234yf__303.15__0.417,R1234YF,0.032,0.06597945,0.0026347376,0.046440758,0.19578724,0.053119406,0.072792314,0.072762765,0.040792312,0.23129916,0.2545532,0.17560145,0.23782961,0.26617944,0.23309259,0.03495062,0.20109259,0.27161005,0.2710312,0.26104313,0.18927488,0.24828564,0.24824898,0.034301624,0.21624897
[emim]__[Ac]__R1234yf__303.15__0.474,R1234YF,0.037,0.070278965,0.0029984154,0.048794355,0.22791307,0.054449853,0.08088694,0.08591374,0.043886937,0.27160624,0.29635468,0.21796611,0.2798078,0.3140092,0.27594882,0.036265466,0.23894882,0.3155618,0.31455922,0.30788875,0.22588125,0.2875012,0.29027843,0.0377281,0.25327843
[emim]__[Ac]__R1234yf__313.15__0.084,R1234YF,0.006,0.046579167,-0.002583146,0.02726857,0.06544691,0.020808809,0.031504065,0.025853634,0.025504064,0.050119646,0.057136066,0.042237997,0.03844144,0.05383488,0.048354007,0.007841343,0.042354006,0.06244636,0.04819369,0.05505247,0.026186973,0.051926263,0.04876115,0.013663813,0.04276115
[emim]__[Ac]__R1234yf__313.15__0.168,R1234YF,0.011,0.051923543,-0.0033476688,0.03105652,0.08246284,0.02855073,0.03812919,0.03169328,0.027129192,0.06989375,0.085229896,0.052492738,0.07187226,0.07942898,0.07178353,0.012399309,0.060783528,0.0996575,0.08320697,0.08098496,0.050046474,0.0847821,0.07973559,0.018148035,0.06873559
[emim]__[Ac]__R1234yf__313.15__0.24,R1234YF,0.015,0.054720372,-0.0032414086,0.032158624,0.095906645,0.033544485,0.042617746,0.036335107,0.027617745,0.08741684,0.10921351,0.06256036,0.09634934,0.105689704,0.09224595,0.01864152,0.07724595,0.12920262,0.1095807,0.10344549,0.06637846,0.109388806,0.10359923,0.022968674,0.08859923
[emim]__[Ac]__R1234yf__313.15__0.311,R1234YF,0.019,0.056595944,-0.0038644783,0.034025755,0.11129512,0.038297124,0.047269892,0.042002518,0.028269893,0.108850785,0.13375089,0.07880257,0.12170972,0.13311228,0.115245245,0.022762012,0.096245244,0.15802807,0.13978945,0.13613145,0.08243984,0.13621008,0.13051978,0.028364519,0.11151978
[emim]__[Ac]__R1234yf__313.15__0.375,R1234YF,0.022,0.058039334,-0.0047539286,0.035401326,0.12804678,0.041623384,0.05167138,0.0485367,0.029671378,0.13727161,0.1590878,0.09766918,0.15081333,0.16261262,0.1414909,0.026366794,0.11949091,0.186889,0.17093433,0.16925314,0.10488914,0.16259494,0.1589121,0.031488974,0.13691211
[emim]__[Ac]__R1234yf__313.15__0.438,R1234YF,0.026,0.059412807,-0.0058338866,0.037265893,0.14826618,0.04426171,0.05667454,0.056644954,0.03067454,0.16807553,0.18848592,0.12068371,0.18301447,0.19609264,0.17127044,0.03008181,0.14527044,0.22025059,0.2046348,0.2035225,0.13008527,0.19411196,0.19052103,0.0350623,0.16452104
[emim]__[Ac]__R1234yf__313.15__0.5,R1234YF,0.03,0.061696634,-0.006441664,0.0386578,0.17228314,0.04556889,0.062352955,0.066447236,0.032352954,0.20258206,0.22329433,0.15068853,0.21838494,0.23807618,0.2066052,0.03372896,0.1766052,0.25615913,0.24255593,0.24138919,0.15590748,0.23009732,0.2252218,0.03983472,0.1952218
[emim]__[Ac]__R1234yf__323.15__0.087,R1234YF,0.005,0.044111185,-0.004499357,0.024987727,0.0576978,0.016584374,0.02777635,0.024170632,0.02277635,0.04255503,0.047021873,0.037228122,0.035030026,0.045587488,0.041484505,0.005206247,0.036484506,0.0556322,0.04376841,0.05118999,0.018423807,0.04364267,0.042531416,0.014409574,0.037531417
[emim]__[Ac]__R1234yf__323.15__0.175,R1234YF,0.009,0.049155753,-0.0066453554,0.02668015,0.07108654,0.02295712,0.032646842,0.029255442,0.023646843,0.0573812,0.06783936,0.042649027,0.060484555,0.063282706,0.05832737,0.009570691,0.04932737,0.0874881,0.07180942,0.07178952,0.039685734,0.072406374,0.068635836,0.017519636,0.059635837
[emim]__[Ac]__R1234yf__323.15__0.251,R1234YF,0.012,0.051405437,-0.008257229,0.027701482,0.07915114,0.02679459,0.035359085,0.032440722,0.023359085,0.06864811,0.08435127,0.04873076,0.077618636,0.0814926,0.072168276,0.0143769225,0.060168274,0.110413715,0.08848755,0.08783527,0.052643422,0.089541875,0.08578437,0.020799996,0.073784366
[emim]__[Ac]__R1234yf__323.15__0.324,R1234YF,0.015,0.053064015,-0.009642359,0.028825141,0.088555865,0.030877821,0.0383361,0.036010254,0.023336098,0.0833178,0.10162976,0.05937002,0.09656286,0.100567445,0.088289574,0.017735649,0.07328957,0.13304934,0.109574005,0.113612145,0.06395454,0.10929019,0.10589604,0.02540166,0.09089604
[emim]__[Ac]__R1234yf__323.15__0.392,R1234YF,0.019,0.053913627,-0.011043407,0.030048046,0.09948592,0.034282733,0.041337382,0.040188238,0.022337383,0.100859344,0.11969166,0.07218587,0.118109986,0.121496275,0.10646863,0.020874456,0.08746863,0.15729854,0.13168633,0.1403487,0.078685805,0.12942722,0.12748933,0.029398581,0.10848933
[emim]__[Ac]__R1234yf__323.15__0.458,R1234YF,0.021,0.05488599,-0.0120362565,0.03109809,0.11416662,0.03697381,0.04501765,0.045805488,0.024017649,0.12278402,0.14088148,0.08856231,0.14300954,0.14792338,0.12863214,0.024334645,0.107632145,0.18317312,0.15908939,0.1679121,0.09568416,0.1530466,0.15178108,0.03334496,0.13078108
[emim]__[Ac]__R1234yf__323.15__0.523,R1234YF,0.024,0.056792226,-0.012766104,0.031852234,0.13206457,0.03870129,0.04932884,0.05285608,0.025328841,0.14978917,0.16692872,0.10641865,0.17136352,0.17857483,0.15461497,0.02894992,0.13061497,0.21407913,0.18943004,0.19793946,0.112735234,0.18525617,0.17988801,0.03912879,0.155888
[emim]__[Ac]__R1234yf__333.15__0.091,R1234YF,0.004,0.041903026,-0.006661035,0.021112673,0.0509337,0.012970474,0.024051767,0.023000084,0.020051766,0.037510812,0.038354002,0.033435605,0.031168483,0.03887862,0.0358695,0.0033891317,0.0318695,0.049765892,0.038964666,0.047963947,0.012017576,0.038361263,0.03741467,0.015100918,0.03341467
[emim]__[Ac]__R1234yf__333.15__0.182,R1234YF,0.007,0.046724927,-0.008600574,0.022318866,0.061319932,0.018064,0.027965432,0.02707137,0.02096543,0.049919408,0.0566816,0.036762755,0.053577475,0.052549757,0.049898196,0.0077317962,0.042898197,0.078132994,0.064084895,0.06607148,0.03144117,0.063648775,0.06067586,0.017385274,0.05367586
[emim]__[Ac]__R1234yf__333.15__0.261,R1234YF,0.01,0.04856075,-0.010987446,0.022968065,0.06742478,0.020673677,0.029727966,0.029837664,0.019727966,0.057397142,0.06741029,0.038808726,0.06599651,0.066977724,0.059318077,0.012176608,0.049318075,0.09799352,0.07476831,0.07857552,0.042217255,0.077925436,0.07429601,0.02013907,0.064296015
[emim]__[Ac]__R1234yf__333.15__0.338,R1234YF,0.013,0.04979995,-0.012621712,0.024157718,0.07207154,0.023583353,0.03139817,0.031796988,0.01839817,0.06829958,0.079995416,0.04618211,0.08047257,0.0822158,0.07143309,0.015155225,0.05843309,0.11757189,0.09023218,0.10162008,0.0519766,0.09311221,0.09090259,0.024221277,0.077902585
[emim]__[Ac]__R1234yf__333.15__0.408,R1234YF,0.015,0.050432388,-0.014667638,0.025037002,0.07977878,0.026865564,0.03348922,0.034871873,0.01848922,0.08098642,0.09370876,0.055579927,0.09590134,0.09737179,0.08470965,0.01752834,0.06970965,0.13884388,0.10779685,0.12209146,0.06387047,0.10813529,0.108147584,0.02782661,0.09314758
[emim]__[Ac]__R1234yf__333.15__0.478,R1234YF,0.017,0.051282972,-0.016389973,0.025708359,0.089378685,0.030018847,0.03599978,0.038630474,0.018999778,0.095861495,0.109283604,0.06764181,0.11438237,0.11565575,0.100565,0.020004524,0.083565,0.16183439,0.12832898,0.14454213,0.07584443,0.12749052,0.12760809,0.032164466,0.110608086
[emim]__[Ac]__R1234yf__333.15__0.545,R1234YF,0.02,0.05300323,-0.017522734,0.02679247,0.101671964,0.031900648,0.039169114,0.043353103,0.019169115,0.11552519,0.1284366,0.07998608,0.13657328,0.13715723,0.11953567,0.023771202,0.099535674,0.18635356,0.15285619,0.16804463,0.08691264,0.15204972,0.14924334,0.037538987,0.12924334
[emim]__[Ac]__R1234yf__343.15__0.094,R1234YF,0.003,0.039392516,-0.007849351,0.017391656,0.044804465,0.009893306,0.020726519,0.021640396,0.017726518,0.033081375,0.030974334,0.029366657,0.02687098,0.033057243,0.030670118,0.0026333213,0.027670117,0.044811144,0.033476368,0.04407186,0.0071193203,0.033122763,0.03252029,0.015256066,0.02952029
[emim]__[Ac]__R1234yf__343.15__0.189,R1234YF,0.006,0.044080965,-0.01039717,0.018527515,0.05381268,0.013665445,0.023937887,0.025553562,0.017937887,0.044339266,0.04753328,0.032654583,0.048158705,0.04477606,0.043492377,0.006283438,0.037492376,0.07163714,0.05820914,0.06226248,0.025328632,0.058410116,0.0551695,0.017547876,0.0491695
[emim]__[Ac]__R1234yf__343.15__0.271,R1234YF,0.009,0.04618426,-0.012927655,0.018573008,0.05836411,0.015528664,0.025144476,0.027979242,0.016144477,0.049955603,0.056195237,0.03229229,0.05906409,0.05675781,0.050853007,0.010910242,0.041853007,0.0884988,0.06636241,0.07286714,0.034951366,0.07072109,0.06668016,0.019605346,0.057680164
[emim]__[Ac]__R1234yf__343.15__0.35,R1234YF,0.01,0.047089923,-0.015457865,0.019071113,0.06145577,0.017845571,0.026000902,0.029728586,0.016000902,0.05844961,0.064372174,0.03654635,0.07095838,0.069313824,0.059928067,0.013949919,0.04992807,0.10629255,0.07735178,0.0928507,0.043151833,0.08254852,0.080439076,0.023594335,0.07043908
[emim]__[Ac]__R1234yf__343.15__0.424,R1234YF,0.013,0.04733612,-0.017418977,0.019793395,0.065923795,0.020526841,0.027232235,0.031603925,0.014232235,0.06863644,0.07572468,0.04370095,0.08360119,0.082638144,0.07086028,0.016334673,0.05786028,0.12527734,0.091085814,0.1105591,0.05227477,0.095454,0.09493021,0.027384989,0.081930205
[emim]__[Ac]__R1234yf__343.15__0.496,R1234YF,0.015,0.04820325,-0.019202653,0.020559512,0.07231895,0.023042947,0.028984401,0.03418888,0.013984402,0.08000605,0.087845355,0.052572228,0.09743591,0.096328095,0.08283752,0.018331613,0.06783752,0.14618616,0.10795766,0.12811515,0.06281337,0.11097421,0.11120931,0.031072425,0.09620931
[emim]__[Ac]__R1234yf__343.15__0.568,R1234YF,0.018,0.049801268,-0.020288084,0.02141343,0.080993384,0.025110342,0.031406067,0.037446827,0.013406068,0.09482761,0.103441335,0.06213798,0.11346054,0.11240691,0.09725488,0.021033118,0.07925488,0.16858405,0.12788194,0.14887959,0.07166688,0.1316898,0.12974045,0.03624543,0.11174045
[emim]__[BF4]__R1234yf__283.15__0.0592,R1234YF,0.0065,0.040887065,0.0042327754,0.011019923,0.020465788,0.024821773,0.020285465,0.014040794,0.013785465,0.021393374,0.030283667,0.026932776,0.027089622,0.07509701,0.03615929,0.022000505,0.029659288,0.038846433,0.0198313,0.025250003,0.016081205,0.023888402,0.024779469,0.008646373,0.018279469
[emim]__[BF4]__R1234yf__283.15__0.1096,R1234YF,0.0121,0.050397195,0.01271778,0.026071452,0.034500964,0.03790322,0.032318123,0.014017893,0.020218123,0.03493565,0.052750137,0.042490456,0.054716732,0.12516502,0.0620116,0.03619919,0.0499116,0.06444713,0.04504239,0.042313293,0.035405014,0.050205402,0.047482647,0.010882937,0.035382647
[emim]__[BF4]__R1234yf__283.15__0.1594,R1234YF,0.0174,0.05795756,0.020288348,0.03731446,0.048870992,0.048462737,0.04257882,0.014450746,0.02517882,0.04763643,0.07542448,0.059159063,0.083316654,0.18125561,0.08935845,0.053217657,0.07195845,0.09420488,0.070372894,0.056518182,0.055686384,0.07670898,0.07069826,0.015931312,0.05329826
[emim]__[BF4]__R1234yf__283.15__0.2062,R1234YF,0.0228,0.06642416,0.025669446,0.045146998,0.062972985,0.056016095,0.051245935,0.016446963,0.028445935,0.06119656,0.098161876,0.07321089,0.116612166,0.23609513,0.11705532,0.069946714,0.09425532,0.12712541,0.092775315,0.06773198,0.0756995,0.10375816,0.09341808,0.02354378,0.07061808
[emim]__[BF4]__R1234yf__283.15__0.2512,R1234YF,0.0279,0.07380875,0.030029241,0.053498745,0.07743901,0.063833185,0.059721787,0.019036936,0.031821787,0.07638536,0.12362395,0.08778058,0.15237345,0.28895858,0.14582439,0.08546053,0.11792439,0.16046682,0.114742875,0.078234546,0.0963012,0.13521434,0.11699196,0.032239035,0.08909196
[emim]__[BF4]__R1234yf__283.15__0.2972,R1234YF,0.0337,0.08252658,0.033605434,0.060351096,0.09357396,0.07166298,0.06834401,0.023018287,0.03464401,0.09278424,0.15406698,0.106650084,0.19440241,0.3434252,0.17826578,0.100696966,0.14456578,0.19520521,0.1424143,0.090148345,0.12058354,0.1724467,0.14415963,0.04147863,0.110459626
[emim]__[BF4]__R1234yf__283.15__0.3411,R1234YF,0.0398,0.091329835,0.0370584,0.06616792,0.11194441,0.077842906,0.07686869,0.028016714,0.03706869,0.10837263,0.18767168,0.12983479,0.23490712,0.3933017,0.21081758,0.11343464,0.17101757,0.23174815,0.1723677,0.10323399,0.14435503,0.21190143,0.17272127,0.05160549,0.13292126
[emim]__[BF4]__R1234yf__293.15__0.0618,R1234YF,0.0052,0.046663985,0.003328953,0.020694286,0.017356534,0.024674002,0.02254355,0.015699202,0.017343549,0.018987417,0.030704003,0.024230227,0.025495978,0.05779948,0.031443425,0.015311294,0.026243424,0.033132687,0.01817523,0.022566125,0.007990263,0.022659339,0.02090473,0.009077382,0.015704729
[emim]__[BF4]__R1234yf__293.15__0.1144,R1234YF,0.0095,0.05254387,0.0093520805,0.031712167,0.028311292,0.035563774,0.031496637,0.015492756,0.021996636,0.027314771,0.046029747,0.03533742,0.044702135,0.08959598,0.048596006,0.024142426,0.039096005,0.04983867,0.037802413,0.03439186,0.022146225,0.038942315,0.036624294,0.009949612,0.027124293
[emim]__[BF4]__R1234yf__293.15__0.1665,R1234YF,0.0139,0.056526158,0.013057005,0.037776135,0.037450314,0.044131834,0.037788287,0.01583587,0.023888286,0.03428211,0.058447164,0.04454884,0.060948886,0.12431869,0.06450914,0.035137914,0.050609138,0.06730145,0.05284991,0.04585912,0.03595585,0.052544598,0.050902188,0.011448281,0.037002187
[emim]__[BF4]__R1234yf__293.15__0.2158,R1234YF,0.0178,0.060966,0.014898317,0.042445406,0.047384202,0.05082165,0.043303113,0.017267957,0.025503114,0.042148758,0.07021552,0.05221338,0.07535833,0.16216378,0.08041996,0.047623783,0.062619954,0.086263776,0.0653457,0.055286005,0.050635923,0.06715618,0.06493752,0.013762137,0.047137517
[emim]__[BF4]__R1234yf__293.15__0.2632,R1234YF,0.0216,0.06592958,0.016054016,0.0475075,0.057276648,0.05630658,0.048614867,0.019335352,0.027014866,0.05048252,0.08442608,0.060690388,0.095192544,0.20495883,0.09915008,0.061797306,0.077550076,0.110238,0.07831829,0.06341148,0.06465101,0.086764514,0.08067666,0.019179447,0.05907666
[emim]__[BF4]__R1234yf__293.15__0.3121,R1234YF,0.0257,0.07172626,0.017419104,0.052427,0.06667541,0.061502635,0.053950083,0.021632152,0.028250083,0.06040465,0.103041165,0.07126386,0.123217046,0.2504149,0.121668324,0.07618874,0.09596832,0.13675244,0.095402,0.071365856,0.077417985,0.11344064,0.09887578,0.026814533,0.07317579
[emim]__[BF4]__R1234yf__293.15__0.3585,R1234YF,0.0297,0.077132955,0.018366192,0.05625328,0.07672815,0.06464781,0.058625676,0.024150256,0.028925676,0.07064587,0.12373811,0.08543003,0.15229048,0.29565495,0.14555189,0.08983002,0.115851894,0.1629019,0.11549853,0.0802796,0.09359151,0.14142929,0.118740164,0.033864554,0.08904016
[emim]__[BF4]__R1234yf__303.15__0.0643,R1234YF,0.0042,0.04838101,0.0012640432,0.026758451,0.016023088,0.024160054,0.023317328,0.017177694,0.019117327,0.018054634,0.030605182,0.023284659,0.027076852,0.050504766,0.029905219,0.01242074,0.025705218,0.032170035,0.018664926,0.022190556,0.002616495,0.024565414,0.020041484,0.010928305,0.015841484
[emim]__[BF4]__R1234yf__303.15__0.1193,R1234YF,0.0076,0.05356682,0.003954198,0.035586122,0.023788737,0.03382723,0.03014462,0.018152868,0.02254462,0.024254039,0.04240428,0.030434273,0.04110957,0.07015449,0.04167133,0.017619425,0.034071326,0.042836197,0.03370335,0.030646142,0.015272204,0.03627748,0.031747073,0.010246385,0.024147073
[emim]__[BF4]__R1234yf__303.15__0.1737,R1234YF,0.0112,0.05633042,0.0062740333,0.038573436,0.031097729,0.03973662,0.03440245,0.01822646,0.02320245,0.02783484,0.048391536,0.034258626,0.048539266,0.089011334,0.04960712,0.023795579,0.03840712,0.05210141,0.042412657,0.038091715,0.025806237,0.04152117,0.03998664,0.00948265,0.02878664
[emim]__[BF4]__R1234yf__303.15__0.2253,R1234YF,0.0145,0.05864632,0.007682599,0.04090263,0.037481893,0.044392783,0.037821244,0.018673623,0.023321245,0.032800637,0.05446447,0.037893668,0.05391169,0.1122885,0.058271788,0.03168343,0.04377179,0.062150933,0.04859743,0.045509048,0.03453566,0.048013274,0.04776127,0.009846501,0.03326127
[emim]__[BF4]__R1234yf__303.15__0.2752,R1234YF,0.0175,0.06113429,0.0076581873,0.043555297,0.04343058,0.049393803,0.04103443,0.019999707,0.02353443,0.038174022,0.062307265,0.041724604,0.06308362,0.14064983,0.069187865,0.041555703,0.051687866,0.076085575,0.055636935,0.050984874,0.044016954,0.058066286,0.056958128,0.01195812,0.039458126
[emim]__[BF4]__R1234yf__303.15__0.3265,R1234YF,0.0208,0.063884966,0.0070844516,0.046365913,0.049527213,0.05350896,0.044074304,0.021706622,0.023274304,0.043527603,0.07239361,0.048577514,0.07902508,0.17356788,0.08341833,0.052614015,0.06261833,0.09480628,0.065983854,0.056206994,0.054251477,0.07457223,0.06916417,0.016486026,0.04836417
[emim]__[BF4]__R1234yf__303.15__0.3755,R1234YF,0.0239,0.066885814,0.0058566704,0.048677806,0.0558525,0.055867203,0.046628,0.023703039,0.022727998,0.049302652,0.0845962,0.05777193,0.096699536,0.20941597,0.09955726,0.06436706,0.075657256,0.11435543,0.07925268,0.061912253,0.06413753,0.09427624,0.08278682,0.021935232,0.05888682
[emim]__[BF4]__R1234yf__313.15__0.0671,R1234YF,0.0035,0.046694297,0.00030986592,0.027615078,0.015028313,0.021194354,0.022168381,0.017036073,0.018668381,0.016576909,0.026963519,0.022410631,0.026038028,0.044489425,0.027295703,0.010441177,0.023795703,0.031613015,0.016944118,0.020763732,-0.0018760152,0.02600471,0.018689912,0.012755575,0.015189912
[emim]__[BF4]__R1234yf__313.15__0.1241,R1234YF,0.0065,0.051324215,-0.0008224137,0.0338882,0.021054957,0.02932521,0.02695403,0.019065289,0.02045403,0.02133008,0.03721337,0.027057692,0.03730753,0.057993226,0.03618038,0.013981171,0.02968038,0.04017429,0.029790282,0.028496623,0.009836681,0.034016326,0.028462838,0.011365477,0.021962838
[emim]__[BF4]__R1234yf__313.15__0.1807,R1234YF,0.0095,0.054536205,-0.00035918877,0.03540112,0.026937217,0.034267448,0.030156558,0.01987679,0.02065656,0.02425488,0.04141105,0.028515011,0.040819936,0.06896128,0.04079243,0.017450595,0.03129243,0.043940227,0.03600257,0.0346059,0.01892938,0.036964618,0.03408854,0.009206776,0.02458854
[emim]__[BF4]__R1234yf__313.15__0.2345,R1234YF,0.0122,0.056554552,-0.00029544532,0.036362424,0.030899487,0.03818674,0.03234155,0.020638896,0.020141551,0.027379923,0.045285486,0.029198933,0.043618437,0.083828084,0.045862176,0.022726826,0.033662178,0.04867537,0.03989429,0.038899086,0.026461974,0.039298967,0.038645934,0.007922868,0.026445935
[emim]__[BF4]__R1234yf__313.15__0.2867,R1234YF,0.0147,0.05846605,-0.00039617345,0.03808776,0.034389004,0.041969758,0.03450328,0.021568472,0.019803282,0.03071089,0.04941491,0.031203978,0.049151238,0.10071437,0.05223908,0.028606394,0.03753908,0.056820825,0.044621922,0.042845666,0.031380102,0.043578967,0.043849498,0.009019682,0.029149499
[emim]__[BF4]__R1234yf__313.15__0.3406,R1234YF,0.0173,0.059883907,-0.0011342205,0.039086796,0.03847659,0.04551339,0.036365293,0.02266545,0.019065293,0.03500893,0.05475267,0.035285067,0.056613266,0.12149486,0.06063096,0.03554579,0.04333096,0.06821977,0.05077049,0.04690678,0.03790576,0.05365265,0.05149109,0.0110749435,0.034191087
[emim]__[BF4]__R1234yf__313.15__0.3919,R1234YF,0.02,0.061072875,-0.0019748919,0.04017923,0.042655595,0.048227325,0.03803203,0.023776913,0.01803203,0.038972862,0.062037487,0.041003887,0.06651138,0.14403538,0.0705122,0.04289218,0.0505122,0.08144985,0.058708496,0.050569683,0.04572872,0.06718102,0.060727555,0.014171139,0.040727556
[emim]__[BF4]__R1234yf__323.15__0.0695,R1234YF,0.0028,0.044436894,-0.0014352389,0.025386281,0.013054285,0.017646715,0.019817788,0.01687645,0.01701779,0.013801642,0.022079436,0.02060081,0.02292893,0.037859898,0.023454145,0.008817649,0.020654146,0.030096978,0.014447242,0.018867932,-0.0034443438,0.023903467,0.016774256,0.012717221,0.013974256
[emim]__[BF4]__R1234yf__323.15__0.1289,R1234YF,0.0052,0.04868668,-0.0029466562,0.029899478,0.018162388,0.024298307,0.02362004,0.01873368,0.018420039,0.018205814,0.0322344,0.024594463,0.032964643,0.04855838,0.03131154,0.011378896,0.026111541,0.038142696,0.026356392,0.026470415,0.0067164116,0.03209807,0.025956798,0.011798593,0.020756798
[emim]__[BF4]__R1234yf__323.15__0.1876,R1234YF,0.0077,0.051457457,-0.0041826405,0.030731417,0.02337414,0.0281526,0.025906596,0.019955859,0.018206596,0.02051336,0.035462476,0.024658374,0.035276897,0.05645457,0.034473132,0.0139285065,0.026773132,0.03972841,0.03133768,0.03180692,0.0141568035,0.033934034,0.030192768,0.009565486,0.022492768
[emim]__[BF4]__R1234yf__323.15__0.2436,R1234YF,0.0101,0.05319927,-0.0053704493,0.031622037,0.026583575,0.03129691,0.027466267,0.021054458,0.017366268,0.022668242,0.038693707,0.0242275,0.03734452,0.06686708,0.03796021,0.017740885,0.02786021,0.041608367,0.03457844,0.03480424,0.019683266,0.03498336,0.033131532,0.008078263,0.023031533
[emim]__[BF4]__R1234yf__323.15__0.298,R1234YF,0.0122,0.05478206,-0.006304115,0.032351397,0.028941402,0.03412191,0.028778529,0.022069884,0.016578529,0.025289528,0.041430913,0.02514305,0.040665835,0.078447744,0.042195413,0.021758605,0.029995413,0.04588608,0.03839777,0.038041405,0.023597367,0.037033677,0.03659126,0.008074606,0.024391262
[emim]__[BF4]__R1234yf__323.15__0.3543,R1234YF,0.0145,0.05602971,-0.0076161176,0.033256337,0.031782925,0.036974713,0.030085513,0.023210509,0.015585514,0.028818324,0.044729315,0.027563807,0.045890197,0.092796445,0.04795962,0.026492625,0.03345962,0.05314435,0.043320008,0.041129123,0.027847277,0.042505078,0.041589163,0.009033385,0.027089164
[emim]__[BF4]__R1234yf__323.15__0.4081,R1234YF,0.017,0.056786686,-0.00880092,0.034038723,0.034818113,0.03967686,0.03130389,0.024226557,0.014303889,0.031948395,0.048741274,0.031565007,0.05184904,0.10754751,0.05433024,0.031179613,0.03733024,0.06194935,0.04957741,0.043918915,0.033228423,0.05167982,0.04807078,0.010552765,0.03107078
[emim]__[BF4]__R1234yf__333.15__0.0723,R1234YF,0.0023,0.042104475,-0.0034592561,0.02161707,0.011338193,0.014580086,0.017236114,0.016641563,0.014936114,0.010771923,0.01796367,0.017985687,0.0188298,0.032412924,0.019592801,0.00787373,0.017292801,0.026899919,0.011467621,0.016825229,-0.005322002,0.020524196,0.014078992,0.012213482,0.011778993
[emim]__[BF4]__R1234yf__333.15__0.1336,R1234YF,0.0043,0.046217237,-0.0050003976,0.0255948,0.016150232,0.019904561,0.020573286,0.018417733,0.016273286,0.015162371,0.027800836,0.02169256,0.028968517,0.041801274,0.02708511,0.00989768,0.02278511,0.035681814,0.02353986,0.02451551,0.0045490786,0.030067284,0.023670709,0.011742555,0.019370709
[emim]__[BF4]__R1234yf__333.15__0.1945,R1234YF,0.0063,0.04894895,-0.0064933784,0.025788859,0.020424582,0.022642087,0.02226222,0.0197169,0.015962219,0.016894102,0.030115087,0.021281846,0.031101553,0.047906674,0.029459853,0.011918344,0.023159852,0.036566764,0.02838232,0.028823491,0.011621613,0.032039717,0.02748678,0.0094534075,0.02118678
[emim]__[BF4]__R1234yf__333.15__0.2526,R1234YF,0.0085,0.050459877,-0.008170735,0.02644863,0.02355583,0.024836592,0.02342604,0.020858614,0.014926039,0.018615752,0.032933347,0.020752087,0.032431178,0.055903032,0.03212708,0.014815405,0.023627078,0.03736332,0.031369235,0.031362437,0.01604963,0.032979168,0.029824758,0.008082146,0.021324757
[emim]__[BF4]__R1234yf__333.15__0.3092,R1234YF,0.0105,0.051434968,-0.0095460005,0.027136311,0.025268119,0.026691675,0.024197016,0.021774452,0.013697016,0.020364337,0.035480745,0.020674568,0.034889705,0.06484439,0.03525075,0.018097218,0.02475075,0.039705813,0.03460499,0.034281425,0.01870702,0.034330264,0.0323259,0.007952559,0.021825902
[emim]__[BF4]__R1234yf__333.15__0.3678,R1234YF,0.0125,0.052605547,-0.010868996,0.027828649,0.027378898,0.028952613,0.025179341,0.022791302,0.012679341,0.023380794,0.03742343,0.022083767,0.038809482,0.074797414,0.039298974,0.021293474,0.026798975,0.044558592,0.039058354,0.037157975,0.021719046,0.037724495,0.036043692,0.00852722,0.023543693
[emim]__[BF4]__R1234yf__333.15__0.4239,R1234YF,0.0142,0.052904435,-0.012445416,0.028541055,0.029916817,0.031855572,0.026154492,0.0237585,0.011954492,0.025941495,0.03999046,0.025299568,0.043334678,0.08628891,0.044171024,0.024902511,0.029971024,0.051080685,0.044977278,0.039165705,0.025378864,0.04412627,0.04094576,0.009677065,0.02674576
[emim]__[BF4]__R1234yf__343.15__0.0749,R1234YF,0.0019,0.039508585,-0.005064998,0.017934885,0.009634946,0.011728339,0.014748352,0.016210021,0.012848351,0.0079538375,0.014322173,0.015158456,0.014950566,0.027388774,0.01595476,0.0070544183,0.01405476,0.023491234,0.008012354,0.014239684,-0.007701844,0.016807579,0.010969801,0.011820902,0.0090698
[emim]__[BF4]__R1234yf__343.15__0.1382,R1234YF,0.0037,0.04341427,-0.006403476,0.021540478,0.014485769,0.015755057,0.01775842,0.017825875,0.0140584195,0.012373857,0.024223443,0.018759541,0.025403935,0.036617234,0.023475602,0.008978728,0.019775603,0.032571305,0.020755325,0.022339083,0.002638489,0.027902946,0.02124143,0.011404521,0.01754143
[emim]__[BF4]__R1234yf__343.15__0.2014,R1234YF,0.0053,0.046375506,-0.008019071,0.02138786,0.018491287,0.01778606,0.019204328,0.019278707,0.0139043275,0.013719909,0.026196413,0.018526167,0.02765969,0.041481126,0.025516663,0.010582405,0.020216662,0.034116246,0.025818963,0.026331544,0.009475756,0.030696705,0.025287842,0.009468236,0.019987842
[emim]__[BF4]__R1234yf__343.15__0.2618,R1234YF,0.007,0.047967106,-0.009821646,0.021931406,0.020999841,0.019526508,0.020120645,0.020471755,0.013120645,0.015277997,0.028224336,0.017802406,0.028601833,0.047704034,0.027522122,0.012780453,0.020522121,0.034462005,0.029191766,0.028753296,0.013922444,0.031869777,0.027639857,0.008003898,0.020639855
[emim]__[BF4]__R1234yf__343.15__0.3203,R1234YF,0.0086,0.048792534,-0.011644222,0.022392616,0.022503432,0.020867594,0.020582391,0.02145586,0.011982391,0.016590863,0.03026751,0.017073259,0.030703075,0.055131108,0.029953163,0.015644751,0.021353163,0.03607227,0.03233773,0.031382665,0.016386602,0.033609066,0.029957663,0.0077876532,0.021357663
[emim]__[BF4]__R1234yf__343.15__0.3813,R1234YF,0.0102,0.04920997,-0.013760667,0.022844251,0.024258558,0.022869714,0.021084365,0.022481026,0.010884364,0.018666431,0.031934835,0.017559893,0.03451852,0.06302544,0.033141024,0.018362435,0.022941023,0.038908474,0.036412187,0.034167472,0.018583806,0.035909947,0.032796375,0.008124088,0.022596374
[emim]__[BF4]__R1234yf__343.15__0.4399,R1234YF,0.0119,0.04983998,-0.015405592,0.023036908,0.026650183,0.025038768,0.021832049,0.023484224,0.009932049,0.020789377,0.033458598,0.020286579,0.03825832,0.07183304,0.03692518,0.02103307,0.025025181,0.044164743,0.041595474,0.035983037,0.020997152,0.040589128,0.03666591,0.009245283,0.024765909
[emim]__[BF4]__R1234yf__303.15__0.0607,R1234YF,0.0038,0.048019156,0.0010940805,0.026042625,0.015404966,0.023413498,0.022794863,0.017122572,0.018994864,0.017504156,0.02954413,0.022654772,0.02592683,0.048933912,0.028912758,0.012036191,0.02511276,0.031332817,0.017412875,0.021582521,0.0017170161,0.023579009,0.019124847,0.010964462,0.015324847
[emim]__[BF4]__R1234yf__303.15__0.1411,R1234YF,0.0087,0.054822832,0.0049474873,0.036957733,0.02671317,0.036392823,0.031966813,0.018197125,0.023266813,0.025569469,0.044917278,0.032141782,0.044828564,0.07696128,0.044883676,0.019776067,0.036183678,0.046544842,0.03763699,0.033491928,0.019319009,0.03890673,0.035179902,0.010043724,0.026479902
[emim]__[BF4]__R1234yf__303.15__0.2323,R1234YF,0.0147,0.058964558,0.00773485,0.041217074,0.038304698,0.04515396,0.038275026,0.018819772,0.023575027,0.0335163,0.0554529,0.038342524,0.054852355,0.11588304,0.059609424,0.03293842,0.044909425,0.06386395,0.049414407,0.04638662,0.035706908,0.049177013,0.048909776,0.010057775,0.034209777
[emim]__[BF4]__R1234yf__303.15__0.3263,R1234YF,0.0207,0.063873634,0.0070874915,0.046353545,0.049501814,0.053497147,0.044062726,0.021699538,0.023362726,0.043506242,0.07235144,0.048546314,0.078954026,0.17342702,0.083357014,0.052566584,0.06265701,0.09473416,0.0659374,0.056185693,0.05420844,0.07450239,0.06911361,0.016468419,0.048413612
[emim]__[BF4]__R1234yf__303.15__0.4223,R1234YF,0.0277,0.07046841,0.005872283,0.050806783,0.063409865,0.057817638,0.049674995,0.025530737,0.021974996,0.056172412,0.09937513,0.0690445,0.11647833,0.24774566,0.11776321,0.07648881,0.09006321,0.1338455,0.094974265,0.06889017,0.073559344,0.115240246,0.09730191,0.027538935,0.06960191
[emim]__[BF4]__R1234ze(E)__283.15__0.05,R1234ZE(E),0.0269,0.047222465,0.02050814,0.029379394,0.095535606,0.04299369,0.04712786,0.029086199,0.02022786,0.07407784,0.07716082,0.07968408,0.06132357,0.09592992,0.07763524,0.012428233,0.050735243,0.05584351,0.03254958,0.044071954,0.054675896,0.05028708,0.047485605,0.00954124,0.020585604
[emim]__[BF4]__R1234ze(E)__283.15__0.095,R1234ZE(E),0.0501,0.06161554,0.030846823,0.04934286,0.14357515,0.059542686,0.06898461,0.043438148,0.018884614,0.1124682,0.12480539,0.12543938,0.10307427,0.15067948,0.12329334,0.017908707,0.07319334,0.09442805,0.06570925,0.08293181,0.085198216,0.09193574,0.08404062,0.011278744,0.03394062
[emim]__[BF4]__R1234ze(E)__283.15__0.14,R1234ZE(E),0.0738,0.07298963,0.042259756,0.06480737,0.1951399,0.073612615,0.08976185,0.060261544,0.015961856,0.16168487,0.18393569,0.17880596,0.15414366,0.21288884,0.1782918,0.022847295,0.1044918,0.13837034,0.11281939,0.13016672,0.12093465,0.14284042,0.1290263,0.01232457,0.055226296
[emim]__[BF4]__R1234ze(E)__283.15__0.182,R1234ZE(E),0.098,0.08539209,0.05132524,0.0773451,0.24453773,0.08467563,0.108655155,0.077212855,0.010655157,0.21207139,0.24261555,0.2347057,0.208396,0.2719937,0.23395649,0.025761725,0.1359565,0.18193726,0.16396382,0.17956285,0.16180709,0.1954763,0.17654946,0.013893071,0.07854947
[emim]__[BF4]__R1234ze(E)__283.15__0.221,R1234ZE(E),0.123,0.09803487,0.05866991,0.08903377,0.2887406,0.094065145,0.12570885,0.09244702,0.0027088448,0.26223952,0.29542303,0.29027253,0.25944445,0.3295357,0.28738305,0.02855958,0.16438305,0.2262223,0.21592234,0.22767237,0.20535466,0.24315909,0.22366615,0.014122991,0.10066614
[emim]__[BF4]__R1234ze(E)__283.15__0.259,R1234ZE(E),0.1511,0.10901143,0.06485679,0.09904075,0.33246177,0.103106566,0.14169547,0.108019374,0.009404525,0.3107496,0.3440637,0.34656006,0.30905932,0.38064903,0.33821636,0.02961797,0.18711637,0.2722812,0.26404876,0.27541173,0.24946204,0.28962207,0.27016515,0.014803758,0.11906515
[emim]__[BF4]__R1234ze(E)__283.15__0.294,R1234ZE(E),0.1814,0.11954591,0.07173844,0.1067644,0.37366596,0.11240704,0.15682434,0.12260554,0.024575666,0.3530549,0.38884676,0.39681423,0.35411605,0.42594227,0.38375485,0.030810704,0.20235485,0.31431866,0.30774087,0.31942263,0.2900246,0.329988,0.31229895,0.014871542,0.13089895
[emim]__[BF4]__R1234ze(E)__293.15__0.054,R1234ZE(E),0.0213,0.05457336,0.018835455,0.03700766,0.07942585,0.04288728,0.04654592,0.022459762,0.02524592,0.060903043,0.061869584,0.060621325,0.04387706,0.072165444,0.05988729,0.010156039,0.03858729,0.046285443,0.027061693,0.031771995,0.03468256,0.033152416,0.03459082,0.0071322354,0.0132908225
[emim]__[BF4]__R1234ze(E)__293.15__0.103,R1234ZE(E),0.0376,0.06358879,0.026557613,0.05347289,0.116108924,0.05718361,0.063382365,0.032683395,0.025782365,0.08868176,0.0967692,0.09427379,0.07618278,0.11227003,0.093635514,0.013101622,0.056035515,0.07219918,0.054227743,0.0598816,0.060715172,0.06503277,0.06241129,0.006688078,0.02481129
[emim]__[BF4]__R1234ze(E)__293.15__0.153,R1234ZE(E),0.0555,0.07049056,0.031831473,0.06564297,0.1557444,0.068407536,0.07842339,0.046032414,0.022923388,0.11838283,0.13654616,0.13500495,0.11316554,0.15753266,0.13212642,0.017476402,0.07662642,0.103275724,0.083999455,0.09466602,0.09041948,0.10232571,0.09493727,0.008127709,0.03943727
[emim]__[BF4]__R1234ze(E)__293.15__0.199,R1234ZE(E),0.0742,0.07814644,0.036637887,0.073693566,0.19357495,0.07647616,0.0917058,0.059476968,0.017505802,0.15110815,0.18159737,0.17856848,0.15340863,0.20587346,0.17411122,0.022596946,0.09991122,0.13644437,0.11855594,0.1290287,0.119194396,0.1401495,0.12867458,0.0098034395,0.054474585
[emim]__[BF4]__R1234ze(E)__293.15__0.243,R1234ZE(E),0.0923,0.08693652,0.04119946,0.08126174,0.22956906,0.083941996,0.10458176,0.07231929,0.012281761,0.19149305,0.22657003,0.22611095,0.19448477,0.2508062,0.217893,0.024854615,0.125593,0.1708261,0.15585476,0.16750991,0.14929943,0.18028998,0.16475603,0.01228691,0.07245603
[emim]__[BF4]__R1234ze(E)__293.15__0.286,R1234ZE(E),0.1127,0.09613879,0.044755496,0.08735635,0.26601496,0.089641735,0.11678147,0.08585875,0.0040814728,0.23153764,0.26939437,0.27616617,0.2356671,0.30029884,0.26261282,0.028903536,0.14991282,0.2097622,0.19484448,0.20886661,0.18495655,0.22028601,0.20374317,0.013858821,0.091043174
[emim]__[BF4]__R1234ze(E)__293.15__0.327,R1234ZE(E),0.1338,0.10453926,0.04793169,0.09272848,0.3016246,0.094562486,0.1282773,0.09933354,0.005522698,0.26872987,0.31009233,0.32438958,0.27698135,0.34560207,0.30515903,0.03221357,0.17135903,0.24752958,0.23411806,0.25106835,0.22188008,0.2564668,0.24221258,0.014042881,0.10841258
[emim]__[BF4]__R1234ze(E)__303.15__0.058,R1234ZE(E),0.0164,0.05717806,0.016354823,0.04301332,0.07510784,0.041426845,0.046616178,0.021673646,0.030216178,0.051937163,0.05310816,0.05221692,0.03931806,0.06344831,0.05200572,0.008561167,0.03560572,0.043236125,0.028226,0.031146437,0.023565156,0.027348101,0.030704364,0.0075102523,0.014304364
[emim]__[BF4]__R1234ze(E)__303.15__0.111,R1234ZE(E),0.0294,0.06363763,0.021177746,0.056008887,0.099422395,0.053160816,0.058681495,0.02796666,0.029281495,0.0735489,0.07948227,0.07886911,0.062060643,0.087702185,0.07633262,0.00944801,0.046932623,0.063536465,0.04978548,0.050850615,0.044934563,0.050581485,0.05193772,0.0069142682,0.022537721
[emim]__[BF4]__R1234ze(E)__303.15__0.164,R1234ZE(E),0.0428,0.06848812,0.02445536,0.063222535,0.12603123,0.061571077,0.06875366,0.036487374,0.025953658,0.09073575,0.102437496,0.10311724,0.0838847,0.118434824,0.099722,0.013234842,0.056921996,0.08122519,0.068447545,0.067611545,0.06844629,0.0734424,0.071834594,0.005734873,0.029034592
[emim]__[BF4]__R1234ze(E)__303.15__0.213,R1234ZE(E),0.0569,0.07346219,0.02631076,0.069042735,0.15233088,0.068059385,0.077841185,0.045815855,0.020941187,0.10844291,0.13033377,0.12974837,0.106688574,0.15023121,0.12508897,0.018007055,0.06818898,0.101429105,0.08672015,0.08915967,0.08988324,0.097219765,0.09288239,0.006178307,0.03598239
[emim]__[BF4]__R1234ze(E)__303.15__0.261,R1234ZE(E),0.0706,0.07886709,0.027157377,0.07317458,0.17808862,0.07318334,0.0860942,0.055503063,0.015494198,0.13103193,0.16560124,0.16446488,0.1351227,0.18686946,0.15661804,0.023313718,0.08601804,0.12469766,0.10975811,0.11667486,0.1101763,0.12336784,0.116934955,0.007051521,0.046334952
[emim]__[BF4]__R1234ze(E)__303.15__0.309,R1234ZE(E),0.0859,0.08449502,0.028358778,0.076678336,0.20567502,0.07780028,0.09460149,0.06601342,0.008701488,0.1611147,0.20096193,0.20466594,0.16695945,0.22403932,0.19154827,0.026679445,0.10564827,0.15298474,0.13892695,0.14955615,0.13181394,0.15152541,0.14496143,0.00919024,0.05906143
[emim]__[BF4]__R1234ze(E)__303.15__0.354,R1234ZE(E),0.1018,0.09035577,0.029524125,0.08016631,0.23378049,0.08077616,0.10292057,0.07693724,0.0011205673,0.1919488,0.23556937,0.24578154,0.19910254,0.26435557,0.22735158,0.030934835,0.12555158,0.18323971,0.16780941,0.18159902,0.16017064,0.1813226,0.17482826,0.01028205,0.07302826
[emim]__[BF4]__R1234ze(E)__313.15__0.061,R1234ZE(E),0.0133,0.055863783,0.012839913,0.043780282,0.069012314,0.03775404,0.043850068,0.021072874,0.030550068,0.043414213,0.046510175,0.04603225,0.03557087,0.05768036,0.045841575,0.007937564,0.032541573,0.04070788,0.029132254,0.030930113,0.016937036,0.024826623,0.02850678,0.00869674,0.01520678
[emim]__[BF4]__R1234ze(E)__313.15__0.117,R1234ZE(E),0.0232,0.061984483,0.014824223,0.052604873,0.08657476,0.04722342,0.052642353,0.025972394,0.029442353,0.059407696,0.06654452,0.06604758,0.054275725,0.07483939,0.06422298,0.007803232,0.04102298,0.05752237,0.0467767,0.046432775,0.034263447,0.044613622,0.045921784,0.008264286,0.022721784
[emim]__[BF4]__R1234ze(E)__313.15__0.173,R1234ZE(E),0.0339,0.066237345,0.016517457,0.056837905,0.10355011,0.05376194,0.05938095,0.031117696,0.025480948,0.07059306,0.080951035,0.08203809,0.066881254,0.09113653,0.07831999,0.0096896915,0.04441999,0.06891987,0.05777043,0.05460237,0.05294458,0.05935812,0.058719076,0.0062381197,0.024819076
[emim]__[BF4]__R1234ze(E)__313.15__0.226,R1234ZE(E),0.0445,0.07015447,0.01751698,0.060392696,0.122106016,0.058269855,0.065688,0.037438143,0.021187998,0.08135231,0.097937316,0.09989442,0.07969178,0.113442965,0.09446375,0.014070265,0.04996375,0.07949096,0.06913379,0.06580284,0.06984575,0.07191898,0.07123846,0.0051108235,0.026738457
[emim]__[BF4]__R1234ze(E)__313.15__0.277,R1234ZE(E),0.0553,0.07351761,0.017630273,0.06333988,0.13975199,0.061978668,0.07124369,0.04393537,0.015943687,0.09473397,0.120924495,0.12012415,0.095434606,0.13856933,0.11395731,0.018741332,0.058657307,0.09359823,0.083935514,0.08420805,0.08638817,0.08702892,0.087031774,0.003908096,0.031731773
[emim]__[BF4]__R1234ze(E)__313.15__0.328,R1234ZE(E),0.0674,0.076497555,0.017491926,0.06528617,0.15850493,0.06462919,0.07648195,0.05116988,0.009081952,0.111393124,0.14709598,0.14670303,0.115672916,0.16674039,0.1375211,0.023397474,0.0701211,0.11161618,0.101966195,0.106592454,0.10309575,0.10519989,0.10569409,0.0037673274,0.03829409
[emim]__[BF4]__R1234ze(E)__313.15__0.378,R1234ZE(E),0.0797,0.07929329,0.017027115,0.067041256,0.17972973,0.066655934,0.081949465,0.059663836,0.0022494644,0.13362108,0.17357276,0.18038584,0.13933031,0.19756272,0.16489455,0.027450234,0.08519455,0.1316975,0.12152289,0.13013211,0.11956047,0.12580648,0.1257439,0.0052620675,0.046043895
[emim]__[BF4]__R1234ze(E)__323.15__0.064,R1234ZE(E),0.0105,0.053006854,0.009984236,0.040385608,0.061313238,0.032968063,0.0395316,0.019829765,0.0290316,0.0356726,0.03938313,0.040307794,0.030373644,0.04922976,0.038993385,0.0069280313,0.028493386,0.03706902,0.026491039,0.02969905,0.011869872,0.02352871,0.025731537,0.009244656,0.015231538
[emim]__[BF4]__R1234ze(E)__323.15__0.123,R1234ZE(E),0.0187,0.0586235,0.010185409,0.046726808,0.07529301,0.04078608,0.046322964,0.024121098,0.027622964,0.048085123,0.055077434,0.056754697,0.04696225,0.064181104,0.054212116,0.0070123966,0.035512116,0.052438896,0.042482235,0.042692088,0.028318554,0.04140335,0.041467022,0.0085994145,0.022767022
[emim]__[BF4]__R1234ze(E)__323.15__0.182,R1234ZE(E),0.0273,0.06264019,0.010802966,0.049033765,0.08730279,0.04539015,0.051033974,0.027859103,0.023733974,0.05572822,0.06608416,0.06680067,0.055734355,0.07427328,0.06372414,0.007970109,0.036424138,0.0601377,0.050973102,0.048249763,0.04357911,0.052345242,0.05105699,0.0060812244,0.023756988
[emim]__[BF4]__R1234ze(E)__323.15__0.238,R1234ZE(E),0.0358,0.065981016,0.010654647,0.05102505,0.099114746,0.048932496,0.05514159,0.031959813,0.019341592,0.063982576,0.07882715,0.07955692,0.06420149,0.08978265,0.07527015,0.011085642,0.039470155,0.0677424,0.05845692,0.05558222,0.05558292,0.060252093,0.059523314,0.0050070104,0.023723315
[emim]__[BF4]__R1234ze(E)__323.15__0.292,R1234ZE(E),0.0445,0.06910571,0.010214437,0.053497907,0.1122286,0.051900614,0.059389453,0.036726546,0.014889453,0.07300842,0.09376808,0.09426757,0.074365646,0.10700059,0.08848207,0.014517721,0.043982066,0.075543195,0.07002165,0.067938454,0.06829924,0.069028266,0.070166156,0.0031095115,0.025666155
[emim]__[BF4]__R1234ze(E)__323.15__0.346,R1234ZE(E),0.054,0.07117894,0.009149123,0.05536364,0.1253555,0.054351177,0.06307967,0.04179744,0.009079669,0.08452581,0.11125797,0.11103254,0.08765499,0.12784891,0.10446404,0.018139955,0.050464038,0.08676737,0.08321453,0.08317968,0.08240639,0.07938322,0.08299024,0.002631748,0.028990235
[emim]__[BF4]__R1234ze(E)__323.15__0.399,R1234ZE(E),0.0641,0.07295869,0.008272756,0.056659378,0.14146057,0.05673527,0.067217335,0.048064616,0.0031173378,0.09720106,0.12981279,0.13330635,0.103953764,0.1496062,0.12277603,0.02172912,0.058676034,0.099687785,0.096282326,0.09916398,0.09654085,0.092300266,0.09679504,0.0029372745,0.03269504
[emim]__[BF4]__R1234ze(E)__333.15__0.067,R1234ZE(E),0.0082,0.049907677,0.0075233765,0.035265602,0.053688608,0.028879266,0.035052903,0.018466102,0.026852902,0.029423378,0.032967277,0.035264082,0.02538066,0.040722538,0.032751586,0.0058159856,0.024551585,0.0324753,0.023001596,0.02659113,0.008287845,0.020380996,0.022147374,0.008977045,0.013947374
[emim]__[BF4]__R1234ze(E)__333.15__0.128,R1234ZE(E),0.0151,0.055013787,0.0076972134,0.040924013,0.065938115,0.034281127,0.04077085,0.022205057,0.02567085,0.04145707,0.046167128,0.04935172,0.040761374,0.054693848,0.04648623,0.0057823933,0.031386226,0.047344074,0.03849104,0.03900426,0.02380956,0.03832466,0.03739472,0.008488279,0.02229472
[emim]__[BF4]__R1234ze(E)__333.15__0.191,R1234ZE(E),0.022,0.05909032,0.007474616,0.04196027,0.075329304,0.038079947,0.04438689,0.025405737,0.02238689,0.046609614,0.05553469,0.05690173,0.04809216,0.063392244,0.054106086,0.0068639214,0.032106087,0.053416505,0.04573508,0.044107452,0.03766851,0.048572935,0.045900095,0.00580173,0.023900095
[emim]__[BF4]__R1234ze(E)__333.15__0.249,R1234ZE(E),0.0289,0.062005144,0.0060476623,0.043232314,0.082016125,0.040601995,0.04678065,0.028210223,0.01788065,0.052060388,0.064411014,0.06536724,0.054435886,0.07379243,0.062013388,0.008834923,0.03311339,0.0597867,0.052180525,0.050035253,0.046448708,0.05394739,0.052479714,0.004949345,0.023579715
[emim]__[BF4]__R1234ze(E)__333.15__0.306,R1234ZE(E),0.0363,0.064900585,0.004999969,0.04475471,0.09033929,0.042842142,0.04956734,0.031432867,0.013267342,0.058704227,0.07498412,0.076701626,0.061534505,0.087361634,0.07185722,0.01176002,0.03555722,0.06433062,0.061176904,0.059222925,0.056731373,0.060121544,0.060316674,0.0027812102,0.024016675
[emim]__[BF4]__R1234ze(E)__333.15__0.363,R1234ZE(E),0.0441,0.0669993,0.0034163594,0.046639726,0.10129422,0.04514058,0.05269804,0.03566727,0.008598037,0.06701393,0.08763848,0.089348,0.07093548,0.10173151,0.08333348,0.014258622,0.039233476,0.07223826,0.0719521,0.07124019,0.06717692,0.06752241,0.07002597,0.002473025,0.025925972
[emim]__[BF4]__R1234ze(E)__333.15__0.418,R1234ZE(E),0.0525,0.06813179,0.002359029,0.04815955,0.112468585,0.047470123,0.055717815,0.039834246,0.0032178164,0.07611246,0.101741366,0.103104174,0.08253553,0.118528396,0.09640439,0.017080326,0.04390439,0.08188497,0.08165612,0.081926934,0.078576654,0.07532376,0.07987369,0.0029078466,0.02737369
[emim]__[BF4]__R1234ze(E)__343.15__0.07,R1234ZE(E),0.0063,0.046592325,0.0053392015,0.030608758,0.04659255,0.024750188,0.030776605,0.017202387,0.024476605,0.02451142,0.02752903,0.030757867,0.020816643,0.03350194,0.027423378,0.0050051813,0.021123378,0.028169453,0.019128837,0.022780403,0.005482737,0.016233668,0.01835902,0.008466133,0.01205902
[emim]__[BF4]__R1234ze(E)__343.15__0.134,R1234ZE(E),0.012,0.051701643,0.0052129216,0.035729535,0.05795587,0.02902713,0.03592542,0.020767234,0.023925418,0.036202036,0.04023399,0.043510538,0.036029942,0.046751164,0.040545534,0.004654425,0.028545534,0.04305578,0.03547737,0.035325576,0.020247202,0.034930065,0.0338072,0.008303095,0.0218072
[emim]__[BF4]__R1234ze(E)__343.15__0.198,R1234ZE(E),0.0181,0.05567512,0.0048391186,0.035762087,0.065013826,0.031852663,0.038628563,0.023359278,0.020528562,0.040061153,0.047473207,0.048844352,0.042937137,0.054323968,0.046727963,0.005512497,0.028627962,0.048416004,0.042472936,0.04067643,0.033255413,0.045675877,0.04209933,0.0057678237,0.02399933
[emim]__[BF4]__R1234ze(E)__343.15__0.26,R1234ZE(E),0.0235,0.058293544,0.0035769641,0.036713418,0.07027046,0.033552352,0.040481348,0.025635947,0.016981348,0.043814614,0.05378304,0.055009652,0.047929995,0.062716916,0.052650847,0.0072204056,0.029150847,0.054094773,0.048751146,0.04631128,0.040531434,0.050731428,0.04808401,0.0050933077,0.02458401
[emim]__[BF4]__R1234ze(E)__343.15__0.319,R1234ZE(E),0.0289,0.061248664,0.0017647371,0.03789086,0.075352386,0.035277233,0.042306777,0.028121963,0.013406778,0.04871075,0.06134572,0.06321221,0.05373903,0.073435076,0.060088556,0.00947679,0.031188557,0.057143204,0.056247048,0.05418283,0.04981228,0.056098774,0.05469682,0.00293583,0.025796821
[emim]__[BF4]__R1234ze(E)__343.15__0.379,R1234ZE(E),0.035,0.063129574,-0.0002351813,0.039089583,0.081899256,0.037267722,0.044230185,0.030936291,0.009230185,0.055248655,0.07073874,0.07400826,0.060959913,0.085258424,0.0692428,0.011682144,0.034242798,0.0627143,0.06528604,0.06367313,0.05863434,0.06158507,0.062378578,0.0024945382,0.027378578
[emim]__[BF4]__R1234ze(E)__343.15__0.438,R1234ZE(E),0.0409,0.064551346,-0.001069311,0.040232226,0.091502294,0.039243475,0.046892006,0.03429676,0.0059920065,0.06289711,0.08257736,0.08561523,0.06983292,0.09825408,0.07983534,0.013848537,0.03893534,0.07032201,0.07383269,0.072851986,0.06755011,0.06803782,0.070518926,0.0028032453,0.029618926
[emim]__[OTf]__R1234yf__283.15__0.0511,R1234YF,0.0163,0.039878502,0.0069920234,0.017461553,0.055236764,0.030222848,0.029958338,0.018848738,0.013658337,0.04318374,0.026125114,0.031360302,0.03148787,0.06729289,0.039889984,0.0165423,0.023589984,0.063462324,0.042772945,0.032721248,0.052986264,0.040101714,0.0464089,0.011983672,0.030108899
[emim]__[OTf]__R1234yf__283.15__0.143,R1234YF,0.0471,0.064473525,0.02541804,0.04990677,0.11225702,0.056442007,0.061699472,0.031807277,0.014599472,0.10847477,0.07425195,0.074688435,0.07865396,0.16744229,0.100702286,0.039928403,0.053602286,0.1625679,0.12719762,0.077010415,0.121619925,0.104393065,0.11855779,0.031415507,0.07145779
[emim]__[OTf]__R1234yf__283.15__0.2804,R1234YF,0.0972,0.097428665,0.04691579,0.079395026,0.22357278,0.08877209,0.10721686,0.067795634,0.010016859,0.2200743,0.15200993,0.15798962,0.17585818,0.3405937,0.20930514,0.0780823,0.11210514,0.33399415,0.27736488,0.15905681,0.26270968,0.2322635,0.2530778,0.06423253,0.1558778
[emim]__[OTf]__R1234yf__283.15__0.3731,R1234YF,0.1333,0.11886201,0.056661874,0.09285637,0.30617487,0.10698426,0.13630788,0.097788736,0.003007874,0.3016019,0.21958677,0.23171099,0.2598732,0.4505044,0.29265544,0.093707345,0.15935543,0.4346068,0.37679464,0.22198492,0.3507545,0.33576104,0.34398037,0.07792024,0.21068037
[emim]__[OTf]__R1234yf__283.15__0.4298,R1234YF,0.1577,0.12998152,0.06491275,0.10041033,0.3541522,0.11546323,0.152984,0.115028374,0.004716009,0.35281098,0.26713187,0.27510965,0.31260285,0.5124571,0.34402245,0.100119665,0.18632245,0.4858125,0.43107843,0.26420316,0.39146072,0.39748076,0.39400712,0.08165495,0.23630711
[emim]__[OTf]__R1234yf__293.15__0.055,R1234YF,0.0129,0.046942495,0.0075794198,0.028437056,0.052559398,0.03053537,0.033210747,0.017676553,0.020310747,0.03481194,0.027611654,0.029500686,0.032112613,0.05782567,0.036372513,0.012296287,0.023472512,0.051911134,0.039226603,0.029949721,0.033305075,0.037497655,0.038378038,0.008387659,0.025478037
[emim]__[OTf]__R1234yf__293.15__0.152,R1234YF,0.0357,0.061923224,0.017884241,0.04856067,0.089428805,0.053151824,0.054189753,0.025750976,0.018489752,0.07247106,0.05946952,0.05886902,0.06474702,0.12230925,0.07557317,0.026690101,0.039873168,0.12346169,0.09526723,0.062437166,0.08241796,0.084572926,0.0896314,0.022323752,0.0539314
[emim]__[OTf]__R1234yf__293.15__0.2898,R1234YF,0.0699,0.0820384,0.02837916,0.06657851,0.15752044,0.073739335,0.08165117,0.047127448,0.011751175,0.144211,0.10779958,0.10798553,0.12355472,0.2429671,0.14530358,0.056594074,0.07540358,0.25531578,0.2032717,0.11600284,0.17702398,0.16926603,0.18417607,0.050859,0.114276074
[emim]__[OTf]__R1234yf__293.15__0.3846,R1234YF,0.0961,0.097237356,0.031871878,0.07452932,0.21688582,0.083121106,0.10072909,0.06935842,0.0046290904,0.20088197,0.15039857,0.16111097,0.17885402,0.3365959,0.20556828,0.07570337,0.10946828,0.34470648,0.28434575,0.16387653,0.2587747,0.25142753,0.2606262,0.06534649,0.1645262
[emim]__[OTf]__R1234yf__293.15__0.4481,R1234YF,0.1115,0.10617998,0.03380922,0.079339,0.2638302,0.08895858,0.114423394,0.08770458,0.0029233918,0.24355409,0.18749084,0.19735448,0.21956946,0.4008099,0.24975577,0.08716342,0.13825577,0.39890707,0.33734608,0.20174655,0.303507,0.30989859,0.31028107,0.07143679,0.19878107
[emim]__[OTf]__R1234yf__303.15__0.0579,R1234YF,0.0103,0.05093535,0.0073725916,0.035292685,0.048720267,0.03058964,0.03458211,0.017493702,0.024282109,0.031723514,0.027121723,0.028711237,0.03329549,0.054597117,0.035089813,0.011172099,0.024789814,0.045808066,0.037267454,0.029200159,0.025172923,0.035719696,0.03463366,0.007937446,0.02433366
[emim]__[OTf]__R1234yf__303.15__0.1633,R1234YF,0.0284,0.060922116,0.012827821,0.04952679,0.07396846,0.05051373,0.04955178,0.02277627,0.021151781,0.054903883,0.050067715,0.046426307,0.05731224,0.093833245,0.06050868,0.019101601,0.03210868,0.09883151,0.078051455,0.053684812,0.0626526,0.073508844,0.073345855,0.017121553,0.044945855
[emim]__[OTf]__R1234yf__303.15__0.3039,R1234YF,0.0536,0.072629124,0.016971778,0.06015598,0.11486907,0.06505475,0.06593614,0.034896,0.012336142,0.09973149,0.07967849,0.07812066,0.091030076,0.17063415,0.103838965,0.038365662,0.050238967,0.19522288,0.14886716,0.088751495,0.12031977,0.12644619,0.13592151,0.039504588,0.08232151
[emim]__[OTf]__R1234yf__303.15__0.4188,R1234YF,0.0718,0.083243854,0.016488673,0.06478832,0.16167812,0.07061793,0.07936338,0.052518852,0.0075633824,0.1427574,0.11168071,0.12103182,0.13709983,0.25161284,0.15283653,0.056593582,0.08103653,0.28205693,0.22304656,0.12796755,0.19349918,0.20613584,0.20654121,0.055495787,0.13474122
[emim]__[OTf]__R1234yf__303.15__0.4825,R1234YF,0.0839,0.0897771,0.016927045,0.06714976,0.19552912,0.07328337,0.08853328,0.065701835,0.004633285,0.17106095,0.13687898,0.14798547,0.16605689,0.3052199,0.18544044,0.06835696,0.10154044,0.33031255,0.26487356,0.15684018,0.23214641,0.24878031,0.24659061,0.062474392,0.16269061
[emim]__[OTf]__R1234yf__313.15__0.0609,R1234YF,0.0078,0.05010612,0.0060342625,0.035531886,0.041240253,0.028681606,0.032318823,0.016661417,0.024518823,0.028721578,0.024425492,0.027873278,0.030546041,0.049819503,0.032277178,0.010055044,0.024477178,0.042618006,0.03163899,0.0276297,0.015943088,0.030815654,0.029729089,0.0095579,0.021929089
[emim]__[OTf]__R1234yf__313.15__0.1665,R1234YF,0.0211,0.058858797,0.0074380822,0.04661393,0.060802184,0.044928364,0.043728273,0.02148951,0.022628274,0.04626595,0.042285502,0.039903533,0.049579706,0.07562255,0.05073145,0.014399757,0.02963145,0.078672804,0.06405029,0.04597847,0.050266057,0.061953314,0.06018419,0.012845984,0.03908419
[emim]__[OTf]__R1234yf__313.15__0.2927,R1234YF,0.0348,0.06688056,0.00803018,0.052815735,0.08185942,0.05620332,0.053157844,0.027649555,0.018357843,0.07265189,0.057613816,0.053187437,0.06360413,0.117558986,0.07292326,0.02599591,0.038123257,0.13713962,0.0996541,0.06540674,0.07965806,0.09109971,0.09459165,0.02703203,0.059791647
[emim]__[OTf]__R1234yf__313.15__0.4127,R1234YF,0.0459,0.07157977,0.0069093443,0.05610661,0.10879475,0.06209643,0.061097383,0.036562167,0.015197385,0.09973176,0.07867657,0.081975825,0.096862495,0.16651137,0.1047516,0.035708364,0.058851603,0.20291828,0.15727925,0.092612185,0.124543324,0.14798427,0.14506747,0.04085691,0.099167466
[emim]__[OTf]__R1234yf__313.15__0.4801,R1234YF,0.0535,0.07495952,0.0066704415,0.057208337,0.13122126,0.063950345,0.06680198,0.0445319,0.01330198,0.11773832,0.092160456,0.10075656,0.11781867,0.20236611,0.12616803,0.044014707,0.07266803,0.243908,0.18996826,0.11173565,0.15596986,0.18435124,0.17718661,0.048477896,0.12368661
[emim]__[OTf]__R1234yf__323.15__0.0641,R1234YF,0.0051,0.047822863,0.0041340925,0.032685526,0.03490121,0.024984237,0.028905585,0.016102038,0.023805585,0.025151048,0.021019658,0.02665111,0.026343677,0.043169755,0.028467048,0.008521083,0.023367047,0.03818156,0.025735732,0.02534331,0.00893436,0.0248142,0.024601836,0.010389409,0.019501835
[emim]__[OTf]__R1234yf__323.15__0.1756,R1234YF,0.0139,0.05602326,0.0035506561,0.042053446,0.05073828,0.03883043,0.038239215,0.020559017,0.024339214,0.04004339,0.03642234,0.0352835,0.043544497,0.063241065,0.043706957,0.011391332,0.029806957,0.06734652,0.05492203,0.041353494,0.040587083,0.052462064,0.05133424,0.01101878,0.03743424
[emim]__[OTf]__R1234yf__323.15__0.3441,R1234YF,0.024,0.06321205,0.0012727119,0.0462616,0.06878881,0.049366817,0.045780398,0.026586076,0.021780398,0.0680183,0.051564585,0.048444837,0.058931105,0.10381895,0.06615556,0.022364927,0.04215556,0.12761222,0.09450802,0.06010354,0.072929606,0.08734823,0.08850032,0.025573349,0.06450032
[emim]__[OTf]__R1234yf__323.15__0.4319,R1234YF,0.0296,0.065911904,-0.0009018332,0.047369912,0.081884384,0.05341462,0.0495358,0.031137995,0.0199358,0.08370085,0.061812155,0.06412852,0.07860412,0.1291103,0.08347119,0.027156595,0.053871185,0.16627388,0.12717994,0.07602823,0.094898224,0.121779054,0.11723187,0.034355827,0.08763187
[emim]__[OTf]__R1234yf__323.15__0.481,R1234YF,0.0344,0.06737786,-0.0013699196,0.04799652,0.09246206,0.055561326,0.052405573,0.034459736,0.018005572,0.09251946,0.06873305,0.073241666,0.090209514,0.14474323,0.093889385,0.030251866,0.059489384,0.18821615,0.14560574,0.08745333,0.108902924,0.14185101,0.13440582,0.038507644,0.10000582
[emim]__[SCN]__R1234yf__283.15__0.0635,R1234YF,0.0035,0.041287754,0.0027162768,0.009488866,-0.0018945076,0.023565281,0.015032734,0.017543456,0.011532733,-0.0005702302,0.0020827502,-0.009627253,-0.000896547,0.023604427,0.0029186294,0.012376669,0.00058137067,0.011011593,-0.008700699,-0.008440562,0.0010840781,-0.009020492,-0.0028132163,0.0088200625,0.0063132164
[emim]__[SCN]__R1234yf__283.15__0.1452,R1234YF,0.0098,0.052796327,0.015730321,0.030796941,0.015009899,0.04272725,0.031412147,0.016587997,0.021612147,0.00896693,0.016309358,0.0049024075,0.015146833,0.04519056,0.018103218,0.015838366,0.008303218,0.028616749,0.010729652,0.004984729,0.02768967,0.0100181475,0.01640779,0.0109532485,0.0066077895
[emim]__[SCN]__R1234yf__283.15__0.2379,R1234YF,0.0163,0.06695529,0.023920108,0.045731258,0.03253437,0.056556493,0.045139503,0.017434008,0.028839502,0.020337626,0.03104642,0.018492322,0.028133852,0.06740316,0.033082675,0.019886224,0.016782675,0.044640865,0.028721683,0.016551271,0.055481736,0.026503876,0.034379885,0.015511947,0.018079884
[emim]__[SCN]__R1234yf__283.15__0.3265,R1234YF,0.0251,0.081587195,0.029945621,0.05772835,0.04821296,0.06881925,0.057258673,0.01970769,0.032158673,0.029632311,0.045554526,0.027992018,0.043909807,0.0926954,0.047956813,0.02625867,0.022856813,0.061338592,0.044813413,0.025464628,0.07932633,0.041159946,0.050420582,0.020583637,0.025320582
[emim]__[SCN]__R1234yf__283.15__0.4421,R1234YF,0.0366,0.10126957,0.040236074,0.07105341,0.06952639,0.082506366,0.072918355,0.022242058,0.036318354,0.043580186,0.06761289,0.05230151,0.06704776,0.1372734,0.07356314,0.037040137,0.036963142,0.08532546,0.06236964,0.036506116,0.11412259,0.059381504,0.07154106,0.029421989,0.034941062
[emim]__[SCN]__R1234yf__293.15__0.0643,R1234YF,0.0029,0.046087906,0.0012335293,0.018071346,-0.001961153,0.022273764,0.017141078,0.01925535,0.014241078,0.00022812933,0.0038087144,-0.008791983,0.0039542876,0.023616254,0.0045630806,0.011843909,0.0016630806,0.012187593,-0.009718806,-0.008515567,-0.0048863105,-0.008761346,-0.0039388873,0.009200143,0.006838887
[emim]__[SCN]__R1234yf__293.15__0.1514,R1234YF,0.0077,0.0540399,0.009201672,0.032542378,0.01208511,0.038498383,0.02927349,0.018758183,0.02157349,0.0074226633,0.015109122,0.0024613887,0.016452212,0.03701742,0.015692562,0.013220459,0.007992562,0.026784033,0.007079825,0.0031359196,0.014085751,0.007462412,0.011709588,0.009298737,0.0040095877
[emim]__[SCN]__R1234yf__293.15__0.2519,R1234YF,0.0139,0.060771145,0.012863915,0.04185956,0.027099978,0.051189013,0.03875672,0.019073159,0.02485672,0.014212258,0.022825086,0.011960499,0.022534061,0.048734557,0.024053294,0.014629277,0.010153295,0.037611987,0.023109313,0.013737924,0.03798683,0.022277378,0.026944686,0.010566843,0.013044686
[emim]__[SCN]__R1234yf__293.15__0.3435,R1234YF,0.018,0.0705248,0.014644211,0.050444786,0.039073974,0.059503984,0.04683835,0.02139638,0.028838351,0.020089552,0.033177085,0.019694876,0.030788518,0.064538576,0.033657722,0.018310836,0.015657723,0.046661325,0.035036623,0.020894915,0.057510193,0.033575967,0.038735803,0.0139095,0.020735804
[emim]__[SCN]__R1234yf__293.15__0.4346,R1234YF,0.0246,0.07987195,0.015637666,0.05651541,0.050059013,0.0642469,0.053266186,0.023797017,0.028666187,0.026447851,0.04497653,0.030350633,0.043125115,0.08413818,0.04580766,0.022862837,0.02120766,0.058654204,0.04438751,0.026516028,0.075739555,0.043871716,0.0498338,0.018424405,0.025233801
[emim]__[SCN]__R1234yf__303.15__0.0665,R1234YF,0.0031,0.04694493,-0.00084215775,0.024226923,-0.00067440793,0.020907681,0.018112594,0.01992947,0.015012594,0.00036097318,0.004687909,-0.008573867,0.006503906,0.023355912,0.0052669668,0.011669541,0.0021669667,0.012531936,-0.010330126,-0.009061195,-0.0076770857,-0.009558834,-0.0048190607,0.009747543,0.007919061
[emim]__[SCN]__R1234yf__303.15__0.1514,R1234YF,0.006,0.053186584,0.0024500377,0.03337042,0.010683697,0.033634774,0.026665103,0.020240437,0.020665102,0.006974362,0.013719913,-0.0004413873,0.016754799,0.032840203,0.013969578,0.012455212,0.007969578,0.02516362,0.00438793,0.0016038939,0.0068724696,0.0055366307,0.008712908,0.009398743,0.0027129082
[emim]__[SCN]__R1234yf__303.15__0.2378,R1234YF,0.0084,0.05689814,0.0045701005,0.037199035,0.021154094,0.041394025,0.03224308,0.020030806,0.02384308,0.010130994,0.016290091,0.004960194,0.019986313,0.036683824,0.017610284,0.012115619,0.009210284,0.03213773,0.015835032,0.00969559,0.02068371,0.015198991,0.01871021,0.008456531,0.010310211
[emim]__[SCN]__R1234yf__303.15__0.3313,R1234YF,0.0103,0.06081304,0.0036822744,0.04160847,0.029904224,0.04904054,0.03700971,0.021758296,0.02670971,0.013899289,0.02239693,0.011073679,0.023762466,0.04537078,0.02330063,0.01347224,0.013000629,0.03715675,0.02623868,0.016345493,0.03700201,0.024539575,0.0282565,0.008880562,0.017956499
[emim]__[SCN]__R1234yf__303.15__0.4576,R1234YF,0.013,0.06884057,0.0025332384,0.047990628,0.040562708,0.05406011,0.042797454,0.024790427,0.029797453,0.019208614,0.034462724,0.02060987,0.03422533,0.060779747,0.033857256,0.01669879,0.020857256,0.045656785,0.03534639,0.021910131,0.057163596,0.03647696,0.039310772,0.013091261,0.026310772
[emim]__[SCN]__R1234yf__313.15__0.0671,R1234YF,0.0007,0.045020413,-0.002212163,0.024724603,-0.00013726577,0.017493974,0.016977912,0.019415507,0.016277911,-0.0010215417,0.004211426,-0.009985179,0.0065290444,0.020558514,0.004058453,0.011196083,0.0033584528,0.011254497,-0.012109779,-0.010541208,-0.010697007,-0.011299722,-0.0066786436,0.010043851,0.0073786434
[emim]__[SCN]__R1234yf__313.15__0.147,R1234YF,0.0022,0.05090141,-0.0034423135,0.030444771,0.008400235,0.026885822,0.022637984,0.020980388,0.020437984,0.005088739,0.0119526535,-0.0036479756,0.015543487,0.028564885,0.011500358,0.01202425,0.009300358,0.022464193,0.0015594214,-0.0006553754,0.0013394207,0.0030671954,0.0055549713,0.009544822,0.0033549713
[emim]__[SCN]__R1234yf__313.15__0.2388,R1234YF,0.0036,0.054616895,-0.0033185743,0.031996462,0.018348243,0.03329304,0.026987214,0.02133851,0.023387214,0.008212745,0.013895646,0.0009079799,0.018126026,0.031679504,0.01456438,0.011542319,0.010964381,0.028712638,0.012687132,0.008304022,0.013053739,0.011673398,0.0148861855,0.007953165,0.011286186
[emim]__[SCN]__R1234yf__313.15__0.3364,R1234YF,0.0042,0.057089824,-0.0042527355,0.034312837,0.025185611,0.039672136,0.030401533,0.022592207,0.026201533,0.010532543,0.016562857,0.005692102,0.020592343,0.03703308,0.018082585,0.012023487,0.013882585,0.032556042,0.021541148,0.013745062,0.02363977,0.0194645,0.022189304,0.0068688244,0.017989304
[emim]__[SCN]__R1234yf__313.15__0.4593,R1234YF,0.0063,0.059939664,-0.0062262267,0.037656166,0.032600906,0.04471166,0.033736434,0.02460047,0.027436433,0.01415056,0.025583627,0.0119902715,0.027681474,0.046119034,0.025104994,0.013605631,0.018804993,0.037389196,0.02816718,0.018061437,0.040278144,0.029383652,0.03065592,0.008722926,0.02435592
[emim]__[Tf2N]__R1234yf__283.15__0.1368,R1234YF,0.0985,0.09902409,0.053250063,0.088495046,0.14513493,0.10045791,0.09727241,0.03285972,0.0012275875,0.14638346,0.14894207,0.13910672,0.14865373,0.2708736,0.17079191,0.056088287,0.07229191,0.2269264,0.2000271,0.11116421,0.15461864,0.179384,0.17442407,0.04424555,0.07592407
[emim]__[Tf2N]__R1234yf__283.15__0.2644,R1234YF,0.2009,0.15238166,0.09893109,0.13654138,0.2683153,0.15563941,0.16236177,0.06336617,0.038538232,0.27300066,0.29201463,0.26655757,0.3121378,0.5032774,0.32939762,0.098816834,0.12849762,0.44403398,0.40369284,0.23095864,0.31284675,0.36080202,0.35046688,0.08275282,0.14956687
[emim]__[Tf2N]__R1234yf__283.15__0.3467,R1234YF,0.2725,0.18458632,0.12450309,0.15916643,0.33973753,0.18101549,0.19780178,0.08286672,0.074698225,0.355816,0.38713336,0.349091,0.42125344,0.61669177,0.4259971,0.11038262,0.1534971,0.5456261,0.5063737,0.30154365,0.39790696,0.45689765,0.44166964,0.09588524,0.16916963
[emim]__[Tf2N]__R1234yf__283.15__0.3983,R1234YF,0.3222,0.20066106,0.13785882,0.17181545,0.38251027,0.19283295,0.21713571,0.09558966,0.10506429,0.4056123,0.44105792,0.39494032,0.47772324,0.67362726,0.47859222,0.11376726,0.15639222,0.5948703,0.555693,0.34304568,0.4395394,0.50340796,0.48731127,0.099497266,0.16511127
[emim]__[Tf2N]__R1234yf__283.15__0.4335,R1234YF,0.3602,0.2111175,0.14687212,0.1804167,0.41037664,0.19986734,0.22973005,0.10388532,0.13046993,0.43663988,0.47780412,0.42243057,0.511977,0.70671487,0.5111133,0.11487073,0.1509133,0.6237063,0.58413196,0.37014446,0.46245044,0.5321132,0.5145093,0.10078755,0.15430933
[emim]__[Tf2N]__R1234yf__293.15__0.0499,R1234YF,0.0241,0.050165333,0.020144427,0.044217832,0.06252326,0.05248032,0.04590624,0.015843023,0.021806238,0.05073245,0.048103064,0.04829238,0.053181395,0.09804878,0.059671618,0.02155317,0.03557162,0.07199525,0.056146648,0.038610127,0.03766514,0.060303092,0.052944053,0.014716206,0.028844053
[emim]__[Tf2N]__R1234yf__293.15__0.1491,R1234YF,0.0758,0.0894779,0.043032065,0.08412718,0.12119275,0.091443345,0.08585465,0.02797276,0.010054648,0.116551615,0.1265563,0.11571035,0.12334162,0.22081909,0.1405958,0.045077708,0.06479579,0.176916,0.15580776,0.090423405,0.10876187,0.14115275,0.13461235,0.03500904,0.05881235
[emim]__[Tf2N]__R1234yf__293.15__0.286,R1234YF,0.1503,0.13274068,0.07049037,0.11926176,0.21604082,0.13600856,0.13490842,0.052399617,0.015391573,0.21304846,0.23684569,0.21912582,0.25109285,0.41301125,0.2666248,0.08319196,0.11632481,0.35903633,0.32291853,0.19180036,0.24203539,0.28803533,0.2807652,0.0658993,0.13046521
[emim]__[Tf2N]__R1234yf__293.15__0.3698,R1234YF,0.1978,0.15502706,0.08212081,0.1330032,0.27127677,0.15217513,0.1587206,0.06937991,0.039079398,0.27218783,0.30937648,0.2842661,0.33151084,0.5125087,0.34196997,0.09804905,0.14416997,0.45296133,0.41032124,0.24976367,0.314765,0.36739233,0.35904068,0.07972191,0.16124068
[emim]__[Tf2N]__R1234yf__293.15__0.4257,R1234YF,0.2311,0.16761315,0.08934887,0.14322868,0.30619133,0.16094667,0.17346574,0.0803072,0.05763425,0.31086838,0.35874534,0.32118142,0.38103873,0.568505,0.38806778,0.104762025,0.15696779,0.5017923,0.45914102,0.28784874,0.3546252,0.41188362,0.4030582,0.084543735,0.17195821
[emim]__[Tf2N]__R1234yf__303.15__0.055,R1234YF,0.0194,0.05286836,0.020325944,0.051392414,0.059616983,0.051429212,0.047126584,0.015361984,0.027726583,0.046191372,0.045371514,0.045920406,0.053465303,0.08572321,0.05533436,0.017309321,0.03593436,0.06624472,0.054912325,0.03588537,0.027678527,0.057322085,0.048408605,0.016019074,0.029008605
[emim]__[Tf2N]__R1234yf__303.15__0.1555,R1234YF,0.0581,0.08118558,0.035050504,0.07938637,0.10022302,0.08338369,0.07584582,0.024271246,0.017745823,0.09344114,0.10497361,0.09405403,0.10305078,0.18002647,0.115109205,0.036657922,0.057009205,0.14350541,0.1218071,0.074473776,0.08223969,0.116005726,0.10760634,0.028732333,0.049506336
[emim]__[Tf2N]__R1234yf__303.15__0.2912,R1234YF,0.1099,0.114262186,0.051517468,0.10340895,0.1655577,0.11539224,0.11002769,0.040612638,0.0001276955,0.15848604,0.18048495,0.16863604,0.19037914,0.31178468,0.20195417,0.062564425,0.09205417,0.2660705,0.23763554,0.14470255,0.16821146,0.21739022,0.20680206,0.049802464,0.09690206
[emim]__[Tf2N]__R1234yf__303.15__0.3853,R1234YF,0.1464,0.13115597,0.056793686,0.11415887,0.2093291,0.12983558,0.12825465,0.05451913,0.018145353,0.20702454,0.24191882,0.22679895,0.25489876,0.39807886,0.26574397,0.0760961,0.119343966,0.35422736,0.31504434,0.19811282,0.23759124,0.28553098,0.27810135,0.061754327,0.13170135
[emim]__[Tf2N]__R1234yf__303.15__0.4462,R1234YF,0.171,0.14185846,0.06005505,0.12004759,0.23951627,0.13627101,0.13954967,0.064631894,0.03145033,0.23752865,0.28389546,0.25902808,0.29341045,0.45329958,0.30543247,0.08549466,0.13443246,0.40405148,0.3601541,0.23183405,0.27497256,0.3258345,0.31936935,0.06802529,0.14836934
[emim]__[Tf2N]__R1234yf__313.15__0.0566,R1234YF,0.0162,0.053622473,0.019546524,0.05291511,0.052954677,0.047760323,0.04535982,0.014621255,0.02915982,0.039973054,0.03999892,0.041971117,0.049924366,0.07660826,0.049695145,0.015592987,0.033495143,0.05948099,0.04997301,0.034987286,0.02154053,0.050380543,0.043272473,0.014992161,0.027072472
[emim]__[Tf2N]__R1234yf__313.15__0.17,R1234YF,0.0497,0.07500471,0.028803693,0.07547706,0.08714476,0.077194355,0.068724915,0.022856912,0.019024916,0.08118697,0.09143941,0.08166992,0.09101319,0.15450129,0.09996216,0.030880218,0.05026216,0.12287329,0.106722355,0.06630352,0.069943845,0.09988287,0.09314518,0.024352996,0.043445177
[emim]__[Tf2N]__R1234yf__313.15__0.2816,R1234YF,0.0817,0.097227156,0.03912639,0.09212316,0.12433736,0.09608182,0.08977918,0.031067118,0.008079186,0.1203897,0.13389212,0.12970287,0.14067516,0.23316644,0.15156527,0.046204887,0.06986527,0.19553085,0.16866569,0.104932286,0.11896827,0.15738592,0.14909661,0.036966216,0.06739661
[emim]__[Tf2N]__R1234yf__313.15__0.4026,R1234YF,0.1148,0.11272481,0.042540457,0.10113142,0.16706003,0.11119403,0.10693015,0.0442917,0.007869847,0.16279274,0.18905349,0.18347256,0.20147242,0.30817538,0.20899332,0.057177454,0.09419332,0.2783206,0.24104564,0.15615389,0.17855051,0.22652254,0.21611865,0.04900464,0.10131865
[emim]__[Tf2N]__R1234yf__313.15__0.4796,R1234YF,0.1366,0.122056015,0.044667125,0.106701806,0.19327562,0.11926006,0.11719213,0.052883256,0.019407876,0.19186035,0.22908337,0.21769293,0.2392218,0.36275148,0.24812198,0.06646974,0.111521974,0.33028328,0.2856425,0.18826503,0.21653265,0.26637986,0.25742066,0.05621395,0.12082066
[emim]__[Tf2N]__R1234yf__323.15__0.0581,R1234YF,0.0134,0.052188814,0.01707032,0.048746776,0.043988056,0.04313017,0.04102483,0.013886097,0.02762483,0.033314705,0.033356875,0.037186705,0.042178296,0.066426024,0.04249252,0.013863219,0.02909252,0.051107854,0.041983202,0.032621045,0.014392141,0.04243148,0.03650714,0.0139860725,0.023107141
[emim]__[Tf2N]__R1234yf__323.15__0.1605,R1234YF,0.0359,0.06762511,0.024319775,0.06647472,0.07027745,0.06553221,0.058845855,0.019382427,0.022945855,0.064713344,0.07266785,0.064948454,0.074855454,0.12260647,0.07995832,0.024268089,0.04405832,0.0955955,0.08398687,0.0555633,0.050906263,0.07817142,0.07284467,0.019039843,0.03694467
[emim]__[Tf2N]__R1234yf__323.15__0.3259,R1234YF,0.0702,0.091249555,0.033046596,0.084953144,0.11177851,0.08636755,0.08147907,0.029134128,0.011279069,0.11112412,0.12154935,0.12147093,0.13033752,0.21226415,0.13934922,0.041324697,0.06914922,0.17864373,0.14868796,0.09515504,0.1081984,0.14287432,0.13471189,0.033390388,0.06451189
[emim]__[Tf2N]__R1234yf__323.15__0.4213,R1234YF,0.0901,0.09957922,0.033565335,0.09023929,0.13720028,0.096306935,0.09137821,0.03719824,0.0012782142,0.1362535,0.15131009,0.15517822,0.16584934,0.24972008,0.17166224,0.04490693,0.08156224,0.22519994,0.18907979,0.12750496,0.14221019,0.18362688,0.17352435,0.03909207,0.08342435
[emim]__[Tf2N]__R1234yf__323.15__0.4767,R1234YF,0.0996,0.10383955,0.03447566,0.09319808,0.1521352,0.1012298,0.09697566,0.04191749,0.0026243404,0.15037975,0.1714338,0.17452551,0.186334,0.274355,0.19140562,0.048148867,0.09180562,0.25225723,0.21249492,0.14579034,0.16011652,0.2074008,0.19561195,0.04293838,0.09601195
[emim]__[Tf2N]__R1336mzz(E)__293.1__0.194,R1336MZZ(E),0.093,0.28856382,0.20119338,0.2717608,0.43354687,0.29310548,0.29763407,0.08447678,0.20463407,0.42766857,0.43893385,0.45097274,0.44857752,0.43277466,0.43978548,0.009989383,0.3467855,0.40580964,0.39513808,0.4354305,0.39475593,0.4055741,0.40734166,0.01659655,0.31434166
[emim]__[Tf2N]__R1336mzz(E)__293.1__0.223,R1336MZZ(E),0.173,0.3093727,0.2164806,0.29021797,0.47843865,0.3124095,0.3213839,0.096003935,0.1483839,0.47985622,0.49136853,0.5039196,0.5040771,0.48407352,0.492659,0.011140697,0.319659,0.44967717,0.43975985,0.49073118,0.4397089,0.45357195,0.45468983,0.021051653,0.28168982
[emim]__[Tf2N]__R1336mzz(E)__303.0__0.228,R1336MZZ(E),0.093,0.2735056,0.17645378,0.24556059,0.37431228,0.27021438,0.26800933,0.0711016,0.17500934,0.36851767,0.38300395,0.4018532,0.3880557,0.38018286,0.38432267,0.012144241,0.29132268,0.35457784,0.3447488,0.3878307,0.34042838,0.3595055,0.35741824,0.018617954,0.26441824
[emim]__[Tf2N]__R1336mzz(E)__303.0__0.293,R1336MZZ(E),0.173,0.30576357,0.19696139,0.2732944,0.45419347,0.29769117,0.3055808,0.09352619,0.1325808,0.4626962,0.4696846,0.50442296,0.49307585,0.4775492,0.48148575,0.017089888,0.30848575,0.4336453,0.41550064,0.4844932,0.42871043,0.44222465,0.44091487,0.026212897,0.2679149
[emim]__[Tf2N]__R1336mzz(E)__322.5__0.336,R1336MZZ(E),0.093,0.247049,0.13864116,0.2015266,0.29722548,0.23063803,0.22301605,0.058573958,0.13001606,0.2947704,0.30122995,0.35004735,0.31239134,0.31807417,0.31530267,0.021464888,0.22230268,0.29636246,0.27892804,0.31994992,0.28596386,0.30533355,0.29730758,0.01615915,0.20430759
[emim]__[Tf2N]__R1336mzz(E)__322.5__0.488,R1336MZZ(E),0.173,0.2853268,0.15399535,0.22904527,0.4209642,0.261299,0.27012613,0.097768985,0.09712614,0.4260758,0.43771005,0.505619,0.4740985,0.4554199,0.4597846,0.03141775,0.2867846,0.41371286,0.37825757,0.45020953,0.4234353,0.41735607,0.41659427,0.025765143,0.24359427
[emim]__[Tf2N]__R1336mzz(E)__332.9__0.381,R1336MZZ(E),0.093,0.22658798,0.121002555,0.17419353,0.25133404,0.20346016,0.19531566,0.050375916,0.10231566,0.249298,0.25311118,0.30511805,0.26301765,0.27155638,0.26842028,0.022281045,0.17542028,0.25972313,0.24079566,0.27348942,0.25135,0.26689097,0.25844985,0.012856331,0.16544986
[emim]__[Tf2N]__R1336mzz(E)__332.9__0.623,R1336MZZ(E),0.173,0.27836844,0.14720255,0.20825101,0.41380227,0.2418384,0.25789255,0.09962604,0.084892556,0.4198206,0.43632483,0.51604646,0.47336072,0.46123692,0.46135792,0.03703688,0.2883579,0.4103052,0.37033814,0.4419477,0.42235097,0.41268685,0.4115258,0.026181756,0.2385258
[emim]__[Tf2N]__R1336mzz(E)__342.9__0.453,R1336MZZ(E),0.093,0.21457925,0.111159086,0.15287647,0.2289276,0.18616498,0.17874148,0.04768249,0.08574148,0.22866756,0.2315302,0.29050833,0.24387553,0.25149345,0.249215,0.024868604,0.15621501,0.24446481,0.22606932,0.2527315,0.24316394,0.25134814,0.24355555,0.010626277,0.15055555
[emim]__[Tf2N]__R1336mzz(E)__342.9__0.8,R1336MZZ(E),0.173,0.28271237,0.15137051,0.19992313,0.43529654,0.23033565,0.25992766,0.10901178,0.08692767,0.44395646,0.4671157,0.5589952,0.49628267,0.49058002,0.491386,0.04311101,0.31838602,0.4203781,0.37982708,0.4535046,0.4458311,0.42315373,0.4245389,0.028769542,0.25153893
[emim]__[Tf2N]__R1336mzz(E)__352.8__0.511,R1336MZZ(E),0.093,0.20056921,0.10349783,0.13281491,0.20315336,0.16732424,0.16147192,0.04325046,0.068471916,0.20334953,0.20760831,0.2651087,0.21663202,0.22687554,0.22391482,0.024736483,0.1309148,0.2233126,0.21039578,0.22901163,0.22941959,0.22959678,0.22434726,0.00822734,0.13134727
[emim]__[Tf2N]__R1336mzz(Z)__293.1__0.05,R1336MZZ(Z),0.28,0.17310673,0.12506148,0.13749322,0.17860255,0.15584171,0.15402114,0.022823526,0.12597886,0.17362583,0.17276245,0.19958618,0.16987546,0.18111548,0.17939308,0.012026425,0.10060692,0.15233266,0.14338267,0.161291,0.18053699,0.14807482,0.15712363,0.014656061,0.122876376
[emim]__[Tf2N]__R1336mzz(Z)__293.1__0.06,R1336MZZ(Z),0.589,0.18158546,0.13054763,0.1485648,0.19447693,0.16614889,0.16426475,0.025493458,0.42473525,0.18755934,0.18829161,0.21445842,0.18620776,0.19545248,0.19439392,0.011775692,0.39460605,0.16739386,0.15907967,0.17657125,0.19317287,0.1638885,0.17202124,0.013445561,0.41697875
[emim]__[Tf2N]__R1336mzz(Z)__303.0__0.07,R1336MZZ(Z),0.28,0.16847575,0.1141213,0.13394828,0.1573374,0.15018131,0.14481279,0.021246336,0.13518721,0.148431,0.15012692,0.1706805,0.13664256,0.15661919,0.15250003,0.012461388,0.12749997,0.13630378,0.13148531,0.13632187,0.14184186,0.1316344,0.13551745,0.004260275,0.14448255
[emim]__[Tf2N]__R1336mzz(Z)__303.0__0.09,R1336MZZ(Z),0.589,0.18393075,0.12250857,0.1525115,0.18140219,0.16901064,0.16187273,0.025278823,0.42712724,0.17054881,0.17431289,0.19429731,0.16153353,0.1787626,0.17589103,0.012085163,0.41310894,0.16008313,0.15693493,0.16194251,0.16211987,0.15601999,0.15942009,0.002820804,0.4295799
[emim]__[Tf2N]__R1336mzz(Z)__322.5__0.13,R1336MZZ(Z),0.28,0.16830835,0.1005248,0.13709003,0.14840809,0.14746968,0.1403602,0.02496981,0.1396398,0.13892007,0.14636855,0.1582297,0.1218245,0.14695652,0.14245987,0.0134399915,0.13754013,0.13738635,0.13591704,0.13215959,0.11123062,0.13359371,0.13005745,0.010717057,0.14994255
[emim]__[Tf2N]__R1336mzz(Z)__322.5__0.17,R1336MZZ(Z),0.589,0.18932816,0.110673815,0.15450108,0.17733972,0.1710194,0.16057244,0.030593736,0.42842755,0.16430038,0.17613755,0.18962657,0.15441968,0.17617738,0.17213231,0.013355995,0.41686767,0.16748747,0.16683362,0.16599983,0.14066327,0.1648231,0.16116145,0.011502014,0.42783853
[emim]__[Tf2N]__R1336mzz(Z)__332.9__0.18,R1336MZZ(Z),0.28,0.17035526,0.09690502,0.13341019,0.1481112,0.14729312,0.13921495,0.027101401,0.14078505,0.1383375,0.14693461,0.16371527,0.12590152,0.15103516,0.14518483,0.014136809,0.13481517,0.14279512,0.1437116,0.13874896,0.11871654,0.14042282,0.136879,0.01033943,0.143121
[emim]__[Tf2N]__R1336mzz(Z)__332.9__0.24,R1336MZZ(Z),0.589,0.19252029,0.10829027,0.14942093,0.17829214,0.17147332,0.1599994,0.032823853,0.4290006,0.16749416,0.17615308,0.1990932,0.16184092,0.18273069,0.17746241,0.014497904,0.4115376,0.17773053,0.17338733,0.17625985,0.1555874,0.1778978,0.17217259,0.009446141,0.41682738
[emim]__[Tf2N]__R1336mzz(Z)__342.9__0.24,R1336MZZ(Z),0.28,0.1693474,0.09389295,0.12712917,0.14476417,0.14506271,0.13603929,0.027940476,0.14396071,0.13697442,0.14371783,0.16671479,0.12455475,0.15138966,0.14467028,0.015778769,0.13532972,0.14838666,0.14682668,0.14357257,0.13011894,0.14600039,0.14298105,0.0073977993,0.13701895
[emim]__[Tf2N]__R1336mzz(Z)__342.9__0.31,R1336MZZ(Z),0.589,0.18751174,0.1029478,0.13861947,0.16844638,0.16307628,0.15212032,0.032555092,0.43687966,0.16289544,0.16924715,0.20042603,0.15700223,0.17902939,0.17372005,0.017015163,0.41527992,0.17916946,0.17253804,0.17791152,0.16513926,0.18124622,0.17520091,0.0064801676,0.41379908
[emim]__[Tf2N]__R1336mzz(Z)__352.8__0.31,R1336MZZ(Z),0.28,0.16560379,0.091455534,0.11842868,0.1371487,0.13813895,0.13015513,0.027406326,0.14984487,0.13225341,0.14022689,0.16869053,0.123264045,0.14801586,0.14249015,0.017295592,0.13750985,0.15104735,0.14906478,0.14741078,0.14057891,0.15124413,0.14786918,0.0043668835,0.13213082
[emim]__[Tf2N]__R1336mzz(Z)__352.8__0.41,R1336MZZ(Z),0.589,0.18407455,0.09797731,0.1265396,0.16715448,0.15453191,0.14605556,0.03411322,0.4429444,0.16352269,0.16849631,0.2094404,0.16324946,0.18051451,0.17704466,0.019414872,0.41195533,0.18661533,0.17820457,0.18765387,0.18414378,0.18855752,0.18503502,0.004159723,0.40396497
[bmim]__[Ac]__R1234yf__283.15__0.078,R1234YF,0.021,0.049426015,0.014122441,0.021355368,0.09717352,0.033331648,0.043081798,0.03306021,0.022081798,0.11036442,0.13392507,0.08611832,0.12456356,0.14216454,0.11942718,0.022052055,0.098427184,0.13383615,0.15623984,0.115774326,0.098206334,0.123198815,0.12545109,0.021559484,0.10445109
[bmim]__[Ac]__R1234yf__283.15__0.147,R1234YF,0.04,0.058731616,0.025544703,0.039258026,0.15318409,0.050173108,0.06537831,0.050631553,0.02537831,0.18785897,0.21172328,0.1421982,0.20124935,0.22290696,0.19318736,0.031305417,0.15318736,0.21476214,0.26128572,0.20652032,0.15933985,0.20684129,0.20974986,0.036197815,0.16974986
[bmim]__[Ac]__R1234yf__283.15__0.201,R1234YF,0.056,0.067629345,0.031652547,0.04821039,0.20093319,0.059611358,0.081607364,0.068060085,0.025607362,0.24924037,0.27607787,0.18949306,0.268645,0.2904814,0.25478753,0.03941287,0.19878754,0.27717912,0.34267098,0.28802234,0.21457016,0.26938155,0.27836484,0.045772295,0.22236484
[bmim]__[Ac]__R1234yf__283.15__0.257,R1234YF,0.076,0.07623968,0.036272056,0.058537584,0.25093463,0.07019748,0.09843628,0.08660566,0.022436284,0.30836606,0.33820623,0.25095767,0.34016258,0.35546085,0.3186307,0.04149785,0.24263069,0.3423683,0.4167847,0.37052557,0.2762008,0.32795975,0.34676784,0.052008647,0.27076784
[bmim]__[Ac]__R1234yf__283.15__0.31,R1234YF,0.095,0.08635316,0.040461957,0.06684917,0.30093387,0.07826966,0.11457356,0.10561093,0.019573562,0.36751956,0.39296806,0.3205864,0.41098368,0.41348597,0.38110873,0.03850019,0.28610873,0.40278208,0.47859657,0.44345644,0.33156872,0.38360035,0.40800086,0.056358993,0.31300086
[bmim]__[Ac]__R1234yf__283.15__0.357,R1234YF,0.113,0.095029965,0.044440992,0.07433338,0.3468497,0.08521255,0.12917331,0.12315469,0.01617331,0.41808075,0.4440605,0.37715685,0.47190213,0.4638265,0.43500534,0.03842824,0.32200533,0.45248556,0.5269293,0.50335735,0.37732324,0.4351621,0.45905152,0.05887217,0.3460515
[bmim]__[Ac]__R1234yf__283.15__0.405,R1234YF,0.133,0.103357896,0.05030297,0.08180926,0.39113882,0.092812344,0.14388427,0.1396391,0.01088427,0.465675,0.4962886,0.4297722,0.5316533,0.5158116,0.48784012,0.040732514,0.3548401,0.49890274,0.57267964,0.55756557,0.41504943,0.48447052,0.5057336,0.06302921,0.3727336
[bmim]__[Ac]__R1234yf__293.15__0.081,R1234YF,0.019,0.05272847,0.012254797,0.026828922,0.085920654,0.031547353,0.04185604,0.02858416,0.02285604,0.08336533,0.10328986,0.06777025,0.10108255,0.10464835,0.09203126,0.016059015,0.07303126,0.10773183,0.11151229,0.09375884,0.07027487,0.09360218,0.095376,0.016193168,0.076376
[bmim]__[Ac]__R1234yf__293.15__0.156,R1234YF,0.034,0.058919244,0.018628463,0.03963548,0.12280539,0.045451615,0.057088036,0.039500825,0.023088034,0.1362026,0.16266498,0.1055588,0.16473694,0.16665211,0.14716308,0.02636295,0.11316308,0.17036583,0.19853188,0.15571958,0.11101768,0.15791863,0.15871073,0.031645562,0.12471073
[bmim]__[Ac]__R1234yf__293.15__0.214,R1234YF,0.047,0.0629173,0.02221341,0.045726564,0.15517071,0.054596044,0.0681248,0.050982036,0.021124803,0.18284434,0.21227811,0.13716912,0.21474616,0.21898946,0.19320545,0.03442385,0.14620546,0.21929044,0.26513052,0.21615875,0.15090379,0.20447998,0.21119268,0.040863603,0.16419268
[bmim]__[Ac]__R1234yf__293.15__0.276,R1234YF,0.06,0.06953064,0.024308845,0.053360663,0.19341646,0.061906137,0.08050455,0.06540293,0.020504553,0.23268056,0.26620775,0.18060213,0.27567646,0.27537736,0.24610886,0.040639587,0.18610886,0.27212152,0.33236432,0.28482533,0.20461163,0.25402042,0.26958865,0.046485856,0.20958865
[bmim]__[Ac]__R1234yf__293.15__0.334,R1234YF,0.073,0.0763538,0.025616478,0.05998665,0.23201309,0.068838574,0.092561714,0.08033519,0.019561715,0.28317764,0.31537002,0.23625657,0.34050435,0.32973522,0.3010088,0.04213713,0.22800879,0.32822764,0.39172584,0.35330692,0.2587102,0.30333042,0.32706022,0.0502661,0.2540602
[bmim]__[Ac]__R1234yf__293.15__0.385,R1234YF,0.087,0.08168053,0.025937729,0.06507642,0.27033648,0.07328023,0.10326228,0.095806755,0.016262285,0.3302713,0.3600008,0.28851163,0.3982016,0.38021433,0.35143992,0.0432897,0.26443994,0.37679225,0.43977344,0.4101334,0.3048098,0.3524011,0.376782,0.052092854,0.289782
[bmim]__[Ac]__R1234yf__293.15__0.439,R1234YF,0.101,0.0885733,0.027533446,0.069792695,0.31443915,0.07700087,0.11546788,0.11359058,0.01446788,0.37896746,0.41172743,0.34132648,0.45814297,0.43372813,0.40477854,0.045897998,0.30377853,0.42429304,0.48966306,0.4648854,0.34472582,0.40258968,0.4252314,0.056388292,0.3242314
[bmim]__[Ac]__R1234yf__293.15__0.495,R1234YF,0.113,0.09515483,0.030208942,0.07466917,0.36070418,0.08124201,0.12839583,0.13212006,0.015395828,0.4286582,0.46462005,0.3904447,0.5157685,0.4865665,0.45721158,0.0490373,0.34421158,0.47139853,0.53783494,0.5146917,0.37633464,0.4515728,0.47036654,0.0626757,0.35736653
[bmim]__[Ac]__R1234yf__293.15__0.551,R1234YF,0.129,0.10286316,0.035105884,0.08099347,0.4044524,0.086203,0.14192358,0.14889123,0.012923583,0.4759972,0.51650584,0.4353636,0.56709325,0.53525275,0.50604254,0.051449347,0.37704253,0.5140293,0.5816321,0.55881095,0.4005762,0.49553284,0.5101162,0.07020096,0.3811162
[bmim]__[Ac]__R1234yf__303.15__0.086,R1234YF,0.015,0.052722767,0.009697966,0.032739952,0.07985747,0.030175656,0.041038763,0.02651665,0.026038762,0.07022633,0.083199784,0.058716275,0.089020595,0.08167884,0.07656836,0.012083762,0.061568357,0.09197505,0.08954555,0.08456358,0.052793775,0.07915461,0.07960652,0.015775492,0.06460652
[bmim]__[Ac]__R1234yf__303.15__0.166,R1234YF,0.027,0.05800169,0.013119515,0.039477035,0.103588924,0.04069925,0.050977282,0.033497877,0.023977282,0.10102548,0.12689108,0.0803471,0.13546906,0.12604323,0.113955185,0.022765027,0.08695518,0.13818747,0.15118542,0.12358467,0.08398893,0.123744905,0.12413828,0.02520595,0.09713828
[bmim]__[Ac]__R1234yf__303.15__0.227,R1234YF,0.036,0.060784783,0.014644751,0.04354378,0.124266386,0.047245763,0.058097094,0.04063021,0.022097096,0.12966059,0.16102219,0.09844206,0.17217295,0.16256024,0.1447716,0.030438956,0.10877161,0.17453426,0.20013523,0.16419584,0.10819645,0.15629795,0.16067195,0.033670243,0.12467195
[bmim]__[Ac]__R1234yf__303.15__0.293,R1234YF,0.047,0.063842565,0.01481114,0.047956895,0.14826994,0.053987093,0.065773524,0.049656074,0.018773526,0.16702557,0.19988526,0.12650883,0.21922638,0.20567903,0.183665,0.037269372,0.13666502,0.21636772,0.25636023,0.21554157,0.14251062,0.19439173,0.20503438,0.0415201,0.15803438
[bmim]__[Ac]__R1234yf__303.15__0.355,R1234YF,0.058,0.0679051,0.014506184,0.052813783,0.17640753,0.059028395,0.07413219,0.06069778,0.01613219,0.20901385,0.24176972,0.16411838,0.27335033,0.25283498,0.22821745,0.04273211,0.17021745,0.25897437,0.31018102,0.2707127,0.18902516,0.23612872,0.25300437,0.04471164,0.19500437
[bmim]__[Ac]__R1234yf__303.15__0.41,R1234YF,0.069,0.072148815,0.01382314,0.05710789,0.20504141,0.062489714,0.08212219,0.07225737,0.0131221935,0.24789396,0.28226858,0.2054009,0.32459915,0.29848516,0.27172953,0.04634046,0.20272952,0.30348146,0.35619336,0.32361522,0.23243657,0.27890146,0.2989256,0.046721753,0.2299256
[bmim]__[Ac]__R1234yf__303.15__0.469,R1234YF,0.08,0.07650086,0.014485881,0.06083939,0.24265009,0.06556052,0.092007354,0.08748449,0.012007356,0.29403666,0.32879156,0.2537794,0.38234833,0.35030872,0.32185292,0.049812946,0.24185292,0.3518973,0.40612048,0.37642187,0.27037138,0.3268719,0.3463366,0.051623024,0.26633662
[bmim]__[Ac]__R1234yf__303.15__0.53,R1234YF,0.088,0.081717655,0.0160208,0.06506963,0.28565848,0.0685543,0.10340418,0.10488904,0.01540418,0.34426826,0.38020313,0.3027615,0.43979144,0.40343052,0.37409097,0.052896142,0.28609097,0.39958584,0.45568395,0.42579988,0.30124673,0.3749626,0.3914558,0.058695335,0.3034558
[bmim]__[Ac]__R1234yf__303.15__0.591,R1234YF,0.1,0.088316336,0.018509977,0.06980332,0.33031446,0.07210052,0.11580892,0.1227421,0.015808918,0.39277345,0.43299365,0.34814292,0.4908922,0.4534365,0.42364773,0.055115182,0.32364774,0.4421807,0.5002654,0.47184724,0.32765839,0.41852096,0.4320945,0.065993235,0.33209452
[bmim]__[Ac]__R1234yf__303.15__0.658,R1234YF,0.113,0.09738657,0.023598261,0.07586918,0.37709916,0.076804675,0.13015157,0.1407149,0.017151572,0.4432609,0.48802334,0.39326763,0.5421522,0.5036121,0.47406322,0.057403926,0.3610632,0.4838696,0.5453019,0.5181516,0.35251966,0.46270266,0.47250906,0.07416995,0.35950905
[bmim]__[Ac]__R1234yf__313.15__0.09,R1234YF,0.012,0.050851054,0.006426446,0.03375216,0.07283922,0.026450932,0.038063962,0.025135707,0.026063962,0.059251446,0.06872216,0.050463263,0.076881886,0.066927776,0.06444931,0.010019934,0.05244931,0.07973603,0.07539956,0.075152814,0.0407416,0.06974365,0.06815473,0.015728889,0.056154728
[bmim]__[Ac]__R1234yf__313.15__0.174,R1234YF,0.023,0.05581887,0.0064846613,0.036562726,0.08927499,0.03472784,0.044573817,0.030563666,0.021573817,0.07967945,0.0997164,0.06298916,0.112556115,0.09584428,0.09015708,0.019191915,0.067157075,0.116777115,0.118354276,0.10284596,0.0661921,0.100087434,0.10085137,0.02101076,0.07785137
[bmim]__[Ac]__R1234yf__313.15__0.239,R1234YF,0.03,0.058010623,0.006876003,0.038663752,0.10171147,0.04002559,0.04905749,0.034718446,0.019057492,0.09873725,0.12450735,0.07319662,0.13804422,0.12228225,0.11135354,0.025592837,0.08135354,0.14414835,0.15089706,0.13359845,0.082947195,0.123232886,0.1269648,0.026755884,0.09696479
[bmim]__[Ac]__R1234yf__313.15__0.309,R1234YF,0.039,0.06020216,0.006318882,0.041439194,0.116893336,0.045577314,0.05408618,0.040299524,0.015086178,0.12253845,0.15195394,0.093249485,0.17693813,0.15344068,0.13962415,0.03231789,0.100624144,0.17569438,0.19457476,0.17502102,0.10505834,0.15310302,0.16069028,0.034391604,0.12169027
[bmim]__[Ac]__R1234yf__313.15__0.375,R1234YF,0.047,0.061970435,0.005230386,0.044175714,0.13626991,0.05044718,0.059618723,0.0478582,0.012618724,0.15301196,0.1811838,0.11696817,0.2211151,0.18816197,0.1720882,0.039200936,0.12508821,0.21044168,0.2429232,0.21575293,0.13536313,0.18676488,0.19824916,0.04042694,0.15124917
[bmim]__[Ac]__R1234yf__313.15__0.433,R1234YF,0.056,0.06388489,0.004319947,0.04711661,0.15718246,0.05331353,0.065163486,0.05620759,0.009163484,0.18355209,0.21252857,0.1444607,0.2633675,0.22595078,0.20597191,0.0447847,0.1499719,0.24486192,0.2867716,0.25728217,0.16597658,0.22223648,0.23542574,0.045277707,0.17942575
[bmim]__[Ac]__R1234yf__313.15__0.496,R1234YF,0.065,0.06712408,0.0039090104,0.050363474,0.1849066,0.05584875,0.07243039,0.06733523,0.0074303895,0.22054961,0.2532649,0.17908648,0.31340775,0.27353498,0.24796875,0.05113834,0.18296875,0.2881682,0.33391327,0.3019181,0.1991249,0.26538047,0.277701,0.050452568,0.212701
[bmim]__[Ac]__R1234yf__313.15__0.561,R1234YF,0.071,0.07184013,0.0050402544,0.05430146,0.21988882,0.057929,0.08179993,0.08121849,0.0107999295,0.26427084,0.2989707,0.2220069,0.3650328,0.3240753,0.2948713,0.054858733,0.22387129,0.33277392,0.38054705,0.34847155,0.22745678,0.31081277,0.32001242,0.05763766,0.24901241
[bmim]__[Ac]__R1234yf__313.15__0.627,R1234YF,0.08,0.077402845,0.007598426,0.059031982,0.25987956,0.060805522,0.09294367,0.09692237,0.01294367,0.3121719,0.35010844,0.26644707,0.4159211,0.37355146,0.34364,0.057249635,0.26364,0.37647593,0.42451096,0.3935747,0.25239956,0.35230604,0.35985345,0.06556929,0.27985346
[bmim]__[Ac]__R1234yf__313.15__0.699,R1234YF,0.091,0.08574108,0.011660393,0.06468242,0.3070612,0.064239964,0.10667701,0.11530908,0.015677013,0.3613934,0.40696347,0.31201124,0.46745777,0.42428416,0.394422,0.059719518,0.303422,0.41933882,0.46865994,0.4402727,0.2782892,0.3946407,0.40024027,0.07340303,0.30924028
[bmim]__[Ac]__R1234yf__323.15__0.095,R1234YF,0.01,0.04816912,0.0034938566,0.031839043,0.06544748,0.02179563,0.03414903,0.023842389,0.024149029,0.05086199,0.057493128,0.044167094,0.06669626,0.05775017,0.055393726,0.008430324,0.045393728,0.06997335,0.06710623,0.068385065,0.030235944,0.060191043,0.05917833,0.016604483,0.049178332
[bmim]__[Ac]__R1234yf__323.15__0.182,R1234YF,0.018,0.052655112,0.0021526664,0.033260092,0.07842828,0.028904837,0.0390802,0.028432393,0.0210802,0.06560144,0.080188975,0.051494144,0.09366857,0.07721179,0.073632985,0.015904777,0.055632986,0.10125746,0.097079225,0.08885129,0.052713312,0.0854221,0.08506468,0.019154847,0.06706468
[bmim]__[Ac]__R1234yf__323.15__0.25,R1234YF,0.025,0.054917455,0.0010585003,0.034164052,0.085654736,0.03295227,0.041749407,0.031191956,0.016749406,0.07851778,0.09870168,0.058965534,0.11317497,0.09620213,0.089112416,0.020870466,0.06411242,0.12425995,0.121307835,0.11454134,0.06612391,0.10156311,0.10555923,0.023714589,0.08055923
[bmim]__[Ac]__R1234yf__323.15__0.324,R1234YF,0.031,0.056666877,9.744614e-05,0.035719637,0.09482339,0.037534557,0.044968385,0.034556396,0.013968386,0.09554553,0.118441224,0.07208,0.14431594,0.1175194,0.10958042,0.027163198,0.078580424,0.14935927,0.15251553,0.14887077,0.08155042,0.12363642,0.13118649,0.030077629,0.10018648
[bmim]__[Ac]__R1234yf__323.15__0.393,R1234YF,0.039,0.057886645,-0.0012161098,0.0377921,0.106872424,0.041616477,0.04859031,0.039144415,0.009590309,0.11560339,0.13972831,0.08820454,0.17876776,0.14258829,0.13297847,0.033694085,0.093978465,0.1780906,0.18913996,0.18099731,0.10159205,0.15095371,0.16015473,0.035743877,0.121154726
[bmim]__[Ac]__R1234yf__323.15__0.456,R1234YF,0.045,0.059438504,-0.0022297688,0.039645277,0.12238988,0.04478927,0.052806634,0.045145087,0.0078066327,0.13911012,0.16198236,0.10612458,0.21416743,0.1716463,0.15860616,0.040009093,0.113606155,0.20800887,0.22815709,0.21489811,0.12362038,0.1814586,0.1912286,0.04144834,0.1462286
[bmim]__[Ac]__R1234yf__323.15__0.522,R1234YF,0.052,0.06145682,-0.0023924783,0.041996602,0.14319947,0.04735758,0.0583236,0.05312014,0.0063235983,0.1685024,0.19150563,0.12854671,0.25718573,0.2085149,0.19085106,0.04768129,0.13885106,0.24156848,0.27159685,0.250059,0.14785776,0.21712248,0.22564092,0.04765675,0.17364092
[bmim]__[Ac]__R1234yf__323.15__0.59,R1234YF,0.059,0.06441142,-0.0018281862,0.04464072,0.16893004,0.04897984,0.06502677,0.06312477,0.006026767,0.20343778,0.22861351,0.15922287,0.30183375,0.2519547,0.22901252,0.0532778,0.17001252,0.28053808,0.3147277,0.28794596,0.17010522,0.25718474,0.26210034,0.055373393,0.20310034
[bmim]__[Ac]__R1234yf__323.15__0.661,R1234YF,0.067,0.06902404,-0.0004630722,0.048614893,0.20354737,0.050343968,0.07421344,0.07673952,0.007213436,0.24461651,0.27517283,0.19659947,0.34693456,0.2992849,0.27252167,0.056576177,0.20552167,0.32040355,0.35703075,0.32753015,0.19124857,0.29619628,0.29848185,0.063750565,0.23148185
[bmim]__[Ac]__R1234yf__323.15__0.738,R1234YF,0.074,0.07569699,0.0028688349,0.05354894,0.24433997,0.05350262,0.08599147,0.09246302,0.011991471,0.28916463,0.3279128,0.23967898,0.39675564,0.3479932,0.32030106,0.0594548,0.24630105,0.36115617,0.4014904,0.37015992,0.21557435,0.3367119,0.33701855,0.07173977,0.26301855
[bmim]__[Ac]__R1234yf__333.15__0.099,R1234YF,0.008,0.045689568,0.00083893165,0.028355114,0.058453165,0.018269114,0.03032118,0.022615906,0.02232118,0.045079697,0.048307218,0.040025026,0.05829192,0.049887367,0.048318245,0.0067305667,0.040318243,0.062379435,0.059520833,0.062419347,0.021897543,0.053003207,0.05184407,0.017174844,0.04384407
[bmim]__[Ac]__R1234yf__333.15__0.189,R1234YF,0.015,0.05026803,-0.00051732734,0.029147573,0.06852987,0.023732852,0.034232203,0.026349086,0.019232202,0.057103913,0.067072734,0.044021696,0.07979027,0.06493122,0.06258397,0.013193791,0.047583967,0.08938253,0.08208551,0.07997655,0.041621972,0.0747765,0.07356862,0.018612672,0.05856862
[bmim]__[Ac]__R1234yf__333.15__0.261,R1234YF,0.021,0.052321494,-0.0023222342,0.029741779,0.073424965,0.026413523,0.035915904,0.028577277,0.014915904,0.06599036,0.080180936,0.04808516,0.095127165,0.08002448,0.07388162,0.017723704,0.05288162,0.10994995,0.1007184,0.10171564,0.054071143,0.08815185,0.090921395,0.022023818,0.0699214
[bmim]__[Ac]__R1234yf__333.15__0.338,R1234YF,0.027,0.053719513,-0.003632456,0.030869827,0.07921124,0.029950641,0.03802375,0.030799188,0.0110237505,0.079065874,0.095856205,0.057680957,0.11946496,0.09694743,0.089803085,0.02299254,0.06280308,0.13308582,0.12510896,0.13152567,0.065332055,0.10526724,0.112063944,0.028376551,0.08506394
[bmim]__[Ac]__R1234yf__333.15__0.41,R1234YF,0.033,0.05488099,-0.0055169165,0.032654412,0.08670818,0.034155764,0.040576488,0.033768844,0.007576488,0.09303717,0.11174558,0.069307856,0.14676644,0.11408318,0.10698805,0.028590728,0.07398805,0.15791017,0.15333962,0.1584878,0.08080629,0.12542845,0.13519447,0.033321455,0.102194466
[bmim]__[Ac]__R1234yf__333.15__0.477,R1234YF,0.038,0.055919603,-0.0070044957,0.034605585,0.097163334,0.03762503,0.04366181,0.03774321,0.0056618117,0.110300794,0.12887496,0.08279528,0.17512846,0.1339781,0.12621552,0.033905756,0.088215515,0.18374749,0.18469182,0.18608427,0.09624674,0.15099235,0.16035253,0.038726643,0.122352526
[bmim]__[Ac]__R1234yf__333.15__0.546,R1234YF,0.044,0.057645548,-0.0077565946,0.03651339,0.11170892,0.039927796,0.047607813,0.04317694,0.0036078133,0.13361627,0.14981966,0.097361244,0.20999952,0.16086254,0.15033185,0.041099526,0.106331855,0.2123482,0.22213216,0.21411058,0.113266215,0.18267992,0.18890741,0.044857904,0.14490741
[bmim]__[Ac]__R1234yf__333.15__0.618,R1234YF,0.05,0.060187437,-0.0070968904,0.03827238,0.13301337,0.041758046,0.053226866,0.051010933,0.003226865,0.16193599,0.17708434,0.11699547,0.24884307,0.1932636,0.17962448,0.04800773,0.12962449,0.24516648,0.26185697,0.24525842,0.13122463,0.21843351,0.22038801,0.05221617,0.17038801
[bmim]__[Ac]__R1234yf__333.15__0.693,R1234YF,0.057,0.06356812,-0.0054567493,0.041017752,0.16018882,0.042688444,0.060401272,0.061225664,0.003401272,0.1939919,0.21341832,0.14638548,0.28904185,0.23297279,0.21516207,0.052337557,0.15816207,0.27905053,0.30044645,0.278359,0.15052402,0.25332153,0.2523403,0.059313003,0.19534029
[bmim]__[Ac]__R1234yf__333.15__0.775,R1234YF,0.063,0.06965737,-0.0023771934,0.04491855,0.1948707,0.044781834,0.07037025,0.07432297,0.0073702484,0.23030856,0.2604578,0.18157253,0.33405268,0.27904078,0.25708646,0.05664929,0.19408646,0.31503415,0.34238774,0.31481516,0.17319712,0.29104936,0.2872967,0.066322036,0.22429672
[bmim]__[Ac]__R1234yf__343.15__0.103,R1234YF,0.007,0.043252647,-0.0005928837,0.024885364,0.052480955,0.0154058,0.027086377,0.021293512,0.020086378,0.040786415,0.04031524,0.036148384,0.051133823,0.043307662,0.042338304,0.0055479063,0.035338305,0.05707511,0.053054072,0.05763013,0.0151713975,0.04728327,0.046042792,0.017746255,0.039042793
[bmim]__[Ac]__R1234yf__343.15__0.197,R1234YF,0.013,0.047967054,-0.0029013194,0.02544459,0.06064681,0.019232552,0.030077938,0.024905812,0.017077938,0.05104898,0.05715516,0.039175026,0.06901394,0.055782177,0.054435056,0.010794576,0.041435055,0.08034622,0.07240806,0.07384987,0.03346282,0.0678712,0.065587625,0.01850552,0.052587625
[bmim]__[Ac]__R1234yf__343.15__0.271,R1234YF,0.018,0.04989345,-0.0049778633,0.025396064,0.06452756,0.021156754,0.031199193,0.026942352,0.013199193,0.05821097,0.066397846,0.04024783,0.082102805,0.068463,0.06308449,0.0153856035,0.04508449,0.098833546,0.085026994,0.09235972,0.044307332,0.0799821,0.08010194,0.021252356,0.062101938
[bmim]__[Ac]__R1234yf__343.15__0.351,R1234YF,0.023,0.05126214,-0.007066764,0.026475295,0.06774087,0.023990296,0.03248037,0.028583981,0.00948037,0.0681372,0.0779573,0.04675071,0.10118384,0.08222945,0.0752517,0.019946225,0.052251697,0.12091935,0.10494751,0.11866868,0.05502268,0.09406954,0.09872555,0.026742406,0.07572555
[bmim]__[Ac]__R1234yf__343.15__0.427,R1234YF,0.028,0.052044258,-0.008968573,0.027564943,0.07307773,0.027481355,0.03423994,0.03075133,0.0062399395,0.079498984,0.09175824,0.05631275,0.12269178,0.09636608,0.08932556,0.024265194,0.06132556,0.14368363,0.12839624,0.14138907,0.06762728,0.11032903,0.11828506,0.031267505,0.09028506
[bmim]__[Ac]__R1234yf__343.15__0.497,R1234YF,0.033,0.052976254,-0.01028841,0.029372968,0.07968215,0.030672558,0.0364831,0.03320419,0.0034831017,0.09242309,0.1056755,0.066369615,0.14464344,0.11175681,0.1041737,0.028569147,0.0711737,0.16762464,0.15510528,0.16483793,0.079006016,0.131277,0.13957016,0.036754746,0.10657016
[bmim]__[Ac]__R1234yf__343.15__0.57,R1234YF,0.038,0.05451808,-0.010764707,0.0313389,0.090155914,0.033001814,0.03965,0.036833487,0.0016500019,0.110503905,0.12276319,0.07768984,0.17342773,0.13094497,0.123065926,0.034696095,0.08506593,0.19334628,0.18626243,0.18961647,0.091883175,0.15803905,0.16382948,0.042571258,0.12582947
[bmim]__[Ac]__R1234yf__343.15__0.646,R1234YF,0.042,0.05693023,-0.009998366,0.03309161,0.10759471,0.035103977,0.044544432,0.042790048,0.0025444329,0.13386765,0.14474493,0.091160275,0.20515065,0.1549812,0.14598094,0.041035425,0.10398094,0.22122464,0.2204669,0.21692696,0.10635542,0.18953767,0.19090231,0.049042914,0.14890231
[bmim]__[Ac]__R1234yf__343.15__0.724,R1234YF,0.049,0.060245775,-0.008267477,0.035823867,0.1294456,0.036379687,0.05072549,0.050486438,0.0017254911,0.15950328,0.17151104,0.11172433,0.24083152,0.18354939,0.17342392,0.04650428,0.12442392,0.25123203,0.25627667,0.24473059,0.123258404,0.2221548,0.2195305,0.055374894,0.1705305
[bmim]__[Ac]__R1234yf__343.15__0.811,R1234YF,0.054,0.06528669,-0.004499469,0.0394405,0.15850729,0.037994597,0.05934592,0.060820654,0.0053459182,0.18960217,0.20875476,0.141693,0.28086898,0.2209513,0.20837405,0.050528686,0.15437405,0.28434008,0.29646173,0.27543107,0.14284638,0.25670654,0.25115713,0.062259246,0.19715713
[bmim]__[PF6]__R1234yf__283.15__0.046,R1234YF,0.0138,0.042039484,0.01240921,0.017542098,0.042468365,0.031202722,0.029132375,0.013808758,0.015332376,0.032141976,0.033623222,0.023382913,0.036576875,0.081752524,0.041495506,0.023034472,0.027695507,0.072513334,0.0398402,0.031621642,0.03684507,0.043374196,0.044838887,0.016059296,0.031038888
[bmim]__[PF6]__R1234yf__283.15__0.0923,R1234YF,0.0281,0.05708956,0.021583881,0.034807004,0.063513026,0.046151467,0.044628985,0.016894814,0.016528985,0.057961524,0.06258346,0.042726424,0.062414728,0.13841593,0.07282041,0.037557557,0.04472041,0.120885484,0.07068018,0.052289635,0.061741926,0.07694289,0.07650802,0.026495658,0.048408024
[bmim]__[PF6]__R1234yf__283.15__0.1331,R1234YF,0.0409,0.06630175,0.030512989,0.048041668,0.081907764,0.05823883,0.0570006,0.019301992,0.0161006,0.080683894,0.08940538,0.058956005,0.0885921,0.19724818,0.10297711,0.054113306,0.062077112,0.17250293,0.104195565,0.06992032,0.08386185,0.112998664,0.108695865,0.03946638,0.067795865
[bmim]__[PF6]__R1234yf__283.15__0.1731,R1234YF,0.0541,0.07612662,0.03862517,0.058803696,0.10187887,0.069665,0.06901987,0.02323168,0.01491987,0.103464685,0.11783105,0.076071315,0.120417625,0.25886148,0.13532923,0.07126642,0.08122923,0.22873603,0.14307424,0.08830246,0.10749776,0.15236248,0.1439946,0.054050002,0.0898946
[bmim]__[PF6]__R1234yf__283.15__0.2116,R1234YF,0.067,0.08557738,0.045920398,0.06872621,0.12581061,0.07964715,0.08113635,0.029205756,0.014136352,0.12753558,0.14491972,0.09422402,0.15559237,0.31598234,0.1676508,0.08611776,0.1006508,0.28665668,0.18497932,0.106565565,0.13486622,0.19429004,0.18147156,0.068962835,0.114471555
[bmim]__[PF6]__R1234yf__283.15__0.2448,R1234YF,0.0798,0.09330342,0.050695352,0.07672884,0.14965951,0.08870235,0.0918179,0.036319103,0.012017898,0.14917469,0.17018567,0.1124368,0.18898308,0.36216038,0.19658813,0.096822746,0.11678813,0.3327455,0.22378995,0.12341206,0.15899783,0.2318381,0.21415667,0.080227524,0.13435668
[bmim]__[PF6]__R1234yf__283.15__0.2909,R1234YF,0.0954,0.10402073,0.056736566,0.0856778,0.18428387,0.100359686,0.10621573,0.04744402,0.010815732,0.18050471,0.21269056,0.14121601,0.23919302,0.42626166,0.23997322,0.11038323,0.14457321,0.392363,0.27951074,0.14931199,0.19256139,0.28833863,0.26041716,0.09421073,0.16501716
[bmim]__[PF6]__R1234yf__293.15__0.055,R1234YF,0.0126,0.049997922,0.01455389,0.029624358,0.041238863,0.03339856,0.033762716,0.013282623,0.021162715,0.030091159,0.03733669,0.025230192,0.036744237,0.07280325,0.040441107,0.018769031,0.027841106,0.05877252,0.03565176,0.029852793,0.025889482,0.039663643,0.03796604,0.012775126,0.025366038
[bmim]__[PF6]__R1234yf__293.15__0.1091,R1234YF,0.0248,0.059844993,0.020862192,0.042985108,0.05716496,0.046725582,0.045516565,0.01546526,0.020716565,0.047856964,0.060156867,0.03936696,0.05659601,0.115121864,0.063819736,0.02979201,0.039019734,0.093874626,0.060223524,0.04707767,0.04508993,0.0635614,0.06196543,0.019558923,0.037165426
[bmim]__[PF6]__R1234yf__293.15__0.1568,R1234YF,0.0358,0.06667518,0.025800733,0.0504988,0.07236686,0.056503125,0.054368936,0.018104171,0.018568937,0.06310863,0.07942749,0.052382305,0.074962735,0.16036846,0.08604993,0.042865597,0.05024993,0.13341248,0.07986826,0.060767084,0.06464241,0.08654857,0.08504776,0.029043742,0.04924776
[bmim]__[PF6]__R1234yf__293.15__0.207,R1234YF,0.048,0.07274445,0.03029361,0.05793969,0.09,0.0646971,0.06313497,0.021920642,0.015134968,0.081194885,0.10111281,0.06553983,0.098159894,0.21307448,0.111816384,0.05838121,0.06381638,0.18505853,0.110551,0.07582129,0.085314326,0.11967364,0.11528375,0.04291166,0.06728375
[bmim]__[PF6]__R1234yf__293.15__0.2531,R1234YF,0.0601,0.080289066,0.034509085,0.06519659,0.10747365,0.073253386,0.07214435,0.026364798,0.012044352,0.10033247,0.12278697,0.079744324,0.12686019,0.26575184,0.13909516,0.073284775,0.07899515,0.23826863,0.14712803,0.09081096,0.10462615,0.15675022,0.1475168,0.057828326,0.0874168
[bmim]__[PF6]__R1234yf__293.15__0.2997,R1234YF,0.0722,0.088557675,0.037671782,0.07170122,0.12835075,0.08120425,0.08149713,0.032641307,0.0092971325,0.12014061,0.14713041,0.098417796,0.15816072,0.31929463,0.16862884,0.08739657,0.09642884,0.29128268,0.18904275,0.10632675,0.12766618,0.19993737,0.18285115,0.07243797,0.11065115
[bmim]__[PF6]__R1234yf__293.15__0.3341,R1234YF,0.0831,0.09422588,0.03912617,0.07535528,0.14569591,0.086013936,0.08808344,0.038470864,0.00498344,0.13451622,0.1681147,0.11451109,0.18741381,0.35717458,0.19234608,0.09641382,0.10924608,0.32639444,0.22052059,0.1199691,0.14584109,0.23320086,0.20918524,0.081263825,0.12608525
[bmim]__[PF6]__R1234yf__303.15__0.061,R1234YF,0.0112,0.054209903,0.015063051,0.03656341,0.038446587,0.033545442,0.03556568,0.013976241,0.024365682,0.029560491,0.038451545,0.026256219,0.038129717,0.067339994,0.03994759,0.016211355,0.028747592,0.05343845,0.03544779,0.028519846,0.020175949,0.036840495,0.034884505,0.012300839,0.023684505
[bmim]__[PF6]__R1234yf__303.15__0.1183,R1234YF,0.022,0.05999676,0.018210024,0.04724952,0.049815208,0.046115756,0.044277452,0.015568292,0.022277452,0.04119779,0.054985844,0.036393974,0.05337506,0.09534182,0.0562589,0.023231788,0.0342589,0.07460989,0.05024117,0.040840544,0.036275383,0.05214775,0.05082295,0.014825588,0.028822951
[bmim]__[PF6]__R1234yf__303.15__0.1685,R1234YF,0.0319,0.0642129,0.020793287,0.05111067,0.06004847,0.05376083,0.04998523,0.017112764,0.01808523,0.050808772,0.065972626,0.042870283,0.06224179,0.12135182,0.06864906,0.030857004,0.03674906,0.09860569,0.06006956,0.05070699,0.048422962,0.064839855,0.06452902,0.020196885,0.032629017
[bmim]__[PF6]__R1234yf__303.15__0.2188,R1234YF,0.0412,0.06909564,0.022764564,0.055834964,0.071329266,0.060635444,0.055931974,0.019574013,0.014731973,0.061857305,0.07809478,0.050657347,0.073166706,0.15643087,0.0840414,0.04183445,0.0428414,0.12991506,0.075088225,0.05977219,0.060777955,0.08468547,0.08204778,0.02870225,0.040847782
[bmim]__[PF6]__R1234yf__303.15__0.2677,R1234YF,0.0495,0.07373303,0.02428195,0.060745683,0.08418392,0.065718874,0.06173269,0.022734815,0.012232691,0.07455411,0.092850044,0.058940306,0.090520024,0.19297546,0.10196799,0.052676976,0.05246799,0.16542412,0.099112414,0.06902348,0.07367488,0.1105296,0.1035529,0.03866981,0.0540529
[bmim]__[PF6]__R1234yf__303.15__0.3178,R1234YF,0.0585,0.07785204,0.024890862,0.06451448,0.0973261,0.07059968,0.06703663,0.026597684,0.008536629,0.086942375,0.11000277,0.07133319,0.11243952,0.23502848,0.12314926,0.06480805,0.06464926,0.20742565,0.12832308,0.08146751,0.08902344,0.14316097,0.12988012,0.050510306,0.071380116
[bmim]__[PF6]__R1234yf__303.15__0.3653,R1234YF,0.0681,0.08230385,0.024908075,0.06746119,0.11184262,0.07456682,0.0722165,0.031377573,0.0041165054,0.09946259,0.12720136,0.08705589,0.13655303,0.27777177,0.14560893,0.07656012,0.077508934,0.24878947,0.15838686,0.09377085,0.106279835,0.1752921,0.15650383,0.06190933,0.08840383
[bmim]__[PF6]__R1234yf__313.15__0.0648,R1234YF,0.0098,0.053075023,0.013627475,0.03664817,0.033805385,0.031660274,0.033763267,0.014063614,0.023963267,0.027512722,0.035599977,0.025784045,0.035038903,0.061050545,0.036997236,0.0141424965,0.027197236,0.049718827,0.032358583,0.027730614,0.014348915,0.03433215,0.031697817,0.012736328,0.021897817
[bmim]__[PF6]__R1234yf__313.15__0.125,R1234YF,0.0185,0.0585108,0.014666745,0.04564887,0.043492675,0.042295374,0.04092289,0.016043238,0.022422891,0.03697572,0.04916188,0.033592246,0.04796681,0.08034326,0.049607985,0.018463666,0.031107984,0.06384378,0.04259757,0.037674103,0.02922161,0.04447113,0.043561637,0.012781054,0.025061637
[bmim]__[PF6]__R1234yf__313.15__0.1769,R1234YF,0.0265,0.061856512,0.015565636,0.04848631,0.05056905,0.048649874,0.04502548,0.01737103,0.01852548,0.04386005,0.056036778,0.037671424,0.053529814,0.09803526,0.057826668,0.023662724,0.031326666,0.07777697,0.048736025,0.043925203,0.039423294,0.05097899,0.052168094,0.014994854,0.025668094
[bmim]__[PF6]__R1234yf__313.15__0.23,R1234YF,0.0342,0.06530215,0.016068555,0.051897228,0.05804403,0.05451261,0.049164914,0.019174732,0.014964912,0.052362073,0.06357795,0.040443696,0.058733653,0.12126738,0.067276955,0.03140109,0.033076953,0.098401465,0.057992578,0.05071406,0.04748552,0.06348587,0.063615896,0.02042254,0.029415894
[bmim]__[PF6]__R1234yf__313.15__0.2816,R1234YF,0.0411,0.06880293,0.016445175,0.055266693,0.06581503,0.059658483,0.05319766,0.021210203,0.01209766,0.061734907,0.0732431,0.045544587,0.06879556,0.1468523,0.079234086,0.039237358,0.038134087,0.12438579,0.07275202,0.057195984,0.055338692,0.08223741,0.07838198,0.028030122,0.03728198
[bmim]__[PF6]__R1234yf__313.15__0.3343,R1234YF,0.0489,0.07186236,0.01612376,0.057752725,0.07467435,0.06297749,0.05667814,0.02366389,0.007778138,0.071307674,0.08473904,0.054043252,0.08482467,0.1743509,0.0938531,0.046737555,0.0449531,0.1517996,0.09262525,0.065434456,0.06413003,0.10535448,0.09586877,0.03592476,0.046968766
[bmim]__[PF6]__R1234yf__313.15__0.3848,R1234YF,0.057,0.07397595,0.015492132,0.059377067,0.08488413,0.0658982,0.059925497,0.026601909,0.0029254965,0.07990755,0.09698199,0.065357625,0.101655215,0.20306441,0.10939336,0.054306414,0.05239336,0.17975667,0.11340232,0.07478764,0.07540457,0.12821807,0.114313856,0.0434545,0.057313856
[bmim]__[PF6]__R1234yf__323.15__0.0703,R1234YF,0.0086,0.05097104,0.011548314,0.034884606,0.029156137,0.028568927,0.031025803,0.014156334,0.022425802,0.024291143,0.031005543,0.024939336,0.03182472,0.054020666,0.03321628,0.012122419,0.024616279,0.04533451,0.028495044,0.026361883,0.0075591058,0.03135761,0.02782163,0.01353106,0.01922163
[bmim]__[PF6]__R1234yf__323.15__0.1266,R1234YF,0.0156,0.05544024,0.011192977,0.041127622,0.036650002,0.037105292,0.03630323,0.015974889,0.02070323,0.032003947,0.04235669,0.030472279,0.041856114,0.06695731,0.042729266,0.014604499,0.027129266,0.055431627,0.037184425,0.034756847,0.019968934,0.03862704,0.03719377,0.012622473,0.021593772
[bmim]__[PF6]__R1234yf__323.15__0.1849,R1234YF,0.0225,0.058748037,0.011442583,0.043799117,0.042800948,0.042408317,0.0398398,0.017284134,0.0173398,0.03774996,0.048165202,0.03356089,0.046134584,0.081663005,0.04945473,0.018971525,0.02695473,0.0642712,0.042182155,0.03994849,0.030510573,0.043301754,0.044042833,0.012380265,0.021542832
[bmim]__[PF6]__R1234yf__323.15__0.2406,R1234YF,0.029,0.06146092,0.011378616,0.046320446,0.048432406,0.046596833,0.042837847,0.018668555,0.013837848,0.044651233,0.054095075,0.034635082,0.04983361,0.09888692,0.056420386,0.024825953,0.027420387,0.079616964,0.049148783,0.04460325,0.038201507,0.052006945,0.05271549,0.015916789,0.023715492
[bmim]__[PF6]__R1234yf__323.15__0.2948,R1234YF,0.0349,0.064352006,0.010373656,0.048714735,0.05399816,0.050885357,0.04566478,0.020619638,0.010764781,0.051923722,0.06121932,0.037530273,0.05673648,0.11741584,0.06496513,0.030641345,0.03006513,0.09940591,0.060376137,0.050361633,0.04396322,0.06581513,0.06398441,0.021549255,0.02908441
[bmim]__[PF6]__R1234yf__323.15__0.3501,R1234YF,0.0415,0.06679277,0.009309426,0.050377537,0.059810217,0.054470614,0.04815211,0.022566656,0.006652113,0.060308672,0.06923976,0.043445572,0.06779155,0.13667713,0.07549254,0.035705443,0.03399254,0.11955439,0.07444802,0.05632779,0.05135651,0.08329543,0.07699643,0.027119873,0.035496432
[bmim]__[PF6]__R1234yf__323.15__0.4034,R1234YF,0.0481,0.06847477,0.008152887,0.051639028,0.06720183,0.057233978,0.0505405,0.024708081,0.002440501,0.067488804,0.07682519,0.05096944,0.080119364,0.15795586,0.086671725,0.041424487,0.038571727,0.13896193,0.08868312,0.06294193,0.05855805,0.099101156,0.08964924,0.032411247,0.04154924
[bmim]__[PF6]__R1234yf__333.15__0.0731,R1234YF,0.0074,0.04865766,0.009239316,0.031453297,0.025348047,0.025330294,0.028005723,0.014184388,0.020605722,0.020951953,0.026402595,0.023034297,0.027970012,0.046456285,0.02896303,0.010159763,0.021563029,0.04089997,0.02442839,0.024112873,0.00079821795,0.028392322,0.023726355,0.014517627,0.016326355
[bmim]__[PF6]__R1234yf__333.15__0.1318,R1234YF,0.0133,0.05287564,0.008402679,0.03641054,0.032095943,0.032469377,0.032450836,0.015900409,0.019150836,0.027971823,0.036955964,0.027716786,0.03705034,0.05772259,0.037483502,0.012206017,0.024183502,0.050652992,0.033138257,0.03219842,0.013622975,0.03447242,0.032817014,0.013131636,0.019517014
[bmim]__[PF6]__R1234yf__333.15__0.1926,R1234YF,0.0194,0.05611801,0.00774331,0.03829132,0.037406184,0.036220394,0.035155844,0.017370148,0.015755843,0.032233033,0.041858323,0.030088343,0.040359817,0.06908421,0.042724747,0.015579793,0.023324747,0.055686243,0.037672818,0.03715609,0.023911119,0.037214965,0.03832825,0.01131588,0.018928248
[bmim]__[PF6]__R1234yf__333.15__0.2508,R1234YF,0.0246,0.05847614,0.007017985,0.040651593,0.041580696,0.039280713,0.037401423,0.01870066,0.012801424,0.037783347,0.04636369,0.030375138,0.042923644,0.08259513,0.048008192,0.02025022,0.023408193,0.066803634,0.04311249,0.041167602,0.03091886,0.04393269,0.045187056,0.013161412,0.020587057
[bmim]__[PF6]__R1234yf__333.15__0.307,R1234YF,0.0304,0.060949694,0.006334845,0.04188246,0.046205178,0.042398334,0.0395541,0.020118635,0.0091541,0.04365566,0.05214878,0.03235101,0.047755536,0.09705193,0.054592587,0.02484863,0.024192587,0.083047055,0.051999394,0.046039496,0.036528945,0.054492556,0.054421492,0.017433412,0.024021491
[bmim]__[PF6]__R1234yf__333.15__0.3651,R1234YF,0.0362,0.062795766,0.00497707,0.043361776,0.05100466,0.045308843,0.041489623,0.02177008,0.0052896217,0.050928093,0.058154665,0.036568202,0.056058984,0.11167146,0.06267628,0.028654901,0.026476279,0.098554686,0.06368872,0.050638072,0.042250313,0.06923173,0.064872704,0.021617563,0.028672703
[bmim]__[PF6]__R1234yf__333.15__0.4211,R1234YF,0.0417,0.063925326,0.0036204793,0.044749018,0.05626504,0.048124198,0.043336812,0.023416482,0.0016368106,0.057092205,0.06387637,0.042749934,0.06500627,0.12738396,0.07122175,0.032623112,0.029521745,0.11269082,0.07479358,0.056017786,0.048710115,0.08057765,0.07455799,0.02501128,0.032857988
[bmim]__[PF6]__R1234yf__343.15__0.0728,R1234YF,0.0063,0.04587517,0.007190775,0.02793707,0.022600878,0.021910153,0.025102805,0.013935724,0.018802805,0.017814822,0.02144923,0.0203356,0.023674924,0.03913045,0.024481004,0.008456802,0.018181004,0.035953782,0.019542277,0.02073688,-0.0045428276,0.024936777,0.01932538,0.014830056,0.013025379
[bmim]__[PF6]__R1234yf__343.15__0.1369,R1234YF,0.0113,0.050292242,0.006736301,0.032586493,0.02912644,0.027561918,0.029260676,0.015521268,0.017960675,0.025065225,0.03304442,0.025236592,0.03393218,0.051073153,0.033670314,0.010588842,0.022370312,0.047060978,0.029923677,0.02954182,0.008268222,0.031954966,0.029349934,0.013831774,0.018049933
[bmim]__[PF6]__R1234yf__343.15__0.2003,R1234YF,0.0162,0.053573012,0.00549734,0.033597276,0.03374325,0.030715995,0.031425375,0.017127274,0.015225375,0.02801517,0.036461625,0.02740122,0.035772085,0.059563156,0.03744265,0.0130650075,0.02124265,0.050316125,0.03419945,0.03467833,0.018937092,0.033532172,0.034332633,0.0111048715,0.018132633
[bmim]__[PF6]__R1234yf__343.15__0.2569,R1234YF,0.0209,0.055569604,0.0042609163,0.035105444,0.036283135,0.032857567,0.032815333,0.018373784,0.011915334,0.031844944,0.040135037,0.027228639,0.037254285,0.068857424,0.041064065,0.016311496,0.020164065,0.056790605,0.038574718,0.038572166,0.02495674,0.038298063,0.039438464,0.011331529,0.018538464
[bmim]__[PF6]__R1234yf__343.15__0.3157,R1234YF,0.0256,0.05749042,0.0029176362,0.03618009,0.039447203,0.035024993,0.03421207,0.0197051,0.008612072,0.036273748,0.04424987,0.028536595,0.040038906,0.080589704,0.045937765,0.020215072,0.020337766,0.069372185,0.045549735,0.043202847,0.030416237,0.045720793,0.04685236,0.014085319,0.021252362
[bmim]__[PF6]__R1234yf__343.15__0.3803,R1234YF,0.0306,0.05940654,0.0013433956,0.037069798,0.04377749,0.037698876,0.03585922,0.021291824,0.0052592196,0.04210212,0.049616285,0.031633116,0.04677659,0.092896946,0.05260501,0.023539722,0.02200501,0.08283822,0.05640596,0.047438618,0.036482215,0.057127,0.056058407,0.017146058,0.025458407
[bmim]__[PF6]__R1234yf__343.15__0.4339,R1234YF,0.0353,0.06047956,0.00025794283,0.038148493,0.048216507,0.04024438,0.037469376,0.02257112,0.0021693744,0.046906315,0.053237066,0.035753705,0.053111203,0.104622856,0.05872623,0.026625209,0.023426227,0.09444895,0.06450995,0.051556133,0.040750105,0.065914065,0.06343584,0.020154888,0.028135836
[bmim]__[PF6]__R1234ze(E)__283.15__0.0854,R1234ZE(E),0.0918,0.07247375,0.046859384,0.062022135,0.1706861,0.07752184,0.08591264,0.04881972,0.0058873594,0.1739141,0.15724073,0.15605377,0.15987697,0.1838988,0.16619687,0.012206047,0.07439687,0.14724408,0.13820566,0.12252481,0.12881182,0.15026371,0.13741001,0.0118116215,0.045610018
[bmim]__[PF6]__R1234ze(E)__283.15__0.1244,R1234ZE(E),0.1338,0.08986835,0.059378758,0.08150014,0.22566672,0.09501643,0.11028608,0.065922156,0.02351392,0.23676229,0.22338332,0.20978789,0.2271965,0.25124675,0.22967534,0.015466054,0.09587534,0.20754094,0.20898281,0.1810513,0.17951155,0.22180764,0.19977885,0.018652853,0.065978855
[bmim]__[PF6]__R1234ze(E)__283.15__0.1589,R1234ZE(E),0.1774,0.10469003,0.070474125,0.09823486,0.2782209,0.11012801,0.13234958,0.082960345,0.045050412,0.29924896,0.2849879,0.2648629,0.29135385,0.31508565,0.29110783,0.01849003,0.11370784,0.26698524,0.27593046,0.23789755,0.23242956,0.28808606,0.26026577,0.024185192,0.082865775
[bmim]__[PF6]__R1234ze(E)__283.15__0.1924,R1234ZE(E),0.2167,0.11797223,0.08050176,0.112881705,0.33272326,0.12243949,0.1533037,0.10164442,0.063396305,0.35681885,0.34329653,0.32282567,0.355689,0.37606078,0.35093817,0.019602332,0.13423817,0.32453144,0.33988094,0.29402816,0.2881771,0.35620406,0.32056433,0.029206851,0.10386433
[bmim]__[PF6]__R1234ze(E)__283.15__0.2238,R1234ZE(E),0.2593,0.13029824,0.091047764,0.1254898,0.38156718,0.13504192,0.17268899,0.11804388,0.086611,0.40901434,0.3967039,0.3765669,0.41511464,0.42965335,0.40541062,0.020016447,0.14611062,0.37760592,0.39554334,0.34705105,0.34087166,0.41571358,0.3753571,0.031747695,0.1160571
[bmim]__[PF6]__R1234ze(E)__283.15__0.2534,R1234ZE(E),0.2969,0.14158106,0.1016573,0.13629039,0.4237065,0.14700231,0.19004753,0.13181527,0.10685247,0.45710465,0.4442894,0.4260605,0.46826917,0.47803035,0.45475084,0.020388717,0.15785083,0.42302537,0.44253755,0.3967463,0.3888245,0.46614793,0.42345634,0.032014217,0.12655634
[bmim]__[PF6]__R1234ze(E)__293.15__0.0947,R1234ZE(E),0.0764,0.0736216,0.039472185,0.06721404,0.14498374,0.0733261,0.07972354,0.03909512,0.00332354,0.14071688,0.12353286,0.120112725,0.12196131,0.14241977,0.1297487,0.010874157,0.053348705,0.10895931,0.10117507,0.09007325,0.090447396,0.10997034,0.100125074,0.009627721,0.023725078
[bmim]__[PF6]__R1234ze(E)__293.15__0.139,R1234ZE(E),0.1106,0.08492849,0.04889441,0.082726665,0.1888954,0.08771007,0.09863101,0.052870985,0.011968993,0.18719472,0.17858753,0.1692135,0.17712943,0.19860727,0.1821465,0.011197556,0.0715465,0.15832837,0.15588547,0.13250811,0.13053581,0.16633445,0.14871845,0.016181963,0.038118444
[bmim]__[PF6]__R1234ze(E)__293.15__0.1805,R1234ZE(E),0.1433,0.096049026,0.05755817,0.093731314,0.2319798,0.09907619,0.11567891,0.06716882,0.02762109,0.23820308,0.23406294,0.21762389,0.23635773,0.2559043,0.23643038,0.013616807,0.09313038,0.20851354,0.21379168,0.18322757,0.17469302,0.22651598,0.20134835,0.021670576,0.058048353
[bmim]__[PF6]__R1234ze(E)__293.15__0.22,R1234ZE(E),0.1754,0.106727175,0.06483889,0.10428213,0.27718055,0.110918455,0.13278945,0.08281956,0.042610556,0.29144678,0.28543675,0.2705655,0.29403442,0.31177646,0.29065198,0.014907894,0.11525197,0.26212063,0.26963872,0.23604205,0.22888136,0.28811827,0.2569602,0.024414087,0.08156021
[bmim]__[PF6]__R1234ze(E)__293.15__0.2588,R1234ZE(E),0.2097,0.118060134,0.07040107,0.113018036,0.32288134,0.12189069,0.14925024,0.099246025,0.060449764,0.3429907,0.3352027,0.3250388,0.35186487,0.36628938,0.3442773,0.015781531,0.13457729,0.31542653,0.3237579,0.2906677,0.28353736,0.3479571,0.31226933,0.026017917,0.10256933
[bmim]__[PF6]__R1234ze(E)__293.15__0.2958,R1234ZE(E),0.2419,0.12870836,0.07525412,0.120475665,0.36560702,0.13046286,0.1641016,0.11487578,0.0777984,0.38921994,0.3838089,0.37687826,0.40658915,0.4146769,0.39423463,0.015855655,0.15233463,0.36187184,0.3716191,0.34065095,0.335274,0.39818063,0.36151928,0.025349986,0.11961928
[bmim]__[PF6]__R1234ze(E)__303.15__0.1041,R1234ZE(E),0.0613,0.07227501,0.034950268,0.07105961,0.12811796,0.070011556,0.07528289,0.033440005,0.013982888,0.12277651,0.10480139,0.102886565,0.10546209,0.11770421,0.110726155,0.008918755,0.049426157,0.08988079,0.08321142,0.07345464,0.06904912,0.08728312,0.080575824,0.00897347,0.019275825
[bmim]__[PF6]__R1234ze(E)__303.15__0.1531,R1234ZE(E),0.0891,0.07998802,0.04027882,0.08086733,0.16055508,0.08097168,0.088532194,0.04388792,0.00056780875,0.1564605,0.1414487,0.13631505,0.13952936,0.15841912,0.14643455,0.010235893,0.057334542,0.12234062,0.11835558,0.1038677,0.09976866,0.124928564,0.113852225,0.011325368,0.024752222
[bmim]__[PF6]__R1234ze(E)__303.15__0.1995,R1234ZE(E),0.1154,0.0883093,0.04618813,0.089417525,0.19440566,0.089015625,0.10146724,0.05515138,0.0139327645,0.18917695,0.18248734,0.17234452,0.18049052,0.20205104,0.18531008,0.011118839,0.06991008,0.1615389,0.16006729,0.13905808,0.1359944,0.16939017,0.15320978,0.014788884,0.037809774
[bmim]__[PF6]__R1234ze(E)__303.15__0.244,R1234ZE(E),0.1414,0.097374015,0.05012297,0.0959607,0.22823714,0.09627402,0.11359377,0.067167,0.027806222,0.22719967,0.22520988,0.21387039,0.22837433,0.2466342,0.2282577,0.011780415,0.08685771,0.20252728,0.2027389,0.18308866,0.17514086,0.22079763,0.19685867,0.018035108,0.05545868
[bmim]__[PF6]__R1234ze(E)__303.15__0.2887,R1234ZE(E),0.169,0.106128395,0.05205225,0.10134066,0.2638223,0.10386968,0.12544265,0.08055187,0.043557346,0.26876277,0.26813906,0.261007,0.27594388,0.29453993,0.27367854,0.012803784,0.10467854,0.2460046,0.24759836,0.23116839,0.22321784,0.2716894,0.24393573,0.018575497,0.074935734
[bmim]__[PF6]__R1234ze(E)__303.15__0.3315,R1234ZE(E),0.1952,0.11388283,0.053824652,0.10563549,0.29968497,0.11018424,0.13664244,0.094367795,0.058557555,0.30912137,0.31167197,0.30762613,0.32661647,0.33970624,0.31894842,0.013850975,0.12374842,0.28806573,0.29086655,0.27639338,0.27190754,0.31751448,0.28894955,0.017807994,0.09374955
[bmim]__[PF6]__R1234ze(E)__313.15__0.1124,R1234ZE(E),0.0499,0.07013476,0.030958578,0.06771703,0.114335835,0.06293707,0.06921665,0.029757125,0.019316655,0.105256155,0.08969851,0.090191975,0.09191425,0.10308952,0.09603008,0.007517786,0.04613008,0.07955967,0.070874885,0.06522101,0.057117123,0.074549966,0.069464535,0.008663551,0.019564535
[bmim]__[PF6]__R1234ze(E)__313.15__0.1654,R1234ZE(E),0.0726,0.076692276,0.03330096,0.07430491,0.13878587,0.072189,0.0790546,0.037869833,0.006454602,0.12855595,0.11360237,0.11459441,0.11258492,0.12955205,0.11977794,0.0085048955,0.04717794,0.09948504,0.09455459,0.08230182,0.0820156,0.09692694,0.0910568,0.008308451,0.018456802
[bmim]__[PF6]__R1234ze(E)__313.15__0.216,R1234ZE(E),0.094,0.082276665,0.036500093,0.08124983,0.16439375,0.07869116,0.0886223,0.046506144,0.005377695,0.15394057,0.14323795,0.13906099,0.14191854,0.16122577,0.14787677,0.0093501685,0.053876773,0.12708905,0.12475875,0.1088815,0.10762187,0.12757929,0.11918609,0.0100482935,0.025186092
[bmim]__[PF6]__R1234ze(E)__313.15__0.2648,R1234ZE(E),0.1151,0.08838138,0.038862377,0.085744284,0.18888177,0.084021315,0.097178236,0.05520757,0.01792176,0.18041432,0.17696206,0.16880357,0.1743268,0.19537874,0.1791771,0.010000818,0.06407711,0.15734774,0.1557959,0.14259318,0.13715667,0.16783974,0.15214665,0.012274057,0.037046656
[bmim]__[PF6]__R1234ze(E)__313.15__0.3142,R1234ZE(E),0.1374,0.094868414,0.039789796,0.08853493,0.21442257,0.088428795,0.105208896,0.0649496,0.032191105,0.2085509,0.21053311,0.20416799,0.21195106,0.23127538,0.2132957,0.010470637,0.0758957,0.19002943,0.18915027,0.17899284,0.17234442,0.20742437,0.18758829,0.013305324,0.050188288
[bmim]__[PF6]__R1234ze(E)__313.15__0.3619,R1234ZE(E),0.1584,0.10053496,0.03994017,0.09136755,0.2428296,0.09260063,0.11345458,0.07621008,0.04494542,0.241108,0.24383266,0.24106425,0.2541967,0.26993135,0.25002658,0.012367484,0.091626585,0.22475617,0.22425428,0.21464482,0.21315718,0.24311528,0.22398555,0.01194901,0.06558555
[bmim]__[PF6]__R1234ze(E)__323.15__0.1197,R1234ZE(E),0.0411,0.06613027,0.026352141,0.06077796,0.10129446,0.05546125,0.062003218,0.02681479,0.020903219,0.08862321,0.075224854,0.078487985,0.07761218,0.089734726,0.0819366,0.006729834,0.0408366,0.07046728,0.062361926,0.057671126,0.04635837,0.06484972,0.06034168,0.009077394,0.01924168
[bmim]__[PF6]__R1234ze(E)__323.15__0.1764,R1234ZE(E),0.0599,0.07260005,0.027949505,0.0656422,0.12011513,0.062230196,0.069707416,0.033035826,0.009807415,0.105097055,0.09452474,0.096177146,0.0921257,0.10978302,0.09954154,0.0075371386,0.039641537,0.08499074,0.078292824,0.07057054,0.06951392,0.077722624,0.07621813,0.0063318294,0.016318128
[bmim]__[PF6]__R1234ze(E)__323.15__0.2306,R1234ZE(E),0.0775,0.077937976,0.02907347,0.070286684,0.1403001,0.06794377,0.0771084,0.040099125,0.00039160252,0.12478433,0.11685482,0.11603243,0.11254479,0.13337708,0.12071868,0.008373579,0.04321868,0.102740444,0.10054419,0.090210296,0.09152199,0.09954338,0.09691206,0.0056580193,0.019412063
[bmim]__[PF6]__R1234ze(E)__323.15__0.2832,R1234ZE(E),0.0947,0.08243127,0.029919822,0.07372442,0.15789211,0.072193846,0.0832323,0.046446733,0.011467703,0.1450423,0.1422941,0.1386989,0.13571437,0.1584909,0.14404812,0.008813687,0.049348123,0.12455778,0.12328092,0.115535446,0.11481088,0.12858304,0.12135361,0.00597713,0.02665361
[bmim]__[PF6]__R1234ze(E)__323.15__0.3366,R1234ZE(E),0.1132,0.08673294,0.029927177,0.075946674,0.17687936,0.07581084,0.0890594,0.05376301,0.024140604,0.16582257,0.16774535,0.16315666,0.16260636,0.18538548,0.16894329,0.009422864,0.055743285,0.15051754,0.14841905,0.14118917,0.14215305,0.15804993,0.14806576,0.0068568788,0.03486576
[bmim]__[PF6]__R1234ze(E)__323.15__0.3883,R1234ZE(E),0.1304,0.09083303,0.029310204,0.07808432,0.19808245,0.07909821,0.09508164,0.062244434,0.03531836,0.18810755,0.19271167,0.19278482,0.19315659,0.21339034,0.19603018,0.009924031,0.06563018,0.1784704,0.1743952,0.16976202,0.1706107,0.1869716,0.17604198,0.0070178807,0.045641974
[bmim]__[PF6]__R1234ze(E)__333.15__0.1264,R1234ZE(E),0.0343,0.06247829,0.022168458,0.054508906,0.08879624,0.048442654,0.05527891,0.024077335,0.020978909,0.07468015,0.06385577,0.06857056,0.0665982,0.07805681,0.0703523,0.0058643543,0.0360523,0.063121706,0.055611838,0.052373175,0.038543887,0.057970844,0.053524293,0.009246319,0.019224294
[bmim]__[PF6]__R1234ze(E)__333.15__0.1864,R1234ZE(E),0.0502,0.068713255,0.023619981,0.057629596,0.104211494,0.054189637,0.061672796,0.029066607,0.011472795,0.086892284,0.07909564,0.082261726,0.07775764,0.092280254,0.08365752,0.0059662135,0.033457518,0.07375899,0.06794059,0.06327641,0.059307933,0.06676587,0.06620996,0.0053975843,0.016009957
[bmim]__[PF6]__R1234ze(E)__333.15__0.2439,R1234ZE(E),0.0648,0.07421899,0.024441682,0.060977027,0.119634315,0.05784573,0.06742355,0.03447055,0.0026235506,0.101588935,0.0964133,0.09746909,0.09215532,0.1111396,0.099753246,0.007195831,0.034953244,0.086230874,0.08464887,0.0791922,0.07816821,0.08152827,0.08195369,0.0034530766,0.017153688
[bmim]__[PF6]__R1234ze(E)__333.15__0.2999,R1234ZE(E),0.0791,0.07792552,0.024180971,0.063870616,0.13386828,0.061456718,0.072260424,0.03976922,0.0068395734,0.11790854,0.115684524,0.11588769,0.10868658,0.1315531,0.117944084,0.00837022,0.038844086,0.101037264,0.10266378,0.0986792,0.09806496,0.1010443,0.100297906,0.0018912536,0.021197908
[bmim]__[PF6]__R1234ze(E)__333.15__0.3568,R1234ZE(E),0.0946,0.08087678,0.023374707,0.06577585,0.1480029,0.06457685,0.07652142,0.04530807,0.01807858,0.13462633,0.13508615,0.13484597,0.12922567,0.15131164,0.13701916,0.008354614,0.042419158,0.12106996,0.12167505,0.11728181,0.1209725,0.12338702,0.12087728,0.0022309648,0.026277281
[bmim]__[PF6]__R1234ze(E)__333.15__0.4121,R1234ZE(E),0.109,0.08404401,0.022535607,0.067730665,0.16399306,0.067500696,0.081160806,0.05165602,0.027839191,0.1512821,0.15472919,0.15569973,0.15175308,0.17255223,0.15720327,0.008785456,0.048203275,0.14305185,0.14009906,0.1388833,0.14409032,0.14581043,0.142387,0.002853673,0.033387005
[bmim]__[PF6]__R1234ze(E)__343.15__0.1327,R1234ZE(E),0.0289,0.059170187,0.018846296,0.048862223,0.077122785,0.04215654,0.049231607,0.021506704,0.020331608,0.06317072,0.055656344,0.060151827,0.058760833,0.06790154,0.06112825,0.004651584,0.032228254,0.057605863,0.05076,0.04754167,0.03197264,0.053284682,0.048232973,0.009806032,0.019332973
[bmim]__[PF6]__R1234ze(E)__343.15__0.196,R1234ZE(E),0.0417,0.06486675,0.019469354,0.051010747,0.09053464,0.046762615,0.05452882,0.026005523,0.012828819,0.072944656,0.06674011,0.07088537,0.06689937,0.079396844,0.07137327,0.0052097747,0.029673267,0.06604167,0.0614728,0.057539806,0.05146155,0.061388277,0.05958082,0.0054469565,0.01788082
[bmim]__[PF6]__R1234ze(E)__343.15__0.2565,R1234ZE(E),0.0541,0.070156336,0.020236243,0.053451415,0.10140839,0.049496047,0.058949687,0.029776936,0.004849687,0.084136054,0.080277085,0.08298448,0.07685603,0.093948394,0.08364041,0.0064083966,0.029540412,0.07625772,0.07395011,0.071347915,0.06826274,0.071194164,0.072202526,0.0030318196,0.018102527
[bmim]__[PF6]__R1234ze(E)__343.15__0.3156,R1234ZE(E),0.0663,0.07398458,0.020097006,0.055719398,0.113510564,0.05172339,0.06300699,0.03425206,0.0032930076,0.09762423,0.09455034,0.09832915,0.089884326,0.111010626,0.09827973,0.00785651,0.031979732,0.08736059,0.08912407,0.087433726,0.08535501,0.08409097,0.08667288,0.001966163,0.020372882
[bmim]__[PF6]__R1234ze(E)__343.15__0.3761,R1234ZE(E),0.0786,0.07645754,0.0188341,0.057152934,0.124705106,0.05418424,0.06626678,0.038722727,0.012333214,0.11094438,0.11015436,0.11432983,0.1046828,0.1272989,0.11348206,0.0084641045,0.03488206,0.102229066,0.10401658,0.10270148,0.10414403,0.10012087,0.1026424,0.0016336844,0.024042405
[bmim]__[PF6]__R1234ze(E)__343.15__0.4347,R1234ZE(E),0.0906,0.07903587,0.017924573,0.058734026,0.13743679,0.056719333,0.069970116,0.04371645,0.020629883,0.124557175,0.12680373,0.13030991,0.12257287,0.14441766,0.12973227,0.008697835,0.039132267,0.119264,0.11842037,0.11834644,0.123603016,0.11773941,0.11947465,0.0023708232,0.02887465
[hmim]__[BF4]__R1234yf__303.2__0.1109,R1234YF,0.02515,0.06003259,0.023113396,0.04403075,0.042738512,0.04171523,0.042326096,0.013096726,0.017176097,0.03627789,0.05366025,0.034801908,0.056977503,0.08812828,0.053969167,0.021542724,0.028819168,0.0800586,0.058826692,0.04553775,0.037051044,0.06335409,0.056965638,0.016618876,0.03181564
[hmim]__[BF4]__R1234yf__313.2__0.1248,R1234YF,0.02245,0.05825683,0.018606234,0.04386727,0.03866855,0.038339723,0.03954772,0.0142255705,0.017097719,0.03333087,0.05012816,0.032778896,0.051650368,0.0774035,0.049058355,0.018191239,0.026608355,0.06910004,0.049996734,0.043065615,0.030919548,0.05333505,0.049283396,0.014013527,0.026833396
[hmim]__[BF4]__R1234yf__323.2__0.1322,R1234YF,0.01899,0.05552954,0.014495375,0.041342698,0.03492245,0.03425083,0.036108177,0.014803364,0.017118176,0.029864974,0.044435523,0.030594185,0.045596153,0.06776411,0.043650992,0.015381614,0.024660992,0.060548678,0.04295313,0.04025526,0.022911673,0.044634804,0.04226071,0.013406832,0.02327071
[hmim]__[BF4]__R1234yf__333.2__0.1494,R1234YF,0.01749,0.05356231,0.0111894645,0.037982456,0.033137906,0.030904293,0.03335529,0.015224264,0.015865289,0.027053762,0.040090594,0.028381191,0.04130269,0.0600345,0.03937255,0.013263857,0.021882549,0.054998968,0.03883351,0.038411245,0.018336361,0.039509036,0.03801782,0.01302654,0.020527821
[hmim]__[BF4]__R1234yf__343.2__0.1587,R1234YF,0.0153,0.05113453,0.009035058,0.034735955,0.031627014,0.026847966,0.030676102,0.015156874,0.015376102,0.024569161,0.03638168,0.026176024,0.03749727,0.053641945,0.035653215,0.011621091,0.020353215,0.049790658,0.03588093,0.035957545,0.013664313,0.035975717,0.034253836,0.012979178,0.018953836
[hmim]__[BF4]__R1234yf__283.15__0.0548,R1234YF,0.0226,0.049095012,0.019922877,0.021981023,0.040957734,0.034760542,0.033343434,0.0124229,0.010743434,0.03473582,0.038777154,0.027024165,0.05087524,0.089352846,0.048153043,0.024592645,0.025553042,0.09720844,0.06911671,0.04387073,0.048596937,0.068789795,0.06551652,0.021112,0.042916514
[hmim]__[BF4]__R1234yf__283.15__0.1023,R1234YF,0.0422,0.059462886,0.028859898,0.03771307,0.055696093,0.048506368,0.04604766,0.012688482,0.0038476624,0.057508714,0.06397204,0.04161454,0.07707189,0.14393157,0.076819755,0.039627787,0.034619756,0.15197793,0.11437622,0.06530304,0.07189134,0.11283776,0.10327725,0.035402905,0.061077252
[hmim]__[BF4]__R1234yf__283.15__0.155,R1234YF,0.0608,0.06881337,0.037872426,0.051379032,0.07426823,0.06264461,0.058995534,0.014552986,0.0018044673,0.08401621,0.09224879,0.058588922,0.11092094,0.20993748,0.11114247,0.058342062,0.05034247,0.22680177,0.1743685,0.09087599,0.09882261,0.17140897,0.15245555,0.057086125,0.09165555
[hmim]__[BF4]__R1234yf__283.15__0.193,R1234YF,0.0772,0.0755624,0.044307902,0.059485704,0.08938874,0.07185527,0.06812001,0.017053358,0.009079993,0.10533392,0.11422409,0.07074093,0.1402878,0.26267684,0.13865271,0.07366066,0.06145271,0.28410047,0.22415431,0.11193687,0.12231002,0.21754342,0.19200902,0.073204614,0.114809014
[hmim]__[BF4]__R1234yf__283.15__0.2342,R1234YF,0.0962,0.082778774,0.04959249,0.06929906,0.1094231,0.08168274,0.078555234,0.021822935,0.017644763,0.12943795,0.14320089,0.084462956,0.17959277,0.31802636,0.17094418,0.08899357,0.07474419,0.34444433,0.28166503,0.13709629,0.15033668,0.27163118,0.23703471,0.089763366,0.14083472
[hmim]__[BF4]__R1234yf__283.15__0.2766,R1234YF,0.1165,0.091530636,0.053380225,0.078342944,0.13440074,0.09053725,0.08963836,0.029369619,0.026861638,0.15535514,0.17946698,0.100613,0.2273916,0.37176,0.20691733,0.10284101,0.09041733,0.3983634,0.34099227,0.16538747,0.17803717,0.3300827,0.2825726,0.10456768,0.1660726
[hmim]__[BF4]__R1234yf__283.15__0.3157,R1234YF,0.1388,0.10016466,0.05850389,0.08655925,0.15829033,0.099262744,0.10055618,0.036398377,0.038243815,0.1821023,0.21773832,0.12018259,0.27438536,0.42051703,0.2429851,0.11393873,0.104185104,0.4434724,0.38976783,0.19413483,0.20252135,0.37882093,0.32174343,0.11532666,0.18294343
[hmim]__[BF4]__R1234yf__293.15__0.0582,R1234YF,0.019,0.054859392,0.019971073,0.02973082,0.03768149,0.03312949,0.035074454,0.012832477,0.016074454,0.030331861,0.04084477,0.026229665,0.045778878,0.07263993,0.04316502,0.01825159,0.024165021,0.071806625,0.0508248,0.03784369,0.0316735,0.056398697,0.049709458,0.01581429,0.030709459
[hmim]__[BF4]__R1234yf__293.15__0.1083,R1234YF,0.0338,0.061430126,0.025922904,0.04143188,0.04911135,0.04513721,0.044606693,0.012872108,0.010806695,0.043008566,0.0579318,0.037246652,0.06446802,0.10826116,0.062183242,0.027999872,0.028383244,0.10548645,0.0789293,0.05422672,0.049749285,0.081224464,0.073923245,0.022621548,0.040123247
[hmim]__[BF4]__R1234yf__293.15__0.1579,R1234YF,0.0494,0.06585157,0.030754095,0.049352188,0.05968724,0.054697946,0.05206861,0.0133848265,0.002668608,0.05638963,0.07187833,0.04695762,0.0809574,0.14779654,0.0807959,0.039715648,0.031395897,0.15096052,0.10864291,0.06909033,0.06923984,0.11097318,0.10178135,0.034197275,0.05238135
[hmim]__[BF4]__R1234yf__293.15__0.2049,R1234YF,0.0646,0.07076377,0.034720533,0.055927627,0.070970595,0.063613616,0.059199225,0.015014162,0.005400773,0.072475724,0.085956104,0.054046396,0.10013892,0.19079049,0.10068152,0.053167567,0.036081523,0.20444547,0.1517623,0.08510341,0.08679826,0.1490371,0.13542931,0.05028132,0.07082931
[hmim]__[BF4]__R1234yf__293.15__0.2502,R1234YF,0.0791,0.07644577,0.037304293,0.06266861,0.082973406,0.07146329,0.06617107,0.017758474,0.012928925,0.089827,0.102762714,0.062041674,0.123929635,0.2393187,0.12357595,0.06847474,0.04447595,0.25937387,0.20098984,0.10270001,0.104110904,0.19500245,0.17243542,0.06784944,0.09333542
[hmim]__[BF4]__R1234yf__293.15__0.2966,R1234YF,0.0944,0.082348496,0.039439082,0.06937132,0.097646594,0.07915701,0.0735925,0.021624668,0.020807505,0.10803681,0.12535483,0.07243064,0.15476489,0.29099333,0.15031609,0.08409314,0.055916086,0.31219906,0.25299823,0.12277332,0.12723255,0.24669915,0.21238045,0.083771914,0.11798045
[hmim]__[BF4]__R1234yf__293.15__0.3404,R1234YF,0.1102,0.08728083,0.040862564,0.07567871,0.11458327,0.0850843,0.08069794,0.026565203,0.029502064,0.12451909,0.15271965,0.08567022,0.19283961,0.3377192,0.17869356,0.09714953,0.06849356,0.35874838,0.300219,0.14441039,0.14922065,0.29273275,0.24906623,0.09679299,0.13886623
[hmim]__[BF4]__R1234yf__303.15__0.0615,R1234YF,0.0155,0.055234622,0.019497938,0.03593428,0.034571294,0.031942334,0.035436094,0.012837533,0.019936094,0.028047826,0.041445587,0.026799202,0.044094805,0.06715119,0.04150772,0.016292587,0.026007721,0.061372243,0.04590088,0.03481903,0.024494171,0.04897482,0.04311223,0.014062217,0.02761223
[hmim]__[BF4]__R1234yf__303.15__0.1144,R1234YF,0.0279,0.060356084,0.023336615,0.044331245,0.04333715,0.042204842,0.042713188,0.013133824,0.014813188,0.03689958,0.054197248,0.035187732,0.057720702,0.08955609,0.054712273,0.02191978,0.026812274,0.081784576,0.059657037,0.046329327,0.037926946,0.064257294,0.057991035,0.016931755,0.030091036
[hmim]__[BF4]__R1234yf__303.15__0.1671,R1234YF,0.0406,0.06362641,0.025824126,0.048912264,0.051053118,0.049204987,0.04772418,0.013667291,0.007124178,0.04420133,0.061700556,0.0389285,0.065895155,0.11201052,0.06454721,0.028865896,0.02394721,0.11021348,0.073377356,0.05729969,0.051108204,0.08009687,0.07441912,0.02318961,0.033819117
[hmim]__[BF4]__R1234yf__303.15__0.2175,R1234YF,0.0519,0.06716458,0.027614903,0.053453237,0.058040254,0.056157295,0.05248605,0.014826462,0.0005860515,0.054081295,0.06924555,0.04196223,0.074819416,0.14111666,0.07624503,0.03848992,0.024345033,0.14518872,0.09931933,0.067506924,0.064624384,0.10421251,0.09617038,0.032764815,0.04427038
[hmim]__[BF4]__R1234yf__303.15__0.266,R1234YF,0.0632,0.070567764,0.028333705,0.05755492,0.06557862,0.06221768,0.056850534,0.016634706,0.006349463,0.06580578,0.079751775,0.045111723,0.08936083,0.17505172,0.09101637,0.049835686,0.02781637,0.18360925,0.1358466,0.08061492,0.07628843,0.13750935,0.12277372,0.044797454,0.059573725
[hmim]__[BF4]__R1234yf__303.15__0.3155,R1234YF,0.0762,0.074306004,0.028774675,0.061877515,0.07404715,0.06807372,0.061415814,0.018945266,0.014784187,0.07747372,0.092949584,0.05099747,0.11092995,0.21659379,0.10978891,0.06362557,0.03358891,0.23077463,0.17675161,0.09510675,0.089349896,0.1779058,0.15397772,0.0604804,0.07777772
[hmim]__[BF4]__R1234yf__303.15__0.3627,R1234YF,0.0887,0.07854882,0.02875346,0.06651271,0.08436769,0.07371862,0.06638026,0.022029905,0.022319734,0.08858792,0.10978918,0.060450137,0.13522343,0.26083502,0.13097712,0.07762238,0.042277128,0.27464318,0.21652076,0.10947116,0.10601002,0.2144941,0.18422785,0.07389249,0.09552786
[hmim]__[BF4]__R1234yf__313.15__0.0646,R1234YF,0.0129,0.053483285,0.017939882,0.037560385,0.031595565,0.029381867,0.033992194,0.013012593,0.021092193,0.026059888,0.038653728,0.02661401,0.04005076,0.061069977,0.038489673,0.014211482,0.025589673,0.055494387,0.040481642,0.033311225,0.01739371,0.041623935,0.03766098,0.013886811,0.024760978
[hmim]__[BF4]__R1234yf__313.15__0.1204,R1234YF,0.0228,0.057938438,0.018538743,0.043717083,0.038094014,0.03786755,0.039231166,0.014154632,0.016431166,0.033019237,0.049679473,0.03253867,0.051179018,0.07656324,0.048595928,0.017961666,0.025795927,0.067913584,0.049597017,0.042360164,0.029994283,0.052727163,0.04851844,0.01392944,0.025718441
[hmim]__[BF4]__R1234yf__313.15__0.1757,R1234YF,0.0337,0.061096974,0.01994898,0.045734957,0.04396372,0.04376714,0.042902354,0.014729219,0.009202354,0.037960798,0.05448587,0.03435641,0.055444643,0.09068706,0.05458696,0.022302844,0.020886958,0.086247385,0.057102367,0.049849726,0.041287582,0.06235082,0.05936758,0.016985513,0.025667578
[hmim]__[BF4]__R1234yf__313.15__0.2285,R1234YF,0.0438,0.06342684,0.020737967,0.048961587,0.0482221,0.049206004,0.0461109,0.015538587,0.0023108982,0.045150995,0.059101257,0.03466755,0.0606719,0.10860831,0.06164,0.028340805,0.017840002,0.109771855,0.07098266,0.058466733,0.04969922,0.07867737,0.073519565,0.023136897,0.029719565
[hmim]__[BF4]__R1234yf__313.15__0.2799,R1234YF,0.053,0.065793216,0.020325067,0.05203625,0.05322975,0.05482395,0.049241647,0.017066048,0.0037583522,0.05344844,0.06489306,0.03603752,0.06893119,0.13091572,0.07084519,0.035922766,0.017845187,0.1377914,0.09397939,0.067646556,0.057151664,0.10306981,0.09192777,0.031744216,0.038927767
[hmim]__[BF4]__R1234yf__313.15__0.3326,R1234YF,0.0631,0.06795458,0.020045768,0.054816723,0.058923207,0.059381943,0.05222444,0.01861268,0.010875564,0.062015887,0.07308072,0.03907004,0.0825693,0.15755855,0.0828589,0.04479852,0.019758895,0.16946033,0.12451383,0.078031644,0.066564076,0.13143262,0.114000514,0.041934993,0.05090051
[hmim]__[BF4]__R1234yf__313.15__0.3828,R1234YF,0.0736,0.070245214,0.019268466,0.057482813,0.0657243,0.06341568,0.05522729,0.020620981,0.01837271,0.07016566,0.0829679,0.044569507,0.09968372,0.1897172,0.0974208,0.055382162,0.023820795,0.20184335,0.1534363,0.08922003,0.077024,0.15865293,0.13603532,0.05200734,0.06243532
[hmim]__[BF4]__R1234yf__323.15__0.0676,R1234YF,0.0106,0.05119219,0.015141204,0.03628461,0.028351286,0.026304152,0.03145469,0.013371481,0.02085469,0.022922337,0.033818144,0.025745206,0.036143955,0.05311169,0.034348268,0.011833598,0.023748267,0.049636215,0.034780666,0.03081701,0.009631855,0.036055014,0.032184154,0.014463533,0.021584153
[hmim]__[BF4]__R1234yf__323.15__0.126,R1234YF,0.0191,0.055197336,0.014471568,0.041244745,0.034372132,0.03361252,0.035779662,0.014727743,0.016679663,0.029493846,0.043935843,0.030331314,0.045207158,0.06669948,0.043133527,0.015085055,0.024033528,0.059557185,0.042529926,0.039448224,0.021809023,0.044139624,0.0414968,0.013472514,0.0223968
[hmim]__[BF4]__R1234yf__323.15__0.1838,R1234YF,0.0282,0.05806222,0.014526568,0.041999325,0.038722806,0.038214203,0.038305026,0.01556914,0.010105025,0.033070315,0.047877546,0.030957397,0.047840007,0.076857254,0.047320507,0.018329069,0.019120507,0.07073231,0.047073882,0.044979,0.032666415,0.050997153,0.049289756,0.013806942,0.021089755
[hmim]__[BF4]__R1234yf__323.15__0.2395,R1234YF,0.0365,0.060144927,0.014544364,0.043663017,0.04212618,0.042515606,0.040598817,0.016403362,0.0040988177,0.038301505,0.051574975,0.030231353,0.051168334,0.08969778,0.052194785,0.022821743,0.015694786,0.08886296,0.057176217,0.051967826,0.03965687,0.06278018,0.060088813,0.018214645,0.023588814
[hmim]__[BF4]__R1234yf__323.15__0.2933,R1234YF,0.0444,0.062085252,0.013869369,0.045894396,0.045298897,0.047089983,0.042847577,0.017628917,0.0015524216,0.04459858,0.05580476,0.030169807,0.056705926,0.10446671,0.058349155,0.027924705,0.013949156,0.1101369,0.07213265,0.05990917,0.045585282,0.081736326,0.07390006,0.024367554,0.02950006
[hmim]__[BF4]__R1234yf__323.15__0.3489,R1234YF,0.0531,0.06370659,0.012632597,0.04815507,0.04952815,0.05118861,0.045042206,0.01914637,0.008057795,0.051735878,0.061381556,0.032035623,0.06639265,0.12320332,0.06694981,0.034081656,0.013849806,0.13305303,0.09315978,0.06792532,0.05302027,0.10235382,0.089902446,0.031108318,0.036802445
[hmim]__[BF4]__R1234yf__323.15__0.4019,R1234YF,0.062,0.06490244,0.011632714,0.050402485,0.054794468,0.055043355,0.04735509,0.020662393,0.01464491,0.05790837,0.06748182,0.03575114,0.078143865,0.14255802,0.076368645,0.040167537,0.014368646,0.15564346,0.11254077,0.076981336,0.061017115,0.12081852,0.10540024,0.037385117,0.043400243
[hmim]__[BF4]__R1234yf__333.15__0.0705,R1234YF,0.0087,0.048600957,0.011927787,0.033364672,0.026082829,0.023556665,0.02870658,0.013531608,0.02000658,0.020276085,0.029135855,0.02385366,0.032007735,0.046103127,0.03027529,0.009950397,0.02157529,0.04340996,0.030207537,0.027817924,0.003755279,0.032189574,0.027476054,0.014546131,0.018776054
[hmim]__[BF4]__R1234yf__333.15__0.1313,R1234YF,0.0159,0.052642107,0.011196915,0.037751727,0.031890403,0.029743105,0.03264485,0.014958056,0.016744848,0.026138417,0.038828935,0.027726326,0.040649004,0.057609398,0.038190417,0.01263227,0.022290416,0.053293504,0.037863687,0.036605228,0.015190763,0.038476724,0.03628598,0.013616666,0.02038598
[hmim]__[BF4]__R1234yf__333.15__0.1918,R1234YF,0.0238,0.05553473,0.010822661,0.038211167,0.03535302,0.033149306,0.034614176,0.01596352,0.010814175,0.029006325,0.042339884,0.028166704,0.041888222,0.0666328,0.04160679,0.015542887,0.01780679,0.060026426,0.041371364,0.04178885,0.02522362,0.043652773,0.04241261,0.012336117,0.018612608
[hmim]__[BF4]__R1234yf__333.15__0.2499,R1234YF,0.0308,0.057770275,0.0098578,0.039057054,0.038011964,0.036409065,0.03622123,0.017107569,0.0054212287,0.032698914,0.045553666,0.027365163,0.043469306,0.07749349,0.045316108,0.01949539,0.014516108,0.073856756,0.04849412,0.04785168,0.032293376,0.05175983,0.050851155,0.014908278,0.020051155
[hmim]__[BF4]__R1234yf__333.15__0.3057,R1234YF,0.0376,0.05929015,0.008890774,0.04047682,0.03999837,0.039585214,0.037648268,0.018115187,4.8268586e-05,0.03745873,0.04924746,0.026783258,0.048119534,0.08885312,0.05009242,0.023504922,0.012492422,0.09014439,0.061422426,0.054420397,0.03778296,0.065598235,0.061873686,0.019034332,0.024273686
[hmim]__[BF4]__R1234yf__333.15__0.3644,R1234YF,0.0454,0.060784355,0.007901277,0.042333443,0.0428512,0.043446314,0.03946332,0.019276466,0.005936682,0.04324841,0.053030305,0.027609415,0.054933444,0.10155617,0.05607555,0.027631145,0.0106755495,0.10725087,0.076184645,0.06120106,0.04378089,0.08169107,0.07402171,0.023698896,0.02862171
[hmim]__[BF4]__R1234yf__333.15__0.42,R1234YF,0.0531,0.061672572,0.00702722,0.044501334,0.047088336,0.046693765,0.041396648,0.020386666,0.011703353,0.04876203,0.056956924,0.030132607,0.06376065,0.11669895,0.06326224,0.032416493,0.010162238,0.12380526,0.08892212,0.0689409,0.05048588,0.09477167,0.085385166,0.027681647,0.032285165
[hmim]__[BF4]__R1234yf__343.15__0.0737,R1234YF,0.0063,0.04627955,0.010117475,0.030708354,0.024849918,0.021008369,0.026592735,0.013324467,0.020292735,0.017727308,0.025181372,0.021645121,0.028248565,0.039865717,0.026533615,0.008425601,0.020233614,0.03869862,0.026304163,0.0247671,-0.00042448938,0.0286659,0.023602258,0.014486912,0.017302258
[hmim]__[BF4]__R1234yf__343.15__0.1366,R1234YF,0.0128,0.049951896,0.009244021,0.034682814,0.030230615,0.02584039,0.029989947,0.014732384,0.017189946,0.023681544,0.03506215,0.025368623,0.036808364,0.0511811,0.034420356,0.0110033285,0.021620356,0.04832559,0.034916498,0.03363248,0.01003525,0.034739308,0.032329828,0.013848339,0.019529827
[hmim]__[BF4]__R1234yf__343.15__0.1998,R1234YF,0.0192,0.053262357,0.0082210675,0.03496921,0.033278506,0.028628632,0.031671956,0.016115244,0.012471955,0.025819987,0.03800092,0.025957495,0.03783188,0.058215525,0.03716516,0.013215384,0.01796516,0.05280436,0.037594475,0.039144836,0.019771695,0.038661703,0.037595414,0.011753027,0.018395413
[hmim]__[BF4]__R1234yf__343.15__0.2602,R1234YF,0.0255,0.055370286,0.006864775,0.03539034,0.03499771,0.030984886,0.032721598,0.017297814,0.007221598,0.028515536,0.04071162,0.024652857,0.038463194,0.067261405,0.03992092,0.01668419,0.014420919,0.06250796,0.043194965,0.044722572,0.025903784,0.045588486,0.044383556,0.012970885,0.018883556
[hmim]__[BF4]__R1234yf__343.15__0.3146,R1234YF,0.0315,0.056712657,0.0053519644,0.036225643,0.0366949,0.033453677,0.033687767,0.018361656,0.0021877661,0.03167703,0.043695267,0.02411588,0.04088611,0.075759925,0.043226838,0.019765671,0.011726838,0.07519208,0.053850673,0.050466187,0.03066239,0.054381434,0.052910548,0.015815098,0.021410547
[hmim]__[BF4]__R1234yf__343.15__0.3798,R1234YF,0.038,0.05815852,0.0038881265,0.037484873,0.03873384,0.036552534,0.034963578,0.019537052,0.0030364208,0.03649701,0.046931226,0.024143707,0.04611609,0.08659926,0.04805746,0.023430852,0.0100574605,0.089245215,0.06652153,0.057208262,0.03639457,0.067166366,0.06330719,0.019101651,0.02530719
[hmim]__[BF4]__R1234yf__343.15__0.4384,R1234YF,0.0441,0.059138816,0.0028375126,0.03917768,0.04182829,0.039722294,0.036540918,0.020564621,0.0075590834,0.041110244,0.04949026,0.026036393,0.052943733,0.09889863,0.05369585,0.027317517,0.009595849,0.10326224,0.0754734,0.063523576,0.042133316,0.07788124,0.07245476,0.022286855,0.028354757
[hmim]__[BF4]__R1234yf__303.2__0.109,R1234YF,0.027,0.05986203,0.023000937,0.04388147,0.042452846,0.041461997,0.042131852,0.013076352,0.015131852,0.035962716,0.05333558,0.034592576,0.056602146,0.08734657,0.053567916,0.021332279,0.026567915,0.07918043,0.058373865,0.04513546,0.0365904,0.062886015,0.056433238,0.016463725,0.029433237
[hmim]__[BF4]__R1234yf__303.27__0.186,R1234YF,0.048,0.06483943,0.026444327,0.050609335,0.05348254,0.05163677,0.04940248,0.0140398685,0.0014024787,0.04745879,0.064097136,0.040153924,0.06840983,0.12152667,0.068329275,0.031926904,0.020329274,0.12253569,0.08097343,0.06059794,0.056048185,0.08759206,0.08154946,0.026485832,0.033549458
[hmim]__[BF4]__R1234yf__303.38__0.301,R1234YF,0.085,0.07291807,0.028448462,0.060362108,0.07093817,0.065998435,0.05973305,0.018150588,0.02526695,0.073451236,0.08828174,0.048430145,0.10321448,0.20180139,0.10303579,0.058799192,0.018035792,0.21435082,0.1627834,0.09000172,0.08457754,0.16419742,0.14318219,0.05512143,0.058182187
[hmim]__[BF4]__R1234yf__303.8__0.371,R1234YF,0.113,0.07860433,0.02798719,0.06655202,0.08452061,0.07370124,0.06627308,0.022394735,0.04672692,0.08866236,0.11057296,0.06076512,0.13626534,0.26238737,0.13173063,0.07815109,0.018730633,0.27524787,0.21720374,0.109916925,0.10623235,0.2147154,0.18466327,0.07400339,0.07166327
[hmim]__[BF4]__R1234yf__303.36__0.444,R1234YF,0.149,0.084794894,0.028675705,0.07376703,0.10611857,0.079875715,0.074646376,0.028438147,0.07435363,0.10872357,0.15091276,0.08201594,0.18408428,0.33214605,0.17157653,0.09789995,0.022576526,0.33646607,0.2740227,0.13771023,0.13549675,0.26600277,0.2299397,0.08946713,0.080939695
[hmim]__[BF4]__R1234yf__313.2__0.121,R1234YF,0.024,0.05796882,0.018527655,0.0437278,0.03814646,0.037912495,0.039256644,0.014167454,0.015256643,0.033049863,0.04971523,0.032560468,0.051213354,0.07662552,0.048632883,0.017976172,0.024632882,0.06801739,0.04961589,0.04243866,0.030075552,0.05276176,0.04858185,0.013932902,0.02458185
[hmim]__[BF4]__R1234yf__313.24__0.207,R1234YF,0.042,0.062454686,0.020505732,0.047604628,0.04644451,0.046776008,0.044757113,0.015135761,0.0027571134,0.041682027,0.05711261,0.034423687,0.058053885,0.1008761,0.05842966,0.025789272,0.016429659,0.09938288,0.0640406,0.054715067,0.04648578,0.07062101,0.06704907,0.02026241,0.025049072
[hmim]__[BF4]__R1234yf__313.2__0.333,R1234YF,0.077,0.067939766,0.020001559,0.05480101,0.058896318,0.059364453,0.052200623,0.01862401,0.024799377,0.06201229,0.07305302,0.039052077,0.082559295,0.15750758,0.08283685,0.04478361,0.005836852,0.16943982,0.12450954,0.07803041,0.06654016,0.13143255,0.1139905,0.041934967,0.0369905
[hmim]__[BF4]__R1234yf__313.19__0.408,R1234YF,0.104,0.0713927,0.01880395,0.058945574,0.06991304,0.06512569,0.056836188,0.0218089,0.047163814,0.07390701,0.08907874,0.04851117,0.10848132,0.20850268,0.10569618,0.061509654,0.0016961768,0.21874942,0.1666797,0.09514594,0.082766086,0.17081928,0.14683208,0.056827206,0.042832077
[hmim]__[BF4]__R1234yf__313.2__0.492,R1234YF,0.14,0.077082284,0.01862475,0.06481053,0.08706385,0.07020247,0.063556775,0.026458202,0.076443225,0.087673515,0.11758709,0.065584704,0.14300957,0.2765845,0.13808787,0.08280118,0.0019121319,0.27159703,0.20841825,0.115609325,0.10558501,0.2082358,0.18188909,0.07010845,0.041889086
[hmim]__[BF4]__R1234yf__323.22__0.134,R1234YF,0.02,0.055624887,0.014499687,0.041370757,0.03505756,0.03440229,0.036191035,0.014828209,0.016191036,0.029952753,0.0445768,0.030640796,0.04569458,0.068039596,0.043780904,0.01546496,0.023780905,0.0608242,0.04308099,0.04043302,0.023222305,0.044752512,0.042462606,0.013389199,0.022462606
[hmim]__[BF4]__R1234yf__323.22__0.225,R1234YF,0.037,0.059674818,0.014498806,0.043263163,0.041256472,0.041271828,0.039993018,0.01621152,0.0029930174,0.036709387,0.050438248,0.03031858,0.04993963,0.08608716,0.0506986,0.021587249,0.0136986,0.08367496,0.053907912,0.049777605,0.038046226,0.0587082,0.056822978,0.01684699,0.019822977
[hmim]__[BF4]__R1234yf__323.26__0.35,R1234YF,0.071,0.06369278,0.012543943,0.048119128,0.049522426,0.051162776,0.045008212,0.019176655,0.02599179,0.0517621,0.0613714,0.03202565,0.066437244,0.12322295,0.06696387,0.034089625,0.004036136,0.13309383,0.093275405,0.06797992,0.053033397,0.102405496,0.08995761,0.03111715,0.018957607
[hmim]__[BF4]__R1234yf__323.17__0.446,R1234YF,0.095,0.06611971,0.01115365,0.052192204,0.059789784,0.057798315,0.049410727,0.021957954,0.045589272,0.06270848,0.07457417,0.040045734,0.08875209,0.1638309,0.08598228,0.04703738,0.009017721,0.17521867,0.12688245,0.08432458,0.06889361,0.13592595,0.11824906,0.042483453,0.02324906
[hmim]__[BF4]__R1234yf__323.19__0.539,R1234YF,0.131,0.07031287,0.01119652,0.05714462,0.07476473,0.062057346,0.055095218,0.025486436,0.07590478,0.074340746,0.09295445,0.053235427,0.1145885,0.22396879,0.11181758,0.066666655,0.019182414,0.21910192,0.15927665,0.10173342,0.08622861,0.1659307,0.14645424,0.053498857,0.015454248
[hmim]__[BF4]__R1234yf__333.22__0.146,R1234YF,0.017,0.05338382,0.011179287,0.037938375,0.032916844,0.030702624,0.033224188,0.015174524,0.016224187,0.026877247,0.039844543,0.028282844,0.04120562,0.059541997,0.03915045,0.013126853,0.02215045,0.05469449,0.038631923,0.038136445,0.017727021,0.03931476,0.03770093,0.013147233,0.020700928
[hmim]__[BF4]__R1234yf__333.22__0.243,R1234YF,0.033,0.057569597,0.009965759,0.038845792,0.0376148,0.035978857,0.035994958,0.016983343,0.0029949583,0.03213735,0.04508507,0.027433582,0.043102242,0.07611331,0.044774313,0.019009335,0.011774313,0.0719257,0.047261197,0.046962336,0.031494856,0.050554242,0.049639665,0.014487607,0.016639665
[hmim]__[BF4]__R1234yf__332.47__0.375,R1234YF,0.065,0.061197408,0.007958725,0.043123167,0.04396666,0.04466071,0.04018133,0.019512944,0.024818666,0.044948515,0.054316208,0.028312653,0.057353318,0.105515644,0.058089267,0.028824316,0.00691073,0.11213165,0.07990173,0.06312129,0.045717873,0.08565371,0.07730524,0.024941249,0.012305245
[hmim]__[BF4]__R1234yf__333.13__0.482,R1234YF,0.087,0.06291878,0.0061823167,0.046929438,0.052862227,0.050153356,0.043809224,0.021868356,0.043190774,0.054290153,0.06358137,0.034283005,0.07477584,0.13667545,0.07272117,0.03871402,0.014278829,0.1442528,0.101839714,0.0777971,0.05820618,0.10945903,0.09831096,0.03269785,0.011310965
[hmim]__[BF4]__R1234yf__333.19__0.582,R1234YF,0.124,0.066368446,0.006032586,0.051048115,0.065953866,0.054512434,0.048783086,0.024847744,0.07521691,0.06380349,0.07897903,0.043563165,0.09603739,0.18218283,0.09291317,0.053515866,0.031086825,0.1777974,0.12771598,0.091632634,0.07232596,0.13463387,0.12082116,0.04089125,0.003178835
[hmim]__[BF4]__R1234yf__343.22__0.157,R1234YF,0.015,0.05103983,0.009052508,0.03472295,0.031525496,0.026763346,0.030620825,0.015121625,0.015620825,0.024525411,0.036286913,0.026151821,0.037460387,0.0534558,0.035576068,0.011561512,0.020576067,0.049677506,0.035791293,0.035836726,0.013369834,0.035909973,0.034117065,0.013053253,0.019117065
[hmim]__[BF4]__R1234yf__343.22__0.26,R1234YF,0.03,0.055344835,0.0068581738,0.03536576,0.03497363,0.030937538,0.032695986,0.017291402,0.002695987,0.028478503,0.040669873,0.024639957,0.038426697,0.06715476,0.039873958,0.016650084,0.009873958,0.062375978,0.043129623,0.044672914,0.025842251,0.045517057,0.044307567,0.012946228,0.014307568
[hmim]__[BF4]__R1234yf__343.23__0.404,R1234YF,0.057,0.058586784,0.0032987334,0.038069326,0.03973346,0.03774717,0.035487093,0.019996835,0.021512907,0.038139097,0.047960192,0.024672855,0.048557572,0.091062784,0.0500785,0.024872215,0.0069215,0.094588034,0.07029759,0.05971865,0.038318887,0.07180398,0.06694543,0.020436862,0.009945434
[hmim]__[BF4]__R1234yf__343.2__0.515,R1234YF,0.081,0.060685523,0.0023262985,0.0421213,0.048096426,0.043824155,0.03941074,0.021966672,0.04158926,0.04720628,0.0548291,0.029769242,0.06319864,0.11732514,0.06246568,0.033054203,0.018534321,0.121369004,0.08729758,0.07252724,0.050122894,0.09166556,0.084596455,0.026189603,0.0035964549
[hmim]__[BF4]__R1234yf__343.2__0.622,R1234YF,0.117,0.06387279,0.0031929798,0.045788072,0.059186384,0.047696613,0.04394737,0.024018824,0.07305263,0.05576044,0.067613825,0.037431806,0.08132854,0.15157202,0.07874133,0.043787617,0.03825867,0.14895332,0.10728564,0.084264725,0.06282726,0.11314884,0.10329596,0.032394037,0.013704039
[hmim]__[BF4]__R1234yf__353.23__0.167,R1234YF,0.012,0.048685055,0.007635962,0.03213363,0.030821608,0.023216859,0.028498624,0.014910141,0.016498623,0.022591535,0.03349835,0.023943692,0.03429775,0.048003443,0.032466955,0.010197646,0.020466955,0.04627514,0.033619225,0.033978913,0.009418387,0.03461135,0.031580605,0.013473923,0.019580605
[hmim]__[BF4]__R1234yf__353.23__0.277,R1234YF,0.026,0.05305955,0.005035367,0.032264035,0.033328798,0.026641093,0.03006577,0.017193334,0.004065769,0.025634695,0.0375632,0.022131965,0.034948766,0.060410738,0.03613787,0.014992496,0.010137871,0.05679802,0.041700024,0.04303477,0.021423208,0.042404033,0.04107201,0.012643218,0.01507201
[hmim]__[BF4]__R1234yf__353.22__0.425,R1234YF,0.052,0.0559902,0.0012470074,0.034069005,0.037310585,0.032356896,0.03219474,0.019708483,0.01980526,0.033235297,0.043178484,0.021927103,0.041905552,0.080335215,0.04411633,0.021956397,0.007883672,0.08237289,0.06309074,0.057457685,0.032729648,0.061907284,0.05951165,0.017767102,0.0075116493
[hmim]__[BF4]__R1234yf__353.22__0.547,R1234YF,0.076,0.058374308,0.00045780465,0.037521042,0.044813696,0.037830885,0.035799548,0.021488389,0.04020045,0.041253537,0.048455007,0.026443392,0.054624513,0.10300067,0.054755427,0.028944725,0.02124457,0.105594724,0.07730257,0.06864756,0.04392803,0.07908217,0.07491101,0.022157302,0.0010889843
[hmim]__[BF4]__R1234yf__353.2__0.66,R1234YF,0.111,0.062012613,0.0018701702,0.04078584,0.054370683,0.04206996,0.04022185,0.023181953,0.07077815,0.048936047,0.059818193,0.033541337,0.06955835,0.1296581,0.06830241,0.03681531,0.042697594,0.1292215,0.09387192,0.07948215,0.05606331,0.09845468,0.09141871,0.026819114,0.019581288
[hmim]__[BF4]__R1234ze(E)__283.15__0.044,R1234ZE(E),0.0511,0.054736987,0.033827335,0.037636906,0.09615946,0.05071994,0.054616123,0.024806809,0.0035161227,0.104226865,0.08466935,0.08681992,0.09597484,0.11001306,0.096340805,0.010910139,0.045240805,0.10175875,0.09122816,0.08088691,0.093231894,0.10048717,0.09351857,0.008386731,0.04241857
[hmim]__[BF4]__R1234ze(E)__283.15__0.082,R1234ZE(E),0.099,0.06886479,0.044476874,0.056101825,0.13417259,0.06658319,0.074039854,0.034978822,0.024960145,0.14931671,0.12998538,0.12663609,0.14138198,0.1599966,0.14146335,0.013754589,0.042463355,0.15248847,0.14966825,0.12601554,0.1286852,0.15900716,0.14317293,0.014865744,0.044172935
[hmim]__[BF4]__R1234ze(E)__283.15__0.117,R1234ZE(E),0.1503,0.07885175,0.054664265,0.07070956,0.17462508,0.08081882,0.09193389,0.047360368,0.058366105,0.19777444,0.17978536,0.16745578,0.19302686,0.21255365,0.19011922,0.017253846,0.039819226,0.20736308,0.21239667,0.17783904,0.16810393,0.22580506,0.19830155,0.024330214,0.048001558
[hmim]__[BF4]__R1234ze(E)__283.15__0.15,R1234ZE(E),0.195,0.088211685,0.06367096,0.08327822,0.21541409,0.094116926,0.10893837,0.060609266,0.08606162,0.25149837,0.23168616,0.21096912,0.24854243,0.26435888,0.241411,0.020618547,0.046411008,0.2630139,0.27404827,0.23365659,0.21198979,0.2939906,0.25533983,0.03260433,0.06033984
[hmim]__[BF4]__R1234ze(E)__283.15__0.18,R1234ZE(E),0.2387,0.09665784,0.07070018,0.09522795,0.25551972,0.1040224,0.12442561,0.0743504,0.11427439,0.30115533,0.27750993,0.25480616,0.30168954,0.3139205,0.2898163,0.023599343,0.051116288,0.31566203,0.33061588,0.28405538,0.2539115,0.35505772,0.3078605,0.039634034,0.06916049
[hmim]__[BF4]__R1234ze(E)__283.15__0.21,R1234ZE(E),0.2827,0.10659843,0.078234956,0.10601716,0.29829803,0.11447339,0.14072439,0.0891525,0.14197561,0.3499956,0.32458407,0.30210888,0.3534755,0.36123496,0.3382798,0.024449017,0.05557981,0.36557567,0.3826133,0.33566427,0.298431,0.41311643,0.35908014,0.043995857,0.07638013
[hmim]__[BF4]__R1234ze(E)__283.15__0.237,R1234ZE(E),0.3241,0.115161255,0.08519225,0.11550862,0.33621937,0.12304357,0.155025,0.102324836,0.16907498,0.39333534,0.36641228,0.3451547,0.40003902,0.4017926,0.38134676,0.024718728,0.057246774,0.40833354,0.42581046,0.3813853,0.337796,0.46124038,0.40291315,0.046528015,0.078813165
[hmim]__[BF4]__R1234ze(E)__293.15__0.049,R1234ZE(E),0.0437,0.06172344,0.032887947,0.044435177,0.08625884,0.050245784,0.05511024,0.020281889,0.01141024,0.08936134,0.0716083,0.0681988,0.08025093,0.086118326,0.07910754,0.009094478,0.03540754,0.0761791,0.066810906,0.061778195,0.064063214,0.07634459,0.0690352,0.006833643,0.025335204
[hmim]__[BF4]__R1234ze(E)__293.15__0.091,R1234ZE(E),0.0852,0.07165417,0.04026701,0.059559613,0.11569756,0.06383138,0.07020195,0.027937,0.014998049,0.12265359,0.10593295,0.09685604,0.11340909,0.12469515,0.11270936,0.011622004,0.027509362,0.11387298,0.1076387,0.09044398,0.09331328,0.1184231,0.104738414,0.0123893805,0.019538417
[hmim]__[BF4]__R1234ze(E)__293.15__0.133,R1234ZE(E),0.1233,0.07895517,0.047019355,0.07254975,0.1460099,0.07584577,0.084076,0.036863998,0.039224,0.15954009,0.1440181,0.13357319,0.15586191,0.16732441,0.15206353,0.013321437,0.028763533,0.15934825,0.15846708,0.13091454,0.12712142,0.17272013,0.14971429,0.019764626,0.02641429
[hmim]__[BF4]__R1234ze(E)__293.15__0.173,R1234ZE(E),0.1604,0.085740775,0.053390555,0.082157925,0.17965846,0.084997885,0.09718912,0.04802378,0.06321088,0.20324191,0.18751036,0.17201227,0.20367688,0.21377696,0.19604367,0.01639265,0.035643667,0.2081086,0.21304841,0.18260685,0.16364646,0.23344374,0.2001708,0.027287588,0.039770797
[hmim]__[BF4]__R1234ze(E)__293.15__0.21,R1234ZE(E),0.1959,0.09300656,0.05933423,0.09107569,0.21455683,0.09412812,0.11042029,0.059993938,0.08547971,0.2491633,0.2336673,0.21284193,0.25200924,0.26034597,0.24160555,0.018754475,0.045705557,0.25756177,0.26569372,0.2320137,0.20278782,0.29253632,0.25011867,0.03415128,0.05421868
[hmim]__[BF4]__R1234ze(E)__293.15__0.247,R1234ZE(E),0.2327,0.099916995,0.06325543,0.099897854,0.2522191,0.10273819,0.12360553,0.073726244,0.10909448,0.29745784,0.27792197,0.25874946,0.30308256,0.308069,0.28905618,0.020440659,0.056356177,0.30904764,0.31843454,0.28446454,0.24853355,0.35186985,0.30247003,0.03863876,0.06977002
[hmim]__[BF4]__R1234ze(E)__293.15__0.282,R1234ZE(E),0.268,0.107128434,0.06609694,0.10715625,0.29006612,0.11019186,0.13612792,0.08796919,0.13187209,0.34042168,0.32036227,0.30399793,0.35436186,0.35100722,0.3340302,0.021396238,0.066030204,0.35468715,0.36361176,0.33503994,0.29450303,0.40251797,0.350072,0.039588753,0.08207199
[hmim]__[BF4]__R1234ze(E)__303.15__0.053,R1234ZE(E),0.0367,0.064241804,0.03275425,0.050196934,0.08284181,0.047518846,0.05551073,0.018928707,0.01881073,0.08298841,0.06489441,0.060156357,0.073879145,0.07901318,0.072186306,0.009540033,0.035486307,0.068992,0.059824385,0.054851204,0.049367905,0.067878835,0.060182862,0.008401596,0.023482863
[hmim]__[BF4]__R1234ze(E)__303.15__0.101,R1234ZE(E),0.0689,0.07067791,0.03802586,0.062626004,0.10434832,0.05908364,0.06695235,0.024133556,0.0019476488,0.10934106,0.09234744,0.08561939,0.10123778,0.10589208,0.09888755,0.009781104,0.029987551,0.09341033,0.08708018,0.07660633,0.072863564,0.09791131,0.085574344,0.0106988335,0.016674347
[hmim]__[BF4]__R1234ze(E)__303.15__0.149,R1234ZE(E),0.1001,0.07693605,0.0415861,0.07054155,0.12550884,0.068383865,0.07659128,0.030505616,0.02350872,0.13517311,0.11815806,0.10940718,0.12922259,0.13556859,0.1255059,0.011420225,0.025405891,0.12511876,0.12177925,0.10419837,0.099671595,0.13518772,0.11719115,0.014862043,0.017091148
[hmim]__[BF4]__R1234ze(E)__303.15__0.193,R1234ZE(E),0.1301,0.08217906,0.044739146,0.07811964,0.14968714,0.075747766,0.08609455,0.038536586,0.044005446,0.16383858,0.14765964,0.13396704,0.15947649,0.16979629,0.15494761,0.014259576,0.024847612,0.16333622,0.15805452,0.13715866,0.12585798,0.17950052,0.15278158,0.021342808,0.022681579
[hmim]__[BF4]__R1234ze(E)__303.15__0.236,R1234ZE(E),0.1591,0.08751668,0.047519546,0.083906345,0.17542525,0.08225126,0.095323816,0.047601704,0.06377618,0.19810945,0.18528466,0.16710213,0.19911602,0.20704718,0.19133188,0.015629688,0.032231882,0.2042508,0.2017435,0.18178968,0.15600264,0.22944649,0.19464663,0.027442187,0.03554663
[hmim]__[BF4]__R1234ze(E)__303.15__0.28,R1234ZE(E),0.1894,0.09258561,0.050221384,0.08938618,0.20476179,0.090003714,0.10539174,0.058256205,0.08400826,0.23877934,0.22599246,0.20682849,0.24598707,0.25074428,0.23366633,0.017668886,0.04426633,0.24698605,0.24835251,0.23300105,0.19578227,0.28353703,0.24153177,0.031648472,0.052131772
[hmim]__[BF4]__R1234ze(E)__303.15__0.321,R1234ZE(E),0.2184,0.098030984,0.051877074,0.095175326,0.23639111,0.09686844,0.115668595,0.070227824,0.10273141,0.27624035,0.26506603,0.24803448,0.29426163,0.29264084,0.27524865,0.019424612,0.056848645,0.2887619,0.29194513,0.279813,0.2412397,0.32975197,0.28630236,0.031616904,0.06790236
[hmim]__[BF4]__R1234ze(E)__313.15__0.057,R1234ZE(E),0.0307,0.06277097,0.031168433,0.05068995,0.0790346,0.044028755,0.053538542,0.018263754,0.022838542,0.07498923,0.059708655,0.056678914,0.067017496,0.0743929,0.066557445,0.008324546,0.035857446,0.06494997,0.05529238,0.050680757,0.039654657,0.06268294,0.054652143,0.0101445215,0.023952143
[hmim]__[BF4]__R1234ze(E)__313.15__0.11,R1234ZE(E),0.056,0.06877011,0.033935282,0.06015466,0.09454547,0.05306209,0.06209352,0.02222565,0.006093517,0.09655094,0.08117598,0.0764833,0.08944002,0.09431631,0.08759331,0.008565375,0.031593308,0.08408537,0.07460504,0.068216406,0.061443675,0.085885525,0.07484721,0.01037869,0.018847205
[hmim]__[BF4]__R1234ze(E)__313.15__0.162,R1234ZE(E),0.0813,0.07341493,0.036359496,0.06477223,0.10979077,0.05945496,0.06875847,0.02672766,0.012541525,0.11400586,0.098412365,0.092768654,0.10758223,0.11369468,0.10529275,0.009433255,0.023992755,0.10291257,0.09700943,0.08457041,0.08254941,0.110107176,0.0954298,0.011808295,0.014129803
[hmim]__[BF4]__R1234ze(E)__313.15__0.212,R1234ZE(E),0.1058,0.07818362,0.03785249,0.07091978,0.12634861,0.06556736,0.07577437,0.03213012,0.030025631,0.13419503,0.11968447,0.11062489,0.12694502,0.13821408,0.1259327,0.011107348,0.02013269,0.13079949,0.12556827,0.109178774,0.10206315,0.1436529,0.12225251,0.016737344,0.016452506
[hmim]__[BF4]__R1234ze(E)__313.15__0.259,R1234ZE(E),0.1295,0.08214691,0.039229974,0.07497341,0.14529434,0.070682764,0.082465485,0.038768027,0.047034517,0.15826735,0.14794762,0.13109607,0.155025,0.16620646,0.15170851,0.013259198,0.022208512,0.16029161,0.1547902,0.14237449,0.12407357,0.18232632,0.15277123,0.021597357,0.023271233
[hmim]__[BF4]__R1234ze(E)__313.15__0.308,R1234ZE(E),0.1543,0.08568381,0.039703634,0.0785492,0.16676475,0.07632349,0.08940497,0.046790965,0.064895034,0.18733718,0.17943792,0.16107437,0.19229326,0.19910768,0.18385008,0.014615415,0.029550076,0.19308685,0.19020867,0.18299362,0.15500616,0.22292086,0.18884325,0.02429158,0.034543246
[hmim]__[BF4]__R1234ze(E)__313.15__0.355,R1234ZE(E),0.1782,0.08878724,0.03971418,0.08222987,0.189907,0.08138701,0.09640506,0.055769566,0.08179495,0.21851009,0.2097493,0.19501086,0.23621695,0.23487942,0.2188733,0.017391045,0.0406733,0.22848289,0.2268985,0.22390705,0.19261912,0.26139215,0.22665994,0.024372434,0.048459932
[hmim]__[BF4]__R1234ze(E)__323.15__0.062,R1234ZE(E),0.0248,0.060332783,0.02737204,0.04844217,0.07258649,0.040440872,0.04983487,0.017482907,0.02503487,0.065649,0.052569672,0.051040933,0.058959804,0.067691885,0.059182264,0.0074881488,0.03438226,0.058716606,0.05003451,0.04566335,0.032283068,0.054763243,0.048292156,0.010207614,0.023492156
[hmim]__[BF4]__R1234ze(E)__323.15__0.118,R1234ZE(E),0.0454,0.065080225,0.029476183,0.05460997,0.08496377,0.04726721,0.05627947,0.020631691,0.010879468,0.083117016,0.069494724,0.06777898,0.07753492,0.0836304,0.07631121,0.0074271522,0.030911207,0.07466238,0.06564633,0.061132643,0.052020397,0.07458718,0.06560979,0.009582024,0.02020979
[hmim]__[BF4]__R1234ze(E)__323.15__0.174,R1234ZE(E),0.0667,0.06926801,0.030224657,0.057913043,0.09676201,0.052261855,0.061285913,0.024392,0.0054140836,0.096239135,0.08336948,0.079112895,0.089558065,0.09733861,0.08912364,0.007931426,0.02242364,0.08850634,0.08032467,0.07307884,0.070534855,0.089905635,0.08047007,0.0087603,0.013770074
[hmim]__[BF4]__R1234ze(E)__323.15__0.228,R1234ZE(E),0.0868,0.07428889,0.030885391,0.06262106,0.108459525,0.05690021,0.06663101,0.02827006,0.02016899,0.11141358,0.09980612,0.0919925,0.103710815,0.11549813,0.10448422,0.009325345,0.017684221,0.1078203,0.101273894,0.09090882,0.08754118,0.11470637,0.10045011,0.011356893,0.013650112
[hmim]__[BF4]__R1234ze(E)__323.15__0.279,R1234ZE(E),0.1063,0.077781506,0.031517208,0.066243805,0.12080249,0.06109141,0.071487285,0.032422148,0.03481271,0.1298561,0.12164536,0.10838325,0.12378724,0.13600567,0.123935506,0.010342648,0.01763551,0.12910704,0.124402195,0.115057446,0.104014836,0.1457344,0.12366319,0.01563199,0.01736319
[hmim]__[BF4]__R1234ze(E)__323.15__0.333,R1234ZE(E),0.1266,0.08016504,0.03135245,0.069004185,0.13674243,0.06534062,0.07652094,0.038280547,0.050079055,0.1506825,0.14448778,0.12790343,0.14950234,0.15971662,0.14645854,0.011737324,0.01985854,0.15534212,0.14973322,0.14519209,0.1278837,0.17751399,0.15113302,0.017968424,0.024533018
[hmim]__[BF4]__R1234ze(E)__323.15__0.384,R1234ZE(E),0.1464,0.0817682,0.030526971,0.07147435,0.15401968,0.069629,0.08148364,0.04499683,0.064916365,0.1721189,0.16776106,0.15479153,0.18292902,0.18583931,0.17268796,0.012477156,0.026287958,0.18102148,0.17520444,0.17738228,0.1547735,0.20704915,0.17908616,0.018673178,0.03268616
[hmim]__[BF4]__R1234ze(E)__333.15__0.066,R1234ZE(E),0.0201,0.057196327,0.02402293,0.045252677,0.065490596,0.036828678,0.045758244,0.01637538,0.025658244,0.056077607,0.04512749,0.04555608,0.051199045,0.05876909,0.051345862,0.0061177,0.031245863,0.051928483,0.044112377,0.04104719,0.02623023,0.047067143,0.042077083,0.009724667,0.021977084
[hmim]__[BF4]__R1234ze(E)__333.15__0.125,R1234ZE(E),0.0374,0.061944455,0.024611898,0.050278127,0.076727785,0.04257956,0.051228363,0.019679915,0.013828363,0.071602196,0.059462257,0.05982638,0.067108355,0.07419728,0.06643929,0.006702596,0.029039294,0.066186056,0.058616366,0.054717354,0.04398436,0.06565422,0.057831667,0.009124838,0.020431668
[hmim]__[BF4]__R1234ze(E)__333.15__0.185,R1234ZE(E),0.055,0.06593472,0.025029778,0.051505055,0.08623881,0.046674214,0.055076517,0.022776904,7.651746e-05,0.08162435,0.07062671,0.06866654,0.07673807,0.08442916,0.07641697,0.0068009435,0.02141697,0.076980166,0.06964905,0.06509295,0.060302753,0.076601975,0.06972538,0.007248631,0.01472538
[hmim]__[BF4]__R1234ze(E)__333.15__0.242,R1234ZE(E),0.0718,0.07042794,0.025002578,0.05501268,0.09399761,0.05006019,0.0589002,0.025529517,0.012899801,0.09390283,0.084083065,0.07803776,0.08664069,0.09833571,0.08820001,0.008029736,0.01640001,0.09024499,0.084924296,0.08143018,0.07477431,0.09319478,0.084913716,0.0072791013,0.013113715
[hmim]__[BF4]__R1234ze(E)__333.15__0.298,R1234ZE(E),0.088,0.07434504,0.02523788,0.058087002,0.1024038,0.05341593,0.06269793,0.028385218,0.025302067,0.10861206,0.10109179,0.09113799,0.10016684,0.114751704,0.103152074,0.008970193,0.015152074,0.10644506,0.10305946,0.10008055,0.08986642,0.116531074,0.10319652,0.00969256,0.015196517
[hmim]__[BF4]__R1234ze(E)__333.15__0.355,R1234ZE(E),0.1049,0.07625435,0.024837576,0.060502574,0.113806054,0.056751374,0.06643039,0.03240273,0.038469613,0.12496867,0.11876555,0.10601465,0.120032,0.13229167,0.12041451,0.009644025,0.015514508,0.12711255,0.122894496,0.121273816,0.10907204,0.14092274,0.12425512,0.011480854,0.019355118
[hmim]__[BF4]__R1234ze(E)__333.15__0.409,R1234ZE(E),0.1218,0.077341095,0.024185888,0.06269692,0.12729298,0.060370352,0.070377454,0.037351917,0.051422544,0.14046264,0.13785833,0.123128444,0.14333919,0.15058476,0.13907467,0.010103913,0.01727467,0.14633743,0.14115874,0.14604744,0.13052374,0.16441599,0.14569667,0.012265367,0.023896672
[hmim]__[BF4]__R1234ze(E)__343.15__0.069,R1234ZE(E),0.016,0.053729404,0.021674102,0.042278808,0.058698006,0.033237986,0.04192366,0.015052956,0.02592366,0.048422657,0.038936403,0.041458916,0.044182,0.049549595,0.044509914,0.0045052213,0.028509913,0.04593823,0.038579814,0.03666997,0.019569673,0.040325698,0.036216676,0.009928561,0.020216675
[hmim]__[BF4]__R1234ze(E)__343.15__0.132,R1234ZE(E),0.0305,0.058754005,0.021738134,0.04690075,0.06907816,0.03835571,0.046965353,0.018292699,0.016465353,0.062256917,0.05256358,0.053604215,0.0597598,0.06516457,0.058669817,0.005458563,0.028169816,0.06030992,0.053838372,0.049616754,0.037738133,0.05936286,0.05217321,0.009159378,0.021673208
[hmim]__[BF4]__R1234ze(E)__343.15__0.195,R1234ZE(E),0.045,0.06292814,0.021592341,0.046922166,0.076802604,0.041750416,0.049999133,0.021035923,0.004999131,0.069969036,0.06107992,0.06042058,0.06731023,0.07413417,0.066582784,0.005858191,0.021582782,0.06847042,0.06289836,0.058613893,0.05222986,0.06848094,0.062138695,0.006919197,0.017138693
[hmim]__[BF4]__R1234ze(E)__343.15__0.256,R1234ZE(E),0.059,0.06675198,0.021221545,0.04919774,0.08178382,0.044659816,0.052722983,0.022973506,0.0062770173,0.07948716,0.07130705,0.06782309,0.07549976,0.08583781,0.07599097,0.0070370147,0.016990967,0.07903271,0.07432247,0.07446599,0.06524549,0.08027205,0.07466774,0.0059033893,0.015667737
[hmim]__[BF4]__R1234ze(E)__343.15__0.315,R1234ZE(E),0.0725,0.07090809,0.020526666,0.05151317,0.08764277,0.047163896,0.05555092,0.025392288,0.016949076,0.09093619,0.08364779,0.07816929,0.08481839,0.098989345,0.0873122,0.007948723,0.014812201,0.09105854,0.08929049,0.090121135,0.079156555,0.09555942,0.089037225,0.00603099,0.016537227
[hmim]__[BF4]__R1234ze(E)__343.15__0.375,R1234ZE(E),0.0867,0.072938174,0.019770944,0.0537045,0.09514457,0.04955046,0.058221735,0.028079927,0.028478265,0.103304416,0.09818775,0.09029834,0.09778349,0.11287607,0.10049001,0.008334135,0.013790011,0.105991185,0.10404277,0.10702969,0.09497354,0.11322425,0.10505228,0.0065987296,0.018352278
[hmim]__[BF4]__R1234ze(E)__343.15__0.434,R1234ZE(E),0.1003,0.07416847,0.019112805,0.05608642,0.10677777,0.052748512,0.061778795,0.032065354,0.038521204,0.117093295,0.114980154,0.10384472,0.115520075,0.12760942,0.11580954,0.008438214,0.015509538,0.122428566,0.119294286,0.12710544,0.11284671,0.13299423,0.12293384,0.007646334,0.022633843
[hmim]__[BF4]__R1233zd(E)__303.24__0.007,R1233ZD(E),0.007,0.066139,0.036321316,0.04997309,0.06310375,0.05524139,0.054155707,0.011836439,0.047155708,0.06444043,0.044276066,0.043728866,0.054382123,0.06162088,0.053689677,0.009575959,0.046689678,0.0534705,0.043886073,0.033568807,0.03049154,0.045518693,0.041387126,0.009342944,0.034387127
[hmim]__[BF4]__R1233zd(E)__303.07__0.018,R1233ZD(E),0.018,0.0698522,0.037864957,0.054287143,0.068653,0.05947179,0.05802582,0.012993549,0.04002582,0.071072884,0.050636616,0.04940921,0.060055614,0.06808752,0.05985237,0.009845667,0.04185237,0.06001178,0.050368614,0.038990013,0.036036696,0.05268605,0.04761863,0.009942655,0.029618632
[hmim]__[BF4]__R1233zd(E)__303.28__0.032,R1233ZD(E),0.033,0.07426019,0.039399154,0.0598184,0.07583295,0.0645311,0.062768355,0.01466863,0.029768355,0.078582436,0.058700133,0.056509726,0.067155,0.076207675,0.06743099,0.009961965,0.034430988,0.06786823,0.05884682,0.045661844,0.042491928,0.061626706,0.05529911,0.010810971,0.02229911
[hmim]__[BF4]__R1233zd(E)__303.17__0.05,R1233ZD(E),0.05,0.079650626,0.041070253,0.066720575,0.08556271,0.07072043,0.06874492,0.017143952,0.01874492,0.088433914,0.0693894,0.0663221,0.076617405,0.08723448,0.077599466,0.010071834,0.027599465,0.07850603,0.07047087,0.05400927,0.051400892,0.07314837,0.065507084,0.012074616,0.015507083
[hmim]__[BF4]__R1233zd(E)__303.35__0.065,R1233ZD(E),0.065,0.08345077,0.04212983,0.071306296,0.093170196,0.07567927,0.073147275,0.019228635,0.008147277,0.09651104,0.078589216,0.0744066,0.084244184,0.09543304,0.08583681,0.00989622,0.020836815,0.08684531,0.07938177,0.0608545,0.058527447,0.082544796,0.073630765,0.01302403,0.008630767
[hmim]__[BF4]__R1233zd(E)__303.13__0.083,R1233ZD(E),0.081,0.08708643,0.04371572,0.07694032,0.10235843,0.08185512,0.07839121,0.021601666,0.002608791,0.10738416,0.090469554,0.0846585,0.093539596,0.105856776,0.09638172,0.009890596,0.015381716,0.097107664,0.09137828,0.070933044,0.06848633,0.09547292,0.08467565,0.013847512,0.003675647
[hmim]__[BF4]__R1233zd(E)__313.15__0.008,R1233ZD(E),0.006,0.06875437,0.035886496,0.051312342,0.061151896,0.054568116,0.05433464,0.012287457,0.04833464,0.058347978,0.042358905,0.04207352,0.051638335,0.059082355,0.050700217,0.008270821,0.044700217,0.0506699,0.041618068,0.030811567,0.02081715,0.041325375,0.03704841,0.011479016,0.03104841
[hmim]__[BF4]__R1233zd(E)__313.12__0.021,R1233ZD(E),0.017,0.072607994,0.037123874,0.056257345,0.067551695,0.058826227,0.05847343,0.013629379,0.04147343,0.065275915,0.04881011,0.047865734,0.057879563,0.06553236,0.057072736,0.00855202,0.040072735,0.057040878,0.04854265,0.036294345,0.026034068,0.0488192,0.04334623,0.012185437,0.026346229
[hmim]__[BF4]__R1233zd(E)__313.15__0.037,R1233ZD(E),0.031,0.07671294,0.038038023,0.0619735,0.07509462,0.06349169,0.063062154,0.01548145,0.032062154,0.07324139,0.056499947,0.055095848,0.065261304,0.07350759,0.06472121,0.008807986,0.033721212,0.06456343,0.056757253,0.04296256,0.032714657,0.05783536,0.050966658,0.01287229,0.019966658
[hmim]__[BF4]__R1233zd(E)__313.15__0.057,R1233ZD(E),0.047,0.08040693,0.038921714,0.06782709,0.08315931,0.068680525,0.06779911,0.017532645,0.020799115,0.0827686,0.06595455,0.06403627,0.07411572,0.082326144,0.07384026,0.008804883,0.026840262,0.073068045,0.066257834,0.050866432,0.04115258,0.06854507,0.059977997,0.013431283,0.012977999
[hmim]__[BF4]__R1233zd(E)__313.13__0.075,R1233ZD(E),0.062,0.082697034,0.039801534,0.072208285,0.0892532,0.073066324,0.07140528,0.019027958,0.009405278,0.09007837,0.07428871,0.071437076,0.08192262,0.089803025,0.08150597,0.008601922,0.01950597,0.07995993,0.07450408,0.057608567,0.049316354,0.07779256,0.0678363,0.013584584,0.0058363006
[hmim]__[BF4]__R1233zd(E)__313.15__0.095,R1233ZD(E),0.077,0.08504263,0.040622648,0.075915955,0.096064776,0.07659922,0.07484905,0.020794615,0.0021509528,0.09813142,0.08297078,0.07925034,0.09031488,0.0978549,0.08970447,0.008550539,0.012704469,0.08807789,0.08307438,0.06432806,0.058149837,0.086497806,0.07602559,0.013792982,0.0009744093
[hmim]__[BF4]__R1233zd(E)__323.15__0.009,R1233ZD(E),0.006,0.06623615,0.033874422,0.048889153,0.05795349,0.050392434,0.05146913,0.012015628,0.045469128,0.051264666,0.038843274,0.040267214,0.04641352,0.0539056,0.046138853,0.006602525,0.04013885,0.046619136,0.03627699,0.026459396,0.013589537,0.03480562,0.031550135,0.012334047,0.025550134
[hmim]__[BF4]__R1233zd(E)__323.15__0.024,R1233ZD(E),0.016,0.07028075,0.034625523,0.053937368,0.06460574,0.054706037,0.055631083,0.01360253,0.039631084,0.058498636,0.04537151,0.046444207,0.053220384,0.06116144,0.052939236,0.0070364494,0.036939234,0.0533609,0.043602943,0.03239964,0.019321516,0.04257851,0.0382527,0.012925204,0.0222527
[hmim]__[BF4]__R1233zd(E)__323.15__0.043,R1233ZD(E),0.029,0.074238665,0.03538557,0.0598308,0.07208484,0.059535295,0.060215034,0.015448838,0.031215034,0.0667162,0.052851647,0.053935025,0.061400004,0.06909957,0.060800493,0.0073237363,0.031800494,0.061357472,0.051654335,0.03954,0.026273534,0.052297518,0.04622457,0.013583953,0.017224573
[hmim]__[BF4]__R1233zd(E)__323.16__0.066,R1233ZD(E),0.044,0.077491485,0.036183167,0.065523505,0.07934333,0.06441028,0.06459035,0.017262394,0.02059035,0.07512557,0.061569963,0.06181214,0.07079561,0.07794508,0.06944967,0.0075269695,0.02544967,0.06923465,0.06042912,0.04712324,0.03469047,0.063653916,0.05502628,0.01397773,0.011026282
[hmim]__[BF4]__R1233zd(E)__323.15__0.086,R1233ZD(E),0.058,0.079580404,0.036630616,0.06905174,0.08499385,0.06709905,0.06747113,0.018758025,0.009471133,0.08202013,0.06853707,0.068432905,0.078152046,0.08499637,0.076427706,0.00764607,0.018427707,0.075356476,0.06739663,0.053267144,0.042404436,0.07206648,0.062098235,0.01386591,0.0040982366
[hmim]__[BF4]__R1233zd(E)__323.16__0.109,R1233ZD(E),0.072,0.08171175,0.036821015,0.07187394,0.09022927,0.069921695,0.070111535,0.020314338,0.0018884614,0.08872323,0.07551111,0.0751942,0.08538217,0.09135622,0.08323339,0.007499967,0.011233389,0.0813685,0.07537049,0.059635542,0.05151011,0.079914,0.06955974,0.013273105,0.0024402589
[hmim]__[BF4]__R1233zd(E)__333.17__0.011,R1233ZD(E),0.005,0.06267806,0.03155058,0.04525196,0.053023446,0.044710174,0.047442846,0.011490067,0.042442847,0.043026626,0.033939943,0.037936255,0.040151034,0.046787873,0.040368345,0.0048878277,0.035368346,0.039871905,0.030260086,0.02252514,0.008369261,0.027263768,0.02565803,0.011559715,0.020658031
[hmim]__[BF4]__R1233zd(E)__333.16__0.028,R1233ZD(E),0.015,0.06662557,0.03235489,0.05082571,0.06022757,0.049303208,0.05186739,0.013000906,0.036867388,0.050905704,0.04071825,0.044591203,0.04763665,0.05425935,0.04762223,0.0052840523,0.03262223,0.047336,0.03803253,0.028750665,0.013556894,0.035359055,0.032607026,0.012567135,0.017607026
[hmim]__[BF4]__R1233zd(E)__333.16__0.05,R1233ZD(E),0.027,0.070768654,0.032786354,0.056798607,0.06765754,0.054111972,0.05642463,0.014968179,0.029424628,0.058675386,0.048856884,0.051806375,0.056373432,0.06298394,0.055739205,0.0055754604,0.028739205,0.055920765,0.046939585,0.036802027,0.020618046,0.045692753,0.041194636,0.0133490395,0.014194636
[hmim]__[BF4]__R1233zd(E)__333.16__0.075,R1233ZD(E),0.041,0.073640056,0.033070073,0.061882325,0.07425491,0.05820781,0.060211033,0.01674072,0.019211031,0.06667275,0.056674905,0.05887817,0.06530332,0.072050914,0.06391601,0.0061950455,0.022916012,0.06395878,0.055294707,0.044162463,0.029568607,0.056193113,0.049835537,0.0133474665,0.0088355355
[hmim]__[BF4]__R1233zd(E)__333.23__0.097,R1233ZD(E),0.054,0.07549383,0.033207923,0.06450532,0.07889013,0.060691174,0.062557675,0.018047009,0.008557674,0.072715014,0.062211655,0.064531095,0.07182064,0.07795337,0.069846354,0.0064107585,0.015846353,0.06936188,0.061485205,0.04971011,0.03718317,0.06423083,0.056394238,0.012934765,0.0023942366
[hmim]__[BF4]__R1233zd(E)__333.17__0.125,R1233ZD(E),0.067,0.07798426,0.032912582,0.065896325,0.083520725,0.06382884,0.06482854,0.019642038,0.0021714643,0.079114914,0.06847376,0.07068004,0.07818042,0.08387338,0.076064505,0.0063516265,0.009064503,0.074991725,0.06968311,0.055535004,0.047229182,0.07297618,0.06408304,0.012109599,0.002916962
[hmim]__[BF4]__R1233zd(E)__343.19__0.013,R1233ZD(E),0.004,0.059135024,0.02858919,0.03975325,0.04660742,0.039125744,0.042642124,0.011246497,0.038642123,0.03477855,0.028332999,0.034574382,0.03331344,0.03846156,0.033892184,0.0036527286,0.029892184,0.033230294,0.023204602,0.018871412,0.0033298004,0.02032075,0.019791372,0.010774561,0.015791371
[hmim]__[BF4]__R1233zd(E)__343.15__0.032,R1233ZD(E),0.013,0.06299806,0.02909139,0.045620486,0.05435196,0.043935064,0.04719939,0.012666941,0.03419939,0.042942494,0.035623442,0.04144642,0.04122785,0.04666549,0.04158114,0.0039793537,0.028581139,0.04111378,0.03195634,0.025417622,0.009229451,0.02869536,0.027282512,0.011667643,0.014282512
[hmim]__[BF4]__R1233zd(E)__343.17__0.057,R1233ZD(E),0.024,0.06715866,0.029173583,0.052005254,0.06184086,0.04875275,0.05178622,0.014645725,0.027786221,0.05141976,0.044616602,0.04880889,0.050659925,0.0563053,0.05036209,0.0042412314,0.026362091,0.050451774,0.042051196,0.03399235,0.016986104,0.039419197,0.036580123,0.0124603165,0.012580123
[hmim]__[BF4]__R1233zd(E)__343.16__0.086,R1233ZD(E),0.037,0.0699241,0.029179748,0.057680678,0.06864037,0.052593857,0.055603754,0.016482012,0.018603753,0.059520535,0.052906103,0.056125913,0.059874386,0.06576162,0.05883771,0.004796333,0.021837711,0.05893076,0.05158484,0.041706614,0.026073163,0.050745107,0.045808095,0.012611887,0.008808095
[hmim]__[BF4]__R1233zd(E)__343.18__0.111,R1233ZD(E),0.05,0.07200576,0.029000087,0.059651915,0.072943345,0.055172212,0.057754666,0.017824732,0.007754665,0.064850844,0.05822817,0.060898166,0.066241644,0.071412615,0.064326294,0.0050768806,0.014326293,0.06401573,0.05788879,0.046700694,0.03451077,0.058433883,0.05230997,0.011767816,0.0023099706
[hmim]__[BF4]__R1233zd(E)__343.18__0.142,R1233ZD(E),0.062,0.074664705,0.028612819,0.06027257,0.07708956,0.057764657,0.05968086,0.019344404,0.0023191385,0.07021245,0.06351027,0.065469235,0.07080567,0.07668145,0.06933582,0.0051423423,0.0073358193,0.069187984,0.06508644,0.051637046,0.044347152,0.06680703,0.059413135,0.010838072,0.002586864
[hmim]__[OTf]__R1234yf__303.2__0.0619,R1234YF,0.02866,0.057087258,0.024652319,0.039668433,0.05743497,0.036988907,0.043166377,0.014058366,0.014506377,0.038503874,0.038156983,0.03268086,0.04316216,0.06829992,0.04416076,0.013995802,0.015500762,0.074123174,0.05710479,0.038779043,0.045300923,0.057600334,0.054581653,0.013538871,0.025921654
[hmim]__[OTf]__R1234yf__313.2__0.0653,R1234YF,0.02383,0.056117527,0.02324461,0.040164605,0.05119142,0.034875024,0.041118637,0.0130939055,0.017288636,0.034487568,0.036045313,0.032704867,0.039741687,0.063852325,0.041366354,0.012834631,0.017536353,0.06500204,0.051841833,0.036352325,0.036662035,0.05053389,0.048078425,0.011983705,0.024248425
[hmim]__[OTf]__R1234yf__323.2__0.0731,R1234YF,0.02144,0.054165307,0.020589488,0.038784783,0.04552599,0.032751665,0.03836345,0.012733658,0.01692345,0.031266168,0.03334104,0.032425318,0.035334803,0.05804088,0.03808164,0.01125649,0.01664164,0.05863633,0.046848096,0.034149315,0.028786842,0.043798562,0.04244383,0.011605411,0.021003831
[hmim]__[OTf]__R1234yf__333.2__0.076,R1234YF,0.01818,0.051777493,0.017353375,0.0360986,0.040272318,0.029755171,0.035051394,0.012741536,0.016871395,0.028053582,0.029125102,0.030593406,0.03066004,0.050703086,0.033827044,0.009496423,0.015647044,0.05204074,0.039143387,0.031048004,0.020099957,0.036922667,0.03585095,0.0116754025,0.01767095
[hmim]__[OTf]__R1234yf__343.2__0.0824,R1234YF,0.01629,0.049707547,0.015017338,0.034010842,0.036165215,0.027428761,0.032465942,0.01268041,0.016175942,0.026204947,0.026392609,0.028751314,0.027519558,0.045410283,0.03085574,0.008199738,0.01456574,0.047648188,0.03364281,0.028322075,0.013266204,0.0323057,0.031036997,0.012323792,0.0147469975
[hmim]__[OTf]__R1234yf__303.09__0.127,R1234YF,0.036,0.06432396,0.027566334,0.051647786,0.0752723,0.051736504,0.054109376,0.017807513,0.018109377,0.05658971,0.055986647,0.045178596,0.05945158,0.09660274,0.06276186,0.019680785,0.02676186,0.10956667,0.08585669,0.056270514,0.07155487,0.08276048,0.081201844,0.019642403,0.045201845
[hmim]__[OTf]__R1234yf__303.13__0.215,R1234YF,0.061,0.07371367,0.032896377,0.061331138,0.100303486,0.06555283,0.066759504,0.024244554,0.0057595037,0.087955385,0.07407272,0.059340112,0.0800427,0.14417818,0.08911782,0.03251315,0.028117817,0.16710204,0.13558468,0.08674526,0.10950122,0.1181582,0.12341829,0.030093834,0.062418286
[hmim]__[OTf]__R1234yf__303.15__0.288,R1234YF,0.082,0.08083043,0.035720948,0.068749875,0.12682149,0.0748963,0.07740381,0.032682136,0.0045961887,0.11967844,0.09519612,0.077018455,0.10835084,0.19524828,0.119098425,0.045433167,0.037098423,0.2250454,0.18779033,0.12009853,0.15098381,0.16514966,0.16981354,0.039438613,0.08781354
[hmim]__[OTf]__R1234yf__303.03__0.375,R1234YF,0.11,0.08992922,0.03689918,0.07676974,0.16729584,0.08626926,0.091432646,0.047363084,0.018567353,0.15981469,0.12760374,0.110483974,0.14890434,0.272196,0.16380055,0.063522086,0.053800553,0.30297822,0.25418228,0.1673471,0.21288052,0.23133847,0.2337453,0.050151568,0.12374531
[hmim]__[OTf]__R1234yf__303.02__0.498,R1234YF,0.151,0.10386291,0.039078865,0.08919747,0.23628916,0.096839584,0.1130536,0.07344341,0.037946396,0.23071027,0.194319,0.16556989,0.20962517,0.3820678,0.23645845,0.08478808,0.08545846,0.39460617,0.3340804,0.23602742,0.28591847,0.31157526,0.31244156,0.058657072,0.16144156
[hmim]__[OTf]__R1234yf__313.19__0.14,R1234YF,0.032,0.06275861,0.024633892,0.04994787,0.06661623,0.04789114,0.05036955,0.016477924,0.018369548,0.050493028,0.05157728,0.04243383,0.054463547,0.08524454,0.056842446,0.016492294,0.024842445,0.09477368,0.0776189,0.050913416,0.061326712,0.07311028,0.071548596,0.016650748,0.039548595
[hmim]__[OTf]__R1234yf__313.16__0.237,R1234YF,0.053,0.07028003,0.02670743,0.058214262,0.08464134,0.060574915,0.06008359,0.021358572,0.007083591,0.07711943,0.06441276,0.049342293,0.06940067,0.12055765,0.076166555,0.026809268,0.023166556,0.14178914,0.11241066,0.07489831,0.09060695,0.101708904,0.1042828,0.025149003,0.051282797
[hmim]__[OTf]__R1234yf__313.17__0.318,R1234YF,0.072,0.075929046,0.027298203,0.063324526,0.103930935,0.06811358,0.06771926,0.027531877,0.0042807385,0.10128255,0.07954749,0.06346493,0.09440663,0.15802062,0.09934445,0.03588276,0.02734445,0.18906197,0.1591698,0.103413105,0.120709024,0.14159116,0.142789,0.033350185,0.07078901
[hmim]__[OTf]__R1234yf__313.11__0.416,R1234YF,0.096,0.08126514,0.02604049,0.06848313,0.134544,0.07683277,0.07743311,0.038723387,0.018566892,0.12962693,0.10351078,0.09060627,0.12917975,0.2146877,0.1335223,0.048384737,0.0375223,0.25589067,0.22043452,0.14105028,0.16964576,0.20035203,0.19747466,0.044457912,0.10147466
[hmim]__[OTf]__R1234yf__313.12__0.557,R1234YF,0.132,0.092988655,0.027265247,0.07947514,0.19613668,0.08667612,0.09650837,0.0614809,0.03549163,0.18642682,0.1564439,0.13782029,0.18144162,0.3201064,0.1964478,0.07185845,0.064447805,0.34392673,0.2953233,0.20619714,0.23517677,0.2725375,0.2706323,0.053372122,0.1386323
[hmim]__[OTf]__R1234yf__323.2__0.151,R1234YF,0.028,0.059976943,0.020979356,0.0460135,0.058103822,0.043636106,0.045741946,0.015597638,0.017741945,0.04486306,0.045892004,0.039597485,0.048230633,0.07492254,0.05070114,0.013903972,0.02270114,0.082481004,0.0695896,0.047589906,0.05321773,0.06332266,0.063240185,0.013746926,0.035240185
[hmim]__[OTf]__R1234yf__323.17__0.257,R1234YF,0.047,0.066754095,0.021349028,0.052997015,0.07220776,0.05364418,0.053390414,0.019745568,0.006390415,0.06876062,0.056393705,0.04385398,0.059677593,0.103497036,0.06643658,0.02255768,0.019436583,0.12468177,0.09840416,0.06719512,0.07708956,0.086323485,0.09073882,0.022197887,0.04373882
[hmim]__[OTf]__R1234yf__323.17__0.346,R1234YF,0.063,0.071205154,0.020598523,0.0571154,0.086315185,0.06075284,0.05919742,0.024373079,0.0038025826,0.09062136,0.068385065,0.05441232,0.082541496,0.13308054,0.08580816,0.02982356,0.022808157,0.16654336,0.13948235,0.09232314,0.10014426,0.12103617,0.12390586,0.030128479,0.06090586
[hmim]__[OTf]__R1234yf__323.12__0.455,R1234YF,0.084,0.075212635,0.018458612,0.061401796,0.1115495,0.06800961,0.066926435,0.033319302,0.017073564,0.11519623,0.08670812,0.077277586,0.11346333,0.17480913,0.113490894,0.038051132,0.029490896,0.22224717,0.19453612,0.12437625,0.13815694,0.17361017,0.17058532,0.04012049,0.08658532
[hmim]__[OTf]__R1234yf__323.13__0.612,R1234YF,0.115,0.08626337,0.02001325,0.07178727,0.16289724,0.07787231,0.08376669,0.05126068,0.03123331,0.16122389,0.12791972,0.11802605,0.15817091,0.2643457,0.16593726,0.058111038,0.050937258,0.3018751,0.26540583,0.17889062,0.1937213,0.24084511,0.2361476,0.050686713,0.121147595
[hmim]__[OTf]__R1234yf__333.2__0.163,R1234YF,0.025,0.057730623,0.017030317,0.041436188,0.05173772,0.03912876,0.041412722,0.015593252,0.016412722,0.04053004,0.04088666,0.037065383,0.043388687,0.06590256,0.045554668,0.011595617,0.020554667,0.07272592,0.06244126,0.044863902,0.045023687,0.05617541,0.056246035,0.011889771,0.031246034
[hmim]__[OTf]__R1234yf__333.17__0.276,R1234YF,0.042,0.06431817,0.01655454,0.046998546,0.06254946,0.04663822,0.04741179,0.019156681,0.005411789,0.061153986,0.04984499,0.03950005,0.05160232,0.08989526,0.05839932,0.019210288,0.01639932,0.11017941,0.08763899,0.06212589,0.06634443,0.07460143,0.08017804,0.019391334,0.038178038
[hmim]__[OTf]__R1234yf__333.26__0.37,R1234YF,0.057,0.0677489,0.015572436,0.050633736,0.072432816,0.05277142,0.05183186,0.022331677,0.00516814,0.079727575,0.05930821,0.047877517,0.071192816,0.11320801,0.07426282,0.024878912,0.01726282,0.14882788,0.122772306,0.084351994,0.083410785,0.10552028,0.10897665,0.027615096,0.051976647
[hmim]__[OTf]__R1234yf__333.16__0.491,R1234YF,0.074,0.07146986,0.013439383,0.055289134,0.096361965,0.05995382,0.05930283,0.030172028,0.014697172,0.10282135,0.07536602,0.06645038,0.09882702,0.1473955,0.09817205,0.031509414,0.024172053,0.1993523,0.17509875,0.11310303,0.11689091,0.15066454,0.15102191,0.037143014,0.07702191
[hmim]__[OTf]__R1234yf__333.15__0.662,R1234YF,0.102,0.08058544,0.015576333,0.06438361,0.13960874,0.069278836,0.07388659,0.044373132,0.02811341,0.14365637,0.10683221,0.102179095,0.13900086,0.22025119,0.14238395,0.047319993,0.04038395,0.2701186,0.24172647,0.15886304,0.16389295,0.21474092,0.20986839,0.048435662,0.10786839
[hmim]__[OTf]__R1234yf__343.24__0.174,R1234YF,0.022,0.05548301,0.0143814385,0.03797027,0.046036184,0.034362614,0.037646703,0.015335252,0.015646704,0.037271567,0.036831953,0.03448464,0.039153833,0.058632806,0.041274957,0.009844667,0.019274957,0.06539243,0.05564182,0.042353954,0.03750225,0.050853442,0.050348777,0.01099469,0.028348777
[hmim]__[OTf]__R1234yf__343.19__0.294,R1234YF,0.037,0.061495088,0.0131349005,0.041714136,0.054907437,0.040853295,0.042420972,0.018576631,0.0054209717,0.054330107,0.04439196,0.036098026,0.04487215,0.07756057,0.05145056,0.01595951,0.014450561,0.09904133,0.078766614,0.057844196,0.057831034,0.066127986,0.07192223,0.017411327,0.034922227
[hmim]__[OTf]__R1234yf__343.26__0.395,R1234YF,0.051,0.065166734,0.011225741,0.04487907,0.06314933,0.04582818,0.04604981,0.021633226,0.004950188,0.07045172,0.052262757,0.04272148,0.061017215,0.09778358,0.06484735,0.021087913,0.013847351,0.1353882,0.1103335,0.07891645,0.07392006,0.09277907,0.09826746,0.025104372,0.04726746
[hmim]__[OTf]__R1234yf__343.18__0.524,R1234YF,0.066,0.068486676,0.010157336,0.04943655,0.08550474,0.05288212,0.053293485,0.028036453,0.012706514,0.09127662,0.06540964,0.05917653,0.085268065,0.12618703,0.085463576,0.026388437,0.019463576,0.1809066,0.15743774,0.10318522,0.10180453,0.13167067,0.13500096,0.03440956,0.06900096
[hmim]__[OTf]__R1234yf__343.17__0.709,R1234YF,0.091,0.07793424,0.013617529,0.058026344,0.12375569,0.061054207,0.0668776,0.039705977,0.024122395,0.12829739,0.09210645,0.09037899,0.12201995,0.186745,0.123909555,0.03907318,0.032909557,0.24724163,0.22048104,0.143746,0.1428875,0.19212888,0.189297,0.046278447,0.09829701
[hmim]__[OTf]__R1234yf__353.25__0.184,R1234YF,0.019,0.053109694,0.012273941,0.035104275,0.042460628,0.030101709,0.03461005,0.015193251,0.015610052,0.034979858,0.0337226,0.03240055,0.03567654,0.05334294,0.038024496,0.008654081,0.019024497,0.060701318,0.050462194,0.040248793,0.029865928,0.04683606,0.04562286,0.011504482,0.02662286
[hmim]__[OTf]__R1234yf__353.22__0.311,R1234YF,0.034,0.0585668,0.010424223,0.037427887,0.04875209,0.03541585,0.03811737,0.018069038,0.0041173697,0.048518524,0.04051618,0.03365667,0.040042542,0.06782731,0.046112247,0.013234733,0.012112245,0.08894992,0.07129462,0.05505559,0.052448027,0.060940344,0.0657377,0.014861225,0.0317377
[hmim]__[OTf]__R1234yf__353.27__0.419,R1234YF,0.045,0.062281523,0.00903428,0.03983259,0.05712818,0.040109407,0.041677196,0.020824814,0.0033228062,0.062708,0.046320513,0.038595963,0.052920938,0.08471784,0.05705265,0.017820247,0.012052648,0.12334713,0.10025242,0.07365927,0.06762012,0.08314425,0.08960464,0.02253465,0.044604637
[hmim]__[OTf]__R1234yf__353.19__0.555,R1234YF,0.06,0.06574605,0.008994974,0.044036508,0.07717929,0.04688883,0.04856913,0.025995525,0.011430867,0.08147905,0.057278313,0.053884238,0.07314564,0.10877308,0.074912064,0.022056364,0.014912065,0.16462098,0.14199945,0.094642326,0.08816255,0.11694954,0.12127497,0.032143507,0.06127497
[hmim]__[OTf]__R1234yf__353.2__0.752,R1234YF,0.082,0.076134145,0.013509929,0.051739387,0.11095384,0.0540395,0.061275363,0.03575459,0.02072464,0.11425246,0.08076432,0.080704026,0.1062057,0.15742952,0.1078712,0.03151333,0.025871195,0.22648315,0.20085178,0.13062437,0.12539354,0.17022765,0.17071609,0.043817356,0.08871609
[hmim]__[OTf]__R1233zd(E)__303.22__0.009,R1233ZD(E),0.011,0.067598164,0.04261494,0.05859711,0.07651754,0.06721263,0.06250808,0.012799798,0.051508076,0.07175389,0.04784534,0.055931617,0.06586625,0.06858467,0.061996352,0.009882101,0.050996352,0.051874608,0.041166686,0.045131527,0.041836265,0.046231717,0.04524816,0.004277565,0.03424816
[hmim]__[OTf]__R1233zd(E)__303.45__0.022,R1233ZD(E),0.028,0.07304465,0.04543306,0.06477046,0.084237084,0.07326487,0.06815003,0.014460242,0.040150028,0.07981426,0.056186933,0.0639452,0.073288836,0.07657357,0.069961764,0.009718567,0.041961763,0.0597183,0.04948905,0.05164884,0.049767137,0.05438944,0.053002555,0.0042329025,0.025002554
[hmim]__[OTf]__R1233zd(E)__303.15__0.036,R1233ZD(E),0.047,0.07876651,0.04795246,0.0709568,0.09334937,0.079733804,0.07415179,0.01671537,0.027151793,0.08909215,0.06600143,0.073376,0.08164537,0.08568737,0.07916047,0.009407894,0.03216047,0.06862576,0.059284218,0.058893405,0.059961263,0.063851245,0.06212318,0.0041362676,0.015123181
[hmim]__[OTf]__R1233zd(E)__303.15__0.051,R1233ZD(E),0.066,0.0849978,0.050328307,0.07745593,0.10309887,0.08634406,0.080445,0.019265737,0.014444999,0.09930873,0.07663276,0.08336502,0.090074316,0.095762044,0.08902858,0.009190305,0.023028582,0.07879975,0.06926357,0.06710024,0.07086988,0.07444292,0.072095275,0.004607925,0.0060952753
[hmim]__[OTf]__R1233zd(E)__303.15__0.066,R1233ZD(E),0.084,0.09115078,0.052850995,0.0839552,0.112654984,0.09254597,0.08663158,0.02168474,0.0026315823,0.110183805,0.08821083,0.093149714,0.098516114,0.10628172,0.09926844,0.009063759,0.015268438,0.08937432,0.079280384,0.07558138,0.08197747,0.08612786,0.082468286,0.005452497,0.0015317127
[hmim]__[OTf]__R1233zd(E)__303.15__0.081,R1233ZD(E),0.103,0.09666617,0.055355288,0.089130126,0.122654855,0.0984078,0.092442855,0.02425203,0.010557145,0.1211479,0.100446925,0.103277475,0.106984794,0.11686137,0.10974369,0.008896218,0.006743692,0.09981752,0.089656726,0.08434618,0.09371272,0.09774551,0.09305573,0.0062361234,0.009944268
[hmim]__[OTf]__R1233zd(E)__313.15__0.011,R1233ZD(E),0.01,0.06994308,0.042839278,0.059964374,0.07344404,0.064685,0.062175155,0.011962351,0.052175157,0.06905612,0.046451204,0.05246504,0.06469336,0.06578289,0.059689723,0.00971271,0.049689725,0.050482877,0.037239973,0.043015953,0.032242272,0.043855716,0.04136736,0.0069337036,0.03136736
[hmim]__[OTf]__R1233zd(E)__313.15__0.025,R1233ZD(E),0.026,0.07473454,0.044423312,0.06608413,0.08106841,0.06996997,0.06725607,0.013935403,0.04125607,0.07681905,0.05387779,0.059831284,0.07181039,0.07348769,0.06716524,0.009811855,0.04116524,0.05778335,0.04556477,0.049334466,0.039718438,0.052476317,0.048975468,0.00684268,0.022975467
[hmim]__[OTf]__R1233zd(E)__313.17__0.041,R1233ZD(E),0.044,0.07966864,0.045857288,0.07260397,0.08979051,0.075881794,0.07276044,0.016365308,0.02876044,0.0855015,0.06263193,0.068593845,0.079631716,0.08238529,0.07574886,0.009714434,0.03174886,0.06631192,0.055103913,0.056635078,0.04841572,0.061963703,0.057686068,0.006826692,0.013686068
[hmim]__[OTf]__R1233zd(E)__313.15__0.058,R1233ZD(E),0.062,0.08441592,0.047278162,0.07893097,0.098548554,0.08197451,0.07822962,0.018865565,0.016229622,0.094816044,0.07239546,0.07807115,0.08791308,0.09167351,0.08497385,0.009437379,0.02297385,0.075718775,0.065120585,0.064200155,0.05806051,0.07188649,0.066997305,0.006913404,0.0049973056
[hmim]__[OTf]__R1233zd(E)__313.12__0.075,R1233ZD(E),0.08,0.08795574,0.04883907,0.084186204,0.106731296,0.08830041,0.08320254,0.021118708,0.0032025427,0.10397268,0.08238228,0.08762476,0.09607911,0.10051863,0.094115496,0.008969644,0.0141154975,0.08390245,0.07506433,0.071177155,0.06785995,0.08159428,0.075919636,0.0067843227,0.0040803626
[hmim]__[OTf]__R1233zd(E)__313.13__0.093,R1233ZD(E),0.099,0.09199594,0.050603792,0.088928,0.11551492,0.09333519,0.08807556,0.023456404,0.010924436,0.11347964,0.09303787,0.096761085,0.10482768,0.11023598,0.10366845,0.008681252,0.004668452,0.0924117,0.08552036,0.07794796,0.07832655,0.09299691,0.085440695,0.0072878273,0.013559304
[hmim]__[OTf]__R1233zd(E)__323.15__0.013,R1233ZD(E),0.009,0.06866669,0.041293845,0.056270257,0.06821224,0.060042378,0.058897085,0.011183731,0.049897086,0.06231331,0.043013446,0.050278783,0.05979842,0.060126122,0.055106014,0.008195999,0.046106014,0.045443613,0.031913526,0.03773686,0.024128122,0.037524022,0.03534923,0.007906396,0.026349232
[hmim]__[OTf]__R1233zd(E)__323.19__0.029,R1233ZD(E),0.024,0.07369447,0.042588625,0.062607914,0.076213636,0.06541421,0.06410377,0.013280499,0.040103767,0.07105182,0.051014524,0.05785051,0.067470916,0.068367094,0.06315097,0.008421424,0.039150972,0.053282477,0.0410759,0.044550758,0.032023273,0.04702188,0.04359086,0.007854216,0.019590858
[hmim]__[OTf]__R1233zd(E)__323.18__0.048,R1233ZD(E),0.042,0.07881384,0.04360453,0.06968218,0.08500172,0.07117402,0.06965526,0.015814088,0.027655263,0.08063977,0.060243905,0.06703387,0.076074794,0.07790761,0.07237999,0.008489636,0.030379992,0.062644914,0.051752403,0.052509144,0.041639592,0.057952087,0.05329963,0.007873293,0.011299629
[hmim]__[OTf]__R1233zd(E)__323.16__0.067,R1233ZD(E),0.059,0.08178309,0.044382364,0.075632006,0.092439055,0.07674634,0.07419657,0.017942911,0.015196569,0.08895991,0.06895277,0.075602755,0.08393718,0.086964995,0.08088352,0.008392952,0.021883518,0.07090981,0.06145934,0.060262077,0.05121278,0.06815963,0.062400736,0.0076843956,0.0034007356
[hmim]__[OTf]__R1233zd(E)__323.15__0.085,R1233ZD(E),0.076,0.08430487,0.045135446,0.08043835,0.099235,0.08093032,0.07800879,0.019907834,0.0020087957,0.0959306,0.0769086,0.08318728,0.09110707,0.095008224,0.088428356,0.008168955,0.012428358,0.07769029,0.070287004,0.066177174,0.060433418,0.07747103,0.07041178,0.007421673,0.0055882186
[hmim]__[OTf]__R1233zd(E)__323.15__0.107,R1233ZD(E),0.093,0.08727471,0.04629063,0.08481824,0.10691059,0.08487584,0.08203401,0.022021161,0.0109659955,0.10422054,0.0862259,0.09231089,0.09907389,0.1034263,0.09705151,0.007677733,0.0040515065,0.08544943,0.08106069,0.073127754,0.07184915,0.087854706,0.07986835,0.007178007,0.013131656
[hmim]__[OTf]__R1233zd(E)__333.17__0.016,R1233ZD(E),0.007,0.06593613,0.03823871,0.051402204,0.061699837,0.054337658,0.05432291,0.010683143,0.04732291,0.053812623,0.037773665,0.047101416,0.051883373,0.052424118,0.04859904,0.0065580322,0.04159904,0.039488897,0.026269715,0.032297917,0.016411455,0.0304096,0.028975517,0.008497104,0.021975517
[hmim]__[OTf]__R1233zd(E)__333.15__0.034,R1233ZD(E),0.022,0.07122174,0.039537594,0.057803623,0.07067628,0.059884656,0.059824776,0.012877349,0.037824776,0.06320441,0.046167,0.055044,0.06046982,0.06131414,0.05723987,0.006892718,0.03523987,0.047949836,0.036069952,0.039482005,0.024190243,0.040509988,0.037640404,0.00867876,0.015640404
[hmim]__[OTf]__R1233zd(E)__333.18__0.055,R1233ZD(E),0.038,0.07588599,0.040346492,0.06429146,0.07920035,0.06574769,0.0650944,0.015239477,0.027094398,0.07281345,0.055023894,0.06343169,0.06947722,0.07094842,0.06633894,0.00723702,0.028338943,0.057426825,0.04725139,0.04791464,0.03370085,0.051784374,0.047615618,0.00876757,0.009615619
[hmim]__[OTf]__R1233zd(E)__333.17__0.078,R1233ZD(E),0.054,0.078688666,0.041022085,0.07045114,0.08692631,0.07065627,0.06954889,0.017330099,0.015548889,0.081325926,0.06380968,0.07169438,0.07835977,0.08061435,0.07516082,0.0073967464,0.021160815,0.066015065,0.058492485,0.05610843,0.044643905,0.06335302,0.05772258,0.008287296,0.0037225783
[hmim]__[OTf]__R1233zd(E)__333.16__0.099,R1233ZD(E),0.07,0.08088923,0.041427042,0.07481547,0.093170375,0.0740577,0.07287196,0.019172039,0.0028719604,0.08822042,0.071212485,0.0798005,0.08589913,0.08869457,0.08276542,0.0073653413,0.012765422,0.073059216,0.06797558,0.062096164,0.054728907,0.072527096,0.06607739,0.007723114,0.0039226115
[hmim]__[OTf]__R1233zd(E)__333.15__0.122,R1233ZD(E),0.088,0.083556265,0.041765817,0.07803023,0.09872419,0.077862605,0.075987816,0.020934753,0.012012184,0.094712175,0.07803836,0.08723098,0.09266648,0.095288575,0.089587316,0.007196883,0.0015873164,0.07979326,0.07746237,0.068052724,0.06583492,0.08155621,0.07453989,0.0071278918,0.013460107
[hmim]__[OTf]__R1233zd(E)__343.15__0.019,R1233ZD(E),0.006,0.062393393,0.034386877,0.045840062,0.05451248,0.048328873,0.049092334,0.010412813,0.043092333,0.045643575,0.031574987,0.04286009,0.043797262,0.044496328,0.041674446,0.005736466,0.035674445,0.0332618,0.021227978,0.027211871,0.010394011,0.023315854,0.023082303,0.008443359,0.017082304
[hmim]__[OTf]__R1233zd(E)__343.15__0.039,R1233ZD(E),0.02,0.06732004,0.035475258,0.0522742,0.06374919,0.05410677,0.05458509,0.01241888,0.034585092,0.05543753,0.040750667,0.05103518,0.052867796,0.05389291,0.050796818,0.005839369,0.030796818,0.042402048,0.031703766,0.0349264,0.017970927,0.034035116,0.03220765,0.008910599,0.01220765
[hmim]__[OTf]__R1233zd(E)__343.15__0.064,R1233ZD(E),0.035,0.072104394,0.03601318,0.059055835,0.072748005,0.059950855,0.059974454,0.01487688,0.024974454,0.06616527,0.050640117,0.05959023,0.062921576,0.06445029,0.060753502,0.0061499537,0.025753502,0.053066883,0.044086043,0.044421114,0.027955908,0.046720784,0.043250147,0.009278972,0.008250147
[hmim]__[OTf]__R1233zd(E)__343.15__0.089,R1233ZD(E),0.05,0.07496211,0.03633436,0.064217664,0.080542065,0.063864194,0.06398408,0.017023953,0.01398408,0.074349165,0.058977954,0.06776038,0.07172781,0.07387148,0.06933735,0.0063481266,0.019337352,0.061870504,0.055683814,0.052280564,0.038189266,0.05823043,0.053250916,0.009121496,0.0032509156
[hmim]__[OTf]__R1233zd(E)__343.17__0.113,R1233ZD(E),0.065,0.077564925,0.036645144,0.06751675,0.08596207,0.06709757,0.06695729,0.018660536,0.0019572899,0.08049352,0.06543181,0.07453878,0.07950927,0.08092873,0.07618042,0.0065279794,0.011180423,0.069157675,0.06508463,0.058208883,0.04913138,0.06752078,0.061820667,0.008231638,0.0031793304
[hmim]__[OTf]__R1233zd(E)__343.15__0.139,R1233ZD(E),0.081,0.080586776,0.036793105,0.06998251,0.091079354,0.07023827,0.069736,0.02036434,0.011264004,0.08591456,0.07109188,0.08076718,0.08542752,0.08669023,0.08197828,0.006511038,0.0009782761,0.07627053,0.075084254,0.06409698,0.060982063,0.07626377,0.07053952,0.0074013076,0.010460481
[hmim]__[PF6]__R1234yf__283.15__0.0506,R1234YF,0.0224,0.047880378,0.020499308,0.0231555,0.05010424,0.03687998,0.03570388,0.013653402,0.01330388,0.04300653,0.039946213,0.027623761,0.04106316,0.094001375,0.049128205,0.025801508,0.026728205,0.09093594,0.06639942,0.03941887,0.048254207,0.06740469,0.062482618,0.019896882,0.04008262
[hmim]__[PF6]__R1234yf__283.15__0.0923,R1234YF,0.0408,0.06144396,0.029418021,0.038508583,0.06995043,0.051003955,0.05006499,0.016474536,0.009264987,0.07116276,0.067766204,0.045334686,0.06425793,0.14744797,0.079193905,0.039443757,0.038393904,0.14026602,0.10837487,0.059177734,0.071371965,0.10782467,0.09740305,0.03242305,0.056603048
[hmim]__[PF6]__R1234yf__283.15__0.134,R1234YF,0.0604,0.07139466,0.038595363,0.0523983,0.08975676,0.06448852,0.063326724,0.019339457,0.0029267222,0.10034468,0.09699927,0.061594386,0.09208369,0.2095713,0.11211868,0.056609057,0.051718675,0.20121068,0.15977705,0.08187518,0.09573644,0.15614423,0.13894871,0.049322274,0.07854871
[hmim]__[PF6]__R1234yf__283.15__0.177,R1234YF,0.0798,0.08173791,0.048107542,0.06459111,0.114756495,0.078740396,0.077586696,0.024688376,0.0022133067,0.12962651,0.12874073,0.08017185,0.1266542,0.27775863,0.14859037,0.07516709,0.06879037,0.26972407,0.21754445,0.10732482,0.12452375,0.21001159,0.18582574,0.06809973,0.10602573
[hmim]__[PF6]__R1234yf__283.15__0.2172,R1234YF,0.098,0.09149264,0.05618027,0.07625573,0.14428766,0.09098918,0.09184109,0.032657646,0.0061589107,0.16079336,0.15947318,0.10143836,0.1633249,0.33887878,0.18478172,0.08995607,0.08678172,0.3331786,0.2764629,0.1323139,0.15459237,0.2636341,0.23203638,0.08535811,0.13403639
[hmim]__[PF6]__R1234yf__283.15__0.2538,R1234YF,0.1174,0.100360066,0.06224418,0.08655808,0.1729925,0.102307014,0.10489236,0.041291244,0.01250764,0.19022037,0.19242752,0.12367855,0.20091192,0.39125657,0.219699,0.10076905,0.102299,0.38506615,0.33111072,0.15766394,0.18109286,0.3131138,0.2736095,0.099111386,0.1562095
[hmim]__[PF6]__R1234yf__283.15__0.298,R1234YF,0.1366,0.111815736,0.0699877,0.09765106,0.20874256,0.11550963,0.120741345,0.052345835,0.015858658,0.22804028,0.24102537,0.15363249,0.24999933,0.4529646,0.26513243,0.111690596,0.12853242,0.4389351,0.39147264,0.18907449,0.21312845,0.37096494,0.32071513,0.112262845,0.18411513
[hmim]__[PF6]__R1234yf__293.15__0.0583,R1234YF,0.02,0.05431238,0.022597983,0.033521716,0.048947908,0.03797373,0.039470743,0.012573909,0.019470744,0.03777271,0.04328838,0.02905237,0.040096268,0.08125989,0.04629392,0.02024812,0.026293922,0.07202309,0.05258966,0.035548806,0.035946645,0.056980282,0.050617695,0.015369396,0.030617695
[hmim]__[PF6]__R1234yf__293.15__0.1052,R1234YF,0.0357,0.063829884,0.02814403,0.04593399,0.062989786,0.05009411,0.050198358,0.01461188,0.014498357,0.05633628,0.06428244,0.041418783,0.057237823,0.12094709,0.06804448,0.03072309,0.032344483,0.10621098,0.08103746,0.052035388,0.05351723,0.08418022,0.075396255,0.022819676,0.039696254
[hmim]__[PF6]__R1234yf__293.15__0.1508,R1234YF,0.0518,0.07068958,0.032993924,0.053937986,0.0794384,0.060174428,0.059446864,0.01772495,0.0076468624,0.07485022,0.08426746,0.054515358,0.074761115,0.1657767,0.09083417,0.043279298,0.03903417,0.1476622,0.11236635,0.06740007,0.07240087,0.114137135,0.10279332,0.03320363,0.05099332
[hmim]__[PF6]__R1234yf__293.15__0.1985,R1234YF,0.0676,0.07675519,0.039303273,0.06145508,0.096280426,0.06855959,0.06847071,0.020868512,0.0008707121,0.09668261,0.105589725,0.06695475,0.09771374,0.21864466,0.11711709,0.05863243,0.049517095,0.20344052,0.1572578,0.0855154,0.093460746,0.15476105,0.13888709,0.049164776,0.071287096
[hmim]__[PF6]__R1234yf__293.15__0.2427,R1234YF,0.0826,0.08372915,0.044398047,0.06923777,0.11477734,0.07902711,0.07823388,0.025456067,0.0043661147,0.11928268,0.12747246,0.08095472,0.12504117,0.2717414,0.14489849,0.073369056,0.06229849,0.2623161,0.2066727,0.10416051,0.11326817,0.20018819,0.17732112,0.067200854,0.09472112
[hmim]__[PF6]__R1234yf__293.15__0.2815,R1234YF,0.0983,0.090505496,0.04737261,0.07599658,0.13527425,0.08758869,0.08734752,0.03175626,0.01095248,0.13888666,0.14886227,0.09681711,0.15005581,0.3192894,0.17078224,0.08580881,0.072482236,0.30850053,0.2529357,0.12161424,0.13369736,0.24347812,0.2120452,0.08105528,0.11374519
[hmim]__[PF6]__R1234yf__293.15__0.3359,R1234YF,0.1146,0.09945107,0.050048493,0.0846647,0.16571815,0.097168826,0.09941025,0.04199934,0.015189752,0.16885921,0.18727337,0.12287042,0.19336759,0.38216755,0.21090762,0.09964287,0.09630762,0.36695915,0.3144425,0.14971358,0.16345415,0.2998017,0.2588742,0.096781045,0.1442742
[hmim]__[PF6]__R1234yf__303.15__0.0641,R1234YF,0.0174,0.05726521,0.024508461,0.039753087,0.045331042,0.03710888,0.040793337,0.011955835,0.023393337,0.035745844,0.04451505,0.030130662,0.04149471,0.07541597,0.045460448,0.017630443,0.028060447,0.064054035,0.049522124,0.033587456,0.028289184,0.05075482,0.045241524,0.014368626,0.027841523
[hmim]__[PF6]__R1234yf__303.15__0.1154,R1234YF,0.0318,0.062781096,0.0267687,0.049934644,0.057077866,0.048963517,0.049105164,0.01369508,0.017305162,0.04789351,0.060780864,0.039591596,0.05444993,0.1028874,0.06112066,0.024635,0.029320657,0.08550686,0.064352214,0.04564557,0.043067824,0.06847754,0.06141,0.017494414,0.029609997
[hmim]__[PF6]__R1234yf__303.15__0.1685,R1234YF,0.0461,0.068402395,0.029967941,0.055080485,0.06842622,0.05769652,0.05591471,0.01572884,0.009814709,0.061825156,0.07314732,0.046519354,0.06524078,0.13267002,0.07588053,0.033186417,0.029780526,0.11505408,0.08141459,0.05733305,0.057679374,0.08985968,0.08026816,0.024184935,0.034168158
[hmim]__[PF6]__R1234yf__303.15__0.2206,R1234YF,0.0606,0.07377385,0.032666147,0.061284788,0.08211834,0.06545241,0.06305911,0.018779432,0.002459105,0.076678716,0.087020226,0.054684922,0.078413785,0.17149577,0.09365868,0.045117516,0.033058677,0.15355544,0.112380385,0.069797315,0.07186321,0.11844721,0.10520871,0.035106927,0.04460871
[hmim]__[PF6]__R1234yf__303.15__0.2676,R1234YF,0.0729,0.078311674,0.03478178,0.065992445,0.09501365,0.071441494,0.0691082,0.022075165,0.0037917942,0.09121342,0.102542795,0.06358573,0.09664003,0.21080334,0.11295706,0.056698572,0.040057063,0.19451335,0.14907613,0.08421018,0.085528746,0.15252185,0.13317005,0.047584817,0.060270056
[hmim]__[PF6]__R1234yf__303.15__0.3171,R1234YF,0.0871,0.08308096,0.03542171,0.07055158,0.11171542,0.07804191,0.07576232,0.02741305,0.011337683,0.10634553,0.12170423,0.07685143,0.119384795,0.25703105,0.1362634,0.06983291,0.0491634,0.24348657,0.19171447,0.099381,0.101827584,0.19292098,0.1658661,0.063139215,0.07876611
[hmim]__[PF6]__R1234yf__303.15__0.365,R1234YF,0.0992,0.08768004,0.03604077,0.07466599,0.12918833,0.08387753,0.08229054,0.033272147,0.016909465,0.12264403,0.14246944,0.093693435,0.14486264,0.3040719,0.16154829,0.082269706,0.062348284,0.28811646,0.23299068,0.11546904,0.12114924,0.22875372,0.19729583,0.0758387,0.09809583
[hmim]__[PF6]__R1234yf__313.15__0.0698,R1234YF,0.0154,0.056415193,0.023142204,0.04053519,0.04091879,0.035395484,0.039281372,0.011972822,0.023881372,0.033884652,0.042582233,0.030396432,0.03898322,0.07046492,0.04326229,0.015907751,0.027862292,0.058219813,0.04419774,0.03329031,0.022148212,0.043703597,0.040311933,0.013477008,0.024911933
[hmim]__[PF6]__R1234yf__313.15__0.1266,R1234YF,0.0278,0.06136401,0.024164762,0.048443932,0.050568633,0.045122445,0.04593276,0.013605358,0.01813276,0.04383632,0.055901628,0.038115017,0.050324477,0.090145215,0.05566453,0.020404546,0.027864529,0.07350866,0.05463724,0.042808257,0.036247753,0.056552798,0.052750945,0.014318758,0.024950946
[hmim]__[PF6]__R1234yf__313.15__0.1795,R1234YF,0.0396,0.06528459,0.0247997,0.052234873,0.05843644,0.05255934,0.050662987,0.015404498,0.011062987,0.053979803,0.06394009,0.042191453,0.05622176,0.11026235,0.06531908,0.02630602,0.025719084,0.09313042,0.064867906,0.050040852,0.047491852,0.07029608,0.06516542,0.018368185,0.025565423
[hmim]__[PF6]__R1234yf__313.15__0.2297,R1234YF,0.0503,0.069199346,0.02603177,0.056836843,0.06640811,0.05891722,0.055478655,0.017237298,0.0051786564,0.06509512,0.071993366,0.044624235,0.06319727,0.13403748,0.0757895,0.034100752,0.025489498,0.11711514,0.08073102,0.05860709,0.055825125,0.08972356,0.080400385,0.025069378,0.030100387
[hmim]__[PF6]__R1234yf__313.15__0.2813,R1234YF,0.0611,0.073021896,0.026826626,0.06061958,0.07626003,0.06417231,0.06018009,0.019698102,0.0009199083,0.07569536,0.08251676,0.05055608,0.07562845,0.16225284,0.0893299,0.04254766,0.0282299,0.14733246,0.10564522,0.06868726,0.06407853,0.11486185,0.100121066,0.0345104,0.039021067
[hmim]__[PF6]__R1234yf__313.15__0.3339,R1234YF,0.0722,0.07611398,0.026537713,0.06314281,0.08727549,0.06859746,0.06433349,0.02298497,0.007866509,0.08693094,0.09514057,0.059504867,0.09340538,0.19271044,0.10553844,0.050792754,0.033338442,0.17982586,0.13586229,0.08078565,0.074976295,0.14332718,0.12295544,0.044430085,0.05075544
[hmim]__[PF6]__R1234yf__313.15__0.3845,R1234YF,0.0827,0.07859726,0.02587702,0.06568505,0.09978506,0.07280666,0.068550214,0.027036486,0.014149785,0.09718014,0.10873558,0.07194794,0.11057158,0.22828764,0.12334458,0.06065437,0.04064458,0.21314582,0.16391498,0.09311033,0.08803381,0.17015347,0.14567168,0.053781398,0.06297168
[hmim]__[PF6]__R1234yf__323.15__0.0765,R1234YF,0.0134,0.05427423,0.020311013,0.039070502,0.036515996,0.032972,0.036628745,0.012216568,0.023228746,0.030628607,0.03863006,0.029924061,0.035676114,0.063301004,0.03963197,0.013712949,0.02623197,0.05281964,0.038808353,0.03183656,0.014796305,0.038422946,0.03533676,0.013796641,0.02193676
[hmim]__[PF6]__R1234yf__323.15__0.132,R1234YF,0.0235,0.05852348,0.020462366,0.0443903,0.04381018,0.040718168,0.041580897,0.013662451,0.018080898,0.03862059,0.049291123,0.03514395,0.044561338,0.07777406,0.04907821,0.01693683,0.025578212,0.06325325,0.04676614,0.04010031,0.027233142,0.046786264,0.044827823,0.013028922,0.021327823
[hmim]__[PF6]__R1234yf__323.15__0.1845,R1234YF,0.0334,0.061899573,0.020783577,0.047693327,0.049848292,0.04593736,0.045232423,0.0150283,0.0118324235,0.04560946,0.055405334,0.038013153,0.048596643,0.09239529,0.056003977,0.021279512,0.022603977,0.075192675,0.053773843,0.045261554,0.037839442,0.05605704,0.05362491,0.014055538,0.02022491
[hmim]__[PF6]__R1234yf__323.15__0.2401,R1234YF,0.043,0.06519812,0.020620681,0.05123049,0.056232072,0.051286943,0.048913658,0.01680949,0.005913656,0.055437326,0.061741527,0.03921661,0.05354107,0.11105436,0.06419818,0.027458796,0.02119818,0.09484691,0.06587061,0.05260425,0.0458617,0.071017556,0.0660402,0.018988984,0.023040202
[hmim]__[PF6]__R1234yf__323.15__0.2945,R1234YF,0.0513,0.068544574,0.020590868,0.054282755,0.063215934,0.05628091,0.05258301,0.018760938,0.0012830086,0.06495083,0.06966853,0.042617943,0.062106285,0.13173917,0.07421655,0.03376581,0.022916552,0.11806459,0.0826078,0.060562722,0.05234608,0.09184852,0.08108594,0.026137864,0.029785942
[hmim]__[PF6]__R1234yf__323.15__0.3497,R1234YF,0.0612,0.07077919,0.019958822,0.05637698,0.07080705,0.0602981,0.055644024,0.020944104,0.005555976,0.0741491,0.078575075,0.048874535,0.075571775,0.15376802,0.0861877,0.03960729,0.024987698,0.14162758,0.10330436,0.069453895,0.059952207,0.112142615,0.09729613,0.033134397,0.036096133
[hmim]__[PF6]__R1234yf__323.15__0.4031,R1234YF,0.0698,0.07252471,0.01861037,0.05842931,0.08001214,0.06377217,0.05866974,0.023865793,0.011130258,0.08194191,0.08781855,0.05735953,0.089309275,0.17654094,0.09859404,0.04543021,0.028794043,0.16374585,0.120949216,0.079170436,0.068199344,0.13104576,0.11262212,0.03909861,0.042822123
[hmim]__[PF6]__R1234yf__333.15__0.0779,R1234YF,0.0116,0.051733907,0.017016977,0.03617533,0.03239692,0.029725403,0.033409707,0.012517451,0.021809708,0.026626568,0.033060897,0.027835734,0.031441525,0.054207854,0.034634516,0.011248752,0.023034517,0.04688257,0.033404075,0.028720543,0.0074855015,0.033989713,0.03009648,0.014326722,0.01849648
[hmim]__[PF6]__R1234yf__333.15__0.1341,R1234YF,0.0203,0.055738453,0.016759513,0.040276274,0.03888813,0.03611973,0.037556417,0.013913418,0.017256416,0.033603825,0.043154255,0.032352407,0.03963788,0.06628208,0.04300609,0.013739014,0.022706088,0.05554208,0.04096311,0.036987327,0.019334858,0.04061259,0.038687997,0.012945816,0.018387996
[hmim]__[PF6]__R1234yf__333.15__0.192,R1234YF,0.0291,0.059187796,0.016372595,0.04243531,0.04351484,0.040521085,0.040406324,0.015363566,0.011306323,0.039106872,0.048520193,0.03490998,0.042625163,0.07904522,0.048841484,0.01760583,0.019741483,0.06375893,0.046442445,0.042176697,0.029881435,0.047501385,0.04595218,0.012168031,0.016852178
[hmim]__[PF6]__R1234yf__333.15__0.2502,R1234YF,0.0369,0.06239149,0.016049763,0.045190632,0.04909384,0.04420027,0.0433852,0.01691876,0.0064852014,0.046964154,0.05365665,0.035152227,0.045800492,0.09474342,0.05526339,0.023044182,0.01836339,0.079400204,0.056956306,0.048376977,0.03806548,0.058714394,0.056302674,0.015290123,0.019402675
[hmim]__[PF6]__R1234yf__333.15__0.3069,R1234YF,0.0447,0.065267935,0.015818972,0.047604322,0.05430162,0.048052475,0.046209063,0.018423034,0.001509063,0.055675786,0.06004537,0.037164558,0.052074485,0.11039675,0.063071385,0.027819226,0.018371385,0.09804307,0.07007436,0.055600148,0.044281222,0.07498936,0.06859764,0.020434598,0.023897637
[hmim]__[PF6]__R1234yf__333.15__0.3648,R1234YF,0.0528,0.06708748,0.015076889,0.04976202,0.060031388,0.051806588,0.04875287,0.020048555,0.0040471293,0.063939236,0.06707312,0.04202815,0.062229156,0.12757275,0.07256848,0.03228678,0.019768484,0.115046404,0.08504924,0.06259124,0.051178604,0.09068502,0.0809101,0.024987554,0.028110102
[hmim]__[PF6]__R1234yf__333.15__0.4208,R1234YF,0.0603,0.06840232,0.013948239,0.05163342,0.06788533,0.055309124,0.051435687,0.022241903,0.008864313,0.07052731,0.07393487,0.048411127,0.073138334,0.14517544,0.08223741,0.03672283,0.021937408,0.13103735,0.09660557,0.07066825,0.058154915,0.10378042,0.0920493,0.028654955,0.0317493
[hmim]__[PF6]__R1234yf__343.15__0.0801,R1234YF,0.01,0.049310554,0.014650427,0.03345692,0.029765533,0.02679284,0.030795256,0.012526331,0.020795256,0.023878403,0.028903473,0.025503755,0.027728138,0.04730506,0.030663768,0.009504157,0.020663768,0.042010747,0.029137626,0.025648654,0.001055371,0.030731827,0.025716845,0.015087544,0.015716845
[hmim]__[PF6]__R1234yf__343.15__0.1362,R1234YF,0.0173,0.05306511,0.014228385,0.03737223,0.035720322,0.031452414,0.03436769,0.013915286,0.017067691,0.030241344,0.038441163,0.029677875,0.03544094,0.057957213,0.038351707,0.011552812,0.021051707,0.050863024,0.036870714,0.033800017,0.013286866,0.03616098,0.034196317,0.01347362,0.016896317
[hmim]__[PF6]__R1234yf__343.15__0.1997,R1234YF,0.0245,0.056537762,0.013792524,0.03813445,0.03980211,0.035183556,0.03669008,0.015266541,0.012190079,0.03451233,0.04303725,0.032207865,0.03793231,0.06824522,0.043186992,0.014588864,0.018686993,0.05637085,0.04156334,0.039616656,0.024394426,0.04150429,0.04068991,0.011335923,0.016189912
[hmim]__[PF6]__R1234yf__343.15__0.2602,R1234YF,0.0314,0.059428453,0.013091199,0.040284164,0.043460235,0.038487025,0.038950216,0.016661191,0.007550217,0.040272996,0.04726996,0.032232776,0.039900642,0.0800039,0.047936056,0.018699424,0.016536057,0.06850164,0.05039363,0.04517073,0.031672712,0.050136723,0.049175084,0.013212618,0.017775085
[hmim]__[PF6]__R1234yf__343.15__0.3123,R1234YF,0.038,0.061969083,0.01232199,0.04169134,0.04732337,0.041078467,0.04087685,0.018045248,0.0028768517,0.046003375,0.051517747,0.033390254,0.043395117,0.09213844,0.053288985,0.022690007,0.015288986,0.08115856,0.061071295,0.05105293,0.037111055,0.060920373,0.058262844,0.016113231,0.020262845
[hmim]__[PF6]__R1234yf__343.15__0.3719,R1234YF,0.0448,0.06418538,0.010983687,0.043596953,0.05160312,0.04404136,0.042882103,0.019680254,0.0019178949,0.053676832,0.057361312,0.03623715,0.050404932,0.105889454,0.060713936,0.026490455,0.015913937,0.09569675,0.07227433,0.057584517,0.04303485,0.073269516,0.068372,0.019648133,0.023571998
[hmim]__[PF6]__R1234yf__343.15__0.4303,R1234YF,0.0517,0.06538818,0.010047834,0.045445666,0.05764934,0.0471379,0.045133784,0.021225087,0.0065662153,0.059742644,0.062262185,0.041352298,0.059192717,0.1205239,0.06861474,0.030189589,0.016914744,0.10925114,0.08143366,0.06405618,0.049160175,0.08363579,0.07750739,0.022611603,0.025807392
[hmim]__[PF6]__R1234yf__303.08__0.138,R1234YF,0.031,0.06523946,0.028049095,0.052282758,0.062149867,0.05286701,0.05211764,0.014600611,0.021117639,0.05424551,0.06604621,0.042922173,0.05891917,0.11427529,0.06728168,0.027582534,0.03628168,0.09786459,0.070202336,0.05101181,0.049218502,0.076223984,0.06890424,0.020010203,0.037904244
[hmim]__[PF6]__R1234yf__303.08__0.2,R1234YF,0.045,0.07168156,0.031567432,0.058936328,0.07643862,0.06281036,0.060286857,0.017490827,0.015286855,0.07073126,0.08151358,0.051402345,0.07250336,0.15563352,0.086356804,0.04025112,0.041356802,0.13833514,0.09836883,0.06455862,0.06659676,0.1065478,0.09488143,0.030643051,0.04988143
[hmim]__[PF6]__R1234yf__303.12__0.287,R1234YF,0.067,0.08011703,0.03510569,0.0678213,0.10129974,0.073842876,0.071637325,0.02400912,0.0046373233,0.09706321,0.109907195,0.06785945,0.10518056,0.228674,0.121736884,0.06197009,0.054736882,0.21407098,0.16560677,0.09006225,0.09167136,0.168759,0.14603408,0.053890355,0.079034075
[hmim]__[PF6]__R1234yf__303.05__0.399,R1234YF,0.097,0.09147305,0.036243863,0.07843283,0.14297447,0.08733884,0.087292604,0.0380868,0.009707399,0.13564953,0.16149148,0.10721281,0.16548847,0.33765152,0.18149877,0.09036157,0.08449876,0.31733078,0.26014143,0.12804428,0.13539436,0.25158173,0.21849851,0.08319362,0.12149851
[hmim]__[PF6]__R1234yf__303.37__0.548,R1234YF,0.138,0.10970908,0.040185153,0.09333518,0.21200873,0.099993885,0.11104641,0.06255466,0.026953585,0.20182174,0.25724262,0.1677922,0.25287148,0.46580493,0.2691066,0.11606725,0.1311066,0.41040677,0.3504055,0.1937174,0.19376263,0.33513552,0.29668555,0.098097295,0.15868555
[hmim]__[PF6]__R1234yf__313.24__0.147,R1234YF,0.027,0.06300999,0.024285633,0.049944237,0.053651642,0.048214603,0.04782122,0.014346414,0.02082122,0.047192052,0.059232965,0.039700985,0.052631818,0.09676965,0.059105497,0.022242857,0.032105498,0.08040947,0.05804337,0.04524617,0.040568218,0.06116312,0.05708607,0.01560883,0.030086068
[hmim]__[PF6]__R1234yf__313.15__0.214,R1234YF,0.038,0.06786538,0.025501873,0.055377312,0.06363163,0.056897007,0.053854637,0.01663839,0.015854638,0.06169499,0.069116935,0.04392361,0.060929365,0.12641671,0.07241632,0.031566042,0.03441632,0.108598396,0.07445501,0.055841267,0.05323551,0.08315624,0.07505728,0.022563284,0.037057284
[hmim]__[PF6]__R1234yf__313.14__0.308,R1234YF,0.057,0.07475528,0.026747955,0.062087305,0.08169919,0.06657095,0.062372137,0.021293608,0.005372137,0.08154939,0.0889377,0.0548889,0.08430936,0.17748483,0.09743403,0.046677038,0.04043403,0.1633994,0.12046671,0.07467483,0.06915736,0.12899181,0.11133802,0.039461292,0.05433802
[hmim]__[PF6]__R1234yf__313.12__0.431,R1234YF,0.081,0.08136739,0.025160426,0.06846905,0.11319555,0.07708509,0.07305549,0.031668294,0.007944509,0.10736955,0.12465383,0.08519709,0.12753455,0.26566824,0.14208464,0.07111571,0.061084643,0.24381422,0.18825847,0.10463044,0.101690836,0.19165766,0.16601032,0.06146279,0.08501032
[hmim]__[PF6]__R1234yf__313.18__0.594,R1234YF,0.114,0.096388355,0.028230364,0.08238702,0.17218739,0.08805697,0.093450025,0.0515104,0.020549975,0.15479237,0.20211644,0.13776726,0.19917656,0.39241096,0.2172527,0.10180312,0.1032527,0.33574912,0.27177852,0.152825,0.15563798,0.26130503,0.23545913,0.07944339,0.121459134
[hmim]__[PF6]__R1234yf__323.25__0.156,R1234YF,0.022,0.05999031,0.020561669,0.045801304,0.046548642,0.043515302,0.043283444,0.014251784,0.021283444,0.041461255,0.05234592,0.036486745,0.046628486,0.08401027,0.052186538,0.018742884,0.030186538,0.06840122,0.049464446,0.04252398,0.032246374,0.050570652,0.04864133,0.013238858,0.026641332
[hmim]__[PF6]__R1234yf__323.16__0.228,R1234YF,0.032,0.06446245,0.020592015,0.05037695,0.05476022,0.04997398,0.048033126,0.016412279,0.016033124,0.053323418,0.06007584,0.038871802,0.052238256,0.107024655,0.0623068,0.026153104,0.030306797,0.09011951,0.06294994,0.050703615,0.04439649,0.06715076,0.06306406,0.01767746,0.03106406
[hmim]__[PF6]__R1234yf__323.14__0.328,R1234YF,0.048,0.07003549,0.020448,0.055672213,0.06754485,0.058814764,0.05450306,0.019943982,0.0065030605,0.07047764,0.07487136,0.046202727,0.07005646,0.1449796,0.08131756,0.037322164,0.03331756,0.13260834,0.0951724,0.06550611,0.057050675,0.10434587,0.090936676,0.030533792,0.042936675
[hmim]__[PF6]__R1234yf__323.11__0.46,R1234YF,0.068,0.07473773,0.017755361,0.060688224,0.09274548,0.067424126,0.062670186,0.027811952,0.0053298175,0.089750215,0.09870285,0.07002605,0.10401088,0.20662026,0.11382206,0.053464707,0.045822054,0.18960305,0.13927042,0.08973476,0.08034623,0.14930397,0.1296517,0.044992466,0.06165169
[hmim]__[PF6]__R1234yf__323.19__0.638,R1234YF,0.094,0.0878467,0.020310309,0.07310492,0.1421886,0.07818824,0.08032775,0.043422744,0.0136722475,0.12465658,0.15659592,0.1140759,0.15918371,0.32186007,0.17527445,0.08426532,0.08127445,0.26929235,0.2085521,0.12555796,0.1273028,0.2063756,0.18741617,0.061135,0.09341617
[hmim]__[PF6]__R1234yf__333.25__0.166,R1234YF,0.018,0.057618786,0.016517822,0.041126665,0.041578278,0.038666055,0.03910152,0.014691304,0.02110152,0.03648252,0.046424586,0.034007795,0.041705795,0.072770804,0.0462783,0.015566829,0.028278302,0.059483107,0.043463033,0.040187217,0.025227292,0.043650106,0.042402152,0.012189377,0.024402153
[hmim]__[PF6]__R1234yf__333.18__0.24,R1234YF,0.027,0.06185051,0.01605672,0.04474026,0.047971528,0.043571718,0.04283815,0.016652497,0.015838148,0.045548536,0.052538924,0.035075698,0.0450643,0.09185754,0.054016996,0.022049544,0.027016995,0.07617201,0.0546467,0.04709633,0.03683687,0.05624518,0.054199416,0.014483541,0.027199415
[hmim]__[PF6]__R1234yf__333.14__0.346,R1234YF,0.041,0.06652654,0.01545823,0.049090534,0.058086507,0.050541185,0.0479406,0.019439435,0.0069405995,0.061471336,0.06482226,0.040098604,0.05863435,0.12202526,0.06941036,0.030934237,0.02841036,0.10985865,0.08057333,0.06012882,0.04876107,0.085953005,0.07705497,0.023741705,0.03605497
[hmim]__[PF6]__R1234yf__333.17__0.488,R1234YF,0.057,0.070660144,0.012817096,0.054442327,0.07993131,0.059108056,0.05539179,0.025800327,0.0016082115,0.07738261,0.08354525,0.058391728,0.08622873,0.16921544,0.09495275,0.042914465,0.037952747,0.15159367,0.11004406,0.080402836,0.06654811,0.11861147,0.105440035,0.033407655,0.048440035
[hmim]__[PF6]__R1234yf__333.18__0.678,R1234YF,0.079,0.08095992,0.015566651,0.0645875,0.12127544,0.06909248,0.0702964,0.03788786,0.008703604,0.10405448,0.12486863,0.09593729,0.13116434,0.26326397,0.14385775,0.068301216,0.06485774,0.21706912,0.164265,0.109263,0.105984874,0.1647852,0.15227345,0.04607426,0.07327344
[hmim]__[PF6]__R1234yf__343.25__0.174,R1234YF,0.015,0.05523179,0.0140082035,0.037641793,0.038571015,0.033738907,0.035838343,0.0147291245,0.020838343,0.03315568,0.041309398,0.031692207,0.037575986,0.063625135,0.041471682,0.012949636,0.026471682,0.053959925,0.039426845,0.037784286,0.020184785,0.03876172,0.03802351,0.011987085,0.023023508
[hmim]__[PF6]__R1234yf__343.21__0.252,R1234YF,0.023,0.059029575,0.013137806,0.04002026,0.042833135,0.037990283,0.03860221,0.016477251,0.015602211,0.039307825,0.046596438,0.03213974,0.039503716,0.078038655,0.047117274,0.01802556,0.024117274,0.06636828,0.048852444,0.044293202,0.03074105,0.04863146,0.047777288,0.0127464,0.024777288
[hmim]__[PF6]__R1234yf__343.15__0.364,R1234YF,0.035,0.06394373,0.011131305,0.04336403,0.05098223,0.043610446,0.042606346,0.019478833,0.007606346,0.05275201,0.05660002,0.03580893,0.049326897,0.103813745,0.059660323,0.025895385,0.024660323,0.09371899,0.07086434,0.056682173,0.042246327,0.07173653,0.06704967,0.0191733,0.032049667
[hmim]__[PF6]__R1234yf__343.19__0.513,R1234YF,0.049,0.06740591,0.009437088,0.048290942,0.07078957,0.051653624,0.049515426,0.024418246,0.00051542744,0.06707112,0.0711849,0.051061485,0.072411865,0.14223251,0.080792375,0.035389353,0.031792376,0.12766573,0.092564926,0.0738057,0.05835373,0.0970581,0.08988963,0.026166694,0.040889632
[hmim]__[PF6]__R1234yf__343.22__0.711,R1234YF,0.072,0.077261776,0.013013955,0.0572231,0.10513155,0.06010224,0.06254653,0.033607338,0.009453468,0.08810884,0.10377044,0.08183401,0.10926783,0.21680291,0.11995681,0.055278976,0.04795681,0.17901811,0.13394065,0.09730099,0.08795108,0.13590623,0.12682341,0.036194164,0.054823413
[hmim]__[PF6]__R1234yf__353.27__0.182,R1234YF,0.012,0.052750006,0.011943564,0.03482431,0.036265865,0.029441908,0.03304513,0.014663561,0.021045132,0.030539654,0.037673812,0.029522933,0.03469176,0.057167098,0.037919052,0.0112462565,0.025919052,0.05034247,0.036719084,0.03576813,0.0149885975,0.03595053,0.034753762,0.012649043,0.022753762
[hmim]__[PF6]__R1234yf__353.22__0.264,R1234YF,0.019,0.05626608,0.010998432,0.035963163,0.039141636,0.032674693,0.0350088,0.016215801,0.0160088,0.03491451,0.04189497,0.029556893,0.035376653,0.06840042,0.042028688,0.015377686,0.023028689,0.05994952,0.045241535,0.04252493,0.025499174,0.044171248,0.043477282,0.01223773,0.024477283
[hmim]__[PF6]__R1234yf__353.18__0.381,R1234YF,0.03,0.06067601,0.008721951,0.038377818,0.045430876,0.03781917,0.038205165,0.018885102,0.008205166,0.045168832,0.04941179,0.032724544,0.042567313,0.08893074,0.051760644,0.021664923,0.021760644,0.08051176,0.06372928,0.054076806,0.037419543,0.06100586,0.05934865,0.015640426,0.029348651
[hmim]__[PF6]__R1234yf__353.2__0.538,R1234YF,0.043,0.06458801,0.008312944,0.042822894,0.062776975,0.045414284,0.044783022,0.02264027,0.0017830208,0.05756391,0.06127692,0.045563426,0.06102679,0.122241355,0.06953448,0.030151654,0.02653448,0.11076313,0.08191719,0.0690836,0.051540904,0.08194847,0.07905066,0.021670396,0.03605066
[hmim]__[PF6]__R1234yf__353.22__0.747,R1234YF,0.063,0.074998744,0.012585007,0.05061411,0.093588084,0.05308337,0.056973863,0.030378653,0.0060261376,0.076308,0.088828355,0.07247682,0.09278716,0.18188132,0.10245633,0.045194168,0.03945633,0.15632191,0.11560799,0.088611946,0.076570876,0.117971465,0.11101685,0.030864619,0.048016846
[hmim]__[PF6]__R1234ze(E)__283.15__0.0847,R1234ZE(E),0.1078,0.07629824,0.05467946,0.063673444,0.1683802,0.08213113,0.08903249,0.045631845,0.018767506,0.18475172,0.16159123,0.16195726,0.16785736,0.18915918,0.17306335,0.013016824,0.06526335,0.1631473,0.16640949,0.13471343,0.13777867,0.1835689,0.15712355,0.02060527,0.04932355
[hmim]__[PF6]__R1234ze(E)__283.15__0.1228,R1234ZE(E),0.1578,0.09334236,0.06749138,0.08419282,0.22395895,0.10184617,0.114166334,0.062683344,0.04363367,0.25065735,0.2279122,0.21575888,0.23727216,0.25602797,0.2375257,0.01643968,0.0797257,0.23269208,0.24427424,0.19631633,0.18884757,0.26621073,0.22566819,0.03262096,0.06786819
[hmim]__[PF6]__R1234ze(E)__283.15__0.1569,R1234ZE(E),0.2072,0.107400484,0.07855055,0.10326037,0.2811277,0.11890707,0.13784924,0.08143613,0.069350764,0.31631714,0.2913314,0.27176708,0.3045224,0.32063913,0.30091542,0.01987918,0.093715414,0.29948014,0.31854317,0.25745144,0.24229473,0.34593233,0.29274037,0.04280965,0.08554037
[hmim]__[PF6]__R1234ze(E)__283.15__0.1881,R1234ZE(E),0.2552,0.11999708,0.08888614,0.11841777,0.33488938,0.13257651,0.15895338,0.09964859,0.096246615,0.37365025,0.3496558,0.3276899,0.36805153,0.37952846,0.35971516,0.021113133,0.104515165,0.35759962,0.3812865,0.31437516,0.29479414,0.4149428,0.35259962,0.048829272,0.09739962
[hmim]__[PF6]__R1234ze(E)__283.15__0.2192,R1234ZE(E),0.3015,0.13274826,0.1003557,0.13324796,0.3864112,0.14641398,0.17983541,0.11672099,0.12166458,0.42815953,0.40551633,0.38254422,0.42838645,0.43452254,0.41582584,0.02164144,0.11432585,0.41201764,0.4371289,0.3713354,0.34720227,0.47590154,0.40871716,0.05126729,0.10721716
[hmim]__[PF6]__R1234ze(E)__283.15__0.2464,R1234ZE(E),0.3472,0.14376563,0.11138737,0.14490908,0.4266671,0.15844533,0.19703491,0.1295283,0.1501651,0.47375256,0.45248145,0.42966956,0.48011917,0.48032266,0.46326908,0.021965621,0.11606908,0.4554454,0.48000115,0.418168,0.3915829,0.5252931,0.45409814,0.052298743,0.10689813
[hmim]__[PF6]__R1234ze(E)__293.15__0.0939,R1234ZE(E),0.0905,0.07744855,0.047017407,0.0686475,0.14385049,0.07625881,0.08264455,0.036328893,0.007855445,0.1501652,0.1270731,0.12441303,0.13107799,0.15003708,0.13655329,0.01259301,0.04605329,0.119193286,0.1212864,0.09720949,0.09775606,0.1365526,0.11439957,0.01683501,0.02389957
[hmim]__[PF6]__R1234ze(E)__293.15__0.1371,R1234ZE(E),0.1327,0.08890503,0.056905657,0.08418002,0.18546969,0.09129402,0.10135088,0.048995484,0.031349115,0.19910488,0.18329635,0.17343208,0.18858229,0.20569623,0.19002238,0.012754533,0.057322383,0.17443688,0.18209442,0.1443436,0.13753483,0.20535018,0.16875198,0.027928688,0.03605199
[hmim]__[PF6]__R1234ze(E)__293.15__0.1781,R1234ZE(E),0.1708,0.10006701,0.06639142,0.09672919,0.23141074,0.10519918,0.11995951,0.064117365,0.05084049,0.25611517,0.241202,0.22318989,0.2494912,0.26415876,0.24683139,0.015685275,0.07603139,0.23308973,0.2472581,0.20033121,0.18531364,0.27654812,0.22850816,0.03653798,0.05770816
[hmim]__[PF6]__R1234ze(E)__293.15__0.2166,R1234ZE(E),0.2089,0.11061376,0.07428837,0.10956671,0.28104976,0.11841267,0.13878626,0.08133486,0.07011375,0.312764,0.2947503,0.27680832,0.30936176,0.32169276,0.3030754,0.017601563,0.0941754,0.29282317,0.3097091,0.25609532,0.2391809,0.34378362,0.28831843,0.041854113,0.07941842
[hmim]__[PF6]__R1234ze(E)__293.15__0.2549,R1234ZE(E),0.2478,0.12176723,0.08057092,0.12003935,0.33172625,0.13065831,0.15695241,0.09958913,0.09084758,0.36754504,0.34989685,0.33367008,0.37156042,0.37703502,0.35994148,0.017861161,0.11214149,0.3500688,0.364931,0.31442973,0.2938714,0.40950224,0.34656066,0.045055445,0.098760664
[hmim]__[PF6]__R1234ze(E)__293.15__0.2902,R1234ZE(E),0.2861,0.13198431,0.08521088,0.12938482,0.3741101,0.14131135,0.1724003,0.114825025,0.113699704,0.41402748,0.3996191,0.3841319,0.42861632,0.4261963,0.41051823,0.018712875,0.12441823,0.39681423,0.41089678,0.36666808,0.3435326,0.4614561,0.39587355,0.04505604,0.10977355
[hmim]__[PF6]__R1234ze(E)__303.15__0.103,R1234ZE(E),0.0744,0.075748675,0.043072257,0.07244393,0.12833071,0.072028734,0.07832486,0.030920034,0.0039248616,0.13255799,0.11014365,0.10597714,0.115888014,0.12588567,0.11809049,0.011009198,0.043690488,0.09838357,0.10020536,0.07933129,0.07600038,0.111521855,0.09308849,0.014997839,0.018688492
[hmim]__[PF6]__R1234ze(E)__303.15__0.1515,R1234ZE(E),0.1078,0.08416262,0.04919988,0.08203689,0.15849274,0.083914794,0.091561384,0.040243734,0.016238615,0.16913487,0.14696015,0.13953191,0.15234654,0.167197,0.1550341,0.012840341,0.047234096,0.13443597,0.14233783,0.11113922,0.10728567,0.16214919,0.13146958,0.022728516,0.023669578
[hmim]__[PF6]__R1234ze(E)__303.15__0.1975,R1234ZE(E),0.1389,0.09256575,0.055809848,0.091620356,0.194224,0.09322137,0.10548826,0.052085895,0.033411734,0.2053423,0.19140248,0.1779359,0.19580857,0.2130858,0.19671503,0.0134548545,0.05781503,0.18014382,0.18896452,0.15161416,0.14388442,0.21557619,0.17603663,0.02905855,0.03713663
[hmim]__[PF6]__R1234ze(E)__303.15__0.2412,R1234ZE(E),0.1706,0.10160039,0.060213707,0.09950726,0.23228286,0.10242464,0.11920577,0.06566216,0.051394224,0.24877396,0.2373852,0.22138092,0.2477999,0.26077235,0.24322245,0.014755484,0.07262245,0.22690606,0.2367208,0.200393,0.18452325,0.27428478,0.2245656,0.03468763,0.0539656
[hmim]__[PF6]__R1234ze(E)__303.15__0.2858,R1234ZE(E),0.2018,0.110070154,0.06271715,0.10671434,0.27265108,0.11169388,0.13276932,0.080796815,0.06903069,0.29508457,0.28576016,0.27046198,0.30423158,0.3127042,0.2936485,0.016409026,0.09184851,0.2776115,0.28660005,0.25622773,0.23610133,0.33368334,0.2780448,0.03675686,0.07624479
[hmim]__[PF6]__R1234ze(E)__303.15__0.3274,R1234ZE(E),0.2336,0.11746664,0.0650609,0.113216594,0.3110869,0.1197764,0.14532149,0.09536653,0.08827852,0.33922955,0.33290386,0.3190549,0.35852107,0.35803387,0.34154865,0.016925607,0.107948646,0.32413095,0.33113402,0.30459377,0.2852652,0.3816917,0.32536313,0.036217876,0.091763124
[hmim]__[PF6]__R1234ze(E)__313.15__0.1111,R1234ZE(E),0.0615,0.07319777,0.039695483,0.06912868,0.116025165,0.06485092,0.07257961,0.027572203,0.011079606,0.11686725,0.096894786,0.09487003,0.10330978,0.111496404,0.10468765,0.0094036525,0.04318765,0.08820581,0.085267864,0.07113861,0.06263575,0.0954326,0.08053613,0.0133403065,0.019036125
[hmim]__[PF6]__R1234ze(E)__313.15__0.1641,R1234ZE(E),0.0883,0.07999789,0.042484503,0.07585302,0.13914742,0.07482753,0.082462065,0.035069473,0.005837932,0.14392053,0.12208526,0.11946478,0.12675437,0.13956524,0.13035803,0.010825919,0.04205803,0.11069855,0.1155601,0.08953754,0.08920887,0.13077793,0.1071566,0.017844351,0.0188566
[hmim]__[PF6]__R1234ze(E)__313.15__0.2143,R1234ZE(E),0.1141,0.08652391,0.046629947,0.083653904,0.1653602,0.08239038,0.09291166,0.043669194,0.021188341,0.17168343,0.15411514,0.1445849,0.15720645,0.17390832,0.16029966,0.012344595,0.046199657,0.1434918,0.15173726,0.11909887,0.11530898,0.17280152,0.1404877,0.023828609,0.026387699
[hmim]__[PF6]__R1234ze(E)__313.15__0.2626,R1234ZE(E),0.1398,0.09277478,0.04933484,0.0892875,0.19257648,0.089086376,0.102611996,0.053360377,0.037188,0.20162252,0.19146636,0.17633678,0.19535609,0.20983966,0.19492427,0.012499737,0.055124268,0.17889956,0.18665347,0.15976754,0.14653371,0.21757218,0.1778853,0.027221927,0.038085297
[hmim]__[PF6]__R1234ze(E)__313.15__0.3119,R1234ZE(E),0.1656,0.099502556,0.05032958,0.09377297,0.22203113,0.09552218,0.11223169,0.0645557,0.053368315,0.23545736,0.22912396,0.21498941,0.24143814,0.24969304,0.2341404,0.013122508,0.068540394,0.21619299,0.22244203,0.2021738,0.18391609,0.26317108,0.2175792,0.029473374,0.0519792
[hmim]__[PF6]__R1234ze(E)__313.15__0.3585,R1234ZE(E),0.1923,0.10523076,0.050589763,0.097877994,0.25382677,0.10061974,0.121629015,0.07713174,0.07067099,0.2708923,0.26519302,0.25343084,0.28871512,0.29182145,0.27401057,0.016158972,0.08171056,0.25595105,0.25916553,0.24327168,0.22848174,0.30207723,0.25778946,0.027551718,0.065489456
[hmim]__[PF6]__R1234ze(E)__323.15__0.1188,R1234ZE(E),0.0505,0.069485135,0.035138313,0.06323417,0.103864,0.057353925,0.065815106,0.024902338,0.015315104,0.10176892,0.08384532,0.08444604,0.08948965,0.09917774,0.09174554,0.008314008,0.04124554,0.078718424,0.07491635,0.06383774,0.053097993,0.0825154,0.070617184,0.012026673,0.020117182
[hmim]__[PF6]__R1234ze(E)__323.15__0.1755,R1234ZE(E),0.0725,0.07612336,0.036557414,0.06791404,0.12299706,0.06504885,0.07372814,0.031320762,0.0012281388,0.121297434,0.10414828,0.10286539,0.10632649,0.12092683,0.11111288,0.009212422,0.03861288,0.09530115,0.096836835,0.07741377,0.076799065,0.10599659,0.09046948,0.012867703,0.017969482
[hmim]__[PF6]__R1234ze(E)__323.15__0.2294,R1234ZE(E),0.094,0.08202419,0.039039068,0.0735365,0.14257708,0.07181983,0.08179933,0.037717007,0.012200668,0.14395256,0.129375,0.12354852,0.12859784,0.14639482,0.13437375,0.010146354,0.040373757,0.118418455,0.12386882,0.09954883,0.09853379,0.14017013,0.116108,0.017518658,0.022108003
[hmim]__[PF6]__R1234ze(E)__323.15__0.2816,R1234ZE(E),0.1155,0.08701783,0.040813252,0.0784445,0.16242549,0.07773431,0.08928708,0.04459573,0.026212923,0.16687864,0.15876496,0.14766136,0.15613334,0.17376736,0.16064112,0.010043892,0.045141116,0.14447449,0.15089896,0.12943476,0.12287072,0.17573129,0.14468205,0.020681888,0.029182047
[hmim]__[PF6]__R1234ze(E)__323.15__0.3351,R1234ZE(E),0.1369,0.091150254,0.041106388,0.082038306,0.18373322,0.08284256,0.09617414,0.052682642,0.04072585,0.19073206,0.18723878,0.1748355,0.18733932,0.20256738,0.18854262,0.009906067,0.051642627,0.17453232,0.17797618,0.16020837,0.15293899,0.2097896,0.17508909,0.021936463,0.0381891
[hmim]__[PF6]__R1234ze(E)__323.15__0.3861,R1234ZE(E),0.1587,0.095725,0.040684942,0.08496618,0.20830657,0.08693108,0.103322744,0.062466938,0.05537726,0.21525303,0.21498126,0.20483421,0.22563146,0.23411328,0.21896264,0.011216507,0.060262635,0.20380665,0.20532294,0.19315654,0.1829699,0.24064773,0.20518073,0.021781407,0.04648073
[hmim]__[PF6]__R1234ze(E)__333.15__0.1258,R1234ZE(E),0.0418,0.065875635,0.030406898,0.05686803,0.09270023,0.050742514,0.05931866,0.022763835,0.017518662,0.08824108,0.071210444,0.07446319,0.07731944,0.08683647,0.079614125,0.0075664753,0.037814125,0.07004351,0.06606099,0.05791635,0.044714954,0.071659386,0.062079035,0.0110669695,0.020279035
[hmim]__[PF6]__R1234ze(E)__333.15__0.1858,R1234ZE(E),0.0605,0.07275148,0.03188423,0.06090161,0.10840325,0.05694417,0.06617694,0.027907657,0.005676944,0.102887966,0.08894704,0.08884892,0.09005673,0.10393594,0.09493532,0.0077614454,0.03443532,0.08240999,0.08256471,0.06969044,0.06549114,0.08751498,0.07753426,0.009424107,0.017034259
[hmim]__[PF6]__R1234ze(E)__333.15__0.2431,R1234ZE(E),0.0785,0.07870068,0.03363616,0.06492014,0.12453039,0.06137228,0.07263193,0.033306163,0.00586807,0.12081112,0.10885333,0.10492043,0.1060742,0.12508456,0.113148734,0.009183962,0.03464873,0.09875179,0.103587255,0.08870573,0.08568187,0.11189003,0.09772333,0.010752356,0.019223325
[hmim]__[PF6]__R1234ze(E)__333.15__0.2987,R1234ZE(E),0.0968,0.08273764,0.034538515,0.06843834,0.13861977,0.06631082,0.078129016,0.03812506,0.018670984,0.13988155,0.13163075,0.12483245,0.12641096,0.14617957,0.13378707,0.009082383,0.036987066,0.11846041,0.12507072,0.11079701,0.10651297,0.14061612,0.12029145,0.013409671,0.02349145
[hmim]__[PF6]__R1234ze(E)__333.15__0.3559,R1234ZE(E),0.1146,0.085988574,0.034211185,0.07151611,0.15493383,0.0707622,0.083482385,0.044283845,0.031117618,0.15828502,0.15374507,0.14558595,0.150462,0.1677592,0.15516743,0.008429721,0.040567428,0.14206785,0.14630972,0.13439536,0.13118905,0.1687533,0.14454305,0.014804465,0.029943049
[hmim]__[PF6]__R1234ze(E)__333.15__0.4107,R1234ZE(E),0.133,0.088916264,0.033556856,0.074414685,0.17380717,0.07525205,0.08918941,0.051642433,0.04381059,0.17628404,0.17573316,0.16795988,0.17699772,0.19041388,0.17747775,0.008102964,0.044477746,0.16506468,0.16598313,0.15834868,0.15632707,0.19365785,0.16787629,0.015002814,0.034876287
[hmim]__[PF6]__R1234ze(E)__343.15__0.1325,R1234ZE(E),0.0344,0.062450245,0.027066128,0.051838756,0.082153246,0.04546562,0.0537948,0.020412872,0.0193948,0.0758968,0.06198542,0.06604729,0.06805868,0.07650862,0.06969936,0.006330652,0.03529936,0.06357765,0.05969528,0.05306697,0.037382953,0.06462358,0.055669285,0.011181371,0.021269284
[hmim]__[PF6]__R1234ze(E)__343.15__0.1956,R1234ZE(E),0.0504,0.06916447,0.028165177,0.054334577,0.09512067,0.050486423,0.059454262,0.024758942,0.009054262,0.087851144,0.0755041,0.07743134,0.0786342,0.089451656,0.08177449,0.0064013023,0.031374488,0.073186934,0.07329717,0.06350616,0.057351578,0.07688183,0.068844736,0.008121989,0.018444736
[hmim]__[PF6]__R1234ze(E)__343.15__0.256,R1234ZE(E),0.0656,0.07495944,0.029721234,0.057531595,0.10726737,0.053908765,0.06467768,0.028760154,0.0009223223,0.101694494,0.09101878,0.090573244,0.08988054,0.10727042,0.09608749,0.007923405,0.030487493,0.08597016,0.08978989,0.08080899,0.075549856,0.09311893,0.08504757,0.007011771,0.019447573
[hmim]__[PF6]__R1234ze(E)__343.15__0.315,R1234ZE(E),0.0804,0.07902834,0.03006614,0.060154025,0.11876534,0.056820657,0.0689669,0.032861773,0.011433095,0.1172781,0.10871497,0.107065715,0.10463619,0.12530798,0.11260059,0.008551627,0.03220059,0.10131871,0.1064745,0.099409856,0.09354442,0.11462873,0.10307524,0.007943473,0.022675246
[hmim]__[PF6]__R1234ze(E)__343.15__0.3755,R1234ZE(E),0.0957,0.08199057,0.02890309,0.06222255,0.13086836,0.060201146,0.072837144,0.037596364,0.02286286,0.1324727,0.12665606,0.123818725,0.12287067,0.14254747,0.12967312,0.008112283,0.03397312,0.118993744,0.123511314,0.11771533,0.11494512,0.13614747,0.1222626,0.008355499,0.026562594
[hmim]__[PF6]__R1234ze(E)__343.15__0.4342,R1234ZE(E),0.1102,0.08463455,0.028415192,0.065080404,0.14643718,0.064421654,0.07779779,0.043409105,0.03240221,0.1469176,0.14619738,0.1420411,0.14256838,0.16036741,0.14761838,0.0074440707,0.03741838,0.13843054,0.13990149,0.1378622,0.13578552,0.1580645,0.14200886,0.0090960665,0.031808853
[hmim]__[Tf2N]__R1234yf__292.29__0.0993,R1234YF,0.0775,0.07681441,0.04910583,0.067047045,0.09878333,0.07992219,0.07433456,0.018198285,0.0031654388,0.09141205,0.09117346,0.07994041,0.08165499,0.16183731,0.10120364,0.034304503,0.023703642,0.1534412,0.122365445,0.07839659,0.09122334,0.11888101,0.112861514,0.029280163,0.035361513
[hmim]__[Tf2N]__R1234yf__293.01__0.1981,R1234YF,0.1543,0.11331416,0.07056846,0.10775231,0.16876389,0.12391411,0.11686258,0.035292365,0.037437424,0.17232804,0.17839463,0.1464186,0.15869297,0.30017996,0.19120285,0.062166795,0.036902845,0.29851985,0.23015942,0.15896913,0.17716861,0.2221779,0.21739897,0.054311123,0.06309897
[hmim]__[Tf2N]__R1234yf__292.98__0.276,R1234YF,0.2206,0.13900135,0.08715842,0.1329385,0.22988011,0.1518983,0.14817533,0.051790245,0.072424665,0.24204308,0.25453275,0.2104613,0.23187838,0.41739506,0.2712621,0.08327106,0.050662115,0.41160476,0.3220405,0.22535393,0.25900084,0.31178194,0.30595636,0.070985556,0.08535637
[hmim]__[Tf2N]__R1234yf__293.64__0.3538,R1234YF,0.2792,0.16225123,0.09891648,0.15094878,0.28037098,0.1703411,0.17256573,0.06637924,0.10663426,0.30043364,0.32841098,0.2702707,0.29975867,0.5112269,0.34202018,0.096798226,0.062820196,0.48333627,0.3934443,0.2786009,0.3203029,0.38249055,0.371635,0.07804004,0.092435
[hmim]__[Tf2N]__R1234yf__293.13__0.4343999999999999,R1234YF,0.3536,0.18618062,0.11456989,0.1702459,0.3371233,0.18634003,0.19889194,0.08270103,0.15470806,0.37259725,0.40988165,0.33067822,0.373771,0.5998184,0.41734934,0.10578803,0.06374934,0.5496204,0.4600734,0.33457118,0.38173398,0.4526483,0.43572944,0.082156144,0.08212945
[hmim]__[Tf2N]__R1234yf__303.05__0.1153,R1234YF,0.0689,0.07614544,0.04606906,0.07032016,0.090697095,0.07779722,0.0722058,0.016396627,0.0033058003,0.08202408,0.08745643,0.07283045,0.080619276,0.14709327,0.0940047,0.030134404,0.025104702,0.13525978,0.10676236,0.07254729,0.07750444,0.10923508,0.100261785,0.02565944,0.03136179
[hmim]__[Tf2N]__R1234yf__303.09__0.2306,R1234YF,0.1386,0.10645275,0.062982425,0.10340835,0.15254496,0.11566967,0.10821164,0.03198794,0.03038837,0.14902568,0.15789886,0.13566491,0.14222568,0.26146305,0.16925564,0.05220007,0.030655637,0.25120366,0.19499868,0.14094779,0.15013868,0.19315422,0.18608859,0.043873034,0.047488585
[hmim]__[Tf2N]__R1234yf__303.07__0.3248999999999999,R1234YF,0.1991,0.12987739,0.07299908,0.123035245,0.20494854,0.139616,0.13409527,0.047232203,0.065004736,0.20760202,0.22889112,0.19300443,0.20941843,0.36765432,0.24131408,0.07177019,0.04221408,0.35263824,0.28006625,0.20168105,0.22096416,0.27271494,0.26561293,0.058977835,0.06651293
[hmim]__[Tf2N]__R1234yf__303.13__0.4161,R1234YF,0.2545,0.14865264,0.078193165,0.13758755,0.25053674,0.15404157,0.15380234,0.06197537,0.10069767,0.26309907,0.30043334,0.25101128,0.27145585,0.45803887,0.3088077,0.08538872,0.0543077,0.4251985,0.34279537,0.25568333,0.2812586,0.3364427,0.3282757,0.06548245,0.07377571
[hmim]__[Tf2N]__R1234yf__303.15__0.5231,R1234YF,0.323,0.16963051,0.087607265,0.15568061,0.30455613,0.16892853,0.17728062,0.078795955,0.1457194,0.32749018,0.37934673,0.30446577,0.3410841,0.55110246,0.38069788,0.09905957,0.057697862,0.48787838,0.40590227,0.31000483,0.33560914,0.398906,0.38766012,0.06935884,0.0646601
[hmim]__[Tf2N]__R1234yf__313.06__0.1306,R1234YF,0.061,0.07405086,0.043335393,0.07152184,0.084875494,0.07387303,0.06953132,0.015531493,0.008531321,0.076995425,0.084453285,0.067299195,0.08027753,0.13567059,0.088939205,0.02687896,0.027939204,0.122662656,0.09918166,0.06884073,0.0688301,0.09994643,0.09189232,0.023065442,0.030892316
[hmim]__[Tf2N]__R1234yf__313.06__0.2623999999999999,R1234YF,0.1238,0.10057631,0.05560903,0.09953591,0.13628888,0.10522563,0.09944715,0.028782668,0.024352849,0.13419238,0.14265768,0.12536447,0.13411325,0.2324734,0.15376024,0.04442481,0.029960237,0.22077344,0.16922122,0.12543052,0.13148746,0.1722045,0.16382344,0.03828287,0.04002344
[hmim]__[Tf2N]__R1234yf__313.05__0.3723999999999999,R1234YF,0.1789,0.11848579,0.060362812,0.1146348,0.18199073,0.12464994,0.120024815,0.043162894,0.05887519,0.18431151,0.20321198,0.1756053,0.19296224,0.31732094,0.21468239,0.05828254,0.035782382,0.2986315,0.23994,0.17998222,0.18879464,0.24038835,0.22954734,0.047737926,0.050647333
[hmim]__[Tf2N]__R1234yf__313.13__0.4807,R1234YF,0.2292,0.1338823,0.064443074,0.12677863,0.22162499,0.13832273,0.13701034,0.05599518,0.09218967,0.23397109,0.26887417,0.22789769,0.24722894,0.40110058,0.27581447,0.07177882,0.046614468,0.3649096,0.2986645,0.22821829,0.24184561,0.29518148,0.28576392,0.054220546,0.056563914
[hmim]__[Tf2N]__R1234yf__313.2__0.6103,R1234YF,0.2925,0.15616699,0.0741421,0.14698566,0.2740757,0.15308076,0.16089024,0.07178583,0.13160975,0.2951831,0.34371102,0.2808867,0.31213117,0.498111,0.34600458,0.088193245,0.053504586,0.42703205,0.35808724,0.28457692,0.2928261,0.35332364,0.34316915,0.057719413,0.050669163
[hmim]__[Tf2N]__R1234yf__323.08__0.1457,R1234YF,0.0537,0.07246872,0.03953271,0.068592936,0.07871667,0.069580026,0.06577821,0.015193498,0.012078211,0.07297715,0.07965277,0.06316135,0.07768309,0.12628424,0.08395172,0.024507651,0.030251719,0.11198323,0.0915408,0.06468827,0.061805025,0.090561084,0.084115684,0.020907328,0.030415684
[hmim]__[Tf2N]__R1234yf__323.06__0.2938,R1234YF,0.1098,0.09639662,0.05032154,0.09363164,0.12551634,0.09675727,0.09252468,0.026942935,0.017275326,0.12537795,0.131929,0.11574692,0.12894526,0.21324688,0.14304921,0.0397114,0.033249207,0.19789852,0.14959121,0.114540145,0.117008366,0.15569502,0.14694665,0.03400773,0.03714665
[hmim]__[Tf2N]__R1234yf__323.05__0.4191999999999999,R1234YF,0.1596,0.1099108,0.052024696,0.10574149,0.16467482,0.113137394,0.10909784,0.039919883,0.050502166,0.16777483,0.18278074,0.16242857,0.17904064,0.27705288,0.19381554,0.04725405,0.03421554,0.26079494,0.20741874,0.16181546,0.1648106,0.21468136,0.20190422,0.040757902,0.042304218
[hmim]__[Tf2N]__R1234yf__323.13__0.5437000000000001,R1234YF,0.205,0.12286755,0.055554897,0.11838276,0.20015642,0.12656786,0.124705896,0.05128711,0.0802941,0.21084973,0.23860432,0.21000324,0.22873707,0.35135153,0.24790919,0.059086237,0.04290919,0.3125965,0.25987333,0.20630547,0.20986497,0.26255468,0.25023898,0.04385536,0.045238987
[hmim]__[Tf2N]__R1234yf__323.19__0.6954,R1234YF,0.2628,0.14513507,0.068512194,0.13999456,0.2507633,0.14166525,0.14921407,0.065160684,0.113585934,0.26668057,0.30716228,0.2619587,0.28973937,0.44753432,0.31461507,0.07650536,0.051815063,0.37647414,0.32147205,0.26168835,0.2604869,0.31850758,0.3077258,0.048431654,0.04492578
[hmim]__[Tf2N]__R1234yf__333.1__0.1609,R1234YF,0.0474,0.07001756,0.035974763,0.06360276,0.07259472,0.065139264,0.06146581,0.014704076,0.01406581,0.068593904,0.07353978,0.060442515,0.073659174,0.11869539,0.07898615,0.022840364,0.03158615,0.103161275,0.08413348,0.06086696,0.05392098,0.080962434,0.07660903,0.019641485,0.029209029
[hmim]__[Tf2N]__R1234yf__333.09__0.3241,R1234YF,0.0972,0.09307119,0.045577038,0.08648467,0.11474353,0.08762944,0.08550117,0.0250592,0.011698827,0.117267966,0.12134829,0.1070766,0.12324308,0.1972098,0.13322917,0.03630811,0.036029167,0.1818065,0.13679542,0.10583413,0.1044877,0.14014286,0.13381332,0.031603515,0.036613323
[hmim]__[Tf2N]__R1234yf__333.17__0.4644,R1234YF,0.142,0.103467435,0.04718897,0.097376265,0.15006892,0.10278495,0.1001773,0.036477417,0.0418227,0.15426084,0.16369975,0.15004125,0.16456424,0.24955119,0.17642346,0.041344292,0.034423456,0.23193632,0.1844932,0.14540239,0.14669082,0.18931124,0.17956679,0.03574153,0.03756678
[hmim]__[Tf2N]__R1234yf__333.21__0.6016,R1234YF,0.1844,0.1158389,0.052155506,0.109712124,0.18359648,0.1162253,0.11550566,0.046593443,0.06889435,0.1904377,0.21022372,0.19307768,0.20940182,0.3106801,0.22276421,0.049978275,0.0383642,0.2728116,0.2290122,0.18666229,0.18349665,0.23349673,0.22109589,0.037048407,0.036695883
[hmim]__[Tf2N]__R1234yf__333.21__0.7763,R1234YF,0.2355,0.13906062,0.066537514,0.13294171,0.23132546,0.1324526,0.14046358,0.058829557,0.09503642,0.24016264,0.27266425,0.24569036,0.26656738,0.40146402,0.28530973,0.06635314,0.04980974,0.33487052,0.28957707,0.23972362,0.23533967,0.28738478,0.27737913,0.041046973,0.041879132
[hmim]__[Tf2N]__R1234yf__343.11__0.176,R1234YF,0.0422,0.066635095,0.032440256,0.057623763,0.0665168,0.059162654,0.05647571,0.014055936,0.014275711,0.064211205,0.06738634,0.057936765,0.06828994,0.10914798,0.07339444,0.020394487,0.031194441,0.095357366,0.07796865,0.058001354,0.046381555,0.07358556,0.0702589,0.018846849,0.028058901
[hmim]__[Tf2N]__R1234yf__343.1__0.3531,R1234YF,0.0869,0.08868339,0.04106294,0.07763556,0.10469368,0.07752545,0.0779202,0.023405982,0.008979805,0.10871133,0.10966007,0.0996279,0.11388269,0.1799517,0.12236674,0.03260748,0.035466738,0.166154,0.12582333,0.098482266,0.094460964,0.1251365,0.12201141,0.028659696,0.035111405
[hmim]__[Tf2N]__R1234yf__343.19__0.5069,R1234YF,0.1265,0.098946825,0.044811666,0.08944644,0.13801228,0.0920687,0.09265718,0.033153027,0.033842817,0.14200214,0.14499643,0.13977607,0.15098749,0.22590163,0.16073275,0.03667289,0.03423275,0.21015447,0.16497152,0.13225965,0.13122627,0.16793805,0.16130999,0.03237311,0.03480999
[hmim]__[Tf2N]__R1234yf__343.21__0.6585,R1234YF,0.1648,0.11151464,0.05095808,0.10193676,0.17084575,0.1050565,0.10806235,0.04260613,0.056737654,0.1740278,0.18392046,0.17951132,0.19195354,0.27914485,0.20171158,0.043780413,0.036911577,0.24932651,0.20692496,0.1707085,0.16462225,0.2112633,0.20056911,0.03433613,0.035769105
[hmim]__[Tf2N]__R1234yf__343.19__0.8529,R1234YF,0.2119,0.1362856,0.06664416,0.12642176,0.2150078,0.123124346,0.13349673,0.053100705,0.078403264,0.22184947,0.24220105,0.23215923,0.24482293,0.3628226,0.26077107,0.057765108,0.04887107,0.3048715,0.26446253,0.21801704,0.21460456,0.26279408,0.25294995,0.03746989,0.041049957
[hmim]__[Tf2N]__R1234yf__353.11__0.1899,R1234YF,0.0376,0.0636095,0.029422339,0.0523499,0.06030397,0.052866302,0.051710404,0.013359836,0.014110405,0.059926257,0.06124632,0.055363372,0.06309398,0.097123764,0.06735074,0.016886657,0.029750738,0.08802548,0.07111992,0.056025937,0.04051689,0.068103224,0.064758286,0.017726537,0.027158286
[hmim]__[Tf2N]__R1234yf__353.11__0.3811,R1234YF,0.0757,0.0847988,0.03780895,0.06895486,0.09547128,0.06817335,0.07104145,0.021812038,0.00465855,0.10032358,0.09957169,0.09382218,0.10328594,0.15884134,0.11116894,0.026869256,0.035468943,0.1492445,0.116431594,0.092392564,0.08506821,0.112095326,0.11104643,0.025060065,0.035346434
[hmim]__[Tf2N]__R1234yf__353.19__0.5472,R1234YF,0.1121,0.09493925,0.04233246,0.081430174,0.12778229,0.082238816,0.0857446,0.03068887,0.0263554,0.12978262,0.12968332,0.1305153,0.13805732,0.20218198,0.1460441,0.031577304,0.033944108,0.18988086,0.15080258,0.12159051,0.11877281,0.1500964,0.14622864,0.028732633,0.034128644
[hmim]__[Tf2N]__R1234yf__353.21__0.7125,R1234YF,0.1476,0.10872547,0.04964467,0.09469809,0.1582622,0.09481655,0.10122939,0.038902756,0.046370603,0.15838373,0.16056678,0.16680574,0.17468193,0.2515309,0.18239382,0.039164077,0.034793824,0.22839172,0.18861203,0.15560359,0.14960504,0.19204399,0.18285127,0.03177803,0.035251275
[hmim]__[Tf2N]__R1234yf__353.21__0.9251,R1234YF,0.1904,0.13468227,0.06799862,0.11922471,0.20015217,0.113299176,0.1270714,0.04780053,0.06332861,0.20533639,0.21500011,0.21930186,0.22619422,0.32794207,0.23875494,0.050427247,0.04835494,0.28164226,0.24379982,0.19921692,0.19780862,0.24106416,0.23270635,0.035096418,0.04230635
[hmim]__[Tf2N]__R1234ze(E)__293.12__0.0497,R1234ZE(E),0.0565,0.08078471,0.058616374,0.07474364,0.14872082,0.09020895,0.0906149,0.034456123,0.0341149,0.1440813,0.11290863,0.13695207,0.11547814,0.14284538,0.13045311,0.01511283,0.07395311,0.1145723,0.108445525,0.0876598,0.11299085,0.117814645,0.10829662,0.012019914,0.05179662
[hmim]__[Tf2N]__R1234ze(E)__292.98__0.1065,R1234ZE(E),0.1263,0.1160281,0.083310544,0.113907956,0.22538495,0.12811965,0.13335024,0.05403651,0.007050231,0.21515685,0.19540142,0.2106526,0.19843364,0.22521171,0.20897123,0.012247682,0.082671225,0.1959563,0.19612485,0.15589672,0.18621337,0.21487343,0.18981293,0.02161525,0.06351292
[hmim]__[Tf2N]__R1234ze(E)__293.1__0.1609,R1234ZE(E),0.2017,0.14685969,0.10351284,0.14845583,0.31091845,0.16357012,0.1746634,0.07938953,0.027036607,0.30336642,0.2947661,0.2929547,0.296525,0.3163588,0.30079418,0.009551111,0.09909418,0.2989124,0.2985869,0.2482804,0.2713972,0.32615894,0.28866714,0.029741978,0.08696714
[hmim]__[Tf2N]__R1234ze(E)__293.1__0.2211999999999999,R1234ZE(E),0.2816,0.1778949,0.12940034,0.18306324,0.4041289,0.19748265,0.218394,0.10693812,0.063206,0.40330875,0.4125679,0.39841288,0.40961915,0.42525724,0.4098332,0.010227627,0.1282332,0.40740144,0.40889937,0.3570737,0.38150075,0.4409851,0.39917207,0.031603884,0.11757207
[hmim]__[Tf2N]__R1234ze(E)__293.1__0.2578999999999999,R1234ZE(E),0.3312,0.19782293,0.14595474,0.20032316,0.45099616,0.21647158,0.24231371,0.11962845,0.08888629,0.4612128,0.47493243,0.4632696,0.4735951,0.48756686,0.47211537,0.010559208,0.14091536,0.4616856,0.4626997,0.417601,0.44474033,0.50237876,0.45782107,0.030874278,0.12662107
[hmim]__[Tf2N]__R1234ze(E)__303.15__0.0608,R1234ZE(E),0.0498,0.08238368,0.057827108,0.080575354,0.14081223,0.087919794,0.08990364,0.03069239,0.040103637,0.13576101,0.10383615,0.11828411,0.111419246,0.13101643,0.12006339,0.013300327,0.070263386,0.10557819,0.10626955,0.0828674,0.08728083,0.11133577,0.098666355,0.012701706,0.048866354
[hmim]__[Tf2N]__R1234ze(E)__303.13__0.1311,R1234ZE(E),0.1135,0.11602668,0.079326525,0.118153684,0.20941545,0.12434411,0.12945329,0.048064277,0.015953287,0.20882931,0.18635051,0.19328693,0.18877059,0.21147212,0.1977419,0.011635557,0.0842419,0.18196285,0.18853046,0.14393939,0.16137779,0.20517293,0.17619666,0.023901496,0.062696666
[hmim]__[Tf2N]__R1234ze(E)__303.34__0.2012,R1234ZE(E),0.1833,0.14492953,0.096808,0.1473403,0.29022783,0.15912381,0.1676859,0.07253501,0.015614107,0.27932805,0.27360946,0.27386904,0.27653795,0.2981189,0.28029266,0.010231457,0.09699266,0.27407086,0.27582008,0.23115453,0.2470822,0.30265516,0.26615658,0.02773599,0.08285658
[hmim]__[Tf2N]__R1234ze(E)__303.23__0.2755,R1234ZE(E),0.2609,0.1750848,0.115373194,0.17346454,0.37071997,0.18738195,0.2044049,0.097074844,0.056495085,0.37019625,0.37968487,0.37403458,0.379677,0.39899504,0.38051754,0.011083497,0.11961755,0.37128115,0.36447024,0.33155057,0.35493413,0.4058579,0.3656188,0.0270526,0.104718804
[hmim]__[Tf2N]__R1234ze(E)__303.15__0.3255,R1234ZE(E),0.308,0.19290394,0.12426202,0.18714893,0.41426653,0.20060387,0.22383706,0.110703684,0.084162936,0.42575493,0.44682294,0.44204354,0.45115954,0.46224734,0.44560567,0.013379209,0.13760567,0.42796016,0.41923743,0.39262715,0.4183947,0.46702778,0.42504945,0.026925469,0.117049456
[hmim]__[Tf2N]__R1234ze(E)__313.15__0.0727,R1234ZE(E),0.0429,0.08160845,0.056191366,0.08346845,0.13928048,0.084163696,0.08894248,0.03046777,0.046042483,0.12949756,0.10119002,0.11039175,0.1094372,0.124538004,0.1150109,0.011662422,0.072110906,0.09930247,0.10645555,0.083754495,0.073598355,0.108487755,0.09431972,0.015114879,0.051419724
[hmim]__[Tf2N]__R1234ze(E)__313.11__0.1571,R1234ZE(E),0.1002,0.11374451,0.07429221,0.115982994,0.19788195,0.11812721,0.12400578,0.045092527,0.023805782,0.19643468,0.1767217,0.18192977,0.18149991,0.19991061,0.18729933,0.010208459,0.08709933,0.173899,0.18222278,0.13645203,0.14586926,0.1966963,0.16702786,0.025203582,0.06682786
[hmim]__[Tf2N]__R1234ze(E)__313.09__0.2414,R1234ZE(E),0.1652,0.1411123,0.089632034,0.1432039,0.27055275,0.14948875,0.15879795,0.06692473,0.0064020455,0.2616672,0.25491333,0.2519405,0.25961712,0.2795893,0.26154548,0.010788349,0.096345484,0.25870904,0.2583311,0.22098267,0.2305299,0.28523666,0.25075787,0.025520064,0.08555788
[hmim]__[Tf2N]__R1234ze(E)__313.22__0.3352,R1234ZE(E),0.2376,0.16615985,0.1015103,0.16049913,0.33460933,0.17022774,0.18660128,0.087341465,0.050998718,0.3384683,0.3470118,0.34581542,0.35582614,0.36982936,0.3513902,0.01200941,0.113790214,0.34191966,0.33283913,0.3103486,0.32388642,0.37146756,0.3360923,0.022954695,0.098492295
[hmim]__[Tf2N]__R1234ze(E)__313.17__0.3983,R1234ZE(E),0.2822,0.17917389,0.104350775,0.17026034,0.37830937,0.18191466,0.2028018,0.10313706,0.079398215,0.39099646,0.40618056,0.41156816,0.42014503,0.42787185,0.41135246,0.014065576,0.12915245,0.3929562,0.38132483,0.36579868,0.38284364,0.42695543,0.38997576,0.022839746,0.10777575
[hmim]__[Tf2N]__R1234ze(E)__323.19__0.0852,R1234ZE(E),0.038,0.078993484,0.05296252,0.08167733,0.13317046,0.08077496,0.08551575,0.029199455,0.047515754,0.12332562,0.097369105,0.105698556,0.1048702,0.11906324,0.11006534,0.01077091,0.07206534,0.09656243,0.10381376,0.08279406,0.06525286,0.1047701,0.090638645,0.016690928,0.052638646
[hmim]__[Tf2N]__R1234ze(E)__324.14__0.1835,R1234ZE(E),0.0876,0.108403556,0.06818892,0.11127786,0.18703915,0.109803334,0.11694256,0.043146323,0.029342562,0.18294483,0.16374972,0.16684686,0.16886622,0.18727683,0.17393689,0.01047444,0.08633689,0.1635221,0.17343011,0.13047893,0.13217822,0.18397409,0.15671669,0.024285665,0.06911669
[hmim]__[Tf2N]__R1234ze(E)__323.09__0.2839,R1234ZE(E),0.1463,0.1360605,0.08396472,0.1340109,0.24949689,0.13930446,0.1485675,0.06085718,0.0022674948,0.24707925,0.24128775,0.23430635,0.24632467,0.26088548,0.24597669,0.009769744,0.09967668,0.24202402,0.24266738,0.21171594,0.21309423,0.26780164,0.23546064,0.023478832,0.089160636
[hmim]__[Tf2N]__R1234ze(E)__323.21__0.3972,R1234ZE(E),0.2133,0.1565738,0.08977978,0.14590108,0.30606717,0.15529042,0.17072245,0.080505185,0.04257755,0.3113366,0.31468946,0.31722808,0.33039063,0.33639258,0.32200748,0.010810551,0.10870747,0.31278846,0.30822736,0.2869021,0.2940897,0.34266138,0.3089338,0.021556033,0.09563379
[hmim]__[Tf2N]__R1234ze(E)__323.18__0.4742,R1234ZE(E),0.2548,0.16774607,0.09247981,0.15551963,0.34802175,0.16640955,0.18603536,0.095711954,0.06876463,0.3610047,0.37210083,0.38187838,0.38957864,0.39423257,0.379759,0.013423601,0.12495902,0.36102045,0.352314,0.3351468,0.3461632,0.39146778,0.35722247,0.021336006,0.102422476
[hmim]__[Tf2N]__R1234ze(E)__333.2__0.0977,R1234ZE(E),0.0334,0.07500002,0.04959097,0.07789767,0.12396224,0.077140614,0.0807183,0.026890535,0.047318302,0.11681826,0.09045832,0.0991725,0.09957471,0.111987084,0.10360217,0.01064865,0.07020217,0.09355376,0.099216804,0.079031,0.058231898,0.10012105,0.0860309,0.017683163,0.0526309
[hmim]__[Tf2N]__R1234ze(E)__333.17__0.2102,R1234ZE(E),0.0745,0.106457904,0.06429361,0.10637281,0.17955492,0.10438967,0.112213776,0.041712217,0.037713774,0.17494655,0.15704653,0.1572083,0.16134152,0.18150777,0.16641012,0.011167483,0.09191012,0.15868348,0.17033216,0.1296533,0.12831534,0.17556737,0.15251033,0.022333795,0.07801033
[hmim]__[Tf2N]__R1234ze(E)__333.11__0.3263,R1234ZE(E),0.1279,0.13025364,0.078594096,0.12343393,0.23008631,0.12784511,0.13804261,0.055642247,0.0101426095,0.22933999,0.2233847,0.21735872,0.23026322,0.24188714,0.22844675,0.009128392,0.10054675,0.22410555,0.22844075,0.19959745,0.19918957,0.24862984,0.21999261,0.02095893,0.0920926
[hmim]__[Tf2N]__R1234ze(E)__333.21__0.4586,R1234ZE(E),0.1895,0.14696479,0.082424596,0.13270137,0.2834418,0.14308962,0.15772445,0.07488495,0.03177555,0.2867714,0.28611967,0.2878499,0.30327845,0.3076432,0.2943325,0.010293808,0.1048325,0.28507572,0.28601205,0.2595492,0.26886067,0.31782448,0.28346443,0.022219969,0.09396443
[hmim]__[Tf2N]__R1234ze(E)__333.2__0.55,R1234ZE(E),0.2273,0.15758646,0.08643331,0.1447119,0.32459033,0.15234286,0.17313297,0.08935581,0.054167032,0.3355755,0.3406937,0.35078913,0.3600859,0.3644872,0.3503263,0.0123122735,0.1230263,0.32858342,0.32820302,0.3027765,0.31378973,0.36015084,0.3267007,0.02158573,0.099400684
[hmim]__[Tf2N]__R1234ze(E)__343.2__0.1099,R1234ZE(E),0.0274,0.0721951,0.045762405,0.072190605,0.113952175,0.07152874,0.0751258,0.02449408,0.047725797,0.1078961,0.08319563,0.091540225,0.09370485,0.103998736,0.09606711,0.009932064,0.06866711,0.08786045,0.092725575,0.07418797,0.051765796,0.09329525,0.07996701,0.017545905,0.052567005
[hmim]__[Tf2N]__R1234ze(E)__343.18__0.2359,R1234ZE(E),0.0629,0.10206998,0.059599347,0.09713024,0.16519967,0.094684914,0.10373683,0.038256243,0.040836833,0.16119924,0.14403038,0.14461319,0.15086725,0.17016488,0.15417498,0.0112949,0.091274984,0.14851306,0.16136904,0.12604383,0.121851176,0.1620755,0.14397052,0.01911652,0.08107052
[hmim]__[Tf2N]__R1234ze(E)__343.11__0.3663,R1234ZE(E),0.1114,0.12416919,0.07248563,0.11147481,0.20892753,0.11516421,0.12644428,0.050178487,0.015044279,0.20996383,0.2020519,0.20109202,0.2123627,0.22067423,0.20922895,0.008047899,0.09782895,0.20558695,0.21374674,0.18815601,0.18612924,0.2286994,0.20446368,0.017866861,0.093063675
[hmim]__[Tf2N]__R1234ze(E)__343.22__0.5186000000000001,R1234ZE(E),0.1666,0.13978273,0.07807672,0.122312926,0.26228136,0.13065304,0.14662135,0.06886265,0.019978657,0.26379287,0.26173097,0.26383132,0.278329,0.28271875,0.2700806,0.009696191,0.10348059,0.25947803,0.2666459,0.23618343,0.24856526,0.29290125,0.26075476,0.021342834,0.09415476
[hmim]__[Tf2N]__R1234ze(E)__343.21__0.6234,R1234ZE(E),0.201,0.1505259,0.082970716,0.13528174,0.3018218,0.13903639,0.16192731,0.08241448,0.039072692,0.31012696,0.31201696,0.32271463,0.33212352,0.3371545,0.3228273,0.011935904,0.121827304,0.30018896,0.30367613,0.27644646,0.28719077,0.3327082,0.3000421,0.021226242,0.09904209
[hmim]__[Tf2N]__R1234ze(E)__353.21__0.1221,R1234ZE(E),0.0228,0.068800494,0.0422979,0.066162795,0.10341717,0.06505259,0.06914619,0.021915227,0.046346195,0.09723246,0.07670917,0.08488406,0.08689879,0.09455899,0.0880567,0.008164667,0.0652567,0.0827444,0.08661206,0.068886265,0.04488869,0.08626019,0.073878326,0.017743912,0.051078327
[hmim]__[Tf2N]__R1234ze(E)__353.21__0.2612,R1234ZE(E),0.0535,0.0965073,0.05600795,0.08737093,0.14972477,0.08409478,0.09474114,0.034257274,0.041241143,0.145823,0.12997033,0.13370824,0.13809052,0.15681677,0.14088176,0.010684686,0.087381765,0.13723858,0.14883947,0.119591,0.11360281,0.1487181,0.133598,0.016356785,0.080098
[hmim]__[Tf2N]__R1234ze(E)__353.14__0.4066,R1234ZE(E),0.0952,0.11717452,0.06829432,0.100209564,0.18936177,0.10243796,0.11549562,0.044975426,0.02029562,0.1900127,0.1808848,0.18625331,0.19218734,0.20060536,0.1899887,0.007320901,0.0947887,0.18855241,0.19823076,0.17405397,0.17356145,0.20957187,0.18879409,0.015573452,0.09359409
[hmim]__[Tf2N]__R1234ze(E)__353.22__0.5758,R1234ZE(E),0.1457,0.1321797,0.074888706,0.11341233,0.2401468,0.118426725,0.13581085,0.062077746,0.009889141,0.24211615,0.24026006,0.24319638,0.2552943,0.25922945,0.24801926,0.008615486,0.10231927,0.23926088,0.24829437,0.2167517,0.2306597,0.27019045,0.24103144,0.020020064,0.095331445
[hmim]__[Tf2N]__R1234ze(E)__353.23__0.6937000000000001,R1234ZE(E),0.1766,0.14531982,0.08174682,0.12756345,0.27754235,0.12698568,0.15183163,0.07410084,0.024768367,0.2848396,0.28589046,0.29854634,0.3061086,0.31145948,0.2973689,0.011885401,0.12076892,0.2769225,0.2846229,0.25711796,0.26761043,0.3088765,0.27903005,0.019602811,0.10243006
[hmim]__[Tf2N]__R1233zd(E)__303.24__0.009,R1233ZD(E),0.014,0.09289129,0.06282054,0.07817188,0.1037786,0.090407565,0.08561398,0.015658999,0.07161398,0.09913506,0.074755654,0.08634244,0.08166713,0.09702498,0.08778505,0.010289245,0.07378505,0.08101385,0.07741487,0.053687558,0.057379767,0.07195396,0.06829,0.01215369,0.054290004
[hmim]__[Tf2N]__R1233zd(E)__303.16__0.02,R1233ZD(E),0.027,0.10001488,0.067505315,0.08570951,0.112764955,0.09761202,0.092721336,0.017057804,0.06572133,0.10898363,0.08476387,0.09524953,0.089983374,0.10729259,0.0972546,0.010621214,0.070254594,0.09125338,0.08733365,0.061081525,0.06610749,0.08242304,0.07763981,0.013316815,0.05063981
[hmim]__[Tf2N]__R1233zd(E)__303.15__0.032,R1233ZD(E),0.045,0.10771321,0.07260926,0.09402038,0.122709215,0.10549112,0.10050863,0.018641816,0.05550863,0.119892776,0.095991045,0.105496034,0.09971678,0.11926473,0.108072266,0.011038599,0.063072264,0.102603585,0.098637916,0.07004371,0.07590803,0.094581984,0.08835505,0.014472095,0.043355048
[hmim]__[Tf2N]__R1233zd(E)__303.33__0.048,R1233ZD(E),0.068,0.11714639,0.07918687,0.10529837,0.13675739,0.115384564,0.11075471,0.021004336,0.04275471,0.13435474,0.110804826,0.11971867,0.1138473,0.13510399,0.12276591,0.011384462,0.05476591,0.11805248,0.114661895,0.08232229,0.08973343,0.11152433,0.103258885,0.016112693,0.03525888
[hmim]__[Tf2N]__R1233zd(E)__303.12__0.064,R1233ZD(E),0.092,0.12694982,0.0849988,0.11657437,0.15160634,0.1258259,0.12119104,0.024036054,0.02919104,0.14965418,0.12663136,0.1363104,0.12998629,0.15208465,0.13893338,0.011469105,0.046933375,0.13507429,0.13188377,0.09571211,0.10556949,0.13042423,0.11973278,0.01785292,0.027732782
[hmim]__[Tf2N]__R1233zd(E)__303.23__0.081,R1233ZD(E),0.113,0.13710687,0.09006977,0.12804416,0.1673971,0.13711452,0.13194647,0.02774424,0.018946476,0.16562346,0.14449915,0.15312274,0.14710823,0.16979708,0.15603013,0.01120912,0.043030135,0.15346089,0.1510602,0.11075018,0.122329615,0.15128733,0.13777764,0.019837007,0.024777643
[hmim]__[Tf2N]__R1233zd(E)__313.15__0.01,R1233ZD(E),0.014,0.08699556,0.05965091,0.07702086,0.09749873,0.08752855,0.08173892,0.014314887,0.06773892,0.08852029,0.0653853,0.07624394,0.07709362,0.088519685,0.07915257,0.009717693,0.06515257,0.07139394,0.072735764,0.05205176,0.04257634,0.06674285,0.061100125,0.013211685,0.047100127
[hmim]__[Tf2N]__R1233zd(E)__313.13__0.022,R1233ZD(E),0.026,0.094147794,0.06401322,0.084704764,0.1061113,0.0943044,0.08865629,0.015729196,0.06265629,0.09806004,0.07494624,0.084412724,0.08518912,0.09745833,0.088013284,0.009770285,0.062013283,0.080598556,0.08232963,0.0586939,0.049432486,0.076413274,0.06949357,0.0146205975,0.04349357
[hmim]__[Tf2N]__R1233zd(E)__313.15__0.036,R1233ZD(E),0.042,0.10230644,0.068393454,0.093412206,0.1164393,0.10188109,0.096486494,0.017746534,0.054486495,0.109231204,0.0865321,0.09450111,0.09513783,0.10815786,0.09871203,0.009730546,0.056712028,0.091926485,0.094167545,0.06675104,0.05778779,0.08786545,0.079699665,0.016380565,0.037699666
[hmim]__[Tf2N]__R1233zd(E)__313.13__0.053,R1233ZD(E),0.065,0.11210375,0.073659055,0.10378204,0.12917858,0.110548034,0.105854295,0.020285074,0.040854298,0.12319269,0.10122771,0.10730033,0.10784845,0.12177938,0.112269714,0.009694244,0.047269717,0.10661073,0.109201565,0.07669359,0.068743125,0.10288185,0.09282617,0.018705197,0.027826175
[hmim]__[Tf2N]__R1233zd(E)__313.15__0.071,R1233ZD(E),0.089,0.122035466,0.07836971,0.11461468,0.14250176,0.11976418,0.115457155,0.023288537,0.026457153,0.13821355,0.117202744,0.121034995,0.12195282,0.13764112,0.12720904,0.009947362,0.038209036,0.12312309,0.12511368,0.08776722,0.08188104,0.1202175,0.1076205,0.020986296,0.018620498
[hmim]__[Tf2N]__R1233zd(E)__313.13__0.09,R1233ZD(E),0.109,0.13134778,0.082978144,0.12403652,0.1557754,0.12979707,0.12478699,0.02634848,0.01578699,0.15454262,0.13461858,0.13610528,0.13773473,0.15456086,0.14351241,0.01013757,0.034512416,0.14083982,0.142288,0.10098615,0.096718736,0.14008933,0.12418441,0.023187451,0.01518441
[hmim]__[Tf2N]__R1233zd(E)__323.16__0.012,R1233ZD(E),0.012,0.08091746,0.05600448,0.07270572,0.0910901,0.08168335,0.076480225,0.013169216,0.06448022,0.08103933,0.059077725,0.07115941,0.07053171,0.08102828,0.07256729,0.009102994,0.06056729,0.06525165,0.064746894,0.048581574,0.031769272,0.059597597,0.0539894,0.014115528,0.0419894
[hmim]__[Tf2N]__R1233zd(E)__323.15__0.025,R1233ZD(E),0.024,0.087603934,0.059043255,0.08062174,0.099576786,0.08845495,0.08306013,0.015044154,0.05906013,0.09034906,0.06804104,0.079015516,0.078538686,0.08971371,0.0811316,0.009235501,0.0571316,0.07406701,0.074661925,0.05506769,0.038587663,0.06958736,0.06239433,0.015483234,0.03839433
[hmim]__[Tf2N]__R1233zd(E)__323.15__0.041,R1233ZD(E),0.04,0.09572546,0.06269466,0.09020844,0.110105395,0.096488565,0.0910445,0.01745909,0.0510445,0.101912946,0.079474926,0.08885229,0.08872807,0.100733146,0.09194027,0.009380932,0.05194027,0.085328504,0.087368116,0.063516065,0.047319993,0.082256325,0.0731578,0.017272795,0.033157803
[hmim]__[Tf2N]__R1233zd(E)__323.17__0.06,R1233ZD(E),0.062,0.10515039,0.06702267,0.10099802,0.122506365,0.10514795,0.100165084,0.020297345,0.038165085,0.11579019,0.09374921,0.10098708,0.10075155,0.11438139,0.10513189,0.009553596,0.043131888,0.09994779,0.10272674,0.07334027,0.05788772,0.09718499,0.08621751,0.019683504,0.024217509
[hmim]__[Tf2N]__R1233zd(E)__323.15__0.081,R1233ZD(E),0.084,0.11454969,0.07148717,0.11095697,0.13495684,0.11392941,0.10917602,0.023128675,0.025176018,0.1314544,0.110911295,0.11458357,0.11497331,0.12965032,0.120314576,0.009500619,0.036314577,0.11667365,0.119966894,0.08466079,0.07011232,0.11416148,0.101115026,0.02235835,0.017115027
[hmim]__[Tf2N]__R1233zd(E)__323.15__0.102,R1233ZD(E),0.104,0.122850545,0.07585813,0.120187804,0.14726767,0.12197484,0.1176278,0.025864813,0.013627797,0.14639463,0.12791055,0.12838992,0.12979366,0.1452733,0.1355524,0.009419549,0.031552404,0.13238245,0.13592982,0.09627361,0.08262902,0.13307253,0.11605749,0.024798136,0.012057491
[hmim]__[Tf2N]__R1233zd(E)__333.16__0.014,R1233ZD(E),0.011,0.07507901,0.052044287,0.065463595,0.08152532,0.075683534,0.06995915,0.011553247,0.05895915,0.07271251,0.050119277,0.06523108,0.063875586,0.07141648,0.064670995,0.008984243,0.053670995,0.059067927,0.055701062,0.04258257,0.022630263,0.050985374,0.04619344,0.014554824,0.03519344
[hmim]__[Tf2N]__R1233zd(E)__333.17__0.029,R1233ZD(E),0.022,0.08172193,0.054938965,0.07422371,0.09101705,0.0820985,0.07680003,0.013591967,0.054800034,0.08284348,0.06007982,0.07359626,0.071998805,0.0807926,0.073862195,0.008974837,0.051862195,0.06830837,0.066555545,0.049405817,0.029976232,0.06183186,0.05521556,0.01592615,0.03321556
[hmim]__[Tf2N]__R1233zd(E)__333.16__0.047,R1233ZD(E),0.037,0.089537986,0.058552552,0.08410144,0.102384456,0.089169785,0.084749244,0.01612576,0.047749244,0.09505256,0.072099164,0.08377948,0.082065575,0.09212813,0.08502498,0.009060811,0.048024982,0.080209926,0.07984576,0.058130197,0.03891018,0.07530648,0.0664805,0.017852698,0.029480502
[hmim]__[Tf2N]__R1233zd(E)__333.17__0.068,R1233ZD(E),0.058,0.098317735,0.061905414,0.09481333,0.11366406,0.09750967,0.093242034,0.019009782,0.035242036,0.10886871,0.08621211,0.09538648,0.09402394,0.10592262,0.098082766,0.009252787,0.040082768,0.09490155,0.09581767,0.0687521,0.04991144,0.09040822,0.0799582,0.020077437,0.021958202
[hmim]__[Tf2N]__R1233zd(E)__333.16__0.092,R1233ZD(E),0.079,0.10643384,0.065543324,0.104636565,0.12606099,0.10622199,0.10177934,0.022091925,0.022779338,0.12405509,0.10279609,0.108017884,0.10827701,0.12189075,0.11300735,0.009387598,0.034007348,0.1110235,0.11375129,0.08047151,0.062751606,0.107594185,0.09511842,0.02246076,0.016118415
[hmim]__[Tf2N]__R1233zd(E)__333.18__0.115,R1233ZD(E),0.098,0.11380682,0.06907387,0.1129274,0.13758722,0.112814605,0.109241985,0.024819918,0.011241987,0.13554442,0.11847508,0.12004439,0.122394666,0.1364412,0.12657996,0.008710985,0.028579958,0.12502943,0.12937349,0.09091935,0.07543549,0.123866625,0.10892488,0.024220323,0.010924883
[hmim]__[Tf2N]__R1233zd(E)__343.16__0.017,R1233ZD(E),0.01,0.068945594,0.04799106,0.05707124,0.071993105,0.06876153,0.0629525,0.010122109,0.052952506,0.06358297,0.042073876,0.0581806,0.056174904,0.060865887,0.05617565,0.008362814,0.04617565,0.052029036,0.046624135,0.03720782,0.013848893,0.04250984,0.038443945,0.014785519,0.028443946
[hmim]__[Tf2N]__R1233zd(E)__343.16__0.033,R1233ZD(E),0.02,0.075203575,0.050747294,0.06590307,0.0810277,0.07528659,0.06963365,0.011868192,0.04963365,0.073411494,0.051502142,0.066842586,0.064344995,0.07048137,0.06531651,0.008460408,0.045316514,0.06141764,0.057697937,0.044224046,0.021591313,0.053362995,0.047658782,0.015921207,0.027658783
[hmim]__[Tf2N]__R1233zd(E)__343.16__0.053,R1233ZD(E),0.034,0.082993254,0.054177374,0.07618101,0.093012825,0.08243309,0.07775952,0.014495748,0.043759517,0.08612359,0.06385216,0.07739508,0.07475622,0.08272939,0.07697129,0.008574936,0.04297129,0.07361628,0.07175446,0.053085405,0.031497344,0.06704174,0.059399046,0.017546821,0.025399044
[hmim]__[Tf2N]__R1233zd(E)__343.17__0.078,R1233ZD(E),0.054,0.091660745,0.05729438,0.08756304,0.105336905,0.09061817,0.08649464,0.017695477,0.032494638,0.10091315,0.07952602,0.089125715,0.08749187,0.09774311,0.09095998,0.008532353,0.03695998,0.089185745,0.08918298,0.064415656,0.044023503,0.08383286,0.07412815,0.019673478,0.02012815
[hmim]__[Tf2N]__R1233zd(E)__343.17__0.104,R1233ZD(E),0.074,0.09912387,0.060032886,0.09658964,0.117684856,0.09752509,0.09419127,0.020975824,0.020191267,0.1139741,0.09508075,0.10130845,0.10173985,0.113064304,0.105033495,0.008188552,0.031033494,0.10510545,0.10644149,0.07595876,0.057140026,0.100400075,0.08900915,0.021671897,0.01500915
[hmim]__[Tf2N]__R1233zd(E)__343.15__0.13,R1233ZD(E),0.092,0.10684687,0.06335037,0.104380175,0.12825231,0.1036318,0.10129231,0.023517514,0.009292312,0.124648586,0.10955067,0.11312683,0.11476707,0.12729633,0.1178779,0.0076834513,0.0258779,0.11899598,0.12289615,0.08588901,0.0702997,0.11626458,0.10286908,0.023397047,0.010869078
[omim]__[BF4]__R1234yf__283.15__0.0548,R1234YF,0.0292,0.053487796,0.029469797,0.030400682,0.04968512,0.041799914,0.040968664,0.010923626,0.011768663,0.042581804,0.04223,0.030453969,0.05277084,0.096738294,0.052954983,0.02571933,0.023754982,0.110201225,0.08961063,0.049383372,0.057100046,0.08949541,0.07915814,0.025263034,0.04995814
[omim]__[BF4]__R1234yf__283.15__0.1023,R1234YF,0.0541,0.06491056,0.038483053,0.046809062,0.06577501,0.05631148,0.054457832,0.011773606,0.00035783276,0.07027687,0.06859503,0.045640722,0.07902911,0.15381348,0.083471045,0.041213784,0.029371046,0.16797705,0.14727505,0.07404513,0.08103717,0.14336616,0.122740105,0.042379577,0.068640105
[omim]__[BF4]__R1234yf__283.15__0.1492,R1234YF,0.0781,0.07375583,0.04695014,0.06099452,0.08454706,0.07069073,0.067387655,0.014181619,0.010712348,0.09767011,0.095603965,0.06100422,0.10811618,0.21557313,0.11559353,0.05863586,0.037493527,0.23746489,0.21312381,0.10131468,0.106530145,0.20507434,0.17270157,0.06393549,0.094601564
[omim]__[BF4]__R1234yf__283.15__0.1929,R1234YF,0.1018,0.08141232,0.05504913,0.07219836,0.10452513,0.08303893,0.07924478,0.01798104,0.022555225,0.12597875,0.12322515,0.076049715,0.14153074,0.27752858,0.14886259,0.0759792,0.047062583,0.30691314,0.27941063,0.12961884,0.13534294,0.2642604,0.2231092,0.0841572,0.1213092
[omim]__[BF4]__R1234yf__283.15__0.2337,R1234YF,0.1292,0.08947958,0.06077133,0.083668366,0.12734553,0.09346393,0.09094575,0.023962945,0.038254246,0.1529122,0.15465403,0.090176046,0.17825131,0.33288196,0.18177512,0.09056035,0.052575126,0.36584848,0.3437354,0.15906006,0.16301402,0.3221321,0.270758,0.10135629,0.141558
[omim]__[BF4]__R1234yf__283.15__0.2759,R1234YF,0.1552,0.098574966,0.06645521,0.09471177,0.15300189,0.10461356,0.10347148,0.03132682,0.051728524,0.18451089,0.1935781,0.10769874,0.22430721,0.3874275,0.2195045,0.10322119,0.0643045,0.41941065,0.40421838,0.19246146,0.19113049,0.38219386,0.31788296,0.115860164,0.16268295
[omim]__[BF4]__R1234yf__283.15__0.3145,R1234YF,0.1847,0.106968485,0.07245009,0.10440569,0.17862509,0.11471513,0.1154329,0.03884114,0.069267094,0.21576524,0.23573817,0.12790912,0.26995882,0.43640608,0.25715548,0.11310524,0.07245548,0.46385747,0.45235276,0.22461846,0.21662608,0.42881045,0.35725304,0.12539616,0.17255305
[omim]__[BF4]__R1234yf__293.15__0.0576,R1234YF,0.0264,0.05856482,0.02910309,0.037779395,0.04610715,0.039166413,0.042144172,0.010992396,0.015744172,0.036573082,0.044504203,0.029638514,0.048204564,0.07826434,0.04743694,0.01867034,0.021036942,0.08224541,0.06541129,0.04327526,0.040519167,0.070467584,0.060383745,0.017973552,0.033983745
[omim]__[BF4]__R1234yf__293.15__0.108,R1234YF,0.0474,0.06594831,0.035559148,0.049874924,0.05857243,0.052692905,0.052529544,0.011309816,0.005129542,0.050553508,0.06314327,0.041340735,0.06664067,0.11740479,0.06781659,0.029500835,0.020416591,0.11866057,0.10010274,0.060749568,0.058983102,0.102747895,0.088248774,0.02687147,0.040848773
[omim]__[BF4]__R1234yf__293.15__0.1576,R1234YF,0.0683,0.0707671,0.04149194,0.058137506,0.071393594,0.063072026,0.06097243,0.012211375,0.0073275715,0.06835433,0.07806782,0.05176552,0.083255276,0.15868755,0.08802609,0.041281886,0.01972609,0.16641793,0.14289717,0.0783997,0.078040995,0.14059693,0.12127054,0.040577732,0.052970536
[omim]__[BF4]__R1234yf__293.15__0.2047,R1234YF,0.0877,0.07631841,0.045986395,0.066247806,0.08373695,0.07242252,0.06894241,0.014314629,0.01875759,0.088593416,0.09408429,0.05953357,0.10313834,0.20501272,0.11007247,0.055526763,0.02237247,0.22517623,0.19781788,0.09733876,0.09695735,0.18695016,0.16084807,0.059794765,0.073148064
[omim]__[BF4]__R1234yf__293.15__0.2497,R1234YF,0.1075,0.082402095,0.048998103,0.07416051,0.09722002,0.082584724,0.0770731,0.017757837,0.030426905,0.109177604,0.112750545,0.06768931,0.12723632,0.2564829,0.13466734,0.071607225,0.027167335,0.28205764,0.2564302,0.118668616,0.11606818,0.24008034,0.202661,0.07929092,0.09516099
[omim]__[BF4]__R1234yf__293.15__0.2958,R1234YF,0.1279,0.08865161,0.05136557,0.082938015,0.113912806,0.09131819,0.085637234,0.022487221,0.04226277,0.12979883,0.13880385,0.07915453,0.15752643,0.3079822,0.16265316,0.08626562,0.03475316,0.33392388,0.31345588,0.14312631,0.13962951,0.2954496,0.24511704,0.0956817,0.117217034
[omim]__[BF4]__R1234yf__293.15__0.3393,R1234YF,0.149,0.09507719,0.053119123,0.09074929,0.13367198,0.09889409,0.09430234,0.028637106,0.054697663,0.15085986,0.1699994,0.09406136,0.19246806,0.35590416,0.19265857,0.09827403,0.04365857,0.38007873,0.36204946,0.16942246,0.16162437,0.3405776,0.28275052,0.10795817,0.13375051
[omim]__[BF4]__R1234yf__303.15__0.0608,R1234YF,0.0223,0.058877308,0.029248968,0.043065257,0.0434729,0.03705488,0.042343862,0.010892653,0.020043863,0.03358129,0.045656223,0.030715734,0.04671476,0.07318092,0.045969784,0.016787348,0.023669785,0.068758264,0.056403082,0.03947737,0.031906456,0.061342914,0.05157762,0.015388236,0.02927762
[omim]__[BF4]__R1234yf__303.15__0.1143,R1234YF,0.039,0.064557336,0.03357298,0.051881675,0.053556554,0.048764132,0.050466537,0.011162346,0.011466537,0.04403027,0.059520684,0.039644048,0.060154077,0.09733673,0.060137164,0.022713367,0.021137163,0.09320451,0.0733916,0.052075896,0.045823686,0.07971076,0.06884129,0.019642465,0.029841293
[omim]__[BF4]__R1234yf__303.15__0.1671,R1234YF,0.0556,0.068642765,0.03662409,0.056997854,0.06283559,0.0574824,0.05651654,0.012081493,0.0009165406,0.053350598,0.0678025,0.0440597,0.06943084,0.12264691,0.071458116,0.03048082,0.015858117,0.12415071,0.09670991,0.06470938,0.060440827,0.10325858,0.08985388,0.02692739,0.034253884
[omim]__[BF4]__R1234yf__303.15__0.2171,R1234YF,0.0717,0.072328836,0.03844864,0.06237039,0.07057158,0.06507634,0.061759155,0.013639414,0.009940844,0.066818826,0.07678551,0.04770166,0.07974753,0.15303478,0.08481766,0.040141474,0.013117664,0.1615031,0.13448246,0.077819504,0.073976375,0.13380791,0.11631787,0.03857618,0.04461787
[omim]__[BF4]__R1234yf__303.15__0.2652,R1234YF,0.0882,0.07628281,0.040011197,0.06727056,0.078439094,0.07177575,0.066755876,0.015556364,0.021444127,0.080508575,0.08855994,0.051074672,0.095238075,0.19079243,0.101234734,0.052827064,0.013034731,0.20613742,0.18184155,0.09323949,0.085999854,0.17456025,0.14835571,0.054938044,0.060155705
[omim]__[BF4]__R1234yf__303.15__0.3149,R1234YF,0.1041,0.08061322,0.0404226,0.07326673,0.088080145,0.07903375,0.07228329,0.018577997,0.031816706,0.09478633,0.10432075,0.05732224,0.1163573,0.23722573,0.12200247,0.068090305,0.017902471,0.25631553,0.23085912,0.10980844,0.100715615,0.21975654,0.18349105,0.072703555,0.079391055
[omim]__[BF4]__R1234yf__303.15__0.3617,R1234YF,0.1203,0.08495012,0.040779367,0.07949081,0.1001654,0.085900515,0.07825725,0.022300754,0.042042755,0.10853833,0.12400472,0.06768021,0.14056064,0.2810919,0.14437516,0.08106689,0.024075158,0.29912585,0.27289867,0.12705703,0.11831587,0.25748092,0.21497567,0.08560933,0.09467567
[omim]__[BF4]__R1234yf__313.15__0.0637,R1234YF,0.0193,0.05698287,0.028127544,0.044057827,0.040545095,0.033995718,0.04074181,0.010948016,0.021441808,0.031341042,0.04396539,0.031122126,0.043552235,0.06826806,0.04364977,0.01512131,0.02434977,0.061462075,0.049206704,0.038326003,0.024108913,0.051857308,0.0449922,0.0142889675,0.0256922
[omim]__[BF4]__R1234yf__313.15__0.12,R1234YF,0.0329,0.061578445,0.029500712,0.050969914,0.048709027,0.04388888,0.046929397,0.011694991,0.014029395,0.039365333,0.05534468,0.03772886,0.053495914,0.08462244,0.054111443,0.018832536,0.021211442,0.07651968,0.060574494,0.04814689,0.037402406,0.065175444,0.05756378,0.0151780015,0.02466378
[omim]__[BF4]__R1234yf__313.15__0.1754,R1234YF,0.0472,0.06508939,0.030875618,0.053629234,0.055056386,0.05179029,0.051288188,0.012520763,0.0040881857,0.045554012,0.06134203,0.039857026,0.058782034,0.10072528,0.06125208,0.023813969,0.014052078,0.09847747,0.07277011,0.05723265,0.048784163,0.080544144,0.07156171,0.019562343,0.024361707
[omim]__[BF4]__R1234yf__313.15__0.2283,R1234YF,0.0607,0.0683015,0.031772785,0.057452373,0.06052663,0.057928123,0.055196278,0.013796489,0.0055037215,0.055306826,0.06696006,0.040372822,0.06527353,0.12079799,0.06974225,0.030435767,0.009042248,0.12394185,0.095725976,0.06762072,0.058017068,0.10324679,0.08971049,0.026849743,0.02901049
[omim]__[BF4]__R1234yf__313.15__0.2793,R1234YF,0.0741,0.071180515,0.031719882,0.06080632,0.0655789,0.06305442,0.058468007,0.01544456,0.015631996,0.065322444,0.073933244,0.042152043,0.07504836,0.14398828,0.08008887,0.038090955,0.005988866,0.155074,0.12901185,0.07847816,0.066726536,0.13222031,0.11230217,0.037837077,0.038202167
[omim]__[BF4]__R1234yf__313.15__0.3319,R1234YF,0.0879,0.073698744,0.031398278,0.06450184,0.072188444,0.06833834,0.06202513,0.017489718,0.025874868,0.07539214,0.08273656,0.045570325,0.08955361,0.17537966,0.09372646,0.0486328,0.005826466,0.19111043,0.16659142,0.09149798,0.07705386,0.16470549,0.13819185,0.050566927,0.05029185
[omim]__[BF4]__R1234yf__313.15__0.3823,R1234YF,0.1017,0.0763887,0.030605976,0.0686633,0.07962419,0.07318197,0.06569283,0.020027997,0.036007173,0.08564043,0.094861865,0.051485464,0.10643408,0.21403173,0.1104907,0.061401576,0.008790702,0.22609173,0.19969748,0.103664845,0.089216724,0.19273075,0.16228029,0.061589833,0.06058029
[omim]__[BF4]__R1234yf__323.15__0.0668,R1234YF,0.016,0.054653443,0.024770513,0.042477753,0.036996834,0.03153819,0.038087346,0.011348237,0.022087345,0.0284001,0.039385088,0.030745007,0.039490223,0.06032478,0.039669044,0.012583716,0.023669044,0.054828517,0.041887168,0.035792097,0.015685279,0.04400529,0.03843967,0.014458801,0.022439668
[omim]__[BF4]__R1234yf__323.15__0.1256,R1234YF,0.0276,0.058567293,0.024596144,0.048161186,0.04459056,0.039431717,0.04306938,0.012479171,0.015469382,0.035266053,0.049818948,0.035894092,0.048101004,0.07448374,0.048712768,0.015897118,0.021112768,0.06592075,0.050852306,0.04492018,0.028046563,0.05407031,0.04876202,0.013882174,0.02116202
[omim]__[BF4]__R1234yf__323.15__0.1838,R1234YF,0.0395,0.06194071,0.025046268,0.049978357,0.049534917,0.045680553,0.04643616,0.01342236,0.006936159,0.040039074,0.05476592,0.036697984,0.050991446,0.08674354,0.053847592,0.019848984,0.0143475905,0.08030218,0.05979076,0.052470177,0.039781794,0.065145,0.059497982,0.0150242075,0.01999798
[omim]__[BF4]__R1234yf__323.15__0.2393,R1234YF,0.0509,0.06449265,0.0253929,0.052593812,0.053808637,0.05107297,0.04947219,0.014461486,0.0014278106,0.047238115,0.05947324,0.036288086,0.055381685,0.10111603,0.05989943,0.024684025,0.00899943,0.10120387,0.07509899,0.061379932,0.04771339,0.08293417,0.07366607,0.020437539,0.022766072
[omim]__[BF4]__R1234yf__323.15__0.2928,R1234YF,0.0625,0.06688014,0.025233671,0.055428263,0.057063498,0.055579014,0.05203692,0.015716625,0.010463081,0.055208474,0.064681605,0.036248185,0.062261507,0.11678759,0.06703748,0.029963894,0.004537478,0.12449572,0.098240644,0.070516646,0.054206807,0.10508262,0.09050849,0.0280393,0.02800849
[omim]__[BF4]__R1234yf__323.15__0.3483,R1234YF,0.0742,0.068592176,0.024557984,0.05788677,0.06217759,0.05990085,0.054623075,0.017281659,0.019576922,0.06341392,0.07056565,0.038296923,0.073454775,0.13767512,0.07668128,0.036801636,0.0024812818,0.1499547,0.12512378,0.081127845,0.062441528,0.12863034,0.10945563,0.036284037,0.035255633
[omim]__[BF4]__R1234yf__323.15__0.4014,R1234YF,0.0859,0.070125476,0.023380307,0.060500935,0.0676914,0.064041406,0.05714791,0.019226262,0.028752092,0.070964485,0.0779295,0.041996982,0.08577421,0.16132668,0.08759837,0.044409603,0.0016983673,0.17456776,0.14709759,0.09079808,0.07234654,0.14912386,0.12678677,0.0431666,0.040886767
[omim]__[BF4]__R1234yf__333.15__0.0697,R1234YF,0.0134,0.052080933,0.021098137,0.03997414,0.034742426,0.030061562,0.03559144,0.01153763,0.022191439,0.025421515,0.034690637,0.029233888,0.03498833,0.052872133,0.0354413,0.010530083,0.022041302,0.04800025,0.036470037,0.032509632,0.00855555,0.03788533,0.03268416,0.014647422,0.019284159
[omim]__[BF4]__R1234yf__333.15__0.131,R1234YF,0.0235,0.05595634,0.020501649,0.04499333,0.041858677,0.036173105,0.03989662,0.01301701,0.01639662,0.0318994,0.04508853,0.03366578,0.043167625,0.06544731,0.04385373,0.013369541,0.02035373,0.058164787,0.0445202,0.041806456,0.020921776,0.045903195,0.042263284,0.013480254,0.018763285
[omim]__[BF4]__R1234yf__333.15__0.1916,R1234YF,0.034,0.059087202,0.020324206,0.046321888,0.045924995,0.040918365,0.04251533,0.014104422,0.008515328,0.035495676,0.049112495,0.034073725,0.044934798,0.07600223,0.047923785,0.016919134,0.013923783,0.06702581,0.050516516,0.048488483,0.031749405,0.05405537,0.050367117,0.012661814,0.016367115
[omim]__[BF4]__R1234yf__333.15__0.2496,R1234YF,0.0439,0.061756767,0.019870974,0.048143025,0.04895628,0.045143686,0.044774145,0.015309748,0.0008741431,0.04069168,0.052961424,0.03338103,0.047387328,0.08818694,0.052521683,0.021241935,0.0086216815,0.08343341,0.06349324,0.056156933,0.039545614,0.06710597,0.06194703,0.016015762,0.018047027
[omim]__[BF4]__R1234yf__333.15__0.3056,R1234YF,0.054,0.06397435,0.019250372,0.05049368,0.051329393,0.048876535,0.046784867,0.016525812,0.007215135,0.0470104,0.057397105,0.03302241,0.05283785,0.09977021,0.058007598,0.025081929,0.0040075965,0.101563364,0.08020999,0.06454301,0.045297347,0.08482415,0.07528757,0.021333383,0.021287572
[omim]__[BF4]__R1234yf__333.15__0.3639,R1234YF,0.0641,0.06553134,0.018999476,0.052323528,0.055039853,0.052720193,0.048922878,0.017568812,0.0151771195,0.054918792,0.061802223,0.034178592,0.060738966,0.113920316,0.06511178,0.029466536,0.0010117814,0.120293744,0.09960496,0.07457343,0.052915998,0.101333104,0.08974425,0.026226327,0.02564425
[omim]__[BF4]__R1234yf__333.15__0.4196,R1234YF,0.0743,0.06646506,0.01847339,0.05453505,0.05995789,0.056348905,0.051156055,0.018830677,0.023143943,0.061369445,0.066965275,0.036760926,0.07065046,0.13172364,0.07349394,0.035134472,0.00080605596,0.13913497,0.11490765,0.08301367,0.06051315,0.11718662,0.102951206,0.03103773,0.028651208
[omim]__[BF4]__R1234yf__343.15__0.0725,R1234YF,0.0108,0.04973773,0.018962955,0.037567325,0.033349656,0.028168194,0.03355717,0.011401393,0.022757169,0.022837523,0.030709868,0.02730842,0.030916065,0.046294414,0.031613257,0.0088371895,0.020813257,0.042437974,0.032023255,0.029186316,0.0030870847,0.033245366,0.027996,0.014783573,0.017196
[omim]__[BF4]__R1234yf__343.15__0.1361,R1234YF,0.0201,0.053350866,0.018319765,0.042152006,0.039827537,0.033220544,0.037374146,0.012888216,0.017274147,0.02937983,0.041026313,0.031366516,0.03914525,0.058484435,0.039880466,0.011518592,0.019780466,0.052271675,0.040793184,0.038836792,0.014744163,0.04058412,0.037445985,0.013767351,0.017345985
[omim]__[BF4]__R1234yf__343.15__0.1993,R1234YF,0.0291,0.056587905,0.017620487,0.043259207,0.04327812,0.03659974,0.03946909,0.014208467,0.0103690885,0.032283463,0.044826437,0.03177801,0.04052204,0.067027055,0.043287404,0.014380018,0.014187403,0.058420822,0.044973683,0.04512072,0.025321562,0.047410365,0.04424943,0.011941186,0.015149429
[omim]__[BF4]__R1234yf__343.15__0.2598,R1234YF,0.0375,0.059107106,0.01665278,0.04454338,0.045562476,0.04015687,0.041204523,0.015447718,0.0037045218,0.035730794,0.048166476,0.03080722,0.041577432,0.07755036,0.046766452,0.018391695,0.009266451,0.07091708,0.0555965,0.052342378,0.03245522,0.057429355,0.05374811,0.013848328,0.016248107
[omim]__[BF4]__R1234yf__343.15__0.3185,R1234YF,0.0458,0.061038073,0.015564833,0.04578141,0.04747433,0.04322932,0.042617597,0.016621806,0.0031824037,0.040836044,0.052078217,0.030166365,0.045529567,0.087221906,0.051166415,0.021681342,0.005366415,0.08518747,0.06986197,0.060121153,0.038242504,0.070672266,0.06481707,0.01734176,0.01901707
[omim]__[BF4]__R1234yf__343.15__0.3793,R1234YF,0.0546,0.06275079,0.014551595,0.047564115,0.05065689,0.04633248,0.044371173,0.01789252,0.010228828,0.046806697,0.055472426,0.031004112,0.051737513,0.09818135,0.056640424,0.02502486,0.0020404235,0.099707104,0.08292869,0.06885264,0.04462599,0.0835081,0.0759245,0.020626377,0.0213245
[omim]__[BF4]__R1234yf__343.15__0.4379,R1234YF,0.0628,0.06364064,0.013848521,0.049577408,0.054931156,0.049513787,0.0463023,0.01903525,0.016497698,0.053046174,0.058780357,0.033077125,0.058984134,0.11175373,0.06312831,0.02917719,0.00032830983,0.11483756,0.094712436,0.07731796,0.05175075,0.09564311,0.08685236,0.023692073,0.02405236
[omim]__[BF4]__R1234ze(E)__283.15__0.045,R1234ZE(E),0.0595,0.058756907,0.04182007,0.044169933,0.10003397,0.055744696,0.060105115,0.023470284,0.0006051138,0.11020718,0.08884658,0.09366781,0.1003113,0.11881758,0.1023701,0.012194195,0.042870097,0.11210778,0.105923,0.085303515,0.09755765,0.11987724,0.104153834,0.013346019,0.044653833
[omim]__[BF4]__R1234ze(E)__283.15__0.082,R1234ZE(E),0.1144,0.07312241,0.05357071,0.0640068,0.13467064,0.071695074,0.07941313,0.03185012,0.03498687,0.1553584,0.1345045,0.13282052,0.14584665,0.1687723,0.14746048,0.0150113385,0.033060476,0.16502681,0.16784346,0.13050188,0.13276449,0.18519962,0.15626726,0.023791041,0.041867256
[omim]__[BF4]__R1234ze(E)__283.15__0.117,R1234ZE(E),0.1692,0.08393566,0.063595325,0.07975995,0.17212997,0.08700782,0.09728575,0.04280104,0.071914256,0.20755106,0.18500169,0.17509909,0.19898213,0.22375306,0.1980774,0.019031458,0.028877392,0.22490306,0.2357194,0.18480685,0.17314273,0.26034823,0.21578404,0.036209147,0.04658404
[omim]__[BF4]__R1234ze(E)__283.15__0.15,R1234ZE(E),0.2204,0.09305138,0.07307565,0.09410228,0.21359707,0.10176273,0.11511781,0.05606391,0.105282195,0.26333603,0.23829967,0.2199847,0.25758114,0.2777855,0.25139743,0.022557763,0.030997425,0.2853375,0.3021081,0.24283302,0.21804604,0.33561972,0.2767889,0.046847977,0.056388885
[omim]__[BF4]__R1234ze(E)__283.15__0.181,R1234ZE(E),0.2689,0.10269641,0.08201271,0.107617825,0.25699088,0.11399622,0.1326628,0.07052762,0.1362372,0.31717098,0.28814983,0.26668566,0.31423882,0.32948315,0.3031457,0.025335928,0.0342457,0.34226865,0.36104512,0.29895267,0.26197016,0.40226713,0.33330074,0.05448481,0.06440073
[omim]__[BF4]__R1234ze(E)__283.15__0.211,R1234ZE(E),0.3176,0.11215859,0.09122191,0.11958758,0.3015082,0.12561539,0.15001833,0.08567539,0.16758168,0.36858767,0.33741003,0.31550306,0.3674827,0.3780691,0.35341054,0.026121873,0.03581053,0.39313006,0.41365653,0.35259643,0.3048444,0.4607791,0.3850013,0.059381556,0.06740129
[omim]__[BF4]__R1234ze(E)__283.15__0.236,R1234ZE(E),0.3614,0.120593004,0.09910051,0.12914723,0.33708715,0.13535169,0.1642559,0.09758379,0.1971441,0.4094643,0.37794238,0.3561573,0.41122553,0.4162379,0.39420548,0.026077256,0.032805473,0.43295884,0.45324367,0.39483216,0.3406502,0.5054426,0.42542553,0.061959956,0.06402552
[omim]__[BF4]__R1234ze(E)__293.15__0.049,R1234ZE(E),0.0529,0.06435522,0.041189563,0.05001505,0.08823445,0.05547245,0.059853338,0.017958807,0.0069533363,0.09367542,0.07387265,0.07249349,0.083987385,0.09319839,0.08344547,0.010144576,0.030545466,0.082389094,0.07678355,0.06572994,0.06659801,0.090409935,0.076382115,0.01051454,0.023482114
[omim]__[BF4]__R1234ze(E)__293.15__0.091,R1234ZE(E),0.0984,0.07559276,0.049841806,0.065136954,0.11774556,0.06906239,0.075475894,0.025455216,0.022924103,0.12791105,0.11041348,0.101296864,0.11768599,0.13294724,0.11805093,0.012828527,0.019650936,0.12289238,0.12191322,0.09406213,0.09666915,0.1399388,0.11509514,0.019406155,0.016695142
[omim]__[BF4]__R1234ze(E)__293.15__0.133,R1234ZE(E),0.1406,0.08357374,0.057718534,0.07879901,0.14519097,0.08134703,0.08932586,0.032891855,0.051274136,0.16734657,0.15047063,0.13895616,0.1621749,0.17857789,0.15950523,0.015299249,0.018905237,0.17099711,0.17898667,0.136498,0.13070594,0.20584163,0.16460589,0.03117411,0.02400589
[omim]__[BF4]__R1234ze(E)__293.15__0.173,R1234ZE(E),0.183,0.09116927,0.06441507,0.090197064,0.17560828,0.09187873,0.10265368,0.04239022,0.080346316,0.21507609,0.19517009,0.1790421,0.21148945,0.22681904,0.20551935,0.018633317,0.02251935,0.22550993,0.2389118,0.18922427,0.16789907,0.27264208,0.21883743,0.041273776,0.035837427
[omim]__[BF4]__R1234ze(E)__293.15__0.211,R1234ZE(E),0.223,0.098244965,0.07015413,0.101333074,0.21388632,0.10251242,0.11722618,0.055651445,0.10577382,0.26629576,0.24410789,0.22228667,0.26422727,0.27744374,0.25487226,0.021824164,0.031872258,0.28239596,0.29569274,0.24258733,0.20987642,0.33795947,0.27370238,0.049320452,0.05070238
[omim]__[BF4]__R1234ze(E)__293.15__0.248,R1234ZE(E),0.265,0.10529127,0.07446751,0.11127262,0.25619298,0.11295838,0.13203655,0.0711327,0.13296343,0.31702802,0.292139,0.26983693,0.3184986,0.3263714,0.3047748,0.023373146,0.039774805,0.33667517,0.3500036,0.2977682,0.25617802,0.39921308,0.3279676,0.05409037,0.06296763
[omim]__[BF4]__R1234ze(E)__293.15__0.281,R1234ZE(E),0.3032,0.112345174,0.07796022,0.11981015,0.29321867,0.12194738,0.14505632,0.08469856,0.15814368,0.36008978,0.3354839,0.3153479,0.36894917,0.36892465,0.34975907,0.023612555,0.046559066,0.38018185,0.39214015,0.34736946,0.29926613,0.44848716,0.37348896,0.05524638,0.070288956
[omim]__[BF4]__R1234ze(E)__303.15__0.053,R1234ZE(E),0.045,0.066644415,0.042291522,0.055374112,0.083914176,0.051873825,0.060019612,0.015945673,0.0150196105,0.08786681,0.06835734,0.064776495,0.07957408,0.08551552,0.07721805,0.010260355,0.032218046,0.07591449,0.069792114,0.05941944,0.052253135,0.08029433,0.0675347,0.011592117,0.022534698
[omim]__[BF4]__R1234ze(E)__303.15__0.101,R1234ZE(E),0.0805,0.07445272,0.04809786,0.067667514,0.10503657,0.0643713,0.071925186,0.020890683,0.008574814,0.11555745,0.09708378,0.0898753,0.10815604,0.11445379,0.10502527,0.011205069,0.02452527,0.1015193,0.09992047,0.08103259,0.07697522,0.11721295,0.09533211,0.016428309,0.014832109
[omim]__[BF4]__R1234ze(E)__303.15__0.148,R1234ZE(E),0.1153,0.08171253,0.05218544,0.07548928,0.12475744,0.07368048,0.08156504,0.026588753,0.033734962,0.14283994,0.124858394,0.113047086,0.13615987,0.14556241,0.13249354,0.013488377,0.01719354,0.13488646,0.13893029,0.10881814,0.10407308,0.16338454,0.1300185,0.024181757,0.014718503
[omim]__[BF4]__R1234ze(E)__303.15__0.194,R1234ZE(E),0.1502,0.087858625,0.05623787,0.083865464,0.14791843,0.081405215,0.09145712,0.033911277,0.058742873,0.17530107,0.15747222,0.14136663,0.16939314,0.18336606,0.16537982,0.01641041,0.015179828,0.17785749,0.18148586,0.14426683,0.13081208,0.21549058,0.16998258,0.033395156,0.019782588
[omim]__[BF4]__R1234ze(E)__303.15__0.237,R1234ZE(E),0.1835,0.09335129,0.059686236,0.09115033,0.173474,0.089539774,0.101440325,0.04255935,0.08205968,0.21412167,0.19708629,0.17637086,0.21148707,0.22526439,0.20486605,0.018828815,0.021366045,0.2229664,0.22972097,0.19065633,0.16306004,0.26980135,0.21524103,0.04053838,0.031741023
[omim]__[BF4]__R1234ze(E)__303.15__0.28,R1234ZE(E),0.2189,0.09849234,0.06192581,0.099190295,0.20546992,0.09906924,0.11282952,0.054208763,0.106070474,0.2581749,0.2409172,0.21787716,0.26120552,0.27113563,0.2498621,0.020936728,0.03096211,0.2706042,0.27783376,0.24391451,0.20327938,0.32693666,0.26451367,0.045511298,0.045613676
[omim]__[BF4]__R1234ze(E)__303.15__0.32,R1234ZE(E),0.2513,0.103300124,0.06354635,0.106973864,0.24057932,0.107048586,0.12428965,0.06754755,0.12701036,0.29791105,0.28230828,0.2597167,0.312177,0.31316724,0.29305604,0.022475928,0.041756034,0.31443453,0.32120442,0.29359218,0.24827516,0.37506303,0.31051388,0.04597895,0.059213877
[omim]__[BF4]__R1234ze(E)__313.15__0.058,R1234ZE(E),0.0368,0.06555085,0.040558968,0.056287806,0.080842316,0.048197262,0.05828744,0.015665157,0.02148744,0.08216816,0.06474827,0.062493693,0.07410678,0.080816545,0.07286669,0.009010593,0.036066692,0.07227767,0.06455115,0.05529835,0.04442898,0.075227566,0.06235674,0.012650334,0.02555674
[omim]__[BF4]__R1234ze(E)__313.15__0.11,R1234ZE(E),0.0658,0.071599096,0.044535805,0.06567132,0.09510948,0.058231093,0.06702935,0.018672101,0.0012293458,0.10407516,0.08684196,0.08207169,0.096962124,0.101929955,0.094376184,0.0095653245,0.02857618,0.091584004,0.08607536,0.07331137,0.0661968,0.10350886,0.08413528,0.014777763,0.018335275
[omim]__[BF4]__R1234ze(E)__313.15__0.161,R1234ZE(E),0.0948,0.07739262,0.047314283,0.070257396,0.10956222,0.06499899,0.073905095,0.02282153,0.020894907,0.12212549,0.104487985,0.09719369,0.11559112,0.122754194,0.1124305,0.011245054,0.017630495,0.11252917,0.112198755,0.08999744,0.08653821,0.13576443,0.1074056,0.019949567,0.0126056
[omim]__[BF4]__R1234ze(E)__313.15__0.212,R1234ZE(E),0.1236,0.083514124,0.049809176,0.07622918,0.12664558,0.07135665,0.08151094,0.028183138,0.04208906,0.14529443,0.13001204,0.11610709,0.136684,0.15003449,0.1356264,0.013367001,0.012026407,0.14406426,0.14616221,0.11594698,0.10676958,0.17646587,0.13788179,0.027589062,0.014281787
[omim]__[BF4]__R1234ze(E)__313.15__0.26,R1234ZE(E),0.1513,0.087997235,0.051131763,0.08210583,0.14537857,0.077835195,0.08888972,0.034589287,0.06241028,0.1727714,0.16146445,0.13955267,0.16702461,0.18160069,0.16448276,0.015801944,0.013182759,0.17696677,0.17944817,0.1520254,0.12950519,0.21966377,0.17152186,0.033747703,0.02022186
[omim]__[BF4]__R1234ze(E)__313.15__0.309,R1234ZE(E),0.1804,0.09218821,0.05169549,0.087922245,0.16761962,0.08548765,0.09698264,0.04265478,0.083417356,0.20672718,0.19583882,0.17316851,0.2104269,0.2190085,0.20103398,0.017657839,0.02063398,0.21335244,0.21800996,0.19578043,0.16165045,0.26337078,0.2104328,0.036955304,0.030032799
[omim]__[BF4]__R1234ze(E)__313.15__0.354,R1234ZE(E),0.2067,0.095244795,0.0520741,0.093346536,0.19303526,0.09194698,0.105129525,0.052327387,0.10157047,0.23948735,0.22800583,0.2082222,0.25552273,0.25669777,0.23758717,0.02027692,0.030887172,0.25088692,0.25568503,0.23857719,0.19924927,0.302791,0.24943788,0.037163604,0.042737886
[omim]__[BF4]__R1234ze(E)__323.15__0.062,R1234ZE(E),0.0302,0.063330546,0.03713156,0.05451704,0.074908,0.044802777,0.05493798,0.014909771,0.02473798,0.073826015,0.057904527,0.05749933,0.06628497,0.07466542,0.06603606,0.008279625,0.03583606,0.06545073,0.057578098,0.050283924,0.036762625,0.06576933,0.055168938,0.012109328,0.024968937
[omim]__[BF4]__R1234ze(E)__323.15__0.118,R1234ZE(E),0.0544,0.06824491,0.039775603,0.06122235,0.086413875,0.052449994,0.061621346,0.01746461,0.007221345,0.09229835,0.07593424,0.07427253,0.08563733,0.09170346,0.08396919,0.008522943,0.02956919,0.08160913,0.07575846,0.06589952,0.05666742,0.09036402,0.07405971,0.013179437,0.01965971
[omim]__[BF4]__R1234ze(E)__323.15__0.173,R1234ZE(E),0.0784,0.072768435,0.041175485,0.06450544,0.09722087,0.057707023,0.06667545,0.020649074,0.011724554,0.10578014,0.09133085,0.08503631,0.09812069,0.10736793,0.09752718,0.009483148,0.019127183,0.09676218,0.09406014,0.07859859,0.07382883,0.11285174,0.0912203,0.015560102,0.012820296
[omim]__[BF4]__R1234ze(E)__323.15__0.227,R1234ZE(E),0.1025,0.0786749,0.042804245,0.06889343,0.10901204,0.06284291,0.0724455,0.024286559,0.030054502,0.12294406,0.11077663,0.09782091,0.11346725,0.12626007,0.11425378,0.011207368,0.011753783,0.11979321,0.11978089,0.09754999,0.09082169,0.14580119,0.114749394,0.021698643,0.012249395
[omim]__[BF4]__R1234ze(E)__323.15__0.279,R1234ZE(E),0.126,0.0827913,0.043935362,0.07308598,0.12219584,0.06834299,0.0780703,0.028521962,0.047929704,0.14400524,0.1355974,0.11546072,0.13549882,0.1500582,0.13612407,0.0130758835,0.010124072,0.1450791,0.14616206,0.12419143,0.10760539,0.18017387,0.14064237,0.027271627,0.014642373
[omim]__[BF4]__R1234ze(E)__323.15__0.334,R1234ZE(E),0.1498,0.08572618,0.04399665,0.07771934,0.13874061,0.07413561,0.08406367,0.034411173,0.06573633,0.16814214,0.16164784,0.13920537,0.16591735,0.17678545,0.16233964,0.014060794,0.01253964,0.1726408,0.17386094,0.15776724,0.13312018,0.21503425,0.17048469,0.029826798,0.02068469
[omim]__[BF4]__R1234ze(E)__323.15__0.383,R1234ZE(E),0.1722,0.088199064,0.04311174,0.081579246,0.15659027,0.079343274,0.089764714,0.041292295,0.08243528,0.19127104,0.18613315,0.1669846,0.20220207,0.20597534,0.19051324,0.015403421,0.018313244,0.19944888,0.2011892,0.19034824,0.16045487,0.24364181,0.1990166,0.02982643,0.026816607
[omim]__[BF4]__R1234ze(E)__333.15__0.066,R1234ZE(E),0.0246,0.060420547,0.03356138,0.051566273,0.06845575,0.042015977,0.051203985,0.013949737,0.026603986,0.06521044,0.051002964,0.052288745,0.05787043,0.0666631,0.05860714,0.0071901046,0.03400714,0.05807554,0.051316377,0.045620203,0.030101579,0.056643873,0.048351515,0.011320673,0.023751516
[omim]__[BF4]__R1234ze(E)__333.15__0.125,R1234ZE(E),0.0451,0.06526363,0.034680296,0.056496233,0.07930516,0.047786996,0.056706466,0.016946085,0.011606466,0.08133133,0.06616373,0.06702994,0.075136796,0.08250897,0.07443415,0.0076891086,0.029334147,0.07235138,0.06744576,0.059476398,0.048033774,0.07823545,0.06510855,0.011763351,0.020008553
[omim]__[BF4]__R1234ze(E)__333.15__0.184,R1234ZE(E),0.0657,0.0695902,0.03547097,0.058660954,0.08680263,0.05253441,0.060611833,0.019155173,0.005088169,0.0924281,0.079039305,0.0749177,0.085379414,0.09435797,0.085224494,0.008363955,0.019524492,0.08460969,0.08120268,0.07041654,0.06379825,0.095108174,0.07902707,0.012253153,0.01332707
[omim]__[BF4]__R1234ze(E)__333.15__0.242,R1234ZE(E),0.0856,0.07506214,0.035950314,0.06239714,0.095746264,0.055970725,0.065025315,0.022241645,0.020574689,0.10652767,0.0949101,0.08474926,0.09668563,0.10931806,0.098438144,0.009832561,0.01283814,0.10159529,0.101263426,0.087673225,0.07874246,0.11938426,0.097731724,0.01547577,0.012131721
[omim]__[BF4]__R1234ze(E)__333.15__0.298,R1234ZE(E),0.1053,0.07900898,0.036904622,0.066192895,0.104538456,0.06065787,0.069460556,0.024847964,0.035839446,0.12347112,0.115360394,0.09868012,0.1122202,0.12669878,0.11528613,0.010981888,0.009986125,0.121580124,0.1222799,0.108722,0.0930967,0.14761052,0.11865785,0.020074915,0.013357848
[omim]__[BF4]__R1234ze(E)__333.15__0.356,R1234ZE(E),0.1257,0.081398964,0.036836654,0.06952656,0.11719054,0.06556545,0.07410363,0.029122075,0.051596366,0.14191675,0.13509524,0.115698785,0.135423,0.14684467,0.13499568,0.011841267,0.009295687,0.14291015,0.1443275,0.13372503,0.11514833,0.17556255,0.14233471,0.021918127,0.016634718
[omim]__[BF4]__R1234ze(E)__333.15__0.409,R1234ZE(E),0.1447,0.08294435,0.03608437,0.072666645,0.13068488,0.06999632,0.07847531,0.034089725,0.066224694,0.15869609,0.1552627,0.1350932,0.16212535,0.1681312,0.1558617,0.012544892,0.0111617,0.16283755,0.16390939,0.1581431,0.13689974,0.19954124,0.1642662,0.022543915,0.019566193
[omim]__[BF4]__R1234ze(E)__343.15__0.07,R1234ZE(E),0.02,0.057203647,0.030700486,0.048791602,0.06212877,0.039766926,0.047718287,0.012763383,0.027718287,0.05738639,0.04512361,0.047997843,0.050669976,0.05796443,0.051828455,0.005690154,0.031828456,0.051445663,0.0454882,0.041503783,0.023632262,0.048757173,0.042165417,0.011006029,0.022165418
[omim]__[BF4]__R1234ze(E)__343.15__0.132,R1234ZE(E),0.0375,0.062303506,0.03136268,0.05303046,0.0717678,0.04451543,0.052595973,0.01563755,0.0150959715,0.07181739,0.05883363,0.06033734,0.06707061,0.073705174,0.06635283,0.006655038,0.028852828,0.065412015,0.06186191,0.054106846,0.041202657,0.069869995,0.058490682,0.011256694,0.02099068
[omim]__[BF4]__R1234ze(E)__343.15__0.194,R1234ZE(E),0.0545,0.066736415,0.03174626,0.05389522,0.07828342,0.048202813,0.05577283,0.017783655,0.0012728311,0.08130839,0.068839595,0.06741917,0.07603761,0.083639085,0.07544877,0.007244287,0.020948768,0.07557416,0.07325199,0.063621074,0.05547792,0.08281152,0.070147336,0.010691757,0.015647337
[omim]__[BF4]__R1234ze(E)__343.15__0.256,R1234ZE(E),0.0716,0.071715295,0.032036744,0.057110988,0.08404186,0.051229727,0.059226923,0.019871328,0.012373075,0.092050925,0.08134832,0.07455511,0.08484059,0.09661181,0.08588135,0.008705197,0.014281355,0.08858731,0.088468105,0.08069482,0.069396354,0.10013485,0.08545629,0.011346008,0.013856292
[omim]__[BF4]__R1234ze(E)__343.15__0.315,R1234ZE(E),0.0881,0.07580657,0.03173206,0.060126416,0.09111217,0.0542868,0.0626128,0.022446683,0.0254872,0.10522662,0.09694132,0.08548836,0.09555762,0.1099328,0.09862935,0.00943746,0.010529347,0.10309025,0.10542843,0.09745701,0.083004475,0.12095384,0.1019868,0.0137264235,0.013886802
[omim]__[BF4]__R1234ze(E)__343.15__0.377,R1234ZE(E),0.105,0.07783092,0.031029893,0.062771246,0.10022552,0.05807827,0.06598716,0.025531564,0.039012834,0.12023941,0.11397835,0.09941921,0.1118651,0.12563747,0.11422791,0.009890134,0.009227917,0.120837085,0.12246608,0.11762574,0.101000294,0.143327,0.12105124,0.01509993,0.01605124
[omim]__[BF4]__R1234ze(E)__343.15__0.433,R1234ZE(E),0.1209,0.07929632,0.030222015,0.06544394,0.1113271,0.062139116,0.069685705,0.02940534,0.051214293,0.13362385,0.13124238,0.113636866,0.13151191,0.14203547,0.1304101,0.010352843,0.009510107,0.13723901,0.13852632,0.13798766,0.11950864,0.16385339,0.139423,0.015819766,0.018523
[omim]__[PF6]__R1234yf__283.15__0.0538,R1234YF,0.0317,0.052429847,0.029574107,0.029810667,0.056023266,0.042232297,0.04201404,0.012333585,0.01031404,0.052464,0.044090673,0.03174693,0.0446401,0.10088353,0.054765046,0.026825825,0.023065045,0.10481997,0.090400554,0.045711875,0.05730574,0.08955583,0.0775588,0.02488184,0.0458588
[omim]__[PF6]__R1234yf__283.15__0.1016,R1234YF,0.0613,0.06757666,0.040889923,0.04776803,0.07865231,0.05951138,0.058879662,0.01511699,0.002420336,0.08905624,0.07869804,0.051682286,0.07308285,0.16468018,0.09143992,0.043156184,0.03013992,0.16539218,0.15098733,0.07135933,0.08471681,0.14640835,0.123772785,0.042596105,0.062472787
[omim]__[PF6]__R1234yf__283.15__0.1432,R1234YF,0.0842,0.07804974,0.050554752,0.061920673,0.101323456,0.075492635,0.07346825,0.019100888,0.010731749,0.122151114,0.10824533,0.06821598,0.10193096,0.23007084,0.12612285,0.061398327,0.041922845,0.23127915,0.21105847,0.09939621,0.11143324,0.20371601,0.17137663,0.061202914,0.08717663
[omim]__[PF6]__R1234yf__283.15__0.1907,R1234YF,0.1098,0.08914043,0.060680203,0.07784971,0.1348321,0.09218454,0.0909374,0.027469594,0.018862605,0.16004702,0.14446202,0.09077741,0.14164963,0.30633667,0.16865453,0.08125554,0.058854528,0.311461,0.28595906,0.13258688,0.14664567,0.2713076,0.22959204,0.083531514,0.11979204
[omim]__[PF6]__R1234yf__283.15__0.2314,R1234YF,0.1376,0.09986254,0.06910518,0.09221675,0.16620596,0.10719135,0.10691635,0.036093116,0.030683652,0.19658136,0.18147418,0.11557022,0.18093981,0.3669904,0.20831117,0.094057135,0.070711166,0.3734988,0.35431814,0.16316706,0.17691445,0.32805055,0.27918983,0.10105364,0.14158982
[omim]__[PF6]__R1234yf__283.15__0.2729,R1234YF,0.1652,0.1112687,0.07833385,0.10532564,0.19971623,0.1214954,0.12322797,0.04564114,0.041972026,0.23592344,0.22682577,0.14256176,0.22500816,0.4261345,0.25129074,0.10478286,0.08609074,0.4286825,0.41611427,0.19582567,0.20755288,0.38531706,0.32669848,0.115277305,0.16149849
[omim]__[PF6]__R1234yf__283.15__0.3112,R1234YF,0.1894,0.121989615,0.0870678,0.116994634,0.23188749,0.13267663,0.13812323,0.055078965,0.051276773,0.2738593,0.27272332,0.17094788,0.26670194,0.47854507,0.2925555,0.11268518,0.10315551,0.47306007,0.46523494,0.22773454,0.23609829,0.43298838,0.36702326,0.12428136,0.17762326
[omim]__[PF6]__R1234yf__293.15__0.0568,R1234YF,0.026,0.056840155,0.030942237,0.037997417,0.05367984,0.04124881,0.04414169,0.01086938,0.01814169,0.04298541,0.045031004,0.031628992,0.04247833,0.08406861,0.04923847,0.020160206,0.023238469,0.08047216,0.06549088,0.039986502,0.042157285,0.07030889,0.059683144,0.017846098,0.033683144
[omim]__[PF6]__R1234yf__293.15__0.1074,R1234YF,0.0497,0.06764868,0.037666336,0.051477615,0.0696388,0.05513899,0.05631409,0.013024324,0.006614089,0.06632037,0.069514126,0.045301426,0.06058061,0.12957756,0.07425882,0.032292873,0.02455882,0.11893347,0.104341,0.05848463,0.06205014,0.105433874,0.08984862,0.027637444,0.040148623
[omim]__[PF6]__R1234yf__293.15__0.1573,R1234YF,0.0692,0.07509507,0.044026777,0.06055262,0.088696495,0.06666616,0.06700743,0.01662616,0.0021925718,0.09149296,0.09212359,0.059687395,0.081566915,0.17960948,0.100896075,0.045915537,0.031696074,0.1675656,0.14973669,0.078690544,0.0835232,0.14718568,0.12534034,0.041171137,0.05614034
[omim]__[PF6]__R1234yf__293.15__0.2037,R1234YF,0.0917,0.082456425,0.050786518,0.069238454,0.10657916,0.077848956,0.077381894,0.02032289,0.014318109,0.11719337,0.11347979,0.072851874,0.10514742,0.23387611,0.12850972,0.06144027,0.036809713,0.23032215,0.20467581,0.09948276,0.105458215,0.195538,0.1670954,0.060393505,0.07539539
[omim]__[PF6]__R1234yf__293.15__0.2489,R1234YF,0.1116,0.09027484,0.056119487,0.07970676,0.12972221,0.0901335,0.089191355,0.026591904,0.022408642,0.14370668,0.1379582,0.08908634,0.13350543,0.29068145,0.15898761,0.07673744,0.047387615,0.29134005,0.26528603,0.122784026,0.12666212,0.24875656,0.21096575,0.080190375,0.099365756
[omim]__[PF6]__R1234yf__293.15__0.2938,R1234YF,0.1354,0.09778956,0.059429817,0.08995513,0.1557875,0.101122916,0.10081699,0.03486364,0.03458301,0.17098738,0.16847113,0.11019925,0.16588081,0.34578735,0.19226518,0.08946914,0.056865185,0.3435942,0.3233906,0.14767265,0.15311083,0.30095485,0.25374463,0.09556507,0.118344635
[omim]__[PF6]__R1234yf__293.15__0.3382,R1234YF,0.1547,0.10588895,0.061598204,0.09865849,0.1823992,0.11089373,0.111887716,0.04391153,0.04281228,0.20092818,0.2056004,0.13176575,0.20219724,0.39784002,0.22766633,0.100008145,0.07296634,0.39096016,0.37487423,0.17479292,0.17938507,0.34730163,0.2934628,0.10738767,0.13876282
[omim]__[PF6]__R1234yf__303.15__0.0597,R1234YF,0.0219,0.05893964,0.033439808,0.04341954,0.05040238,0.039602384,0.045160748,0.00985698,0.023260748,0.03948159,0.04636362,0.032493114,0.0426169,0.07770127,0.0477313,0.017510617,0.025831299,0.06986402,0.059138566,0.036948066,0.03309454,0.06123386,0.052055813,0.01611915,0.030155813
[omim]__[PF6]__R1234yf__303.15__0.1136,R1234YF,0.0417,0.0655514,0.036672525,0.054011114,0.063530125,0.052549485,0.05446293,0.011462243,0.0127629265,0.05440837,0.06486212,0.04304053,0.05664976,0.10899387,0.06559093,0.02548461,0.023890931,0.09489532,0.07844545,0.050608926,0.049733892,0.08409928,0.07155658,0.020399181,0.029856581
[omim]__[PF6]__R1234yf__303.15__0.1663,R1234YF,0.0586,0.07103314,0.040209465,0.06007851,0.07589535,0.061839707,0.06181123,0.0137208365,0.00321123,0.07103238,0.078641586,0.051098287,0.06788945,0.14041865,0.08181607,0.034271564,0.023216069,0.12599847,0.10276491,0.06392257,0.06486961,0.11005473,0.09352206,0.027886238,0.034922056
[omim]__[PF6]__R1234yf__303.15__0.2161,R1234YF,0.0765,0.077001415,0.043382082,0.06612493,0.08879574,0.07039519,0.069139875,0.01675027,0.007360123,0.08804006,0.09214532,0.058753423,0.08251734,0.17799349,0.09988992,0.045537304,0.02338992,0.16595174,0.14109087,0.078558005,0.07931687,0.14281702,0.1215469,0.040117312,0.045046903
[omim]__[PF6]__R1234yf__303.15__0.2644,R1234YF,0.0928,0.082185514,0.045477275,0.07189995,0.10312277,0.078832254,0.07630356,0.020796115,0.016496442,0.10556541,0.10907382,0.06855363,0.10170139,0.22045693,0.12107024,0.057868764,0.028270245,0.2141935,0.18870452,0.09542045,0.09445287,0.18342231,0.15523873,0.056265187,0.062438734
[omim]__[PF6]__R1234yf__303.15__0.3132,R1234YF,0.1118,0.08737557,0.047009207,0.07852082,0.12222858,0.08694582,0.084415995,0.026828023,0.027384005,0.12417114,0.12925617,0.08245246,0.124362916,0.26895744,0.14584002,0.07138227,0.03404002,0.26346838,0.23772542,0.112672016,0.1116598,0.22678843,0.19046283,0.07270564,0.07866283
[omim]__[PF6]__R1234yf__303.15__0.3606,R1234YF,0.1279,0.092416234,0.0477237,0.0850345,0.14194943,0.09364998,0.09215476,0.03356572,0.03574524,0.14360914,0.15490898,0.10043851,0.15133913,0.31680357,0.17341986,0.08307234,0.04551986,0.30695152,0.2809477,0.13256182,0.13135076,0.26326728,0.22301582,0.084566385,0.09511581
[omim]__[PF6]__R1234yf__313.15__0.0625,R1234YF,0.0182,0.05860509,0.032440454,0.04431016,0.046945054,0.037634816,0.043987118,0.009952588,0.025787117,0.0371423,0.04439211,0.03316711,0.040204708,0.07186106,0.045353457,0.015378694,0.027153457,0.06234912,0.051237088,0.0365382,0.02579794,0.052011676,0.045586802,0.014384508,0.027386801
[omim]__[PF6]__R1234yf__313.15__0.1233,R1234YF,0.0358,0.063889064,0.034579784,0.052812245,0.058226842,0.048347954,0.05157118,0.0111429915,0.01577118,0.049323104,0.060925,0.042319223,0.052133404,0.095836125,0.060107373,0.02105656,0.024307374,0.08096924,0.0665024,0.047366925,0.041961655,0.07002869,0.061365783,0.016265104,0.025565784
[omim]__[PF6]__R1234yf__313.15__0.1748,R1234YF,0.0502,0.06780333,0.035507508,0.057091117,0.066490896,0.057006,0.056779772,0.012927511,0.0065797716,0.061770294,0.06974734,0.04634632,0.05946076,0.11699263,0.07086347,0.027124451,0.02066347,0.10181163,0.08026708,0.056154855,0.05351971,0.08732743,0.07581614,0.020686852,0.02561614
[omim]__[PF6]__R1234yf__313.15__0.2276,R1234YF,0.0647,0.0721242,0.037219327,0.062062707,0.07524757,0.0641445,0.062159665,0.014971261,0.002540335,0.074972,0.07980756,0.04996771,0.06839012,0.14353442,0.083334364,0.035507318,0.018634364,0.12946127,0.10291692,0.0666926,0.06353575,0.11081764,0.09468483,0.028684778,0.029984832
[omim]__[PF6]__R1234yf__313.15__0.2788,R1234YF,0.0784,0.07635565,0.037787408,0.066754974,0.08530906,0.06987969,0.06721736,0.01791816,0.0111826435,0.08736092,0.09066404,0.055911727,0.08215174,0.17278261,0.09777421,0.044107202,0.019374207,0.1628176,0.13548948,0.07858069,0.07284761,0.1393885,0.11782477,0.0398887,0.03942477
[omim]__[PF6]__R1234yf__313.15__0.331,R1234YF,0.0933,0.07970604,0.037709482,0.070723385,0.09806411,0.07620852,0.07248231,0.021981463,0.02081769,0.10032987,0.10468548,0.06562524,0.09988321,0.20650837,0.11540644,0.053293858,0.022106439,0.19863579,0.17248178,0.09282317,0.08494363,0.1721167,0.14420022,0.051704332,0.05090022
[omim]__[PF6]__R1234yf__313.15__0.3816,R1234YF,0.1066,0.08310091,0.037094682,0.07476323,0.11303425,0.08174444,0.0779475,0.027162228,0.028652504,0.113712445,0.11975545,0.07904507,0.1183618,0.2452708,0.13522911,0.06374309,0.02862911,0.23280086,0.20555155,0.10576322,0.09907713,0.19923846,0.16848624,0.06165977,0.061886236
[omim]__[PF6]__R1234yf__323.15__0.0654,R1234YF,0.0158,0.05648879,0.029131075,0.042565938,0.04223287,0.03508749,0.041101236,0.010242713,0.025301237,0.033431713,0.04048156,0.032627173,0.03622356,0.064706594,0.04149412,0.013334619,0.02569412,0.05540757,0.043634675,0.0348376,0.017418507,0.043285362,0.038916744,0.014072176,0.023116745
[omim]__[PF6]__R1234yf__323.15__0.127,R1234YF,0.0305,0.061228838,0.030726423,0.04953399,0.05195203,0.044313446,0.047550946,0.011224222,0.017050946,0.04376679,0.054912534,0.03988288,0.0465398,0.08394365,0.05380913,0.017726667,0.023309128,0.06891334,0.055320807,0.044578172,0.032545496,0.05689298,0.05165016,0.013729343,0.021150159
[omim]__[PF6]__R1234yf__323.15__0.1832,R1234YF,0.0424,0.06542584,0.03074823,0.052939784,0.058635056,0.050986983,0.05174718,0.013014461,0.009347182,0.053411856,0.06275714,0.0430458,0.05187952,0.10067531,0.062353928,0.022534244,0.019953929,0.084060356,0.0666893,0.051580336,0.044491895,0.07110965,0.06358631,0.01576512,0.02118631
[omim]__[PF6]__R1234yf__323.15__0.2386,R1234YF,0.0552,0.068844676,0.03124667,0.057202585,0.064886056,0.057299506,0.055895895,0.014660796,0.0006958954,0.064949915,0.070423305,0.04471469,0.058315754,0.12164363,0.07200946,0.02936165,0.01680946,0.10652462,0.0828282,0.060738698,0.05291464,0.090082236,0.07861768,0.02184185,0.023417678
[omim]__[PF6]__R1234yf__323.15__0.2924,R1234YF,0.0671,0.07236752,0.031335842,0.06113808,0.072277695,0.06281345,0.05998652,0.016841475,0.007113483,0.075612605,0.079131335,0.048458222,0.068816304,0.14407012,0.08321772,0.03603184,0.016117714,0.13136742,0.10514001,0.07032545,0.06025675,0.11301923,0.096021764,0.029836254,0.02892176
[omim]__[PF6]__R1234yf__323.15__0.3474,R1234YF,0.0794,0.07481817,0.030575082,0.0643861,0.08230874,0.06723339,0.0638643,0.01987448,0.015535705,0.086342625,0.08845403,0.055011515,0.083257675,0.16715792,0.09604475,0.042000204,0.016644746,0.15690628,0.13046539,0.08152264,0.06860238,0.13539352,0.114578046,0.037695464,0.035178043
[omim]__[PF6]__R1234yf__323.15__0.4011,R1234YF,0.0908,0.076946676,0.029533053,0.06698635,0.09327003,0.07168754,0.06768473,0.023518356,0.02311527,0.095756695,0.09873534,0.0645857,0.0973469,0.1933957,0.10996406,0.048752334,0.019164056,0.18083616,0.1526973,0.09184616,0.07861442,0.15626638,0.1320521,0.04434113,0.04125209
[omim]__[PF6]__R1234yf__333.15__0.0683,R1234YF,0.0138,0.054010674,0.025552303,0.040399715,0.038365275,0.03280114,0.038225822,0.010535086,0.024425823,0.030139461,0.035668466,0.03126906,0.032138426,0.056798942,0.037202872,0.011147992,0.023402873,0.048769616,0.037658222,0.031850606,0.010159988,0.03723665,0.033135016,0.014241007,0.019335017
[omim]__[PF6]__R1234yf__333.15__0.1304,R1234YF,0.0262,0.05841711,0.026099725,0.04605881,0.047040194,0.040642444,0.04365166,0.0117518185,0.017451659,0.039117016,0.04896338,0.037440743,0.04175602,0.07310285,0.048076,0.014666669,0.021876,0.059685662,0.04782916,0.041575715,0.024561914,0.047913298,0.044313148,0.012837858,0.018113147
[omim]__[PF6]__R1234yf__333.15__0.1911,R1234YF,0.0366,0.0626665,0.02600323,0.048354056,0.052533433,0.04596576,0.047104597,0.013414272,0.010504596,0.046509936,0.05559976,0.04022757,0.045884088,0.087477334,0.05513974,0.018897388,0.018539738,0.07095414,0.057293303,0.048267722,0.03621555,0.0591601,0.054378163,0.012974453,0.017778162
[omim]__[PF6]__R1234yf__333.15__0.2491,R1234YF,0.0476,0.06632311,0.026242916,0.052174293,0.057652794,0.051004745,0.050679572,0.014940183,0.0030795708,0.05615759,0.06176447,0.04122006,0.050302852,0.104769155,0.06284282,0.02463974,0.0152428225,0.088858426,0.071231164,0.05638445,0.044595156,0.07370709,0.06695525,0.016995113,0.019355252
[omim]__[PF6]__R1234yf__333.15__0.3056,R1234YF,0.0583,0.06935965,0.026188781,0.05534552,0.063392416,0.05557731,0.05397274,0.0165974,0.00432726,0.06606909,0.06899667,0.04331976,0.05861505,0.12292172,0.071984455,0.030161768,0.013684455,0.10863377,0.08794242,0.06510019,0.05160912,0.0925259,0.08116228,0.022700027,0.022862282
[omim]__[PF6]__R1234yf__333.15__0.3634,R1234YF,0.0688,0.07142712,0.025496935,0.058210503,0.07120055,0.059875745,0.057242174,0.018786183,0.011557829,0.075140476,0.07652874,0.04842688,0.069595486,0.14080387,0.082099095,0.0346982,0.013299093,0.12678802,0.10479815,0.07503736,0.05937243,0.10946116,0.09509142,0.027310237,0.026291415
[omim]__[PF6]__R1234yf__333.15__0.4196,R1234YF,0.0785,0.07313749,0.024621053,0.06077566,0.08106012,0.0639271,0.06070428,0.021687185,0.017795723,0.08289131,0.084195495,0.056005746,0.08155675,0.16038151,0.09300616,0.03943189,0.014506154,0.14532405,0.11970984,0.083845235,0.066156104,0.12496638,0.10800032,0.032219667,0.02950032
[omim]__[PF6]__R1234yf__343.15__0.0731,R1234YF,0.0125,0.0521071,0.022914557,0.038444914,0.036119074,0.031064421,0.03613001,0.010734694,0.023630012,0.027682599,0.03233178,0.029509906,0.028590832,0.050438073,0.033710636,0.009511889,0.021210637,0.043868795,0.033264887,0.028988436,0.003676299,0.033412647,0.028642213,0.0149949305,0.016142212
[omim]__[PF6]__R1234yf__343.15__0.1358,R1234YF,0.0221,0.05605931,0.022827333,0.04346911,0.044030555,0.03722471,0.040722203,0.012105539,0.018622203,0.03564801,0.044493996,0.035230882,0.037700262,0.06464979,0.043544587,0.01236892,0.021444587,0.054349296,0.042955622,0.038841,0.018119387,0.04210313,0.039273687,0.013195909,0.017173687
[omim]__[PF6]__R1234yf__343.15__0.1988,R1234YF,0.0316,0.05999867,0.023073956,0.044721935,0.04857402,0.041632507,0.043600217,0.01341739,0.012000218,0.04095354,0.050122127,0.037870333,0.040949933,0.07662721,0.04930463,0.015948953,0.017704632,0.062078834,0.050666485,0.045373254,0.029783694,0.051051147,0.047790684,0.011759547,0.016190685
[omim]__[PF6]__R1234yf__343.15__0.2595,R1234YF,0.0415,0.063788205,0.022784082,0.04760263,0.052626163,0.04609962,0.04658014,0.015001672,0.005080141,0.048896454,0.05493598,0.038511675,0.044188105,0.08979642,0.055265732,0.020226572,0.013765734,0.076129556,0.063512966,0.052732382,0.037792843,0.063099846,0.058653522,0.0143092945,0.017153524
[omim]__[PF6]__R1234yf__343.15__0.3184,R1234YF,0.0528,0.066481754,0.022488723,0.049928997,0.05708348,0.049820136,0.049160622,0.016395189,0.0036393777,0.05738042,0.06078529,0.04013589,0.05010954,0.10465287,0.062612794,0.024797317,0.009812795,0.09178841,0.07713833,0.060725063,0.044757724,0.0773559,0.07035308,0.018044205,0.017553084
[omim]__[PF6]__R1234yf__343.15__0.379,R1234YF,0.0599,0.06861255,0.021621125,0.05259219,0.06310874,0.053520553,0.051891036,0.018199317,0.008008964,0.065733194,0.067534134,0.043590635,0.05856378,0.120970085,0.07127837,0.029335586,0.01137837,0.10742441,0.08955689,0.0696357,0.051395163,0.090743005,0.08175103,0.021616945,0.021851033
[omim]__[PF6]__R1234yf__343.15__0.4377,R1234YF,0.0689,0.070108384,0.020705704,0.054934382,0.071372405,0.05676756,0.05477769,0.02046521,0.014122307,0.07228418,0.073272556,0.05028664,0.06871923,0.1370176,0.080316044,0.033035733,0.011416048,0.121776804,0.10043178,0.07751949,0.058557447,0.102104686,0.092078045,0.024433156,0.023178048
[omim]__[PF6]__R1234ze(E)__283.15__0.085,R1234ZE(E),0.1265,0.079284206,0.06294531,0.06771456,0.16420896,0.08694585,0.09221977,0.041337293,0.034280226,0.18971106,0.16223444,0.16700763,0.16926312,0.19321302,0.17628586,0.014138702,0.049785867,0.17575979,0.18348157,0.13839239,0.14164576,0.21022812,0.16990152,0.030150393,0.043401524
[omim]__[PF6]__R1234ze(E)__283.15__0.1231,R1234ZE(E),0.183,0.095987,0.07659107,0.08952383,0.22234966,0.108786225,0.11864755,0.059122358,0.064352445,0.25900647,0.22955504,0.22248405,0.24081147,0.2610527,0.24258193,0.017231466,0.059581935,0.25107217,0.26710218,0.20298822,0.19349462,0.3016137,0.24325418,0.04509169,0.060254186
[omim]__[PF6]__R1234ze(E)__283.15__0.1575,R1234ZE(E),0.238,0.11075017,0.088854074,0.109911196,0.2811192,0.12770149,0.14366722,0.07806317,0.094332784,0.32684156,0.29658055,0.2817301,0.3118136,0.32734758,0.3088627,0.019752644,0.07086268,0.32238275,0.3436644,0.2678862,0.24693757,0.3863642,0.31344706,0.056588754,0.07544705
[omim]__[PF6]__R1234ze(E)__283.15__0.1903,R1234ZE(E),0.2865,0.12460493,0.10099925,0.12824044,0.3397941,0.14377987,0.16748372,0.09753402,0.11901629,0.38926566,0.36031663,0.34160417,0.37955683,0.39012977,0.37217465,0.020881524,0.08567464,0.38538468,0.40963,0.33122554,0.30121896,0.45988855,0.37746957,0.06293349,0.09096956
[omim]__[PF6]__R1234ze(E)__283.15__0.221,R1234ZE(E),0.3378,0.13733917,0.11421564,0.14497092,0.3901925,0.1588578,0.18911521,0.11356387,0.14868478,0.44392782,0.4166031,0.39675456,0.44062153,0.44567043,0.42871547,0.021382526,0.09091547,0.43932223,0.46464062,0.3885272,0.35218677,0.5207709,0.43308955,0.0656761,0.09528956
[omim]__[PF6]__R1234ze(E)__283.15__0.2477,R1234ZE(E),0.3877,0.14918748,0.12536825,0.1575989,0.42888114,0.17173739,0.20655465,0.1254195,0.18114534,0.4886967,0.4640963,0.44388413,0.49236014,0.49099478,0.47600642,0.021370718,0.08830643,0.48103458,0.50616974,0.4339953,0.39407834,0.56800675,0.4766569,0.066847205,0.08895692
[omim]__[PF6]__R1234ze(E)__293.15__0.0941,R1234ZE(E),0.1069,0.079795435,0.055933736,0.07105651,0.14239807,0.07849699,0.085536145,0.03317283,0.021363854,0.15392143,0.12926044,0.127972,0.13222986,0.15444379,0.1395655,0.013433828,0.0326655,0.12721395,0.13540503,0.10000896,0.101186074,0.1606023,0.12488327,0.025358811,0.017983273
[omim]__[PF6]__R1234ze(E)__293.15__0.1387,R1234ZE(E),0.1504,0.091772474,0.066829965,0.08787902,0.18166861,0.0962673,0.10488347,0.04438275,0.04551653,0.20760375,0.18847434,0.17935267,0.19226776,0.21280065,0.19609983,0.01382532,0.045699835,0.18893403,0.20421837,0.15055838,0.14372179,0.23956278,0.18539909,0.03953239,0.034999087
[omim]__[PF6]__R1234ze(E)__293.15__0.1804,R1234ZE(E),0.1925,0.1034746,0.07625955,0.10242593,0.23261733,0.112337045,0.1254229,0.06141968,0.0670771,0.270602,0.24815638,0.23220621,0.25800592,0.2746054,0.25671518,0.017237399,0.06421518,0.2569722,0.27359474,0.21057633,0.19289422,0.31684208,0.2501759,0.049720038,0.057675898
[omim]__[PF6]__R1234ze(E)__293.15__0.2182,R1234ZE(E),0.2364,0.11437547,0.08425271,0.11713014,0.2864481,0.12640017,0.14572132,0.08024298,0.09067868,0.32877374,0.30438256,0.28778648,0.32012388,0.3334902,0.31491137,0.018782461,0.07851137,0.31816643,0.3371166,0.26849332,0.24589622,0.38658974,0.31125247,0.055884354,0.07485248
[omim]__[PF6]__R1234ze(E)__293.15__0.2566,R1234ZE(E),0.2791,0.12635347,0.092293456,0.13014653,0.337826,0.14107996,0.16553989,0.09802309,0.11356011,0.38550228,0.36364985,0.3473335,0.38616994,0.39105135,0.37474138,0.018618798,0.095641375,0.37624115,0.3943259,0.32945997,0.2993413,0.45251632,0.37037694,0.059319224,0.09127694
[omim]__[PF6]__R1234ze(E)__293.15__0.2917,R1234ZE(E),0.3215,0.13704711,0.098010354,0.14144681,0.3798402,0.15339988,0.18194887,0.112559184,0.13955113,0.43228057,0.41529983,0.39870912,0.44444165,0.4410877,0.42636377,0.0191429,0.10486376,0.42295277,0.43854475,0.38177073,0.3484169,0.5037749,0.419092,0.05906004,0.097591996
[omim]__[PF6]__R1234ze(E)__303.15__0.1034,R1234ZE(E),0.0872,0.077592775,0.052813046,0.07333556,0.12744865,0.07332641,0.080903284,0.02775415,0.0062967166,0.13779266,0.11278331,0.10776882,0.12048596,0.13187924,0.122142,0.012616189,0.034942,0.10538636,0.11230165,0.08332302,0.08035832,0.1329466,0.10286319,0.021729873,0.015663192
[omim]__[PF6]__R1234ze(E)__303.15__0.1527,R1234ZE(E),0.1228,0.08724032,0.059459716,0.08490252,0.15639618,0.08607219,0.09481418,0.036312215,0.027985819,0.17607504,0.15194392,0.14296344,0.15714177,0.17461655,0.16054814,0.014438337,0.037748136,0.14667049,0.16002128,0.11659747,0.113817826,0.19109105,0.14563963,0.032131758,0.022839628
[omim]__[PF6]__R1234ze(E)__303.15__0.1991,R1234ZE(E),0.1578,0.09565129,0.06588917,0.09543282,0.19208117,0.09790901,0.10939269,0.048076816,0.048407316,0.21598804,0.19786021,0.18419683,0.20354383,0.22237137,0.20479207,0.015067799,0.046992064,0.19600573,0.21011448,0.15938452,0.1503998,0.25075734,0.19333237,0.040564995,0.03553237
[omim]__[PF6]__R1234ze(E)__303.15__0.2427,R1234ZE(E),0.1931,0.10431353,0.07095985,0.10438525,0.23446657,0.108738855,0.12457281,0.06328443,0.06852719,0.26488692,0.24640502,0.23075026,0.25869587,0.27465415,0.25507843,0.017026369,0.06197843,0.24853022,0.262847,0.21085492,0.19033024,0.31240898,0.24499425,0.04751215,0.051894248
[omim]__[PF6]__R1234ze(E)__303.15__0.2869,R1234ZE(E),0.229,0.11355348,0.07450407,0.11466044,0.27912736,0.11901249,0.14017156,0.079730764,0.088828444,0.31499878,0.2991889,0.28249407,0.32012707,0.3284941,0.30906057,0.018293582,0.08006057,0.30371866,0.31467122,0.26887485,0.24207354,0.37260714,0.30038908,0.049558964,0.07138908
[omim]__[PF6]__R1234ze(E)__303.15__0.3284,R1234ZE(E),0.2648,0.121738635,0.07709931,0.12365468,0.3188563,0.12892723,0.15405522,0.09444784,0.11074479,0.3603849,0.35029542,0.33298868,0.37728527,0.3752281,0.35923648,0.018382734,0.09443647,0.35224837,0.35918474,0.31993073,0.29191393,0.42191905,0.34903938,0.04882444,0.08423936
[omim]__[PF6]__R1234ze(E)__313.15__0.112,R1234ZE(E),0.0704,0.07515897,0.04943218,0.07060918,0.11568713,0.066486806,0.07547485,0.024493916,0.005074851,0.12343778,0.10083333,0.09880522,0.10877098,0.11894945,0.11015935,0.010855886,0.039759353,0.09521361,0.097433284,0.0762541,0.06774038,0.11486182,0.090300635,0.018604664,0.019900635
[omim]__[PF6]__R1234ze(E)__313.15__0.1648,R1234ZE(E),0.1014,0.08269937,0.053708397,0.07863733,0.13786267,0.07667652,0.08591686,0.031162797,0.015483141,0.15186614,0.12649968,0.12293891,0.13339786,0.14743304,0.13642713,0.012739269,0.03502713,0.12071412,0.13193077,0.09549009,0.094575286,0.1574937,0.1200408,0.02643754,0.018640794
[omim]__[PF6]__R1234ze(E)__313.15__0.2154,R1234ZE(E),0.1305,0.08961846,0.05766233,0.0868624,0.1644982,0.085787654,0.09688581,0.039957378,0.033614196,0.18204783,0.16145998,0.14925247,0.164543,0.18486747,0.16843417,0.014892138,0.03793417,0.1571202,0.17218918,0.12651604,0.12209771,0.20509636,0.1566039,0.03424413,0.026103899
[omim]__[PF6]__R1234ze(E)__313.15__0.2636,R1234ZE(E),0.1595,0.09608077,0.060393512,0.094000414,0.19366871,0.0943639,0.107701465,0.050321616,0.051798537,0.21484846,0.2016785,0.18372561,0.20635517,0.22204338,0.20573023,0.014579706,0.046230227,0.19513892,0.20935394,0.16815239,0.15279812,0.25219503,0.19552767,0.03865788,0.03602767
[omim]__[PF6]__R1234ze(E)__313.15__0.3129,R1234ZE(E),0.1885,0.10318598,0.061833028,0.10085522,0.226296,0.10272497,0.11897904,0.062499367,0.069520965,0.2534128,0.24295367,0.2253565,0.25941235,0.2673561,0.24969831,0.016263233,0.06119831,0.2367823,0.24872279,0.21336782,0.19123816,0.29869863,0.23776194,0.040601466,0.049261943
[omim]__[PF6]__R1234ze(E)__313.15__0.3594,R1234ZE(E),0.2189,0.10950065,0.06274415,0.10713543,0.26262426,0.10864783,0.13013045,0.076667115,0.08876954,0.2907312,0.2821654,0.26734316,0.30997056,0.31026357,0.2920948,0.018457673,0.0731948,0.27965498,0.28728002,0.25851324,0.2375024,0.3400669,0.2806035,0.038493693,0.061703503
[omim]__[PF6]__R1234ze(E)__323.15__0.1191,R1234ZE(E),0.0592,0.07238135,0.044826735,0.065742694,0.103190884,0.059666216,0.06916157,0.021577742,0.009961572,0.109178364,0.089624524,0.08916636,0.09521414,0.10668142,0.09797295,0.009437453,0.03877295,0.08579372,0.0860579,0.06889708,0.057988346,0.09978097,0.07970361,0.016347023,0.020503607
[omim]__[PF6]__R1234ze(E)__323.15__0.1757,R1234ZE(E),0.0847,0.0791087,0.04746564,0.071876384,0.12283215,0.06781354,0.07781928,0.027769575,0.006880723,0.13045348,0.110468805,0.1072637,0.11344229,0.12977733,0.11828111,0.0110245105,0.033581108,0.104148544,0.11202852,0.08268413,0.08090801,0.13173683,0.1023012,0.02125434,0.0176012
[omim]__[PF6]__R1234ze(E)__323.15__0.2304,R1234ZE(E),0.1077,0.08580582,0.050591998,0.078509495,0.14253254,0.07611996,0.08671196,0.033914898,0.02098804,0.1552732,0.13849685,0.12832287,0.13747753,0.15780085,0.14347425,0.012597284,0.035774253,0.13122189,0.14361264,0.10589311,0.103536956,0.17020947,0.13089481,0.02775351,0.023194812
[omim]__[PF6]__R1234ze(E)__323.15__0.2821,R1234ZE(E),0.1328,0.09100059,0.052379716,0.08433841,0.16280437,0.083722994,0.094849214,0.040837,0.037950784,0.18027097,0.17137265,0.15385748,0.16690716,0.18673065,0.17182776,0.012656365,0.039027765,0.15929702,0.17193371,0.13725454,0.12795395,0.20788646,0.16086514,0.031530082,0.028065145
[omim]__[PF6]__R1234ze(E)__323.15__0.3356,R1234ZE(E),0.157,0.09565896,0.053089198,0.08977204,0.1875906,0.09021912,0.103265986,0.050096218,0.05373402,0.20608228,0.20223172,0.18496093,0.20383257,0.21751302,0.2029241,0.011691781,0.045924097,0.19169238,0.20041789,0.17105997,0.15910167,0.24319372,0.19309314,0.03242901,0.03609313
[omim]__[PF6]__R1234ze(E)__323.15__0.3863,R1234ZE(E),0.1827,0.10013975,0.052906886,0.094844885,0.2142803,0.09554374,0.111543104,0.060535084,0.07115689,0.23435667,0.23133716,0.21586479,0.24650024,0.25248218,0.23610821,0.014245418,0.05340822,0.2215067,0.22879435,0.2056281,0.1898829,0.27369207,0.22390084,0.03162261,0.041200846
[omim]__[PF6]__R1234ze(E)__333.15__0.1259,R1234ZE(E),0.0499,0.06933072,0.04033679,0.061201945,0.09361608,0.05425472,0.06374805,0.01979873,0.013848048,0.097004265,0.07829761,0.07993369,0.08409692,0.09419902,0.086706296,0.00844944,0.036806297,0.07659894,0.0765456,0.062314667,0.049546793,0.08620873,0.07024295,0.014371994,0.02034295
[omim]__[PF6]__R1234ze(E)__333.15__0.186,R1234ZE(E),0.0705,0.07638115,0.042036515,0.065668955,0.10957909,0.060467564,0.07082666,0.02497693,0.0003266558,0.11409494,0.096701086,0.09410225,0.09775635,0.11346389,0.103223704,0.009729886,0.032723702,0.09105751,0.09771015,0.07485077,0.07034978,0.10972223,0.088738084,0.0162573,0.018238083
[omim]__[PF6]__R1234ze(E)__333.15__0.2437,R1234ZE(E),0.0907,0.08252239,0.044242527,0.071004294,0.12544136,0.06676354,0.07799483,0.029941188,0.01270517,0.1328823,0.11925724,0.1107018,0.115244836,0.13651493,0.12292023,0.011243641,0.03222023,0.110688046,0.12214491,0.09494967,0.09051244,0.13916299,0.111491606,0.01995999,0.020791605
[omim]__[PF6]__R1234ze(E)__333.15__0.299,R1234ZE(E),0.1115,0.08709404,0.04528271,0.07545558,0.14029008,0.07319639,0.08426376,0.03488034,0.027236246,0.1539422,0.14495559,0.13139337,0.13800898,0.1589817,0.14545636,0.0112741515,0.033956356,0.1330008,0.14438471,0.11859012,0.11162883,0.17021823,0.13556454,0.023164066,0.024064533
[omim]__[PF6]__R1234ze(E)__333.15__0.356,R1234ZE(E),0.1321,0.09090605,0.045313496,0.0798374,0.15800087,0.07916902,0.09064537,0.041353144,0.041454628,0.17332768,0.16971642,0.15407349,0.16483884,0.18156645,0.16870458,0.010208297,0.036604583,0.15789661,0.1664455,0.1438118,0.13794291,0.19972476,0.16116431,0.024319848,0.029064313
[omim]__[PF6]__R1234ze(E)__333.15__0.4106,R1234ZE(E),0.1539,0.09384666,0.045301773,0.08459396,0.17954893,0.08442256,0.09754278,0.049516678,0.05635722,0.1934064,0.19371645,0.17865351,0.19511189,0.20692942,0.19356354,0.010042423,0.03966354,0.17995584,0.1874118,0.16892886,0.16346267,0.22593233,0.1851383,0.024641218,0.031238303
[omim]__[PF6]__R1234ze(E)__343.15__0.1328,R1234ZE(E),0.0403,0.06624777,0.036473863,0.057022892,0.084168784,0.050072107,0.058797084,0.017866414,0.018497083,0.08636493,0.06888271,0.071814135,0.07573328,0.08435252,0.07742952,0.0076685604,0.037129518,0.068973824,0.068984486,0.05724414,0.042864814,0.0760944,0.06283233,0.013051618,0.022532333
[omim]__[PF6]__R1234ze(E)__343.15__0.1959,R1234ZE(E),0.0582,0.072917745,0.037997387,0.05995256,0.096614584,0.055434793,0.06458341,0.021836987,0.0063834116,0.09971196,0.08340074,0.08347967,0.08719306,0.09908347,0.09057379,0.00820258,0.032373786,0.081223,0.08656253,0.06815527,0.061435238,0.09333604,0.07814242,0.013134948,0.019942418
[omim]__[PF6]__R1234ze(E)__343.15__0.2563,R1234ZE(E),0.0765,0.0790707,0.039906707,0.06410251,0.10911375,0.05946051,0.07033084,0.025802536,0.0061691552,0.11495837,0.1017881,0.09698784,0.09979508,0.117934756,0.10629283,0.00948317,0.02979283,0.09582826,0.10647187,0.08727437,0.079698905,0.11582358,0.0970194,0.014485599,0.020519398
[omim]__[PF6]__R1234ze(E)__343.15__0.315,R1234ZE(E),0.0934,0.08331136,0.040693007,0.06773827,0.12093136,0.0641587,0.07536654,0.029687256,0.01803346,0.1313693,0.1214087,0.114283085,0.116311714,0.13735601,0.12414577,0.009909923,0.030745767,0.11342303,0.12495375,0.107480064,0.098751426,0.13947578,0.116816804,0.015848417,0.023416802
[omim]__[PF6]__R1234ze(E)__343.15__0.3753,R1234ZE(E),0.112,0.08683086,0.0400437,0.07104324,0.13453324,0.06924483,0.08033918,0.0346856,0.031660825,0.14745182,0.141594,0.13238905,0.1358359,0.15530303,0.14251475,0.009163778,0.030514747,0.13290483,0.14250702,0.1273154,0.120928675,0.16485606,0.13770239,0.017122135,0.025702387
[omim]__[PF6]__R1234ze(E)__343.15__0.434,R1234ZE(E),0.1281,0.08955361,0.04012008,0.07491752,0.15236832,0.07463938,0.08631978,0.041151315,0.04178021,0.16348428,0.16362303,0.15231583,0.15856804,0.17468119,0.16253448,0.0082125375,0.034434482,0.15184057,0.1596523,0.14767066,0.14325322,0.18787482,0.15805832,0.017729351,0.029958323
[P66614]__[Cl]__R1234yf__283.15__0.064,R1234YF,0.158,0.12417693,0.18090267,0.105994835,0.17449975,0.108035326,0.13872191,0.036344033,0.019278094,0.23770621,0.25496733,0.2144034,0.22156577,0.26249945,0.23822844,0.020705206,0.08022843,0.30512547,0.34155053,0.19999596,0.24955228,0.28238896,0.27572262,0.053994663,0.117722616
[P66614]__[Cl]__R1234yf__283.15__0.13,R1234YF,0.299,0.16623425,0.23135604,0.15347123,0.23605876,0.14427316,0.18627869,0.04402441,0.11272131,0.33941716,0.35233897,0.28163278,0.30794412,0.36066163,0.3283989,0.03294268,0.029398918,0.41577047,0.46047682,0.29197472,0.32860705,0.39843383,0.37905258,0.0679725,0.080052584
[P66614]__[Cl]__R1234yf__283.15__0.18,R1234YF,0.38,0.19901821,0.26705694,0.18791449,0.2812028,0.17349309,0.2217371,0.048932754,0.1582629,0.41098428,0.43162757,0.33541274,0.37159044,0.4364555,0.39721408,0.04298189,0.01721409,0.4917102,0.5372879,0.35806283,0.38625976,0.4780218,0.4502685,0.075264595,0.07026851
[P66614]__[Cl]__R1234yf__283.15__0.233,R1234YF,0.456,0.23316902,0.29976672,0.21971658,0.32530168,0.20465928,0.25652266,0.052892562,0.19947734,0.4766581,0.50818133,0.39232802,0.43341964,0.509781,0.46407366,0.050695468,0.008073658,0.557042,0.6021739,0.42107156,0.4424453,0.54597783,0.5137421,0.07811094,0.05774209
[P66614]__[Cl]__R1234yf__283.15__0.281,R1234YF,0.516,0.26176703,0.32780543,0.24725516,0.3659646,0.23228085,0.2870146,0.0572517,0.22898537,0.5292828,0.5719712,0.44177246,0.4822594,0.5665647,0.51837003,0.055870526,0.0023700595,0.6007125,0.64799744,0.47012165,0.48847246,0.5914804,0.5597569,0.0767888,0.043756902
[P66614]__[Cl]__R1234yf__283.15__0.321,R1234YF,0.57,0.2863727,0.34989104,0.26790002,0.39648646,0.2532599,0.31078202,0.06045296,0.25921798,0.5669636,0.6192038,0.47955877,0.5169239,0.6060504,0.5577401,0.059108004,0.012259901,0.6318931,0.6799897,0.50626713,0.5243348,0.6240082,0.59329855,0.07462983,0.023298562
[P66614]__[Cl]__R1234yf__283.15__0.362,R1234YF,0.623,0.3097258,0.37017328,0.28628564,0.4233191,0.2718057,0.3322619,0.06325609,0.29073814,0.6001283,0.6599266,0.5155227,0.5482881,0.6425777,0.59328866,0.061215594,0.029711366,0.6593954,0.7078817,0.5396971,0.55422944,0.65463686,0.6231681,0.072799444,0.0001680851
[P66614]__[Cl]__R1234yf__293.15__0.068,R1234YF,0.146,0.10983121,0.14866193,0.09820328,0.15133902,0.09749399,0.12110589,0.02684468,0.02489411,0.1957201,0.21670218,0.18240455,0.19787262,0.22059658,0.2026592,0.015813509,0.056659207,0.25321728,0.2767849,0.15868253,0.20443189,0.23161522,0.22494635,0.04566917,0.07894635
[P66614]__[Cl]__R1234yf__293.15__0.142,R1234YF,0.261,0.1461394,0.19868128,0.14013782,0.20752326,0.1276842,0.1640332,0.036415316,0.0969668,0.29250357,0.31029487,0.24441095,0.27548945,0.31232026,0.28700382,0.02810861,0.026003808,0.36335373,0.39745027,0.24818197,0.28572974,0.34325254,0.32759365,0.06013055,0.06659365
[P66614]__[Cl]__R1234yf__293.15__0.198,R1234YF,0.33,0.17549641,0.23224074,0.16927046,0.24749546,0.15448779,0.19579817,0.041301027,0.13420184,0.3603409,0.3818341,0.29551798,0.33379638,0.3794503,0.35018796,0.036119018,0.020187944,0.43617493,0.47383785,0.31335628,0.34587875,0.4200533,0.39786023,0.06628752,0.067860216
[P66614]__[Cl]__R1234yf__293.15__0.258,R1234YF,0.397,0.20701751,0.26586363,0.19889475,0.28824794,0.18365777,0.22873631,0.04559159,0.1682637,0.423005,0.45297337,0.34932613,0.39014047,0.4498623,0.41306144,0.043685526,0.016061425,0.49784422,0.53743756,0.3753073,0.40728632,0.48256537,0.46008816,0.06687583,0.06308815
[P66614]__[Cl]__R1234yf__293.15__0.313,R1234YF,0.451,0.23401618,0.2938864,0.2243091,0.32513535,0.20917526,0.25730446,0.049716007,0.19369555,0.47417572,0.515281,0.39668208,0.43520266,0.50417423,0.46510315,0.049249776,0.014103144,0.54210377,0.5820181,0.42463997,0.4570442,0.52563345,0.5062879,0.064193875,0.055287868
[P66614]__[Cl]__R1234yf__293.15__0.362,R1234YF,0.501,0.25781223,0.31626144,0.2452329,0.35568953,0.2284219,0.2806836,0.05339197,0.22031638,0.5113714,0.56339407,0.43590724,0.4717335,0.54601026,0.5056833,0.052465312,0.0046833158,0.57471144,0.6140522,0.46203247,0.4940771,0.5605817,0.54109097,0.061834686,0.04009098
[P66614]__[Cl]__R1234yf__293.15__0.413,R1234YF,0.55,0.2807561,0.33692852,0.2638018,0.38441163,0.247556,0.3026908,0.056753516,0.24730921,0.54340035,0.6047476,0.46958315,0.50356716,0.5850845,0.5412766,0.055933356,0.008723438,0.6023025,0.64363694,0.4963813,0.52347296,0.5951556,0.5721899,0.060537495,0.022189915
[P66614]__[Cl]__R1234yf__293.15__0.46,R1234YF,0.594,0.2985519,0.35362372,0.2790689,0.4063434,0.26311535,0.32014066,0.05906962,0.27385932,0.56926376,0.6390997,0.49467307,0.52920395,0.6173474,0.56991756,0.05990726,0.024082422,0.6249117,0.66831493,0.523243,0.5460414,0.62540734,0.59758365,0.060636267,0.0035836697
[P66614]__[Cl]__R1234yf__293.15__0.505,R1234YF,0.641,0.3144658,0.36706975,0.2931612,0.4260214,0.27682126,0.3355079,0.060969207,0.30549207,0.5916408,0.6697808,0.51703304,0.5516524,0.64454734,0.5949308,0.063277625,0.046069145,0.64463526,0.690572,0.54452854,0.5646926,0.6526966,0.619425,0.062067643,0.021574974
[P66614]__[Cl]__R1234yf__303.15__0.073,R1234YF,0.126,0.1016955,0.1266486,0.093685135,0.13468194,0.09084639,0.10951152,0.019919721,0.016488485,0.16408539,0.18965425,0.1564128,0.17715143,0.19142672,0.17574611,0.015419487,0.04974611,0.21163878,0.22095203,0.13037544,0.16802719,0.19424383,0.18504745,0.0366044,0.059047446
[P66614]__[Cl]__R1234yf__303.15__0.154,R1234YF,0.22,0.1287462,0.17112917,0.12866372,0.18372506,0.11645981,0.14574479,0.029686667,0.07425521,0.25017577,0.2711423,0.21486272,0.24792309,0.27006996,0.25083476,0.022832483,0.030834764,0.31678393,0.33727604,0.2091696,0.24665177,0.2972352,0.28142333,0.05255848,0.06142333
[P66614]__[Cl]__R1234yf__303.15__0.215,R1234YF,0.284,0.15432934,0.20148209,0.15158191,0.21701188,0.13707215,0.17229548,0.03479918,0.11170453,0.3094874,0.33267784,0.2592208,0.29681268,0.32640123,0.30492,0.02918453,0.020919979,0.38408703,0.41022694,0.27151117,0.3066806,0.3660781,0.34771675,0.057137374,0.06371674
[P66614]__[Cl]__R1234yf__303.15__0.28,R1234YF,0.344,0.18251175,0.23160248,0.17729379,0.25381795,0.16407216,0.20185962,0.0386976,0.14214039,0.3692035,0.39705127,0.3079328,0.34752178,0.38550934,0.36144373,0.035229627,0.017443717,0.43980116,0.46964478,0.3305939,0.36921582,0.42099497,0.40605012,0.05580584,0.062050104
[P66614]__[Cl]__R1234yf__303.15__0.341,R1234YF,0.394,0.20763439,0.25746533,0.1995179,0.2870088,0.18525457,0.2273762,0.04301586,0.1666238,0.41606727,0.45351934,0.3519684,0.38771415,0.4374459,0.409343,0.040454265,0.01534301,0.48387057,0.5123538,0.3780233,0.42020372,0.46252272,0.4513948,0.05303481,0.057394803
[P66614]__[Cl]__R1234yf__303.15__0.396,R1234YF,0.439,0.22820643,0.2794502,0.2183613,0.31368202,0.20286441,0.2485129,0.04639339,0.19048712,0.4517366,0.4973365,0.38766658,0.4208027,0.47836673,0.4471818,0.04400755,0.008181781,0.5158445,0.5433402,0.41403475,0.45604518,0.49703786,0.4852605,0.050926376,0.046260476
[P66614]__[Cl]__R1234yf__303.15__0.454,R1234YF,0.483,0.2472842,0.30025777,0.2368917,0.3397908,0.21992087,0.26882905,0.04974816,0.21417096,0.48228484,0.53832746,0.41623127,0.45018333,0.51786846,0.48097906,0.049477328,0.002020955,0.5438783,0.57431066,0.4472045,0.48383337,0.5325198,0.5163493,0.050539937,0.033349305
[P66614]__[Cl]__R1234yf__303.15__0.51,R1234YF,0.524,0.26516733,0.31682315,0.25269103,0.36318567,0.23538229,0.28664988,0.05246719,0.2373501,0.50713867,0.5762141,0.44132364,0.47522122,0.552352,0.51044995,0.0550254,0.013550043,0.5674357,0.60158205,0.4727348,0.5067596,0.56524014,0.5427505,0.051898547,0.018750489
[P66614]__[Cl]__R1234yf__303.15__0.566,R1234YF,0.566,0.28274655,0.33088908,0.2669385,0.38539517,0.25010234,0.3032143,0.054943904,0.26278567,0.5300387,0.6123136,0.46565932,0.49932462,0.583418,0.5381509,0.059953187,0.027849078,0.5895841,0.6278407,0.49642828,0.52648896,0.596046,0.5672776,0.05402876,0.0012776256
[P66614]__[Cl]__R1234yf__303.15__0.628,R1234YF,0.608,0.30189002,0.34547967,0.28312242,0.4091416,0.2664554,0.32121783,0.057321403,0.28678215,0.5554119,0.6489352,0.4913504,0.5249433,0.6153137,0.56719095,0.064562604,0.040809035,0.61247253,0.65508366,0.5194392,0.546341,0.6270188,0.59207106,0.056953434,0.015928924
[P66614]__[Cl]__R1234yf__313.15__0.079,R1234YF,0.102,0.09691132,0.111845,0.08872139,0.12305243,0.08533293,0.10117261,0.015942974,0.000827387,0.13973413,0.16878235,0.13610561,0.15794396,0.16827872,0.15416896,0.015504323,0.052168965,0.18151507,0.17750776,0.11184442,0.1390246,0.1680567,0.1555897,0.029563509,0.0535897
[P66614]__[Cl]__R1234yf__313.15__0.165,R1234YF,0.188,0.11837221,0.14877585,0.11748475,0.16259152,0.106749356,0.13079473,0.023685496,0.05720526,0.20873585,0.23755495,0.18557228,0.2206079,0.23400149,0.2172945,0.021095838,0.029294506,0.27383164,0.28214836,0.1806684,0.21145684,0.2578733,0.24119571,0.04349805,0.053195715
[P66614]__[Cl]__R1234yf__313.15__0.23,R1234YF,0.244,0.13814425,0.17594127,0.13744375,0.1926608,0.12386505,0.15361103,0.029193101,0.09038897,0.26407576,0.2884053,0.22620265,0.26255882,0.28244686,0.2647379,0.024310004,0.020737901,0.3342991,0.34793693,0.23640433,0.26816204,0.31889448,0.30113938,0.047124706,0.05713938
[P66614]__[Cl]__R1234yf__313.15__0.3,R1234YF,0.299,0.16119696,0.2008421,0.15788776,0.22369294,0.14557377,0.17783871,0.032968853,0.12116128,0.31772974,0.34756976,0.27089906,0.30675554,0.3292179,0.3144344,0.028642865,0.015434414,0.38823527,0.40490735,0.2913718,0.33137667,0.36744222,0.35666665,0.04566962,0.05766666
[P66614]__[Cl]__R1234yf__313.15__0.366,R1234YF,0.344,0.18425697,0.2241496,0.17645836,0.25299457,0.1641069,0.20039329,0.037017632,0.14360672,0.3609109,0.3977893,0.30967122,0.3439138,0.37282863,0.35702276,0.032942627,0.013022751,0.429838,0.44539368,0.33469725,0.38211784,0.40608764,0.3996269,0.043507118,0.0556269
[P66614]__[Cl]__R1234yf__313.15__0.426,R1234YF,0.383,0.20216817,0.24462353,0.19309245,0.276189,0.17995107,0.21920486,0.040019583,0.16379513,0.39407197,0.4367268,0.34064192,0.37311164,0.41193843,0.39129812,0.036722887,0.008298129,0.46003968,0.47632968,0.36906075,0.41614035,0.4383566,0.43198544,0.041846823,0.04898545
[P66614]__[Cl]__R1234yf__313.15__0.49,R1234YF,0.425,0.2189374,0.26338673,0.21025096,0.30060506,0.19550303,0.23773663,0.043309692,0.18726338,0.42219663,0.47605622,0.36692274,0.39926052,0.45130828,0.42314887,0.042793337,0.0018511415,0.48653144,0.5067815,0.39906323,0.44352362,0.47286627,0.46175322,0.041914675,0.036753207
[P66614]__[Cl]__R1234yf__313.15__0.552,R1234YF,0.463,0.2344481,0.27998003,0.22599111,0.32350016,0.20934904,0.2546537,0.04653918,0.2083463,0.44541192,0.5124153,0.39038706,0.42290992,0.48638594,0.45150203,0.04877743,0.011497974,0.5105879,0.53437823,0.42516533,0.46516567,0.50539577,0.4881386,0.04310821,0.025138587
[P66614]__[Cl]__R1234yf__313.15__0.615,R1234YF,0.501,0.2514796,0.29526132,0.24083528,0.3456099,0.22348538,0.2713343,0.04925263,0.2296657,0.467616,0.54898596,0.4145589,0.4460358,0.5184779,0.4791349,0.054372188,0.0218651,0.533154,0.5615265,0.44821775,0.4846975,0.53538907,0.51259696,0.04544016,0.011596978
[P66614]__[Cl]__R1234yf__313.15__0.686,R1234YF,0.538,0.27104923,0.31139106,0.25768012,0.37001753,0.23999509,0.2900266,0.051876236,0.24797338,0.49358857,0.58792937,0.43951422,0.4720024,0.5531099,0.5092289,0.060435656,0.028771102,0.5580937,0.591462,0.470871,0.5046893,0.5671692,0.53845704,0.049314424,0.00045704842
[P66614]__[Cl]__R1234yf__323.15__0.084,R1234YF,0.087,0.09365135,0.10091855,0.08362773,0.11268841,0.08120564,0.09441833,0.012919451,0.0074183345,0.12085681,0.14978883,0.12104462,0.13940799,0.14992574,0.1362048,0.014564017,0.049204797,0.15806815,0.14591259,0.099154286,0.11481681,0.14666715,0.1329238,0.024789464,0.0459238
[P66614]__[Cl]__R1234yf__323.15__0.175,R1234YF,0.159,0.11125724,0.13206172,0.107208684,0.14491695,0.09960659,0.11901023,0.018824095,0.039989762,0.17495081,0.21017516,0.16189283,0.19645196,0.20582959,0.18986006,0.020710107,0.030860066,0.23684128,0.23516802,0.15747575,0.18261042,0.22564802,0.20754871,0.035628937,0.048548713
[P66614]__[Cl]__R1234yf__323.15__0.244,R1234YF,0.209,0.12693496,0.15319641,0.12495325,0.17177989,0.11376777,0.13812645,0.02372649,0.07087356,0.22455892,0.25275743,0.19636816,0.23377569,0.24655294,0.23080263,0.022156497,0.02180262,0.29095623,0.29371333,0.2073319,0.23553276,0.27702868,0.2609126,0.037925135,0.05191259
[P66614]__[Cl]__R1234yf__323.15__0.319,R1234YF,0.258,0.14653918,0.17505829,0.14245376,0.19963099,0.1317105,0.15907855,0.027760053,0.09892143,0.27294403,0.30362052,0.23887685,0.27520835,0.2867359,0.2754771,0.023795374,0.017477125,0.34189454,0.34788394,0.25711733,0.2949619,0.32230562,0.31283265,0.037371393,0.054832667
[P66614]__[Cl]__R1234yf__323.15__0.389,R1234YF,0.299,0.16541395,0.19563682,0.1575128,0.22426797,0.14801382,0.17816907,0.03134065,0.12083092,0.31058258,0.34671146,0.27309573,0.30618006,0.32052973,0.3114199,0.026577163,0.012419909,0.3817519,0.38504285,0.29686296,0.3451594,0.3572516,0.35321376,0.035651457,0.054213762
[P66614]__[Cl]__R1234yf__323.15__0.453,R1234YF,0.336,0.18058282,0.21329843,0.17174518,0.2447388,0.1612457,0.1943222,0.03425813,0.1416778,0.34003973,0.3810171,0.29934472,0.33121127,0.3536306,0.34104866,0.02996995,0.0050486624,0.40958267,0.41568792,0.32788903,0.37791255,0.38822138,0.3838587,0.034863364,0.047858715
[P66614]__[Cl]__R1234yf__323.15__0.522,R1234YF,0.375,0.19560504,0.23077038,0.18748447,0.26564106,0.17504616,0.21090944,0.036942985,0.16409056,0.36612678,0.41711754,0.32412863,0.35516435,0.38943782,0.370395,0.035129733,0.0046049953,0.4350587,0.44644362,0.35666254,0.4051229,0.41981974,0.4126215,0.03495287,0.037621498
[P66614]__[Cl]__R1234yf__323.15__0.589,R1234YF,0.409,0.20915109,0.24683347,0.20216373,0.28659144,0.18754873,0.22645769,0.0401088,0.18254232,0.38914126,0.45250255,0.345865,0.37716085,0.42347762,0.39762944,0.041381624,0.0113705695,0.45842117,0.4740963,0.3813413,0.42555618,0.44982603,0.43784818,0.036141258,0.028848171
[P66614]__[Cl]__R1234yf__323.15__0.659,R1234YF,0.442,0.22399715,0.26259845,0.21744825,0.30845886,0.20107064,0.24271467,0.043129537,0.19928533,0.4120415,0.48840958,0.36814475,0.3995619,0.4573575,0.42510304,0.047736958,0.016896963,0.48187178,0.5017675,0.40304187,0.44409952,0.47979113,0.4621144,0.039016955,0.020114392
[P66614]__[Cl]__R1234yf__323.15__0.737,R1234YF,0.477,0.24185869,0.2793368,0.2348149,0.3323645,0.21682972,0.26104093,0.045913465,0.21595907,0.43792796,0.52663517,0.39091408,0.42430523,0.49332973,0.45462242,0.05463671,0.02237758,0.50763804,0.5319281,0.4251471,0.46382353,0.5123148,0.48817033,0.04313174,0.011170328
[P66614]__[Cl]__R1234yf__333.15__0.088,R1234YF,0.074,0.09065774,0.09231439,0.07938946,0.104184516,0.07824512,0.08895824,0.010633956,0.01495824,0.10677209,0.13357544,0.10754619,0.1229749,0.13468426,0.12111058,0.013534016,0.04711058,0.1390931,0.12591565,0.09043794,0.09472123,0.1287011,0.11577381,0.02178806,0.04177381
[P66614]__[Cl]__R1234yf__333.15__0.184,R1234YF,0.137,0.10644977,0.121031895,0.099771366,0.13255149,0.094905406,0.110941984,0.015579728,0.02605801,0.15220776,0.18840371,0.14364336,0.17648391,0.18202296,0.16855235,0.019532325,0.03155236,0.20888755,0.19798836,0.13891193,0.15665424,0.20071349,0.18063112,0.03089653,0.04363112
[P66614]__[Cl]__R1234yf__333.15__0.256,R1234YF,0.181,0.11967291,0.13733596,0.11459065,0.1549325,0.10654698,0.12661579,0.019444294,0.0543842,0.19509086,0.22585258,0.17340235,0.20952483,0.21675818,0.20412576,0.020532534,0.023125768,0.25400066,0.24846445,0.18105268,0.205019,0.24445222,0.22659782,0.03196815,0.04559782
[P66614]__[Cl]__R1234yf__333.15__0.336,R1234YF,0.225,0.13410115,0.15409279,0.1294892,0.17890596,0.120198585,0.14335755,0.02341626,0.08164245,0.23837587,0.26873732,0.21075486,0.24755211,0.25319946,0.24372391,0.02148064,0.01872392,0.3020206,0.29617718,0.22507578,0.2620825,0.28582117,0.27423546,0.03143267,0.049235463
[P66614]__[Cl]__R1234yf__333.15__0.41,R1234YF,0.262,0.14944902,0.17061888,0.14149983,0.20097917,0.13427418,0.15936421,0.026951017,0.102635786,0.27110928,0.3042733,0.24130638,0.2757149,0.28135073,0.27475092,0.022626625,0.012750924,0.3382234,0.33183897,0.26195663,0.30912992,0.31685427,0.31160063,0.03006906,0.04960063
[P66614]__[Cl]__R1234yf__333.15__0.478,R1234YF,0.296,0.16269499,0.18604098,0.15435255,0.21935195,0.14668894,0.17382589,0.02941663,0.122174114,0.2969964,0.333027,0.26443115,0.2979138,0.30807474,0.3000886,0.024670135,0.0040886104,0.36514795,0.36156702,0.290265,0.34067863,0.3452878,0.34058928,0.02999088,0.04458928
[P66614]__[Cl]__R1234yf__333.15__0.552,R1234YF,0.332,0.1762531,0.20186974,0.16892594,0.23837535,0.15946397,0.18897763,0.031785928,0.14302236,0.32048956,0.36535072,0.28728157,0.32012177,0.33894563,0.32643786,0.02863191,0.0055621266,0.39029467,0.39216304,0.3176716,0.36841512,0.3756725,0.36884338,0.030287521,0.03684339
[P66614]__[Cl]__R1234yf__333.15__0.624,R1234YF,0.364,0.189028,0.21654837,0.1827647,0.25594634,0.17149603,0.20315668,0.03385238,0.16084331,0.342701,0.39690214,0.30852312,0.34009606,0.36874357,0.35139316,0.03321567,0.012606829,0.41386658,0.41945904,0.34015533,0.38887417,0.402914,0.39305383,0.03179367,0.029053837
[P66614]__[Cl]__R1234yf__333.15__0.698,R1234YF,0.395,0.20292309,0.23207042,0.19737054,0.2755598,0.1841,0.21840477,0.036443062,0.17659524,0.36557108,0.42981803,0.32919037,0.36005533,0.40078512,0.37708396,0.03891961,0.017916054,0.43769562,0.44655246,0.3593199,0.40694454,0.4312828,0.41635904,0.035113055,0.021359026
[P66614]__[Cl]__R1234yf__333.15__0.783,R1234YF,0.427,0.21979317,0.2485152,0.21398391,0.2988567,0.19967976,0.23616573,0.039287362,0.19083425,0.39130276,0.46868867,0.35184753,0.38353276,0.43775794,0.40662593,0.046340458,0.02037406,0.46424007,0.4774608,0.38135287,0.4260328,0.46393088,0.4426035,0.03925639,0.0156035125
[P66614]__[Cl]__R1234yf__343.15__0.092,R1234YF,0.061,0.08901216,0.08499138,0.0745395,0.09830879,0.07601066,0.084572494,0.0097792875,0.023572493,0.09694445,0.12160907,0.09642967,0.11047624,0.12195702,0.10948329,0.012562185,0.048483286,0.124190316,0.11203111,0.08470968,0.07897958,0.11316083,0.102614306,0.019650733,0.041614305
[P66614]__[Cl]__R1234yf__343.15__0.193,R1234YF,0.118,0.10235761,0.112096205,0.09423206,0.12457518,0.092176236,0.10508746,0.0134246545,0.012912542,0.13726138,0.17060345,0.12977752,0.16070747,0.16493085,0.15265612,0.01801408,0.034656122,0.18789977,0.17225187,0.12918589,0.13479745,0.17870592,0.1605682,0.026746403,0.042568192
[P66614]__[Cl]__R1234yf__343.15__0.269,R1234YF,0.158,0.113419384,0.12635621,0.107392974,0.14436144,0.10273344,0.11885269,0.016790437,0.039147317,0.17417544,0.20508377,0.15738538,0.1914546,0.19257551,0.18413493,0.018563438,0.026134923,0.22838783,0.2151118,0.16424628,0.17968425,0.21888039,0.20126212,0.027720924,0.04326211
[P66614]__[Cl]__R1234yf__343.15__0.352,R1234YF,0.198,0.12591311,0.14050455,0.11969337,0.16415787,0.11364913,0.1327836,0.020178227,0.06521639,0.21264276,0.24222173,0.19067194,0.2248819,0.22370216,0.2188241,0.018965064,0.020824105,0.26988626,0.25458384,0.20286682,0.23246723,0.2552548,0.24301179,0.026119182,0.04501179
[P66614]__[Cl]__R1234yf__343.15__0.43,R1234YF,0.23,0.13833755,0.15286879,0.12944505,0.18185742,0.124339186,0.1453696,0.023091765,0.0846304,0.2410563,0.27151358,0.21771692,0.24955322,0.24934721,0.24583745,0.019358544,0.015837446,0.30303487,0.28528392,0.23394957,0.27626026,0.28375837,0.2764574,0.025712488,0.046457395
[P66614]__[Cl]__R1234yf__343.15__0.502,R1234YF,0.262,0.14877093,0.16373423,0.13928884,0.1991115,0.13502157,0.1571854,0.025898896,0.10481459,0.26341966,0.2962817,0.23776962,0.26987633,0.27291718,0.26805288,0.020990444,0.0060528815,0.3278433,0.31249833,0.25899363,0.3065174,0.30917174,0.3030049,0.025953958,0.041004896
[P66614]__[Cl]__R1234yf__343.15__0.58,R1234YF,0.296,0.16048431,0.1767787,0.15211451,0.21610142,0.14667043,0.17042987,0.027951188,0.12557013,0.28479144,0.32297987,0.258131,0.2901847,0.2991879,0.291055,0.023501705,0.00494501,0.352468,0.34068185,0.28363416,0.33384243,0.3359876,0.3293228,0.02653784,0.03332278
[P66614]__[Cl]__R1234yf__343.15__0.656,R1234YF,0.325,0.17177075,0.1908596,0.16478094,0.23189193,0.1573388,0.18332842,0.029867131,0.14167157,0.3058014,0.3497038,0.27860123,0.30871406,0.32549626,0.31366333,0.026242089,0.011336654,0.37477452,0.36666298,0.30300266,0.35439342,0.36174062,0.35211483,0.028438369,0.027114838
[P66614]__[Cl]__R1234yf__343.15__0.735,R1234YF,0.355,0.18520284,0.20451768,0.17850661,0.24943237,0.16929904,0.1973917,0.03183325,0.15760829,0.32685566,0.3800277,0.29790926,0.32732207,0.3547374,0.33737043,0.03118481,0.017629564,0.39727724,0.39401758,0.32195392,0.37212995,0.3887699,0.3748297,0.03110278,0.01982972
[P66614]__[Cl]__R1234yf__343.15__0.825,R1234YF,0.384,0.201745,0.22060604,0.19485584,0.27006933,0.18393135,0.21424153,0.03394085,0.16975847,0.35073277,0.4160177,0.31924433,0.34898418,0.38943374,0.36488253,0.037925545,0.019117475,0.42300355,0.425385,0.3422934,0.39137405,0.41913897,0.400239,0.035156913,0.016238987
