case_id,sample_id,seed,component,group_name,full_group_id,n_atoms,A_g_signed,A_g_abs,A_tilde_g,P_g,group_rank
Case1_R1234yf,[emim]__[Ac]__R1234yf__313.15__0.311,42,Cation,Imidazolium_Ring,Cation:Imidazolium_Ring,5,0.0,0.0,0.0,0.0,1
Case1_R1234yf,[emim]__[Ac]__R1234yf__313.15__0.311,42,Cation,Alkyl_Chain,Cation:Alkyl_Chain,3,0.0,0.0,0.0,0.0,2
Case1_R1234yf,[emim]__[Ac]__R1234yf__313.15__0.311,42,Anion,Carboxylate_COO,Anion:Carboxylate_COO,3,0.0,0.0,0.0,0.0,3
Case1_R1234yf,[emim]__[Ac]__R1234yf__313.15__0.311,42,Anion,Alkyl_Chain,Anion:Alkyl_Chain,1,0.0,0.0,0.0,0.0,4
Case1_R1234yf,[emim]__[Ac]__R1234yf__313.15__0.311,42,Refri,CF3,Refri:CF3,4,0.0,0.0,0.0,0.0,5
Case1_R1234yf,[emim]__[Ac]__R1234yf__313.15__0.311,42,Refri,Halogenated_Alkene,Refri:Halogenated_Alkene,3,0.0,0.0,0.0,0.0,6
Case1_R1234yf,[emim]__[Ac]__R1234yf__313.15__0.311,43,Refri,CF3,Refri:CF3,4,-2.863112871787088e-10,3.6174961637325254e-10,9.043740409331313e-11,0.2477668899287846,1
Case1_R1234yf,[emim]__[Ac]__R1234yf__313.15__0.311,43,Cation,Imidazolium_Ring,Cation:Imidazolium_Ring,5,-1.1953265439089422e-10,2.897013531844017e-10,5.794027063688034e-11,0.1984201227530779,2
Case1_R1234yf,[emim]__[Ac]__R1234yf__313.15__0.311,43,Cation,Alkyl_Chain,Cation:Alkyl_Chain,3,-1.9370452811195982e-10,2.5105704321015665e-10,8.368568107005221e-11,0.17195214583646007,3
Case1_R1234yf,[emim]__[Ac]__R1234yf__313.15__0.311,43,Refri,Halogenated_Alkene,Refri:Halogenated_Alkene,3,-1.671290363047806e-10,2.3613155875068514e-10,7.871051958356172e-11,0.161729492659164,4
Case1_R1234yf,[emim]__[Ac]__R1234yf__313.15__0.311,43,Anion,Carboxylate_COO,Anion:Carboxylate_COO,3,-1.5537105282903418e-10,2.345173985562887e-10,7.817246618542957e-11,0.16062393391601446,5
Case1_R1234yf,[emim]__[Ac]__R1234yf__313.15__0.311,43,Anion,Alkyl_Chain,Anion:Alkyl_Chain,1,-6.710713928992362e-11,8.588321720459646e-11,8.588321720459646e-11,0.05882250225223599,6
Case1_R1234yf,[emim]__[Ac]__R1234yf__313.15__0.311,44,Cation,Imidazolium_Ring,Cation:Imidazolium_Ring,5,-1.0092985898745667e-18,1.8649413499322018e-18,3.729882699864404e-19,1.8649330751611437e-06,1
Case1_R1234yf,[emim]__[Ac]__R1234yf__313.15__0.311,44,Refri,CF3,Refri:CF3,4,-1.6161722672407854e-19,7.185223223844268e-19,1.796305805961067e-19,7.18519134290754e-07,2
Case1_R1234yf,[emim]__[Ac]__R1234yf__313.15__0.311,44,Anion,Carboxylate_COO,Anion:Carboxylate_COO,3,-4.2402543527311463e-19,6.542655365340239e-19,2.1808851217800796e-19,6.542626335486157e-07,3
Case1_R1234yf,[emim]__[Ac]__R1234yf__313.15__0.311,44,Refri,Halogenated_Alkene,Refri:Halogenated_Alkene,3,-2.417915945046814e-19,5.768142505611199e-19,1.9227141685370665e-19,5.768116912281594e-07,4
Case1_R1234yf,[emim]__[Ac]__R1234yf__313.15__0.311,44,Cation,Alkyl_Chain,Cation:Alkyl_Chain,3,-2.8723904932040706e-20,4.669341500042929e-19,1.5564471666809763e-19,4.6693207821088736e-07,5
Case1_R1234yf,[emim]__[Ac]__R1234yf__313.15__0.311,44,Anion,Alkyl_Chain,Anion:Alkyl_Chain,1,2.3274639389345963e-20,1.555561738766956e-19,1.555561738766956e-19,1.5555548367175938e-07,6
Case1_R1234yf,[emim]__[Ac]__R1234yf__313.15__0.311,45,Cation,Imidazolium_Ring,Cation:Imidazolium_Ring,5,0.011806934606283903,0.035204209852963686,0.007040841970592737,0.28809906138172287,1
Case1_R1234yf,[emim]__[Ac]__R1234yf__313.15__0.311,45,Refri,CF3,Refri:CF3,4,-0.0025482182390987873,0.03208949975669384,0.00802237493917346,0.26260935265201607,2
Case1_R1234yf,[emim]__[Ac]__R1234yf__313.15__0.311,45,Refri,Halogenated_Alkene,Refri:Halogenated_Alkene,3,0.0059818970039486885,0.024602822493761778,0.008200940831253925,0.20134097874652895,3
Case1_R1234yf,[emim]__[Ac]__R1234yf__313.15__0.311,45,Anion,Carboxylate_COO,Anion:Carboxylate_COO,3,0.01623007981106639,0.01820528879761696,0.006068429599205653,0.1489857785953146,4
Case1_R1234yf,[emim]__[Ac]__R1234yf__313.15__0.311,45,Cation,Alkyl_Chain,Cation:Alkyl_Chain,3,0.003593537607230246,0.009996809647418559,0.0033322698824728527,0.08181042802159579,5
Case1_R1234yf,[emim]__[Ac]__R1234yf__313.15__0.311,45,Anion,Alkyl_Chain,Anion:Alkyl_Chain,1,0.0014233788242563605,0.0020961787085980177,0.0020961787085980177,0.017154400594637992,6
Case1_R1234yf,[emim]__[Ac]__R1234yf__313.15__0.311,46,Cation,Imidazolium_Ring,Cation:Imidazolium_Ring,5,0.0,0.0,0.0,0.0,1
Case1_R1234yf,[emim]__[Ac]__R1234yf__313.15__0.311,46,Cation,Alkyl_Chain,Cation:Alkyl_Chain,3,0.0,0.0,0.0,0.0,2
Case1_R1234yf,[emim]__[Ac]__R1234yf__313.15__0.311,46,Anion,Carboxylate_COO,Anion:Carboxylate_COO,3,0.0,0.0,0.0,0.0,3
Case1_R1234yf,[emim]__[Ac]__R1234yf__313.15__0.311,46,Anion,Alkyl_Chain,Anion:Alkyl_Chain,1,0.0,0.0,0.0,0.0,4
Case1_R1234yf,[emim]__[Ac]__R1234yf__313.15__0.311,46,Refri,CF3,Refri:CF3,4,0.0,0.0,0.0,0.0,5
Case1_R1234yf,[emim]__[Ac]__R1234yf__313.15__0.311,46,Refri,Halogenated_Alkene,Refri:Halogenated_Alkene,3,0.0,0.0,0.0,0.0,6
Case1_R1234yf,[emim]__[BF4]__R1234yf__313.15__0.3919,42,Cation,Imidazolium_Ring,Cation:Imidazolium_Ring,5,0.0,0.0,0.0,0.0,1
Case1_R1234yf,[emim]__[BF4]__R1234yf__313.15__0.3919,42,Cation,Alkyl_Chain,Cation:Alkyl_Chain,3,0.0,0.0,0.0,0.0,2
Case1_R1234yf,[emim]__[BF4]__R1234yf__313.15__0.3919,42,Anion,BF4_Core,Anion:BF4_Core,5,0.0,0.0,0.0,0.0,3
Case1_R1234yf,[emim]__[BF4]__R1234yf__313.15__0.3919,42,Refri,CF3,Refri:CF3,4,0.0,0.0,0.0,0.0,4
Case1_R1234yf,[emim]__[BF4]__R1234yf__313.15__0.3919,42,Refri,Halogenated_Alkene,Refri:Halogenated_Alkene,3,0.0,0.0,0.0,0.0,5
Case1_R1234yf,[emim]__[BF4]__R1234yf__313.15__0.3919,43,Anion,BF4_Core,Anion:BF4_Core,5,-2.003676113915276e-10,2.659368142365892e-10,5.318736284731784e-11,0.28840874496679497,1
Case1_R1234yf,[emim]__[BF4]__R1234yf__313.15__0.3919,43,Refri,CF3,Refri:CF3,4,-1.647394720638573e-10,2.0813878051639811e-10,5.203469512909953e-11,0.22572671873195063,2
Case1_R1234yf,[emim]__[BF4]__R1234yf__313.15__0.3919,43,Cation,Imidazolium_Ring,Cation:Imidazolium_Ring,5,-6.877732498106193e-11,1.6665725396936004e-10,3.333145079387201e-11,0.18073996108772822,3
Case1_R1234yf,[emim]__[BF4]__R1234yf__313.15__0.3919,43,Cation,Alkyl_Chain,Cation:Alkyl_Chain,3,-1.1148158785001527e-10,1.4447970250741626e-10,4.8159900835805423e-11,0.15668838401692306,4
Case1_R1234yf,[emim]__[BF4]__R1234yf__313.15__0.3919,43,Refri,Halogenated_Alkene,Refri:Halogenated_Alkene,3,-9.617513556381407e-11,1.3587049541019525e-10,4.529016513673175e-11,0.14735169018159805,5
Case1_R1234yf,[emim]__[BF4]__R1234yf__313.15__0.3919,44,Cation,Imidazolium_Ring,Cation:Imidazolium_Ring,5,-1.1731737579457993e-18,2.167918376361134e-18,4.335836752722268e-19,2.1679071111412335e-06,1
Case1_R1234yf,[emim]__[BF4]__R1234yf__313.15__0.3919,44,Anion,BF4_Core,Anion:BF4_Core,5,-3.5060941097805706e-19,9.792204416457604e-19,1.9584408832915208e-19,9.7921535329293e-07,2
Case1_R1234yf,[emim]__[BF4]__R1234yf__313.15__0.3919,44,Refri,CF3,Refri:CF3,4,-1.881370184410922e-19,8.354770014523873e-19,2.0886925036309682e-19,8.354726600379476e-07,3
Case1_R1234yf,[emim]__[BF4]__R1234yf__313.15__0.3919,44,Refri,Halogenated_Alkene,Refri:Halogenated_Alkene,3,-2.8115099354966824e-19,6.706987460227028e-19,2.235662486742343e-19,6.706952608505011e-07,4
Case1_R1234yf,[emim]__[BF4]__R1234yf__313.15__0.3919,44,Cation,Alkyl_Chain,Cation:Alkyl_Chain,3,-3.340172761830172e-20,5.430427150478702e-19,1.8101423834929007e-19,5.430398932185674e-07,5
Case1_R1234yf,[emim]__[BF4]__R1234yf__313.15__0.3919,45,Cation,Imidazolium_Ring,Cation:Imidazolium_Ring,5,0.006626121466979384,0.01784625044092536,0.003569250088185072,0.31965654428904516,1
Case1_R1234yf,[emim]__[BF4]__R1234yf__313.15__0.3919,45,Refri,CF3,Refri:CF3,4,-0.0012451624497771263,0.013765816111117601,0.0034414540277794003,0.24656906065306514,2
Case1_R1234yf,[emim]__[BF4]__R1234yf__313.15__0.3919,45,Refri,Halogenated_Alkene,Refri:Halogenated_Alkene,3,0.0030197002924978733,0.011320408899337053,0.003773469633112351,0.2027676794450164,3
Case1_R1234yf,[emim]__[BF4]__R1234yf__313.15__0.3919,45,Anion,BF4_Core,Anion:BF4_Core,5,-0.004687303968239576,0.00810562795959413,0.0016211255919188262,0.14518551285791412,4
Case1_R1234yf,[emim]__[BF4]__R1234yf__313.15__0.3919,45,Cation,Alkyl_Chain,Cation:Alkyl_Chain,3,0.0017613496165722609,0.0047913509188219905,0.0015971169729406636,0.08582120273704752,5
Case1_R1234yf,[emim]__[BF4]__R1234yf__313.15__0.3919,46,Cation,Imidazolium_Ring,Cation:Imidazolium_Ring,5,0.0,0.0,0.0,0.0,1
Case1_R1234yf,[emim]__[BF4]__R1234yf__313.15__0.3919,46,Cation,Alkyl_Chain,Cation:Alkyl_Chain,3,0.0,0.0,0.0,0.0,2
Case1_R1234yf,[emim]__[BF4]__R1234yf__313.15__0.3919,46,Anion,BF4_Core,Anion:BF4_Core,5,0.0,0.0,0.0,0.0,3
Case1_R1234yf,[emim]__[BF4]__R1234yf__313.15__0.3919,46,Refri,CF3,Refri:CF3,4,0.0,0.0,0.0,0.0,4
Case1_R1234yf,[emim]__[BF4]__R1234yf__313.15__0.3919,46,Refri,Halogenated_Alkene,Refri:Halogenated_Alkene,3,0.0,0.0,0.0,0.0,5
Case1_R1234yf,[bmim]__[Ac]__R1234yf__313.15__0.561,42,Cation,Imidazolium_Ring,Cation:Imidazolium_Ring,5,0.0,0.0,0.0,0.0,1
Case1_R1234yf,[bmim]__[Ac]__R1234yf__313.15__0.561,42,Cation,Alkyl_Chain,Cation:Alkyl_Chain,5,0.0,0.0,0.0,0.0,2
Case1_R1234yf,[bmim]__[Ac]__R1234yf__313.15__0.561,42,Anion,Carboxylate_COO,Anion:Carboxylate_COO,3,0.0,0.0,0.0,0.0,3
Case1_R1234yf,[bmim]__[Ac]__R1234yf__313.15__0.561,42,Anion,Alkyl_Chain,Anion:Alkyl_Chain,1,0.0,0.0,0.0,0.0,4
Case1_R1234yf,[bmim]__[Ac]__R1234yf__313.15__0.561,42,Refri,CF3,Refri:CF3,4,0.0,0.0,0.0,0.0,5
Case1_R1234yf,[bmim]__[Ac]__R1234yf__313.15__0.561,42,Refri,Halogenated_Alkene,Refri:Halogenated_Alkene,3,0.0,0.0,0.0,0.0,6
Case1_R1234yf,[bmim]__[Ac]__R1234yf__313.15__0.561,43,Cation,Alkyl_Chain,Cation:Alkyl_Chain,5,-3.0902000403010277e-10,3.96377847211582e-10,7.927556944231639e-11,0.269412844890731,1
Case1_R1234yf,[bmim]__[Ac]__R1234yf__313.15__0.561,43,Refri,CF3,Refri:CF3,4,-2.556055714308947e-10,3.21814436210488e-10,8.0453609052622e-11,0.2187330684504532,2
Case1_R1234yf,[bmim]__[Ac]__R1234yf__313.15__0.561,43,Cation,Imidazolium_Ring,Cation:Imidazolium_Ring,5,-1.0741814816112027e-10,2.57236204559419e-10,5.1447240911883795e-11,0.17484008797861522,3
Case1_R1234yf,[bmim]__[Ac]__R1234yf__313.15__0.561,43,Refri,Halogenated_Alkene,Refri:Halogenated_Alkene,3,-1.4938360270999596e-10,2.1004633796173344e-10,7.001544598724448e-11,0.14276575209043882,4
Case1_R1234yf,[bmim]__[Ac]__R1234yf__313.15__0.561,43,Anion,Carboxylate_COO,Anion:Carboxylate_COO,3,-1.387387166956744e-10,2.08423514558298e-10,6.9474504852766e-11,0.14166274022196418,5
Case1_R1234yf,[bmim]__[Ac]__R1234yf__313.15__0.561,43,Anion,Alkyl_Chain,Anion:Alkyl_Chain,1,-5.991034057739597e-11,7.63672458603537e-11,7.63672458603537e-11,0.05190581943073487,6
Case1_R1234yf,[bmim]__[Ac]__R1234yf__313.15__0.561,44,Cation,Imidazolium_Ring,Cation:Imidazolium_Ring,5,5.428753725325416e-19,1.0041103967503605e-18,2.008220793500721e-19,1.0041077940345248e-06,1
Case1_R1234yf,[bmim]__[Ac]__R1234yf__313.15__0.561,44,Cation,Alkyl_Chain,Cation:Alkyl_Chain,5,3.343437217192915e-20,4.492431542330903e-19,8.984863084661806e-20,4.492419897672354e-07,2
Case1_R1234yf,[bmim]__[Ac]__R1234yf__313.15__0.561,44,Refri,CF3,Refri:CF3,4,8.744518842971591e-20,3.8867195561244844e-19,9.716798890311211e-20,3.886709481508615e-07,3
Case1_R1234yf,[bmim]__[Ac]__R1234yf__313.15__0.561,44,Anion,Carboxylate_COO,Anion:Carboxylate_COO,3,2.2935983245513657e-19,3.538651518638003e-19,1.1795505062126677e-19,3.53864234623587e-07,4
Case1_R1234yf,[bmim]__[Ac]__R1234yf__313.15__0.561,44,Refri,Halogenated_Alkene,Refri:Halogenated_Alkene,3,1.3079366597873976e-19,3.1202088933400707e-19,1.0400696311133569e-19,3.1202008055669296e-07,5
Case1_R1234yf,[bmim]__[Ac]__R1234yf__313.15__0.561,44,Anion,Alkyl_Chain,Anion:Alkyl_Chain,1,-1.2591682557580305e-20,8.415660588871491e-20,8.415660588871491e-20,8.41563877496223e-08,6
Case1_R1234yf,[bmim]__[Ac]__R1234yf__313.15__0.561,45,Cation,Imidazolium_Ring,Cation:Imidazolium_Ring,5,0.02108442783355713,0.06471310555934906,0.012942621111869812,0.2738983899945111,1
Case1_R1234yf,[bmim]__[Ac]__R1234yf__313.15__0.561,45,Refri,CF3,Refri:CF3,4,-0.005630968138575554,0.05778389424085617,0.014445973560214043,0.24457048480958124,2
Case1_R1234yf,[bmim]__[Ac]__R1234yf__313.15__0.561,45,Refri,Halogenated_Alkene,Refri:Halogenated_Alkene,3,0.010366343893110752,0.044184232130646706,0.014728077376882235,0.18700987905191813,3
Case1_R1234yf,[bmim]__[Ac]__R1234yf__313.15__0.561,45,Cation,Alkyl_Chain,Cation:Alkyl_Chain,5,0.021283042384311557,0.0332304120529443,0.006646082410588861,0.14064780667662943,4
Case1_R1234yf,[bmim]__[Ac]__R1234yf__313.15__0.561,45,Anion,Carboxylate_COO,Anion:Carboxylate_COO,3,0.028849042020738125,0.03248942457139492,0.010829808190464973,0.13751157520623075,5
Case1_R1234yf,[bmim]__[Ac]__R1234yf__313.15__0.561,45,Anion,Alkyl_Chain,Anion:Alkyl_Chain,1,0.0026391667779535055,0.0038657658733427525,0.0038657658733427525,0.01636186425689683,6
Case1_R1234yf,[bmim]__[Ac]__R1234yf__313.15__0.561,46,Cation,Imidazolium_Ring,Cation:Imidazolium_Ring,5,0.0,0.0,0.0,0.0,1
Case1_R1234yf,[bmim]__[Ac]__R1234yf__313.15__0.561,46,Cation,Alkyl_Chain,Cation:Alkyl_Chain,5,0.0,0.0,0.0,0.0,2
Case1_R1234yf,[bmim]__[Ac]__R1234yf__313.15__0.561,46,Anion,Carboxylate_COO,Anion:Carboxylate_COO,3,0.0,0.0,0.0,0.0,3
Case1_R1234yf,[bmim]__[Ac]__R1234yf__313.15__0.561,46,Anion,Alkyl_Chain,Anion:Alkyl_Chain,1,0.0,0.0,0.0,0.0,4
Case1_R1234yf,[bmim]__[Ac]__R1234yf__313.15__0.561,46,Refri,CF3,Refri:CF3,4,0.0,0.0,0.0,0.0,5
Case1_R1234yf,[bmim]__[Ac]__R1234yf__313.15__0.561,46,Refri,Halogenated_Alkene,Refri:Halogenated_Alkene,3,0.0,0.0,0.0,0.0,6
Case1_R1234yf,[bmim]__[PF6]__R1234yf__313.15__0.23,42,Cation,Imidazolium_Ring,Cation:Imidazolium_Ring,5,0.0,0.0,0.0,0.0,1
Case1_R1234yf,[bmim]__[PF6]__R1234yf__313.15__0.23,42,Cation,Alkyl_Chain,Cation:Alkyl_Chain,5,0.0,0.0,0.0,0.0,2
Case1_R1234yf,[bmim]__[PF6]__R1234yf__313.15__0.23,42,Anion,PF6_Core,Anion:PF6_Core,7,0.0,0.0,0.0,0.0,3
Case1_R1234yf,[bmim]__[PF6]__R1234yf__313.15__0.23,42,Refri,CF3,Refri:CF3,4,0.0,0.0,0.0,0.0,4
Case1_R1234yf,[bmim]__[PF6]__R1234yf__313.15__0.23,42,Refri,Halogenated_Alkene,Refri:Halogenated_Alkene,3,0.0,0.0,0.0,0.0,5
Case1_R1234yf,[bmim]__[PF6]__R1234yf__313.15__0.23,43,Anion,PF6_Core,Anion:PF6_Core,7,-2.2968533325284923e-10,3.0585501145652394e-10,4.3693573065217706e-11,0.3178487226122696,1
Case1_R1234yf,[bmim]__[PF6]__R1234yf__313.15__0.23,43,Cation,Alkyl_Chain,Cation:Alkyl_Chain,5,-1.7097826453260634e-10,2.1920241663475615e-10,4.384048332695123e-11,0.2277981576600177,2
Case1_R1234yf,[bmim]__[PF6]__R1234yf__313.15__0.23,43,Refri,CF3,Refri:CF3,4,-1.4136360831917827e-10,1.7791906836706062e-10,4.4479767091765154e-11,0.18489593595190718,3
Case1_R1234yf,[bmim]__[PF6]__R1234yf__313.15__0.23,43,Cation,Imidazolium_Ring,Cation:Imidazolium_Ring,5,-5.944379537214939e-11,1.4214223895137046e-10,2.8428447790274092e-11,0.14771616415499933,4
Case1_R1234yf,[bmim]__[PF6]__R1234yf__313.15__0.23,43,Refri,Halogenated_Alkene,Refri:Halogenated_Alkene,3,-8.265511365623812e-11,1.1614724113040431e-10,3.8715747043468106e-11,0.12070180590611611,5
Case1_R1234yf,[bmim]__[PF6]__R1234yf__313.15__0.23,44,Cation,Imidazolium_Ring,Cation:Imidazolium_Ring,5,-2.9098342970467495e-18,5.3832971133618154e-18,1.076659422672363e-18,5.3832179185779445e-06,1
Case1_R1234yf,[bmim]__[PF6]__R1234yf__313.15__0.23,44,Anion,PF6_Core,Anion:PF6_Core,7,-1.3599810867833868e-18,3.157318826408008e-18,4.510455466297154e-19,3.1572723784455785e-06,2
Case1_R1234yf,[bmim]__[PF6]__R1234yf__313.15__0.23,44,Cation,Alkyl_Chain,Cation:Alkyl_Chain,5,-1.7938905031958975e-19,2.411036968901155e-18,4.82207393780231e-19,2.4110014996436285e-06,3
Case1_R1234yf,[bmim]__[PF6]__R1234yf__313.15__0.23,44,Refri,CF3,Refri:CF3,4,-4.707630398128302e-19,2.0855514015770717e-18,5.213878503942679e-19,2.0855207206042364e-06,4
Case1_R1234yf,[bmim]__[PF6]__R1234yf__313.15__0.23,44,Refri,Halogenated_Alkene,Refri:Halogenated_Alkene,3,-7.01836590164372e-19,1.674216454939472e-18,5.580721516464907e-19,1.6741918251990899e-06,5
Case1_R1234yf,[bmim]__[PF6]__R1234yf__313.15__0.23,45,Cation,Imidazolium_Ring,Cation:Imidazolium_Ring,5,0.0068497201427817345,0.017616801895201206,0.003523360379040241,0.2622036236935422,1
Case1_R1234yf,[bmim]__[PF6]__R1234yf__313.15__0.23,45,Refri,CF3,Refri:CF3,4,-0.0010840545874089003,0.014659309992566705,0.003664827498141676,0.21818512938747234,2
Case1_R1234yf,[bmim]__[PF6]__R1234yf__313.15__0.23,45,Anion,PF6_Core,Anion:PF6_Core,7,-0.004634069046005607,0.013166706543415785,0.0018809580776308263,0.1959696310562197,3
Case1_R1234yf,[bmim]__[PF6]__R1234yf__313.15__0.23,45,Refri,Halogenated_Alkene,Refri:Halogenated_Alkene,3,0.0035164677537977695,0.012138938996940851,0.004046312998980284,0.18067262217779462,4
Case1_R1234yf,[bmim]__[PF6]__R1234yf__313.15__0.23,45,Cation,Alkyl_Chain,Cation:Alkyl_Chain,5,0.006350325420498848,0.009605727042071521,0.0019211454084143043,0.1429689936700873,5
Case1_R1234yf,[bmim]__[PF6]__R1234yf__313.15__0.23,46,Cation,Imidazolium_Ring,Cation:Imidazolium_Ring,5,0.0,0.0,0.0,0.0,1
Case1_R1234yf,[bmim]__[PF6]__R1234yf__313.15__0.23,46,Cation,Alkyl_Chain,Cation:Alkyl_Chain,5,0.0,0.0,0.0,0.0,2
Case1_R1234yf,[bmim]__[PF6]__R1234yf__313.15__0.23,46,Anion,PF6_Core,Anion:PF6_Core,7,0.0,0.0,0.0,0.0,3
Case1_R1234yf,[bmim]__[PF6]__R1234yf__313.15__0.23,46,Refri,CF3,Refri:CF3,4,0.0,0.0,0.0,0.0,4
Case1_R1234yf,[bmim]__[PF6]__R1234yf__313.15__0.23,46,Refri,Halogenated_Alkene,Refri:Halogenated_Alkene,3,0.0,0.0,0.0,0.0,5
Case2_R134_vs_R134a,[emim]__[BEI]__R134__283.149__0.01,42,Cation,Imidazolium_Ring,Cation:Imidazolium_Ring,5,0.0,0.0,0.0,0.0,1
Case2_R134_vs_R134a,[emim]__[BEI]__R134__283.149__0.01,42,Cation,Alkyl_Chain,Cation:Alkyl_Chain,3,0.0,0.0,0.0,0.0,2
Case2_R134_vs_R134a,[emim]__[BEI]__R134__283.149__0.01,42,Anion,CF3,Anion:CF3,8,0.0,0.0,0.0,0.0,3
Case2_R134_vs_R134a,[emim]__[BEI]__R134__283.149__0.01,42,Anion,Sulfonyl_SO2,Anion:Sulfonyl_SO2,6,0.0,0.0,0.0,0.0,4
Case2_R134_vs_R134a,[emim]__[BEI]__R134__283.149__0.01,42,Anion,Sulfonimide_N,Anion:Sulfonimide_N,1,0.0,0.0,0.0,0.0,5
Case2_R134_vs_R134a,[emim]__[BEI]__R134__283.149__0.01,42,Anion,Alkyl_Chain,Anion:Alkyl_Chain,2,0.0,0.0,0.0,0.0,6
Case2_R134_vs_R134a,[emim]__[BEI]__R134__283.149__0.01,42,Anion,Other,Anion:Other,4,0.0,0.0,0.0,0.0,7
Case2_R134_vs_R134a,[emim]__[BEI]__R134__283.149__0.01,42,Refri,CHF2,Refri:CHF2,6,0.0,0.0,0.0,0.0,8
Case2_R134_vs_R134a,[emim]__[BEI]__R134__283.149__0.01,43,Anion,CF3,Anion:CF3,8,6.949027742120251e-10,9.587398652755041e-10,1.1984248315943802e-10,0.25647738835142603,1
Case2_R134_vs_R134a,[emim]__[BEI]__R134__283.149__0.01,43,Anion,Sulfonyl_SO2,Anion:Sulfonyl_SO2,6,4.694572508512351e-10,6.614259140391709e-10,1.1023765233986182e-10,0.17694141775566335,2
Case2_R134_vs_R134a,[emim]__[BEI]__R134__283.149__0.01,43,Refri,CHF2,Refri:CHF2,6,4.634045508433715e-10,6.330356794315151e-10,1.0550594657191918e-10,0.16934660138202332,3
Case2_R134_vs_R134a,[emim]__[BEI]__R134__283.149__0.01,43,Anion,Other,Anion:Other,4,2.766299134204786e-10,3.905374357238145e-10,9.763435893095362e-11,0.10447466011974339,4
Case2_R134_vs_R134a,[emim]__[BEI]__R134__283.149__0.01,43,Anion,Alkyl_Chain,Anion:Alkyl_Chain,2,2.6989699364321496e-10,3.5838698675405567e-10,1.7919349337702783e-10,0.0958739296351296,5
Case2_R134_vs_R134a,[emim]__[BEI]__R134__283.149__0.01,43,Cation,Imidazolium_Ring,Cation:Imidazolium_Ring,5,1.1039378775262038e-10,3.4214785865627206e-10,6.842957173125441e-11,0.09152971770186766,6
Case2_R134_vs_R134a,[emim]__[BEI]__R134__283.149__0.01,43,Cation,Alkyl_Chain,Cation:Alkyl_Chain,3,2.0813559209464927e-10,2.966897422185255e-10,9.889658073950851e-11,0.07936898525962385,7
Case2_R134_vs_R134a,[emim]__[BEI]__R134__283.149__0.01,43,Anion,Sulfonimide_N,Anion:Sulfonimide_N,1,6.526092166669883e-11,9.614330165330642e-11,9.614330165330642e-11,0.025719784697215513,8
Case2_R134_vs_R134a,[emim]__[BEI]__R134__283.149__0.01,44,Cation,Imidazolium_Ring,Cation:Imidazolium_Ring,5,5.687200633775595e-18,1.0513939560039975e-17,2.102787912007995e-18,1.0513491599581664e-05,1
Case2_R134_vs_R134a,[emim]__[BEI]__R134__283.149__0.01,44,Anion,CF3,Anion:CF3,8,1.9461905452147635e-18,8.183487224347377e-18,1.0229359030434222e-18,8.183138555928022e-06,2
Case2_R134_vs_R134a,[emim]__[BEI]__R134__283.149__0.01,44,Anion,Sulfonyl_SO2,Anion:Sulfonyl_SO2,6,3.2132013391345005e-18,7.87324362303232e-18,1.3122072705053867e-18,7.872908172956578e-06,3
Case2_R134_vs_R134a,[emim]__[BEI]__R134__283.149__0.01,44,Refri,CHF2,Refri:CHF2,6,1.117407942309162e-18,6.067940754494273e-18,1.0113234590823789e-18,6.067682221762002e-06,4
Case2_R134_vs_R134a,[emim]__[BEI]__R134__283.149__0.01,44,Anion,Other,Anion:Other,4,1.5256405480593816e-18,3.315950354404599e-18,8.289875886011498e-19,3.315809073904363e-06,5
Case2_R134_vs_R134a,[emim]__[BEI]__R134__283.149__0.01,44,Anion,Alkyl_Chain,Anion:Alkyl_Chain,2,-4.5405347445137615e-19,3.0861937014376358e-18,1.5430968507188179e-18,3.08606221002692e-06,6
Case2_R134_vs_R134a,[emim]__[BEI]__R134__283.149__0.01,44,Cation,Alkyl_Chain,Cation:Alkyl_Chain,3,1.6212075676609886e-19,2.636716164285509e-18,8.789053880951697e-19,2.636603823466481e-06,7
Case2_R134_vs_R134a,[emim]__[BEI]__R134__283.149__0.01,44,Anion,Sulfonimide_N,Anion:Sulfonimide_N,1,4.955631811974829e-19,9.306815866987253e-19,9.306815866987253e-19,9.306419337648523e-07,8
Case2_R134_vs_R134a,[emim]__[BEI]__R134__283.149__0.01,45,Anion,Sulfonyl_SO2,Anion:Sulfonyl_SO2,6,0.005665759555995464,0.0574654396623373,0.009577573277056217,0.24095089293456176,1
Case2_R134_vs_R134a,[emim]__[BEI]__R134__283.149__0.01,45,Anion,CF3,Anion:CF3,8,-0.0027285441756248474,0.05283218063414097,0.006604022579267621,0.22152377453782035,2
Case2_R134_vs_R134a,[emim]__[BEI]__R134__283.149__0.01,45,Cation,Imidazolium_Ring,Cation:Imidazolium_Ring,5,0.011992499232292175,0.03801566595211625,0.00760313319042325,0.15939856565071767,3
Case2_R134_vs_R134a,[emim]__[BEI]__R134__283.149__0.01,45,Refri,CHF2,Refri:CHF2,6,-0.02281207637861371,0.03114336170256138,0.00519056028376023,0.1305831967058683,4
Case2_R134_vs_R134a,[emim]__[BEI]__R134__283.149__0.01,45,Anion,Alkyl_Chain,Anion:Alkyl_Chain,2,0.02364608272910118,0.024158596992492676,0.012079298496246338,0.10129628436833173,5
Case2_R134_vs_R134a,[emim]__[BEI]__R134__283.149__0.01,45,Anion,Other,Anion:Other,4,-0.01692315563559532,0.017665475606918335,0.004416368901729584,0.07407081798402039,6
Case2_R134_vs_R134a,[emim]__[BEI]__R134__283.149__0.01,45,Cation,Alkyl_Chain,Cation:Alkyl_Chain,3,0.003547988599166274,0.01008618122432381,0.0033620604081079364,0.04229106027171717,7
Case2_R134_vs_R134a,[emim]__[BEI]__R134__283.149__0.01,45,Anion,Sulfonimide_N,Anion:Sulfonimide_N,1,0.007062558084726334,0.007127502467483282,0.007127502467483282,0.029885407542769644,8
Case2_R134_vs_R134a,[emim]__[BEI]__R134__283.149__0.01,46,Cation,Imidazolium_Ring,Cation:Imidazolium_Ring,5,0.0,0.0,0.0,0.0,1
Case2_R134_vs_R134a,[emim]__[BEI]__R134__283.149__0.01,46,Cation,Alkyl_Chain,Cation:Alkyl_Chain,3,0.0,0.0,0.0,0.0,2
Case2_R134_vs_R134a,[emim]__[BEI]__R134__283.149__0.01,46,Anion,CF3,Anion:CF3,8,0.0,0.0,0.0,0.0,3
Case2_R134_vs_R134a,[emim]__[BEI]__R134__283.149__0.01,46,Anion,Sulfonyl_SO2,Anion:Sulfonyl_SO2,6,0.0,0.0,0.0,0.0,4
Case2_R134_vs_R134a,[emim]__[BEI]__R134__283.149__0.01,46,Anion,Sulfonimide_N,Anion:Sulfonimide_N,1,0.0,0.0,0.0,0.0,5
Case2_R134_vs_R134a,[emim]__[BEI]__R134__283.149__0.01,46,Anion,Alkyl_Chain,Anion:Alkyl_Chain,2,0.0,0.0,0.0,0.0,6
Case2_R134_vs_R134a,[emim]__[BEI]__R134__283.149__0.01,46,Anion,Other,Anion:Other,4,0.0,0.0,0.0,0.0,7
Case2_R134_vs_R134a,[emim]__[BEI]__R134__283.149__0.01,46,Refri,CHF2,Refri:CHF2,6,0.0,0.0,0.0,0.0,8
Case2_R134_vs_R134a,[emim]__[BEI]__R134a__283.1__0.0103,42,Cation,Imidazolium_Ring,Cation:Imidazolium_Ring,5,0.0,0.0,0.0,0.0,1
Case2_R134_vs_R134a,[emim]__[BEI]__R134a__283.1__0.0103,42,Cation,Alkyl_Chain,Cation:Alkyl_Chain,3,0.0,0.0,0.0,0.0,2
Case2_R134_vs_R134a,[emim]__[BEI]__R134a__283.1__0.0103,42,Anion,CF3,Anion:CF3,8,0.0,0.0,0.0,0.0,3
Case2_R134_vs_R134a,[emim]__[BEI]__R134a__283.1__0.0103,42,Anion,Sulfonyl_SO2,Anion:Sulfonyl_SO2,6,0.0,0.0,0.0,0.0,4
Case2_R134_vs_R134a,[emim]__[BEI]__R134a__283.1__0.0103,42,Anion,Sulfonimide_N,Anion:Sulfonimide_N,1,0.0,0.0,0.0,0.0,5
Case2_R134_vs_R134a,[emim]__[BEI]__R134a__283.1__0.0103,42,Anion,Alkyl_Chain,Anion:Alkyl_Chain,2,0.0,0.0,0.0,0.0,6
Case2_R134_vs_R134a,[emim]__[BEI]__R134a__283.1__0.0103,42,Anion,Other,Anion:Other,4,0.0,0.0,0.0,0.0,7
Case2_R134_vs_R134a,[emim]__[BEI]__R134a__283.1__0.0103,42,Refri,CF3,Refri:CF3,4,0.0,0.0,0.0,0.0,8
Case2_R134_vs_R134a,[emim]__[BEI]__R134a__283.1__0.0103,42,Refri,CH2F,Refri:CH2F,2,0.0,0.0,0.0,0.0,9
Case2_R134_vs_R134a,[emim]__[BEI]__R134a__283.1__0.0103,43,Anion,CF3,Anion:CF3,8,-4.97084869793829e-10,6.088199527853888e-10,7.61024940981736e-11,0.2535089001288828,1
Case2_R134_vs_R134a,[emim]__[BEI]__R134a__283.1__0.0103,43,Anion,Sulfonyl_SO2,Anion:Sulfonyl_SO2,6,-3.349042917988321e-10,4.2044533132834516e-10,7.007422188805752e-11,0.17507086129771549,2
Case2_R134_vs_R134a,[emim]__[BEI]__R134a__283.1__0.0103,43,Refri,CF3,Refri:CF3,4,-2.301343976496284e-10,2.8043171257374766e-10,7.010792814343692e-11,0.11677004784514662,3
Case2_R134_vs_R134a,[emim]__[BEI]__R134a__283.1__0.0103,43,Anion,Other,Anion:Other,4,-1.9861737254878165e-10,2.469484061684568e-10,6.17371015421142e-11,0.10282780409861846,4
Case2_R134_vs_R134a,[emim]__[BEI]__R134a__283.1__0.0103,43,Anion,Alkyl_Chain,Anion:Alkyl_Chain,2,-1.9207335721915797e-10,2.2911336716724406e-10,1.1455668358362203e-10,0.09540140307436201,5
Case2_R134_vs_R134a,[emim]__[BEI]__R134a__283.1__0.0103,43,Cation,Imidazolium_Ring,Cation:Imidazolium_Ring,5,-1.0228877120321833e-10,2.241678145192827e-10,4.4833562903856536e-11,0.09334210523667087,6
Case2_R134_vs_R134a,[emim]__[BEI]__R134a__283.1__0.0103,43,Cation,Alkyl_Chain,Cation:Alkyl_Chain,3,-1.566144922082735e-10,1.9450779181751088e-10,6.483593060583696e-11,0.08099185341176991,7
Case2_R134_vs_R134a,[emim]__[BEI]__R134a__283.1__0.0103,43,Refri,CH2F,Refri:CH2F,2,-1.1095502294722337e-10,1.350746250960988e-10,6.75373125480494e-11,0.0562442467379249,8
Case2_R134_vs_R134a,[emim]__[BEI]__R134a__283.1__0.0103,43,Anion,Sulfonimide_N,Anion:Sulfonimide_N,1,-4.4689949657561456e-11,6.106330024957529e-11,6.106330024957529e-11,0.025426384292576484,9
Case2_R134_vs_R134a,[emim]__[BEI]__R134a__283.1__0.0103,44,Cation,Imidazolium_Ring,Cation:Imidazolium_Ring,5,-4.382339192398774e-18,8.101732621710546e-18,1.6203465243421092e-18,8.101467127512096e-06,1
Case2_R134_vs_R134a,[emim]__[BEI]__R134a__283.1__0.0103,44,Anion,CF3,Anion:CF3,8,-1.50006011686315e-18,6.306410049154469e-18,7.883012561443086e-19,6.306203387769889e-06,2
Case2_R134_vs_R134a,[emim]__[BEI]__R134a__283.1__0.0103,44,Anion,Sulfonyl_SO2,Anion:Sulfonyl_SO2,6,-2.476617088635278e-18,6.067313337999651e-18,1.0112188896666085e-18,6.067114511826704e-06,3
Case2_R134_vs_R134a,[emim]__[BEI]__R134a__283.1__0.0103,44,Refri,CF3,Refri:CF3,4,-7.199231527517854e-19,3.1408512113757256e-18,7.852128028439314e-19,3.1407482855185353e-06,4
Case2_R134_vs_R134a,[emim]__[BEI]__R134a__283.1__0.0103,44,Anion,Other,Anion:Other,4,-1.1758662954631448e-18,2.555722567812226e-18,6.389306419530565e-19,2.55563881665105e-06,5
Case2_R134_vs_R134a,[emim]__[BEI]__R134a__283.1__0.0103,44,Anion,Alkyl_Chain,Anion:Alkyl_Chain,2,3.498328273233633e-19,2.377809666532177e-18,1.1889048332660884e-18,2.3777317455860087e-06,6
Case2_R134_vs_R134a,[emim]__[BEI]__R134a__283.1__0.0103,44,Cation,Alkyl_Chain,Cation:Alkyl_Chain,3,-1.2493732094591809e-19,2.0320271290781795e-18,6.773423763593932e-19,2.031960539443708e-06,7
Case2_R134_vs_R134a,[emim]__[BEI]__R134a__283.1__0.0103,44,Refri,CH2F,Refri:CH2F,2,-1.9114752612460761e-19,1.4720724866868124e-18,7.360362433434062e-19,1.472024246795031e-06,8
Case2_R134_vs_R134a,[emim]__[BEI]__R134a__283.1__0.0103,44,Anion,Sulfonimide_N,Anion:Sulfonimide_N,1,-3.818827673373429e-19,7.171867358878834e-19,7.171867358878834e-19,7.171632336413302e-07,9
Case2_R134_vs_R134a,[emim]__[BEI]__R134a__283.1__0.0103,45,Anion,CF3,Anion:CF3,8,0.004246152937412262,0.07707854360342026,0.009634817950427532,0.23453908629780093,1
Case2_R134_vs_R134a,[emim]__[BEI]__R134a__283.1__0.0103,45,Anion,Sulfonyl_SO2,Anion:Sulfonyl_SO2,6,0.0037375912070274353,0.06567041948437691,0.010945069914062818,0.19982578111368995,2
Case2_R134_vs_R134a,[emim]__[BEI]__R134a__283.1__0.0103,45,Cation,Imidazolium_Ring,Cation:Imidazolium_Ring,5,0.015212988946586847,0.04237836226820946,0.008475672453641891,0.12895135144642253,3
Case2_R134_vs_R134a,[emim]__[BEI]__R134a__283.1__0.0103,45,Anion,Alkyl_Chain,Anion:Alkyl_Chain,2,0.0382729172706604,0.03863636776804924,0.01931818388402462,0.1175649924161511,4
Case2_R134_vs_R134a,[emim]__[BEI]__R134a__283.1__0.0103,45,Refri,CF3,Refri:CF3,4,-0.001902727410197258,0.03566957404837012,0.00891739351209253,0.10853745951636344,5
Case2_R134_vs_R134a,[emim]__[BEI]__R134a__283.1__0.0103,45,Refri,CH2F,Refri:CH2F,2,0.017377151641994715,0.025463224854320288,0.012731612427160144,0.07748098513971832,6
Case2_R134_vs_R134a,[emim]__[BEI]__R134a__283.1__0.0103,45,Anion,Other,Anion:Other,4,-0.022578969597816467,0.023023701272904873,0.005755925318226218,0.07005786055746141,7
Case2_R134_vs_R134a,[emim]__[BEI]__R134a__283.1__0.0103,45,Cation,Alkyl_Chain,Cation:Alkyl_Chain,3,0.0041222377913072705,0.011938744690269232,0.0039795815634230776,0.03632790839439547,8
Case2_R134_vs_R134a,[emim]__[BEI]__R134a__283.1__0.0103,45,Anion,Sulfonimide_N,Anion:Sulfonimide_N,1,0.008548285812139511,0.008779434487223625,0.008779434487223625,0.02671457511495405,9
Case2_R134_vs_R134a,[emim]__[BEI]__R134a__283.1__0.0103,46,Cation,Imidazolium_Ring,Cation:Imidazolium_Ring,5,0.0,0.0,0.0,0.0,1
Case2_R134_vs_R134a,[emim]__[BEI]__R134a__283.1__0.0103,46,Cation,Alkyl_Chain,Cation:Alkyl_Chain,3,0.0,0.0,0.0,0.0,2
Case2_R134_vs_R134a,[emim]__[BEI]__R134a__283.1__0.0103,46,Anion,CF3,Anion:CF3,8,0.0,0.0,0.0,0.0,3
Case2_R134_vs_R134a,[emim]__[BEI]__R134a__283.1__0.0103,46,Anion,Sulfonyl_SO2,Anion:Sulfonyl_SO2,6,0.0,0.0,0.0,0.0,4
Case2_R134_vs_R134a,[emim]__[BEI]__R134a__283.1__0.0103,46,Anion,Sulfonimide_N,Anion:Sulfonimide_N,1,0.0,0.0,0.0,0.0,5
Case2_R134_vs_R134a,[emim]__[BEI]__R134a__283.1__0.0103,46,Anion,Alkyl_Chain,Anion:Alkyl_Chain,2,0.0,0.0,0.0,0.0,6
Case2_R134_vs_R134a,[emim]__[BEI]__R134a__283.1__0.0103,46,Anion,Other,Anion:Other,4,0.0,0.0,0.0,0.0,7
Case2_R134_vs_R134a,[emim]__[BEI]__R134a__283.1__0.0103,46,Refri,CF3,Refri:CF3,4,0.0,0.0,0.0,0.0,8
Case2_R134_vs_R134a,[emim]__[BEI]__R134a__283.1__0.0103,46,Refri,CH2F,Refri:CH2F,2,0.0,0.0,0.0,0.0,9
Case2_R134_vs_R134a,[emim]__[BEI]__R134__283.123__0.05,42,Cation,Imidazolium_Ring,Cation:Imidazolium_Ring,5,0.0,0.0,0.0,0.0,1
Case2_R134_vs_R134a,[emim]__[BEI]__R134__283.123__0.05,42,Cation,Alkyl_Chain,Cation:Alkyl_Chain,3,0.0,0.0,0.0,0.0,2
Case2_R134_vs_R134a,[emim]__[BEI]__R134__283.123__0.05,42,Anion,CF3,Anion:CF3,8,0.0,0.0,0.0,0.0,3
Case2_R134_vs_R134a,[emim]__[BEI]__R134__283.123__0.05,42,Anion,Sulfonyl_SO2,Anion:Sulfonyl_SO2,6,0.0,0.0,0.0,0.0,4
Case2_R134_vs_R134a,[emim]__[BEI]__R134__283.123__0.05,42,Anion,Sulfonimide_N,Anion:Sulfonimide_N,1,0.0,0.0,0.0,0.0,5
Case2_R134_vs_R134a,[emim]__[BEI]__R134__283.123__0.05,42,Anion,Alkyl_Chain,Anion:Alkyl_Chain,2,0.0,0.0,0.0,0.0,6
Case2_R134_vs_R134a,[emim]__[BEI]__R134__283.123__0.05,42,Anion,Other,Anion:Other,4,0.0,0.0,0.0,0.0,7
Case2_R134_vs_R134a,[emim]__[BEI]__R134__283.123__0.05,42,Refri,CHF2,Refri:CHF2,6,0.0,0.0,0.0,0.0,8
Case2_R134_vs_R134a,[emim]__[BEI]__R134__283.123__0.05,43,Anion,CF3,Anion:CF3,8,6.981011740903043e-10,9.657800392748328e-10,1.207225049093541e-10,0.2565271278889532,1
Case2_R134_vs_R134a,[emim]__[BEI]__R134__283.123__0.05,43,Anion,Sulfonyl_SO2,Anion:Sulfonyl_SO2,6,4.716485257905134e-10,6.662737028761967e-10,1.1104561714603278e-10,0.17697329871831244,2
Case2_R134_vs_R134a,[emim]__[BEI]__R134__283.123__0.05,43,Refri,CHF2,Refri:CHF2,6,4.653326335368746e-10,6.373965522055158e-10,1.062327587009193e-10,0.16930305060599016,3
Case2_R134_vs_R134a,[emim]__[BEI]__R134__283.123__0.05,43,Anion,Other,Anion:Other,4,2.778792196345137e-10,3.934401693328482e-10,9.836004233321205e-11,0.10450420647633385,4
Case2_R134_vs_R134a,[emim]__[BEI]__R134__283.123__0.05,43,Anion,Alkyl_Chain,Anion:Alkyl_Chain,2,2.7117154355327244e-10,3.6096825528630916e-10,1.8048412764315458e-10,0.09587912984535457,5
Case2_R134_vs_R134a,[emim]__[BEI]__R134__283.123__0.05,43,Cation,Imidazolium_Ring,Cation:Imidazolium_Ring,5,1.1011098586741208e-10,3.4444733523764093e-10,6.888946704752819e-11,0.09149090064427264,6
Case2_R134_vs_R134a,[emim]__[BEI]__R134__283.123__0.05,43,Cation,Alkyl_Chain,Cation:Alkyl_Chain,3,2.088318129533917e-10,2.986700262108677e-10,9.955667540362256e-11,0.0793316913734529,7
Case2_R134_vs_R134a,[emim]__[BEI]__R134__283.123__0.05,43,Anion,Sulfonimide_N,Anion:Sulfonimide_N,1,6.562884957705961e-11,9.68500696307828e-11,9.68500696307828e-11,0.02572497793274414,8
Case2_R134_vs_R134a,[emim]__[BEI]__R134__283.123__0.05,44,Cation,Imidazolium_Ring,Cation:Imidazolium_Ring,5,7.060695421925049e-18,1.3053123065094509e-17,2.610624613018902e-18,1.3052432613601719e-05,1
Case2_R134_vs_R134a,[emim]__[BEI]__R134__283.123__0.05,44,Anion,CF3,Anion:CF3,8,2.4162098979581202e-18,1.01598549726693e-17,1.2699818715836626e-18,1.0159317562043702e-05,2
Case2_R134_vs_R134a,[emim]__[BEI]__R134__283.123__0.05,44,Anion,Sulfonyl_SO2,Anion:Sulfonyl_SO2,6,3.989210180850737e-18,9.774682869927352e-18,1.6291138116545587e-18,9.774165833173355e-06,3
Case2_R134_vs_R134a,[emim]__[BEI]__R134__283.123__0.05,44,Refri,CHF2,Refri:CHF2,6,1.3872687929145338e-18,7.533387782968477e-18,1.2555646304947461e-18,7.532989300642478e-06,4
Case2_R134_vs_R134a,[emim]__[BEI]__R134__283.123__0.05,44,Anion,Other,Anion:Other,4,1.89409181510403e-18,4.1167728567386245e-18,1.0291932141846561e-18,4.116555097973136e-06,5
Case2_R134_vs_R134a,[emim]__[BEI]__R134__283.123__0.05,44,Anion,Alkyl_Chain,Anion:Alkyl_Chain,2,-5.637099389747812e-19,3.831530375847676e-18,1.915765187923838e-18,3.8313277051263105e-06,6
Case2_R134_vs_R134a,[emim]__[BEI]__R134__283.123__0.05,44,Cation,Alkyl_Chain,Cation:Alkyl_Chain,3,2.012742007632571e-19,3.2735004793441434e-18,1.0911668264480478e-18,3.273327325894096e-06,7
Case2_R134_vs_R134a,[emim]__[BEI]__R134__283.123__0.05,44,Anion,Sulfonimide_N,Anion:Sulfonimide_N,1,6.1524494549806e-19,1.1554473420422733e-18,1.1554473420422733e-18,1.1553862240754713e-06,8
Case2_R134_vs_R134a,[emim]__[BEI]__R134__283.123__0.05,45,Anion,Sulfonyl_SO2,Anion:Sulfonyl_SO2,6,0.007127031683921814,0.07251384481787682,0.01208564080297947,0.24105271661358513,1
Case2_R134_vs_R134a,[emim]__[BEI]__R134__283.123__0.05,45,Anion,CF3,Anion:CF3,8,-0.0035063857212662697,0.06660250388085842,0.008325312985107303,0.22140205824239795,2
Case2_R134_vs_R134a,[emim]__[BEI]__R134__283.123__0.05,45,Cation,Imidazolium_Ring,Cation:Imidazolium_Ring,5,0.015109961852431297,0.048005832359194756,0.009601166471838951,0.15958244018840692,3
Case2_R134_vs_R134a,[emim]__[BEI]__R134__283.123__0.05,45,Refri,CHF2,Refri:CHF2,6,-0.028717872221022844,0.03922568820416927,0.006537614700694879,0.13039521937363074,4
Case2_R134_vs_R134a,[emim]__[BEI]__R134__283.123__0.05,45,Anion,Alkyl_Chain,Anion:Alkyl_Chain,2,0.029793288558721542,0.030434656888246536,0.015217328444123268,0.10117180712924437,5
Case2_R134_vs_R134a,[emim]__[BEI]__R134__283.123__0.05,45,Anion,Other,Anion:Other,4,-0.021393489092588425,0.022317927330732346,0.005579481832683086,0.07418992918896132,6
Case2_R134_vs_R134a,[emim]__[BEI]__R134__283.123__0.05,45,Cation,Alkyl_Chain,Cation:Alkyl_Chain,3,0.0044767584186047316,0.012736449483782053,0.004245483161260684,0.042338890673749977,7
Case2_R134_vs_R134a,[emim]__[BEI]__R134__283.123__0.05,45,Anion,Sulfonimide_N,Anion:Sulfonimide_N,1,0.008902426809072495,0.00898461788892746,0.00898461788892746,0.029866938586699414,8
Case2_R134_vs_R134a,[emim]__[BEI]__R134__283.123__0.05,46,Cation,Imidazolium_Ring,Cation:Imidazolium_Ring,5,0.0,0.0,0.0,0.0,1
Case2_R134_vs_R134a,[emim]__[BEI]__R134__283.123__0.05,46,Cation,Alkyl_Chain,Cation:Alkyl_Chain,3,0.0,0.0,0.0,0.0,2
Case2_R134_vs_R134a,[emim]__[BEI]__R134__283.123__0.05,46,Anion,CF3,Anion:CF3,8,0.0,0.0,0.0,0.0,3
Case2_R134_vs_R134a,[emim]__[BEI]__R134__283.123__0.05,46,Anion,Sulfonyl_SO2,Anion:Sulfonyl_SO2,6,0.0,0.0,0.0,0.0,4
Case2_R134_vs_R134a,[emim]__[BEI]__R134__283.123__0.05,46,Anion,Sulfonimide_N,Anion:Sulfonimide_N,1,0.0,0.0,0.0,0.0,5
Case2_R134_vs_R134a,[emim]__[BEI]__R134__283.123__0.05,46,Anion,Alkyl_Chain,Anion:Alkyl_Chain,2,0.0,0.0,0.0,0.0,6
Case2_R134_vs_R134a,[emim]__[BEI]__R134__283.123__0.05,46,Anion,Other,Anion:Other,4,0.0,0.0,0.0,0.0,7
Case2_R134_vs_R134a,[emim]__[BEI]__R134__283.123__0.05,46,Refri,CHF2,Refri:CHF2,6,0.0,0.0,0.0,0.0,8
Case2_R134_vs_R134a,[emim]__[BEI]__R134a__283.15__0.0504,42,Cation,Imidazolium_Ring,Cation:Imidazolium_Ring,5,0.0,0.0,0.0,0.0,1
Case2_R134_vs_R134a,[emim]__[BEI]__R134a__283.15__0.0504,42,Cation,Alkyl_Chain,Cation:Alkyl_Chain,3,0.0,0.0,0.0,0.0,2
Case2_R134_vs_R134a,[emim]__[BEI]__R134a__283.15__0.0504,42,Anion,CF3,Anion:CF3,8,0.0,0.0,0.0,0.0,3
Case2_R134_vs_R134a,[emim]__[BEI]__R134a__283.15__0.0504,42,Anion,Sulfonyl_SO2,Anion:Sulfonyl_SO2,6,0.0,0.0,0.0,0.0,4
Case2_R134_vs_R134a,[emim]__[BEI]__R134a__283.15__0.0504,42,Anion,Sulfonimide_N,Anion:Sulfonimide_N,1,0.0,0.0,0.0,0.0,5
Case2_R134_vs_R134a,[emim]__[BEI]__R134a__283.15__0.0504,42,Anion,Alkyl_Chain,Anion:Alkyl_Chain,2,0.0,0.0,0.0,0.0,6
Case2_R134_vs_R134a,[emim]__[BEI]__R134a__283.15__0.0504,42,Anion,Other,Anion:Other,4,0.0,0.0,0.0,0.0,7
Case2_R134_vs_R134a,[emim]__[BEI]__R134a__283.15__0.0504,42,Refri,CF3,Refri:CF3,4,0.0,0.0,0.0,0.0,8
Case2_R134_vs_R134a,[emim]__[BEI]__R134a__283.15__0.0504,42,Refri,CH2F,Refri:CH2F,2,0.0,0.0,0.0,0.0,9
Case2_R134_vs_R134a,[emim]__[BEI]__R134a__283.15__0.0504,43,Anion,CF3,Anion:CF3,8,-5.679364756261407e-10,6.87050333292305e-10,8.588129166153813e-11,0.2532381138133545,1
Case2_R134_vs_R134a,[emim]__[BEI]__R134a__283.15__0.0504,43,Anion,Sulfonyl_SO2,Anion:Sulfonyl_SO2,6,-3.8253952783229295e-10,4.745325521415822e-10,7.90887586902637e-11,0.1749067319005949,2
Case2_R134_vs_R134a,[emim]__[BEI]__R134a__283.15__0.0504,43,Refri,CF3,Refri:CF3,4,-2.63393869215367e-10,3.17193188381637e-10,7.929829709540925e-11,0.11691342081925081,3
Case2_R134_vs_R134a,[emim]__[BEI]__R134a__283.15__0.0504,43,Anion,Other,Anion:Other,4,-2.2700588631074936e-10,2.7853858108883855e-10,6.963464527220964e-11,0.10266581861794372,4
Case2_R134_vs_R134a,[emim]__[BEI]__R134a__283.15__0.0504,43,Anion,Alkyl_Chain,Anion:Alkyl_Chain,2,-2.1934420946223554e-10,2.5875952769371935e-10,1.2937976384685967e-10,0.09537550824025758,5
Case2_R134_vs_R134a,[emim]__[BEI]__R134a__283.15__0.0504,43,Cation,Imidazolium_Ring,Cation:Imidazolium_Ring,5,-1.1946787743105647e-10,2.5394280081525444e-10,5.078856016305089e-11,0.09360012327885099,6
Case2_R134_vs_R134a,[emim]__[BEI]__R134a__283.15__0.0504,43,Cation,Alkyl_Chain,Cation:Alkyl_Chain,3,-1.7979787103605815e-10,2.2027893398224307e-10,7.342631132741435e-11,0.08119204525696203,7
Case2_R134_vs_R134a,[emim]__[BEI]__R134a__283.15__0.0504,43,Refri,CH2F,Refri:CH2F,2,-1.2706816154839373e-10,1.5284194743170332e-10,7.642097371585166e-11,0.056335619973707576,8
Case2_R134_vs_R134a,[emim]__[BEI]__R134a__283.15__0.0504,43,Anion,Sulfonimide_N,Anion:Sulfonimide_N,1,-5.0837799248082405e-11,6.892267312430533e-11,6.892267312430533e-11,0.02540403067317593,9
Case2_R134_vs_R134a,[emim]__[BEI]__R134a__283.15__0.0504,44,Cation,Imidazolium_Ring,Cation:Imidazolium_Ring,5,-7.545254929626469e-18,1.3949088708664996e-17,2.7898177417329994e-18,1.3948301697980693e-05,1
Case2_R134_vs_R134a,[emim]__[BEI]__R134a__283.15__0.0504,44,Anion,CF3,Anion:CF3,8,-2.5827156942477275e-18,1.0858006163012019e-17,1.3572507703765024e-18,1.0857393551891752e-05,2
Case2_R134_vs_R134a,[emim]__[BEI]__R134a__283.15__0.0504,44,Anion,Sulfonyl_SO2,Anion:Sulfonyl_SO2,6,-4.26409429252099e-18,1.0446345875899745e-17,1.7410576459832906e-18,1.0445756490744342e-05,3
Case2_R134_vs_R134a,[emim]__[BEI]__R134a__283.15__0.0504,44,Refri,CF3,Refri:CF3,4,-1.2395215142130684e-18,5.407733993210587e-18,1.3519334983026467e-18,5.40742888765714e-06,4
Case2_R134_vs_R134a,[emim]__[BEI]__R134a__283.15__0.0504,44,Anion,Other,Anion:Other,4,-2.0245379909084892e-18,4.40029397477485e-18,1.1000734936937125e-18,4.400045709211088e-06,5
Case2_R134_vs_R134a,[emim]__[BEI]__R134a__283.15__0.0504,44,Anion,Alkyl_Chain,Anion:Alkyl_Chain,2,6.023220578845089e-19,4.093972863924519e-18,2.0469864319622596e-18,4.0937418810658925e-06,6
Case2_R134_vs_R134a,[emim]__[BEI]__R134a__283.15__0.0504,44,Cation,Alkyl_Chain,Cation:Alkyl_Chain,3,-2.1510979170988096e-19,3.498625334471116e-18,1.1662084448237053e-18,3.4984279412523822e-06,7
Case2_R134_vs_R134a,[emim]__[BEI]__R134a__283.15__0.0504,44,Refri,CH2F,Refri:CH2F,2,-3.29106692627202e-19,2.5345284427598157e-18,1.2672642213799079e-18,2.534385444101926e-06,8
Case2_R134_vs_R134a,[emim]__[BEI]__R134a__283.15__0.0504,44,Anion,Sulfonimide_N,Anion:Sulfonimide_N,1,-6.575035350418628e-19,1.2348102553354844e-18,1.2348102553354844e-18,1.2347405870665147e-06,9
Case2_R134_vs_R134a,[emim]__[BEI]__R134a__283.15__0.0504,45,Anion,CF3,Anion:CF3,8,0.004651470109820366,0.11496186256408691,0.014370232820510864,0.23125287544520468,1
Case2_R134_vs_R134a,[emim]__[BEI]__R134a__283.15__0.0504,45,Anion,Sulfonyl_SO2,Anion:Sulfonyl_SO2,6,0.006063960492610931,0.10090011730790138,0.016816686217983563,0.2029668077724745,2
Case2_R134_vs_R134a,[emim]__[BEI]__R134a__283.15__0.0504,45,Cation,Imidazolium_Ring,Cation:Imidazolium_Ring,5,0.02292840089648962,0.06558243557810783,0.013116487115621567,0.1319231131774921,3
Case2_R134_vs_R134a,[emim]__[BEI]__R134a__283.15__0.0504,45,Anion,Alkyl_Chain,Anion:Alkyl_Chain,2,0.05637802928686142,0.05695837549865246,0.02847918774932623,0.11457528454193493,4
Case2_R134_vs_R134a,[emim]__[BEI]__R134a__283.15__0.0504,45,Refri,CF3,Refri:CF3,4,-0.0036096759140491486,0.0537198344245553,0.013429958606138825,0.10806075947311158,5
Case2_R134_vs_R134a,[emim]__[BEI]__R134a__283.15__0.0504,45,Refri,CH2F,Refri:CH2F,2,0.02558252215385437,0.038437241688370705,0.019218620844185352,0.07731888181320036,6
Case2_R134_vs_R134a,[emim]__[BEI]__R134a__283.15__0.0504,45,Anion,Other,Anion:Other,4,-0.03419771417975426,0.03491269052028656,0.00872817263007164,0.07022902980407128,7
Case2_R134_vs_R134a,[emim]__[BEI]__R134a__283.15__0.0504,45,Cation,Alkyl_Chain,Cation:Alkyl_Chain,3,0.006308734882622957,0.01830361387692392,0.006101204625641306,0.03681884796984566,8
Case2_R134_vs_R134a,[emim]__[BEI]__R134a__283.15__0.0504,45,Anion,Sulfonimide_N,Anion:Sulfonimide_N,1,0.013028085231781006,0.013350025750696659,0.013350025750696659,0.026854400000653384,9
Case2_R134_vs_R134a,[emim]__[BEI]__R134a__283.15__0.0504,46,Cation,Imidazolium_Ring,Cation:Imidazolium_Ring,5,0.0,0.0,0.0,0.0,1
Case2_R134_vs_R134a,[emim]__[BEI]__R134a__283.15__0.0504,46,Cation,Alkyl_Chain,Cation:Alkyl_Chain,3,0.0,0.0,0.0,0.0,2
Case2_R134_vs_R134a,[emim]__[BEI]__R134a__283.15__0.0504,46,Anion,CF3,Anion:CF3,8,0.0,0.0,0.0,0.0,3
Case2_R134_vs_R134a,[emim]__[BEI]__R134a__283.15__0.0504,46,Anion,Sulfonyl_SO2,Anion:Sulfonyl_SO2,6,0.0,0.0,0.0,0.0,4
Case2_R134_vs_R134a,[emim]__[BEI]__R134a__283.15__0.0504,46,Anion,Sulfonimide_N,Anion:Sulfonimide_N,1,0.0,0.0,0.0,0.0,5
Case2_R134_vs_R134a,[emim]__[BEI]__R134a__283.15__0.0504,46,Anion,Alkyl_Chain,Anion:Alkyl_Chain,2,0.0,0.0,0.0,0.0,6
Case2_R134_vs_R134a,[emim]__[BEI]__R134a__283.15__0.0504,46,Anion,Other,Anion:Other,4,0.0,0.0,0.0,0.0,7
Case2_R134_vs_R134a,[emim]__[BEI]__R134a__283.15__0.0504,46,Refri,CF3,Refri:CF3,4,0.0,0.0,0.0,0.0,8
Case2_R134_vs_R134a,[emim]__[BEI]__R134a__283.15__0.0504,46,Refri,CH2F,Refri:CH2F,2,0.0,0.0,0.0,0.0,9
Case2_R134_vs_R134a,[emim]__[BEI]__R134__283.132__0.1,42,Cation,Imidazolium_Ring,Cation:Imidazolium_Ring,5,0.0,0.0,0.0,0.0,1
Case2_R134_vs_R134a,[emim]__[BEI]__R134__283.132__0.1,42,Cation,Alkyl_Chain,Cation:Alkyl_Chain,3,0.0,0.0,0.0,0.0,2
Case2_R134_vs_R134a,[emim]__[BEI]__R134__283.132__0.1,42,Anion,CF3,Anion:CF3,8,0.0,0.0,0.0,0.0,3
Case2_R134_vs_R134a,[emim]__[BEI]__R134__283.132__0.1,42,Anion,Sulfonyl_SO2,Anion:Sulfonyl_SO2,6,0.0,0.0,0.0,0.0,4
Case2_R134_vs_R134a,[emim]__[BEI]__R134__283.132__0.1,42,Anion,Sulfonimide_N,Anion:Sulfonimide_N,1,0.0,0.0,0.0,0.0,5
Case2_R134_vs_R134a,[emim]__[BEI]__R134__283.132__0.1,42,Anion,Alkyl_Chain,Anion:Alkyl_Chain,2,0.0,0.0,0.0,0.0,6
Case2_R134_vs_R134a,[emim]__[BEI]__R134__283.132__0.1,42,Anion,Other,Anion:Other,4,0.0,0.0,0.0,0.0,7
Case2_R134_vs_R134a,[emim]__[BEI]__R134__283.132__0.1,42,Refri,CHF2,Refri:CHF2,6,0.0,0.0,0.0,0.0,8
Case2_R134_vs_R134a,[emim]__[BEI]__R134__283.132__0.1,43,Anion,CF3,Anion:CF3,8,6.743942071452125e-10,9.360042740880203e-10,1.1700053426100254e-10,0.2565832656490292,1
Case2_R134_vs_R134a,[emim]__[BEI]__R134__283.132__0.1,43,Anion,Sulfonyl_SO2,Anion:Sulfonyl_SO2,6,4.5566676126762573e-10,6.45721309755487e-10,1.0762021829258117e-10,0.17700910876465809,2
Case2_R134_vs_R134a,[emim]__[BEI]__R134__283.132__0.1,43,Refri,CHF2,Refri:CHF2,6,4.4929467091225916e-10,6.174152300530977e-10,1.0290253834218295e-10,0.1692496715817059,3
Case2_R134_vs_R134a,[emim]__[BEI]__R134__283.132__0.1,43,Anion,Other,Anion:Other,4,2.684150957055209e-10,3.813501181504364e-10,9.53375295376091e-11,0.10453804686524394,4
Case2_R134_vs_R134a,[emim]__[BEI]__R134__283.132__0.1,43,Anion,Alkyl_Chain,Anion:Alkyl_Chain,2,2.61999921757905e-10,3.49781509312308e-10,1.74890754656154e-10,0.09588426506966842,5
Case2_R134_vs_R134a,[emim]__[BEI]__R134__283.132__0.1,43,Cation,Imidazolium_Ring,Cation:Imidazolium_Ring,5,1.0546219106344346e-10,3.33583497630352e-10,6.67166995260704e-11,0.09144396618489371,6
Case2_R134_vs_R134a,[emim]__[BEI]__R134__283.132__0.1,43,Cation,Alkyl_Chain,Cation:Alkyl_Chain,3,2.0143901130476038e-10,2.8923432399130533e-10,9.641144133043511e-11,0.07928669712516681,7
Case2_R134_vs_R134a,[emim]__[BEI]__R134__283.132__0.1,43,Anion,Sulfonimide_N,Anion:Sulfonimide_N,1,6.347781328353008e-11,9.386499910668533e-11,9.386499910668533e-11,0.025730852590820218,8
Case2_R134_vs_R134a,[emim]__[BEI]__R134__283.132__0.1,44,Cation,Imidazolium_Ring,Cation:Imidazolium_Ring,5,6.4883635726304746e-18,1.1995051528159555e-17,2.399010305631911e-18,1.1994468471983066e-05,1
Case2_R134_vs_R134a,[emim]__[BEI]__R134__283.132__0.1,44,Anion,CF3,Anion:CF3,8,2.2203535104872352e-18,9.336306096595687e-18,1.1670382620744609e-18,9.335852276874911e-06,2
Case2_R134_vs_R134a,[emim]__[BEI]__R134__283.132__0.1,44,Anion,Sulfonyl_SO2,Anion:Sulfonyl_SO2,6,3.66584956297212e-18,8.982359234797003e-18,1.497059872466167e-18,8.981922619746289e-06,3
Case2_R134_vs_R134a,[emim]__[BEI]__R134__283.132__0.1,44,Refri,CHF2,Refri:CHF2,6,1.274818913613143e-18,6.9227403073149866e-18,1.1537900512191644e-18,6.9224038063433215e-06,4
Case2_R134_vs_R134a,[emim]__[BEI]__R134__283.132__0.1,44,Anion,Other,Anion:Other,4,1.740559441993522e-18,3.783072481203095e-18,9.457681203007737e-19,3.782888593391434e-06,5
Case2_R134_vs_R134a,[emim]__[BEI]__R134__283.132__0.1,44,Anion,Alkyl_Chain,Anion:Alkyl_Chain,2,-5.1801627514219885e-19,3.520950525613616e-18,1.760475262806808e-18,3.5207793790415276e-06,6
Case2_R134_vs_R134a,[emim]__[BEI]__R134__283.132__0.1,44,Cation,Alkyl_Chain,Cation:Alkyl_Chain,3,1.8495900668353481e-19,3.0081540703293564e-18,1.0027180234431187e-18,3.008007849797797e-06,7
Case2_R134_vs_R134a,[emim]__[BEI]__R134__283.132__0.1,44,Anion,Sulfonimide_N,Anion:Sulfonimide_N,1,5.653737610781434e-19,1.0617879560295785e-18,1.0617879560295785e-18,1.0617363445776035e-06,8
Case2_R134_vs_R134a,[emim]__[BEI]__R134__283.132__0.1,45,Anion,Sulfonyl_SO2,Anion:Sulfonyl_SO2,6,0.008470982313156128,0.08510557934641838,0.014184263224403063,0.24042424680090452,1
Case2_R134_vs_R134a,[emim]__[BEI]__R134__283.132__0.1,45,Anion,CF3,Anion:CF3,8,-0.0036709019914269447,0.07873455341905355,0.009841819177381694,0.22242602480771642,2
Case2_R134_vs_R134a,[emim]__[BEI]__R134__283.132__0.1,45,Cation,Imidazolium_Ring,Cation:Imidazolium_Ring,5,0.017900980077683926,0.05620675254613161,0.011241350509226321,0.15878472656913087,3
Case2_R134_vs_R134a,[emim]__[BEI]__R134__283.132__0.1,45,Refri,CHF2,Refri:CHF2,6,-0.03373268572613597,0.04599924758076668,0.007666541263461113,0.12994840688408502,4
Case2_R134_vs_R134a,[emim]__[BEI]__R134__283.132__0.1,45,Anion,Alkyl_Chain,Anion:Alkyl_Chain,2,0.03544355928897858,0.03618238866329193,0.018091194331645966,0.10221566680628733,5
Case2_R134_vs_R134a,[emim]__[BEI]__R134__283.132__0.1,45,Anion,Other,Anion:Other,4,-0.02516746148467064,0.026242710649967194,0.006560677662491798,0.07413596136100993,6
Case2_R134_vs_R134a,[emim]__[BEI]__R134__283.132__0.1,45,Cation,Alkyl_Chain,Cation:Alkyl_Chain,3,0.005261922720819712,0.014946714043617249,0.0049822380145390826,0.04222464019024872,7
Case2_R134_vs_R134a,[emim]__[BEI]__R134__283.132__0.1,45,Anion,Sulfonimide_N,Anion:Sulfonimide_N,1,0.010460726916790009,0.010562904179096222,0.010562904179096222,0.029840326577792252,8
Case2_R134_vs_R134a,[emim]__[BEI]__R134__283.132__0.1,46,Cation,Imidazolium_Ring,Cation:Imidazolium_Ring,5,0.0,0.0,0.0,0.0,1
Case2_R134_vs_R134a,[emim]__[BEI]__R134__283.132__0.1,46,Cation,Alkyl_Chain,Cation:Alkyl_Chain,3,0.0,0.0,0.0,0.0,2
Case2_R134_vs_R134a,[emim]__[BEI]__R134__283.132__0.1,46,Anion,CF3,Anion:CF3,8,0.0,0.0,0.0,0.0,3
Case2_R134_vs_R134a,[emim]__[BEI]__R134__283.132__0.1,46,Anion,Sulfonyl_SO2,Anion:Sulfonyl_SO2,6,0.0,0.0,0.0,0.0,4
Case2_R134_vs_R134a,[emim]__[BEI]__R134__283.132__0.1,46,Anion,Sulfonimide_N,Anion:Sulfonimide_N,1,0.0,0.0,0.0,0.0,5
Case2_R134_vs_R134a,[emim]__[BEI]__R134__283.132__0.1,46,Anion,Alkyl_Chain,Anion:Alkyl_Chain,2,0.0,0.0,0.0,0.0,6
Case2_R134_vs_R134a,[emim]__[BEI]__R134__283.132__0.1,46,Anion,Other,Anion:Other,4,0.0,0.0,0.0,0.0,7
Case2_R134_vs_R134a,[emim]__[BEI]__R134__283.132__0.1,46,Refri,CHF2,Refri:CHF2,6,0.0,0.0,0.0,0.0,8
Case2_R134_vs_R134a,[emim]__[BEI]__R134a__283.1__0.1003,42,Cation,Imidazolium_Ring,Cation:Imidazolium_Ring,5,0.0,0.0,0.0,0.0,1
Case2_R134_vs_R134a,[emim]__[BEI]__R134a__283.1__0.1003,42,Cation,Alkyl_Chain,Cation:Alkyl_Chain,3,0.0,0.0,0.0,0.0,2
Case2_R134_vs_R134a,[emim]__[BEI]__R134a__283.1__0.1003,42,Anion,CF3,Anion:CF3,8,0.0,0.0,0.0,0.0,3
Case2_R134_vs_R134a,[emim]__[BEI]__R134a__283.1__0.1003,42,Anion,Sulfonyl_SO2,Anion:Sulfonyl_SO2,6,0.0,0.0,0.0,0.0,4
Case2_R134_vs_R134a,[emim]__[BEI]__R134a__283.1__0.1003,42,Anion,Sulfonimide_N,Anion:Sulfonimide_N,1,0.0,0.0,0.0,0.0,5
Case2_R134_vs_R134a,[emim]__[BEI]__R134a__283.1__0.1003,42,Anion,Alkyl_Chain,Anion:Alkyl_Chain,2,0.0,0.0,0.0,0.0,6
Case2_R134_vs_R134a,[emim]__[BEI]__R134a__283.1__0.1003,42,Anion,Other,Anion:Other,4,0.0,0.0,0.0,0.0,7
Case2_R134_vs_R134a,[emim]__[BEI]__R134a__283.1__0.1003,42,Refri,CF3,Refri:CF3,4,0.0,0.0,0.0,0.0,8
Case2_R134_vs_R134a,[emim]__[BEI]__R134a__283.1__0.1003,42,Refri,CH2F,Refri:CH2F,2,0.0,0.0,0.0,0.0,9
Case2_R134_vs_R134a,[emim]__[BEI]__R134a__283.1__0.1003,43,Anion,CF3,Anion:CF3,8,-7.087626874291431e-10,8.621290625843159e-10,1.0776613282303948e-10,0.25338510588576324,1
Case2_R134_vs_R134a,[emim]__[BEI]__R134a__283.1__0.1003,43,Anion,Sulfonyl_SO2,Anion:Sulfonyl_SO2,6,-4.774497741610872e-10,5.954205739566731e-10,9.923676232611219e-11,0.17499781845461038,2
Case2_R134_vs_R134a,[emim]__[BEI]__R134a__283.1__0.1003,43,Refri,CF3,Refri:CF3,4,-3.284526331470694e-10,3.976149617890279e-10,9.940374044725697e-11,0.1168615159459646,3
Case2_R134_vs_R134a,[emim]__[BEI]__R134a__283.1__0.1003,43,Anion,Other,Anion:Other,4,-2.832510337391625e-10,3.495976841350057e-10,8.739942103375142e-11,0.10274893871044123,4
Case2_R134_vs_R134a,[emim]__[BEI]__R134a__283.1__0.1003,43,Anion,Alkyl_Chain,Anion:Alkyl_Chain,2,-2.7379171152475124e-10,3.245814728103369e-10,1.6229073640516845e-10,0.09539651825455166,5
Case2_R134_vs_R134a,[emim]__[BEI]__R134a__283.1__0.1003,43,Cation,Imidazolium_Ring,Cation:Imidazolium_Ring,5,-1.4765539181962883e-10,3.180924690315834e-10,6.361849380631667e-11,0.09348935959243224,6
Case2_R134_vs_R134a,[emim]__[BEI]__R134a__283.1__0.1003,43,Cation,Alkyl_Chain,Cation:Alkyl_Chain,3,-2.2390547055328724e-10,2.7597504143050955e-10,9.199168047683652e-11,0.08111078506631207,7
Case2_R134_vs_R134a,[emim]__[BEI]__R134a__283.1__0.1003,43,Refri,CH2F,Refri:CH2F,2,-1.5841139511252322e-10,1.9155764474643178e-10,9.577882237321589e-11,0.05629998593459439,8
Case2_R134_vs_R134a,[emim]__[BEI]__R134a__283.1__0.1003,43,Anion,Sulfonimide_N,Anion:Sulfonimide_N,1,-6.356622866965367e-11,8.64767840669245e-11,8.64767840669245e-11,0.025416065921469812,9
Case2_R134_vs_R134a,[emim]__[BEI]__R134a__283.1__0.1003,44,Cation,Imidazolium_Ring,Cation:Imidazolium_Ring,5,-1.19462197478781e-17,2.2085256652480972e-17,4.417051330496195e-18,2.2083283868307517e-05,1
Case2_R134_vs_R134a,[emim]__[BEI]__R134a__283.1__0.1003,44,Anion,CF3,Anion:CF3,8,-4.0891519519169835e-18,1.7191221465205363e-17,2.1489026831506704e-18,1.7189685844851815e-05,2
Case2_R134_vs_R134a,[emim]__[BEI]__R134a__283.1__0.1003,44,Anion,Sulfonyl_SO2,Anion:Sulfonyl_SO2,6,-6.751239038059201e-18,1.653945008501334e-17,2.75657501416889e-18,1.6537972684687922e-05,3
Case2_R134_vs_R134a,[emim]__[BEI]__R134a__283.1__0.1003,44,Refri,CF3,Refri:CF3,4,-1.962505080134935e-18,8.561935175889882e-18,2.1404837939724705e-18,8.561170373810608e-06,4
Case2_R134_vs_R134a,[emim]__[BEI]__R134a__283.1__0.1003,44,Anion,Other,Anion:Other,4,-3.205400974259337e-18,6.966877424029897e-18,1.7417193560074743e-18,6.96625510182931e-06,5
Case2_R134_vs_R134a,[emim]__[BEI]__R134a__283.1__0.1003,44,Anion,Alkyl_Chain,Anion:Alkyl_Chain,2,9.536409151783237e-19,6.4818898503614814e-18,3.2409449251807407e-18,6.481310850084868e-06,6
Case2_R134_vs_R134a,[emim]__[BEI]__R134a__283.1__0.1003,44,Cation,Alkyl_Chain,Cation:Alkyl_Chain,3,-3.405782013831493e-19,5.5392894182164796e-18,1.8464298060721597e-18,5.538794616518297e-06,7
Case2_R134_vs_R134a,[emim]__[BEI]__R134a__283.1__0.1003,44,Refri,CH2F,Refri:CH2F,2,-5.210665036509881e-19,4.012857878696344e-18,2.006428939348172e-18,4.012499426782564e-06,8
Case2_R134_vs_R134a,[emim]__[BEI]__R134a__283.1__0.1003,44,Anion,Sulfonimide_N,Anion:Sulfonimide_N,1,-1.0410093858373996e-18,1.9550451000818374e-18,1.9550451000818374e-18,1.9548704640297183e-06,9
Case2_R134_vs_R134a,[emim]__[BEI]__R134a__283.1__0.1003,45,Anion,CF3,Anion:CF3,8,0.005759439431130886,0.16923856921494007,0.02115482115186751,0.23000678369784575,1
Case2_R134_vs_R134a,[emim]__[BEI]__R134a__283.1__0.1003,45,Anion,Sulfonyl_SO2,Anion:Sulfonyl_SO2,6,0.009511221200227737,0.1502806320786476,0.025046772013107937,0.20424165127861207,2
Case2_R134_vs_R134a,[emim]__[BEI]__R134a__283.1__0.1003,45,Cation,Imidazolium_Ring,Cation:Imidazolium_Ring,5,0.033997658640146255,0.09777254052460194,0.019554508104920387,0.13287956571808304,3
Case2_R134_vs_R134a,[emim]__[BEI]__R134a__283.1__0.1003,45,Anion,Alkyl_Chain,Anion:Alkyl_Chain,2,0.0825062021613121,0.08338897675275803,0.04169448837637901,0.11333131937789466,4
Case2_R134_vs_R134a,[emim]__[BEI]__R134a__283.1__0.1003,45,Refri,CF3,Refri:CF3,4,-0.005761223845183849,0.07947658747434616,0.01986914686858654,0.10801411492103961,5
Case2_R134_vs_R134a,[emim]__[BEI]__R134a__283.1__0.1003,45,Refri,CH2F,Refri:CH2F,2,0.03763553127646446,0.05705011263489723,0.028525056317448616,0.0775350026747577,6
Case2_R134_vs_R134a,[emim]__[BEI]__R134a__283.1__0.1003,45,Anion,Other,Anion:Other,4,-0.05051908642053604,0.051614515483379364,0.012903628870844841,0.07014765460098642,7
Case2_R134_vs_R134a,[emim]__[BEI]__R134a__283.1__0.1003,45,Cation,Alkyl_Chain,Cation:Alkyl_Chain,3,0.009358783019706607,0.02720643486827612,0.009068811622758707,0.03697540465489056,8
Case2_R134_vs_R134a,[emim]__[BEI]__R134a__283.1__0.1003,45,Anion,Sulfonimide_N,Anion:Sulfonimide_N,1,0.0193026140332222,0.01976979523897171,0.01976979523897171,0.026868503074531133,9
Case2_R134_vs_R134a,[emim]__[BEI]__R134a__283.1__0.1003,46,Cation,Imidazolium_Ring,Cation:Imidazolium_Ring,5,0.0,0.0,0.0,0.0,1
Case2_R134_vs_R134a,[emim]__[BEI]__R134a__283.1__0.1003,46,Cation,Alkyl_Chain,Cation:Alkyl_Chain,3,0.0,0.0,0.0,0.0,2
Case2_R134_vs_R134a,[emim]__[BEI]__R134a__283.1__0.1003,46,Anion,CF3,Anion:CF3,8,0.0,0.0,0.0,0.0,3
Case2_R134_vs_R134a,[emim]__[BEI]__R134a__283.1__0.1003,46,Anion,Sulfonyl_SO2,Anion:Sulfonyl_SO2,6,0.0,0.0,0.0,0.0,4
Case2_R134_vs_R134a,[emim]__[BEI]__R134a__283.1__0.1003,46,Anion,Sulfonimide_N,Anion:Sulfonimide_N,1,0.0,0.0,0.0,0.0,5
Case2_R134_vs_R134a,[emim]__[BEI]__R134a__283.1__0.1003,46,Anion,Alkyl_Chain,Anion:Alkyl_Chain,2,0.0,0.0,0.0,0.0,6
Case2_R134_vs_R134a,[emim]__[BEI]__R134a__283.1__0.1003,46,Anion,Other,Anion:Other,4,0.0,0.0,0.0,0.0,7
Case2_R134_vs_R134a,[emim]__[BEI]__R134a__283.1__0.1003,46,Refri,CF3,Refri:CF3,4,0.0,0.0,0.0,0.0,8
Case2_R134_vs_R134a,[emim]__[BEI]__R134a__283.1__0.1003,46,Refri,CH2F,Refri:CH2F,2,0.0,0.0,0.0,0.0,9
Case2_R134_vs_R134a,[emim]__[BEI]__R134__283.149__0.15,42,Cation,Imidazolium_Ring,Cation:Imidazolium_Ring,5,0.0,0.0,0.0,0.0,1
Case2_R134_vs_R134a,[emim]__[BEI]__R134__283.149__0.15,42,Cation,Alkyl_Chain,Cation:Alkyl_Chain,3,0.0,0.0,0.0,0.0,2
Case2_R134_vs_R134a,[emim]__[BEI]__R134__283.149__0.15,42,Anion,CF3,Anion:CF3,8,0.0,0.0,0.0,0.0,3
Case2_R134_vs_R134a,[emim]__[BEI]__R134__283.149__0.15,42,Anion,Sulfonyl_SO2,Anion:Sulfonyl_SO2,6,0.0,0.0,0.0,0.0,4
Case2_R134_vs_R134a,[emim]__[BEI]__R134__283.149__0.15,42,Anion,Sulfonimide_N,Anion:Sulfonimide_N,1,0.0,0.0,0.0,0.0,5
Case2_R134_vs_R134a,[emim]__[BEI]__R134__283.149__0.15,42,Anion,Alkyl_Chain,Anion:Alkyl_Chain,2,0.0,0.0,0.0,0.0,6
Case2_R134_vs_R134a,[emim]__[BEI]__R134__283.149__0.15,42,Anion,Other,Anion:Other,4,0.0,0.0,0.0,0.0,7
Case2_R134_vs_R134a,[emim]__[BEI]__R134__283.149__0.15,42,Refri,CHF2,Refri:CHF2,6,0.0,0.0,0.0,0.0,8
Case2_R134_vs_R134a,[emim]__[BEI]__R134__283.149__0.15,43,Anion,CF3,Anion:CF3,8,5.805369240885483e-10,8.142179153125539e-10,1.0177723941406924e-10,0.25674959348751053,1
Case2_R134_vs_R134a,[emim]__[BEI]__R134__283.149__0.15,43,Anion,Sulfonyl_SO2,Anion:Sulfonyl_SO2,6,3.9234876458849044e-10,5.616820342169149e-10,9.361367236948581e-11,0.17711675368758292,2
Case2_R134_vs_R134a,[emim]__[BEI]__R134__283.149__0.15,43,Refri,CHF2,Refri:CHF2,6,3.8610378783054955e-10,5.362207622372495e-10,8.937012703954157e-11,0.1690879801768151,3
Case2_R134_vs_R134a,[emim]__[BEI]__R134__283.149__0.15,43,Anion,Other,Anion:Other,4,2.309816782286589e-10,3.318435803922881e-10,8.296089509807203e-11,0.10464115658085708,4
Case2_R134_vs_R134a,[emim]__[BEI]__R134__283.149__0.15,43,Anion,Alkyl_Chain,Anion:Alkyl_Chain,2,2.2564096424648739e-10,3.041085855359782e-10,1.520542927679891e-10,0.09589540372917456,5
Case2_R134_vs_R134a,[emim]__[BEI]__R134__283.149__0.15,43,Cation,Imidazolium_Ring,Cation:Imidazolium_Ring,5,8.823200883020105e-11,2.895284879900206e-10,5.7905697598004124e-11,0.09129782113177388,6
Case2_R134_vs_R134a,[emim]__[BEI]__R134__283.149__0.15,43,Cation,Alkyl_Chain,Cation:Alkyl_Chain,3,1.7255928630444117e-10,2.5099720218912935e-10,8.366573406304312e-11,0.07914764391277676,7
Case2_R134_vs_R134a,[emim]__[BEI]__R134__283.149__0.15,43,Anion,Sulfonimide_N,Anion:Sulfonimide_N,1,5.4861427900565474e-11,8.165441933716266e-11,8.165441933716266e-11,0.02574831451998633,8
Case2_R134_vs_R134a,[emim]__[BEI]__R134__283.149__0.15,44,Cation,Imidazolium_Ring,Cation:Imidazolium_Ring,5,4.243210515294652e-18,7.844432301911639e-18,1.5688864603823278e-18,7.844182936354751e-06,1
Case2_R134_vs_R134a,[emim]__[BEI]__R134__283.149__0.15,44,Anion,CF3,Anion:CF3,8,1.4520491711679856e-18,6.1056859364232565e-18,7.632107420529071e-19,6.1054918436304165e-06,2
Case2_R134_vs_R134a,[emim]__[BEI]__R134__283.149__0.15,44,Anion,Sulfonyl_SO2,Anion:Sulfonyl_SO2,6,2.397363737999139e-18,5.8742131938779754e-18,9.790355323129958e-19,5.874026459339644e-06,3
Case2_R134_vs_R134a,[emim]__[BEI]__R134__283.149__0.15,44,Refri,CHF2,Refri:CHF2,6,8.336961074429547e-19,4.527280054077e-18,7.545466756795e-19,4.527136137007106e-06,4
Case2_R134_vs_R134a,[emim]__[BEI]__R134__283.149__0.15,44,Anion,Other,Anion:Other,4,1.1382779676578164e-18,2.4740248338425074e-18,6.185062084606268e-19,2.47394618741448e-06,5
Case2_R134_vs_R134a,[emim]__[BEI]__R134__283.149__0.15,44,Anion,Alkyl_Chain,Anion:Alkyl_Chain,2,-3.3876843360045985e-19,2.302604266395234e-18,1.151302133197617e-18,2.3025310692315533e-06,6
Case2_R134_vs_R134a,[emim]__[BEI]__R134__283.149__0.15,44,Cation,Alkyl_Chain,Cation:Alkyl_Chain,3,1.209582332327171e-19,1.9672494779358096e-18,6.557498259786032e-19,1.9671869413184073e-06,7
Case2_R134_vs_R134a,[emim]__[BEI]__R134__283.149__0.15,44,Anion,Sulfonimide_N,Anion:Sulfonimide_N,1,3.6973890291505775e-19,6.943800739300893e-19,6.943800739300893e-19,6.943580003794276e-07,8
Case2_R134_vs_R134a,[emim]__[BEI]__R134__283.149__0.15,45,Anion,Sulfonyl_SO2,Anion:Sulfonyl_SO2,6,0.010608810931444168,0.10723751224577427,0.017872918707629044,0.24055281323222688,1
Case2_R134_vs_R134a,[emim]__[BEI]__R134__283.149__0.15,45,Anion,CF3,Anion:CF3,8,-0.004774732515215874,0.09908389486372471,0.012385486857965589,0.22226279924182404,2
Case2_R134_vs_R134a,[emim]__[BEI]__R134__283.149__0.15,45,Cation,Imidazolium_Ring,Cation:Imidazolium_Ring,5,0.022502677515149117,0.07091297302395105,0.01418259460479021,0.15907041107478348,3
Case2_R134_vs_R134a,[emim]__[BEI]__R134__283.149__0.15,45,Refri,CHF2,Refri:CHF2,6,-0.04235245054587722,0.05784107744693756,0.009640179574489594,0.12974782432806967,4
Case2_R134_vs_R134a,[emim]__[BEI]__R134__283.149__0.15,45,Anion,Alkyl_Chain,Anion:Alkyl_Chain,2,0.04456370323896408,0.04548489302396774,0.02274244651198387,0.10203070499626855,5
Case2_R134_vs_R134a,[emim]__[BEI]__R134__283.149__0.15,45,Anion,Other,Anion:Other,4,-0.03177071362733841,0.033100735396146774,0.008275183849036694,0.07425083679067182,6
Case2_R134_vs_R134a,[emim]__[BEI]__R134__283.149__0.15,45,Cation,Alkyl_Chain,Cation:Alkyl_Chain,3,0.006624511908739805,0.01884047919884324,0.006280159732947747,0.042262545810816156,7
Case2_R134_vs_R134a,[emim]__[BEI]__R134__283.149__0.15,45,Anion,Sulfonimide_N,Anion:Sulfonimide_N,1,0.013165224343538284,0.013294560834765434,0.013294560834765434,0.02982206452309628,8
Case2_R134_vs_R134a,[emim]__[BEI]__R134__283.149__0.15,46,Cation,Imidazolium_Ring,Cation:Imidazolium_Ring,5,0.0,0.0,0.0,0.0,1
Case2_R134_vs_R134a,[emim]__[BEI]__R134__283.149__0.15,46,Cation,Alkyl_Chain,Cation:Alkyl_Chain,3,0.0,0.0,0.0,0.0,2
Case2_R134_vs_R134a,[emim]__[BEI]__R134__283.149__0.15,46,Anion,CF3,Anion:CF3,8,0.0,0.0,0.0,0.0,3
Case2_R134_vs_R134a,[emim]__[BEI]__R134__283.149__0.15,46,Anion,Sulfonyl_SO2,Anion:Sulfonyl_SO2,6,0.0,0.0,0.0,0.0,4
Case2_R134_vs_R134a,[emim]__[BEI]__R134__283.149__0.15,46,Anion,Sulfonimide_N,Anion:Sulfonimide_N,1,0.0,0.0,0.0,0.0,5
Case2_R134_vs_R134a,[emim]__[BEI]__R134__283.149__0.15,46,Anion,Alkyl_Chain,Anion:Alkyl_Chain,2,0.0,0.0,0.0,0.0,6
Case2_R134_vs_R134a,[emim]__[BEI]__R134__283.149__0.15,46,Anion,Other,Anion:Other,4,0.0,0.0,0.0,0.0,7
Case2_R134_vs_R134a,[emim]__[BEI]__R134__283.149__0.15,46,Refri,CHF2,Refri:CHF2,6,0.0,0.0,0.0,0.0,8
Case2_R134_vs_R134a,[emim]__[BEI]__R134a__283.15__0.1502,42,Cation,Imidazolium_Ring,Cation:Imidazolium_Ring,5,0.0,0.0,0.0,0.0,1
Case2_R134_vs_R134a,[emim]__[BEI]__R134a__283.15__0.1502,42,Cation,Alkyl_Chain,Cation:Alkyl_Chain,3,0.0,0.0,0.0,0.0,2
Case2_R134_vs_R134a,[emim]__[BEI]__R134a__283.15__0.1502,42,Anion,CF3,Anion:CF3,8,0.0,0.0,0.0,0.0,3
Case2_R134_vs_R134a,[emim]__[BEI]__R134a__283.15__0.1502,42,Anion,Sulfonyl_SO2,Anion:Sulfonyl_SO2,6,0.0,0.0,0.0,0.0,4
Case2_R134_vs_R134a,[emim]__[BEI]__R134a__283.15__0.1502,42,Anion,Sulfonimide_N,Anion:Sulfonimide_N,1,0.0,0.0,0.0,0.0,5
Case2_R134_vs_R134a,[emim]__[BEI]__R134a__283.15__0.1502,42,Anion,Alkyl_Chain,Anion:Alkyl_Chain,2,0.0,0.0,0.0,0.0,6
Case2_R134_vs_R134a,[emim]__[BEI]__R134a__283.15__0.1502,42,Anion,Other,Anion:Other,4,0.0,0.0,0.0,0.0,7
Case2_R134_vs_R134a,[emim]__[BEI]__R134a__283.15__0.1502,42,Refri,CF3,Refri:CF3,4,0.0,0.0,0.0,0.0,8
Case2_R134_vs_R134a,[emim]__[BEI]__R134a__283.15__0.1502,42,Refri,CH2F,Refri:CH2F,2,0.0,0.0,0.0,0.0,9
Case2_R134_vs_R134a,[emim]__[BEI]__R134a__283.15__0.1502,43,Anion,CF3,Anion:CF3,8,-8.138912026972589e-11,9.280092232860637e-11,1.1600115291075797e-11,0.24730415844235548,1
Case2_R134_vs_R134a,[emim]__[BEI]__R134a__283.15__0.1502,43,Anion,Sulfonyl_SO2,Anion:Sulfonyl_SO2,6,-5.436776549794242e-11,6.376688760356686e-11,1.0627814600594476e-11,0.16993167825905586,2
Case2_R134_vs_R134a,[emim]__[BEI]__R134a__283.15__0.1502,43,Refri,CF3,Refri:CF3,4,-3.981597516966584e-11,4.4698194798242774e-11,1.1174548699560694e-11,0.11911572828263185,3
Case2_R134_vs_R134a,[emim]__[BEI]__R134a__283.15__0.1502,43,Anion,Other,Anion:Other,4,-3.2887820938798384e-11,3.7732171553894744e-11,9.433042888473686e-12,0.10055204946451372,4
Case2_R134_vs_R134a,[emim]__[BEI]__R134a__283.15__0.1502,43,Cation,Imidazolium_Ring,Cation:Imidazolium_Ring,5,-2.8882603014986075e-11,3.733703450581327e-11,7.467406901162654e-12,0.09949905308588762,5
Case2_R134_vs_R134a,[emim]__[BEI]__R134a__283.15__0.1502,43,Anion,Alkyl_Chain,Anion:Alkyl_Chain,2,-3.095306649880669e-11,3.487015190484222e-11,1.743507595242111e-11,0.09292508474267452,6
Case2_R134_vs_R134a,[emim]__[BEI]__R134a__283.15__0.1502,43,Cation,Alkyl_Chain,Cation:Alkyl_Chain,3,-2.965962805218103e-11,3.234934368989695e-11,1.0783114563298982e-11,0.08620741062318521,7
Case2_R134_vs_R134a,[emim]__[BEI]__R134a__283.15__0.1502,43,Refri,CH2F,Refri:CH2F,2,-1.9559322911311128e-11,2.1736239544378755e-11,1.0868119772189377e-11,0.05792466597680594,8
Case2_R134_vs_R134a,[emim]__[BEI]__R134a__283.15__0.1502,43,Anion,Sulfonimide_N,Anion:Sulfonimide_N,1,-6.280897676957942e-12,8.959203171010621e-12,8.959203171010621e-12,0.023875282108461102,9
Case2_R134_vs_R134a,[emim]__[BEI]__R134a__283.15__0.1502,44,Cation,Imidazolium_Ring,Cation:Imidazolium_Ring,5,-1.7178397270578647e-17,3.1758104903606614e-17,6.3516209807213225e-18,3.1754025780149135e-05,1
Case2_R134_vs_R134a,[emim]__[BEI]__R134a__283.15__0.1502,44,Anion,CF3,Anion:CF3,8,-5.880109233886677e-18,2.4720592459119283e-17,3.0900740573899103e-18,2.4717417258681827e-05,2
Case2_R134_vs_R134a,[emim]__[BEI]__R134a__283.15__0.1502,44,Anion,Sulfonyl_SO2,Anion:Sulfonyl_SO2,6,-9.708130295985597e-18,2.3783360015559444e-17,3.963893335926574e-18,2.3780305196576022e-05,3
Case2_R134_vs_R134a,[emim]__[BEI]__R134a__283.15__0.1502,44,Refri,CF3,Refri:CF3,4,-2.8220385359025017e-18,1.2311870801754103e-17,3.0779677004385256e-18,1.2310289421468808e-05,4
Case2_R134_vs_R134a,[emim]__[BEI]__R134a__283.15__0.1502,44,Anion,Other,Anion:Other,4,-4.609296459377705e-18,1.0018216836381846e-17,2.5045542090954614e-18,1.0016930061134285e-05,5
Case2_R134_vs_R134a,[emim]__[BEI]__R134a__283.15__0.1502,44,Anion,Alkyl_Chain,Anion:Alkyl_Chain,2,1.371314495151129e-18,9.32081176295165e-18,4.660405881475825e-18,9.319614564881414e-06,6
Case2_R134_vs_R134a,[emim]__[BEI]__R134a__283.15__0.1502,44,Cation,Alkyl_Chain,Cation:Alkyl_Chain,3,-4.897438104918075e-19,7.96537396568271e-18,2.65512465522757e-18,7.96435086484311e-06,7
Case2_R134_vs_R134a,[emim]__[BEI]__R134a__283.15__0.1502,44,Refri,CH2F,Refri:CH2F,2,-7.492816538476706e-19,5.77039933866558e-18,2.88519966933279e-18,5.769658168140046e-06,8
Case2_R134_vs_R134a,[emim]__[BEI]__R134a__283.15__0.1502,44,Anion,Sulfonimide_N,Anion:Sulfonimide_N,1,-1.4969482375493313e-18,2.8113110373334546e-18,2.8113110373334546e-18,2.8109499425882404e-06,9
Case2_R134_vs_R134a,[emim]__[BEI]__R134a__283.15__0.1502,45,Anion,CF3,Anion:CF3,8,0.006029544398188591,0.23760611191391945,0.02970076398923993,0.22825981644824203,1
Case2_R134_vs_R134a,[emim]__[BEI]__R134a__283.15__0.1502,45,Anion,Sulfonyl_SO2,Anion:Sulfonyl_SO2,6,0.014232233166694641,0.21427692472934723,0.03571282078822454,0.20584828863970514,2
Case2_R134_vs_R134a,[emim]__[BEI]__R134a__283.15__0.1502,45,Cation,Imidazolium_Ring,Cation:Imidazolium_Ring,5,0.04815802909433842,0.1398871000856161,0.027977420017123222,0.13438460623684417,3
Case2_R134_vs_R134a,[emim]__[BEI]__R134a__283.15__0.1502,45,Anion,Alkyl_Chain,Anion:Alkyl_Chain,2,0.11490612477064133,0.11620096862316132,0.05810048431158066,0.11163017464230854,4
Case2_R134_vs_R134a,[emim]__[BEI]__R134a__283.15__0.1502,45,Refri,CF3,Refri:CF3,4,-0.008987952023744583,0.11229150369763374,0.028072875924408436,0.10787448949126724,5
Case2_R134_vs_R134a,[emim]__[BEI]__R134a__283.15__0.1502,45,Refri,CH2F,Refri:CH2F,2,0.052663639187812805,0.08092429582029581,0.040462147910147905,0.07774111853164771,6
Case2_R134_vs_R134a,[emim]__[BEI]__R134a__283.15__0.1502,45,Anion,Other,Anion:Other,4,-0.07140260562300682,0.07302002981305122,0.018255007453262806,0.07014776879228844,7
Case2_R134_vs_R134a,[emim]__[BEI]__R134a__283.15__0.1502,45,Cation,Alkyl_Chain,Cation:Alkyl_Chain,3,0.013310171198099852,0.03875796124339104,0.012919320414463678,0.037233407205154674,8
Case2_R134_vs_R134a,[emim]__[BEI]__R134a__283.15__0.1502,45,Anion,Sulfonimide_N,Anion:Sulfonimide_N,1,0.027345705777406693,0.027980968356132507,0.027980968356132507,0.026880330011581303,9
Case2_R134_vs_R134a,[emim]__[BEI]__R134a__283.15__0.1502,46,Cation,Imidazolium_Ring,Cation:Imidazolium_Ring,5,0.0,0.0,0.0,0.0,1
Case2_R134_vs_R134a,[emim]__[BEI]__R134a__283.15__0.1502,46,Cation,Alkyl_Chain,Cation:Alkyl_Chain,3,0.0,0.0,0.0,0.0,2
Case2_R134_vs_R134a,[emim]__[BEI]__R134a__283.15__0.1502,46,Anion,CF3,Anion:CF3,8,0.0,0.0,0.0,0.0,3
Case2_R134_vs_R134a,[emim]__[BEI]__R134a__283.15__0.1502,46,Anion,Sulfonyl_SO2,Anion:Sulfonyl_SO2,6,0.0,0.0,0.0,0.0,4
Case2_R134_vs_R134a,[emim]__[BEI]__R134a__283.15__0.1502,46,Anion,Sulfonimide_N,Anion:Sulfonimide_N,1,0.0,0.0,0.0,0.0,5
Case2_R134_vs_R134a,[emim]__[BEI]__R134a__283.15__0.1502,46,Anion,Alkyl_Chain,Anion:Alkyl_Chain,2,0.0,0.0,0.0,0.0,6
Case2_R134_vs_R134a,[emim]__[BEI]__R134a__283.15__0.1502,46,Anion,Other,Anion:Other,4,0.0,0.0,0.0,0.0,7
Case2_R134_vs_R134a,[emim]__[BEI]__R134a__283.15__0.1502,46,Refri,CF3,Refri:CF3,4,0.0,0.0,0.0,0.0,8
Case2_R134_vs_R134a,[emim]__[BEI]__R134a__283.15__0.1502,46,Refri,CH2F,Refri:CH2F,2,0.0,0.0,0.0,0.0,9
Case3_BF4_vs_PF6,[bmim]__[BF4]__R32__283.1__0.01,42,Cation,Alkyl_Chain,Cation:Alkyl_Chain,5,-6.164446262199609e-18,3.978670586697589e-17,7.957341173395177e-18,3.9782736381105595e-05,1
Case3_BF4_vs_PF6,[bmim]__[BF4]__R32__283.1__0.01,42,Cation,Imidazolium_Ring,Cation:Imidazolium_Ring,5,-2.583758769000157e-18,2.2371742385832587e-17,4.474348477166518e-18,2.236951037608563e-05,2
Case3_BF4_vs_PF6,[bmim]__[BF4]__R32__283.1__0.01,42,Anion,BF4_Core,Anion:BF4_Core,5,-4.022999629994127e-18,2.1232213824486167e-17,4.246442764897233e-18,2.1230095504536457e-05,3
Case3_BF4_vs_PF6,[bmim]__[BF4]__R32__283.1__0.01,42,Refri,CH2F,Refri:CH2F,3,-2.47652012755785e-18,1.638844392149357e-17,5.4628146404978565e-18,1.638680886035531e-05,4
Case3_BF4_vs_PF6,[bmim]__[BF4]__R32__283.1__0.01,43,Cation,Alkyl_Chain,Cation:Alkyl_Chain,5,1.7644689702135528e-15,1.8759952043401255e-15,3.751990408680251e-16,0.0018666234471567751,1
Case3_BF4_vs_PF6,[bmim]__[BF4]__R32__283.1__0.01,43,Anion,BF4_Core,Anion:BF4_Core,5,7.759587302875472e-16,1.2397796785230172e-15,2.4795593570460344e-16,0.0012335862116734807,2
Case3_BF4_vs_PF6,[bmim]__[BF4]__R32__283.1__0.01,43,Cation,Imidazolium_Ring,Cation:Imidazolium_Ring,5,8.607018537594717e-16,1.055315417456042e-15,2.1106308349120837e-16,0.0010500434637637493,3
Case3_BF4_vs_PF6,[bmim]__[BF4]__R32__283.1__0.01,43,Refri,CH2F,Refri:CH2F,3,6.49219069744238e-16,8.4961015087544e-16,2.8320338362514667e-16,0.0008453658223099439,4
Case3_BF4_vs_PF6,[bmim]__[BF4]__R32__283.1__0.01,44,Cation,Alkyl_Chain,Cation:Alkyl_Chain,5,-1.7286972138208512e-06,1.7731621255734353e-06,3.5463242511468705e-07,0.3322178699026401,1
Case3_BF4_vs_PF6,[bmim]__[BF4]__R32__283.1__0.01,44,Cation,Imidazolium_Ring,Cation:Imidazolium_Ring,5,-1.1037268947688972e-06,1.428716743134828e-06,2.857433486269656e-07,0.2676829299774216,2
Case3_BF4_vs_PF6,[bmim]__[BF4]__R32__283.1__0.01,44,Anion,BF4_Core,Anion:BF4_Core,5,-1.1159837072227674e-06,1.2787386367563158e-06,2.5574772735126314e-07,0.23958318302563764,3
Case3_BF4_vs_PF6,[bmim]__[BF4]__R32__283.1__0.01,44,Refri,CH2F,Refri:CH2F,3,-7.842726859053073e-07,8.567287181904248e-07,2.8557623939680826e-07,0.16051582973530787,4
Case3_BF4_vs_PF6,[bmim]__[BF4]__R32__283.1__0.01,45,Cation,Alkyl_Chain,Cation:Alkyl_Chain,5,-7.116478596463829e-14,7.118104815019262e-14,1.4236209630038525e-14,0.06022059174558426,1
Case3_BF4_vs_PF6,[bmim]__[BF4]__R32__283.1__0.01,45,Cation,Imidazolium_Ring,Cation:Imidazolium_Ring,5,-4.445771527084491e-14,4.6495535828590395e-14,9.299107165718079e-15,0.03933615412936499,2
Case3_BF4_vs_PF6,[bmim]__[BF4]__R32__283.1__0.01,45,Anion,BF4_Core,Anion:BF4_Core,5,-3.3153996109353163e-14,3.3277168252411095e-14,6.655433650482219e-15,0.02815315053452389,3
Case3_BF4_vs_PF6,[bmim]__[BF4]__R32__283.1__0.01,45,Refri,CH2F,Refri:CH2F,3,-3.09885699322247e-14,3.105137403713182e-14,1.0350458012377273e-14,0.02627008406906255,4
Case3_BF4_vs_PF6,[bmim]__[BF4]__R32__283.1__0.01,46,Cation,Alkyl_Chain,Cation:Alkyl_Chain,5,-4.480873443274458e-17,1.7967795250600458e-16,3.593559050120092e-17,0.00017958139851847728,1
Case3_BF4_vs_PF6,[bmim]__[BF4]__R32__283.1__0.01,46,Anion,BF4_Core,Anion:BF4_Core,5,-7.166919578044848e-18,1.3785207933860174e-16,2.757041586772035e-17,0.0001377780014244034,2
Case3_BF4_vs_PF6,[bmim]__[BF4]__R32__283.1__0.01,46,Cation,Imidazolium_Ring,Cation:Imidazolium_Ring,5,-4.3175905546163895e-17,1.2676066431342319e-16,2.5352132862684637e-17,0.00012669254662045991,3
Case3_BF4_vs_PF6,[bmim]__[BF4]__R32__283.1__0.01,46,Refri,CH2F,Refri:CH2F,3,-1.1481075409924218e-17,9.337071155944237e-17,3.1123570519814124e-17,9.332053670830683e-05,4
Case3_BF4_vs_PF6,[bmim]__[PF6]__R32__283.2__0.0098,42,Cation,Alkyl_Chain,Cation:Alkyl_Chain,5,-6.562167728809753e-18,9.794222323561927e-18,1.9588444647123853e-18,9.793970184206773e-06,1
Case3_BF4_vs_PF6,[bmim]__[PF6]__R32__283.2__0.0098,42,Anion,PF6_Core,Anion:PF6_Core,7,-3.952823177788777e-18,6.478210447599269e-18,9.254586353713242e-19,6.478043674602818e-06,2
Case3_BF4_vs_PF6,[bmim]__[PF6]__R32__283.2__0.0098,42,Cation,Imidazolium_Ring,Cation:Imidazolium_Ring,5,-3.507956668488447e-18,5.379647876842567e-18,1.0759295753685134e-18,5.3795093848927415e-06,3
Case3_BF4_vs_PF6,[bmim]__[PF6]__R32__283.2__0.0098,42,Refri,CH2F,Refri:CH2F,3,-2.629844051153995e-18,4.0922651495499034e-18,1.3640883831833012e-18,4.092159799572964e-06,4
Case3_BF4_vs_PF6,[bmim]__[PF6]__R32__283.2__0.0098,43,Cation,Alkyl_Chain,Cation:Alkyl_Chain,5,-2.9932440363905115e-16,3.9144627761433036e-16,7.828925552286608e-17,0.00039098678356404927,1
Case3_BF4_vs_PF6,[bmim]__[PF6]__R32__283.2__0.0098,43,Anion,PF6_Core,Anion:PF6_Core,7,-5.2752551037688395e-17,3.5744995514923387e-16,5.106427930703341e-17,0.0003570303672337086,2
Case3_BF4_vs_PF6,[bmim]__[PF6]__R32__283.2__0.0098,43,Cation,Imidazolium_Ring,Cation:Imidazolium_Ring,5,-1.748436317973419e-16,2.393224731458113e-16,4.786449462916226e-17,0.0002390415476170791,3
Case3_BF4_vs_PF6,[bmim]__[PF6]__R32__283.2__0.0098,43,Refri,CH2F,Refri:CH2F,3,-8.048114402173583e-17,1.8699761749820467e-16,6.233253916606822e-17,0.00018677811281117373,4
Case3_BF4_vs_PF6,[bmim]__[PF6]__R32__283.2__0.0098,44,Cation,Alkyl_Chain,Cation:Alkyl_Chain,5,-4.3643932912118544e-07,4.494390068998655e-07,8.98878013799731e-08,0.33191412308425516,1
Case3_BF4_vs_PF6,[bmim]__[PF6]__R32__283.2__0.0098,44,Anion,PF6_Core,Anion:PF6_Core,7,-3.06005041750268e-07,3.624021864823135e-07,5.177174092604478e-08,0.26763676958037924,2
Case3_BF4_vs_PF6,[bmim]__[PF6]__R32__283.2__0.0098,44,Cation,Imidazolium_Ring,Cation:Imidazolium_Ring,5,-2.554916589403433e-07,3.378133541787065e-07,6.75626708357413e-08,0.24947773000788426,3
Case3_BF4_vs_PF6,[bmim]__[PF6]__R32__283.2__0.0098,44,Refri,CH2F,Refri:CH2F,3,-1.8645994259713916e-07,2.0442665515929548e-07,6.814221838643182e-08,0.15097063881987963,4
Case3_BF4_vs_PF6,[bmim]__[PF6]__R32__283.2__0.0098,45,Cation,Alkyl_Chain,Cation:Alkyl_Chain,5,-7.34228224890548e-14,7.344318007890911e-14,1.4688636015781823e-14,0.06135729906904621,1
Case3_BF4_vs_PF6,[bmim]__[PF6]__R32__283.2__0.0098,45,Cation,Imidazolium_Ring,Cation:Imidazolium_Ring,5,-4.586291656643931e-14,4.7951420717012297e-14,9.590284143402459e-15,0.04006048837425401,2
Case3_BF4_vs_PF6,[bmim]__[PF6]__R32__283.2__0.0098,45,Anion,PF6_Core,Anion:PF6_Core,7,-4.24753438191673e-14,4.355608925019506e-14,6.2222984643135794e-15,0.036388456920450694,3
Case3_BF4_vs_PF6,[bmim]__[PF6]__R32__283.2__0.0098,45,Refri,CH2F,Refri:CH2F,3,-3.195999051481624e-14,3.202475041879857e-14,1.067491680626619e-14,0.026754726401370353,4
Case3_BF4_vs_PF6,[bmim]__[PF6]__R32__283.2__0.0098,46,Anion,PF6_Core,Anion:PF6_Core,7,-9.118262941487934e-18,7.673084360922147e-17,1.0961549087031639e-17,7.671291434683801e-05,1
Case3_BF4_vs_PF6,[bmim]__[PF6]__R32__283.2__0.0098,46,Cation,Alkyl_Chain,Cation:Alkyl_Chain,5,-2.2437548325873937e-17,7.050555924694435e-17,1.410111184938887e-17,7.048908461155953e-05,2
Case3_BF4_vs_PF6,[bmim]__[PF6]__R32__283.2__0.0098,46,Cation,Imidazolium_Ring,Cation:Imidazolium_Ring,5,-1.959675998362912e-17,4.983446008226108e-17,9.966892016452216e-18,4.9822815545741926e-05,3
Case3_BF4_vs_PF6,[bmim]__[PF6]__R32__283.2__0.0098,46,Refri,CH2F,Refri:CH2F,3,-7.073501004987983e-18,3.664809476409653e-17,1.2216031588032177e-17,3.663953141100445e-05,4
Case3_BF4_vs_PF6,[bmim]__[BF4]__R32__283.1__0.0998,42,Cation,Alkyl_Chain,Cation:Alkyl_Chain,5,1.2807808178781189e-17,3.543116716098771e-16,7.086233432197541e-17,0.0003539979502617524,1
Case3_BF4_vs_PF6,[bmim]__[BF4]__R32__283.1__0.0998,42,Cation,Imidazolium_Ring,Cation:Imidazolium_Ring,5,1.558472835496714e-17,2.006351449068388e-16,4.012702898136776e-17,0.0002004574947383999,2
Case3_BF4_vs_PF6,[bmim]__[BF4]__R32__283.1__0.0998,42,Anion,BF4_Core,Anion:BF4_Core,5,-1.990364471466933e-18,1.8600280046271164e-16,3.720056009254233e-17,0.0001858381063417108,3
Case3_BF4_vs_PF6,[bmim]__[BF4]__R32__283.1__0.0998,42,Refri,CH2F,Refri:CH2F,3,5.068727047250376e-18,1.452740119786542e-16,4.84246706595514e-17,0.00014514538071263257,4
Case3_BF4_vs_PF6,[bmim]__[BF4]__R32__283.1__0.0998,43,Cation,Alkyl_Chain,Cation:Alkyl_Chain,5,2.550992874801101e-15,2.727165510495069e-15,5.454331020990138e-16,0.0027073570662476073,1
Case3_BF4_vs_PF6,[bmim]__[BF4]__R32__283.1__0.0998,43,Anion,BF4_Core,Anion:BF4_Core,5,1.0984790451603737e-15,1.808195113821645e-15,3.61639022764329e-16,0.0017950615023987846,2
Case3_BF4_vs_PF6,[bmim]__[BF4]__R32__283.1__0.0998,43,Cation,Imidazolium_Ring,Cation:Imidazolium_Ring,5,1.253992121272794e-15,1.5444687520986136e-15,3.088937504197227e-16,0.0015332506859232539,3
Case3_BF4_vs_PF6,[bmim]__[BF4]__R32__283.1__0.0998,43,Refri,CH2F,Refri:CH2F,3,9.28124228794842e-16,1.2366951021664722e-15,4.1223170072215743e-16,0.0012277125135087244,4
Case3_BF4_vs_PF6,[bmim]__[BF4]__R32__283.1__0.0998,44,Cation,Alkyl_Chain,Cation:Alkyl_Chain,5,-4.129533465402346e-06,4.23696121742978e-06,8.47392243485956e-07,0.326579740713507,1
Case3_BF4_vs_PF6,[bmim]__[BF4]__R32__283.1__0.0998,44,Cation,Imidazolium_Ring,Cation:Imidazolium_Ring,5,-2.733884542749365e-06,3.5001163496417576e-06,7.000232699283515e-07,0.26978464783459066,2
Case3_BF4_vs_PF6,[bmim]__[BF4]__R32__283.1__0.0998,44,Anion,BF4_Core,Anion:BF4_Core,5,-2.744171183621802e-06,3.15338940026777e-06,6.306778800535539e-07,0.24305936256194613,3
Case3_BF4_vs_PF6,[bmim]__[BF4]__R32__283.1__0.0998,44,Refri,CH2F,Refri:CH2F,3,-1.907691739688744e-06,2.0832737845921656e-06,6.944245948640552e-07,0.16057617181119063,4
Case3_BF4_vs_PF6,[bmim]__[BF4]__R32__283.1__0.0998,45,Cation,Alkyl_Chain,Cation:Alkyl_Chain,5,-6.413753297180528e-14,6.415366894945047e-14,1.2830733789890095e-14,0.05511414064003027,1
Case3_BF4_vs_PF6,[bmim]__[BF4]__R32__283.1__0.0998,45,Cation,Imidazolium_Ring,Cation:Imidazolium_Ring,5,-4.007339438530903e-14,4.190484637688432e-14,8.380969275376864e-15,0.03600027300908171,2
Case3_BF4_vs_PF6,[bmim]__[BF4]__R32__283.1__0.0998,45,Anion,BF4_Core,Anion:BF4_Core,5,-2.9860808243393697e-14,2.997037873138462e-14,5.994075746276923e-15,0.025747423264880203,3
Case3_BF4_vs_PF6,[bmim]__[BF4]__R32__283.1__0.0998,45,Refri,CH2F,Refri:CH2F,3,-2.792932070783561e-14,2.7985789006297265e-14,9.328596335432421e-15,0.024042470781065008,4
Case3_BF4_vs_PF6,[bmim]__[BF4]__R32__283.1__0.0998,46,Cation,Alkyl_Chain,Cation:Alkyl_Chain,5,-5.39838110338348e-17,2.697741637315374e-16,5.3954832746307476e-17,0.0002695569526862563,1
Case3_BF4_vs_PF6,[bmim]__[BF4]__R32__283.1__0.0998,46,Anion,BF4_Core,Anion:BF4_Core,5,3.2422440123327552e-19,2.060991766057446e-16,4.121983532114892e-17,0.00020593323403747608,2
Case3_BF4_vs_PF6,[bmim]__[BF4]__R32__283.1__0.0998,46,Cation,Imidazolium_Ring,Cation:Imidazolium_Ring,5,-5.775738375929303e-17,1.9002092954986148e-16,3.80041859099723e-17,0.00018986793252389765,3
Case3_BF4_vs_PF6,[bmim]__[BF4]__R32__283.1__0.0998,46,Refri,CH2F,Refri:CH2F,3,-1.0229031260116498e-17,1.3991334559627366e-16,4.663778186542455e-17,0.00013980069313309715,4
Case3_BF4_vs_PF6,[bmim]__[PF6]__R32__283.2__0.0996,42,Cation,Alkyl_Chain,Cation:Alkyl_Chain,5,2.6045440083360245e-18,2.358903047425236e-16,4.717806094850472e-17,0.00023574555881458823,1
Case3_BF4_vs_PF6,[bmim]__[PF6]__R32__283.2__0.0996,42,Anion,PF6_Core,Anion:PF6_Core,7,-3.838604838036536e-18,1.4794404180813453e-16,2.113486311544779e-17,0.00014785326106308696,2
Case3_BF4_vs_PF6,[bmim]__[PF6]__R32__283.2__0.0996,42,Cation,Imidazolium_Ring,Cation:Imidazolium_Ring,5,7.04189267602353e-18,1.3338846468793596e-16,2.6677692937587192e-17,0.0001333066154694265,3
Case3_BF4_vs_PF6,[bmim]__[PF6]__R32__283.2__0.0996,42,Refri,CH2F,Refri:CH2F,3,1.0007148332605274e-18,9.67693617771288e-17,3.22564539257096e-17,9.670998260475699e-05,4
Case3_BF4_vs_PF6,[bmim]__[PF6]__R32__283.2__0.0996,43,Cation,Alkyl_Chain,Cation:Alkyl_Chain,5,-7.500741339853728e-15,8.173138010361702e-15,1.6346276020723403e-15,0.007986263786069472,1
Case3_BF4_vs_PF6,[bmim]__[PF6]__R32__283.2__0.0996,43,Anion,PF6_Core,Anion:PF6_Core,7,-3.3308215398059754e-15,6.789197559380739e-15,9.698853656258198e-16,0.0066339663586023456,2
Case3_BF4_vs_PF6,[bmim]__[PF6]__R32__283.2__0.0996,43,Cation,Imidazolium_Ring,Cation:Imidazolium_Ring,5,-3.78403084108027e-15,4.716624933875306e-15,9.43324986775061e-16,0.004608781945701375,3
Case3_BF4_vs_PF6,[bmim]__[PF6]__R32__283.2__0.0996,43,Refri,CH2F,Refri:CH2F,3,-2.628966333941918e-15,3.720495023783817e-15,1.240165007927939e-15,0.003635427988249697,4
Case3_BF4_vs_PF6,[bmim]__[PF6]__R32__283.2__0.0996,44,Cation,Alkyl_Chain,Cation:Alkyl_Chain,5,-3.3428348729103163e-06,3.4359497362856928e-06,6.871899472571386e-07,0.30197091268330184,1
Case3_BF4_vs_PF6,[bmim]__[PF6]__R32__283.2__0.0996,44,Anion,PF6_Core,Anion:PF6_Core,7,-2.8886753966617107e-06,3.3983284311034367e-06,4.854754901576339e-07,0.29866453723134195,2
Case3_BF4_vs_PF6,[bmim]__[PF6]__R32__283.2__0.0996,44,Cation,Imidazolium_Ring,Cation:Imidazolium_Ring,5,-2.204746138545488e-06,2.8494991681782267e-06,5.698998336356454e-07,0.25043028290491337,3
Case3_BF4_vs_PF6,[bmim]__[PF6]__R32__283.2__0.0996,44,Refri,CH2F,Refri:CH2F,3,-1.5479932358175574e-06,1.694634590876376e-06,5.64878196958792e-07,0.148934179294724,4
Case3_BF4_vs_PF6,[bmim]__[PF6]__R32__283.2__0.0996,45,Cation,Alkyl_Chain,Cation:Alkyl_Chain,5,-8.201468763700164e-14,8.204600329209458e-14,1.6409200658418916e-14,0.067251011124295,1
Case3_BF4_vs_PF6,[bmim]__[PF6]__R32__283.2__0.0996,45,Cation,Imidazolium_Ring,Cation:Imidazolium_Ring,5,-5.122334689132538e-14,5.354898331531724e-14,1.0709796663063448e-14,0.04389273246878654,2
Case3_BF4_vs_PF6,[bmim]__[PF6]__R32__283.2__0.0996,45,Anion,PF6_Core,Anion:PF6_Core,7,-4.740579766777486e-14,4.862318857143605e-14,6.946169795919436e-15,0.03985518446126932,3
Case3_BF4_vs_PF6,[bmim]__[PF6]__R32__283.2__0.0996,45,Refri,CH2F,Refri:CH2F,3,-3.570504589418041e-14,3.5778400641478525e-14,1.1926133547159509e-14,0.029326640214068722,4
Case3_BF4_vs_PF6,[bmim]__[PF6]__R32__283.2__0.0996,46,Anion,PF6_Core,Anion:PF6_Core,7,1.952807162934575e-18,3.0834370310564354e-16,4.4049100443663364e-17,0.0003080526720179111,1
Case3_BF4_vs_PF6,[bmim]__[PF6]__R32__283.2__0.0996,46,Cation,Alkyl_Chain,Cation:Alkyl_Chain,5,-5.578930808302165e-17,2.864209981968772e-16,5.728419963937544e-17,0.0002861506589169922,2
Case3_BF4_vs_PF6,[bmim]__[PF6]__R32__283.2__0.0996,46,Cation,Imidazolium_Ring,Cation:Imidazolium_Ring,5,-6.057869933934016e-17,2.0156097094334185e-16,4.031219418866837e-17,0.00020137072704334578,3
Case3_BF4_vs_PF6,[bmim]__[PF6]__R32__283.2__0.0996,46,Refri,CH2F,Refri:CH2F,3,-1.0051470737777396e-17,1.4841889311057672e-16,4.947296437019224e-17,0.00014827880751302127,4
Case3_BF4_vs_PF6,[bmim]__[BF4]__R32__283.2__0.2499,42,Cation,Alkyl_Chain,Cation:Alkyl_Chain,5,3.6181636036149304e-17,8.511427511143782e-16,1.7022855022287564e-16,0.0008493346069056947,1
Case3_BF4_vs_PF6,[bmim]__[BF4]__R32__283.2__0.2499,42,Cation,Imidazolium_Ring,Cation:Imidazolium_Ring,5,4.060644350837716e-17,4.820570679727651e-16,9.641141359455301e-17,0.0004810329992198224,2
Case3_BF4_vs_PF6,[bmim]__[BF4]__R32__283.2__0.2499,42,Anion,BF4_Core,Anion:BF4_Core,5,-2.0831501479576185e-18,4.467171692735885e-16,8.93434338547177e-17,0.00044576817562771184,3
Case3_BF4_vs_PF6,[bmim]__[BF4]__R32__283.2__0.2499,42,Refri,CH2F,Refri:CH2F,3,1.434184440326283e-17,3.4897802425502497e-16,1.1632600808500831e-16,0.00034823666495579066,4
Case3_BF4_vs_PF6,[bmim]__[BF4]__R32__283.2__0.2499,43,Cation,Alkyl_Chain,Cation:Alkyl_Chain,5,8.274092982138965e-16,8.702783106538165e-16,1.740556621307633e-16,0.0008682634262983947,1
Case3_BF4_vs_PF6,[bmim]__[BF4]__R32__283.2__0.2499,43,Anion,BF4_Core,Anion:BF4_Core,5,3.8020831430874823e-16,5.736868389667467e-16,1.1473736779334934e-16,0.0005723586286429973,2
Case3_BF4_vs_PF6,[bmim]__[BF4]__R32__283.2__0.2499,43,Cation,Imidazolium_Ring,Cation:Imidazolium_Ring,5,3.956400745311802e-16,4.826922864349241e-16,9.653845728698482e-17,0.0004815747483732322,3
Case3_BF4_vs_PF6,[bmim]__[BF4]__R32__283.2__0.2499,43,Refri,CH2F,Refri:CH2F,3,3.116855855722517e-16,3.939336361860569e-16,1.3131121206201896e-16,0.0003930215937843229,4
Case3_BF4_vs_PF6,[bmim]__[BF4]__R32__283.2__0.2499,44,Cation,Alkyl_Chain,Cation:Alkyl_Chain,5,-1.2285147477086866e-05,1.2612070804607356e-05,2.5224141609214714e-06,0.32380277879412206,1
Case3_BF4_vs_PF6,[bmim]__[BF4]__R32__283.2__0.2499,44,Cation,Imidazolium_Ring,Cation:Imidazolium_Ring,5,-8.237649382181189e-06,1.0535097544561722e-05,2.1070195089123446e-06,0.2704784894285582,2
Case3_BF4_vs_PF6,[bmim]__[BF4]__R32__283.2__0.2499,44,Anion,BF4_Core,Anion:BF4_Core,5,-8.281970167445252e-06,9.544349495627102e-06,1.9088698991254204e-06,0.24504198686684645,3
Case3_BF4_vs_PF6,[bmim]__[BF4]__R32__283.2__0.2499,44,Refri,CH2F,Refri:CH2F,3,-5.722838977817446e-06,6.258334678932442e-06,2.0861115596441473e-06,0.16067671923643576,4
Case3_BF4_vs_PF6,[bmim]__[BF4]__R32__283.2__0.2499,45,Cation,Alkyl_Chain,Cation:Alkyl_Chain,5,-3.527457782115514e-14,3.528600768374539e-14,7.057201536749078e-15,0.03236525592568117,1
Case3_BF4_vs_PF6,[bmim]__[BF4]__R32__283.2__0.2499,45,Cation,Imidazolium_Ring,Cation:Imidazolium_Ring,5,-2.196980907270764e-14,2.300071349693218e-14,4.600142699386436e-15,0.02109686041768903,2
Case3_BF4_vs_PF6,[bmim]__[BF4]__R32__283.2__0.2499,45,Anion,BF4_Core,Anion:BF4_Core,5,-1.649549739152472e-14,1.6556553220428705e-14,3.311310644085741e-15,0.015186106828208283,3
Case3_BF4_vs_PF6,[bmim]__[BF4]__R32__283.2__0.2499,45,Refri,CH2F,Refri:CH2F,3,-1.536941748661049e-14,1.5400157159299295e-14,5.133385719766432e-15,0.014125429893448564,4
Case3_BF4_vs_PF6,[bmim]__[BF4]__R32__283.2__0.2499,46,Cation,Alkyl_Chain,Cation:Alkyl_Chain,5,-3.325655747249745e-17,1.5203502400055436e-16,3.0407004800110875e-17,0.00015196635647704126,1
Case3_BF4_vs_PF6,[bmim]__[BF4]__R32__283.2__0.2499,46,Anion,BF4_Core,Anion:BF4_Core,5,-5.077673005575137e-19,1.1465662470852456e-16,2.2931324941704913e-17,0.0001146048393615306,2
Case3_BF4_vs_PF6,[bmim]__[BF4]__R32__283.2__0.2499,46,Cation,Imidazolium_Ring,Cation:Imidazolium_Ring,5,-3.5169391339125553e-17,1.0701095129330508e-16,2.1402190258661014e-17,0.00010696261916021668,3
Case3_BF4_vs_PF6,[bmim]__[BF4]__R32__283.2__0.2499,46,Refri,CH2F,Refri:CH2F,3,-7.18512282479742e-18,7.81574373439386e-17,2.6052479114646202e-17,7.81221370721636e-05,4
Case3_BF4_vs_PF6,[bmim]__[PF6]__R32__283.2__0.2497,42,Cation,Alkyl_Chain,Cation:Alkyl_Chain,5,3.123114370411542e-17,7.716204260550577e-16,1.5432408521101153e-16,0.0007700743848695166,1
Case3_BF4_vs_PF6,[bmim]__[PF6]__R32__283.2__0.2497,42,Anion,PF6_Core,Anion:PF6_Core,7,3.676503494165438e-19,4.829117539950467e-16,6.898739342786382e-17,0.00048194417792338245,2
Case3_BF4_vs_PF6,[bmim]__[PF6]__R32__283.2__0.2497,42,Cation,Imidazolium_Ring,Cation:Imidazolium_Ring,5,3.59851963570996e-17,4.3679757635446072e-16,8.735951527089214e-17,0.00043592239599377346,3
Case3_BF4_vs_PF6,[bmim]__[PF6]__R32__283.2__0.2497,42,Refri,CH2F,Refri:CH2F,3,1.2367868861272411e-17,3.163219924626155e-16,1.0544066415420516e-16,0.0003156882004947954,4
Case3_BF4_vs_PF6,[bmim]__[PF6]__R32__283.2__0.2497,43,Cation,Alkyl_Chain,Cation:Alkyl_Chain,5,-1.311642483163664e-14,1.4268967951647227e-14,2.853793590329445e-15,0.013709292473608142,1
Case3_BF4_vs_PF6,[bmim]__[PF6]__R32__283.2__0.2497,43,Anion,PF6_Core,Anion:PF6_Core,7,-5.8728404711078314e-15,1.1841870850738808e-14,1.6916958358198298e-15,0.011377394039821362,2
Case3_BF4_vs_PF6,[bmim]__[PF6]__R32__283.2__0.2497,43,Cation,Imidazolium_Ring,Cation:Imidazolium_Ring,5,-6.602755408553115e-15,8.220803413039898e-15,1.6441606826079796e-15,0.007898356681387712,3
Case3_BF4_vs_PF6,[bmim]__[PF6]__R32__283.2__0.2497,43,Refri,CH2F,Refri:CH2F,3,-4.611934837968226e-15,6.492891881904029e-15,2.1642972939680096e-15,0.006238219478113169,4
Case3_BF4_vs_PF6,[bmim]__[PF6]__R32__283.2__0.2497,44,Cation,Alkyl_Chain,Cation:Alkyl_Chain,5,-1.3729279089602642e-05,1.4084105714573525e-05,2.816821142914705e-06,0.3009612179938195,1
Case3_BF4_vs_PF6,[bmim]__[PF6]__R32__283.2__0.2497,44,Anion,PF6_Core,Anion:PF6_Core,7,-1.1959816333728668e-05,1.4071040368435206e-05,2.0101486240621725e-06,0.30068202650186476,2
Case3_BF4_vs_PF6,[bmim]__[PF6]__R32__283.2__0.2497,44,Cation,Imidazolium_Ring,Cation:Imidazolium_Ring,5,-9.11728147912072e-06,1.1687012602124014e-05,2.3374025204248028e-06,0.24973808197170774,3
Case3_BF4_vs_PF6,[bmim]__[PF6]__R32__283.2__0.2497,44,Refri,CH2F,Refri:CH2F,3,-6.364792170643341e-06,6.954918717383407e-06,2.318306239127802e-06,0.14861865216375258,4
Case3_BF4_vs_PF6,[bmim]__[PF6]__R32__283.2__0.2497,45,Cation,Alkyl_Chain,Cation:Alkyl_Chain,5,-5.491270212523193e-14,5.493965301954767e-14,1.0987930603909534e-14,0.04788416146558153,1
Case3_BF4_vs_PF6,[bmim]__[PF6]__R32__283.2__0.2497,45,Cation,Imidazolium_Ring,Cation:Imidazolium_Ring,5,-3.4188582056403826e-14,3.57795797113411e-14,7.155915942268221e-15,0.031184674054255766,2
Case3_BF4_vs_PF6,[bmim]__[PF6]__R32__283.2__0.2497,45,Anion,PF6_Core,Anion:PF6_Core,7,-3.1848134308417155e-14,3.2656736947338054e-14,4.665248135334008e-15,0.028462874790435515,3
Case3_BF4_vs_PF6,[bmim]__[PF6]__R32__283.2__0.2497,45,Refri,CH2F,Refri:CH2F,3,-2.3920533997047293e-14,2.3969025786244654e-14,7.989675262081551e-15,0.02089086184277245,4
Case3_BF4_vs_PF6,[bmim]__[PF6]__R32__283.2__0.2497,46,Anion,PF6_Core,Anion:PF6_Core,7,1.1330429483561214e-17,1.3824538717625846e-16,1.974934102517978e-17,0.00013818604213077383,1
Case3_BF4_vs_PF6,[bmim]__[PF6]__R32__283.2__0.2497,46,Cation,Alkyl_Chain,Cation:Alkyl_Chain,5,-1.811667837236005e-17,1.3127311818899594e-16,2.6254623637799186e-17,0.00013121676615202054,2
Case3_BF4_vs_PF6,[bmim]__[PF6]__R32__283.2__0.2497,46,Cation,Imidazolium_Ring,Cation:Imidazolium_Ring,5,-2.5008931490633323e-17,9.263074928426724e-17,1.8526149856853447e-17,9.259098538225334e-05,3
Case3_BF4_vs_PF6,[bmim]__[PF6]__R32__283.2__0.2497,46,Refri,CH2F,Refri:CH2F,3,-3.696659817741824e-19,6.7308341570485e-17,2.2436113856828334e-17,6.727944790051464e-05,4
Case3_BF4_vs_PF6,[bmim]__[BF4]__R32__283.2__0.3995,42,Cation,Alkyl_Chain,Cation:Alkyl_Chain,5,4.98350147068618e-17,1.0821172935300666e-15,2.164234587060133e-16,0.0010791963967017003,1
Case3_BF4_vs_PF6,[bmim]__[BF4]__R32__283.2__0.3995,42,Cation,Imidazolium_Ring,Cation:Imidazolium_Ring,5,5.384678567023325e-17,6.129399273118421e-16,1.2258798546236844e-16,0.0006112854539009018,2
Case3_BF4_vs_PF6,[bmim]__[BF4]__R32__283.2__0.3995,42,Anion,BF4_Core,Anion:BF4_Core,5,-7.352378331065335e-19,5.678280311845969e-16,1.1356560623691937e-16,0.0005662953257142555,3
Case3_BF4_vs_PF6,[bmim]__[BF4]__R32__283.2__0.3995,42,Refri,CH2F,Refri:CH2F,3,1.976857273808432e-17,4.436627287611201e-16,1.478875762537067e-16,0.00044246517553371046,4
Case3_BF4_vs_PF6,[bmim]__[BF4]__R32__283.2__0.3995,43,Cation,Alkyl_Chain,Cation:Alkyl_Chain,5,-3.6311300408815254e-14,3.942993003093866e-14,7.885986006187732e-15,0.03563806301019942,1
Case3_BF4_vs_PF6,[bmim]__[BF4]__R32__283.2__0.3995,43,Anion,BF4_Core,Anion:BF4_Core,5,-1.4759921376886502e-14,2.6340869657454254e-14,5.268173931490851e-15,0.02380774127317054,2
Case3_BF4_vs_PF6,[bmim]__[BF4]__R32__283.2__0.3995,43,Cation,Imidazolium_Ring,Cation:Imidazolium_Ring,5,-1.8238473072755263e-14,2.2687754092921267e-14,4.537550818584253e-15,0.02050593570135711,3
Case3_BF4_vs_PF6,[bmim]__[BF4]__R32__283.2__0.3995,43,Refri,CH2F,Refri:CH2F,3,-1.2819913960428458e-14,1.7940804108984836e-14,5.9802680363282785e-15,0.016215486732742385,4
Case3_BF4_vs_PF6,[bmim]__[BF4]__R32__283.2__0.3995,44,Cation,Alkyl_Chain,Cation:Alkyl_Chain,5,-1.6980258351395605e-05,1.7413792647857917e-05,3.4827585295715835e-06,0.32338002646536496,1
Case3_BF4_vs_PF6,[bmim]__[BF4]__R32__283.2__0.3995,44,Cation,Imidazolium_Ring,Cation:Imidazolium_Ring,5,-1.146747803204562e-05,1.4591766102967085e-05,2.918353220593417e-06,0.27097403787763374,2
Case3_BF4_vs_PF6,[bmim]__[BF4]__R32__283.2__0.3995,44,Anion,BF4_Core,Anion:BF4_Core,5,-1.1489709777379176e-05,1.3235285223345272e-05,2.6470570446690544e-06,0.24578372858531408,3
Case3_BF4_vs_PF6,[bmim]__[BF4]__R32__283.2__0.3995,44,Refri,CH2F,Refri:CH2F,3,-7.883788839535555e-06,8.608469215687364e-06,2.869489738562455e-06,0.15986218850134853,4
Case3_BF4_vs_PF6,[bmim]__[BF4]__R32__283.2__0.3995,45,Cation,Alkyl_Chain,Cation:Alkyl_Chain,5,-8.627634671683031e-14,8.6320063781304e-14,1.72640127562608e-14,0.07072257375911996,1
Case3_BF4_vs_PF6,[bmim]__[BF4]__R32__283.2__0.3995,45,Cation,Imidazolium_Ring,Cation:Imidazolium_Ring,5,-5.3859514593505734e-14,5.631646018256333e-14,1.1263292036512665e-14,0.04614043172169804,2
Case3_BF4_vs_PF6,[bmim]__[BF4]__R32__283.2__0.3995,45,Anion,BF4_Core,Anion:BF4_Core,5,-4.010447064771525e-14,4.024446994730334e-14,8.048893989460668e-15,0.03297254855436404,3
Case3_BF4_vs_PF6,[bmim]__[BF4]__R32__283.2__0.3995,45,Refri,CH2F,Refri:CH2F,3,-3.7585545434445575e-14,3.766372318734536e-14,1.2554574395781786e-14,0.030858126424798033,4
Case3_BF4_vs_PF6,[bmim]__[BF4]__R32__283.2__0.3995,46,Cation,Alkyl_Chain,Cation:Alkyl_Chain,5,6.641644586232343e-18,6.997481369615073e-17,1.3994962739230147e-17,6.996032302086605e-05,1
Case3_BF4_vs_PF6,[bmim]__[BF4]__R32__283.2__0.3995,46,Anion,BF4_Core,Anion:BF4_Core,5,1.7986003894706526e-17,5.405742349090712e-17,1.0811484698181424e-17,5.404622905495e-05,2
Case3_BF4_vs_PF6,[bmim]__[BF4]__R32__283.2__0.3995,46,Cation,Imidazolium_Ring,Cation:Imidazolium_Ring,5,-4.430683142913976e-18,4.673785858756115e-17,9.347571717512231e-18,4.672817991752947e-05,3
Case3_BF4_vs_PF6,[bmim]__[BF4]__R32__283.2__0.3995,46,Refri,CH2F,Refri:CH2F,3,7.854210197137475e-18,3.635695365825747e-17,1.211898455275249e-17,3.6349424709168876e-05,4
Case3_BF4_vs_PF6,[bmim]__[PF6]__R32__283.2__0.3996,42,Cation,Alkyl_Chain,Cation:Alkyl_Chain,5,4.386225783224916e-17,9.635993847590608e-16,1.9271987695181215e-16,0.0009611897199908644,1
Case3_BF4_vs_PF6,[bmim]__[PF6]__R32__283.2__0.3996,42,Anion,PF6_Core,Anion:PF6_Core,7,3.2289400529507586e-18,6.028141844404539e-16,8.6116312062922e-17,0.0006013067321475299,2
Case3_BF4_vs_PF6,[bmim]__[PF6]__R32__283.2__0.3996,42,Cation,Imidazolium_Ring,Cation:Imidazolium_Ring,5,4.770115259709039e-17,5.455764392642795e-16,1.0911528785285589e-16,0.0005442121209128497,3
Case3_BF4_vs_PF6,[bmim]__[PF6]__R32__283.2__0.3996,42,Refri,CH2F,Refri:CH2F,3,1.7391720533111173e-17,3.949706030368432e-16,1.3165686767894772e-16,0.0003939829034163737,4
Case3_BF4_vs_PF6,[bmim]__[PF6]__R32__283.2__0.3996,43,Cation,Alkyl_Chain,Cation:Alkyl_Chain,5,-4.7329812459659046e-14,5.1371351393418845e-14,1.027427027868377e-14,0.04479342761327349,1
Case3_BF4_vs_PF6,[bmim]__[PF6]__R32__283.2__0.3996,43,Anion,PF6_Core,Anion:PF6_Core,7,-2.1426983349778512e-14,4.258193529228273e-14,6.083133613183247e-15,0.0371294658289312,2
Case3_BF4_vs_PF6,[bmim]__[PF6]__R32__283.2__0.3996,43,Cation,Imidazolium_Ring,Cation:Imidazolium_Ring,5,-2.3754463797583773e-14,2.953300479874039e-14,5.906600959748077e-15,0.025751405730477052,3
Case3_BF4_vs_PF6,[bmim]__[PF6]__R32__283.2__0.3996,43,Refri,CH2F,Refri:CH2F,3,-1.6713638021595856e-14,2.3363907989825024e-14,7.787969329941675e-15,0.020372240420357762,4
Case3_BF4_vs_PF6,[bmim]__[PF6]__R32__283.2__0.3996,44,Anion,PF6_Core,Anion:PF6_Core,7,-1.5203082966763759e-05,1.7902846821016283e-05,2.5575495458594688e-06,0.30258161433744973,1
Case3_BF4_vs_PF6,[bmim]__[PF6]__R32__283.2__0.3996,44,Cation,Alkyl_Chain,Cation:Alkyl_Chain,5,-1.726843856886262e-05,1.7710043721308466e-05,3.542008744261693e-06,0.29932298883827096,2
Case3_BF4_vs_PF6,[bmim]__[PF6]__R32__283.2__0.3996,44,Cation,Imidazolium_Ring,Cation:Imidazolium_Ring,5,-1.1585718425521918e-05,1.480293826716661e-05,2.960587653433322e-06,0.25018909018195024,3
Case3_BF4_vs_PF6,[bmim]__[PF6]__R32__283.2__0.3996,44,Refri,CH2F,Refri:CH2F,3,-8.012356374820229e-06,8.751171662879642e-06,2.917057220959881e-06,0.14790628974101627,4
Case3_BF4_vs_PF6,[bmim]__[PF6]__R32__283.2__0.3996,45,Cation,Alkyl_Chain,Cation:Alkyl_Chain,5,-8.189960381155704e-14,8.200727186354843e-14,1.6401454372709687e-14,0.06723608769227991,1
Case3_BF4_vs_PF6,[bmim]__[PF6]__R32__283.2__0.3996,45,Cation,Imidazolium_Ring,Cation:Imidazolium_Ring,5,-5.109109804908379e-14,5.3424422038225814e-14,1.0684884407645163e-14,0.04380159275446107,2
Case3_BF4_vs_PF6,[bmim]__[PF6]__R32__283.2__0.3996,45,Anion,PF6_Core,Anion:PF6_Core,7,-4.720656493066881e-14,4.848777807283972e-14,6.926825438977103e-15,0.03975413916870412,3
Case3_BF4_vs_PF6,[bmim]__[PF6]__R32__283.2__0.3996,45,Refri,CH2F,Refri:CH2F,3,-3.567950785082069e-14,3.57718378302032e-14,1.1923945943401066e-14,0.02932859941088507,4
Case3_BF4_vs_PF6,[bmim]__[PF6]__R32__283.2__0.3996,46,Anion,PF6_Core,Anion:PF6_Core,7,1.3403434468101023e-17,7.021545261317935e-16,1.0030778944739907e-16,0.000700642309065064,1
Case3_BF4_vs_PF6,[bmim]__[PF6]__R32__283.2__0.3996,46,Cation,Alkyl_Chain,Cation:Alkyl_Chain,5,-1.2354499637340084e-16,6.554898399412188e-16,1.3109796798824376e-16,0.0006540781237361155,2
Case3_BF4_vs_PF6,[bmim]__[PF6]__R32__283.2__0.3996,46,Cation,Imidazolium_Ring,Cation:Imidazolium_Ring,5,-1.3867939767672676e-16,4.619273167463768e-16,9.238546334927536e-17,0.0004609324725262296,3
Case3_BF4_vs_PF6,[bmim]__[PF6]__R32__283.2__0.3996,46,Refri,CH2F,Refri:CH2F,3,-2.007298016658751e-17,3.38757962941471e-16,1.1291932098049032e-16,0.0003380283862543096,4
Case4_R1336mzz_Stereo,[emim]__[Tf2N]__R1336mzz(E)__293.1__0.194,42,Cation,Imidazolium_Ring,Cation:Imidazolium_Ring,5,0.0,0.0,0.0,0.0,1
Case4_R1336mzz_Stereo,[emim]__[Tf2N]__R1336mzz(E)__293.1__0.194,42,Cation,Alkyl_Chain,Cation:Alkyl_Chain,3,0.0,0.0,0.0,0.0,2
Case4_R1336mzz_Stereo,[emim]__[Tf2N]__R1336mzz(E)__293.1__0.194,42,Anion,CF3,Anion:CF3,8,0.0,0.0,0.0,0.0,3
Case4_R1336mzz_Stereo,[emim]__[Tf2N]__R1336mzz(E)__293.1__0.194,42,Anion,Sulfonyl_SO2,Anion:Sulfonyl_SO2,6,0.0,0.0,0.0,0.0,4
Case4_R1336mzz_Stereo,[emim]__[Tf2N]__R1336mzz(E)__293.1__0.194,42,Anion,Sulfonimide_N,Anion:Sulfonimide_N,1,0.0,0.0,0.0,0.0,5
Case4_R1336mzz_Stereo,[emim]__[Tf2N]__R1336mzz(E)__293.1__0.194,42,Refri,CF3,Refri:CF3,8,0.0,0.0,0.0,0.0,6
Case4_R1336mzz_Stereo,[emim]__[Tf2N]__R1336mzz(E)__293.1__0.194,42,Refri,Alkene_C=C,Refri:Alkene_C=C,2,0.0,0.0,0.0,0.0,7
Case4_R1336mzz_Stereo,[emim]__[Tf2N]__R1336mzz(E)__293.1__0.194,43,Anion,CF3,Anion:CF3,8,1.604658038389939e-10,2.268360013713e-10,2.83545001714125e-11,0.28199970024275456,1
Case4_R1336mzz_Stereo,[emim]__[Tf2N]__R1336mzz(E)__293.1__0.194,43,Refri,CF3,Refri:CF3,8,1.4393094702191966e-10,2.0181519996831376e-10,2.522689999603922e-11,0.2508941506262009,2
Case4_R1336mzz_Stereo,[emim]__[Tf2N]__R1336mzz(E)__293.1__0.194,43,Anion,Sulfonyl_SO2,Anion:Sulfonyl_SO2,6,1.0948757525608421e-10,1.576572900008344e-10,2.6276215000139065e-11,0.19599758527107178,3
Case4_R1336mzz_Stereo,[emim]__[Tf2N]__R1336mzz(E)__293.1__0.194,43,Cation,Imidazolium_Ring,Cation:Imidazolium_Ring,5,2.381752840742088e-11,8.020140974951406e-11,1.6040281949902813e-11,0.0997053967257547,4
Case4_R1336mzz_Stereo,[emim]__[Tf2N]__R1336mzz(E)__293.1__0.194,43,Cation,Alkyl_Chain,Cation:Alkyl_Chain,3,4.734714616899671e-11,6.951483833006478e-11,2.317161277668826e-11,0.08641998383410962,5
Case4_R1336mzz_Stereo,[emim]__[Tf2N]__R1336mzz(E)__293.1__0.194,43,Refri,Alkene_C=C,Refri:Alkene_C=C,2,2.5820678060950453e-11,4.471647357950914e-11,2.235823678975457e-11,0.05559096470182309,6
Case4_R1336mzz_Stereo,[emim]__[Tf2N]__R1336mzz(E)__293.1__0.194,43,Anion,Sulfonimide_N,Anion:Sulfonimide_N,1,1.5140699458071616e-11,2.2642625621682733e-11,2.2642625621682733e-11,0.028149031015459094,7
Case4_R1336mzz_Stereo,[emim]__[Tf2N]__R1336mzz(E)__293.1__0.194,44,Cation,Imidazolium_Ring,Cation:Imidazolium_Ring,5,-1.2179056097663174e-17,2.2514328471102028e-17,4.502865694220405e-18,2.2512362040178297e-05,1
Case4_R1336mzz_Stereo,[emim]__[Tf2N]__R1336mzz(E)__293.1__0.194,44,Anion,CF3,Anion:CF3,8,-4.153682120959835e-18,1.759410805435544e-17,2.19926350679443e-18,1.759257136192431e-05,2
Case4_R1336mzz_Stereo,[emim]__[Tf2N]__R1336mzz(E)__293.1__0.194,44,Refri,CF3,Refri:CF3,8,-4.014691738114374e-18,1.7348751395421187e-17,2.1685939244276484e-18,1.7347236132761858e-05,3
Case4_R1336mzz_Stereo,[emim]__[Tf2N]__R1336mzz(E)__293.1__0.194,44,Anion,Sulfonyl_SO2,Anion:Sulfonyl_SO2,6,-6.850154277985269e-18,1.7021563412848287e-17,2.8369272354747146e-18,1.7020076727215703e-05,4
Case4_R1336mzz_Stereo,[emim]__[Tf2N]__R1336mzz(E)__293.1__0.194,44,Cation,Alkyl_Chain,Cation:Alkyl_Chain,3,-3.4710041711555335e-19,5.644824739681175e-18,1.8816082465603915e-18,5.6443317132983805e-06,5
Case4_R1336mzz_Stereo,[emim]__[Tf2N]__R1336mzz(E)__293.1__0.194,44,Refri,Alkene_C=C,Refri:Alkene_C=C,2,-2.2484253838390825e-18,5.2332177023208334e-18,2.6166088511604167e-18,5.232760626235545e-06,6
Case4_R1336mzz_Stereo,[emim]__[Tf2N]__R1336mzz(E)__293.1__0.194,44,Anion,Sulfonimide_N,Anion:Sulfonimide_N,1,-1.0607640098288144e-18,1.992144564145147e-18,1.992144564145147e-18,1.99197056763086e-06,7
Case4_R1336mzz_Stereo,[emim]__[Tf2N]__R1336mzz(E)__293.1__0.194,45,Anion,Sulfonyl_SO2,Anion:Sulfonyl_SO2,6,0.0089762844145298,0.09950989112257957,0.016584981853763264,0.2227007961928196,1
Case4_R1336mzz_Stereo,[emim]__[Tf2N]__R1336mzz(E)__293.1__0.194,45,Refri,CF3,Refri:CF3,8,-0.014117928221821785,0.09169128071516752,0.01146141008939594,0.20520292996857412,2
Case4_R1336mzz_Stereo,[emim]__[Tf2N]__R1336mzz(E)__293.1__0.194,45,Anion,CF3,Anion:CF3,8,0.0018775835633277893,0.08654148131608963,0.010817685164511204,0.19367780001947987,3
Case4_R1336mzz_Stereo,[emim]__[Tf2N]__R1336mzz(E)__293.1__0.194,45,Refri,Alkene_C=C,Refri:Alkene_C=C,2,0.06924068927764893,0.0697697289288044,0.0348848644644022,0.15614301259220545,4
Case4_R1336mzz_Stereo,[emim]__[Tf2N]__R1336mzz(E)__293.1__0.194,45,Cation,Imidazolium_Ring,Cation:Imidazolium_Ring,5,0.02094661444425583,0.06776848435401917,0.013553696870803832,0.15166427429640902,5
Case4_R1336mzz_Stereo,[emim]__[Tf2N]__R1336mzz(E)__293.1__0.194,45,Cation,Alkyl_Chain,Cation:Alkyl_Chain,3,0.006383002735674381,0.01864065951667726,0.006213553172225754,0.04171735763241455,6
Case4_R1336mzz_Stereo,[emim]__[Tf2N]__R1336mzz(E)__293.1__0.194,45,Anion,Sulfonimide_N,Anion:Sulfonimide_N,1,0.012718264013528824,0.012910693883895874,0.012910693883895874,0.028893829295859486,7
Case4_R1336mzz_Stereo,[emim]__[Tf2N]__R1336mzz(E)__293.1__0.194,46,Cation,Imidazolium_Ring,Cation:Imidazolium_Ring,5,0.0,0.0,0.0,0.0,1
Case4_R1336mzz_Stereo,[emim]__[Tf2N]__R1336mzz(E)__293.1__0.194,46,Cation,Alkyl_Chain,Cation:Alkyl_Chain,3,0.0,0.0,0.0,0.0,2
Case4_R1336mzz_Stereo,[emim]__[Tf2N]__R1336mzz(E)__293.1__0.194,46,Anion,CF3,Anion:CF3,8,0.0,0.0,0.0,0.0,3
Case4_R1336mzz_Stereo,[emim]__[Tf2N]__R1336mzz(E)__293.1__0.194,46,Anion,Sulfonyl_SO2,Anion:Sulfonyl_SO2,6,0.0,0.0,0.0,0.0,4
Case4_R1336mzz_Stereo,[emim]__[Tf2N]__R1336mzz(E)__293.1__0.194,46,Anion,Sulfonimide_N,Anion:Sulfonimide_N,1,0.0,0.0,0.0,0.0,5
Case4_R1336mzz_Stereo,[emim]__[Tf2N]__R1336mzz(E)__293.1__0.194,46,Refri,CF3,Refri:CF3,8,0.0,0.0,0.0,0.0,6
Case4_R1336mzz_Stereo,[emim]__[Tf2N]__R1336mzz(E)__293.1__0.194,46,Refri,Alkene_C=C,Refri:Alkene_C=C,2,0.0,0.0,0.0,0.0,7
Case4_R1336mzz_Stereo,[emim]__[Tf2N]__R1336mzz(E)__293.1__0.223,42,Cation,Imidazolium_Ring,Cation:Imidazolium_Ring,5,0.0,0.0,0.0,0.0,1
Case4_R1336mzz_Stereo,[emim]__[Tf2N]__R1336mzz(E)__293.1__0.223,42,Cation,Alkyl_Chain,Cation:Alkyl_Chain,3,0.0,0.0,0.0,0.0,2
Case4_R1336mzz_Stereo,[emim]__[Tf2N]__R1336mzz(E)__293.1__0.223,42,Anion,CF3,Anion:CF3,8,0.0,0.0,0.0,0.0,3
Case4_R1336mzz_Stereo,[emim]__[Tf2N]__R1336mzz(E)__293.1__0.223,42,Anion,Sulfonyl_SO2,Anion:Sulfonyl_SO2,6,0.0,0.0,0.0,0.0,4
Case4_R1336mzz_Stereo,[emim]__[Tf2N]__R1336mzz(E)__293.1__0.223,42,Anion,Sulfonimide_N,Anion:Sulfonimide_N,1,0.0,0.0,0.0,0.0,5
Case4_R1336mzz_Stereo,[emim]__[Tf2N]__R1336mzz(E)__293.1__0.223,42,Refri,CF3,Refri:CF3,8,0.0,0.0,0.0,0.0,6
Case4_R1336mzz_Stereo,[emim]__[Tf2N]__R1336mzz(E)__293.1__0.223,42,Refri,Alkene_C=C,Refri:Alkene_C=C,2,0.0,0.0,0.0,0.0,7
Case4_R1336mzz_Stereo,[emim]__[Tf2N]__R1336mzz(E)__293.1__0.223,43,Anion,CF3,Anion:CF3,8,1.4263940723013846e-11,5.190094101020781e-11,6.487617626275977e-12,0.2852268028245493,1
Case4_R1336mzz_Stereo,[emim]__[Tf2N]__R1336mzz(E)__293.1__0.223,43,Refri,CF3,Refri:CF3,8,1.0690118712117225e-11,4.4350516748697943e-11,5.543814593587243e-12,0.24373269250281537,2
Case4_R1336mzz_Stereo,[emim]__[Tf2N]__R1336mzz(E)__293.1__0.223,43,Anion,Sulfonyl_SO2,Anion:Sulfonyl_SO2,6,1.0048060799204561e-11,3.539567770827201e-11,5.899279618045335e-12,0.1945204805545427,3
Case4_R1336mzz_Stereo,[emim]__[Tf2N]__R1336mzz(E)__293.1__0.223,43,Cation,Imidazolium_Ring,Cation:Imidazolium_Ring,5,-4.145401903687951e-12,1.8361362343760623e-11,3.672272468752125e-12,0.10090669985701954,4
Case4_R1336mzz_Stereo,[emim]__[Tf2N]__R1336mzz(E)__293.1__0.223,43,Cation,Alkyl_Chain,Cation:Alkyl_Chain,3,2.150809044754176e-12,1.55349257763282e-11,5.1783085921094e-12,0.0853737355248972,5
Case4_R1336mzz_Stereo,[emim]__[Tf2N]__R1336mzz(E)__293.1__0.223,43,Refri,Alkene_C=C,Refri:Alkene_C=C,2,3.474412597903598e-13,1.029123357712547e-11,5.145616788562735e-12,0.056556501542945614,6
Case4_R1336mzz_Stereo,[emim]__[Tf2N]__R1336mzz(E)__293.1__0.223,43,Anion,Sulfonimide_N,Anion:Sulfonimide_N,1,1.8859737990067904e-12,5.129101136869263e-12,5.129101136869263e-12,0.028187487358759998,7
Case4_R1336mzz_Stereo,[emim]__[Tf2N]__R1336mzz(E)__293.1__0.223,44,Cation,Imidazolium_Ring,Cation:Imidazolium_Ring,5,-1.1368593322277726e-17,2.1016100895337807e-17,4.203220179067562e-18,2.1014387460770657e-05,1
Case4_R1336mzz_Stereo,[emim]__[Tf2N]__R1336mzz(E)__293.1__0.223,44,Anion,CF3,Anion:CF3,8,-3.8772718093606334e-18,1.642329841737441e-17,2.052912302171801e-18,1.6421959432214646e-05,2
Case4_R1336mzz_Stereo,[emim]__[Tf2N]__R1336mzz(E)__293.1__0.223,44,Refri,CF3,Refri:CF3,8,-3.747530649932011e-18,1.6194270510527105e-17,2.024283813815888e-18,1.619295019792389e-05,3
Case4_R1336mzz_Stereo,[emim]__[Tf2N]__R1336mzz(E)__293.1__0.223,44,Anion,Sulfonyl_SO2,Anion:Sulfonyl_SO2,6,-6.394304761779493e-18,1.588885578283298e-17,2.6481426304721632e-18,1.588756037057424e-05,4
Case4_R1336mzz_Stereo,[emim]__[Tf2N]__R1336mzz(E)__293.1__0.223,44,Cation,Alkyl_Chain,Cation:Alkyl_Chain,3,-3.2400219984122847e-19,5.269186927474666e-18,1.756395642491555e-18,5.2687573327050525e-06,5
Case4_R1336mzz_Stereo,[emim]__[Tf2N]__R1336mzz(E)__293.1__0.223,44,Refri,Alkene_C=C,Refri:Alkene_C=C,2,-2.0988028866889595e-18,4.8849713557135585e-18,2.4424856778567793e-18,4.8845730858907164e-06,6
Case4_R1336mzz_Stereo,[emim]__[Tf2N]__R1336mzz(E)__293.1__0.223,44,Anion,Sulfonimide_N,Anion:Sulfonimide_N,1,-9.901747944978001e-19,1.859576463274336e-18,1.859576463274336e-18,1.8594248527254383e-06,7
Case4_R1336mzz_Stereo,[emim]__[Tf2N]__R1336mzz(E)__293.1__0.223,45,Anion,Sulfonyl_SO2,Anion:Sulfonyl_SO2,6,0.010264813899993896,0.11276314035058022,0.018793856725096703,0.22271886864256007,1
Case4_R1336mzz_Stereo,[emim]__[Tf2N]__R1336mzz(E)__293.1__0.223,45,Refri,CF3,Refri:CF3,8,-0.015943925827741623,0.104114580899477,0.013014322612434626,0.20563706894853695,2
Case4_R1336mzz_Stereo,[emim]__[Tf2N]__R1336mzz(E)__293.1__0.223,45,Anion,CF3,Anion:CF3,8,0.0021555880084633827,0.09789995476603508,0.012237494345754385,0.19336253937111061,3
Case4_R1336mzz_Stereo,[emim]__[Tf2N]__R1336mzz(E)__293.1__0.223,45,Refri,Alkene_C=C,Refri:Alkene_C=C,2,0.07860956341028214,0.0792091004550457,0.03960455022752285,0.15644616835515343,4
Case4_R1336mzz_Stereo,[emim]__[Tf2N]__R1336mzz(E)__293.1__0.223,45,Cation,Imidazolium_Ring,Cation:Imidazolium_Ring,5,0.023720314726233482,0.07660377211868763,0.015320754423737527,0.15130037534413884,5
Case4_R1336mzz_Stereo,[emim]__[Tf2N]__R1336mzz(E)__293.1__0.223,45,Cation,Alkyl_Chain,Cation:Alkyl_Chain,3,0.007224027067422867,0.021096610464155674,0.007032203488051891,0.04166798831747301,6
Case4_R1336mzz_Stereo,[emim]__[Tf2N]__R1336mzz(E)__293.1__0.223,45,Anion,Sulfonimide_N,Anion:Sulfonimide_N,1,0.014394775032997131,0.014615432359278202,0.014615432359278202,0.02886699101905204,7
Case4_R1336mzz_Stereo,[emim]__[Tf2N]__R1336mzz(E)__293.1__0.223,46,Cation,Imidazolium_Ring,Cation:Imidazolium_Ring,5,0.0,0.0,0.0,0.0,1
Case4_R1336mzz_Stereo,[emim]__[Tf2N]__R1336mzz(E)__293.1__0.223,46,Cation,Alkyl_Chain,Cation:Alkyl_Chain,3,0.0,0.0,0.0,0.0,2
Case4_R1336mzz_Stereo,[emim]__[Tf2N]__R1336mzz(E)__293.1__0.223,46,Anion,CF3,Anion:CF3,8,0.0,0.0,0.0,0.0,3
Case4_R1336mzz_Stereo,[emim]__[Tf2N]__R1336mzz(E)__293.1__0.223,46,Anion,Sulfonyl_SO2,Anion:Sulfonyl_SO2,6,0.0,0.0,0.0,0.0,4
Case4_R1336mzz_Stereo,[emim]__[Tf2N]__R1336mzz(E)__293.1__0.223,46,Anion,Sulfonimide_N,Anion:Sulfonimide_N,1,0.0,0.0,0.0,0.0,5
Case4_R1336mzz_Stereo,[emim]__[Tf2N]__R1336mzz(E)__293.1__0.223,46,Refri,CF3,Refri:CF3,8,0.0,0.0,0.0,0.0,6
Case4_R1336mzz_Stereo,[emim]__[Tf2N]__R1336mzz(E)__293.1__0.223,46,Refri,Alkene_C=C,Refri:Alkene_C=C,2,0.0,0.0,0.0,0.0,7
Case4_R1336mzz_Stereo,[emim]__[Tf2N]__R1336mzz(E)__303__0.228,42,Cation,Imidazolium_Ring,Cation:Imidazolium_Ring,5,0.0,0.0,0.0,0.0,1
Case4_R1336mzz_Stereo,[emim]__[Tf2N]__R1336mzz(E)__303__0.228,42,Cation,Alkyl_Chain,Cation:Alkyl_Chain,3,0.0,0.0,0.0,0.0,2
Case4_R1336mzz_Stereo,[emim]__[Tf2N]__R1336mzz(E)__303__0.228,42,Anion,CF3,Anion:CF3,8,0.0,0.0,0.0,0.0,3
Case4_R1336mzz_Stereo,[emim]__[Tf2N]__R1336mzz(E)__303__0.228,42,Anion,Sulfonyl_SO2,Anion:Sulfonyl_SO2,6,0.0,0.0,0.0,0.0,4
Case4_R1336mzz_Stereo,[emim]__[Tf2N]__R1336mzz(E)__303__0.228,42,Anion,Sulfonimide_N,Anion:Sulfonimide_N,1,0.0,0.0,0.0,0.0,5
Case4_R1336mzz_Stereo,[emim]__[Tf2N]__R1336mzz(E)__303__0.228,42,Refri,CF3,Refri:CF3,8,0.0,0.0,0.0,0.0,6
Case4_R1336mzz_Stereo,[emim]__[Tf2N]__R1336mzz(E)__303__0.228,42,Refri,Alkene_C=C,Refri:Alkene_C=C,2,0.0,0.0,0.0,0.0,7
Case4_R1336mzz_Stereo,[emim]__[Tf2N]__R1336mzz(E)__303__0.228,43,Anion,CF3,Anion:CF3,8,3.1326230498507357e-10,4.1495647196132524e-10,5.1869558995165654e-11,0.28035175043883465,1
Case4_R1336mzz_Stereo,[emim]__[Tf2N]__R1336mzz(E)__303__0.228,43,Refri,CF3,Refri:CF3,8,2.837588150561565e-10,3.7315828205208845e-10,4.6644785256511057e-11,0.25211217231912886,2
Case4_R1336mzz_Stereo,[emim]__[Tf2N]__R1336mzz(E)__303__0.228,43,Anion,Sulfonyl_SO2,Anion:Sulfonyl_SO2,6,2.1332588473477188e-10,2.8860109441142257e-10,4.810018240190376e-11,0.19498387774114934,3
Case4_R1336mzz_Stereo,[emim]__[Tf2N]__R1336mzz(E)__303__0.228,43,Cation,Imidazolium_Ring,Cation:Imidazolium_Ring,5,5.475920850659191e-11,1.4897056505036588e-10,2.9794113010073177e-11,0.10064708348403556,4
Case4_R1336mzz_Stereo,[emim]__[Tf2N]__R1336mzz(E)__303__0.228,43,Cation,Alkyl_Chain,Cation:Alkyl_Chain,3,9.514649311481715e-11,1.292080088755032e-10,4.3069336291834404e-11,0.08729515962903196,5
Case4_R1336mzz_Stereo,[emim]__[Tf2N]__R1336mzz(E)__303__0.228,43,Refri,Alkene_C=C,Refri:Alkene_C=C,2,5.297708625950914e-11,8.280628960299907e-11,4.1403144801499536e-11,0.055945357660813974,6
Case4_R1336mzz_Stereo,[emim]__[Tf2N]__R1336mzz(E)__303__0.228,43,Anion,Sulfonimide_N,Anion:Sulfonimide_N,1,2.884517971701861e-11,4.1427274805050374e-11,4.1427274805050374e-11,0.027988981477047484,7
Case4_R1336mzz_Stereo,[emim]__[Tf2N]__R1336mzz(E)__303__0.228,44,Cation,Imidazolium_Ring,Cation:Imidazolium_Ring,5,-8.597481918545853e-18,1.589339659080559e-17,3.178679318161118e-18,1.589241663764923e-05,1
Case4_R1336mzz_Stereo,[emim]__[Tf2N]__R1336mzz(E)__303__0.228,44,Anion,CF3,Anion:CF3,8,-2.932181356776694e-18,1.2420097872329622e-17,1.5525122340412027e-18,1.2419332075412472e-05,2
Case4_R1336mzz_Stereo,[emim]__[Tf2N]__R1336mzz(E)__303__0.228,44,Refri,CF3,Refri:CF3,8,-2.8340643978405273e-18,1.224689431707199e-17,1.5308617896339988e-18,1.2246139199519046e-05,3
Case4_R1336mzz_Stereo,[emim]__[Tf2N]__R1336mzz(E)__303__0.228,44,Anion,Sulfonyl_SO2,Anion:Sulfonyl_SO2,6,-4.8356854532758115e-18,1.2015924190146412e-17,2.0026540316910685e-18,1.2015183313722077e-05,4
Case4_R1336mzz_Stereo,[emim]__[Tf2N]__R1336mzz(E)__303__0.228,44,Cation,Alkyl_Chain,Cation:Alkyl_Chain,3,-2.4502627782772146e-19,3.984815318557454e-18,1.3282717728524848e-18,3.984569623288566e-06,5
Case4_R1336mzz_Stereo,[emim]__[Tf2N]__R1336mzz(E)__303__0.228,44,Refri,Alkene_C=C,Refri:Alkene_C=C,2,-1.5872164932432884e-18,3.694252308568988e-18,1.847126154284494e-18,3.6940245287996048e-06,6
Case4_R1336mzz_Stereo,[emim]__[Tf2N]__R1336mzz(E)__303__0.228,44,Anion,Sulfonimide_N,Anion:Sulfonimide_N,1,-7.488185878010057e-19,1.4063023739057438e-18,1.4063023739057438e-18,1.4062156642812635e-06,7
Case4_R1336mzz_Stereo,[emim]__[Tf2N]__R1336mzz(E)__303__0.228,45,Anion,Sulfonyl_SO2,Anion:Sulfonyl_SO2,6,0.007510030642151833,0.08350222557783127,0.013917037596305212,0.22485807843245056,1
Case4_R1336mzz_Stereo,[emim]__[Tf2N]__R1336mzz(E)__303__0.228,45,Refri,CF3,Refri:CF3,8,-0.012302171438932419,0.07596158608794212,0.009495198260992765,0.2045523477274898,2
Case4_R1336mzz_Stereo,[emim]__[Tf2N]__R1336mzz(E)__303__0.228,45,Anion,CF3,Anion:CF3,8,0.0008336249738931656,0.0716991014778614,0.008962387684732676,0.19307416146193596,3
Case4_R1336mzz_Stereo,[emim]__[Tf2N]__R1336mzz(E)__303__0.228,45,Refri,Alkene_C=C,Refri:Alkene_C=C,2,0.05648446083068848,0.05696793645620346,0.02848396822810173,0.15340550069368047,4
Case4_R1336mzz_Stereo,[emim]__[Tf2N]__R1336mzz(E)__303__0.228,45,Cation,Imidazolium_Ring,Cation:Imidazolium_Ring,5,0.017323825508356094,0.05690488778054714,0.011380977556109428,0.15323572073922193,5
Case4_R1336mzz_Stereo,[emim]__[Tf2N]__R1336mzz(E)__303__0.228,45,Cation,Alkyl_Chain,Cation:Alkyl_Chain,3,0.005311200860887766,0.015543923014774919,0.0051813076715916395,0.041857287470097745,6
Case4_R1336mzz_Stereo,[emim]__[Tf2N]__R1336mzz(E)__303__0.228,45,Anion,Sulfonimide_N,Anion:Sulfonimide_N,1,0.010626494884490967,0.010775579139590263,0.010775579139590263,0.029016903472430723,7
Case4_R1336mzz_Stereo,[emim]__[Tf2N]__R1336mzz(E)__303__0.228,46,Cation,Imidazolium_Ring,Cation:Imidazolium_Ring,5,0.0,0.0,0.0,0.0,1
Case4_R1336mzz_Stereo,[emim]__[Tf2N]__R1336mzz(E)__303__0.228,46,Cation,Alkyl_Chain,Cation:Alkyl_Chain,3,0.0,0.0,0.0,0.0,2
Case4_R1336mzz_Stereo,[emim]__[Tf2N]__R1336mzz(E)__303__0.228,46,Anion,CF3,Anion:CF3,8,0.0,0.0,0.0,0.0,3
Case4_R1336mzz_Stereo,[emim]__[Tf2N]__R1336mzz(E)__303__0.228,46,Anion,Sulfonyl_SO2,Anion:Sulfonyl_SO2,6,0.0,0.0,0.0,0.0,4
Case4_R1336mzz_Stereo,[emim]__[Tf2N]__R1336mzz(E)__303__0.228,46,Anion,Sulfonimide_N,Anion:Sulfonimide_N,1,0.0,0.0,0.0,0.0,5
Case4_R1336mzz_Stereo,[emim]__[Tf2N]__R1336mzz(E)__303__0.228,46,Refri,CF3,Refri:CF3,8,0.0,0.0,0.0,0.0,6
Case4_R1336mzz_Stereo,[emim]__[Tf2N]__R1336mzz(E)__303__0.228,46,Refri,Alkene_C=C,Refri:Alkene_C=C,2,0.0,0.0,0.0,0.0,7
Case4_R1336mzz_Stereo,[emim]__[Tf2N]__R1336mzz(E)__303__0.293,42,Cation,Imidazolium_Ring,Cation:Imidazolium_Ring,5,0.0,0.0,0.0,0.0,1
Case4_R1336mzz_Stereo,[emim]__[Tf2N]__R1336mzz(E)__303__0.293,42,Cation,Alkyl_Chain,Cation:Alkyl_Chain,3,0.0,0.0,0.0,0.0,2
Case4_R1336mzz_Stereo,[emim]__[Tf2N]__R1336mzz(E)__303__0.293,42,Anion,CF3,Anion:CF3,8,0.0,0.0,0.0,0.0,3
Case4_R1336mzz_Stereo,[emim]__[Tf2N]__R1336mzz(E)__303__0.293,42,Anion,Sulfonyl_SO2,Anion:Sulfonyl_SO2,6,0.0,0.0,0.0,0.0,4
Case4_R1336mzz_Stereo,[emim]__[Tf2N]__R1336mzz(E)__303__0.293,42,Anion,Sulfonimide_N,Anion:Sulfonimide_N,1,0.0,0.0,0.0,0.0,5
Case4_R1336mzz_Stereo,[emim]__[Tf2N]__R1336mzz(E)__303__0.293,42,Refri,CF3,Refri:CF3,8,0.0,0.0,0.0,0.0,6
Case4_R1336mzz_Stereo,[emim]__[Tf2N]__R1336mzz(E)__303__0.293,42,Refri,Alkene_C=C,Refri:Alkene_C=C,2,0.0,0.0,0.0,0.0,7
Case4_R1336mzz_Stereo,[emim]__[Tf2N]__R1336mzz(E)__303__0.293,43,Anion,CF3,Anion:CF3,8,6.148790287693884e-11,9.564784728133269e-11,1.1955980910166586e-11,0.2835565505767831,1
Case4_R1336mzz_Stereo,[emim]__[Tf2N]__R1336mzz(E)__303__0.293,43,Refri,CF3,Refri:CF3,8,5.433676772415019e-11,8.392739107854208e-11,1.049092388481776e-11,0.24881021569823336,2
Case4_R1336mzz_Stereo,[emim]__[Tf2N]__R1336mzz(E)__303__0.293,43,Anion,Sulfonyl_SO2,Anion:Sulfonyl_SO2,6,4.2076166335835996e-11,6.641556228592638e-11,1.106926038098773e-11,0.1968948416687499,3
Case4_R1336mzz_Stereo,[emim]__[Tf2N]__R1336mzz(E)__303__0.293,43,Cation,Imidazolium_Ring,Cation:Imidazolium_Ring,5,6.699923818867526e-12,3.3323665441648e-11,6.664733088329599e-12,0.0987909701450502,4
Case4_R1336mzz_Stereo,[emim]__[Tf2N]__R1336mzz(E)__303__0.293,43,Cation,Alkyl_Chain,Cation:Alkyl_Chain,3,1.7345276690644562e-11,2.881040024604875e-11,9.603466748682917e-12,0.08541099404440522,5
Case4_R1336mzz_Stereo,[emim]__[Tf2N]__R1336mzz(E)__303__0.293,43,Refri,Alkene_C=C,Refri:Alkene_C=C,2,9.139354637671682e-12,1.8652978467370573e-11,9.326489233685287e-12,0.05529841373882005,6
Case4_R1336mzz_Stereo,[emim]__[Tf2N]__R1336mzz(E)__303__0.293,43,Anion,Sulfonimide_N,Anion:Sulfonimide_N,1,6.010947815882073e-12,9.537047367114138e-12,9.537047367114138e-12,0.028273425183862604,7
Case4_R1336mzz_Stereo,[emim]__[Tf2N]__R1336mzz(E)__303__0.293,44,Cation,Imidazolium_Ring,Cation:Imidazolium_Ring,5,-1.3007758825940876e-17,2.4046280614030342e-17,4.809256122806069e-18,2.4044037486618307e-05,1
Case4_R1336mzz_Stereo,[emim]__[Tf2N]__R1336mzz(E)__303__0.293,44,Anion,CF3,Anion:CF3,8,-4.436312934163012e-18,1.8791272079242718e-17,2.3489090099053398e-18,1.8789519158773042e-05,2
Case4_R1336mzz_Stereo,[emim]__[Tf2N]__R1336mzz(E)__303__0.293,44,Refri,CF3,Refri:CF3,8,-4.2878628621336066e-18,1.8529220227210153e-17,2.316152528401269e-18,1.852749175192192e-05,3
Case4_R1336mzz_Stereo,[emim]__[Tf2N]__R1336mzz(E)__303__0.293,44,Anion,Sulfonyl_SO2,Anion:Sulfonyl_SO2,6,-7.316260420196397e-18,1.8179768885245542e-17,3.029961480874257e-18,1.8178073008091585e-05,4
Case4_R1336mzz_Stereo,[emim]__[Tf2N]__R1336mzz(E)__303__0.293,44,Cation,Alkyl_Chain,Cation:Alkyl_Chain,3,-3.7071836230850297e-19,6.0289183023019305e-18,2.0096394341006435e-18,6.028355902148415e-06,5
Case4_R1336mzz_Stereo,[emim]__[Tf2N]__R1336mzz(E)__303__0.293,44,Refri,Alkene_C=C,Refri:Alkene_C=C,2,-2.4014147128774495e-18,5.589302826002967e-18,2.7946514130014835e-18,5.588781434832981e-06,6
Case4_R1336mzz_Stereo,[emim]__[Tf2N]__R1336mzz(E)__303__0.293,44,Anion,Sulfonimide_N,Anion:Sulfonimide_N,1,-1.1329419289238133e-18,2.1276973394612024e-18,2.1276973394612024e-18,2.127498859858337e-06,7
Case4_R1336mzz_Stereo,[emim]__[Tf2N]__R1336mzz(E)__303__0.293,45,Anion,Sulfonyl_SO2,Anion:Sulfonyl_SO2,6,0.009297197684645653,0.10257811099290848,0.017096351832151413,0.2227034175389963,1
Case4_R1336mzz_Stereo,[emim]__[Tf2N]__R1336mzz(E)__303__0.293,45,Refri,CF3,Refri:CF3,8,-0.01452874019742012,0.09463604167103767,0.01182950520887971,0.20546069427969857,2
Case4_R1336mzz_Stereo,[emim]__[Tf2N]__R1336mzz(E)__303__0.293,45,Anion,CF3,Anion:CF3,8,0.0019271429628133774,0.08911734260618687,0.011139667825773358,0.1934792575948633,3
Case4_R1336mzz_Stereo,[emim]__[Tf2N]__R1336mzz(E)__303__0.293,45,Refri,Alkene_C=C,Refri:Alkene_C=C,2,0.07144574820995331,0.0719875693321228,0.0359937846660614,0.15628946132277208,4
Case4_R1336mzz_Stereo,[emim]__[Tf2N]__R1336mzz(E)__303__0.293,45,Cation,Imidazolium_Ring,Cation:Imidazolium_Ring,5,0.021588279865682125,0.0697920136153698,0.01395840272307396,0.15152277419249358,5
Case4_R1336mzz_Stereo,[emim]__[Tf2N]__R1336mzz(E)__303__0.293,45,Cation,Alkyl_Chain,Cation:Alkyl_Chain,3,0.006568651180714369,0.01920112851075828,0.00640037617025276,0.0416868364854852,6
Case4_R1336mzz_Stereo,[emim]__[Tf2N]__R1336mzz(E)__303__0.293,45,Anion,Sulfonimide_N,Anion:Sulfonimide_N,1,0.013091335073113441,0.013291910290718079,0.013291910290718079,0.028857558583519967,7
Case4_R1336mzz_Stereo,[emim]__[Tf2N]__R1336mzz(E)__303__0.293,46,Cation,Imidazolium_Ring,Cation:Imidazolium_Ring,5,0.0,0.0,0.0,0.0,1
Case4_R1336mzz_Stereo,[emim]__[Tf2N]__R1336mzz(E)__303__0.293,46,Cation,Alkyl_Chain,Cation:Alkyl_Chain,3,0.0,0.0,0.0,0.0,2
Case4_R1336mzz_Stereo,[emim]__[Tf2N]__R1336mzz(E)__303__0.293,46,Anion,CF3,Anion:CF3,8,0.0,0.0,0.0,0.0,3
Case4_R1336mzz_Stereo,[emim]__[Tf2N]__R1336mzz(E)__303__0.293,46,Anion,Sulfonyl_SO2,Anion:Sulfonyl_SO2,6,0.0,0.0,0.0,0.0,4
Case4_R1336mzz_Stereo,[emim]__[Tf2N]__R1336mzz(E)__303__0.293,46,Anion,Sulfonimide_N,Anion:Sulfonimide_N,1,0.0,0.0,0.0,0.0,5
Case4_R1336mzz_Stereo,[emim]__[Tf2N]__R1336mzz(E)__303__0.293,46,Refri,CF3,Refri:CF3,8,0.0,0.0,0.0,0.0,6
Case4_R1336mzz_Stereo,[emim]__[Tf2N]__R1336mzz(E)__303__0.293,46,Refri,Alkene_C=C,Refri:Alkene_C=C,2,0.0,0.0,0.0,0.0,7
Case4_R1336mzz_Stereo,[emim]__[Tf2N]__R1336mzz(E)__322.5__0.336,42,Cation,Imidazolium_Ring,Cation:Imidazolium_Ring,5,0.0,0.0,0.0,0.0,1
Case4_R1336mzz_Stereo,[emim]__[Tf2N]__R1336mzz(E)__322.5__0.336,42,Cation,Alkyl_Chain,Cation:Alkyl_Chain,3,0.0,0.0,0.0,0.0,2
Case4_R1336mzz_Stereo,[emim]__[Tf2N]__R1336mzz(E)__322.5__0.336,42,Anion,CF3,Anion:CF3,8,0.0,0.0,0.0,0.0,3
Case4_R1336mzz_Stereo,[emim]__[Tf2N]__R1336mzz(E)__322.5__0.336,42,Anion,Sulfonyl_SO2,Anion:Sulfonyl_SO2,6,0.0,0.0,0.0,0.0,4
Case4_R1336mzz_Stereo,[emim]__[Tf2N]__R1336mzz(E)__322.5__0.336,42,Anion,Sulfonimide_N,Anion:Sulfonimide_N,1,0.0,0.0,0.0,0.0,5
Case4_R1336mzz_Stereo,[emim]__[Tf2N]__R1336mzz(E)__322.5__0.336,42,Refri,CF3,Refri:CF3,8,0.0,0.0,0.0,0.0,6
Case4_R1336mzz_Stereo,[emim]__[Tf2N]__R1336mzz(E)__322.5__0.336,42,Refri,Alkene_C=C,Refri:Alkene_C=C,2,0.0,0.0,0.0,0.0,7
Case4_R1336mzz_Stereo,[emim]__[Tf2N]__R1336mzz(E)__322.5__0.336,43,Anion,CF3,Anion:CF3,8,-1.0343153764025281e-10,1.239764055305237e-10,1.549705069131546e-11,0.2767456477056183,1
Case4_R1336mzz_Stereo,[emim]__[Tf2N]__R1336mzz(E)__322.5__0.336,43,Refri,CF3,Refri:CF3,8,-9.499761914610882e-11,1.135324681489358e-10,1.4191558518616976e-11,0.25343222606787896,2
Case4_R1336mzz_Stereo,[emim]__[Tf2N]__R1336mzz(E)__322.5__0.336,43,Anion,Sulfonyl_SO2,Anion:Sulfonyl_SO2,6,-7.023885986723322e-11,8.633851966699524e-11,1.438975327783254e-11,0.1927286845020206,3
Case4_R1336mzz_Stereo,[emim]__[Tf2N]__R1336mzz(E)__322.5__0.336,43,Cation,Imidazolium_Ring,Cation:Imidazolium_Ring,5,-2.1971663637793126e-11,4.577132249605764e-11,9.154264499211529e-12,0.10217278228312178,4
Case4_R1336mzz_Stereo,[emim]__[Tf2N]__R1336mzz(E)__322.5__0.336,43,Cation,Alkyl_Chain,Cation:Alkyl_Chain,3,-3.269381293469209e-11,3.9680125504815145e-11,1.3226708501605048e-11,0.08857574138303786,5
Case4_R1336mzz_Stereo,[emim]__[Tf2N]__R1336mzz(E)__322.5__0.336,43,Refri,Alkene_C=C,Refri:Alkene_C=C,2,-1.8702071141740717e-11,2.529248772226156e-11,1.264624386113078e-11,0.05645901626870717,6
Case4_R1336mzz_Stereo,[emim]__[Tf2N]__R1336mzz(E)__322.5__0.336,43,Anion,Sulfonimide_N,Anion:Sulfonimide_N,1,-9.18835493801673e-12,1.2388274434060875e-11,1.2388274434060875e-11,0.027653657303082863,7
Case4_R1336mzz_Stereo,[emim]__[Tf2N]__R1336mzz(E)__322.5__0.336,44,Cation,Imidazolium_Ring,Cation:Imidazolium_Ring,5,-5.4944460443548134e-18,1.0157090741857301e-17,2.0314181483714604e-18,1.0156690502107519e-05,1
Case4_R1336mzz_Stereo,[emim]__[Tf2N]__R1336mzz(E)__322.5__0.336,44,Anion,CF3,Anion:CF3,8,-1.8738873082569628e-18,7.937387964018204e-18,9.921734955022755e-19,7.937075191566585e-06,2
Case4_R1336mzz_Stereo,[emim]__[Tf2N]__R1336mzz(E)__322.5__0.336,44,Refri,CF3,Refri:CF3,8,-1.811183347211475e-18,7.82669941073488e-18,9.7833742634186e-19,7.826390999961225e-06,3
Case4_R1336mzz_Stereo,[emim]__[Tf2N]__R1336mzz(E)__322.5__0.336,44,Anion,Sulfonyl_SO2,Anion:Sulfonyl_SO2,6,-3.090371764862247e-18,7.67909089158117e-18,1.279848481930195e-18,7.678788297315241e-06,4
Case4_R1336mzz_Stereo,[emim]__[Tf2N]__R1336mzz(E)__322.5__0.336,44,Cation,Alkyl_Chain,Cation:Alkyl_Chain,3,-1.5659030473875174e-19,2.5466005234145678e-18,8.488668411381892e-19,2.5465001747239642e-06,5
Case4_R1336mzz_Stereo,[emim]__[Tf2N]__R1336mzz(E)__322.5__0.336,44,Refri,Alkene_C=C,Refri:Alkene_C=C,2,-1.014352353224536e-18,2.3609085054613403e-18,1.1804542527306701e-18,2.3608154739571917e-06,6
Case4_R1336mzz_Stereo,[emim]__[Tf2N]__R1336mzz(E)__322.5__0.336,44,Anion,Sulfonimide_N,Anion:Sulfonimide_N,1,-4.785520051051767e-19,8.987343204782788e-19,8.987343204782788e-19,8.986989058887382e-07,7
Case4_R1336mzz_Stereo,[emim]__[Tf2N]__R1336mzz(E)__322.5__0.336,45,Anion,Sulfonyl_SO2,Anion:Sulfonyl_SO2,6,0.006073936820030212,0.06667790282517672,0.01111298380419612,0.22590704592501576,1
Case4_R1336mzz_Stereo,[emim]__[Tf2N]__R1336mzz(E)__322.5__0.336,45,Refri,CF3,Refri:CF3,8,-0.010100570507347584,0.060530347749590874,0.007566293468698859,0.20507891624570992,2
Case4_R1336mzz_Stereo,[emim]__[Tf2N]__R1336mzz(E)__322.5__0.336,45,Anion,CF3,Anion:CF3,8,0.00023944489657878876,0.05659507401287556,0.007074384251609445,0.19174607242339375,3
Case4_R1336mzz_Stereo,[emim]__[Tf2N]__R1336mzz(E)__322.5__0.336,45,Cation,Imidazolium_Ring,Cation:Imidazolium_Ring,5,0.013742868788540363,0.04552877740934491,0.009105755481868982,0.15425307595665885,4
Case4_R1336mzz_Stereo,[emim]__[Tf2N]__R1336mzz(E)__322.5__0.336,45,Refri,Alkene_C=C,Refri:Alkene_C=C,2,0.04444585740566254,0.04485819488763809,0.022429097443819046,0.15198111912974835,5
Case4_R1336mzz_Stereo,[emim]__[Tf2N]__R1336mzz(E)__322.5__0.336,45,Cation,Alkyl_Chain,Cation:Alkyl_Chain,3,0.00424155592918396,0.012399557745084167,0.004133185915028055,0.04201013142709306,6
Case4_R1336mzz_Stereo,[emim]__[Tf2N]__R1336mzz(E)__322.5__0.336,45,Anion,Sulfonimide_N,Anion:Sulfonimide_N,1,0.00845232792198658,0.008566511794924736,0.008566511794924736,0.029023638888992346,7
Case4_R1336mzz_Stereo,[emim]__[Tf2N]__R1336mzz(E)__322.5__0.336,46,Cation,Imidazolium_Ring,Cation:Imidazolium_Ring,5,0.0,0.0,0.0,0.0,1
Case4_R1336mzz_Stereo,[emim]__[Tf2N]__R1336mzz(E)__322.5__0.336,46,Cation,Alkyl_Chain,Cation:Alkyl_Chain,3,0.0,0.0,0.0,0.0,2
Case4_R1336mzz_Stereo,[emim]__[Tf2N]__R1336mzz(E)__322.5__0.336,46,Anion,CF3,Anion:CF3,8,0.0,0.0,0.0,0.0,3
Case4_R1336mzz_Stereo,[emim]__[Tf2N]__R1336mzz(E)__322.5__0.336,46,Anion,Sulfonyl_SO2,Anion:Sulfonyl_SO2,6,0.0,0.0,0.0,0.0,4
Case4_R1336mzz_Stereo,[emim]__[Tf2N]__R1336mzz(E)__322.5__0.336,46,Anion,Sulfonimide_N,Anion:Sulfonimide_N,1,0.0,0.0,0.0,0.0,5
Case4_R1336mzz_Stereo,[emim]__[Tf2N]__R1336mzz(E)__322.5__0.336,46,Refri,CF3,Refri:CF3,8,0.0,0.0,0.0,0.0,6
Case4_R1336mzz_Stereo,[emim]__[Tf2N]__R1336mzz(E)__322.5__0.336,46,Refri,Alkene_C=C,Refri:Alkene_C=C,2,0.0,0.0,0.0,0.0,7
Case4_R1336mzz_Stereo,[emim]__[Tf2N]__R1336mzz(E)__322.5__0.488,42,Cation,Imidazolium_Ring,Cation:Imidazolium_Ring,5,0.0,0.0,0.0,0.0,1
Case4_R1336mzz_Stereo,[emim]__[Tf2N]__R1336mzz(E)__322.5__0.488,42,Cation,Alkyl_Chain,Cation:Alkyl_Chain,3,0.0,0.0,0.0,0.0,2
Case4_R1336mzz_Stereo,[emim]__[Tf2N]__R1336mzz(E)__322.5__0.488,42,Anion,CF3,Anion:CF3,8,0.0,0.0,0.0,0.0,3
Case4_R1336mzz_Stereo,[emim]__[Tf2N]__R1336mzz(E)__322.5__0.488,42,Anion,Sulfonyl_SO2,Anion:Sulfonyl_SO2,6,0.0,0.0,0.0,0.0,4
Case4_R1336mzz_Stereo,[emim]__[Tf2N]__R1336mzz(E)__322.5__0.488,42,Anion,Sulfonimide_N,Anion:Sulfonimide_N,1,0.0,0.0,0.0,0.0,5
Case4_R1336mzz_Stereo,[emim]__[Tf2N]__R1336mzz(E)__322.5__0.488,42,Refri,CF3,Refri:CF3,8,0.0,0.0,0.0,0.0,6
Case4_R1336mzz_Stereo,[emim]__[Tf2N]__R1336mzz(E)__322.5__0.488,42,Refri,Alkene_C=C,Refri:Alkene_C=C,2,0.0,0.0,0.0,0.0,7
Case4_R1336mzz_Stereo,[emim]__[Tf2N]__R1336mzz(E)__322.5__0.488,43,Anion,CF3,Anion:CF3,8,3.828642090863976e-11,6.258634756284298e-11,7.823293445355373e-12,0.2839890911315328,1
Case4_R1336mzz_Stereo,[emim]__[Tf2N]__R1336mzz(E)__322.5__0.488,43,Refri,CF3,Refri:CF3,8,3.358805204453641e-11,5.452870446842617e-11,6.816088058553271e-12,0.2474270799557243,2
Case4_R1336mzz_Stereo,[emim]__[Tf2N]__R1336mzz(E)__322.5__0.488,43,Anion,Sulfonyl_SO2,Anion:Sulfonyl_SO2,6,2.6236232804344173e-11,4.3433230970113534e-11,7.238871828352256e-12,0.19708074154228836,3
Case4_R1336mzz_Stereo,[emim]__[Tf2N]__R1336mzz(E)__322.5__0.488,43,Cation,Imidazolium_Ring,Cation:Imidazolium_Ring,5,3.4408035773890455e-12,2.1708580679596912e-11,4.341716135919383e-12,0.09850391238702659,4
Case4_R1336mzz_Stereo,[emim]__[Tf2N]__R1336mzz(E)__322.5__0.488,43,Cation,Alkyl_Chain,Cation:Alkyl_Chain,3,1.0560097934986246e-11,1.8715365195098865e-11,6.238455065032955e-12,0.08492202786900284,5
Case4_R1336mzz_Stereo,[emim]__[Tf2N]__R1336mzz(E)__322.5__0.488,43,Refri,Alkene_C=C,Refri:Alkene_C=C,2,5.463407287339961e-12,1.217376850368157e-11,6.086884251840785e-12,0.05523916297455792,6
Case4_R1336mzz_Stereo,[emim]__[Tf2N]__R1336mzz(E)__322.5__0.488,43,Anion,Sulfonimide_N,Anion:Sulfonimide_N,1,3.8058566714793685e-12,6.2369311104593095e-12,6.2369311104593095e-12,0.028300427592948093,7
Case4_R1336mzz_Stereo,[emim]__[Tf2N]__R1336mzz(E)__322.5__0.488,44,Cation,Imidazolium_Ring,Cation:Imidazolium_Ring,5,-1.07639135411535e-17,1.989828561827575e-17,3.97965712365515e-18,1.989674959976087e-05,1
Case4_R1336mzz_Stereo,[emim]__[Tf2N]__R1336mzz(E)__322.5__0.488,44,Anion,CF3,Anion:CF3,8,-3.671047824435344e-18,1.5549769427533964e-17,1.9437211784417454e-18,1.554856908624824e-05,2
Case4_R1336mzz_Stereo,[emim]__[Tf2N]__R1336mzz(E)__322.5__0.488,44,Refri,CF3,Refri:CF3,8,-3.548205609809355e-18,1.5332921962001656e-17,1.916615245250207e-18,1.5331738359932985e-05,3
Case4_R1336mzz_Stereo,[emim]__[Tf2N]__R1336mzz(E)__322.5__0.488,44,Anion,Sulfonyl_SO2,Anion:Sulfonyl_SO2,6,-6.054203662664028e-18,1.504375099358654e-17,2.5072918322644235e-18,1.5042589713639983e-05,4
Case4_R1336mzz_Stereo,[emim]__[Tf2N]__R1336mzz(E)__322.5__0.488,44,Cation,Alkyl_Chain,Cation:Alkyl_Chain,3,-3.0676895160384597e-19,4.9889274859913134e-18,1.6629758286637712e-18,4.988542373166275e-06,5
Case4_R1336mzz_Stereo,[emim]__[Tf2N]__R1336mzz(E)__322.5__0.488,44,Refri,Alkene_C=C,Refri:Alkene_C=C,2,-1.9871694863509468e-18,4.625145653504527e-18,2.3125728267522635e-18,4.6247886222761046e-06,6
Case4_R1336mzz_Stereo,[emim]__[Tf2N]__R1336mzz(E)__322.5__0.488,44,Anion,Sulfonimide_N,Anion:Sulfonimide_N,1,-9.37509135474738e-19,1.760668409479839e-18,1.760668409479839e-18,1.760532497304921e-06,7
Case4_R1336mzz_Stereo,[emim]__[Tf2N]__R1336mzz(E)__322.5__0.488,45,Anion,Sulfonyl_SO2,Anion:Sulfonyl_SO2,6,0.008409567177295685,0.09259126335382462,0.015431877225637436,0.22171763898708138,1
Case4_R1336mzz_Stereo,[emim]__[Tf2N]__R1336mzz(E)__322.5__0.488,45,Refri,CF3,Refri:CF3,8,-0.012835238128900528,0.08593369461596012,0.010741711826995015,0.20577552556853124,2
Case4_R1336mzz_Stereo,[emim]__[Tf2N]__R1336mzz(E)__322.5__0.488,45,Anion,CF3,Anion:CF3,8,0.002158667892217636,0.08094167150557041,0.010117708938196301,0.19382170252180383,3
Case4_R1336mzz_Stereo,[emim]__[Tf2N]__R1336mzz(E)__322.5__0.488,45,Refri,Alkene_C=C,Refri:Alkene_C=C,2,0.06540744006633759,0.0658697783946991,0.03293488919734955,0.15773077520787157,4
Case4_R1336mzz_Stereo,[emim]__[Tf2N]__R1336mzz(E)__322.5__0.488,45,Cation,Imidazolium_Ring,Cation:Imidazolium_Ring,5,0.01960760820657015,0.06289790943264961,0.012579581886529922,0.15061438273435446,5
Case4_R1336mzz_Stereo,[emim]__[Tf2N]__R1336mzz(E)__322.5__0.488,45,Cation,Alkyl_Chain,Cation:Alkyl_Chain,3,0.00593144167214632,0.017357768025249243,0.005785922675083081,0.04156464881505202,6
Case4_R1336mzz_Stereo,[emim]__[Tf2N]__R1336mzz(E)__322.5__0.488,45,Anion,Sulfonimide_N,Anion:Sulfonimide_N,1,0.01182735338807106,0.012016832828521729,0.012016832828521729,0.028775326162910963,7
Case4_R1336mzz_Stereo,[emim]__[Tf2N]__R1336mzz(E)__322.5__0.488,46,Cation,Imidazolium_Ring,Cation:Imidazolium_Ring,5,0.0,0.0,0.0,0.0,1
Case4_R1336mzz_Stereo,[emim]__[Tf2N]__R1336mzz(E)__322.5__0.488,46,Cation,Alkyl_Chain,Cation:Alkyl_Chain,3,0.0,0.0,0.0,0.0,2
Case4_R1336mzz_Stereo,[emim]__[Tf2N]__R1336mzz(E)__322.5__0.488,46,Anion,CF3,Anion:CF3,8,0.0,0.0,0.0,0.0,3
Case4_R1336mzz_Stereo,[emim]__[Tf2N]__R1336mzz(E)__322.5__0.488,46,Anion,Sulfonyl_SO2,Anion:Sulfonyl_SO2,6,0.0,0.0,0.0,0.0,4
Case4_R1336mzz_Stereo,[emim]__[Tf2N]__R1336mzz(E)__322.5__0.488,46,Anion,Sulfonimide_N,Anion:Sulfonimide_N,1,0.0,0.0,0.0,0.0,5
Case4_R1336mzz_Stereo,[emim]__[Tf2N]__R1336mzz(E)__322.5__0.488,46,Refri,CF3,Refri:CF3,8,0.0,0.0,0.0,0.0,6
Case4_R1336mzz_Stereo,[emim]__[Tf2N]__R1336mzz(E)__322.5__0.488,46,Refri,Alkene_C=C,Refri:Alkene_C=C,2,0.0,0.0,0.0,0.0,7
Case4_R1336mzz_Stereo,[emim]__[Tf2N]__R1336mzz(E)__332.9__0.381,42,Cation,Imidazolium_Ring,Cation:Imidazolium_Ring,5,0.0,0.0,0.0,0.0,1
Case4_R1336mzz_Stereo,[emim]__[Tf2N]__R1336mzz(E)__332.9__0.381,42,Cation,Alkyl_Chain,Cation:Alkyl_Chain,3,0.0,0.0,0.0,0.0,2
Case4_R1336mzz_Stereo,[emim]__[Tf2N]__R1336mzz(E)__332.9__0.381,42,Anion,CF3,Anion:CF3,8,0.0,0.0,0.0,0.0,3
Case4_R1336mzz_Stereo,[emim]__[Tf2N]__R1336mzz(E)__332.9__0.381,42,Anion,Sulfonyl_SO2,Anion:Sulfonyl_SO2,6,0.0,0.0,0.0,0.0,4
Case4_R1336mzz_Stereo,[emim]__[Tf2N]__R1336mzz(E)__332.9__0.381,42,Anion,Sulfonimide_N,Anion:Sulfonimide_N,1,0.0,0.0,0.0,0.0,5
Case4_R1336mzz_Stereo,[emim]__[Tf2N]__R1336mzz(E)__332.9__0.381,42,Refri,CF3,Refri:CF3,8,0.0,0.0,0.0,0.0,6
Case4_R1336mzz_Stereo,[emim]__[Tf2N]__R1336mzz(E)__332.9__0.381,42,Refri,Alkene_C=C,Refri:Alkene_C=C,2,0.0,0.0,0.0,0.0,7
Case4_R1336mzz_Stereo,[emim]__[Tf2N]__R1336mzz(E)__332.9__0.381,43,Anion,CF3,Anion:CF3,8,-5.445500821099625e-11,6.226264209069354e-11,7.782830261336693e-12,0.27438221728093926,1
Case4_R1336mzz_Stereo,[emim]__[Tf2N]__R1336mzz(E)__332.9__0.381,43,Refri,CF3,Refri:CF3,8,-5.032014735451007e-11,5.7552374758268465e-11,7.194046844783558e-12,0.25362476865268796,2
Case4_R1336mzz_Stereo,[emim]__[Tf2N]__R1336mzz(E)__332.9__0.381,43,Anion,Sulfonyl_SO2,Anion:Sulfonyl_SO2,6,-3.693379109492856e-11,4.338668313508265e-11,7.231113855847108e-12,0.19119866936788557,3
Case4_R1336mzz_Stereo,[emim]__[Tf2N]__R1336mzz(E)__332.9__0.381,43,Cation,Imidazolium_Ring,Cation:Imidazolium_Ring,5,-1.2476895222286039e-11,2.3382407772151725e-11,4.676481554430345e-12,0.10304279861019616,4
Case4_R1336mzz_Stereo,[emim]__[Tf2N]__R1336mzz(E)__332.9__0.381,43,Cation,Alkyl_Chain,Cation:Alkyl_Chain,3,-1.7511518277113503e-11,2.0226214800245224e-11,6.742071600081741e-12,0.0891339248984642,5
Case4_R1336mzz_Stereo,[emim]__[Tf2N]__R1336mzz(E)__332.9__0.381,43,Refri,Alkene_C=C,Refri:Alkene_C=C,2,-1.0129105887379808e-11,1.2879433630708093e-11,6.439716815354046e-12,0.056757751329743165,6
Case4_R1336mzz_Stereo,[emim]__[Tf2N]__R1336mzz(E)__332.9__0.381,43,Anion,Sulfonimide_N,Anion:Sulfonimide_N,1,-4.759108038210336e-12,6.229621853093281e-12,6.229621853093281e-12,0.027453018366675103,7
Case4_R1336mzz_Stereo,[emim]__[Tf2N]__R1336mzz(E)__332.9__0.381,44,Cation,Imidazolium_Ring,Cation:Imidazolium_Ring,5,-4.161190852970285e-18,7.692421010550039e-18,1.5384842021100077e-18,7.692191442324457e-06,1
Case4_R1336mzz_Stereo,[emim]__[Tf2N]__R1336mzz(E)__332.9__0.381,44,Anion,CF3,Anion:CF3,8,-1.419179120350751e-18,6.011339887104566e-18,7.514174858880708e-19,6.011160488105296e-06,2
Case4_R1336mzz_Stereo,[emim]__[Tf2N]__R1336mzz(E)__332.9__0.381,44,Refri,CF3,Refri:CF3,8,-1.3716907330828699e-18,5.927510405298722e-18,7.409388006623402e-19,5.9273335080586985e-06,3
Case4_R1336mzz_Stereo,[emim]__[Tf2N]__R1336mzz(E)__332.9__0.381,44,Anion,Sulfonyl_SO2,Anion:Sulfonyl_SO2,6,-2.3404766273433976e-18,5.815720357632207e-18,9.692867262720345e-19,5.815546796590611e-06,4
Case4_R1336mzz_Stereo,[emim]__[Tf2N]__R1336mzz(E)__332.9__0.381,44,Cation,Alkyl_Chain,Cation:Alkyl_Chain,3,-1.185930136686983e-19,1.9286548849153105e-18,6.428849616384368e-19,1.928597327238854e-06,5
Case4_R1336mzz_Stereo,[emim]__[Tf2N]__R1336mzz(E)__332.9__0.381,44,Refri,Alkene_C=C,Refri:Alkene_C=C,2,-7.6821452559930225e-19,1.788022031566049e-18,8.940110157830244e-19,1.7879686708562638e-06,6
Case4_R1336mzz_Stereo,[emim]__[Tf2N]__R1336mzz(E)__332.9__0.381,44,Anion,Sulfonimide_N,Anion:Sulfonimide_N,1,-3.6242892689616765e-19,6.80651770893853e-19,6.80651770893853e-19,6.806314579105842e-07,7
Case4_R1336mzz_Stereo,[emim]__[Tf2N]__R1336mzz(E)__332.9__0.381,45,Anion,Sulfonyl_SO2,Anion:Sulfonyl_SO2,6,0.005094073712825775,0.056970156729221344,0.00949502612153689,0.22770019135112768,1
Case4_R1336mzz_Stereo,[emim]__[Tf2N]__R1336mzz(E)__332.9__0.381,45,Refri,CF3,Refri:CF3,8,-0.00885843113064766,0.05116973631083965,0.006396217038854957,0.2045168807371154,2
Case4_R1336mzz_Stereo,[emim]__[Tf2N]__R1336mzz(E)__332.9__0.381,45,Anion,CF3,Anion:CF3,8,-0.00026664137840270996,0.04790439922362566,0.0059880499029532075,0.19146587434584825,3
Case4_R1336mzz_Stereo,[emim]__[Tf2N]__R1336mzz(E)__332.9__0.381,45,Cation,Imidazolium_Ring,Cation:Imidazolium_Ring,5,0.011522501707077026,0.03880864568054676,0.007761729136109352,0.1551116681939202,4
Case4_R1336mzz_Stereo,[emim]__[Tf2N]__R1336mzz(E)__332.9__0.381,45,Refri,Alkene_C=C,Refri:Alkene_C=C,2,0.03715391084551811,0.03752916306257248,0.01876458153128624,0.1499977900923044,5
Case4_R1336mzz_Stereo,[emim]__[Tf2N]__R1336mzz(E)__332.9__0.381,45,Cation,Alkyl_Chain,Cation:Alkyl_Chain,3,0.0035838258918374777,0.010515735717490315,0.0035052452391634383,0.042029637489873185,6
Case4_R1336mzz_Stereo,[emim]__[Tf2N]__R1336mzz(E)__332.9__0.381,45,Anion,Sulfonimide_N,Anion:Sulfonimide_N,1,0.007208916358649731,0.007300269789993763,0.007300269789993763,0.02917795778581415,7
Case4_R1336mzz_Stereo,[emim]__[Tf2N]__R1336mzz(E)__332.9__0.381,46,Cation,Imidazolium_Ring,Cation:Imidazolium_Ring,5,0.0,0.0,0.0,0.0,1
Case4_R1336mzz_Stereo,[emim]__[Tf2N]__R1336mzz(E)__332.9__0.381,46,Cation,Alkyl_Chain,Cation:Alkyl_Chain,3,0.0,0.0,0.0,0.0,2
Case4_R1336mzz_Stereo,[emim]__[Tf2N]__R1336mzz(E)__332.9__0.381,46,Anion,CF3,Anion:CF3,8,0.0,0.0,0.0,0.0,3
Case4_R1336mzz_Stereo,[emim]__[Tf2N]__R1336mzz(E)__332.9__0.381,46,Anion,Sulfonyl_SO2,Anion:Sulfonyl_SO2,6,0.0,0.0,0.0,0.0,4
Case4_R1336mzz_Stereo,[emim]__[Tf2N]__R1336mzz(E)__332.9__0.381,46,Anion,Sulfonimide_N,Anion:Sulfonimide_N,1,0.0,0.0,0.0,0.0,5
Case4_R1336mzz_Stereo,[emim]__[Tf2N]__R1336mzz(E)__332.9__0.381,46,Refri,CF3,Refri:CF3,8,0.0,0.0,0.0,0.0,6
Case4_R1336mzz_Stereo,[emim]__[Tf2N]__R1336mzz(E)__332.9__0.381,46,Refri,Alkene_C=C,Refri:Alkene_C=C,2,0.0,0.0,0.0,0.0,7
Case4_R1336mzz_Stereo,[emim]__[Tf2N]__R1336mzz(E)__332.9__0.623,42,Cation,Imidazolium_Ring,Cation:Imidazolium_Ring,5,0.0,0.0,0.0,0.0,1
Case4_R1336mzz_Stereo,[emim]__[Tf2N]__R1336mzz(E)__332.9__0.623,42,Cation,Alkyl_Chain,Cation:Alkyl_Chain,3,0.0,0.0,0.0,0.0,2
Case4_R1336mzz_Stereo,[emim]__[Tf2N]__R1336mzz(E)__332.9__0.623,42,Anion,CF3,Anion:CF3,8,0.0,0.0,0.0,0.0,3
Case4_R1336mzz_Stereo,[emim]__[Tf2N]__R1336mzz(E)__332.9__0.623,42,Anion,Sulfonyl_SO2,Anion:Sulfonyl_SO2,6,0.0,0.0,0.0,0.0,4
Case4_R1336mzz_Stereo,[emim]__[Tf2N]__R1336mzz(E)__332.9__0.623,42,Anion,Sulfonimide_N,Anion:Sulfonimide_N,1,0.0,0.0,0.0,0.0,5
Case4_R1336mzz_Stereo,[emim]__[Tf2N]__R1336mzz(E)__332.9__0.623,42,Refri,CF3,Refri:CF3,8,0.0,0.0,0.0,0.0,6
Case4_R1336mzz_Stereo,[emim]__[Tf2N]__R1336mzz(E)__332.9__0.623,42,Refri,Alkene_C=C,Refri:Alkene_C=C,2,0.0,0.0,0.0,0.0,7
Case4_R1336mzz_Stereo,[emim]__[Tf2N]__R1336mzz(E)__332.9__0.623,43,Anion,CF3,Anion:CF3,8,-1.0912662613826729e-10,1.263442614418686e-10,1.5793032680233576e-11,0.27547354812795993,1
Case4_R1336mzz_Stereo,[emim]__[Tf2N]__R1336mzz(E)__332.9__0.623,43,Refri,CF3,Refri:CF3,8,-1.0068076754243815e-10,1.1649228977284043e-10,1.4561536221605054e-11,0.2539928923328249,2
Case4_R1336mzz_Stereo,[emim]__[Tf2N]__R1336mzz(E)__332.9__0.623,43,Anion,Sulfonyl_SO2,Anion:Sulfonyl_SO2,6,-7.403844898279388e-11,8.802591641710045e-11,1.467098606951674e-11,0.19192649706366643,3
Case4_R1336mzz_Stereo,[emim]__[Tf2N]__R1336mzz(E)__332.9__0.623,43,Cation,Imidazolium_Ring,Cation:Imidazolium_Ring,5,-2.4528119010706895e-11,4.722907264928522e-11,9.445814529857043e-12,0.10297547406597407,4
Case4_R1336mzz_Stereo,[emim]__[Tf2N]__R1336mzz(E)__332.9__0.623,43,Cation,Alkyl_Chain,Cation:Alkyl_Chain,3,-3.4936507679883544e-11,4.0878894019824585e-11,1.3626298006608195e-11,0.08912992050983785,5
Case4_R1336mzz_Stereo,[emim]__[Tf2N]__R1336mzz(E)__332.9__0.623,43,Refri,Alkene_C=C,Refri:Alkene_C=C,2,-2.01506736643986e-11,2.6036797717843285e-11,1.3018398858921643e-11,0.056769092378005044,6
Case4_R1336mzz_Stereo,[emim]__[Tf2N]__R1336mzz(E)__332.9__0.623,43,Anion,Sulfonimide_N,Anion:Sulfonimide_N,1,-9.5781377620896e-12,1.2636664284415566e-11,1.2636664284415566e-11,0.02755223472125383,7
Case4_R1336mzz_Stereo,[emim]__[Tf2N]__R1336mzz(E)__332.9__0.623,44,Cation,Imidazolium_Ring,Cation:Imidazolium_Ring,5,-8.13430048018556e-18,1.5037153401020817e-17,3.0074306802041635e-18,1.5036276189053068e-05,1
Case4_R1336mzz_Stereo,[emim]__[Tf2N]__R1336mzz(E)__332.9__0.623,44,Anion,CF3,Anion:CF3,8,-2.774212814041064e-18,1.1750973690452308e-17,1.4688717113065385e-18,1.1750288182066573e-05,2
Case4_R1336mzz_Stereo,[emim]__[Tf2N]__R1336mzz(E)__332.9__0.623,44,Refri,CF3,Refri:CF3,8,-2.6813817460142644e-18,1.1587103420841265e-17,1.4483879276051581e-18,1.1586427472041567e-05,3
Case4_R1336mzz_Stereo,[emim]__[Tf2N]__R1336mzz(E)__332.9__0.623,44,Anion,Sulfonyl_SO2,Anion:Sulfonyl_SO2,6,-4.575166522014672e-18,1.1368575951484862e-17,1.8947626585808104e-18,1.1367912750770275e-05,4
Case4_R1336mzz_Stereo,[emim]__[Tf2N]__R1336mzz(E)__332.9__0.623,44,Cation,Alkyl_Chain,Cation:Alkyl_Chain,3,-2.3182576772108225e-19,3.770136617193684e-18,1.256712205731228e-18,3.7699166813539373e-06,5
Case4_R1336mzz_Stereo,[emim]__[Tf2N]__R1336mzz(E)__332.9__0.623,44,Refri,Alkene_C=C,Refri:Alkene_C=C,2,-1.5017058702400066e-18,3.4952264493341356e-18,1.7476132246670678e-18,3.4950225507378003e-06,6
Case4_R1336mzz_Stereo,[emim]__[Tf2N]__R1336mzz(E)__332.9__0.623,44,Anion,Sulfonimide_N,Anion:Sulfonimide_N,1,-7.084765240377e-19,1.3305388336504806e-18,1.3305388336504806e-18,1.3304612149312118e-06,7
Case4_R1336mzz_Stereo,[emim]__[Tf2N]__R1336mzz(E)__332.9__0.623,45,Anion,Sulfonyl_SO2,Anion:Sulfonyl_SO2,6,0.008874066174030304,0.0979449711740017,0.016324161862333614,0.22133544779204234,1
Case4_R1336mzz_Stereo,[emim]__[Tf2N]__R1336mzz(E)__332.9__0.623,45,Refri,CF3,Refri:CF3,8,-0.013503776863217354,0.09116852097213268,0.011396065121516585,0.2060220670038996,2
Case4_R1336mzz_Stereo,[emim]__[Tf2N]__R1336mzz(E)__332.9__0.623,45,Anion,CF3,Anion:CF3,8,0.002364729531109333,0.08579770755022764,0.010724713443778455,0.19388513562808637,3
Case4_R1336mzz_Stereo,[emim]__[Tf2N]__R1336mzz(E)__332.9__0.623,45,Refri,Alkene_C=C,Refri:Alkene_C=C,2,0.06947067379951477,0.06994958966970444,0.03497479483485222,0.1580716556127105,4
Case4_R1336mzz_Stereo,[emim]__[Tf2N]__R1336mzz(E)__332.9__0.623,45,Cation,Imidazolium_Ring,Cation:Imidazolium_Ring,5,0.020787935703992844,0.06655399221926928,0.013310798443853855,0.15039830522825423,5
Case4_R1336mzz_Stereo,[emim]__[Tf2N]__R1336mzz(E)__332.9__0.623,45,Cation,Alkyl_Chain,Cation:Alkyl_Chain,3,0.006282104412093759,0.0183910031337291,0.0061303343779097,0.04155987658332448,6
Case4_R1336mzz_Stereo,[emim]__[Tf2N]__R1336mzz(E)__332.9__0.623,45,Anion,Sulfonimide_N,Anion:Sulfonimide_N,1,0.01250830851495266,0.01271244790405035,0.01271244790405035,0.02872751214942275,7
Case4_R1336mzz_Stereo,[emim]__[Tf2N]__R1336mzz(E)__332.9__0.623,46,Cation,Imidazolium_Ring,Cation:Imidazolium_Ring,5,0.0,0.0,0.0,0.0,1
Case4_R1336mzz_Stereo,[emim]__[Tf2N]__R1336mzz(E)__332.9__0.623,46,Cation,Alkyl_Chain,Cation:Alkyl_Chain,3,0.0,0.0,0.0,0.0,2
Case4_R1336mzz_Stereo,[emim]__[Tf2N]__R1336mzz(E)__332.9__0.623,46,Anion,CF3,Anion:CF3,8,0.0,0.0,0.0,0.0,3
Case4_R1336mzz_Stereo,[emim]__[Tf2N]__R1336mzz(E)__332.9__0.623,46,Anion,Sulfonyl_SO2,Anion:Sulfonyl_SO2,6,0.0,0.0,0.0,0.0,4
Case4_R1336mzz_Stereo,[emim]__[Tf2N]__R1336mzz(E)__332.9__0.623,46,Anion,Sulfonimide_N,Anion:Sulfonimide_N,1,0.0,0.0,0.0,0.0,5
Case4_R1336mzz_Stereo,[emim]__[Tf2N]__R1336mzz(E)__332.9__0.623,46,Refri,CF3,Refri:CF3,8,0.0,0.0,0.0,0.0,6
Case4_R1336mzz_Stereo,[emim]__[Tf2N]__R1336mzz(E)__332.9__0.623,46,Refri,Alkene_C=C,Refri:Alkene_C=C,2,0.0,0.0,0.0,0.0,7
Case4_R1336mzz_Stereo,[emim]__[Tf2N]__R1336mzz(E)__342.9__0.453,42,Cation,Imidazolium_Ring,Cation:Imidazolium_Ring,5,0.0,0.0,0.0,0.0,1
Case4_R1336mzz_Stereo,[emim]__[Tf2N]__R1336mzz(E)__342.9__0.453,42,Cation,Alkyl_Chain,Cation:Alkyl_Chain,3,0.0,0.0,0.0,0.0,2
Case4_R1336mzz_Stereo,[emim]__[Tf2N]__R1336mzz(E)__342.9__0.453,42,Anion,CF3,Anion:CF3,8,0.0,0.0,0.0,0.0,3
Case4_R1336mzz_Stereo,[emim]__[Tf2N]__R1336mzz(E)__342.9__0.453,42,Anion,Sulfonyl_SO2,Anion:Sulfonyl_SO2,6,0.0,0.0,0.0,0.0,4
Case4_R1336mzz_Stereo,[emim]__[Tf2N]__R1336mzz(E)__342.9__0.453,42,Anion,Sulfonimide_N,Anion:Sulfonimide_N,1,0.0,0.0,0.0,0.0,5
Case4_R1336mzz_Stereo,[emim]__[Tf2N]__R1336mzz(E)__342.9__0.453,42,Refri,CF3,Refri:CF3,8,0.0,0.0,0.0,0.0,6
Case4_R1336mzz_Stereo,[emim]__[Tf2N]__R1336mzz(E)__342.9__0.453,42,Refri,Alkene_C=C,Refri:Alkene_C=C,2,0.0,0.0,0.0,0.0,7
Case4_R1336mzz_Stereo,[emim]__[Tf2N]__R1336mzz(E)__342.9__0.453,43,Anion,CF3,Anion:CF3,8,-9.557785335748137e-12,1.3448259433140874e-11,1.6810324291426093e-12,0.26489935511486074,1
Case4_R1336mzz_Stereo,[emim]__[Tf2N]__R1336mzz(E)__342.9__0.453,43,Refri,CF3,Refri:CF3,8,-9.519846499647655e-12,1.2686848533532968e-11,1.585856066691621e-12,0.24990133568444187,2
Case4_R1336mzz_Stereo,[emim]__[Tf2N]__R1336mzz(E)__342.9__0.453,43,Anion,Sulfonyl_SO2,Anion:Sulfonyl_SO2,6,-6.379338138469415e-12,9.198236790297631e-12,1.5330394650496053e-12,0.1811838183266333,3
Case4_R1336mzz_Stereo,[emim]__[Tf2N]__R1336mzz(E)__342.9__0.453,43,Cation,Imidazolium_Ring,Cation:Imidazolium_Ring,5,-4.237125271954953e-12,5.396151299234819e-12,1.0792302598469638e-12,0.10629159902633384,4
Case4_R1336mzz_Stereo,[emim]__[Tf2N]__R1336mzz(E)__342.9__0.453,43,Cation,Alkyl_Chain,Cation:Alkyl_Chain,3,-3.746299494580829e-12,4.690249924554912e-12,1.5634166415183042e-12,0.09238698781199407,5
Case4_R1336mzz_Stereo,[emim]__[Tf2N]__R1336mzz(E)__342.9__0.453,43,Refri,Alkene_C=C,Refri:Alkene_C=C,2,-2.414556835722559e-12,3.0691676413882596e-12,1.5345838206941298e-12,0.06045544651968876,6
Case4_R1336mzz_Stereo,[emim]__[Tf2N]__R1336mzz(E)__342.9__0.453,43,Anion,Sulfonimide_N,Anion:Sulfonimide_N,1,-6.58745735911126e-13,1.2785162468650912e-12,1.2785162468650912e-12,0.025183789097927567,7
Case4_R1336mzz_Stereo,[emim]__[Tf2N]__R1336mzz(E)__342.9__0.453,44,Cation,Imidazolium_Ring,Cation:Imidazolium_Ring,5,-3.319749905150785e-18,6.136924515653898e-18,1.2273849031307797e-18,6.136778402312427e-06,1
Case4_R1336mzz_Stereo,[emim]__[Tf2N]__R1336mzz(E)__342.9__0.453,44,Anion,CF3,Anion:CF3,8,-1.1322048334498462e-18,4.7957777110328844e-18,5.9947221387911055e-19,4.795663528903949e-06,2
Case4_R1336mzz_Stereo,[emim]__[Tf2N]__R1336mzz(E)__342.9__0.453,44,Refri,CF3,Refri:CF3,8,-1.0943187076993016e-18,4.728899279628571e-18,5.911124099535714e-19,4.7287866898006425e-06,3
Case4_R1336mzz_Stereo,[emim]__[Tf2N]__R1336mzz(E)__342.9__0.453,44,Anion,Sulfonyl_SO2,Anion:Sulfonyl_SO2,6,-1.867205601762701e-18,4.6397147856334235e-18,7.7328579760557055e-19,4.639604319189023e-06,4
Case4_R1336mzz_Stereo,[emim]__[Tf2N]__R1336mzz(E)__342.9__0.453,44,Cation,Alkyl_Chain,Cation:Alkyl_Chain,3,-9.461205897146007e-20,1.5386585614433763e-18,5.128861871477921e-19,1.5386219276957683e-06,5
Case4_R1336mzz_Stereo,[emim]__[Tf2N]__R1336mzz(E)__342.9__0.453,44,Refri,Alkene_C=C,Refri:Alkene_C=C,2,-6.128723330073165e-19,1.4264628333851925e-18,7.132314166925962e-19,1.4264288708929802e-06,6
Case4_R1336mzz_Stereo,[emim]__[Tf2N]__R1336mzz(E)__342.9__0.453,44,Anion,Sulfonimide_N,Anion:Sulfonimide_N,1,-2.8914155180458195e-19,5.430160513978124e-19,5.430160513978124e-19,5.430031227900807e-07,7
Case4_R1336mzz_Stereo,[emim]__[Tf2N]__R1336mzz(E)__342.9__0.453,45,Anion,Sulfonyl_SO2,Anion:Sulfonyl_SO2,6,0.00482533872127533,0.05338263791054487,0.008897106318424145,0.2276938216711969,1
Case4_R1336mzz_Stereo,[emim]__[Tf2N]__R1336mzz(E)__342.9__0.453,45,Refri,CF3,Refri:CF3,8,-0.008316102437675,0.047976214438676834,0.005997026804834604,0.20463371692430637,2
Case4_R1336mzz_Stereo,[emim]__[Tf2N]__R1336mzz(E)__342.9__0.453,45,Anion,CF3,Anion:CF3,8,-0.0002223709598183632,0.04481374938040972,0.005601718672551215,0.19114480398925965,3
Case4_R1336mzz_Stereo,[emim]__[Tf2N]__R1336mzz(E)__342.9__0.453,45,Cation,Imidazolium_Ring,Cation:Imidazolium_Ring,5,0.010828991886228323,0.03642121609300375,0.00728424321860075,0.1553479971526547,4
Case4_R1336mzz_Stereo,[emim]__[Tf2N]__R1336mzz(E)__342.9__0.453,45,Refri,Alkene_C=C,Refri:Alkene_C=C,2,0.03480510041117668,0.035157546401023865,0.017578773200511932,0.14995804654775724,5
Case4_R1336mzz_Stereo,[emim]__[Tf2N]__R1336mzz(E)__342.9__0.453,45,Cation,Alkyl_Chain,Cation:Alkyl_Chain,3,0.0033644518116489053,0.00986219709739089,0.00328739903246363,0.04206538745691964,6
Case4_R1336mzz_Stereo,[emim]__[Tf2N]__R1336mzz(E)__342.9__0.453,45,Anion,Sulfonimide_N,Anion:Sulfonimide_N,1,0.006750135682523251,0.006835654377937317,0.006835654377937317,0.029156226253640175,7
Case4_R1336mzz_Stereo,[emim]__[Tf2N]__R1336mzz(E)__342.9__0.453,46,Cation,Imidazolium_Ring,Cation:Imidazolium_Ring,5,0.0,0.0,0.0,0.0,1
Case4_R1336mzz_Stereo,[emim]__[Tf2N]__R1336mzz(E)__342.9__0.453,46,Cation,Alkyl_Chain,Cation:Alkyl_Chain,3,0.0,0.0,0.0,0.0,2
Case4_R1336mzz_Stereo,[emim]__[Tf2N]__R1336mzz(E)__342.9__0.453,46,Anion,CF3,Anion:CF3,8,0.0,0.0,0.0,0.0,3
Case4_R1336mzz_Stereo,[emim]__[Tf2N]__R1336mzz(E)__342.9__0.453,46,Anion,Sulfonyl_SO2,Anion:Sulfonyl_SO2,6,0.0,0.0,0.0,0.0,4
Case4_R1336mzz_Stereo,[emim]__[Tf2N]__R1336mzz(E)__342.9__0.453,46,Anion,Sulfonimide_N,Anion:Sulfonimide_N,1,0.0,0.0,0.0,0.0,5
Case4_R1336mzz_Stereo,[emim]__[Tf2N]__R1336mzz(E)__342.9__0.453,46,Refri,CF3,Refri:CF3,8,0.0,0.0,0.0,0.0,6
Case4_R1336mzz_Stereo,[emim]__[Tf2N]__R1336mzz(E)__342.9__0.453,46,Refri,Alkene_C=C,Refri:Alkene_C=C,2,0.0,0.0,0.0,0.0,7
Case4_R1336mzz_Stereo,[emim]__[Tf2N]__R1336mzz(E)__342.9__0.8,42,Cation,Imidazolium_Ring,Cation:Imidazolium_Ring,5,0.0,0.0,0.0,0.0,1
Case4_R1336mzz_Stereo,[emim]__[Tf2N]__R1336mzz(E)__342.9__0.8,42,Cation,Alkyl_Chain,Cation:Alkyl_Chain,3,0.0,0.0,0.0,0.0,2
Case4_R1336mzz_Stereo,[emim]__[Tf2N]__R1336mzz(E)__342.9__0.8,42,Anion,CF3,Anion:CF3,8,0.0,0.0,0.0,0.0,3
Case4_R1336mzz_Stereo,[emim]__[Tf2N]__R1336mzz(E)__342.9__0.8,42,Anion,Sulfonyl_SO2,Anion:Sulfonyl_SO2,6,0.0,0.0,0.0,0.0,4
Case4_R1336mzz_Stereo,[emim]__[Tf2N]__R1336mzz(E)__342.9__0.8,42,Anion,Sulfonimide_N,Anion:Sulfonimide_N,1,0.0,0.0,0.0,0.0,5
Case4_R1336mzz_Stereo,[emim]__[Tf2N]__R1336mzz(E)__342.9__0.8,42,Refri,CF3,Refri:CF3,8,0.0,0.0,0.0,0.0,6
Case4_R1336mzz_Stereo,[emim]__[Tf2N]__R1336mzz(E)__342.9__0.8,42,Refri,Alkene_C=C,Refri:Alkene_C=C,2,0.0,0.0,0.0,0.0,7
Case4_R1336mzz_Stereo,[emim]__[Tf2N]__R1336mzz(E)__342.9__0.8,43,Anion,CF3,Anion:CF3,8,-2.34725201081476e-10,2.858955849838196e-10,3.573694812297745e-11,0.2776465557816762,1
Case4_R1336mzz_Stereo,[emim]__[Tf2N]__R1336mzz(E)__342.9__0.8,43,Refri,CF3,Refri:CF3,8,-2.1512806119838856e-10,2.6101714886705984e-10,3.262714360838248e-11,0.2534859444821217,2
Case4_R1336mzz_Stereo,[emim]__[Tf2N]__R1336mzz(E)__342.9__0.8,43,Anion,Sulfonyl_SO2,Anion:Sulfonyl_SO2,6,-1.5946709230885148e-10,1.9905374570861056e-10,3.3175624284768425e-11,0.19331038957654825,3
Case4_R1336mzz_Stereo,[emim]__[Tf2N]__R1336mzz(E)__342.9__0.8,43,Cation,Imidazolium_Ring,Cation:Imidazolium_Ring,5,-4.850051220015028e-11,1.0500885924691339e-10,2.1001771849382676e-11,0.10197900781895033,4
Case4_R1336mzz_Stereo,[emim]__[Tf2N]__R1336mzz(E)__342.9__0.8,43,Cation,Alkyl_Chain,Cation:Alkyl_Chain,3,-7.374721493202951e-11,9.108293286264058e-11,3.036097762088019e-11,0.08845489027484295,5
Case4_R1336mzz_Stereo,[emim]__[Tf2N]__R1336mzz(E)__342.9__0.8,43,Refri,Alkene_C=C,Refri:Alkene_C=C,2,-4.20186108129883e-11,5.8094709598499605e-11,2.9047354799249803e-11,0.05641848589607626,6
Case4_R1336mzz_Stereo,[emim]__[Tf2N]__R1336mzz(E)__342.9__0.8,43,Anion,Sulfonimide_N,Anion:Sulfonimide_N,1,-2.0969264519221653e-11,2.8557559095254703e-11,2.8557559095254703e-11,0.02773357946320818,7
Case4_R1336mzz_Stereo,[emim]__[Tf2N]__R1336mzz(E)__342.9__0.8,44,Cation,Imidazolium_Ring,Cation:Imidazolium_Ring,5,-6.30780415867935e-18,1.1660673484907191e-17,2.3321346969814383e-18,1.16601459803089e-05,1
Case4_R1336mzz_Stereo,[emim]__[Tf2N]__R1336mzz(E)__342.9__0.8,44,Anion,CF3,Anion:CF3,8,-2.151284187832999e-18,9.112380343164186e-18,1.1390475428955233e-18,9.111968118043688e-06,2
Case4_R1336mzz_Stereo,[emim]__[Tf2N]__R1336mzz(E)__342.9__0.8,44,Refri,CF3,Refri:CF3,8,-2.0792983555858712e-18,8.985306065729223e-18,1.1231632582161529e-18,8.984899589184548e-06,3
Case4_R1336mzz_Stereo,[emim]__[Tf2N]__R1336mzz(E)__342.9__0.8,44,Anion,Sulfonyl_SO2,Anion:Sulfonyl_SO2,6,-3.547847802495638e-18,8.815847777490078e-18,1.469307962915013e-18,8.815448966885658e-06,4
Case4_R1336mzz_Stereo,[emim]__[Tf2N]__R1336mzz(E)__342.9__0.8,44,Cation,Alkyl_Chain,Cation:Alkyl_Chain,3,-1.7977080063463151e-19,2.923580642960097e-18,9.74526880986699e-19,2.92344838625686e-06,5
Case4_R1336mzz_Stereo,[emim]__[Tf2N]__R1336mzz(E)__342.9__0.8,44,Refri,Alkene_C=C,Refri:Alkene_C=C,2,-1.1645097260382511e-18,2.71040058607112e-18,1.35520029303556e-18,2.7102779731899503e-06,6
Case4_R1336mzz_Stereo,[emim]__[Tf2N]__R1336mzz(E)__342.9__0.8,44,Anion,Sulfonimide_N,Anion:Sulfonimide_N,1,-5.493933037278666e-19,1.031776292442506e-18,1.031776292442506e-18,1.0317296170305433e-06,7
Case4_R1336mzz_Stereo,[emim]__[Tf2N]__R1336mzz(E)__342.9__0.8,45,Anion,Sulfonyl_SO2,Anion:Sulfonyl_SO2,6,0.010001687332987785,0.10826514102518559,0.018044190170864265,0.22156674167542342,1
Case4_R1336mzz_Stereo,[emim]__[Tf2N]__R1336mzz(E)__342.9__0.8,45,Refri,CF3,Refri:CF3,8,-0.01501559466123581,0.10089798923581839,0.012612248654477298,0.20648972055910092,2
Case4_R1336mzz_Stereo,[emim]__[Tf2N]__R1336mzz(E)__342.9__0.8,45,Anion,CF3,Anion:CF3,8,0.0025193411856889725,0.09436663798987865,0.011795829748734832,0.19312318170275805,3
Case4_R1336mzz_Stereo,[emim]__[Tf2N]__R1336mzz(E)__342.9__0.8,45,Refri,Alkene_C=C,Refri:Alkene_C=C,2,0.0766621045768261,0.07720227167010307,0.03860113583505154,0.15799596824897097,4
Case4_R1336mzz_Stereo,[emim]__[Tf2N]__R1336mzz(E)__342.9__0.8,45,Cation,Imidazolium_Ring,Cation:Imidazolium_Ring,5,0.02299350965768099,0.07356354035437107,0.014712708070874214,0.15054923300413797,5
Case4_R1336mzz_Stereo,[emim]__[Tf2N]__R1336mzz(E)__342.9__0.8,45,Cation,Alkyl_Chain,Cation:Alkyl_Chain,3,0.006949983304366469,0.020321987802162766,0.0067739959340542555,0.04158934795684099,6
Case4_R1336mzz_Stereo,[emim]__[Tf2N]__R1336mzz(E)__342.9__0.8,45,Anion,Sulfonimide_N,Anion:Sulfonimide_N,1,0.013791616074740887,0.014016873203217983,0.014016873203217983,0.028685806850721182,7
Case4_R1336mzz_Stereo,[emim]__[Tf2N]__R1336mzz(E)__342.9__0.8,46,Cation,Imidazolium_Ring,Cation:Imidazolium_Ring,5,0.0,0.0,0.0,0.0,1
Case4_R1336mzz_Stereo,[emim]__[Tf2N]__R1336mzz(E)__342.9__0.8,46,Cation,Alkyl_Chain,Cation:Alkyl_Chain,3,0.0,0.0,0.0,0.0,2
Case4_R1336mzz_Stereo,[emim]__[Tf2N]__R1336mzz(E)__342.9__0.8,46,Anion,CF3,Anion:CF3,8,0.0,0.0,0.0,0.0,3
Case4_R1336mzz_Stereo,[emim]__[Tf2N]__R1336mzz(E)__342.9__0.8,46,Anion,Sulfonyl_SO2,Anion:Sulfonyl_SO2,6,0.0,0.0,0.0,0.0,4
Case4_R1336mzz_Stereo,[emim]__[Tf2N]__R1336mzz(E)__342.9__0.8,46,Anion,Sulfonimide_N,Anion:Sulfonimide_N,1,0.0,0.0,0.0,0.0,5
Case4_R1336mzz_Stereo,[emim]__[Tf2N]__R1336mzz(E)__342.9__0.8,46,Refri,CF3,Refri:CF3,8,0.0,0.0,0.0,0.0,6
Case4_R1336mzz_Stereo,[emim]__[Tf2N]__R1336mzz(E)__342.9__0.8,46,Refri,Alkene_C=C,Refri:Alkene_C=C,2,0.0,0.0,0.0,0.0,7
Case4_R1336mzz_Stereo,[emim]__[Tf2N]__R1336mzz(E)__352.8__0.511,42,Cation,Imidazolium_Ring,Cation:Imidazolium_Ring,5,0.0,0.0,0.0,0.0,1
Case4_R1336mzz_Stereo,[emim]__[Tf2N]__R1336mzz(E)__352.8__0.511,42,Cation,Alkyl_Chain,Cation:Alkyl_Chain,3,0.0,0.0,0.0,0.0,2
Case4_R1336mzz_Stereo,[emim]__[Tf2N]__R1336mzz(E)__352.8__0.511,42,Anion,CF3,Anion:CF3,8,0.0,0.0,0.0,0.0,3
Case4_R1336mzz_Stereo,[emim]__[Tf2N]__R1336mzz(E)__352.8__0.511,42,Anion,Sulfonyl_SO2,Anion:Sulfonyl_SO2,6,0.0,0.0,0.0,0.0,4
Case4_R1336mzz_Stereo,[emim]__[Tf2N]__R1336mzz(E)__352.8__0.511,42,Anion,Sulfonimide_N,Anion:Sulfonimide_N,1,0.0,0.0,0.0,0.0,5
Case4_R1336mzz_Stereo,[emim]__[Tf2N]__R1336mzz(E)__352.8__0.511,42,Refri,CF3,Refri:CF3,8,0.0,0.0,0.0,0.0,6
Case4_R1336mzz_Stereo,[emim]__[Tf2N]__R1336mzz(E)__352.8__0.511,42,Refri,Alkene_C=C,Refri:Alkene_C=C,2,0.0,0.0,0.0,0.0,7
Case4_R1336mzz_Stereo,[emim]__[Tf2N]__R1336mzz(E)__352.8__0.511,43,Anion,CF3,Anion:CF3,8,-6.319088134698614e-11,7.45391040557486e-11,9.317388006968574e-12,0.275755057787046,1
Case4_R1336mzz_Stereo,[emim]__[Tf2N]__R1336mzz(E)__352.8__0.511,43,Refri,CF3,Refri:CF3,8,-5.816016938886559e-11,6.847282810196198e-11,8.559103512745247e-12,0.25331306177194113,2
Case4_R1336mzz_Stereo,[emim]__[Tf2N]__R1336mzz(E)__352.8__0.511,43,Anion,Sulfonyl_SO2,Anion:Sulfonyl_SO2,6,-4.2893725030190843e-11,5.1920235472069365e-11,8.653372578678228e-12,0.19207726889512228,3
Case4_R1336mzz_Stereo,[emim]__[Tf2N]__R1336mzz(E)__352.8__0.511,43,Cation,Imidazolium_Ring,Cation:Imidazolium_Ring,5,-1.3786413444226778e-11,2.7674624744622456e-11,5.534924948924491e-12,0.10238139889608223,4
Case4_R1336mzz_Stereo,[emim]__[Tf2N]__R1336mzz(E)__352.8__0.511,43,Cation,Alkyl_Chain,Cation:Alkyl_Chain,3,-2.0093360135475802e-11,2.3974991696790182e-11,7.99166389893006e-12,0.08869472345478849,5
Case4_R1336mzz_Stereo,[emim]__[Tf2N]__R1336mzz(E)__352.8__0.511,43,Refri,Alkene_C=C,Refri:Alkene_C=C,2,-1.1538806368727172e-11,1.527598967460131e-11,7.637994837300655e-12,0.05651304062259025,6
Case4_R1336mzz_Stereo,[emim]__[Tf2N]__R1336mzz(E)__352.8__0.511,43,Anion,Sulfonimide_N,Anion:Sulfonimide_N,1,-5.582268154669112e-12,7.451335555519467e-12,7.451335555519467e-12,0.027565980202367023,7
Case4_R1336mzz_Stereo,[emim]__[Tf2N]__R1336mzz(E)__352.8__0.511,44,Cation,Imidazolium_Ring,Cation:Imidazolium_Ring,5,-3.493534192897217e-18,6.458184508366937e-18,1.2916369016733873e-18,6.4580226971286096e-06,1
Case4_R1336mzz_Stereo,[emim]__[Tf2N]__R1336mzz(E)__352.8__0.511,44,Anion,CF3,Anion:CF3,8,-1.1914740820980723e-18,5.046830956050638e-18,6.308538695063297e-19,5.046704506587082e-06,2
Case4_R1336mzz_Stereo,[emim]__[Tf2N]__R1336mzz(E)__352.8__0.511,44,Refri,CF3,Refri:CF3,8,-1.1516052173439352e-18,4.976451120812176e-18,6.22056390101522e-19,4.976326434730927e-06,3
Case4_R1336mzz_Stereo,[emim]__[Tf2N]__R1336mzz(E)__352.8__0.511,44,Anion,Sulfonyl_SO2,Anion:Sulfonyl_SO2,6,-1.9649510919803457e-18,4.8825975541506845e-18,8.1376625902511405e-19,4.882475219591263e-06,4
Case4_R1336mzz_Stereo,[emim]__[Tf2N]__R1336mzz(E)__352.8__0.511,44,Cation,Alkyl_Chain,Cation:Alkyl_Chain,3,-9.956487397495522e-20,1.6192052218919391e-18,5.397350739639797e-19,1.6191646523477087e-06,5
Case4_R1336mzz_Stereo,[emim]__[Tf2N]__R1336mzz(E)__352.8__0.511,44,Refri,Alkene_C=C,Refri:Alkene_C=C,2,-6.449557738361045e-19,1.5011368733761467e-18,7.505684366880734e-19,1.5010992620604487e-06,6
Case4_R1336mzz_Stereo,[emim]__[Tf2N]__R1336mzz(E)__352.8__0.511,44,Anion,Sulfonimide_N,Anion:Sulfonimide_N,1,-3.0427779379156596e-19,5.714422682445621e-19,5.714422682445621e-19,5.714279506324007e-07,7
Case4_R1336mzz_Stereo,[emim]__[Tf2N]__R1336mzz(E)__352.8__0.511,45,Anion,Sulfonyl_SO2,Anion:Sulfonyl_SO2,6,0.004491537809371948,0.050105586647987366,0.008350931107997894,0.22719950386034407,1
Case4_R1336mzz_Stereo,[emim]__[Tf2N]__R1336mzz(E)__352.8__0.511,45,Refri,CF3,Refri:CF3,8,-0.007731976918876171,0.04516693390905857,0.005645866738632321,0.20480560475471965,2
Case4_R1336mzz_Stereo,[emim]__[Tf2N]__R1336mzz(E)__352.8__0.511,45,Anion,CF3,Anion:CF3,8,-0.00013970816507935524,0.04221121873706579,0.005276402342133224,0.1914031667122898,3
Case4_R1336mzz_Stereo,[emim]__[Tf2N]__R1336mzz(E)__352.8__0.511,45,Cation,Imidazolium_Ring,Cation:Imidazolium_Ring,5,0.010171606671065092,0.03413822455331683,0.006827644910663367,0.15479686398399148,4
Case4_R1336mzz_Stereo,[emim]__[Tf2N]__R1336mzz(E)__352.8__0.511,45,Refri,Alkene_C=C,Refri:Alkene_C=C,2,0.03290578909218311,0.03322840854525566,0.01661420427262783,0.1506713809896915,5
Case4_R1336mzz_Stereo,[emim]__[Tf2N]__R1336mzz(E)__352.8__0.511,45,Cation,Alkyl_Chain,Cation:Alkyl_Chain,3,0.0031542107462882996,0.009257462341338396,0.003085820780446132,0.04197717244055833,6
Case4_R1336mzz_Stereo,[emim]__[Tf2N]__R1336mzz(E)__352.8__0.511,45,Anion,Sulfonimide_N,Anion:Sulfonimide_N,1,0.006345593370497227,0.006427799351513386,0.006427799351513386,0.02914630725387073,7
Case4_R1336mzz_Stereo,[emim]__[Tf2N]__R1336mzz(E)__352.8__0.511,46,Cation,Imidazolium_Ring,Cation:Imidazolium_Ring,5,0.0,0.0,0.0,0.0,1
Case4_R1336mzz_Stereo,[emim]__[Tf2N]__R1336mzz(E)__352.8__0.511,46,Cation,Alkyl_Chain,Cation:Alkyl_Chain,3,0.0,0.0,0.0,0.0,2
Case4_R1336mzz_Stereo,[emim]__[Tf2N]__R1336mzz(E)__352.8__0.511,46,Anion,CF3,Anion:CF3,8,0.0,0.0,0.0,0.0,3
Case4_R1336mzz_Stereo,[emim]__[Tf2N]__R1336mzz(E)__352.8__0.511,46,Anion,Sulfonyl_SO2,Anion:Sulfonyl_SO2,6,0.0,0.0,0.0,0.0,4
Case4_R1336mzz_Stereo,[emim]__[Tf2N]__R1336mzz(E)__352.8__0.511,46,Anion,Sulfonimide_N,Anion:Sulfonimide_N,1,0.0,0.0,0.0,0.0,5
Case4_R1336mzz_Stereo,[emim]__[Tf2N]__R1336mzz(E)__352.8__0.511,46,Refri,CF3,Refri:CF3,8,0.0,0.0,0.0,0.0,6
Case4_R1336mzz_Stereo,[emim]__[Tf2N]__R1336mzz(E)__352.8__0.511,46,Refri,Alkene_C=C,Refri:Alkene_C=C,2,0.0,0.0,0.0,0.0,7
Case4_R1336mzz_Stereo,[emim]__[Tf2N]__R1336mzz(Z)__293.1__0.05,42,Cation,Imidazolium_Ring,Cation:Imidazolium_Ring,5,0.0,0.0,0.0,0.0,1
Case4_R1336mzz_Stereo,[emim]__[Tf2N]__R1336mzz(Z)__293.1__0.05,42,Cation,Alkyl_Chain,Cation:Alkyl_Chain,3,0.0,0.0,0.0,0.0,2
Case4_R1336mzz_Stereo,[emim]__[Tf2N]__R1336mzz(Z)__293.1__0.05,42,Anion,CF3,Anion:CF3,8,0.0,0.0,0.0,0.0,3
Case4_R1336mzz_Stereo,[emim]__[Tf2N]__R1336mzz(Z)__293.1__0.05,42,Anion,Sulfonyl_SO2,Anion:Sulfonyl_SO2,6,0.0,0.0,0.0,0.0,4
Case4_R1336mzz_Stereo,[emim]__[Tf2N]__R1336mzz(Z)__293.1__0.05,42,Anion,Sulfonimide_N,Anion:Sulfonimide_N,1,0.0,0.0,0.0,0.0,5
Case4_R1336mzz_Stereo,[emim]__[Tf2N]__R1336mzz(Z)__293.1__0.05,42,Refri,CF3,Refri:CF3,8,0.0,0.0,0.0,0.0,6
Case4_R1336mzz_Stereo,[emim]__[Tf2N]__R1336mzz(Z)__293.1__0.05,42,Refri,Alkene_C=C,Refri:Alkene_C=C,2,0.0,0.0,0.0,0.0,7
Case4_R1336mzz_Stereo,[emim]__[Tf2N]__R1336mzz(Z)__293.1__0.05,43,Anion,CF3,Anion:CF3,8,1.274354684277501e-10,1.8189143247138162e-10,2.2736429058922702e-11,0.282162476136512,1
Case4_R1336mzz_Stereo,[emim]__[Tf2N]__R1336mzz(Z)__293.1__0.05,43,Refri,CF3,Refri:CF3,8,1.1413295308848603e-10,1.615839510804573e-10,2.0197993885057164e-11,0.25066011697915647,2
Case4_R1336mzz_Stereo,[emim]__[Tf2N]__R1336mzz(Z)__293.1__0.05,43,Anion,Sulfonyl_SO2,Anion:Sulfonyl_SO2,6,8.697629769183202e-11,1.2640688495935137e-10,2.1067814159891896e-11,0.19609103725347596,3
Case4_R1336mzz_Stereo,[emim]__[Tf2N]__R1336mzz(Z)__293.1__0.05,43,Cation,Imidazolium_Ring,Cation:Imidazolium_Ring,5,1.840534219173587e-11,6.417596922630997e-11,1.2835193845261994e-11,0.09955416887601506,4
Case4_R1336mzz_Stereo,[emim]__[Tf2N]__R1336mzz(Z)__293.1__0.05,43,Cation,Alkyl_Chain,Cation:Alkyl_Chain,3,3.743374013542855e-11,5.5621451888754336e-11,1.8540483962918113e-11,0.08628381435012393,5
Case4_R1336mzz_Stereo,[emim]__[Tf2N]__R1336mzz(Z)__293.1__0.05,43,Refri,Alkene_C=C,Refri:Alkene_C=C,2,2.0347251661334553e-11,3.579835039513313e-11,1.7899175197566564e-11,0.055532858540121216,6
Case4_R1336mzz_Stereo,[emim]__[Tf2N]__R1336mzz(Z)__293.1__0.05,43,Anion,Sulfonimide_N,Anion:Sulfonimide_N,1,1.2068080909588552e-11,1.815562977736107e-11,1.815562977736107e-11,0.028164259218773295,7
Case4_R1336mzz_Stereo,[emim]__[Tf2N]__R1336mzz(Z)__293.1__0.05,44,Cation,Imidazolium_Ring,Cation:Imidazolium_Ring,5,-6.2341577872019166e-18,1.1524529689043466e-17,2.304905937808693e-18,1.1524014429974558e-05,1
Case4_R1336mzz_Stereo,[emim]__[Tf2N]__R1336mzz(Z)__293.1__0.05,44,Anion,CF3,Anion:CF3,8,-2.126167210424344e-18,9.005990130536418e-18,1.1257487663170522e-18,9.005587474791285e-06,2
Case4_R1336mzz_Stereo,[emim]__[Tf2N]__R1336mzz(Z)__293.1__0.05,44,Refri,CF3,Refri:CF3,8,-2.055020475360469e-18,8.880398470951879e-18,1.1100498088689849e-18,8.88000143038093e-06,3
Case4_R1336mzz_Stereo,[emim]__[Tf2N]__R1336mzz(Z)__293.1__0.05,44,Anion,Sulfonyl_SO2,Anion:Sulfonyl_SO2,6,-3.506424044985054e-18,8.712918798737961e-18,1.4521531331229936e-18,8.712529246144594e-06,4
Case4_R1336mzz_Stereo,[emim]__[Tf2N]__R1336mzz(Z)__293.1__0.05,44,Cation,Alkyl_Chain,Cation:Alkyl_Chain,3,-1.7767207539952256e-19,2.8894468281879433e-18,9.631489427293144e-19,2.889317641685542e-06,5
Case4_R1336mzz_Stereo,[emim]__[Tf2N]__R1336mzz(Z)__293.1__0.05,44,Refri,Alkene_C=C,Refri:Alkene_C=C,2,-1.1509129447194107e-18,2.6787549305815257e-18,1.3393774652907628e-18,2.678635164065355e-06,6
Case4_R1336mzz_Stereo,[emim]__[Tf2N]__R1336mzz(Z)__293.1__0.05,44,Anion,Sulfonimide_N,Anion:Sulfonimide_N,1,-5.429790350654007e-19,1.0197299577843198e-18,1.0197299577843198e-18,1.019684365892697e-06,7
Case4_R1336mzz_Stereo,[emim]__[Tf2N]__R1336mzz(Z)__293.1__0.05,45,Anion,Sulfonyl_SO2,Anion:Sulfonyl_SO2,6,0.004376532509922981,0.046352457255125046,0.007725409542520841,0.22923463578760014,1
Case4_R1336mzz_Stereo,[emim]__[Tf2N]__R1336mzz(Z)__293.1__0.05,45,Refri,CF3,Refri:CF3,8,-0.007375751622021198,0.04139071702957153,0.005173839628696442,0.20469650381290994,2
Case4_R1336mzz_Stereo,[emim]__[Tf2N]__R1336mzz(Z)__293.1__0.05,45,Anion,CF3,Anion:CF3,8,-0.0003194911405444145,0.03840884007513523,0.004801105009391904,0.18994972407151736,3
Case4_R1336mzz_Stereo,[emim]__[Tf2N]__R1336mzz(Z)__293.1__0.05,45,Cation,Imidazolium_Ring,Cation:Imidazolium_Ring,5,0.009418789763003588,0.03166255448013544,0.006332510896027088,0.1565861784718303,4
Case4_R1336mzz_Stereo,[emim]__[Tf2N]__R1336mzz(Z)__293.1__0.05,45,Refri,Alkene_C=C,Refri:Alkene_C=C,2,0.029601464048027992,0.029941249638795853,0.014970624819397926,0.14807351891179615,5
Case4_R1336mzz_Stereo,[emim]__[Tf2N]__R1336mzz(Z)__293.1__0.05,45,Cation,Alkyl_Chain,Cation:Alkyl_Chain,3,0.0029325278010219336,0.008552012732252479,0.0028506709107508263,0.04229371299861474,6
Case4_R1336mzz_Stereo,[emim]__[Tf2N]__R1336mzz(Z)__293.1__0.05,45,Anion,Sulfonimide_N,Anion:Sulfonimide_N,1,0.0058290837332606316,0.005897464230656624,0.005897464230656624,0.02916572594078591,7
Case4_R1336mzz_Stereo,[emim]__[Tf2N]__R1336mzz(Z)__293.1__0.05,46,Cation,Imidazolium_Ring,Cation:Imidazolium_Ring,5,0.0,0.0,0.0,0.0,1
Case4_R1336mzz_Stereo,[emim]__[Tf2N]__R1336mzz(Z)__293.1__0.05,46,Cation,Alkyl_Chain,Cation:Alkyl_Chain,3,0.0,0.0,0.0,0.0,2
Case4_R1336mzz_Stereo,[emim]__[Tf2N]__R1336mzz(Z)__293.1__0.05,46,Anion,CF3,Anion:CF3,8,0.0,0.0,0.0,0.0,3
Case4_R1336mzz_Stereo,[emim]__[Tf2N]__R1336mzz(Z)__293.1__0.05,46,Anion,Sulfonyl_SO2,Anion:Sulfonyl_SO2,6,0.0,0.0,0.0,0.0,4
Case4_R1336mzz_Stereo,[emim]__[Tf2N]__R1336mzz(Z)__293.1__0.05,46,Anion,Sulfonimide_N,Anion:Sulfonimide_N,1,0.0,0.0,0.0,0.0,5
Case4_R1336mzz_Stereo,[emim]__[Tf2N]__R1336mzz(Z)__293.1__0.05,46,Refri,CF3,Refri:CF3,8,0.0,0.0,0.0,0.0,6
Case4_R1336mzz_Stereo,[emim]__[Tf2N]__R1336mzz(Z)__293.1__0.05,46,Refri,Alkene_C=C,Refri:Alkene_C=C,2,0.0,0.0,0.0,0.0,7
Case4_R1336mzz_Stereo,[emim]__[Tf2N]__R1336mzz(Z)__293.1__0.06,42,Cation,Imidazolium_Ring,Cation:Imidazolium_Ring,5,0.0,0.0,0.0,0.0,1
Case4_R1336mzz_Stereo,[emim]__[Tf2N]__R1336mzz(Z)__293.1__0.06,42,Cation,Alkyl_Chain,Cation:Alkyl_Chain,3,0.0,0.0,0.0,0.0,2
Case4_R1336mzz_Stereo,[emim]__[Tf2N]__R1336mzz(Z)__293.1__0.06,42,Anion,CF3,Anion:CF3,8,0.0,0.0,0.0,0.0,3
Case4_R1336mzz_Stereo,[emim]__[Tf2N]__R1336mzz(Z)__293.1__0.06,42,Anion,Sulfonyl_SO2,Anion:Sulfonyl_SO2,6,0.0,0.0,0.0,0.0,4
Case4_R1336mzz_Stereo,[emim]__[Tf2N]__R1336mzz(Z)__293.1__0.06,42,Anion,Sulfonimide_N,Anion:Sulfonimide_N,1,0.0,0.0,0.0,0.0,5
Case4_R1336mzz_Stereo,[emim]__[Tf2N]__R1336mzz(Z)__293.1__0.06,42,Refri,CF3,Refri:CF3,8,0.0,0.0,0.0,0.0,6
Case4_R1336mzz_Stereo,[emim]__[Tf2N]__R1336mzz(Z)__293.1__0.06,42,Refri,Alkene_C=C,Refri:Alkene_C=C,2,0.0,0.0,0.0,0.0,7
Case4_R1336mzz_Stereo,[emim]__[Tf2N]__R1336mzz(Z)__293.1__0.06,43,Anion,CF3,Anion:CF3,8,9.299454782618621e-11,1.380159771191547e-10,1.7251997139894337e-11,0.2829344927316052,1
Case4_R1336mzz_Stereo,[emim]__[Tf2N]__R1336mzz(Z)__293.1__0.06,43,Refri,CF3,Refri:CF3,8,8.278150300661258e-11,1.218784231524217e-10,1.5234802894052712e-11,0.24985230369225503,2
Case4_R1336mzz_Stereo,[emim]__[Tf2N]__R1336mzz(Z)__293.1__0.06,43,Anion,Sulfonyl_SO2,Anion:Sulfonyl_SO2,6,6.354579536183014e-11,9.586189134158651e-11,1.597698189026442e-11,0.19651808555184871,3
Case4_R1336mzz_Stereo,[emim]__[Tf2N]__R1336mzz(Z)__293.1__0.06,43,Cation,Imidazolium_Ring,Cation:Imidazolium_Ring,5,1.1925918694428994e-11,4.835638530223396e-11,9.671277060446793e-12,0.09913119938287773,4
Case4_R1336mzz_Stereo,[emim]__[Tf2N]__R1336mzz(Z)__293.1__0.06,43,Cation,Alkyl_Chain,Cation:Alkyl_Chain,3,2.6822231935508256e-11,4.1891026238138895e-11,1.3963675412712965e-11,0.08587713180816398,5
Case4_R1336mzz_Stereo,[emim]__[Tf2N]__R1336mzz(Z)__293.1__0.06,43,Refri,Alkene_C=C,Refri:Alkene_C=C,2,1.4380031887473166e-11,2.702426823986137e-11,1.3512134119930685e-11,0.055400090522033006,6
Case4_R1336mzz_Stereo,[emim]__[Tf2N]__R1336mzz(Z)__293.1__0.06,43,Anion,Sulfonimide_N,Anion:Sulfonimide_N,1,8.936352526023317e-12,1.3773907361902538e-11,1.3773907361902538e-11,0.028236683706607993,7
Case4_R1336mzz_Stereo,[emim]__[Tf2N]__R1336mzz(Z)__293.1__0.06,44,Cation,Imidazolium_Ring,Cation:Imidazolium_Ring,5,-8.249508024552838e-18,1.5250128420515458e-17,3.0500256841030914e-18,1.5249226184919379e-05,1
Case4_R1336mzz_Stereo,[emim]__[Tf2N]__R1336mzz(Z)__293.1__0.06,44,Anion,CF3,Anion:CF3,8,-2.8135045910709746e-18,1.191740656560104e-17,1.48967582070013e-18,1.1916701502134037e-05,2
Case4_R1336mzz_Stereo,[emim]__[Tf2N]__R1336mzz(Z)__293.1__0.06,44,Refri,CF3,Refri:CF3,8,-2.719359262297799e-18,1.175121564078148e-17,1.468901955097685e-18,1.1750520409583686e-05,3
Case4_R1336mzz_Stereo,[emim]__[Tf2N]__R1336mzz(Z)__293.1__0.06,44,Anion,Sulfonyl_SO2,Anion:Sulfonyl_SO2,6,-4.639966015895092e-18,1.1529592241187444e-17,1.921598706864574e-18,1.1528910121782189e-05,4
Case4_R1336mzz_Stereo,[emim]__[Tf2N]__R1336mzz(Z)__293.1__0.06,44,Cation,Alkyl_Chain,Cation:Alkyl_Chain,3,-2.3510923531321735e-19,3.823534020866126e-18,1.2745113402887087e-18,3.823307811066358e-06,5
Case4_R1336mzz_Stereo,[emim]__[Tf2N]__R1336mzz(Z)__293.1__0.06,44,Refri,Alkene_C=C,Refri:Alkene_C=C,2,-1.5229756823184655e-18,3.544731554634209e-18,1.7723657773171046e-18,3.544521839483035e-06,6
Case4_R1336mzz_Stereo,[emim]__[Tf2N]__R1336mzz(Z)__293.1__0.06,44,Anion,Sulfonimide_N,Anion:Sulfonimide_N,1,-7.185107418558511e-19,1.3493836623656637e-18,1.3493836623656637e-18,1.349303829465941e-06,7
Case4_R1336mzz_Stereo,[emim]__[Tf2N]__R1336mzz(Z)__293.1__0.06,45,Anion,Sulfonyl_SO2,Anion:Sulfonyl_SO2,6,0.004633590579032898,0.049340689554810524,0.008223448259135088,0.22858532734023818,1
Case4_R1336mzz_Stereo,[emim]__[Tf2N]__R1336mzz(Z)__293.1__0.06,45,Refri,CF3,Refri:CF3,8,-0.007757740095257759,0.04415227612480521,0.0055190345156006515,0.20454846865473522,2
Case4_R1336mzz_Stereo,[emim]__[Tf2N]__R1336mzz(Z)__293.1__0.06,45,Anion,CF3,Anion:CF3,8,-0.00018443726003170013,0.04111225064843893,0.005139031331054866,0.19046465213518884,3
Case4_R1336mzz_Stereo,[emim]__[Tf2N]__R1336mzz(Z)__293.1__0.06,45,Cation,Imidazolium_Ring,Cation:Imidazolium_Ring,5,0.010057151783257723,0.03366685193032026,0.006733370386064053,0.15597164203509356,4
Case4_R1336mzz_Stereo,[emim]__[Tf2N]__R1336mzz(Z)__293.1__0.06,45,Refri,Alkene_C=C,Refri:Alkene_C=C,2,0.03181828558444977,0.03216729313135147,0.016083646565675735,0.14902449269403217,5
Case4_R1336mzz_Stereo,[emim]__[Tf2N]__R1336mzz(Z)__293.1__0.06,45,Cation,Alkyl_Chain,Cation:Alkyl_Chain,3,0.0031273713102564216,0.009114550426602364,0.003038183475534121,0.04222584871882643,6
Case4_R1336mzz_Stereo,[emim]__[Tf2N]__R1336mzz(Z)__293.1__0.06,45,Anion,Sulfonimide_N,Anion:Sulfonimide_N,1,0.006223681848496199,0.006298479624092579,0.006298479624092579,0.029179568417252763,7
Case4_R1336mzz_Stereo,[emim]__[Tf2N]__R1336mzz(Z)__293.1__0.06,46,Cation,Imidazolium_Ring,Cation:Imidazolium_Ring,5,0.0,0.0,0.0,0.0,1
Case4_R1336mzz_Stereo,[emim]__[Tf2N]__R1336mzz(Z)__293.1__0.06,46,Cation,Alkyl_Chain,Cation:Alkyl_Chain,3,0.0,0.0,0.0,0.0,2
Case4_R1336mzz_Stereo,[emim]__[Tf2N]__R1336mzz(Z)__293.1__0.06,46,Anion,CF3,Anion:CF3,8,0.0,0.0,0.0,0.0,3
Case4_R1336mzz_Stereo,[emim]__[Tf2N]__R1336mzz(Z)__293.1__0.06,46,Anion,Sulfonyl_SO2,Anion:Sulfonyl_SO2,6,0.0,0.0,0.0,0.0,4
Case4_R1336mzz_Stereo,[emim]__[Tf2N]__R1336mzz(Z)__293.1__0.06,46,Anion,Sulfonimide_N,Anion:Sulfonimide_N,1,0.0,0.0,0.0,0.0,5
Case4_R1336mzz_Stereo,[emim]__[Tf2N]__R1336mzz(Z)__293.1__0.06,46,Refri,CF3,Refri:CF3,8,0.0,0.0,0.0,0.0,6
Case4_R1336mzz_Stereo,[emim]__[Tf2N]__R1336mzz(Z)__293.1__0.06,46,Refri,Alkene_C=C,Refri:Alkene_C=C,2,0.0,0.0,0.0,0.0,7
Case4_R1336mzz_Stereo,[emim]__[Tf2N]__R1336mzz(Z)__303__0.07,42,Cation,Imidazolium_Ring,Cation:Imidazolium_Ring,5,0.0,0.0,0.0,0.0,1
Case4_R1336mzz_Stereo,[emim]__[Tf2N]__R1336mzz(Z)__303__0.07,42,Cation,Alkyl_Chain,Cation:Alkyl_Chain,3,0.0,0.0,0.0,0.0,2
Case4_R1336mzz_Stereo,[emim]__[Tf2N]__R1336mzz(Z)__303__0.07,42,Anion,CF3,Anion:CF3,8,0.0,0.0,0.0,0.0,3
Case4_R1336mzz_Stereo,[emim]__[Tf2N]__R1336mzz(Z)__303__0.07,42,Anion,Sulfonyl_SO2,Anion:Sulfonyl_SO2,6,0.0,0.0,0.0,0.0,4
Case4_R1336mzz_Stereo,[emim]__[Tf2N]__R1336mzz(Z)__303__0.07,42,Anion,Sulfonimide_N,Anion:Sulfonimide_N,1,0.0,0.0,0.0,0.0,5
Case4_R1336mzz_Stereo,[emim]__[Tf2N]__R1336mzz(Z)__303__0.07,42,Refri,CF3,Refri:CF3,8,0.0,0.0,0.0,0.0,6
Case4_R1336mzz_Stereo,[emim]__[Tf2N]__R1336mzz(Z)__303__0.07,42,Refri,Alkene_C=C,Refri:Alkene_C=C,2,0.0,0.0,0.0,0.0,7
Case4_R1336mzz_Stereo,[emim]__[Tf2N]__R1336mzz(Z)__303__0.07,43,Anion,CF3,Anion:CF3,8,9.042439887141374e-11,1.300516291879994e-10,1.6256453648499924e-11,0.2821851165111995,1
Case4_R1336mzz_Stereo,[emim]__[Tf2N]__R1336mzz(Z)__303__0.07,43,Refri,CF3,Refri:CF3,8,8.088883902968025e-11,1.1539398082904828e-10,1.4424247603631035e-11,0.2503810534957976,2
Case4_R1336mzz_Stereo,[emim]__[Tf2N]__R1336mzz(Z)__303__0.07,43,Anion,Sulfonyl_SO2,Anion:Sulfonyl_SO2,6,6.173024678229888e-11,9.037279605217385e-11,1.506213267536231e-11,0.19609026155728274,3
Case4_R1336mzz_Stereo,[emim]__[Tf2N]__R1336mzz(Z)__303__0.07,43,Cation,Imidazolium_Ring,Cation:Imidazolium_Ring,5,1.2772692381838799e-11,4.5809731008539245e-11,9.16194620170785e-12,0.09939763432955276,4
Case4_R1336mzz_Stereo,[emim]__[Tf2N]__R1336mzz(Z)__303__0.07,43,Cation,Alkyl_Chain,Cation:Alkyl_Chain,3,2.6467491393011855e-11,3.970158403421298e-11,1.323386134473766e-11,0.08614421969430698,5
Case4_R1336mzz_Stereo,[emim]__[Tf2N]__R1336mzz(Z)__303__0.07,43,Refri,Alkene_C=C,Refri:Alkene_C=C,2,1.43484807368921e-11,2.5562826161396046e-11,1.2781413080698023e-11,0.05546604163090875,6
Case4_R1336mzz_Stereo,[emim]__[Tf2N]__R1336mzz(Z)__303__0.07,43,Anion,Sulfonimide_N,Anion:Sulfonimide_N,1,8.587916836000353e-12,1.2980906280435356e-11,1.2980906280435356e-11,0.028165879766645936,7
Case4_R1336mzz_Stereo,[emim]__[Tf2N]__R1336mzz(Z)__303__0.07,44,Cation,Imidazolium_Ring,Cation:Imidazolium_Ring,5,-6.0863064388396345e-18,1.125121101668247e-17,2.250242203336494e-18,1.1250719907306102e-05,1
Case4_R1336mzz_Stereo,[emim]__[Tf2N]__R1336mzz(Z)__303__0.07,44,Anion,CF3,Anion:CF3,8,-2.0757424353794764e-18,8.79240144642484e-18,1.099050180803105e-18,8.792017662778375e-06,2
Case4_R1336mzz_Stereo,[emim]__[Tf2N]__R1336mzz(Z)__303__0.07,44,Refri,CF3,Refri:CF3,8,-2.0062831487652096e-18,8.66978856762368e-18,1.08372357095296e-18,8.669410135964158e-06,3
Case4_R1336mzz_Stereo,[emim]__[Tf2N]__R1336mzz(Z)__303__0.07,44,Anion,Sulfonyl_SO2,Anion:Sulfonyl_SO2,6,-3.4232656134511435e-18,8.506281637096702e-18,1.4177136061827836e-18,8.505910342427728e-06,4
Case4_R1336mzz_Stereo,[emim]__[Tf2N]__R1336mzz(Z)__303__0.07,44,Cation,Alkyl_Chain,Cation:Alkyl_Chain,3,-1.734583915097833e-19,2.820919619027659e-18,9.403065396758864e-19,2.820796487386733e-06,5
Case4_R1336mzz_Stereo,[emim]__[Tf2N]__R1336mzz(Z)__303__0.07,44,Refri,Alkene_C=C,Refri:Alkene_C=C,2,-1.1236182592518453e-18,2.6152253915859218e-18,1.3076126957929609e-18,2.6151112383886154e-06,6
Case4_R1336mzz_Stereo,[emim]__[Tf2N]__R1336mzz(Z)__303__0.07,44,Anion,Sulfonimide_N,Anion:Sulfonimide_N,1,-5.301014872891752e-19,9.955457816126835e-19,9.955457816126835e-19,9.955023265688462e-07,7
Case4_R1336mzz_Stereo,[emim]__[Tf2N]__R1336mzz(Z)__303__0.07,45,Anion,Sulfonyl_SO2,Anion:Sulfonyl_SO2,6,0.003894677385687828,0.04079027101397514,0.00679837850232919,0.23017541460124688,1
Case4_R1336mzz_Stereo,[emim]__[Tf2N]__R1336mzz(Z)__303__0.07,45,Refri,CF3,Refri:CF3,8,-0.006563965231180191,0.03620710410177708,0.004525888012722135,0.20431306267324725,2
Case4_R1336mzz_Stereo,[emim]__[Tf2N]__R1336mzz(Z)__303__0.07,45,Anion,CF3,Anion:CF3,8,-0.00036482885479927063,0.03365549258887768,0.00420693657360971,0.1899145744238872,3
Case4_R1336mzz_Stereo,[emim]__[Tf2N]__R1336mzz(Z)__303__0.07,45,Cation,Imidazolium_Ring,Cation:Imidazolium_Ring,5,0.008276161272078753,0.027861721348017454,0.0055723442696034905,0.15722090349895307,4
Case4_R1336mzz_Stereo,[emim]__[Tf2N]__R1336mzz(Z)__303__0.07,45,Refri,Alkene_C=C,Refri:Alkene_C=C,2,0.025711756199598312,0.02602003701031208,0.01301001850515604,0.14682846320722956,5
Case4_R1336mzz_Stereo,[emim]__[Tf2N]__R1336mzz(Z)__303__0.07,45,Cation,Alkyl_Chain,Cation:Alkyl_Chain,3,0.0025749305495992303,0.007514764321967959,0.0025049214406559863,0.04240506254167853,6
Case4_R1336mzz_Stereo,[emim]__[Tf2N]__R1336mzz(Z)__303__0.07,45,Anion,Sulfonimide_N,Anion:Sulfonimide_N,1,0.005105559714138508,0.005164457950741053,0.005164457950741053,0.0291425190481146,7
Case4_R1336mzz_Stereo,[emim]__[Tf2N]__R1336mzz(Z)__303__0.07,46,Cation,Imidazolium_Ring,Cation:Imidazolium_Ring,5,0.0,0.0,0.0,0.0,1
Case4_R1336mzz_Stereo,[emim]__[Tf2N]__R1336mzz(Z)__303__0.07,46,Cation,Alkyl_Chain,Cation:Alkyl_Chain,3,0.0,0.0,0.0,0.0,2
Case4_R1336mzz_Stereo,[emim]__[Tf2N]__R1336mzz(Z)__303__0.07,46,Anion,CF3,Anion:CF3,8,0.0,0.0,0.0,0.0,3
Case4_R1336mzz_Stereo,[emim]__[Tf2N]__R1336mzz(Z)__303__0.07,46,Anion,Sulfonyl_SO2,Anion:Sulfonyl_SO2,6,0.0,0.0,0.0,0.0,4
Case4_R1336mzz_Stereo,[emim]__[Tf2N]__R1336mzz(Z)__303__0.07,46,Anion,Sulfonimide_N,Anion:Sulfonimide_N,1,0.0,0.0,0.0,0.0,5
Case4_R1336mzz_Stereo,[emim]__[Tf2N]__R1336mzz(Z)__303__0.07,46,Refri,CF3,Refri:CF3,8,0.0,0.0,0.0,0.0,6
Case4_R1336mzz_Stereo,[emim]__[Tf2N]__R1336mzz(Z)__303__0.07,46,Refri,Alkene_C=C,Refri:Alkene_C=C,2,0.0,0.0,0.0,0.0,7
Case4_R1336mzz_Stereo,[emim]__[Tf2N]__R1336mzz(Z)__303__0.09,42,Cation,Imidazolium_Ring,Cation:Imidazolium_Ring,5,0.0,0.0,0.0,0.0,1
Case4_R1336mzz_Stereo,[emim]__[Tf2N]__R1336mzz(Z)__303__0.09,42,Cation,Alkyl_Chain,Cation:Alkyl_Chain,3,0.0,0.0,0.0,0.0,2
Case4_R1336mzz_Stereo,[emim]__[Tf2N]__R1336mzz(Z)__303__0.09,42,Anion,CF3,Anion:CF3,8,0.0,0.0,0.0,0.0,3
Case4_R1336mzz_Stereo,[emim]__[Tf2N]__R1336mzz(Z)__303__0.09,42,Anion,Sulfonyl_SO2,Anion:Sulfonyl_SO2,6,0.0,0.0,0.0,0.0,4
Case4_R1336mzz_Stereo,[emim]__[Tf2N]__R1336mzz(Z)__303__0.09,42,Anion,Sulfonimide_N,Anion:Sulfonimide_N,1,0.0,0.0,0.0,0.0,5
Case4_R1336mzz_Stereo,[emim]__[Tf2N]__R1336mzz(Z)__303__0.09,42,Refri,CF3,Refri:CF3,8,0.0,0.0,0.0,0.0,6
Case4_R1336mzz_Stereo,[emim]__[Tf2N]__R1336mzz(Z)__303__0.09,42,Refri,Alkene_C=C,Refri:Alkene_C=C,2,0.0,0.0,0.0,0.0,7
Case4_R1336mzz_Stereo,[emim]__[Tf2N]__R1336mzz(Z)__303__0.09,43,Anion,CF3,Anion:CF3,8,1.392133179567434e-10,1.8942120094678216e-10,2.367765011834777e-11,0.28091150345126,1
Case4_R1336mzz_Stereo,[emim]__[Tf2N]__R1336mzz(Z)__303__0.09,43,Refri,CF3,Refri:CF3,8,1.256006115085695e-10,1.695633928405771e-10,2.1195424105072136e-11,0.2514623884499888,2
Case4_R1336mzz_Stereo,[emim]__[Tf2N]__R1336mzz(Z)__303__0.09,43,Anion,Sulfonyl_SO2,Anion:Sulfonyl_SO2,6,9.487692576026774e-11,1.3169805523904898e-10,2.194967587317483e-11,0.19530812028375963,3
Case4_R1336mzz_Stereo,[emim]__[Tf2N]__R1336mzz(Z)__303__0.09,43,Cation,Imidazolium_Ring,Cation:Imidazolium_Ring,5,2.2842544804453635e-11,6.754730802471798e-11,1.3509461604943596e-11,0.10017260874953408,4
Case4_R1336mzz_Stereo,[emim]__[Tf2N]__R1336mzz(Z)__303__0.09,43,Cation,Alkyl_Chain,Cation:Alkyl_Chain,3,4.179256073155724e-11,5.857374134332627e-11,1.9524580447775424e-11,0.08686481587740416,5
Case4_R1336mzz_Stereo,[emim]__[Tf2N]__R1336mzz(Z)__303__0.09,43,Refri,Alkene_C=C,Refri:Alkene_C=C,2,2.307877933899194e-11,3.759629239874496e-11,1.879814619937248e-11,0.05575527432587548,6
Case4_R1336mzz_Stereo,[emim]__[Tf2N]__R1336mzz(Z)__303__0.09,43,Anion,Sulfonimide_N,Anion:Sulfonimide_N,1,1.2947464281265475e-11,1.8909172838643684e-11,1.8909172838643684e-11,0.02804228958835224,7
Case4_R1336mzz_Stereo,[emim]__[Tf2N]__R1336mzz(Z)__303__0.09,44,Cation,Imidazolium_Ring,Cation:Imidazolium_Ring,5,-6.4091414868365506e-18,1.1848008386954525e-17,2.369601677390905e-18,1.1847463797308349e-05,1
Case4_R1336mzz_Stereo,[emim]__[Tf2N]__R1336mzz(Z)__303__0.09,44,Anion,CF3,Anion:CF3,8,-2.1858461719697254e-18,9.258776732527776e-18,1.157347091565972e-18,9.25835115602748e-06,2
Case4_R1336mzz_Stereo,[emim]__[Tf2N]__R1336mzz(Z)__303__0.09,44,Refri,CF3,Refri:CF3,8,-2.1127026746059357e-18,9.129660249557996e-18,1.1412075311947495e-18,9.129240607852603e-06,3
Case4_R1336mzz_Stereo,[emim]__[Tf2N]__R1336mzz(Z)__303__0.09,44,Anion,Sulfonyl_SO2,Anion:Sulfonyl_SO2,6,-3.604845251290275e-18,8.957478882742327e-18,1.4929131471237211e-18,8.957067155294467e-06,4
Case4_R1336mzz_Stereo,[emim]__[Tf2N]__R1336mzz(Z)__303__0.09,44,Cation,Alkyl_Chain,Cation:Alkyl_Chain,3,-1.8265909561381648e-19,2.970549612502083e-18,9.901832041673611e-19,2.9704130722069055e-06,5
Case4_R1336mzz_Stereo,[emim]__[Tf2N]__R1336mzz(Z)__303__0.09,44,Refri,Alkene_C=C,Refri:Alkene_C=C,2,-1.1832179665547864e-18,2.7539439939013708e-18,1.3769719969506854e-18,2.7538174098092393e-06,6
Case4_R1336mzz_Stereo,[emim]__[Tf2N]__R1336mzz(Z)__303__0.09,44,Anion,Sulfonimide_N,Anion:Sulfonimide_N,1,-5.582196827553254e-19,1.0483523715326094e-18,1.0483523715326094e-18,1.0483041843750354e-06,7
Case4_R1336mzz_Stereo,[emim]__[Tf2N]__R1336mzz(Z)__303__0.09,45,Anion,Sulfonyl_SO2,Anion:Sulfonyl_SO2,6,0.004168054088950157,0.04445866122841835,0.007409776871403058,0.22864182340316988,1
Case4_R1336mzz_Stereo,[emim]__[Tf2N]__R1336mzz(Z)__303__0.09,45,Refri,CF3,Refri:CF3,8,-0.006991217378526926,0.03967120870947838,0.004958901088684797,0.20402093192461926,2
Case4_R1336mzz_Stereo,[emim]__[Tf2N]__R1336mzz(Z)__303__0.09,45,Anion,CF3,Anion:CF3,8,-0.0001345500349998474,0.037169900722801685,0.004646237590350211,0.19115721531317292,3
Case4_R1336mzz_Stereo,[emim]__[Tf2N]__R1336mzz(Z)__303__0.09,45,Cation,Imidazolium_Ring,Cation:Imidazolium_Ring,5,0.009096973109990358,0.030396755319088697,0.0060793510638177395,0.1563243104867486,4
Case4_R1336mzz_Stereo,[emim]__[Tf2N]__R1336mzz(Z)__303__0.09,45,Refri,Alkene_C=C,Refri:Alkene_C=C,2,0.028549302369356155,0.02885931171476841,0.014429655857384205,0.1484175517279708,5
Case4_R1336mzz_Stereo,[emim]__[Tf2N]__R1336mzz(Z)__303__0.09,45,Cation,Alkyl_Chain,Cation:Alkyl_Chain,3,0.0028208564035594463,0.008227866375818849,0.0027426221252729497,0.04231423796635495,6
Case4_R1336mzz_Stereo,[emim]__[Tf2N]__R1336mzz(Z)__303__0.09,45,Anion,Sulfonimide_N,Anion:Sulfonimide_N,1,0.0055956002324819565,0.005663053598254919,0.005663053598254919,0.029123929172820726,7
Case4_R1336mzz_Stereo,[emim]__[Tf2N]__R1336mzz(Z)__303__0.09,46,Cation,Imidazolium_Ring,Cation:Imidazolium_Ring,5,0.0,0.0,0.0,0.0,1
Case4_R1336mzz_Stereo,[emim]__[Tf2N]__R1336mzz(Z)__303__0.09,46,Cation,Alkyl_Chain,Cation:Alkyl_Chain,3,0.0,0.0,0.0,0.0,2
Case4_R1336mzz_Stereo,[emim]__[Tf2N]__R1336mzz(Z)__303__0.09,46,Anion,CF3,Anion:CF3,8,0.0,0.0,0.0,0.0,3
Case4_R1336mzz_Stereo,[emim]__[Tf2N]__R1336mzz(Z)__303__0.09,46,Anion,Sulfonyl_SO2,Anion:Sulfonyl_SO2,6,0.0,0.0,0.0,0.0,4
Case4_R1336mzz_Stereo,[emim]__[Tf2N]__R1336mzz(Z)__303__0.09,46,Anion,Sulfonimide_N,Anion:Sulfonimide_N,1,0.0,0.0,0.0,0.0,5
Case4_R1336mzz_Stereo,[emim]__[Tf2N]__R1336mzz(Z)__303__0.09,46,Refri,CF3,Refri:CF3,8,0.0,0.0,0.0,0.0,6
Case4_R1336mzz_Stereo,[emim]__[Tf2N]__R1336mzz(Z)__303__0.09,46,Refri,Alkene_C=C,Refri:Alkene_C=C,2,0.0,0.0,0.0,0.0,7
Case4_R1336mzz_Stereo,[emim]__[Tf2N]__R1336mzz(Z)__322.5__0.13,42,Cation,Imidazolium_Ring,Cation:Imidazolium_Ring,5,0.0,0.0,0.0,0.0,1
Case4_R1336mzz_Stereo,[emim]__[Tf2N]__R1336mzz(Z)__322.5__0.13,42,Cation,Alkyl_Chain,Cation:Alkyl_Chain,3,0.0,0.0,0.0,0.0,2
Case4_R1336mzz_Stereo,[emim]__[Tf2N]__R1336mzz(Z)__322.5__0.13,42,Anion,CF3,Anion:CF3,8,0.0,0.0,0.0,0.0,3
Case4_R1336mzz_Stereo,[emim]__[Tf2N]__R1336mzz(Z)__322.5__0.13,42,Anion,Sulfonyl_SO2,Anion:Sulfonyl_SO2,6,0.0,0.0,0.0,0.0,4
Case4_R1336mzz_Stereo,[emim]__[Tf2N]__R1336mzz(Z)__322.5__0.13,42,Anion,Sulfonimide_N,Anion:Sulfonimide_N,1,0.0,0.0,0.0,0.0,5
Case4_R1336mzz_Stereo,[emim]__[Tf2N]__R1336mzz(Z)__322.5__0.13,42,Refri,CF3,Refri:CF3,8,0.0,0.0,0.0,0.0,6
Case4_R1336mzz_Stereo,[emim]__[Tf2N]__R1336mzz(Z)__322.5__0.13,42,Refri,Alkene_C=C,Refri:Alkene_C=C,2,0.0,0.0,0.0,0.0,7
Case4_R1336mzz_Stereo,[emim]__[Tf2N]__R1336mzz(Z)__322.5__0.13,43,Anion,CF3,Anion:CF3,8,-9.400238226708879e-11,1.0954090932935312e-10,1.369261366616914e-11,0.2756254391439459,1
Case4_R1336mzz_Stereo,[emim]__[Tf2N]__R1336mzz(Z)__322.5__0.13,43,Refri,CF3,Refri:CF3,8,-8.665521251949304e-11,1.0086892345689824e-10,1.260861543211228e-11,0.2538050988803931,2
Case4_R1336mzz_Stereo,[emim]__[Tf2N]__R1336mzz(Z)__322.5__0.13,43,Anion,Sulfonyl_SO2,Anion:Sulfonyl_SO2,6,-6.378797663686431e-11,7.631247717077017e-11,1.2718746195128361e-11,0.19201648188910542,3
Case4_R1336mzz_Stereo,[emim]__[Tf2N]__R1336mzz(Z)__322.5__0.13,43,Cation,Imidazolium_Ring,Cation:Imidazolium_Ring,5,-2.091480211675184e-11,4.085077935644943e-11,8.170155871289886e-12,0.10278821007081652,4
Case4_R1336mzz_Stereo,[emim]__[Tf2N]__R1336mzz(Z)__322.5__0.13,43,Cation,Alkyl_Chain,Cation:Alkyl_Chain,3,-3.002425218168181e-11,3.5369149449515636e-11,1.1789716483171878e-11,0.08899540280298099,5
Case4_R1336mzz_Stereo,[emim]__[Tf2N]__R1336mzz(Z)__322.5__0.13,43,Refri,Alkene_C=C,Refri:Alkene_C=C,2,-1.729140094997028e-11,2.2530430646150457e-11,1.1265215323075228e-11,0.05669078227455781,6
Case4_R1336mzz_Stereo,[emim]__[Tf2N]__R1336mzz(Z)__322.5__0.13,43,Anion,Sulfonimide_N,Anion:Sulfonimide_N,1,-8.26911629447924e-12,1.0954032819698867e-11,1.0954032819698867e-11,0.02756239769061013,7
Case4_R1336mzz_Stereo,[emim]__[Tf2N]__R1336mzz(Z)__322.5__0.13,44,Cation,Imidazolium_Ring,Cation:Imidazolium_Ring,5,-3.312847651625701e-18,6.124165461500421e-18,1.2248330923000842e-18,6.124019955079966e-06,1
Case4_R1336mzz_Stereo,[emim]__[Tf2N]__R1336mzz(Z)__322.5__0.13,44,Anion,CF3,Anion:CF3,8,-1.1298505740289437e-18,4.7858065657364405e-18,5.982258207170551e-19,4.785692857903635e-06,2
Case4_R1336mzz_Stereo,[emim]__[Tf2N]__R1336mzz(Z)__322.5__0.13,44,Refri,CF3,Refri:CF3,8,-1.0920436766714452e-18,4.719067359168978e-18,5.898834198961222e-19,4.718955237018844e-06,3
Case4_R1336mzz_Stereo,[emim]__[Tf2N]__R1336mzz(Z)__322.5__0.13,44,Anion,Sulfonyl_SO2,Anion:Sulfonyl_SO2,6,-1.8633235139010188e-18,4.630068412124983e-18,7.716780686874972e-19,4.6299584045353215e-06,4
Case4_R1336mzz_Stereo,[emim]__[Tf2N]__R1336mzz(Z)__322.5__0.13,44,Cation,Alkyl_Chain,Cation:Alkyl_Chain,3,-9.441548725370509e-20,1.5354595955206924e-18,5.118198651735641e-19,1.5354231139411364e-06,5
Case4_R1336mzz_Stereo,[emim]__[Tf2N]__R1336mzz(Z)__322.5__0.13,44,Refri,Alkene_C=C,Refri:Alkene_C=C,2,-6.115983197676199e-19,1.4234974942867664e-18,7.117487471433832e-19,1.4234636728581616e-06,6
Case4_R1336mzz_Stereo,[emim]__[Tf2N]__R1336mzz(Z)__322.5__0.13,44,Anion,Sulfonimide_N,Anion:Sulfonimide_N,1,-2.8854044999319733e-19,5.418871566568307e-19,5.418871566568307e-19,5.418742817498819e-07,7
Case4_R1336mzz_Stereo,[emim]__[Tf2N]__R1336mzz(Z)__322.5__0.13,45,Anion,Sulfonyl_SO2,Anion:Sulfonyl_SO2,6,0.0029499907977879047,0.03269708901643753,0.005449514836072922,0.23214921478151462,1
Case4_R1336mzz_Stereo,[emim]__[Tf2N]__R1336mzz(Z)__322.5__0.13,45,Refri,CF3,Refri:CF3,8,-0.005409464240074158,0.02855631895363331,0.0035695398692041636,0.20274976218230772,2
Case4_R1336mzz_Stereo,[emim]__[Tf2N]__R1336mzz(Z)__322.5__0.13,45,Anion,CF3,Anion:CF3,8,-0.0006081489846110344,0.026846425607800484,0.0033558032009750605,0.19060952555770572,3
Case4_R1336mzz_Stereo,[emim]__[Tf2N]__R1336mzz(Z)__322.5__0.13,45,Cation,Imidazolium_Ring,Cation:Imidazolium_Ring,5,0.0064632180146873,0.022312696324661374,0.004462539264932275,0.15842006390307378,4
Case4_R1336mzz_Stereo,[emim]__[Tf2N]__R1336mzz(Z)__322.5__0.13,45,Refri,Alkene_C=C,Refri:Alkene_C=C,2,0.02004571445286274,0.02031499519944191,0.010157497599720955,0.14423639307675948,5
Case4_R1336mzz_Stereo,[emim]__[Tf2N]__R1336mzz(Z)__322.5__0.13,45,Cation,Alkyl_Chain,Cation:Alkyl_Chain,3,0.0020322444033809006,0.00597129570087418,0.001990431900291393,0.04239617806616627,6
Case4_R1336mzz_Stereo,[emim]__[Tf2N]__R1336mzz(Z)__322.5__0.13,45,Anion,Sulfonimide_N,Anion:Sulfonimide_N,1,0.004104390740394592,0.00414632074534893,0.00414632074534893,0.029438862425372376,7
Case4_R1336mzz_Stereo,[emim]__[Tf2N]__R1336mzz(Z)__322.5__0.13,46,Cation,Imidazolium_Ring,Cation:Imidazolium_Ring,5,0.0,0.0,0.0,0.0,1
Case4_R1336mzz_Stereo,[emim]__[Tf2N]__R1336mzz(Z)__322.5__0.13,46,Cation,Alkyl_Chain,Cation:Alkyl_Chain,3,0.0,0.0,0.0,0.0,2
Case4_R1336mzz_Stereo,[emim]__[Tf2N]__R1336mzz(Z)__322.5__0.13,46,Anion,CF3,Anion:CF3,8,0.0,0.0,0.0,0.0,3
Case4_R1336mzz_Stereo,[emim]__[Tf2N]__R1336mzz(Z)__322.5__0.13,46,Anion,Sulfonyl_SO2,Anion:Sulfonyl_SO2,6,0.0,0.0,0.0,0.0,4
Case4_R1336mzz_Stereo,[emim]__[Tf2N]__R1336mzz(Z)__322.5__0.13,46,Anion,Sulfonimide_N,Anion:Sulfonimide_N,1,0.0,0.0,0.0,0.0,5
Case4_R1336mzz_Stereo,[emim]__[Tf2N]__R1336mzz(Z)__322.5__0.13,46,Refri,CF3,Refri:CF3,8,0.0,0.0,0.0,0.0,6
Case4_R1336mzz_Stereo,[emim]__[Tf2N]__R1336mzz(Z)__322.5__0.13,46,Refri,Alkene_C=C,Refri:Alkene_C=C,2,0.0,0.0,0.0,0.0,7
Case4_R1336mzz_Stereo,[emim]__[Tf2N]__R1336mzz(Z)__322.5__0.17,42,Cation,Imidazolium_Ring,Cation:Imidazolium_Ring,5,0.0,0.0,0.0,0.0,1
Case4_R1336mzz_Stereo,[emim]__[Tf2N]__R1336mzz(Z)__322.5__0.17,42,Cation,Alkyl_Chain,Cation:Alkyl_Chain,3,0.0,0.0,0.0,0.0,2
Case4_R1336mzz_Stereo,[emim]__[Tf2N]__R1336mzz(Z)__322.5__0.17,42,Anion,CF3,Anion:CF3,8,0.0,0.0,0.0,0.0,3
Case4_R1336mzz_Stereo,[emim]__[Tf2N]__R1336mzz(Z)__322.5__0.17,42,Anion,Sulfonyl_SO2,Anion:Sulfonyl_SO2,6,0.0,0.0,0.0,0.0,4
Case4_R1336mzz_Stereo,[emim]__[Tf2N]__R1336mzz(Z)__322.5__0.17,42,Anion,Sulfonimide_N,Anion:Sulfonimide_N,1,0.0,0.0,0.0,0.0,5
Case4_R1336mzz_Stereo,[emim]__[Tf2N]__R1336mzz(Z)__322.5__0.17,42,Refri,CF3,Refri:CF3,8,0.0,0.0,0.0,0.0,6
Case4_R1336mzz_Stereo,[emim]__[Tf2N]__R1336mzz(Z)__322.5__0.17,42,Refri,Alkene_C=C,Refri:Alkene_C=C,2,0.0,0.0,0.0,0.0,7
Case4_R1336mzz_Stereo,[emim]__[Tf2N]__R1336mzz(Z)__322.5__0.17,43,Anion,CF3,Anion:CF3,8,-3.8404589404461564e-11,3.9584058253439025e-11,4.948007281679878e-12,0.2677385973706939,1
Case4_R1336mzz_Stereo,[emim]__[Tf2N]__R1336mzz(Z)__322.5__0.17,43,Refri,CF3,Refri:CF3,8,-3.615797938838483e-11,3.7757817705763586e-11,4.719727213220448e-12,0.25538627413072823,2
Case4_R1336mzz_Stereo,[emim]__[Tf2N]__R1336mzz(Z)__322.5__0.17,43,Anion,Sulfonyl_SO2,Anion:Sulfonyl_SO2,6,-2.5947255628822052e-11,2.760744931273873e-11,4.601241552123121e-12,0.18673122671380016,3
Case4_R1336mzz_Stereo,[emim]__[Tf2N]__R1336mzz(Z)__322.5__0.17,43,Cation,Imidazolium_Ring,Cation:Imidazolium_Ring,5,-1.0792158508000915e-11,1.5786379365181902e-11,3.1572758730363804e-12,0.10677589047930078,4
Case4_R1336mzz_Stereo,[emim]__[Tf2N]__R1336mzz(Z)__322.5__0.17,43,Cation,Alkyl_Chain,Cation:Alkyl_Chain,3,-1.3004903143959412e-11,1.3532764752549609e-11,4.510921584183203e-12,0.09153289514170553,5
Case4_R1336mzz_Stereo,[emim]__[Tf2N]__R1336mzz(Z)__322.5__0.17,43,Refri,Alkene_C=C,Refri:Alkene_C=C,2,-7.763382818548603e-12,8.642264855140969e-12,4.321132427570484e-12,0.05845453883497302,6
Case4_R1336mzz_Stereo,[emim]__[Tf2N]__R1336mzz(Z)__322.5__0.17,43,Anion,Sulfonimide_N,Anion:Sulfonimide_N,1,-3.1845134168539957e-12,3.9351820413369154e-12,3.9351820413369154e-12,0.026616778739566298,7
Case4_R1336mzz_Stereo,[emim]__[Tf2N]__R1336mzz(Z)__322.5__0.17,44,Cation,Imidazolium_Ring,Cation:Imidazolium_Ring,5,-3.7854673241728005e-18,6.997854820982125e-18,1.3995709641964251e-18,6.997664837135611e-06,1
Case4_R1336mzz_Stereo,[emim]__[Tf2N]__R1336mzz(Z)__322.5__0.17,44,Anion,CF3,Anion:CF3,8,-1.291038322762871e-18,5.4685621671207455e-18,6.835702708900932e-19,5.468413701840743e-06,2
Case4_R1336mzz_Stereo,[emim]__[Tf2N]__R1336mzz(Z)__322.5__0.17,44,Refri,CF3,Refri:CF3,8,-1.2478375486519762e-18,5.392300767534302e-18,6.740375959417877e-19,5.392154372665077e-06,3
Case4_R1336mzz_Stereo,[emim]__[Tf2N]__R1336mzz(Z)__322.5__0.17,44,Anion,Sulfonyl_SO2,Anion:Sulfonyl_SO2,6,-2.129149248231386e-18,5.290605011677925e-18,8.817675019463208e-19,5.290461377733492e-06,4
Case4_R1336mzz_Stereo,[emim]__[Tf2N]__R1336mzz(Z)__322.5__0.17,44,Cation,Alkyl_Chain,Cation:Alkyl_Chain,3,-1.0788500554283449e-19,1.7545122211684897e-18,5.848374070561632e-19,1.7544645881453618e-06,5
Case4_R1336mzz_Stereo,[emim]__[Tf2N]__R1336mzz(Z)__322.5__0.17,44,Refri,Alkene_C=C,Refri:Alkene_C=C,2,-6.988505715506321e-19,1.6265773657037414e-18,8.132886828518707e-19,1.6265332059672943e-06,6
Case4_R1336mzz_Stereo,[emim]__[Tf2N]__R1336mzz(Z)__322.5__0.17,44,Anion,Sulfonimide_N,Anion:Sulfonimide_N,1,-3.2970436939386276e-19,6.191941125375413e-19,6.191941125375413e-19,6.191773021174557e-07,7
Case4_R1336mzz_Stereo,[emim]__[Tf2N]__R1336mzz(Z)__322.5__0.17,45,Anion,Sulfonyl_SO2,Anion:Sulfonyl_SO2,6,0.00345519557595253,0.038569072261452675,0.006428178710242112,0.23020434894878192,1
Case4_R1336mzz_Stereo,[emim]__[Tf2N]__R1336mzz(Z)__322.5__0.17,45,Refri,CF3,Refri:CF3,8,-0.006226266268640757,0.03405793313868344,0.00425724164233543,0.2032790488602867,2
Case4_R1336mzz_Stereo,[emim]__[Tf2N]__R1336mzz(Z)__322.5__0.17,45,Anion,CF3,Anion:CF3,8,-0.0004723537713289261,0.0320344427600503,0.004004305345006287,0.19120159254866778,3
Case4_R1336mzz_Stereo,[emim]__[Tf2N]__R1336mzz(Z)__322.5__0.17,45,Cation,Imidazolium_Ring,Cation:Imidazolium_Ring,5,0.00770871527493,0.026335112750530243,0.005267022550106049,0.1571844260119168,4
Case4_R1336mzz_Stereo,[emim]__[Tf2N]__R1336mzz(Z)__322.5__0.17,45,Refri,Alkene_C=C,Refri:Alkene_C=C,2,0.024255670607089996,0.02454514428973198,0.01227257214486599,0.14650077457836277,5
Case4_R1336mzz_Stereo,[emim]__[Tf2N]__R1336mzz(Z)__322.5__0.17,45,Cation,Alkyl_Chain,Cation:Alkyl_Chain,3,0.002413467736914754,0.007082980824634433,0.0023609936082114777,0.04227566010140435,6
Case4_R1336mzz_Stereo,[emim]__[Tf2N]__R1336mzz(Z)__322.5__0.17,45,Anion,Sulfonimide_N,Anion:Sulfonimide_N,1,0.004863923881202936,0.004918075166642666,0.004918075166642666,0.029354148944611018,7
Case4_R1336mzz_Stereo,[emim]__[Tf2N]__R1336mzz(Z)__322.5__0.17,46,Cation,Imidazolium_Ring,Cation:Imidazolium_Ring,5,0.0,0.0,0.0,0.0,1
Case4_R1336mzz_Stereo,[emim]__[Tf2N]__R1336mzz(Z)__322.5__0.17,46,Cation,Alkyl_Chain,Cation:Alkyl_Chain,3,0.0,0.0,0.0,0.0,2
Case4_R1336mzz_Stereo,[emim]__[Tf2N]__R1336mzz(Z)__322.5__0.17,46,Anion,CF3,Anion:CF3,8,0.0,0.0,0.0,0.0,3
Case4_R1336mzz_Stereo,[emim]__[Tf2N]__R1336mzz(Z)__322.5__0.17,46,Anion,Sulfonyl_SO2,Anion:Sulfonyl_SO2,6,0.0,0.0,0.0,0.0,4
Case4_R1336mzz_Stereo,[emim]__[Tf2N]__R1336mzz(Z)__322.5__0.17,46,Anion,Sulfonimide_N,Anion:Sulfonimide_N,1,0.0,0.0,0.0,0.0,5
Case4_R1336mzz_Stereo,[emim]__[Tf2N]__R1336mzz(Z)__322.5__0.17,46,Refri,CF3,Refri:CF3,8,0.0,0.0,0.0,0.0,6
Case4_R1336mzz_Stereo,[emim]__[Tf2N]__R1336mzz(Z)__322.5__0.17,46,Refri,Alkene_C=C,Refri:Alkene_C=C,2,0.0,0.0,0.0,0.0,7
Case4_R1336mzz_Stereo,[emim]__[Tf2N]__R1336mzz(Z)__332.9__0.18,42,Cation,Imidazolium_Ring,Cation:Imidazolium_Ring,5,0.0,0.0,0.0,0.0,1
Case4_R1336mzz_Stereo,[emim]__[Tf2N]__R1336mzz(Z)__332.9__0.18,42,Cation,Alkyl_Chain,Cation:Alkyl_Chain,3,0.0,0.0,0.0,0.0,2
Case4_R1336mzz_Stereo,[emim]__[Tf2N]__R1336mzz(Z)__332.9__0.18,42,Anion,CF3,Anion:CF3,8,0.0,0.0,0.0,0.0,3
Case4_R1336mzz_Stereo,[emim]__[Tf2N]__R1336mzz(Z)__332.9__0.18,42,Anion,Sulfonyl_SO2,Anion:Sulfonyl_SO2,6,0.0,0.0,0.0,0.0,4
Case4_R1336mzz_Stereo,[emim]__[Tf2N]__R1336mzz(Z)__332.9__0.18,42,Anion,Sulfonimide_N,Anion:Sulfonimide_N,1,0.0,0.0,0.0,0.0,5
Case4_R1336mzz_Stereo,[emim]__[Tf2N]__R1336mzz(Z)__332.9__0.18,42,Refri,CF3,Refri:CF3,8,0.0,0.0,0.0,0.0,6
Case4_R1336mzz_Stereo,[emim]__[Tf2N]__R1336mzz(Z)__332.9__0.18,42,Refri,Alkene_C=C,Refri:Alkene_C=C,2,0.0,0.0,0.0,0.0,7
Case4_R1336mzz_Stereo,[emim]__[Tf2N]__R1336mzz(Z)__332.9__0.18,43,Anion,CF3,Anion:CF3,8,-1.1683988151989233e-10,1.367774834365454e-10,1.7097185429568174e-11,0.2759353826242356,1
Case4_R1336mzz_Stereo,[emim]__[Tf2N]__R1336mzz(Z)__332.9__0.18,43,Refri,CF3,Refri:CF3,8,-1.0764431533638597e-10,1.2583502642660171e-10,1.5729378303325214e-11,0.2538600308483065,2
Case4_R1336mzz_Stereo,[emim]__[Tf2N]__R1336mzz(Z)__332.9__0.18,43,Anion,Sulfonyl_SO2,Anion:Sulfonyl_SO2,6,-7.929451539823162e-11,9.528151184712286e-11,1.5880251974520476e-11,0.1922212616285546,3
Case4_R1336mzz_Stereo,[emim]__[Tf2N]__R1336mzz(Z)__332.9__0.18,43,Cation,Imidazolium_Ring,Cation:Imidazolium_Ring,5,-2.5807208583680796e-11,5.092299108430676e-11,1.0184598216861352e-11,0.10273222372699639,4
Case4_R1336mzz_Stereo,[emim]__[Tf2N]__R1336mzz(Z)__332.9__0.18,43,Cation,Alkyl_Chain,Cation:Alkyl_Chain,3,-3.725649129482367e-11,4.409943677591288e-11,1.4699812258637628e-11,0.08896636094288234,5
Case4_R1336mzz_Stereo,[emim]__[Tf2N]__R1336mzz(Z)__332.9__0.18,43,Refri,Alkene_C=C,Refri:Alkene_C=C,2,-2.1433566727013798e-11,2.809426996597253e-11,1.4047134982986265e-11,0.056677480370558565,6
Case4_R1336mzz_Stereo,[emim]__[Tf2N]__R1336mzz(Z)__332.9__0.18,43,Anion,Sulfonimide_N,Anion:Sulfonimide_N,1,-1.0294343502637027e-11,1.3675923241085464e-11,1.3675923241085464e-11,0.027589856293995185,7
Case4_R1336mzz_Stereo,[emim]__[Tf2N]__R1336mzz(Z)__332.9__0.18,44,Cation,Imidazolium_Ring,Cation:Imidazolium_Ring,5,-2.3032099435493816e-18,4.257738391790497e-18,8.515476783580994e-19,4.257668060362073e-06,1
Case4_R1336mzz_Stereo,[emim]__[Tf2N]__R1336mzz(Z)__332.9__0.18,44,Anion,CF3,Anion:CF3,8,-7.855126558159819e-19,3.3272639621364282e-18,4.1590799526705353e-19,3.3272090007448004e-06,2
Case4_R1336mzz_Stereo,[emim]__[Tf2N]__R1336mzz(Z)__332.9__0.18,44,Refri,CF3,Refri:CF3,8,-7.592275895224772e-19,3.2808640670064846e-18,4.1010800837581057e-19,3.2808098720712717e-06,3
Case4_R1336mzz_Stereo,[emim]__[Tf2N]__R1336mzz(Z)__332.9__0.18,44,Anion,Sulfonyl_SO2,Anion:Sulfonyl_SO2,6,-1.2954491729064305e-18,3.2189888633865926e-18,5.364981438977655e-19,3.2189356905365936e-06,4
Case4_R1336mzz_Stereo,[emim]__[Tf2N]__R1336mzz(Z)__332.9__0.18,44,Cation,Alkyl_Chain,Cation:Alkyl_Chain,3,-6.564100798202501e-20,1.0675064365499166e-18,3.558354788499722e-19,1.0674888029506613e-06,5
Case4_R1336mzz_Stereo,[emim]__[Tf2N]__R1336mzz(Z)__332.9__0.18,44,Refri,Alkene_C=C,Refri:Alkene_C=C,2,-4.2520504652540354e-19,9.896663886138097e-19,4.9483319430690485e-19,9.896500408149622e-07,6
Case4_R1336mzz_Stereo,[emim]__[Tf2N]__R1336mzz(Z)__332.9__0.18,44,Anion,Sulfonimide_N,Anion:Sulfonimide_N,1,-2.0060364162981215e-19,3.767393065896999e-19,3.767393065896999e-19,3.7673308342351687e-07,7
Case4_R1336mzz_Stereo,[emim]__[Tf2N]__R1336mzz(Z)__332.9__0.18,45,Anion,Sulfonyl_SO2,Anion:Sulfonyl_SO2,6,0.0028747422620654106,0.03251799941062927,0.005419666568438212,0.234248649340556,1
Case4_R1336mzz_Stereo,[emim]__[Tf2N]__R1336mzz(Z)__332.9__0.18,45,Refri,CF3,Refri:CF3,8,-0.005573098314926028,0.028091692365705967,0.003511461545713246,0.20236303320080815,2
Case4_R1336mzz_Stereo,[emim]__[Tf2N]__R1336mzz(Z)__332.9__0.18,45,Anion,CF3,Anion:CF3,8,-0.0009732572361826897,0.026316436007618904,0.003289554500952363,0.18957468792581567,3
Case4_R1336mzz_Stereo,[emim]__[Tf2N]__R1336mzz(Z)__332.9__0.18,45,Cation,Imidazolium_Ring,Cation:Imidazolium_Ring,5,0.006300794659182429,0.022230450762435794,0.004446090152487159,0.16014063471660372,4
Case4_R1336mzz_Stereo,[emim]__[Tf2N]__R1336mzz(Z)__332.9__0.18,45,Refri,Alkene_C=C,Refri:Alkene_C=C,2,0.019354157149791718,0.01964927650988102,0.00982463825494051,0.14154673000744947,5
Case4_R1336mzz_Stereo,[emim]__[Tf2N]__R1336mzz(Z)__332.9__0.18,45,Cation,Alkyl_Chain,Cation:Alkyl_Chain,3,0.002005418122280389,0.0059048510156571865,0.001968283671885729,0.04253654591440744,6
Case4_R1336mzz_Stereo,[emim]__[Tf2N]__R1336mzz(Z)__332.9__0.18,45,Anion,Sulfonimide_N,Anion:Sulfonimide_N,1,0.00407043844461441,0.0041075944900512695,0.0041075944900512695,0.02958971888715585,7
Case4_R1336mzz_Stereo,[emim]__[Tf2N]__R1336mzz(Z)__332.9__0.18,46,Cation,Imidazolium_Ring,Cation:Imidazolium_Ring,5,0.0,0.0,0.0,0.0,1
Case4_R1336mzz_Stereo,[emim]__[Tf2N]__R1336mzz(Z)__332.9__0.18,46,Cation,Alkyl_Chain,Cation:Alkyl_Chain,3,0.0,0.0,0.0,0.0,2
Case4_R1336mzz_Stereo,[emim]__[Tf2N]__R1336mzz(Z)__332.9__0.18,46,Anion,CF3,Anion:CF3,8,0.0,0.0,0.0,0.0,3
Case4_R1336mzz_Stereo,[emim]__[Tf2N]__R1336mzz(Z)__332.9__0.18,46,Anion,Sulfonyl_SO2,Anion:Sulfonyl_SO2,6,0.0,0.0,0.0,0.0,4
Case4_R1336mzz_Stereo,[emim]__[Tf2N]__R1336mzz(Z)__332.9__0.18,46,Anion,Sulfonimide_N,Anion:Sulfonimide_N,1,0.0,0.0,0.0,0.0,5
Case4_R1336mzz_Stereo,[emim]__[Tf2N]__R1336mzz(Z)__332.9__0.18,46,Refri,CF3,Refri:CF3,8,0.0,0.0,0.0,0.0,6
Case4_R1336mzz_Stereo,[emim]__[Tf2N]__R1336mzz(Z)__332.9__0.18,46,Refri,Alkene_C=C,Refri:Alkene_C=C,2,0.0,0.0,0.0,0.0,7
Case4_R1336mzz_Stereo,[emim]__[Tf2N]__R1336mzz(Z)__332.9__0.24,42,Cation,Imidazolium_Ring,Cation:Imidazolium_Ring,5,0.0,0.0,0.0,0.0,1
Case4_R1336mzz_Stereo,[emim]__[Tf2N]__R1336mzz(Z)__332.9__0.24,42,Cation,Alkyl_Chain,Cation:Alkyl_Chain,3,0.0,0.0,0.0,0.0,2
Case4_R1336mzz_Stereo,[emim]__[Tf2N]__R1336mzz(Z)__332.9__0.24,42,Anion,CF3,Anion:CF3,8,0.0,0.0,0.0,0.0,3
Case4_R1336mzz_Stereo,[emim]__[Tf2N]__R1336mzz(Z)__332.9__0.24,42,Anion,Sulfonyl_SO2,Anion:Sulfonyl_SO2,6,0.0,0.0,0.0,0.0,4
Case4_R1336mzz_Stereo,[emim]__[Tf2N]__R1336mzz(Z)__332.9__0.24,42,Anion,Sulfonimide_N,Anion:Sulfonimide_N,1,0.0,0.0,0.0,0.0,5
Case4_R1336mzz_Stereo,[emim]__[Tf2N]__R1336mzz(Z)__332.9__0.24,42,Refri,CF3,Refri:CF3,8,0.0,0.0,0.0,0.0,6
Case4_R1336mzz_Stereo,[emim]__[Tf2N]__R1336mzz(Z)__332.9__0.24,42,Refri,Alkene_C=C,Refri:Alkene_C=C,2,0.0,0.0,0.0,0.0,7
Case4_R1336mzz_Stereo,[emim]__[Tf2N]__R1336mzz(Z)__332.9__0.24,43,Anion,CF3,Anion:CF3,8,1.6157702953378816e-10,2.1618130202627484e-10,2.7022662753284354e-11,0.28047415285019583,1
Case4_R1336mzz_Stereo,[emim]__[Tf2N]__R1336mzz(Z)__332.9__0.24,43,Refri,CF3,Refri:CF3,8,1.4614409682423002e-10,1.9407111681579714e-10,2.4258889601974643e-11,0.251788344188002,2
Case4_R1336mzz_Stereo,[emim]__[Tf2N]__R1336mzz(Z)__332.9__0.24,43,Anion,Sulfonyl_SO2,Anion:Sulfonyl_SO2,6,1.1006330569163225e-10,1.5033525119223512e-10,2.5055875198705852e-11,0.19504532457917548,3
Case4_R1336mzz_Stereo,[emim]__[Tf2N]__R1336mzz(Z)__332.9__0.24,43,Cation,Imidazolium_Ring,Cation:Imidazolium_Ring,5,2.7603154787933515e-11,7.741120418292002e-11,1.5482240836584003e-11,0.1004334866651842,4
Case4_R1336mzz_Stereo,[emim]__[Tf2N]__R1336mzz(Z)__332.9__0.24,43,Cation,Alkyl_Chain,Cation:Alkyl_Chain,3,4.886480456378628e-11,6.71382567596357e-11,2.2379418919878564e-11,0.08710533941649162,5
Case4_R1336mzz_Stereo,[emim]__[Tf2N]__R1336mzz(Z)__332.9__0.24,43,Refri,Alkene_C=C,Refri:Alkene_C=C,2,2.7125595172816652e-11,4.305195783205207e-11,2.1525978916026034e-11,0.05585571595835591,6
Case4_R1336mzz_Stereo,[emim]__[Tf2N]__R1336mzz(Z)__332.9__0.24,43,Anion,Sulfonimide_N,Anion:Sulfonimide_N,1,1.4933288980389925e-11,2.1581764153566496e-11,2.1581764153566496e-11,0.028000233883541812,7
Case4_R1336mzz_Stereo,[emim]__[Tf2N]__R1336mzz(Z)__332.9__0.24,44,Cation,Imidazolium_Ring,Cation:Imidazolium_Ring,5,-4.77747659847409e-18,8.831693249304144e-18,1.7663386498608288e-18,8.831390647362983e-06,1
Case4_R1336mzz_Stereo,[emim]__[Tf2N]__R1336mzz(Z)__332.9__0.24,44,Anion,CF3,Anion:CF3,8,-1.6293644990789506e-18,6.901638929888759e-18,8.627048662360949e-19,6.901402457756131e-06,2
Case4_R1336mzz_Stereo,[emim]__[Tf2N]__R1336mzz(Z)__332.9__0.24,44,Refri,CF3,Refri:CF3,8,-1.5748421814722248e-18,6.805392950100611e-18,8.506741187625763e-19,6.80515977566181e-06,3
Case4_R1336mzz_Stereo,[emim]__[Tf2N]__R1336mzz(Z)__332.9__0.24,44,Anion,Sulfonyl_SO2,Anion:Sulfonyl_SO2,6,-2.6871091445755815e-18,6.677047192666577e-18,1.1128411987777627e-18,6.676818415762229e-06,4
Case4_R1336mzz_Stereo,[emim]__[Tf2N]__R1336mzz(Z)__332.9__0.24,44,Cation,Alkyl_Chain,Cation:Alkyl_Chain,3,-1.3615692735594886e-19,2.2142947743918023e-18,7.380982581306007e-19,2.2142189055999274e-06,5
Case4_R1336mzz_Stereo,[emim]__[Tf2N]__R1336mzz(Z)__332.9__0.24,44,Refri,Alkene_C=C,Refri:Alkene_C=C,2,-8.819893931456382e-19,2.0528335649172438e-18,1.0264167824586219e-18,2.0527632283006866e-06,6
Case4_R1336mzz_Stereo,[emim]__[Tf2N]__R1336mzz(Z)__332.9__0.24,44,Anion,Sulfonimide_N,Anion:Sulfonimide_N,1,-4.1610586591686416e-19,7.814585143868888e-19,7.814585143868888e-19,7.81431739129108e-07,7
Case4_R1336mzz_Stereo,[emim]__[Tf2N]__R1336mzz(Z)__332.9__0.24,45,Anion,Sulfonyl_SO2,Anion:Sulfonyl_SO2,6,0.003565579652786255,0.04077655076980591,0.006796091794967651,0.23122000439204707,1
Case4_R1336mzz_Stereo,[emim]__[Tf2N]__R1336mzz(Z)__332.9__0.24,45,Refri,CF3,Refri:CF3,8,-0.00671351607888937,0.03583653783425689,0.004479567229282111,0.20320807618599077,2
Case4_R1336mzz_Stereo,[emim]__[Tf2N]__R1336mzz(Z)__332.9__0.24,45,Anion,CF3,Anion:CF3,8,-0.0008044838905334473,0.033621467649936676,0.0042026834562420845,0.19064770685415258,3
Case4_R1336mzz_Stereo,[emim]__[Tf2N]__R1336mzz(Z)__332.9__0.24,45,Cation,Imidazolium_Ring,Cation:Imidazolium_Ring,5,0.00803040899336338,0.027851801831275225,0.005570360366255045,0.15793130169613254,4
Case4_R1336mzz_Stereo,[emim]__[Tf2N]__R1336mzz(Z)__332.9__0.24,45,Refri,Alkene_C=C,Refri:Alkene_C=C,2,0.0252944715321064,0.025615965947508812,0.012807982973754406,0.14525318221067643,5
Case4_R1336mzz_Stereo,[emim]__[Tf2N]__R1336mzz(Z)__332.9__0.24,45,Cation,Alkyl_Chain,Cation:Alkyl_Chain,3,0.0025345345493406057,0.0074586421251297,0.0024862140417099,0.042293603366967795,6
Case4_R1336mzz_Stereo,[emim]__[Tf2N]__R1336mzz(Z)__332.9__0.24,45,Anion,Sulfonimide_N,Anion:Sulfonimide_N,1,0.005138501990586519,0.005192939192056656,0.005192939192056656,0.02944612528836236,7
Case4_R1336mzz_Stereo,[emim]__[Tf2N]__R1336mzz(Z)__332.9__0.24,46,Cation,Imidazolium_Ring,Cation:Imidazolium_Ring,5,0.0,0.0,0.0,0.0,1
Case4_R1336mzz_Stereo,[emim]__[Tf2N]__R1336mzz(Z)__332.9__0.24,46,Cation,Alkyl_Chain,Cation:Alkyl_Chain,3,0.0,0.0,0.0,0.0,2
Case4_R1336mzz_Stereo,[emim]__[Tf2N]__R1336mzz(Z)__332.9__0.24,46,Anion,CF3,Anion:CF3,8,0.0,0.0,0.0,0.0,3
Case4_R1336mzz_Stereo,[emim]__[Tf2N]__R1336mzz(Z)__332.9__0.24,46,Anion,Sulfonyl_SO2,Anion:Sulfonyl_SO2,6,0.0,0.0,0.0,0.0,4
Case4_R1336mzz_Stereo,[emim]__[Tf2N]__R1336mzz(Z)__332.9__0.24,46,Anion,Sulfonimide_N,Anion:Sulfonimide_N,1,0.0,0.0,0.0,0.0,5
Case4_R1336mzz_Stereo,[emim]__[Tf2N]__R1336mzz(Z)__332.9__0.24,46,Refri,CF3,Refri:CF3,8,0.0,0.0,0.0,0.0,6
Case4_R1336mzz_Stereo,[emim]__[Tf2N]__R1336mzz(Z)__332.9__0.24,46,Refri,Alkene_C=C,Refri:Alkene_C=C,2,0.0,0.0,0.0,0.0,7
Case4_R1336mzz_Stereo,[emim]__[Tf2N]__R1336mzz(Z)__342.9__0.24,42,Cation,Imidazolium_Ring,Cation:Imidazolium_Ring,5,0.0,0.0,0.0,0.0,1
Case4_R1336mzz_Stereo,[emim]__[Tf2N]__R1336mzz(Z)__342.9__0.24,42,Cation,Alkyl_Chain,Cation:Alkyl_Chain,3,0.0,0.0,0.0,0.0,2
Case4_R1336mzz_Stereo,[emim]__[Tf2N]__R1336mzz(Z)__342.9__0.24,42,Anion,CF3,Anion:CF3,8,0.0,0.0,0.0,0.0,3
Case4_R1336mzz_Stereo,[emim]__[Tf2N]__R1336mzz(Z)__342.9__0.24,42,Anion,Sulfonyl_SO2,Anion:Sulfonyl_SO2,6,0.0,0.0,0.0,0.0,4
Case4_R1336mzz_Stereo,[emim]__[Tf2N]__R1336mzz(Z)__342.9__0.24,42,Anion,Sulfonimide_N,Anion:Sulfonimide_N,1,0.0,0.0,0.0,0.0,5
Case4_R1336mzz_Stereo,[emim]__[Tf2N]__R1336mzz(Z)__342.9__0.24,42,Refri,CF3,Refri:CF3,8,0.0,0.0,0.0,0.0,6
Case4_R1336mzz_Stereo,[emim]__[Tf2N]__R1336mzz(Z)__342.9__0.24,42,Refri,Alkene_C=C,Refri:Alkene_C=C,2,0.0,0.0,0.0,0.0,7
Case4_R1336mzz_Stereo,[emim]__[Tf2N]__R1336mzz(Z)__342.9__0.24,43,Anion,CF3,Anion:CF3,8,1.8723712510992918e-10,2.4775560769629834e-10,3.096945096203729e-11,0.2801919107837317,1
Case4_R1336mzz_Stereo,[emim]__[Tf2N]__R1336mzz(Z)__342.9__0.24,43,Refri,CF3,Refri:CF3,8,1.6962935223130415e-10,2.2284070075317963e-10,2.7855087594147454e-11,0.2520151302526987,2
Case4_R1336mzz_Stereo,[emim]__[Tf2N]__R1336mzz(Z)__342.9__0.24,43,Anion,Sulfonyl_SO2,Anion:Sulfonyl_SO2,6,1.275010860779524e-10,1.7231557153385424e-10,2.871926192230904e-11,0.19487522278424207,3
Case4_R1336mzz_Stereo,[emim]__[Tf2N]__R1336mzz(Z)__342.9__0.24,43,Cation,Imidazolium_Ring,Cation:Imidazolium_Ring,5,3.2808444763027245e-11,8.896986619655323e-11,1.7793973239310644e-11,0.10061785096845516,4
Case4_R1336mzz_Stereo,[emim]__[Tf2N]__R1336mzz(Z)__342.9__0.24,43,Cation,Alkyl_Chain,Cation:Alkyl_Chain,3,5.689503729255918e-11,7.716718930517175e-11,2.572239643505725e-11,0.08726996100015644,5
Case4_R1336mzz_Stereo,[emim]__[Tf2N]__R1336mzz(Z)__342.9__0.24,43,Refri,Alkene_C=C,Refri:Alkene_C=C,2,3.168896048344472e-11,4.9451609474004954e-11,2.4725804737002477e-11,0.055925841916107534,6
Case4_R1336mzz_Stereo,[emim]__[Tf2N]__R1336mzz(Z)__342.9__0.24,43,Anion,Sulfonimide_N,Anion:Sulfonimide_N,1,1.723399027653283e-11,2.4734859993547076e-11,2.4734859993547076e-11,0.02797316173386288,7
Case4_R1336mzz_Stereo,[emim]__[Tf2N]__R1336mzz(Z)__342.9__0.24,44,Cation,Imidazolium_Ring,Cation:Imidazolium_Ring,5,-2.9490776064626434e-18,5.4516961612259424e-18,1.0903392322451885e-18,5.451580855004344e-06,1
Case4_R1336mzz_Stereo,[emim]__[Tf2N]__R1336mzz(Z)__342.9__0.24,44,Anion,CF3,Anion:CF3,8,-1.005786639487608e-18,4.2602971716178535e-18,5.325371464522317e-19,4.260207064107233e-06,2
Case4_R1336mzz_Stereo,[emim]__[Tf2N]__R1336mzz(Z)__342.9__0.24,44,Refri,CF3,Refri:CF3,8,-9.721306507661742e-19,4.200885751301845e-18,5.251107189127306e-19,4.200796900373799e-06,3
Case4_R1336mzz_Stereo,[emim]__[Tf2N]__R1336mzz(Z)__342.9__0.24,44,Anion,Sulfonyl_SO2,Anion:Sulfonyl_SO2,6,-1.65871940710905e-18,4.121659633002435e-18,6.869432721670725e-19,4.121572457748176e-06,4
Case4_R1336mzz_Stereo,[emim]__[Tf2N]__R1336mzz(Z)__342.9__0.24,44,Cation,Alkyl_Chain,Cation:Alkyl_Chain,3,-8.404807074506e-20,1.366857051474628e-18,4.556190171582093e-19,1.3668281417339876e-06,5
Case4_R1336mzz_Stereo,[emim]__[Tf2N]__R1336mzz(Z)__342.9__0.24,44,Refri,Alkene_C=C,Refri:Alkene_C=C,2,-5.44441231894453e-19,1.267189206438107e-18,6.335946032190535e-19,1.2671624047244524e-06,6
Case4_R1336mzz_Stereo,[emim]__[Tf2N]__R1336mzz(Z)__342.9__0.24,44,Anion,Sulfonimide_N,Anion:Sulfonimide_N,1,-2.56857002689367e-19,4.823847464734412e-19,4.823847464734412e-19,4.823745437840712e-07,7
Case4_R1336mzz_Stereo,[emim]__[Tf2N]__R1336mzz(Z)__342.9__0.24,45,Anion,Sulfonyl_SO2,Anion:Sulfonyl_SO2,6,0.0029220161959528923,0.03274266328662634,0.005457110547771056,0.23352636072993388,1
Case4_R1336mzz_Stereo,[emim]__[Tf2N]__R1336mzz(Z)__342.9__0.24,45,Refri,CF3,Refri:CF3,8,-0.005575132556259632,0.028410357423126698,0.003551294677890837,0.20262760295279073,2
Case4_R1336mzz_Stereo,[emim]__[Tf2N]__R1336mzz(Z)__342.9__0.24,45,Anion,CF3,Anion:CF3,8,-0.0008964785374701023,0.02655267622321844,0.003319084527902305,0.18937829802565662,3
Case4_R1336mzz_Stereo,[emim]__[Tf2N]__R1336mzz(Z)__342.9__0.24,45,Cation,Imidazolium_Ring,Cation:Imidazolium_Ring,5,0.006392315262928605,0.022423346061259508,0.004484669212251902,0.15992719820115067,4
Case4_R1336mzz_Stereo,[emim]__[Tf2N]__R1336mzz(Z)__342.9__0.24,45,Refri,Alkene_C=C,Refri:Alkene_C=C,2,0.01969752460718155,0.01998482085764408,0.00999241042882204,0.14253521296880928,5
Case4_R1336mzz_Stereo,[emim]__[Tf2N]__R1336mzz(Z)__342.9__0.24,45,Cation,Alkyl_Chain,Cation:Alkyl_Chain,3,0.002023625129368156,0.00595702335704118,0.00198567445234706,0.04248652509343187,6
Case4_R1336mzz_Stereo,[emim]__[Tf2N]__R1336mzz(Z)__342.9__0.24,45,Anion,Sulfonimide_N,Anion:Sulfonimide_N,1,0.004099964164197445,0.004138822667300701,0.004138822667300701,0.029518802021094755,7
Case4_R1336mzz_Stereo,[emim]__[Tf2N]__R1336mzz(Z)__342.9__0.24,46,Cation,Imidazolium_Ring,Cation:Imidazolium_Ring,5,0.0,0.0,0.0,0.0,1
Case4_R1336mzz_Stereo,[emim]__[Tf2N]__R1336mzz(Z)__342.9__0.24,46,Cation,Alkyl_Chain,Cation:Alkyl_Chain,3,0.0,0.0,0.0,0.0,2
Case4_R1336mzz_Stereo,[emim]__[Tf2N]__R1336mzz(Z)__342.9__0.24,46,Anion,CF3,Anion:CF3,8,0.0,0.0,0.0,0.0,3
Case4_R1336mzz_Stereo,[emim]__[Tf2N]__R1336mzz(Z)__342.9__0.24,46,Anion,Sulfonyl_SO2,Anion:Sulfonyl_SO2,6,0.0,0.0,0.0,0.0,4
Case4_R1336mzz_Stereo,[emim]__[Tf2N]__R1336mzz(Z)__342.9__0.24,46,Anion,Sulfonimide_N,Anion:Sulfonimide_N,1,0.0,0.0,0.0,0.0,5
Case4_R1336mzz_Stereo,[emim]__[Tf2N]__R1336mzz(Z)__342.9__0.24,46,Refri,CF3,Refri:CF3,8,0.0,0.0,0.0,0.0,6
Case4_R1336mzz_Stereo,[emim]__[Tf2N]__R1336mzz(Z)__342.9__0.24,46,Refri,Alkene_C=C,Refri:Alkene_C=C,2,0.0,0.0,0.0,0.0,7
Case4_R1336mzz_Stereo,[emim]__[Tf2N]__R1336mzz(Z)__342.9__0.31,42,Cation,Imidazolium_Ring,Cation:Imidazolium_Ring,5,0.0,0.0,0.0,0.0,1
Case4_R1336mzz_Stereo,[emim]__[Tf2N]__R1336mzz(Z)__342.9__0.31,42,Cation,Alkyl_Chain,Cation:Alkyl_Chain,3,0.0,0.0,0.0,0.0,2
Case4_R1336mzz_Stereo,[emim]__[Tf2N]__R1336mzz(Z)__342.9__0.31,42,Anion,CF3,Anion:CF3,8,0.0,0.0,0.0,0.0,3
Case4_R1336mzz_Stereo,[emim]__[Tf2N]__R1336mzz(Z)__342.9__0.31,42,Anion,Sulfonyl_SO2,Anion:Sulfonyl_SO2,6,0.0,0.0,0.0,0.0,4
Case4_R1336mzz_Stereo,[emim]__[Tf2N]__R1336mzz(Z)__342.9__0.31,42,Anion,Sulfonimide_N,Anion:Sulfonimide_N,1,0.0,0.0,0.0,0.0,5
Case4_R1336mzz_Stereo,[emim]__[Tf2N]__R1336mzz(Z)__342.9__0.31,42,Refri,CF3,Refri:CF3,8,0.0,0.0,0.0,0.0,6
Case4_R1336mzz_Stereo,[emim]__[Tf2N]__R1336mzz(Z)__342.9__0.31,42,Refri,Alkene_C=C,Refri:Alkene_C=C,2,0.0,0.0,0.0,0.0,7
Case4_R1336mzz_Stereo,[emim]__[Tf2N]__R1336mzz(Z)__342.9__0.31,43,Anion,CF3,Anion:CF3,8,1.5038643507575555e-11,2.6827237913779056e-11,3.353404739222382e-12,0.2830824571980973,1
Case4_R1336mzz_Stereo,[emim]__[Tf2N]__R1336mzz(Z)__342.9__0.31,43,Refri,CF3,Refri:CF3,8,1.3029047025298057e-11,2.3194974586859818e-11,2.8993718233574772e-12,0.2447546192343272,2
Case4_R1336mzz_Stereo,[emim]__[Tf2N]__R1336mzz(Z)__342.9__0.31,43,Anion,Sulfonyl_SO2,Anion:Sulfonyl_SO2,6,1.0330028065580477e-11,1.859751285263056e-11,3.0995854754384267e-12,0.19624195576958098,3
Case4_R1336mzz_Stereo,[emim]__[Tf2N]__R1336mzz(Z)__342.9__0.31,43,Cation,Imidazolium_Ring,Cation:Imidazolium_Ring,5,8.630501641040261e-13,9.283615000875434e-12,1.8567230001750867e-12,0.09796120474926422,4
Case4_R1336mzz_Stereo,[emim]__[Tf2N]__R1336mzz(Z)__342.9__0.31,43,Cation,Alkyl_Chain,Cation:Alkyl_Chain,3,3.987418468326398e-12,7.980698567278122e-12,2.6602328557593738e-12,0.08421276047289435,5
Case4_R1336mzz_Stereo,[emim]__[Tf2N]__R1336mzz(Z)__342.9__0.31,43,Refri,Alkene_C=C,Refri:Alkene_C=C,2,1.9940633345927328e-12,5.217984030969625e-12,2.6089920154848123e-12,0.055060448110784935,6
Case4_R1336mzz_Stereo,[emim]__[Tf2N]__R1336mzz(Z)__342.9__0.31,43,Anion,Sulfonimide_N,Anion:Sulfonimide_N,1,1.537042628591001e-12,2.6662582731928897e-12,2.6662582731928897e-12,0.028134500686428556,7
Case4_R1336mzz_Stereo,[emim]__[Tf2N]__R1336mzz(Z)__342.9__0.31,44,Cation,Imidazolium_Ring,Cation:Imidazolium_Ring,5,-2.9906414676894782e-18,5.528531313964768e-18,1.1057062627929537e-18,5.528412734667317e-06,1
Case4_R1336mzz_Stereo,[emim]__[Tf2N]__R1336mzz(Z)__342.9__0.31,44,Anion,CF3,Anion:CF3,8,-1.0199617234521995e-18,4.320340868114582e-18,5.400426085143228e-19,4.3202482028196245e-06,2
Case4_R1336mzz_Stereo,[emim]__[Tf2N]__R1336mzz(Z)__342.9__0.31,44,Refri,CF3,Refri:CF3,8,-9.858317343903787e-19,4.26009234101867e-18,5.325115426273338e-19,4.260000967970715e-06,3
Case4_R1336mzz_Stereo,[emim]__[Tf2N]__R1336mzz(Z)__342.9__0.31,44,Anion,Sulfonyl_SO2,Anion:Sulfonyl_SO2,6,-1.6820969529364764e-18,4.1797497356874664e-18,6.966249559479111e-19,4.179660085876507e-06,4
Case4_R1336mzz_Stereo,[emim]__[Tf2N]__R1336mzz(Z)__342.9__0.31,44,Cation,Alkyl_Chain,Cation:Alkyl_Chain,3,-8.523259338223594e-20,1.3861212607603754e-18,4.620404202534585e-19,1.386091530389695e-06,5
Case4_R1336mzz_Stereo,[emim]__[Tf2N]__R1336mzz(Z)__342.9__0.31,44,Refri,Alkene_C=C,Refri:Alkene_C=C,2,-5.521144177504363e-19,1.2850484494534331e-18,6.425242247267166e-19,1.2850208869537976e-06,6
Case4_R1336mzz_Stereo,[emim]__[Tf2N]__R1336mzz(Z)__342.9__0.31,44,Anion,Sulfonimide_N,Anion:Sulfonimide_N,1,-2.6047713279081117e-19,4.891834473255911e-19,4.891834473255911e-19,4.891729550219006e-07,7
Case4_R1336mzz_Stereo,[emim]__[Tf2N]__R1336mzz(Z)__342.9__0.31,45,Anion,Sulfonyl_SO2,Anion:Sulfonyl_SO2,6,0.0033766906708478928,0.038703277707099915,0.006450546284516652,0.23087197797853656,1
Case4_R1336mzz_Stereo,[emim]__[Tf2N]__R1336mzz(Z)__342.9__0.31,45,Refri,CF3,Refri:CF3,8,-0.006334293633699417,0.03406275436282158,0.004257844295352697,0.20319042574781745,2
Case4_R1336mzz_Stereo,[emim]__[Tf2N]__R1336mzz(Z)__342.9__0.31,45,Anion,CF3,Anion:CF3,8,-0.000713700195774436,0.03199746925383806,0.003999683656729758,0.1908706304630586,3
Case4_R1336mzz_Stereo,[emim]__[Tf2N]__R1336mzz(Z)__342.9__0.31,45,Cation,Imidazolium_Ring,Cation:Imidazolium_Ring,5,0.00763575779274106,0.02642181608825922,0.005284363217651844,0.15761086149461967,4
Case4_R1336mzz_Stereo,[emim]__[Tf2N]__R1336mzz(Z)__342.9__0.31,45,Refri,Alkene_C=C,Refri:Alkene_C=C,2,0.024141494184732437,0.02443867176771164,0.01221933588385582,0.1457810507130452,5
Case4_R1336mzz_Stereo,[emim]__[Tf2N]__R1336mzz(Z)__342.9__0.31,45,Cation,Alkyl_Chain,Cation:Alkyl_Chain,3,0.002405801904387772,0.007082272437401116,0.002360757479133705,0.04224702255400236,6
Case4_R1336mzz_Stereo,[emim]__[Tf2N]__R1336mzz(Z)__342.9__0.31,45,Anion,Sulfonimide_N,Anion:Sulfonimide_N,1,0.004880472086369991,0.004933302290737629,0.004933302290737629,0.02942803104295493,7
Case4_R1336mzz_Stereo,[emim]__[Tf2N]__R1336mzz(Z)__342.9__0.31,46,Cation,Imidazolium_Ring,Cation:Imidazolium_Ring,5,0.0,0.0,0.0,0.0,1
Case4_R1336mzz_Stereo,[emim]__[Tf2N]__R1336mzz(Z)__342.9__0.31,46,Cation,Alkyl_Chain,Cation:Alkyl_Chain,3,0.0,0.0,0.0,0.0,2
Case4_R1336mzz_Stereo,[emim]__[Tf2N]__R1336mzz(Z)__342.9__0.31,46,Anion,CF3,Anion:CF3,8,0.0,0.0,0.0,0.0,3
Case4_R1336mzz_Stereo,[emim]__[Tf2N]__R1336mzz(Z)__342.9__0.31,46,Anion,Sulfonyl_SO2,Anion:Sulfonyl_SO2,6,0.0,0.0,0.0,0.0,4
Case4_R1336mzz_Stereo,[emim]__[Tf2N]__R1336mzz(Z)__342.9__0.31,46,Anion,Sulfonimide_N,Anion:Sulfonimide_N,1,0.0,0.0,0.0,0.0,5
Case4_R1336mzz_Stereo,[emim]__[Tf2N]__R1336mzz(Z)__342.9__0.31,46,Refri,CF3,Refri:CF3,8,0.0,0.0,0.0,0.0,6
Case4_R1336mzz_Stereo,[emim]__[Tf2N]__R1336mzz(Z)__342.9__0.31,46,Refri,Alkene_C=C,Refri:Alkene_C=C,2,0.0,0.0,0.0,0.0,7
Case4_R1336mzz_Stereo,[emim]__[Tf2N]__R1336mzz(Z)__352.8__0.31,42,Cation,Imidazolium_Ring,Cation:Imidazolium_Ring,5,0.0,0.0,0.0,0.0,1
Case4_R1336mzz_Stereo,[emim]__[Tf2N]__R1336mzz(Z)__352.8__0.31,42,Cation,Alkyl_Chain,Cation:Alkyl_Chain,3,0.0,0.0,0.0,0.0,2
Case4_R1336mzz_Stereo,[emim]__[Tf2N]__R1336mzz(Z)__352.8__0.31,42,Anion,CF3,Anion:CF3,8,0.0,0.0,0.0,0.0,3
Case4_R1336mzz_Stereo,[emim]__[Tf2N]__R1336mzz(Z)__352.8__0.31,42,Anion,Sulfonyl_SO2,Anion:Sulfonyl_SO2,6,0.0,0.0,0.0,0.0,4
Case4_R1336mzz_Stereo,[emim]__[Tf2N]__R1336mzz(Z)__352.8__0.31,42,Anion,Sulfonimide_N,Anion:Sulfonimide_N,1,0.0,0.0,0.0,0.0,5
Case4_R1336mzz_Stereo,[emim]__[Tf2N]__R1336mzz(Z)__352.8__0.31,42,Refri,CF3,Refri:CF3,8,0.0,0.0,0.0,0.0,6
Case4_R1336mzz_Stereo,[emim]__[Tf2N]__R1336mzz(Z)__352.8__0.31,42,Refri,Alkene_C=C,Refri:Alkene_C=C,2,0.0,0.0,0.0,0.0,7
Case4_R1336mzz_Stereo,[emim]__[Tf2N]__R1336mzz(Z)__352.8__0.31,43,Anion,CF3,Anion:CF3,8,-3.5721187292836465e-11,3.892885926809475e-11,4.866107408511844e-12,0.2717801115249233,1
Case4_R1336mzz_Stereo,[emim]__[Tf2N]__R1336mzz(Z)__352.8__0.31,43,Refri,CF3,Refri:CF3,8,-3.320403956126594e-11,3.634338619981636e-11,4.542923274977045e-12,0.25372974549692906,2
Case4_R1336mzz_Stereo,[emim]__[Tf2N]__R1336mzz(Z)__352.8__0.31,43,Anion,Sulfonyl_SO2,Anion:Sulfonyl_SO2,6,-2.4198402396452545e-11,2.7143971098597675e-11,4.523995183099612e-12,0.1895044352982713,3
Case4_R1336mzz_Stereo,[emim]__[Tf2N]__R1336mzz(Z)__352.8__0.31,43,Cation,Imidazolium_Ring,Cation:Imidazolium_Ring,5,-8.765619984420561e-12,1.4894073387811124e-11,2.978814677562225e-12,0.10398231549819086,4
Case4_R1336mzz_Stereo,[emim]__[Tf2N]__R1336mzz(Z)__352.8__0.31,43,Cation,Alkyl_Chain,Cation:Alkyl_Chain,3,-1.1678084064006833e-11,1.2849108062262804e-11,4.283036020754268e-12,0.08970548040228991,5
Case4_R1336mzz_Stereo,[emim]__[Tf2N]__R1336mzz(Z)__352.8__0.31,43,Refri,Alkene_C=C,Refri:Alkene_C=C,2,-6.825177575886521e-12,8.176434789647358e-12,4.088217394823679e-12,0.05708341833761058,6
Case4_R1336mzz_Stereo,[emim]__[Tf2N]__R1336mzz(Z)__352.8__0.31,43,Anion,Sulfonimide_N,Anion:Sulfonimide_N,1,-3.0717472836172544e-12,3.9007677296587495e-12,3.9007677296587495e-12,0.027233037610951874,7
Case4_R1336mzz_Stereo,[emim]__[Tf2N]__R1336mzz(Z)__352.8__0.31,44,Cation,Imidazolium_Ring,Cation:Imidazolium_Ring,5,-3.2553682150278864e-18,6.0179081147585434e-18,1.2035816229517086e-18,6.017767613699725e-06,1
Case4_R1336mzz_Stereo,[emim]__[Tf2N]__R1336mzz(Z)__352.8__0.31,44,Anion,CF3,Anion:CF3,8,-1.11024713021917e-18,4.702770453535611e-18,5.878463066919514e-19,4.702660657205142e-06,2
Case4_R1336mzz_Stereo,[emim]__[Tf2N]__R1336mzz(Z)__352.8__0.31,44,Refri,CF3,Refri:CF3,8,-1.0730960836898495e-18,4.63718878283784e-18,5.7964859785473e-19,4.637080517653077e-06,3
Case4_R1336mzz_Stereo,[emim]__[Tf2N]__R1336mzz(Z)__352.8__0.31,44,Anion,Sulfonyl_SO2,Anion:Sulfonyl_SO2,6,-1.830994116086967e-18,4.549734285395058e-18,7.582890475658431e-19,4.549628062024371e-06,4
Case4_R1336mzz_Stereo,[emim]__[Tf2N]__R1336mzz(Z)__352.8__0.31,44,Cation,Alkyl_Chain,Cation:Alkyl_Chain,3,-9.277738529751453e-20,1.5088185378334087e-18,5.029395126111362e-19,1.508783311206799e-06,5
Case4_R1336mzz_Stereo,[emim]__[Tf2N]__R1336mzz(Z)__352.8__0.31,44,Refri,Alkene_C=C,Refri:Alkene_C=C,2,-6.009867298819069e-19,1.3987990185692753e-18,6.993995092846376e-19,1.3987663605858971e-06,6
Case4_R1336mzz_Stereo,[emim]__[Tf2N]__R1336mzz(Z)__352.8__0.31,44,Anion,Sulfonimide_N,Anion:Sulfonimide_N,1,-2.835341202814791e-19,5.324851116218233e-19,5.324851116218233e-19,5.324726796071496e-07,7
Case4_R1336mzz_Stereo,[emim]__[Tf2N]__R1336mzz(Z)__352.8__0.31,45,Anion,Sulfonyl_SO2,Anion:Sulfonyl_SO2,6,0.003001849167048931,0.0323912538588047,0.005398542309800784,0.2331762076276982,1
Case4_R1336mzz_Stereo,[emim]__[Tf2N]__R1336mzz(Z)__352.8__0.31,45,Refri,CF3,Refri:CF3,8,-0.005468730814754963,0.028286347165703773,0.0035357933957129717,0.20362605252919003,2
Case4_R1336mzz_Stereo,[emim]__[Tf2N]__R1336mzz(Z)__352.8__0.31,45,Anion,CF3,Anion:CF3,8,-0.0007863827049732208,0.02617900911718607,0.0032723761396482587,0.18845587429265526,3
Case4_R1336mzz_Stereo,[emim]__[Tf2N]__R1336mzz(Z)__352.8__0.31,45,Cation,Imidazolium_Ring,Cation:Imidazolium_Ring,5,0.0063781822100281715,0.022148942574858665,0.004429788514971733,0.1594444739645467,4
Case4_R1336mzz_Stereo,[emim]__[Tf2N]__R1336mzz(Z)__352.8__0.31,45,Refri,Alkene_C=C,Refri:Alkene_C=C,2,0.019649352878332138,0.019929226487874985,0.009964613243937492,0.14346531547228114,5
Case4_R1336mzz_Stereo,[emim]__[Tf2N]__R1336mzz(Z)__352.8__0.31,45,Cation,Alkyl_Chain,Cation:Alkyl_Chain,3,0.0020051906467415392,0.005895988957490772,0.001965329652496924,0.042443690241672445,6
Case4_R1336mzz_Stereo,[emim]__[Tf2N]__R1336mzz(Z)__352.8__0.31,45,Anion,Sulfonimide_N,Anion:Sulfonimide_N,1,0.004042044747620821,0.004082434810698032,0.004082434810698032,0.029388385864757477,7
Case4_R1336mzz_Stereo,[emim]__[Tf2N]__R1336mzz(Z)__352.8__0.31,46,Cation,Imidazolium_Ring,Cation:Imidazolium_Ring,5,0.0,0.0,0.0,0.0,1
Case4_R1336mzz_Stereo,[emim]__[Tf2N]__R1336mzz(Z)__352.8__0.31,46,Cation,Alkyl_Chain,Cation:Alkyl_Chain,3,0.0,0.0,0.0,0.0,2
Case4_R1336mzz_Stereo,[emim]__[Tf2N]__R1336mzz(Z)__352.8__0.31,46,Anion,CF3,Anion:CF3,8,0.0,0.0,0.0,0.0,3
Case4_R1336mzz_Stereo,[emim]__[Tf2N]__R1336mzz(Z)__352.8__0.31,46,Anion,Sulfonyl_SO2,Anion:Sulfonyl_SO2,6,0.0,0.0,0.0,0.0,4
Case4_R1336mzz_Stereo,[emim]__[Tf2N]__R1336mzz(Z)__352.8__0.31,46,Anion,Sulfonimide_N,Anion:Sulfonimide_N,1,0.0,0.0,0.0,0.0,5
Case4_R1336mzz_Stereo,[emim]__[Tf2N]__R1336mzz(Z)__352.8__0.31,46,Refri,CF3,Refri:CF3,8,0.0,0.0,0.0,0.0,6
Case4_R1336mzz_Stereo,[emim]__[Tf2N]__R1336mzz(Z)__352.8__0.31,46,Refri,Alkene_C=C,Refri:Alkene_C=C,2,0.0,0.0,0.0,0.0,7
Case4_R1336mzz_Stereo,[emim]__[Tf2N]__R1336mzz(Z)__352.8__0.41,42,Cation,Imidazolium_Ring,Cation:Imidazolium_Ring,5,0.0,0.0,0.0,0.0,1
Case4_R1336mzz_Stereo,[emim]__[Tf2N]__R1336mzz(Z)__352.8__0.41,42,Cation,Alkyl_Chain,Cation:Alkyl_Chain,3,0.0,0.0,0.0,0.0,2
Case4_R1336mzz_Stereo,[emim]__[Tf2N]__R1336mzz(Z)__352.8__0.41,42,Anion,CF3,Anion:CF3,8,0.0,0.0,0.0,0.0,3
Case4_R1336mzz_Stereo,[emim]__[Tf2N]__R1336mzz(Z)__352.8__0.41,42,Anion,Sulfonyl_SO2,Anion:Sulfonyl_SO2,6,0.0,0.0,0.0,0.0,4
Case4_R1336mzz_Stereo,[emim]__[Tf2N]__R1336mzz(Z)__352.8__0.41,42,Anion,Sulfonimide_N,Anion:Sulfonimide_N,1,0.0,0.0,0.0,0.0,5
Case4_R1336mzz_Stereo,[emim]__[Tf2N]__R1336mzz(Z)__352.8__0.41,42,Refri,CF3,Refri:CF3,8,0.0,0.0,0.0,0.0,6
Case4_R1336mzz_Stereo,[emim]__[Tf2N]__R1336mzz(Z)__352.8__0.41,42,Refri,Alkene_C=C,Refri:Alkene_C=C,2,0.0,0.0,0.0,0.0,7
Case4_R1336mzz_Stereo,[emim]__[Tf2N]__R1336mzz(Z)__352.8__0.41,43,Anion,CF3,Anion:CF3,8,-2.517172234539622e-11,2.718795327760759e-11,3.398494159700949e-12,0.2706028308427545,1
Case4_R1336mzz_Stereo,[emim]__[Tf2N]__R1336mzz(Z)__352.8__0.41,43,Refri,CF3,Refri:CF3,8,-2.3422959752328332e-11,2.5430586889779727e-11,3.178823361222466e-12,0.2531116900231991,2
Case4_R1336mzz_Stereo,[emim]__[Tf2N]__R1336mzz(Z)__352.8__0.41,43,Anion,Sulfonyl_SO2,Anion:Sulfonyl_SO2,6,-1.7048188381829643e-11,1.8959470712148763e-11,3.159911785358127e-12,0.18870440130604813,3
Case4_R1336mzz_Stereo,[emim]__[Tf2N]__R1336mzz(Z)__352.8__0.41,43,Cation,Imidazolium_Ring,Cation:Imidazolium_Ring,5,-6.251301071843324e-12,1.0439838988955674e-11,2.087967797791135e-12,0.10390815208148525,4
Case4_R1336mzz_Stereo,[emim]__[Tf2N]__R1336mzz(Z)__352.8__0.41,43,Cation,Alkyl_Chain,Cation:Alkyl_Chain,3,-8.253672051372618e-12,9.001330280103415e-12,3.000443426701138e-12,0.08959061501524418,5
Case4_R1336mzz_Stereo,[emim]__[Tf2N]__R1336mzz(Z)__352.8__0.41,43,Refri,Alkene_C=C,Refri:Alkene_C=C,2,-4.832656410463931e-12,5.727506142971794e-12,2.863753071485897e-12,0.057006107084711585,6
Case4_R1336mzz_Stereo,[emim]__[Tf2N]__R1336mzz(Z)__352.8__0.41,43,Anion,Sulfonimide_N,Anion:Sulfonimide_N,1,-2.158156466036676e-12,2.7251128870836583e-12,2.7251128870836583e-12,0.027123162015224675,7
Case4_R1336mzz_Stereo,[emim]__[Tf2N]__R1336mzz(Z)__352.8__0.41,44,Cation,Imidazolium_Ring,Cation:Imidazolium_Ring,5,-3.1335539274093594e-18,5.7927207040977465e-18,1.1585441408195493e-18,5.792590521159608e-06,1
Case4_R1336mzz_Stereo,[emim]__[Tf2N]__R1336mzz(Z)__352.8__0.41,44,Anion,CF3,Anion:CF3,8,-1.0687023846193034e-18,4.5267952228404674e-18,5.658494028550584e-19,4.526693489728763e-06,2
Case4_R1336mzz_Stereo,[emim]__[Tf2N]__R1336mzz(Z)__352.8__0.41,44,Refri,CF3,Refri:CF3,8,-1.032941376335287e-18,4.4636679004177174e-18,5.579584875522147e-19,4.463567586000394e-06,3
Case4_R1336mzz_Stereo,[emim]__[Tf2N]__R1336mzz(Z)__352.8__0.41,44,Anion,Sulfonyl_SO2,Anion:Sulfonyl_SO2,6,-1.762478616702229e-18,4.37948500569516e-18,7.2991416761586e-19,4.379386583165454e-06,4
Case4_R1336mzz_Stereo,[emim]__[Tf2N]__R1336mzz(Z)__352.8__0.41,44,Cation,Alkyl_Chain,Cation:Alkyl_Chain,3,-8.930559194435583e-20,1.45235937682239e-18,4.8411979227413e-19,1.452326737166421e-06,5
Case4_R1336mzz_Stereo,[emim]__[Tf2N]__R1336mzz(Z)__352.8__0.41,44,Refri,Alkene_C=C,Refri:Alkene_C=C,2,-5.784982739660043e-19,1.3464566837681448e-18,6.732283418840724e-19,1.3464264241205418e-06,6
Case4_R1336mzz_Stereo,[emim]__[Tf2N]__R1336mzz(Z)__352.8__0.41,44,Anion,Sulfonimide_N,Anion:Sulfonimide_N,1,-2.729244174015384e-19,5.125597782314928e-19,5.125597782314928e-19,5.125482591990191e-07,7
Case4_R1336mzz_Stereo,[emim]__[Tf2N]__R1336mzz(Z)__352.8__0.41,45,Anion,Sulfonyl_SO2,Anion:Sulfonyl_SO2,6,0.0034820232540369034,0.03917680308222771,0.0065294671803712845,0.2291429482429505,1
Case4_R1336mzz_Stereo,[emim]__[Tf2N]__R1336mzz(Z)__352.8__0.41,45,Refri,CF3,Refri:CF3,8,-0.006229944061487913,0.03488922119140625,0.004361152648925781,0.20406511957903886,2
Case4_R1336mzz_Stereo,[emim]__[Tf2N]__R1336mzz(Z)__352.8__0.41,45,Anion,CF3,Anion:CF3,8,-0.0004033101722598076,0.03263135114684701,0.004078918893355876,0.19085896292368762,3
Case4_R1336mzz_Stereo,[emim]__[Tf2N]__R1336mzz(Z)__352.8__0.41,45,Cation,Imidazolium_Ring,Cation:Imidazolium_Ring,5,0.007836111355572939,0.02669799793511629,0.0053395995870232586,0.15615510908831626,4
Case4_R1336mzz_Stereo,[emim]__[Tf2N]__R1336mzz(Z)__352.8__0.41,45,Refri,Alkene_C=C,Refri:Alkene_C=C,2,0.025092799216508865,0.025368540547788143,0.012684270273894072,0.14837918656966803,5
Case4_R1336mzz_Stereo,[emim]__[Tf2N]__R1336mzz(Z)__352.8__0.41,45,Cation,Alkyl_Chain,Cation:Alkyl_Chain,3,0.002448973711580038,0.007193347439169884,0.0023977824797232947,0.04207349018468043,6
Case4_R1336mzz_Stereo,[emim]__[Tf2N]__R1336mzz(Z)__352.8__0.41,45,Anion,Sulfonimide_N,Anion:Sulfonimide_N,1,0.004955400712788105,0.005013756453990936,0.005013756453990936,0.029325183405809342,7
Case4_R1336mzz_Stereo,[emim]__[Tf2N]__R1336mzz(Z)__352.8__0.41,46,Cation,Imidazolium_Ring,Cation:Imidazolium_Ring,5,0.0,0.0,0.0,0.0,1
Case4_R1336mzz_Stereo,[emim]__[Tf2N]__R1336mzz(Z)__352.8__0.41,46,Cation,Alkyl_Chain,Cation:Alkyl_Chain,3,0.0,0.0,0.0,0.0,2
Case4_R1336mzz_Stereo,[emim]__[Tf2N]__R1336mzz(Z)__352.8__0.41,46,Anion,CF3,Anion:CF3,8,0.0,0.0,0.0,0.0,3
Case4_R1336mzz_Stereo,[emim]__[Tf2N]__R1336mzz(Z)__352.8__0.41,46,Anion,Sulfonyl_SO2,Anion:Sulfonyl_SO2,6,0.0,0.0,0.0,0.0,4
Case4_R1336mzz_Stereo,[emim]__[Tf2N]__R1336mzz(Z)__352.8__0.41,46,Anion,Sulfonimide_N,Anion:Sulfonimide_N,1,0.0,0.0,0.0,0.0,5
Case4_R1336mzz_Stereo,[emim]__[Tf2N]__R1336mzz(Z)__352.8__0.41,46,Refri,CF3,Refri:CF3,8,0.0,0.0,0.0,0.0,6
Case4_R1336mzz_Stereo,[emim]__[Tf2N]__R1336mzz(Z)__352.8__0.41,46,Refri,Alkene_C=C,Refri:Alkene_C=C,2,0.0,0.0,0.0,0.0,7
