sample_id,model_source,descriptor_mode,refrigerant,chemical_class,cation,anion,T_K,P_MPa,true_x1,pred_mu,pred_sigma,abs_error,pred_seed_42,pred_seed_42_clip,pred_seed_43,pred_seed_43_clip,pred_seed_44,pred_seed_44_clip,pred_seed_45,pred_seed_45_clip,pred_seed_46,pred_seed_46_clip
[emim]__[Ac]__R1234yf__283.15__0.073,L2,M0,R1234YF,HFO,EMIM,AC,283.15,0.073,0.009,0.013426626473665238,0.01532909537522886,0.0044266264736652385,0.03631248325109482,0.03631248325109482,0.02029619738459587,0.02029619738459587,0.010524451732635498,0.010524451732635498,-0.00974633265286684,0.0,-0.001019701361656189,0.0
[emim]__[Ac]__R1234yf__283.15__0.145,L2,M0,R1234YF,HFO,EMIM,AC,283.15,0.145,0.019,0.02962729409337044,0.026279088471766292,0.010627294093370439,0.06623908877372742,0.06623908877372742,0.0448601171374321,0.0448601171374321,0.02423344925045967,0.02423344925045967,-0.0022731581702828407,0.0,0.012803815305233002,0.012803815305233002
[emim]__[Ac]__R1234yf__283.15__0.207,L2,M0,R1234YF,HFO,EMIM,AC,283.15,0.207,0.027,0.04684187918901443,0.0346290636590195,0.019841879189014432,0.090861476957798,0.090861476957798,0.07426540553569794,0.07426540553569794,0.03705578297376633,0.03705578297376633,0.008585337549448013,0.008585337549448013,0.023441392928361893,0.023441392928361893
[emim]__[Ac]__R1234yf__283.15__0.266,L2,M0,R1234YF,HFO,EMIM,AC,283.15,0.266,0.035,0.06402591355144978,0.04225795053557876,0.029025913551449775,0.11490738391876221,0.11490738391876221,0.10247179120779037,0.10247179120779037,0.04898737370967865,0.04898737370967865,0.020160021260380745,0.020160021260380745,0.0336029976606369,0.0336029976606369
[emim]__[Ac]__R1234yf__283.15__0.319,L2,M0,R1234YF,HFO,EMIM,AC,283.15,0.319,0.043,0.07957224324345588,0.049439866973761605,0.036572243243455885,0.13742300868034363,0.13742300868034363,0.127908855676651,0.127908855676651,0.058326929807662964,0.058326929807662964,0.03291061893105507,0.03291061893105507,0.04129180312156677,0.04129180312156677
[emim]__[Ac]__R1234yf__283.15__0.371,L2,M0,R1234YF,HFO,EMIM,AC,283.15,0.371,0.051,0.09513424336910248,0.057007504078222755,0.04413424336910248,0.16098922491073608,0.16098922491073608,0.15269313752651215,0.15269313752651215,0.06723365187644958,0.06723365187644958,0.04517754912376404,0.04517754912376404,0.04957765340805054,0.04957765340805054
[emim]__[Ac]__R1234yf__283.15__0.42,L2,M0,R1234YF,HFO,EMIM,AC,283.15,0.42,0.06,0.10985964685678482,0.06402849844654268,0.04985964685678482,0.18386133015155792,0.18386133015155792,0.17489176988601685,0.17489176988601685,0.07641033083200455,0.07641033083200455,0.056700482964515686,0.056700482964515686,0.0574343204498291,0.0574343204498291
[emim]__[Ac]__R1234yf__293.15__0.076,L2,M0,R1234YF,HFO,EMIM,AC,293.15,0.076,0.009,0.012887413054704666,0.011668235758807792,0.003887413054704667,0.028749756515026093,0.028749756515026093,0.019313186407089233,0.019313186407089233,0.01273757591843605,0.01273757591843605,-0.010317777283489704,0.0,0.0036365464329719543,0.0036365464329719543
[emim]__[Ac]__R1234yf__293.15__0.153,L2,M0,R1234YF,HFO,EMIM,AC,293.15,0.153,0.016,0.02566850408911705,0.0196923257275196,0.009668504089117048,0.05139666795730591,0.05139666795730591,0.036751966923475266,0.036751966923475266,0.024862051010131836,0.024862051010131836,-0.004914536140859127,0.0,0.015331834554672241,0.015331834554672241
[emim]__[Ac]__R1234yf__293.15__0.219,L2,M0,R1234YF,HFO,EMIM,AC,293.15,0.219,0.022,0.03755878992378712,0.027297474361259278,0.01555878992378712,0.07151545584201813,0.07151545584201813,0.05616503208875656,0.05616503208875656,0.034597549587488174,0.034597549587488174,0.0017482023686170578,0.0017482023686170578,0.023767709732055664,0.023767709732055664
[emim]__[Ac]__R1234yf__293.15__0.282,L2,M0,R1234YF,HFO,EMIM,AC,293.15,0.282,0.028,0.05068784654140472,0.03356625535965482,0.02268784654140472,0.09075222164392471,0.09075222164392471,0.0786779597401619,0.0786779597401619,0.04320229962468147,0.04320229962468147,0.009730005636811256,0.009730005636811256,0.031076746061444283,0.031076746061444283
[emim]__[Ac]__R1234yf__293.15__0.339,L2,M0,R1234YF,HFO,EMIM,AC,293.15,0.339,0.034,0.062461362779140474,0.03919039414280524,0.02846136277914047,0.10727575421333313,0.10727575421333313,0.09926737844944,0.09926737844944,0.05118319392204285,0.05118319392204285,0.017821263521909714,0.017821263521909714,0.03675922378897667,0.03675922378897667
[emim]__[Ac]__R1234yf__293.15__0.395,L2,M0,R1234YF,HFO,EMIM,AC,293.15,0.395,0.039,0.07408173233270646,0.04452848071697096,0.03508173233270646,0.12380130589008331,0.12380130589008331,0.11876559257507324,0.11876559257507324,0.05853009223937988,0.05853009223937988,0.027179110795259476,0.027179110795259476,0.04213256016373634,0.04213256016373634
[emim]__[Ac]__R1234yf__293.15__0.449,L2,M0,R1234YF,HFO,EMIM,AC,293.15,0.449,0.046,0.08572671636939048,0.0500112539027302,0.039726716369390486,0.1418648660182953,0.1418648660182953,0.13684779405593872,0.13684779405593872,0.06542894244194031,0.06542894244194031,0.037424225360155106,0.037424225360155106,0.047067753970623016,0.047067753970623016
[emim]__[Ac]__R1234yf__303.15__0.08,L2,M0,R1234YF,HFO,EMIM,AC,303.15,0.08,0.007,0.013033946603536605,0.01024941489406147,0.006033946603536605,0.024981819093227386,0.024981819093227386,0.020219843834638596,0.020219843834638596,0.014304079115390778,0.014304079115390778,-0.010039384476840496,0.0,0.0056639909744262695,0.0056639909744262695
[emim]__[Ac]__R1234yf__303.15__0.161,L2,M0,R1234YF,HFO,EMIM,AC,303.15,0.161,0.012,0.02266029790043831,0.01589028479032931,0.01066029790043831,0.04116671904921532,0.04116671904921532,0.03249969333410263,0.03249969333410263,0.024348080158233643,0.024348080158233643,-0.006538554094731808,0.0,0.015286996960639954,0.015286996960639954
[emim]__[Ac]__R1234yf__303.15__0.23,L2,M0,R1234YF,HFO,EMIM,AC,303.15,0.23,0.018,0.03144373372197151,0.02156720582932043,0.013443733721971513,0.05647750198841095,0.05647750198841095,0.044398315250873566,0.044398315250873566,0.03346020355820656,0.03346020355820656,-0.0023799650371074677,0.0,0.022882647812366486,0.022882647812366486
[emim]__[Ac]__R1234yf__303.15__0.297,L2,M0,R1234YF,HFO,EMIM,AC,303.15,0.297,0.022,0.0403034258633852,0.026538572476013794,0.018303425863385202,0.07114109396934509,0.07114109396934509,0.05808544531464577,0.05808544531464577,0.04058679938316345,0.04058679938316345,0.002544259652495384,0.002544259652495384,0.029159530997276306,0.029159530997276306
[emim]__[Ac]__R1234yf__303.15__0.358,L2,M0,R1234YF,HFO,EMIM,AC,303.15,0.358,0.027,0.049369027651846406,0.031203647535610227,0.022369027651846406,0.08540008217096329,0.08540008217096329,0.07413741946220398,0.07413741946220398,0.045948490500450134,0.045948490500450134,0.00793024618178606,0.00793024618178606,0.03342889994382858,0.03342889994382858
[emim]__[Ac]__R1234yf__303.15__0.417,L2,M0,R1234YF,HFO,EMIM,AC,303.15,0.417,0.032,0.05847395807504654,0.03497988559666256,0.026473958075046537,0.09785183519124985,0.09785183519124985,0.08974726498126984,0.08974726498126984,0.051983628422021866,0.051983628422021866,0.014876138418912888,0.014876138418912888,0.03791092336177826,0.03791092336177826
[emim]__[Ac]__R1234yf__303.15__0.474,L2,M0,R1234YF,HFO,EMIM,AC,303.15,0.474,0.037,0.06724461764097214,0.039266148507324884,0.030244617640972145,0.11091005802154541,0.11091005802154541,0.10482969135046005,0.10482969135046005,0.057580895721912384,0.057580895721912384,0.021645832806825638,0.021645832806825638,0.0412566103041172,0.0412566103041172
[emim]__[Ac]__R1234yf__313.15__0.084,L2,M0,R1234YF,HFO,EMIM,AC,313.15,0.084,0.006,0.0119498610496521,0.009922487700587792,0.005949861049652099,0.022466175258159637,0.022466175258159637,0.020779114216566086,0.020779114216566086,0.012442894279956818,0.012442894279956818,-0.010095939971506596,0.0,0.004061121493577957,0.004061121493577957
[emim]__[Ac]__R1234yf__313.15__0.168,L2,M0,R1234YF,HFO,EMIM,AC,313.15,0.168,0.011,0.01918892189860344,0.013851041736897322,0.00818892189860344,0.03420313447713852,0.03420313447713852,0.029468301683664322,0.029468301683664322,0.02110976353287697,0.02110976353287697,-0.006730672903358936,0.0,0.011163409799337387,0.011163409799337387
[emim]__[Ac]__R1234yf__313.15__0.24,L2,M0,R1234YF,HFO,EMIM,AC,313.15,0.24,0.015,0.025283586978912354,0.01694289056659144,0.010283586978912355,0.043650515377521515,0.043650515377521515,0.03561200946569443,0.03561200946569443,0.029015809297561646,0.029015809297561646,-0.004090745002031326,0.0,0.01813960075378418,0.01813960075378418
[emim]__[Ac]__R1234yf__313.15__0.311,L2,M0,R1234YF,HFO,EMIM,AC,313.15,0.311,0.019,0.03158546015620232,0.020922919556286307,0.012585460156202318,0.054401494562625885,0.054401494562625885,0.044256970286369324,0.044256970286369324,0.035321298986673355,0.035321298986673355,-0.001602773554623127,0.0,0.023947536945343018,0.023947536945343018
[emim]__[Ac]__R1234yf__313.15__0.375,L2,M0,R1234YF,HFO,EMIM,AC,313.15,0.375,0.022,0.03779560010880232,0.024394074021556893,0.01579560010880232,0.0647023394703865,0.0647023394703865,0.05464808642864227,0.05464808642864227,0.039414312690496445,0.039414312690496445,0.0020662015303969383,0.0020662015303969383,0.028147060424089432,0.028147060424089432
[emim]__[Ac]__R1234yf__313.15__0.438,L2,M0,R1234YF,HFO,EMIM,AC,313.15,0.438,0.026,0.04497012495994568,0.027563322401785783,0.01897012495994568,0.07580866664648056,0.07580866664648056,0.0666973665356636,0.0666973665356636,0.04355703294277191,0.04355703294277191,0.007033307105302811,0.007033307105302811,0.031754251569509506,0.031754251569509506
[emim]__[Ac]__R1234yf__313.15__0.5,L2,M0,R1234YF,HFO,EMIM,AC,313.15,0.5,0.03,0.052337657660245895,0.0311897468796704,0.022337657660245896,0.08667050302028656,0.08667050302028656,0.08012549579143524,0.08012549579143524,0.048128388822078705,0.048128388822078705,0.012297973036766052,0.012297973036766052,0.03446592763066292,0.03446592763066292
[emim]__[Ac]__R1234yf__323.15__0.087,L2,M0,R1234YF,HFO,EMIM,AC,323.15,0.087,0.005,0.009464170783758163,0.009391866501449003,0.004464170783758163,0.01880725473165512,0.01880725473165512,0.01950392872095108,0.01950392872095108,0.008108869194984436,0.008108869194984436,-0.011771720834076405,0.0,0.00090080127120018,0.00090080127120018
[emim]__[Ac]__R1234yf__323.15__0.175,L2,M0,R1234YF,HFO,EMIM,AC,323.15,0.175,0.009,0.015263007581233978,0.012011866700390696,0.006263007581233979,0.028525352478027344,0.028525352478027344,0.025139201432466507,0.025139201432466507,0.015782784670591354,0.015782784670591354,-0.007894215174019337,0.0,0.006867699325084686,0.006867699325084686
[emim]__[Ac]__R1234yf__323.15__0.251,L2,M0,R1234YF,HFO,EMIM,AC,323.15,0.251,0.012,0.01984996609389782,0.013980625494824562,0.00784996609389782,0.03518473356962204,0.03518473356962204,0.029448376968503,0.029448376968503,0.022187206894159317,0.022187206894159317,-0.004643344320356846,0.0,0.012429513037204742,0.012429513037204742
[emim]__[Ac]__R1234yf__323.15__0.324,L2,M0,R1234YF,HFO,EMIM,AC,323.15,0.324,0.015,0.024700918793678285,0.016977082465298093,0.009700918793678286,0.043705374002456665,0.043705374002456665,0.03496920317411423,0.03496920317411423,0.028146158903837204,0.028146158903837204,-0.0025281738489866257,0.0,0.016683857887983322,0.016683857887983322
[emim]__[Ac]__R1234yf__323.15__0.392,L2,M0,R1234YF,HFO,EMIM,AC,323.15,0.392,0.019,0.029207725264132022,0.019840557976604847,0.010207725264132023,0.05103467032313347,0.05103467032313347,0.04235365241765976,0.04235365241765976,0.03185282275080681,0.03185282275080681,0.00013210345059633255,0.00013210345059633255,0.020665377378463745,0.020665377378463745
[emim]__[Ac]__R1234yf__323.15__0.458,L2,M0,R1234YF,HFO,EMIM,AC,323.15,0.458,0.021,0.03447939911857247,0.022232263500682824,0.01347939911857247,0.05958489701151848,0.05958489701151848,0.0504937618970871,0.0504937618970871,0.03539852425456047,0.03539852425456047,0.003314331639558077,0.003314331639558077,0.023605480790138245,0.023605480790138245
[emim]__[Ac]__R1234yf__323.15__0.523,L2,M0,R1234YF,HFO,EMIM,AC,323.15,0.523,0.024,0.03972962871193886,0.024905025859989275,0.015729628711938858,0.06749222427606583,0.06749222427606583,0.060037508606910706,0.060037508606910706,0.03877175599336624,0.03877175599336624,0.006499823182821274,0.006499823182821274,0.025846831500530243,0.025846831500530243
[emim]__[Ac]__R1234yf__333.15__0.091,L2,M0,R1234YF,HFO,EMIM,AC,333.15,0.091,0.004,0.006892732530832291,0.008204513633997688,0.0028927325308322907,0.015263736248016357,0.015263736248016357,0.016289684921503067,0.016289684921503067,0.002910241484642029,0.002910241484642029,-0.014393077231943607,0.0,-0.00335586816072464,0.0
[emim]__[Ac]__R1234yf__333.15__0.182,L2,M0,R1234YF,HFO,EMIM,AC,333.15,0.182,0.007,0.011460404843091965,0.010635685716024938,0.004460404843091965,0.022945955395698547,0.022945955395698547,0.021748777478933334,0.021748777478933334,0.010188072919845581,0.010188072919845581,-0.009900842793285847,0.0,0.002419218420982361,0.002419218420982361
[emim]__[Ac]__R1234yf__333.15__0.261,L2,M0,R1234YF,HFO,EMIM,AC,333.15,0.261,0.01,0.015194236487150192,0.011795238984122916,0.005194236487150191,0.028720371425151825,0.028720371425151825,0.024348516017198563,0.024348516017198563,0.015379711985588074,0.015379711985588074,-0.006951917894184589,0.0,0.0075225830078125,0.0075225830078125
[emim]__[Ac]__R1234yf__333.15__0.338,L2,M0,R1234YF,HFO,EMIM,AC,333.15,0.338,0.013,0.019270536303520203,0.014140924619923775,0.006270536303520204,0.03586612269282341,0.03586612269282341,0.028827905654907227,0.028827905654907227,0.020192168653011322,0.020192168653011322,-0.004526467993855476,0.0,0.011466484516859055,0.011466484516859055
[emim]__[Ac]__R1234yf__333.15__0.408,L2,M0,R1234YF,HFO,EMIM,AC,333.15,0.408,0.015,0.02294495701789856,0.01656828269101813,0.00794495701789856,0.04214431717991829,0.04214431717991829,0.03431186452507973,0.03431186452507973,0.023861706256866455,0.023861706256866455,-0.002503114752471447,0.0,0.014406897127628326,0.014406897127628326
[emim]__[Ac]__R1234yf__333.15__0.478,L2,M0,R1234YF,HFO,EMIM,AC,333.15,0.478,0.017,0.026681417785584926,0.019229217326830226,0.009681417785584925,0.04858268052339554,0.04858268052339554,0.04073235020041466,0.04073235020041466,0.02715064212679863,0.02715064212679863,0.00014973711222410202,0.00014973711222410202,0.016791678965091705,0.016791678965091705
[emim]__[Ac]__R1234yf__333.15__0.545,L2,M0,R1234YF,HFO,EMIM,AC,333.15,0.545,0.02,0.030853157863020897,0.020998215941601544,0.010853157863020896,0.055021241307258606,0.055021241307258606,0.046927500516176224,0.046927500516176224,0.030648965388536453,0.030648965388536453,0.0030994508415460587,0.0030994508415460587,0.018568631261587143,0.018568631261587143
[emim]__[Ac]__R1234yf__343.15__0.094,L2,M0,R1234YF,HFO,EMIM,AC,343.15,0.094,0.003,0.004811596125364304,0.006590908006647762,0.0018115961253643035,0.011779647320508957,0.011779647320508957,0.012278333306312561,0.012278333306312561,-0.0015808045864105225,0.0,-0.016290955245494843,0.0,-0.007291845977306366,0.0
[emim]__[Ac]__R1234yf__343.15__0.189,L2,M0,R1234YF,HFO,EMIM,AC,343.15,0.189,0.006,0.008230967819690705,0.009440702458207953,0.0022309678196907046,0.018435973674058914,0.018435973674058914,0.01833413913846016,0.01833413913846016,0.004384726285934448,0.004384726285934448,-0.012623240239918232,0.0,-0.001469053328037262,0.0
[emim]__[Ac]__R1234yf__343.15__0.271,L2,M0,R1234YF,HFO,EMIM,AC,343.15,0.271,0.009,0.011138863861560822,0.010418632095497144,0.002138863861560822,0.02348896861076355,0.02348896861076355,0.020352430641651154,0.020352430641651154,0.008956648409366608,0.008956648409366608,-0.00969430897384882,0.0,0.0028962716460227966,0.0028962716460227966
[emim]__[Ac]__R1234yf__343.15__0.35,L2,M0,R1234YF,HFO,EMIM,AC,343.15,0.35,0.01,0.014550169557332992,0.01207935459879428,0.004550169557332992,0.029223516583442688,0.029223516583442688,0.023959103971719742,0.023959103971719742,0.013150867074728012,0.013150867074728012,-0.007551935501396656,0.0,0.006417360156774521,0.006417360156774521
[emim]__[Ac]__R1234yf__343.15__0.424,L2,M0,R1234YF,HFO,EMIM,AC,343.15,0.424,0.013,0.017983986437320708,0.014270632106079904,0.0049839864373207084,0.035259880125522614,0.035259880125522614,0.028744399547576904,0.028744399547576904,0.016591861844062805,0.016591861844062805,-0.005417763255536556,0.0,0.009323790669441223,0.009323790669441223
[emim]__[Ac]__R1234yf__343.15__0.496,L2,M0,R1234YF,HFO,EMIM,AC,343.15,0.496,0.015,0.02127958759665489,0.016605083152239235,0.006279587596654892,0.0409742034971714,0.0409742034971714,0.033998578786849976,0.033998578786849976,0.020097807049751282,0.020097807049751282,-0.003146595321595669,0.0,0.0113273486495018,0.0113273486495018
[emim]__[Ac]__R1234yf__343.15__0.568,L2,M0,R1234YF,HFO,EMIM,AC,343.15,0.568,0.018,0.02448887899518013,0.01907427696866642,0.006488878995180133,0.04660717025399208,0.04660717025399208,0.039624668657779694,0.039624668657779694,0.023389309644699097,0.023389309644699097,-3.402959555387497e-05,0.0,0.012823246419429779,0.012823246419429779
[emim]__[BF4]__R1234yf__283.15__0.0592,L2,M0,R1234YF,HFO,EMIM,BF4,283.15,0.0592,0.0065,0.004442685842514038,0.0058937689547460675,0.002057314157485962,-0.0002485811710357666,0.0,0.011691004037857056,0.011691004037857056,0.010035783052444458,0.010035783052444458,-0.0076655009761452675,0.0,0.00048664212226867676,0.00048664212226867676
[emim]__[BF4]__R1234yf__283.15__0.1096,L2,M0,R1234YF,HFO,EMIM,BF4,283.15,0.1096,0.0121,0.014800097048282623,0.009905698214518513,0.002700097048282623,0.013383783400058746,0.013383783400058746,0.025806080549955368,0.025806080549955368,0.02169113978743553,0.02169113978743553,-0.0015376228839159012,0.0,0.01311948150396347,0.01311948150396347
[emim]__[BF4]__R1234yf__283.15__0.1594,L2,M0,R1234YF,HFO,EMIM,BF4,283.15,0.1594,0.0174,0.025503636337816715,0.013672932473675225,0.008103636337816716,0.027500402182340622,0.027500402182340622,0.041641827672719955,0.041641827672719955,0.03174680098891258,0.03174680098891258,0.00473423395305872,0.00473423395305872,0.021894916892051697,0.021894916892051697
[emim]__[BF4]__R1234yf__283.15__0.2062,L2,M0,R1234YF,HFO,EMIM,BF4,283.15,0.2062,0.0228,0.03695612475275993,0.016005832538641407,0.01415612475275993,0.04023168608546257,0.04023168608546257,0.05708165466785431,0.05708165466785431,0.042929161339998245,0.042929161339998245,0.013846365734934807,0.013846365734934807,0.030691755935549736,0.030691755935549736
[emim]__[BF4]__R1234yf__283.15__0.2512,L2,M0,R1234YF,HFO,EMIM,BF4,283.15,0.2512,0.0279,0.0479870043694973,0.017795125641495244,0.0200870043694973,0.05195034295320511,0.05195034295320511,0.07184741646051407,0.07184741646051407,0.052723780274391174,0.052723780274391174,0.023672200739383698,0.023672200739383698,0.03974128141999245,0.03974128141999245
[emim]__[BF4]__R1234yf__283.15__0.2972,L2,M0,R1234YF,HFO,EMIM,BF4,283.15,0.2972,0.0337,0.05876641422510147,0.01940395578737404,0.025066414225101467,0.06422527879476547,0.06422527879476547,0.08590811491012573,0.08590811491012573,0.06196612864732742,0.06196612864732742,0.034213654696941376,0.034213654696941376,0.04751889407634735,0.04751889407634735
[emim]__[BF4]__R1234yf__283.15__0.3411,L2,M0,R1234YF,HFO,EMIM,BF4,283.15,0.3411,0.0398,0.06877990365028382,0.020321134975549632,0.028979903650283814,0.07658007740974426,0.07658007740974426,0.09776170551776886,0.09776170551776886,0.0695318803191185,0.0695318803191185,0.04521489143371582,0.04521489143371582,0.054810963571071625,0.054810963571071625
[emim]__[BF4]__R1234yf__293.15__0.0618,L2,M0,R1234YF,HFO,EMIM,BF4,293.15,0.0618,0.0052,0.006165590137243271,0.006370244907783657,0.0009655901372432711,-0.0019249990582466125,0.0,0.011602349579334259,0.011602349579334259,0.013672739267349243,0.013672739267349243,-0.0085890619084239,0.0,0.005552861839532852,0.005552861839532852
[emim]__[BF4]__R1234yf__293.15__0.1144,L2,M0,R1234YF,HFO,EMIM,BF4,293.15,0.1144,0.0095,0.01398363709449768,0.009332902161972505,0.004483637094497681,0.01051345095038414,0.01051345095038414,0.02277297154068947,0.02277297154068947,0.021924126893281937,0.021924126893281937,-0.003974929451942444,0.0,0.014707636088132858,0.014707636088132858
[emim]__[BF4]__R1234yf__293.15__0.1665,L2,M0,R1234YF,HFO,EMIM,BF4,293.15,0.1665,0.0139,0.02168568130582571,0.012672354114434719,0.007785681305825711,0.022012770175933838,0.022012770175933838,0.03259065002202988,0.03259065002202988,0.030214667320251465,0.030214667320251465,0.0005061356350779533,0.0005061356350779533,0.02310418337583542,0.02310418337583542
[emim]__[BF4]__R1234yf__293.15__0.2158,L2,M0,R1234YF,HFO,EMIM,BF4,293.15,0.2158,0.0178,0.029726914688944818,0.014191477753010362,0.011926914688944818,0.0315132737159729,0.0315132737159729,0.043533407151699066,0.043533407151699066,0.03756110742688179,0.03756110742688179,0.00626617856323719,0.00626617856323719,0.029760606586933136,0.029760606586933136
[emim]__[BF4]__R1234yf__293.15__0.2632,L2,M0,R1234YF,HFO,EMIM,BF4,293.15,0.2632,0.0216,0.037903235480189326,0.015690253447744423,0.016303235480189325,0.04131077602505684,0.04131077602505684,0.05476411432027817,0.05476411432027817,0.044908732175827026,0.044908732175827026,0.012694211676716805,0.012694211676716805,0.03583834320306778,0.03583834320306778
[emim]__[BF4]__R1234yf__293.15__0.3121,L2,M0,R1234YF,HFO,EMIM,BF4,293.15,0.3121,0.0257,0.04616126492619514,0.016889632509616358,0.02046126492619514,0.05042445659637451,0.05042445659637451,0.066414475440979,0.066414475440979,0.05201556161046028,0.05201556161046028,0.020554568618535995,0.020554568618535995,0.04139726236462593,0.04139726236462593
[emim]__[BF4]__R1234yf__293.15__0.3585,L2,M0,R1234YF,HFO,EMIM,BF4,293.15,0.3585,0.0297,0.05358122885227203,0.01809423647776609,0.02388122885227203,0.05888545140624046,0.05888545140624046,0.07660502195358276,0.07660502195358276,0.058555569499731064,0.058555569499731064,0.027653515338897705,0.027653515338897705,0.04620658606290817,0.04620658606290817
[emim]__[BF4]__R1234yf__303.15__0.0643,L2,M0,R1234YF,HFO,EMIM,BF4,303.15,0.0643,0.0042,0.007124806940555573,0.00717230423004663,0.002924806940555573,-0.0005107522010803223,0.0,0.012351065874099731,0.012351065874099731,0.015891939401626587,0.015891939401626587,-0.007610888220369816,0.0,0.007381029427051544,0.007381029427051544
[emim]__[BF4]__R1234yf__303.15__0.1193,L2,M0,R1234YF,HFO,EMIM,BF4,303.15,0.1193,0.0076,0.013730491697788238,0.009249204049063663,0.006130491697788238,0.009568579494953156,0.009568579494953156,0.021339740604162216,0.021339740604162216,0.022447742521762848,0.022447742521762848,-0.005302767269313335,0.0,0.015296395868062973,0.015296395868062973
[emim]__[BF4]__R1234yf__303.15__0.1737,L2,M0,R1234YF,HFO,EMIM,BF4,303.15,0.1737,0.0112,0.01978732571005821,0.01199480749459902,0.008587325710058212,0.018268615007400513,0.018268615007400513,0.02861129119992256,0.02861129119992256,0.029626518487930298,0.029626518487930298,-0.0018522636964917183,0.0,0.02243020385503769,0.02243020385503769
[emim]__[BF4]__R1234yf__303.15__0.2253,L2,M0,R1234YF,HFO,EMIM,BF4,303.15,0.2253,0.0145,0.025627804361283778,0.014130411327250094,0.011127804361283777,0.0263686403632164,0.0263686403632164,0.03557496890425682,0.03557496890425682,0.03635181486606598,0.03635181486606598,0.001600055955350399,0.001600055955350399,0.028243541717529297,0.028243541717529297
[emim]__[BF4]__R1234yf__303.15__0.2752,L2,M0,R1234YF,HFO,EMIM,BF4,303.15,0.2752,0.0175,0.031423102505505084,0.01509922873767253,0.013923102505505082,0.03256309777498245,0.03256309777498245,0.04359011352062225,0.04359011352062225,0.041874028742313385,0.041874028742313385,0.005921185947954655,0.005921185947954655,0.03316708654165268,0.03316708654165268
[emim]__[BF4]__R1234yf__303.15__0.3265,L2,M0,R1234YF,HFO,EMIM,BF4,303.15,0.3265,0.0208,0.03721987772732973,0.015932311845286793,0.01641987772732973,0.03934391215443611,0.03934391215443611,0.051988329738378525,0.051988329738378525,0.046972133219242096,0.046972133219242096,0.010808237828314304,0.010808237828314304,0.03698677569627762,0.03698677569627762
[emim]__[BF4]__R1234yf__303.15__0.3755,L2,M0,R1234YF,HFO,EMIM,BF4,303.15,0.3755,0.0239,0.04270762577652931,0.01698734542631282,0.01880762577652931,0.045797109603881836,0.045797109603881836,0.06015963852405548,0.06015963852405548,0.051606081426143646,0.051606081426143646,0.01518874242901802,0.01518874242901802,0.04078655689954758,0.04078655689954758
[emim]__[BF4]__R1234yf__313.15__0.0671,L2,M0,R1234YF,HFO,EMIM,BF4,313.15,0.0671,0.0035,0.006799567490816116,0.0066692832304494284,0.0032995674908161163,0.0008523613214492798,0.0008523613214492798,0.013316933065652847,0.013316933065652847,0.014063678681850433,0.014063678681850433,-0.007765709422528744,0.0,0.005764864385128021,0.005764864385128021
[emim]__[BF4]__R1234yf__313.15__0.1241,L2,M0,R1234YF,HFO,EMIM,BF4,313.15,0.1241,0.0065,0.01220858171582222,0.008359180718497294,0.005708581715822221,0.009195387363433838,0.009195387363433838,0.01990431919693947,0.01990431919693947,0.020084373652935028,0.020084373652935028,-0.004946143366396427,0.0,0.011858828365802765,0.011858828365802765
[emim]__[BF4]__R1234yf__313.15__0.1807,L2,M0,R1234YF,HFO,EMIM,BF4,313.15,0.1807,0.0095,0.017072317004203797,0.010607787931392809,0.007572317004203797,0.016181547194719315,0.016181547194719315,0.02531709149479866,0.02531709149479866,0.026549052447080612,0.026549052447080612,-0.0022976165637373924,0.0,0.017313893884420395,0.017313893884420395
[emim]__[BF4]__R1234yf__313.15__0.2345,L2,M0,R1234YF,HFO,EMIM,BF4,313.15,0.2345,0.0122,0.02157609984278679,0.012904415672024386,0.009376099842786789,0.021884746849536896,0.021884746849536896,0.030527733266353607,0.030527733266353607,0.03245105221867561,0.03245105221867561,-0.0003879247233271599,0.0,0.02301696687936783,0.02301696687936783
[emim]__[BF4]__R1234yf__313.15__0.2867,L2,M0,R1234YF,HFO,EMIM,BF4,313.15,0.2867,0.0147,0.025881781056523324,0.01408034305885269,0.011181781056523324,0.026494905352592468,0.026494905352592468,0.03571262210607529,0.03571262210607529,0.03739222511649132,0.03739222511649132,0.0022058654576539993,0.0022058654576539993,0.027603287249803543,0.027603287249803543
[emim]__[BF4]__R1234yf__313.15__0.3406,L2,M0,R1234YF,HFO,EMIM,BF4,313.15,0.3406,0.0173,0.030119085870683193,0.014837191019747337,0.012819085870683193,0.031125299632549286,0.031125299632549286,0.041631799191236496,0.041631799191236496,0.04126441478729248,0.04126441478729248,0.005195031873881817,0.005195031873881817,0.03137888386845589,0.03137888386845589
[emim]__[BF4]__R1234yf__313.15__0.3919,L2,M0,R1234YF,HFO,EMIM,BF4,313.15,0.3919,0.02,0.03396897688508034,0.015266754582275784,0.01396897688508034,0.0357537716627121,0.0357537716627121,0.04707318916916847,0.04707318916916847,0.04410526156425476,0.04410526156425476,0.008388958871364594,0.008388958871364594,0.034523703157901764,0.034523703157901764
[emim]__[BF4]__R1234yf__323.15__0.0695,L2,M0,R1234YF,HFO,EMIM,BF4,323.15,0.0695,0.0028,0.0050286099314689634,0.005536095138141848,0.0022286099314689635,0.00024785101413726807,0.00024785101413726807,0.011862333863973618,0.011862333863973618,0.009931385517120361,0.009931385517120361,-0.009300860576331615,0.0,0.003101479262113571,0.003101479262113571
[emim]__[BF4]__R1234yf__323.15__0.1289,L2,M0,R1234YF,HFO,EMIM,BF4,323.15,0.1289,0.0052,0.00993216186761856,0.00706529822353883,0.004732161867618561,0.008075080811977386,0.008075080811977386,0.018021676689386368,0.018021676689386368,0.015338212251663208,0.015338212251663208,-0.006386413238942623,0.0,0.008225839585065842,0.008225839585065842
[emim]__[BF4]__R1234yf__323.15__0.1876,L2,M0,R1234YF,HFO,EMIM,BF4,323.15,0.1876,0.0077,0.013915375620126725,0.008743778350512755,0.006215375620126725,0.014349818229675293,0.014349818229675293,0.02189387008547783,0.02189387008547783,0.020740501582622528,0.020740501582622528,-0.0036078765988349915,0.0,0.012592688202857971,0.012592688202857971
[emim]__[BF4]__R1234yf__323.15__0.2436,L2,M0,R1234YF,HFO,EMIM,BF4,323.15,0.2436,0.0101,0.017134518176317216,0.010399177841997285,0.007034518176317216,0.01830650120973587,0.01830650120973587,0.025673758238554,0.025673758238554,0.025155171751976013,0.025155171751976013,-0.0011512292549014091,0.0,0.01653715968132019,0.01653715968132019
[emim]__[BF4]__R1234yf__323.15__0.298,L2,M0,R1234YF,HFO,EMIM,BF4,323.15,0.298,0.0122,0.020271765440702437,0.011605895972759633,0.008071765440702436,0.021573998034000397,0.021573998034000397,0.02921256050467491,0.02921256050467491,0.029784999787807465,0.029784999787807465,0.0011335834860801697,0.0011335834860801697,0.01965368539094925,0.01965368539094925
[emim]__[BF4]__R1234yf__323.15__0.3543,L2,M0,R1234YF,HFO,EMIM,BF4,323.15,0.3543,0.0145,0.02371356710791588,0.012323777706462674,0.009213567107915878,0.025127064436674118,0.025127064436674118,0.033327631652355194,0.033327631652355194,0.03349149972200394,0.03349149972200394,0.0032850652933120728,0.0032850652933120728,0.02333657443523407,0.02333657443523407
[emim]__[BF4]__R1234yf__323.15__0.4081,L2,M0,R1234YF,HFO,EMIM,BF4,323.15,0.4081,0.017,0.026882639899849892,0.012802138173755138,0.009882639899849891,0.02854657918214798,0.02854657918214798,0.03753662109375,0.03753662109375,0.03610196337103844,0.03610196337103844,0.0055693369358778,0.0055693369358778,0.02665869891643524,0.02665869891643524
[emim]__[BF4]__R1234yf__333.15__0.0723,L2,M0,R1234YF,HFO,EMIM,BF4,333.15,0.0723,0.0023,0.002888130396604538,0.004234916173725609,0.0005881303966045379,-0.0024695172905921936,0.0,0.009362559765577316,0.009362559765577316,0.0050780922174453735,0.0050780922174453735,-0.01210117805749178,0.0,-0.0006409399211406708,0.0
[emim]__[BF4]__R1234yf__333.15__0.1336,L2,M0,R1234YF,HFO,EMIM,BF4,333.15,0.1336,0.0043,0.006994352489709854,0.005970994397355246,0.002694352489709854,0.005474485456943512,0.005474485456943512,0.01551574096083641,0.01551574096083641,0.010053940117359161,0.010053940117359161,-0.00944944191724062,0.0,0.003927595913410187,0.003927595913410187
[emim]__[BF4]__R1234yf__333.15__0.1945,L2,M0,R1234YF,HFO,EMIM,BF4,333.15,0.1945,0.0063,0.010556371510028839,0.0070128181728859856,0.004256371510028839,0.011165041476488113,0.011165041476488113,0.018485307693481445,0.018485307693481445,0.014728449285030365,0.014728449285030365,-0.006308957003057003,0.0,0.008403059095144272,0.008403059095144272
[emim]__[BF4]__R1234yf__333.15__0.2526,L2,M0,R1234YF,HFO,EMIM,BF4,333.15,0.2526,0.0085,0.013249281048774719,0.008121769440700073,0.004749281048774718,0.014772787690162659,0.014772787690162659,0.020958174020051956,0.020958174020051956,0.01829855516552925,0.01829855516552925,-0.0037888018414378166,0.0,0.01221688836812973,0.01221688836812973
[emim]__[BF4]__R1234yf__333.15__0.3092,L2,M0,R1234YF,HFO,EMIM,BF4,333.15,0.3092,0.0105,0.01565747782588005,0.009394101958092654,0.005157477825880051,0.017728164792060852,0.017728164792060852,0.023813296109437943,0.023813296109437943,0.021711163222789764,0.021711163222789764,-0.0010613640770316124,0.0,0.015034765005111694,0.015034765005111694
[emim]__[BF4]__R1234yf__333.15__0.3678,L2,M0,R1234YF,HFO,EMIM,BF4,333.15,0.3678,0.0125,0.018381962552666664,0.01022646626946944,0.005881962552666663,0.020514793694019318,0.020514793694019318,0.02723509818315506,0.02723509818315506,0.02527783066034317,0.02527783066034317,0.0014422181993722916,0.0014422181993722916,0.01743987202644348,0.01743987202644348
[emim]__[BF4]__R1234yf__333.15__0.4239,L2,M0,R1234YF,HFO,EMIM,BF4,333.15,0.4239,0.0142,0.020841035060584545,0.01079320182397513,0.006641035060584544,0.02304619550704956,0.02304619550704956,0.03047006018459797,0.03047006018459797,0.027818389236927032,0.027818389236927032,0.0029862569645047188,0.0029862569645047188,0.019884273409843445,0.019884273409843445
[emim]__[BF4]__R1234yf__343.15__0.0749,L2,M0,R1234YF,HFO,EMIM,BF4,343.15,0.0749,0.0019,0.0013955056667327881,0.002568465560596143,0.0005044943332672119,-0.005234815180301666,0.0,0.005915932357311249,0.005915932357311249,0.0010615959763526917,0.0010615959763526917,-0.014511709101498127,0.0,-0.004429154098033905,0.0
[emim]__[BF4]__R1234yf__343.15__0.1382,L2,M0,R1234YF,HFO,EMIM,BF4,343.15,0.1382,0.0037,0.0037642598152160646,0.004777074844803094,6.425981521606446e-05,0.0021641887724399567,0.0021641887724399567,0.011583048850297928,0.011583048850297928,0.004818066954612732,0.004818066954612732,-0.012339980341494083,0.0,0.0002559944987297058,0.0002559944987297058
[emim]__[BF4]__R1234yf__343.15__0.2014,L2,M0,R1234YF,HFO,EMIM,BF4,343.15,0.2014,0.0053,0.006869220733642578,0.00549411219322513,0.0015692207336425778,0.007306154817342758,0.007306154817342758,0.014797721058130264,0.014797721058130264,0.008287161588668823,0.008287161588668823,-0.009117127396166325,0.0,0.003955066204071045,0.003955066204071045
[emim]__[BF4]__R1234yf__343.15__0.2618,L2,M0,R1234YF,HFO,EMIM,BF4,343.15,0.2618,0.007,0.009333042055368423,0.006206365957161354,0.002333042055368423,0.010664544999599457,0.010664544999599457,0.016827616840600967,0.016827616840600967,0.011696048080921173,0.011696048080921173,-0.00645293015986681,0.0,0.00747700035572052,0.00747700035572052
[emim]__[BF4]__R1234yf__343.15__0.3203,L2,M0,R1234YF,HFO,EMIM,BF4,343.15,0.3203,0.0086,0.011557261645793914,0.007210247490526888,0.002957261645793914,0.01372668519616127,0.01372668519616127,0.019092053174972534,0.019092053174972534,0.014848526567220688,0.014848526567220688,-0.0039212340489029884,0.0,0.010119043290615082,0.010119043290615082
[emim]__[BF4]__R1234yf__343.15__0.3813,L2,M0,R1234YF,HFO,EMIM,BF4,343.15,0.3813,0.0102,0.013737891614437104,0.008404516453598562,0.0035378916144371032,0.016231942921876907,0.016231942921876907,0.02215743437409401,0.02215743437409401,0.017671607434749603,0.017671607434749603,-0.002010386437177658,0.0,0.012628473341464996,0.012628473341464996
[emim]__[BF4]__R1234yf__343.15__0.4399,L2,M0,R1234YF,HFO,EMIM,BF4,343.15,0.4399,0.0119,0.01567878872156143,0.009530086535482388,0.0037787887215614303,0.018557220697402954,0.018557220697402954,0.025014091283082962,0.025014091283082962,0.020242325961589813,0.020242325961589813,-0.00045215804129838943,0.0,0.01458030566573143,0.01458030566573143
[emim]__[BF4]__R1234yf__303.15__0.0607,L2,M0,R1234YF,HFO,EMIM,BF4,303.15,0.0607,0.0038,0.006796091794967651,0.006905020886577976,0.0029960917949676514,-0.0012040212750434875,0.0,0.011664386838674545,0.011664386838674545,0.01543530821800232,0.01543530821800232,-0.007772074081003666,0.0,0.006880763918161392,0.006880763918161392
[emim]__[BF4]__R1234yf__303.15__0.1411,L2,M0,R1234YF,HFO,EMIM,BF4,303.15,0.1411,0.0087,0.016265446692705153,0.01034252306049878,0.007565446692705154,0.013166386634111404,0.013166386634111404,0.02450762316584587,0.02450762316584587,0.025284618139266968,0.025284618139266968,-0.004168551415205002,0.0,0.01836860552430153,0.01836860552430153
[emim]__[BF4]__R1234yf__303.15__0.2323,L2,M0,R1234YF,HFO,EMIM,BF4,303.15,0.2323,0.0147,0.026463049463927746,0.014281053897585026,0.011763049463927746,0.0273464135825634,0.0273464135825634,0.03664252161979675,0.03664252161979675,0.03720123693346977,0.03720123693346977,0.002175210975110531,0.002175210975110531,0.028949864208698273,0.028949864208698273
[emim]__[BF4]__R1234yf__303.15__0.3263,L2,M0,R1234YF,HFO,EMIM,BF4,303.15,0.3263,0.0207,0.0371977349743247,0.015927528855946706,0.0164977349743247,0.039317160844802856,0.039317160844802856,0.051953159272670746,0.051953159272670746,0.04695413261651993,0.04695413261651993,0.010791442357003689,0.010791442357003689,0.0369727797806263,0.0369727797806263
[emim]__[BF4]__R1234yf__303.15__0.4223,L2,M0,R1234YF,HFO,EMIM,BF4,303.15,0.4223,0.0277,0.04805580601096153,0.017334467937927867,0.02035580601096153,0.05145712196826935,0.05145712196826935,0.06757883727550507,0.06757883727550507,0.055980026721954346,0.055980026721954346,0.020999517291784286,0.020999517291784286,0.04426352679729462,0.04426352679729462
[emim]__[BF4]__R1234ze(E)__283.15__0.05,L2,M0,R1234ZE(E),HFO,EMIM,BF4,283.15,0.05,0.0269,0.03356275837868452,0.02354005114549433,0.006662758378684519,0.06916738301515579,0.06916738301515579,0.038831256330013275,0.038831256330013275,0.03336499631404877,0.03336499631404877,0.006376425735652447,0.006376425735652447,0.020073730498552322,0.020073730498552322
[emim]__[BF4]__R1234ze(E)__283.15__0.095,L2,M0,R1234ZE(E),HFO,EMIM,BF4,283.15,0.095,0.0501,0.05514040179550648,0.03574118973515974,0.00504040179550648,0.11037235707044601,0.11037235707044601,0.06454820185899734,0.06454820185899734,0.04887322708964348,0.04887322708964348,0.015284096822142601,0.015284096822142601,0.03662412613630295,0.03662412613630295
[emim]__[BF4]__R1234ze(E)__283.15__0.14,L2,M0,R1234ZE(E),HFO,EMIM,BF4,283.15,0.14,0.0738,0.07818141728639602,0.050157289276154905,0.004381417286396017,0.15643250942230225,0.15643250942230225,0.09469026327133179,0.09469026327133179,0.06337478756904602,0.06337478756904602,0.026985645294189453,0.026985645294189453,0.049423880875110626,0.049423880875110626
[emim]__[BF4]__R1234ze(E)__283.15__0.182,L2,M0,R1234ZE(E),HFO,EMIM,BF4,283.15,0.182,0.098,0.10190474316477775,0.06651976393258702,0.003904743164777749,0.20649310946464539,0.20649310946464539,0.1254814714193344,0.1254814714193344,0.07757312059402466,0.07757312059402466,0.03944749757647514,0.03944749757647514,0.06052851676940918,0.06052851676940918
[emim]__[BF4]__R1234ze(E)__283.15__0.221,L2,M0,R1234ZE(E),HFO,EMIM,BF4,283.15,0.221,0.123,0.12510965913534164,0.08358295021734433,0.0021096591353416405,0.25685691833496094,0.25685691833496094,0.15661761164665222,0.15661761164665222,0.08959078043699265,0.08959078043699265,0.05190150439739227,0.05190150439739227,0.07058148086071014,0.07058148086071014
[emim]__[BF4]__R1234ze(E)__283.15__0.259,L2,M0,R1234ZE(E),HFO,EMIM,BF4,283.15,0.259,0.1511,0.1475748747587204,0.10009460568595929,0.0035251252412796252,0.3061612844467163,0.3061612844467163,0.1852894425392151,0.1852894425392151,0.10085944086313248,0.10085944086313248,0.06461407989263535,0.06461407989263535,0.08095012605190277,0.08095012605190277
[emim]__[BF4]__R1234ze(E)__283.15__0.294,L2,M0,R1234ZE(E),HFO,EMIM,BF4,283.15,0.294,0.1814,0.16769312918186188,0.11428460154085632,0.013706870818138123,0.3489428460597992,0.3489428460597992,0.2116273194551468,0.2116273194551468,0.1104089766740799,0.1104089766740799,0.07720223814249039,0.07720223814249039,0.09028426557779312,0.09028426557779312
[emim]__[BF4]__R1234ze(E)__293.15__0.054,L2,M0,R1234ZE(E),HFO,EMIM,BF4,293.15,0.054,0.0213,0.02943430133163929,0.019098290776070562,0.008134301331639289,0.054569318890571594,0.054569318890571594,0.03403671830892563,0.03403671830892563,0.03391920402646065,0.03391920402646065,0.0023149121552705765,0.0023149121552705765,0.022331353276968002,0.022331353276968002
[emim]__[BF4]__R1234ze(E)__293.15__0.103,L2,M0,R1234ZE(E),HFO,EMIM,BF4,293.15,0.103,0.0376,0.0460831131786108,0.026477159519488785,0.0084831131786108,0.08389804512262344,0.08389804512262344,0.053157877177000046,0.053157877177000046,0.045378025621175766,0.045378025621175766,0.010809352621436119,0.010809352621436119,0.037172265350818634,0.037172265350818634
[emim]__[BF4]__R1234ze(E)__293.15__0.153,L2,M0,R1234ZE(E),HFO,EMIM,BF4,293.15,0.153,0.0555,0.06346869394183159,0.03633813301401427,0.00796869394183159,0.11668954789638519,0.11668954789638519,0.07688666135072708,0.07688666135072708,0.05684597045183182,0.05684597045183182,0.01889163628220558,0.01889163628220558,0.04802965372800827,0.04802965372800827
[emim]__[BF4]__R1234ze(E)__293.15__0.199,L2,M0,R1234ZE(E),HFO,EMIM,BF4,293.15,0.199,0.0742,0.0815289169549942,0.04768339609294488,0.0073289169549942,0.15297339856624603,0.15297339856624603,0.10100461542606354,0.10100461542606354,0.06868346035480499,0.06868346035480499,0.028378240764141083,0.028378240764141083,0.05660486966371536,0.05660486966371536
[emim]__[BF4]__R1234ze(E)__293.15__0.243,L2,M0,R1234ZE(E),HFO,EMIM,BF4,293.15,0.243,0.0923,0.09995452389121055,0.060016638984483686,0.00765452389121056,0.1917904019355774,0.1917904019355774,0.1248367577791214,0.1248367577791214,0.07904458791017532,0.07904458791017532,0.03924018517136574,0.03924018517136574,0.06486068665981293,0.06486068665981293
[emim]__[BF4]__R1234ze(E)__293.15__0.286,L2,M0,R1234ZE(E),HFO,EMIM,BF4,293.15,0.286,0.1127,0.11907176822423934,0.0745033611243538,0.006371768224239349,0.23480702936649323,0.23480702936649323,0.1495881825685501,0.1495881825685501,0.0885121300816536,0.0885121300816536,0.05002561956644058,0.05002561956644058,0.07242587953805923,0.07242587953805923
[emim]__[BF4]__R1234ze(E)__293.15__0.327,L2,M0,R1234ZE(E),HFO,EMIM,BF4,293.15,0.327,0.1338,0.13632622063159944,0.08816794379174256,0.002526220631599435,0.2747378945350647,0.2747378945350647,0.17140407860279083,0.17140407860279083,0.09627903997898102,0.09627903997898102,0.05963282287120819,0.05963282287120819,0.07957726716995239,0.07957726716995239
[emim]__[BF4]__R1234ze(E)__303.15__0.058,L2,M0,R1234ZE(E),HFO,EMIM,BF4,303.15,0.058,0.0164,0.02808429952710867,0.018106710959196005,0.011684299527108668,0.04947476461529732,0.04947476461529732,0.03379538282752037,0.03379538282752037,0.03419908881187439,0.03419908881187439,0.0007013855502009392,0.0007013855502009392,0.02225087583065033,0.02225087583065033
[emim]__[BF4]__R1234ze(E)__303.15__0.111,L2,M0,R1234ZE(E),HFO,EMIM,BF4,303.15,0.111,0.0294,0.040580719243735075,0.02334320799975434,0.011180719243735076,0.07109948247671127,0.07109948247671127,0.0469406358897686,0.0469406358897686,0.04345768690109253,0.04345768690109253,0.00639825826510787,0.00639825826510787,0.0350075326859951,0.0350075326859951
[emim]__[BF4]__R1234ze(E)__303.15__0.164,L2,M0,R1234ZE(E),HFO,EMIM,BF4,303.15,0.164,0.0428,0.05368754975497723,0.028262652316435013,0.01088754975497723,0.09120789915323257,0.09120789915323257,0.06499174237251282,0.06499174237251282,0.05340605974197388,0.05340605974197388,0.013903843238949776,0.013903843238949776,0.04492820426821709,0.04492820426821709
[emim]__[BF4]__R1234ze(E)__303.15__0.213,L2,M0,R1234ZE(E),HFO,EMIM,BF4,303.15,0.213,0.0569,0.06650475636124611,0.034883182511680204,0.009604756361246115,0.11435340344905853,0.11435340344905853,0.08258001506328583,0.08258001506328583,0.06251911073923111,0.06251911073923111,0.02060992643237114,0.02060992643237114,0.052461326122283936,0.052461326122283936
[emim]__[BF4]__R1234ze(E)__303.15__0.261,L2,M0,R1234ZE(E),HFO,EMIM,BF4,303.15,0.261,0.0706,0.08017337918281556,0.043720123360940714,0.009573379182815561,0.1434459090232849,0.1434459090232849,0.10021528601646423,0.10021528601646423,0.06987882405519485,0.06987882405519485,0.028353698551654816,0.028353698551654816,0.05897317826747894,0.05897317826747894
[emim]__[BF4]__R1234ze(E)__303.15__0.309,L2,M0,R1234ZE(E),HFO,EMIM,BF4,303.15,0.309,0.0859,0.09421290680766106,0.053085111274456954,0.008312906807661058,0.1738625019788742,0.1738625019788742,0.11781519651412964,0.11781519651412964,0.07688452303409576,0.07688452303409576,0.037479933351278305,0.037479933351278305,0.06502237915992737,0.06502237915992737
[emim]__[BF4]__R1234ze(E)__303.15__0.354,L2,M0,R1234ZE(E),HFO,EMIM,BF4,303.15,0.354,0.1018,0.10752929523587226,0.06284220234731193,0.0057292952358722615,0.20349949598312378,0.20349949598312378,0.13549304008483887,0.13549304008483887,0.08246199786663055,0.08246199786663055,0.04608258977532387,0.04608258977532387,0.07010935246944427,0.07010935246944427
[emim]__[BF4]__R1234ze(E)__313.15__0.061,L2,M0,R1234ZE(E),HFO,EMIM,BF4,313.15,0.061,0.0133,0.025601141341030597,0.016640753140377638,0.012301141341030598,0.04435237497091293,0.04435237497091293,0.033003613352775574,0.033003613352775574,0.030974265187978745,0.030974265187978745,0.00047256890684366226,0.00047256890684366226,0.019202884286642075,0.019202884286642075
[emim]__[BF4]__R1234ze(E)__313.15__0.117,L2,M0,R1234ZE(E),HFO,EMIM,BF4,313.15,0.117,0.0232,0.034719396848231554,0.0198970303402115,0.011519396848231556,0.05918863043189049,0.05918863043189049,0.042856354266405106,0.042856354266405106,0.03790544345974922,0.03790544345974922,0.005249152425676584,0.005249152425676584,0.02839740365743637,0.02839740365743637
[emim]__[BF4]__R1234ze(E)__313.15__0.173,L2,M0,R1234ZE(E),HFO,EMIM,BF4,313.15,0.173,0.0339,0.04390227422118187,0.022413576662923342,0.01000227422118187,0.07200735807418823,0.07200735807418823,0.05292819067835808,0.05292819067835808,0.04648984968662262,0.04648984968662262,0.010954201221466064,0.010954201221466064,0.03713177144527435,0.03713177144527435
[emim]__[BF4]__R1234ze(E)__313.15__0.226,L2,M0,R1234ZE(E),HFO,EMIM,BF4,313.15,0.226,0.0445,0.053969023376703264,0.026651878631064795,0.009469023376703266,0.08878295123577118,0.08878295123577118,0.06621012091636658,0.06621012091636658,0.05350136011838913,0.05350136011838913,0.01663919910788536,0.01663919910788536,0.044711485505104065,0.044711485505104065
[emim]__[BF4]__R1234ze(E)__313.15__0.277,L2,M0,R1234ZE(E),HFO,EMIM,BF4,313.15,0.277,0.0553,0.06395719945430756,0.032313093790516084,0.008657199454307554,0.10825135558843613,0.10825135558843613,0.08005455881357193,0.08005455881357193,0.058648593723773956,0.058648593723773956,0.022094395011663437,0.022094395011663437,0.05073709413409233,0.05073709413409233
[emim]__[BF4]__R1234ze(E)__313.15__0.328,L2,M0,R1234ZE(E),HFO,EMIM,BF4,313.15,0.328,0.0674,0.07392516508698463,0.038473535310126664,0.006525165086984627,0.12945601344108582,0.12945601344108582,0.09222819656133652,0.09222819656133652,0.06356428563594818,0.06356428563594818,0.028397057205438614,0.028397057205438614,0.055980272591114044,0.055980272591114044
[emim]__[BF4]__R1234ze(E)__313.15__0.378,L2,M0,R1234ZE(E),HFO,EMIM,BF4,313.15,0.378,0.0797,0.08374818488955497,0.044834864239104946,0.004048184889554982,0.14964857697486877,0.14964857697486877,0.10580465942621231,0.10580465942621231,0.06863074749708176,0.06863074749708176,0.03448358178138733,0.03448358178138733,0.060173358768224716,0.060173358768224716
[emim]__[BF4]__R1234ze(E)__323.15__0.064,L2,M0,R1234ZE(E),HFO,EMIM,BF4,323.15,0.064,0.0105,0.022059447318315505,0.015106542405743262,0.011559447318315505,0.03950704634189606,0.03950704634189606,0.03095528855919838,0.03095528855919838,0.024008922278881073,0.024008922278881073,-0.001231493428349495,0.0,0.01582597941160202,0.01582597941160202
[emim]__[BF4]__R1234ze(E)__323.15__0.123,L2,M0,R1234ZE(E),HFO,EMIM,BF4,323.15,0.123,0.0187,0.029036666080355645,0.017311293638717796,0.010336666080355644,0.05028184503316879,0.05028184503316879,0.03798545151948929,0.03798545151948929,0.030202902853488922,0.030202902853488922,0.004023989662528038,0.004023989662528038,0.02268914133310318,0.02268914133310318
[emim]__[BF4]__R1234ze(E)__323.15__0.182,L2,M0,R1234ZE(E),HFO,EMIM,BF4,323.15,0.182,0.0273,0.035421529598534104,0.01827746657550213,0.008121529598534103,0.05823686718940735,0.05823686718940735,0.044050972908735275,0.044050972908735275,0.036540597677230835,0.036540597677230835,0.008897491730749607,0.008897491730749607,0.02938171848654747,0.02938171848654747
[emim]__[BF4]__R1234ze(E)__323.15__0.238,L2,M0,R1234ZE(E),HFO,EMIM,BF4,323.15,0.238,0.0358,0.0431096576154232,0.02111097284993351,0.007309657615423203,0.07081400603055954,0.07081400603055954,0.052914127707481384,0.052914127707481384,0.04258296638727188,0.04258296638727188,0.01378074660897255,0.01378074660897255,0.03545644134283066,0.03545644134283066
[emim]__[BF4]__R1234ze(E)__323.15__0.292,L2,M0,R1234ZE(E),HFO,EMIM,BF4,323.15,0.292,0.0445,0.05092078372836113,0.025035144833831652,0.006420783728361135,0.08546549081802368,0.08546549081802368,0.06247188150882721,0.06247188150882721,0.04766574501991272,0.04766574501991272,0.018275242298841476,0.018275242298841476,0.04072555899620056,0.04072555899620056
[emim]__[BF4]__R1234ze(E)__323.15__0.346,L2,M0,R1234ZE(E),HFO,EMIM,BF4,323.15,0.346,0.054,0.05860385671257973,0.02913805210639129,0.004603856712579728,0.10023970901966095,0.10023970901966095,0.07243938744068146,0.07243938744068146,0.05184398591518402,0.05184398591518402,0.023315656930208206,0.023315656930208206,0.045180544257164,0.045180544257164
[emim]__[BF4]__R1234ze(E)__323.15__0.399,L2,M0,R1234ZE(E),HFO,EMIM,BF4,323.15,0.399,0.0641,0.06555235609412194,0.033161491753360785,0.0014523560941219343,0.11420146375894547,0.11420146375894547,0.08143758028745651,0.08143758028745651,0.0551803782582283,0.0551803782582283,0.0283394493162632,0.0283394493162632,0.048602908849716187,0.048602908849716187
[emim]__[BF4]__R1234ze(E)__333.15__0.067,L2,M0,R1234ZE(E),HFO,EMIM,BF4,333.15,0.067,0.0082,0.018164413422346114,0.013245781519124237,0.009964413422346113,0.03391798585653305,0.03391798585653305,0.026766959577798843,0.026766959577798843,0.018974296748638153,0.018974296748638153,-0.004348611459136009,0.0,0.011162824928760529,0.011162824928760529
[emim]__[BF4]__R1234ze(E)__333.15__0.128,L2,M0,R1234ZE(E),HFO,EMIM,BF4,333.15,0.128,0.0151,0.02337935660034418,0.016005905516244312,0.00827935660034418,0.04257325828075409,0.04257325828075409,0.03294689953327179,0.03294689953327179,0.02348431572318077,0.02348431572318077,0.00033898744732141495,0.00033898744732141495,0.01755332201719284,0.01755332201719284
[emim]__[BF4]__R1234ze(E)__333.15__0.191,L2,M0,R1234ZE(E),HFO,EMIM,BF4,333.15,0.191,0.022,0.02842407850548625,0.01584155071410613,0.00642407850548625,0.04755751043558121,0.04755751043558121,0.0376042015850544,0.0376042015850544,0.028072059154510498,0.028072059154510498,0.0054319738410413265,0.0054319738410413265,0.02345464751124382,0.02345464751124382
[emim]__[BF4]__R1234ze(E)__333.15__0.249,L2,M0,R1234ZE(E),HFO,EMIM,BF4,333.15,0.249,0.0289,0.03432641699910164,0.017466845926123718,0.005426416999101642,0.057123664766550064,0.057123664766550064,0.043501608073711395,0.043501608073711395,0.03232066333293915,0.03232066333293915,0.010303162038326263,0.010303162038326263,0.028382986783981323,0.028382986783981323
[emim]__[BF4]__R1234ze(E)__333.15__0.306,L2,M0,R1234ZE(E),HFO,EMIM,BF4,333.15,0.306,0.0363,0.0408159963786602,0.02032975564300446,0.004515996378660202,0.06924644112586975,0.06924644112586975,0.05075827240943909,0.05075827240943909,0.036481667309999466,0.036481667309999466,0.015195511281490326,0.015195511281490326,0.03239808976650238,0.03239808976650238
[emim]__[BF4]__R1234ze(E)__333.15__0.363,L2,M0,R1234ZE(E),HFO,EMIM,BF4,333.15,0.363,0.0441,0.04664494395256043,0.02301558700227494,0.0025449439525604273,0.07990588247776031,0.07990588247776031,0.05747203156352043,0.05747203156352043,0.040268100798130035,0.040268100798130035,0.019315205514431,0.019315205514431,0.03626349940896034,0.03626349940896034
[emim]__[BF4]__R1234ze(E)__333.15__0.418,L2,M0,R1234ZE(E),HFO,EMIM,BF4,333.15,0.418,0.0525,0.05201394334435463,0.0261227880411225,0.00048605665564536993,0.09030300378799438,0.09030300378799438,0.06471798568964005,0.06471798568964005,0.04339320957660675,0.04339320957660675,0.02276148647069931,0.02276148647069931,0.03889403119683266,0.03889403119683266
[emim]__[BF4]__R1234ze(E)__343.15__0.07,L2,M0,R1234ZE(E),HFO,EMIM,BF4,343.15,0.07,0.0063,0.014560455828905106,0.011672608044093884,0.008260455828905106,0.02914734184741974,0.02914734184741974,0.02191002294421196,0.02191002294421196,0.015288121998310089,0.015288121998310089,-0.008376986719667912,0.0,0.00645679235458374,0.00645679235458374
[emim]__[BF4]__R1234ze(E)__343.15__0.134,L2,M0,R1234ZE(E),HFO,EMIM,BF4,343.15,0.134,0.012,0.019358703494071962,0.014385621436869549,0.007358703494071962,0.037461187690496445,0.037461187690496445,0.02834589034318924,0.02834589034318924,0.018201690167188644,0.018201690167188644,-0.0037790602073073387,0.0,0.012784749269485474,0.012784749269485474
[emim]__[BF4]__R1234ze(E)__343.15__0.198,L2,M0,R1234ZE(E),HFO,EMIM,BF4,343.15,0.198,0.0181,0.022822179831564426,0.01477171001051152,0.004722179831564425,0.0402241088449955,0.0402241088449955,0.03276330977678299,0.03276330977678299,0.021054081618785858,0.021054081618785858,0.001638420857489109,0.001638420857489109,0.018430978059768677,0.018430978059768677
[emim]__[BF4]__R1234ze(E)__343.15__0.26,L2,M0,R1234ZE(E),HFO,EMIM,BF4,343.15,0.26,0.0235,0.02747658845037222,0.01541560330594443,0.003976588450372218,0.047358039766550064,0.047358039766550064,0.03668686002492905,0.03668686002492905,0.024180028587579727,0.024180028587579727,0.006613469682633877,0.006613469682633877,0.02254454419016838,0.02254454419016838
[emim]__[BF4]__R1234ze(E)__343.15__0.319,L2,M0,R1234ZE(E),HFO,EMIM,BF4,343.15,0.319,0.0289,0.03256154507398605,0.01742003184012666,0.003661545073986052,0.056457508355379105,0.056457508355379105,0.042338691651821136,0.042338691651821136,0.027176201343536377,0.027176201343536377,0.010732624679803848,0.010732624679803848,0.0261026993393898,0.0261026993393898
[emim]__[BF4]__R1234ze(E)__343.15__0.379,L2,M0,R1234ZE(E),HFO,EMIM,BF4,343.15,0.379,0.035,0.037375114485621454,0.01991204621012327,0.0023751144856214504,0.06586763262748718,0.06586763262748718,0.04774279519915581,0.04774279519915581,0.02991762012243271,0.02991762012243271,0.013993697240948677,0.013993697240948677,0.029353827238082886,0.029353827238082886
[emim]__[BF4]__R1234ze(E)__343.15__0.438,L2,M0,R1234ZE(E),HFO,EMIM,BF4,343.15,0.438,0.0409,0.04197241924703121,0.022284930434991728,0.001072419247031213,0.07464025914669037,0.07464025914669037,0.053270988166332245,0.053270988166332245,0.032942961901426315,0.032942961901426315,0.01743992604315281,0.01743992604315281,0.03156796097755432,0.03156796097755432
[emim]__[OTf]__R1234yf__283.15__0.0511,L2,M0,R1234YF,HFO,EMIM,OTF,283.15,0.0511,0.0163,0.012961935065686703,0.007934452717995831,0.003338064934313295,0.013102617114782333,0.013102617114782333,0.02255069836974144,0.02255069836974144,0.017458423972129822,0.017458423972129822,0.0014642802998423576,0.0014642802998423576,0.010233655571937561,0.010233655571937561
[emim]__[OTf]__R1234yf__283.15__0.143,L2,M0,R1234YF,HFO,EMIM,OTF,283.15,0.143,0.0471,0.040512708574533464,0.015860284292051503,0.006587291425466539,0.04505809396505356,0.04505809396505356,0.06029892712831497,0.06029892712831497,0.04341979697346687,0.04341979697346687,0.01653442531824112,0.01653442531824112,0.03725229948759079,0.03725229948759079
[emim]__[OTf]__R1234yf__283.15__0.2804,L2,M0,R1234YF,HFO,EMIM,OTF,283.15,0.2804,0.0972,0.08490047231316566,0.02686136986834143,0.01229952768683433,0.09926058351993561,0.09926058351993561,0.12173222005367279,0.12173222005367279,0.08080397546291351,0.08080397546291351,0.05141361430287361,0.05141361430287361,0.0712919682264328,0.0712919682264328
[emim]__[OTf]__R1234yf__283.15__0.3731,L2,M0,R1234YF,HFO,EMIM,OTF,283.15,0.3731,0.1333,0.11213828772306442,0.03409402194616163,0.021161712276935585,0.13209238648414612,0.13209238648414612,0.16129671037197113,0.16129671037197113,0.09986592829227448,0.09986592829227448,0.07784964889287949,0.07784964889287949,0.0895867645740509,0.0895867645740509
[emim]__[OTf]__R1234yf__283.15__0.4298,L2,M0,R1234YF,HFO,EMIM,OTF,283.15,0.4298,0.1577,0.12830229550600053,0.03912125728785891,0.029397704493999477,0.1531885862350464,0.1531885862350464,0.18450039625167847,0.18450039625167847,0.11102522164583206,0.11102522164583206,0.09414553642272949,0.09414553642272949,0.09865173697471619,0.09865173697471619
[emim]__[OTf]__R1234yf__293.15__0.055,L2,M0,R1234YF,HFO,EMIM,OTF,293.15,0.055,0.0129,0.014274336025118827,0.008749514661134673,0.0013743360251188275,0.012507565319538116,0.012507565319538116,0.02256631851196289,0.02256631851196289,0.02130322903394699,0.02130322903394699,0.0006754305213689804,0.0006754305213689804,0.01431913673877716,0.01431913673877716
[emim]__[OTf]__R1234yf__293.15__0.152,L2,M0,R1234YF,HFO,EMIM,OTF,293.15,0.152,0.0357,0.03472069948911667,0.01336101489810813,0.000979300510883331,0.03667718172073364,0.03667718172073364,0.04874834418296814,0.04874834418296814,0.039881106466054916,0.039881106466054916,0.012674793601036072,0.012674793601036072,0.03562207147479057,0.03562207147479057
[emim]__[OTf]__R1234yf__293.15__0.2898,L2,M0,R1234YF,HFO,EMIM,OTF,293.15,0.2898,0.0699,0.06503831893205643,0.021322608085383776,0.004861681067943574,0.07287085801362991,0.07287085801362991,0.09334811568260193,0.09334811568260193,0.065424844622612,0.065424844622612,0.03476362302899361,0.03476362302899361,0.05878415331244469,0.05878415331244469
[emim]__[OTf]__R1234yf__293.15__0.3846,L2,M0,R1234YF,HFO,EMIM,OTF,293.15,0.3846,0.0961,0.08541465848684311,0.026253136038676333,0.010685341513156893,0.09948452562093735,0.09948452562093735,0.12188117206096649,0.12188117206096649,0.08014138042926788,0.08014138042926788,0.05337674915790558,0.05337674915790558,0.07218946516513824,0.07218946516513824
[emim]__[OTf]__R1234yf__293.15__0.4481,L2,M0,R1234YF,HFO,EMIM,OTF,293.15,0.4481,0.1115,0.09814517349004745,0.030230279023767567,0.013354826509952553,0.11665405333042145,0.11665405333042145,0.14039739966392517,0.14039739966392517,0.0892246887087822,0.0892246887087822,0.06500164419412613,0.06500164419412613,0.07944808155298233,0.07944808155298233
[emim]__[OTf]__R1234yf__303.15__0.0579,L2,M0,R1234YF,HFO,EMIM,OTF,303.15,0.0579,0.0103,0.015571407601237297,0.008647449932995786,0.005271407601237297,0.014145612716674805,0.014145612716674805,0.022918783128261566,0.022918783128261566,0.022966738790273666,0.022966738790273666,0.001851232722401619,0.001851232722401619,0.01597467064857483,0.01597467064857483
[emim]__[OTf]__R1234yf__303.15__0.1633,L2,M0,R1234YF,HFO,EMIM,OTF,303.15,0.1633,0.0284,0.03245547022670507,0.012875101724722211,0.00405547022670507,0.03454283997416496,0.03454283997416496,0.042720891535282135,0.042720891535282135,0.039157669991254807,0.039157669991254807,0.010143782012164593,0.010143782012164593,0.035712167620658875,0.035712167620658875
[emim]__[OTf]__R1234yf__303.15__0.3039,L2,M0,R1234YF,HFO,EMIM,OTF,303.15,0.3039,0.0536,0.053134958073496816,0.017979565432665122,0.00046504192650318604,0.058175597339868546,0.058175597339868546,0.07326936721801758,0.07326936721801758,0.05784713104367256,0.05784713104367256,0.02416585199534893,0.02416585199534893,0.05221684277057648,0.05221684277057648
[emim]__[OTf]__R1234yf__303.15__0.4188,L2,M0,R1234YF,HFO,EMIM,OTF,303.15,0.4188,0.0718,0.06973086223006249,0.02292864980125728,0.002069137769937515,0.0799889862537384,0.0799889862537384,0.09893644601106644,0.09893644601106644,0.0702110156416893,0.0702110156416893,0.03659249469637871,0.03659249469637871,0.06292536854743958,0.06292536854743958
[emim]__[OTf]__R1234yf__303.15__0.4825,L2,M0,R1234YF,HFO,EMIM,OTF,303.15,0.4825,0.0839,0.07891113907098771,0.02584922259098019,0.004988860929012295,0.09251266717910767,0.09251266717910767,0.11305820941925049,0.11305820941925049,0.07671566307544708,0.07671566307544708,0.04431633651256561,0.04431633651256561,0.06795281916856766,0.06795281916856766
[emim]__[OTf]__R1234yf__313.15__0.0609,L2,M0,R1234YF,HFO,EMIM,OTF,313.15,0.0609,0.0078,0.015276343561708927,0.008537190750580254,0.0074763435617089275,0.014968767762184143,0.014968767762184143,0.023461349308490753,0.023461349308490753,0.021373819559812546,0.021373819559812546,0.0015949616208672523,0.0015949616208672523,0.014982819557189941,0.014982819557189941
[emim]__[OTf]__R1234yf__313.15__0.1665,L2,M0,R1234YF,HFO,EMIM,OTF,313.15,0.1665,0.0211,0.028303488902747632,0.011213786978945057,0.007203488902747631,0.03139396011829376,0.03139396011829376,0.0367436408996582,0.0367436408996582,0.034952010959386826,0.034952010959386826,0.008899717591702938,0.008899717591702938,0.029528114944696426,0.029528114944696426
[emim]__[OTf]__R1234yf__313.15__0.2927,L2,M0,R1234YF,HFO,EMIM,OTF,313.15,0.2927,0.0348,0.041751069203019145,0.015181002790367047,0.006951069203019147,0.044278718531131744,0.044278718531131744,0.055599648505449295,0.055599648505449295,0.04982628673315048,0.04982628673315048,0.016117634251713753,0.016117634251713753,0.042933057993650436,0.042933057993650436
[emim]__[OTf]__R1234yf__313.15__0.4127,L2,M0,R1234YF,HFO,EMIM,OTF,313.15,0.4127,0.0459,0.05375064313411713,0.01776911272701478,0.007850643134117125,0.06000728905200958,0.06000728905200958,0.07367075234651566,0.07367075234651566,0.0577063113451004,0.0577063113451004,0.025316927582025528,0.025316927582025528,0.052051935344934464,0.052051935344934464
[emim]__[OTf]__R1234yf__313.15__0.4801,L2,M0,R1234YF,HFO,EMIM,OTF,313.15,0.4801,0.0535,0.06003858521580696,0.020301463398212122,0.006538585215806962,0.06889395415782928,0.06889395415782928,0.08450466394424438,0.08450466394424438,0.06178475543856621,0.06178475543856621,0.029206786304712296,0.029206786304712296,0.05580276623368263,0.05580276623368263
[emim]__[OTf]__R1234yf__323.15__0.0641,L2,M0,R1234YF,HFO,EMIM,OTF,323.15,0.0641,0.0051,0.013198594190180301,0.008093371493411843,0.008098594190180301,0.014202482998371124,0.014202482998371124,0.02198345586657524,0.02198345586657524,0.017337575554847717,0.017337575554847717,0.0003310414031147957,0.0003310414031147957,0.01213841512799263,0.01213841512799263
[emim]__[OTf]__R1234yf__323.15__0.1756,L2,M0,R1234YF,HFO,EMIM,OTF,323.15,0.1756,0.0139,0.024437029100954532,0.010164116304135131,0.010537029100954533,0.02828129753470421,0.02828129753470421,0.03275008499622345,0.03275008499622345,0.029466427862644196,0.029466427862644196,0.007001576013863087,0.007001576013863087,0.024685759097337723,0.024685759097337723
[emim]__[OTf]__R1234yf__323.15__0.3441,L2,M0,R1234YF,HFO,EMIM,OTF,323.15,0.3441,0.024,0.03726429119706154,0.012795531350150668,0.013264291197061538,0.04094338417053223,0.04094338417053223,0.04906671866774559,0.04906671866774559,0.043622806668281555,0.043622806668281555,0.015781480818986893,0.015781480818986893,0.03690706565976143,0.03690706565976143
[emim]__[OTf]__R1234yf__323.15__0.4319,L2,M0,R1234YF,HFO,EMIM,OTF,323.15,0.4319,0.0296,0.04385172203183174,0.01425471194769,0.01425172203183174,0.04953023046255112,0.04953023046255112,0.05891372635960579,0.05891372635960579,0.04788985848426819,0.04788985848426819,0.020729724317789078,0.020729724317789078,0.042195070534944534,0.042195070534944534
[emim]__[OTf]__R1234yf__323.15__0.481,L2,M0,R1234YF,HFO,EMIM,OTF,323.15,0.481,0.0344,0.04732443168759346,0.015657531040163212,0.012924431687593461,0.05435558408498764,0.05435558408498764,0.06515474617481232,0.06515474617481232,0.05000323802232742,0.05000323802232742,0.022903788834810257,0.022903788834810257,0.04420480132102966,0.04420480132102966
[emim]__[SCN]__R1234yf__283.15__0.0635,L2,M0,R1234YF,HFO,EMIM,SCN,283.15,0.0635,0.0035,0.011012481898069382,0.0123703803904763,0.007512481898069382,0.028636958450078964,0.028636958450078964,0.0181751549243927,0.0181751549243927,0.008250296115875244,0.008250296115875244,-0.010648640803992748,0.0,-0.003352731466293335,0.0
[emim]__[SCN]__R1234yf__283.15__0.1452,L2,M0,R1234YF,HFO,EMIM,SCN,283.15,0.1452,0.0098,0.02929767146706581,0.025248871782754992,0.01949767146706581,0.06118030846118927,0.06118030846118927,0.04854919761419296,0.04854919761419296,0.024129580706357956,0.024129580706357956,-0.0024120407178997993,0.0,0.012629270553588867,0.012629270553588867
[emim]__[SCN]__R1234yf__283.15__0.2379,L2,M0,R1234YF,HFO,EMIM,SCN,283.15,0.2379,0.0163,0.05661193430423737,0.039369106431821885,0.040311934304237365,0.09882506728172302,0.09882506728172302,0.09773723036050797,0.09773723036050797,0.04333138465881348,0.04333138465881348,0.014653299003839493,0.014653299003839493,0.02851269021630287,0.02851269021630287
[emim]__[SCN]__R1234yf__283.15__0.3265,L2,M0,R1234YF,HFO,EMIM,SCN,283.15,0.3265,0.0251,0.08387620002031326,0.0537678204403345,0.058776200020313266,0.13701987266540527,0.13701987266540527,0.14663289487361908,0.14663289487361908,0.05925767868757248,0.05925767868757248,0.034427255392074585,0.034427255392074585,0.0420432984828949,0.0420432984828949
[emim]__[SCN]__R1234yf__283.15__0.4421,L2,M0,R1234YF,HFO,EMIM,SCN,283.15,0.4421,0.0366,0.12047521248459817,0.07339917200156236,0.08387521248459817,0.1905866116285324,0.1905866116285324,0.20955097675323486,0.20955097675323486,0.08037135004997253,0.08037135004997253,0.061610933393239975,0.061610933393239975,0.06025619059801102,0.06025619059801102
[emim]__[SCN]__R1234yf__293.15__0.0643,L2,M0,R1234YF,HFO,EMIM,SCN,293.15,0.0643,0.0029,0.010427670180797577,0.009646857343006084,0.007527670180797577,0.021976791322231293,0.021976791322231293,0.017645299434661865,0.017645299434661865,0.01090918481349945,0.01090918481349945,-0.011142502538859844,0.0,0.0016070753335952759,0.0016070753335952759
[emim]__[SCN]__R1234yf__293.15__0.1514,L2,M0,R1234YF,HFO,EMIM,SCN,293.15,0.1514,0.0077,0.02504406198859215,0.01875647759118827,0.017344061988592147,0.04734456539154053,0.04734456539154053,0.03846484050154686,0.03846484050154686,0.02447962760925293,0.02447962760925293,-0.005138271488249302,0.0,0.014931276440620422,0.014931276440620422
[emim]__[SCN]__R1234yf__293.15__0.2519,L2,M0,R1234YF,HFO,EMIM,SCN,293.15,0.2519,0.0139,0.044574602507054806,0.03065480537619929,0.030674602507054807,0.07793129980564117,0.07793129980564117,0.07301721721887589,0.07301721721887589,0.03869175165891647,0.03869175165891647,0.005678283981978893,0.005678283981978893,0.027554459869861603,0.027554459869861603
[emim]__[SCN]__R1234yf__293.15__0.3435,L2,M0,R1234YF,HFO,EMIM,SCN,293.15,0.3435,0.018,0.0647007793188095,0.04155946135759698,0.046700779318809504,0.10493782162666321,0.10493782162666321,0.11160719394683838,0.11160719394683838,0.05166199058294296,0.05166199058294296,0.018327418714761734,0.018327418714761734,0.03696947172284126,0.03696947172284126
[emim]__[SCN]__R1234yf__293.15__0.4346,L2,M0,R1234YF,HFO,EMIM,SCN,293.15,0.4346,0.0246,0.08538079261779785,0.05273164747836338,0.060780792617797855,0.1329699456691742,0.1329699456691742,0.15030433237552643,0.15030433237552643,0.06342379748821259,0.06342379748821259,0.03460584208369255,0.03460584208369255,0.0456000454723835,0.0456000454723835
[emim]__[SCN]__R1234yf__303.15__0.0665,L2,M0,R1234YF,HFO,EMIM,SCN,303.15,0.0665,0.0031,0.010958305746316909,0.008793423173502832,0.007858305746316909,0.019612856209278107,0.019612856209278107,0.018809959292411804,0.018809959292411804,0.01250138133764267,0.01250138133764267,-0.010306528769433498,0.0,0.0038673318922519684,0.0038673318922519684
[emim]__[SCN]__R1234yf__303.15__0.1514,L2,M0,R1234YF,HFO,EMIM,SCN,303.15,0.1514,0.006,0.020909901708364487,0.014393370254532594,0.014909901708364487,0.036066144704818726,0.036066144704818726,0.031429775059223175,0.031429775059223175,0.022982947528362274,0.022982947528362274,-0.007248000241816044,0.0,0.014070641249418259,0.014070641249418259
[emim]__[SCN]__R1234yf__303.15__0.2378,L2,M0,R1234YF,HFO,EMIM,SCN,303.15,0.2378,0.0084,0.032152504473924634,0.021693371926324666,0.023752504473924636,0.054534364491701126,0.054534364491701126,0.04851333796977997,0.04851333796977997,0.03425584360957146,0.03425584360957146,-0.0020263036713004112,0.0,0.023458976298570633,0.023458976298570633
[emim]__[SCN]__R1234yf__303.15__0.3313,L2,M0,R1234YF,HFO,EMIM,SCN,303.15,0.3313,0.0103,0.04582202266901732,0.029553723568212925,0.035522022669017314,0.07533542066812515,0.07533542066812515,0.07355189323425293,0.07355189323425293,0.04352085664868355,0.04352085664868355,0.0053300028666853905,0.0053300028666853905,0.031371939927339554,0.031371939927339554
[emim]__[SCN]__R1234yf__303.15__0.4576,L2,M0,R1234YF,HFO,EMIM,SCN,303.15,0.4576,0.013,0.06709130629897117,0.041442991081805505,0.05409130629897117,0.10352952778339386,0.10352952778339386,0.11640463024377823,0.11640463024377823,0.05577681213617325,0.05577681213617325,0.01957513391971588,0.01957513391971588,0.04017042741179466,0.04017042741179466
[emim]__[SCN]__R1234yf__313.15__0.0671,L2,M0,R1234YF,HFO,EMIM,SCN,313.15,0.0671,0.0007,0.00975385457277298,0.008612769323531158,0.00905385457277298,0.017457760870456696,0.017457760870456696,0.018797308206558228,0.018797308206558228,0.010499313473701477,0.010499313473701477,-0.010870619677007198,0.0,0.0020148903131484985,0.0020148903131484985
[emim]__[SCN]__R1234yf__313.15__0.147,L2,M0,R1234YF,HFO,EMIM,SCN,313.15,0.147,0.0022,0.01702393814921379,0.012484395853808596,0.014823938149213789,0.029124945402145386,0.029124945402145386,0.028152327984571457,0.028152327984571457,0.018616780638694763,0.018616780638694763,-0.0076782917603850365,0.0,0.009225636720657349,0.009225636720657349
[emim]__[SCN]__R1234yf__313.15__0.2388,L2,M0,R1234YF,HFO,EMIM,SCN,313.15,0.2388,0.0036,0.024809305369853974,0.016388996532358896,0.021209305369853975,0.04074355959892273,0.04074355959892273,0.036676958203315735,0.036676958203315735,0.0287754088640213,0.0287754088640213,-0.004263914190232754,0.0,0.0178506001830101,0.0178506001830101
[emim]__[SCN]__R1234yf__313.15__0.3364,L2,M0,R1234YF,HFO,EMIM,SCN,313.15,0.3364,0.0042,0.0339517168700695,0.02243604142139073,0.029751716870069504,0.0556403286755085,0.0556403286755085,0.0515856072306633,0.0515856072306633,0.03696773201227188,0.03696773201227188,-0.0004271389916539192,0.0,0.02556491643190384,0.02556491643190384
[emim]__[SCN]__R1234yf__313.15__0.4593,L2,M0,R1234YF,HFO,EMIM,SCN,313.15,0.4593,0.0063,0.048770363256335256,0.03053387606569929,0.042470363256335256,0.07615453004837036,0.07615453004837036,0.08168965578079224,0.08168965578079224,0.044877782464027405,0.044877782464027405,0.008534708991646767,0.008534708991646767,0.03259513899683952,0.03259513899683952
[emim]__[Tf2N]__R1234yf__283.15__0.1368,L2,M0,R1234YF,HFO,EMIM,TF2N,283.15,0.1368,0.0985,0.08521437495946885,0.010178984948953097,0.013285625040531157,0.08726552128791809,0.08726552128791809,0.08816677331924438,0.08816677331924438,0.09538745880126953,0.09538745880126953,0.06806398928165436,0.06806398928165436,0.08718813210725784,0.08718813210725784
[emim]__[Tf2N]__R1234yf__283.15__0.2644,L2,M0,R1234YF,HFO,EMIM,TF2N,283.15,0.2644,0.2009,0.147371569275856,0.01589007413626075,0.05352843072414398,0.16598425805568695,0.16598425805568695,0.15793602168560028,0.15793602168560028,0.1472247838973999,0.1472247838973999,0.12477754056453705,0.12477754056453705,0.1409352421760559,0.1409352421760559
[emim]__[Tf2N]__R1234yf__283.15__0.3467,L2,M0,R1234YF,HFO,EMIM,TF2N,283.15,0.3467,0.2725,0.18143905997276305,0.023231329248778392,0.09106094002723697,0.21147216856479645,0.21147216856479645,0.20067916810512543,0.20067916810512543,0.17069818079471588,0.17069818079471588,0.1583734005689621,0.1583734005689621,0.16597238183021545,0.16597238183021545
[emim]__[Tf2N]__R1234yf__283.15__0.3983,L2,M0,R1234YF,HFO,EMIM,TF2N,283.15,0.3983,0.3222,0.19993008971214293,0.02925846301859224,0.12226991028785705,0.23949775099754333,0.23949775099754333,0.22301436960697174,0.22301436960697174,0.18241432309150696,0.18241432309150696,0.17775419354438782,0.17775419354438782,0.17696981132030487,0.17696981132030487
[emim]__[Tf2N]__R1234yf__283.15__0.4335,L2,M0,R1234YF,HFO,EMIM,TF2N,283.15,0.4335,0.3602,0.21179982721805574,0.03372684820886435,0.14840017278194428,0.25839316844940186,0.25839316844940186,0.23689548671245575,0.23689548671245575,0.1903001070022583,0.1903001070022583,0.1904166340827942,0.1904166340827942,0.18299373984336853,0.18299373984336853
[emim]__[Tf2N]__R1234yf__293.15__0.0499,L2,M0,R1234YF,HFO,EMIM,TF2N,293.15,0.0499,0.0241,0.037742485851049425,0.006702000325478452,0.013642485851049425,0.033525850623846054,0.033525850623846054,0.03613082319498062,0.03613082319498062,0.04618348926305771,0.04618348926305771,0.029931284487247467,0.029931284487247467,0.042940981686115265,0.042940981686115265
[emim]__[Tf2N]__R1234yf__293.15__0.1491,L2,M0,R1234YF,HFO,EMIM,TF2N,293.15,0.1491,0.0758,0.07433840930461884,0.008888962565100394,0.001461590695381168,0.0731947124004364,0.0731947124004364,0.07357918471097946,0.07357918471097946,0.08535732328891754,0.08535732328891754,0.061085499823093414,0.061085499823093414,0.07847532629966736,0.07847532629966736
[emim]__[Tf2N]__R1234yf__293.15__0.286,L2,M0,R1234YF,HFO,EMIM,TF2N,293.15,0.286,0.1503,0.1249101772904396,0.015483572507587766,0.02538982270956039,0.14187151193618774,0.14187151193618774,0.12855146825313568,0.12855146825313568,0.1310311257839203,0.1310311257839203,0.10007064044475555,0.10007064044475555,0.12302614003419876,0.12302614003419876
[emim]__[Tf2N]__R1234yf__293.15__0.3698,L2,M0,R1234YF,HFO,EMIM,TF2N,293.15,0.3698,0.1978,0.14995945543050765,0.021920978547366132,0.047840544569492355,0.17739370465278625,0.17739370465278625,0.16244421899318695,0.16244421899318695,0.14759325981140137,0.14759325981140137,0.11887646466493607,0.11887646466493607,0.14348962903022766,0.14348962903022766
[emim]__[Tf2N]__R1234yf__293.15__0.4257,L2,M0,R1234YF,HFO,EMIM,TF2N,293.15,0.4257,0.2311,0.16447521448135377,0.027134457276147682,0.06662478551864623,0.20045630633831024,0.20045630633831024,0.18237338960170746,0.18237338960170746,0.156141996383667,0.156141996383667,0.13113176822662354,0.13113176822662354,0.15227261185646057,0.15227261185646057
[emim]__[Tf2N]__R1234yf__303.15__0.055,L2,M0,R1234YF,HFO,EMIM,TF2N,303.15,0.055,0.0194,0.03811727911233902,0.006571487541780311,0.018717279112339016,0.03351179510354996,0.03351179510354996,0.03645157814025879,0.03645157814025879,0.04463546723127365,0.04463546723127365,0.030705586075782776,0.030705586075782776,0.045281969010829926,0.045281969010829926
[emim]__[Tf2N]__R1234yf__303.15__0.1555,L2,M0,R1234YF,HFO,EMIM,TF2N,303.15,0.1555,0.0581,0.06569115445017815,0.007698526799532578,0.0075911544501781475,0.06446918845176697,0.06446918845176697,0.061829615384340286,0.061829615384340286,0.07387896627187729,0.07387896627187729,0.05551328510046005,0.05551328510046005,0.07276471704244614,0.07276471704244614
[emim]__[Tf2N]__R1234yf__303.15__0.2912,L2,M0,R1234YF,HFO,EMIM,TF2N,303.15,0.2912,0.1099,0.10215209871530533,0.013544797954081986,0.007747901284694672,0.1138860434293747,0.1138860434293747,0.1014089435338974,0.1014089435338974,0.11154384911060333,0.11154384911060333,0.0797199234366417,0.0797199234366417,0.10420173406600952,0.10420173406600952
[emim]__[Tf2N]__R1234yf__303.15__0.3853,L2,M0,R1234YF,HFO,EMIM,TF2N,303.15,0.3853,0.1464,0.12386298924684525,0.019252513105799268,0.022537010753154757,0.14687639474868774,0.14687639474868774,0.129647895693779,0.129647895693779,0.12816795706748962,0.12816795706748962,0.09402397274971008,0.09402397274971008,0.12059872597455978,0.12059872597455978
[emim]__[Tf2N]__R1234yf__303.15__0.4462,L2,M0,R1234YF,HFO,EMIM,TF2N,303.15,0.4462,0.171,0.13645488470792771,0.023560357273491546,0.0345451152920723,0.16716697812080383,0.16716697812080383,0.14695587754249573,0.14695587754249573,0.13584929704666138,0.13584929704666138,0.10307430475950241,0.10307430475950241,0.12922796607017517,0.12922796607017517
[emim]__[Tf2N]__R1234yf__313.15__0.0566,L2,M0,R1234YF,HFO,EMIM,TF2N,313.15,0.0566,0.0162,0.03679671213030815,0.006130513183739968,0.02059671213030815,0.03432562202215195,0.03432562202215195,0.036053698509931564,0.036053698509931564,0.04213366657495499,0.04213366657495499,0.02822069823741913,0.02822069823741913,0.04324987530708313,0.04324987530708313
[emim]__[Tf2N]__R1234yf__313.15__0.17,L2,M0,R1234YF,HFO,EMIM,TF2N,313.15,0.17,0.0497,0.06089953258633614,0.007861144862653914,0.011199532586336138,0.06139432266354561,0.06139432266354561,0.05593853443861008,0.05593853443861008,0.0673293024301529,0.0673293024301529,0.05045560747385025,0.05045560747385025,0.06937989592552185,0.06937989592552185
[emim]__[Tf2N]__R1234yf__313.15__0.2816,L2,M0,R1234YF,HFO,EMIM,TF2N,313.15,0.2816,0.0817,0.08243002444505691,0.010344655682669589,0.0007300244450569177,0.08779419958591461,0.08779419958591461,0.07877133786678314,0.07877133786678314,0.09236762672662735,0.09236762672662735,0.06613588333129883,0.06613588333129883,0.08708107471466064,0.08708107471466064
[emim]__[Tf2N]__R1234yf__313.15__0.4026,L2,M0,R1234YF,HFO,EMIM,TF2N,313.15,0.4026,0.1148,0.1039918914437294,0.016533351910287555,0.010808108556270596,0.12298081070184708,0.12298081070184708,0.10633079707622528,0.10633079707622528,0.10964689403772354,0.10964689403772354,0.07762915641069412,0.07762915641069412,0.10337179899215698,0.10337179899215698
[emim]__[Tf2N]__R1234yf__313.15__0.4796,L2,M0,R1234YF,HFO,EMIM,TF2N,313.15,0.4796,0.1366,0.11627705246210099,0.0209224385406328,0.02032294753789901,0.14360490441322327,0.14360490441322327,0.12264910340309143,0.12264910340309143,0.11772721260786057,0.11772721260786057,0.08559262007474899,0.08559262007474899,0.11181142181158066,0.11181142181158066
[emim]__[Tf2N]__R1234yf__323.15__0.0581,L2,M0,R1234YF,HFO,EMIM,TF2N,323.15,0.0581,0.0134,0.03322787694633007,0.006175280197358458,0.01982787694633007,0.03269534185528755,0.03269534185528755,0.03220587223768234,0.03220587223768234,0.03945504501461983,0.03945504501461983,0.023767171427607536,0.023767171427607536,0.038015954196453094,0.038015954196453094
[emim]__[Tf2N]__R1234yf__323.15__0.1605,L2,M0,R1234YF,HFO,EMIM,TF2N,323.15,0.1605,0.0359,0.05140653327107429,0.0074521554246520915,0.015506533271074291,0.052652113139629364,0.052652113139629364,0.04755978286266327,0.04755978286266327,0.05587693303823471,0.05587693303823471,0.040878742933273315,0.040878742933273315,0.060065094381570816,0.060065094381570816
[emim]__[Tf2N]__R1234yf__323.15__0.3259,L2,M0,R1234YF,HFO,EMIM,TF2N,323.15,0.3259,0.0702,0.07541852369904518,0.009072540667671082,0.0052185236990451855,0.08131138980388641,0.08131138980388641,0.07261406630277634,0.07261406630277634,0.08293318003416061,0.08293318003416061,0.060790400952100754,0.060790400952100754,0.07944358140230179,0.07944358140230179
[emim]__[Tf2N]__R1234yf__323.15__0.4213,L2,M0,R1234YF,HFO,EMIM,TF2N,323.15,0.4213,0.0901,0.08781071156263351,0.012438396524480214,0.0022892884373664907,0.10187096893787384,0.10187096893787384,0.08837177604436874,0.08837177604436874,0.09234412014484406,0.09234412014484406,0.0678207203745842,0.0678207203745842,0.08864597231149673,0.08864597231149673
[emim]__[Tf2N]__R1234yf__323.15__0.4767,L2,M0,R1234YF,HFO,EMIM,TF2N,323.15,0.4767,0.0996,0.09475334733724594,0.015343775751630201,0.004846652662754053,0.11408698558807373,0.11408698558807373,0.09795306622982025,0.09795306622982025,0.09711441397666931,0.09711441397666931,0.07130029052495956,0.07130029052495956,0.09331198036670685,0.09331198036670685
[emim]__[Tf2N]__R1336mzz(E)__293.1__0.194,L2,M0,R1336MZZ(E),HFO,EMIM,TF2N,293.1,0.194,0.093,0.31776364147663116,0.07363973739187292,0.22476364147663117,0.4306800663471222,0.4306800663471222,0.3424811363220215,0.3424811363220215,0.3033660054206848,0.3033660054206848,0.2398776262998581,0.2398776262998581,0.27241337299346924,0.27241337299346924
[emim]__[Tf2N]__R1336mzz(E)__293.1__0.223,L2,M0,R1336MZZ(E),HFO,EMIM,TF2N,293.1,0.223,0.173,0.34511584639549253,0.08732073514029876,0.17211584639549254,0.47993165254592896,0.47993165254592896,0.3747960925102234,0.3747960925102234,0.32488957047462463,0.32488957047462463,0.2552688419818878,0.2552688419818878,0.290693074464798,0.290693074464798
[emim]__[Tf2N]__R1336mzz(E)__303__0.228,L2,M0,R1336MZZ(E),HFO,EMIM,TF2N,303.0,0.228,0.093,0.28947054147720336,0.059819227390467605,0.19647054147720336,0.3822621703147888,0.3822621703147888,0.3029247224330902,0.3029247224330902,0.28218749165534973,0.28218749165534973,0.22307464480400085,0.22307464480400085,0.25690367817878723,0.25690367817878723
[emim]__[Tf2N]__R1336mzz(E)__303__0.293,L2,M0,R1336MZZ(E),HFO,EMIM,TF2N,303.0,0.293,0.173,0.33230258524417877,0.0855855126036176,0.15930258524417878,0.46823403239250183,0.46823403239250183,0.35473543405532837,0.35473543405532837,0.3091511130332947,0.3091511130332947,0.24678410589694977,0.24678410589694977,0.2826082408428192,0.2826082408428192
[emim]__[Tf2N]__R1336mzz(E)__322.5__0.336,L2,M0,R1336MZZ(E),HFO,EMIM,TF2N,322.5,0.336,0.093,0.24464371502399446,0.0410936994229112,0.15164371502399446,0.31263530254364014,0.31263530254364014,0.2501768469810486,0.2501768469810486,0.23127099871635437,0.23127099871635437,0.20703990757465363,0.20703990757465363,0.2220955193042755,0.2220955193042755
[emim]__[Tf2N]__R1336mzz(E)__322.5__0.488,L2,M0,R1336MZZ(E),HFO,EMIM,TF2N,322.5,0.488,0.173,0.29127771854400636,0.07718883117542799,0.11827771854400637,0.42037156224250793,0.42037156224250793,0.30488938093185425,0.30488938093185425,0.2545803487300873,0.2545803487300873,0.23540961742401123,0.23540961742401123,0.24113768339157104,0.24113768339157104
[emim]__[Tf2N]__R1336mzz(E)__332.9__0.381,L2,M0,R1336MZZ(E),HFO,EMIM,TF2N,332.9,0.381,0.093,0.21485848128795623,0.02793724251958573,0.12185848128795623,0.2627481520175934,0.2627481520175934,0.21633782982826233,0.21633782982826233,0.2011990249156952,0.2011990249156952,0.19595922529697418,0.19595922529697418,0.1980481743812561,0.1980481743812561
[emim]__[Tf2N]__R1336mzz(E)__332.9__0.623,L2,M0,R1336MZZ(E),HFO,EMIM,TF2N,332.9,0.623,0.173,0.2741559237241745,0.07590737158652033,0.10115592372417453,0.40160155296325684,0.40160155296325684,0.2863786220550537,0.2863786220550537,0.2302573025226593,0.2302573025226593,0.23472465574741364,0.23472465574741364,0.217817485332489,0.217817485332489
[emim]__[Tf2N]__R1336mzz(E)__342.9__0.453,L2,M0,R1336MZZ(E),HFO,EMIM,TF2N,342.9,0.453,0.093,0.19469706118106841,0.02185244352716451,0.10169706118106842,0.23185014724731445,0.23185014724731445,0.19518963992595673,0.19518963992595673,0.17877961695194244,0.17877961695194244,0.1883106678724289,0.1883106678724289,0.17935523390769958,0.17935523390769958
[emim]__[Tf2N]__R1336mzz(E)__342.9__0.8,L2,M0,R1336MZZ(E),HFO,EMIM,TF2N,342.9,0.8,0.173,0.27312778532505033,0.08924198433544855,0.10012778532505034,0.41998735070228577,0.41998735070228577,0.2902684211730957,0.2902684211730957,0.21341383457183838,0.21341383457183838,0.24324928224086761,0.24324928224086761,0.1987200379371643,0.1987200379371643
[emim]__[Tf2N]__R1336mzz(E)__352.8__0.511,L2,M0,R1336MZZ(E),HFO,EMIM,TF2N,352.8,0.511,0.093,0.1752346247434616,0.018954406970855743,0.0822346247434616,0.2045089304447174,0.2045089304447174,0.1745075136423111,0.1745075136423111,0.1575234979391098,0.1575234979391098,0.17999427020549774,0.17999427020549774,0.159638911485672,0.159638911485672
[emim]__[Tf2N]__R1336mzz(Z)__293.1__0.05,L2,M0,R1336MZZ(Z),HFO,EMIM,TF2N,293.1,0.05,0.28,0.16459811627864837,0.014991205917967813,0.11540188372135166,0.1871577501296997,0.1871577501296997,0.1675219088792801,0.1675219088792801,0.16522689163684845,0.16522689163684845,0.15602199733257294,0.15602199733257294,0.1470620334148407,0.1470620334148407
[emim]__[Tf2N]__R1336mzz(Z)__293.1__0.06,L2,M0,R1336MZZ(Z),HFO,EMIM,TF2N,293.1,0.06,0.589,0.17498748898506164,0.01781949747891073,0.4140125110149383,0.20160265266895294,0.20160265266895294,0.1798543781042099,0.1798543781042099,0.17574350535869598,0.17574350535869598,0.16185729205608368,0.16185729205608368,0.15587961673736572,0.15587961673736572
[emim]__[Tf2N]__R1336mzz(Z)__303__0.07,L2,M0,R1336MZZ(Z),HFO,EMIM,TF2N,303.0,0.07,0.28,0.15360741317272186,0.007749474334261174,0.12639258682727816,0.16430899500846863,0.16430899500846863,0.15337280929088593,0.15337280929088593,0.15588679909706116,0.15588679909706116,0.15166187286376953,0.15166187286376953,0.14280658960342407,0.14280658960342407
[emim]__[Tf2N]__R1336mzz(Z)__303__0.09,L2,M0,R1336MZZ(Z),HFO,EMIM,TF2N,303.0,0.09,0.589,0.17129573225975037,0.011717080899145384,0.4177042677402496,0.18836328387260437,0.18836328387260437,0.17349356412887573,0.17349356412887573,0.17403993010520935,0.17403993010520935,0.1615728735923767,0.1615728735923767,0.15900900959968567,0.15900900959968567
[emim]__[Tf2N]__R1336mzz(Z)__322.5__0.13,L2,M0,R1336MZZ(Z),HFO,EMIM,TF2N,322.5,0.13,0.28,0.15015803575515746,0.004131644149958571,0.12984196424484257,0.15587788820266724,0.15587788820266724,0.1476462483406067,0.1476462483406067,0.1527310609817505,0.1527310609817505,0.14898870885372162,0.14898870885372162,0.14554627239704132,0.14554627239704132
[emim]__[Tf2N]__R1336mzz(Z)__322.5__0.17,L2,M0,R1336MZZ(Z),HFO,EMIM,TF2N,322.5,0.17,0.589,0.17430578470230101,0.009992280948505,0.41469421529769895,0.18940100073814392,0.18940100073814392,0.17270030081272125,0.17270030081272125,0.17755752801895142,0.17755752801895142,0.1629161685705185,0.1629161685705185,0.16895392537117004,0.16895392537117004
[emim]__[Tf2N]__R1336mzz(Z)__332.9__0.18,L2,M0,R1336MZZ(Z),HFO,EMIM,TF2N,332.9,0.18,0.28,0.15352689623832702,0.006040885179791043,0.126473103761673,0.16294866800308228,0.16294866800308228,0.1478564441204071,0.1478564441204071,0.1559288501739502,0.1559288501739502,0.1508653461933136,0.1508653461933136,0.15003517270088196,0.15003517270088196
[emim]__[Tf2N]__R1336mzz(Z)__332.9__0.24,L2,M0,R1336MZZ(Z),HFO,EMIM,TF2N,332.9,0.24,0.589,0.1769859552383423,0.010811584309897019,0.4120140447616577,0.19521953165531158,0.19521953165531158,0.1723807156085968,0.1723807156085968,0.1771707385778427,0.1771707385778427,0.16704174876213074,0.16704174876213074,0.1731170415878296,0.1731170415878296
[emim]__[Tf2N]__R1336mzz(Z)__342.9__0.24,L2,M0,R1336MZZ(Z),HFO,EMIM,TF2N,342.9,0.24,0.28,0.1527817130088806,0.006630175532691686,0.12721828699111942,0.16374200582504272,0.16374200582504272,0.14621561765670776,0.14621561765670776,0.15277764201164246,0.15277764201164246,0.1518029272556305,0.1518029272556305,0.14937037229537964,0.14937037229537964
[emim]__[Tf2N]__R1336mzz(Z)__342.9__0.31,L2,M0,R1336MZZ(Z),HFO,EMIM,TF2N,342.9,0.31,0.589,0.16965353190898896,0.010320478744385098,0.419346468091011,0.18802502751350403,0.18802502751350403,0.1654493361711502,0.1654493361711502,0.16520105302333832,0.16520105302333832,0.16618330776691437,0.16618330776691437,0.16340893507003784,0.16340893507003784
[emim]__[Tf2N]__R1336mzz(Z)__352.8__0.31,L2,M0,R1336MZZ(Z),HFO,EMIM,TF2N,352.8,0.31,0.28,0.1476752817630768,0.007576382399966429,0.13232471823692324,0.1598455309867859,0.1598455309867859,0.1430092453956604,0.1430092453956604,0.14351966977119446,0.14351966977119446,0.15029305219650269,0.15029305219650269,0.14170891046524048,0.14170891046524048
[emim]__[Tf2N]__R1336mzz(Z)__352.8__0.41,L2,M0,R1336MZZ(Z),HFO,EMIM,TF2N,352.8,0.41,0.589,0.16256110966205597,0.012657412235077867,0.426438890337944,0.1824752539396286,0.1824752539396286,0.15853527188301086,0.15853527188301086,0.15170840919017792,0.15170840919017792,0.16702900826931,0.16702900826931,0.15305760502815247,0.15305760502815247
[bmim]__[Ac]__R1234yf__283.15__0.078,L2,M0,R1234YF,HFO,BMIM,AC,283.15,0.078,0.021,0.02043404057621956,0.01737217340474533,0.0005659594237804426,0.045813336968421936,0.045813336968421936,0.027100540697574615,0.027100540697574615,0.018730130046606064,0.018730130046606064,-0.0034027695655822754,0.0,0.010526195168495178,0.010526195168495178
[bmim]__[Ac]__R1234yf__283.15__0.147,L2,M0,R1234YF,HFO,BMIM,AC,283.15,0.147,0.04,0.038641986809670924,0.027957174366176108,0.001358013190329077,0.07776347547769547,0.07776347547769547,0.05339047685265541,0.05339047685265541,0.03307190537452698,0.03307190537452698,0.004980473779141903,0.004980473779141903,0.02400360256433487,0.02400360256433487
[bmim]__[Ac]__R1234yf__283.15__0.201,L2,M0,R1234YF,HFO,BMIM,AC,283.15,0.201,0.056,0.055389657989144324,0.03564484258208857,0.0006103420108556773,0.10179540514945984,0.10179540514945984,0.08136068284511566,0.08136068284511566,0.04588608071208,0.04588608071208,0.014273328706622124,0.014273328706622124,0.033632792532444,0.033632792532444
[bmim]__[Ac]__R1234yf__283.15__0.257,L2,M0,R1234YF,HFO,BMIM,AC,283.15,0.257,0.076,0.0737920742481947,0.04438646493966311,0.002207925751805298,0.12910796701908112,0.12910796701908112,0.11145791411399841,0.11145791411399841,0.05817069858312607,0.05817069858312607,0.026008879765868187,0.026008879765868187,0.04421491175889969,0.04421491175889969
[bmim]__[Ac]__R1234yf__283.15__0.31,L2,M0,R1234YF,HFO,BMIM,AC,283.15,0.31,0.095,0.09193448275327683,0.053563896309118814,0.0030655172467231734,0.1579001545906067,0.1579001545906067,0.14002074301242828,0.14002074301242828,0.06979905813932419,0.06979905813932419,0.038965292274951935,0.038965292274951935,0.05298716574907303,0.05298716574907303
[bmim]__[Ac]__R1234yf__283.15__0.357,L2,M0,R1234YF,HFO,BMIM,AC,283.15,0.357,0.113,0.1081490658223629,0.061278753514780196,0.004850934177637101,0.1833227276802063,0.1833227276802063,0.16438540816307068,0.16438540816307068,0.0804077759385109,0.0804077759385109,0.05067748576402664,0.05067748576402664,0.061951931565999985,0.061951931565999985
[bmim]__[Ac]__R1234yf__283.15__0.405,L2,M0,R1234YF,HFO,BMIM,AC,283.15,0.405,0.133,0.1242696687579155,0.06925730563646633,0.008730331242084513,0.20957882702350616,0.20957882702350616,0.18813244998455048,0.18813244998455048,0.09052327275276184,0.09052327275276184,0.06269406527280807,0.06269406527280807,0.07041972875595093,0.07041972875595093
[bmim]__[Ac]__R1234yf__293.15__0.081,L2,M0,R1234YF,HFO,BMIM,AC,293.15,0.081,0.019,0.019492746144533158,0.014027290513213286,0.0004927461445331585,0.03785087168216705,0.03785087168216705,0.02559066191315651,0.02559066191315651,0.02021811157464981,0.02021811157464981,-0.0048714736476540565,0.0,0.013804085552692413,0.013804085552692413
[bmim]__[Ac]__R1234yf__293.15__0.156,L2,M0,R1234YF,HFO,BMIM,AC,293.15,0.156,0.034,0.03306927718222141,0.02232549668145489,0.0009307228177785898,0.06130656972527504,0.06130656972527504,0.043926700949668884,0.043926700949668884,0.033024001866579056,0.033024001866579056,0.0009737294167280197,0.0009737294167280197,0.026115383952856064,0.026115383952856064
[bmim]__[Ac]__R1234yf__293.15__0.214,L2,M0,R1234YF,HFO,BMIM,AC,293.15,0.214,0.047,0.04551509311422706,0.028245158399085608,0.0014849068857729422,0.08080106973648071,0.08080106973648071,0.06342623382806778,0.06342623382806778,0.042767640203237534,0.042767640203237534,0.007154166232794523,0.007154166232794523,0.03342635557055473,0.03342635557055473
[bmim]__[Ac]__R1234yf__293.15__0.276,L2,M0,R1234YF,HFO,BMIM,AC,293.15,0.276,0.06,0.06015703082084656,0.03520224787926585,0.00015703082084655984,0.10311512649059296,0.10311512649059296,0.08740349113941193,0.08740349113941193,0.0530870258808136,0.0530870258808136,0.015821538865566254,0.015821538865566254,0.04135797172784805,0.04135797172784805
[bmim]__[Ac]__R1234yf__293.15__0.334,L2,M0,R1234YF,HFO,BMIM,AC,293.15,0.334,0.073,0.07423406317830086,0.04177756534045064,0.0012340631783008676,0.12379734218120575,0.12379734218120575,0.11069940030574799,0.11069940030574799,0.06296286731958389,0.06296286731958389,0.02515397220849991,0.02515397220849991,0.04855673387646675,0.04855673387646675
[bmim]__[Ac]__R1234yf__293.15__0.385,L2,M0,R1234YF,HFO,BMIM,AC,293.15,0.385,0.087,0.08673977702856064,0.04767475548917461,0.00026022297143935,0.14296859502792358,0.14296859502792358,0.13042239844799042,0.13042239844799042,0.07121962308883667,0.07121962308883667,0.03405942767858505,0.03405942767858505,0.05502884089946747,0.05502884089946747
[bmim]__[Ac]__R1234yf__293.15__0.439,L2,M0,R1234YF,HFO,BMIM,AC,293.15,0.439,0.101,0.10052433386445045,0.05425751269486276,0.0004756661355495573,0.16485591232776642,0.16485591232776642,0.15152402222156525,0.15152402222156525,0.07976222038269043,0.07976222038269043,0.04507695138454437,0.04507695138454437,0.061402563005685806,0.061402563005685806
[bmim]__[Ac]__R1234yf__293.15__0.495,L2,M0,R1234YF,HFO,BMIM,AC,293.15,0.495,0.113,0.11477660536766052,0.06168937913784802,0.0017766053676605137,0.18899911642074585,0.18899911642074585,0.17255206406116486,0.17255206406116486,0.08903089165687561,0.08903089165687561,0.05583152174949646,0.05583152174949646,0.06746943295001984,0.06746943295001984
[bmim]__[Ac]__R1234yf__293.15__0.551,L2,M0,R1234YF,HFO,BMIM,AC,293.15,0.551,0.129,0.12939885407686233,0.06915357674212014,0.0003988540768623261,0.21333765983581543,0.21333765983581543,0.19384954869747162,0.19384954869747162,0.09933892637491226,0.09933892637491226,0.06671907007694244,0.06671907007694244,0.07374906539916992,0.07374906539916992
[bmim]__[Ac]__R1234yf__303.15__0.086,L2,M0,R1234YF,HFO,BMIM,AC,303.15,0.086,0.015,0.019588743150234223,0.012686860148773375,0.004588743150234224,0.03357076644897461,0.03357076644897461,0.026534806936979294,0.026534806936979294,0.021699819713830948,0.021699819713830948,-0.0044992705807089806,0.0,0.01613832265138626,0.01613832265138626
[bmim]__[Ac]__R1234yf__303.15__0.166,L2,M0,R1234YF,HFO,BMIM,AC,303.15,0.166,0.027,0.029743023216724396,0.019146202188572357,0.002743023216724396,0.05146072059869766,0.05146072059869766,0.038686104118824005,0.038686104118824005,0.03313139081001282,0.03313139081001282,-0.0008942298591136932,0.0,0.025436900556087494,0.025436900556087494
[bmim]__[Ac]__R1234yf__303.15__0.227,L2,M0,R1234YF,HFO,BMIM,AC,303.15,0.227,0.036,0.03880127221345901,0.023632203523289888,0.002801272213459015,0.06560530513525009,0.06560530513525009,0.05142684653401375,0.05142684653401375,0.041957445442676544,0.041957445442676544,0.0026873312890529633,0.0026873312890529633,0.03232943266630173,0.03232943266630173
[bmim]__[Ac]__R1234yf__303.15__0.293,L2,M0,R1234YF,HFO,BMIM,AC,303.15,0.293,0.047,0.049354268983006475,0.02784087798680563,0.0023542689830064745,0.08202297985553741,0.08202297985553741,0.06694498658180237,0.06694498658180237,0.04974720999598503,0.04974720999598503,0.009182306006550789,0.009182306006550789,0.038873862475156784,0.038873862475156784
[bmim]__[Ac]__R1234yf__303.15__0.355,L2,M0,R1234YF,HFO,BMIM,AC,303.15,0.355,0.058,0.06007230840623379,0.03308801120144516,0.0020723084062337846,0.0987432599067688,0.0987432599067688,0.08483363687992096,0.08483363687992096,0.05745973065495491,0.05745973065495491,0.015268770977854729,0.015268770977854729,0.04405614361166954,0.04405614361166954
[bmim]__[Ac]__R1234yf__303.15__0.41,L2,M0,R1234YF,HFO,BMIM,AC,303.15,0.41,0.069,0.07008860409259796,0.037590584202744366,0.00108860409259795,0.11359010636806488,0.11359010636806488,0.10120700299739838,0.10120700299739838,0.06444201618432999,0.06444201618432999,0.021801047027111053,0.021801047027111053,0.04940284788608551,0.04940284788608551
[bmim]__[Ac]__R1234yf__303.15__0.469,L2,M0,R1234YF,HFO,BMIM,AC,303.15,0.469,0.08,0.08109288960695267,0.04331813652058575,0.0010928896069526683,0.1307365596294403,0.1307365596294403,0.1199110746383667,0.1199110746383667,0.07175683230161667,0.07175683230161667,0.028942488133907318,0.028942488133907318,0.05411749333143234,0.05411749333143234
[bmim]__[Ac]__R1234yf__303.15__0.53,L2,M0,R1234YF,HFO,BMIM,AC,303.15,0.53,0.088,0.092897779494524,0.049202923883230894,0.00489777949452401,0.14960850775241852,0.14960850775241852,0.13863810896873474,0.13863810896873474,0.07965025305747986,0.07965025305747986,0.037777114659547806,0.037777114659547806,0.05881491303443909,0.05881491303443909
[bmim]__[Ac]__R1234yf__303.15__0.591,L2,M0,R1234YF,HFO,BMIM,AC,303.15,0.591,0.1,0.10535361245274544,0.05481508964379666,0.005353612452745432,0.16888856887817383,0.16888856887817383,0.15746130049228668,0.15746130049228668,0.0883813351392746,0.0883813351392746,0.048572104424238205,0.048572104424238205,0.06346475332975388,0.06346475332975388
[bmim]__[Ac]__R1234yf__303.15__0.658,L2,M0,R1234YF,HFO,BMIM,AC,303.15,0.658,0.113,0.12026710584759712,0.0612864032963616,0.007267105847597113,0.19153565168380737,0.19153565168380737,0.17921249568462372,0.17921249568462372,0.09980474412441254,0.09980474412441254,0.06158894672989845,0.06158894672989845,0.06919369101524353,0.06919369101524353
[bmim]__[Ac]__R1234yf__313.15__0.09,L2,M0,R1234YF,HFO,BMIM,AC,313.15,0.09,0.012,0.018668127804994585,0.012258357192966382,0.006668127804994584,0.031454864889383316,0.031454864889383316,0.02683408185839653,0.02683408185839653,0.020670462399721146,0.020670462399721146,-0.0051127346232533455,0.0,0.014381229877471924,0.014381229877471924
[bmim]__[Ac]__R1234yf__313.15__0.174,L2,M0,R1234YF,HFO,BMIM,AC,313.15,0.174,0.023,0.026167266815900803,0.01663995690858321,0.0031672668159008037,0.04374125227332115,0.04374125227332115,0.034857816994190216,0.034857816994190216,0.030503347516059875,0.030503347516059875,-0.0016890903934836388,0.0,0.02173391729593277,0.02173391729593277
[bmim]__[Ac]__R1234yf__313.15__0.239,L2,M0,R1234YF,HFO,BMIM,AC,313.15,0.239,0.03,0.032586760632693765,0.01994897820618862,0.002586760632693766,0.05455350875854492,0.05455350875854492,0.04123320430517197,0.04123320430517197,0.038017742335796356,0.038017742335796356,0.001233111135661602,0.001233111135661602,0.02789623662829399,0.02789623662829399
[bmim]__[Ac]__R1234yf__313.15__0.309,L2,M0,R1234YF,HFO,BMIM,AC,313.15,0.309,0.039,0.040300380624830726,0.022926363333377157,0.0013003806248307256,0.06594213843345642,0.06594213843345642,0.05223146826028824,0.05223146826028824,0.044907595962285995,0.044907595962285995,0.005213622935116291,0.005213622935116291,0.03320707753300667,0.03320707753300667
[bmim]__[Ac]__R1234yf__313.15__0.375,L2,M0,R1234YF,HFO,BMIM,AC,313.15,0.375,0.047,0.047987683489918706,0.02627265456917892,0.000987683489918706,0.07837370038032532,0.07837370038032532,0.06413891911506653,0.06413891911506653,0.049902647733688354,0.049902647733688354,0.009630734100937843,0.009630734100937843,0.0378924161195755,0.0378924161195755
[bmim]__[Ac]__R1234yf__313.15__0.433,L2,M0,R1234YF,HFO,BMIM,AC,313.15,0.433,0.056,0.05572199299931526,0.029906826528223063,0.0002780070006847407,0.09040603041648865,0.09040603041648865,0.07718303799629211,0.07718303799629211,0.055014718323946,0.055014718323946,0.014274675399065018,0.014274675399065018,0.04173150286078453,0.04173150286078453
[bmim]__[Ac]__R1234yf__313.15__0.496,L2,M0,R1234YF,HFO,BMIM,AC,313.15,0.496,0.065,0.06467081382870674,0.034479455969009525,0.00032918617129326644,0.10405264794826508,0.10405264794826508,0.09266166388988495,0.09266166388988495,0.06142888218164444,0.06142888218164444,0.01930077373981476,0.01930077373981476,0.045910101383924484,0.045910101383924484
[bmim]__[Ac]__R1234yf__313.15__0.561,L2,M0,R1234YF,HFO,BMIM,AC,313.15,0.561,0.071,0.07417723685503005,0.03916265117308279,0.0031772368550300606,0.11845400184392929,0.11845400184392929,0.10863789916038513,0.10863789916038513,0.06862165033817291,0.06862165033817291,0.025791648775339127,0.025791648775339127,0.04938098415732384,0.04938098415732384
[bmim]__[Ac]__R1234yf__313.15__0.627,L2,M0,R1234YF,HFO,BMIM,AC,313.15,0.627,0.08,0.08438861519098281,0.043933145601857446,0.004388615190982811,0.13361522555351257,0.13361522555351257,0.12552990019321442,0.12552990019321442,0.07610370963811874,0.07610370963811874,0.034204572439193726,0.034204572439193726,0.052489668130874634,0.052489668130874634
[bmim]__[Ac]__R1234yf__313.15__0.699,L2,M0,R1234YF,HFO,BMIM,AC,313.15,0.699,0.091,0.09720394164323806,0.04861623634813383,0.0062039416432380645,0.15186059474945068,0.15186059474945068,0.14433467388153076,0.14433467388153076,0.08551698923110962,0.08551698923110962,0.04716026782989502,0.04716026782989502,0.057147182524204254,0.057147182524204254
[bmim]__[Ac]__R1234yf__323.15__0.095,L2,M0,R1234YF,HFO,BMIM,AC,323.15,0.095,0.01,0.016133418679237364,0.011459722128842371,0.006133418679237364,0.028175078332424164,0.028175078332424164,0.025447815656661987,0.025447815656661987,0.016653887927532196,0.016653887927532196,-0.006630362011492252,0.0,0.010390311479568481,0.010390311479568481
[bmim]__[Ac]__R1234yf__323.15__0.182,L2,M0,R1234YF,HFO,BMIM,AC,323.15,0.182,0.018,0.022077661380171774,0.014442335170666076,0.004077661380171776,0.037628933787345886,0.037628933787345886,0.0304651390761137,0.0304651390761137,0.025207743048667908,0.025207743048667908,-0.0025704270228743553,0.0,0.017086490988731384,0.017086490988731384
[bmim]__[Ac]__R1234yf__323.15__0.25,L2,M0,R1234YF,HFO,BMIM,AC,323.15,0.25,0.025,0.02707256954163313,0.017110030493954688,0.002072569541633127,0.0462312325835228,0.0462312325835228,0.03478267043828964,0.03478267043828964,0.03157499432563782,0.03157499432563782,0.0006128167733550072,0.0006128167733550072,0.022161133587360382,0.022161133587360382
[bmim]__[Ac]__R1234yf__323.15__0.324,L2,M0,R1234YF,HFO,BMIM,AC,323.15,0.324,0.031,0.03336173882707953,0.019472466894135614,0.002361738827079532,0.05584214627742767,0.05584214627742767,0.042539410293102264,0.042539410293102264,0.0376097671687603,0.0376097671687603,0.003910000901669264,0.003910000901669264,0.02690736949443817,0.02690736949443817
[bmim]__[Ac]__R1234yf__323.15__0.393,L2,M0,R1234YF,HFO,BMIM,AC,323.15,0.393,0.039,0.03919969042763114,0.021440952584050474,0.0001996904276311412,0.06407740712165833,0.06407740712165833,0.05113156884908676,0.05113156884908676,0.04200804978609085,0.04200804978609085,0.007455277722328901,0.007455277722328901,0.03132614865899086,0.03132614865899086
[bmim]__[Ac]__R1234yf__323.15__0.456,L2,M0,R1234YF,HFO,BMIM,AC,323.15,0.456,0.045,0.04468676745891571,0.023864117088314565,0.0003132325410842851,0.07273286581039429,0.07273286581039429,0.05985866114497185,0.05985866114497185,0.04582655802369118,0.04582655802369118,0.01075822114944458,0.01075822114944458,0.03425753116607666,0.03425753116607666
[bmim]__[Ac]__R1234yf__323.15__0.522,L2,M0,R1234YF,HFO,BMIM,AC,323.15,0.522,0.052,0.05121844541281462,0.02749883739909016,0.0007815545871853805,0.08273882418870926,0.08273882418870926,0.07197371870279312,0.07197371870279312,0.050604015588760376,0.050604015588760376,0.013863726519048214,0.013863726519048214,0.036911942064762115,0.036911942064762115
[bmim]__[Ac]__R1234yf__323.15__0.59,L2,M0,R1234YF,HFO,BMIM,AC,323.15,0.59,0.059,0.05850409790873527,0.03122849297888398,0.0004959020912647244,0.093824103474617,0.093824103474617,0.08445236086845398,0.08445236086845398,0.0563533753156662,0.0563533753156662,0.01826842874288559,0.01826842874288559,0.039622221142053604,0.039622221142053604
[bmim]__[Ac]__R1234yf__323.15__0.661,L2,M0,R1234YF,HFO,BMIM,AC,323.15,0.661,0.067,0.06706828139722347,0.035415629852105064,6.828139722346582e-05,0.10695195943117142,0.10695195943117142,0.09844797849655151,0.09844797849655151,0.06328398734331131,0.06328398734331131,0.024650027975440025,0.024650027975440025,0.0420074537396431,0.0420074537396431
[bmim]__[Ac]__R1234yf__323.15__0.738,L2,M0,R1234YF,HFO,BMIM,AC,323.15,0.738,0.074,0.07768166065216064,0.040039594744530116,0.003681660652160648,0.12213829159736633,0.12213829159736633,0.1156187355518341,0.1156187355518341,0.07139676064252853,0.07139676064252853,0.03409156575798988,0.03409156575798988,0.045162949711084366,0.045162949711084366
[bmim]__[Ac]__R1234yf__333.15__0.099,L2,M0,R1234YF,HFO,BMIM,AC,333.15,0.099,0.008,0.012837592512369156,0.01033652362060657,0.004837592512369156,0.024412378668785095,0.024412378668785095,0.022021975368261337,0.022021975368261337,0.011413224041461945,0.011413224041461945,-0.008963306434452534,0.0,0.006340384483337402,0.006340384483337402
[bmim]__[Ac]__R1234yf__333.15__0.189,L2,M0,R1234YF,HFO,BMIM,AC,333.15,0.189,0.015,0.018029648065567016,0.012437928526840308,0.0030296480655670165,0.031834132969379425,0.031834132969379425,0.02642180398106575,0.02642180398106575,0.01941501721739769,0.01941501721739769,-0.0045622242614626884,0.0,0.012477286159992218,0.012477286159992218
[bmim]__[Ac]__R1234yf__333.15__0.261,L2,M0,R1234YF,HFO,BMIM,AC,333.15,0.261,0.021,0.02208756096661091,0.014634009925777328,0.0010875609666109072,0.038923557847738266,0.038923557847738266,0.029483357444405556,0.029483357444405556,0.02477770298719406,0.02477770298719406,-0.0015723500400781631,0.0,0.01725318655371666,0.01725318655371666
[bmim]__[Ac]__R1234yf__333.15__0.338,L2,M0,R1234YF,HFO,BMIM,AC,333.15,0.338,0.027,0.027104569599032402,0.0168524113193148,0.00010456959903240234,0.04710594564676285,0.04710594564676285,0.03517826646566391,0.03517826646566391,0.029810719192028046,0.029810719192028046,0.0019745957106351852,0.0019745957106351852,0.02145332098007202,0.02145332098007202
[bmim]__[Ac]__R1234yf__333.15__0.41,L2,M0,R1234YF,HFO,BMIM,AC,333.15,0.41,0.033,0.03212627060711384,0.019075155324969086,0.0008737293928861647,0.054686568677425385,0.054686568677425385,0.04266681149601936,0.04266681149601936,0.033827293664216995,0.033827293664216995,0.004074098542332649,0.004074098542332649,0.0253765806555748,0.0253765806555748
[bmim]__[Ac]__R1234yf__333.15__0.477,L2,M0,R1234YF,HFO,BMIM,AC,333.15,0.477,0.038,0.036863536760210994,0.02080989810759338,0.0011364632397890054,0.06157508119940758,0.06157508119940758,0.05005352199077606,0.05005352199077606,0.03732149302959442,0.03732149302959442,0.007396994158625603,0.007396994158625603,0.02797059342265129,0.02797059342265129
[bmim]__[Ac]__R1234yf__333.15__0.546,L2,M0,R1234YF,HFO,BMIM,AC,333.15,0.546,0.044,0.041616341657936574,0.023126703963489734,0.002383658342063423,0.06909912824630737,0.06909912824630737,0.05777814984321594,0.05777814984321594,0.04100164771080017,0.04100164771080017,0.010184080339968204,0.010184080339968204,0.030018702149391174,0.030018702149391174
[bmim]__[Ac]__R1234yf__333.15__0.618,L2,M0,R1234YF,HFO,BMIM,AC,333.15,0.618,0.05,0.04725162200629711,0.025729170851690148,0.002748377993702894,0.07718832790851593,0.07718832790851593,0.06728841364383698,0.06728841364383698,0.04616660624742508,0.04616660624742508,0.014030637219548225,0.014030637219548225,0.03158412501215935,0.03158412501215935
[bmim]__[Ac]__R1234yf__333.15__0.693,L2,M0,R1234YF,HFO,BMIM,AC,333.15,0.693,0.057,0.0539504274725914,0.029070952186824737,0.0030495725274086033,0.08752324432134628,0.08752324432134628,0.07808037102222443,0.07808037102222443,0.05215603485703468,0.05215603485703468,0.018750548362731934,0.018750548362731934,0.033241938799619675,0.033241938799619675
[bmim]__[Ac]__R1234yf__333.15__0.775,L2,M0,R1234YF,HFO,BMIM,AC,333.15,0.775,0.063,0.06241028383374214,0.032953508804870586,0.0005897161662578587,0.0996905043721199,0.0996905043721199,0.09230980277061462,0.09230980277061462,0.05845139920711517,0.05845139920711517,0.026013005524873734,0.026013005524873734,0.035586707293987274,0.035586707293987274
[bmim]__[Ac]__R1234yf__343.15__0.103,L2,M0,R1234YF,HFO,BMIM,AC,343.15,0.103,0.007,0.009645980596542359,0.009365416785904144,0.002645980596542359,0.020955003798007965,0.020955003798007965,0.018097564578056335,0.018097564578056335,0.0065021812915802,0.0065021812915802,-0.011017105542123318,0.0,0.0026751533150672913,0.0026751533150672913
[bmim]__[Ac]__R1234yf__343.15__0.197,L2,M0,R1234YF,HFO,BMIM,AC,343.15,0.197,0.013,0.014403771609067917,0.010852294894104436,0.0014037716090679175,0.02674822509288788,0.02674822509288788,0.023246441036462784,0.023246441036462784,0.013252109289169312,0.013252109289169312,-0.007121034897863865,0.0,0.00877208262681961,0.00877208262681961
[bmim]__[Ac]__R1234yf__343.15__0.271,L2,M0,R1234YF,HFO,BMIM,AC,343.15,0.271,0.018,0.01774643138051033,0.012330936603615944,0.00025356861948966705,0.03233781084418297,0.03233781084418297,0.025210104882717133,0.025210104882717133,0.01836477965116501,0.01836477965116501,-0.004305166192352772,0.0,0.012819461524486542,0.012819461524486542
[bmim]__[Ac]__R1234yf__343.15__0.351,L2,M0,R1234YF,HFO,BMIM,AC,343.15,0.351,0.023,0.022003046423196792,0.01504842281919904,0.0009969535768032077,0.04010212421417236,0.04010212421417236,0.03016836941242218,0.03016836941242218,0.022902004420757294,0.022902004420757294,-0.0014521842822432518,0.0,0.016842734068632126,0.016842734068632126
[bmim]__[Ac]__R1234yf__343.15__0.427,L2,M0,R1234YF,HFO,BMIM,AC,343.15,0.427,0.028,0.0263860072940588,0.017372007009103584,0.0016139927059411995,0.047242045402526855,0.047242045402526855,0.036547161638736725,0.036547161638736725,0.02657199651002884,0.02657199651002884,0.0012432094663381577,0.0012432094663381577,0.02032562345266342,0.02032562345266342
[bmim]__[Ac]__R1234yf__343.15__0.497,L2,M0,R1234YF,HFO,BMIM,AC,343.15,0.497,0.033,0.030781770963221787,0.01909763870271921,0.0022182290367782145,0.053563885390758514,0.053563885390758514,0.04333747178316116,0.04333747178316116,0.030323520302772522,0.030323520302772522,0.004022470209747553,0.004022470209747553,0.02266150712966919,0.02266150712966919
[bmim]__[Ac]__R1234yf__343.15__0.57,L2,M0,R1234YF,HFO,BMIM,AC,343.15,0.57,0.038,0.03505989611148834,0.020909523744726176,0.0029401038885116595,0.060118626803159714,0.060118626803159714,0.04997548088431358,0.04997548088431358,0.03392717242240906,0.03392717242240906,0.007189236581325531,0.007189236581325531,0.024088963866233826,0.024088963866233826
[bmim]__[Ac]__R1234yf__343.15__0.646,L2,M0,R1234YF,HFO,BMIM,AC,343.15,0.646,0.042,0.03986710831522942,0.02279272214696359,0.0021328916847705853,0.06716848909854889,0.06716848909854889,0.05728042498230934,0.05728042498230934,0.03816470876336098,0.03816470876336098,0.011236470192670822,0.011236470192670822,0.02548544853925705,0.02548544853925705
[bmim]__[Ac]__R1234yf__343.15__0.724,L2,M0,R1234YF,HFO,BMIM,AC,343.15,0.724,0.049,0.04523677006363869,0.025138191621329235,0.0037632299363613148,0.07504241168498993,0.07504241168498993,0.06583881378173828,0.06583881378173828,0.04286020249128342,0.04286020249128342,0.01594143733382225,0.01594143733382225,0.026500985026359558,0.026500985026359558
[bmim]__[Ac]__R1234yf__343.15__0.811,L2,M0,R1234YF,HFO,BMIM,AC,343.15,0.811,0.054,0.0516702726483345,0.028006401071362545,0.002329727351665499,0.08426187932491302,0.08426187932491302,0.0760597437620163,0.0760597437620163,0.04848429560661316,0.04848429560661316,0.021361857652664185,0.021361857652664185,0.02818358689546585,0.02818358689546585
[bmim]__[PF6]__R1234yf__283.15__0.046,L2,M0,R1234YF,HFO,BMIM,PF6,283.15,0.046,0.0138,0.011795037798583508,0.0057331567016633955,0.002004962201416492,0.007200419902801514,0.007200419902801514,0.013370919972658157,0.013370919972658157,0.019284334033727646,0.019284334033727646,0.00498811062425375,0.00498811062425375,0.014131404459476471,0.014131404459476471
[bmim]__[PF6]__R1234yf__283.15__0.0923,L2,M0,R1234YF,HFO,BMIM,PF6,283.15,0.0923,0.0281,0.025783002004027368,0.008522095860274689,0.002316997995972632,0.021891295909881592,0.021891295909881592,0.030976947396993637,0.030976947396993637,0.0335700549185276,0.0335700549185276,0.012681597843766212,0.012681597843766212,0.02979511395096779,0.02979511395096779
[bmim]__[PF6]__R1234yf__283.15__0.1331,L2,M0,R1234YF,HFO,BMIM,PF6,283.15,0.1331,0.0409,0.03710789829492569,0.010556992248283385,0.0037921017050743105,0.0351283922791481,0.0351283922791481,0.04483102634549141,0.04483102634549141,0.04551362991333008,0.04551362991333008,0.019750304520130157,0.019750304520130157,0.0403161384165287,0.0403161384165287
[bmim]__[PF6]__R1234yf__283.15__0.1731,L2,M0,R1234YF,HFO,BMIM,PF6,283.15,0.1731,0.0541,0.04875418543815613,0.012665950736312066,0.005345814561843874,0.04817655310034752,0.04817655310034752,0.0592309944331646,0.0592309944331646,0.05789924040436745,0.05789924040436745,0.027685757726430893,0.027685757726430893,0.050778381526470184,0.050778381526470184
[bmim]__[PF6]__R1234yf__283.15__0.2116,L2,M0,R1234YF,HFO,BMIM,PF6,283.15,0.2116,0.067,0.06044145599007607,0.014091456825756568,0.006558544009923936,0.06141958385705948,0.06141958385705948,0.07362598925828934,0.07362598925828934,0.06912346184253693,0.06912346184253693,0.03712014481425285,0.03712014481425285,0.06091810017824173,0.06091810017824173
[bmim]__[PF6]__R1234yf__283.15__0.2448,L2,M0,R1234YF,HFO,BMIM,PF6,283.15,0.2448,0.0798,0.07075910568237305,0.014680542092725003,0.009040894317626946,0.07401546835899353,0.07401546835899353,0.08492419123649597,0.08492419123649597,0.07828044146299362,0.07828044146299362,0.046388596296310425,0.046388596296310425,0.07018683105707169,0.07018683105707169
[bmim]__[PF6]__R1234yf__283.15__0.2909,L2,M0,R1234YF,HFO,BMIM,PF6,283.15,0.2909,0.0954,0.08510254919528962,0.014561845761722403,0.010297450804710381,0.0912494957447052,0.0912494957447052,0.1000165268778801,0.1000165268778801,0.09040471911430359,0.09040471911430359,0.061616674065589905,0.061616674065589905,0.08222533017396927,0.08222533017396927
[bmim]__[PF6]__R1234yf__293.15__0.055,L2,M0,R1234YF,HFO,BMIM,PF6,293.15,0.055,0.0126,0.015349661000072956,0.007911455307654646,0.002749661000072956,0.009458214044570923,0.009458214044570923,0.016883816570043564,0.016883816570043564,0.024364400655031204,0.024364400655031204,0.005236648954451084,0.005236648954451084,0.020805224776268005,0.020805224776268005
[bmim]__[PF6]__R1234yf__293.15__0.1091,L2,M0,R1234YF,HFO,BMIM,PF6,293.15,0.1091,0.0248,0.026795656606554984,0.009924082613010084,0.0019956566065549852,0.022696800529956818,0.022696800529956818,0.030149316415190697,0.030149316415190697,0.03592938557267189,0.03592938557267189,0.011481739580631256,0.011481739580631256,0.033721040934324265,0.033721040934324265
[bmim]__[PF6]__R1234yf__293.15__0.1568,L2,M0,R1234YF,HFO,BMIM,PF6,293.15,0.1568,0.0358,0.03639092855155468,0.011089725065915898,0.0005909285515546814,0.034734416753053665,0.034734416753053665,0.040837544947862625,0.040837544947862625,0.04550253227353096,0.04550253227353096,0.017878925427794456,0.017878925427794456,0.04300122335553169,0.04300122335553169
[bmim]__[PF6]__R1234yf__293.15__0.207,L2,M0,R1234YF,HFO,BMIM,PF6,293.15,0.207,0.048,0.04660227224230766,0.012532527226974484,0.0013977277576923408,0.046373989433050156,0.046373989433050156,0.05317309498786926,0.05317309498786926,0.056122392416000366,0.056122392416000366,0.025095514953136444,0.025095514953136444,0.052246369421482086,0.052246369421482086
[bmim]__[PF6]__R1234yf__293.15__0.2531,L2,M0,R1234YF,HFO,BMIM,PF6,293.15,0.2531,0.0601,0.05625092163681984,0.012833133954902863,0.0038490783631801584,0.057313598692417145,0.057313598692417145,0.06467550992965698,0.06467550992965698,0.06543657928705215,0.06543657928705215,0.03410940244793892,0.03410940244793892,0.059719517827034,0.059719517827034
[bmim]__[PF6]__R1234yf__293.15__0.2997,L2,M0,R1234YF,HFO,BMIM,PF6,293.15,0.2997,0.0722,0.06615788713097573,0.013476462600407288,0.0060421128690242715,0.0687098577618599,0.0687098577618599,0.07721265405416489,0.07721265405416489,0.07435277104377747,0.07435277104377747,0.04315483942627907,0.04315483942627907,0.0673593133687973,0.0673593133687973
[bmim]__[PF6]__R1234yf__293.15__0.3341,L2,M0,R1234YF,HFO,BMIM,PF6,293.15,0.3341,0.0831,0.07355068176984787,0.013792437414668518,0.00954931823015212,0.07779114693403244,0.07779114693403244,0.08580026775598526,0.08580026775598526,0.08063666522502899,0.08063666522502899,0.050256893038749695,0.050256893038749695,0.07326843589544296,0.07326843589544296
[bmim]__[PF6]__R1234yf__303.15__0.061,L2,M0,R1234YF,HFO,BMIM,PF6,303.15,0.061,0.0112,0.017903854232281448,0.008117725771641661,0.006703854232281448,0.012930754572153091,0.012930754572153091,0.018922191113233566,0.018922191113233566,0.027337055653333664,0.027337055653333664,0.006984499748796225,0.006984499748796225,0.023344770073890686,0.023344770073890686
[bmim]__[PF6]__R1234yf__303.15__0.1183,L2,M0,R1234YF,HFO,BMIM,PF6,303.15,0.1183,0.022,0.02687140591442585,0.009873870660504432,0.00487140591442585,0.024304121732711792,0.024304121732711792,0.028868597000837326,0.028868597000837326,0.03600910305976868,0.03600910305976868,0.011203533038496971,0.011203533038496971,0.033971674740314484,0.033971674740314484
[bmim]__[PF6]__R1234yf__303.15__0.1685,L2,M0,R1234YF,HFO,BMIM,PF6,303.15,0.1685,0.0319,0.03421288784593344,0.01150568845504358,0.002312887845933441,0.032678067684173584,0.032678067684173584,0.03615390509366989,0.03615390509366989,0.04449998959898949,0.04449998959898949,0.015442333184182644,0.015442333184182644,0.04229014366865158,0.04229014366865158
[bmim]__[PF6]__R1234yf__303.15__0.2188,L2,M0,R1234YF,HFO,BMIM,PF6,303.15,0.2188,0.0412,0.041618261486291885,0.012178844104605131,0.00041826148629188487,0.04100004583597183,0.04100004583597183,0.04467770829796791,0.04467770829796791,0.05215594172477722,0.05215594172477722,0.021195288747549057,0.021195288747549057,0.049062322825193405,0.049062322825193405
[bmim]__[PF6]__R1234yf__303.15__0.2677,L2,M0,R1234YF,HFO,BMIM,PF6,303.15,0.2677,0.0495,0.04866410940885544,0.012892360000435029,0.0008358905911445627,0.0489315427839756,0.0489315427839756,0.05367404595017433,0.05367404595017433,0.05916304886341095,0.05916304886341095,0.026545580476522446,0.026545580476522446,0.05500632897019386,0.05500632897019386
[bmim]__[PF6]__R1234yf__303.15__0.3178,L2,M0,R1234YF,HFO,BMIM,PF6,303.15,0.3178,0.0585,0.055804044008255005,0.013519437792611203,0.0026959559917449985,0.056952353566884995,0.056952353566884995,0.06307441741228104,0.06307441741228104,0.06606175005435944,0.06606175005435944,0.032371532171964645,0.032371532171964645,0.06056016683578491,0.06056016683578491
[bmim]__[PF6]__R1234yf__303.15__0.3653,L2,M0,R1234YF,HFO,BMIM,PF6,303.15,0.3653,0.0681,0.06255131587386131,0.014203988276709484,0.005548684126138681,0.06518212705850601,0.06518212705850601,0.07190753519535065,0.07190753519535065,0.07235534489154816,0.07235534489154816,0.03788972273468971,0.03788972273468971,0.06542184948921204,0.06542184948921204
[bmim]__[PF6]__R1234yf__313.15__0.0648,L2,M0,R1234YF,HFO,BMIM,PF6,313.15,0.0648,0.0098,0.017929555661976338,0.007731202818856884,0.008129555661976338,0.014619223773479462,0.014619223773479462,0.02010977640748024,0.02010977640748024,0.025887906551361084,0.025887906551361084,0.00624722708016634,0.00624722708016634,0.022783644497394562,0.022783644497394562
[bmim]__[PF6]__R1234yf__313.15__0.125,L2,M0,R1234YF,HFO,BMIM,PF6,313.15,0.125,0.0185,0.025505560636520385,0.008963509935512782,0.007005560636520386,0.024311307817697525,0.024311307817697525,0.027279112488031387,0.027279112488031387,0.03387727588415146,0.03387727588415146,0.010864907875657082,0.010864907875657082,0.031195199117064476,0.031195199117064476
[bmim]__[PF6]__R1234yf__313.15__0.1769,L2,M0,R1234YF,HFO,BMIM,PF6,313.15,0.1769,0.0265,0.031558099389076236,0.010478484029254153,0.0050580993890762364,0.031145703047513962,0.031145703047513962,0.03289160877466202,0.03289160877466202,0.041788890957832336,0.041788890957832336,0.014354709535837173,0.014354709535837173,0.037609584629535675,0.037609584629535675
[bmim]__[PF6]__R1234yf__313.15__0.23,L2,M0,R1234YF,HFO,BMIM,PF6,313.15,0.23,0.0342,0.03744746223092079,0.01166561141335136,0.003247462230920789,0.036452606320381165,0.036452606320381165,0.03950755298137665,0.03950755298137665,0.049044616520404816,0.049044616520404816,0.01837950572371483,0.01837950572371483,0.0438530296087265,0.0438530296087265
[bmim]__[PF6]__R1234yf__313.15__0.2816,L2,M0,R1234YF,HFO,BMIM,PF6,313.15,0.2816,0.0411,0.042521679401397706,0.012485315629455394,0.0014216794013977088,0.04195605590939522,0.04195605590939522,0.04643980413675308,0.04643980413675308,0.054326772689819336,0.054326772689819336,0.021645810455083847,0.021645810455083847,0.04823995381593704,0.04823995381593704
[bmim]__[PF6]__R1234yf__313.15__0.3343,L2,M0,R1234YF,HFO,BMIM,PF6,313.15,0.3343,0.0489,0.047636402398347856,0.013046085254146796,0.001263597601652143,0.04802726209163666,0.04802726209163666,0.0530913807451725,0.0530913807451725,0.05882330983877182,0.05882330983877182,0.02532351389527321,0.02532351389527321,0.052916545420885086,0.052916545420885086
[bmim]__[PF6]__R1234yf__313.15__0.3848,L2,M0,R1234YF,HFO,BMIM,PF6,313.15,0.3848,0.057,0.05237925127148628,0.013309391577721241,0.0046207487285137225,0.05392961949110031,0.05392961949110031,0.0591149665415287,0.0591149665415287,0.06262095272541046,0.06262095272541046,0.02925436571240425,0.02925436571240425,0.056976351886987686,0.056976351886987686
[bmim]__[PF6]__R1234yf__323.15__0.0703,L2,M0,R1234YF,HFO,BMIM,PF6,323.15,0.0703,0.0086,0.016420346312224866,0.00704876365842055,0.007820346312224866,0.014565225690603256,0.014565225690603256,0.019274089485406876,0.019274089485406876,0.022708937525749207,0.022708937525749207,0.004996738396584988,0.004996738396584988,0.02055674046278,0.02055674046278
[bmim]__[PF6]__R1234yf__323.15__0.1266,L2,M0,R1234YF,HFO,BMIM,PF6,323.15,0.1266,0.0156,0.02222801186144352,0.007877332575974033,0.00662801186144352,0.022234231233596802,0.022234231233596802,0.024664215743541718,0.024664215743541718,0.02871415764093399,0.02871415764093399,0.008809829130768776,0.008809829130768776,0.026717625558376312,0.026717625558376312
[bmim]__[PF6]__R1234yf__323.15__0.1849,L2,M0,R1234YF,HFO,BMIM,PF6,323.15,0.1849,0.0225,0.02781708613038063,0.009103395661859161,0.005317086130380632,0.028426792472600937,0.028426792472600937,0.02997000329196453,0.02997000329196453,0.03574884682893753,0.03574884682893753,0.012311579659581184,0.012311579659581184,0.03262820839881897,0.03262820839881897
[bmim]__[PF6]__R1234yf__323.15__0.2406,L2,M0,R1234YF,HFO,BMIM,PF6,323.15,0.2406,0.029,0.032280757836997506,0.009977522251229961,0.0032807578369975048,0.03251507878303528,0.03251507878303528,0.034655794501304626,0.034655794501304626,0.041617829352617264,0.041617829352617264,0.015491615049540997,0.015491615049540997,0.03712347149848938,0.03712347149848938
[bmim]__[PF6]__R1234yf__323.15__0.2948,L2,M0,R1234YF,HFO,BMIM,PF6,323.15,0.2948,0.0349,0.03645266555249691,0.010805326830336076,0.001552665552496911,0.03663038834929466,0.03663038834929466,0.03960081934928894,0.03960081934928894,0.046615421772003174,0.046615421772003174,0.018244827166199684,0.018244827166199684,0.04117187112569809,0.04117187112569809
[bmim]__[PF6]__R1234yf__323.15__0.3501,L2,M0,R1234YF,HFO,BMIM,PF6,323.15,0.3501,0.0415,0.04044355675578117,0.011225626769824776,0.0010564432442188298,0.04114405810832977,0.04114405810832977,0.04440690577030182,0.04440690577030182,0.05036491900682449,0.05036491900682449,0.021254263818264008,0.021254263818264008,0.045047637075185776,0.045047637075185776
[bmim]__[PF6]__R1234yf__323.15__0.4034,L2,M0,R1234YF,HFO,BMIM,PF6,323.15,0.4034,0.0481,0.04431673847138882,0.011170684895559401,0.0037832615286111787,0.04587612673640251,0.04587612673640251,0.049131572246551514,0.049131572246551514,0.05319705232977867,0.05319705232977867,0.024893028661608696,0.024893028661608696,0.04848591238260269,0.04848591238260269
[bmim]__[PF6]__R1234yf__333.15__0.0731,L2,M0,R1234YF,HFO,BMIM,PF6,333.15,0.0731,0.0074,0.013180773891508579,0.007125713096809337,0.005780773891508578,0.011838309466838837,0.011838309466838837,0.0165422223508358,0.0165422223508358,0.019098088145256042,0.019098088145256042,0.001354680396616459,0.001354680396616459,0.017070569097995758,0.017070569097995758
[bmim]__[PF6]__R1234yf__333.15__0.1318,L2,M0,R1234YF,HFO,BMIM,PF6,333.15,0.1318,0.0133,0.01858478644862771,0.00791031803592263,0.005284786448627711,0.01963552087545395,0.01963552087545395,0.022237546741962433,0.022237546741962433,0.02389964833855629,0.02389964833855629,0.004703902173787355,0.004703902173787355,0.022447314113378525,0.022447314113378525
[bmim]__[PF6]__R1234yf__333.15__0.1926,L2,M0,R1234YF,HFO,BMIM,PF6,333.15,0.1926,0.0194,0.023440362140536308,0.008668721378632008,0.004040362140536307,0.024796482175588608,0.024796482175588608,0.026693861931562424,0.026693861931562424,0.029456347227096558,0.029456347227096558,0.008240224793553352,0.008240224793553352,0.0280148945748806,0.0280148945748806
[bmim]__[PF6]__R1234yf__333.15__0.2508,L2,M0,R1234YF,HFO,BMIM,PF6,333.15,0.2508,0.0246,0.02734917774796486,0.008800545483192616,0.0027491777479648587,0.028775658458471298,0.028775658458471298,0.0300653874874115,0.0300653874874115,0.034089040011167526,0.034089040011167526,0.012014847248792648,0.012014847248792648,0.03180095553398132,0.03180095553398132
[bmim]__[PF6]__R1234yf__333.15__0.307,L2,M0,R1234YF,HFO,BMIM,PF6,333.15,0.307,0.0304,0.030827750079333784,0.00895634913945082,0.00042775007933378364,0.03245219588279724,0.03245219588279724,0.0334346741437912,0.0334346741437912,0.037971965968608856,0.037971965968608856,0.015248342417180538,0.015248342417180538,0.03503157198429108,0.03503157198429108
[bmim]__[PF6]__R1234yf__333.15__0.3651,L2,M0,R1234YF,HFO,BMIM,PF6,333.15,0.3651,0.0362,0.03435530364513397,0.009105980525087334,0.0018446963548660322,0.036500170826911926,0.036500170826911926,0.03711583465337753,0.03711583465337753,0.041517358273267746,0.041517358273267746,0.018438566476106644,0.018438566476106644,0.03820458799600601,0.03820458799600601
[bmim]__[PF6]__R1234yf__333.15__0.4211,L2,M0,R1234YF,HFO,BMIM,PF6,333.15,0.4211,0.0417,0.03744417652487755,0.009567618310240472,0.004255823475122454,0.04031108319759369,0.04031108319759369,0.04131153225898743,0.04131153225898743,0.04429934546351433,0.04429934546351433,0.020558573305606842,0.020558573305606842,0.040740348398685455,0.040740348398685455
[bmim]__[PF6]__R1234yf__343.15__0.0728,L2,M0,R1234YF,HFO,BMIM,PF6,343.15,0.0728,0.0063,0.009999790787696838,0.0061310575801651526,0.003699790787696838,0.00847550481557846,0.00847550481557846,0.013097967952489853,0.013097967952489853,0.015425920486450195,0.015425920486450195,-0.0027063991874456406,0.0,0.012999560683965683,0.012999560683965683
[bmim]__[PF6]__R1234yf__343.15__0.1369,L2,M0,R1234YF,HFO,BMIM,PF6,343.15,0.1369,0.0113,0.014829079620540142,0.008193259944265592,0.0035290796205401428,0.016554735600948334,0.016554735600948334,0.019163314253091812,0.019163314253091812,0.01940154656767845,0.01940154656767845,0.0003117164596915245,0.0003117164596915245,0.01871408522129059,0.01871408522129059
[bmim]__[PF6]__R1234yf__343.15__0.2003,L2,M0,R1234YF,HFO,BMIM,PF6,343.15,0.2003,0.0162,0.01892927223816514,0.008078428309500124,0.0027292722381651417,0.021315481513738632,0.021315481513738632,0.022420734167099,0.022420734167099,0.02295234054327011,0.02295234054327011,0.004545920062810183,0.004545920062810183,0.023411884903907776,0.023411884903907776
[bmim]__[PF6]__R1234yf__343.15__0.2569,L2,M0,R1234YF,HFO,BMIM,PF6,343.15,0.2569,0.0209,0.02262595631182194,0.007520545749019015,0.0017259563118219405,0.024562355130910873,0.024562355130910873,0.02532825991511345,0.02532825991511345,0.02696097642183304,0.02696097642183304,0.009303765371441841,0.009303765371441841,0.026974424719810486,0.026974424719810486
[bmim]__[PF6]__R1234yf__343.15__0.3157,L2,M0,R1234YF,HFO,BMIM,PF6,343.15,0.3157,0.0256,0.025713498517870904,0.007408752403488516,0.00011349851787090248,0.028043966740369797,0.028043966740369797,0.027906596660614014,0.027906596660614014,0.030328691005706787,0.030328691005706787,0.012592533603310585,0.012592533603310585,0.029695704579353333,0.029695704579353333
[bmim]__[PF6]__R1234yf__343.15__0.3803,L2,M0,R1234YF,HFO,BMIM,PF6,343.15,0.3803,0.0306,0.029076763615012168,0.0076183120772594344,0.0015232363849878305,0.03195152431726456,0.03195152431726456,0.03132317215204239,0.03132317215204239,0.03373653441667557,0.03373653441667557,0.015546349808573723,0.015546349808573723,0.03282623738050461,0.03282623738050461
[bmim]__[PF6]__R1234yf__343.15__0.4339,L2,M0,R1234YF,HFO,BMIM,PF6,343.15,0.4339,0.0353,0.031559650972485545,0.008027266892612876,0.003740349027514453,0.03517969697713852,0.03517969697713852,0.034244105219841,0.034244105219841,0.03622192516922951,0.03622192516922951,0.01725682057440281,0.01725682057440281,0.03489570692181587,0.03489570692181587
[bmim]__[PF6]__R1234ze(E)__283.15__0.0854,L2,M0,R1234ZE(E),HFO,BMIM,PF6,283.15,0.0854,0.0918,0.07609507590532302,0.03708605478187141,0.015704924094676984,0.13493004441261292,0.13493004441261292,0.08220532536506653,0.08220532536506653,0.06869065016508102,0.06869065016508102,0.03523509204387665,0.03523509204387665,0.05941426753997803,0.05941426753997803
[bmim]__[PF6]__R1234ze(E)__283.15__0.1244,L2,M0,R1234ZE(E),HFO,BMIM,PF6,283.15,0.1244,0.1338,0.1014578826725483,0.052275963832797964,0.03234211732745171,0.18496619164943695,0.18496619164943695,0.11287930607795715,0.11287930607795715,0.08665358275175095,0.08665358275175095,0.04729181155562401,0.04729181155562401,0.07549852132797241,0.07549852132797241
[bmim]__[PF6]__R1234ze(E)__283.15__0.1589,L2,M0,R1234ZE(E),HFO,BMIM,PF6,283.15,0.1589,0.1774,0.12463345155119895,0.06668225328104432,0.05276654844880105,0.2318444848060608,0.2318444848060608,0.14156708121299744,0.14156708121299744,0.10062552243471146,0.10062552243471146,0.060158926993608475,0.060158926993608475,0.08897124230861664,0.08897124230861664
[bmim]__[PF6]__R1234ze(E)__283.15__0.1924,L2,M0,R1234ZE(E),HFO,BMIM,PF6,283.15,0.1924,0.2167,0.14778859317302703,0.08164647746662533,0.06891140682697297,0.27995312213897705,0.27995312213897705,0.16929741203784943,0.16929741203784943,0.11391963064670563,0.11391963064670563,0.07355383038520813,0.07355383038520813,0.10221897065639496,0.10221897065639496
[bmim]__[PF6]__R1234ze(E)__283.15__0.2238,L2,M0,R1234ZE(E),HFO,BMIM,PF6,283.15,0.2238,0.2593,0.1699785530567169,0.09598858031416863,0.08932144694328306,0.32615408301353455,0.32615408301353455,0.1959720402956009,0.1959720402956009,0.1251888871192932,0.1251888871192932,0.08813373744487762,0.08813373744487762,0.11444401741027832,0.11444401741027832
[bmim]__[PF6]__R1234ze(E)__283.15__0.2534,L2,M0,R1234ZE(E),HFO,BMIM,PF6,283.15,0.2534,0.2969,0.19039779007434846,0.10898061803409619,0.10650220992565154,0.3679521083831787,0.3679521083831787,0.2210216075181961,0.2210216075181961,0.13547992706298828,0.13547992706298828,0.10186347365379333,0.10186347365379333,0.12567183375358582,0.12567183375358582
[bmim]__[PF6]__R1234ze(E)__293.15__0.0947,L2,M0,R1234ZE(E),HFO,BMIM,PF6,293.15,0.0947,0.0764,0.06633537635207176,0.02765731872858192,0.010064623647928234,0.10654380917549133,0.10654380917549133,0.07047713547945023,0.07047713547945023,0.06530322879552841,0.06530322879552841,0.02907915785908699,0.02907915785908699,0.06027355045080185,0.06027355045080185
[bmim]__[PF6]__R1234ze(E)__293.15__0.139,L2,M0,R1234ZE(E),HFO,BMIM,PF6,293.15,0.139,0.1106,0.08610718175768853,0.03811714305646559,0.024492818242311476,0.14377322793006897,0.14377322793006897,0.09556461870670319,0.09556461870670319,0.07888131588697433,0.07888131588697433,0.03956357017159462,0.03956357017159462,0.0727531760931015,0.0727531760931015
[bmim]__[PF6]__R1234ze(E)__293.15__0.1805,L2,M0,R1234ZE(E),HFO,BMIM,PF6,293.15,0.1805,0.1433,0.10600724592804908,0.04958769473573265,0.03729275407195093,0.182785302400589,0.182785302400589,0.12047328054904938,0.12047328054904938,0.0923144742846489,0.0923144742846489,0.05084521695971489,0.05084521695971489,0.08361795544624329,0.08361795544624329
[bmim]__[PF6]__R1234ze(E)__293.15__0.22,L2,M0,R1234ZE(E),HFO,BMIM,PF6,293.15,0.22,0.1754,0.1261005148291588,0.06222328484931893,0.049299485170841206,0.22439929842948914,0.22439929842948914,0.1448933631181717,0.1448933631181717,0.10426732897758484,0.10426732897758484,0.06334923952817917,0.06334923952817917,0.09359334409236908,0.09359334409236908
[bmim]__[PF6]__R1234ze(E)__293.15__0.2588,L2,M0,R1234ZE(E),HFO,BMIM,PF6,293.15,0.2588,0.2097,0.1460230156779289,0.0757372567759558,0.06367698432207108,0.2677699625492096,0.2677699625492096,0.16775043308734894,0.16775043308734894,0.11456404626369476,0.11456404626369476,0.07610961049795151,0.07610961049795151,0.10392102599143982,0.10392102599143982
[bmim]__[PF6]__R1234ze(E)__293.15__0.2958,L2,M0,R1234ZE(E),HFO,BMIM,PF6,293.15,0.2958,0.2419,0.16445184201002122,0.08926520097603192,0.07744815798997878,0.309154212474823,0.309154212474823,0.18942371010780334,0.18942371010780334,0.12360326945781708,0.12360326945781708,0.08692218363285065,0.08692218363285065,0.11315583437681198,0.11315583437681198
[bmim]__[PF6]__R1234ze(E)__303.15__0.1041,L2,M0,R1234ZE(E),HFO,BMIM,PF6,303.15,0.1041,0.0613,0.05997978076338768,0.023315003233921452,0.0013202192366123175,0.09187224507331848,0.09187224507331848,0.06288345158100128,0.06288345158100128,0.061316631734371185,0.061316631734371185,0.026193659752607346,0.026193659752607346,0.057632915675640106,0.057632915675640106
[bmim]__[PF6]__R1234ze(E)__303.15__0.1531,L2,M0,R1234ZE(E),HFO,BMIM,PF6,303.15,0.1531,0.0891,0.0752918317914009,0.029687142674660865,0.013808168208599092,0.116864413022995,0.116864413022995,0.08331727981567383,0.08331727981567383,0.07290853559970856,0.07290853559970856,0.03418699651956558,0.03418699651956558,0.06918193399906158,0.06918193399906158
[bmim]__[PF6]__R1234ze(E)__303.15__0.1995,L2,M0,R1234ZE(E),HFO,BMIM,PF6,303.15,0.1995,0.1154,0.09088802933692933,0.036773047196470676,0.024511970663070676,0.14378570020198822,0.14378570020198822,0.10440626740455627,0.10440626740455627,0.08411165326833725,0.08411165326833725,0.04369349032640457,0.04369349032640457,0.07844303548336029,0.07844303548336029
[bmim]__[PF6]__R1234ze(E)__303.15__0.244,L2,M0,R1234ZE(E),HFO,BMIM,PF6,303.15,0.244,0.1414,0.10667452961206436,0.04605852033447967,0.034725470387935636,0.17621856927871704,0.17621856927871704,0.12357746064662933,0.12357746064662933,0.09297285974025726,0.09297285974025726,0.05402626097202301,0.05402626097202301,0.08657749742269516,0.08657749742269516
[bmim]__[PF6]__R1234ze(E)__303.15__0.2887,L2,M0,R1234ZE(E),HFO,BMIM,PF6,303.15,0.2887,0.169,0.12246488779783249,0.05644483820073829,0.04653511220216752,0.21043258905410767,0.21043258905410767,0.14181603491306305,0.14181603491306305,0.10177133232355118,0.10177133232355118,0.0641338899731636,0.0641338899731636,0.09417059272527695,0.09417059272527695
[bmim]__[PF6]__R1234ze(E)__303.15__0.3315,L2,M0,R1234ZE(E),HFO,BMIM,PF6,303.15,0.3315,0.1952,0.1369177520275116,0.06641081261289632,0.058282247972488405,0.242330864071846,0.242330864071846,0.15843379497528076,0.15843379497528076,0.10869033634662628,0.10869033634662628,0.07344391942024231,0.07344391942024231,0.10168984532356262,0.10168984532356262
[bmim]__[PF6]__R1234ze(E)__313.15__0.1124,L2,M0,R1234ZE(E),HFO,BMIM,PF6,313.15,0.1124,0.0499,0.05371094793081284,0.020007957559549223,0.0038109479308128386,0.080268993973732,0.080268993973732,0.057114556431770325,0.057114556431770325,0.05519361048936844,0.05519361048936844,0.02406420186161995,0.02406420186161995,0.05191337689757347,0.05191337689757347
[bmim]__[PF6]__R1234ze(E)__313.15__0.1654,L2,M0,R1234ZE(E),HFO,BMIM,PF6,313.15,0.1654,0.0726,0.06600766479969025,0.0233685201994192,0.006592335200309746,0.09760433435440063,0.09760433435440063,0.0723939910531044,0.0723939910531044,0.06531377881765366,0.06531377881765366,0.03237151354551315,0.03237151354551315,0.06235470622777939,0.06235470622777939
[bmim]__[PF6]__R1234ze(E)__313.15__0.216,L2,M0,R1234ZE(E),HFO,BMIM,PF6,313.15,0.216,0.094,0.07799019888043404,0.02761385906281789,0.01600980111956596,0.11609450727701187,0.11609450727701187,0.08801132440567017,0.08801132440567017,0.07467097043991089,0.07467097043991089,0.04004804417490959,0.04004804417490959,0.07112614810466766,0.07112614810466766
[bmim]__[PF6]__R1234ze(E)__313.15__0.2648,L2,M0,R1234ZE(E),HFO,BMIM,PF6,313.15,0.2648,0.1151,0.08983206152915954,0.03407089200956284,0.025267938470840454,0.13910184800624847,0.13910184800624847,0.10345408320426941,0.10345408320426941,0.08188268542289734,0.08188268542289734,0.04723300039768219,0.04723300039768219,0.07748869061470032,0.07748869061470032
[bmim]__[PF6]__R1234ze(E)__313.15__0.3142,L2,M0,R1234ZE(E),HFO,BMIM,PF6,313.15,0.3142,0.1374,0.10154734402894974,0.04136834434129166,0.03585265597105025,0.1638433337211609,0.1638433337211609,0.11760549247264862,0.11760549247264862,0.087668776512146,0.087668776512146,0.054552510380744934,0.054552510380744934,0.08406660705804825,0.08406660705804825
[bmim]__[PF6]__R1234ze(E)__313.15__0.3619,L2,M0,R1234ZE(E),HFO,BMIM,PF6,313.15,0.3619,0.1584,0.11205349862575531,0.04818957034671751,0.0463465013742447,0.1865476667881012,0.1865476667881012,0.12960688769817352,0.12960688769817352,0.09302670508623123,0.09302670508623123,0.06134098023176193,0.06134098023176193,0.08974525332450867,0.08974525332450867
[bmim]__[PF6]__R1234ze(E)__323.15__0.1197,L2,M0,R1234ZE(E),HFO,BMIM,PF6,323.15,0.1197,0.0411,0.046689847856760024,0.01708132507636585,0.005589847856760026,0.06996496766805649,0.06996496766805649,0.050898827612400055,0.050898827612400055,0.04647532477974892,0.04647532477974892,0.022197365760803223,0.022197365760803223,0.04391275346279144,0.04391275346279144
[bmim]__[PF6]__R1234ze(E)__323.15__0.1764,L2,M0,R1234ZE(E),HFO,BMIM,PF6,323.15,0.1764,0.0599,0.05632675960659981,0.01915662706024108,0.0035732403934001927,0.0829901248216629,0.0829901248216629,0.06120070442557335,0.06120070442557335,0.05494733154773712,0.05494733154773712,0.029488496482372284,0.029488496482372284,0.05300714075565338,0.05300714075565338
[bmim]__[PF6]__R1234ze(E)__323.15__0.2306,L2,M0,R1234ZE(E),HFO,BMIM,PF6,323.15,0.2306,0.0775,0.06589575186371803,0.021944094535384664,0.01160424813628197,0.09708276391029358,0.09708276391029358,0.07310705631971359,0.07310705631971359,0.061932530254125595,0.061932530254125595,0.03657561168074608,0.03657561168074608,0.06078079715371132,0.06078079715371132
[bmim]__[PF6]__R1234ze(E)__323.15__0.2832,L2,M0,R1234ZE(E),HFO,BMIM,PF6,323.15,0.2832,0.0947,0.07510033249855042,0.02579760800762089,0.01959966750144959,0.1122232973575592,0.1122232973575592,0.08496518433094025,0.08496518433094025,0.06877563148736954,0.06877563148736954,0.04212183505296707,0.04212183505296707,0.06741571426391602,0.06741571426391602
[bmim]__[PF6]__R1234ze(E)__323.15__0.3366,L2,M0,R1234ZE(E),HFO,BMIM,PF6,323.15,0.3366,0.1132,0.08355526328086853,0.03009805599012442,0.029644736719131468,0.12830619513988495,0.12830619513988495,0.09496007859706879,0.09496007859706879,0.07411494851112366,0.07411494851112366,0.047736190259456635,0.047736190259456635,0.07265890389680862,0.07265890389680862
[bmim]__[PF6]__R1234ze(E)__323.15__0.3883,L2,M0,R1234ZE(E),HFO,BMIM,PF6,323.15,0.3883,0.1304,0.09161089062690735,0.034884888517038935,0.03878910937309264,0.14551794528961182,0.14551794528961182,0.10360756516456604,0.10360756516456604,0.07823002338409424,0.07823002338409424,0.05395740270614624,0.05395740270614624,0.07674151659011841,0.07674151659011841
[bmim]__[PF6]__R1234ze(E)__333.15__0.1264,L2,M0,R1234ZE(E),HFO,BMIM,PF6,333.15,0.1264,0.0343,0.04013779126107693,0.015234894371871623,0.005837791261076933,0.06039148196578026,0.06039148196578026,0.04466628283262253,0.04466628283262253,0.040143389254808426,0.040143389254808426,0.017985014244914055,0.017985014244914055,0.03750278800725937,0.03750278800725937
[bmim]__[PF6]__R1234ze(E)__333.15__0.1864,L2,M0,R1234ZE(E),HFO,BMIM,PF6,333.15,0.1864,0.0502,0.04791902042925358,0.016322848209691983,0.0022809795707464248,0.07074251025915146,0.07074251025915146,0.052325546741485596,0.052325546741485596,0.04559404402971268,0.04559404402971268,0.025222567841410637,0.025222567841410637,0.04571043327450752,0.04571043327450752
[bmim]__[PF6]__R1234ze(E)__333.15__0.2439,L2,M0,R1234ZE(E),HFO,BMIM,PF6,333.15,0.2439,0.0648,0.05609099492430687,0.018121930244086894,0.008709005075693124,0.08241225779056549,0.08241225779056549,0.06155151501297951,0.06155151501297951,0.0515795536339283,0.0515795536339283,0.03248580917716026,0.03248580917716026,0.05242583900690079,0.05242583900690079
[bmim]__[PF6]__R1234ze(E)__333.15__0.2999,L2,M0,R1234ZE(E),HFO,BMIM,PF6,333.15,0.2999,0.0791,0.06371768936514854,0.02107847424666194,0.01538231063485146,0.09505535662174225,0.09505535662174225,0.07054878026247025,0.07054878026247025,0.057245831936597824,0.057245831936597824,0.037763215601444244,0.037763215601444244,0.05797526240348816,0.05797526240348816
[bmim]__[PF6]__R1234ze(E)__333.15__0.3568,L2,M0,R1234ZE(E),HFO,BMIM,PF6,333.15,0.3568,0.0946,0.07013901844620704,0.023847027933089845,0.024460981553792963,0.10621995478868484,0.10621995478868484,0.07811632752418518,0.07811632752418518,0.06193545088171959,0.06193545088171959,0.04223234951496124,0.04223234951496124,0.062191009521484375,0.062191009521484375
[bmim]__[PF6]__R1234ze(E)__333.15__0.4121,L2,M0,R1234ZE(E),HFO,BMIM,PF6,333.15,0.4121,0.109,0.07572701424360276,0.02649374576653913,0.03327298575639724,0.11669857800006866,0.11669857800006866,0.08455634117126465,0.08455634117126465,0.06544023752212524,0.06544023752212524,0.0468994602560997,0.0468994602560997,0.0650404542684555,0.0650404542684555
[bmim]__[PF6]__R1234ze(E)__343.15__0.1327,L2,M0,R1234ZE(E),HFO,BMIM,PF6,343.15,0.1327,0.0289,0.03444241322577,0.014069116989773025,0.005542413225769999,0.05213026702404022,0.05213026702404022,0.03885282948613167,0.03885282948613167,0.03495217114686966,0.03495217114686966,0.013048132881522179,0.013048132881522179,0.033228665590286255,0.033228665590286255
[bmim]__[PF6]__R1234ze(E)__343.15__0.196,L2,M0,R1234ZE(E),HFO,BMIM,PF6,343.15,0.196,0.0417,0.040890935063362124,0.014139396784083292,0.0008090649366378766,0.060160454362630844,0.060160454362630844,0.04467631131410599,0.04467631131410599,0.03847339376807213,0.03847339376807213,0.02069167047739029,0.02069167047739029,0.04045284539461136,0.04045284539461136
[bmim]__[PF6]__R1234ze(E)__343.15__0.2565,L2,M0,R1234ZE(E),HFO,BMIM,PF6,343.15,0.2565,0.0541,0.04725371077656746,0.015060517294312728,0.006846289223432542,0.06906493008136749,0.06906493008136749,0.0515129454433918,0.0515129454433918,0.04250788688659668,0.04250788688659668,0.02754944935441017,0.02754944935441017,0.04563334211707115,0.04563334211707115
[bmim]__[PF6]__R1234ze(E)__343.15__0.3156,L2,M0,R1234ZE(E),HFO,BMIM,PF6,343.15,0.3156,0.0663,0.053801091760396956,0.017326139262651797,0.012498908239603042,0.07976020872592926,0.07976020872592926,0.0588633269071579,0.0588633269071579,0.04710640758275986,0.04710640758275986,0.03267767280340195,0.03267767280340195,0.050597842782735825,0.050597842782735825
[bmim]__[PF6]__R1234ze(E)__343.15__0.3761,L2,M0,R1234ZE(E),HFO,BMIM,PF6,343.15,0.3761,0.0786,0.059325128048658374,0.019466319200465706,0.01927487195134163,0.0894605815410614,0.0894605815410614,0.06468336284160614,0.06468336284160614,0.05098585784435272,0.05098585784435272,0.03736133873462677,0.03736133873462677,0.05413449928164482,0.05413449928164482
[bmim]__[PF6]__R1234ze(E)__343.15__0.4347,L2,M0,R1234ZE(E),HFO,BMIM,PF6,343.15,0.4347,0.0906,0.06406826227903366,0.021591447673737215,0.026531737720966342,0.0976090282201767,0.0976090282201767,0.07090245932340622,0.07090245932340622,0.0544479638338089,0.0544479638338089,0.04070349037647247,0.04070349037647247,0.056678369641304016,0.056678369641304016
[hmim]__[BF4]__R1234yf__303.2__0.1109,L2,M0,R1234YF,HFO,HMIM,BF4,303.2,0.1109,0.02515,0.025644153263419865,0.012144067887950687,0.0004941532634198664,0.02342185750603676,0.02342185750603676,0.032170772552490234,0.032170772552490234,0.035740215331315994,0.035740215331315994,0.00546778691932559,0.00546778691932559,0.031420134007930756,0.031420134007930756
[hmim]__[BF4]__R1234yf__313.2__0.1248,L2,M0,R1234YF,HFO,HMIM,BF4,313.2,0.1248,0.02245,0.025512533076107503,0.011901222103678987,0.0030625330761075015,0.024137243628501892,0.024137243628501892,0.031973034143447876,0.031973034143447876,0.036044396460056305,0.036044396460056305,0.005661151371896267,0.005661151371896267,0.02974683977663517,0.02974683977663517
[hmim]__[BF4]__R1234yf__323.2__0.1322,L2,M0,R1234YF,HFO,HMIM,BF4,323.2,0.1322,0.01899,0.02307177735492587,0.011089029685184135,0.004081777354925872,0.022928282618522644,0.022928282618522644,0.030535317957401276,0.030535317957401276,0.031529173254966736,0.031529173254966736,0.004225184675306082,0.004225184675306082,0.026140928268432617,0.026140928268432617
[hmim]__[BF4]__R1234yf__333.2__0.1494,L2,M0,R1234YF,HFO,HMIM,BF4,333.2,0.1494,0.01749,0.020473978109657766,0.011091093390527195,0.0029839781096577672,0.02141479402780533,0.02141479402780533,0.028729327023029327,0.028729327023029327,0.027692385017871857,0.027692385017871857,0.001399562694132328,0.001399562694132328,0.02313382178544998,0.02313382178544998
[hmim]__[BF4]__R1234yf__343.2__0.1587,L2,M0,R1234YF,HFO,HMIM,BF4,343.2,0.1587,0.0153,0.01743449866771698,0.010060832282426853,0.0021344986677169792,0.019210513681173325,0.019210513681173325,0.025722917169332504,0.025722917169332504,0.022096414119005203,0.022096414119005203,-0.00138090830296278,0.0,0.020142648369073868,0.020142648369073868
[hmim]__[BF4]__R1234yf__283.15__0.0548,L2,M0,R1234YF,HFO,HMIM,BF4,283.15,0.0548,0.0226,0.015344304032623768,0.00799764173961541,0.007255695967376231,0.013691700994968414,0.013691700994968414,0.02108088508248329,0.02108088508248329,0.022630546241998672,0.022630546241998672,0.0025010043755173683,0.0025010043755173683,0.016817383468151093,0.016817383468151093
[hmim]__[BF4]__R1234yf__283.15__0.1023,L2,M0,R1234YF,HFO,HMIM,BF4,283.15,0.1023,0.0422,0.027486944012343882,0.010909308371160964,0.01471305598765612,0.02848615124821663,0.02848615124821663,0.03501082956790924,0.03501082956790924,0.03545527160167694,0.03545527160167694,0.008777796290814877,0.008777796290814877,0.02970467135310173,0.02970467135310173
[hmim]__[BF4]__R1234yf__283.15__0.155,L2,M0,R1234YF,HFO,HMIM,BF4,283.15,0.155,0.0608,0.041514329612255096,0.014247089709033602,0.019285670387744903,0.04587126523256302,0.04587126523256302,0.054665517061948776,0.054665517061948776,0.04902336746454239,0.04902336746454239,0.017810508608818054,0.017810508608818054,0.040200989693403244,0.040200989693403244
[hmim]__[BF4]__R1234yf__283.15__0.193,L2,M0,R1234YF,HFO,HMIM,BF4,283.15,0.193,0.0772,0.052473027259111404,0.016936772765839304,0.0247269727408886,0.058170076459646225,0.058170076459646225,0.07073396444320679,0.07073396444320679,0.05918247997760773,0.05918247997760773,0.025601625442504883,0.025601625442504883,0.0486769899725914,0.0486769899725914
[hmim]__[BF4]__R1234yf__283.15__0.2342,L2,M0,R1234YF,HFO,HMIM,BF4,283.15,0.2342,0.0962,0.06444187760353089,0.019999861360553206,0.03175812239646911,0.07071756571531296,0.07071756571531296,0.08924070000648499,0.08924070000648499,0.06951436400413513,0.06951436400413513,0.03482326865196228,0.03482326865196228,0.057913489639759064,0.057913489639759064
[hmim]__[BF4]__R1234yf__283.15__0.2766,L2,M0,R1234YF,HFO,HMIM,BF4,283.15,0.2766,0.1165,0.07725526839494705,0.022993518541944456,0.03924473160505296,0.0847070962190628,0.0847070962190628,0.1075916439294815,0.1075916439294815,0.0812779888510704,0.0812779888510704,0.04519805312156677,0.04519805312156677,0.06750155985355377,0.06750155985355377
[hmim]__[BF4]__R1234yf__283.15__0.3157,L2,M0,R1234YF,HFO,HMIM,BF4,283.15,0.3157,0.1388,0.08903055861592293,0.024858583072307094,0.04976944138407707,0.0975274071097374,0.0975274071097374,0.12307527661323547,0.12307527661323547,0.09193560481071472,0.09193560481071472,0.05632174387574196,0.05632174387574196,0.07629276067018509,0.07629276067018509
[hmim]__[BF4]__R1234yf__293.15__0.0582,L2,M0,R1234YF,HFO,HMIM,BF4,293.15,0.0582,0.019,0.016997885145246982,0.009793641147610279,0.0020021148547530176,0.013296671211719513,0.013296671211719513,0.022213522344827652,0.022213522344827652,0.02640816569328308,0.02640816569328308,0.0016731852665543556,0.0016731852665543556,0.02139788120985031,0.02139788120985031
[hmim]__[BF4]__R1234yf__293.15__0.1083,L2,M0,R1234YF,HFO,HMIM,BF4,293.15,0.1083,0.0338,0.02621351182460785,0.01162794117471644,0.007586488175392148,0.025415483862161636,0.025415483862161636,0.032381586730480194,0.032381586730480194,0.03532026708126068,0.03532026708126068,0.006436526775360107,0.006436526775360107,0.03151369467377663,0.03151369467377663
[hmim]__[BF4]__R1234yf__293.15__0.1579,L2,M0,R1234YF,HFO,HMIM,BF4,293.15,0.1579,0.0494,0.035449334606528285,0.013728499554838892,0.013950665393471715,0.03735189139842987,0.03735189139842987,0.04328400641679764,0.04328400641679764,0.04491036385297775,0.04491036385297775,0.011443829163908958,0.011443829163908958,0.04025658220052719,0.04025658220052719
[hmim]__[BF4]__R1234yf__293.15__0.2049,L2,M0,R1234YF,HFO,HMIM,BF4,293.15,0.2049,0.0646,0.04471147209405899,0.015563039133735773,0.019888527905941013,0.047916240990161896,0.047916240990161896,0.055937305092811584,0.055937305092811584,0.05481051653623581,0.05481051653623581,0.017788879573345184,0.017788879573345184,0.04710441827774048,0.04710441827774048
[hmim]__[BF4]__R1234yf__293.15__0.2502,L2,M0,R1234YF,HFO,HMIM,BF4,293.15,0.2502,0.0791,0.05398342125117779,0.017423861385861234,0.025116578748822213,0.05790189281105995,0.05790189281105995,0.06992174685001373,0.06992174685001373,0.06361567229032516,0.06361567229032516,0.024792497977614403,0.024792497977614403,0.05368529632687569,0.05368529632687569
[hmim]__[BF4]__R1234yf__293.15__0.2966,L2,M0,R1234YF,HFO,HMIM,BF4,293.15,0.2966,0.0944,0.06389233991503715,0.019364347460783887,0.030507660084962848,0.068165622651577,0.068165622651577,0.08464394509792328,0.08464394509792328,0.07273071259260178,0.07273071259260178,0.03282662481069565,0.03282662481069565,0.06109479442238808,0.06109479442238808
[hmim]__[BF4]__R1234yf__293.15__0.3404,L2,M0,R1234YF,HFO,HMIM,BF4,293.15,0.3404,0.1102,0.07346428334712982,0.021476454665235626,0.03673571665287019,0.07866708189249039,0.07866708189249039,0.0987260639667511,0.0987260639667511,0.08144722133874893,0.08144722133874893,0.04051294922828674,0.04051294922828674,0.06796810030937195,0.06796810030937195
[hmim]__[BF4]__R1234yf__303.15__0.0615,L2,M0,R1234YF,HFO,HMIM,BF4,303.15,0.0615,0.0155,0.01877851877361536,0.010493696169445758,0.0032785187736153604,0.014265239238739014,0.014265239238739014,0.024585187435150146,0.024585187435150146,0.02850862592458725,0.02850862592458725,0.0025208452716469765,0.0025208452716469765,0.024012695997953415,0.024012695997953415
[hmim]__[BF4]__R1234yf__303.15__0.1144,L2,M0,R1234YF,HFO,HMIM,BF4,303.15,0.1144,0.0279,0.026122441235929727,0.012303121461263705,0.0017775587640702743,0.024062760174274445,0.024062760174274445,0.03273181617259979,0.03273181617259979,0.03630554676055908,0.03630554676055908,0.005616069305688143,0.005616069305688143,0.031896013766527176,0.031896013766527176
[hmim]__[BF4]__R1234yf__303.15__0.1671,L2,M0,R1234YF,HFO,HMIM,BF4,303.15,0.1671,0.0406,0.03296471163630486,0.014276205206463902,0.0076352883636951405,0.032778143882751465,0.032778143882751465,0.03954862430691719,0.03954862430691719,0.04505445063114166,0.04505445063114166,0.008641224354505539,0.008641224354505539,0.03880111500620842,0.03880111500620842
[hmim]__[BF4]__R1234yf__303.15__0.2175,L2,M0,R1234YF,HFO,HMIM,BF4,303.15,0.2175,0.0519,0.040051155164837836,0.015500516927555559,0.011848844835162166,0.0414249449968338,0.0414249449968338,0.04748781770467758,0.04748781770467758,0.052881333976984024,0.052881333976984024,0.013339003548026085,0.013339003548026085,0.045122675597667694,0.045122675597667694
[hmim]__[BF4]__R1234yf__303.15__0.266,L2,M0,R1234YF,HFO,HMIM,BF4,303.15,0.266,0.0632,0.04688398391008377,0.01619360077822903,0.016316016089916237,0.0487605482339859,0.0487605482339859,0.056376341730356216,0.056376341730356216,0.05986148491501808,0.05986148491501808,0.019050076603889465,0.019050076603889465,0.05037146806716919,0.05037146806716919
[hmim]__[BF4]__R1234yf__303.15__0.3155,L2,M0,R1234YF,HFO,HMIM,BF4,303.15,0.3155,0.0762,0.054325146973133086,0.017909346713095086,0.021874853026866918,0.05655540153384209,0.05655540153384209,0.06750408560037613,0.06750408560037613,0.06802736222743988,0.06802736222743988,0.024071790277957916,0.024071790277957916,0.05546709522604942,0.05546709522604942
[hmim]__[BF4]__R1234yf__303.15__0.3627,L2,M0,R1234YF,HFO,HMIM,BF4,303.15,0.3627,0.0887,0.06142546311020851,0.019582002063872398,0.027274536889791492,0.06413109600543976,0.06413109600543976,0.07836569845676422,0.07836569845676422,0.07472078502178192,0.07472078502178192,0.0288272425532341,0.0288272425532341,0.061082493513822556,0.061082493513822556
[hmim]__[BF4]__R1234yf__313.15__0.0646,L2,M0,R1234YF,HFO,HMIM,BF4,313.15,0.0646,0.0129,0.018886056542396546,0.010575020328295895,0.005986056542396546,0.015142202377319336,0.015142202377319336,0.02541518583893776,0.02541518583893776,0.02847963571548462,0.02847963571548462,0.002160418778657913,0.002160418778657913,0.0232328400015831,0.0232328400015831
[hmim]__[BF4]__R1234yf__313.15__0.1204,L2,M0,R1234YF,HFO,HMIM,BF4,313.15,0.1204,0.0228,0.025082877743989228,0.011782661336225131,0.002282877743989227,0.02352985367178917,0.02352985367178917,0.03160844370722771,0.03160844370722771,0.03544863313436508,0.03544863313436508,0.005471179727464914,0.005471179727464914,0.029356278479099274,0.029356278479099274
[hmim]__[BF4]__R1234yf__313.15__0.1757,L2,M0,R1234YF,HFO,HMIM,BF4,313.15,0.1757,0.0337,0.03071330040693283,0.013591197083162273,0.0029866995930671707,0.03024507686495781,0.03024507686495781,0.03719127178192139,0.03719127178192139,0.043396804481744766,0.043396804481744766,0.007929615676403046,0.007929615676403046,0.034803733229637146,0.034803733229637146
[hmim]__[BF4]__R1234yf__313.15__0.2285,L2,M0,R1234YF,HFO,HMIM,BF4,313.15,0.2285,0.0438,0.036074017733335496,0.014936551037438933,0.007725982266664502,0.0363701656460762,0.0363701656460762,0.042585037648677826,0.042585037648677826,0.05019429698586464,0.05019429698586464,0.010920844972133636,0.010920844972133636,0.04029974341392517,0.04029974341392517
[hmim]__[BF4]__R1234yf__313.15__0.2799,L2,M0,R1234YF,HFO,HMIM,BF4,313.15,0.2799,0.053,0.041302524879574774,0.015222535606944162,0.011697475120425224,0.0423600971698761,0.0423600971698761,0.04831685125827789,0.04831685125827789,0.05558134987950325,0.05558134987950325,0.015585483983159065,0.015585483983159065,0.04466884210705757,0.04466884210705757
[hmim]__[BF4]__R1234yf__313.15__0.3326,L2,M0,R1234YF,HFO,HMIM,BF4,313.15,0.3326,0.0631,0.04669116884469986,0.015996801453454113,0.016408831155300146,0.048254117369651794,0.048254117369651794,0.055373743176460266,0.055373743176460266,0.06108442321419716,0.06108442321419716,0.01962287724018097,0.01962287724018097,0.04912068322300911,0.04912068322300911
[hmim]__[BF4]__R1234yf__313.15__0.3828,L2,M0,R1234YF,HFO,HMIM,BF4,313.15,0.3828,0.0736,0.05182296484708786,0.017192112260409974,0.02177703515291214,0.05429241806268692,0.05429241806268692,0.062373679131269455,0.062373679131269455,0.06625962257385254,0.06625962257385254,0.022610634565353394,0.022610634565353394,0.05357846990227699,0.05357846990227699
[hmim]__[BF4]__R1234yf__323.15__0.0676,L2,M0,R1234YF,HFO,HMIM,BF4,323.15,0.0676,0.0106,0.017084659077227116,0.010003741331678891,0.006484659077227116,0.014774534851312637,0.014774534851312637,0.024475522339344025,0.024475522339344025,0.024799596518278122,0.024799596518278122,0.0007130326703190804,0.0007130326703190804,0.020660609006881714,0.020660609006881714
[hmim]__[BF4]__R1234yf__323.15__0.126,L2,M0,R1234YF,HFO,HMIM,BF4,323.15,0.126,0.0191,0.02255983529612422,0.010992405939659057,0.0034598352961242203,0.02224256843328476,0.02224256843328476,0.030132122337818146,0.030132122337818146,0.030882835388183594,0.030882835388183594,0.0039245798252522945,0.0039245798252522945,0.025617070496082306,0.025617070496082306
[hmim]__[BF4]__R1234yf__323.15__0.1838,L2,M0,R1234YF,HFO,HMIM,BF4,323.15,0.1838,0.0282,0.027224762178957463,0.012331569246769827,0.0009752378210425364,0.027367252856492996,0.027367252856492996,0.03391138091683388,0.03391138091683388,0.03773360326886177,0.03773360326886177,0.006251291371881962,0.006251291371881962,0.030860282480716705,0.030860282480716705
[hmim]__[BF4]__R1234yf__323.15__0.2395,L2,M0,R1234YF,HFO,HMIM,BF4,323.15,0.2395,0.0365,0.03147604186087847,0.013115386314778021,0.005023958139121529,0.03150251880288124,0.03150251880288124,0.03806120157241821,0.03806120157241821,0.04331638291478157,0.04331638291478157,0.00932223442941904,0.00932223442941904,0.03517787158489227,0.03517787158489227
[hmim]__[BF4]__R1234yf__323.15__0.2933,L2,M0,R1234YF,HFO,HMIM,BF4,323.15,0.2933,0.0444,0.03597141578793526,0.013360737691588836,0.008428584212064744,0.03687341511249542,0.03687341511249542,0.04233522713184357,0.04233522713184357,0.048268068581819534,0.048268068581819534,0.013341587036848068,0.013341587036848068,0.03903878107666969,0.03903878107666969
[hmim]__[BF4]__R1234yf__323.15__0.3489,L2,M0,R1234YF,HFO,HMIM,BF4,323.15,0.3489,0.0531,0.04045328460633755,0.014077559603718096,0.012646715393662453,0.04226573556661606,0.04226573556661606,0.04763854295015335,0.04763854295015335,0.05277596414089203,0.05277596414089203,0.016401490196585655,0.016401490196585655,0.04318469017744064,0.04318469017744064
[hmim]__[BF4]__R1234yf__323.15__0.4019,L2,M0,R1234YF,HFO,HMIM,BF4,323.15,0.4019,0.062,0.04455309063196182,0.014365231664698191,0.01744690936803818,0.04688692092895508,0.04688692092895508,0.052980128675699234,0.052980128675699234,0.05646229162812233,0.05646229162812233,0.019985847175121307,0.019985847175121307,0.04645026475191116,0.04645026475191116
[hmim]__[BF4]__R1234yf__333.15__0.0705,L2,M0,R1234YF,HFO,HMIM,BF4,333.15,0.0705,0.0087,0.01436316892504692,0.008743717486075398,0.005663168925046921,0.012635737657546997,0.012635737657546997,0.021976090967655182,0.021976090967655182,0.019749537110328674,0.019749537110328674,-0.0017316248267889023,0.0,0.01745447888970375,0.01745447888970375
[hmim]__[BF4]__R1234yf__333.15__0.1313,L2,M0,R1234YF,HFO,HMIM,BF4,333.15,0.1313,0.0159,0.019242452271282674,0.010748881610431655,0.0033424522712826726,0.019822753965854645,0.019822753965854645,0.027915868908166885,0.027915868908166885,0.025821898132562637,0.025821898132562637,0.000886634923517704,0.000886634923517704,0.021765105426311493,0.021765105426311493
[hmim]__[BF4]__R1234yf__333.15__0.1918,L2,M0,R1234YF,HFO,HMIM,BF4,333.15,0.1918,0.0238,0.023294117115437985,0.011679639319877843,0.0005058828845620165,0.024074099957942963,0.024074099957942963,0.030433792620897293,0.030433792620897293,0.03191591799259186,0.03191591799259186,0.00312954094260931,0.00312954094260931,0.0269172340631485,0.0269172340631485
[hmim]__[BF4]__R1234yf__333.15__0.2499,L2,M0,R1234YF,HFO,HMIM,BF4,333.15,0.2499,0.0308,0.02718885401263833,0.011616931298883195,0.0036111459873616712,0.027888912707567215,0.027888912707567215,0.0332786850631237,0.0332786850631237,0.036738693714141846,0.036738693714141846,0.007238848600536585,0.007238848600536585,0.030799129977822304,0.030799129977822304
[hmim]__[BF4]__R1234yf__333.15__0.3057,L2,M0,R1234YF,HFO,HMIM,BF4,333.15,0.3057,0.0376,0.031064264848828314,0.011535804703253473,0.006535735151171687,0.032369233667850494,0.032369233667850494,0.037027426064014435,0.037027426064014435,0.04065307229757309,0.04065307229757309,0.011211840435862541,0.011211840435862541,0.03405975177884102,0.03405975177884102
[hmim]__[BF4]__R1234yf__333.15__0.3644,L2,M0,R1234YF,HFO,HMIM,BF4,333.15,0.3644,0.0454,0.034939701482653615,0.01225201351893295,0.010460298517346388,0.03718491643667221,0.03718491643667221,0.04169521853327751,0.04169521853327751,0.044416643679142,0.044416643679142,0.013674961403012276,0.013674961403012276,0.03772676736116409,0.03772676736116409
[hmim]__[BF4]__R1234yf__333.15__0.42,L2,M0,R1234YF,HFO,HMIM,BF4,333.15,0.42,0.0531,0.038357922434806825,0.012923339077809272,0.014742077565193176,0.04159986972808838,0.04159986972808838,0.04622993618249893,0.04622993618249893,0.04751258343458176,0.04751258343458176,0.015847109258174896,0.015847109258174896,0.040600113570690155,0.040600113570690155
[hmim]__[BF4]__R1234yf__343.15__0.0737,L2,M0,R1234YF,HFO,HMIM,BF4,343.15,0.0737,0.0063,0.011765439063310623,0.00719044981885138,0.005465439063310623,0.010587573051452637,0.010587573051452637,0.01871189847588539,0.01871189847588539,0.015381507575511932,0.015381507575511932,-0.004484277218580246,0.0,0.014146216213703156,0.014146216213703156
[hmim]__[BF4]__R1234yf__343.15__0.1366,L2,M0,R1234YF,HFO,HMIM,BF4,343.15,0.1366,0.0128,0.016222165524959566,0.009429939883441638,0.003422165524959565,0.01764758676290512,0.01764758676290512,0.024425417184829712,0.024425417184829712,0.020377449691295624,0.020377449691295624,-0.0022620605304837227,0.0,0.018660373985767365,0.018660373985767365
[hmim]__[BF4]__R1234yf__343.15__0.1998,L2,M0,R1234YF,HFO,HMIM,BF4,343.15,0.1998,0.0192,0.019524517841637133,0.010872954587808138,0.00032451784163713485,0.02131284400820732,0.02131284400820732,0.02741815522313118,0.02741815522313118,0.025506936013698578,0.025506936013698578,0.0005365842953324318,0.0005365842953324318,0.022848069667816162,0.022848069667816162
[hmim]__[BF4]__R1234yf__343.15__0.2602,L2,M0,R1234YF,HFO,HMIM,BF4,343.15,0.2602,0.0255,0.02325767893344164,0.010233284286459506,0.002242321066558358,0.024935320019721985,0.024935320019721985,0.029192466288805008,0.029192466288805008,0.030411548912525177,0.030411548912525177,0.005371087230741978,0.005371087230741978,0.026377972215414047,0.026377972215414047
[hmim]__[BF4]__R1234yf__343.15__0.3146,L2,M0,R1234YF,HFO,HMIM,BF4,343.15,0.3146,0.0315,0.026425961777567862,0.010405458271373331,0.005074038222432138,0.028483636677265167,0.028483636677265167,0.032147496938705444,0.032147496938705444,0.03378744423389435,0.03378744423389435,0.00819464586675167,0.00819464586675167,0.029516585171222687,0.029516585171222687
[hmim]__[BF4]__R1234yf__343.15__0.3798,L2,M0,R1234YF,HFO,HMIM,BF4,343.15,0.3798,0.038,0.030056620389223097,0.011202997770639591,0.007943379610776902,0.03301551938056946,0.03301551938056946,0.03665076568722725,0.03665076568722725,0.03726818412542343,0.03726818412542343,0.01033284142613411,0.01033284142613411,0.033015791326761246,0.033015791326761246
[hmim]__[BF4]__R1234yf__343.15__0.4384,L2,M0,R1234YF,HFO,HMIM,BF4,343.15,0.4384,0.0441,0.033318920992314816,0.011762913608757955,0.010781079007685185,0.03696475923061371,0.03696475923061371,0.0410691536962986,0.0410691536962986,0.04040701687335968,0.04040701687335968,0.012696306221187115,0.012696306221187115,0.035457368940114975,0.035457368940114975
[hmim]__[BF4]__R1234yf__303.2__0.109,L2,M0,R1234YF,HFO,HMIM,BF4,303.2,0.109,0.027,0.02539124311879277,0.012059853267078915,0.001608756881207228,0.023076698184013367,0.023076698184013367,0.03188884258270264,0.03188884258270264,0.03543613478541374,0.03543613478541374,0.005391866434365511,0.005391866434365511,0.031162673607468605,0.031162673607468605
[hmim]__[BF4]__R1234yf__303.27__0.186,L2,M0,R1234YF,HFO,HMIM,BF4,303.27,0.186,0.048,0.03557040076702833,0.014857097118799066,0.01242959923297167,0.0360495001077652,0.0360495001077652,0.04226238280534744,0.04226238280534744,0.048170894384384155,0.048170894384384155,0.01013322826474905,0.01013322826474905,0.04123599827289581,0.04123599827289581
[hmim]__[BF4]__R1234yf__303.38__0.301,L2,M0,R1234YF,HFO,HMIM,BF4,303.38,0.301,0.085,0.05190029442310333,0.01729957746253065,0.033099705576896676,0.05404452979564667,0.05404452979564667,0.06361204385757446,0.06361204385757446,0.06558489799499512,0.06558489799499512,0.02249624952673912,0.02249624952673912,0.053763750940561295,0.053763750940561295
[hmim]__[BF4]__R1234yf__303.8__0.371,L2,M0,R1234YF,HFO,HMIM,BF4,303.8,0.371,0.113,0.06180898025631905,0.01968946680531695,0.051191019743680954,0.0645647868514061,0.0645647868514061,0.07873810827732086,0.07873810827732086,0.07527855038642883,0.07527855038642883,0.029022615402936935,0.029022615402936935,0.0614408403635025,0.0614408403635025
[hmim]__[BF4]__R1234yf__303.36__0.444,L2,M0,R1234YF,HFO,HMIM,BF4,303.36,0.444,0.149,0.07414081469178199,0.02146610620663431,0.074859185308218,0.0776686817407608,0.0776686817407608,0.09712795168161392,0.09712795168161392,0.08555684983730316,0.08555684983730316,0.040131811052560806,0.040131811052560806,0.0702187791466713,0.0702187791466713
[hmim]__[BF4]__R1234yf__313.2__0.121,L2,M0,R1234YF,HFO,HMIM,BF4,313.2,0.121,0.024,0.02513091452419758,0.011794152848251136,0.001130914524197578,0.02360936999320984,0.02360936999320984,0.031648945063352585,0.031648945063352585,0.03551146388053894,0.03551146388053894,0.005491958931088448,0.005491958931088448,0.02939283475279808,0.02939283475279808
[hmim]__[BF4]__R1234yf__313.24__0.207,L2,M0,R1234YF,HFO,HMIM,BF4,313.24,0.207,0.042,0.03384293392300606,0.01457130342691235,0.008157066076993943,0.033825553953647614,0.033825553953647614,0.040270138531923294,0.040270138531923294,0.04762786626815796,0.04762786626815796,0.009357299655675888,0.009357299655675888,0.038133811205625534,0.038133811205625534
[hmim]__[BF4]__R1234yf__313.2__0.333,L2,M0,R1234YF,HFO,HMIM,BF4,313.2,0.333,0.077,0.04669305384159088,0.015989345561105855,0.03030694615840912,0.048254065215587616,0.048254065215587616,0.055376775562763214,0.055376775562763214,0.0610814169049263,0.0610814169049263,0.019639253616333008,0.019639253616333008,0.04911375790834427,0.04911375790834427
[hmim]__[BF4]__R1234yf__313.19__0.408,L2,M0,R1234YF,HFO,HMIM,BF4,313.19,0.408,0.104,0.05462445355951786,0.017774984543023772,0.049375546440482136,0.057178203016519547,0.057178203016519547,0.06662971526384354,0.06662971526384354,0.06902441382408142,0.06902441382408142,0.02454877458512783,0.02454877458512783,0.05574116110801697,0.05574116110801697
[hmim]__[BF4]__R1234yf__313.2__0.492,L2,M0,R1234YF,HFO,HMIM,BF4,313.2,0.492,0.14,0.06439409852027893,0.019694820805393767,0.07560590147972109,0.06732218712568283,0.06732218712568283,0.08188082277774811,0.08188082277774811,0.07821512222290039,0.07821512222290039,0.03210848942399025,0.03210848942399025,0.062443871051073074,0.062443871051073074
[hmim]__[BF4]__R1234yf__323.22__0.134,L2,M0,R1234YF,HFO,HMIM,BF4,323.22,0.134,0.02,0.02322157360613346,0.011117710907247483,0.0032215736061334613,0.023127321153879166,0.023127321153879166,0.03064243495464325,0.03064243495464325,0.03171808272600174,0.03171808272600174,0.004310930147767067,0.004310930147767067,0.026309099048376083,0.026309099048376083
[hmim]__[BF4]__R1234yf__323.22__0.225,L2,M0,R1234YF,HFO,HMIM,BF4,323.22,0.225,0.037,0.03023866396397352,0.013084417552698662,0.006761336036026477,0.030237294733524323,0.030237294733524323,0.03683066368103027,0.03683066368103027,0.041947271674871445,0.041947271674871445,0.008111546747386456,0.008111546747386456,0.034066542983055115,0.034066542983055115
[hmim]__[BF4]__R1234yf__323.26__0.35,L2,M0,R1234YF,HFO,HMIM,BF4,323.26,0.35,0.071,0.04045905470848084,0.014067126944181444,0.030540945291519156,0.04228424280881882,0.04228424280881882,0.04766087979078293,0.04766087979078293,0.05274426192045212,0.05274426192045212,0.01641812175512314,0.01641812175512314,0.04318776726722717,0.04318776726722717
[hmim]__[BF4]__R1234yf__323.17__0.446,L2,M0,R1234YF,HFO,HMIM,BF4,323.17,0.446,0.095,0.047936441376805305,0.01479997643826057,0.047063558623194696,0.0505528599023819,0.0505528599023819,0.0575389564037323,0.0575389564037323,0.05975642800331116,0.05975642800331116,0.02271742932498455,0.02271742932498455,0.04911653324961662,0.04911653324961662
[hmim]__[BF4]__R1234yf__323.19__0.539,L2,M0,R1234YF,HFO,HMIM,BF4,323.19,0.539,0.131,0.05586636140942573,0.01717963632217493,0.07513363859057427,0.05955030396580696,0.05955030396580696,0.06962165236473083,0.06962165236473083,0.06850540637969971,0.06850540637969971,0.027305327355861664,0.027305327355861664,0.05434911698102951,0.05434911698102951
[hmim]__[BF4]__R1234yf__333.22__0.146,L2,M0,R1234YF,HFO,HMIM,BF4,333.22,0.146,0.017,0.020248218439519405,0.011030612750163437,0.003248218439519404,0.02118762582540512,0.02118762582540512,0.028582777827978134,0.028582777827978134,0.027324330061674118,0.027324330061674118,0.0012885509058833122,0.0012885509058833122,0.02285780757665634,0.02285780757665634
[hmim]__[BF4]__R1234yf__333.22__0.243,L2,M0,R1234YF,HFO,HMIM,BF4,333.22,0.243,0.033,0.02667169151827693,0.011657877855149849,0.006328308481723072,0.02738180011510849,0.02738180011510849,0.0328427292406559,0.0328427292406559,0.03615063801407814,0.03615063801407814,0.0066307480446994305,0.0066307480446994305,0.03035254217684269,0.03035254217684269
[hmim]__[BF4]__R1234yf__332.47__0.375,L2,M0,R1234YF,HFO,HMIM,BF4,332.47,0.375,0.065,0.03599166758358478,0.012534569307162043,0.02900833241641522,0.03844127431511879,0.03844127431511879,0.043013788759708405,0.043013788759708405,0.04556769132614136,0.04556769132614136,0.014219479635357857,0.014219479635357857,0.03871610388159752,0.03871610388159752
[hmim]__[BF4]__R1234yf__333.13__0.482,L2,M0,R1234YF,HFO,HMIM,BF4,333.13,0.482,0.087,0.04231231771409512,0.013329365113733931,0.044687682285904876,0.045951880514621735,0.045951880514621735,0.0514698289334774,0.0514698289334774,0.05128392204642296,0.05128392204642296,0.019259287044405937,0.019259287044405937,0.043596670031547546,0.043596670031547546
[hmim]__[BF4]__R1234yf__333.19__0.582,L2,M0,R1234YF,HFO,HMIM,BF4,333.19,0.582,0.124,0.04907448589801788,0.014467941233461611,0.07492551410198212,0.05326861888170242,0.05326861888170242,0.060706935822963715,0.060706935822963715,0.05914219096302986,0.05914219096302986,0.02499709278345108,0.02499709278345108,0.04725759103894234,0.04725759103894234
[hmim]__[BF4]__R1234yf__343.22__0.157,L2,M0,R1234YF,HFO,HMIM,BF4,343.22,0.157,0.015,0.0173348031938076,0.010009180459839307,0.002334803193807602,0.01909467577934265,0.01909467577934265,0.02563408389687538,0.02563408389687538,0.021920420229434967,0.021920420229434967,-0.001455596648156643,0.0,0.02002483606338501,0.02002483606338501
[hmim]__[BF4]__R1234yf__343.22__0.26,L2,M0,R1234YF,HFO,HMIM,BF4,343.22,0.26,0.03,0.023211768362671137,0.010226822411368084,0.006788231637328862,0.024894841015338898,0.024894841015338898,0.029151469469070435,0.029151469469070435,0.030348673462867737,0.030348673462867737,0.005334802437573671,0.005334802437573671,0.026329055428504944,0.026329055428504944
[hmim]__[BF4]__R1234yf__343.23__0.404,L2,M0,R1234YF,HFO,HMIM,BF4,343.23,0.404,0.057,0.031331746838986874,0.011457599138099437,0.02566825316101313,0.034651871770620346,0.034651871770620346,0.0383770689368248,0.0383770689368248,0.03844626247882843,0.03844626247882843,0.011166888289153576,0.011166888289153576,0.03401664271950722,0.03401664271950722
[hmim]__[BF4]__R1234yf__343.2__0.515,L2,M0,R1234YF,HFO,HMIM,BF4,343.2,0.515,0.081,0.03747424371540546,0.012197716844728727,0.04352575628459454,0.04180581495165825,0.04180581495165825,0.046300798654556274,0.046300798654556274,0.04471670091152191,0.04471670091152191,0.01636703871190548,0.01636703871190548,0.038180865347385406,0.038180865347385406
[hmim]__[BF4]__R1234yf__343.2__0.622,L2,M0,R1234YF,HFO,HMIM,BF4,343.2,0.622,0.117,0.04369053617119789,0.01260316765498527,0.07330946382880212,0.048645563423633575,0.048645563423633575,0.05381258949637413,0.05381258949637413,0.05186101049184799,0.05186101049184799,0.022810138761997223,0.022810138761997223,0.041323378682136536,0.041323378682136536
[hmim]__[BF4]__R1234yf__353.23__0.167,L2,M0,R1234YF,HFO,HMIM,BF4,353.23,0.167,0.012,0.01459217444062233,0.008486547357599955,0.0025921744406223295,0.016535915434360504,0.016535915434360504,0.02225051447749138,0.02225051447749138,0.017458416521549225,0.017458416521549225,-0.0035350359976291656,0.0,0.01671602576971054,0.01671602576971054
[hmim]__[BF4]__R1234yf__353.23__0.277,L2,M0,R1234YF,HFO,HMIM,BF4,353.23,0.277,0.026,0.019685105048120023,0.00917063404563328,0.006314894951879976,0.022162042558193207,0.022162042558193207,0.02588019147515297,0.02588019147515297,0.02430633455514908,0.02430633455514908,0.0034944554790854454,0.0034944554790854454,0.02258250117301941,0.02258250117301941
[hmim]__[BF4]__R1234yf__353.22__0.425,L2,M0,R1234YF,HFO,HMIM,BF4,353.22,0.425,0.052,0.026884864643216135,0.01025218745614591,0.025115135356783863,0.030824128538370132,0.030824128538370132,0.03376365825533867,0.03376365825533867,0.03177255392074585,0.03177255392074585,0.008776040747761726,0.008776040747761726,0.02928794175386429,0.02928794175386429
[hmim]__[BF4]__R1234yf__353.22__0.547,L2,M0,R1234YF,HFO,HMIM,BF4,353.22,0.547,0.076,0.03296840582042933,0.010975719501436174,0.04303159417957067,0.03808637335896492,0.03808637335896492,0.041291046887636185,0.041291046887636185,0.03848397359251976,0.03848397359251976,0.01410107035189867,0.01410107035189867,0.03287956491112709,0.03287956491112709
[hmim]__[BF4]__R1234yf__353.2__0.66,L2,M0,R1234YF,HFO,HMIM,BF4,353.2,0.66,0.111,0.0386189766228199,0.011538331587009143,0.07238102337718011,0.044376470148563385,0.044376470148563385,0.048021722584962845,0.048021722584962845,0.04552670940756798,0.04552670940756798,0.019846852868795395,0.019846852868795395,0.0353231281042099,0.0353231281042099
[hmim]__[BF4]__R1234ze(E)__283.15__0.044,L2,M0,R1234ZE(E),HFO,HMIM,BF4,283.15,0.044,0.0511,0.04022507667541504,0.01881025013021735,0.010874923324584958,0.06737865507602692,0.06737865507602692,0.04228558391332626,0.04228558391332626,0.043519213795661926,0.043519213795661926,0.015770480036735535,0.015770480036735535,0.032171450555324554,0.032171450555324554
[hmim]__[BF4]__R1234ze(E)__283.15__0.082,L2,M0,R1234ZE(E),HFO,HMIM,BF4,283.15,0.082,0.099,0.05912698730826378,0.02824643706000343,0.03987301269173622,0.10080557316541672,0.10080557316541672,0.06625359505414963,0.06625359505414963,0.057775747030973434,0.057775747030973434,0.02365720272064209,0.02365720272064209,0.047142818570137024,0.047142818570137024
[hmim]__[BF4]__R1234ze(E)__283.15__0.117,L2,M0,R1234ZE(E),HFO,HMIM,BF4,283.15,0.117,0.1503,0.07794771492481231,0.03840458210543715,0.07235228507518768,0.13556694984436035,0.13556694984436035,0.09105098247528076,0.09105098247528076,0.07130606472492218,0.07130606472492218,0.03344361111521721,0.03344361111521721,0.05837096646428108,0.05837096646428108
[hmim]__[BF4]__R1234ze(E)__283.15__0.15,L2,M0,R1234ZE(E),HFO,HMIM,BF4,283.15,0.15,0.195,0.0969921074807644,0.05020473572292894,0.09800789251923561,0.17378751933574677,0.17378751933574677,0.11614007502794266,0.11614007502794266,0.08273293823003769,0.08273293823003769,0.04435163363814354,0.04435163363814354,0.0679483711719513,0.0679483711719513
[hmim]__[BF4]__R1234ze(E)__283.15__0.18,L2,M0,R1234ZE(E),HFO,HMIM,BF4,283.15,0.18,0.2387,0.11524377539753913,0.06249433314559095,0.12345622460246086,0.21128594875335693,0.21128594875335693,0.14088985323905945,0.14088985323905945,0.09355416893959045,0.09355416893959045,0.053624581545591354,0.053624581545591354,0.0768643245100975,0.0768643245100975
[hmim]__[BF4]__R1234ze(E)__283.15__0.21,L2,M0,R1234ZE(E),HFO,HMIM,BF4,283.15,0.21,0.2827,0.13496522307395936,0.07602781698995645,0.14773477692604065,0.25225526094436646,0.25225526094436646,0.16740141808986664,0.16740141808986664,0.10509520024061203,0.10509520024061203,0.06415405124425888,0.06415405124425888,0.08592018485069275,0.08592018485069275
[hmim]__[BF4]__R1234ze(E)__283.15__0.237,L2,M0,R1234ZE(E),HFO,HMIM,BF4,283.15,0.237,0.3241,0.15278840959072112,0.08820033848969674,0.17131159040927887,0.28854140639305115,0.28854140639305115,0.19242022931575775,0.19242022931575775,0.11510320007801056,0.11510320007801056,0.07352525740861893,0.07352525740861893,0.09435195475816727,0.09435195475816727
[hmim]__[BF4]__R1234ze(E)__293.15__0.049,L2,M0,R1234ZE(E),HFO,HMIM,BF4,293.15,0.049,0.0437,0.0381780382245779,0.01780527736318848,0.0055219617754221,0.06034334748983383,0.06034334748983383,0.04008547216653824,0.04008547216653824,0.04359938204288483,0.04359938204288483,0.011004595085978508,0.011004595085978508,0.035857394337654114,0.035857394337654114
[hmim]__[BF4]__R1234ze(E)__293.15__0.091,L2,M0,R1234ZE(E),HFO,HMIM,BF4,293.15,0.091,0.0852,0.05311100408434868,0.023629363213589053,0.03208899591565132,0.08536505699157715,0.08536505699157715,0.056736793369054794,0.056736793369054794,0.0550265870988369,0.0550265870988369,0.019014600664377213,0.019014600664377213,0.04941198229789734,0.04941198229789734
[hmim]__[BF4]__R1234ze(E)__293.15__0.133,L2,M0,R1234ZE(E),HFO,HMIM,BF4,293.15,0.133,0.1233,0.06795885711908341,0.03042210848937102,0.0553411428809166,0.11162637919187546,0.11162637919187546,0.07610394060611725,0.07610394060611725,0.06552040576934814,0.06552040576934814,0.027397677302360535,0.027397677302360535,0.05914588272571564,0.05914588272571564
[hmim]__[BF4]__R1234ze(E)__293.15__0.173,L2,M0,R1234ZE(E),HFO,HMIM,BF4,293.15,0.173,0.1604,0.08322652727365494,0.03788395942482918,0.07717347272634505,0.13853903114795685,0.13853903114795685,0.09692877531051636,0.09692877531051636,0.07736467570066452,0.07736467570066452,0.036401353776454926,0.036401353776454926,0.06689880043268204,0.06689880043268204
[hmim]__[BF4]__R1234ze(E)__293.15__0.21,L2,M0,R1234ZE(E),HFO,HMIM,BF4,293.15,0.21,0.1959,0.09976080656051636,0.04765843626002327,0.09613919343948363,0.17026501893997192,0.17026501893997192,0.11998333781957626,0.11998333781957626,0.08874490857124329,0.08874490857124329,0.04563562572002411,0.04563562572002411,0.0741751417517662,0.0741751417517662
[hmim]__[BF4]__R1234ze(E)__293.15__0.247,L2,M0,R1234ZE(E),HFO,HMIM,BF4,293.15,0.247,0.2327,0.11763312667608261,0.059689519304977616,0.11506687332391738,0.206735759973526,0.206735759973526,0.14535802602767944,0.14535802602767944,0.09890426695346832,0.09890426695346832,0.054782330989837646,0.054782330989837646,0.08238524943590164,0.08238524943590164
[hmim]__[BF4]__R1234ze(E)__293.15__0.282,L2,M0,R1234ZE(E),HFO,HMIM,BF4,293.15,0.282,0.268,0.13449667394161224,0.07162773357073977,0.13350332605838777,0.24246810376644135,0.24246810376644135,0.16856397688388824,0.16856397688388824,0.10735653340816498,0.10735653340816498,0.06351431459188461,0.06351431459188461,0.09058044105768204,0.09058044105768204
[hmim]__[BF4]__R1234ze(E)__303.15__0.053,L2,M0,R1234ZE(E),HFO,HMIM,BF4,303.15,0.053,0.0367,0.038089996203780174,0.017992889573438052,0.0013899962037801708,0.05936359614133835,0.05936359614133835,0.04043997451663017,0.04043997451663017,0.04417397081851959,0.04417397081851959,0.009845854714512825,0.009845854714512825,0.03662658482789993,0.03662658482789993
[hmim]__[BF4]__R1234ze(E)__303.15__0.101,L2,M0,R1234ZE(E),HFO,HMIM,BF4,303.15,0.101,0.0689,0.04988749325275421,0.022333307975257687,0.01901250674724579,0.07854422926902771,0.07854422926902771,0.0527554452419281,0.0527554452419281,0.05377083644270897,0.05377083644270897,0.01600126177072525,0.01600126177072525,0.04836569353938103,0.04836569353938103
[hmim]__[BF4]__R1234ze(E)__303.15__0.149,L2,M0,R1234ZE(E),HFO,HMIM,BF4,303.15,0.149,0.1001,0.06195097528398037,0.026679103684641027,0.03814902471601962,0.09748198837041855,0.09748198837041855,0.0685989037156105,0.0685989037156105,0.06373871862888336,0.06373871862888336,0.023075034841895103,0.023075034841895103,0.05686023086309433,0.05686023086309433
[hmim]__[BF4]__R1234ze(E)__303.15__0.193,L2,M0,R1234ZE(E),HFO,HMIM,BF4,303.15,0.193,0.1301,0.07338401302695274,0.0313469398048496,0.05671598697304725,0.11626192927360535,0.11626192927360535,0.08441078662872314,0.08441078662872314,0.07243665307760239,0.07243665307760239,0.030063729733228683,0.030063729733228683,0.06374696642160416,0.06374696642160416
[hmim]__[BF4]__R1234ze(E)__303.15__0.236,L2,M0,R1234ZE(E),HFO,HMIM,BF4,303.15,0.236,0.1591,0.0861672043800354,0.03725654480584176,0.07293279561996459,0.1392780840396881,0.1392780840396881,0.10107991099357605,0.10107991099357605,0.08106935024261475,0.08106935024261475,0.03884189575910568,0.03884189575910568,0.07056678086519241,0.07056678086519241
[hmim]__[BF4]__R1234ze(E)__303.15__0.28,L2,M0,R1234ZE(E),HFO,HMIM,BF4,303.15,0.28,0.1894,0.10118460282683372,0.046448936729783355,0.08821539717316629,0.16853156685829163,0.16853156685829163,0.12261492013931274,0.12261492013931274,0.090264692902565,0.090264692902565,0.04668329283595085,0.04668329283595085,0.0778285413980484,0.0778285413980484
[hmim]__[BF4]__R1234ze(E)__303.15__0.321,L2,M0,R1234ZE(E),HFO,HMIM,BF4,303.15,0.321,0.2184,0.11524661034345626,0.055753761450116256,0.10315338965654375,0.19742624461650848,0.19742624461650848,0.1425953507423401,0.1425953507423401,0.09736573696136475,0.09736573696136475,0.055050596594810486,0.055050596594810486,0.08379512280225754,0.08379512280225754
[hmim]__[BF4]__R1234ze(E)__313.15__0.057,L2,M0,R1234ZE(E),HFO,HMIM,BF4,313.15,0.057,0.0307,0.03706186749041081,0.016951321659980645,0.006361867490410806,0.05661051347851753,0.05661051347851753,0.04032512381672859,0.04032512381672859,0.04228968545794487,0.04228968545794487,0.010077675804495811,0.010077675804495811,0.03600633889436722,0.03600633889436722
[hmim]__[BF4]__R1234ze(E)__313.15__0.11,L2,M0,R1234ZE(E),HFO,HMIM,BF4,313.15,0.11,0.056,0.04590373672544956,0.020111933260326422,0.010096263274550439,0.07095595449209213,0.07095595449209213,0.04957945644855499,0.04957945644855499,0.04986279457807541,0.04986279457807541,0.014949610456824303,0.014949610456824303,0.044170867651700974,0.044170867651700974
[hmim]__[BF4]__R1234ze(E)__313.15__0.162,L2,M0,R1234ZE(E),HFO,HMIM,BF4,313.15,0.162,0.0813,0.05530029647052288,0.022791341161688898,0.025999703529477114,0.08427851647138596,0.08427851647138596,0.061350174248218536,0.061350174248218536,0.05860655754804611,0.05860655754804611,0.021037591621279716,0.021037591621279716,0.05122864246368408,0.05122864246368408
[hmim]__[BF4]__R1234ze(E)__313.15__0.212,L2,M0,R1234ZE(E),HFO,HMIM,BF4,313.15,0.212,0.1058,0.06486717611551285,0.025786720297854306,0.04093282388448716,0.09864718466997147,0.09864718466997147,0.07409939169883728,0.07409939169883728,0.06592902541160583,0.06592902541160583,0.02764614298939705,0.02764614298939705,0.05801413580775261,0.05801413580775261
[hmim]__[BF4]__R1234ze(E)__313.15__0.259,L2,M0,R1234ZE(E),HFO,HMIM,BF4,313.15,0.259,0.1295,0.07421578094363213,0.029881732480094153,0.05528421905636788,0.11525771021842957,0.11525771021842957,0.08601493388414383,0.08601493388414383,0.0718759223818779,0.0718759223818779,0.03367873653769493,0.03367873653769493,0.0642516016960144,0.0642516016960144
[hmim]__[BF4]__R1234ze(E)__313.15__0.308,L2,M0,R1234ZE(E),HFO,HMIM,BF4,313.15,0.308,0.1543,0.08498651683330535,0.03520370288860835,0.06931348316669464,0.1348360776901245,0.1348360776901245,0.1002601832151413,0.1002601832151413,0.07928094267845154,0.07928094267845154,0.04042580723762512,0.04042580723762512,0.07012957334518433,0.07012957334518433
[hmim]__[BF4]__R1234ze(E)__313.15__0.355,L2,M0,R1234ZE(E),HFO,HMIM,BF4,313.15,0.355,0.1782,0.09643127024173737,0.04166092602543834,0.08176872975826263,0.15657386183738708,0.15657386183738708,0.11618149280548096,0.11618149280548096,0.08609659969806671,0.08609659969806671,0.047345638275146484,0.047345638275146484,0.07595875859260559,0.07595875859260559
[hmim]__[BF4]__R1234ze(E)__323.15__0.062,L2,M0,R1234ZE(E),HFO,HMIM,BF4,323.15,0.062,0.0248,0.034224706888198855,0.01597747832181758,0.009424706888198856,0.05341801419854164,0.05341801419854164,0.03856397047638893,0.03856397047638893,0.0369718112051487,0.0369718112051487,0.00923055037856102,0.00923055037856102,0.03293918818235397,0.03293918818235397
[hmim]__[BF4]__R1234ze(E)__323.15__0.118,L2,M0,R1234ZE(E),HFO,HMIM,BF4,323.15,0.118,0.0454,0.04120534975081682,0.017775410089321257,0.004194650249183182,0.06340716034173965,0.06340716034173965,0.04580710828304291,0.04580710828304291,0.04342479258775711,0.04342479258775711,0.013972391374409199,0.013972391374409199,0.03941529616713524,0.03941529616713524
[hmim]__[BF4]__R1234ze(E)__323.15__0.174,L2,M0,R1234ZE(E),HFO,HMIM,BF4,323.15,0.174,0.0667,0.04819890484213829,0.01921847447613734,0.018501095157861705,0.07271689921617508,0.07271689921617508,0.05366133153438568,0.05366133153438568,0.05055737867951393,0.05055737867951393,0.019420642405748367,0.019420642405748367,0.04463827237486839,0.04463827237486839
[hmim]__[BF4]__R1234ze(E)__323.15__0.228,L2,M0,R1234ZE(E),HFO,HMIM,BF4,323.15,0.228,0.0868,0.056284152716398236,0.021509767560487853,0.030515847283601766,0.08424858748912811,0.08424858748912811,0.06488394737243652,0.06488394737243652,0.05654449015855789,0.05654449015855789,0.02528969570994377,0.02528969570994377,0.050454042851924896,0.050454042851924896
[hmim]__[BF4]__R1234ze(E)__323.15__0.279,L2,M0,R1234ZE(E),HFO,HMIM,BF4,323.15,0.279,0.1063,0.06429467126727104,0.024613915391251982,0.04200532873272897,0.09818553924560547,0.09818553924560547,0.07397827506065369,0.07397827506065369,0.062346525490283966,0.062346525490283966,0.031014643609523773,0.031014643609523773,0.055948372930288315,0.055948372930288315
[hmim]__[BF4]__R1234ze(E)__323.15__0.333,L2,M0,R1234ZE(E),HFO,HMIM,BF4,323.15,0.333,0.1266,0.0727508969604969,0.02831157381154892,0.05384910303950309,0.11335187405347824,0.11335187405347824,0.08373718708753586,0.08373718708753586,0.06823504716157913,0.06823504716157913,0.03678959235548973,0.03678959235548973,0.06164078414440155,0.06164078414440155
[hmim]__[BF4]__R1234ze(E)__323.15__0.384,L2,M0,R1234ZE(E),HFO,HMIM,BF4,323.15,0.384,0.1464,0.08073494657874107,0.03215618389615509,0.06566505342125893,0.12738122045993805,0.12738122045993805,0.09446704387664795,0.09446704387664795,0.07345885038375854,0.07345885038375854,0.04175867512822151,0.04175867512822151,0.06660894304513931,0.06660894304513931
[hmim]__[BF4]__R1234ze(E)__333.15__0.066,L2,M0,R1234ZE(E),HFO,HMIM,BF4,333.15,0.066,0.0201,0.03065715366974473,0.015820650661943936,0.010557153669744732,0.04975525289773941,0.04975525289773941,0.035277966409921646,0.035277966409921646,0.03302842006087303,0.03302842006087303,0.006012257654219866,0.006012257654219866,0.029211871325969696,0.029211871325969696
[hmim]__[BF4]__R1234ze(E)__333.15__0.125,L2,M0,R1234ZE(E),HFO,HMIM,BF4,333.15,0.125,0.0374,0.03652943558990955,0.017036018990775073,0.0008705644100904519,0.05806457996368408,0.05806457996368408,0.04146642982959747,0.04146642982959747,0.03743160516023636,0.03743160516023636,0.01065053977072239,0.01065053977072239,0.035034023225307465,0.035034023225307465
[hmim]__[BF4]__R1234ze(E)__333.15__0.185,L2,M0,R1234ZE(E),HFO,HMIM,BF4,333.15,0.185,0.055,0.042300320044159886,0.017640728440457356,0.012699679955840114,0.06497777998447418,0.06497777998447418,0.047964464873075485,0.047964464873075485,0.042678311467170715,0.042678311467170715,0.015984749421477318,0.015984749421477318,0.039896294474601746,0.039896294474601746
[hmim]__[BF4]__R1234ze(E)__333.15__0.242,L2,M0,R1234ZE(E),HFO,HMIM,BF4,333.15,0.242,0.0718,0.048909245431423186,0.018656892026101664,0.022890754568576817,0.07380136102437973,0.07380136102437973,0.0562111958861351,0.0562111958861351,0.04768168181180954,0.04768168181180954,0.022507809102535248,0.022507809102535248,0.04434417933225632,0.04434417933225632
[hmim]__[BF4]__R1234ze(E)__333.15__0.298,L2,M0,R1234ZE(E),HFO,HMIM,BF4,333.15,0.298,0.088,0.05582684129476547,0.021136646214714686,0.032173158705234524,0.08534905314445496,0.08534905314445496,0.06448614597320557,0.06448614597320557,0.052629705518484116,0.052629705518484116,0.02788688614964485,0.02788688614964485,0.04878241568803787,0.04878241568803787
[hmim]__[BF4]__R1234ze(E)__333.15__0.355,L2,M0,R1234ZE(E),HFO,HMIM,BF4,333.15,0.355,0.1049,0.06239820495247841,0.024145306988562536,0.042501795047521586,0.09699831902980804,0.09699831902980804,0.07215353846549988,0.07215353846549988,0.05751635134220123,0.05751635134220123,0.031781744211912155,0.031781744211912155,0.053541071712970734,0.053541071712970734
[hmim]__[BF4]__R1234ze(E)__333.15__0.409,L2,M0,R1234ZE(E),HFO,HMIM,BF4,333.15,0.409,0.1218,0.06887556239962578,0.02696941759792177,0.05292443760037423,0.1084250956773758,0.1084250956773758,0.07984627783298492,0.07984627783298492,0.06205048784613609,0.06205048784613609,0.0364530049264431,0.0364530049264431,0.05760294571518898,0.05760294571518898
[hmim]__[BF4]__R1234ze(E)__343.15__0.069,L2,M0,R1234ZE(E),HFO,HMIM,BF4,343.15,0.069,0.016,0.026671966724097728,0.015920786414279606,0.010671966724097728,0.04575087130069733,0.04575087130069733,0.031197309494018555,0.031197309494018555,0.02897787094116211,0.02897787094116211,0.0017082011327147484,0.0017082011327147484,0.025725580751895905,0.025725580751895905
[hmim]__[BF4]__R1234ze(E)__343.15__0.132,L2,M0,R1234ZE(E),HFO,HMIM,BF4,343.15,0.132,0.0305,0.03226738991215825,0.01682183624400795,0.0017673899121582529,0.05337239056825638,0.05337239056825638,0.037435777485370636,0.037435777485370636,0.03251323848962784,0.03251323848962784,0.006596727762371302,0.006596727762371302,0.0314188152551651,0.0314188152551651
[hmim]__[BF4]__R1234ze(E)__343.15__0.195,L2,M0,R1234ZE(E),HFO,HMIM,BF4,343.15,0.195,0.045,0.03756032511591911,0.016939785490709843,0.007439674884080885,0.059482913464307785,0.059482913464307785,0.043328650295734406,0.043328650295734406,0.03651119023561478,0.03651119023561478,0.012450478971004486,0.012450478971004486,0.03602839261293411,0.03602839261293411
[hmim]__[BF4]__R1234ze(E)__343.15__0.256,L2,M0,R1234ZE(E),HFO,HMIM,BF4,343.15,0.256,0.059,0.04325660467147827,0.01744096125103509,0.015743395328521724,0.06719159334897995,0.06719159334897995,0.04959885776042938,0.04959885776042938,0.04051196947693825,0.04051196947693825,0.019071917980909348,0.019071917980909348,0.03990868479013443,0.03990868479013443
[hmim]__[BF4]__R1234ze(E)__343.15__0.315,L2,M0,R1234ZE(E),HFO,HMIM,BF4,343.15,0.315,0.0725,0.049063486978411674,0.019103725888182824,0.02343651302158832,0.07622575759887695,0.07622575759887695,0.056476980447769165,0.056476980447769165,0.044443149119615555,0.044443149119615555,0.024159817025065422,0.024159817025065422,0.04401173070073128,0.04401173070073128
[hmim]__[BF4]__R1234ze(E)__343.15__0.375,L2,M0,R1234ZE(E),HFO,HMIM,BF4,343.15,0.375,0.0867,0.054913125932216644,0.021645611402902037,0.031786874067783355,0.08612029999494553,0.08612029999494553,0.0639403834939003,0.0639403834939003,0.04862833395600319,0.04862833395600319,0.027864497154951096,0.027864497154951096,0.04801211506128311,0.04801211506128311
[hmim]__[BF4]__R1234ze(E)__343.15__0.434,L2,M0,R1234ZE(E),HFO,HMIM,BF4,343.15,0.434,0.1003,0.06044627800583839,0.023933860847034447,0.03985372199416161,0.09594938904047012,0.09594938904047012,0.07023216784000397,0.07023216784000397,0.05272862687706947,0.05272862687706947,0.03244868293404579,0.03244868293404579,0.050872523337602615,0.050872523337602615
[hmim]__[BF4]__R1233zd(E)__303.24__0.007,L2,M0,R1233ZD(E),HCFO,HMIM,BF4,303.24,0.007,0.007,0.037496591731905934,0.015728432071341135,0.030496591731905935,0.047053396701812744,0.047053396701812744,0.029875800013542175,0.029875800013542175,0.05363843962550163,0.05363843962550163,0.014032656326889992,0.014032656326889992,0.04288266599178314,0.04288266599178314
[hmim]__[BF4]__R1233zd(E)__303.07__0.018,L2,M0,R1233ZD(E),HCFO,HMIM,BF4,303.07,0.018,0.018,0.0424027219414711,0.016961603393497185,0.0244027219414711,0.053724758327007294,0.053724758327007294,0.03576258569955826,0.03576258569955826,0.05863625183701515,0.05863625183701515,0.01619303971529007,0.01619303971529007,0.047696974128484726,0.047696974128484726
[hmim]__[BF4]__R1233zd(E)__303.28__0.032,L2,M0,R1233ZD(E),HCFO,HMIM,BF4,303.28,0.032,0.033,0.048424962908029556,0.018335016556019306,0.015424962908029555,0.061956532299518585,0.061956532299518585,0.04321594536304474,0.04321594536304474,0.06392505764961243,0.06392505764961243,0.01904306560754776,0.01904306560754776,0.05398421362042427,0.05398421362042427
[hmim]__[BF4]__R1233zd(E)__303.17__0.05,L2,M0,R1233ZD(E),HCFO,HMIM,BF4,303.17,0.05,0.05,0.05588889867067337,0.020049835511320585,0.005888898670673368,0.07225833088159561,0.07225833088159561,0.05233393609523773,0.05233393609523773,0.06987462937831879,0.06987462937831879,0.022833500057458878,0.022833500057458878,0.062144096940755844,0.062144096940755844
[hmim]__[BF4]__R1233zd(E)__303.35__0.065,L2,M0,R1233ZD(E),HCFO,HMIM,BF4,303.35,0.065,0.065,0.06190676987171173,0.021387219967051778,0.0030932301282882713,0.08049240708351135,0.08049240708351135,0.05974531173706055,0.05974531173706055,0.07452008873224258,0.07452008873224258,0.02618812769651413,0.02618812769651413,0.06858791410923004,0.06858791410923004
[hmim]__[BF4]__R1233zd(E)__303.13__0.083,L2,M0,R1233ZD(E),HCFO,HMIM,BF4,303.13,0.083,0.081,0.06892551928758621,0.02290007792142292,0.012074480712413793,0.09057313948869705,0.09057313948869705,0.06871319562196732,0.06871319562196732,0.07969647645950317,0.07969647645950317,0.03052491694688797,0.03052491694688797,0.07511986792087555,0.07511986792087555
[hmim]__[BF4]__R1233zd(E)__313.15__0.008,L2,M0,R1233ZD(E),HCFO,HMIM,BF4,313.15,0.008,0.006,0.03564663603901863,0.015075795997359547,0.029646636039018633,0.04253905639052391,0.04253905639052391,0.02934994176030159,0.02934994176030159,0.0516207180917263,0.0516207180917263,0.012707140296697617,0.012707140296697617,0.042016323655843735,0.042016323655843735
[hmim]__[BF4]__R1233zd(E)__313.12__0.021,L2,M0,R1233ZD(E),HCFO,HMIM,BF4,313.12,0.021,0.017,0.04051767531782389,0.01625793063064687,0.023517675317823887,0.04916614294052124,0.04916614294052124,0.035087715834379196,0.035087715834379196,0.05595143884420395,0.05595143884420395,0.014746994711458683,0.014746994711458683,0.047636084258556366,0.047636084258556366
[hmim]__[BF4]__R1233zd(E)__313.15__0.037,L2,M0,R1233ZD(E),HCFO,HMIM,BF4,313.15,0.037,0.031,0.046394665539264676,0.01760126093067685,0.015394665539264676,0.057400643825531006,0.057400643825531006,0.04198570176959038,0.04198570176959038,0.06064988300204277,0.06064988300204277,0.017556216567754745,0.017556216567754745,0.054380882531404495,0.054380882531404495
[hmim]__[BF4]__R1233zd(E)__313.15__0.057,L2,M0,R1233ZD(E),HCFO,HMIM,BF4,313.15,0.057,0.047,0.05336408242583275,0.019185759623900046,0.006364082425832751,0.06769350916147232,0.06769350916147232,0.04998040571808815,0.04998040571808815,0.06599172949790955,0.06599172949790955,0.021350152790546417,0.021350152790546417,0.06180461496114731,0.06180461496114731
[hmim]__[BF4]__R1233zd(E)__313.13__0.075,L2,M0,R1233ZD(E),HCFO,HMIM,BF4,313.13,0.075,0.062,0.05912260338664055,0.02041707282040115,0.002877396613359451,0.076276995241642,0.076276995241642,0.05701252445578575,0.05701252445578575,0.07003792375326157,0.07003792375326157,0.02478153258562088,0.02478153258562088,0.06750404089689255,0.06750404089689255
[hmim]__[BF4]__R1233zd(E)__313.15__0.095,L2,M0,R1233ZD(E),HCFO,HMIM,BF4,313.15,0.095,0.077,0.06500538662075997,0.02165879930849604,0.01199461337924003,0.08513159304857254,0.08513159304857254,0.06441978365182877,0.06441978365182877,0.07445914298295975,0.07445914298295975,0.02858450636267662,0.02858450636267662,0.07243190705776215,0.07243190705776215
[hmim]__[BF4]__R1233zd(E)__323.15__0.009,L2,M0,R1233ZD(E),HCFO,HMIM,BF4,323.15,0.009,0.006,0.03258148692548275,0.014337509588666269,0.026581486925482754,0.040415361523628235,0.040415361523628235,0.0278693325817585,0.0278693325817585,0.04743951931595802,0.04743951931595802,0.010244591161608696,0.010244591161608696,0.0369386300444603,0.0369386300444603
[hmim]__[BF4]__R1233zd(E)__323.15__0.024,L2,M0,R1233ZD(E),HCFO,HMIM,BF4,323.15,0.024,0.016,0.03744303286075592,0.015437576816620401,0.02144303286075592,0.04695844650268555,0.04695844650268555,0.03366944193840027,0.03366944193840027,0.05119328200817108,0.05119328200817108,0.012376222759485245,0.012376222759485245,0.04301777109503746,0.04301777109503746
[hmim]__[BF4]__R1233zd(E)__323.15__0.043,L2,M0,R1233ZD(E),HCFO,HMIM,BF4,323.15,0.043,0.029,0.04338646382093429,0.016824077916303727,0.014386463820934291,0.055580198764801025,0.055580198764801025,0.04056354612112045,0.04056354612112045,0.055212534964084625,0.055212534964084625,0.01530899852514267,0.01530899852514267,0.050267040729522705,0.050267040729522705
[hmim]__[BF4]__R1233zd(E)__323.16__0.066,L2,M0,R1233ZD(E),HCFO,HMIM,BF4,323.16,0.066,0.044,0.049962539598345755,0.018385623310286,0.005962539598345758,0.06507356464862823,0.06507356464862823,0.04890226572751999,0.04890226572751999,0.05903235822916031,0.05903235822916031,0.01874118484556675,0.01874118484556675,0.0580633245408535,0.0580633245408535
[hmim]__[BF4]__R1233zd(E)__323.15__0.086,L2,M0,R1233ZD(E),HCFO,HMIM,BF4,323.15,0.086,0.058,0.0548638716340065,0.019492755004437978,0.0031361283659935013,0.07272794097661972,0.07272794097661972,0.054693758487701416,0.054693758487701416,0.06238618493080139,0.06238618493080139,0.021930865943431854,0.021930865943431854,0.06258060783147812,0.06258060783147812
[hmim]__[BF4]__R1233zd(E)__323.16__0.109,L2,M0,R1233ZD(E),HCFO,HMIM,BF4,323.16,0.109,0.072,0.05983511656522751,0.020382178442386073,0.012164883434772483,0.07946348190307617,0.07946348190307617,0.0608665831387043,0.0608665831387043,0.06645944714546204,0.06645944714546204,0.025465015321969986,0.025465015321969986,0.06692105531692505,0.06692105531692505
[hmim]__[BF4]__R1233zd(E)__333.17__0.011,L2,M0,R1233ZD(E),HCFO,HMIM,BF4,333.17,0.011,0.005,0.028844426199793816,0.013080653996094309,0.023844426199793815,0.0377168171107769,0.0377168171107769,0.02562178298830986,0.02562178298830986,0.04143834114074707,0.04143834114074707,0.008097471669316292,0.008097471669316292,0.031347718089818954,0.031347718089818954
[hmim]__[BF4]__R1233zd(E)__333.16__0.028,L2,M0,R1233ZD(E),HCFO,HMIM,BF4,333.16,0.028,0.015,0.03388598933815956,0.014308541229398338,0.01888598933815956,0.04479062557220459,0.04479062557220459,0.03177275508642197,0.03177275508642197,0.04485359787940979,0.04485359787940979,0.010221295058727264,0.010221295058727264,0.037791673094034195,0.037791673094034195
[hmim]__[BF4]__R1233zd(E)__333.16__0.05,L2,M0,R1233ZD(E),HCFO,HMIM,BF4,333.16,0.05,0.027,0.039685283228754996,0.015809118961925394,0.012685283228754996,0.05366052687168121,0.05366052687168121,0.03862797096371651,0.03862797096371651,0.048105236142873764,0.048105236142873764,0.013130193576216698,0.013130193576216698,0.044902488589286804,0.044902488589286804
[hmim]__[BF4]__R1233zd(E)__333.16__0.075,L2,M0,R1233ZD(E),HCFO,HMIM,BF4,333.16,0.075,0.041,0.045376747846603394,0.017361540404667846,0.004376747846603392,0.0627325251698494,0.0627325251698494,0.04543418064713478,0.04543418064713478,0.051060646772384644,0.051060646772384644,0.016429614275693893,0.016429614275693893,0.051226772367954254,0.051226772367954254
[hmim]__[BF4]__R1233zd(E)__333.23__0.097,L2,M0,R1233ZD(E),HCFO,HMIM,BF4,333.23,0.097,0.054,0.04947336539626122,0.018166057507961717,0.004526634603738783,0.06863830983638763,0.06863830983638763,0.050408735871315,0.050408735871315,0.05354722589254379,0.05354722589254379,0.01945500820875168,0.01945500820875168,0.05531754717230797,0.05531754717230797
[hmim]__[BF4]__R1233zd(E)__333.17__0.125,L2,M0,R1233ZD(E),HCFO,HMIM,BF4,333.17,0.125,0.067,0.0543198399245739,0.018831751677488514,0.012680160075426106,0.0743926391005516,0.0743926391005516,0.056781668215990067,0.056781668215990067,0.05712316557765007,0.05712316557765007,0.023202326148748398,0.023202326148748398,0.06009940057992935,0.06009940057992935
[hmim]__[BF4]__R1233zd(E)__343.19__0.013,L2,M0,R1233ZD(E),HCFO,HMIM,BF4,343.19,0.013,0.004,0.023793522920459508,0.012238937569746233,0.019793522920459508,0.03282769024372101,0.03282769024372101,0.0214775912463665,0.0214775912463665,0.03539591282606125,0.03539591282606125,0.004392396192997694,0.004392396192997694,0.024874024093151093,0.024874024093151093
[hmim]__[BF4]__R1233zd(E)__343.15__0.032,L2,M0,R1233ZD(E),HCFO,HMIM,BF4,343.15,0.032,0.013,0.028976484015583993,0.013416400850224752,0.01597648401558399,0.040271028876304626,0.040271028876304626,0.02766377478837967,0.02766377478837967,0.03845152258872986,0.03845152258872986,0.0067650992423295975,0.0067650992423295975,0.03173099458217621,0.03173099458217621
[hmim]__[BF4]__R1233zd(E)__343.17__0.057,L2,M0,R1233ZD(E),HCFO,HMIM,BF4,343.17,0.057,0.024,0.03503718394786119,0.015105678428555152,0.011037183947861191,0.04970261827111244,0.04970261827111244,0.03491727262735367,0.03491727262735367,0.0413895919919014,0.0413895919919014,0.009774004109203815,0.009774004109203815,0.03940243273973465,0.03940243273973465
[hmim]__[BF4]__R1233zd(E)__343.16__0.086,L2,M0,R1233ZD(E),HCFO,HMIM,BF4,343.16,0.086,0.037,0.0407630518078804,0.016573438457600002,0.003763051807880405,0.05876028910279274,0.05876028910279274,0.04176604002714157,0.04176604002714157,0.044095929712057114,0.044095929712057114,0.013575933873653412,0.013575933873653412,0.04561706632375717,0.04561706632375717
[hmim]__[BF4]__R1233zd(E)__343.18__0.111,L2,M0,R1233ZD(E),HCFO,HMIM,BF4,343.18,0.111,0.05,0.04460478574037552,0.01727620661944929,0.005395214259624484,0.06417717784643173,0.06417717784643173,0.04668924957513809,0.04668924957513809,0.046300243586301804,0.046300243586301804,0.016635902225971222,0.016635902225971222,0.049221355468034744,0.049221355468034744
[hmim]__[BF4]__R1233zd(E)__343.18__0.142,L2,M0,R1233ZD(E),HCFO,HMIM,BF4,343.18,0.142,0.062,0.04910530224442482,0.017806644031500493,0.012894697755575182,0.06986647844314575,0.06986647844314575,0.05246470123529434,0.05246470123529434,0.049105171114206314,0.049105171114206314,0.02068817988038063,0.02068817988038063,0.05340198054909706,0.05340198054909706
[hmim]__[OTf]__R1234yf__303.2__0.0619,L2,M0,R1234YF,HFO,HMIM,OTF,303.2,0.0619,0.02866,0.026969098299741746,0.00847640382699784,0.0016909017002582558,0.02462366223335266,0.02462366223335266,0.0327521413564682,0.0327521413564682,0.032883115112781525,0.032883115112781525,0.013080496340990067,0.013080496340990067,0.03150607645511627,0.03150607645511627
[hmim]__[OTf]__R1234yf__313.2__0.0653,L2,M0,R1234YF,HFO,HMIM,OTF,313.2,0.0653,0.02383,0.02716989126056433,0.00876956753470116,0.003339891260564328,0.026216022670269012,0.026216022670269012,0.033538639545440674,0.033538639545440674,0.03213801234960556,0.03213801234960556,0.012294257991015911,0.012294257991015911,0.03166252374649048,0.03166252374649048
[hmim]__[OTf]__R1234yf__323.2__0.0731,L2,M0,R1234YF,HFO,HMIM,OTF,323.2,0.0731,0.02144,0.025922822207212447,0.008771033709485006,0.004482822207212446,0.026273947209119797,0.026273947209119797,0.03292017802596092,0.03292017802596092,0.02959020808339119,0.02959020808339119,0.010809851810336113,0.010809851810336113,0.03001992590725422,0.03001992590725422
[hmim]__[OTf]__R1234yf__333.2__0.076,L2,M0,R1234YF,HFO,HMIM,OTF,333.2,0.076,0.01818,0.022680104803293945,0.008996094884815216,0.004500104803293943,0.02308397740125656,0.02308397740125656,0.030146410688757896,0.030146410688757896,0.02611292153596878,0.02611292153596878,0.007226898800581694,0.007226898800581694,0.026830315589904785,0.026830315589904785
[hmim]__[OTf]__R1234yf__343.2__0.0824,L2,M0,R1234YF,HFO,HMIM,OTF,343.2,0.0824,0.01629,0.01953814048320055,0.009514360256747527,0.0032481404832005525,0.020469214767217636,0.020469214767217636,0.027182143181562424,0.027182143181562424,0.023103542625904083,0.023103542625904083,0.003066294826567173,0.003066294826567173,0.023869507014751434,0.023869507014751434
[hmim]__[OTf]__R1234yf__303.09__0.127,L2,M0,R1234YF,HFO,HMIM,OTF,303.09,0.127,0.036,0.03773532807826996,0.011029627933671272,0.0017353280782699612,0.03775619715452194,0.03775619715452194,0.04510633647441864,0.04510633647441864,0.043382465839385986,0.043382465839385986,0.018658343702554703,0.018658343702554703,0.04377329722046852,0.04377329722046852
[hmim]__[OTf]__R1234yf__303.13__0.215,L2,M0,R1234YF,HFO,HMIM,OTF,303.13,0.215,0.061,0.05324817523360252,0.014620092330336848,0.007751824766397478,0.05520450323820114,0.05520450323820114,0.06659047305583954,0.06659047305583954,0.05933419615030289,0.05933419615030289,0.028282571583986282,0.028282571583986282,0.05682913213968277,0.05682913213968277
[hmim]__[OTf]__R1234yf__303.15__0.288,L2,M0,R1234YF,HFO,HMIM,OTF,303.15,0.288,0.082,0.0669591523706913,0.018089255452504418,0.015040847629308698,0.07067020237445831,0.07067020237445831,0.08776535093784332,0.08776535093784332,0.07230404019355774,0.07230404019355774,0.03810376301407814,0.03810376301407814,0.06595240533351898,0.06595240533351898
[hmim]__[OTf]__R1234yf__303.03__0.375,L2,M0,R1234YF,HFO,HMIM,OTF,303.03,0.375,0.11,0.08405102789402008,0.024118430407924267,0.02594897210597992,0.09230492264032364,0.09230492264032364,0.1151132732629776,0.1151132732629776,0.08626626431941986,0.08626626431941986,0.04868277162313461,0.04868277162313461,0.07788790762424469,0.07788790762424469
[hmim]__[OTf]__R1234yf__303.02__0.498,L2,M0,R1234YF,HFO,HMIM,OTF,303.02,0.498,0.151,0.10751430988311768,0.031485569808779104,0.04348569011688232,0.1256895363330841,0.1256895363330841,0.14851532876491547,0.14851532876491547,0.103997141122818,0.103997141122818,0.06567396968603134,0.06567396968603134,0.09369557350873947,0.09369557350873947
[hmim]__[OTf]__R1234yf__313.19__0.14,L2,M0,R1234YF,HFO,HMIM,OTF,313.19,0.14,0.032,0.036893638968467715,0.01044401526132782,0.0048936389684677145,0.03869064897298813,0.03869064897298813,0.0427166149020195,0.0427166149020195,0.04279761761426926,0.04279761761426926,0.018451165407896042,0.018451165407896042,0.041812147945165634,0.041812147945165634
[hmim]__[OTf]__R1234yf__313.16__0.237,L2,M0,R1234YF,HFO,HMIM,OTF,313.16,0.237,0.053,0.04947732090950012,0.013287778646023552,0.003522679090499879,0.0500471293926239,0.0500471293926239,0.05945965275168419,0.05945965275168419,0.05775842070579529,0.05775842070579529,0.02663746476173401,0.02663746476173401,0.05348393693566322,0.05348393693566322
[hmim]__[OTf]__R1234yf__313.17__0.318,L2,M0,R1234YF,HFO,HMIM,OTF,313.17,0.318,0.072,0.05965511649847031,0.01575035707068078,0.012344883501529687,0.06252127140760422,0.06252127140760422,0.07505722343921661,0.07505722343921661,0.06668292731046677,0.06668292731046677,0.033268094062805176,0.033268094062805176,0.06074606627225876,0.06074606627225876
[hmim]__[OTf]__R1234yf__313.11__0.416,L2,M0,R1234YF,HFO,HMIM,OTF,313.11,0.416,0.096,0.07301863580942154,0.020488329031939905,0.02298136419057846,0.07922232896089554,0.07922232896089554,0.09679288417100906,0.09679288417100906,0.07783132791519165,0.07783132791519165,0.0406729057431221,0.0406729057431221,0.07057373225688934,0.07057373225688934
[hmim]__[OTf]__R1234yf__313.12__0.557,L2,M0,R1234YF,HFO,HMIM,OTF,313.12,0.557,0.132,0.09334960132837296,0.026729210950452047,0.03865039867162705,0.1071057915687561,0.1071057915687561,0.1267278641462326,0.1267278641462326,0.09460321813821793,0.09460321813821793,0.05533190071582794,0.05533190071582794,0.0829792320728302,0.0829792320728302
[hmim]__[OTf]__R1234yf__323.2__0.151,L2,M0,R1234YF,HFO,HMIM,OTF,323.2,0.151,0.028,0.03427623361349106,0.009887852400025352,0.006276233613491059,0.03697514533996582,0.03697514533996582,0.04000638425350189,0.04000638425350189,0.03898882865905762,0.03898882865905762,0.016696326434612274,0.016696326434612274,0.03871448338031769,0.03871448338031769
[hmim]__[OTf]__R1234yf__323.17__0.257,L2,M0,R1234YF,HFO,HMIM,OTF,323.17,0.257,0.047,0.044375988841056827,0.01157791774096259,0.0026240111589431736,0.04660054296255112,0.04660054296255112,0.05224205553531647,0.05224205553531647,0.05153243616223335,0.05153243616223335,0.024145912379026413,0.024145912379026413,0.04735899716615677,0.04735899716615677
[hmim]__[OTf]__R1234yf__323.17__0.346,L2,M0,R1234YF,HFO,HMIM,OTF,323.17,0.346,0.063,0.05271894484758377,0.013984903629126454,0.01028105515241623,0.056202735751867294,0.056202735751867294,0.06459827721118927,0.06459827721118927,0.05979978293180466,0.05979978293180466,0.028709258884191513,0.028709258884191513,0.05428466945886612,0.05428466945886612
[hmim]__[OTf]__R1234yf__323.12__0.455,L2,M0,R1234YF,HFO,HMIM,OTF,323.12,0.455,0.084,0.06377466246485711,0.017085960023445958,0.020225337535142898,0.07039931416511536,0.07039931416511536,0.08248194307088852,0.08248194307088852,0.06772752106189728,0.06772752106189728,0.03629779815673828,0.03629779815673828,0.06196673586964607,0.06196673586964607
[hmim]__[OTf]__R1234yf__323.13__0.612,L2,M0,R1234YF,HFO,HMIM,OTF,323.13,0.612,0.115,0.0809893824160099,0.022933648544427185,0.0340106175839901,0.09294179081916809,0.09294179081916809,0.10830825567245483,0.10830825567245483,0.08436436206102371,0.08436436206102371,0.04754425212740898,0.04754425212740898,0.0717882513999939,0.0717882513999939
[hmim]__[OTf]__R1234yf__333.2__0.163,L2,M0,R1234YF,HFO,HMIM,OTF,333.2,0.163,0.025,0.03056128565222025,0.009819103713531207,0.005561285652220249,0.03364773839712143,0.03364773839712143,0.036816541105508804,0.036816541105508804,0.0343269407749176,0.0343269407749176,0.013123598881065845,0.013123598881065845,0.034891609102487564,0.034891609102487564
[hmim]__[OTf]__R1234yf__333.17__0.276,L2,M0,R1234YF,HFO,HMIM,OTF,333.17,0.276,0.042,0.03953486159443855,0.010336437570627494,0.002465138405561451,0.042691271752119064,0.042691271752119064,0.0459304116666317,0.0459304116666317,0.045053474605083466,0.045053474605083466,0.02121797949075699,0.02121797949075699,0.04278117045760155,0.04278117045760155
[hmim]__[OTf]__R1234yf__333.26__0.37,L2,M0,R1234YF,HFO,HMIM,OTF,333.26,0.37,0.057,0.04679734148085117,0.011862877029820909,0.010202658519148831,0.051437292248010635,0.051437292248010635,0.05635411664843559,0.05635411664843559,0.0515216663479805,0.0515216663479805,0.02618495561182499,0.02618495561182499,0.04848867654800415,0.04848867654800415
[hmim]__[OTf]__R1234yf__333.16__0.491,L2,M0,R1234YF,HFO,HMIM,OTF,333.16,0.491,0.074,0.05631200075149536,0.015036740902203381,0.017687999248504636,0.06419013440608978,0.06419013440608978,0.07202192395925522,0.07202192395925522,0.05869710445404053,0.05869710445404053,0.03208806365728378,0.03208806365728378,0.054562777280807495,0.054562777280807495
[hmim]__[OTf]__R1234yf__333.15__0.662,L2,M0,R1234YF,HFO,HMIM,OTF,333.15,0.662,0.102,0.07152610570192337,0.01914317655961579,0.03047389429807662,0.08296437561511993,0.08296437561511993,0.09410150349140167,0.09410150349140167,0.07386745512485504,0.07386745512485504,0.04443129152059555,0.04443129152059555,0.06226590275764465,0.06226590275764465
[hmim]__[OTf]__R1234yf__343.24__0.174,L2,M0,R1234YF,HFO,HMIM,OTF,343.24,0.174,0.022,0.02655181400477886,0.009963173908295757,0.004551814004778863,0.02994498983025551,0.02994498983025551,0.03360811993479729,0.03360811993479729,0.029171589761972427,0.029171589761972427,0.008983412757515907,0.008983412757515907,0.03105095773935318,0.03105095773935318
[hmim]__[OTf]__R1234yf__343.19__0.294,L2,M0,R1234YF,HFO,HMIM,OTF,343.19,0.294,0.037,0.034988558292388915,0.008984937314727963,0.0020114417076110835,0.03825295716524124,0.03825295716524124,0.03999550640583038,0.03999550640583038,0.03884528949856758,0.03884528949856758,0.0189552903175354,0.0189552903175354,0.038893748074769974,0.038893748074769974
[hmim]__[OTf]__R1234yf__343.26__0.395,L2,M0,R1234YF,HFO,HMIM,OTF,343.26,0.395,0.051,0.041810739785432816,0.01038021876462878,0.009189260214567181,0.04691625386476517,0.04691625386476517,0.04966995120048523,0.04966995120048523,0.04479523003101349,0.04479523003101349,0.02366100624203682,0.02366100624203682,0.04401125758886337,0.04401125758886337
[hmim]__[OTf]__R1234yf__343.18__0.524,L2,M0,R1234YF,HFO,HMIM,OTF,343.18,0.524,0.066,0.05046197548508644,0.012832553029671262,0.01553802451491356,0.05858222395181656,0.05858222395181656,0.06357993930578232,0.06357993930578232,0.05139937996864319,0.05139937996864319,0.030048917979002,0.030048917979002,0.04869941622018814,0.04869941622018814
[hmim]__[OTf]__R1234yf__343.17__0.709,L2,M0,R1234YF,HFO,HMIM,OTF,343.17,0.709,0.091,0.06434842199087143,0.015907257045454277,0.026651578009128568,0.07498560100793839,0.07498560100793839,0.0838179737329483,0.0838179737329483,0.0645570307970047,0.0645570307970047,0.043695442378520966,0.043695442378520966,0.054686062037944794,0.054686062037944794
[hmim]__[OTf]__R1234yf__353.25__0.184,L2,M0,R1234YF,HFO,HMIM,OTF,353.25,0.184,0.019,0.023234060406684874,0.009539423685700129,0.004234060406684875,0.026452578604221344,0.026452578604221344,0.030383262783288956,0.030383262783288956,0.02504420280456543,0.02504420280456543,0.006536036729812622,0.006536036729812622,0.027754221111536026,0.027754221111536026
[hmim]__[OTf]__R1234yf__353.22__0.311,L2,M0,R1234YF,HFO,HMIM,OTF,353.22,0.311,0.034,0.030796998739242555,0.007960085167146105,0.0032030012607574473,0.034423768520355225,0.034423768520355225,0.035050325095653534,0.035050325095653534,0.032933928072452545,0.032933928072452545,0.016637783497571945,0.016637783497571945,0.03493918851017952,0.03493918851017952
[hmim]__[OTf]__R1234yf__353.27__0.419,L2,M0,R1234YF,HFO,HMIM,OTF,353.27,0.419,0.045,0.03713472634553909,0.00923031847976439,0.007865273654460908,0.04272228851914406,0.04272228851914406,0.043898504227399826,0.043898504227399826,0.038708679378032684,0.038708679378032684,0.021105896681547165,0.021105896681547165,0.03923826292157173,0.03923826292157173
[hmim]__[OTf]__R1234yf__353.19__0.555,L2,M0,R1234YF,HFO,HMIM,OTF,353.19,0.555,0.06,0.044953640550374985,0.011013065799747495,0.015046359449625013,0.053274162113666534,0.053274162113666534,0.05558019131422043,0.05558019131422043,0.04524746909737587,0.04524746909737587,0.02765844762325287,0.02765844762325287,0.04300793260335922,0.04300793260335922
[hmim]__[OTf]__R1234yf__353.2__0.752,L2,M0,R1234YF,HFO,HMIM,OTF,353.2,0.752,0.082,0.058101384341716765,0.013498825052477393,0.02389861565828324,0.0690191388130188,0.0690191388130188,0.07411698251962662,0.07411698251962662,0.05706702172756195,0.05706702172756195,0.04225986450910568,0.04225986450910568,0.04804391413927078,0.04804391413927078
[hmim]__[OTf]__R1233zd(E)__303.22__0.009,L2,M0,R1233ZD(E),HCFO,HMIM,OTF,303.22,0.009,0.011,0.05363898053765297,0.015100608788967993,0.04263898053765297,0.0662778913974762,0.0662778913974762,0.045122113078832626,0.045122113078832626,0.06585327535867691,0.06585327535867691,0.0313781276345253,0.0313781276345253,0.059563495218753815,0.059563495218753815
[hmim]__[OTf]__R1233zd(E)__303.45__0.022,L2,M0,R1233ZD(E),HCFO,HMIM,OTF,303.45,0.022,0.028,0.060374653339385985,0.016304628688186388,0.03237465333938598,0.07459091395139694,0.07459091395139694,0.05332030728459358,0.05332030728459358,0.07244958728551865,0.07244958728551865,0.035253558307886124,0.035253558307886124,0.06625889986753464,0.06625889986753464
[hmim]__[OTf]__R1233zd(E)__303.15__0.036,L2,M0,R1233ZD(E),HCFO,HMIM,OTF,303.15,0.036,0.047,0.06776220127940177,0.0177159944848801,0.020762201279401774,0.0837441235780716,0.0837441235780716,0.06253106892108917,0.06253106892108917,0.07992517203092575,0.07992517203092575,0.03953956440091133,0.03953956440091133,0.07307107746601105,0.07307107746601105
[hmim]__[OTf]__R1233zd(E)__303.15__0.051,L2,M0,R1233ZD(E),HCFO,HMIM,OTF,303.15,0.051,0.066,0.07537575736641884,0.019436329696611698,0.009375757366418838,0.09353210777044296,0.09353210777044296,0.07201611995697021,0.07201611995697021,0.0873333066701889,0.0873333066701889,0.04370566084980965,0.04370566084980965,0.08029159158468246,0.08029159158468246
[hmim]__[OTf]__R1233zd(E)__303.15__0.066,L2,M0,R1233ZD(E),HCFO,HMIM,OTF,303.15,0.066,0.084,0.08258062973618507,0.02122379729605784,0.0014193702638149314,0.10316242277622223,0.10316242277622223,0.08069825917482376,0.08069825917482376,0.09404348582029343,0.09404348582029343,0.0476454459130764,0.0476454459130764,0.08735353499650955,0.08735353499650955
[hmim]__[OTf]__R1233zd(E)__303.15__0.081,L2,M0,R1233ZD(E),HCFO,HMIM,OTF,303.15,0.081,0.103,0.08973470330238342,0.023138373099835782,0.013265296697616571,0.11320488154888153,0.11320488154888153,0.08915495127439499,0.08915495127439499,0.10047696530818939,0.10047696530818939,0.05159493535757065,0.05159493535757065,0.09424178302288055,0.09424178302288055
[hmim]__[OTf]__R1233zd(E)__313.15__0.011,L2,M0,R1233ZD(E),HCFO,HMIM,OTF,313.15,0.011,0.01,0.05100211352109909,0.014978727875144997,0.04100211352109909,0.06147106736898422,0.06147106736898422,0.043721236288547516,0.043721236288547516,0.06328028440475464,0.06328028440475464,0.028029516339302063,0.028029516339302063,0.05850846320390701,0.05850846320390701
[hmim]__[OTf]__R1233zd(E)__313.15__0.025,L2,M0,R1233ZD(E),HCFO,HMIM,OTF,313.15,0.025,0.026,0.05742884874343872,0.016208273211253184,0.03142884874343872,0.06957362592220306,0.06957362592220306,0.05122299864888191,0.05122299864888191,0.0697319433093071,0.0697319433093071,0.031768906861543655,0.031768906861543655,0.06484676897525787,0.06484676897525787
[hmim]__[OTf]__R1233zd(E)__313.17__0.041,L2,M0,R1233ZD(E),HCFO,HMIM,OTF,313.17,0.041,0.044,0.06448831409215927,0.0175960018218186,0.020488314092159274,0.0786619633436203,0.0786619633436203,0.05975499004125595,0.05975499004125595,0.0761110857129097,0.0761110857129097,0.035814762115478516,0.035814762115478516,0.07209876924753189,0.07209876924753189
[hmim]__[OTf]__R1233zd(E)__313.15__0.058,L2,M0,R1233ZD(E),HCFO,HMIM,OTF,313.15,0.058,0.062,0.07150720283389092,0.019052481779315615,0.009507202833890921,0.08840838074684143,0.08840838074684143,0.06746646016836166,0.06746646016836166,0.0820377990603447,0.0820377990603447,0.04024708643555641,0.04024708643555641,0.07937628775835037,0.07937628775835037
[hmim]__[OTf]__R1233zd(E)__313.12__0.075,L2,M0,R1233ZD(E),HCFO,HMIM,OTF,313.12,0.075,0.08,0.07820645198225976,0.02059865616742306,0.0017935480177402457,0.09823335707187653,0.09823335707187653,0.07543254643678665,0.07543254643678665,0.08712524175643921,0.08712524175643921,0.04430684819817543,0.04430684819817543,0.08593426644802094,0.08593426644802094
[hmim]__[OTf]__R1233zd(E)__313.13__0.093,L2,M0,R1233ZD(E),HCFO,HMIM,OTF,313.13,0.093,0.099,0.0847293645143509,0.022215264377525665,0.014270635485649108,0.10794336348772049,0.10794336348772049,0.08350227773189545,0.08350227773189545,0.09217436611652374,0.09217436611652374,0.04827485233545303,0.04827485233545303,0.09175196290016174,0.09175196290016174
[hmim]__[OTf]__R1233zd(E)__323.15__0.013,L2,M0,R1233ZD(E),HCFO,HMIM,OTF,323.15,0.013,0.009,0.04730238243937492,0.013893305945727939,0.03830238243937492,0.05537008121609688,0.05537008121609688,0.04162504896521568,0.04162504896521568,0.06033448502421379,0.06033448502421379,0.025698453187942505,0.025698453187942505,0.05348384380340576,0.05348384380340576
[hmim]__[OTf]__R1233zd(E)__323.19__0.029,L2,M0,R1233ZD(E),HCFO,HMIM,OTF,323.19,0.029,0.024,0.05363857373595238,0.0150850293111361,0.029638573735952377,0.06382548809051514,0.06382548809051514,0.04922294616699219,0.04922294616699219,0.06567665934562683,0.06567665934562683,0.02918623387813568,0.02918623387813568,0.06028154119849205,0.06028154119849205
[hmim]__[OTf]__R1233zd(E)__323.18__0.048,L2,M0,R1233ZD(E),HCFO,HMIM,OTF,323.18,0.048,0.042,0.06058013215661049,0.016513691720451053,0.018580132156610488,0.07374559342861176,0.07374559342861176,0.057068709284067154,0.057068709284067154,0.07079938054084778,0.07079938054084778,0.03327625244855881,0.03327625244855881,0.06801072508096695,0.06801072508096695
[hmim]__[OTf]__R1233zd(E)__323.16__0.067,L2,M0,R1233ZD(E),HCFO,HMIM,OTF,323.16,0.067,0.059,0.0671360082924366,0.017926324366981734,0.008136008292436603,0.08314866572618484,0.08314866572618484,0.06492847204208374,0.06492847204208374,0.0752846747636795,0.0752846747636795,0.037228334695100784,0.037228334695100784,0.07508989423513412,0.07508989423513412
[hmim]__[OTf]__R1233zd(E)__323.15__0.085,L2,M0,R1233ZD(E),HCFO,HMIM,OTF,323.15,0.085,0.076,0.07274100035429001,0.01936103349062396,0.003258999645709984,0.09160930663347244,0.09160930663347244,0.07192111015319824,0.07192111015319824,0.07917328923940659,0.07917328923940659,0.04047957807779312,0.04047957807779312,0.08052171766757965,0.08052171766757965
[hmim]__[OTf]__R1233zd(E)__323.15__0.107,L2,M0,R1233ZD(E),HCFO,HMIM,OTF,323.15,0.107,0.093,0.07871228754520417,0.02072444936233357,0.014287712454795834,0.10061526298522949,0.10061526298522949,0.07924079895019531,0.07924079895019531,0.08381938934326172,0.08381938934326172,0.044538065791130066,0.044538065791130066,0.08534792065620422,0.08534792065620422
[hmim]__[OTf]__R1233zd(E)__333.17__0.016,L2,M0,R1233ZD(E),HCFO,HMIM,OTF,333.17,0.016,0.007,0.04232304319739342,0.012578091692827484,0.03532304319739342,0.049304522573947906,0.049304522573947906,0.038140103220939636,0.038140103220939636,0.05502371862530708,0.05502371862530708,0.022632423788309097,0.022632423788309097,0.046514447778463364,0.046514447778463364
[hmim]__[OTf]__R1233zd(E)__333.15__0.034,L2,M0,R1233ZD(E),HCFO,HMIM,OTF,333.15,0.034,0.022,0.04869934841990471,0.013892220070489528,0.026699348419904713,0.05838802456855774,0.05838802456855774,0.04560400918126106,0.04560400918126106,0.05979060009121895,0.05979060009121895,0.025908302515745163,0.025908302515745163,0.05380580574274063,0.05380580574274063
[hmim]__[OTf]__R1233zd(E)__333.18__0.055,L2,M0,R1233ZD(E),HCFO,HMIM,OTF,333.18,0.055,0.038,0.055401498824357985,0.01543467990599165,0.017401498824357986,0.06847551465034485,0.06847551465034485,0.05347835272550583,0.05347835272550583,0.06397996842861176,0.06397996842861176,0.0295669287443161,0.0295669287443161,0.0615067295730114,0.0615067295730114
[hmim]__[OTf]__R1233zd(E)__333.17__0.078,L2,M0,R1233ZD(E),HCFO,HMIM,OTF,333.17,0.078,0.054,0.06192219108343124,0.017123667122082756,0.007922191083431243,0.07844621688127518,0.07844621688127518,0.061440907418727875,0.061440907418727875,0.06792714446783066,0.06792714446783066,0.0332845002412796,0.0332845002412796,0.06851218640804291,0.06851218640804291
[hmim]__[OTf]__R1233zd(E)__333.16__0.099,L2,M0,R1233ZD(E),HCFO,HMIM,OTF,333.16,0.099,0.07,0.06679147258400916,0.01813756951995028,0.0032085274159908417,0.08556942641735077,0.08556942641735077,0.0674905776977539,0.0674905776977539,0.07106497883796692,0.07106497883796692,0.036716219037771225,0.036716219037771225,0.07311616092920303,0.07311616092920303
[hmim]__[OTf]__R1233zd(E)__333.15__0.122,L2,M0,R1233ZD(E),HCFO,HMIM,OTF,333.15,0.122,0.088,0.07193442806601524,0.019018215192069855,0.01606557193398475,0.09246175736188889,0.09246175736188889,0.0739949643611908,0.0739949643611908,0.07490244507789612,0.07490244507789612,0.04063903167843819,0.04063903167843819,0.07767394185066223,0.07767394185066223
[hmim]__[OTf]__R1233zd(E)__343.15__0.019,L2,M0,R1233ZD(E),HCFO,HMIM,OTF,343.15,0.019,0.006,0.03639824166893959,0.01160208598904546,0.03039824166893959,0.0427776575088501,0.0427776575088501,0.03356468304991722,0.03356468304991722,0.047766607254743576,0.047766607254743576,0.01777755469083786,0.01777755469083786,0.0401047058403492,0.0401047058403492
[hmim]__[OTf]__R1233zd(E)__343.15__0.039,L2,M0,R1233ZD(E),HCFO,HMIM,OTF,343.15,0.039,0.02,0.042833180725574495,0.013268776458358522,0.022833180725574494,0.05204462260007858,0.05204462260007858,0.04119990020990372,0.04119990020990372,0.05273176729679108,0.05273176729679108,0.020566631108522415,0.020566631108522415,0.047622982412576675,0.047622982412576675
[hmim]__[OTf]__R1233zd(E)__343.15__0.064,L2,M0,R1233ZD(E),HCFO,HMIM,OTF,343.15,0.064,0.035,0.049982860684394836,0.015023027647304631,0.014982860684394833,0.06314077973365784,0.06314077973365784,0.0496184341609478,0.0496184341609478,0.05703491345047951,0.05703491345047951,0.024522271007299423,0.024522271007299423,0.055597905069589615,0.055597905069589615
[hmim]__[OTf]__R1233zd(E)__343.15__0.089,L2,M0,R1233ZD(E),HCFO,HMIM,OTF,343.15,0.089,0.05,0.05609364211559296,0.01617188929338153,0.006093642115592955,0.07234608381986618,0.07234608381986618,0.057038065046072006,0.057038065046072006,0.060343652963638306,0.060343652963638306,0.029044773429632187,0.029044773429632187,0.061695635318756104,0.061695635318756104
[hmim]__[OTf]__R1233zd(E)__343.17__0.113,L2,M0,R1233ZD(E),HCFO,HMIM,OTF,343.17,0.113,0.065,0.060792699456214905,0.01668834077326148,0.0042073005437850974,0.0783616378903389,0.0783616378903389,0.06292816251516342,0.06292816251516342,0.06300714612007141,0.06300714612007141,0.03316514194011688,0.03316514194011688,0.06650140881538391,0.06650140881538391
[hmim]__[OTf]__R1233zd(E)__343.15__0.139,L2,M0,R1233ZD(E),HCFO,HMIM,OTF,343.15,0.139,0.081,0.06552352905273437,0.01735608609013323,0.015476470947265633,0.08450116217136383,0.08450116217136383,0.0688849538564682,0.0688849538564682,0.06590475887060165,0.06590475887060165,0.037204109132289886,0.037204109132289886,0.0711226612329483,0.0711226612329483
[hmim]__[PF6]__R1234yf__283.15__0.0506,L2,M0,R1234YF,HFO,HMIM,PF6,283.15,0.0506,0.0224,0.01860199309885502,0.005744415320097241,0.003798006901144981,0.014341555535793304,0.014341555535793304,0.01952364668250084,0.01952364668250084,0.02562800794839859,0.02562800794839859,0.011427817866206169,0.011427817866206169,0.02208893746137619,0.02208893746137619
[hmim]__[PF6]__R1234yf__283.15__0.0923,L2,M0,R1234YF,HFO,HMIM,PF6,283.15,0.0923,0.0408,0.031509673967957494,0.008268059149077554,0.009290326032042509,0.028048966079950333,0.028048966079950333,0.03540641441941261,0.03540641441941261,0.039648279547691345,0.039648279547691345,0.018758224323391914,0.018758224323391914,0.03568648546934128,0.03568648546934128
[hmim]__[PF6]__R1234yf__283.15__0.134,L2,M0,R1234YF,HFO,HMIM,PF6,283.15,0.134,0.0604,0.0440582387149334,0.01069033493241197,0.016341761285066606,0.04264022782444954,0.04264022782444954,0.05059043690562248,0.05059043690562248,0.05340242385864258,0.05340242385864258,0.02632627636194229,0.02632627636194229,0.047331828624010086,0.047331828624010086
[hmim]__[PF6]__R1234yf__283.15__0.177,L2,M0,R1234YF,HFO,HMIM,PF6,283.15,0.177,0.0798,0.05769185796380043,0.013193112391726818,0.02210814203619957,0.058219484984874725,0.058219484984874725,0.06795529276132584,0.06795529276132584,0.06737282127141953,0.06737282127141953,0.03546953201293945,0.03546953201293945,0.05944215878844261,0.05944215878844261
[hmim]__[PF6]__R1234yf__283.15__0.2172,L2,M0,R1234YF,HFO,HMIM,PF6,283.15,0.2172,0.098,0.07118897140026093,0.01442597015059073,0.02681102859973908,0.07339968532323837,0.07339968532323837,0.08440911769866943,0.08440911769866943,0.07981225848197937,0.07981225848197937,0.04713873565196991,0.04713873565196991,0.07118505984544754,0.07118505984544754
[hmim]__[PF6]__R1234yf__283.15__0.2538,L2,M0,R1234YF,HFO,HMIM,PF6,283.15,0.2538,0.1174,0.08365626037120819,0.01527838813217716,0.03374373962879182,0.08868839591741562,0.08868839591741562,0.09897522628307343,0.09897522628307343,0.09012889117002487,0.09012889117002487,0.05858094245195389,0.05858094245195389,0.08190784603357315,0.08190784603357315
[hmim]__[PF6]__R1234yf__283.15__0.298,L2,M0,R1234YF,HFO,HMIM,PF6,283.15,0.298,0.1366,0.0983670175075531,0.016528599557413332,0.0382329824924469,0.10557913780212402,0.10557913780212402,0.1164604127407074,0.1164604127407074,0.10298459976911545,0.10298459976911545,0.07235162705183029,0.07235162705183029,0.09445931017398834,0.09445931017398834
[hmim]__[PF6]__R1234yf__293.15__0.0583,L2,M0,R1234YF,HFO,HMIM,PF6,293.15,0.0583,0.02,0.02132519204169512,0.008417051631706118,0.001325192041695119,0.014547768980264664,0.014547768980264664,0.022482413798570633,0.022482413798570633,0.02978391945362091,0.02978391945362091,0.010946695692837238,0.010946695692837238,0.028865162283182144,0.028865162283182144
[hmim]__[PF6]__R1234yf__293.15__0.1052,L2,M0,R1234YF,HFO,HMIM,PF6,293.15,0.1052,0.0357,0.03171108514070511,0.00989011278190109,0.003988914859294895,0.026682749390602112,0.026682749390602112,0.03426278755068779,0.03426278755068779,0.04030868038535118,0.04030868038535118,0.017100490629673004,0.017100490629673004,0.040200717747211456,0.040200717747211456
[hmim]__[PF6]__R1234yf__293.15__0.1508,L2,M0,R1234YF,HFO,HMIM,PF6,293.15,0.1508,0.0518,0.041254109144210814,0.011200619198039996,0.010545890855789185,0.03885146230459213,0.03885146230459213,0.045219141989946365,0.045219141989946365,0.050599467009305954,0.050599467009305954,0.02288714051246643,0.02288714051246643,0.048713333904743195,0.048713333904743195
[hmim]__[PF6]__R1234yf__293.15__0.1985,L2,M0,R1234YF,HFO,HMIM,PF6,293.15,0.1985,0.0676,0.051959221810102464,0.012756219095742274,0.01564077818989753,0.05111806094646454,0.05111806094646454,0.05784301087260246,0.05784301087260246,0.06262911856174469,0.06262911856174469,0.030350331217050552,0.030350331217050552,0.05785558745265007,0.05785558745265007
[hmim]__[PF6]__R1234yf__293.15__0.2427,L2,M0,R1234YF,HFO,HMIM,PF6,293.15,0.2427,0.0826,0.062227966636419295,0.013283820993310047,0.020372033363580712,0.06177028641104698,0.06177028641104698,0.07057607173919678,0.07057607173919678,0.07300468534231186,0.07300468534231186,0.039749614894390106,0.039749614894390106,0.06603917479515076,0.06603917479515076
[hmim]__[PF6]__R1234yf__293.15__0.2815,L2,M0,R1234YF,HFO,HMIM,PF6,293.15,0.2815,0.0983,0.07142914608120918,0.013947791258086028,0.02687085391879082,0.07246789336204529,0.07246789336204529,0.08223363757133484,0.08223363757133484,0.0812695249915123,0.0812695249915123,0.04777279868721962,0.04777279868721962,0.07340187579393387,0.07340187579393387
[hmim]__[PF6]__R1234yf__293.15__0.3359,L2,M0,R1234YF,HFO,HMIM,PF6,293.15,0.3359,0.1146,0.08435897976160049,0.01517923769090698,0.030241020238399502,0.08909033238887787,0.08909033238887787,0.09801329672336578,0.09801329672336578,0.09200674295425415,0.09200674295425415,0.05878334492444992,0.05878334492444992,0.08390118181705475,0.08390118181705475
[hmim]__[PF6]__R1234yf__303.15__0.0641,L2,M0,R1234YF,HFO,HMIM,PF6,303.15,0.0641,0.0174,0.024081291072070597,0.008604354023273244,0.006681291072070598,0.01860552281141281,0.01860552281141281,0.025078706443309784,0.025078706443309784,0.032851092517375946,0.032851092517375946,0.012473984621465206,0.012473984621465206,0.031397148966789246,0.031397148966789246
[hmim]__[PF6]__R1234yf__303.15__0.1154,L2,M0,R1234YF,HFO,HMIM,PF6,303.15,0.1154,0.0318,0.03220362700521946,0.010116944053007478,0.00040362700521946043,0.02883753925561905,0.02883753925561905,0.0338648185133934,0.0338648185133934,0.040873706340789795,0.040873706340789795,0.016557710245251656,0.016557710245251656,0.040884360671043396,0.040884360671043396
[hmim]__[PF6]__R1234yf__303.15__0.1685,L2,M0,R1234YF,HFO,HMIM,PF6,303.15,0.1685,0.0461,0.04050580412149429,0.011542156516956706,0.005594195878505709,0.03816995769739151,0.03816995769739151,0.04189595580101013,0.04189595580101013,0.05047076195478439,0.05047076195478439,0.022112317383289337,0.022112317383289337,0.049880027770996094,0.049880027770996094
[hmim]__[PF6]__R1234yf__303.15__0.2206,L2,M0,R1234YF,HFO,HMIM,PF6,303.15,0.2206,0.0606,0.04854567274451256,0.012564550244632535,0.01205432725548744,0.047106411308050156,0.047106411308050156,0.05166218429803848,0.05166218429803848,0.059604812413454056,0.059604812413454056,0.02775050327181816,0.02775050327181816,0.056604452431201935,0.056604452431201935
[hmim]__[PF6]__R1234yf__303.15__0.2676,L2,M0,R1234YF,HFO,HMIM,PF6,303.15,0.2676,0.0729,0.05607540979981422,0.01315784807921557,0.016824590200185785,0.05567650869488716,0.05567650869488716,0.060474224388599396,0.060474224388599396,0.06797727942466736,0.06797727942466736,0.03389568626880646,0.03389568626880646,0.06235335022211075,0.06235335022211075
[hmim]__[PF6]__R1234yf__303.15__0.3171,L2,M0,R1234YF,HFO,HMIM,PF6,303.15,0.3171,0.0871,0.06435275077819824,0.013981121479630728,0.022747249221801755,0.06479770690202713,0.06479770690202713,0.07179535180330276,0.07179535180330276,0.07605218142271042,0.07605218142271042,0.04045969992876053,0.04045969992876053,0.06865881383419037,0.06865881383419037
[hmim]__[PF6]__R1234yf__303.15__0.365,L2,M0,R1234YF,HFO,HMIM,PF6,303.15,0.365,0.0992,0.07232092171907425,0.015291426332982862,0.02687907828092574,0.07465711236000061,0.07465711236000061,0.08214748650789261,0.08214748650789261,0.08366021513938904,0.08366021513938904,0.04593195021152496,0.04593195021152496,0.07520784437656403,0.07520784437656403
[hmim]__[PF6]__R1234yf__313.15__0.0698,L2,M0,R1234YF,HFO,HMIM,PF6,313.15,0.0698,0.0154,0.02485475167632103,0.00855730558405566,0.009454751676321028,0.021125122904777527,0.021125122904777527,0.026821162551641464,0.026821162551641464,0.032432496547698975,0.032432496547698975,0.011927347630262375,0.011927347630262375,0.03196762874722481,0.03196762874722481
[hmim]__[PF6]__R1234yf__313.15__0.1266,L2,M0,R1234YF,HFO,HMIM,PF6,313.15,0.1266,0.0278,0.031969346851110456,0.009633697880759988,0.004169346851110457,0.03029678389430046,0.03029678389430046,0.0332806296646595,0.0332806296646595,0.040350355207920074,0.040350355207920074,0.016463477164506912,0.016463477164506912,0.039455488324165344,0.039455488324165344
[hmim]__[PF6]__R1234yf__313.15__0.1795,L2,M0,R1234YF,HFO,HMIM,PF6,313.15,0.1795,0.0396,0.03840161710977554,0.011111343462057974,0.0011983828902244614,0.036875128746032715,0.036875128746032715,0.039415180683135986,0.039415180683135986,0.04908014461398125,0.04908014461398125,0.020575392991304398,0.020575392991304398,0.04606223851442337,0.04606223851442337
[hmim]__[PF6]__R1234yf__313.15__0.2297,L2,M0,R1234YF,HFO,HMIM,PF6,313.15,0.2297,0.0503,0.04402943179011345,0.012153215980058057,0.00627056820988655,0.041606973856687546,0.041606973856687546,0.04561241343617439,0.04561241343617439,0.05631168931722641,0.05631168931722641,0.0247783325612545,0.0247783325612545,0.051837749779224396,0.051837749779224396
[hmim]__[PF6]__R1234yf__313.15__0.2813,L2,M0,R1234YF,HFO,HMIM,PF6,313.15,0.2813,0.0611,0.04985355958342552,0.012572075870494989,0.01124644041657448,0.048173777759075165,0.048173777759075165,0.05309925600886345,0.05309925600886345,0.062306150794029236,0.062306150794029236,0.029324952512979507,0.029324952512979507,0.05636366084218025,0.05636366084218025
[hmim]__[PF6]__R1234yf__313.15__0.3339,L2,M0,R1234YF,HFO,HMIM,PF6,313.15,0.3339,0.0722,0.0556771919131279,0.013326425585242708,0.0165228080868721,0.055344752967357635,0.055344752967357635,0.060508452355861664,0.060508452355861664,0.06792892515659332,0.06792892515659332,0.033221300691366196,0.033221300691366196,0.06138252839446068,0.06138252839446068
[hmim]__[PF6]__R1234yf__313.15__0.3845,L2,M0,R1234YF,HFO,HMIM,PF6,313.15,0.3845,0.0827,0.06152324080467224,0.014306713513543876,0.021176759195327757,0.06278958171606064,0.06278958171606064,0.06843218207359314,0.06843218207359314,0.07322929799556732,0.07322929799556732,0.03683934360742569,0.03683934360742569,0.06632579863071442,0.06632579863071442
[hmim]__[PF6]__R1234yf__323.15__0.0765,L2,M0,R1234YF,HFO,HMIM,PF6,323.15,0.0765,0.0134,0.023468668386340142,0.008096391441212249,0.010068668386340142,0.021343085914850235,0.021343085914850235,0.026034381240606308,0.026034381240606308,0.0296853668987751,0.0296853668987751,0.01038573682308197,0.01038573682308197,0.029894771054387093,0.029894771054387093
[hmim]__[PF6]__R1234yf__323.15__0.132,L2,M0,R1234YF,HFO,HMIM,PF6,323.15,0.132,0.0235,0.029349420964717866,0.008793156379678457,0.005849420964717866,0.029099490493535995,0.029099490493535995,0.0310073159635067,0.0310073159635067,0.03611454367637634,0.03611454367637634,0.014602184295654297,0.014602184295654297,0.03592357039451599,0.03592357039451599
[hmim]__[PF6]__R1234yf__323.15__0.1845,L2,M0,R1234YF,HFO,HMIM,PF6,323.15,0.1845,0.0334,0.034514473378658296,0.009865873022976134,0.001114473378658297,0.0339999794960022,0.0339999794960022,0.03614956885576248,0.03614956885576248,0.043156061321496964,0.043156061321496964,0.018142592161893845,0.018142592161893845,0.041124165058135986,0.041124165058135986
[hmim]__[PF6]__R1234yf__323.15__0.2401,L2,M0,R1234YF,HFO,HMIM,PF6,323.15,0.2401,0.043,0.039141255617141726,0.010492446186331881,0.00385874438285827,0.03843964263796806,0.03843964263796806,0.04101882129907608,0.04101882129907608,0.04913287237286568,0.04913287237286568,0.021849386394023895,0.021849386394023895,0.0452655553817749,0.0452655553817749
[hmim]__[PF6]__R1234yf__323.15__0.2945,L2,M0,R1234YF,HFO,HMIM,PF6,323.15,0.2945,0.0513,0.04380233623087406,0.011186922596211513,0.007497663769125938,0.04336299002170563,0.04336299002170563,0.04601425305008888,0.04601425305008888,0.054762423038482666,0.054762423038482666,0.025305064395070076,0.025305064395070076,0.049566950649023056,0.049566950649023056
[hmim]__[PF6]__R1234yf__323.15__0.3497,L2,M0,R1234YF,HFO,HMIM,PF6,323.15,0.3497,0.0612,0.04822700247168541,0.012021150543254698,0.012972997528314587,0.04860224574804306,0.04860224574804306,0.05138980224728584,0.05138980224728584,0.05947137996554375,0.05947137996554375,0.027947966009378433,0.027947966009378433,0.053723618388175964,0.053723618388175964
[hmim]__[PF6]__R1234yf__323.15__0.4031,L2,M0,R1234YF,HFO,HMIM,PF6,323.15,0.4031,0.0698,0.05271311104297638,0.012312114541211843,0.01708688895702362,0.05418863892555237,0.05418863892555237,0.05719880387187004,0.05719880387187004,0.06316180527210236,0.06316180527210236,0.03146522119641304,0.03146522119641304,0.05755108594894409,0.05755108594894409
[hmim]__[PF6]__R1234yf__333.15__0.0779,L2,M0,R1234YF,HFO,HMIM,PF6,333.15,0.0779,0.0116,0.02009272761642933,0.008137854713759194,0.00849272761642933,0.018376685678958893,0.018376685678958893,0.023026715964078903,0.023026715964078903,0.025823354721069336,0.025823354721069336,0.006709752604365349,0.006709752604365349,0.026527129113674164,0.026527129113674164
[hmim]__[PF6]__R1234yf__333.15__0.1341,L2,M0,R1234YF,HFO,HMIM,PF6,333.15,0.1341,0.0203,0.02539924867451191,0.008587620417160498,0.005099248674511912,0.02615160495042801,0.02615160495042801,0.028064891695976257,0.028064891695976257,0.030816562473773956,0.030816562473773956,0.010518835857510567,0.010518835857510567,0.03144434839487076,0.03144434839487076
[hmim]__[PF6]__R1234yf__333.15__0.192,L2,M0,R1234YF,HFO,HMIM,PF6,333.15,0.192,0.0291,0.030221310257911683,0.009365647298374259,0.001121310257911682,0.030812200158834457,0.030812200158834457,0.03213382512331009,0.03213382512331009,0.03721850365400314,0.03721850365400314,0.014229055494070053,0.014229055494070053,0.03671296685934067,0.03671296685934067
[hmim]__[PF6]__R1234yf__333.15__0.2502,L2,M0,R1234YF,HFO,HMIM,PF6,333.15,0.2502,0.0369,0.034377900511026384,0.009553183019232232,0.0025220994889736184,0.034920789301395416,0.034920789301395416,0.035945825278759,0.035945825278759,0.04242453724145889,0.04242453724145889,0.01820943132042885,0.01820943132042885,0.04038891941308975,0.04038891941308975
[hmim]__[PF6]__R1234yf__333.15__0.3069,L2,M0,R1234YF,HFO,HMIM,PF6,333.15,0.3069,0.0447,0.03850043788552284,0.009490838837557686,0.006199562114477156,0.03922899812459946,0.03922899812459946,0.0400003083050251,0.0400003083050251,0.04676859825849533,0.04676859825849533,0.022433824837207794,0.022433824837207794,0.04407045990228653,0.04407045990228653
[hmim]__[PF6]__R1234yf__333.15__0.3648,L2,M0,R1234YF,HFO,HMIM,PF6,333.15,0.3648,0.0528,0.0423851765692234,0.009999007530008335,0.010414823430776599,0.044240549206733704,0.044240549206733704,0.04435545578598976,0.04435545578598976,0.050692394375801086,0.050692394375801086,0.02513878047466278,0.02513878047466278,0.04749870300292969,0.04749870300292969
[hmim]__[PF6]__R1234yf__333.15__0.4208,L2,M0,R1234YF,HFO,HMIM,PF6,333.15,0.4208,0.0603,0.04590919092297554,0.010768361120239224,0.01439080907702446,0.04897749423980713,0.04897749423980713,0.04908657819032669,0.04908657819032669,0.05404305458068848,0.05404305458068848,0.026998180896043777,0.026998180896043777,0.05044064670801163,0.05044064670801163
[hmim]__[PF6]__R1234yf__343.15__0.0801,L2,M0,R1234YF,HFO,HMIM,PF6,343.15,0.0801,0.01,0.016665650904178618,0.008477659115567143,0.006665650904178618,0.015512250363826752,0.015512250363826752,0.019867677241563797,0.019867677241563797,0.02246278151869774,0.02246278151869774,0.002458930015563965,0.002458930015563965,0.023026615381240845,0.023026615381240845
[hmim]__[PF6]__R1234yf__343.15__0.1362,L2,M0,R1234YF,HFO,HMIM,PF6,343.15,0.1362,0.0173,0.021447285171598197,0.009047549666771964,0.004147285171598198,0.022865984588861465,0.022865984588861465,0.02506980672478676,0.02506980672478676,0.02617548406124115,0.02617548406124115,0.005557562690228224,0.005557562690228224,0.027567587792873383,0.027567587792873383
[hmim]__[PF6]__R1234yf__343.15__0.1997,L2,M0,R1234YF,HFO,HMIM,PF6,343.15,0.1997,0.0245,0.025794842466711997,0.008865469596631313,0.0012948424667119963,0.027196884155273438,0.027196884155273438,0.028448257595300674,0.028448257595300674,0.030545935034751892,0.030545935034751892,0.010345542803406715,0.010345542803406715,0.03243759274482727,0.03243759274482727
[hmim]__[PF6]__R1234yf__343.15__0.2602,L2,M0,R1234YF,HFO,HMIM,PF6,343.15,0.2602,0.0314,0.030008865147829057,0.008319363604457168,0.0013911348521709402,0.03090028092265129,0.03090028092265129,0.03139328584074974,0.03139328584074974,0.035822827368974686,0.035822827368974686,0.01577545702457428,0.01577545702457428,0.03615247458219528,0.03615247458219528
[hmim]__[PF6]__R1234yf__343.15__0.3123,L2,M0,R1234YF,HFO,HMIM,PF6,343.15,0.3123,0.038,0.03329335302114487,0.008314024539933443,0.004706646978855131,0.034345462918281555,0.034345462918281555,0.03419724479317665,0.03419724479317665,0.039666738361120224,0.039666738361120224,0.01914720982313156,0.01914720982313156,0.03911010921001434,0.03911010921001434
[hmim]__[PF6]__R1234yf__343.15__0.3719,L2,M0,R1234YF,HFO,HMIM,PF6,343.15,0.3719,0.0448,0.03692521303892136,0.008559248974425731,0.007874786961078642,0.03882487118244171,0.03882487118244171,0.03828280791640282,0.03828280791640282,0.043166130781173706,0.043166130781173706,0.022088151425123215,0.022088151425123215,0.04226410388946533,0.04226410388946533
[hmim]__[PF6]__R1234yf__343.15__0.4303,L2,M0,R1234YF,HFO,HMIM,PF6,343.15,0.4303,0.0517,0.03994639255106449,0.009219201455115407,0.011753607448935513,0.043354861438274384,0.043354861438274384,0.04195506125688553,0.04195506125688553,0.04605347663164139,0.04605347663164139,0.02368137799203396,0.02368137799203396,0.0446871854364872,0.0446871854364872
[hmim]__[PF6]__R1234yf__303.08__0.138,L2,M0,R1234YF,HFO,HMIM,PF6,303.08,0.138,0.031,0.03571697659790516,0.010821942186215553,0.004716976597905161,0.032762669026851654,0.032762669026851654,0.03712557628750801,0.03712557628750801,0.04496033117175102,0.04496033117175102,0.018778478726744652,0.018778478726744652,0.044957827776670456,0.044957827776670456
[hmim]__[PF6]__R1234yf__303.08__0.2,L2,M0,R1234YF,HFO,HMIM,PF6,303.08,0.2,0.045,0.0454473938792944,0.01209307351677616,0.0004473938792943985,0.04357241094112396,0.04357241094112396,0.047923944890499115,0.047923944890499115,0.05584374815225601,0.05584374815225601,0.025687305256724358,0.025687305256724358,0.05420956015586853,0.05420956015586853
[hmim]__[PF6]__R1234yf__303.12__0.287,L2,M0,R1234YF,HFO,HMIM,PF6,303.12,0.287,0.067,0.059323433041572574,0.013467244602945126,0.00767656695842743,0.0592472180724144,0.0592472180724144,0.06477715075016022,0.06477715075016022,0.07127402722835541,0.07127402722835541,0.036468371748924255,0.036468371748924255,0.06485039740800858,0.06485039740800858
[hmim]__[PF6]__R1234yf__303.05__0.399,L2,M0,R1234YF,HFO,HMIM,PF6,303.05,0.399,0.097,0.07795271128416062,0.015936483220446343,0.019047288715839383,0.08184298872947693,0.08184298872947693,0.08939008414745331,0.08939008414745331,0.08856016397476196,0.08856016397476196,0.05047472566366196,0.05047472566366196,0.07949559390544891,0.07949559390544891
[hmim]__[PF6]__R1234yf__303.37__0.548,L2,M0,R1234YF,HFO,HMIM,PF6,303.37,0.548,0.138,0.10216571390628815,0.018768397814306614,0.035834286093711865,0.11308545619249344,0.11308545619249344,0.11785692721605301,0.11785692721605301,0.11143392324447632,0.11143392324447632,0.07169618457555771,0.07169618457555771,0.09675607830286026,0.09675607830286026
[hmim]__[PF6]__R1234yf__313.24__0.147,L2,M0,R1234YF,HFO,HMIM,PF6,313.24,0.147,0.027,0.03441596180200577,0.010090509883804865,0.0074159618020057695,0.033170074224472046,0.033170074224472046,0.0356680229306221,0.0356680229306221,0.04341763257980347,0.04341763257980347,0.018026061356067657,0.018026061356067657,0.04179801791906357,0.04179801791906357
[hmim]__[PF6]__R1234yf__313.15__0.214,L2,M0,R1234YF,HFO,HMIM,PF6,313.15,0.214,0.038,0.042291979491710666,0.01200834708670332,0.0042919794917106666,0.040032777935266495,0.040032777935266495,0.043589070439338684,0.043589070439338684,0.054355330765247345,0.054355330765247345,0.02327154204249382,0.02327154204249382,0.05021117627620697,0.05021117627620697
[hmim]__[PF6]__R1234yf__313.14__0.308,L2,M0,R1234YF,HFO,HMIM,PF6,313.14,0.308,0.057,0.052811884135007856,0.012875241844329486,0.0041881158649921466,0.05164086073637009,0.05164086073637009,0.05703207105398178,0.05703207105398178,0.06513482332229614,0.06513482332229614,0.031452856957912445,0.031452856957912445,0.058798808604478836,0.058798808604478836
[hmim]__[PF6]__R1234yf__313.12__0.431,L2,M0,R1234YF,HFO,HMIM,PF6,313.12,0.431,0.081,0.06713643223047257,0.015306970404219251,0.013863567769527435,0.0693463385105133,0.0693463385105133,0.07604549825191498,0.07604549825191498,0.07886616885662079,0.07886616885662079,0.04063992202281952,0.04063992202281952,0.07078423351049423,0.07078423351049423
[hmim]__[PF6]__R1234yf__313.18__0.594,L2,M0,R1234YF,HFO,HMIM,PF6,313.18,0.594,0.114,0.08778377994894981,0.016942004516395392,0.02621622005105019,0.0956675186753273,0.0956675186753273,0.10007098317146301,0.10007098317146301,0.09919657558202744,0.09919657558202744,0.05962301418185234,0.05962301418185234,0.08436080813407898,0.08436080813407898
[hmim]__[PF6]__R1234yf__323.25__0.156,L2,M0,R1234YF,HFO,HMIM,PF6,323.25,0.156,0.022,0.031713125109672544,0.009257422939381007,0.009713125109672545,0.0316387414932251,0.0316387414932251,0.03311268240213394,0.03311268240213394,0.039145927876234055,0.039145927876234055,0.016215737909078598,0.016215737909078598,0.03845253586769104,0.03845253586769104
[hmim]__[PF6]__R1234yf__323.16__0.228,L2,M0,R1234YF,HFO,HMIM,PF6,323.16,0.228,0.032,0.03807780295610428,0.010414215122541256,0.006077802956104279,0.03743249922990799,0.03743249922990799,0.039971254765987396,0.039971254765987396,0.04777937009930611,0.04777937009930611,0.020860854536294937,0.020860854536294937,0.04434503614902496,0.04434503614902496
[hmim]__[PF6]__R1234yf__323.14__0.328,L2,M0,R1234YF,HFO,HMIM,PF6,323.14,0.328,0.048,0.046592540293931964,0.011725539703240567,0.0014074597060680372,0.04659615084528923,0.04659615084528923,0.04933062940835953,0.04933062940835953,0.057868920266628265,0.057868920266628265,0.026992909610271454,0.026992909610271454,0.05217409133911133,0.05217409133911133
[hmim]__[PF6]__R1234yf__323.11__0.46,L2,M0,R1234YF,HFO,HMIM,PF6,323.11,0.46,0.068,0.05781515538692474,0.012655952625995191,0.010184844613075263,0.06051027029752731,0.06051027029752731,0.0639645978808403,0.0639645978808403,0.06760275363922119,0.06760275363922119,0.035727281123399734,0.035727281123399734,0.06127087399363518,0.06127087399363518
[hmim]__[PF6]__R1234yf__323.19__0.638,L2,M0,R1234YF,HFO,HMIM,PF6,323.19,0.638,0.094,0.0749777726829052,0.015435843902822505,0.019022227317094798,0.08242848515510559,0.08242848515510559,0.08446554094552994,0.08446554094552994,0.08672948181629181,0.08672948181629181,0.04927785322070122,0.04927785322070122,0.07198750227689743,0.07198750227689743
[hmim]__[PF6]__R1234yf__333.25__0.166,L2,M0,R1234YF,HFO,HMIM,PF6,333.25,0.166,0.018,0.02810898721218109,0.009050125530691353,0.010108987212181092,0.029054418206214905,0.029054418206214905,0.03040444292128086,0.03040444292128086,0.034211721271276474,0.034211721271276474,0.012469926849007607,0.012469926849007607,0.03440442681312561,0.03440442681312561
[hmim]__[PF6]__R1234yf__333.18__0.24,L2,M0,R1234YF,HFO,HMIM,PF6,333.18,0.24,0.027,0.033639111742377284,0.009564573796210538,0.006639111742377284,0.03417857363820076,0.03417857363820076,0.03530726954340935,0.03530726954340935,0.041518889367580414,0.041518889367580414,0.01741771586239338,0.01741771586239338,0.039773110300302505,0.039773110300302505
[hmim]__[PF6]__R1234yf__333.14__0.346,L2,M0,R1234YF,HFO,HMIM,PF6,333.14,0.346,0.041,0.04117108210921287,0.009794179788976587,0.00017108210921287087,0.04266246035695076,0.04266246035695076,0.042828191071748734,0.042828191071748734,0.049507103860378265,0.049507103860378265,0.02439938113093376,0.02439938113093376,0.046458274126052856,0.046458274126052856
[hmim]__[PF6]__R1234yf__333.17__0.488,L2,M0,R1234YF,HFO,HMIM,PF6,333.17,0.488,0.057,0.05028173550963402,0.01102980472479384,0.0067182644903659855,0.054381515830755234,0.054381515830755234,0.054722052067518234,0.054722052067518234,0.057922929525375366,0.057922929525375366,0.030771877616643906,0.030771877616643906,0.05361030250787735,0.05361030250787735
[hmim]__[PF6]__R1234yf__333.18__0.678,L2,M0,R1234YF,HFO,HMIM,PF6,333.18,0.678,0.079,0.06530106291174889,0.01243277502204521,0.013698937088251109,0.07180434465408325,0.07180434465408325,0.07304652035236359,0.07304652035236359,0.07469993829727173,0.07469993829727173,0.04487298056483269,0.04487298056483269,0.062081530690193176,0.062081530690193176
[hmim]__[PF6]__R1234yf__343.25__0.174,L2,M0,R1234YF,HFO,HMIM,PF6,343.25,0.174,0.015,0.02397846579551697,0.009021342865467828,0.00897846579551697,0.025726832449436188,0.025726832449436188,0.027100127190351486,0.027100127190351486,0.028629660606384277,0.028629660606384277,0.008132357150316238,0.008132357150316238,0.03030335158109665,0.03030335158109665
[hmim]__[PF6]__R1234yf__343.21__0.252,L2,M0,R1234YF,HFO,HMIM,PF6,343.21,0.252,0.023,0.02946019060909748,0.008375719304130913,0.006460190609097482,0.030285261571407318,0.030285261571407318,0.03102441504597664,0.03102441504597664,0.0351630300283432,0.0351630300283432,0.015113165602087975,0.015113165602087975,0.03571508079767227,0.03571508079767227
[hmim]__[PF6]__R1234yf__343.15__0.364,L2,M0,R1234YF,HFO,HMIM,PF6,343.15,0.364,0.035,0.03647113963961601,0.00850021246485856,0.0014711396396160092,0.038182828575372696,0.038182828575372696,0.037763334810733795,0.037763334810733795,0.042743369936943054,0.042743369936943054,0.02178194373846054,0.02178194373846054,0.04188422113656998,0.04188422113656998
[hmim]__[PF6]__R1234yf__343.19__0.513,L2,M0,R1234YF,HFO,HMIM,PF6,343.19,0.513,0.049,0.04465721771121025,0.009244759898617113,0.004342782288789752,0.049145784229040146,0.049145784229040146,0.04801619052886963,0.04801619052886963,0.05027302727103233,0.05027302727103233,0.028223372995853424,0.028223372995853424,0.04762771353125572,0.04762771353125572
[hmim]__[PF6]__R1234yf__343.22__0.711,L2,M0,R1234YF,HFO,HMIM,PF6,343.22,0.711,0.072,0.05738406106829643,0.009237829978286278,0.014615938931703563,0.06366897374391556,0.06366897374391556,0.06268887966871262,0.06268887966871262,0.06409614533185959,0.06409614533185959,0.04270239919424057,0.04270239919424057,0.05376390740275383,0.05376390740275383
[hmim]__[PF6]__R1234yf__353.27__0.182,L2,M0,R1234YF,HFO,HMIM,PF6,353.27,0.182,0.012,0.02056539636105299,0.008515019844116392,0.008565396361052989,0.022178471088409424,0.022178471088409424,0.0236821286380291,0.0236821286380291,0.024432390928268433,0.024432390928268433,0.005641552619636059,0.005641552619636059,0.026892438530921936,0.026892438530921936
[hmim]__[PF6]__R1234yf__353.22__0.264,L2,M0,R1234YF,HFO,HMIM,PF6,353.22,0.264,0.019,0.02573494426906109,0.007387344780324215,0.006734944269061089,0.026901695877313614,0.026901695877313614,0.027355428785085678,0.027355428785085678,0.0295904278755188,0.0295904278755188,0.012996139004826546,0.012996139004826546,0.031831029802560806,0.031831029802560806
[hmim]__[PF6]__R1234yf__353.18__0.381,L2,M0,R1234YF,HFO,HMIM,PF6,353.18,0.381,0.03,0.03176303245127201,0.007544900311558761,0.0017630324512720105,0.03395761922001839,0.03395761922001839,0.0327020138502121,0.0327020138502121,0.036291904747486115,0.036291904747486115,0.01865450106561184,0.01865450106561184,0.037209123373031616,0.037209123373031616
[hmim]__[PF6]__R1234yf__353.2__0.538,L2,M0,R1234YF,HFO,HMIM,PF6,353.2,0.538,0.043,0.03957925960421562,0.007945438373765129,0.003420740395784376,0.04453921690583229,0.04453921690583229,0.042084597051143646,0.042084597051143646,0.043897420167922974,0.043897420167922974,0.025515303015708923,0.025515303015708923,0.041859760880470276,0.041859760880470276
[hmim]__[PF6]__R1234yf__353.22__0.747,L2,M0,R1234YF,HFO,HMIM,PF6,353.22,0.747,0.063,0.05132511779665947,0.007296530881124571,0.01167488220334053,0.057611145079135895,0.057611145079135895,0.05527842417359352,0.05527842417359352,0.056182146072387695,0.056182146072387695,0.04059308022260666,0.04059308022260666,0.04696079343557358,0.04696079343557358
[hmim]__[PF6]__R1234ze(E)__283.15__0.0847,L2,M0,R1234ZE(E),HFO,HMIM,PF6,283.15,0.0847,0.1078,0.07854730412364005,0.03208310913156204,0.029252695876359952,0.12711457908153534,0.12711457908153534,0.0875810757279396,0.0875810757279396,0.07367900758981705,0.07367900758981705,0.04071701690554619,0.04071701690554619,0.06364484131336212,0.06364484131336212
[hmim]__[PF6]__R1234ze(E)__283.15__0.1228,L2,M0,R1234ZE(E),HFO,HMIM,PF6,283.15,0.1228,0.1578,0.1037903793156147,0.045838908416340265,0.05400962068438529,0.17472554743289948,0.17472554743289948,0.11748912930488586,0.11748912930488586,0.09251514822244644,0.09251514822244644,0.053555797785520554,0.053555797785520554,0.08066627383232117,0.08066627383232117
[hmim]__[PF6]__R1234ze(E)__283.15__0.1569,L2,M0,R1234ZE(E),HFO,HMIM,PF6,283.15,0.1569,0.2072,0.12748357355594636,0.05996269107461275,0.07971642644405363,0.2215622067451477,0.2215622067451477,0.14697785675525665,0.14697785675525665,0.10660290718078613,0.10660290718078613,0.06665725260972977,0.06665725260972977,0.09561764448881149,0.09561764448881149
[hmim]__[PF6]__R1234ze(E)__283.15__0.1881,L2,M0,R1234ZE(E),HFO,HMIM,PF6,283.15,0.1881,0.2552,0.1493917003273964,0.07369536968096156,0.10580829967260358,0.26609864830970764,0.26609864830970764,0.17374300956726074,0.17374300956726074,0.11961667239665985,0.11961667239665985,0.0790531262755394,0.0790531262755394,0.10844704508781433,0.10844704508781433
[hmim]__[PF6]__R1234ze(E)__283.15__0.2192,L2,M0,R1234ZE(E),HFO,HMIM,PF6,283.15,0.2192,0.3015,0.1725141540169716,0.08731983265399079,0.1289858459830284,0.31152015924453735,0.31152015924453735,0.20244131982326508,0.20244131982326508,0.13236701488494873,0.13236701488494873,0.09440993517637253,0.09440993517637253,0.12183234095573425,0.12183234095573425
[hmim]__[PF6]__R1234ze(E)__283.15__0.2464,L2,M0,R1234ZE(E),HFO,HMIM,PF6,283.15,0.2464,0.3472,0.19258104711771012,0.09963182353861887,0.15461895288228988,0.35154926776885986,0.35154926776885986,0.22771434485912323,0.22771434485912323,0.14267221093177795,0.14267221093177795,0.10795273631811142,0.10795273631811142,0.1330166757106781,0.1330166757106781
[hmim]__[PF6]__R1234ze(E)__293.15__0.0939,L2,M0,R1234ZE(E),HFO,HMIM,PF6,293.15,0.0939,0.0905,0.06957884207367897,0.024996033341043822,0.02092115792632103,0.10377021133899689,0.10377021133899689,0.07575448602437973,0.07575448602437973,0.06969061493873596,0.06969061493873596,0.03396512195467949,0.03396512195467949,0.06471377611160278,0.06471377611160278
[hmim]__[PF6]__R1234ze(E)__293.15__0.1371,L2,M0,R1234ZE(E),HFO,HMIM,PF6,293.15,0.1371,0.1327,0.08904332220554352,0.034054512488727796,0.04365667779445649,0.13827161490917206,0.13827161490917206,0.10063782334327698,0.10063782334327698,0.08395044505596161,0.08395044505596161,0.04533328860998154,0.04533328860998154,0.07702343910932541,0.07702343910932541
[hmim]__[PF6]__R1234ze(E)__293.15__0.1781,L2,M0,R1234ZE(E),HFO,HMIM,PF6,293.15,0.1781,0.1708,0.10905025452375412,0.04426839746981794,0.061749745476245885,0.1752341091632843,0.1752341091632843,0.12549331784248352,0.12549331784248352,0.09844360500574112,0.09844360500574112,0.05751390755176544,0.05751390755176544,0.08856633305549622,0.08856633305549622
[hmim]__[PF6]__R1234ze(E)__293.15__0.2166,L2,M0,R1234ZE(E),HFO,HMIM,PF6,293.15,0.2166,0.2089,0.12928633093833924,0.056368121453486235,0.07961366906166076,0.21578803658485413,0.21578803658485413,0.15039220452308655,0.15039220452308655,0.11116155982017517,0.11116155982017517,0.06955553591251373,0.06955553591251373,0.09953431785106659,0.09953431785106659
[hmim]__[PF6]__R1234ze(E)__293.15__0.2549,L2,M0,R1234ZE(E),HFO,HMIM,PF6,293.15,0.2549,0.2478,0.1501207783818245,0.06989172819466176,0.0976792216181755,0.2595175504684448,0.2595175504684448,0.17552372813224792,0.17552372813224792,0.12205561250448227,0.12205561250448227,0.0818762555718422,0.0818762555718422,0.11163074523210526,0.11163074523210526
[hmim]__[PF6]__R1234ze(E)__293.15__0.2902,L2,M0,R1234ZE(E),HFO,HMIM,PF6,293.15,0.2902,0.2861,0.16857176572084426,0.08303099672635217,0.11752823427915576,0.30007651448249817,0.30007651448249817,0.19801609218120575,0.19801609218120575,0.1308123618364334,0.1308123618364334,0.09279070049524307,0.09279070049524307,0.12116315960884094,0.12116315960884094
[hmim]__[PF6]__R1234ze(E)__303.15__0.103,L2,M0,R1234ZE(E),HFO,HMIM,PF6,303.15,0.103,0.0744,0.06445548608899117,0.02205893864974566,0.009944513911008826,0.09314759075641632,0.09314759075641632,0.06923242658376694,0.06923242658376694,0.06570436805486679,0.06570436805486679,0.03134685382246971,0.03134685382246971,0.06284619122743607,0.06284619122743607
[hmim]__[PF6]__R1234ze(E)__303.15__0.1515,L2,M0,R1234ZE(E),HFO,HMIM,PF6,303.15,0.1515,0.1078,0.07980477288365365,0.027635005258368338,0.02799522711634636,0.11700701713562012,0.11700701713562012,0.08918537199497223,0.08918537199497223,0.07818587124347687,0.07818587124347687,0.04045163467526436,0.04045163467526436,0.07419396936893463,0.07419396936893463
[hmim]__[PF6]__R1234ze(E)__303.15__0.1975,L2,M0,R1234ZE(E),HFO,HMIM,PF6,303.15,0.1975,0.1389,0.09508974850177765,0.033805308287533385,0.04381025149822235,0.14197510480880737,0.14197510480880737,0.1092093288898468,0.1092093288898468,0.09047281742095947,0.09047281742095947,0.05012558400630951,0.05012558400630951,0.08366590738296509,0.08366590738296509
[hmim]__[PF6]__R1234ze(E)__303.15__0.2412,L2,M0,R1234ZE(E),HFO,HMIM,PF6,303.15,0.2412,0.1706,0.1113868698477745,0.04253597705717112,0.0592131301522255,0.17317932844161987,0.17317932844161987,0.13049107789993286,0.13049107789993286,0.10029595345258713,0.10029595345258713,0.060759350657463074,0.060759350657463074,0.09220863878726959,0.09220863878726959
[hmim]__[PF6]__R1234ze(E)__303.15__0.2858,L2,M0,R1234ZE(E),HFO,HMIM,PF6,303.15,0.2858,0.2018,0.1280391201376915,0.052783493161596404,0.0737608798623085,0.2079523205757141,0.2079523205757141,0.1500268578529358,0.1500268578529358,0.10988348722457886,0.10988348722457886,0.07135864347219467,0.07135864347219467,0.10097429156303406,0.10097429156303406
[hmim]__[PF6]__R1234ze(E)__303.15__0.3274,L2,M0,R1234ZE(E),HFO,HMIM,PF6,303.15,0.3274,0.2336,0.14300077259540558,0.06292458279253824,0.09059922740459442,0.24060851335525513,0.24060851335525513,0.16738735139369965,0.16738735139369965,0.11716369539499283,0.11716369539499283,0.08033835887908936,0.08033835887908936,0.10950594395399094,0.10950594395399094
[hmim]__[PF6]__R1234ze(E)__313.15__0.1111,L2,M0,R1234ZE(E),HFO,HMIM,PF6,313.15,0.1111,0.0615,0.058879006654024124,0.019410765781883485,0.002620993345975875,0.08396304398775101,0.08396304398775101,0.06292181462049484,0.06292181462049484,0.06035473942756653,0.06035473942756653,0.029593415558338165,0.029593415558338165,0.05756201967597008,0.05756201967597008
[hmim]__[PF6]__R1234ze(E)__313.15__0.1641,L2,M0,R1234ZE(E),HFO,HMIM,PF6,313.15,0.1641,0.0883,0.07119145840406418,0.022386916034965818,0.01710854159593582,0.10069381445646286,0.10069381445646286,0.07879967987537384,0.07879967987537384,0.07061505317687988,0.07061505317687988,0.03862897306680679,0.03862897306680679,0.06721977144479752,0.06721977144479752
[hmim]__[PF6]__R1234ze(E)__313.15__0.2143,L2,M0,R1234ZE(E),HFO,HMIM,PF6,313.15,0.2143,0.1141,0.08299938812851906,0.026036763255857395,0.03110061187148093,0.11784069240093231,0.11784069240093231,0.09414096921682358,0.09414096921682358,0.08017423748970032,0.08017423748970032,0.04668409749865532,0.04668409749865532,0.07615694403648376,0.07615694403648376
[hmim]__[PF6]__R1234ze(E)__313.15__0.2626,L2,M0,R1234ZE(E),HFO,HMIM,PF6,313.15,0.2626,0.1398,0.09503979086875916,0.03115077738723761,0.04476020913124085,0.13840137422084808,0.13840137422084808,0.1100519597530365,0.1100519597530365,0.08828265964984894,0.08828265964984894,0.05512306094169617,0.05512306094169617,0.08333989977836609,0.08333989977836609
[hmim]__[PF6]__R1234ze(E)__313.15__0.3119,L2,M0,R1234ZE(E),HFO,HMIM,PF6,313.15,0.3119,0.1656,0.10758203864097596,0.038484185525555485,0.05801796135902404,0.16378231346607208,0.16378231346607208,0.1254229098558426,0.1254229098558426,0.09546473622322083,0.09546473622322083,0.06277720630168915,0.06277720630168915,0.09046302735805511,0.09046302735805511
[hmim]__[PF6]__R1234ze(E)__313.15__0.3585,L2,M0,R1234ZE(E),HFO,HMIM,PF6,313.15,0.3585,0.1923,0.11902396082878113,0.04579724168644832,0.07327603917121887,0.18794472515583038,0.18794472515583038,0.13886263966560364,0.13886263966560364,0.10230832546949387,0.10230832546949387,0.06937603652477264,0.06937603652477264,0.09662807732820511,0.09662807732820511
[hmim]__[PF6]__R1234ze(E)__323.15__0.1188,L2,M0,R1234ZE(E),HFO,HMIM,PF6,323.15,0.1188,0.0505,0.0523825652897358,0.01673078367751811,0.0018825652897357936,0.07472123205661774,0.07472123205661774,0.056400030851364136,0.056400030851364136,0.051913972944021225,0.051913972944021225,0.027836672961711884,0.027836672961711884,0.05104091763496399,0.05104091763496399
[hmim]__[PF6]__R1234ze(E)__323.15__0.1755,L2,M0,R1234ZE(E),HFO,HMIM,PF6,323.15,0.1755,0.0725,0.0625744067132473,0.018705251301006438,0.009925593286752701,0.08801314234733582,0.08801314234733582,0.06872652471065521,0.06872652471065521,0.060679495334625244,0.060679495334625244,0.036106351763010025,0.036106351763010025,0.0593465194106102,0.0593465194106102
[hmim]__[PF6]__R1234ze(E)__323.15__0.2294,L2,M0,R1234ZE(E),HFO,HMIM,PF6,323.15,0.2294,0.094,0.07234145104885101,0.02128910971867146,0.021658548951148993,0.10141152888536453,0.10141152888536453,0.08136549592018127,0.08136549592018127,0.06833668798208237,0.06833668798208237,0.04326926916837692,0.04326926916837692,0.06732427328824997,0.06732427328824997
[hmim]__[PF6]__R1234ze(E)__323.15__0.2816,L2,M0,R1234ZE(E),HFO,HMIM,PF6,323.15,0.2816,0.1155,0.08142664954066277,0.024697699165299368,0.03407335045933724,0.11589817702770233,0.11589817702770233,0.09257650375366211,0.09257650375366211,0.07559226453304291,0.07559226453304291,0.049249883741140366,0.049249883741140366,0.07381641864776611,0.07381641864776611
[hmim]__[PF6]__R1234ze(E)__323.15__0.3351,L2,M0,R1234ZE(E),HFO,HMIM,PF6,323.15,0.3351,0.1369,0.09059886112809182,0.028640749098534746,0.046301138871908176,0.1316191852092743,0.1316191852092743,0.10397813469171524,0.10397813469171524,0.08209094405174255,0.08209094405174255,0.05552680417895317,0.05552680417895317,0.0797792375087738,0.0797792375087738
[hmim]__[PF6]__R1234ze(E)__323.15__0.3861,L2,M0,R1234ZE(E),HFO,HMIM,PF6,323.15,0.3861,0.1587,0.09889677688479423,0.033183604220178256,0.05980322311520578,0.1483454406261444,0.1483454406261444,0.11363018304109573,0.11363018304109573,0.08673004806041718,0.08673004806041718,0.061899665743112564,0.061899665743112564,0.0838785469532013,0.0838785469532013
[hmim]__[PF6]__R1234ze(E)__333.15__0.1258,L2,M0,R1234ZE(E),HFO,HMIM,PF6,333.15,0.1258,0.0418,0.04638547673821449,0.014902498637339525,0.0045854767382144945,0.06572813540697098,0.06572813540697098,0.05026431009173393,0.05026431009173393,0.04598134011030197,0.04598134011030197,0.024052631109952927,0.024052631109952927,0.045900966972112656,0.045900966972112656
[hmim]__[PF6]__R1234ze(E)__333.15__0.1858,L2,M0,R1234ZE(E),HFO,HMIM,PF6,333.15,0.1858,0.0605,0.0547577440738678,0.016179814595886265,0.0057422559261322,0.07704753428697586,0.07704753428697586,0.059799615293741226,0.059799615293741226,0.05173654109239578,0.05173654109239578,0.03210814669728279,0.03210814669728279,0.05309688299894333,0.05309688299894333
[hmim]__[PF6]__R1234ze(E)__333.15__0.2431,L2,M0,R1234ZE(E),HFO,HMIM,PF6,333.15,0.2431,0.0785,0.06328022181987762,0.017858845406019775,0.015219778180122379,0.08821839094161987,0.08821839094161987,0.07041281461715698,0.07041281461715698,0.05850859358906746,0.05850859358906746,0.03944297879934311,0.03944297879934311,0.0598183311522007,0.0598183311522007
[hmim]__[PF6]__R1234ze(E)__333.15__0.2987,L2,M0,R1234ZE(E),HFO,HMIM,PF6,333.15,0.2987,0.0968,0.07098362371325492,0.020564242771407296,0.025816376286745074,0.10028213262557983,0.10028213262557983,0.07978611439466476,0.07978611439466476,0.06476032733917236,0.06476032733917236,0.04482610151171684,0.04482610151171684,0.06526344269514084,0.06526344269514084
[hmim]__[PF6]__R1234ze(E)__333.15__0.3559,L2,M0,R1234ZE(E),HFO,HMIM,PF6,333.15,0.3559,0.1146,0.07777899727225304,0.02331571950248791,0.03682100272774695,0.1115250289440155,0.1115250289440155,0.08789103478193283,0.08789103478193283,0.0701904296875,0.0701904296875,0.049201104789972305,0.049201104789972305,0.07008738815784454,0.07008738815784454
[hmim]__[PF6]__R1234ze(E)__333.15__0.4107,L2,M0,R1234ZE(E),HFO,HMIM,PF6,333.15,0.4107,0.133,0.0840417578816414,0.025794660124950294,0.048958242118358614,0.12199638783931732,0.12199638783931732,0.09597708284854889,0.09597708284854889,0.07425492256879807,0.07425492256879807,0.054541923105716705,0.054541923105716705,0.07343847304582596,0.07343847304582596
[hmim]__[PF6]__R1234ze(E)__343.15__0.1325,L2,M0,R1234ZE(E),HFO,HMIM,PF6,343.15,0.1325,0.0344,0.04137575812637806,0.014189319582572725,0.006975758126378059,0.0590740367770195,0.0590740367770195,0.04495304450392723,0.04495304450392723,0.04163369536399841,0.04163369536399841,0.01948676072061062,0.01948676072061062,0.041731253266334534,0.041731253266334534
[hmim]__[PF6]__R1234ze(E)__343.15__0.1956,L2,M0,R1234ZE(E),HFO,HMIM,PF6,343.15,0.1956,0.0504,0.04833495169878006,0.014358727476786334,0.0020650483012199378,0.06752371788024902,0.06752371788024902,0.05249150097370148,0.05249150097370148,0.04533391445875168,0.04533391445875168,0.02759740874171257,0.02759740874171257,0.04872821643948555,0.04872821643948555
[hmim]__[PF6]__R1234ze(E)__343.15__0.256,L2,M0,R1234ZE(E),HFO,HMIM,PF6,343.15,0.256,0.0656,0.055211664736270906,0.01533792219761296,0.0103883352637291,0.07654783874750137,0.07654783874750137,0.06098490208387375,0.06098490208387375,0.04980207979679108,0.04980207979679108,0.03467309847474098,0.03467309847474098,0.05405040457844734,0.05405040457844734
[hmim]__[PF6]__R1234ze(E)__343.15__0.315,L2,M0,R1234ZE(E),HFO,HMIM,PF6,343.15,0.315,0.0804,0.062005537748336795,0.01754050076433173,0.018394462251663204,0.08734390139579773,0.08734390139579773,0.06865932047367096,0.06865932047367096,0.055087652057409286,0.055087652057409286,0.03992496058344841,0.03992496058344841,0.059011854231357574,0.059011854231357574
[hmim]__[PF6]__R1234ze(E)__343.15__0.3755,L2,M0,R1234ZE(E),HFO,HMIM,PF6,343.15,0.3755,0.0957,0.06788040548563004,0.019622608534418818,0.027819594514369952,0.09706047177314758,0.09706047177314758,0.07533609122037888,0.07533609122037888,0.059574998915195465,0.059574998915195465,0.044691942632198334,0.044691942632198334,0.06273852288722992,0.06273852288722992
[hmim]__[PF6]__R1234ze(E)__343.15__0.4342,L2,M0,R1234ZE(E),HFO,HMIM,PF6,343.15,0.4342,0.1102,0.07317340970039368,0.022018677875192735,0.037026590299606324,0.10605702549219131,0.10605702549219131,0.08264059573411942,0.08264059573411942,0.06328333169221878,0.06328333169221878,0.04846761375665665,0.04846761375665665,0.06541848182678223,0.06541848182678223
[hmim]__[Tf2N]__R1234yf__292.29__0.0993,L2,M0,R1234YF,HFO,HMIM,TF2N,292.29,0.0993,0.0775,0.0654071755707264,0.008108954926582423,0.012092824429273605,0.05715365335345268,0.05715365335345268,0.06519900262355804,0.06519900262355804,0.0739220529794693,0.0739220529794693,0.057559072971343994,0.057559072971343994,0.07320209592580795,0.07320209592580795
[hmim]__[Tf2N]__R1234yf__293.01__0.1981,L2,M0,R1234YF,HFO,HMIM,TF2N,293.01,0.1981,0.1543,0.10633454769849777,0.011259321511611914,0.04796545230150222,0.1092902272939682,0.1092902272939682,0.1071675568819046,0.1071675568819046,0.11584305763244629,0.11584305763244629,0.08705978840589523,0.08705978840589523,0.11231210827827454,0.11231210827827454
[hmim]__[Tf2N]__R1234yf__292.98__0.276,L2,M0,R1234YF,HFO,HMIM,TF2N,292.98,0.276,0.2206,0.13909002691507338,0.016706968580656078,0.0815099730849266,0.15359194576740265,0.15359194576740265,0.14757545292377472,0.14757545292377472,0.14242194592952728,0.14242194592952728,0.1104913279414177,0.1104913279414177,0.14136946201324463,0.14136946201324463
[hmim]__[Tf2N]__R1234yf__293.64__0.3538,L2,M0,R1234YF,HFO,HMIM,TF2N,293.64,0.3538,0.2792,0.1643541783094406,0.023659577869730136,0.1148458216905594,0.18960842490196228,0.18960842490196228,0.18194836378097534,0.18194836378097534,0.16042764484882355,0.16042764484882355,0.1287858486175537,0.1287858486175537,0.16100060939788818,0.16100060939788818
[hmim]__[Tf2N]__R1234yf__293.13__0.4344,L2,M0,R1234YF,HFO,HMIM,TF2N,293.13,0.4343999999999999,0.3536,0.19044028520584105,0.03185486742795319,0.16315971479415897,0.23010924458503723,0.23010924458503723,0.21493884921073914,0.21493884921073914,0.1794256865978241,0.1794256865978241,0.15061266720294952,0.15061266720294952,0.17711497843265533,0.17711497843265533
[hmim]__[Tf2N]__R1234yf__303.05__0.1153,L2,M0,R1234YF,HFO,HMIM,TF2N,303.05,0.1153,0.0689,0.06479571238160134,0.007550615959883988,0.004104287618398664,0.05832456424832344,0.05832456424832344,0.06271759420633316,0.06271759420633316,0.07025850564241409,0.07025850564241409,0.05775851756334305,0.05775851756334305,0.07491938024759293,0.07491938024759293
[hmim]__[Tf2N]__R1234yf__303.09__0.2306,L2,M0,R1234YF,HFO,HMIM,TF2N,303.09,0.2306,0.1386,0.09951848983764648,0.011358765690183927,0.03908151016235352,0.10325353592634201,0.10325353592634201,0.09576816856861115,0.09576816856861115,0.10933376848697662,0.10933376848697662,0.08150912076234818,0.08150912076234818,0.10772785544395447,0.10772785544395447
[hmim]__[Tf2N]__R1234yf__303.07__0.3249,L2,M0,R1234YF,HFO,HMIM,TF2N,303.07,0.3248999999999999,0.1991,0.12857307195663453,0.017150932466482194,0.07052692804336547,0.14520329236984253,0.14520329236984253,0.13367825746536255,0.13367825746536255,0.133572518825531,0.133572518825531,0.09952731430530548,0.09952731430530548,0.13088397681713104,0.13088397681713104
[hmim]__[Tf2N]__R1234yf__303.13__0.4161,L2,M0,R1234YF,HFO,HMIM,TF2N,303.13,0.4161,0.2545,0.15123565793037413,0.024449070305178268,0.10326434206962587,0.17950764298439026,0.17950764298439026,0.16577781736850739,0.16577781736850739,0.14955425262451172,0.14955425262451172,0.11436790227890015,0.11436790227890015,0.14697067439556122,0.14697067439556122
[hmim]__[Tf2N]__R1234yf__303.15__0.5231,L2,M0,R1234YF,HFO,HMIM,TF2N,303.15,0.5231,0.323,0.17543007731437682,0.03418848256573821,0.1475699226856232,0.21885991096496582,0.21885991096496582,0.1971893012523651,0.1971893012523651,0.16818667948246002,0.16818667948246002,0.12936224043369293,0.12936224043369293,0.16355225443840027,0.16355225443840027
[hmim]__[Tf2N]__R1234yf__313.06__0.1306,L2,M0,R1234YF,HFO,HMIM,TF2N,313.06,0.1306,0.061,0.06251979619264603,0.007463656461975443,0.001519796192646028,0.058774255216121674,0.058774255216121674,0.059350669384002686,0.059350669384002686,0.06667418777942657,0.06667418777942657,0.05447433888912201,0.05447433888912201,0.07332552969455719,0.07332552969455719
[hmim]__[Tf2N]__R1234yf__313.06__0.2624,L2,M0,R1234YF,HFO,HMIM,TF2N,313.06,0.2623999999999999,0.1238,0.092377208173275,0.010242975525877895,0.031422791826725,0.09670795500278473,0.09670795500278473,0.08852054178714752,0.08852054178714752,0.10138086974620819,0.10138086974620819,0.07623515278100967,0.07623515278100967,0.09904152154922485,0.09904152154922485
[hmim]__[Tf2N]__R1234yf__313.05__0.3724,L2,M0,R1234YF,HFO,HMIM,TF2N,313.05,0.3723999999999999,0.1789,0.11738040149211884,0.016499311388951464,0.06151959850788116,0.1356390118598938,0.1356390118598938,0.1203354001045227,0.1203354001045227,0.12204389274120331,0.12204389274120331,0.09047331660985947,0.09047331660985947,0.1184103861451149,0.1184103861451149
[hmim]__[Tf2N]__R1234yf__313.13__0.4807,L2,M0,R1234YF,HFO,HMIM,TF2N,313.13,0.4807,0.2292,0.13801911175251008,0.02397226721359844,0.0911808882474899,0.16741013526916504,0.16741013526916504,0.14938756823539734,0.14938756823539734,0.13688194751739502,0.13688194751739502,0.10209356248378754,0.10209356248378754,0.13432234525680542,0.13432234525680542
[hmim]__[Tf2N]__R1234yf__313.2__0.6103,L2,M0,R1234YF,HFO,HMIM,TF2N,313.2,0.6103,0.2925,0.16212416738271712,0.033670715744082105,0.13037583261728286,0.20614996552467346,0.20614996552467346,0.18018382787704468,0.18018382787704468,0.1560705602169037,0.1560705602169037,0.11588715761899948,0.11588715761899948,0.15232932567596436,0.15232932567596436
[hmim]__[Tf2N]__R1234yf__323.08__0.1457,L2,M0,R1234YF,HFO,HMIM,TF2N,323.08,0.1457,0.0537,0.05926906242966652,0.007731649300693637,0.005569062429666524,0.05742190405726433,0.05742190405726433,0.055858634412288666,0.055858634412288666,0.06364894658327103,0.06364894658327103,0.04959598928689957,0.04959598928689957,0.06981983780860901,0.06981983780860901
[hmim]__[Tf2N]__R1234yf__323.06__0.2938,L2,M0,R1234YF,HFO,HMIM,TF2N,323.06,0.2938,0.1098,0.08541407883167267,0.009152283495347267,0.02438592116832733,0.08912904560565948,0.08912904560565948,0.08201990276575089,0.08201990276575089,0.0943649634718895,0.0943649634718895,0.07111813127994537,0.07111813127994537,0.0904383510351181,0.0904383510351181
[hmim]__[Tf2N]__R1234yf__323.05__0.4192,L2,M0,R1234YF,HFO,HMIM,TF2N,323.05,0.4191999999999999,0.1596,0.105608831346035,0.015161469389880201,0.053991168653964985,0.12355993688106537,0.12355993688106537,0.10785135626792908,0.10785135626792908,0.10871525853872299,0.10871525853872299,0.08148656785488129,0.08148656785488129,0.1064310371875763,0.1064310371875763
[hmim]__[Tf2N]__R1234yf__323.13__0.5437,L2,M0,R1234YF,HFO,HMIM,TF2N,323.13,0.5437000000000001,0.205,0.12466936707496643,0.022880909978202597,0.08033063292503356,0.15356867015361786,0.15356867015361786,0.13425913453102112,0.13425913453102112,0.12413688749074936,0.12413688749074936,0.09075159579515457,0.09075159579515457,0.12063054740428925,0.12063054740428925
[hmim]__[Tf2N]__R1234yf__323.19__0.6954,L2,M0,R1234YF,HFO,HMIM,TF2N,323.19,0.6954,0.2628,0.15035832673311234,0.029473088921302147,0.11244167326688764,0.1910792738199234,0.1910792738199234,0.16475993394851685,0.16475993394851685,0.14412888884544373,0.14412888884544373,0.11221914738416672,0.11221914738416672,0.139604389667511,0.139604389667511
[hmim]__[Tf2N]__R1234yf__333.1__0.1609,L2,M0,R1234YF,HFO,HMIM,TF2N,333.1,0.1609,0.0474,0.05517684146761894,0.008590796832874253,0.007776841467618943,0.05442960187792778,0.05442960187792778,0.05219646915793419,0.05219646915793419,0.0603938028216362,0.0603938028216362,0.04308667406439781,0.04308667406439781,0.06577765941619873,0.06577765941619873
[hmim]__[Tf2N]__R1234yf__333.09__0.3241,L2,M0,R1234YF,HFO,HMIM,TF2N,333.09,0.3241,0.0972,0.07831934839487076,0.008086719618172138,0.018880651605129237,0.0821545422077179,0.0821545422077179,0.07475433498620987,0.07475433498620987,0.08570844680070877,0.08570844680070877,0.0658227875828743,0.0658227875828743,0.08315663039684296,0.08315663039684296
[hmim]__[Tf2N]__R1234yf__333.17__0.4644,L2,M0,R1234YF,HFO,HMIM,TF2N,333.17,0.4644,0.142,0.09590637534856797,0.012875357833124953,0.04609362465143202,0.11216365545988083,0.11216365545988083,0.09717436134815216,0.09717436134815216,0.09760129451751709,0.09760129451751709,0.07605880498886108,0.07605880498886108,0.09653376042842865,0.09653376042842865
[hmim]__[Tf2N]__R1234yf__333.21__0.6016,L2,M0,R1234YF,HFO,HMIM,TF2N,333.21,0.6016,0.1844,0.11300815790891647,0.01951013256148922,0.07139184209108354,0.1391940414905548,0.1391940414905548,0.12036138772964478,0.12036138772964478,0.11124676465988159,0.11124676465988159,0.08539760112762451,0.08539760112762451,0.10884099453687668,0.10884099453687668
[hmim]__[Tf2N]__R1234yf__333.21__0.7763,L2,M0,R1234YF,HFO,HMIM,TF2N,333.21,0.7763,0.2355,0.1388773113489151,0.024661026252321163,0.09662268865108489,0.17423436045646667,0.17423436045646667,0.1510816365480423,0.1510816365480423,0.13294363021850586,0.13294363021850586,0.10994073748588562,0.10994073748588562,0.12618619203567505,0.12618619203567505
[hmim]__[Tf2N]__R1234yf__343.11__0.176,L2,M0,R1234YF,HFO,HMIM,TF2N,343.11,0.176,0.0422,0.05114797130227089,0.008732223330194468,0.008947971302270888,0.05061420798301697,0.05061420798301697,0.04814356565475464,0.04814356565475464,0.056457359343767166,0.056457359343767166,0.038731157779693604,0.038731157779693604,0.06179356575012207,0.06179356575012207
[hmim]__[Tf2N]__R1234yf__343.1__0.3531,L2,M0,R1234YF,HFO,HMIM,TF2N,343.1,0.3531,0.0869,0.07112785875797271,0.006611609264428715,0.01577214124202729,0.07490182667970657,0.07490182667970657,0.06662634760141373,0.06662634760141373,0.07588688284158707,0.07588688284158707,0.06171035021543503,0.06171035021543503,0.07651388645172119,0.07651388645172119
[hmim]__[Tf2N]__R1234yf__343.19__0.5069,L2,M0,R1234YF,HFO,HMIM,TF2N,343.19,0.5069,0.1265,0.08735373467206956,0.01033605651893054,0.039146265327930446,0.10157789289951324,0.10157789289951324,0.08746650069952011,0.08746650069952011,0.08703376352787018,0.08703376352787018,0.07238733768463135,0.07238733768463135,0.08830317854881287,0.08830317854881287
[hmim]__[Tf2N]__R1234yf__343.21__0.6585,L2,M0,R1234YF,HFO,HMIM,TF2N,343.21,0.6585,0.1648,0.10333016663789749,0.016022446479829335,0.061469833362102516,0.1271294355392456,0.1271294355392456,0.10776136815547943,0.10776136815547943,0.09959912300109863,0.09959912300109863,0.08311795443296432,0.08311795443296432,0.09904295206069946,0.09904295206069946
[hmim]__[Tf2N]__R1234yf__343.19__0.8529,L2,M0,R1234YF,HFO,HMIM,TF2N,343.19,0.8529,0.2119,0.128689144551754,0.020361146265852184,0.083210855448246,0.15931938588619232,0.15931938588619232,0.1387283354997635,0.1387283354997635,0.12120841443538666,0.12120841443538666,0.10958463698625565,0.10958463698625565,0.11460494995117188,0.11460494995117188
[hmim]__[Tf2N]__R1234yf__353.11__0.1899,L2,M0,R1234YF,HFO,HMIM,TF2N,353.11,0.1899,0.0376,0.04697951599955559,0.008589256381587454,0.009379515999555589,0.04589879512786865,0.04589879512786865,0.04353400319814682,0.04353400319814682,0.05196351557970047,0.05196351557970047,0.035412274301052094,0.035412274301052094,0.0580889917910099,0.0580889917910099
[hmim]__[Tf2N]__R1234yf__353.11__0.3811,L2,M0,R1234YF,HFO,HMIM,TF2N,353.11,0.3811,0.0757,0.06510985642671585,0.006027632129788682,0.010590143573284153,0.06875725090503693,0.06875725090503693,0.05916711688041687,0.05916711688041687,0.06821837276220322,0.06821837276220322,0.058118581771850586,0.058118581771850586,0.07128795981407166,0.07128795981407166
[hmim]__[Tf2N]__R1234yf__353.19__0.5472,L2,M0,R1234YF,HFO,HMIM,TF2N,353.19,0.5472,0.1121,0.07948222309350968,0.008394832115493972,0.03261777690649033,0.09196092188358307,0.09196092188358307,0.07858056575059891,0.07858056575059891,0.07722198218107224,0.07722198218107224,0.06862495839595795,0.06862495839595795,0.08102268725633621,0.08102268725633621
[hmim]__[Tf2N]__R1234yf__353.21__0.7125,L2,M0,R1234YF,HFO,HMIM,TF2N,353.21,0.7125,0.1476,0.09461137652397156,0.012495943419770103,0.05298862347602845,0.1153654158115387,0.1153654158115387,0.09629955887794495,0.09629955887794495,0.08836038410663605,0.08836038410663605,0.0832860991358757,0.0832860991358757,0.0897454246878624,0.0897454246878624
[hmim]__[Tf2N]__R1234yf__353.21__0.9251,L2,M0,R1234YF,HFO,HMIM,TF2N,353.21,0.9251,0.1904,0.1194630354642868,0.017044760897670812,0.07093696453571322,0.14615470170974731,0.14615470170974731,0.12663577497005463,0.12663577497005463,0.11040328443050385,0.11040328443050385,0.10912077128887177,0.10912077128887177,0.10500064492225647,0.10500064492225647
[hmim]__[Tf2N]__R1234ze(E)__293.12__0.0497,L2,M0,R1234ZE(E),HFO,HMIM,TF2N,293.12,0.0497,0.0565,0.08835950940847397,0.018262270469525464,0.031859509408473964,0.11890022456645966,0.11890022456645966,0.08668804913759232,0.08668804913759232,0.08446434140205383,0.08446434140205383,0.06989382952451706,0.06989382952451706,0.08185110241174698,0.08185110241174698
[hmim]__[Tf2N]__R1234ze(E)__292.98__0.1065,L2,M0,R1234ZE(E),HFO,HMIM,TF2N,292.98,0.1065,0.1263,0.13087003529071808,0.03283334062193923,0.0045700352907180886,0.18337465822696686,0.18337465822696686,0.13572801649570465,0.13572801649570465,0.1219753697514534,0.1219753697514534,0.094844289124012,0.094844289124012,0.11842784285545349,0.11842784285545349
[hmim]__[Tf2N]__R1234ze(E)__293.1__0.1609,L2,M0,R1234ZE(E),HFO,HMIM,TF2N,293.1,0.1609,0.2017,0.17241961807012557,0.05147822692766847,0.02928038192987442,0.25487416982650757,0.25487416982650757,0.1847924441099167,0.1847924441099167,0.15105515718460083,0.15105515718460083,0.11998225003480911,0.11998225003480911,0.1513940691947937,0.1513940691947937
[hmim]__[Tf2N]__R1234ze(E)__293.1__0.2212,L2,M0,R1234ZE(E),HFO,HMIM,TF2N,293.1,0.2211999999999999,0.2816,0.21966973543167115,0.07335564552204966,0.06193026456832887,0.3381253778934479,0.3381253778934479,0.23957611620426178,0.23957611620426178,0.18155646324157715,0.18155646324157715,0.1519574075937271,0.1519574075937271,0.1871333122253418,0.1871333122253418
[hmim]__[Tf2N]__R1234ze(E)__293.1__0.2579,L2,M0,R1234ZE(E),HFO,HMIM,TF2N,293.1,0.2578999999999999,0.3312,0.24582250118255616,0.08590910100336081,0.08537749881744383,0.384137898683548,0.384137898683548,0.2718214988708496,0.2718214988708496,0.19879260659217834,0.19879260659217834,0.1695059835910797,0.1695059835910797,0.20485451817512512,0.20485451817512512
[hmim]__[Tf2N]__R1234ze(E)__303.15__0.0608,L2,M0,R1234ZE(E),HFO,HMIM,TF2N,303.15,0.0608,0.0498,0.08850543797016144,0.016402879696608676,0.038705437970161446,0.115243099629879,0.115243099629879,0.08583586663007736,0.08583586663007736,0.08518800139427185,0.08518800139427185,0.07013359665870667,0.07013359665870667,0.08612662553787231,0.08612662553787231
[hmim]__[Tf2N]__R1234ze(E)__303.13__0.1311,L2,M0,R1234ZE(E),HFO,HMIM,TF2N,303.13,0.1311,0.1135,0.12681999653577805,0.028241575747527763,0.013319996535778048,0.17265862226486206,0.17265862226486206,0.1281808465719223,0.1281808465719223,0.12008728086948395,0.12008728086948395,0.09602238237857819,0.09602238237857819,0.11715085059404373,0.11715085059404373
[hmim]__[Tf2N]__R1234ze(E)__303.34__0.2012,L2,M0,R1234ZE(E),HFO,HMIM,TF2N,303.34,0.2012,0.1833,0.16516013890504838,0.04401456679159929,0.01813986109495161,0.2356448918581009,0.2356448918581009,0.17429772019386292,0.17429772019386292,0.14977937936782837,0.14977937936782837,0.11894192546606064,0.11894192546606064,0.14713677763938904,0.14713677763938904
[hmim]__[Tf2N]__R1234ze(E)__303.23__0.2755,L2,M0,R1234ZE(E),HFO,HMIM,TF2N,303.23,0.2755,0.2609,0.2060563862323761,0.0653113647483776,0.05484361376762392,0.3111580014228821,0.3111580014228821,0.22304309904575348,0.22304309904575348,0.17692725360393524,0.17692725360393524,0.14287069439888,0.14287069439888,0.1762828826904297,0.1762828826904297
[hmim]__[Tf2N]__R1234ze(E)__303.15__0.3255,L2,M0,R1234ZE(E),HFO,HMIM,TF2N,303.15,0.3255,0.308,0.2275110214948654,0.07713176032071849,0.08048897850513459,0.3510384261608124,0.3510384261608124,0.25100475549697876,0.25100475549697876,0.18934869766235352,0.18934869766235352,0.15569232404232025,0.15569232404232025,0.19047090411186218,0.19047090411186218
[hmim]__[Tf2N]__R1234ze(E)__313.15__0.0727,L2,M0,R1234ZE(E),HFO,HMIM,TF2N,313.15,0.0727,0.0429,0.0883418709039688,0.01609392951295329,0.045441870903968805,0.11395655572414398,0.11395655572414398,0.08565045148134232,0.08565045148134232,0.0850062295794487,0.0850062295794487,0.06933560967445374,0.06933560967445374,0.08776050806045532,0.08776050806045532
[hmim]__[Tf2N]__R1234ze(E)__313.11__0.1571,L2,M0,R1234ZE(E),HFO,HMIM,TF2N,313.11,0.1571,0.1002,0.12164845466613769,0.025243238168626534,0.021448454666137692,0.16347190737724304,0.16347190737724304,0.1210450828075409,0.1210450828075409,0.11496715247631073,0.11496715247631073,0.09548480808734894,0.09548480808734894,0.11327332258224487,0.11327332258224487
[hmim]__[Tf2N]__R1234ze(E)__313.09__0.2414,L2,M0,R1234ZE(E),HFO,HMIM,TF2N,313.09,0.2414,0.1652,0.15663741976022721,0.03995889670991485,0.008562580239772799,0.22137029469013214,0.22137029469013214,0.16425959765911102,0.16425959765911102,0.14163348078727722,0.14163348078727722,0.1163705363869667,0.1163705363869667,0.13955318927764893,0.13955318927764893
[hmim]__[Tf2N]__R1234ze(E)__313.22__0.3352,L2,M0,R1234ZE(E),HFO,HMIM,TF2N,313.22,0.3352,0.2376,0.18837488889694215,0.056076202695543906,0.049225111103057856,0.2779654264450073,0.2779654264450073,0.20544154942035675,0.20544154942035675,0.16233748197555542,0.16233748197555542,0.1351672261953354,0.1351672261953354,0.1609627604484558,0.1609627604484558
[hmim]__[Tf2N]__R1234ze(E)__313.17__0.3983,L2,M0,R1234ZE(E),HFO,HMIM,TF2N,313.17,0.3983,0.2822,0.20478355288505554,0.06583362947920562,0.07741644711494447,0.3099517822265625,0.3099517822265625,0.2258368283510208,0.2258368283510208,0.172122061252594,0.172122061252594,0.1440543681383133,0.1440543681383133,0.1719527244567871,0.1719527244567871
[hmim]__[Tf2N]__R1234ze(E)__323.19__0.0852,L2,M0,R1234ZE(E),HFO,HMIM,TF2N,323.19,0.0852,0.038,0.08434364795684815,0.015178017153861793,0.04634364795684815,0.10748916864395142,0.10748916864395142,0.08248927444219589,0.08248927444219589,0.0828472301363945,0.0828472301363945,0.06484992802143097,0.06484992802143097,0.08404263854026794,0.08404263854026794
[hmim]__[Tf2N]__R1234ze(E)__324.14__0.1835,L2,M0,R1234ZE(E),HFO,HMIM,TF2N,324.14,0.1835,0.0876,0.11390593498945237,0.02303265082046272,0.02630593498945237,0.15174061059951782,0.15174061059951782,0.11368684470653534,0.11368684470653534,0.10770392417907715,0.10770392417907715,0.08929324895143509,0.08929324895143509,0.10710504651069641,0.10710504651069641
[hmim]__[Tf2N]__R1234ze(E)__323.09__0.2839,L2,M0,R1234ZE(E),HFO,HMIM,TF2N,323.09,0.2839,0.1463,0.14602410048246384,0.036370880787904694,0.0002758995175361767,0.2056506872177124,0.2056506872177124,0.15215939283370972,0.15215939283370972,0.13067173957824707,0.13067173957824707,0.1110178753733635,0.1110178753733635,0.1306208074092865,0.1306208074092865
[hmim]__[Tf2N]__R1234ze(E)__323.21__0.3972,L2,M0,R1234ZE(E),HFO,HMIM,TF2N,323.21,0.3972,0.2133,0.16933625787496567,0.04840334817287931,0.043963742125034316,0.24684840440750122,0.24684840440750122,0.1843578815460205,0.1843578815460205,0.1447981745004654,0.1447981745004654,0.1247570589184761,0.1247570589184761,0.1459197700023651,0.1459197700023651
[hmim]__[Tf2N]__R1234ze(E)__323.18__0.4742,L2,M0,R1234ZE(E),HFO,HMIM,TF2N,323.18,0.4742,0.2548,0.18416809737682344,0.05717704874389743,0.07063190262317659,0.27593129873275757,0.27593129873275757,0.20201413333415985,0.20201413333415985,0.15453585982322693,0.15453585982322693,0.13274142146110535,0.13274142146110535,0.15561777353286743,0.15561777353286743
[hmim]__[Tf2N]__R1234ze(E)__333.2__0.0977,L2,M0,R1234ZE(E),HFO,HMIM,TF2N,333.2,0.0977,0.0334,0.07866484969854355,0.014330605282396193,0.04526484969854355,0.09923175722360611,0.09923175722360611,0.0773729532957077,0.0773729532957077,0.07857850193977356,0.07857850193977356,0.05875818431377411,0.05875818431377411,0.07938285171985626,0.07938285171985626
[hmim]__[Tf2N]__R1234ze(E)__333.17__0.2102,L2,M0,R1234ZE(E),HFO,HMIM,TF2N,333.17,0.2102,0.0745,0.10798353999853134,0.021205721509334613,0.03348353999853135,0.14244669675827026,0.14244669675827026,0.10711293667554855,0.10711293667554855,0.10250271111726761,0.10250271111726761,0.08430766314268112,0.08430766314268112,0.10354769229888916,0.10354769229888916
[hmim]__[Tf2N]__R1234ze(E)__333.11__0.3263,L2,M0,R1234ZE(E),HFO,HMIM,TF2N,333.11,0.3263,0.1279,0.13355341404676438,0.031270428722119145,0.005653414046764366,0.18518120050430298,0.18518120050430298,0.1374516785144806,0.1374516785144806,0.11999350786209106,0.11999350786209106,0.10345210880041122,0.10345210880041122,0.12168857455253601,0.12168857455253601
[hmim]__[Tf2N]__R1234ze(E)__333.21__0.4586,L2,M0,R1234ZE(E),HFO,HMIM,TF2N,333.21,0.4586,0.1895,0.15323812663555145,0.041728031177306224,0.036261873364448555,0.22105778753757477,0.22105778753757477,0.16419796645641327,0.16419796645641327,0.13032782077789307,0.13032782077789307,0.11636696755886078,0.11636696755886078,0.13424009084701538,0.13424009084701538
[hmim]__[Tf2N]__R1234ze(E)__333.2__0.55,L2,M0,R1234ZE(E),HFO,HMIM,TF2N,333.2,0.55,0.2273,0.16706013530492783,0.05024051997540589,0.06023986469507217,0.24857637286186218,0.24857637286186218,0.18156439065933228,0.18156439065933228,0.1386999487876892,0.1386999487876892,0.12463026493787766,0.12463026493787766,0.1418296992778778,0.1418296992778778
[hmim]__[Tf2N]__R1234ze(E)__343.2__0.1099,L2,M0,R1234ZE(E),HFO,HMIM,TF2N,343.2,0.1099,0.0274,0.07241751626133919,0.013922705121323965,0.04501751626133919,0.09049499779939651,0.09049499779939651,0.07177440077066422,0.07177440077066422,0.0732213482260704,0.0732213482260704,0.0514410175383091,0.0514410175383091,0.0751558169722557,0.0751558169722557
[hmim]__[Tf2N]__R1234ze(E)__343.18__0.2359,L2,M0,R1234ZE(E),HFO,HMIM,TF2N,343.18,0.2359,0.0629,0.09953452497720719,0.01880324330158598,0.03663452497720719,0.1299608051776886,0.1299608051776886,0.0967920646071434,0.0967920646071434,0.09471581876277924,0.09471581876277924,0.07819385081529617,0.07819385081529617,0.09801008552312851,0.09801008552312851
[hmim]__[Tf2N]__R1234ze(E)__343.11__0.3663,L2,M0,R1234ZE(E),HFO,HMIM,TF2N,343.11,0.3663,0.1114,0.12049758583307266,0.025570831778242445,0.009097585833072658,0.16349788010120392,0.16349788010120392,0.1215694323182106,0.1215694323182106,0.10796084254980087,0.10796084254980087,0.09728391468524933,0.09728391468524933,0.11217585951089859,0.11217585951089859
[hmim]__[Tf2N]__R1234ze(E)__343.22__0.5186,L2,M0,R1234ZE(E),HFO,HMIM,TF2N,343.22,0.5186000000000001,0.1666,0.13887868374586104,0.03613326787867898,0.027721316254138956,0.19859912991523743,0.19859912991523743,0.14612489938735962,0.14612489938735962,0.11674042791128159,0.11674042791128159,0.10909842699766159,0.10909842699766159,0.12383053451776505,0.12383053451776505
[hmim]__[Tf2N]__R1234ze(E)__343.21__0.6234,L2,M0,R1234ZE(E),HFO,HMIM,TF2N,343.21,0.6234,0.201,0.15229631662368776,0.04395562440918389,0.04870368337631226,0.22469982504844666,0.22469982504844666,0.16314765810966492,0.16314765810966492,0.12505438923835754,0.12505438923835754,0.11892694234848022,0.11892694234848022,0.12965276837348938,0.12965276837348938
[hmim]__[Tf2N]__R1234ze(E)__353.21__0.1221,L2,M0,R1234ZE(E),HFO,HMIM,TF2N,353.21,0.1221,0.0228,0.06621281877160072,0.012891861084215701,0.04341281877160072,0.08157527446746826,0.08157527446746826,0.06499304622411728,0.06499304622411728,0.06789599359035492,0.06789599359035492,0.04606785252690315,0.04606785252690315,0.07053192704916,0.07053192704916
[hmim]__[Tf2N]__R1234ze(E)__353.21__0.2612,L2,M0,R1234ZE(E),HFO,HMIM,TF2N,353.21,0.2612,0.0535,0.09051872342824936,0.015901546353081376,0.03701872342824936,0.11591027677059174,0.11591027677059174,0.08701059967279434,0.08701059967279434,0.08615447580814362,0.08615447580814362,0.07222259044647217,0.07222259044647217,0.09129567444324493,0.09129567444324493
[hmim]__[Tf2N]__R1234ze(E)__353.14__0.4066,L2,M0,R1234ZE(E),HFO,HMIM,TF2N,353.14,0.4066,0.0952,0.10855571180582047,0.021561311062021162,0.013355711805820458,0.14518481492996216,0.14518481492996216,0.10761642456054688,0.10761642456054688,0.09620372205972672,0.09620372205972672,0.0901012122631073,0.0901012122631073,0.10367238521575928,0.10367238521575928
[hmim]__[Tf2N]__R1234ze(E)__353.22__0.5758,L2,M0,R1234ZE(E),HFO,HMIM,TF2N,353.22,0.5758,0.1457,0.1262710437178612,0.031349248195507266,0.01942895628213881,0.1789371371269226,0.1789371371269226,0.13057111203670502,0.13057111203670502,0.10545714199542999,0.10545714199542999,0.10308697819709778,0.10308697819709778,0.11330284923315048,0.11330284923315048
[hmim]__[Tf2N]__R1234ze(E)__353.23__0.6937,L2,M0,R1234ZE(E),HFO,HMIM,TF2N,353.23,0.6937000000000001,0.1766,0.14026860892772675,0.03841457963407011,0.03633139107227326,0.20444267988204956,0.20444267988204956,0.14771011471748352,0.14771011471748352,0.11295172572135925,0.11295172572135925,0.11721563339233398,0.11721563339233398,0.11902289092540741,0.11902289092540741
[hmim]__[Tf2N]__R1233zd(E)__303.24__0.009,L2,M0,R1233ZD(E),HCFO,HMIM,TF2N,303.24,0.009,0.014,0.08579521924257279,0.005730284277137037,0.07179521924257279,0.09058103710412979,0.09058103710412979,0.08216170966625214,0.08216170966625214,0.09062716364860535,0.09062716364860535,0.0776076689362526,0.0776076689362526,0.08799851685762405,0.08799851685762405
[hmim]__[Tf2N]__R1233zd(E)__303.16__0.02,L2,M0,R1233ZD(E),HCFO,HMIM,TF2N,303.16,0.02,0.027,0.09306353479623794,0.006665653509351896,0.06606353479623794,0.09872958064079285,0.09872958064079285,0.090732641518116,0.090732641518116,0.0983254611492157,0.0983254611492157,0.08261910825967789,0.08261910825967789,0.0949108824133873,0.0949108824133873
[hmim]__[Tf2N]__R1233zd(E)__303.15__0.032,L2,M0,R1233ZD(E),HCFO,HMIM,TF2N,303.15,0.032,0.045,0.10104344189167022,0.00803792266365312,0.05604344189167022,0.10808347165584564,0.10808347165584564,0.10021714121103287,0.10021714121103287,0.1064724326133728,0.1064724326133728,0.08777434378862381,0.08777434378862381,0.10266982018947601,0.10266982018947601
[hmim]__[Tf2N]__R1233zd(E)__303.33__0.048,L2,M0,R1233ZD(E),HCFO,HMIM,TF2N,303.33,0.048,0.068,0.11168134808540345,0.01042579672292924,0.04368134808540344,0.1214030534029007,0.1214030534029007,0.11271320283412933,0.11271320283412933,0.11732442677021027,0.11732442677021027,0.094184011220932,0.094184011220932,0.11278204619884491,0.11278204619884491
[hmim]__[Tf2N]__R1233zd(E)__303.12__0.064,L2,M0,R1233ZD(E),HCFO,HMIM,TF2N,303.12,0.064,0.092,0.12256691604852676,0.013243419573157727,0.030566916048526765,0.1358458399772644,0.1358458399772644,0.12493282556533813,0.12493282556533813,0.12851482629776,0.12851482629776,0.10056509077548981,0.10056509077548981,0.12297599762678146,0.12297599762678146
[hmim]__[Tf2N]__R1233zd(E)__303.23__0.081,L2,M0,R1233ZD(E),HCFO,HMIM,TF2N,303.23,0.081,0.113,0.1334412544965744,0.016082580905860462,0.0204412544965744,0.15017887949943542,0.15017887949943542,0.13731451332569122,0.13731451332569122,0.13968785107135773,0.13968785107135773,0.10697861015796661,0.10697861015796661,0.13304641842842102,0.13304641842842102
[hmim]__[Tf2N]__R1233zd(E)__313.15__0.01,L2,M0,R1233ZD(E),HCFO,HMIM,TF2N,313.15,0.01,0.014,0.08164545148611069,0.007226580193345726,0.06764545148611069,0.08533308655023575,0.08533308655023575,0.07727037370204926,0.07727037370204926,0.08763088285923004,0.08763088285923004,0.07104994356632233,0.07104994356632233,0.08694297075271606,0.08694297075271606
[hmim]__[Tf2N]__R1233zd(E)__313.13__0.022,L2,M0,R1233ZD(E),HCFO,HMIM,TF2N,313.13,0.022,0.026,0.08865651488304138,0.007972712868883744,0.06265651488304139,0.09384892880916595,0.09384892880916595,0.08526299893856049,0.08526299893856049,0.09436802566051483,0.09436802566051483,0.07609917968511581,0.07609917968511581,0.09370344132184982,0.09370344132184982
[hmim]__[Tf2N]__R1233zd(E)__313.15__0.036,L2,M0,R1233ZD(E),HCFO,HMIM,TF2N,313.15,0.036,0.042,0.09681663662195206,0.009111413685800965,0.054816636621952054,0.1034969910979271,0.1034969910979271,0.09484347701072693,0.09484347701072693,0.10236019641160965,0.10236019641160965,0.08168423920869827,0.08168423920869827,0.10169827938079834,0.10169827938079834
[hmim]__[Tf2N]__R1233zd(E)__313.13__0.053,L2,M0,R1233ZD(E),HCFO,HMIM,TF2N,313.13,0.053,0.065,0.10677938908338547,0.010664475708078462,0.041779389083385465,0.11503902077674866,0.11503902077674866,0.10623049736022949,0.10623049736022949,0.11245892941951752,0.11245892941951752,0.08858437091112137,0.08858437091112137,0.1115841269493103,0.1115841269493103
[hmim]__[Tf2N]__R1233zd(E)__313.15__0.071,L2,M0,R1233ZD(E),HCFO,HMIM,TF2N,313.15,0.071,0.089,0.11709047257900237,0.012539822034698674,0.02809047257900238,0.12756678462028503,0.12756678462028503,0.11773867905139923,0.11773867905139923,0.12306072562932968,0.12306072562932968,0.09556125849485397,0.09556125849485397,0.12152491509914398,0.12152491509914398
[hmim]__[Tf2N]__R1233zd(E)__313.13__0.09,L2,M0,R1233ZD(E),HCFO,HMIM,TF2N,313.13,0.09,0.109,0.1273341506719589,0.014640133671002035,0.018334150671958913,0.14083558320999146,0.14083558320999146,0.12944434583187103,0.12944434583187103,0.13320277631282806,0.13320277631282806,0.10235585272312164,0.10235585272312164,0.13083219528198242,0.13083219528198242
[hmim]__[Tf2N]__R1233zd(E)__323.16__0.012,L2,M0,R1233ZD(E),HCFO,HMIM,TF2N,323.16,0.012,0.012,0.07671459913253784,0.008489521742873834,0.06471459913253784,0.07891946285963058,0.07891946285963058,0.0730210617184639,0.0730210617184639,0.08477821201086044,0.08477821201086044,0.06385771185159683,0.06385771185159683,0.08299654722213745,0.08299654722213745
[hmim]__[Tf2N]__R1233zd(E)__323.15__0.025,L2,M0,R1233ZD(E),HCFO,HMIM,TF2N,323.15,0.025,0.024,0.08379360139369965,0.009127868765947449,0.05979360139369965,0.08766169100999832,0.08766169100999832,0.08102761209011078,0.08102761209011078,0.09130719304084778,0.09130719304084778,0.06906726211309433,0.06906726211309433,0.08990424871444702,0.08990424871444702
[hmim]__[Tf2N]__R1233zd(E)__323.15__0.041,L2,M0,R1233ZD(E),HCFO,HMIM,TF2N,323.15,0.041,0.04,0.09252502173185348,0.010244536581218832,0.05252502173185348,0.09825822710990906,0.09825822710990906,0.09106067568063736,0.09106067568063736,0.09940686821937561,0.09940686821937561,0.07521810382604599,0.07521810382604599,0.09868123382329941,0.09868123382329941
[hmim]__[Tf2N]__R1233zd(E)__323.17__0.06,L2,M0,R1233ZD(E),HCFO,HMIM,TF2N,323.17,0.06,0.062,0.10240304321050644,0.011831408907064302,0.040403043210506445,0.10988098382949829,0.10988098382949829,0.10193809121847153,0.10193809121847153,0.10909421741962433,0.10909421741962433,0.0820394977927208,0.0820394977927208,0.10906242579221725,0.10906242579221725
[hmim]__[Tf2N]__R1233zd(E)__323.15__0.081,L2,M0,R1233ZD(E),HCFO,HMIM,TF2N,323.15,0.081,0.084,0.11230528205633164,0.013536918721163624,0.028305282056331635,0.1223466694355011,0.1223466694355011,0.11342628300189972,0.11342628300189972,0.11808529496192932,0.11808529496192932,0.08876796811819077,0.08876796811819077,0.11890019476413727,0.11890019476413727
[hmim]__[Tf2N]__R1233zd(E)__323.15__0.102,L2,M0,R1233ZD(E),HCFO,HMIM,TF2N,323.15,0.102,0.104,0.12086149007081985,0.014879364486047332,0.016861490070819857,0.13323974609375,0.13323974609375,0.12332962453365326,0.12332962453365326,0.1256873458623886,0.1256873458623886,0.09506476670503616,0.09506476670503616,0.12698596715927124,0.12698596715927124
[hmim]__[Tf2N]__R1233zd(E)__333.16__0.014,L2,M0,R1233ZD(E),HCFO,HMIM,TF2N,333.16,0.014,0.011,0.06964877545833588,0.009396991519212613,0.05864877545833588,0.06999106705188751,0.06999106705188751,0.06682302802801132,0.06682302802801132,0.08013026416301727,0.08013026416301727,0.05556844174861908,0.05556844174861908,0.0757310763001442,0.0757310763001442
[hmim]__[Tf2N]__R1233zd(E)__333.17__0.029,L2,M0,R1233ZD(E),HCFO,HMIM,TF2N,333.17,0.029,0.022,0.0773436687886715,0.01027119323062093,0.055343668788671495,0.07930782437324524,0.07930782437324524,0.07552314549684525,0.07552314549684525,0.08764473348855972,0.08764473348855972,0.06084835156798363,0.06084835156798363,0.08339428901672363,0.08339428901672363
[hmim]__[Tf2N]__R1233zd(E)__333.16__0.047,L2,M0,R1233ZD(E),HCFO,HMIM,TF2N,333.16,0.047,0.037,0.08649655431509018,0.01161807914588053,0.04949655431509018,0.09028847515583038,0.09028847515583038,0.0860423669219017,0.0860423669219017,0.09658437967300415,0.09658437967300415,0.06687162816524506,0.06687162816524506,0.0926959216594696,0.0926959216594696
[hmim]__[Tf2N]__R1233zd(E)__333.17__0.068,L2,M0,R1233ZD(E),HCFO,HMIM,TF2N,333.17,0.068,0.058,0.09617741852998733,0.01309378034374978,0.03817741852998733,0.10215272754430771,0.10215272754430771,0.09699781239032745,0.09699781239032745,0.10541284084320068,0.10541284084320068,0.07340347766876221,0.07340347766876221,0.10292023420333862,0.10292023420333862
[hmim]__[Tf2N]__R1233zd(E)__333.16__0.092,L2,M0,R1233ZD(E),HCFO,HMIM,TF2N,333.16,0.092,0.079,0.10585166662931442,0.014220902060901552,0.026851666629314416,0.11430710554122925,0.11430710554122925,0.10757836699485779,0.10757836699485779,0.1134391576051712,0.1134391576051712,0.08085768669843674,0.08085768669843674,0.11307601630687714,0.11307601630687714
[hmim]__[Tf2N]__R1233zd(E)__333.18__0.115,L2,M0,R1233ZD(E),HCFO,HMIM,TF2N,333.18,0.115,0.098,0.11332371532917022,0.014991595530299846,0.01532371532917022,0.12391717731952667,0.12391717731952667,0.11602888256311417,0.11602888256311417,0.12004914879798889,0.12004914879798889,0.08697553724050522,0.08697553724050522,0.11964783072471619,0.11964783072471619
[hmim]__[Tf2N]__R1233zd(E)__343.16__0.017,L2,M0,R1233ZD(E),HCFO,HMIM,TF2N,343.16,0.017,0.01,0.06128179579973221,0.009606556752426566,0.05128179579973221,0.06020103394985199,0.06020103394985199,0.058680459856987,0.058680459856987,0.07259311527013779,0.07259311527013779,0.04736371338367462,0.04736371338367462,0.06757065653800964,0.06757065653800964
[hmim]__[Tf2N]__R1233zd(E)__343.16__0.033,L2,M0,R1233ZD(E),HCFO,HMIM,TF2N,343.16,0.033,0.02,0.0689457319676876,0.010476578832606435,0.0489457319676876,0.0691598653793335,0.0691598653793335,0.06756379455327988,0.06756379455327988,0.0801323726773262,0.0801323726773262,0.05249625816941261,0.05249625816941261,0.07537636905908585,0.07537636905908585
[hmim]__[Tf2N]__R1233zd(E)__343.16__0.053,L2,M0,R1233ZD(E),HCFO,HMIM,TF2N,343.16,0.053,0.034,0.07832264006137848,0.011972399108532037,0.04432264006137848,0.08026216924190521,0.08026216924190521,0.07840022444725037,0.07840022444725037,0.08939941227436066,0.08939941227436066,0.058337584137916565,0.058337584137916565,0.0852138102054596,0.0852138102054596
[hmim]__[Tf2N]__R1233zd(E)__343.17__0.078,L2,M0,R1233ZD(E),HCFO,HMIM,TF2N,343.17,0.078,0.054,0.08842773586511612,0.013343424571755849,0.034427735865116126,0.09281737357378006,0.09281737357378006,0.08945614099502563,0.08945614099502563,0.09830601513385773,0.09830601513385773,0.06533139944076538,0.06533139944076538,0.0962277501821518,0.0962277501821518
[hmim]__[Tf2N]__R1233zd(E)__343.17__0.104,L2,M0,R1233ZD(E),HCFO,HMIM,TF2N,343.17,0.104,0.074,0.0973678782582283,0.014417813419478427,0.02336787825822831,0.10421750694513321,0.10421750694513321,0.099850594997406,0.099850594997406,0.10555495321750641,0.10555495321750641,0.07190608978271484,0.07190608978271484,0.10531024634838104,0.10531024634838104
[hmim]__[Tf2N]__R1233zd(E)__343.15__0.13,L2,M0,R1233ZD(E),HCFO,HMIM,TF2N,343.15,0.13,0.092,0.10480266809463501,0.01499929558164712,0.012802668094635011,0.11395762860774994,0.11395762860774994,0.10741735994815826,0.10741735994815826,0.11185460537672043,0.11185460537672043,0.07832714915275574,0.07832714915275574,0.11245659738779068,0.11245659738779068
[omim]__[BF4]__R1234yf__283.15__0.0548,L2,M0,R1234YF,HFO,OMIM,BF4,283.15,0.0548,0.0292,0.02253516614437103,0.008775953209276684,0.006664833855628969,0.021542362868785858,0.021542362868785858,0.026442911475896835,0.026442911475896835,0.03211914002895355,0.03211914002895355,0.008480284363031387,0.008480284363031387,0.02409113198518753,0.02409113198518753
[omim]__[BF4]__R1234yf__283.15__0.1023,L2,M0,R1234YF,HFO,OMIM,BF4,283.15,0.1023,0.0541,0.03530662357807159,0.011968179642462795,0.01879337642192841,0.036963097751140594,0.036963097751140594,0.0417155884206295,0.0417155884206295,0.04559961333870888,0.04559961333870888,0.014843150973320007,0.014843150973320007,0.03741166740655899,0.03741166740655899
[omim]__[BF4]__R1234yf__283.15__0.1492,L2,M0,R1234YF,HFO,OMIM,BF4,283.15,0.1492,0.0781,0.04888164475560188,0.015209895585806432,0.02921835524439812,0.0537489615380764,0.0537489615380764,0.06074588745832443,0.06074588745832443,0.05889078974723816,0.05889078974723816,0.02319875732064247,0.02319875732064247,0.04782382771372795,0.04782382771372795
[omim]__[BF4]__R1234yf__283.15__0.1929,L2,M0,R1234YF,HFO,OMIM,BF4,283.15,0.1929,0.1018,0.06241891458630562,0.018329716612932707,0.03938108541369438,0.06835103034973145,0.06835103034973145,0.08094391971826553,0.08094391971826553,0.07143893092870712,0.07143893092870712,0.032955799251794815,0.032955799251794815,0.058404892683029175,0.058404892683029175
[omim]__[BF4]__R1234yf__283.15__0.2337,L2,M0,R1234YF,HFO,OMIM,BF4,283.15,0.2337,0.1292,0.07560970410704612,0.02148270711414887,0.05359029589295389,0.08134535700082779,0.08134535700082779,0.10056830942630768,0.10056830942630768,0.08444970846176147,0.08444970846176147,0.042986202985048294,0.042986202985048294,0.0686989426612854,0.0686989426612854
[omim]__[BF4]__R1234yf__283.15__0.2759,L2,M0,R1234YF,HFO,OMIM,BF4,283.15,0.2759,0.1552,0.08965137973427773,0.02496618813484058,0.06554862026572228,0.09564867615699768,0.09564867615699768,0.12129738926887512,0.12129738926887512,0.09770667552947998,0.09770667552947998,0.05363515391945839,0.05363515391945839,0.07996900379657745,0.07996900379657745
[omim]__[BF4]__R1234yf__283.15__0.3145,L2,M0,R1234YF,HFO,OMIM,BF4,283.15,0.3145,0.1847,0.10305295735597611,0.027181184961743463,0.08164704264402389,0.11078781634569168,0.11078781634569168,0.13919711112976074,0.13919711112976074,0.10941514372825623,0.10941514372825623,0.0659642145037651,0.0659642145037651,0.08990050107240677,0.08990050107240677
[omim]__[BF4]__R1234yf__293.15__0.0576,L2,M0,R1234YF,HFO,OMIM,BF4,293.15,0.0576,0.0264,0.024120552372187375,0.010514795892333648,0.0022794476278126252,0.021516043692827225,0.021516043692827225,0.027391333132982254,0.027391333132982254,0.03533308953046799,0.03533308953046799,0.0074926442466676235,0.0074926442466676235,0.02886965125799179,0.02886965125799179
[omim]__[BF4]__R1234yf__293.15__0.108,L2,M0,R1234YF,HFO,OMIM,BF4,293.15,0.108,0.0474,0.03384780995547772,0.01280681373598497,0.01355219004452228,0.034113213419914246,0.034113213419914246,0.03846536949276924,0.03846536949276924,0.04523424804210663,0.04523424804210663,0.012062689289450645,0.012062689289450645,0.03936352953314781,0.03936352953314781
[omim]__[BF4]__R1234yf__293.15__0.1576,L2,M0,R1234YF,HFO,OMIM,BF4,293.15,0.1576,0.0683,0.0437424723058939,0.015033310589879242,0.0245575276941061,0.04720362275838852,0.04720362275838852,0.05067963898181915,0.05067963898181915,0.05544845387339592,0.05544845387339592,0.017482301220297813,0.017482301220297813,0.047898344695568085,0.047898344695568085
[omim]__[BF4]__R1234yf__293.15__0.2047,L2,M0,R1234YF,HFO,OMIM,BF4,293.15,0.2047,0.0877,0.053902047127485274,0.016992439362938157,0.033797952872514726,0.05802732706069946,0.05802732706069946,0.06466248631477356,0.06466248631477356,0.0667797178030014,0.0667797178030014,0.024675488471984863,0.024675488471984863,0.05536521598696709,0.05536521598696709
[omim]__[BF4]__R1234yf__293.15__0.2497,L2,M0,R1234YF,HFO,OMIM,BF4,293.15,0.2497,0.1075,0.06429163143038749,0.019261705431592443,0.04320836856961251,0.06846541911363602,0.06846541911363602,0.08060847222805023,0.08060847222805023,0.07714826613664627,0.07714826613664627,0.03214091435074806,0.03214091435074806,0.0630950853228569,0.0630950853228569
[omim]__[BF4]__R1234yf__293.15__0.2958,L2,M0,R1234YF,HFO,OMIM,BF4,293.15,0.2958,0.1279,0.07540636733174325,0.021862545798584643,0.05249363266825677,0.07954354584217072,0.07954354584217072,0.09711484611034393,0.09711484611034393,0.08801624178886414,0.08801624178886414,0.03997541591525078,0.03997541591525078,0.07238178700208664,0.07238178700208664
[omim]__[BF4]__R1234yf__293.15__0.3393,L2,M0,R1234YF,HFO,OMIM,BF4,293.15,0.3393,0.149,0.08625721633434295,0.023604204368791428,0.06274278366565704,0.09072186797857285,0.09072186797857285,0.11262619495391846,0.11262619495391846,0.09789616614580154,0.09789616614580154,0.049594447016716,0.049594447016716,0.08044740557670593,0.08044740557670593
[omim]__[BF4]__R1234yf__303.15__0.0608,L2,M0,R1234YF,HFO,OMIM,BF4,303.15,0.0608,0.0223,0.025992387533187868,0.011420649763212316,0.0036923875331878672,0.022841155529022217,0.022841155529022217,0.030117148533463478,0.030117148533463478,0.03766249120235443,0.03766249120235443,0.00786677934229374,0.00786677934229374,0.031474363058805466,0.031474363058805466
[omim]__[BF4]__R1234yf__303.15__0.1143,L2,M0,R1234YF,HFO,OMIM,BF4,303.15,0.1143,0.039,0.03393145352602005,0.013536358318869462,0.005068546473979953,0.03314599767327309,0.03314599767327309,0.03847562521696091,0.03847562521696091,0.04689094051718712,0.04689094051718712,0.01136024296283722,0.01136024296283722,0.03978446125984192,0.03978446125984192
[omim]__[BF4]__R1234yf__303.15__0.1671,L2,M0,R1234YF,HFO,OMIM,BF4,303.15,0.1671,0.0556,0.04139768127351999,0.015424307615448609,0.014202318726480007,0.04290658235549927,0.04290658235549927,0.04558157920837402,0.04558157920837402,0.056183017790317535,0.056183017790317535,0.01529084611684084,0.01529084611684084,0.0470263808965683,0.0470263808965683
[omim]__[BF4]__R1234yf__303.15__0.2171,L2,M0,R1234YF,HFO,OMIM,BF4,303.15,0.2171,0.0717,0.04875399470329285,0.016759634997148658,0.02294600529670715,0.05093628913164139,0.05093628913164139,0.05526626855134964,0.05526626855134964,0.06438510119915009,0.06438510119915009,0.020217876881361008,0.020217876881361008,0.05296443775296211,0.05296443775296211
[omim]__[BF4]__R1234yf__303.15__0.2652,L2,M0,R1234YF,HFO,OMIM,BF4,303.15,0.2652,0.0882,0.05622345209121704,0.0181515366987688,0.03197654790878296,0.05826988443732262,0.05826988443732262,0.06539105623960495,0.06539105623960495,0.07326219975948334,0.07326219975948334,0.025661557912826538,0.025661557912826538,0.05853256210684776,0.05853256210684776
[omim]__[BF4]__R1234yf__303.15__0.3149,L2,M0,R1234YF,HFO,OMIM,BF4,303.15,0.3149,0.1041,0.06469772085547447,0.020365972847385404,0.03940227914452553,0.06755553930997849,0.06755553930997849,0.07817816734313965,0.07817816734313965,0.08205483853816986,0.08205483853816986,0.030526015907526016,0.030526015907526016,0.06517404317855835,0.06517404317855835
[omim]__[BF4]__R1234yf__303.15__0.3617,L2,M0,R1234YF,HFO,OMIM,BF4,303.15,0.3617,0.1203,0.07324996441602707,0.021909113240749817,0.04705003558397293,0.0758490264415741,0.0758490264415741,0.09146252274513245,0.09146252274513245,0.0894552692770958,0.0894552692770958,0.036939166486263275,0.036939166486263275,0.07254383713006973,0.07254383713006973
[omim]__[BF4]__R1234yf__313.15__0.0637,L2,M0,R1234YF,HFO,OMIM,BF4,313.15,0.0637,0.0193,0.026212739013135433,0.011863211198948313,0.006912739013135431,0.023547135293483734,0.023547135293483734,0.03102581761777401,0.03102581761777401,0.0380895771086216,0.0380895771086216,0.0070912474766373634,0.0070912474766373634,0.03130991756916046,0.03130991756916046
[omim]__[BF4]__R1234yf__313.15__0.12,L2,M0,R1234YF,HFO,OMIM,BF4,313.15,0.12,0.0329,0.03289362341165543,0.013440657090630083,6.376588344569889e-06,0.03227837383747101,0.03227837383747101,0.03737322613596916,0.03737322613596916,0.04644625261425972,0.04644625261425972,0.010642416775226593,0.010642416775226593,0.03772784769535065,0.03772784769535065
[omim]__[BF4]__R1234yf__313.15__0.1754,L2,M0,R1234YF,HFO,OMIM,BF4,313.15,0.1754,0.0472,0.03885477483272552,0.015263091209037273,0.008345225167274477,0.03965287655591965,0.03965287655591965,0.04276196286082268,0.04276196286082268,0.05487060546875,0.05487060546875,0.013581879436969757,0.013581879436969757,0.04340654984116554,0.04340654984116554
[omim]__[BF4]__R1234yf__313.15__0.2283,L2,M0,R1234YF,HFO,OMIM,BF4,313.15,0.2283,0.0607,0.04465790428221226,0.016365781078433082,0.016042095717787738,0.04605287313461304,0.04605287313461304,0.04949234798550606,0.04949234798550606,0.06162214279174805,0.06162214279174805,0.017420118674635887,0.017420118674635887,0.04870203882455826,0.04870203882455826
[omim]__[BF4]__R1234yf__313.15__0.2793,L2,M0,R1234YF,HFO,OMIM,BF4,313.15,0.2793,0.0741,0.05046592727303505,0.01687761145398507,0.023634072726964953,0.05232195556163788,0.05232195556163788,0.05674375966191292,0.05674375966191292,0.06753682345151901,0.06753682345151901,0.02225099503993988,0.02225099503993988,0.05347610265016556,0.05347610265016556
[omim]__[BF4]__R1234yf__313.15__0.3319,L2,M0,R1234YF,HFO,OMIM,BF4,313.15,0.3319,0.0879,0.05655237436294556,0.01792109068747817,0.03134762563705445,0.05906643718481064,0.05906643718481064,0.06451257318258286,0.06451257318258286,0.07417508959770203,0.07417508959770203,0.026539918035268784,0.026539918035268784,0.05846785381436348,0.05846785381436348
[omim]__[BF4]__R1234yf__313.15__0.3823,L2,M0,R1234YF,HFO,OMIM,BF4,313.15,0.3823,0.1017,0.06302639916539192,0.019415037953801874,0.03867360083460808,0.06659775972366333,0.06659775972366333,0.07354988157749176,0.07354988157749176,0.08089546114206314,0.08089546114206314,0.03039921447634697,0.03039921447634697,0.06368967890739441,0.06368967890739441
[omim]__[BF4]__R1234yf__323.15__0.0668,L2,M0,R1234YF,HFO,OMIM,BF4,323.15,0.0668,0.016,0.02450038492679596,0.01123756291530584,0.00850038492679596,0.023377109318971634,0.023377109318971634,0.030268803238868713,0.030268803238868713,0.03404457867145538,0.03404457867145538,0.005598206073045731,0.005598206073045731,0.029213227331638336,0.029213227331638336
[omim]__[BF4]__R1234yf__323.15__0.1256,L2,M0,R1234YF,HFO,OMIM,BF4,323.15,0.1256,0.0276,0.030300259962677954,0.012262058576908166,0.0027002599626779547,0.031027089804410934,0.031027089804410934,0.035812124609947205,0.035812124609947205,0.04092544689774513,0.04092544689774513,0.009309785440564156,0.009309785440564156,0.03442685306072235,0.03442685306072235
[omim]__[BF4]__R1234yf__323.15__0.1838,L2,M0,R1234YF,HFO,OMIM,BF4,323.15,0.1838,0.0395,0.035282726399600506,0.013744890932520001,0.0042172736003994946,0.03628397732973099,0.03628397732973099,0.03987427428364754,0.03987427428364754,0.048748016357421875,0.048748016357421875,0.012139647267758846,0.012139647267758846,0.03936771675944328,0.03936771675944328
[omim]__[BF4]__R1234yf__323.15__0.2393,L2,M0,R1234YF,HFO,OMIM,BF4,323.15,0.2393,0.0509,0.04010472670197487,0.014360492916652342,0.010795273298025133,0.04177602007985115,0.04177602007985115,0.04447833448648453,0.04447833448648453,0.05471029505133629,0.05471029505133629,0.016060348600149155,0.016060348600149155,0.04349863529205322,0.04349863529205322
[omim]__[BF4]__R1234yf__323.15__0.2928,L2,M0,R1234YF,HFO,OMIM,BF4,323.15,0.2928,0.0625,0.04513477571308613,0.014897101045255106,0.017365224286913873,0.04723513871431351,0.04723513871431351,0.05063348636031151,0.05063348636031151,0.05989629775285721,0.05989629775285721,0.020077401772141457,0.020077401772141457,0.04783155396580696,0.04783155396580696
[omim]__[BF4]__R1234yf__323.15__0.3483,L2,M0,R1234YF,HFO,OMIM,BF4,323.15,0.3483,0.0742,0.050210992246866225,0.015846365182097078,0.023989007753133777,0.053552333265542984,0.053552333265542984,0.05678652226924896,0.05678652226924896,0.06508778780698776,0.06508778780698776,0.023299597203731537,0.023299597203731537,0.052328720688819885,0.052328720688819885
[omim]__[BF4]__R1234yf__323.15__0.4014,L2,M0,R1234YF,HFO,OMIM,BF4,323.15,0.4014,0.0859,0.05508192852139473,0.016267383838234624,0.030818071478605276,0.05888783186674118,0.05888783186674118,0.06289289146661758,0.06289289146661758,0.06972715258598328,0.06972715258598328,0.02739609405398369,0.02739609405398369,0.05650567263364792,0.05650567263364792
[omim]__[BF4]__R1234yf__333.15__0.0697,L2,M0,R1234YF,HFO,OMIM,BF4,333.15,0.0697,0.0134,0.0215793889015913,0.010624178720783162,0.008179388901591299,0.02117762714624405,0.02117762714624405,0.027850855141878128,0.027850855141878128,0.02903597801923752,0.02903597801923752,0.003348955884575844,0.003348955884575844,0.026483528316020966,0.026483528316020966
[omim]__[BF4]__R1234yf__333.15__0.131,L2,M0,R1234YF,HFO,OMIM,BF4,333.15,0.131,0.0235,0.02714909575879574,0.011881128721769683,0.0036490957587957396,0.028715576976537704,0.028715576976537704,0.033790379762649536,0.033790379762649536,0.035834334790706635,0.035834334790706635,0.006455875933170319,0.006455875933170319,0.030949311330914497,0.030949311330914497
[omim]__[BF4]__R1234yf__333.15__0.1916,L2,M0,R1234YF,HFO,OMIM,BF4,333.15,0.1916,0.034,0.031365697272121906,0.012970947110757957,0.002634302727878096,0.03305048495531082,0.03305048495531082,0.03628349304199219,0.03628349304199219,0.0425930991768837,0.0425930991768837,0.009016607888042927,0.009016607888042927,0.0358848012983799,0.0358848012983799
[omim]__[BF4]__R1234yf__333.15__0.2496,L2,M0,R1234YF,HFO,OMIM,BF4,333.15,0.2496,0.0439,0.03570047616958618,0.012928070072792673,0.008199523830413821,0.03742111846804619,0.03742111846804619,0.039864689111709595,0.039864689111709595,0.04798780009150505,0.04798780009150505,0.013727448880672455,0.013727448880672455,0.03950132429599762,0.03950132429599762
[omim]__[BF4]__R1234yf__333.15__0.3056,L2,M0,R1234YF,HFO,OMIM,BF4,333.15,0.3056,0.054,0.04018120840191841,0.013137369853088821,0.013818791598081588,0.042627107352018356,0.042627107352018356,0.044990621507167816,0.044990621507167816,0.052301473915576935,0.052301473915576935,0.01771371439099312,0.01771371439099312,0.04327312484383583,0.04327312484383583
[omim]__[BF4]__R1234yf__333.15__0.3639,L2,M0,R1234YF,HFO,OMIM,BF4,333.15,0.3639,0.0641,0.04453264623880386,0.014183375405595808,0.019567353761196143,0.0479823537170887,0.0479823537170887,0.050972990691661835,0.050972990691661835,0.056477952748537064,0.056477952748537064,0.020009595900774002,0.020009595900774002,0.04722033813595772,0.04722033813595772
[omim]__[BF4]__R1234yf__333.15__0.4196,L2,M0,R1234YF,HFO,OMIM,BF4,333.15,0.4196,0.0743,0.04881518557667732,0.014806069503822092,0.025484814423322684,0.053369008004665375,0.053369008004665375,0.05632322281599045,0.05632322281599045,0.06054706498980522,0.06054706498980522,0.023151274770498276,0.023151274770498276,0.05068535730242729,0.05068535730242729
[omim]__[BF4]__R1234yf__343.15__0.0725,L2,M0,R1234YF,HFO,OMIM,BF4,343.15,0.0725,0.0108,0.01843999680131674,0.010268277007256578,0.007639996801316738,0.018440887331962585,0.018440887331962585,0.024802792817354202,0.024802792817354202,0.024700108915567398,0.024700108915567398,0.0006739338859915733,0.0006739338859915733,0.02358226105570793,0.02358226105570793
[omim]__[BF4]__R1234yf__343.15__0.1361,L2,M0,R1234YF,HFO,OMIM,BF4,343.15,0.1361,0.0201,0.023551088012754916,0.011681681007531043,0.0034510880127549166,0.025823011994361877,0.025823011994361877,0.030797811225056648,0.030797811225056648,0.03035372495651245,0.03035372495651245,0.002966637723147869,0.002966637723147869,0.02781425416469574,0.02781425416469574
[omim]__[BF4]__R1234yf__343.15__0.1993,L2,M0,R1234YF,HFO,OMIM,BF4,343.15,0.1993,0.0291,0.027587673626840115,0.01204722297948328,0.0015123263731598863,0.02956578880548477,0.02956578880548477,0.033385422080755234,0.033385422080755234,0.036215633153915405,0.036215633153915405,0.006462312303483486,0.006462312303483486,0.032309211790561676,0.032309211790561676
[omim]__[BF4]__R1234yf__343.15__0.2598,L2,M0,R1234YF,HFO,OMIM,BF4,343.15,0.2598,0.0375,0.031587956473231316,0.011427623747532503,0.005912043526768683,0.03349369019269943,0.03349369019269943,0.03561990708112717,0.03561990708112717,0.04119688272476196,0.04119688272476196,0.011787725612521172,0.011787725612521172,0.035841576755046844,0.035841576755046844
[omim]__[BF4]__R1234yf__343.15__0.3185,L2,M0,R1234YF,HFO,OMIM,BF4,343.15,0.3185,0.0458,0.03559185694903135,0.011779853379706797,0.010208143050968649,0.0383954793214798,0.0383954793214798,0.039865389466285706,0.039865389466285706,0.0453498475253582,0.0453498475253582,0.015091094188392162,0.015091094188392162,0.0392574742436409,0.0392574742436409
[omim]__[BF4]__R1234yf__343.15__0.3793,L2,M0,R1234YF,HFO,OMIM,BF4,343.15,0.3793,0.0546,0.03966469801962376,0.012712489302266164,0.014935301980376244,0.04334453493356705,0.04334453493356705,0.04561254382133484,0.04561254382133484,0.04928335174918175,0.04928335174918175,0.017396723851561546,0.017396723851561546,0.0426863357424736,0.0426863357424736
[omim]__[BF4]__R1234yf__343.15__0.4379,L2,M0,R1234YF,HFO,OMIM,BF4,343.15,0.4379,0.0628,0.04361297786235809,0.013422271465150314,0.019187022137641903,0.048451125621795654,0.048451125621795654,0.05083096772432327,0.05083096772432327,0.052950549870729446,0.052950549870729446,0.02008867636322975,0.02008867636322975,0.04574356973171234,0.04574356973171234
[omim]__[BF4]__R1234ze(E)__283.15__0.045,L2,M0,R1234ZE(E),HFO,OMIM,BF4,283.15,0.045,0.0595,0.04572108685970307,0.017844535974782014,0.01377891314029693,0.07086677104234695,0.07086677104234695,0.046601373702287674,0.046601373702287674,0.05046005919575691,0.05046005919575691,0.02182595431804657,0.02182595431804657,0.03885127604007721,0.03885127604007721
[omim]__[BF4]__R1234ze(E)__283.15__0.082,L2,M0,R1234ZE(E),HFO,OMIM,BF4,283.15,0.082,0.1144,0.06486842855811119,0.026569436832969123,0.049531571441888814,0.10315807163715363,0.10315807163715363,0.07176244258880615,0.07176244258880615,0.06546109169721603,0.06546109169721603,0.03053411841392517,0.03053411841392517,0.05342641845345497,0.05342641845345497
[omim]__[BF4]__R1234ze(E)__283.15__0.117,L2,M0,R1234ZE(E),HFO,OMIM,BF4,283.15,0.117,0.1692,0.0836131937801838,0.03626624219591407,0.0855868062198162,0.13715240359306335,0.13715240359306335,0.09646987915039062,0.09646987915039062,0.07894261181354523,0.07894261181354523,0.04045422747731209,0.04045422747731209,0.06504684686660767,0.06504684686660767
[omim]__[BF4]__R1234ze(E)__283.15__0.15,L2,M0,R1234ZE(E),HFO,OMIM,BF4,283.15,0.15,0.2204,0.10271018296480179,0.04767989547061289,0.11768981703519822,0.1742437481880188,0.1742437481880188,0.12230078130960464,0.12230078130960464,0.09098660945892334,0.09098660945892334,0.050701797008514404,0.050701797008514404,0.07531797885894775,0.07531797885894775
[omim]__[BF4]__R1234ze(E)__283.15__0.181,L2,M0,R1234ZE(E),HFO,OMIM,BF4,283.15,0.181,0.2689,0.12232427150011063,0.059790196169546846,0.14657572849988934,0.21283122897148132,0.21283122897148132,0.14812201261520386,0.14812201261520386,0.1040908470749855,0.1040908470749855,0.061020947992801666,0.061020947992801666,0.08555632084608078,0.08555632084608078
[omim]__[BF4]__R1234ze(E)__283.15__0.211,L2,M0,R1234ZE(E),HFO,OMIM,BF4,283.15,0.211,0.3176,0.1423697590827942,0.07221664142848039,0.1752302409172058,0.25193023681640625,0.25193023681640625,0.17520451545715332,0.17520451545715332,0.11721710115671158,0.11721710115671158,0.07204832881689072,0.07204832881689072,0.09544861316680908,0.09544861316680908
[omim]__[BF4]__R1234ze(E)__283.15__0.236,L2,M0,R1234ZE(E),HFO,OMIM,BF4,283.15,0.236,0.3614,0.15916649550199508,0.08265028847723556,0.20223350449800492,0.28419485688209534,0.28419485688209534,0.1988484114408493,0.1988484114408493,0.127644345164299,0.127644345164299,0.08129522949457169,0.08129522949457169,0.1038496345281601,0.1038496345281601
[omim]__[BF4]__R1234ze(E)__293.15__0.049,L2,M0,R1234ZE(E),HFO,OMIM,BF4,293.15,0.049,0.0529,0.04396607540547848,0.017584154064872477,0.008933924594521525,0.06511452794075012,0.06511452794075012,0.04383048415184021,0.04383048415184021,0.051476139575242996,0.051476139575242996,0.01693052239716053,0.01693052239716053,0.04247870296239853,0.04247870296239853
[omim]__[BF4]__R1234ze(E)__293.15__0.091,L2,M0,R1234ZE(E),HFO,OMIM,BF4,293.15,0.091,0.0984,0.05919918455183506,0.023693192064989304,0.03920081544816494,0.0915316566824913,0.0915316566824913,0.060813888907432556,0.060813888907432556,0.06264863908290863,0.06264863908290863,0.024907270446419716,0.024907270446419716,0.056094467639923096,0.056094467639923096
[omim]__[BF4]__R1234ze(E)__293.15__0.133,L2,M0,R1234ZE(E),HFO,OMIM,BF4,293.15,0.133,0.1406,0.07405272796750069,0.02987465911078175,0.06654727203249931,0.1169525533914566,0.1169525533914566,0.08034808933734894,0.08034808933734894,0.07368781417608261,0.07368781417608261,0.03386382386088371,0.03386382386088371,0.06541135907173157,0.06541135907173157
[omim]__[BF4]__R1234ze(E)__293.15__0.173,L2,M0,R1234ZE(E),HFO,OMIM,BF4,293.15,0.173,0.183,0.09001679793000221,0.03709057505259039,0.09298320206999779,0.14413145184516907,0.14413145184516907,0.1021508276462555,0.1021508276462555,0.08641928434371948,0.08641928434371948,0.043663140386343,0.043663140386343,0.07371928542852402,0.07371928542852402
[omim]__[BF4]__R1234ze(E)__293.15__0.211,L2,M0,R1234ZE(E),HFO,OMIM,BF4,293.15,0.211,0.223,0.10711986050009728,0.046182117653265985,0.11588013949990272,0.17482046782970428,0.17482046782970428,0.12626945972442627,0.12626945972442627,0.09884671121835709,0.09884671121835709,0.05324622616171837,0.05324622616171837,0.08241643756628036,0.08241643756628036
[omim]__[BF4]__R1234ze(E)__293.15__0.248,L2,M0,R1234ZE(E),HFO,OMIM,BF4,293.15,0.248,0.265,0.1252754032611847,0.05722107229784782,0.13972459673881532,0.20977412164211273,0.20977412164211273,0.15186132490634918,0.15186132490634918,0.10980148613452911,0.10980148613452911,0.06263743340969086,0.06263743340969086,0.09230265021324158,0.09230265021324158
[omim]__[BF4]__R1234ze(E)__293.15__0.281,L2,M0,R1234ZE(E),HFO,OMIM,BF4,293.15,0.281,0.3032,0.1416676789522171,0.06794598271034093,0.16153232104778292,0.24327322840690613,0.24327322840690613,0.17387832701206207,0.17387832701206207,0.11921819299459457,0.11921819299459457,0.071839340031147,0.071839340031147,0.10012930631637573,0.10012930631637573
[omim]__[BF4]__R1234ze(E)__303.15__0.053,L2,M0,R1234ZE(E),HFO,OMIM,BF4,303.15,0.053,0.045,0.044106128998100756,0.01863719565737188,0.0008938710018992421,0.06579587608575821,0.06579587608575821,0.04433551803231239,0.04433551803231239,0.052282001823186874,0.052282001823186874,0.014930942095816135,0.014930942095816135,0.043186306953430176,0.043186306953430176
[omim]__[BF4]__R1234ze(E)__303.15__0.101,L2,M0,R1234ZE(E),HFO,OMIM,BF4,303.15,0.101,0.0805,0.056077835708856584,0.022814672287098003,0.024422164291143418,0.08543780446052551,0.08543780446052551,0.056586842983961105,0.056586842983961105,0.06183396652340889,0.06183396652340889,0.02165108546614647,0.02165108546614647,0.054879479110240936,0.054879479110240936
[omim]__[BF4]__R1234ze(E)__303.15__0.148,L2,M0,R1234ZE(E),HFO,OMIM,BF4,303.15,0.148,0.1153,0.06834058314561844,0.027151955643702777,0.046959416854381555,0.10534824430942535,0.10534824430942535,0.07266552746295929,0.07266552746295929,0.07160264253616333,0.07160264253616333,0.029375024139881134,0.029375024139881134,0.06271147727966309,0.06271147727966309
[omim]__[BF4]__R1234ze(E)__303.15__0.194,L2,M0,R1234ZE(E),HFO,OMIM,BF4,303.15,0.194,0.1502,0.08071347400546074,0.031802076291280915,0.06948652599453926,0.12476703524589539,0.12476703524589539,0.08971868455410004,0.08971868455410004,0.08168873935937881,0.08168873935937881,0.036920156329870224,0.036920156329870224,0.07047275453805923,0.07047275453805923
[omim]__[BF4]__R1234ze(E)__303.15__0.237,L2,M0,R1234ZE(E),HFO,OMIM,BF4,303.15,0.237,0.1835,0.09436438456177712,0.03725881350425078,0.08913561543822288,0.14725564420223236,0.14725564420223236,0.10787563025951385,0.10787563025951385,0.09194599092006683,0.09194599092006683,0.04624772444367409,0.04624772444367409,0.07849693298339844,0.07849693298339844
[omim]__[BF4]__R1234ze(E)__303.15__0.28,L2,M0,R1234ZE(E),HFO,OMIM,BF4,303.15,0.28,0.2189,0.10892184674739838,0.04516316301866685,0.10997815325260163,0.17341536283493042,0.17341536283493042,0.12965817749500275,0.12965817749500275,0.10099531710147858,0.10099531710147858,0.05416576564311981,0.05416576564311981,0.08637461066246033,0.08637461066246033
[omim]__[BF4]__R1234ze(E)__303.15__0.32,L2,M0,R1234ZE(E),HFO,OMIM,BF4,303.15,0.32,0.2513,0.12303804904222489,0.053480279847836855,0.12826195095777515,0.20081143081188202,0.20081143081188202,0.1490197777748108,0.1490197777748108,0.1090201735496521,0.1090201735496521,0.062454380095005035,0.062454380095005035,0.09388448297977448,0.09388448297977448
[omim]__[BF4]__R1234ze(E)__313.15__0.058,L2,M0,R1234ZE(E),HFO,OMIM,BF4,313.15,0.058,0.0368,0.043513018451631066,0.018058906244014995,0.006713018451631067,0.06386758387088776,0.06386758387088776,0.04489676281809807,0.04489676281809807,0.0504743792116642,0.0504743792116642,0.01453483384102583,0.01453483384102583,0.04379153251647949,0.04379153251647949
[omim]__[BF4]__R1234ze(E)__313.15__0.11,L2,M0,R1234ZE(E),HFO,OMIM,BF4,313.15,0.11,0.0658,0.052431520819664,0.021092280741780513,0.013368479180335999,0.0783238410949707,0.0783238410949707,0.05420180410146713,0.05420180410146713,0.05891767516732216,0.05891767516732216,0.01985146477818489,0.01985146477818489,0.05086281895637512,0.05086281895637512
[omim]__[BF4]__R1234ze(E)__313.15__0.161,L2,M0,R1234ZE(E),HFO,OMIM,BF4,313.15,0.161,0.0948,0.061878505349159243,0.023622166662198456,0.03292149465084075,0.09227681159973145,0.09227681159973145,0.06598098576068878,0.06598098576068878,0.06745969504117966,0.06745969504117966,0.026726137846708298,0.026726137846708298,0.05694889649748802,0.05694889649748802
[omim]__[BF4]__R1234ze(E)__313.15__0.212,L2,M0,R1234ZE(E),HFO,OMIM,BF4,313.15,0.212,0.1236,0.07217703908681869,0.026635636993584257,0.05142296091318131,0.10762284696102142,0.10762284696102142,0.08020812273025513,0.08020812273025513,0.07477359473705292,0.07477359473705292,0.034160301089286804,0.034160301089286804,0.0641203299164772,0.0641203299164772
[omim]__[BF4]__R1234ze(E)__313.15__0.26,L2,M0,R1234ZE(E),HFO,OMIM,BF4,313.15,0.26,0.1513,0.08290227800607682,0.03052487470280845,0.06839772199392317,0.12496216595172882,0.12496216595172882,0.09350797533988953,0.09350797533988953,0.08311938494443893,0.08311938494443893,0.041507333517074585,0.041507333517074585,0.0714145302772522,0.0714145302772522
[omim]__[BF4]__R1234ze(E)__313.15__0.309,L2,M0,R1234ZE(E),HFO,OMIM,BF4,313.15,0.309,0.1804,0.09433837682008743,0.03551563219025268,0.08606162317991257,0.1445060670375824,0.1445060670375824,0.10842347145080566,0.10842347145080566,0.0915672779083252,0.0915672779083252,0.04889080673456192,0.04889080673456192,0.07830426096916199,0.07830426096916199
[omim]__[BF4]__R1234ze(E)__313.15__0.354,L2,M0,R1234ZE(E),HFO,OMIM,BF4,313.15,0.354,0.2067,0.10538179278373719,0.041221153471580056,0.1013182072162628,0.16424675285816193,0.16424675285816193,0.12415021657943726,0.12415021657943726,0.09870786964893341,0.09870786964893341,0.05545850098133087,0.05545850098133087,0.08434562385082245,0.08434562385082245
[omim]__[BF4]__R1234ze(E)__323.15__0.062,L2,M0,R1234ZE(E),HFO,OMIM,BF4,323.15,0.062,0.0302,0.041160176135599615,0.01706955712979159,0.010960176135599613,0.06137807294726372,0.06137807294726372,0.04341886192560196,0.04341886192560196,0.045695118606090546,0.045695118606090546,0.014122282154858112,0.014122282154858112,0.04118654504418373,0.04118654504418373
[omim]__[BF4]__R1234ze(E)__323.15__0.118,L2,M0,R1234ZE(E),HFO,OMIM,BF4,323.15,0.118,0.0544,0.04832921400666237,0.0189663159166136,0.00607078599333763,0.07190650701522827,0.07190650701522827,0.050673872232437134,0.050673872232437134,0.05311743915081024,0.05311743915081024,0.019135523587465286,0.019135523587465286,0.04681272804737091,0.04681272804737091
[omim]__[BF4]__R1234ze(E)__323.15__0.173,L2,M0,R1234ZE(E),HFO,OMIM,BF4,323.15,0.173,0.0784,0.05562954992055893,0.020598926143297166,0.02277045007944107,0.08224650472402573,0.08224650472402573,0.05901305750012398,0.05901305750012398,0.060030918568372726,0.060030918568372726,0.024896495044231415,0.024896495044231415,0.0519607737660408,0.0519607737660408
[omim]__[BF4]__R1234ze(E)__323.15__0.227,L2,M0,R1234ZE(E),HFO,OMIM,BF4,323.15,0.227,0.1025,0.06404434144496918,0.022696578878183903,0.03845565855503082,0.09362883120775223,0.09362883120775223,0.07133855670690536,0.07133855670690536,0.06632842123508453,0.06632842123508453,0.031046312302350998,0.031046312302350998,0.05787958577275276,0.05787958577275276
[omim]__[BF4]__R1234ze(E)__323.15__0.279,L2,M0,R1234ZE(E),HFO,OMIM,BF4,323.15,0.279,0.126,0.07275191694498062,0.025489275232083736,0.05324808305501938,0.10761496424674988,0.10761496424674988,0.08120761066675186,0.08120761066675186,0.07339398562908173,0.07339398562908173,0.03763391077518463,0.03763391077518463,0.06390911340713501,0.06390911340713501
[omim]__[BF4]__R1234ze(E)__323.15__0.334,L2,M0,R1234ZE(E),HFO,OMIM,BF4,323.15,0.334,0.1498,0.08198698163032532,0.028962004788669105,0.06781301836967467,0.12317121028900146,0.12317121028900146,0.0919332206249237,0.0919332206249237,0.08017838001251221,0.08017838001251221,0.04427751898765564,0.04427751898765564,0.07037457823753357,0.07037457823753357
[omim]__[BF4]__R1234ze(E)__323.15__0.383,L2,M0,R1234ZE(E),HFO,OMIM,BF4,323.15,0.383,0.1722,0.09014800563454628,0.03252507557049725,0.08205199436545371,0.1372278332710266,0.1372278332710266,0.10244618356227875,0.10244618356227875,0.08590754866600037,0.08590754866600037,0.049817752093076706,0.049817752093076706,0.07534071058034897,0.07534071058034897
[omim]__[BF4]__R1234ze(E)__333.15__0.066,L2,M0,R1234ZE(E),HFO,OMIM,BF4,333.15,0.066,0.0246,0.03785476610064507,0.016963466120691426,0.013254766100645066,0.05818498507142067,0.05818498507142067,0.04011962562799454,0.04011962562799454,0.04177086055278778,0.04177086055278778,0.011074528098106384,0.011074528098106384,0.038123831152915955,0.038123831152915955
[omim]__[BF4]__R1234ze(E)__333.15__0.125,L2,M0,R1234ZE(E),HFO,OMIM,BF4,333.15,0.125,0.0451,0.044085850939154625,0.018134958417424164,0.0010141490608453763,0.06716997921466827,0.06716997921466827,0.04654397442936897,0.04654397442936897,0.04694303497672081,0.04694303497672081,0.01637391559779644,0.01637391559779644,0.04339835047721863,0.04339835047721863
[omim]__[BF4]__R1234ze(E)__333.15__0.184,L2,M0,R1234ZE(E),HFO,OMIM,BF4,333.15,0.184,0.0657,0.05031340271234512,0.01901869799858953,0.015386597287654874,0.07516901940107346,0.07516901940107346,0.05383380129933357,0.05383380129933357,0.052596572786569595,0.052596572786569595,0.021917767822742462,0.021917767822742462,0.04804985225200653,0.04804985225200653
[omim]__[BF4]__R1234ze(E)__333.15__0.242,L2,M0,R1234ZE(E),HFO,OMIM,BF4,333.15,0.242,0.0856,0.057763141393661496,0.020244674089291256,0.0278368586063385,0.08498368412256241,0.08498368412256241,0.06387816369533539,0.06387816369533539,0.05824604257941246,0.05824604257941246,0.028833959251642227,0.028833959251642227,0.05287385731935501,0.05287385731935501
[omim]__[BF4]__R1234ze(E)__333.15__0.298,L2,M0,R1234ZE(E),HFO,OMIM,BF4,333.15,0.298,0.1053,0.06500462591648101,0.022186617570830666,0.04029537408351899,0.09585494548082352,0.09585494548082352,0.0724550187587738,0.0724550187587738,0.06387603282928467,0.06387603282928467,0.03480873256921768,0.03480873256921768,0.05802839994430542,0.05802839994430542
[omim]__[BF4]__R1234ze(E)__333.15__0.356,L2,M0,R1234ZE(E),HFO,OMIM,BF4,333.15,0.356,0.1257,0.07228131294250488,0.02514033944065436,0.053418687057495126,0.10791429877281189,0.10791429877281189,0.0812908187508583,0.0812908187508583,0.06953027844429016,0.06953027844429016,0.03924735635519028,0.03924735635519028,0.06342381238937378,0.06342381238937378
[omim]__[BF4]__R1234ze(E)__333.15__0.409,L2,M0,R1234ZE(E),HFO,OMIM,BF4,333.15,0.409,0.1447,0.07897242680191993,0.027670705028107933,0.06572757319808006,0.11914950609207153,0.11914950609207153,0.08933326601982117,0.08933326601982117,0.07431754469871521,0.07431754469871521,0.04448031261563301,0.04448031261563301,0.06758150458335876,0.06758150458335876
[omim]__[BF4]__R1234ze(E)__343.15__0.07,L2,M0,R1234ZE(E),HFO,OMIM,BF4,343.15,0.07,0.02,0.03406670782715082,0.01696917908604504,0.014066707827150821,0.05455009639263153,0.05455009639263153,0.035969577729701996,0.035969577729701996,0.03761657327413559,0.03761657327413559,0.007320416159927845,0.007320416159927845,0.03487687557935715,0.03487687557935715
[omim]__[BF4]__R1234ze(E)__343.15__0.132,L2,M0,R1234ZE(E),HFO,OMIM,BF4,343.15,0.132,0.0375,0.03999052233994007,0.01798115375305497,0.002490522339940071,0.06285592913627625,0.06285592913627625,0.0427369624376297,0.0427369624376297,0.0419461727142334,0.0419461727142334,0.012438880279660225,0.012438880279660225,0.03997466713190079,0.03997466713190079
[omim]__[BF4]__R1234ze(E)__343.15__0.194,L2,M0,R1234ZE(E),HFO,OMIM,BF4,343.15,0.194,0.0545,0.04577719569206238,0.018151752410837604,0.00872280430793762,0.06998303532600403,0.06998303532600403,0.04925256222486496,0.04925256222486496,0.04632348567247391,0.04632348567247391,0.018989667296409607,0.018989667296409607,0.04433722794055939,0.04433722794055939
[omim]__[BF4]__R1234ze(E)__343.15__0.256,L2,M0,R1234ZE(E),HFO,OMIM,BF4,343.15,0.256,0.0716,0.05241115242242813,0.018763340741271957,0.019188847577571867,0.07848024368286133,0.07848024368286133,0.05765864625573158,0.05765864625573158,0.051060136407613754,0.051060136407613754,0.0262407585978508,0.0262407585978508,0.04861597716808319,0.04861597716808319
[omim]__[BF4]__R1234ze(E)__343.15__0.315,L2,M0,R1234ZE(E),HFO,OMIM,BF4,343.15,0.315,0.0881,0.0587560847401619,0.020334935943607517,0.0293439152598381,0.08769632875919342,0.08769632875919342,0.06552118062973022,0.06552118062973022,0.055782243609428406,0.055782243609428406,0.03175513446331024,0.03175513446331024,0.053025536239147186,0.053025536239147186
[omim]__[BF4]__R1234ze(E)__343.15__0.377,L2,M0,R1234ZE(E),HFO,OMIM,BF4,343.15,0.377,0.105,0.06501835063099862,0.022726999394875186,0.03998164936900138,0.097563736140728,0.097563736140728,0.07361073046922684,0.07361073046922684,0.06042855605483055,0.06042855605483055,0.035696931183338165,0.035696931183338165,0.05779179930686951,0.05779179930686951
[omim]__[BF4]__R1234ze(E)__343.15__0.433,L2,M0,R1234ZE(E),HFO,OMIM,BF4,343.15,0.433,0.1209,0.07068728879094124,0.024758933168490153,0.05021271120905875,0.10696060210466385,0.10696060210466385,0.0800577774643898,0.0800577774643898,0.06514929234981537,0.06514929234981537,0.0403011254966259,0.0403011254966259,0.06096764653921127,0.06096764653921127
[omim]__[PF6]__R1234yf__283.15__0.0538,L2,M0,R1234YF,HFO,OMIM,PF6,283.15,0.0538,0.0317,0.025066359713673592,0.0059623255136576295,0.006633640286326407,0.020667430013418198,0.020667430013418198,0.024926401674747467,0.024926401674747467,0.03241327032446861,0.03241327032446861,0.0179655272513628,0.0179655272513628,0.02935916930437088,0.02935916930437088
[omim]__[PF6]__R1234yf__283.15__0.1016,L2,M0,R1234YF,HFO,OMIM,PF6,283.15,0.1016,0.0613,0.040597417205572126,0.009099717795900382,0.020702582794427875,0.03707301244139671,0.03707301244139671,0.04390962794423103,0.04390962794423103,0.050190240144729614,0.050190240144729614,0.026638690382242203,0.026638690382242203,0.04517551511526108,0.04517551511526108
[omim]__[PF6]__R1234yf__283.15__0.1432,L2,M0,R1234YF,HFO,OMIM,PF6,283.15,0.1432,0.0842,0.05421917662024498,0.01157084250800695,0.029980823379755016,0.05321868136525154,0.05321868136525154,0.06098064407706261,0.06098064407706261,0.06434380263090134,0.06434380263090134,0.0348716638982296,0.0348716638982296,0.057681091129779816,0.057681091129779816
[omim]__[PF6]__R1234yf__283.15__0.1907,L2,M0,R1234YF,HFO,OMIM,PF6,283.15,0.1907,0.1098,0.07099469155073165,0.014383898277625855,0.03880530844926834,0.0718066543340683,0.0718066543340683,0.08310693502426147,0.08310693502426147,0.08134230226278305,0.08134230226278305,0.04706328362226486,0.04706328362226486,0.07165428251028061,0.07165428251028061
[omim]__[PF6]__R1234yf__283.15__0.2314,L2,M0,R1234YF,HFO,OMIM,PF6,283.15,0.2314,0.1376,0.08567736074328422,0.015813793430385543,0.05192263925671578,0.08767089247703552,0.08767089247703552,0.10149519145488739,0.10149519145488739,0.09478530287742615,0.09478530287742615,0.059952978044748306,0.059952978044748306,0.08448243886232376,0.08448243886232376
[omim]__[PF6]__R1234yf__283.15__0.2729,L2,M0,R1234YF,HFO,OMIM,PF6,283.15,0.2729,0.1652,0.10118530839681625,0.017050100215979358,0.06401469160318377,0.10534141957759857,0.10534141957759857,0.11985774338245392,0.11985774338245392,0.10838208347558975,0.10838208347558975,0.07404134422540665,0.07404134422540665,0.09830395132303238,0.09830395132303238
[omim]__[PF6]__R1234yf__283.15__0.3112,L2,M0,R1234YF,HFO,OMIM,PF6,283.15,0.3112,0.1894,0.11518806219100952,0.019071730574345608,0.07421193780899049,0.12160526216030121,0.12160526216030121,0.13725194334983826,0.13725194334983826,0.12096641957759857,0.12096641957759857,0.0856752023100853,0.0856752023100853,0.11044148355722427,0.11044148355722427
[omim]__[PF6]__R1234yf__293.15__0.0568,L2,M0,R1234YF,HFO,OMIM,PF6,293.15,0.0568,0.026,0.02657264322042465,0.008519483638500306,0.0005726432204246519,0.01951732486486435,0.01951732486486435,0.02677079662680626,0.02677079662680626,0.035537078976631165,0.035537078976631165,0.01663283258676529,0.01663283258676529,0.0344051830470562,0.0344051830470562
[omim]__[PF6]__R1234yf__293.15__0.1074,L2,M0,R1234YF,HFO,OMIM,PF6,293.15,0.1074,0.0497,0.03819633275270462,0.010041525868432924,0.01150366724729538,0.033362142741680145,0.033362142741680145,0.039466239511966705,0.039466239511966705,0.047753170132637024,0.047753170132637024,0.023601382970809937,0.023601382970809937,0.04679872840642929,0.04679872840642929
[omim]__[PF6]__R1234yf__293.15__0.1573,L2,M0,R1234YF,HFO,OMIM,PF6,293.15,0.1573,0.0692,0.04945835322141647,0.01181925816116592,0.019741646778583526,0.04762527346611023,0.04762527346611023,0.05237557366490364,0.05237557366490364,0.06071055307984352,0.06071055307984352,0.030171409249305725,0.030171409249305725,0.05640895664691925,0.05640895664691925
[omim]__[PF6]__R1234yf__293.15__0.2037,L2,M0,R1234YF,HFO,OMIM,PF6,293.15,0.2037,0.0917,0.0610619843006134,0.013457059509988763,0.030638015699386602,0.05999504774808884,0.05999504774808884,0.06620466709136963,0.06620466709136963,0.07415305078029633,0.07415305078029633,0.03872978687286377,0.03872978687286377,0.06622736901044846,0.06622736901044846
[omim]__[PF6]__R1234yf__293.15__0.2489,L2,M0,R1234YF,HFO,OMIM,PF6,293.15,0.2489,0.1116,0.07266965880990028,0.014516022044490193,0.03893034119009972,0.07176628708839417,0.07176628708839417,0.08122957497835159,0.08122957497835159,0.08609388768672943,0.08609388768672943,0.04859483614563942,0.04859483614563942,0.07566370815038681,0.07566370815038681
[omim]__[PF6]__R1234yf__293.15__0.2938,L2,M0,R1234YF,HFO,OMIM,PF6,293.15,0.2938,0.1354,0.08418317511677742,0.015825075932598794,0.05121682488322257,0.08442508429288864,0.08442508429288864,0.09657534956932068,0.09657534956932068,0.09649887681007385,0.09649887681007385,0.057830508798360825,0.057830508798360825,0.0855860561132431,0.0855860561132431
[omim]__[PF6]__R1234yf__293.15__0.3382,L2,M0,R1234YF,HFO,OMIM,PF6,293.15,0.3382,0.1547,0.09614599347114564,0.01759269024295925,0.05855400652885437,0.09879332780838013,0.09879332780838013,0.11220817267894745,0.11220817267894745,0.10715015232563019,0.10715015232563019,0.06696319580078125,0.06696319580078125,0.09561511874198914,0.09561511874198914
[omim]__[PF6]__R1234yf__303.15__0.0597,L2,M0,R1234YF,HFO,OMIM,PF6,303.15,0.0597,0.0219,0.029215694591403007,0.009160114350547055,0.0073156945914030075,0.02279803156852722,0.02279803156852722,0.02968866005539894,0.02968866005539894,0.03868462145328522,0.03868462145328522,0.017494915053248405,0.017494915053248405,0.03741224482655525,0.03741224482655525
[omim]__[PF6]__R1234yf__303.15__0.1136,L2,M0,R1234YF,HFO,OMIM,PF6,303.15,0.1136,0.0417,0.03809999972581864,0.010654739556940877,0.003600000274181364,0.03461182489991188,0.03461182489991188,0.038605377078056335,0.038605377078056335,0.04822155460715294,0.04822155460715294,0.022005759179592133,0.022005759179592133,0.04705548286437988,0.04705548286437988
[omim]__[PF6]__R1234yf__303.15__0.1663,L2,M0,R1234YF,HFO,OMIM,PF6,303.15,0.1663,0.0586,0.04691485539078712,0.011867247050014152,0.011685144609212876,0.0445050373673439,0.0445050373673439,0.04662994295358658,0.04662994295358658,0.05883867293596268,0.05883867293596268,0.028649810701608658,0.028649810701608658,0.05595081299543381,0.05595081299543381
[omim]__[PF6]__R1234yf__303.15__0.2161,L2,M0,R1234YF,HFO,OMIM,PF6,303.15,0.2161,0.0765,0.05526135265827179,0.013310635845471664,0.021238647341728208,0.05358584225177765,0.05358584225177765,0.0565604567527771,0.0565604567527771,0.06927047669887543,0.06927047669887543,0.034039855003356934,0.034039855003356934,0.06285013258457184,0.06285013258457184
[omim]__[PF6]__R1234yf__303.15__0.2644,L2,M0,R1234YF,HFO,OMIM,PF6,303.15,0.2644,0.0928,0.06383188664913178,0.01426540228113568,0.028968113350868213,0.06278245896100998,0.06278245896100998,0.06700904667377472,0.06700904667377472,0.07919974625110626,0.07919974625110626,0.04070368409156799,0.04070368409156799,0.06946449726819992,0.06946449726819992
[omim]__[PF6]__R1234yf__303.15__0.3132,L2,M0,R1234YF,HFO,OMIM,PF6,303.15,0.3132,0.1118,0.07316641062498093,0.015509946693863316,0.03863358937501907,0.0729256272315979,0.0729256272315979,0.07986573874950409,0.07986573874950409,0.08851880580186844,0.08851880580186844,0.04736563563346863,0.04736563563346863,0.07715624570846558,0.07715624570846558
[omim]__[PF6]__R1234yf__303.15__0.3606,L2,M0,R1234YF,HFO,OMIM,PF6,303.15,0.3606,0.1279,0.0818027213215828,0.017056417984453745,0.04609727867841722,0.08275321125984192,0.08275321125984192,0.09218913316726685,0.09218913316726685,0.09646695852279663,0.09646695852279663,0.05296177417039871,0.05296177417039871,0.08464252948760986,0.08464252948760986
[omim]__[PF6]__R1234yf__313.15__0.0625,L2,M0,R1234YF,HFO,OMIM,PF6,313.15,0.0625,0.0182,0.030119571089744567,0.00935831158988656,0.011919571089744566,0.025182917714118958,0.025182917714118958,0.031469110399484634,0.031469110399484634,0.03904186934232712,0.03904186934232712,0.016721632331609726,0.016721632331609726,0.038182325661182404,0.038182325661182404
[omim]__[PF6]__R1234yf__313.15__0.1233,L2,M0,R1234YF,HFO,OMIM,PF6,313.15,0.1233,0.0358,0.03833255842328072,0.010814335725385111,0.0025325584232807202,0.03604470565915108,0.03604470565915108,0.03855657950043678,0.03855657950043678,0.04876887798309326,0.04876887798309326,0.02152591571211815,0.02152591571211815,0.04676671326160431,0.04676671326160431
[omim]__[PF6]__R1234yf__313.15__0.1748,L2,M0,R1234YF,HFO,OMIM,PF6,313.15,0.1748,0.0502,0.0447821281850338,0.012040277406514817,0.005417871814966203,0.0431922972202301,0.0431922972202301,0.04431726038455963,0.04431726038455963,0.057794488966464996,0.057794488966464996,0.02611669898033142,0.02611669898033142,0.05248989537358284,0.05248989537358284
[omim]__[PF6]__R1234yf__313.15__0.2276,L2,M0,R1234YF,HFO,OMIM,PF6,313.15,0.2276,0.0647,0.051124917715787886,0.013152966662273991,0.013575082284212107,0.049238089472055435,0.049238089472055435,0.051301971077919006,0.051301971077919006,0.06626071780920029,0.06626071780920029,0.03082534670829773,0.03082534670829773,0.05799846351146698,0.05799846351146698
[omim]__[PF6]__R1234yf__313.15__0.2788,L2,M0,R1234YF,HFO,OMIM,PF6,313.15,0.2788,0.0784,0.05751111134886742,0.013886843331032673,0.02088888865113258,0.055731236934661865,0.055731236934661865,0.059471309185028076,0.059471309185028076,0.07355809956789017,0.07355809956789017,0.03570076450705528,0.03570076450705528,0.06309414654970169,0.06309414654970169
[omim]__[PF6]__R1234yf__313.15__0.331,L2,M0,R1234YF,HFO,OMIM,PF6,313.15,0.331,0.0933,0.06449496150016784,0.014629075176364052,0.028805038499832153,0.06379431486129761,0.06379431486129761,0.06841147691011429,0.06841147691011429,0.08061303198337555,0.08061303198337555,0.04080093652009964,0.04080093652009964,0.06885504722595215,0.06885504722595215
[omim]__[PF6]__R1234yf__313.15__0.3816,L2,M0,R1234YF,HFO,OMIM,PF6,313.15,0.3816,0.1066,0.07141919285058976,0.015822047576272428,0.03518080714941024,0.07218297570943832,0.07218297570943832,0.0776280015707016,0.0776280015707016,0.08727770298719406,0.08727770298719406,0.04500207304954529,0.04500207304954529,0.07500521093606949,0.07500521093606949
[omim]__[PF6]__R1234yf__323.15__0.0654,L2,M0,R1234YF,HFO,OMIM,PF6,323.15,0.0654,0.0158,0.028563234210014343,0.008937192139523195,0.012763234210014341,0.02552497386932373,0.02552497386932373,0.030336204916238785,0.030336204916238785,0.03610425814986229,0.03610425814986229,0.01468852162361145,0.01468852162361145,0.03616221249103546,0.03616221249103546
[omim]__[PF6]__R1234yf__323.15__0.127,L2,M0,R1234YF,HFO,OMIM,PF6,323.15,0.127,0.0305,0.03594666123390198,0.009840347173525983,0.00544666123390198,0.03523716330528259,0.03523716330528259,0.036561015993356705,0.036561015993356705,0.04459870979189873,0.04459870979189873,0.01994258165359497,0.01994258165359497,0.04339383542537689,0.04339383542537689
[omim]__[PF6]__R1234yf__323.15__0.1832,L2,M0,R1234YF,HFO,OMIM,PF6,323.15,0.1832,0.0424,0.04159554168581962,0.010842746098841798,0.0008044583141803771,0.04095790535211563,0.04095790535211563,0.042042315006256104,0.042042315006256104,0.05246984213590622,0.05246984213590622,0.024122539907693863,0.024122539907693863,0.04838510602712631,0.04838510602712631
[omim]__[PF6]__R1234yf__323.15__0.2386,L2,M0,R1234YF,HFO,OMIM,PF6,323.15,0.2386,0.0552,0.046735746413469316,0.011480338229974123,0.008464253586530683,0.046027667820453644,0.046027667820453644,0.04735656827688217,0.04735656827688217,0.05919633060693741,0.05919633060693741,0.02841462567448616,0.02841462567448616,0.05268353968858719,0.05268353968858719
[omim]__[PF6]__R1234yf__323.15__0.2924,L2,M0,R1234YF,HFO,OMIM,PF6,323.15,0.2924,0.0671,0.051946239173412324,0.012087383279900363,0.015153760826587682,0.05143790692090988,0.05143790692090988,0.0531245656311512,0.0531245656311512,0.06547603756189346,0.06547603756189346,0.032621368765830994,0.032621368765830994,0.05707131698727608,0.05707131698727608
[omim]__[PF6]__R1234yf__323.15__0.3474,L2,M0,R1234YF,HFO,OMIM,PF6,323.15,0.3474,0.0794,0.05704677775502205,0.013336803664922882,0.022353222244977947,0.057527534663677216,0.057527534663677216,0.05995665118098259,0.05995665118098259,0.07107268273830414,0.07107268273830414,0.035027068108320236,0.035027068108320236,0.061649952083826065,0.061649952083826065
[omim]__[PF6]__R1234yf__323.15__0.4011,L2,M0,R1234YF,HFO,OMIM,PF6,323.15,0.4011,0.0908,0.062247885018587114,0.013847377111001539,0.028552114981412892,0.06420678645372391,0.06420678645372391,0.0663904920220375,0.0663904920220375,0.07593294978141785,0.07593294978141785,0.038883041590452194,0.038883041590452194,0.06582615524530411,0.06582615524530411
[omim]__[PF6]__R1234yf__333.15__0.0683,L2,M0,R1234YF,HFO,OMIM,PF6,333.15,0.0683,0.0138,0.025731403939425947,0.009099462404869836,0.011931403939425947,0.02335149049758911,0.02335149049758911,0.027705635875463486,0.027705635875463486,0.032735057175159454,0.032735057175159454,0.011233723722398281,0.011233723722398281,0.033631112426519394,0.033631112426519394
[omim]__[PF6]__R1234yf__333.15__0.1304,L2,M0,R1234YF,HFO,OMIM,PF6,333.15,0.1304,0.0262,0.03221431635320186,0.00970925403510439,0.006014316353201862,0.032119445502758026,0.032119445502758026,0.033706165850162506,0.033706165850162506,0.03939616680145264,0.03939616680145264,0.01595688797533512,0.01595688797533512,0.03989291563630104,0.03989291563630104
[omim]__[PF6]__R1234yf__333.15__0.1911,L2,M0,R1234YF,HFO,OMIM,PF6,333.15,0.1911,0.0366,0.03763705044984818,0.010352391804708693,0.0010370504498481772,0.03744775801897049,0.03744775801897049,0.03860579431056976,0.03860579431056976,0.046914249658584595,0.046914249658584595,0.02054474502801895,0.02054474502801895,0.044672705233097076,0.044672705233097076
[omim]__[PF6]__R1234yf__333.15__0.2491,L2,M0,R1234YF,HFO,OMIM,PF6,333.15,0.2491,0.0476,0.04223175868391991,0.010394765038206194,0.005368241316080095,0.04206101596355438,0.04206101596355438,0.04242071509361267,0.04242071509361267,0.052741676568984985,0.052741676568984985,0.025429483503103256,0.025429483503103256,0.04850590229034424,0.04850590229034424
[omim]__[PF6]__R1234yf__333.15__0.3056,L2,M0,R1234YF,HFO,OMIM,PF6,333.15,0.3056,0.0583,0.04699319377541542,0.010581997736688317,0.011306806224584576,0.04712531715631485,0.04712531715631485,0.04732997342944145,0.04732997342944145,0.057906243950128555,0.057906243950128555,0.0298149473965168,0.0298149473965168,0.052789486944675446,0.052789486944675446
[omim]__[PF6]__R1234yf__333.15__0.3634,L2,M0,R1234YF,HFO,OMIM,PF6,333.15,0.3634,0.0688,0.05129488706588745,0.011309870671593584,0.017505112934112547,0.05300451070070267,0.05300451070070267,0.05268528684973717,0.05268528684973717,0.062008097767829895,0.062008097767829895,0.03220998868346214,0.03220998868346214,0.05656655132770538,0.05656655132770538
[omim]__[PF6]__R1234yf__333.15__0.4196,L2,M0,R1234YF,HFO,OMIM,PF6,333.15,0.4196,0.0785,0.055314245820045474,0.011822621197625047,0.023185754179954526,0.05829993262887001,0.05829993262887001,0.05824283882975578,0.05824283882975578,0.06562091410160065,0.06562091410160065,0.034878604114055634,0.034878604114055634,0.05952893942594528,0.05952893942594528
[omim]__[PF6]__R1234yf__343.15__0.0731,L2,M0,R1234YF,HFO,OMIM,PF6,343.15,0.0731,0.0125,0.022766818664968012,0.009749515950410695,0.010266818664968012,0.020936451852321625,0.020936451852321625,0.024963058531284332,0.024963058531284332,0.0298389233648777,0.0298389233648777,0.006916009820997715,0.006916009820997715,0.031179649755358696,0.031179649755358696
[omim]__[PF6]__R1234yf__343.15__0.1358,L2,M0,R1234YF,HFO,OMIM,PF6,343.15,0.1358,0.0221,0.028574762865900993,0.010231317011098731,0.006474762865900992,0.029182124882936478,0.029182124882936478,0.03107369691133499,0.03107369691133499,0.03493500500917435,0.03493500500917435,0.01105780340731144,0.01105780340731144,0.03662518411874771,0.03662518411874771
[omim]__[PF6]__R1234yf__343.15__0.1988,L2,M0,R1234YF,HFO,OMIM,PF6,343.15,0.1988,0.0316,0.03342619426548481,0.010168131649531125,0.001826194265484804,0.03370644152164459,0.03370644152164459,0.034770794212818146,0.034770794212818146,0.04083877056837082,0.04083877056837082,0.016339799389243126,0.016339799389243126,0.041475165635347366,0.041475165635347366
[omim]__[PF6]__R1234yf__343.15__0.2595,L2,M0,R1234YF,HFO,OMIM,PF6,343.15,0.2595,0.0415,0.037842363491654395,0.009541810705295682,0.0036576365083456075,0.03784708306193352,0.03784708306193352,0.037625327706336975,0.037625327706336975,0.04631407558917999,0.04631407558917999,0.022349154576659203,0.022349154576659203,0.04507617652416229,0.04507617652416229
[omim]__[PF6]__R1234yf__343.15__0.3184,L2,M0,R1234YF,HFO,OMIM,PF6,343.15,0.3184,0.0528,0.042179469019174576,0.00945960150100539,0.010620530980825424,0.04261762648820877,0.04261762648820877,0.041790083050727844,0.041790083050727844,0.051139071583747864,0.051139071583747864,0.026795420795679092,0.026795420795679092,0.04855514317750931,0.04855514317750931
[omim]__[PF6]__R1234yf__343.15__0.379,L2,M0,R1234YF,HFO,OMIM,PF6,343.15,0.379,0.0599,0.04632546901702881,0.00998643894818326,0.013574530982971192,0.048317037522792816,0.048317037522792816,0.047116875648498535,0.047116875648498535,0.0548933744430542,0.0548933744430542,0.02932543307542801,0.02932543307542801,0.05197462439537048,0.05197462439537048
[omim]__[PF6]__R1234yf__343.15__0.4377,L2,M0,R1234YF,HFO,OMIM,PF6,343.15,0.4377,0.0689,0.049928932636976245,0.010529304302310189,0.018971067363023758,0.053554728627204895,0.053554728627204895,0.05152498558163643,0.05152498558163643,0.0582505539059639,0.0582505539059639,0.03160711005330086,0.03160711005330086,0.05470728501677513,0.05470728501677513
[omim]__[PF6]__R1234ze(E)__283.15__0.085,L2,M0,R1234ZE(E),HFO,OMIM,PF6,283.15,0.085,0.1265,0.08106233030557633,0.0276989089570249,0.04543766969442367,0.12100793421268463,0.12100793421268463,0.09145794808864594,0.09145794808864594,0.07892577350139618,0.07892577350139618,0.04699033498764038,0.04699033498764038,0.0669296607375145,0.0669296607375145
[omim]__[PF6]__R1234ze(E)__283.15__0.1231,L2,M0,R1234ZE(E),HFO,OMIM,PF6,283.15,0.1231,0.183,0.10682857483625412,0.03993004565736752,0.07617142516374588,0.16660389304161072,0.16660389304161072,0.12171364575624466,0.12171364575624466,0.09856018424034119,0.09856018424034119,0.061169326305389404,0.061169326305389404,0.08609582483768463,0.08609582483768463
[omim]__[PF6]__R1234ze(E)__283.15__0.1575,L2,M0,R1234ZE(E),HFO,OMIM,PF6,283.15,0.1575,0.238,0.13067565262317657,0.05364562610353898,0.10732434737682342,0.21311530470848083,0.21311530470848083,0.1508069932460785,0.1508069932460785,0.11320693790912628,0.11320693790912628,0.07427729666233063,0.07427729666233063,0.10197173058986664,0.10197173058986664
[omim]__[PF6]__R1234ze(E)__283.15__0.1903,L2,M0,R1234ZE(E),HFO,OMIM,PF6,283.15,0.1903,0.2865,0.15478852540254592,0.0673749152899731,0.13171147459745405,0.25939399003982544,0.25939399003982544,0.18081015348434448,0.18081015348434448,0.12850604951381683,0.12850604951381683,0.08841374516487122,0.08841374516487122,0.11681868880987167,0.11681868880987167
[omim]__[PF6]__R1234ze(E)__283.15__0.221,L2,M0,R1234ZE(E),HFO,OMIM,PF6,283.15,0.221,0.3378,0.17855382859706878,0.08043785137967503,0.1592461714029312,0.30409613251686096,0.30409613251686096,0.21053199470043182,0.21053199470043182,0.1433314085006714,0.1433314085006714,0.1036481112241745,0.1036481112241745,0.13116149604320526,0.13116149604320526
[omim]__[PF6]__R1234ze(E)__283.15__0.2477,L2,M0,R1234ZE(E),HFO,OMIM,PF6,283.15,0.2477,0.3877,0.19929403811693192,0.0918480557663922,0.18840596188306807,0.34231236577033997,0.34231236577033997,0.2382049411535263,0.2382049411535263,0.15533724427223206,0.15533724427223206,0.11754920333623886,0.11754920333623886,0.1430664360523224,0.1430664360523224
[omim]__[PF6]__R1234ze(E)__293.15__0.0941,L2,M0,R1234ZE(E),HFO,OMIM,PF6,293.15,0.0941,0.1069,0.07305645868182183,0.023076416869773655,0.03384354131817817,0.10315713286399841,0.10315713286399841,0.08024086803197861,0.08024086803197861,0.07467693090438843,0.07467693090438843,0.03923408314585686,0.03923408314585686,0.06797327846288681,0.06797327846288681
[omim]__[PF6]__R1234ze(E)__293.15__0.1387,L2,M0,R1234ZE(E),HFO,OMIM,PF6,293.15,0.1387,0.1504,0.0930983543395996,0.030875876357968894,0.0573016456604004,0.13603368401527405,0.13603368401527405,0.10548996925354004,0.10548996925354004,0.09057629108428955,0.09057629108428955,0.05227811634540558,0.05227811634540558,0.08111371099948883,0.08111371099948883
[omim]__[PF6]__R1234ze(E)__293.15__0.1804,L2,M0,R1234ZE(E),HFO,OMIM,PF6,293.15,0.1804,0.1925,0.11313754618167877,0.03952651103708621,0.07936245381832123,0.17050352692604065,0.17050352692604065,0.12941159307956696,0.12941159307956696,0.1068798080086708,0.1068798080086708,0.0655839666724205,0.0655839666724205,0.09330883622169495,0.09330883622169495
[omim]__[PF6]__R1234ze(E)__293.15__0.2182,L2,M0,R1234ZE(E),HFO,OMIM,PF6,293.15,0.2182,0.2364,0.1336230680346489,0.050917455549035866,0.10277693196535109,0.2098187506198883,0.2098187506198883,0.15491221845149994,0.15491221845149994,0.12043605744838715,0.12043605744838715,0.07761088758707047,0.07761088758707047,0.10533742606639862,0.10533742606639862
[omim]__[PF6]__R1234ze(E)__293.15__0.2566,L2,M0,R1234ZE(E),HFO,OMIM,PF6,293.15,0.2566,0.2791,0.15528806149959565,0.06434629585831149,0.12381193850040437,0.25328823924064636,0.25328823924064636,0.18265579640865326,0.18265579640865326,0.13207420706748962,0.13207420706748962,0.08917529881000519,0.08917529881000519,0.11924676597118378,0.11924676597118378
[omim]__[PF6]__R1234ze(E)__293.15__0.2917,L2,M0,R1234ZE(E),HFO,OMIM,PF6,293.15,0.2917,0.3215,0.1744704768061638,0.07671182846941813,0.14702952319383622,0.2924977242946625,0.2924977242946625,0.20739023387432098,0.20739023387432098,0.14203664660453796,0.14203664660453796,0.10021326690912247,0.10021326690912247,0.13021451234817505,0.13021451234817505
[omim]__[PF6]__R1234ze(E)__303.15__0.1034,L2,M0,R1234ZE(E),HFO,OMIM,PF6,303.15,0.1034,0.0872,0.06898410171270371,0.021148796179038448,0.018215898287296292,0.09540066123008728,0.09540066123008728,0.07519372552633286,0.07519372552633286,0.0706271305680275,0.0706271305680275,0.03663760423660278,0.03663760423660278,0.06706138700246811,0.06706138700246811
[omim]__[PF6]__R1234ze(E)__303.15__0.1527,L2,M0,R1234ZE(E),HFO,OMIM,PF6,303.15,0.1527,0.1228,0.08456004783511162,0.026118749128617464,0.03823995216488839,0.11895188689231873,0.11895188689231873,0.09453028440475464,0.09453028440475464,0.08400629460811615,0.08400629460811615,0.047056835144758224,0.047056835144758224,0.07825493812561035,0.07825493812561035
[omim]__[PF6]__R1234ze(E)__303.15__0.1991,L2,M0,R1234ZE(E),HFO,OMIM,PF6,303.15,0.1991,0.1578,0.09984967410564423,0.03156844169359409,0.05795032589435577,0.1426786631345749,0.1426786631345749,0.11398209631443024,0.11398209631443024,0.0975942313671112,0.0975942313671112,0.05748403072357178,0.05748403072357178,0.08750934898853302,0.08750934898853302
[omim]__[PF6]__R1234ze(E)__303.15__0.2427,L2,M0,R1234ZE(E),HFO,OMIM,PF6,303.15,0.2427,0.1931,0.11619516015052796,0.039008900981701976,0.07690483984947204,0.17145749926567078,0.17145749926567078,0.13464206457138062,0.13464206457138062,0.10930676758289337,0.10930676758289337,0.06842158734798431,0.06842158734798431,0.0971478819847107,0.0971478819847107
[omim]__[PF6]__R1234ze(E)__303.15__0.2869,L2,M0,R1234ZE(E),HFO,OMIM,PF6,303.15,0.2869,0.229,0.13311829268932343,0.048438173632479216,0.09588170731067658,0.20371443033218384,0.20371443033218384,0.1569696068763733,0.1569696068763733,0.11912045627832413,0.11912045627832413,0.07874574512243271,0.07874574512243271,0.10704122483730316,0.10704122483730316
[omim]__[PF6]__R1234ze(E)__303.15__0.3284,L2,M0,R1234ZE(E),HFO,OMIM,PF6,303.15,0.3284,0.2648,0.1487820640206337,0.05860179907839439,0.11601793597936627,0.23658710718154907,0.23658710718154907,0.17614807188510895,0.17614807188510895,0.12759137153625488,0.12759137153625488,0.08742421120405197,0.08742421120405197,0.11615955829620361,0.11615955829620361
[omim]__[PF6]__R1234ze(E)__313.15__0.112,L2,M0,R1234ZE(E),HFO,OMIM,PF6,313.15,0.112,0.0704,0.06426911354064942,0.018989807645339214,0.006130886459350587,0.0881611779332161,0.0881611779332161,0.06822767108678818,0.06822767108678818,0.06658710539340973,0.06658710539340973,0.03512236475944519,0.03512236475944519,0.06324724853038788,0.06324724853038788
[omim]__[PF6]__R1234ze(E)__313.15__0.1648,L2,M0,R1234ZE(E),HFO,OMIM,PF6,313.15,0.1648,0.1014,0.0768302820622921,0.021782700997771725,0.024569717937707902,0.1051291823387146,0.1051291823387146,0.08457304537296295,0.08457304537296295,0.07706295698881149,0.07706295698881149,0.04492361471056938,0.04492361471056938,0.07246261090040207,0.07246261090040207
[omim]__[PF6]__R1234ze(E)__313.15__0.2154,L2,M0,R1234ZE(E),HFO,OMIM,PF6,313.15,0.2154,0.1305,0.0887309655547142,0.02532211012880723,0.041769034445285805,0.12183292210102081,0.12183292210102081,0.10017457604408264,0.10017457604408264,0.08723944425582886,0.08723944425582886,0.05290199816226959,0.05290199816226959,0.08150588721036911,0.08150588721036911
[omim]__[PF6]__R1234ze(E)__313.15__0.2636,L2,M0,R1234ZE(E),HFO,OMIM,PF6,313.15,0.2636,0.1595,0.10095184892416001,0.029395827802016515,0.058548151075839994,0.1412067413330078,0.1412067413330078,0.1154731810092926,0.1154731810092926,0.09625740349292755,0.09625740349292755,0.06270105391740799,0.06270105391740799,0.08912086486816406,0.08912086486816406
[omim]__[PF6]__R1234ze(E)__313.15__0.3129,L2,M0,R1234ZE(E),HFO,OMIM,PF6,313.15,0.3129,0.1885,0.11394382119178773,0.03552280222240478,0.07455617880821228,0.16426271200180054,0.16426271200180054,0.1318541169166565,0.1318541169166565,0.10580114275217056,0.10580114275217056,0.07118815183639526,0.07118815183639526,0.09661298245191574,0.09661298245191574
[omim]__[PF6]__R1234ze(E)__313.15__0.3594,L2,M0,R1234ZE(E),HFO,OMIM,PF6,313.15,0.3594,0.2189,0.12567134350538253,0.04280797608470154,0.09322865649461748,0.18802869319915771,0.18802869319915771,0.1465674191713333,0.1465674191713333,0.11310643702745438,0.11310643702745438,0.0771229937672615,0.0771229937672615,0.10353117436170578,0.10353117436170578
[omim]__[PF6]__R1234ze(E)__323.15__0.1191,L2,M0,R1234ZE(E),HFO,OMIM,PF6,323.15,0.1191,0.0592,0.0586544431746006,0.016640981725399316,0.0005455568253994042,0.08032858371734619,0.08032858371734619,0.06180071085691452,0.06180071085691452,0.05944853276014328,0.05944853276014328,0.03361322730779648,0.03361322730779648,0.058081161230802536,0.058081161230802536
[omim]__[PF6]__R1234ze(E)__323.15__0.1757,L2,M0,R1234ZE(E),HFO,OMIM,PF6,323.15,0.1757,0.0847,0.06912131607532501,0.018586859071902797,0.015578683924674985,0.0941258892416954,0.0941258892416954,0.07495620101690292,0.07495620101690292,0.06812357157468796,0.06812357157468796,0.04244564473628998,0.04244564473628998,0.0659552738070488,0.0659552738070488
[omim]__[PF6]__R1234ze(E)__323.15__0.2304,L2,M0,R1234ZE(E),HFO,OMIM,PF6,323.15,0.2304,0.1077,0.07914788424968719,0.02093944002109156,0.028552115750312815,0.1067567691206932,0.1067567691206932,0.0886269360780716,0.0886269360780716,0.07644402235746384,0.07644402235746384,0.049641333520412445,0.049641333520412445,0.07427036017179489,0.07427036017179489
[omim]__[PF6]__R1234ze(E)__323.15__0.2821,L2,M0,R1234ZE(E),HFO,OMIM,PF6,323.15,0.2821,0.1328,0.08874811083078385,0.023913336865726317,0.04405188916921615,0.12117792665958405,0.12117792665958405,0.09985825419425964,0.09985825419425964,0.08506936579942703,0.08506936579942703,0.056483179330825806,0.056483179330825806,0.08115182816982269,0.08115182816982269
[omim]__[PF6]__R1234ze(E)__323.15__0.3356,L2,M0,R1234ZE(E),HFO,OMIM,PF6,323.15,0.3356,0.157,0.09801643341779709,0.02720664866971813,0.05898356658220291,0.13619744777679443,0.13619744777679443,0.1109049916267395,0.1109049916267395,0.09213098138570786,0.09213098138570786,0.06356137990951538,0.06356137990951538,0.08728736639022827,0.08728736639022827
[omim]__[PF6]__R1234ze(E)__323.15__0.3863,L2,M0,R1234ZE(E),HFO,OMIM,PF6,323.15,0.3863,0.1827,0.10701911896467209,0.031750377884038956,0.07568088103532791,0.15271136164665222,0.15271136164665222,0.12263499200344086,0.12263499200344086,0.0980946272611618,0.0980946272611618,0.06966843456029892,0.06966843456029892,0.09198617935180664,0.09198617935180664
[omim]__[PF6]__R1234ze(E)__333.15__0.1259,L2,M0,R1234ZE(E),HFO,OMIM,PF6,333.15,0.1259,0.0499,0.053411179780960084,0.015111604069296018,0.0035111797809600845,0.07224097847938538,0.07224097847938538,0.05630352720618248,0.05630352720618248,0.054423555731773376,0.054423555731773376,0.029980313032865524,0.029980313032865524,0.05410752445459366,0.05410752445459366
[omim]__[PF6]__R1234ze(E)__333.15__0.186,L2,M0,R1234ZE(E),HFO,OMIM,PF6,333.15,0.186,0.0705,0.06227782368659973,0.01622116070770997,0.008222176313400262,0.08400124311447144,0.08400124311447144,0.06746737658977509,0.06746737658977509,0.060229599475860596,0.060229599475860596,0.03888317942619324,0.03888317942619324,0.0608077198266983,0.0608077198266983
[omim]__[PF6]__R1234ze(E)__333.15__0.2437,L2,M0,R1234ZE(E),HFO,OMIM,PF6,333.15,0.2437,0.0907,0.07096625342965127,0.017755125345014423,0.019733746570348737,0.09459434449672699,0.09459434449672699,0.0793081670999527,0.0793081670999527,0.06716281175613403,0.06716281175613403,0.046348270028829575,0.046348270028829575,0.067417673766613,0.067417673766613
[omim]__[PF6]__R1234ze(E)__333.15__0.299,L2,M0,R1234ZE(E),HFO,OMIM,PF6,333.15,0.299,0.1115,0.07894978523254395,0.02044272497450094,0.03255021476745605,0.10703741014003754,0.10703741014003754,0.08871553838253021,0.08871553838253021,0.07372082024812698,0.07372082024812698,0.05196478217840195,0.05196478217840195,0.07331037521362305,0.07331037521362305
[omim]__[PF6]__R1234ze(E)__333.15__0.356,L2,M0,R1234ZE(E),HFO,OMIM,PF6,333.15,0.356,0.1321,0.08613852113485336,0.02283240963003827,0.045961478865146635,0.11826476454734802,0.11826476454734802,0.09711591899394989,0.09711591899394989,0.07961710542440414,0.07961710542440414,0.05733507126569748,0.05733507126569748,0.07835974544286728,0.07835974544286728
[omim]__[PF6]__R1234ze(E)__333.15__0.4106,L2,M0,R1234ZE(E),HFO,OMIM,PF6,333.15,0.4106,0.1539,0.09277848899364471,0.025189126641663753,0.061121511006355295,0.12854811549186707,0.12854811549186707,0.10590237379074097,0.10590237379074097,0.08478765189647675,0.08478765189647675,0.06268614530563354,0.06268614530563354,0.08196815848350525,0.08196815848350525
[omim]__[PF6]__R1234ze(E)__343.15__0.1328,L2,M0,R1234ZE(E),HFO,OMIM,PF6,343.15,0.1328,0.0403,0.048694397509098056,0.01461612051807873,0.008394397509098053,0.06642517447471619,0.06642517447471619,0.05147600173950195,0.05147600173950195,0.04983895272016525,0.04983895272016525,0.025688394904136658,0.025688394904136658,0.050043463706970215,0.050043463706970215
[omim]__[PF6]__R1234ze(E)__343.15__0.1959,L2,M0,R1234ZE(E),HFO,OMIM,PF6,343.15,0.1959,0.0582,0.05624829530715943,0.014887051219591559,0.0019517046928405751,0.07582119107246399,0.07582119107246399,0.06060044839978218,0.06060044839978218,0.053699374198913574,0.053699374198913574,0.03439127281308174,0.03439127281308174,0.056729190051555634,0.056729190051555634
[omim]__[PF6]__R1234ze(E)__343.15__0.2563,L2,M0,R1234ZE(E),HFO,OMIM,PF6,343.15,0.2563,0.0765,0.06363629251718521,0.015649482898827394,0.01286370748281479,0.08501587808132172,0.08501587808132172,0.06968685984611511,0.06968685984611511,0.05898689851164818,0.05898689851164818,0.04212586209177971,0.04212586209177971,0.06236596405506134,0.06236596405506134
[omim]__[PF6]__R1234ze(E)__343.15__0.315,L2,M0,R1234ZE(E),HFO,OMIM,PF6,343.15,0.315,0.0934,0.0705261506140232,0.017679351228651895,0.022873849385976794,0.09522911161184311,0.09522911161184311,0.07815097272396088,0.07815097272396088,0.06467670947313309,0.06467670947313309,0.04735983535647392,0.04735983535647392,0.06721412390470505,0.06721412390470505
[omim]__[PF6]__R1234ze(E)__343.15__0.3753,L2,M0,R1234ZE(E),HFO,OMIM,PF6,343.15,0.3753,0.112,0.0768262043595314,0.019917972635100402,0.0351737956404686,0.10549166798591614,0.10549166798591614,0.08566528558731079,0.08566528558731079,0.0696633979678154,0.0696633979678154,0.05228922516107559,0.05228922516107559,0.07102144509553909,0.07102144509553909
[omim]__[PF6]__R1234ze(E)__343.15__0.434,L2,M0,R1234ZE(E),HFO,OMIM,PF6,343.15,0.434,0.1281,0.08254852890968323,0.022042136040026816,0.045551471090316764,0.11427082121372223,0.11427082121372223,0.09365825355052948,0.09365825355052948,0.07425161451101303,0.07425161451101303,0.05666361749172211,0.05666361749172211,0.07389833778142929,0.07389833778142929
[P66614]__[Cl]__R1234yf__283.15__0.064,L2,M0,R1234YF,HFO,P66614,CL,283.15,0.064,0.158,0.13185866326093673,0.02951942598473142,0.02614133673906327,0.1766192466020584,0.1766192466020584,0.13097888231277466,0.13097888231277466,0.12361709028482437,0.12361709028482437,0.13376595079898834,0.13376595079898834,0.0943121463060379,0.0943121463060379
[P66614]__[Cl]__R1234yf__283.15__0.13,L2,M0,R1234YF,HFO,P66614,CL,283.15,0.13,0.299,0.17753965258598328,0.03930098141164157,0.1214603474140167,0.24036063253879547,0.24036063253879547,0.18147629499435425,0.18147629499435425,0.15934202075004578,0.15934202075004578,0.1720493584871292,0.1720493584871292,0.13446995615959167,0.13446995615959167
[P66614]__[Cl]__R1234yf__283.15__0.18,L2,M0,R1234YF,HFO,P66614,CL,283.15,0.18,0.38,0.213060662150383,0.0470550911021841,0.166939337849617,0.2873194217681885,0.2873194217681885,0.22402633726596832,0.22402633726596832,0.18640519678592682,0.18640519678592682,0.20373164117336273,0.20373164117336273,0.16382071375846863,0.16382071375846863
[P66614]__[Cl]__R1234yf__283.15__0.233,L2,M0,R1234YF,HFO,P66614,CL,283.15,0.233,0.456,0.2508245587348938,0.05516313828177884,0.20517544126510623,0.33466020226478577,0.33466020226478577,0.2729760706424713,0.2729760706424713,0.21528741717338562,0.21528741717338562,0.23691025376319885,0.23691025376319885,0.19428884983062744,0.19428884983062744
[P66614]__[Cl]__R1234yf__283.15__0.281,L2,M0,R1234YF,HFO,P66614,CL,283.15,0.281,0.516,0.2835026651620865,0.06241633598376373,0.23249733483791352,0.3756674528121948,0.3756674528121948,0.3148430287837982,0.3148430287837982,0.24077264964580536,0.24077264964580536,0.26568126678466797,0.26568126678466797,0.22054892778396606,0.22054892778396606
[P66614]__[Cl]__R1234yf__283.15__0.321,L2,M0,R1234YF,HFO,P66614,CL,283.15,0.321,0.57,0.3081752896308899,0.0679354308583831,0.26182471036911004,0.4068218171596527,0.4068218171596527,0.3461059331893921,0.3461059331893921,0.25951868295669556,0.25951868295669556,0.28722089529037476,0.28722089529037476,0.24120911955833435,0.24120911955833435
[P66614]__[Cl]__R1234yf__283.15__0.362,L2,M0,R1234YF,HFO,P66614,CL,283.15,0.362,0.623,0.33140161633491516,0.07236119995589235,0.29159838366508484,0.43420496582984924,0.43420496582984924,0.375666081905365,0.375666081905365,0.2773260176181793,0.2773260176181793,0.3090794086456299,0.3090794086456299,0.26073160767555237,0.26073160767555237
[P66614]__[Cl]__R1234yf__293.15__0.068,L2,M0,R1234YF,HFO,P66614,CL,293.15,0.068,0.146,0.11806111335754395,0.022529758740741708,0.027938886642456043,0.15297578275203705,0.15297578275203705,0.11770521104335785,0.11770521104335785,0.11394533514976501,0.11394533514976501,0.11570180952548981,0.11570180952548981,0.08997742831707001,0.08997742831707001
[P66614]__[Cl]__R1234yf__293.15__0.142,L2,M0,R1234YF,HFO,P66614,CL,293.15,0.142,0.261,0.15714871436357497,0.03356933932559728,0.10385128563642504,0.21142302453517914,0.21142302453517914,0.15857164561748505,0.15857164561748505,0.14830105006694794,0.14830105006694794,0.14758311212062836,0.14758311212062836,0.11986473947763443,0.11986473947763443
[P66614]__[Cl]__R1234yf__293.15__0.198,L2,M0,R1234YF,HFO,P66614,CL,293.15,0.198,0.33,0.19062074422836303,0.04167703831693389,0.13937925577163698,0.25779157876968384,0.25779157876968384,0.19743101298809052,0.19743101298809052,0.17409071326255798,0.17409071326255798,0.17716030776500702,0.17716030776500702,0.14663010835647583,0.14663010835647583
[P66614]__[Cl]__R1234yf__293.15__0.258,L2,M0,R1234YF,HFO,P66614,CL,293.15,0.258,0.397,0.22583069205284118,0.04951233215370817,0.17116930794715884,0.3038524389266968,0.3038524389266968,0.24081288278102875,0.24081288278102875,0.20071494579315186,0.20071494579315186,0.208602175116539,0.208602175116539,0.17517101764678955,0.17517101764678955
[P66614]__[Cl]__R1234yf__293.15__0.313,L2,M0,R1234YF,HFO,P66614,CL,293.15,0.313,0.451,0.2568989425897598,0.055592265024616935,0.1941010574102402,0.341790109872818,0.341790109872818,0.27996015548706055,0.27996015548706055,0.22488246858119965,0.22488246858119965,0.2378450632095337,0.2378450632095337,0.20001691579818726,0.20001691579818726
[P66614]__[Cl]__R1234yf__293.15__0.362,L2,M0,R1234YF,HFO,P66614,CL,293.15,0.362,0.501,0.2814172565937042,0.059595310508036445,0.2195827434062958,0.3701058328151703,0.3701058328151703,0.31068065762519836,0.31068065762519836,0.24468901753425598,0.24468901753425598,0.2612600028514862,0.2612600028514862,0.22035077214241028,0.22035077214241028
[P66614]__[Cl]__R1234yf__293.15__0.413,L2,M0,R1234YF,HFO,P66614,CL,293.15,0.413,0.55,0.3047359049320221,0.06356456020106052,0.24526409506797797,0.39753296971321106,0.39753296971321106,0.3391621708869934,0.3391621708869934,0.26250115036964417,0.26250115036964417,0.28426486253738403,0.28426486253738403,0.2402183711528778,0.2402183711528778
[P66614]__[Cl]__R1234yf__293.15__0.46,L2,M0,R1234YF,HFO,P66614,CL,293.15,0.46,0.594,0.32454882860183715,0.06690747200918215,0.2694511713981628,0.42056211829185486,0.42056211829185486,0.36318957805633545,0.36318957805633545,0.27741512656211853,0.27741512656211853,0.30469775199890137,0.30469775199890137,0.2568795680999756,0.2568795680999756
[P66614]__[Cl]__R1234yf__293.15__0.505,L2,M0,R1234YF,HFO,P66614,CL,293.15,0.505,0.641,0.34239301085472107,0.06994791364130623,0.29860698914527894,0.44123509526252747,0.44123509526252747,0.3849674463272095,0.3849674463272095,0.2911634147167206,0.2911634147167206,0.32276707887649536,0.32276707887649536,0.27183201909065247,0.27183201909065247
[P66614]__[Cl]__R1234yf__303.15__0.073,L2,M0,R1234YF,HFO,P66614,CL,303.15,0.073,0.126,0.10866149365901948,0.016574653459398004,0.017338506340980525,0.1352846622467041,0.1352846622467041,0.10640312731266022,0.10640312731266022,0.10739760845899582,0.10739760845899582,0.10474515706300735,0.10474515706300735,0.08947691321372986,0.08947691321372986
[P66614]__[Cl]__R1234yf__303.15__0.154,L2,M0,R1234YF,HFO,P66614,CL,303.15,0.154,0.22,0.14251327514648438,0.027456058040880478,0.07748672485351563,0.18760819733142853,0.18760819733142853,0.14309434592723846,0.14309434592723846,0.13701754808425903,0.13701754808425903,0.1309090405702591,0.1309090405702591,0.11393724381923676,0.11393724381923676
[P66614]__[Cl]__R1234yf__303.15__0.215,L2,M0,R1234YF,HFO,P66614,CL,303.15,0.215,0.284,0.17118873596191406,0.03641644413778256,0.11281126403808592,0.22975319623947144,0.22975319623947144,0.17732900381088257,0.17732900381088257,0.16102242469787598,0.16102242469787598,0.15502262115478516,0.15502262115478516,0.13281643390655518,0.13281643390655518
[P66614]__[Cl]__R1234yf__303.15__0.28,L2,M0,R1234YF,HFO,P66614,CL,303.15,0.28,0.344,0.2026459813117981,0.044190531869363454,0.14135401868820188,0.27233535051345825,0.27233535051345825,0.21537435054779053,0.21537435054779053,0.18621473014354706,0.18621473014354706,0.1827961504459381,0.1827961504459381,0.15650932490825653,0.15650932490825653
[P66614]__[Cl]__R1234yf__303.15__0.341,L2,M0,R1234YF,HFO,P66614,CL,303.15,0.341,0.394,0.23095649480819702,0.04901959619033846,0.163043505191803,0.30713993310928345,0.30713993310928345,0.24826090037822723,0.24826090037822723,0.20929542183876038,0.20929542183876038,0.2102019339799881,0.2102019339799881,0.17988428473472595,0.17988428473472595
[P66614]__[Cl]__R1234yf__303.15__0.396,L2,M0,R1234YF,HFO,P66614,CL,303.15,0.396,0.439,0.2536761611700058,0.052474378637394035,0.1853238388299942,0.3339482247829437,0.3339482247829437,0.27498653531074524,0.27498653531074524,0.22721782326698303,0.22721782326698303,0.23335717618465424,0.23335717618465424,0.19887104630470276,0.19887104630470276
[P66614]__[Cl]__R1234yf__303.15__0.454,L2,M0,R1234YF,HFO,P66614,CL,303.15,0.454,0.483,0.2748785376548767,0.05567738540757535,0.2081214623451233,0.358924001455307,0.358924001455307,0.29991835355758667,0.29991835355758667,0.24354439973831177,0.24354439973831177,0.25477534532546997,0.25477534532546997,0.21723058819770813,0.21723058819770813
[P66614]__[Cl]__R1234yf__303.15__0.51,L2,M0,R1234YF,HFO,P66614,CL,303.15,0.51,0.524,0.29417104125022886,0.0586032827247586,0.22982895874977116,0.3815024197101593,0.3815024197101593,0.3227773606777191,0.3227773606777191,0.258533239364624,0.258533239364624,0.27399855852127075,0.27399855852127075,0.23404362797737122,0.23404362797737122
[P66614]__[Cl]__R1234yf__303.15__0.566,L2,M0,R1234YF,HFO,P66614,CL,303.15,0.566,0.566,0.31322946548461916,0.061628779576532615,0.2527705345153808,0.4037412703037262,0.4037412703037262,0.3462580144405365,0.3462580144405365,0.2743816375732422,0.2743816375732422,0.29105234146118164,0.29105234146118164,0.2507140636444092,0.2507140636444092
[P66614]__[Cl]__R1234yf__303.15__0.628,L2,M0,R1234YF,HFO,P66614,CL,303.15,0.628,0.608,0.333092725276947,0.06500988373515308,0.274907274723053,0.42651602625846863,0.42651602625846863,0.372372031211853,0.372372031211853,0.29103928804397583,0.29103928804397583,0.3072262406349182,0.3072262406349182,0.2683100402355194,0.2683100402355194
[P66614]__[Cl]__R1234yf__313.15__0.079,L2,M0,R1234YF,HFO,P66614,CL,313.15,0.079,0.102,0.10299613624811173,0.012359080234911205,0.0009961362481117342,0.12242954969406128,0.12242954969406128,0.09868298470973969,0.09868298470973969,0.10441695153713226,0.10441695153713226,0.10088612884283066,0.10088612884283066,0.08856506645679474,0.08856506645679474
[P66614]__[Cl]__R1234yf__313.15__0.165,L2,M0,R1234YF,HFO,P66614,CL,313.15,0.165,0.188,0.13041166812181473,0.022595883596163657,0.05758833187818527,0.16722270846366882,0.16722270846366882,0.12986935675144196,0.12986935675144196,0.12958461046218872,0.12958461046218872,0.11808568984270096,0.11808568984270096,0.10729597508907318,0.10729597508907318
[P66614]__[Cl]__R1234yf__313.15__0.23,L2,M0,R1234YF,HFO,P66614,CL,313.15,0.23,0.244,0.15445539951324463,0.03053502995061171,0.08954460048675536,0.20397880673408508,0.20397880673408508,0.15797606110572815,0.15797606110572815,0.1490514576435089,0.1490514576435089,0.13772743940353394,0.13772743940353394,0.12354323267936707,0.12354323267936707
[P66614]__[Cl]__R1234yf__313.15__0.3,L2,M0,R1234YF,HFO,P66614,CL,313.15,0.3,0.299,0.18168892562389374,0.03831513672991671,0.11731107437610624,0.2426140010356903,0.2426140010356903,0.1904432624578476,0.1904432624578476,0.1718137264251709,0.1718137264251709,0.16173428297042847,0.16173428297042847,0.14183935523033142,0.14183935523033142
[P66614]__[Cl]__R1234yf__313.15__0.366,L2,M0,R1234YF,HFO,P66614,CL,313.15,0.366,0.344,0.20614149272441865,0.04282882911761758,0.13785850727558133,0.2732032835483551,0.2732032835483551,0.2195490002632141,0.2195490002632141,0.19217714667320251,0.19217714667320251,0.1841524988412857,0.1841524988412857,0.16162553429603577,0.16162553429603577
[P66614]__[Cl]__R1234yf__313.15__0.426,L2,M0,R1234YF,HFO,P66614,CL,313.15,0.426,0.383,0.22672489285469055,0.04559606376329499,0.15627510714530946,0.29714852571487427,0.29714852571487427,0.24396483600139618,0.24396483600139618,0.20856818556785583,0.20856818556785583,0.20450206100940704,0.20450206100940704,0.17944085597991943,0.17944085597991943
[P66614]__[Cl]__R1234yf__313.15__0.49,L2,M0,R1234YF,HFO,P66614,CL,313.15,0.49,0.425,0.24652695953845977,0.04871693751821515,0.17847304046154022,0.3212234079837799,0.3212234079837799,0.26637133955955505,0.26637133955955505,0.2251560389995575,0.2251560389995575,0.22384105622768402,0.22384105622768402,0.1960429549217224,0.1960429549217224
[P66614]__[Cl]__R1234yf__313.15__0.552,L2,M0,R1234YF,HFO,P66614,CL,313.15,0.552,0.463,0.2647260665893555,0.051693641372312166,0.19827393341064453,0.3437548279762268,0.3437548279762268,0.28697773814201355,0.28697773814201355,0.2401067614555359,0.2401067614555359,0.24060243368148804,0.24060243368148804,0.21218857169151306,0.21218857169151306
[P66614]__[Cl]__R1234yf__313.15__0.615,L2,M0,R1234YF,HFO,P66614,CL,313.15,0.615,0.501,0.2824816644191742,0.054331680027641126,0.21851833558082578,0.3642045855522156,0.3642045855522156,0.3091869652271271,0.3091869652271271,0.25500571727752686,0.25500571727752686,0.2558683156967163,0.2558683156967163,0.22814273834228516,0.22814273834228516
[P66614]__[Cl]__R1234yf__313.15__0.686,L2,M0,R1234YF,HFO,P66614,CL,313.15,0.686,0.538,0.3020680367946625,0.057642040753001306,0.23593196320533755,0.38678088784217834,0.38678088784217834,0.33488208055496216,0.33488208055496216,0.27172136306762695,0.27172136306762695,0.2710531949996948,0.2710531949996948,0.2459026575088501,0.2459026575088501
[P66614]__[Cl]__R1234yf__323.15__0.084,L2,M0,R1234YF,HFO,P66614,CL,323.15,0.084,0.087,0.09792110919952393,0.010155498182288962,0.010921109199523937,0.11222062259912491,0.11222062259912491,0.09154894202947617,0.09154894202947617,0.1020883247256279,0.1020883247256279,0.09807669371366501,0.09807669371366501,0.08567096292972565,0.08567096292972565
[P66614]__[Cl]__R1234yf__323.15__0.175,L2,M0,R1234YF,HFO,P66614,CL,323.15,0.175,0.159,0.12073903381824494,0.018394697339316767,0.03826096618175506,0.15004506707191467,0.15004506707191467,0.11869160830974579,0.11869160830974579,0.12355411052703857,0.12355411052703857,0.10959360003471375,0.10959360003471375,0.10181078314781189,0.10181078314781189
[P66614]__[Cl]__R1234yf__323.15__0.244,L2,M0,R1234YF,HFO,P66614,CL,323.15,0.244,0.209,0.1411019444465637,0.02545734632567065,0.06789805555343628,0.18224921822547913,0.18224921822547913,0.14213216304779053,0.14213216304779053,0.14002518355846405,0.14002518355846405,0.12566782534122467,0.12566782534122467,0.11543533205986023,0.11543533205986023
[P66614]__[Cl]__R1234yf__323.15__0.319,L2,M0,R1234YF,HFO,P66614,CL,323.15,0.319,0.258,0.1640173852443695,0.03223324117027933,0.0939826147556305,0.2161485105752945,0.2161485105752945,0.16719861328601837,0.16719861328601837,0.15972654521465302,0.15972654521465302,0.1458600014448166,0.1458600014448166,0.13115325570106506,0.13115325570106506
[P66614]__[Cl]__R1234yf__323.15__0.389,L2,M0,R1234YF,HFO,P66614,CL,323.15,0.389,0.299,0.184758785367012,0.03689472939962933,0.11424121463298798,0.2435728758573532,0.2435728758573532,0.19245366752147675,0.19245366752147675,0.17651109397411346,0.17651109397411346,0.16461043059825897,0.16461043059825897,0.14664585888385773,0.14664585888385773
[P66614]__[Cl]__R1234yf__323.15__0.453,L2,M0,R1234YF,HFO,P66614,CL,323.15,0.453,0.336,0.20235951244831085,0.03986020877971468,0.13364048755168917,0.2652100920677185,0.2652100920677185,0.21367812156677246,0.21367812156677246,0.19088056683540344,0.19088056683540344,0.18050752580165863,0.18050752580165863,0.16152125597000122,0.16152125597000122
[P66614]__[Cl]__R1234yf__323.15__0.522,L2,M0,R1234YF,HFO,P66614,CL,323.15,0.522,0.375,0.21994473338127135,0.04288349663262299,0.15505526661872865,0.2872735559940338,0.2872735559940338,0.23400235176086426,0.23400235176086426,0.20622730255126953,0.20622730255126953,0.1946972757577896,0.1946972757577896,0.1775231808423996,0.1775231808423996
[P66614]__[Cl]__R1234yf__323.15__0.589,L2,M0,R1234YF,HFO,P66614,CL,323.15,0.589,0.409,0.23695068955421447,0.04615219286200801,0.1720493104457855,0.3087194859981537,0.3087194859981537,0.2545578181743622,0.2545578181743622,0.2206803411245346,0.2206803411245346,0.2082206755876541,0.2082206755876541,0.1925751268863678,0.1925751268863678
[P66614]__[Cl]__R1234yf__323.15__0.659,L2,M0,R1234YF,HFO,P66614,CL,323.15,0.659,0.442,0.25443716049194337,0.049560759858897595,0.18756283950805663,0.3299269378185272,0.3299269378185272,0.2772335112094879,0.2772335112094879,0.23517097532749176,0.23517097532749176,0.22245825827121735,0.22245825827121735,0.20739611983299255,0.20739611983299255
[P66614]__[Cl]__R1234yf__323.15__0.737,L2,M0,R1234YF,HFO,P66614,CL,323.15,0.737,0.477,0.2742072016000748,0.05305885408771798,0.2027927983999252,0.352883905172348,0.352883905172348,0.3032418489456177,0.3032418489456177,0.2510097622871399,0.2510097622871399,0.2396480292081833,0.2396480292081833,0.22425246238708496,0.22425246238708496
[P66614]__[Cl]__R1234yf__333.15__0.088,L2,M0,R1234YF,HFO,P66614,CL,333.15,0.088,0.074,0.09289706498384476,0.009413562097610717,0.01889706498384476,0.10443641245365143,0.10443641245365143,0.08530575782060623,0.08530575782060623,0.09882689267396927,0.09882689267396927,0.09427189081907272,0.09427189081907272,0.08164437115192413,0.08164437115192413
[P66614]__[Cl]__R1234yf__333.15__0.184,L2,M0,R1234YF,HFO,P66614,CL,333.15,0.184,0.137,0.11292053610086442,0.015323526390103582,0.024079463899135595,0.1365078240633011,0.1365078240633011,0.10954496264457703,0.10954496264457703,0.11795483529567719,0.11795483529567719,0.10400309413671494,0.10400309413671494,0.09659196436405182,0.09659196436405182
[P66614]__[Cl]__R1234yf__333.15__0.256,L2,M0,R1234YF,HFO,P66614,CL,333.15,0.256,0.181,0.12957417368888854,0.0212804432750582,0.05142582631111145,0.16349560022354126,0.16349560022354126,0.12926344573497772,0.12926344573497772,0.13173718750476837,0.13173718750476837,0.11452557891607285,0.11452557891607285,0.10884905606508255,0.10884905606508255
[P66614]__[Cl]__R1234yf__333.15__0.336,L2,M0,R1234YF,HFO,P66614,CL,333.15,0.336,0.225,0.1500957041978836,0.027634120112572512,0.07490429580211641,0.195060133934021,0.195060133934021,0.15072466433048248,0.15072466433048248,0.14856627583503723,0.14856627583503723,0.13350556790828705,0.13350556790828705,0.12262187898159027,0.12262187898159027
[P66614]__[Cl]__R1234yf__333.15__0.41,L2,M0,R1234YF,HFO,P66614,CL,333.15,0.41,0.262,0.1678510069847107,0.03158343817677004,0.09414899301528931,0.21895316243171692,0.21895316243171692,0.17123587429523468,0.17123587429523468,0.16275669634342194,0.16275669634342194,0.1509454995393753,0.1509454995393753,0.13536380231380463,0.13536380231380463
[P66614]__[Cl]__R1234yf__333.15__0.478,L2,M0,R1234YF,HFO,P66614,CL,333.15,0.478,0.296,0.18281058073043824,0.03440716774975726,0.11318941926956175,0.237971693277359,0.237971693277359,0.1893427073955536,0.1893427073955536,0.17471490800380707,0.17471490800380707,0.16461721062660217,0.16461721062660217,0.14740638434886932,0.14740638434886932
[P66614]__[Cl]__R1234yf__333.15__0.552,L2,M0,R1234YF,HFO,P66614,CL,333.15,0.552,0.332,0.1984849601984024,0.03752984887515309,0.13351503980159762,0.25833773612976074,0.25833773612976074,0.20776477456092834,0.20776477456092834,0.1884940266609192,0.1884940266609192,0.17655618488788605,0.17655618488788605,0.1612720787525177,0.1612720787525177
[P66614]__[Cl]__R1234yf__333.15__0.624,L2,M0,R1234YF,HFO,P66614,CL,333.15,0.624,0.364,0.21363817453384398,0.04079290954603336,0.150361825466156,0.277813583612442,0.277813583612442,0.22675801813602448,0.22675801813602448,0.20224538445472717,0.20224538445472717,0.18635569512844086,0.18635569512844086,0.17501819133758545,0.17501819133758545
[P66614]__[Cl]__R1234yf__333.15__0.698,L2,M0,R1234YF,HFO,P66614,CL,333.15,0.698,0.395,0.22994806468486786,0.04469541282729183,0.16505193531513215,0.2991493046283722,0.2991493046283722,0.24776454269886017,0.24776454269886017,0.2156887948513031,0.2156887948513031,0.19770759344100952,0.19770759344100952,0.1894300878047943,0.1894300878047943
[P66614]__[Cl]__R1234yf__333.15__0.783,L2,M0,R1234YF,HFO,P66614,CL,333.15,0.783,0.427,0.24898979365825652,0.04866390248997079,0.17801020634174347,0.32263728976249695,0.32263728976249695,0.27276912331581116,0.27276912331581116,0.23059627413749695,0.23059627413749695,0.2127775400876999,0.2127775400876999,0.2061687409877777,0.2061687409877777
[P66614]__[Cl]__R1234yf__343.15__0.092,L2,M0,R1234YF,HFO,P66614,CL,343.15,0.092,0.061,0.08846019357442855,0.008705247801774422,0.027460193574428554,0.09806792438030243,0.09806792438030243,0.08037036657333374,0.08037036657333374,0.09505053609609604,0.09505053609609604,0.09028259664773941,0.09028259664773941,0.07852954417467117,0.07852954417467117
[P66614]__[Cl]__R1234yf__343.15__0.193,L2,M0,R1234YF,HFO,P66614,CL,343.15,0.193,0.118,0.1066247656941414,0.013055691478425321,0.0113752343058586,0.12606731057167053,0.12606731057167053,0.10318557918071747,0.10318557918071747,0.11223818361759186,0.11223818361759186,0.09947771579027176,0.09947771579027176,0.09215503931045532,0.09215503931045532
[P66614]__[Cl]__R1234yf__343.15__0.269,L2,M0,R1234YF,HFO,P66614,CL,343.15,0.269,0.158,0.1216798335313797,0.018279324266113374,0.036320166468620296,0.1500762552022934,0.1500762552022934,0.1209540069103241,0.1209540069103241,0.12573623657226562,0.12573623657226562,0.1080406978726387,0.1080406978726387,0.10359197109937668,0.10359197109937668
[P66614]__[Cl]__R1234yf__343.15__0.352,L2,M0,R1234YF,HFO,P66614,CL,343.15,0.352,0.198,0.13905710130929946,0.023663918837752772,0.058942898690700546,0.17728176712989807,0.17728176712989807,0.14012332260608673,0.14012332260608673,0.138655424118042,0.138655424118042,0.12287712842226028,0.12287712842226028,0.11634786427021027,0.11634786427021027
[P66614]__[Cl]__R1234yf__343.15__0.43,L2,M0,R1234YF,HFO,P66614,CL,343.15,0.43,0.23,0.15404967665672303,0.027107516425093073,0.07595032334327698,0.19825056195259094,0.19825056195259094,0.1560971587896347,0.1560971587896347,0.15041583776474,0.15041583776474,0.1382267326116562,0.1382267326116562,0.1272580921649933,0.1272580921649933
[P66614]__[Cl]__R1234yf__343.15__0.502,L2,M0,R1234YF,HFO,P66614,CL,343.15,0.502,0.262,0.16717734932899475,0.029753289628086304,0.09482265067100526,0.2154543250799179,0.2154543250799179,0.17107683420181274,0.17107683420181274,0.161246657371521,0.161246657371521,0.15078692138195038,0.15078692138195038,0.13732200860977173,0.13732200860977173
[P66614]__[Cl]__R1234yf__343.15__0.58,L2,M0,R1234YF,HFO,P66614,CL,343.15,0.58,0.296,0.18060950338840484,0.03267163859430365,0.11539049661159514,0.23301199078559875,0.23301199078559875,0.18767425417900085,0.18767425417900085,0.17258663475513458,0.17258663475513458,0.1614517867565155,0.1614517867565155,0.14832285046577454,0.14832285046577454
[P66614]__[Cl]__R1234yf__343.15__0.656,L2,M0,R1234YF,HFO,P66614,CL,343.15,0.656,0.325,0.19434076249599458,0.036141502386472554,0.13065923750400543,0.25143682956695557,0.25143682956695557,0.20480842888355255,0.20480842888355255,0.1854528933763504,0.1854528933763504,0.17024101316928864,0.17024101316928864,0.15976464748382568,0.15976464748382568
[P66614]__[Cl]__R1234yf__343.15__0.735,L2,M0,R1234YF,HFO,P66614,CL,343.15,0.735,0.355,0.20907523036003112,0.04039877698117764,0.14592476963996887,0.27181941270828247,0.27181941270828247,0.2240266352891922,0.2240266352891922,0.19807302951812744,0.19807302951812744,0.17910607159137726,0.17910607159137726,0.17235100269317627,0.17235100269317627
[P66614]__[Cl]__R1234yf__343.15__0.825,L2,M0,R1234YF,HFO,P66614,CL,343.15,0.825,0.384,0.2266452580690384,0.04463773216311634,0.1573547419309616,0.29504314064979553,0.29504314064979553,0.2463042289018631,0.2463042289018631,0.21181659400463104,0.21181659400463104,0.19149573147296906,0.19149573147296906,0.18856659531593323,0.18856659531593323
[emim]__[Ac]__R1234yf__283.15__0.073,L2,Mreduced,R1234YF,HFO,EMIM,AC,283.15,0.073,0.009,0.01644619442522526,0.013308998059650367,0.007446194425225259,0.007240269333124161,0.007240269333124161,0.007999099791049957,0.007999099791049957,0.00734148733317852,0.00734148733317852,0.037292707711458206,0.037292707711458206,0.022357407957315445,0.022357407957315445
[emim]__[Ac]__R1234yf__283.15__0.145,L2,Mreduced,R1234YF,HFO,EMIM,AC,283.15,0.145,0.019,0.043762906640768054,0.009152935141835072,0.024762906640768054,0.0417947880923748,0.0417947880923748,0.037870701402425766,0.037870701402425766,0.03340553119778633,0.03340553119778633,0.05628465861082077,0.05628465861082077,0.04945885390043259,0.04945885390043259
[emim]__[Ac]__R1234yf__283.15__0.207,L2,Mreduced,R1234YF,HFO,EMIM,AC,283.15,0.207,0.027,0.06639596670866013,0.008384543182484001,0.039395966708660135,0.0748230367898941,0.0748230367898941,0.05859263986349106,0.05859263986349106,0.05623037368059158,0.05623037368059158,0.07070207595825195,0.07070207595825195,0.07163170725107193,0.07163170725107193
[emim]__[Ac]__R1234yf__283.15__0.266,L2,Mreduced,R1234YF,HFO,EMIM,AC,283.15,0.266,0.035,0.08781696110963821,0.013083632843001675,0.05281696110963821,0.10909032821655273,0.10909032821655273,0.07783155143260956,0.07783155143260956,0.07717736810445786,0.07717736810445786,0.08440650999546051,0.08440650999546051,0.09057904779911041,0.09057904779911041
[emim]__[Ac]__R1234yf__283.15__0.319,L2,Mreduced,R1234YF,HFO,EMIM,AC,283.15,0.319,0.043,0.1084387555718422,0.01880306503990003,0.0654387555718422,0.14102856814861298,0.14102856814861298,0.09617578983306885,0.09617578983306885,0.1004592627286911,0.1004592627286911,0.09670432657003403,0.09670432657003403,0.10782583057880402,0.10782583057880402
[emim]__[Ac]__R1234yf__283.15__0.371,L2,Mreduced,R1234YF,HFO,EMIM,AC,283.15,0.371,0.051,0.13031569719314576,0.02690764171246343,0.07931569719314577,0.17698021233081818,0.17698021233081818,0.11389483511447906,0.11389483511447906,0.12637169659137726,0.12637169659137726,0.11055254936218262,0.11055254936218262,0.12377919256687164,0.12377919256687164
[emim]__[Ac]__R1234yf__283.15__0.42,L2,Mreduced,R1234YF,HFO,EMIM,AC,283.15,0.42,0.06,0.15346809327602387,0.033540049908138934,0.09346809327602387,0.210917666554451,0.210917666554451,0.13352635502815247,0.13352635502815247,0.15384869277477264,0.15384869277477264,0.1280546486377716,0.1280546486377716,0.14099310338497162,0.14099310338497162
[emim]__[Ac]__R1234yf__293.15__0.076,L2,Mreduced,R1234YF,HFO,EMIM,AC,293.15,0.076,0.009,0.011377374082803727,0.012583373943164016,0.0023773740828037272,-0.003816964104771614,0.0,0.0010645240545272827,0.0010645240545272827,0.007993936538696289,0.007993936538696289,0.029904771596193314,0.029904771596193314,0.017923638224601746,0.017923638224601746
[emim]__[Ac]__R1234yf__293.15__0.153,L2,Mreduced,R1234YF,HFO,EMIM,AC,293.15,0.153,0.016,0.033179592713713645,0.010002725995773353,0.017179592713713644,0.02361157163977623,0.02361157163977623,0.024710150435566902,0.024710150435566902,0.030615106225013733,0.030615106225013733,0.046492449939250946,0.046492449939250946,0.04046868532896042,0.04046868532896042
[emim]__[Ac]__R1234yf__293.15__0.219,L2,Mreduced,R1234YF,HFO,EMIM,AC,293.15,0.219,0.022,0.05209432020783424,0.008080966899508721,0.030094320207834244,0.04991356283426285,0.04991356283426285,0.0429958775639534,0.0429958775639534,0.04650386422872543,0.04650386422872543,0.060279250144958496,0.060279250144958496,0.06077904626727104,0.06077904626727104
[emim]__[Ac]__R1234yf__293.15__0.282,L2,Mreduced,R1234YF,HFO,EMIM,AC,293.15,0.282,0.028,0.07006428763270378,0.008199925269831565,0.042064287632703784,0.07800760120153427,0.07800760120153427,0.059825364500284195,0.059825364500284195,0.06349562853574753,0.06349562853574753,0.07144778221845627,0.07144778221845627,0.07754506170749664,0.07754506170749664
[emim]__[Ac]__R1234yf__293.15__0.339,L2,Mreduced,R1234YF,HFO,EMIM,AC,293.15,0.339,0.034,0.08597152978181839,0.013391989814054577,0.05197152978181839,0.10730209946632385,0.10730209946632385,0.0733942985534668,0.0733942985534668,0.07835343480110168,0.07835343480110168,0.08063306659460068,0.08063306659460068,0.09017474949359894,0.09017474949359894
[emim]__[Ac]__R1234yf__293.15__0.395,L2,Mreduced,R1234YF,HFO,EMIM,AC,293.15,0.395,0.039,0.10098140984773636,0.020679895075159944,0.06198140984773636,0.13634587824344635,0.13634587824344635,0.08504219353199005,0.08504219353199005,0.09340324997901917,0.09340324997901917,0.08879996091127396,0.08879996091127396,0.10131576657295227,0.10131576657295227
[emim]__[Ac]__R1234yf__293.15__0.449,L2,Mreduced,R1234YF,HFO,EMIM,AC,293.15,0.449,0.046,0.11732786744832993,0.02873743268234189,0.07132786744832993,0.1668681651353836,0.1668681651353836,0.09623267501592636,0.09623267501592636,0.11200904846191406,0.11200904846191406,0.09840233623981476,0.09840233623981476,0.11312711238861084,0.11312711238861084
[emim]__[Ac]__R1234yf__303.15__0.08,L2,Mreduced,R1234YF,HFO,EMIM,AC,303.15,0.08,0.007,0.009805713966488838,0.010882988502924813,0.0028057139664888374,-0.009014857932925224,0.0,-0.00455813854932785,0.0,0.008308829739689827,0.008308829739689827,0.02567177265882492,0.02567177265882492,0.015047967433929443,0.015047967433929443
[emim]__[Ac]__R1234yf__303.15__0.161,L2,Mreduced,R1234YF,HFO,EMIM,AC,303.15,0.161,0.012,0.02672056220471859,0.010276896885889541,0.014720562204718589,0.0161136444658041,0.0161136444658041,0.016447344794869423,0.016447344794869423,0.028299978002905846,0.028299978002905846,0.0391690731048584,0.0391690731048584,0.03357277065515518,0.03357277065515518
[emim]__[Ac]__R1234yf__303.15__0.23,L2,Mreduced,R1234YF,HFO,EMIM,AC,303.15,0.23,0.018,0.0422439344227314,0.00882193226874281,0.024243934422731404,0.035978659987449646,0.035978659987449646,0.030899789184331894,0.030899789184331894,0.04295443743467331,0.04295443743467331,0.05050477385520935,0.05050477385520935,0.0508820116519928,0.0508820116519928
[emim]__[Ac]__R1234yf__303.15__0.297,L2,Mreduced,R1234YF,HFO,EMIM,AC,303.15,0.297,0.022,0.05711871683597565,0.00749457762987934,0.03511871683597565,0.06067122146487236,0.06067122146487236,0.045186854898929596,0.045186854898929596,0.055549830198287964,0.055549830198287964,0.05911458656191826,0.05911458656191826,0.06507109105587006,0.06507109105587006
[emim]__[Ac]__R1234yf__303.15__0.358,L2,Mreduced,R1234YF,HFO,EMIM,AC,303.15,0.358,0.027,0.07012224644422531,0.010153360007506025,0.04312224644422531,0.08352614939212799,0.08352614939212799,0.056904688477516174,0.056904688477516174,0.06699874997138977,0.06699874997138977,0.06690441817045212,0.06690441817045212,0.0762772262096405,0.0762772262096405
[emim]__[Ac]__R1234yf__303.15__0.417,L2,Mreduced,R1234YF,HFO,EMIM,AC,303.15,0.417,0.032,0.08162566423416137,0.01675621056035408,0.04962566423416137,0.10861948132514954,0.10861948132514954,0.06480784714221954,0.06480784714221954,0.07612325996160507,0.07612325996160507,0.07335676997900009,0.07335676997900009,0.08522096276283264,0.08522096276283264
[emim]__[Ac]__R1234yf__303.15__0.474,L2,Mreduced,R1234YF,HFO,EMIM,AC,303.15,0.474,0.037,0.09363891035318375,0.024418120742023073,0.056638910353183754,0.13492968678474426,0.13492968678474426,0.07286776602268219,0.07286776602268219,0.08712439984083176,0.08712439984083176,0.07928450405597687,0.07928450405597687,0.09398819506168365,0.09398819506168365
[emim]__[Ac]__R1234yf__313.15__0.084,L2,Mreduced,R1234YF,HFO,EMIM,AC,313.15,0.084,0.006,0.008156342059373855,0.009444834511781082,0.002156342059373855,-0.008292082697153091,0.0,-0.008081138134002686,0.0,0.007332712411880493,0.007332712411880493,0.022899560630321503,0.022899560630321503,0.010549437254667282,0.010549437254667282
[emim]__[Ac]__R1234yf__313.15__0.168,L2,Mreduced,R1234YF,HFO,EMIM,AC,313.15,0.168,0.011,0.021720629185438156,0.009871831169646293,0.010720629185438157,0.012313676998019218,0.012313676998019218,0.010983340442180634,0.010983340442180634,0.024667663499712944,0.024667663499712944,0.03415818512439728,0.03415818512439728,0.026480279862880707,0.026480279862880707
[emim]__[Ac]__R1234yf__313.15__0.24,L2,Mreduced,R1234YF,HFO,EMIM,AC,313.15,0.24,0.015,0.03451298139989376,0.007598486588132046,0.019512981399893763,0.030368104577064514,0.030368104577064514,0.023237494751811028,0.023237494751811028,0.03744328022003174,0.03744328022003174,0.040906138718128204,0.040906138718128204,0.04060988873243332,0.04060988873243332
[emim]__[Ac]__R1234yf__313.15__0.311,L2,Mreduced,R1234YF,HFO,EMIM,AC,313.15,0.311,0.019,0.0467018835246563,0.007273164245200022,0.027701883524656298,0.04927455633878708,0.04927455633878708,0.03433952108025551,0.03433952108025551,0.04873377084732056,0.04873377084732056,0.04758673161268234,0.04758673161268234,0.05357483774423599,0.05357483774423599
[emim]__[Ac]__R1234yf__313.15__0.375,L2,Mreduced,R1234YF,HFO,EMIM,AC,313.15,0.375,0.022,0.05650774985551834,0.009711887375969478,0.03450774985551834,0.0675814151763916,0.0675814151763916,0.04248654842376709,0.04248654842376709,0.056694380939006805,0.056694380939006805,0.052681632339954376,0.052681632339954376,0.06309477239847183,0.06309477239847183
[emim]__[Ac]__R1234yf__313.15__0.438,L2,Mreduced,R1234YF,HFO,EMIM,AC,313.15,0.438,0.026,0.06585724949836731,0.014491457255702438,0.03985724949836732,0.0874565988779068,0.0874565988779068,0.04897968843579292,0.04897968843579292,0.0638187825679779,0.0638187825679779,0.05815673992037773,0.05815673992037773,0.07087443768978119,0.07087443768978119
[emim]__[Ac]__R1234yf__313.15__0.5,L2,Mreduced,R1234YF,HFO,EMIM,AC,313.15,0.5,0.03,0.07566113620996476,0.02026753998748593,0.04566113620996476,0.1084822416305542,0.1084822416305542,0.0554078072309494,0.0554078072309494,0.07297734171152115,0.07297734171152115,0.06366148591041565,0.06366148591041565,0.07777680456638336,0.07777680456638336
[emim]__[Ac]__R1234yf__323.15__0.087,L2,Mreduced,R1234YF,HFO,EMIM,AC,323.15,0.087,0.005,0.006563699245452881,0.008509017512206566,0.001563699245452881,-0.007198726758360863,0.0,-0.010768663138151169,0.0,0.0057215578854084015,0.0057215578854084015,0.02079988270998001,0.02079988270998001,0.006297055631875992,0.006297055631875992
[emim]__[Ac]__R1234yf__323.15__0.175,L2,Mreduced,R1234YF,HFO,EMIM,AC,323.15,0.175,0.009,0.01709308885037899,0.009375083091862677,0.00809308885037899,0.011677559465169907,0.011677559465169907,0.0046989284455776215,0.0046989284455776215,0.020112724974751472,0.020112724974751472,0.029494836926460266,0.029494836926460266,0.019481394439935684,0.019481394439935684
[emim]__[Ac]__R1234yf__323.15__0.251,L2,Mreduced,R1234YF,HFO,EMIM,AC,323.15,0.251,0.012,0.028709788247942923,0.006982593850657265,0.016709788247942923,0.02974487841129303,0.02974487841129303,0.016729533672332764,0.016729533672332764,0.03168773651123047,0.03168773651123047,0.03490948677062988,0.03490948677062988,0.030477305874228477,0.030477305874228477
[emim]__[Ac]__R1234yf__323.15__0.324,L2,Mreduced,R1234YF,HFO,EMIM,AC,323.15,0.324,0.015,0.03766866475343704,0.0070265606195186615,0.02266866475343704,0.04299211502075195,0.04299211502075195,0.02540939301252365,0.02540939301252365,0.04051607847213745,0.04051607847213745,0.03861832618713379,0.03861832618713379,0.04080741107463837,0.04080741107463837
[emim]__[Ac]__R1234yf__323.15__0.392,L2,Mreduced,R1234YF,HFO,EMIM,AC,323.15,0.392,0.019,0.045202340558171274,0.009288001585967917,0.026202340558171274,0.05583994835615158,0.05583994835615158,0.031192800030112267,0.031192800030112267,0.04806860536336899,0.04806860536336899,0.041760675609111786,0.041760675609111786,0.04914967343211174,0.04914967343211174
[emim]__[Ac]__R1234yf__323.15__0.458,L2,Mreduced,R1234YF,HFO,EMIM,AC,323.15,0.458,0.021,0.052130406349897386,0.012313476321293646,0.031130406349897385,0.06868933141231537,0.06868933141231537,0.03593386337161064,0.03593386337161064,0.05447270721197128,0.05447270721197128,0.045263685286045074,0.045263685286045074,0.056292444467544556,0.056292444467544556
[emim]__[Ac]__R1234yf__323.15__0.523,L2,Mreduced,R1234YF,HFO,EMIM,AC,323.15,0.523,0.024,0.05908284783363342,0.015410049865906904,0.03508284783363342,0.08186748623847961,0.08186748623847961,0.04110486060380936,0.04110486060380936,0.061281464993953705,0.061281464993953705,0.04932881519198418,0.04932881519198418,0.06183161213994026,0.06183161213994026
[emim]__[Ac]__R1234yf__333.15__0.091,L2,Mreduced,R1234YF,HFO,EMIM,AC,333.15,0.091,0.004,0.004886547103524208,0.007482601103232472,0.000886547103524208,-0.008651185780763626,0.0,-0.013320285826921463,0.0,0.0050448160618543625,0.0050448160618543625,0.01775476336479187,0.01775476336479187,0.0016331560909748077,0.0016331560909748077
[emim]__[Ac]__R1234yf__333.15__0.182,L2,Mreduced,R1234YF,HFO,EMIM,AC,333.15,0.182,0.007,0.012608523853123188,0.008987987856972513,0.005608523853123188,0.009365753270685673,0.009365753270685673,9.685009717941284e-05,9.685009717941284e-05,0.01620020717382431,0.01620020717382431,0.024572573602199554,0.024572573602199554,0.01280723512172699,0.01280723512172699
[emim]__[Ac]__R1234yf__333.15__0.261,L2,Mreduced,R1234YF,HFO,EMIM,AC,333.15,0.261,0.01,0.022664741426706315,0.007278890163067061,0.012664741426706315,0.026403337717056274,0.026403337717056274,0.010489389300346375,0.010489389300346375,0.026104845106601715,0.026104845106601715,0.028726428747177124,0.028726428747177124,0.021599706262350082,0.021599706262350082
[emim]__[Ac]__R1234yf__333.15__0.338,L2,Mreduced,R1234YF,HFO,EMIM,AC,333.15,0.338,0.013,0.03036559447646141,0.007420381978434596,0.01736559447646141,0.037959955632686615,0.037959955632686615,0.01824766956269741,0.01824766956269741,0.03414415568113327,0.03414415568113327,0.031504519283771515,0.031504519283771515,0.029971672222018242,0.029971672222018242
[emim]__[Ac]__R1234yf__333.15__0.408,L2,Mreduced,R1234YF,HFO,EMIM,AC,333.15,0.408,0.015,0.036245274171233174,0.008739279528219302,0.021245274171233175,0.04663059860467911,0.04663059860467911,0.023246129974722862,0.023246129974722862,0.04118678346276283,0.04118678346276283,0.03420400992035866,0.03420400992035866,0.035958848893642426,0.035958848893642426
[emim]__[Ac]__R1234yf__333.15__0.478,L2,Mreduced,R1234YF,HFO,EMIM,AC,333.15,0.478,0.017,0.04145436137914658,0.010009498526521448,0.024454361379146576,0.05430598184466362,0.05430598184466362,0.02767280489206314,0.02767280489206314,0.04661157727241516,0.04661157727241516,0.03708983585238457,0.03708983585238457,0.04159160703420639,0.04159160703420639
[emim]__[Ac]__R1234yf__333.15__0.545,L2,Mreduced,R1234YF,HFO,EMIM,AC,333.15,0.545,0.02,0.046418264508247375,0.012031011032438458,0.026418264508247375,0.06355075538158417,0.06355075538158417,0.031575195491313934,0.031575195491313934,0.05097111314535141,0.05097111314535141,0.03975635766983032,0.03975635766983032,0.04623790085315704,0.04623790085315704
[emim]__[Ac]__R1234yf__343.15__0.094,L2,Mreduced,R1234YF,HFO,EMIM,AC,343.15,0.094,0.003,0.0035444661974906922,0.006173310803752379,0.0005444661974906922,-0.013720374554395676,0.0,-0.01636815071105957,0.0,0.0034660398960113525,0.0034660398960113525,0.014256291091442108,0.014256291091442108,-0.0032117515802383423,0.0
[emim]__[Ac]__R1234yf__343.15__0.189,L2,Mreduced,R1234YF,HFO,EMIM,AC,343.15,0.189,0.006,0.008930814638733863,0.007947002739644207,0.002930814638733863,0.0041677746921777725,0.0041677746921777725,-0.0043330080807209015,0.0,0.013316195458173752,0.013316195458173752,0.020203888416290283,0.020203888416290283,0.006966214627027512,0.006966214627027512
[emim]__[Ac]__R1234yf__343.15__0.271,L2,Mreduced,R1234YF,HFO,EMIM,AC,343.15,0.271,0.009,0.0164436686784029,0.007249641629206264,0.007443668678402902,0.019188474863767624,0.019188474863767624,0.0047927722334861755,0.0047927722334861755,0.020886460319161415,0.020886460319161415,0.022991158068180084,0.022991158068180084,0.014359477907419205,0.014359477907419205
[emim]__[Ac]__R1234yf__343.15__0.35,L2,Mreduced,R1234YF,HFO,EMIM,AC,343.15,0.35,0.01,0.02367173619568348,0.007579313744007443,0.013671736195683478,0.029880456626415253,0.029880456626415253,0.011357735842466354,0.011357735842466354,0.02927914448082447,0.02927914448082447,0.025924943387508392,0.025924943387508392,0.021916400641202927,0.021916400641202927
[emim]__[Ac]__R1234yf__343.15__0.424,L2,Mreduced,R1234YF,HFO,EMIM,AC,343.15,0.424,0.013,0.028885534033179283,0.008107555403781178,0.015885534033179285,0.03629655763506889,0.03629655763506889,0.016604190692305565,0.016604190692305565,0.03614119067788124,0.03614119067788124,0.02861092984676361,0.02861092984676361,0.026774801313877106,0.026774801313877106
[emim]__[Ac]__R1234yf__343.15__0.496,L2,Mreduced,R1234YF,HFO,EMIM,AC,343.15,0.496,0.015,0.033103324472904205,0.008704772142012705,0.018103324472904206,0.041809409856796265,0.041809409856796265,0.020516904070973396,0.020516904070973396,0.040921516716480255,0.040921516716480255,0.031154904514551163,0.031154904514551163,0.031113887205719948,0.031113887205719948
[emim]__[Ac]__R1234yf__343.15__0.568,L2,Mreduced,R1234YF,HFO,EMIM,AC,343.15,0.568,0.018,0.03706746995449066,0.009673378445258798,0.01906746995449066,0.04888994246721268,0.04888994246721268,0.024353675544261932,0.024353675544261932,0.04429478943347931,0.04429478943347931,0.033361420035362244,0.033361420035362244,0.034437522292137146,0.034437522292137146
[emim]__[BF4]__R1234yf__283.15__0.0592,L2,Mreduced,R1234YF,HFO,EMIM,BF4,283.15,0.0592,0.0065,0.012783292680978775,0.013868798880366318,0.006283292680978775,0.005252635106444359,0.005252635106444359,0.003130964934825897,0.003130964934825897,0.00258609838783741,0.00258609838783741,0.03486016392707825,0.03486016392707825,0.018086601048707962,0.018086601048707962
[emim]__[BF4]__R1234yf__283.15__0.1096,L2,Mreduced,R1234YF,HFO,EMIM,BF4,283.15,0.1096,0.0121,0.03282851539552212,0.010617908939335598,0.020728515395522118,0.03018110804259777,0.03018110804259777,0.026445161551237106,0.026445161551237106,0.021533120423555374,0.021533120423555374,0.04886703938245773,0.04886703938245773,0.037116147577762604,0.037116147577762604
[emim]__[BF4]__R1234yf__283.15__0.1594,L2,Mreduced,R1234YF,HFO,EMIM,BF4,283.15,0.1594,0.0174,0.05226942673325539,0.008610765143233345,0.03486942673325539,0.05664236471056938,0.05664236471056938,0.04691158980131149,0.04691158980131149,0.04013524949550629,0.04013524949550629,0.061609141528606415,0.061609141528606415,0.056048788130283356,0.056048788130283356
[emim]__[BF4]__R1234yf__283.15__0.2062,L2,Mreduced,R1234YF,HFO,EMIM,BF4,283.15,0.2062,0.0228,0.07057793587446212,0.010159073419010988,0.04777793587446212,0.08504770696163177,0.08504770696163177,0.06323635578155518,0.06323635578155518,0.058801718056201935,0.058801718056201935,0.07271137833595276,0.07271137833595276,0.073092520236969,0.073092520236969
[emim]__[BF4]__R1234yf__283.15__0.2512,L2,Mreduced,R1234YF,HFO,EMIM,BF4,283.15,0.2512,0.0279,0.08839994668960571,0.014875303425255735,0.06049994668960571,0.1136954128742218,0.1136954128742218,0.0787511020898819,0.0787511020898819,0.07669012248516083,0.07669012248516083,0.08452516049146652,0.08452516049146652,0.08833793550729752,0.08833793550729752
[emim]__[BF4]__R1234yf__283.15__0.2972,L2,Mreduced,R1234YF,HFO,EMIM,BF4,283.15,0.2972,0.0337,0.10802003294229508,0.020349796504955497,0.07432003294229508,0.14395834505558014,0.14395834505558014,0.09604500979185104,0.09604500979185104,0.0985710546374321,0.0985710546374321,0.09709697961807251,0.09709697961807251,0.10442877560853958,0.10442877560853958
[emim]__[BF4]__R1234yf__283.15__0.3411,L2,Mreduced,R1234YF,HFO,EMIM,BF4,283.15,0.3411,0.0398,0.12846069633960724,0.02684982443172747,0.08866069633960724,0.1755410134792328,0.1755410134792328,0.11303135007619858,0.11303135007619858,0.12340373545885086,0.12340373545885086,0.11017180979251862,0.11017180979251862,0.12015557289123535,0.12015557289123535
[emim]__[BF4]__R1234yf__293.15__0.0618,L2,Mreduced,R1234YF,HFO,EMIM,BF4,293.15,0.0618,0.0052,0.009113213419914246,0.012366968096622643,0.003913213419914246,-0.005830662325024605,0.0,-0.00422416627407074,0.0,0.002551466226577759,0.002551466226577759,0.028413202613592148,0.028413202613592148,0.014601398259401321,0.014601398259401321
[emim]__[BF4]__R1234yf__293.15__0.1144,L2,Mreduced,R1234YF,HFO,EMIM,BF4,293.15,0.1144,0.0095,0.023858187720179558,0.01154956214893366,0.014358187720179558,0.013222044333815575,0.013222044333815575,0.0151478610932827,0.0151478610932827,0.01952025294303894,0.01952025294303894,0.04045848920941353,0.04045848920941353,0.030942291021347046,0.030942291021347046
[emim]__[BF4]__R1234yf__293.15__0.1665,L2,Mreduced,R1234YF,HFO,EMIM,BF4,293.15,0.1665,0.0139,0.039657457172870635,0.008751650107866214,0.025757457172870635,0.03428099304437637,0.03428099304437637,0.031330883502960205,0.031330883502960205,0.034864116460084915,0.034864116460084915,0.051560189574956894,0.051560189574956894,0.04625110328197479,0.04625110328197479
[emim]__[BF4]__R1234yf__293.15__0.2158,L2,Mreduced,R1234YF,HFO,EMIM,BF4,293.15,0.2158,0.0178,0.05441872254014015,0.007297226885707565,0.03661872254014015,0.05564851686358452,0.05564851686358452,0.046000897884368896,0.046000897884368896,0.04777200520038605,0.04777200520038605,0.06194721907377243,0.06194721907377243,0.06072497367858887,0.06072497367858887
[emim]__[BF4]__R1234yf__293.15__0.2632,L2,Mreduced,R1234YF,HFO,EMIM,BF4,293.15,0.2632,0.0216,0.06899014636874198,0.008126375227063703,0.04739014636874198,0.07821875810623169,0.07821875810623169,0.05972139909863472,0.05972139909863472,0.06128927320241928,0.06128927320241928,0.07148045301437378,0.07148045301437378,0.07424084842205048,0.07424084842205048
[emim]__[BF4]__R1234yf__293.15__0.3121,L2,Mreduced,R1234YF,HFO,EMIM,BF4,293.15,0.3121,0.0257,0.08386960178613663,0.013024491970680192,0.05816960178613663,0.10531948506832123,0.10531948506832123,0.07294747978448868,0.07294747978448868,0.07473684847354889,0.07473684847354889,0.08045372366905212,0.08045372366905212,0.08589047193527222,0.08589047193527222
[emim]__[BF4]__R1234yf__293.15__0.3585,L2,Mreduced,R1234YF,HFO,EMIM,BF4,293.15,0.3585,0.0297,0.09765225499868393,0.019069210843349192,0.06795225499868393,0.13093942403793335,0.13093942403793335,0.08436594903469086,0.08436594903469086,0.08946693688631058,0.08946693688631058,0.08767172694206238,0.08767172694206238,0.09581723809242249,0.09581723809242249
[emim]__[BF4]__R1234yf__303.15__0.0643,L2,Mreduced,R1234YF,HFO,EMIM,BF4,303.15,0.0643,0.0042,0.008298716321587563,0.010633706068398047,0.0040987163215875635,-0.010776333510875702,0.0,-0.00821375846862793,0.0,0.0036653634160757065,0.0036653634160757065,0.024733230471611023,0.024733230471611023,0.013094987720251083,0.013094987720251083
[emim]__[BF4]__R1234yf__303.15__0.1193,L2,Mreduced,R1234YF,HFO,EMIM,BF4,303.15,0.1193,0.0076,0.018721114099025726,0.01223982088661422,0.011121114099025727,0.005930026993155479,0.005930026993155479,0.00690712034702301,0.00690712034702301,0.020538562908768654,0.020538562908768654,0.03418489918112755,0.03418489918112755,0.02604496106505394,0.02604496106505394
[emim]__[BF4]__R1234yf__303.15__0.1737,L2,Mreduced,R1234YF,HFO,EMIM,BF4,303.15,0.1737,0.0112,0.031758902966976164,0.009628954981220246,0.020558902966976163,0.022842196747660637,0.022842196747660637,0.021406086161732674,0.021406086161732674,0.03250590339303017,0.03250590339303017,0.04347767308354378,0.04347767308354378,0.038562655448913574,0.038562655448913574
[emim]__[BF4]__R1234yf__303.15__0.2253,L2,Mreduced,R1234YF,HFO,EMIM,BF4,303.15,0.2253,0.0145,0.04381317719817161,0.008052297102197568,0.029313177198171614,0.03928055614233017,0.03928055614233017,0.03295435383915901,0.03295435383915901,0.04367927461862564,0.04367927461862564,0.052001953125,0.052001953125,0.051149748265743256,0.051149748265743256
[emim]__[BF4]__R1234yf__303.15__0.2752,L2,Mreduced,R1234YF,HFO,EMIM,BF4,303.15,0.2752,0.0175,0.05523294135928154,0.007018041612494271,0.03773294135928154,0.058432288467884064,0.058432288467884064,0.04399285465478897,0.04399285465478897,0.05305216461420059,0.05305216461420059,0.05903206393122673,0.05903206393122673,0.06165533512830734,0.06165533512830734
[emim]__[BF4]__R1234yf__303.15__0.3265,L2,Mreduced,R1234YF,HFO,EMIM,BF4,303.15,0.3265,0.0208,0.06710943132638932,0.008959358944425531,0.046309431326389316,0.07861898839473724,0.07861898839473724,0.05471678078174591,0.05471678078174591,0.0634220540523529,0.0634220540523529,0.06705037504434586,0.06705037504434586,0.07173895835876465,0.07173895835876465
[emim]__[BF4]__R1234yf__303.15__0.3755,L2,Mreduced,R1234YF,HFO,EMIM,BF4,303.15,0.3755,0.0239,0.07780465483665466,0.01386828251041797,0.05390465483665466,0.10032956302165985,0.10032956302165985,0.06356114149093628,0.06356114149093628,0.07198480516672134,0.07198480516672134,0.07324464619159698,0.07324464619159698,0.07990311831235886,0.07990311831235886
[emim]__[BF4]__R1234yf__313.15__0.0671,L2,Mreduced,R1234YF,HFO,EMIM,BF4,313.15,0.0671,0.0035,0.0073019411414861676,0.010080227012322059,0.0038019411414861675,-0.009884417057037354,0.0,-0.010145656764507294,0.0,0.002572556957602501,0.002572556957602501,0.02369733899831772,0.02369733899831772,0.01023980975151062,0.01023980975151062
[emim]__[BF4]__R1234yf__313.15__0.1241,L2,Mreduced,R1234YF,HFO,EMIM,BF4,313.15,0.1241,0.0065,0.01521654948592186,0.01154836580405885,0.008716549485921859,0.0046450551599264145,0.0046450551599264145,0.0026728734374046326,0.0026728734374046326,0.017797039821743965,0.017797039821743965,0.030324511229991913,0.030324511229991913,0.020643267780542374,0.020643267780542374
[emim]__[BF4]__R1234yf__313.15__0.1807,L2,Mreduced,R1234YF,HFO,EMIM,BF4,313.15,0.1807,0.0095,0.026504912599921226,0.009267275175670671,0.017004912599921228,0.018873119726777077,0.018873119726777077,0.015380077064037323,0.015380077064037323,0.02889743447303772,0.02889743447303772,0.03799658641219139,0.03799658641219139,0.03137734532356262,0.03137734532356262
[emim]__[BF4]__R1234yf__313.15__0.2345,L2,Mreduced,R1234YF,HFO,EMIM,BF4,313.15,0.2345,0.0122,0.0361866869032383,0.007037561138457488,0.023986686903238297,0.03363823890686035,0.03363823890686035,0.025183066725730896,0.025183066725730896,0.03839987516403198,0.03839987516403198,0.04267817363142967,0.04267817363142967,0.04103408008813858,0.04103408008813858
[emim]__[BF4]__R1234yf__313.15__0.2867,L2,Mreduced,R1234YF,HFO,EMIM,BF4,313.15,0.2867,0.0147,0.04543168619275093,0.006570857573162453,0.030731686192750934,0.0479574054479599,0.0479574054479599,0.033979080617427826,0.033979080617427826,0.046798333525657654,0.046798333525657654,0.04767607897520065,0.04767607897520065,0.05074753239750862,0.05074753239750862
[emim]__[BF4]__R1234yf__313.15__0.3406,L2,Mreduced,R1234YF,HFO,EMIM,BF4,313.15,0.3406,0.0173,0.054266228526830676,0.008043733649840762,0.03696622852683068,0.06282594799995422,0.06282594799995422,0.04182177037000656,0.04182177037000656,0.054424554109573364,0.054424554109573364,0.05268668010830879,0.05268668010830879,0.059572190046310425,0.059572190046310425
[emim]__[BF4]__R1234yf__313.15__0.3919,L2,Mreduced,R1234YF,HFO,EMIM,BF4,313.15,0.3919,0.02,0.061973034590482715,0.011379316435505757,0.04197303459048271,0.07863569259643555,0.07863569259643555,0.04779304936528206,0.04779304936528206,0.059708744287490845,0.059708744287490845,0.0577353835105896,0.0577353835105896,0.06599230319261551,0.06599230319261551
[emim]__[BF4]__R1234yf__323.15__0.0695,L2,Mreduced,R1234YF,HFO,EMIM,BF4,323.15,0.0695,0.0028,0.006173405796289444,0.00943295499339014,0.003373405796289444,-0.008098874241113663,0.0,-0.012049689888954163,0.0,0.0019695162773132324,0.0019695162773132324,0.022356510162353516,0.022356510162353516,0.006541002541780472,0.006541002541780472
[emim]__[BF4]__R1234yf__323.15__0.1289,L2,Mreduced,R1234YF,HFO,EMIM,BF4,323.15,0.1289,0.0052,0.012489042058587075,0.010699509134456452,0.007289042058587075,0.005038900300860405,0.005038900300860405,-0.0015185624361038208,0.0,0.014484826475381851,0.014484826475381851,0.027843188494443893,0.027843188494443893,0.015078295022249222,0.015078295022249222
[emim]__[BF4]__R1234yf__323.15__0.1876,L2,Mreduced,R1234YF,HFO,EMIM,BF4,323.15,0.1876,0.0077,0.02152852937579155,0.0090092816020542,0.013828529375791548,0.017984185367822647,0.017984185367822647,0.008718106895685196,0.008718106895685196,0.023541804403066635,0.023541804403066635,0.03323286399245262,0.03323286399245262,0.02416568621993065,0.02416568621993065
[emim]__[BF4]__R1234yf__323.15__0.2436,L2,Mreduced,R1234YF,HFO,EMIM,BF4,323.15,0.2436,0.0101,0.030202187970280646,0.007137730538614876,0.020102187970280648,0.031947337090969086,0.031947337090969086,0.017956366762518883,0.017956366762518883,0.03250224515795708,0.03250224515795708,0.036738455295562744,0.036738455295562744,0.03186653554439545,0.03186653554439545
[emim]__[BF4]__R1234yf__323.15__0.298,L2,Mreduced,R1234YF,HFO,EMIM,BF4,323.15,0.298,0.0122,0.037312456592917445,0.006732305819094143,0.025112456592917443,0.042861830443143845,0.042861830443143845,0.025581764057278633,0.025581764057278633,0.03933427482843399,0.03933427482843399,0.039668429642915726,0.039668429642915726,0.03911598399281502,0.03911598399281502
[emim]__[BF4]__R1234yf__323.15__0.3543,L2,Mreduced,R1234YF,HFO,EMIM,BF4,323.15,0.3543,0.0145,0.04382075518369675,0.008174630703730515,0.02932075518369675,0.05330616608262062,0.05330616608262062,0.031044580042362213,0.031044580042362213,0.0457625649869442,0.0457625649869442,0.04232564568519592,0.04232564568519592,0.04666481912136078,0.04666481912136078
[emim]__[BF4]__R1234yf__323.15__0.4081,L2,Mreduced,R1234YF,HFO,EMIM,BF4,323.15,0.4081,0.017,0.04947294369339943,0.010520672742469503,0.032472943693399425,0.06382158398628235,0.06382158398628235,0.03531894087791443,0.03531894087791443,0.051206208765506744,0.051206208765506744,0.04453052952885628,0.04453052952885628,0.05248745530843735,0.05248745530843735
[emim]__[BF4]__R1234yf__333.15__0.0723,L2,Mreduced,R1234YF,HFO,EMIM,BF4,333.15,0.0723,0.0023,0.0045591194182634355,0.008191145775966302,0.0022591194182634356,-0.009698085486888885,0.0,-0.014440484344959259,0.0,0.0014930162578821182,0.0014930162578821182,0.019112326204776764,0.019112326204776764,0.0021902546286582947,0.0021902546286582947
[emim]__[BF4]__R1234yf__333.15__0.1336,L2,Mreduced,R1234YF,HFO,EMIM,BF4,333.15,0.1336,0.0043,0.010017837211489678,0.00928082109874575,0.005717837211489678,0.0037871524691581726,0.0037871524691581726,-0.004891537129878998,0.0,0.01234656386077404,0.01234656386077404,0.02415592223405838,0.02415592223405838,0.009799547493457794,0.009799547493457794
[emim]__[BF4]__R1234yf__333.15__0.1945,L2,Mreduced,R1234YF,HFO,EMIM,BF4,333.15,0.1945,0.0063,0.016933557391166688,0.008715975746186086,0.010633557391166688,0.01654909923672676,0.01654909923672676,0.003725837916135788,0.003725837916135788,0.0191451758146286,0.0191451758146286,0.02808421477675438,0.02808421477675438,0.017163459211587906,0.017163459211587906
[emim]__[BF4]__R1234yf__333.15__0.2526,L2,Mreduced,R1234YF,HFO,EMIM,BF4,333.15,0.2526,0.0085,0.02400912716984749,0.007516754669604638,0.015509127169847488,0.02821865677833557,0.02821865677833557,0.01156722754240036,0.01156722754240036,0.0265531986951828,0.0265531986951828,0.030779771506786346,0.030779771506786346,0.022926781326532364,0.022926781326532364
[emim]__[BF4]__R1234yf__333.15__0.3092,L2,Mreduced,R1234YF,HFO,EMIM,BF4,333.15,0.3092,0.0105,0.030167432874441145,0.007589895304438481,0.019667432874441143,0.038095176219940186,0.038095176219940186,0.017903689295053482,0.017903689295053482,0.03313026949763298,0.03313026949763298,0.03278486058115959,0.03278486058115959,0.028923168778419495,0.028923168778419495
[emim]__[BF4]__R1234yf__333.15__0.3678,L2,Mreduced,R1234YF,HFO,EMIM,BF4,333.15,0.3678,0.0125,0.03542691618204117,0.008057016117217484,0.02292691618204117,0.04531437158584595,0.04531437158584595,0.023368295282125473,0.023368295282125473,0.039302416145801544,0.039302416145801544,0.034479763358831406,0.034479763358831406,0.03466973453760147,0.03466973453760147
[emim]__[BF4]__R1234yf__333.15__0.4239,L2,Mreduced,R1234YF,HFO,EMIM,BF4,333.15,0.4239,0.0142,0.040086007118225096,0.009553838377825476,0.025886007118225095,0.05293181166052818,0.05293181166052818,0.02692168951034546,0.02692168951034546,0.04410017281770706,0.04410017281770706,0.036851294338703156,0.036851294338703156,0.03962506726384163,0.03962506726384163
[emim]__[BF4]__R1234yf__343.15__0.0749,L2,Mreduced,R1234YF,HFO,EMIM,BF4,343.15,0.0749,0.0019,0.0029821131378412248,0.0065400991980408855,0.0010821131378412248,-0.013731952756643295,0.0,-0.017047323286533356,0.0,0.0002305302768945694,0.0002305302768945694,0.014680035412311554,0.014680035412311554,-0.002431720495223999,0.0
[emim]__[BF4]__R1234yf__343.15__0.1382,L2,Mreduced,R1234YF,HFO,EMIM,BF4,343.15,0.1382,0.0037,0.006836952269077301,0.00847503609225094,0.0031369522690773005,-0.0015066303312778473,0.0,-0.009021136909723282,0.0,0.00912606343626976,0.00912606343626976,0.02039606124162674,0.02039606124162674,0.0046626366674900055,0.0046626366674900055
[emim]__[BF4]__R1234yf__343.15__0.2014,L2,Mreduced,R1234YF,HFO,EMIM,BF4,343.15,0.2014,0.0053,0.012187226489186288,0.00863164338075615,0.006887226489186288,0.010705722495913506,0.010705722495913506,-0.0008365325629711151,0.0,0.015687331557273865,0.015687331557273865,0.023727022111415863,0.023727022111415863,0.010816056281328201,0.010816056281328201
[emim]__[BF4]__R1234yf__343.15__0.2618,L2,Mreduced,R1234YF,HFO,EMIM,BF4,343.15,0.2618,0.007,0.017974809929728507,0.007509735914030939,0.010974809929728508,0.021243300288915634,0.021243300288915634,0.005862470716238022,0.005862470716238022,0.021442415192723274,0.021442415192723274,0.025230012834072113,0.025230012834072113,0.016095850616693497,0.016095850616693497
[emim]__[BF4]__R1234yf__343.15__0.3203,L2,Mreduced,R1234YF,HFO,EMIM,BF4,343.15,0.3203,0.0086,0.02370002157986164,0.00784125080370971,0.01510002157986164,0.03074094094336033,0.03074094094336033,0.011077933013439178,0.011077933013439178,0.028109729290008545,0.028109729290008545,0.027194146066904068,0.027194146066904068,0.021377358585596085,0.021377358585596085
[emim]__[BF4]__R1234yf__343.15__0.3813,L2,Mreduced,R1234YF,HFO,EMIM,BF4,343.15,0.3813,0.0102,0.02853080816566944,0.008153082504636575,0.01833080816566944,0.03707975894212723,0.03707975894212723,0.016016043722629547,0.016016043722629547,0.034131623804569244,0.034131623804569244,0.02903265878558159,0.02903265878558159,0.026393955573439598,0.026393955573439598
[emim]__[BF4]__R1234yf__343.15__0.4399,L2,Mreduced,R1234YF,HFO,EMIM,BF4,343.15,0.4399,0.0119,0.032289226353168485,0.008486032734254715,0.020389226353168484,0.04148583859205246,0.04148583859205246,0.019774295389652252,0.019774295389652252,0.03872764855623245,0.03872764855623245,0.03124348446726799,0.03124348446726799,0.030214864760637283,0.030214864760637283
[emim]__[BF4]__R1234yf__303.15__0.0607,L2,Mreduced,R1234YF,HFO,EMIM,BF4,303.15,0.0607,0.0038,0.007778516039252281,0.01040319461360053,0.003978516039252282,-0.01189456693828106,0.0,-0.009198099374771118,0.0,0.0026023071259260178,0.0026023071259260178,0.024068329483270645,0.024068329483270645,0.012221943587064743,0.012221943587064743
[emim]__[BF4]__R1234yf__303.15__0.1411,L2,Mreduced,R1234YF,HFO,EMIM,BF4,303.15,0.1411,0.0087,0.024134890362620353,0.011116540526487539,0.015434890362620354,0.012731483206152916,0.012731483206152916,0.012947678565979004,0.012947678565979004,0.026156848296523094,0.026156848296523094,0.037846703082323074,0.037846703082323074,0.03099173866212368,0.03099173866212368
[emim]__[BF4]__R1234yf__303.15__0.2323,L2,Mreduced,R1234YF,HFO,EMIM,BF4,303.15,0.2323,0.0147,0.04544292390346527,0.007797904359311699,0.030742923903465273,0.04186300188302994,0.04186300188302994,0.03453623875975609,0.03453623875975609,0.045012474060058594,0.045012474060058594,0.05298221483826637,0.05298221483826637,0.05282068997621536,0.05282068997621536
[emim]__[BF4]__R1234yf__303.15__0.3263,L2,Mreduced,R1234YF,HFO,EMIM,BF4,303.15,0.3263,0.0207,0.06706318333745002,0.008945602058598907,0.04636318333745003,0.07853439450263977,0.07853439450263977,0.054675739258527756,0.054675739258527756,0.06338410079479218,0.06338410079479218,0.0670195147395134,0.0670195147395134,0.07170216739177704,0.07170216739177704
[emim]__[BF4]__R1234yf__303.15__0.4223,L2,Mreduced,R1234YF,HFO,EMIM,BF4,303.15,0.4223,0.0277,0.08777733147144318,0.01993736896849522,0.060077331471443174,0.121896892786026,0.121896892786026,0.0708337277173996,0.0708337277173996,0.08059059083461761,0.08059059083461761,0.07846861332654953,0.07846861332654953,0.08709683269262314,0.08709683269262314
[emim]__[BF4]__R1234ze(E)__283.15__0.05,L2,Mreduced,R1234ZE(E),HFO,EMIM,BF4,283.15,0.05,0.0269,0.031207771599292757,0.01318025283133129,0.004307771599292756,0.03603893890976906,0.03603893890976906,0.0185106061398983,0.0185106061398983,0.0185718797147274,0.0185718797147274,0.04983990266919136,0.04983990266919136,0.033077530562877655,0.033077530562877655
[emim]__[BF4]__R1234ze(E)__283.15__0.095,L2,Mreduced,R1234ZE(E),HFO,EMIM,BF4,283.15,0.095,0.0501,0.06071741133928299,0.012372810954978069,0.01061741133928299,0.0717288926243782,0.0717288926243782,0.0497337207198143,0.0497337207198143,0.04787679761648178,0.04787679761648178,0.07498149573802948,0.07498149573802948,0.05926614999771118,0.05926614999771118
[emim]__[BF4]__R1234ze(E)__283.15__0.14,L2,Mreduced,R1234ZE(E),HFO,EMIM,BF4,283.15,0.14,0.0738,0.09315592050552368,0.012245575446275062,0.019355920505523677,0.11220651865005493,0.11220651865005493,0.08233987540006638,0.08233987540006638,0.085609070956707,0.085609070956707,0.09841175377368927,0.09841175377368927,0.08721238374710083,0.08721238374710083
[emim]__[BF4]__R1234ze(E)__283.15__0.182,L2,Mreduced,R1234ZE(E),HFO,EMIM,BF4,283.15,0.182,0.098,0.12549164444208144,0.015867760723115503,0.027491644442081437,0.15296418964862823,0.15296418964862823,0.11516280472278595,0.11516280472278595,0.1242363303899765,0.1242363303899765,0.12054088711738586,0.12054088711738586,0.1145540103316307,0.1145540103316307
[emim]__[BF4]__R1234ze(E)__283.15__0.221,L2,Mreduced,R1234ZE(E),HFO,EMIM,BF4,283.15,0.221,0.123,0.15898993313312532,0.02166624760596855,0.03598993313312532,0.19397461414337158,0.19397461414337158,0.14704126119613647,0.14704126119613647,0.16618433594703674,0.16618433594703674,0.14494900405406952,0.14494900405406952,0.1428004503250122,0.1428004503250122
[emim]__[BF4]__R1234ze(E)__283.15__0.259,L2,Mreduced,R1234ZE(E),HFO,EMIM,BF4,283.15,0.259,0.1511,0.19520458877086638,0.02729395604381556,0.04410458877086637,0.23467089235782623,0.23467089235782623,0.18052524328231812,0.18052524328231812,0.2127794325351715,0.2127794325351715,0.17346173524856567,0.17346173524856567,0.17458564043045044,0.17458564043045044
[emim]__[BF4]__R1234ze(E)__283.15__0.294,L2,Mreduced,R1234ZE(E),HFO,EMIM,BF4,283.15,0.294,0.1814,0.23010027408599854,0.030533850567326732,0.04870027408599853,0.27175143361091614,0.27175143361091614,0.21498079597949982,0.21498079597949982,0.2531127631664276,0.2531127631664276,0.20321166515350342,0.20321166515350342,0.2074447125196457,0.2074447125196457
[emim]__[BF4]__R1234ze(E)__293.15__0.054,L2,Mreduced,R1234ZE(E),HFO,EMIM,BF4,293.15,0.054,0.0213,0.019672293215990067,0.015573025233357457,0.001627706784009933,0.014337034896016121,0.014337034896016121,0.004397239536046982,0.004397239536046982,0.009921377524733543,0.009921377524733543,0.043579354882240295,0.043579354882240295,0.02612645924091339,0.02612645924091339
[emim]__[BF4]__R1234ze(E)__293.15__0.103,L2,Mreduced,R1234ZE(E),HFO,EMIM,BF4,293.15,0.103,0.0376,0.04416225999593735,0.013666634131794307,0.006562259995937347,0.04273183271288872,0.04273183271288872,0.02930617332458496,0.02930617332458496,0.036011580377817154,0.036011580377817154,0.06530655920505524,0.06530655920505524,0.04745515435934067,0.04745515435934067
[emim]__[BF4]__R1234ze(E)__293.15__0.153,L2,Mreduced,R1234ZE(E),HFO,EMIM,BF4,293.15,0.153,0.0555,0.0699883259832859,0.010104216193228441,0.0144883259832859,0.07518207281827927,0.07518207281827927,0.05759294703602791,0.05759294703602791,0.06380268931388855,0.06380268931388855,0.08374909311532974,0.08374909311532974,0.06961482763290405,0.06961482763290405
[emim]__[BF4]__R1234ze(E)__293.15__0.199,L2,Mreduced,R1234ZE(E),HFO,EMIM,BF4,293.15,0.199,0.0742,0.09609383344650269,0.009954600969218094,0.021893833446502683,0.1105576753616333,0.1105576753616333,0.0840265303850174,0.0840265303850174,0.09405797719955444,0.09405797719955444,0.10023460537195206,0.10023460537195206,0.09159237891435623,0.09159237891435623
[emim]__[BF4]__R1234ze(E)__293.15__0.243,L2,Mreduced,R1234ZE(E),HFO,EMIM,BF4,293.15,0.243,0.0923,0.12273077070713043,0.014194636773879141,0.030430770707130433,0.14593112468719482,0.14593112468719482,0.11010905355215073,0.11010905355215073,0.12602666020393372,0.12602666020393372,0.11659117788076401,0.11659117788076401,0.11499583721160889,0.11499583721160889
[emim]__[BF4]__R1234ze(E)__293.15__0.286,L2,Mreduced,R1234ZE(E),HFO,EMIM,BF4,293.15,0.286,0.1127,0.15129943788051606,0.020830537441016494,0.03859943788051606,0.1836710274219513,0.1836710274219513,0.13757508993148804,0.13757508993148804,0.16099582612514496,0.16099582612514496,0.13577355444431305,0.13577355444431305,0.13848169147968292,0.13848169147968292
[emim]__[BF4]__R1234ze(E)__293.15__0.327,L2,Mreduced,R1234ZE(E),HFO,EMIM,BF4,293.15,0.327,0.1338,0.180303892493248,0.027708680826392953,0.04650389249324799,0.2205047756433487,0.2205047756433487,0.1665453463792801,0.1665453463792801,0.1976572573184967,0.1976572573184967,0.15674707293510437,0.15674707293510437,0.16006501019001007,0.16006501019001007
[emim]__[BF4]__R1234ze(E)__303.15__0.058,L2,Mreduced,R1234ZE(E),HFO,EMIM,BF4,303.15,0.058,0.0164,0.01616017669439316,0.01698705910089669,0.00023982330560684204,0.006567321717739105,0.006567321717739105,-0.0009912177920341492,0.0,0.007410841062664986,0.007410841062664986,0.041452161967754364,0.041452161967754364,0.025370558723807335,0.025370558723807335
[emim]__[BF4]__R1234ze(E)__303.15__0.111,L2,Mreduced,R1234ZE(E),HFO,EMIM,BF4,303.15,0.111,0.0294,0.03591580651700497,0.01423312240902592,0.006515806517004969,0.029356712475419044,0.029356712475419044,0.020044758915901184,0.020044758915901184,0.0322253592312336,0.0322253592312336,0.05793861299753189,0.05793861299753189,0.04001358896493912,0.04001358896493912
[emim]__[BF4]__R1234ze(E)__303.15__0.164,L2,Mreduced,R1234ZE(E),HFO,EMIM,BF4,303.15,0.164,0.0428,0.05619058236479759,0.011738333441494412,0.013390582364797593,0.05482965707778931,0.05482965707778931,0.03941043093800545,0.03941043093800545,0.057147566229104996,0.057147566229104996,0.07250162959098816,0.07250162959098816,0.05706362798810005,0.05706362798810005
[emim]__[BF4]__R1234ze(E)__303.15__0.213,L2,Mreduced,R1234ZE(E),HFO,EMIM,BF4,303.15,0.213,0.0569,0.07537084370851517,0.010024370744473859,0.01847084370851517,0.08251293003559113,0.08251293003559113,0.058761656284332275,0.058761656284332275,0.07825479656457901,0.07825479656457901,0.08341065049171448,0.08341065049171448,0.07391418516635895,0.07391418516635895
[emim]__[BF4]__R1234ze(E)__303.15__0.261,L2,Mreduced,R1234ZE(E),HFO,EMIM,BF4,303.15,0.261,0.0706,0.09658763408660889,0.0118677905218786,0.025987634086608896,0.11268873512744904,0.11268873512744904,0.08059097826480865,0.08059097826480865,0.10198614001274109,0.10198614001274109,0.09524226188659668,0.09524226188659668,0.09243005514144897,0.09243005514144897
[emim]__[BF4]__R1234ze(E)__303.15__0.309,L2,Mreduced,R1234ZE(E),HFO,EMIM,BF4,303.15,0.309,0.0859,0.11868351697921753,0.01696852152156079,0.032783516979217525,0.14461494982242584,0.14461494982242584,0.10183291137218475,0.10183291137218475,0.12621831893920898,0.12621831893920898,0.10986191034317017,0.10986191034317017,0.1108894944190979,0.1108894944190979
[emim]__[BF4]__R1234ze(E)__303.15__0.354,L2,Mreduced,R1234ZE(E),HFO,EMIM,BF4,303.15,0.354,0.1018,0.14076488614082336,0.02326535852985418,0.03896488614082336,0.17642338573932648,0.17642338573932648,0.1234140396118164,0.1234140396118164,0.15245595574378967,0.15245595574378967,0.12405024468898773,0.12405024468898773,0.12748080492019653,0.12748080492019653
[emim]__[BF4]__R1234ze(E)__313.15__0.061,L2,Mreduced,R1234ZE(E),HFO,EMIM,BF4,313.15,0.061,0.0133,0.014908575639128684,0.016509840412184604,0.001608575639128685,0.0037800483405590057,0.0037800483405590057,-0.004147782921791077,0.0,0.007884737104177475,0.007884737104177475,0.04005131497979164,0.04005131497979164,0.022826777771115303,0.022826777771115303
[emim]__[BF4]__R1234ze(E)__313.15__0.117,L2,Mreduced,R1234ZE(E),HFO,EMIM,BF4,313.15,0.117,0.0232,0.030560246855020522,0.014627129214233502,0.007360246855020524,0.023258257657289505,0.023258257657289505,0.012803927063941956,0.012803927063941956,0.029494233429431915,0.029494233429431915,0.05213208496570587,0.05213208496570587,0.03511273115873337,0.03511273115873337
[emim]__[BF4]__R1234ze(E)__313.15__0.173,L2,Mreduced,R1234ZE(E),HFO,EMIM,BF4,313.15,0.173,0.0339,0.04704562798142433,0.012330245523933416,0.01314562798142433,0.04605130851268768,0.04605130851268768,0.028759445995092392,0.028759445995092392,0.0504763200879097,0.0504763200879097,0.06319819390773773,0.06319819390773773,0.04674287140369415,0.04674287140369415
[emim]__[BF4]__R1234ze(E)__313.15__0.226,L2,Mreduced,R1234ZE(E),HFO,EMIM,BF4,313.15,0.226,0.0445,0.06246747300028801,0.010237386491372555,0.01796747300028801,0.06810244917869568,0.06810244917869568,0.04594694450497627,0.04594694450497627,0.06800646334886551,0.06800646334886551,0.07103830575942993,0.07103830575942993,0.059243202209472656,0.059243202209472656
[emim]__[BF4]__R1234ze(E)__313.15__0.277,L2,Mreduced,R1234ZE(E),HFO,EMIM,BF4,313.15,0.277,0.0553,0.07804310098290443,0.01137678786365204,0.022743100982904427,0.09129229187965393,0.09129229187965393,0.061608221381902695,0.061608221381902695,0.08454850316047668,0.08454850316047668,0.0798652246594429,0.0798652246594429,0.07290126383304596,0.07290126383304596
[emim]__[BF4]__R1234ze(E)__313.15__0.328,L2,Mreduced,R1234ZE(E),HFO,EMIM,BF4,313.15,0.328,0.0674,0.09466754049062728,0.015399306210391497,0.02726754049062728,0.11710548400878906,0.11710548400878906,0.07781337201595306,0.07781337201595306,0.10271862894296646,0.10271862894296646,0.08912593126296997,0.08912593126296997,0.08657428622245789,0.08657428622245789
[emim]__[BF4]__R1234ze(E)__313.15__0.378,L2,Mreduced,R1234ZE(E),HFO,EMIM,BF4,313.15,0.378,0.0797,0.11136365234851837,0.02079316231787969,0.03166365234851838,0.1430894285440445,0.1430894285440445,0.09253472089767456,0.09253472089767456,0.12150084972381592,0.12150084972381592,0.10024821758270264,0.10024821758270264,0.09944504499435425,0.09944504499435425
[emim]__[BF4]__R1234ze(E)__323.15__0.064,L2,Mreduced,R1234ZE(E),HFO,EMIM,BF4,323.15,0.064,0.0105,0.014434038102626801,0.01534148000078241,0.0039340381026268,0.005701733753085136,0.005701733753085136,-0.005375813692808151,0.0,0.007956711575388908,0.007956711575388908,0.038623906672000885,0.038623906672000885,0.019887838512659073,0.019887838512659073
[emim]__[BF4]__R1234ze(E)__323.15__0.123,L2,Mreduced,R1234ZE(E),HFO,EMIM,BF4,323.15,0.123,0.0187,0.027286773920059203,0.014730890441938814,0.008586773920059201,0.023347748443484306,0.023347748443484306,0.007314953953027725,0.007314953953027725,0.027232354506850243,0.027232354506850243,0.04839182645082474,0.04839182645082474,0.03014698624610901,0.03014698624610901
[emim]__[BF4]__R1234ze(E)__323.15__0.182,L2,Mreduced,R1234ZE(E),HFO,EMIM,BF4,323.15,0.182,0.0273,0.04067059345543385,0.01273726376937228,0.013370593455433847,0.041441768407821655,0.041441768407821655,0.021100619807839394,0.021100619807839394,0.04497688263654709,0.04497688263654709,0.05633743107318878,0.05633743107318878,0.03949626535177231,0.03949626535177231
[emim]__[BF4]__R1234ze(E)__323.15__0.238,L2,Mreduced,R1234ZE(E),HFO,EMIM,BF4,323.15,0.238,0.0358,0.05281634107232094,0.011222208745746571,0.017016341072320938,0.05931801721453667,0.05931801721453667,0.03512057662010193,0.03512057662010193,0.05886591225862503,0.05886591225862503,0.06240677833557129,0.06240677833557129,0.048370420932769775,0.048370420932769775
[emim]__[BF4]__R1234ze(E)__323.15__0.292,L2,Mreduced,R1234ZE(E),HFO,EMIM,BF4,323.15,0.292,0.0445,0.06451823711395263,0.011323025953076793,0.020018237113952633,0.07718947529792786,0.07718947529792786,0.048616766929626465,0.048616766929626465,0.0710945576429367,0.0710945576429367,0.06787413358688354,0.06787413358688354,0.05781625211238861,0.05781625211238861
[emim]__[BF4]__R1234ze(E)__323.15__0.346,L2,Mreduced,R1234ZE(E),HFO,EMIM,BF4,323.15,0.346,0.054,0.07602892965078353,0.013899665465196326,0.022028929650783534,0.09592412412166595,0.09592412412166595,0.06090882420539856,0.06090882420539856,0.08311529457569122,0.08311529457569122,0.07382666319608688,0.07382666319608688,0.06636974215507507,0.06636974215507507
[emim]__[BF4]__R1234ze(E)__323.15__0.399,L2,Mreduced,R1234ZE(E),HFO,EMIM,BF4,323.15,0.399,0.0641,0.08835503458976746,0.018586722795876965,0.024255034589767452,0.11715488135814667,0.11715488135814667,0.07184179127216339,0.07184179127216339,0.09627732634544373,0.09627732634544373,0.08077885210514069,0.08077885210514069,0.07572232186794281,0.07572232186794281
[emim]__[BF4]__R1234ze(E)__333.15__0.067,L2,Mreduced,R1234ZE(E),HFO,EMIM,BF4,333.15,0.067,0.0082,0.012945207580924035,0.01367561674355559,0.004745207580924034,0.006046487018465996,0.006046487018465996,-0.007768101990222931,0.0,0.0077918581664562225,0.0077918581664562225,0.03529093414545059,0.03529093414545059,0.01559675857424736,0.01559675857424736
[emim]__[BF4]__R1234ze(E)__333.15__0.128,L2,Mreduced,R1234ZE(E),HFO,EMIM,BF4,333.15,0.128,0.0151,0.023755718395113944,0.014324587461193881,0.008655718395113943,0.02280380018055439,0.02280380018055439,0.0032378435134887695,0.0032378435134887695,0.02479059249162674,0.02479059249162674,0.04369485378265381,0.04369485378265381,0.024251502007246017,0.024251502007246017
[emim]__[BF4]__R1234ze(E)__333.15__0.191,L2,Mreduced,R1234ZE(E),HFO,EMIM,BF4,333.15,0.191,0.022,0.035119394212961196,0.013121792135945451,0.013119394212961197,0.038297440856695175,0.038297440856695175,0.01484077051281929,0.01484077051281929,0.0393376462161541,0.0393376462161541,0.050688326358795166,0.050688326358795166,0.032432787120342255,0.032432787120342255
[emim]__[BF4]__R1234ze(E)__333.15__0.249,L2,Mreduced,R1234ZE(E),HFO,EMIM,BF4,333.15,0.249,0.0289,0.044781580567359924,0.012178316956712135,0.015881580567359926,0.05207614228129387,0.05207614228129387,0.025554895401000977,0.025554895401000977,0.050781235098838806,0.050781235098838806,0.05538903921842575,0.05538903921842575,0.04010659083724022,0.04010659083724022
[emim]__[BF4]__R1234ze(E)__333.15__0.306,L2,Mreduced,R1234ZE(E),HFO,EMIM,BF4,333.15,0.306,0.0363,0.053850989788770676,0.01205737328734909,0.017550989788770677,0.06616684794425964,0.06616684794425964,0.0366150438785553,0.0366150438785553,0.060750752687454224,0.060750752687454224,0.05931082367897034,0.05931082367897034,0.046411480754613876,0.046411480754613876
[emim]__[BF4]__R1234ze(E)__333.15__0.363,L2,Mreduced,R1234ZE(E),HFO,EMIM,BF4,333.15,0.363,0.0441,0.06323189437389373,0.013649556388390745,0.019131894373893732,0.08153581619262695,0.08153581619262695,0.04724449664354324,0.04724449664354324,0.07061116397380829,0.07061116397380829,0.06353925168514252,0.06353925168514252,0.05322874337434769,0.05322874337434769
[emim]__[BF4]__R1234ze(E)__333.15__0.418,L2,Mreduced,R1234ZE(E),HFO,EMIM,BF4,333.15,0.418,0.0525,0.07223942205309868,0.016747807699077126,0.019739422053098678,0.0974692851305008,0.0974692851305008,0.0565100722014904,0.0565100722014904,0.0796128585934639,0.0796128585934639,0.06834475696086884,0.06834475696086884,0.059260137379169464,0.059260137379169464
[emim]__[BF4]__R1234ze(E)__343.15__0.07,L2,Mreduced,R1234ZE(E),HFO,EMIM,BF4,343.15,0.07,0.0063,0.010899688862264157,0.012125152067734492,0.004599688862264157,0.004258030094206333,0.004258030094206333,-0.010172169655561447,0.0,0.007734676823019981,0.007734676823019981,0.03127206116914749,0.03127206116914749,0.011233676224946976,0.011233676224946976
[emim]__[BF4]__R1234ze(E)__343.15__0.134,L2,Mreduced,R1234ZE(E),HFO,EMIM,BF4,343.15,0.134,0.012,0.02040304131805897,0.014263525108206585,0.008403041318058968,0.019487561658024788,0.019487561658024788,4.057586193084717e-05,4.057586193084717e-05,0.023039672523736954,0.023039672523736954,0.04015498235821724,0.04015498235821724,0.01929241418838501,0.01929241418838501
[emim]__[BF4]__R1234ze(E)__343.15__0.198,L2,Mreduced,R1234ZE(E),HFO,EMIM,BF4,343.15,0.198,0.0181,0.029910769686102866,0.013387172968173131,0.011810769686102864,0.03404420614242554,0.03404420614242554,0.0095866359770298,0.0095866359770298,0.034839022904634476,0.034839022904634476,0.045516982674598694,0.045516982674598694,0.02556700073182583,0.02556700073182583
[emim]__[BF4]__R1234ze(E)__343.15__0.26,L2,Mreduced,R1234ZE(E),HFO,EMIM,BF4,343.15,0.26,0.0235,0.038201744109392165,0.012328387303120011,0.014701744109392165,0.046510227024555206,0.046510227024555206,0.01911236345767975,0.01911236345767975,0.04355630651116371,0.04355630651116371,0.04901205003261566,0.04901205003261566,0.0328177735209465,0.0328177735209465
[emim]__[BF4]__R1234ze(E)__343.15__0.319,L2,Mreduced,R1234ZE(E),HFO,EMIM,BF4,343.15,0.319,0.0289,0.04539882689714432,0.012492511053699704,0.016498826897144322,0.05735396221280098,0.05735396221280098,0.02734045311808586,0.02734045311808586,0.05241262540221214,0.05241262540221214,0.05221036449074745,0.05221036449074745,0.03767672926187515,0.03767672926187515
[emim]__[BF4]__R1234ze(E)__343.15__0.379,L2,Mreduced,R1234ZE(E),HFO,EMIM,BF4,343.15,0.379,0.035,0.05301439315080643,0.014438489158340503,0.018014393150806426,0.0710524469614029,0.0710524469614029,0.035081520676612854,0.035081520676612854,0.06090444698929787,0.06090444698929787,0.055825069546699524,0.055825069546699524,0.042208481580019,0.042208481580019
[emim]__[BF4]__R1234ze(E)__343.15__0.438,L2,Mreduced,R1234ZE(E),HFO,EMIM,BF4,343.15,0.438,0.0409,0.060814306139945984,0.016869939426972284,0.019914306139945985,0.08508498966693878,0.08508498966693878,0.04364318773150444,0.04364318773150444,0.0685591772198677,0.0685591772198677,0.059884559363126755,0.059884559363126755,0.046899616718292236,0.046899616718292236
[emim]__[OTf]__R1234yf__283.15__0.0511,L2,Mreduced,R1234YF,HFO,EMIM,OTF,283.15,0.0511,0.0163,0.014287490397691727,0.013873138106773045,0.002012509602308272,0.011939996853470802,0.011939996853470802,0.004704892635345459,0.004704892635345459,0.0007209163159132004,0.0007209163159132004,0.036075375974178314,0.036075375974178314,0.017996270209550858,0.017996270209550858
[emim]__[OTf]__R1234yf__283.15__0.143,L2,Mreduced,R1234YF,HFO,EMIM,OTF,283.15,0.143,0.0471,0.05563943311572075,0.011593592957873376,0.008539433115720745,0.0699094757437706,0.0699094757437706,0.05095931142568588,0.05095931142568588,0.03964739292860031,0.03964739292860031,0.06307540833950043,0.06307540833950043,0.054605577141046524,0.054605577141046524
[emim]__[OTf]__R1234yf__283.15__0.2804,L2,Mreduced,R1234YF,HFO,EMIM,OTF,283.15,0.2804,0.0972,0.12791017889976503,0.02824388944196075,0.03071017889976503,0.178094282746315,0.178094282746315,0.11493534594774246,0.11493534594774246,0.12007910013198853,0.12007910013198853,0.11085320264101028,0.11085320264101028,0.1155889630317688,0.1155889630317688
[emim]__[OTf]__R1234yf__283.15__0.3731,L2,Mreduced,R1234YF,HFO,EMIM,OTF,283.15,0.3731,0.1333,0.18717557489871978,0.04030085158563699,0.053875574898719775,0.254840612411499,0.254840612411499,0.16941486299037933,0.16941486299037933,0.1926269233226776,0.1926269233226776,0.1549815535545349,0.1549815535545349,0.16401392221450806,0.16401392221450806
[emim]__[OTf]__R1234yf__283.15__0.4298,L2,Mreduced,R1234YF,HFO,EMIM,OTF,283.15,0.4298,0.1577,0.22396729290485382,0.04674879833305261,0.06626729290485381,0.30097225308418274,0.30097225308418274,0.20390884578227997,0.20390884578227997,0.2343178689479828,0.2343178689479828,0.18595343828201294,0.18595343828201294,0.19468405842781067,0.19468405842781067
[emim]__[OTf]__R1234yf__293.15__0.055,L2,Mreduced,R1234YF,HFO,EMIM,OTF,293.15,0.055,0.0129,0.0096641406416893,0.014355885256291475,0.0032358593583106995,-0.0015409402549266815,0.0,-0.0050947219133377075,0.0,-0.0007555689662694931,0.0,0.032031141221523285,0.032031141221523285,0.016289561986923218,0.016289561986923218
[emim]__[OTf]__R1234yf__293.15__0.152,L2,Mreduced,R1234YF,HFO,EMIM,OTF,293.15,0.152,0.0357,0.04287141337990761,0.008073461797823787,0.007171413379907607,0.04356873780488968,0.04356873780488968,0.03488171845674515,0.03488171845674515,0.03528331220149994,0.03528331220149994,0.05406052619218826,0.05406052619218826,0.04656277224421501,0.04656277224421501
[emim]__[OTf]__R1234yf__293.15__0.2898,L2,Mreduced,R1234YF,HFO,EMIM,OTF,293.15,0.2898,0.0699,0.09388025999069213,0.017381365717677434,0.02398025999069213,0.12476010620594025,0.12476010620594025,0.08346186578273773,0.08346186578273773,0.08497631549835205,0.08497631549835205,0.08846990764141083,0.08846990764141083,0.08773310482501984,0.08773310482501984
[emim]__[OTf]__R1234yf__293.15__0.3846,L2,Mreduced,R1234YF,HFO,EMIM,OTF,293.15,0.3846,0.0961,0.1319923773407936,0.03252144449402534,0.035892377340793605,0.18918895721435547,0.18918895721435547,0.11351000517606735,0.11351000517606735,0.1271352767944336,0.1271352767944336,0.1118399053812027,0.1118399053812027,0.11828774213790894,0.11828774213790894
[emim]__[OTf]__R1234yf__293.15__0.4481,L2,Mreduced,R1234YF,HFO,EMIM,OTF,293.15,0.4481,0.1115,0.16144664585590363,0.04063081964686226,0.049946645855903624,0.23114429414272308,0.23114429414272308,0.13925471901893616,0.13925471901893616,0.16279318928718567,0.16279318928718567,0.13162954151630402,0.13162954151630402,0.1424114853143692,0.1424114853143692
[emim]__[OTf]__R1234yf__303.15__0.0579,L2,Mreduced,R1234YF,HFO,EMIM,OTF,303.15,0.0579,0.0103,0.009455883130431175,0.013350288545898792,0.0008441168695688256,-0.004725020378828049,0.0,-0.007631368935108185,0.0,0.0009938385337591171,0.0009938385337591171,0.029769416898489,0.029769416898489,0.01651616021990776,0.01651616021990776
[emim]__[OTf]__R1234yf__303.15__0.1633,L2,Mreduced,R1234YF,HFO,EMIM,OTF,303.15,0.1633,0.0284,0.03572155311703682,0.008630994598493695,0.007321553117036819,0.02937569096684456,0.02937569096684456,0.025718670338392258,0.025718670338392258,0.03523426130414009,0.03523426130414009,0.04694002866744995,0.04694002866744995,0.04133911430835724,0.04133911430835724
[emim]__[OTf]__R1234yf__303.15__0.3039,L2,Mreduced,R1234YF,HFO,EMIM,OTF,303.15,0.3039,0.0536,0.07439304739236832,0.011493328450481908,0.02079304739236832,0.09371580183506012,0.09371580183506012,0.06429798901081085,0.06429798901081085,0.06760866940021515,0.06760866940021515,0.07460223883390427,0.07460223883390427,0.0717405378818512,0.0717405378818512
[emim]__[OTf]__R1234yf__303.15__0.4188,L2,Mreduced,R1234YF,HFO,EMIM,OTF,303.15,0.4188,0.0718,0.10558042377233505,0.026183997797620123,0.03378042377233505,0.15177865326404572,0.15177865326404572,0.0873321145772934,0.0873321145772934,0.099392369389534,0.099392369389534,0.09454401582479477,0.09454401582479477,0.09485496580600739,0.09485496580600739
[emim]__[OTf]__R1234yf__303.15__0.4825,L2,Mreduced,R1234YF,HFO,EMIM,OTF,303.15,0.4825,0.0839,0.12479167431592941,0.03395576773876754,0.04089167431592941,0.1840488463640213,0.1840488463640213,0.1024942547082901,0.1024942547082901,0.12149597704410553,0.12149597704410553,0.10436149686574936,0.10436149686574936,0.11155779659748077,0.11155779659748077
[emim]__[OTf]__R1234yf__313.15__0.0609,L2,Mreduced,R1234YF,HFO,EMIM,OTF,313.15,0.0609,0.0078,0.009033591672778129,0.013090454869791478,0.0012335916727781292,-0.0038372650742530823,0.0,-0.008267190307378769,0.0,0.0008936021476984024,0.0008936021476984024,0.029639214277267456,0.029639214277267456,0.01463514193892479,0.01463514193892479
[emim]__[OTf]__R1234yf__313.15__0.1665,L2,Mreduced,R1234YF,HFO,EMIM,OTF,313.15,0.1665,0.0211,0.030024461820721625,0.009160537001435553,0.008924461820721624,0.026408914476633072,0.026408914476633072,0.016943179070949554,0.016943179070949554,0.030603395774960518,0.030603395774960518,0.04134233295917511,0.04134233295917511,0.03482448682188988,0.03482448682188988
[emim]__[OTf]__R1234yf__313.15__0.2927,L2,Mreduced,R1234YF,HFO,EMIM,OTF,313.15,0.2927,0.0348,0.055698546767234805,0.006879259603404685,0.020898546767234807,0.06486563384532928,0.06486563384532928,0.04562623053789139,0.04562623053789139,0.05446530133485794,0.05446530133485794,0.05673328787088394,0.05673328787088394,0.056802280247211456,0.056802280247211456
[emim]__[OTf]__R1234yf__313.15__0.4127,L2,Mreduced,R1234YF,HFO,EMIM,OTF,313.15,0.4127,0.0459,0.07750585824251174,0.016087359959230527,0.03160585824251174,0.10554024577140808,0.10554024577140808,0.06424184888601303,0.06424184888601303,0.07253921031951904,0.07253921031951904,0.07204380631446838,0.07204380631446838,0.07316417992115021,0.07316417992115021
[emim]__[OTf]__R1234yf__313.15__0.4801,L2,Mreduced,R1234YF,HFO,EMIM,OTF,313.15,0.4801,0.0535,0.09048098474740982,0.023300953666894837,0.036980984747409816,0.13140040636062622,0.13140040636062622,0.0737556517124176,0.0737556517124176,0.08557449281215668,0.08557449281215668,0.07889778167009354,0.07889778167009354,0.08277659118175507,0.08277659118175507
[emim]__[OTf]__R1234yf__323.15__0.0641,L2,Mreduced,R1234YF,HFO,EMIM,OTF,323.15,0.0641,0.0051,0.00828297920525074,0.01213154019849376,0.003182979205250739,-0.0018301364034414291,0.0,-0.009535178542137146,0.0,0.0010898467153310776,0.0010898467153310776,0.027827158570289612,0.027827158570289612,0.01249789074063301,0.01249789074063301
[emim]__[OTf]__R1234yf__323.15__0.1756,L2,Mreduced,R1234YF,HFO,EMIM,OTF,323.15,0.1756,0.0139,0.026409178227186202,0.009519937813712022,0.012509178227186203,0.02692478522658348,0.02692478522658348,0.011982724070549011,0.011982724070549011,0.02587333880364895,0.02587333880364895,0.038606852293014526,0.038606852293014526,0.028658190742135048,0.028658190742135048
[emim]__[OTf]__R1234yf__323.15__0.3441,L2,Mreduced,R1234YF,HFO,EMIM,OTF,323.15,0.3441,0.024,0.051312758773565295,0.008393779164908206,0.027312758773565295,0.06369571387767792,0.06369571387767792,0.04006587713956833,0.04006587713956833,0.051468752324581146,0.051468752324581146,0.04991401731967926,0.04991401731967926,0.05141943320631981,0.05141943320631981
[emim]__[OTf]__R1234yf__323.15__0.4319,L2,Mreduced,R1234YF,HFO,EMIM,OTF,323.15,0.4319,0.0296,0.06136483252048493,0.012139448789600731,0.031764832520484926,0.08167120814323425,0.08167120814323425,0.04921247810125351,0.04921247810125351,0.05932207405567169,0.05932207405567169,0.05649403855204582,0.05649403855204582,0.060124363750219345,0.060124363750219345
[emim]__[OTf]__R1234yf__323.15__0.481,L2,Mreduced,R1234YF,HFO,EMIM,OTF,323.15,0.481,0.0344,0.06752237603068352,0.014635670955663304,0.03312237603068352,0.09277372062206268,0.09277372062206268,0.055250875651836395,0.055250875651836395,0.06435677409172058,0.06435677409172058,0.0603337399661541,0.0603337399661541,0.06489676982164383,0.06489676982164383
[emim]__[SCN]__R1234yf__283.15__0.0635,L2,Mreduced,R1234YF,HFO,EMIM,SCN,283.15,0.0635,0.0035,0.01278965026140213,0.013739580180601643,0.00928965026140213,0.003088628873229027,0.003088628873229027,0.0038946419954299927,0.0038946419954299927,0.003908069804310799,0.003908069804310799,0.03444935381412506,0.03444935381412506,0.01860755681991577,0.01860755681991577
[emim]__[SCN]__R1234yf__283.15__0.1452,L2,Mreduced,R1234YF,HFO,EMIM,SCN,283.15,0.1452,0.0098,0.043742526322603226,0.009149266495345745,0.03394252632260322,0.04165556654334068,0.04165556654334068,0.0378466360270977,0.0378466360270977,0.033455196768045425,0.033455196768045425,0.056268081068992615,0.056268081068992615,0.0494871512055397,0.0494871512055397
[emim]__[SCN]__R1234yf__283.15__0.2379,L2,Mreduced,R1234YF,HFO,EMIM,SCN,283.15,0.2379,0.0163,0.07741778492927551,0.010526259166310253,0.06111778492927551,0.09235300123691559,0.09235300123691559,0.06838254630565643,0.06838254630565643,0.06661274284124374,0.06661274284124374,0.07766424119472504,0.07766424119472504,0.08207639306783676,0.08207639306783676
[emim]__[SCN]__R1234yf__283.15__0.3265,L2,Mreduced,R1234YF,HFO,EMIM,SCN,283.15,0.3265,0.0251,0.1111961543560028,0.01972991381535068,0.0860961543560028,0.14542829990386963,0.14542829990386963,0.098529152572155,0.098529152572155,0.10376054793596268,0.10376054793596268,0.0982290506362915,0.0982290506362915,0.11003372073173523,0.11003372073173523
[emim]__[SCN]__R1234yf__283.15__0.4421,L2,Mreduced,R1234YF,HFO,EMIM,SCN,283.15,0.4421,0.0366,0.16381826996803284,0.03617999176043098,0.12721826996803284,0.22514532506465912,0.22514532506465912,0.1420368105173111,0.1420368105173111,0.1666949987411499,0.1666949987411499,0.13580912351608276,0.13580912351608276,0.1494050920009613,0.1494050920009613
[emim]__[SCN]__R1234yf__293.15__0.0643,L2,Mreduced,R1234YF,HFO,EMIM,SCN,293.15,0.0643,0.0029,0.009057161957025528,0.011563403998490583,0.006157161957025528,-0.008044719696044922,0.0,-0.003290995955467224,0.0,0.004114709794521332,0.004114709794521332,0.026931792497634888,0.026931792497634888,0.01423930749297142,0.01423930749297142
[emim]__[SCN]__R1234yf__293.15__0.1514,L2,Mreduced,R1234YF,HFO,EMIM,SCN,293.15,0.1514,0.0077,0.032662801817059516,0.010083746140701247,0.024962801817059517,0.02289057895541191,0.02289057895541191,0.024179453030228615,0.024179453030228615,0.030213739722967148,0.030213739722967148,0.046091265976428986,0.046091265976428986,0.039938971400260925,0.039938971400260925
[emim]__[SCN]__R1234yf__293.15__0.2519,L2,Mreduced,R1234YF,HFO,EMIM,SCN,293.15,0.2519,0.0139,0.06140621602535248,0.007530789750837095,0.047506216025352474,0.06359949707984924,0.06359949707984924,0.05164574086666107,0.05164574086666107,0.055727653205394745,0.055727653205394745,0.06618481874465942,0.06618481874465942,0.0698733702301979,0.0698733702301979
[emim]__[SCN]__R1234yf__293.15__0.3435,L2,Mreduced,R1234YF,HFO,EMIM,SCN,293.15,0.3435,0.018,0.0869791939854622,0.01381780471017668,0.06897919398546219,0.10917793214321136,0.10917793214321136,0.07418812066316605,0.07418812066316605,0.07939809560775757,0.07939809560775757,0.08115723729133606,0.08115723729133606,0.0909745842218399,0.0909745842218399
[emim]__[SCN]__R1234yf__293.15__0.4346,L2,Mreduced,R1234YF,HFO,EMIM,SCN,293.15,0.4346,0.0246,0.1123450979590416,0.026427040059445836,0.0877450979590416,0.15789951384067535,0.15789951384067535,0.09296876192092896,0.09296876192092896,0.10596878826618195,0.10596878826618195,0.0951574370265007,0.0951574370265007,0.10973098874092102,0.10973098874092102
[emim]__[SCN]__R1234yf__303.15__0.0665,L2,Mreduced,R1234YF,HFO,EMIM,SCN,303.15,0.0665,0.0031,0.00779445692896843,0.009715061891184153,0.00469445692896843,-0.013280123472213745,0.0,-0.008384957909584045,0.0,0.004277043044567108,0.004277043044567108,0.022875934839248657,0.022875934839248657,0.011819306761026382,0.011819306761026382
[emim]__[SCN]__R1234yf__303.15__0.1514,L2,Mreduced,R1234YF,HFO,EMIM,SCN,303.15,0.1514,0.006,0.024447545036673547,0.010679349006188726,0.01844754503667355,0.01311495527625084,0.01311495527625084,0.013998162001371384,0.013998162001371384,0.0264588613063097,0.0264588613063097,0.037422530353069305,0.037422530353069305,0.0312432162463665,0.0312432162463665
[emim]__[SCN]__R1234yf__303.15__0.2378,L2,Mreduced,R1234YF,HFO,EMIM,SCN,303.15,0.2378,0.0084,0.04383543133735657,0.008607380844883581,0.03543543133735657,0.03828050196170807,0.03828050196170807,0.03242766484618187,0.03242766484618187,0.04440263286232948,0.04440263286232948,0.05147380009293556,0.05147380009293556,0.05259255692362785,0.05259255692362785
[emim]__[SCN]__R1234yf__303.15__0.3313,L2,Mreduced,R1234YF,HFO,EMIM,SCN,303.15,0.3313,0.0103,0.06452121958136559,0.00837266034117258,0.05422121958136558,0.07291816174983978,0.07291816174983978,0.05217381939291954,0.05217381939291954,0.062336258590221405,0.062336258590221405,0.0634753480553627,0.0634753480553627,0.0717025101184845,0.0717025101184845
[emim]__[SCN]__R1234yf__303.15__0.4576,L2,Mreduced,R1234YF,HFO,EMIM,SCN,303.15,0.4576,0.013,0.08986572772264481,0.022153556861560942,0.07686572772264481,0.12696504592895508,0.12696504592895508,0.07019753009080887,0.07019753009080887,0.08346059918403625,0.08346059918403625,0.07734876871109009,0.07734876871109009,0.09135669469833374,0.09135669469833374
[emim]__[SCN]__R1234yf__313.15__0.0671,L2,Mreduced,R1234YF,HFO,EMIM,SCN,313.15,0.0671,0.0007,0.006198957189917564,0.00865652873136637,0.005498957189917564,-0.012752538546919823,0.0,-0.011505350470542908,0.0,0.0027077551931142807,0.0027077551931142807,0.02064225822687149,0.02064225822687149,0.007644772529602051,0.007644772529602051
[emim]__[SCN]__R1234yf__313.15__0.147,L2,Mreduced,R1234YF,HFO,EMIM,SCN,313.15,0.147,0.0022,0.017564825341105463,0.010704598644868146,0.015364825341105462,0.007057558745145798,0.007057558745145798,0.006268449127674103,0.006268449127674103,0.021189814433455467,0.021189814433455467,0.03123512864112854,0.03123512864112854,0.022073175758123398,0.022073175758123398
[emim]__[SCN]__R1234yf__313.15__0.2388,L2,Mreduced,R1234YF,HFO,EMIM,SCN,313.15,0.2388,0.0036,0.034236404299736026,0.007645327361051338,0.030636404299736027,0.029941271990537643,0.029941271990537643,0.02296522632241249,0.02296522632241249,0.03719457611441612,0.03719457611441612,0.040744371712207794,0.040744371712207794,0.040336575359106064,0.040336575359106064
[emim]__[SCN]__R1234yf__313.15__0.3364,L2,Mreduced,R1234YF,HFO,EMIM,SCN,313.15,0.3364,0.0042,0.05075096786022186,0.00790506411928057,0.04655096786022186,0.056200120598077774,0.056200120598077774,0.037830378860235214,0.037830378860235214,0.052175477147102356,0.052175477147102356,0.04971158877015114,0.04971158877015114,0.05783727392554283,0.05783727392554283
[emim]__[SCN]__R1234yf__313.15__0.4593,L2,Mreduced,R1234YF,HFO,EMIM,SCN,313.15,0.4593,0.0063,0.06915740445256233,0.01648965545321355,0.06285740445256233,0.09472551941871643,0.09472551941871643,0.051033202558755875,0.051033202558755875,0.06686671823263168,0.06686671823263168,0.059989333152770996,0.059989333152770996,0.07317224889993668,0.07317224889993668
[emim]__[Tf2N]__R1234yf__283.15__0.1368,L2,Mreduced,R1234YF,HFO,EMIM,TF2N,283.15,0.1368,0.0985,0.0933835119009018,0.019758898748406476,0.005116488099098204,0.12680421769618988,0.12680421769618988,0.09334968030452728,0.09334968030452728,0.07671847939491272,0.07671847939491272,0.08870893716812134,0.08870893716812134,0.08133624494075775,0.08133624494075775
[emim]__[Tf2N]__R1234yf__283.15__0.2644,L2,Mreduced,R1234YF,HFO,EMIM,TF2N,283.15,0.2644,0.2009,0.22233701050281524,0.0338862692274718,0.02143701050281524,0.2802342176437378,0.2802342176437378,0.21383041143417358,0.21383041143417358,0.2212550789117813,0.2212550789117813,0.198745459318161,0.198745459318161,0.19761988520622253,0.19761988520622253
[emim]__[Tf2N]__R1234yf__283.15__0.3467,L2,Mreduced,R1234YF,HFO,EMIM,TF2N,283.15,0.3467,0.2725,0.30756492614746095,0.04055206789847751,0.03506492614746093,0.3762776255607605,0.3762776255607605,0.2991839647293091,0.2991839647293091,0.30691787600517273,0.30691787600517273,0.27924829721450806,0.27924829721450806,0.2761968672275543,0.2761968672275543
[emim]__[Tf2N]__R1234yf__283.15__0.3983,L2,Mreduced,R1234YF,HFO,EMIM,TF2N,283.15,0.3983,0.3222,0.3530488133430481,0.041463494923813946,0.03084881334304812,0.42280709743499756,0.42280709743499756,0.347622275352478,0.347622275352478,0.3515893518924713,0.3515893518924713,0.3227589726448059,0.3227589726448059,0.32046636939048767,0.32046636939048767
[emim]__[Tf2N]__R1234yf__283.15__0.4335,L2,Mreduced,R1234YF,HFO,EMIM,TF2N,283.15,0.4335,0.3602,0.38122347593307493,0.04095784241080548,0.02102347593307491,0.4498428702354431,0.4498428702354431,0.3774241805076599,0.3774241805076599,0.3793605864048004,0.3793605864048004,0.3507061302661896,0.3507061302661896,0.34878361225128174,0.34878361225128174
[emim]__[Tf2N]__R1234yf__293.15__0.0499,L2,Mreduced,R1234YF,HFO,EMIM,TF2N,293.15,0.0499,0.0241,0.02159297317266464,0.015696376560507597,0.002507026827335359,0.026959961280226707,0.026959961280226707,0.01076316088438034,0.01076316088438034,0.0008893553167581558,0.0008893553167581558,0.04052574187517166,0.04052574187517166,0.028826646506786346,0.028826646506786346
[emim]__[Tf2N]__R1234yf__293.15__0.1491,L2,Mreduced,R1234YF,HFO,EMIM,TF2N,293.15,0.1491,0.0758,0.07364099323749543,0.01305433932033432,0.0021590067625045783,0.09444981813430786,0.09444981813430786,0.06707260012626648,0.06707260012626648,0.059788867831230164,0.059788867831230164,0.07605023682117462,0.07605023682117462,0.07084344327449799,0.07084344327449799
[emim]__[Tf2N]__R1234yf__293.15__0.286,L2,Mreduced,R1234YF,HFO,EMIM,TF2N,293.15,0.286,0.1503,0.17162744104862213,0.025416265188758422,0.021327441048622137,0.2164732664823532,0.2164732664823532,0.16180287301540375,0.16180287301540375,0.1665763258934021,0.1665763258934021,0.15755271911621094,0.15755271911621094,0.15573202073574066,0.15573202073574066
[emim]__[Tf2N]__R1234yf__293.15__0.3698,L2,Mreduced,R1234YF,HFO,EMIM,TF2N,293.15,0.3698,0.1978,0.23922907412052155,0.03693104813679348,0.04142907412052155,0.30368393659591675,0.30368393659591675,0.22636930644512177,0.22636930644512177,0.23487064242362976,0.23487064242362976,0.2163720726966858,0.2163720726966858,0.21484941244125366,0.21484941244125366
[emim]__[Tf2N]__R1234yf__293.15__0.4257,L2,Mreduced,R1234YF,HFO,EMIM,TF2N,293.15,0.4257,0.2311,0.27868880033493043,0.03986429204531232,0.04758880033493043,0.3471313714981079,0.3471313714981079,0.2698493003845215,0.2698493003845215,0.2753094434738159,0.2753094434738159,0.25161418318748474,0.25161418318748474,0.24953970313072205,0.24953970313072205
[emim]__[Tf2N]__R1234yf__303.15__0.055,L2,Mreduced,R1234YF,HFO,EMIM,TF2N,303.15,0.055,0.0194,0.02093290463089943,0.016905152820463284,0.001532904630899428,0.02132953703403473,0.02132953703403473,0.0073721036314964294,0.0073721036314964294,0.0015067048370838165,0.0015067048370838165,0.042260028421878815,0.042260028421878815,0.03219614923000336,0.03219614923000336
[emim]__[Tf2N]__R1234yf__303.15__0.1555,L2,Mreduced,R1234YF,HFO,EMIM,TF2N,303.15,0.1555,0.0581,0.06059461608529091,0.011464259950125762,0.0024946160852909113,0.07494202256202698,0.07494202256202698,0.05010927841067314,0.05010927841067314,0.0476391464471817,0.0476391464471817,0.06574855744838715,0.06574855744838715,0.06453407555818558,0.06453407555818558
[emim]__[Tf2N]__R1234yf__303.15__0.2912,L2,Mreduced,R1234YF,HFO,EMIM,TF2N,303.15,0.2912,0.1099,0.12810421139001846,0.01556240193120836,0.01820421139001846,0.15570613741874695,0.15570613741874695,0.11816646158695221,0.11816646158695221,0.12160266935825348,0.12160266935825348,0.12118948251008987,0.12118948251008987,0.1238563060760498,0.1238563060760498
[emim]__[Tf2N]__R1234yf__303.15__0.3853,L2,Mreduced,R1234YF,HFO,EMIM,TF2N,303.15,0.3853,0.1464,0.18130639791488648,0.026358243813511407,0.03490639791488648,0.22804535925388336,0.22804535925388336,0.16877567768096924,0.16877567768096924,0.17552539706230164,0.17552539706230164,0.16704457998275757,0.16704457998275757,0.16714097559452057,0.16714097559452057
[emim]__[Tf2N]__R1234yf__303.15__0.4462,L2,Mreduced,R1234YF,HFO,EMIM,TF2N,303.15,0.4462,0.171,0.21385670304298401,0.03152523186369533,0.042856703042984,0.26947084069252014,0.26947084069252014,0.20163844525814056,0.20163844525814056,0.20777279138565063,0.20777279138565063,0.1950640082359314,0.1950640082359314,0.1953374296426773,0.1953374296426773
[emim]__[Tf2N]__R1234yf__313.15__0.0566,L2,Mreduced,R1234YF,HFO,EMIM,TF2N,313.15,0.0566,0.0162,0.01935525331646204,0.017182794253526576,0.003155253316462041,0.015560268424451351,0.015560268424451351,0.004632327705621719,0.004632327705621719,0.0028227251023054123,0.0028227251023054123,0.042458828538656235,0.042458828538656235,0.03130211681127548,0.03130211681127548
[emim]__[Tf2N]__R1234yf__313.15__0.17,L2,Mreduced,R1234YF,HFO,EMIM,TF2N,313.15,0.17,0.0497,0.05545867756009102,0.011651161704529822,0.005758677560091019,0.0680345892906189,0.0680345892906189,0.04224812984466553,0.04224812984466553,0.04385282099246979,0.04385282099246979,0.062177009880542755,0.062177009880542755,0.06098083779215813,0.06098083779215813
[emim]__[Tf2N]__R1234yf__313.15__0.2816,L2,Mreduced,R1234YF,HFO,EMIM,TF2N,313.15,0.2816,0.0817,0.09666279405355453,0.010851659847528112,0.014962794053554537,0.11435006558895111,0.11435006558895111,0.08613766729831696,0.08613766729831696,0.0914066731929779,0.0914066731929779,0.09271203726530075,0.09271203726530075,0.09870752692222595,0.09870752692222595
[emim]__[Tf2N]__R1234yf__313.15__0.4026,L2,Mreduced,R1234YF,HFO,EMIM,TF2N,313.15,0.4026,0.1148,0.14325888454914093,0.01642923069753209,0.02845888454914093,0.17217384278774261,0.17217384278774261,0.1318441927433014,0.1318441927433014,0.1369098722934723,0.1369098722934723,0.13535696268081665,0.13535696268081665,0.1400095522403717,0.1400095522403717
[emim]__[Tf2N]__R1234yf__313.15__0.4796,L2,Mreduced,R1234YF,HFO,EMIM,TF2N,313.15,0.4796,0.1366,0.1726790577173233,0.02205104591763324,0.03607905771732331,0.21180538833141327,0.21180538833141327,0.16096970438957214,0.16096970438957214,0.16520236432552338,0.16520236432552338,0.15936920046806335,0.15936920046806335,0.16604863107204437,0.16604863107204437
[emim]__[Tf2N]__R1234yf__323.15__0.0581,L2,Mreduced,R1234YF,HFO,EMIM,TF2N,323.15,0.0581,0.0134,0.01740051992237568,0.01626694725794762,0.0040005199223756786,0.015452580526471138,0.015452580526471138,0.0017928816378116608,0.0017928816378116608,0.00277639739215374,0.00277639739215374,0.03979235142469406,0.03979235142469406,0.027188388630747795,0.027188388630747795
[emim]__[Tf2N]__R1234yf__323.15__0.1605,L2,Mreduced,R1234YF,HFO,EMIM,TF2N,323.15,0.1605,0.0359,0.04446959048509598,0.012351903634114873,0.00856959048509598,0.05432457849383354,0.05432457849383354,0.02879709005355835,0.02879709005355835,0.03397291898727417,0.03397291898727417,0.05611047521233559,0.05611047521233559,0.04914288967847824,0.04914288967847824
[emim]__[Tf2N]__R1234yf__323.15__0.3259,L2,Mreduced,R1234YF,HFO,EMIM,TF2N,323.15,0.3259,0.0702,0.09050671607255936,0.011113547315373614,0.020306716072559364,0.10826444625854492,0.10826444625854492,0.07828045636415482,0.07828045636415482,0.086763396859169,0.086763396859169,0.08700360357761383,0.08700360357761383,0.09222167730331421,0.09222167730331421
[emim]__[Tf2N]__R1234yf__323.15__0.4213,L2,Mreduced,R1234YF,HFO,EMIM,TF2N,323.15,0.4213,0.0901,0.11683897972106934,0.012953140817874112,0.02673897972106934,0.13817356526851654,0.13817356526851654,0.10438720881938934,0.10438720881938934,0.1106879711151123,0.1106879711151123,0.11236196756362915,0.11236196756362915,0.11858418583869934,0.11858418583869934
[emim]__[Tf2N]__R1234yf__323.15__0.4767,L2,Mreduced,R1234YF,HFO,EMIM,TF2N,323.15,0.4767,0.0996,0.131305094063282,0.014304787812632901,0.03170509406328201,0.1555032879114151,0.1555032879114151,0.1199573203921318,0.1199573203921318,0.12318500876426697,0.12318500876426697,0.12526164948940277,0.12526164948940277,0.13261820375919342,0.13261820375919342
[emim]__[Tf2N]__R1336mzz(E)__293.1__0.194,L2,Mreduced,R1336MZZ(E),HFO,EMIM,TF2N,293.1,0.194,0.093,0.4220170497894287,0.021204483323003297,0.3290170497894287,0.4055277407169342,0.4055277407169342,0.4415431022644043,0.4415431022644043,0.3934285640716553,0.3934285640716553,0.43389594554901123,0.43389594554901123,0.43568989634513855,0.43568989634513855
[emim]__[Tf2N]__R1336mzz(E)__293.1__0.223,L2,Mreduced,R1336MZZ(E),HFO,EMIM,TF2N,293.1,0.223,0.173,0.4699872374534607,0.03004663073491694,0.29698723745346073,0.4379183053970337,0.4379183053970337,0.5014846324920654,0.5014846324920654,0.4377838969230652,0.4377838969230652,0.48349836468696594,0.48349836468696594,0.4892509877681732,0.4892509877681732
[emim]__[Tf2N]__R1336mzz(E)__303__0.228,L2,Mreduced,R1336MZZ(E),HFO,EMIM,TF2N,303.0,0.228,0.093,0.3854530811309814,0.019528112479117666,0.29245308113098145,0.37177515029907227,0.37177515029907227,0.40840888023376465,0.40840888023376465,0.36002859473228455,0.36002859473228455,0.3893686830997467,0.3893686830997467,0.39768409729003906,0.39768409729003906
[emim]__[Tf2N]__R1336mzz(E)__303__0.293,L2,Mreduced,R1336MZZ(E),HFO,EMIM,TF2N,303.0,0.293,0.173,0.46813411116600034,0.03170697562644229,0.29513411116600036,0.43268999457359314,0.43268999457359314,0.5089743733406067,0.5089743733406067,0.43947383761405945,0.43947383761405945,0.4781699776649475,0.4781699776649475,0.48136237263679504,0.48136237263679504
[emim]__[Tf2N]__R1336mzz(E)__322.5__0.336,L2,Mreduced,R1336MZZ(E),HFO,EMIM,TF2N,322.5,0.336,0.093,0.3405152499675751,0.013754161061134494,0.2475152499675751,0.33469802141189575,0.33469802141189575,0.36389684677124023,0.36389684677124023,0.32767415046691895,0.32767415046691895,0.33839866518974304,0.33839866518974304,0.3379085659980774,0.3379085659980774
[emim]__[Tf2N]__R1336mzz(E)__322.5__0.488,L2,Mreduced,R1336MZZ(E),HFO,EMIM,TF2N,322.5,0.488,0.173,0.46480496525764464,0.017931764731773346,0.29180496525764466,0.4548252820968628,0.4548252820968628,0.4956526756286621,0.4956526756286621,0.45276275277137756,0.45276275277137756,0.46544453501701355,0.46544453501701355,0.45533958077430725,0.45533958077430725
[emim]__[Tf2N]__R1336mzz(E)__332.9__0.381,L2,Mreduced,R1336MZZ(E),HFO,EMIM,TF2N,332.9,0.381,0.093,0.30455676913261415,0.01131887457316391,0.21155676913261415,0.3066098093986511,0.3066098093986511,0.3229273557662964,0.3229273557662964,0.2963654696941376,0.2963654696941376,0.30223941802978516,0.30223941802978516,0.29464179277420044,0.29464179277420044
[emim]__[Tf2N]__R1336mzz(E)__332.9__0.623,L2,Mreduced,R1336MZZ(E),HFO,EMIM,TF2N,332.9,0.623,0.173,0.47366334199905397,0.01453282061954211,0.300663341999054,0.4774070680141449,0.4774070680141449,0.4971123933792114,0.4971123933792114,0.4627301096916199,0.4627301096916199,0.46935561299324036,0.46935561299324036,0.4617115259170532,0.4617115259170532
[emim]__[Tf2N]__R1336mzz(E)__342.9__0.453,L2,Mreduced,R1336MZZ(E),HFO,EMIM,TF2N,342.9,0.453,0.093,0.29021995067596434,0.01097494503261071,0.19721995067596435,0.298715740442276,0.298715740442276,0.30434107780456543,0.30434107780456543,0.28282055258750916,0.28282055258750916,0.28706514835357666,0.28706514835357666,0.27815723419189453,0.27815723419189453
[emim]__[Tf2N]__R1336mzz(E)__342.9__0.8,L2,Mreduced,R1336MZZ(E),HFO,EMIM,TF2N,342.9,0.8,0.173,0.5113673985004425,0.019302144069382403,0.33836739850044256,0.5360701084136963,0.5360701084136963,0.5281996726989746,0.5281996726989746,0.49409961700439453,0.49409961700439453,0.4977990686893463,0.4977990686893463,0.5006685256958008,0.5006685256958008
[emim]__[Tf2N]__R1336mzz(E)__352.8__0.511,L2,Mreduced,R1336MZZ(E),HFO,EMIM,TF2N,352.8,0.511,0.093,0.26993516087532043,0.010303221994098584,0.17693516087532044,0.2828630208969116,0.2828630208969116,0.27824169397354126,0.27824169397354126,0.2614767253398895,0.2614767253398895,0.26775074005126953,0.26775074005126953,0.25934362411499023,0.25934362411499023
[emim]__[Tf2N]__R1336mzz(Z)__293.1__0.05,L2,Mreduced,R1336MZZ(Z),HFO,EMIM,TF2N,293.1,0.05,0.28,0.2551282674074173,0.02393052238687725,0.02487173259258274,0.293183296918869,0.293183296918869,0.2527272701263428,0.2527272701263428,0.22665072977542877,0.22665072977542877,0.25147536396980286,0.25147536396980286,0.25160467624664307,0.25160467624664307
[emim]__[Tf2N]__R1336mzz(Z)__293.1__0.06,L2,Mreduced,R1336MZZ(Z),HFO,EMIM,TF2N,293.1,0.06,0.589,0.275232657790184,0.021610504854665785,0.31376734220981595,0.3072635531425476,0.3072635531425476,0.27486032247543335,0.27486032247543335,0.24627961218357086,0.24627961218357086,0.2738756835460663,0.2738756835460663,0.273884117603302,0.273884117603302
[emim]__[Tf2N]__R1336mzz(Z)__303__0.07,L2,Mreduced,R1336MZZ(Z),HFO,EMIM,TF2N,303.0,0.07,0.28,0.22810550332069396,0.020589584347733187,0.05189449667930607,0.25814276933670044,0.25814276933670044,0.22097165882587433,0.22097165882587433,0.20101621747016907,0.20101621747016907,0.23024696111679077,0.23024696111679077,0.23014990985393524,0.23014990985393524
[emim]__[Tf2N]__R1336mzz(Z)__303__0.09,L2,Mreduced,R1336MZZ(Z),HFO,EMIM,TF2N,303.0,0.09,0.589,0.26395986378192904,0.017849367265375355,0.32504013621807093,0.28337520360946655,0.28337520360946655,0.26135560870170593,0.26135560870170593,0.23531459271907806,0.23531459271907806,0.26966893672943115,0.26966893672943115,0.2700849771499634,0.2700849771499634
[emim]__[Tf2N]__R1336mzz(Z)__322.5__0.13,L2,Mreduced,R1336MZZ(Z),HFO,EMIM,TF2N,322.5,0.13,0.28,0.21756066083908082,0.01789547727535714,0.062439339160919205,0.2218129187822342,0.2218129187822342,0.2092001587152481,0.2092001587152481,0.19083881378173828,0.19083881378173828,0.23161402344703674,0.23161402344703674,0.23433738946914673,0.23433738946914673
[emim]__[Tf2N]__R1336mzz(Z)__322.5__0.17,L2,Mreduced,R1336MZZ(Z),HFO,EMIM,TF2N,322.5,0.17,0.589,0.26990569233894346,0.02208069292109874,0.3190943076610565,0.2544463872909546,0.2544463872909546,0.2742180824279785,0.2742180824279785,0.24074289202690125,0.24074289202690125,0.28620466589927673,0.28620466589927673,0.2939164340496063,0.2939164340496063
[emim]__[Tf2N]__R1336mzz(Z)__332.9__0.18,L2,Mreduced,R1336MZZ(Z),HFO,EMIM,TF2N,332.9,0.18,0.28,0.22939660251140595,0.019515392982655703,0.050603397488594076,0.21789909899234772,0.21789909899234772,0.22932429611682892,0.22932429611682892,0.2033206671476364,0.2033206671476364,0.2470686137676239,0.2470686137676239,0.24937033653259277,0.24937033653259277
[emim]__[Tf2N]__R1336mzz(Z)__332.9__0.24,L2,Mreduced,R1336MZZ(Z),HFO,EMIM,TF2N,332.9,0.24,0.589,0.2910172939300537,0.02601511466709899,0.29798270606994626,0.26141953468322754,0.26141953468322754,0.30398374795913696,0.30398374795913696,0.26454195380210876,0.26454195380210876,0.3085114657878876,0.3085114657878876,0.3166297674179077,0.3166297674179077
[emim]__[Tf2N]__R1336mzz(Z)__342.9__0.24,L2,Mreduced,R1336MZZ(Z),HFO,EMIM,TF2N,342.9,0.24,0.28,0.2403382807970047,0.020230883572916265,0.03966171920299533,0.21924592554569244,0.21924592554569244,0.244498148560524,0.244498148560524,0.21916131675243378,0.21916131675243378,0.2598014771938324,0.2598014771938324,0.2589845359325409,0.2589845359325409
[emim]__[Tf2N]__R1336mzz(Z)__342.9__0.31,L2,Mreduced,R1336MZZ(Z),HFO,EMIM,TF2N,342.9,0.31,0.589,0.29444494247436526,0.02425638936217344,0.2945550575256347,0.2639526426792145,0.2639526426792145,0.305627703666687,0.305627703666687,0.27290087938308716,0.27290087938308716,0.3148626685142517,0.3148626685142517,0.3148808181285858,0.3148808181285858
[emim]__[Tf2N]__R1336mzz(Z)__352.8__0.31,L2,Mreduced,R1336MZZ(Z),HFO,EMIM,TF2N,352.8,0.31,0.28,0.24613435566425323,0.019299473213768775,0.03386564433574679,0.22360371053218842,0.22360371053218842,0.249741792678833,0.249741792678833,0.22893044352531433,0.22893044352531433,0.2674131989479065,0.2674131989479065,0.2609826326370239,0.2609826326370239
[emim]__[Tf2N]__R1336mzz(Z)__352.8__0.41,L2,Mreduced,R1336MZZ(Z),HFO,EMIM,TF2N,352.8,0.41,0.589,0.3075111985206604,0.022000184199711417,0.2814888014793396,0.28161394596099854,0.28161394596099854,0.3164404630661011,0.3164404630661011,0.286234050989151,0.286234050989151,0.325747549533844,0.325747549533844,0.3275199830532074,0.3275199830532074
[bmim]__[Ac]__R1234yf__283.15__0.078,L2,Mreduced,R1234YF,HFO,BMIM,AC,283.15,0.078,0.021,0.023864877596497535,0.013900315709172932,0.0028648775964975337,0.013105388730764389,0.013105388730764389,0.01598508656024933,0.01598508656024933,0.014039045199751854,0.014039045199751854,0.04492894560098648,0.04492894560098648,0.031265921890735626,0.031265921890735626
[bmim]__[Ac]__R1234yf__283.15__0.147,L2,Mreduced,R1234YF,HFO,BMIM,AC,283.15,0.147,0.04,0.05112554654479027,0.00953654739155249,0.011125546544790268,0.0480663999915123,0.0480663999915123,0.04555647820234299,0.04555647820234299,0.040225960314273834,0.040225960314273834,0.06352967023849487,0.06352967023849487,0.05824922397732735,0.05824922397732735
[bmim]__[Ac]__R1234yf__283.15__0.201,L2,Mreduced,R1234YF,HFO,BMIM,AC,283.15,0.201,0.056,0.07143572941422463,0.008289152676237062,0.015435729414224629,0.07729308307170868,0.07729308307170868,0.06351330876350403,0.06351330876350403,0.061336833983659744,0.061336833983659744,0.07656950503587723,0.07656950503587723,0.07846591621637344,0.07846591621637344
[bmim]__[Ac]__R1234yf__283.15__0.257,L2,Mreduced,R1234YF,HFO,BMIM,AC,283.15,0.257,0.076,0.09250651448965072,0.01150731753127529,0.016506514489650723,0.10976824164390564,0.10976824164390564,0.082235187292099,0.082235187292099,0.08289235085248947,0.08289235085248947,0.08992405235767365,0.08992405235767365,0.09771274030208588,0.09771274030208588
[bmim]__[Ac]__R1234yf__283.15__0.31,L2,Mreduced,R1234YF,HFO,BMIM,AC,283.15,0.31,0.095,0.11389914602041244,0.01637110747820826,0.01889914602041244,0.14125731587409973,0.14125731587409973,0.10117512196302414,0.10117512196302414,0.1074226126074791,0.1074226126074791,0.10324525088071823,0.10324525088071823,0.11639542877674103,0.11639542877674103
[bmim]__[Ac]__R1234yf__283.15__0.357,L2,Mreduced,R1234YF,HFO,BMIM,AC,283.15,0.357,0.113,0.13529470711946487,0.022531848875397782,0.022294707119464865,0.17358539998531342,0.17358539998531342,0.11940544098615646,0.11940544098615646,0.13332940638065338,0.13332940638065338,0.11802643537521362,0.11802643537521362,0.1321268528699875,0.1321268528699875
[bmim]__[Ac]__R1234yf__283.15__0.405,L2,Mreduced,R1234YF,HFO,BMIM,AC,283.15,0.405,0.133,0.1594136983156204,0.02877829329986937,0.026413698315620404,0.20785968005657196,0.20785968005657196,0.14023703336715698,0.14023703336715698,0.16142703592777252,0.16142703592777252,0.13653886318206787,0.13653886318206787,0.15100587904453278,0.15100587904453278
[bmim]__[Ac]__R1234yf__293.15__0.081,L2,Mreduced,R1234YF,HFO,BMIM,AC,293.15,0.081,0.019,0.017023663595318796,0.014661140582766427,0.001976336404681204,0.0006156899034976959,0.0006156899034976959,0.007924489676952362,0.007924489676952362,0.013395296409726143,0.013395296409726143,0.037514910101890564,0.037514910101890564,0.025667931884527206,0.025667931884527206
[bmim]__[Ac]__R1234yf__293.15__0.156,L2,Mreduced,R1234YF,HFO,BMIM,AC,293.15,0.156,0.034,0.04021417200565338,0.011036284884347282,0.0062141720056533775,0.02927287667989731,0.02927287667989731,0.031790170818567276,0.031790170818567276,0.03642995283007622,0.03642995283007622,0.054458409547805786,0.054458409547805786,0.04911945015192032,0.04911945015192032
[bmim]__[Ac]__R1234yf__293.15__0.214,L2,Mreduced,R1234YF,HFO,BMIM,AC,293.15,0.214,0.047,0.057381666451692584,0.009162440617958834,0.010381666451692584,0.05296908691525459,0.05296908691525459,0.0477965772151947,0.0477965772151947,0.05176331847906113,0.05176331847906113,0.06669138371944427,0.06669138371944427,0.06768796592950821,0.06768796592950821
[bmim]__[Ac]__R1234yf__293.15__0.276,L2,Mreduced,R1234YF,HFO,BMIM,AC,293.15,0.276,0.06,0.07548796087503433,0.00802588688931055,0.015487960875034332,0.08044853806495667,0.08044853806495667,0.06511755287647247,0.06511755287647247,0.06938599050045013,0.06938599050045013,0.07792633771896362,0.07792633771896362,0.08456138521432877,0.08456138521432877
[bmim]__[Ac]__R1234yf__293.15__0.334,L2,Mreduced,R1234YF,HFO,BMIM,AC,293.15,0.334,0.073,0.09236897379159928,0.01204704696730805,0.019368973791599284,0.11020150780677795,0.11020150780677795,0.07971601188182831,0.07971601188182831,0.0860448107123375,0.0860448107123375,0.0873834565281868,0.0873834565281868,0.09849908202886581,0.09849908202886581
[bmim]__[Ac]__R1234yf__293.15__0.385,L2,Mreduced,R1234YF,HFO,BMIM,AC,293.15,0.385,0.087,0.10688783377408981,0.019002337808614423,0.019887833774089814,0.13818149268627167,0.13818149268627167,0.09056193381547928,0.09056193381547928,0.10041196644306183,0.10041196644306183,0.09487869590520859,0.09487869590520859,0.1104050800204277,0.1104050800204277
[bmim]__[Ac]__R1234yf__293.15__0.439,L2,Mreduced,R1234YF,HFO,BMIM,AC,293.15,0.439,0.101,0.12414443790912628,0.025934191563325666,0.023144437909126278,0.16782648861408234,0.16782648861408234,0.103927843272686,0.103927843272686,0.12026594579219818,0.12026594579219818,0.10522326081991196,0.10522326081991196,0.12347865104675293,0.12347865104675293
[bmim]__[Ac]__R1234yf__293.15__0.495,L2,Mreduced,R1234YF,HFO,BMIM,AC,293.15,0.495,0.113,0.14556052088737487,0.03263847838836778,0.032560520887374864,0.20041511952877045,0.20041511952877045,0.12141095846891403,0.12141095846891403,0.14623114466667175,0.14623114466667175,0.12048687785863876,0.12048687785863876,0.1392585039138794,0.1392585039138794
[bmim]__[Ac]__R1234yf__293.15__0.551,L2,Mreduced,R1234YF,HFO,BMIM,AC,293.15,0.551,0.129,0.16837477684020996,0.03875096951421599,0.03937477684020996,0.2321396768093109,0.2321396768093109,0.13934224843978882,0.13934224843978882,0.1754014790058136,0.1754014790058136,0.13810333609580994,0.13810333609580994,0.15688714385032654,0.15688714385032654
[bmim]__[Ac]__R1234yf__303.15__0.086,L2,Mreduced,R1234YF,HFO,BMIM,AC,303.15,0.086,0.015,0.014550989866256714,0.013897852784007897,0.00044901013374328523,-0.004189446568489075,0.0,0.0024106986820697784,0.0024106986820697784,0.014349613338708878,0.014349613338708878,0.03308825194835663,0.03308825194835663,0.022906385362148285,0.022906385362148285
[bmim]__[Ac]__R1234yf__303.15__0.166,L2,Mreduced,R1234YF,HFO,BMIM,AC,303.15,0.166,0.027,0.0334868535399437,0.011481108882508943,0.006486853539943698,0.02100345864892006,0.02100345864892006,0.02272351086139679,0.02272351086139679,0.03470262885093689,0.03470262885093689,0.04689178988337517,0.04689178988337517,0.04211287945508957,0.04211287945508957
[bmim]__[Ac]__R1234yf__303.15__0.227,L2,Mreduced,R1234YF,HFO,BMIM,AC,303.15,0.227,0.036,0.047695424407720566,0.01041020920386496,0.011695424407720569,0.03877616673707962,0.03877616673707962,0.0356028750538826,0.0356028750538826,0.04835838824510574,0.04835838824510574,0.0575309619307518,0.0575309619307518,0.058208730071783066,0.058208730071783066
[bmim]__[Ac]__R1234yf__303.15__0.293,L2,Mreduced,R1234YF,HFO,BMIM,AC,303.15,0.293,0.047,0.06305948942899704,0.008137927723006673,0.016059489428997042,0.06355151534080505,0.06355151534080505,0.050631262362003326,0.050631262362003326,0.06161193549633026,0.06161193549633026,0.06670647859573364,0.06670647859573364,0.07279625535011292,0.07279625535011292
[bmim]__[Ac]__R1234yf__303.15__0.355,L2,Mreduced,R1234YF,HFO,BMIM,AC,303.15,0.355,0.058,0.07667480409145355,0.009448365396111175,0.01867480409145355,0.08670823276042938,0.08670823276042938,0.06315165013074875,0.06315165013074875,0.07433676719665527,0.07433676719665527,0.07453431934118271,0.07453431934118271,0.08464305102825165,0.08464305102825165
[bmim]__[Ac]__R1234yf__303.15__0.41,L2,Mreduced,R1234YF,HFO,BMIM,AC,303.15,0.41,0.069,0.08808963894844055,0.015100213741352099,0.01908963894844054,0.1107148826122284,0.1107148826122284,0.07132117450237274,0.07132117450237274,0.08360786736011505,0.08360786736011505,0.0804038792848587,0.0804038792848587,0.09440039098262787,0.09440039098262787
[bmim]__[Ac]__R1234yf__303.15__0.469,L2,Mreduced,R1234YF,HFO,BMIM,AC,303.15,0.469,0.08,0.10105426013469695,0.022436931960544852,0.021054260134696953,0.13788765668869019,0.13788765668869019,0.08076699078083038,0.08076699078083038,0.09540626406669617,0.09540626406669617,0.08682718873023987,0.08682718873023987,0.1043832004070282,0.1043832004070282
[bmim]__[Ac]__R1234yf__303.15__0.53,L2,Mreduced,R1234YF,HFO,BMIM,AC,303.15,0.53,0.088,0.11561263054609298,0.029657458631305294,0.02761263054609299,0.16512000560760498,0.16512000560760498,0.09031213074922562,0.09031213074922562,0.11134028434753418,0.11134028434753418,0.0953930914402008,0.0953930914402008,0.11589764058589935,0.11589764058589935
[bmim]__[Ac]__R1234yf__303.15__0.591,L2,Mreduced,R1234YF,HFO,BMIM,AC,303.15,0.591,0.1,0.13289289474487304,0.0358683990040231,0.03289289474487303,0.19282929599285126,0.19282929599285126,0.10413967072963715,0.10413967072963715,0.1323220282793045,0.1323220282793045,0.10622528195381165,0.10622528195381165,0.12894819676876068,0.12894819676876068
[bmim]__[Ac]__R1234yf__303.15__0.658,L2,Mreduced,R1234YF,HFO,BMIM,AC,303.15,0.658,0.113,0.1540536805987358,0.04128494914491644,0.041053680598735806,0.2220432162284851,0.2220432162284851,0.12294502556324005,0.12294502556324005,0.1593952775001526,0.1593952775001526,0.12054160982370377,0.12054160982370377,0.14534327387809753,0.14534327387809753
[bmim]__[Ac]__R1234yf__313.15__0.09,L2,Mreduced,R1234YF,HFO,BMIM,AC,313.15,0.09,0.012,0.012113772705197335,0.012537006829013628,0.00011377270519733439,-0.003590010106563568,0.0,-0.001383807510137558,0.0,0.013253932818770409,0.013253932818770409,0.029462873935699463,0.029462873935699463,0.0178520567715168,0.0178520567715168
[bmim]__[Ac]__R1234yf__313.15__0.174,L2,Mreduced,R1234YF,HFO,BMIM,AC,313.15,0.174,0.023,0.028458085283637045,0.010826362036478574,0.005458085283637046,0.017527887597680092,0.017527887597680092,0.017164774239063263,0.017164774239063263,0.03136550635099411,0.03136550635099411,0.04177834466099739,0.04177834466099739,0.03445391356945038,0.03445391356945038
[bmim]__[Ac]__R1234yf__313.15__0.239,L2,Mreduced,R1234YF,HFO,BMIM,AC,313.15,0.239,0.03,0.04006313048303127,0.009091959522928975,0.010063130483031271,0.03330307826399803,0.03330307826399803,0.027805140241980553,0.027805140241980553,0.04333820194005966,0.04333820194005966,0.04777396097779274,0.04777396097779274,0.04809527099132538,0.04809527099132538
[bmim]__[Ac]__R1234yf__313.15__0.309,L2,Mreduced,R1234YF,HFO,BMIM,AC,313.15,0.309,0.039,0.05261132270097733,0.008409567607351672,0.013611322700977327,0.05247378721833229,0.05247378721833229,0.03886895254254341,0.03886895254254341,0.054815590381622314,0.054815590381622314,0.05520934239029884,0.05520934239029884,0.06168894097208977,0.06168894097208977
[bmim]__[Ac]__R1234yf__313.15__0.375,L2,Mreduced,R1234YF,HFO,BMIM,AC,313.15,0.375,0.047,0.06344583630561829,0.009423390484340773,0.016445836305618286,0.0719185471534729,0.0719185471534729,0.04896577447652817,0.04896577447652817,0.06358975917100906,0.06358975917100906,0.06106099486351013,0.06106099486351013,0.07169410586357117,0.07169410586357117
[bmim]__[Ac]__R1234yf__313.15__0.433,L2,Mreduced,R1234YF,HFO,BMIM,AC,313.15,0.433,0.056,0.07251405045390129,0.013372292216038226,0.016514050453901287,0.09077584743499756,0.09077584743499756,0.05561497434973717,0.05561497434973717,0.07096053659915924,0.07096053659915924,0.06576221436262131,0.06576221436262131,0.07945667952299118,0.07945667952299118
[bmim]__[Ac]__R1234yf__313.15__0.496,L2,Mreduced,R1234YF,HFO,BMIM,AC,313.15,0.496,0.065,0.08291426599025727,0.01861472878733205,0.017914265990257264,0.11174358427524567,0.11174358427524567,0.06305789947509766,0.06305789947509766,0.08053721487522125,0.08053721487522125,0.07145468890666962,0.07145468890666962,0.08777794241905212,0.08777794241905212
[bmim]__[Ac]__R1234yf__313.15__0.561,L2,Mreduced,R1234YF,HFO,BMIM,AC,313.15,0.561,0.071,0.0934748962521553,0.024580754037509717,0.022474896252155305,0.133546382188797,0.133546382188797,0.0704270601272583,0.0704270601272583,0.09068547189235687,0.09068547189235687,0.077115498483181,0.077115498483181,0.09560006856918335,0.09560006856918335
[bmim]__[Ac]__R1234yf__313.15__0.627,L2,Mreduced,R1234YF,HFO,BMIM,AC,313.15,0.627,0.08,0.10520310848951339,0.030688796880952808,0.02520310848951339,0.1561199277639389,0.1561199277639389,0.07899723201990128,0.07899723201990128,0.10215920209884644,0.10215920209884644,0.08332552015781403,0.08332552015781403,0.10541366040706635,0.10541366040706635
[bmim]__[Ac]__R1234yf__313.15__0.699,L2,Mreduced,R1234YF,HFO,BMIM,AC,313.15,0.699,0.091,0.12157486826181411,0.03693168854042114,0.030574868261814117,0.18292194604873657,0.18292194604873657,0.09206580370664597,0.09206580370664597,0.12147925049066544,0.12147925049066544,0.09309909492731094,0.09309909492731094,0.11830824613571167,0.11830824613571167
[bmim]__[Ac]__R1234yf__323.15__0.095,L2,Mreduced,R1234YF,HFO,BMIM,AC,323.15,0.095,0.01,0.010731378942728043,0.011387274290162827,0.0007313789427280427,-0.0023070238530635834,0.0,-0.00449468195438385,0.0,0.012613870203495026,0.012613870203495026,0.027344923466444016,0.027344923466444016,0.013698101043701172,0.013698101043701172
[bmim]__[Ac]__R1234yf__323.15__0.182,L2,Mreduced,R1234YF,HFO,BMIM,AC,323.15,0.182,0.018,0.02382219135761261,0.010104657067198453,0.0058221913576126105,0.01634436659514904,0.01634436659514904,0.011500075459480286,0.011500075459480286,0.027274014428257942,0.027274014428257942,0.03724593669176102,0.03724593669176102,0.026746563613414764,0.026746563613414764
[bmim]__[Ac]__R1234yf__323.15__0.25,L2,Mreduced,R1234YF,HFO,BMIM,AC,323.15,0.25,0.025,0.03411590419709683,0.007718079498514585,0.009115904197096826,0.03262091055512428,0.03262091055512428,0.02156422846019268,0.02156422846019268,0.0372423455119133,0.0372423455119133,0.04170851781964302,0.04170851781964302,0.03744351863861084,0.03744351863861084
[bmim]__[Ac]__R1234yf__323.15__0.324,L2,Mreduced,R1234YF,HFO,BMIM,AC,323.15,0.324,0.031,0.043713952600955966,0.0076385454946724125,0.012713952600955966,0.04647046700119972,0.04647046700119972,0.03019106388092041,0.03019106388092041,0.04718086123466492,0.04718086123466492,0.04590388014912605,0.04590388014912605,0.04882349073886871,0.04882349073886871
[bmim]__[Ac]__R1234yf__323.15__0.393,L2,Mreduced,R1234YF,HFO,BMIM,AC,323.15,0.393,0.039,0.05196985453367233,0.009422238553913921,0.012969854533672331,0.06054754927754402,0.06054754927754402,0.03669055551290512,0.03669055551290512,0.05493014305830002,0.05493014305830002,0.049820657819509506,0.049820657819509506,0.057860367000103,0.057860367000103
[bmim]__[Ac]__R1234yf__323.15__0.456,L2,Mreduced,R1234YF,HFO,BMIM,AC,323.15,0.456,0.045,0.05870645269751549,0.011756224450811889,0.01370645269751549,0.0728527307510376,0.0728527307510376,0.04185410588979721,0.04185410588979721,0.060959380120038986,0.060959380120038986,0.05329661816358566,0.05329661816358566,0.06456942856311798,0.06456942856311798
[bmim]__[Ac]__R1234yf__323.15__0.522,L2,Mreduced,R1234YF,HFO,BMIM,AC,323.15,0.522,0.052,0.06589084342122078,0.014486630756158348,0.013890843421220787,0.08587679266929626,0.08587679266929626,0.04750200733542442,0.04750200733542442,0.0683169737458229,0.0683169737458229,0.057250380516052246,0.057250380516052246,0.07050806283950806,0.07050806283950806
[bmim]__[Ac]__R1234yf__323.15__0.59,L2,Mreduced,R1234YF,HFO,BMIM,AC,323.15,0.59,0.059,0.07404950410127639,0.018470643796642743,0.015049504101276395,0.10200616717338562,0.10200616717338562,0.053538255393505096,0.053538255393505096,0.07555941492319107,0.07555941492319107,0.061826080083847046,0.061826080083847046,0.07731760293245316,0.07731760293245316
[bmim]__[Ac]__R1234yf__323.15__0.661,L2,Mreduced,R1234YF,HFO,BMIM,AC,323.15,0.661,0.067,0.08304443359375,0.023457936488411008,0.01604443359374999,0.12008515000343323,0.12008515000343323,0.05998852849006653,0.05998852849006653,0.0846797376871109,0.0846797376871109,0.06593810021877289,0.06593810021877289,0.08453065156936646,0.08453065156936646
[bmim]__[Ac]__R1234yf__323.15__0.738,L2,Mreduced,R1234YF,HFO,BMIM,AC,323.15,0.738,0.074,0.09553535282611847,0.030412282046296236,0.021535352826118473,0.14491698145866394,0.14491698145866394,0.06966876238584518,0.06966876238584518,0.09753062576055527,0.09753062576055527,0.07132086157798767,0.07132086157798767,0.09423953294754028,0.09423953294754028
[bmim]__[Ac]__R1234yf__333.15__0.099,L2,Mreduced,R1234YF,HFO,BMIM,AC,333.15,0.099,0.008,0.008872933685779572,0.010068274252708618,0.0008729336857795714,-0.0038757864385843277,0.0,-0.007096398621797562,0.0,0.0112798772752285,0.0112798772752285,0.024435050785541534,0.024435050785541534,0.008649740368127823,0.008649740368127823
[bmim]__[Ac]__R1234yf__333.15__0.189,L2,Mreduced,R1234YF,HFO,BMIM,AC,333.15,0.189,0.015,0.01879933997988701,0.00968946563984228,0.0037993399798870106,0.01397537812590599,0.01397537812590599,0.005802758038043976,0.005802758038043976,0.0229935385286808,0.0229935385286808,0.03165119141340256,0.03165119141340256,0.019573833793401718,0.019573833793401718
[bmim]__[Ac]__R1234yf__333.15__0.261,L2,Mreduced,R1234YF,HFO,BMIM,AC,333.15,0.261,0.021,0.028102740272879602,0.007715331472594764,0.007102740272879601,0.0292836781591177,0.0292836781591177,0.015302523970603943,0.015302523970603943,0.031954504549503326,0.031954504549503326,0.035718921571969986,0.035718921571969986,0.02825407311320305,0.02825407311320305
[bmim]__[Ac]__R1234yf__333.15__0.338,L2,Mreduced,R1234YF,HFO,BMIM,AC,333.15,0.338,0.027,0.03615435138344765,0.00719447056173384,0.00915435138344765,0.04102809354662895,0.04102809354662895,0.02356477454304695,0.02356477454304695,0.040048159658908844,0.040048159658908844,0.03914358839392662,0.03914358839392662,0.03698714077472687,0.03698714077472687
[bmim]__[Ac]__R1234yf__333.15__0.41,L2,Mreduced,R1234YF,HFO,BMIM,AC,333.15,0.41,0.033,0.04271311610937119,0.008462084282011386,0.009713116109371187,0.0505860410630703,0.0505860410630703,0.028683800250291824,0.028683800250291824,0.0478072389960289,0.0478072389960289,0.042499758303165436,0.042499758303165436,0.04398874193429947,0.04398874193429947
[bmim]__[Ac]__R1234yf__333.15__0.477,L2,Mreduced,R1234YF,HFO,BMIM,AC,333.15,0.477,0.038,0.0479884535074234,0.009556430957965385,0.009988453507423403,0.058487582951784134,0.058487582951784134,0.03322066739201546,0.03322066739201546,0.053154051303863525,0.053154051303863525,0.04531550407409668,0.04531550407409668,0.04976446181535721,0.04976446181535721
[bmim]__[Ac]__R1234yf__333.15__0.546,L2,Mreduced,R1234YF,HFO,BMIM,AC,333.15,0.546,0.044,0.05331694856286049,0.01125437456193883,0.009316948562860493,0.06809171289205551,0.06809171289205551,0.038030050694942474,0.038030050694942474,0.05789197236299515,0.05789197236299515,0.04771643504500389,0.04771643504500389,0.05485457181930542,0.05485457181930542
[bmim]__[Ac]__R1234yf__333.15__0.618,L2,Mreduced,R1234YF,HFO,BMIM,AC,333.15,0.618,0.05,0.058757979422807693,0.014408426593042794,0.00875797942280769,0.08014226704835892,0.08014226704835892,0.041947346180677414,0.041947346180677414,0.06244731694459915,0.06244731694459915,0.050001759082078934,0.050001759082078934,0.05925120785832405,0.05925120785832405
[bmim]__[Ac]__R1234yf__333.15__0.693,L2,Mreduced,R1234YF,HFO,BMIM,AC,333.15,0.693,0.057,0.06588279753923416,0.018737318752380324,0.008882797539234162,0.09498140215873718,0.09498140215873718,0.046622104942798615,0.046622104942798615,0.0696609616279602,0.0696609616279602,0.05276317894458771,0.05276317894458771,0.0653863400220871,0.0653863400220871
[bmim]__[Ac]__R1234yf__333.15__0.775,L2,Mreduced,R1234YF,HFO,BMIM,AC,333.15,0.775,0.063,0.07570434436202049,0.023802872428086236,0.01270434436202049,0.11376293003559113,0.11376293003559113,0.05504850298166275,0.05504850298166275,0.0801876112818718,0.0801876112818718,0.056649964302778244,0.056649964302778244,0.07287271320819855,0.07287271320819855
[bmim]__[Ac]__R1234yf__343.15__0.103,L2,Mreduced,R1234YF,HFO,BMIM,AC,343.15,0.103,0.007,0.006872444227337837,0.008850905918782572,0.0001275557726621631,-0.009446332231163979,0.0,-0.010252296924591064,0.0,0.009218132123351097,0.009218132123351097,0.021186567842960358,0.021186567842960358,0.003957521170377731,0.003957521170377731
[bmim]__[Ac]__R1234yf__343.15__0.197,L2,Mreduced,R1234YF,HFO,BMIM,AC,343.15,0.197,0.013,0.01404717806726694,0.009790219759132811,0.0010471780672669413,0.008532247506082058,0.008532247506082058,0.001546274870634079,0.001546274870634079,0.019664401188492775,0.019664401188492775,0.026890676468610764,0.026890676468610764,0.01360229030251503,0.01360229030251503
[bmim]__[Ac]__R1234yf__343.15__0.271,L2,Mreduced,R1234YF,HFO,BMIM,AC,343.15,0.271,0.018,0.021768931671977042,0.0077956172985785156,0.003768931671977043,0.021429751068353653,0.021429751068353653,0.009649071842432022,0.009649071842432022,0.026795515790581703,0.026795515790581703,0.03013237938284874,0.03013237938284874,0.020837940275669098,0.020837940275669098
[bmim]__[Ac]__R1234yf__343.15__0.351,L2,Mreduced,R1234YF,HFO,BMIM,AC,343.15,0.351,0.023,0.029262034967541695,0.0073649649430205305,0.006262034967541696,0.03265729919075966,0.03265729919075966,0.016817502677440643,0.016817502677440643,0.034806761890649796,0.034806761890649796,0.03363076597452164,0.03363076597452164,0.02839784510433674,0.02839784510433674
[bmim]__[Ac]__R1234yf__343.15__0.427,L2,Mreduced,R1234YF,HFO,BMIM,AC,343.15,0.427,0.028,0.03502186983823776,0.007895197030613105,0.0070218698382377605,0.0402156338095665,0.0402156338095665,0.02206912264227867,0.02206912264227867,0.04217488318681717,0.04217488318681717,0.0365973524749279,0.0365973524749279,0.03405235707759857,0.03405235707759857
[bmim]__[Ac]__R1234yf__343.15__0.497,L2,Mreduced,R1234YF,HFO,BMIM,AC,343.15,0.497,0.033,0.039270681142807004,0.00822584727393869,0.0062706811428070025,0.04571133852005005,0.04571133852005005,0.02612808346748352,0.02612808346748352,0.04675058275461197,0.04675058275461197,0.03919536620378494,0.03919536620378494,0.03856803476810455,0.03856803476810455
[bmim]__[Ac]__R1234yf__343.15__0.57,L2,Mreduced,R1234YF,HFO,BMIM,AC,343.15,0.57,0.038,0.04346887394785881,0.008947901723524079,0.005468873947858811,0.05306164547801018,0.05306164547801018,0.030249256640672684,0.030249256640672684,0.05036623775959015,0.05036623775959015,0.041305191814899445,0.041305191814899445,0.0423620380461216,0.0423620380461216
[bmim]__[Ac]__R1234yf__343.15__0.646,L2,Mreduced,R1234YF,HFO,BMIM,AC,343.15,0.646,0.042,0.04790287390351296,0.010716027637303692,0.005902873903512955,0.06278129667043686,0.06278129667043686,0.03472811356186867,0.03472811356186867,0.0536036342382431,0.0536036342382431,0.042704030871391296,0.042704030871391296,0.04569729417562485,0.04569729417562485
[bmim]__[Ac]__R1234yf__343.15__0.724,L2,Mreduced,R1234YF,HFO,BMIM,AC,343.15,0.724,0.049,0.053377071768045424,0.01367400995381439,0.004377071768045422,0.07441498339176178,0.07441498339176178,0.03964291140437126,0.03964291140437126,0.058631837368011475,0.058631837368011475,0.044836997985839844,0.044836997985839844,0.04935862869024277,0.04935862869024277
[bmim]__[Ac]__R1234yf__343.15__0.811,L2,Mreduced,R1234YF,HFO,BMIM,AC,343.15,0.811,0.054,0.06137421578168869,0.01762563649439531,0.007374215781688689,0.08955690264701843,0.08955690264701843,0.04714987799525261,0.04714987799525261,0.06666096299886703,0.06666096299886703,0.04769457131624222,0.04769457131624222,0.055808763951063156,0.055808763951063156
[bmim]__[PF6]__R1234yf__283.15__0.046,L2,Mreduced,R1234YF,HFO,BMIM,PF6,283.15,0.046,0.0138,0.015649504214525222,0.014536243130939349,0.0018495042145252223,0.01180424727499485,0.01180424727499485,0.006311923265457153,0.006311923265457153,0.001511814072728157,0.001511814072728157,0.03853346407413483,0.03853346407413483,0.020086072385311127,0.020086072385311127
[bmim]__[PF6]__R1234yf__283.15__0.0923,L2,Mreduced,R1234YF,HFO,BMIM,PF6,283.15,0.0923,0.0281,0.036676745116710666,0.01188025841898519,0.008576745116710666,0.039234161376953125,0.039234161376953125,0.03018438257277012,0.03018438257277012,0.021785294637084007,0.021785294637084007,0.05373517423868179,0.05373517423868179,0.03844471275806427,0.03844471275806427
[bmim]__[PF6]__R1234yf__283.15__0.1331,L2,Mreduced,R1234YF,HFO,BMIM,PF6,283.15,0.1331,0.0409,0.05548627227544785,0.011041585684339496,0.01458627227544785,0.06663201749324799,0.06663201749324799,0.050833456218242645,0.050833456218242645,0.040045931935310364,0.040045931935310364,0.06558838486671448,0.06558838486671448,0.054331570863723755,0.054331570863723755
[bmim]__[PF6]__R1234yf__283.15__0.1731,L2,Mreduced,R1234YF,HFO,BMIM,PF6,283.15,0.1731,0.0541,0.07475976645946503,0.012905068461890948,0.020659766459465025,0.09551581740379333,0.09551581740379333,0.06996813416481018,0.06996813416481018,0.06060633808374405,0.06060633808374405,0.0761379525065422,0.0761379525065422,0.07157059013843536,0.07157059013843536
[bmim]__[PF6]__R1234yf__283.15__0.2116,L2,Mreduced,R1234YF,HFO,BMIM,PF6,283.15,0.2116,0.067,0.0944190889596939,0.016771476661371014,0.027419088959693902,0.12414565682411194,0.12414565682411194,0.08703631162643433,0.08703631162643433,0.08328466862440109,0.08328466862440109,0.08909294754266739,0.08909294754266739,0.0885358601808548,0.0885358601808548
[bmim]__[PF6]__R1234yf__283.15__0.2448,L2,Mreduced,R1234YF,HFO,BMIM,PF6,283.15,0.2448,0.0798,0.11285472214221955,0.021432784735204834,0.03305472214221955,0.15112920105457306,0.15112920105457306,0.1022033840417862,0.1022033840417862,0.10518012195825577,0.10518012195825577,0.10210628062486649,0.10210628062486649,0.10365462303161621,0.10365462303161621
[bmim]__[PF6]__R1234yf__283.15__0.2909,L2,Mreduced,R1234YF,HFO,BMIM,PF6,283.15,0.2909,0.0954,0.14160709381103515,0.028174783855338965,0.046207093811035146,0.19064660370349884,0.19064660370349884,0.12862750887870789,0.12862750887870789,0.13955950736999512,0.13955950736999512,0.12149299681186676,0.12149299681186676,0.12770885229110718,0.12770885229110718
[bmim]__[PF6]__R1234yf__293.15__0.055,L2,Mreduced,R1234YF,HFO,BMIM,PF6,293.15,0.055,0.0126,0.01194165050983429,0.016226489232492706,0.0006583494901657109,0.0003532972186803818,0.0003532972186803818,-0.0011466480791568756,0.0,0.002243807539343834,0.002243807539343834,0.03662433475255966,0.03662433475255966,0.02048681303858757,0.02048681303858757
[bmim]__[PF6]__R1234yf__293.15__0.1091,L2,Mreduced,R1234YF,HFO,BMIM,PF6,293.15,0.1091,0.0248,0.03146461583673954,0.01242445764848811,0.006664615836739541,0.0245404914021492,0.0245404914021492,0.021797552704811096,0.021797552704811096,0.023144951090216637,0.023144951090216637,0.0508691743016243,0.0508691743016243,0.03697090968489647,0.03697090968489647
[bmim]__[PF6]__R1234yf__293.15__0.1568,L2,Mreduced,R1234YF,HFO,BMIM,PF6,293.15,0.1568,0.0358,0.04865609928965568,0.00826560681144658,0.012856099289655684,0.04904628545045853,0.04904628545045853,0.04101742431521416,0.04101742431521416,0.04068692773580551,0.04068692773580551,0.06047700345516205,0.06047700345516205,0.052052855491638184,0.052052855491638184
[bmim]__[PF6]__R1234yf__293.15__0.207,L2,Mreduced,R1234YF,HFO,BMIM,PF6,293.15,0.207,0.048,0.06682050377130508,0.008177287986187604,0.018820503771305078,0.07697088271379471,0.07697088271379471,0.05869690328836441,0.05869690328836441,0.058502472937107086,0.058502472937107086,0.07214207947254181,0.07214207947254181,0.06779018044471741,0.06779018044471741
[bmim]__[PF6]__R1234yf__293.15__0.2531,L2,Mreduced,R1234YF,HFO,BMIM,PF6,293.15,0.2531,0.0601,0.0844530463218689,0.011753668886560315,0.024353046321868896,0.10464167594909668,0.10464167594909668,0.0755959004163742,0.0755959004163742,0.07676039636135101,0.07676039636135101,0.08325318992137909,0.08325318992137909,0.0820140689611435,0.0820140689611435
[bmim]__[PF6]__R1234yf__293.15__0.2997,L2,Mreduced,R1234YF,HFO,BMIM,PF6,293.15,0.2997,0.0722,0.10216324329376221,0.017950114999960482,0.02996324329376221,0.13406725227832794,0.13406725227832794,0.09068510681390762,0.09068510681390762,0.09544945508241653,0.09544945508241653,0.09505468606948853,0.09505468606948853,0.09555971622467041,0.09555971622467041
[bmim]__[PF6]__R1234yf__293.15__0.3341,L2,Mreduced,R1234YF,HFO,BMIM,PF6,293.15,0.3341,0.0831,0.1163034126162529,0.02357022117956904,0.03320341261625291,0.15794743597507477,0.15794743597507477,0.10133518278598785,0.10133518278598785,0.11125996708869934,0.11125996708869934,0.10398172587156296,0.10398172587156296,0.10699275135993958,0.10699275135993958
[bmim]__[PF6]__R1234yf__303.15__0.061,L2,Mreduced,R1234YF,HFO,BMIM,PF6,303.15,0.061,0.0112,0.012083926424384116,0.015227003265915789,0.0008839264243841165,-0.0014163665473461151,0.0,-0.0024970360100269318,0.0,0.004940735176205635,0.004940735176205635,0.034601956605911255,0.034601956605911255,0.020876940339803696,0.020876940339803696
[bmim]__[PF6]__R1234yf__303.15__0.1183,L2,Mreduced,R1234YF,HFO,BMIM,PF6,303.15,0.1183,0.022,0.027276824787259103,0.012369634641356795,0.0052768247872591045,0.018087778240442276,0.018087778240442276,0.014684338122606277,0.014684338122606277,0.024063358083367348,0.024063358083367348,0.044586848467588425,0.044586848467588425,0.034961801022291183,0.034961801022291183
[bmim]__[PF6]__R1234yf__303.15__0.1685,L2,Mreduced,R1234YF,HFO,BMIM,PF6,303.15,0.1685,0.0319,0.040760231018066403,0.009121729866160206,0.008860231018066406,0.03456281125545502,0.03456281125545502,0.030600249767303467,0.030600249767303467,0.03894743695855141,0.03894743695855141,0.05322366952896118,0.05322366952896118,0.04646698758006096,0.04646698758006096
[bmim]__[PF6]__R1234yf__303.15__0.2188,L2,Mreduced,R1234YF,HFO,BMIM,PF6,303.15,0.2188,0.0412,0.054695843160152434,0.00663770461416296,0.013495843160152433,0.05492384359240532,0.05492384359240532,0.04526443034410477,0.04526443034410477,0.051738984882831573,0.051738984882831573,0.0622849278151989,0.0622849278151989,0.05926702916622162,0.05926702916622162
[bmim]__[PF6]__R1234yf__303.15__0.2677,L2,Mreduced,R1234YF,HFO,BMIM,PF6,303.15,0.2677,0.0495,0.06860923022031784,0.0076806062017456605,0.019109230220317838,0.07921288907527924,0.07921288907527924,0.05908513814210892,0.05908513814210892,0.06373056769371033,0.06373056769371033,0.07145825773477554,0.07145825773477554,0.06955929845571518,0.06955929845571518
[bmim]__[PF6]__R1234yf__303.15__0.3178,L2,Mreduced,R1234YF,HFO,BMIM,PF6,303.15,0.3178,0.0585,0.08269445598125458,0.012612784138825222,0.024194455981254574,0.10422311723232269,0.10422311723232269,0.07136902958154678,0.07136902958154678,0.07691190391778946,0.07691190391778946,0.08131225407123566,0.08131225407123566,0.0796559751033783,0.0796559751033783
[bmim]__[PF6]__R1234yf__303.15__0.3653,L2,Mreduced,R1234YF,HFO,BMIM,PF6,303.15,0.3653,0.0681,0.09572057873010635,0.01813215661255766,0.027620578730106357,0.12750321626663208,0.12750321626663208,0.08163858950138092,0.08163858950138092,0.09095964580774307,0.09095964580774307,0.0896231085062027,0.0896231085062027,0.088878333568573,0.088878333568573
[bmim]__[PF6]__R1234yf__313.15__0.0648,L2,Mreduced,R1234YF,HFO,BMIM,PF6,313.15,0.0648,0.0098,0.011928746476769447,0.015031320923004372,0.0021287464767694476,-0.0008762013167142868,0.0,-0.003484535962343216,0.0,0.005554748699069023,0.005554748699069023,0.03484106436371803,0.03484106436371803,0.01924791932106018,0.01924791932106018
[bmim]__[PF6]__R1234yf__313.15__0.125,L2,Mreduced,R1234YF,HFO,BMIM,PF6,313.15,0.125,0.0185,0.025050334632396698,0.012032377985466683,0.006550334632396699,0.01803886704146862,0.01803886704146862,0.01070154458284378,0.01070154458284378,0.023374414071440697,0.023374414071440697,0.04185626655817032,0.04185626655817032,0.031280580908060074,0.031280580908060074
[bmim]__[PF6]__R1234yf__313.15__0.1769,L2,Mreduced,R1234YF,HFO,BMIM,PF6,313.15,0.1769,0.0265,0.03598032109439373,0.009552131711579523,0.009480321094393732,0.03199252113699913,0.03199252113699913,0.022826923057436943,0.022826923057436943,0.036183279007673264,0.036183279007673264,0.04848461598157883,0.04848461598157883,0.04041426628828049,0.04041426628828049
[bmim]__[PF6]__R1234yf__313.15__0.23,L2,Mreduced,R1234YF,HFO,BMIM,PF6,313.15,0.23,0.0342,0.04660805091261864,0.00705771944812972,0.012408050912618637,0.047186464071273804,0.047186464071273804,0.0348992645740509,0.0348992645740509,0.04733207821846008,0.04733207821846008,0.05370134860277176,0.05370134860277176,0.049921099096536636,0.049921099096536636
[bmim]__[PF6]__R1234yf__313.15__0.2816,L2,Mreduced,R1234YF,HFO,BMIM,PF6,313.15,0.2816,0.0411,0.05736105218529701,0.00680878089715474,0.016261052185297012,0.06452272087335587,0.06452272087335587,0.04629192873835564,0.04629192873835564,0.056733764708042145,0.056733764708042145,0.06031674146652222,0.06031674146652222,0.0589401051402092,0.0589401051402092
[bmim]__[PF6]__R1234yf__313.15__0.3343,L2,Mreduced,R1234YF,HFO,BMIM,PF6,313.15,0.3343,0.0489,0.06768766567111015,0.009166874996958365,0.01878766567111015,0.08176228404045105,0.08176228404045105,0.056208763271570206,0.056208763271570206,0.06518758088350296,0.06518758088350296,0.06771504878997803,0.06771504878997803,0.06756465137004852,0.06756465137004852
[bmim]__[PF6]__R1234yf__313.15__0.3848,L2,Mreduced,R1234YF,HFO,BMIM,PF6,313.15,0.3848,0.057,0.07691839933395386,0.013181184918013468,0.01991839933395386,0.0992334634065628,0.0992334634065628,0.06402464956045151,0.06402464956045151,0.07305097579956055,0.07305097579956055,0.0737033560872078,0.0737033560872078,0.07457955181598663,0.07457955181598663
[bmim]__[PF6]__R1234yf__323.15__0.0703,L2,Mreduced,R1234YF,HFO,BMIM,PF6,323.15,0.0703,0.0086,0.011896011978387832,0.013771376516589627,0.0032960119783878323,0.00203096866607666,0.00203096866607666,-0.004615403711795807,0.0,0.006905704736709595,0.006905704736709595,0.03354962170124054,0.03354962170124054,0.01699376478791237,0.01699376478791237
[bmim]__[PF6]__R1234yf__323.15__0.1266,L2,Mreduced,R1234YF,HFO,BMIM,PF6,323.15,0.1266,0.0156,0.021954718977212906,0.012188832229295883,0.006354718977212907,0.017608031630516052,0.017608031630516052,0.006401434540748596,0.006401434540748596,0.020535489544272423,0.020535489544272423,0.03983248397707939,0.03983248397707939,0.025396155193448067,0.025396155193448067
[bmim]__[PF6]__R1234yf__323.15__0.1849,L2,Mreduced,R1234YF,HFO,BMIM,PF6,323.15,0.1849,0.0225,0.03195977583527565,0.00988990739832754,0.00945977583527565,0.03242478147149086,0.03242478147149086,0.0171135812997818,0.0171135812997818,0.032149773091077805,0.032149773091077805,0.04496655985713005,0.04496655985713005,0.033144183456897736,0.033144183456897736
[bmim]__[PF6]__R1234yf__323.15__0.2406,L2,Mreduced,R1234YF,HFO,BMIM,PF6,323.15,0.2406,0.029,0.04044721052050591,0.007951119112873866,0.011447210520505905,0.044764287769794464,0.044764287769794464,0.027086134999990463,0.027086134999990463,0.04234277456998825,0.04234277456998825,0.04766714200377464,0.04766714200377464,0.040375713258981705,0.040375713258981705
[bmim]__[PF6]__R1234yf__323.15__0.2948,L2,Mreduced,R1234YF,HFO,BMIM,PF6,323.15,0.2948,0.0349,0.04862283244729042,0.007611681246734123,0.013722832447290417,0.05719059333205223,0.05719059333205223,0.036380834877491,0.036380834877491,0.04971717298030853,0.04971717298030853,0.05131852254271507,0.05131852254271507,0.04850703850388527,0.04850703850388527
[bmim]__[PF6]__R1234yf__323.15__0.3501,L2,Mreduced,R1234YF,HFO,BMIM,PF6,323.15,0.3501,0.0415,0.056070837378501895,0.008709564462146045,0.014570837378501893,0.06808677315711975,0.06808677315711975,0.04348698630928993,0.04348698630928993,0.055940985679626465,0.055940985679626465,0.05595618486404419,0.05595618486404419,0.05688325688242912,0.05688325688242912
[bmim]__[PF6]__R1234yf__323.15__0.4034,L2,Mreduced,R1234YF,HFO,BMIM,PF6,323.15,0.4034,0.0481,0.0626329243183136,0.010735228841039036,0.014532924318313607,0.07977570593357086,0.07977570593357086,0.05014060437679291,0.05014060437679291,0.060642309486866,0.060642309486866,0.0599711611866951,0.0599711611866951,0.06263484060764313,0.06263484060764313
[bmim]__[PF6]__R1234yf__333.15__0.0731,L2,Mreduced,R1234YF,HFO,BMIM,PF6,333.15,0.0731,0.0074,0.01016714535653591,0.012343993520950513,0.0027671453565359105,0.0013108495622873306,0.0013108495622873306,-0.006432138383388519,0.0,0.006105359643697739,0.006105359643697739,0.0302165187895298,0.0302165187895298,0.013202998787164688,0.013202998787164688
[bmim]__[PF6]__R1234yf__333.15__0.1318,L2,Mreduced,R1234YF,HFO,BMIM,PF6,333.15,0.1318,0.0133,0.019035507924854755,0.011815314645761733,0.005735507924854756,0.015384328551590443,0.015384328551590443,0.0035799220204353333,0.0035799220204353333,0.019249513745307922,0.019249513745307922,0.03647208213806152,0.03647208213806152,0.020491693168878555,0.020491693168878555
[bmim]__[PF6]__R1234yf__333.15__0.1926,L2,Mreduced,R1234YF,HFO,BMIM,PF6,333.15,0.1926,0.0194,0.027512156590819358,0.009884957728843586,0.008112156590819358,0.029110431671142578,0.029110431671142578,0.012623891234397888,0.012623891234397888,0.028454873710870743,0.028454873710870743,0.04037602245807648,0.04037602245807648,0.026995563879609108,0.026995563879609108
[bmim]__[PF6]__R1234yf__333.15__0.2508,L2,Mreduced,R1234YF,HFO,BMIM,PF6,333.15,0.2508,0.0246,0.03455751612782478,0.008571537323080558,0.009957516127824782,0.04084911197423935,0.04084911197423935,0.02082601562142372,0.02082601562142372,0.03624829277396202,0.03624829277396202,0.042246732860803604,0.042246732860803604,0.03261742740869522,0.03261742740869522
[bmim]__[PF6]__R1234yf__333.15__0.307,L2,Mreduced,R1234YF,HFO,BMIM,PF6,333.15,0.307,0.0304,0.04090833812952042,0.008570059447538324,0.010508338129520418,0.05059010162949562,0.05059010162949562,0.027476530522108078,0.027476530522108078,0.04280131310224533,0.04280131310224533,0.04451324790716171,0.04451324790716171,0.03916049748659134,0.03916049748659134
[bmim]__[PF6]__R1234yf__333.15__0.3651,L2,Mreduced,R1234YF,HFO,BMIM,PF6,333.15,0.3651,0.0362,0.04705510213971138,0.00902396758357363,0.01085510213971138,0.05898872762918472,0.05898872762918472,0.03372856229543686,0.03372856229543686,0.04922301322221756,0.04922301322221756,0.04726749286055565,0.04726749286055565,0.04606771469116211,0.04606771469116211
[bmim]__[PF6]__R1234yf__333.15__0.4211,L2,Mreduced,R1234YF,HFO,BMIM,PF6,333.15,0.4211,0.0417,0.05213255062699318,0.009872552053256756,0.010432550626993178,0.0668778195977211,0.0668778195977211,0.03913827985525131,0.03913827985525131,0.05285842716693878,0.05285842716693878,0.05091354623436928,0.05091354623436928,0.050874680280685425,0.050874680280685425
[bmim]__[PF6]__R1234yf__343.15__0.0728,L2,Mreduced,R1234YF,HFO,BMIM,PF6,343.15,0.0728,0.0063,0.007675259932875633,0.010649745817567606,0.0013752599328756328,-0.0037777405232191086,0.0,-0.009376320987939835,0.0,0.004136962816119194,0.004136962816119194,0.025632478296756744,0.025632478296756744,0.008606858551502228,0.008606858551502228
[bmim]__[PF6]__R1234yf__343.15__0.1369,L2,Mreduced,R1234YF,HFO,BMIM,PF6,343.15,0.1369,0.0113,0.014883151650428772,0.011776072956567034,0.003583151650428773,0.009957171976566315,0.009957171976566315,6.973743438720703e-05,6.973743438720703e-05,0.016063228249549866,0.016063228249549866,0.03245088458061218,0.03245088458061218,0.01587473601102829,0.01587473601102829
[bmim]__[PF6]__R1234yf__343.15__0.2003,L2,Mreduced,R1234YF,HFO,BMIM,PF6,343.15,0.2003,0.0162,0.02243783473968506,0.010060122454694691,0.006237834739685061,0.022462766617536545,0.022462766617536545,0.007801532745361328,0.007801532745361328,0.02452976629137993,0.02452976629137993,0.03604118898510933,0.03604118898510933,0.021353919059038162,0.021353919059038162
[bmim]__[PF6]__R1234yf__343.15__0.2569,L2,Mreduced,R1234YF,HFO,BMIM,PF6,343.15,0.2569,0.0209,0.02816498689353466,0.008885227656637974,0.0072649868935346605,0.032854802906513214,0.032854802906513214,0.014299184083938599,0.014299184083938599,0.030862731859087944,0.030862731859087944,0.037456899881362915,0.037456899881362915,0.02535131573677063,0.02535131573677063
[bmim]__[PF6]__R1234yf__343.15__0.3157,L2,Mreduced,R1234YF,HFO,BMIM,PF6,343.15,0.3157,0.0256,0.03377541229128837,0.008495201205451348,0.008175412291288372,0.04153250530362129,0.04153250530362129,0.020281720906496048,0.020281720906496048,0.03683469444513321,0.03683469444513321,0.03920542448759079,0.03920542448759079,0.03102271631360054,0.03102271631360054
[bmim]__[PF6]__R1234yf__343.15__0.3803,L2,Mreduced,R1234YF,HFO,BMIM,PF6,343.15,0.3803,0.0306,0.039658081531524655,0.00883015519318866,0.009058081531524657,0.05044960230588913,0.05044960230588913,0.026410110294818878,0.026410110294818878,0.04308085888624191,0.04308085888624191,0.041141971945762634,0.041141971945762634,0.037207864224910736,0.037207864224910736
[bmim]__[PF6]__R1234yf__343.15__0.4339,L2,Mreduced,R1234YF,HFO,BMIM,PF6,343.15,0.4339,0.0353,0.043591595441102984,0.009055239427027118,0.008291595441102986,0.0558004193007946,0.0558004193007946,0.030732449144124985,0.030732449144124985,0.046265311539173126,0.046265311539173126,0.044059865176677704,0.044059865176677704,0.04109993204474449,0.04109993204474449
[bmim]__[PF6]__R1234ze(E)__283.15__0.0854,L2,Mreduced,R1234ZE(E),HFO,BMIM,PF6,283.15,0.0854,0.0918,0.07792677730321884,0.014161154845550791,0.013873222696781165,0.09975075721740723,0.09975075721740723,0.06504444777965546,0.06504444777965546,0.06926126033067703,0.06926126033067703,0.08429960161447525,0.08429960161447525,0.07127781957387924,0.07127781957387924
[bmim]__[PF6]__R1234ze(E)__283.15__0.1244,L2,Mreduced,R1234ZE(E),HFO,BMIM,PF6,283.15,0.1244,0.1338,0.11466431766748428,0.016230965168271116,0.019135682332515724,0.14187733829021454,0.14187733829021454,0.10242851823568344,0.10242851823568344,0.11310432851314545,0.11310432851314545,0.1139167845249176,0.1139167845249176,0.10199461877346039,0.10199461877346039
[bmim]__[PF6]__R1234ze(E)__283.15__0.1589,L2,Mreduced,R1234ZE(E),HFO,BMIM,PF6,283.15,0.1589,0.1774,0.15159573256969452,0.018543522713326092,0.025804267430305478,0.18177279829978943,0.18177279829978943,0.1407364010810852,0.1407364010810852,0.15661823749542236,0.15661823749542236,0.14299067854881287,0.14299067854881287,0.13586054742336273,0.13586054742336273
[bmim]__[PF6]__R1234ze(E)__283.15__0.1924,L2,Mreduced,R1234ZE(E),HFO,BMIM,PF6,283.15,0.1924,0.2167,0.1925654649734497,0.02165785267544016,0.024134535026550302,0.2240803837776184,0.2240803837776184,0.18290184438228607,0.18290184438228607,0.20567570626735687,0.20567570626735687,0.1769070029258728,0.1769070029258728,0.17326238751411438,0.17326238751411438
[bmim]__[PF6]__R1234ze(E)__283.15__0.2238,L2,Mreduced,R1234ZE(E),HFO,BMIM,PF6,283.15,0.2238,0.2593,0.23464688658714294,0.024188422938744653,0.02465311341285703,0.26552724838256836,0.26552724838256836,0.22500066459178925,0.22500066459178925,0.25515395402908325,0.25515395402908325,0.21476846933364868,0.21476846933364868,0.21278409659862518,0.21278409659862518
[bmim]__[PF6]__R1234ze(E)__283.15__0.2534,L2,Mreduced,R1234ZE(E),HFO,BMIM,PF6,283.15,0.2534,0.2969,0.2760440707206726,0.024191100139563704,0.02085592927932739,0.30419716238975525,0.30419716238975525,0.2673308849334717,0.2673308849334717,0.2995223104953766,0.2995223104953766,0.25481927394866943,0.25481927394866943,0.2543507218360901,0.2543507218360901
[bmim]__[PF6]__R1234ze(E)__293.15__0.0947,L2,Mreduced,R1234ZE(E),HFO,BMIM,PF6,293.15,0.0947,0.0764,0.057707969844341275,0.012279496760036507,0.01869203015565872,0.06456347554922104,0.06456347554922104,0.043005771934986115,0.043005771934986115,0.04978320375084877,0.04978320375084877,0.07433498650789261,0.07433498650789261,0.05685241147875786,0.05685241147875786
[bmim]__[PF6]__R1234ze(E)__293.15__0.139,L2,Mreduced,R1234ZE(E),HFO,BMIM,PF6,293.15,0.139,0.1106,0.08762182593345642,0.010567978527488697,0.02297817406654358,0.0990390032529831,0.0990390032529831,0.07512824237346649,0.07512824237346649,0.08352530747652054,0.08352530747652054,0.09827445447444916,0.09827445447444916,0.08214212208986282,0.08214212208986282
[bmim]__[PF6]__R1234ze(E)__293.15__0.1805,L2,Mreduced,R1234ZE(E),HFO,BMIM,PF6,293.15,0.1805,0.1433,0.11948275566101074,0.011229250296837261,0.02381724433898927,0.1356746405363083,0.1356746405363083,0.10848043859004974,0.10848043859004974,0.12281578779220581,0.12281578779220581,0.1212930977344513,0.1212930977344513,0.10914981365203857,0.10914981365203857
[bmim]__[PF6]__R1234ze(E)__293.15__0.22,L2,Mreduced,R1234ZE(E),HFO,BMIM,PF6,293.15,0.22,0.1754,0.1537446826696396,0.015089205027606854,0.021655317330360413,0.17441163957118988,0.17441163957118988,0.14396776258945465,0.14396776258945465,0.16482782363891602,0.16482782363891602,0.14620620012283325,0.14620620012283325,0.13930998742580414,0.13930998742580414
[bmim]__[PF6]__R1234ze(E)__293.15__0.2588,L2,Mreduced,R1234ZE(E),HFO,BMIM,PF6,293.15,0.2588,0.2097,0.1925969183444977,0.01977314807027964,0.01710308165550231,0.2176791876554489,0.2176791876554489,0.18361890316009521,0.18361890316009521,0.20957449078559875,0.20957449078559875,0.17911729216575623,0.17911729216575623,0.1729947179555893,0.1729947179555893
[bmim]__[PF6]__R1234ze(E)__293.15__0.2958,L2,Mreduced,R1234ZE(E),HFO,BMIM,PF6,293.15,0.2958,0.2419,0.23126443922519685,0.02422860430081316,0.010635560774803154,0.26078012585639954,0.26078012585639954,0.22128070890903473,0.22128070890903473,0.25353100895881653,0.25353100895881653,0.21235162019729614,0.21235162019729614,0.20837873220443726,0.20837873220443726
[bmim]__[PF6]__R1234ze(E)__303.15__0.1041,L2,Mreduced,R1234ZE(E),HFO,BMIM,PF6,303.15,0.1041,0.0613,0.048247290402650835,0.012858608445030126,0.013052709597349166,0.04810412600636482,0.04810412600636482,0.03115709498524666,0.03115709498524666,0.04437439516186714,0.04437439516186714,0.06691040098667145,0.06691040098667145,0.050690434873104095,0.050690434873104095
[bmim]__[PF6]__R1234ze(E)__303.15__0.1531,L2,Mreduced,R1234ZE(E),HFO,BMIM,PF6,303.15,0.1531,0.0891,0.07133822962641716,0.011524554087667498,0.01776177037358284,0.07544684410095215,0.07544684410095215,0.05361146107316017,0.05361146107316017,0.07410795986652374,0.07410795986652374,0.08493638783693314,0.08493638783693314,0.0685884952545166,0.0685884952545166
[bmim]__[PF6]__R1234ze(E)__303.15__0.1995,L2,Mreduced,R1234ZE(E),HFO,BMIM,PF6,303.15,0.1995,0.1154,0.09596282541751862,0.010212500292963281,0.019437174582481384,0.1046551913022995,0.1046551913022995,0.08102621883153915,0.08102621883153915,0.10210978984832764,0.10210978984832764,0.10236486047506332,0.10236486047506332,0.08965806663036346,0.08965806663036346
[bmim]__[PF6]__R1234ze(E)__303.15__0.244,L2,Mreduced,R1234ZE(E),HFO,BMIM,PF6,303.15,0.244,0.1414,0.1238053411245346,0.011261035866536866,0.017594658875465394,0.13802985846996307,0.13802985846996307,0.1121070384979248,0.1121070384979248,0.13247470557689667,0.13247470557689667,0.12209523469209671,0.12209523469209671,0.11431986838579178,0.11431986838579178
[bmim]__[PF6]__R1234ze(E)__303.15__0.2887,L2,Mreduced,R1234ZE(E),HFO,BMIM,PF6,303.15,0.2887,0.169,0.15451411604881288,0.014983624524836987,0.014485883951187134,0.175456240773201,0.175456240773201,0.14439578354358673,0.14439578354358673,0.1653270572423935,0.1653270572423935,0.14544059336185455,0.14544059336185455,0.14195090532302856,0.14195090532302856
[bmim]__[PF6]__R1234ze(E)__303.15__0.3315,L2,Mreduced,R1234ZE(E),HFO,BMIM,PF6,303.15,0.3315,0.1952,0.18534859120845795,0.021547036437890223,0.00985140879154206,0.21422968804836273,0.21422968804836273,0.17456644773483276,0.17456644773483276,0.20228075981140137,0.20228075981140137,0.16962727904319763,0.16962727904319763,0.16603878140449524,0.16603878140449524
[bmim]__[PF6]__R1234ze(E)__313.15__0.1124,L2,Mreduced,R1234ZE(E),HFO,BMIM,PF6,313.15,0.1124,0.0499,0.042869871109724046,0.014306336193271119,0.007030128890275954,0.039268530905246735,0.039268530905246735,0.02391187474131584,0.02391187474131584,0.04054047912359238,0.04054047912359238,0.06341236084699631,0.06341236084699631,0.047216109931468964,0.047216109931468964
[bmim]__[PF6]__R1234ze(E)__313.15__0.1654,L2,Mreduced,R1234ZE(E),HFO,BMIM,PF6,313.15,0.1654,0.0726,0.06139047965407372,0.012366214004262332,0.011209520345926281,0.06291079521179199,0.06291079521179199,0.041803065687417984,0.041803065687417984,0.06769875437021255,0.06769875437021255,0.07491140812635422,0.07491140812635422,0.05962837487459183,0.05962837487459183
[bmim]__[PF6]__R1234ze(E)__313.15__0.216,L2,Mreduced,R1234ZE(E),HFO,BMIM,PF6,313.15,0.216,0.094,0.08036750853061676,0.011902878127531259,0.013632491469383237,0.08844412863254547,0.08844412863254547,0.06230892986059189,0.06230892986059189,0.09009520709514618,0.09009520709514618,0.08684717863798141,0.08684717863798141,0.07414209842681885,0.07414209842681885
[bmim]__[PF6]__R1234ze(E)__313.15__0.2648,L2,Mreduced,R1234ZE(E),HFO,BMIM,PF6,313.15,0.2648,0.1151,0.10150288939476013,0.011873756445306988,0.013597110605239868,0.1139964759349823,0.1139964759349823,0.08616586029529572,0.08616586029529572,0.11207934468984604,0.11207934468984604,0.10156506299972534,0.10156506299972534,0.09370770305395126,0.09370770305395126
[bmim]__[PF6]__R1234ze(E)__313.15__0.3142,L2,Mreduced,R1234ZE(E),HFO,BMIM,PF6,313.15,0.3142,0.1374,0.12501848340034485,0.014510381820244984,0.01238151659965514,0.14364179968833923,0.14364179968833923,0.11107616126537323,0.11107616126537323,0.13696277141571045,0.13696277141571045,0.11987778544425964,0.11987778544425964,0.11353389918804169,0.11353389918804169
[bmim]__[PF6]__R1234ze(E)__313.15__0.3619,L2,Mreduced,R1234ZE(E),HFO,BMIM,PF6,313.15,0.3619,0.1584,0.14766936600208283,0.018567625840455418,0.010730633997917183,0.17378799617290497,0.17378799617290497,0.13394410908222198,0.13394410908222198,0.1607106775045395,0.1607106775045395,0.1376836895942688,0.1376836895942688,0.13222035765647888,0.13222035765647888
[bmim]__[PF6]__R1234ze(E)__323.15__0.1197,L2,Mreduced,R1234ZE(E),HFO,BMIM,PF6,323.15,0.1197,0.0411,0.03911371901631355,0.014477490993922766,0.001986280983686445,0.03741732984781265,0.03741732984781265,0.019235122948884964,0.019235122948884964,0.0372316911816597,0.0372316911816597,0.05983380228281021,0.05983380228281021,0.04185064882040024,0.04185064882040024
[bmim]__[PF6]__R1234ze(E)__323.15__0.1764,L2,Mreduced,R1234ZE(E),HFO,BMIM,PF6,323.15,0.1764,0.0599,0.054016128182411194,0.012606907345990544,0.005883871817588808,0.05764331296086311,0.05764331296086311,0.034348368644714355,0.034348368644714355,0.05877780169248581,0.05877780169248581,0.0683007761836052,0.0683007761836052,0.0510103814303875,0.0510103814303875
[bmim]__[PF6]__R1234ze(E)__323.15__0.2306,L2,Mreduced,R1234ZE(E),HFO,BMIM,PF6,323.15,0.2306,0.0775,0.06890898868441582,0.01258067234948859,0.00859101131558418,0.07895320653915405,0.07895320653915405,0.05029911547899246,0.05029911547899246,0.07704402506351471,0.07704402506351471,0.07685760408639908,0.07685760408639908,0.061390992254018784,0.061390992254018784
[bmim]__[PF6]__R1234ze(E)__323.15__0.2832,L2,Mreduced,R1234ZE(E),HFO,BMIM,PF6,323.15,0.2832,0.0947,0.0849826991558075,0.012488970881371499,0.009717300844192506,0.09897606074810028,0.09897606074810028,0.06939984112977982,0.06939984112977982,0.09466215968132019,0.09466215968132019,0.0863618403673172,0.0863618403673172,0.07551359385251999,0.07551359385251999
[bmim]__[PF6]__R1234ze(E)__323.15__0.3366,L2,Mreduced,R1234ZE(E),HFO,BMIM,PF6,323.15,0.3366,0.1132,0.10201414972543717,0.014168329556817743,0.011185850274562828,0.12057149410247803,0.12057149410247803,0.08813938498497009,0.08813938498497009,0.11259444057941437,0.11259444057941437,0.0987221822142601,0.0987221822142601,0.09004324674606323,0.09004324674606323
[bmim]__[PF6]__R1234ze(E)__323.15__0.3883,L2,Mreduced,R1234ZE(E),HFO,BMIM,PF6,323.15,0.3883,0.1304,0.1184710517525673,0.017716026292059563,0.011928948247432694,0.14333240687847137,0.14333240687847137,0.10462625324726105,0.10462625324726105,0.13030077517032623,0.13030077517032623,0.11177793890237808,0.11177793890237808,0.10231788456439972,0.10231788456439972
[bmim]__[PF6]__R1234ze(E)__333.15__0.1264,L2,Mreduced,R1234ZE(E),HFO,BMIM,PF6,333.15,0.1264,0.0343,0.03533802479505539,0.014518295723768894,0.001038024795055395,0.03583197295665741,0.03583197295665741,0.014969676733016968,0.014969676733016968,0.03360069915652275,0.03360069915652275,0.05592801794409752,0.05592801794409752,0.0363597571849823,0.0363597571849823
[bmim]__[PF6]__R1234ze(E)__333.15__0.1864,L2,Mreduced,R1234ZE(E),HFO,BMIM,PF6,333.15,0.1864,0.0502,0.048196564242243764,0.013034507038460595,0.0020034357577562376,0.05386131629347801,0.05386131629347801,0.028336340561509132,0.028336340561509132,0.05277600139379501,0.05277600139379501,0.06264486908912659,0.06264486908912659,0.04336429387331009,0.04336429387331009
[bmim]__[PF6]__R1234ze(E)__333.15__0.2439,L2,Mreduced,R1234ZE(E),HFO,BMIM,PF6,333.15,0.2439,0.0648,0.05985589250922203,0.012682140782139622,0.004944107490777963,0.0688369870185852,0.0688369870185852,0.041661716997623444,0.041661716997623444,0.0678522065281868,0.0678522065281868,0.06960149109363556,0.06960149109363556,0.05132706090807915,0.05132706090807915
[bmim]__[PF6]__R1234ze(E)__333.15__0.2999,L2,Mreduced,R1234ZE(E),HFO,BMIM,PF6,333.15,0.2999,0.0791,0.07214628830552101,0.012188066408988117,0.0069537116944789895,0.08435764908790588,0.08435764908790588,0.05731043219566345,0.05731043219566345,0.0811515748500824,0.0811515748500824,0.07681475579738617,0.07681475579738617,0.061097029596567154,0.061097029596567154
[bmim]__[PF6]__R1234ze(E)__333.15__0.3568,L2,Mreduced,R1234ZE(E),HFO,BMIM,PF6,333.15,0.3568,0.0946,0.08504641056060791,0.013836510621821688,0.009553589439392093,0.10307091474533081,0.10307091474533081,0.0711614117026329,0.0711614117026329,0.09439393132925034,0.09439393132925034,0.08421026915311813,0.08421026915311813,0.07239552587270737,0.07239552587270737
[bmim]__[PF6]__R1234ze(E)__333.15__0.4121,L2,Mreduced,R1234ZE(E),HFO,BMIM,PF6,333.15,0.4121,0.109,0.09739895164966583,0.016169668120955608,0.011601048350334167,0.12119647860527039,0.12119647860527039,0.0846441388130188,0.0846441388130188,0.10581310093402863,0.10581310093402863,0.0929969847202301,0.0929969847202301,0.08234405517578125,0.08234405517578125
[bmim]__[PF6]__R1234ze(E)__343.15__0.1327,L2,Mreduced,R1234ZE(E),HFO,BMIM,PF6,343.15,0.1327,0.0289,0.031440272182226184,0.01471517741690947,0.002540272182226185,0.03180330619215965,0.03180330619215965,0.01044030487537384,0.01044030487537384,0.03120432049036026,0.03120432049036026,0.05205318331718445,0.05205318331718445,0.031700246036052704,0.031700246036052704
[bmim]__[PF6]__R1234ze(E)__343.15__0.196,L2,Mreduced,R1234ZE(E),HFO,BMIM,PF6,343.15,0.196,0.0417,0.04231825917959213,0.013656816160872404,0.0006182591795921288,0.04763351380825043,0.04763351380825043,0.021908722817897797,0.021908722817897797,0.04684736579656601,0.04684736579656601,0.05820530652999878,0.05820530652999878,0.03699638694524765,0.03699638694524765
[bmim]__[PF6]__R1234ze(E)__343.15__0.2565,L2,Mreduced,R1234ZE(E),HFO,BMIM,PF6,343.15,0.2565,0.0541,0.05187468826770782,0.012831624329142555,0.002225311732292179,0.05964573100209236,0.05964573100209236,0.03358566761016846,0.03358566761016846,0.05878031998872757,0.05878031998872757,0.06391591578722,0.06391591578722,0.043445806950330734,0.043445806950330734
[bmim]__[PF6]__R1234ze(E)__343.15__0.3156,L2,Mreduced,R1234ZE(E),HFO,BMIM,PF6,343.15,0.3156,0.0663,0.06177202835679054,0.012537059470666844,0.004527971643209457,0.07232380658388138,0.07232380658388138,0.045776620507240295,0.045776620507240295,0.0711110532283783,0.0711110532283783,0.06895433366298676,0.06895433366298676,0.05069432780146599,0.05069432780146599
[bmim]__[PF6]__R1234ze(E)__343.15__0.3761,L2,Mreduced,R1234ZE(E),HFO,BMIM,PF6,343.15,0.3761,0.0786,0.07197604104876518,0.013413557731797922,0.006623958951234826,0.08693604171276093,0.08693604171276093,0.05715528130531311,0.05715528130531311,0.08221712708473206,0.08221712708473206,0.07445015013217926,0.07445015013217926,0.05912160500884056,0.05912160500884056
[bmim]__[PF6]__R1234ze(E)__343.15__0.4347,L2,Mreduced,R1234ZE(E),HFO,BMIM,PF6,343.15,0.4347,0.0906,0.08206449300050736,0.014849332247580909,0.00853550699949264,0.10262249410152435,0.10262249410152435,0.06902727484703064,0.06902727484703064,0.09062179177999496,0.09062179177999496,0.08061826974153519,0.08061826974153519,0.06743263453245163,0.06743263453245163
[hmim]__[BF4]__R1234yf__303.2__0.1109,L2,Mreduced,R1234YF,HFO,HMIM,BF4,303.2,0.1109,0.02515,0.026806307211518287,0.014121479302765434,0.0016563072115182882,0.011552024632692337,0.011552024632692337,0.015261135995388031,0.015261135995388031,0.02548276074230671,0.02548276074230671,0.04501974955201149,0.04501974955201149,0.03671586513519287,0.03671586513519287
[hmim]__[BF4]__R1234yf__313.2__0.1248,L2,Mreduced,R1234YF,HFO,HMIM,BF4,313.2,0.1248,0.02245,0.025893836840987207,0.01297749389985997,0.0034438368409872057,0.013232871890068054,0.013232871890068054,0.013070369139313698,0.013070369139313698,0.027281224727630615,0.027281224727630615,0.04326501861214638,0.04326501861214638,0.03261969983577728,0.03261969983577728
[hmim]__[BF4]__R1234yf__323.2__0.1322,L2,Mreduced,R1234YF,HFO,HMIM,BF4,323.2,0.1322,0.01899,0.02301504332572222,0.012669456675202206,0.004025043325722219,0.012452405877411366,0.012452405877411366,0.008821375668048859,0.008821375668048859,0.026330482214689255,0.026330482214689255,0.040375638753175735,0.040375638753175735,0.027095314115285873,0.027095314115285873
[hmim]__[BF4]__R1234yf__333.2__0.1494,L2,Mreduced,R1234YF,HFO,HMIM,BF4,333.2,0.1494,0.01749,0.02116163056343794,0.011875396387632535,0.0036716305634379408,0.012836134992539883,0.012836134992539883,0.0068256184458732605,0.0068256184458732605,0.025322968140244484,0.025322968140244484,0.03751172125339508,0.03751172125339508,0.023311709985136986,0.023311709985136986
[hmim]__[BF4]__R1234yf__343.2__0.1587,L2,Mreduced,R1234YF,HFO,HMIM,BF4,343.2,0.1587,0.0153,0.01746626403182745,0.01221311802203037,0.0021662640318274497,0.00859669130295515,0.00859669130295515,0.0030705370008945465,0.0030705370008945465,0.02239638939499855,0.02239638939499855,0.03432603180408478,0.03432603180408478,0.018941670656204224,0.018941670656204224
[hmim]__[BF4]__R1234yf__283.15__0.0548,L2,Mreduced,R1234YF,HFO,HMIM,BF4,283.15,0.0548,0.0226,0.021151223778724672,0.015412893940098612,0.0014487762212753268,0.010046947747468948,0.010046947747468948,0.012392222881317139,0.012392222881317139,0.009353352710604668,0.009353352710604668,0.04439125955104828,0.04439125955104828,0.02957233600318432,0.02957233600318432
[hmim]__[BF4]__R1234yf__283.15__0.1023,L2,Mreduced,R1234YF,HFO,HMIM,BF4,283.15,0.1023,0.0422,0.041242397576570514,0.012094087713230598,0.0009576024234294878,0.03468387573957443,0.03468387573957443,0.03591053932905197,0.03591053932905197,0.02877046912908554,0.02877046912908554,0.05896046757698059,0.05896046757698059,0.04788663610816002,0.04788663610816002
[hmim]__[BF4]__R1234yf__283.15__0.155,L2,Mreduced,R1234YF,HFO,HMIM,BF4,283.15,0.155,0.0608,0.06350521743297577,0.00872025893436953,0.002705217432975769,0.06488393247127533,0.06488393247127533,0.05854835361242294,0.05854835361242294,0.05137493461370468,0.05137493461370468,0.0732540488243103,0.0732540488243103,0.06946481764316559,0.06946481764316559
[hmim]__[BF4]__R1234yf__283.15__0.193,L2,Mreduced,R1234YF,HFO,HMIM,BF4,283.15,0.193,0.0772,0.07972171157598495,0.008759138684449892,0.00252171157598495,0.08948667347431183,0.08948667347431183,0.0723952054977417,0.0723952054977417,0.06877904385328293,0.06877904385328293,0.08298511058092117,0.08298511058092117,0.08496252447366714,0.08496252447366714
[hmim]__[BF4]__R1234yf__283.15__0.2342,L2,Mreduced,R1234YF,HFO,HMIM,BF4,283.15,0.2342,0.0962,0.097544264793396,0.01182367763003281,0.0013442647933959995,0.11606265604496002,0.11606265604496002,0.08789210766553879,0.08789210766553879,0.08767368644475937,0.08767368644475937,0.09449891746044159,0.09449891746044159,0.10159395635128021,0.10159395635128021
[hmim]__[BF4]__R1234yf__283.15__0.2766,L2,Mreduced,R1234YF,HFO,HMIM,BF4,283.15,0.2766,0.1165,0.11675660014152527,0.015177125365866165,0.00025660014152525945,0.1422690451145172,0.1422690451145172,0.10472024977207184,0.10472024977207184,0.11056265980005264,0.11056265980005264,0.10760452598333359,0.10760452598333359,0.11862652003765106,0.11862652003765106
[hmim]__[BF4]__R1234yf__283.15__0.3157,L2,Mreduced,R1234YF,HFO,HMIM,BF4,283.15,0.3157,0.1388,0.1375572070479393,0.019068228886823364,0.0012427929520607006,0.16982899606227875,0.16982899606227875,0.12334175407886505,0.12334175407886505,0.1363523006439209,0.1363523006439209,0.12332611531019211,0.12332611531019211,0.1349368691444397,0.1349368691444397
[hmim]__[BF4]__R1234yf__293.15__0.0582,L2,Mreduced,R1234YF,HFO,HMIM,BF4,293.15,0.0582,0.019,0.015585259720683097,0.01662241171597806,0.0034147402793169024,-0.0017852000892162323,0.0,0.003820899873971939,0.003820899873971939,0.00869796983897686,0.00869796983897686,0.039426811039447784,0.039426811039447784,0.025980617851018906,0.025980617851018906
[hmim]__[BF4]__R1234yf__293.15__0.1083,L2,Mreduced,R1234YF,HFO,HMIM,BF4,293.15,0.1083,0.0338,0.03265357688069344,0.013938658818218824,0.0011464231193065583,0.01903374306857586,0.01903374306857586,0.023820927366614342,0.023820927366614342,0.02622515708208084,0.02622515708208084,0.05235004425048828,0.05235004425048828,0.041838012635707855,0.041838012635707855
[hmim]__[BF4]__R1234yf__293.15__0.1579,L2,Mreduced,R1234YF,HFO,HMIM,BF4,293.15,0.1579,0.0494,0.04880518093705177,0.010911245950437385,0.0005948190629482264,0.03984437882900238,0.03984437882900238,0.04092777147889137,0.04092777147889137,0.04223434627056122,0.04223434627056122,0.06339968740940094,0.06339968740940094,0.057619720697402954,0.057619720697402954
[hmim]__[BF4]__R1234yf__293.15__0.2049,L2,Mreduced,R1234YF,HFO,HMIM,BF4,293.15,0.2049,0.0646,0.06407963335514069,0.008688604460392449,0.0005203666448593131,0.06124885752797127,0.06124885752797127,0.05519856512546539,0.05519856512546539,0.057358186691999435,0.057358186691999435,0.07322636246681213,0.07322636246681213,0.0733661949634552,0.0733661949634552
[hmim]__[BF4]__R1234yf__293.15__0.2502,L2,Mreduced,R1234YF,HFO,HMIM,BF4,293.15,0.2502,0.0791,0.07911676764488221,0.007922493268985625,1.6767644882204058e-05,0.08397142589092255,0.08397142589092255,0.06893318146467209,0.06893318146467209,0.07254835218191147,0.07254835218191147,0.08284361660480499,0.08284361660480499,0.08728726208209991,0.08728726208209991
[hmim]__[BF4]__R1234yf__293.15__0.2966,L2,Mreduced,R1234YF,HFO,HMIM,BF4,293.15,0.2966,0.0944,0.09396353960037232,0.010345640854011235,0.0004364603996276778,0.10867315530776978,0.10867315530776978,0.08273391425609589,0.08273391425609589,0.08771555125713348,0.08771555125713348,0.09072241187095642,0.09072241187095642,0.099972665309906,0.099972665309906
[hmim]__[BF4]__R1234yf__293.15__0.3404,L2,Mreduced,R1234YF,HFO,HMIM,BF4,293.15,0.3404,0.1102,0.10806314051151275,0.015618150170152808,0.0021368594884872555,0.13338680565357208,0.13338680565357208,0.09427742660045624,0.09427742660045624,0.10163985192775726,0.10163985192775726,0.09879633784294128,0.09879633784294128,0.11221528053283691,0.11221528053283691
[hmim]__[BF4]__R1234yf__303.15__0.0615,L2,Mreduced,R1234YF,HFO,HMIM,BF4,303.15,0.0615,0.0155,0.014186477288603783,0.01533118132774056,0.0013135227113962172,-0.004666341468691826,0.0,0.0012794919312000275,0.0012794919312000275,0.010001543909311295,0.010001543909311295,0.035555046051740646,0.035555046051740646,0.024096304550766945,0.024096304550766945
[hmim]__[BF4]__R1234yf__303.15__0.1144,L2,Mreduced,R1234YF,HFO,HMIM,BF4,303.15,0.1144,0.0279,0.027753441035747527,0.013962163169090278,0.0001465589642524745,0.012663410976529121,0.012663410976529121,0.0162014402449131,0.0162014402449131,0.026622222736477852,0.026622222736477852,0.04561837762594223,0.04561837762594223,0.037661753594875336,0.037661753594875336
[hmim]__[BF4]__R1234yf__303.15__0.1671,L2,Mreduced,R1234YF,HFO,HMIM,BF4,303.15,0.1671,0.0406,0.04117164611816406,0.011973715091809866,0.0005716461181640639,0.029107697308063507,0.029107697308063507,0.029812950640916824,0.029812950640916824,0.040607258677482605,0.040607258677482605,0.055501099675893784,0.055501099675893784,0.05082922428846359,0.05082922428846359
[hmim]__[BF4]__R1234yf__303.15__0.2175,L2,Mreduced,R1234YF,HFO,HMIM,BF4,303.15,0.2175,0.0519,0.05377967953681946,0.010512899543107825,0.001879679536819459,0.04479655995965004,0.04479655995965004,0.04234882816672325,0.04234882816672325,0.052770763635635376,0.052770763635635376,0.06483425199985504,0.06483425199985504,0.06414799392223358,0.06414799392223358
[hmim]__[BF4]__R1234yf__303.15__0.266,L2,Mreduced,R1234YF,HFO,HMIM,BF4,303.15,0.266,0.0632,0.06579467207193375,0.00845563710774399,0.002594672071933743,0.06452085077762604,0.06452085077762604,0.05362289398908615,0.05362289398908615,0.0634857714176178,0.0634857714176178,0.07183028757572174,0.07183028757572174,0.075513556599617,0.075513556599617
[hmim]__[BF4]__R1234yf__303.15__0.3155,L2,Mreduced,R1234YF,HFO,HMIM,BF4,303.15,0.3155,0.0762,0.07834702283143997,0.00851608800006163,0.002147022831439971,0.08453449606895447,0.08453449606895447,0.06538510322570801,0.06538510322570801,0.0751643180847168,0.0751643180847168,0.07985451817512512,0.07985451817512512,0.08679667860269547,0.08679667860269547
[hmim]__[BF4]__R1234yf__303.15__0.3627,L2,Mreduced,R1234YF,HFO,HMIM,BF4,303.15,0.3627,0.0887,0.08959526121616364,0.011592504327272731,0.000895261216163637,0.1054399311542511,0.1054399311542511,0.07507067918777466,0.07507067918777466,0.08557747304439545,0.08557747304439545,0.08566461503505707,0.08566461503505707,0.0962236076593399,0.0962236076593399
[hmim]__[BF4]__R1234yf__313.15__0.0646,L2,Mreduced,R1234YF,HFO,HMIM,BF4,313.15,0.0646,0.0129,0.013387097045779228,0.014807689078314121,0.0004870970457792282,-0.0039751529693603516,0.0,-0.000967126339673996,0.0,0.010988453403115273,0.010988453403115273,0.03458264470100403,0.03458264470100403,0.02136438712477684,0.02136438712477684
[hmim]__[BF4]__R1234yf__313.15__0.1204,L2,Mreduced,R1234YF,HFO,HMIM,BF4,313.15,0.1204,0.0228,0.024969376996159552,0.013140548095171364,0.0021693769961595513,0.012122420594096184,0.012122420594096184,0.01211051270365715,0.01211051270365715,0.026148546487092972,0.026148546487092972,0.04262401908636093,0.04262401908636093,0.03184138610959053,0.03184138610959053
[hmim]__[BF4]__R1234yf__313.15__0.1757,L2,Mreduced,R1234YF,HFO,HMIM,BF4,313.15,0.1757,0.0337,0.03645870760083199,0.011228700527173677,0.0027587076008319875,0.02623104676604271,0.02623104676604271,0.024028990417718887,0.024028990417718887,0.038734886795282364,0.038734886795282364,0.05067139118909836,0.05067139118909836,0.04262722283601761,0.04262722283601761
[hmim]__[BF4]__R1234yf__313.15__0.2285,L2,Mreduced,R1234YF,HFO,HMIM,BF4,313.15,0.2285,0.0438,0.04625570774078369,0.009624457504761841,0.0024557077407836927,0.039854440838098526,0.039854440838098526,0.03325532004237175,0.03325532004237175,0.04798154905438423,0.04798154905438423,0.05591175705194473,0.05591175705194473,0.05427547171711922,0.05427547171711922
[hmim]__[BF4]__R1234yf__313.15__0.2799,L2,Mreduced,R1234YF,HFO,HMIM,BF4,313.15,0.2799,0.053,0.05591500252485275,0.008773781516255325,0.0029150025248527514,0.05432550981640816,0.05432550981640816,0.04186921939253807,0.04186921939253807,0.05725278705358505,0.05725278705358505,0.06163062900304794,0.06163062900304794,0.06449686735868454,0.06449686735868454
[hmim]__[BF4]__R1234yf__313.15__0.3326,L2,Mreduced,R1234YF,HFO,HMIM,BF4,313.15,0.3326,0.0631,0.06598642021417618,0.008326606450513575,0.0028864202141761774,0.06960837543010712,0.06960837543010712,0.05218583345413208,0.05218583345413208,0.06619246304035187,0.06619246304035187,0.06750962138175964,0.06750962138175964,0.07443580776453018,0.07443580776453018
[hmim]__[BF4]__R1234yf__313.15__0.3828,L2,Mreduced,R1234YF,HFO,HMIM,BF4,313.15,0.3828,0.0736,0.07450242564082146,0.009816065097012239,0.0009024256408214637,0.08485797047615051,0.08485797047615051,0.059939365833997726,0.059939365833997726,0.07351890951395035,0.07351890951395035,0.07201562821865082,0.07201562821865082,0.08218025416135788,0.08218025416135788
[hmim]__[BF4]__R1234yf__323.15__0.0676,L2,Mreduced,R1234YF,HFO,HMIM,BF4,323.15,0.0676,0.0106,0.012440630421042442,0.014140475141670033,0.0018406304210424416,-0.0032177679240703583,0.0,-0.0025280043482780457,0.0,0.010643767192959785,0.010643767192959785,0.033878572285175323,0.033878572285175323,0.017680812627077103,0.017680812627077103
[hmim]__[BF4]__R1234yf__323.15__0.126,L2,Mreduced,R1234YF,HFO,HMIM,BF4,323.15,0.126,0.0191,0.021918275952339174,0.012896112117492274,0.002818275952339175,0.010977119207382202,0.010977119207382202,0.007678017020225525,0.007678017020225525,0.025054194033145905,0.025054194033145905,0.039645835757255554,0.039645835757255554,0.026236213743686676,0.026236213743686676
[hmim]__[BF4]__R1234yf__323.15__0.1838,L2,Mreduced,R1234YF,HFO,HMIM,BF4,323.15,0.1838,0.0282,0.03214523755013943,0.010692812581160312,0.003945237550139428,0.02518482506275177,0.02518482506275177,0.018704382702708244,0.018704382702708244,0.035471782088279724,0.035471782088279724,0.046657633036375046,0.046657633036375046,0.03470756486058235,0.03470756486058235
[hmim]__[BF4]__R1234yf__323.15__0.2395,L2,Mreduced,R1234YF,HFO,HMIM,BF4,323.15,0.2395,0.0365,0.04049183242022991,0.008437775315360578,0.003991832420229914,0.03851436823606491,0.03851436823606491,0.027224013581871986,0.027224013581871986,0.043614182621240616,0.043614182621240616,0.04984016716480255,0.04984016716480255,0.043266430497169495,0.043266430497169495
[hmim]__[BF4]__R1234yf__323.15__0.2933,L2,Mreduced,R1234YF,HFO,HMIM,BF4,323.15,0.2933,0.0444,0.047790538519620895,0.008013484482856019,0.0033905385196208934,0.050241291522979736,0.050241291522979736,0.03361564874649048,0.03361564874649048,0.05014687776565552,0.05014687776565552,0.052974384278059006,0.052974384278059006,0.05197449028491974,0.05197449028491974
[hmim]__[BF4]__R1234yf__323.15__0.3489,L2,Mreduced,R1234YF,HFO,HMIM,BF4,323.15,0.3489,0.0531,0.05540640279650688,0.008760889636852698,0.0023064027965068803,0.06132001057267189,0.06132001057267189,0.04024117812514305,0.04024117812514305,0.05748436599969864,0.05748436599969864,0.056542783975601196,0.056542783975601196,0.06144367530941963,0.06144367530941963
[hmim]__[BF4]__R1234yf__323.15__0.4019,L2,Mreduced,R1234YF,HFO,HMIM,BF4,323.15,0.4019,0.062,0.06189084500074386,0.009920195208622936,0.00010915499925613636,0.0723453015089035,0.0723453015089035,0.04638424143195152,0.04638424143195152,0.062294989824295044,0.062294989824295044,0.060157421976327896,0.060157421976327896,0.06827227026224136,0.06827227026224136
[hmim]__[BF4]__R1234yf__333.15__0.0705,L2,Mreduced,R1234YF,HFO,HMIM,BF4,333.15,0.0705,0.0087,0.010909312590956687,0.012651039746750262,0.002209312590956688,-0.0047836266458034515,0.0,-0.0050859153270721436,0.0,0.01011771522462368,0.01011771522462368,0.03075641766190529,0.03075641766190529,0.01367243006825447,0.01367243006825447
[hmim]__[BF4]__R1234yf__333.15__0.1313,L2,Mreduced,R1234YF,HFO,HMIM,BF4,333.15,0.1313,0.0159,0.018766441941261293,0.012461930344667284,0.002866441941261292,0.009192187339067459,0.009192187339067459,0.004446722567081451,0.004446722567081451,0.02255035936832428,0.02255035936832428,0.03616833686828613,0.03616833686828613,0.021474603563547134,0.021474603563547134
[hmim]__[BF4]__R1234yf__333.15__0.1918,L2,Mreduced,R1234YF,HFO,HMIM,BF4,333.15,0.1918,0.0238,0.027074200659990312,0.010490309287085806,0.0032742006599903103,0.02268172614276409,0.02268172614276409,0.012729587033390999,0.012729587033390999,0.031277675181627274,0.031277675181627274,0.04111752659082413,0.04111752659082413,0.027564488351345062,0.027564488351345062
[hmim]__[BF4]__R1234yf__333.15__0.2499,L2,Mreduced,R1234YF,HFO,HMIM,BF4,333.15,0.2499,0.0308,0.03430599570274353,0.008719682492502276,0.003505995702743528,0.03431219980120659,0.03431219980120659,0.02044190838932991,0.02044190838932991,0.03842746838927269,0.03842746838927269,0.04404929652810097,0.04404929652810097,0.034299105405807495,0.034299105405807495
[hmim]__[BF4]__R1234yf__333.15__0.3057,L2,Mreduced,R1234YF,HFO,HMIM,BF4,333.15,0.3057,0.0376,0.04055423326790333,0.007886351849074484,0.002954233267903325,0.04421459510922432,0.04421459510922432,0.026868069544434547,0.026868069544434547,0.043873462826013565,0.043873462826013565,0.046605899930000305,0.046605899930000305,0.0412091389298439,0.0412091389298439
[hmim]__[BF4]__R1234yf__333.15__0.3644,L2,Mreduced,R1234YF,HFO,HMIM,BF4,333.15,0.3644,0.0454,0.046708164364099504,0.007909432856599067,0.001308164364099501,0.05227059870958328,0.05227059870958328,0.03273739665746689,0.03273739665746689,0.050114668905735016,0.050114668905735016,0.04920327663421631,0.04920327663421631,0.04921488091349602,0.04921488091349602
[hmim]__[BF4]__R1234yf__333.15__0.42,L2,Mreduced,R1234YF,HFO,HMIM,BF4,333.15,0.42,0.0531,0.05183954909443855,0.008841281560824374,0.0012604509055614485,0.060426265001297,0.060426265001297,0.03696756064891815,0.03696756064891815,0.054930076003074646,0.054930076003074646,0.05218977481126785,0.05218977481126785,0.05468406900763512,0.05468406900763512
[hmim]__[BF4]__R1234yf__343.15__0.0737,L2,Mreduced,R1234YF,HFO,HMIM,BF4,343.15,0.0737,0.0063,0.008822984620928764,0.010840247404363285,0.002522984620928764,-0.008452977985143661,0.0,-0.007456980645656586,0.0,0.008555198088288307,0.008555198088288307,0.02655000239610672,0.02655000239610672,0.009009722620248795,0.009009722620248795
[hmim]__[BF4]__R1234yf__343.15__0.1366,L2,Mreduced,R1234YF,HFO,HMIM,BF4,343.15,0.1366,0.0128,0.014758583717048168,0.012893659323553651,0.0019585837170481672,0.004224290139973164,0.004224290139973164,0.0005191192030906677,0.0005191192030906677,0.01942932792007923,0.01942932792007923,0.032790400087833405,0.032790400087833405,0.016829781234264374,0.016829781234264374
[hmim]__[BF4]__R1234yf__343.15__0.1998,L2,Mreduced,R1234YF,HFO,HMIM,BF4,343.15,0.1998,0.0192,0.021956104412674905,0.010563734762511814,0.002756104412674907,0.016568152233958244,0.016568152233958244,0.008124101907014847,0.008124101907014847,0.02688642218708992,0.02688642218708992,0.03615821525454521,0.03615821525454521,0.022043630480766296,0.022043630480766296
[hmim]__[BF4]__R1234yf__343.15__0.2602,L2,Mreduced,R1234YF,HFO,HMIM,BF4,343.15,0.2602,0.0255,0.02812512665987015,0.008745851420602063,0.00262512665987015,0.026441842317581177,0.026441842317581177,0.015129193663597107,0.015129193663597107,0.03311449661850929,0.03311449661850929,0.03855536878108978,0.03855536878108978,0.02738473191857338,0.02738473191857338
[hmim]__[BF4]__R1234yf__343.15__0.3146,L2,Mreduced,R1234YF,HFO,HMIM,BF4,343.15,0.3146,0.0315,0.03343348577618599,0.007976734825989713,0.0019334857761859892,0.03467936813831329,0.03467936813831329,0.02031807228922844,0.02031807228922844,0.038123395293951035,0.038123395293951035,0.041096266359090805,0.041096266359090805,0.032950326800346375,0.032950326800346375
[hmim]__[BF4]__R1234yf__343.15__0.3798,L2,Mreduced,R1234YF,HFO,HMIM,BF4,343.15,0.3798,0.038,0.03964461758732796,0.007893045623817672,0.001644617587327958,0.043388932943344116,0.043388932943344116,0.026040364056825638,0.026040364056825638,0.04520943760871887,0.04520943760871887,0.044018588960170746,0.044018588960170746,0.039565764367580414,0.039565764367580414
[hmim]__[BF4]__R1234yf__343.15__0.4384,L2,Mreduced,R1234YF,HFO,HMIM,BF4,343.15,0.4384,0.0441,0.04395630359649658,0.008204091126833566,0.0001436964035034169,0.04994998127222061,0.04994998127222061,0.029884200543165207,0.029884200543165207,0.04937182366847992,0.04937182366847992,0.04638475179672241,0.04638475179672241,0.04419076070189476,0.04419076070189476
[hmim]__[BF4]__R1234yf__303.2__0.109,L2,Mreduced,R1234YF,HFO,HMIM,BF4,303.2,0.109,0.027,0.02630358226597309,0.014222431031793721,0.00069641773402691,0.01092694140970707,0.01092694140970707,0.014756862074136734,0.014756862074136734,0.024893615394830704,0.024893615394830704,0.04471085965633392,0.04471085965633392,0.036229632794857025,0.036229632794857025
[hmim]__[BF4]__R1234yf__303.27__0.186,L2,Mreduced,R1234YF,HFO,HMIM,BF4,303.27,0.186,0.048,0.04589466154575348,0.011443571603733563,0.0021053384542465206,0.0347537063062191,0.0347537063062191,0.03452776372432709,0.03452776372432709,0.04537311941385269,0.04537311941385269,0.058997683227062225,0.058997683227062225,0.05582103505730629,0.05582103505730629
[hmim]__[BF4]__R1234yf__303.38__0.301,L2,Mreduced,R1234YF,HFO,HMIM,BF4,303.38,0.301,0.085,0.07439212948083877,0.008264793551275271,0.010607870519161233,0.07810850441455841,0.07810850441455841,0.061665408313274384,0.061665408313274384,0.07140994817018509,0.07140994817018509,0.07750372588634491,0.07750372588634491,0.08327306061983109,0.08327306061983109
[hmim]__[BF4]__R1234yf__303.8__0.371,L2,Mreduced,R1234YF,HFO,HMIM,BF4,303.8,0.371,0.113,0.09015996009111404,0.012132792596069296,0.02284003990888596,0.10718336701393127,0.10718336701393127,0.07527036964893341,0.07527036964893341,0.08605802059173584,0.08605802059173584,0.08573293685913086,0.08573293685913086,0.09655510634183884,0.09655510634183884
[hmim]__[BF4]__R1234yf__303.36__0.444,L2,Mreduced,R1234YF,HFO,HMIM,BF4,303.36,0.444,0.149,0.10790584832429886,0.02082509966506751,0.04109415167570113,0.1421363353729248,0.1421363353729248,0.08938509225845337,0.08938509225845337,0.10158104449510574,0.10158104449510574,0.09496860206127167,0.09496860206127167,0.11145816743373871,0.11145816743373871
[hmim]__[BF4]__R1234yf__313.2__0.121,L2,Mreduced,R1234YF,HFO,HMIM,BF4,313.2,0.121,0.024,0.025079759210348128,0.013116590274207992,0.0010797592103481274,0.012264931574463844,0.012264931574463844,0.012221166864037514,0.012221166864037514,0.026295531541109085,0.026295531541109085,0.04269607737660408,0.04269607737660408,0.03192108869552612,0.03192108869552612
[hmim]__[BF4]__R1234yf__313.24__0.207,L2,Mreduced,R1234YF,HFO,HMIM,BF4,313.24,0.207,0.042,0.04233684949576855,0.010179032936442694,0.00033684949576854445,0.03401217237114906,0.03401217237114906,0.029827522113919258,0.029827522113919258,0.04445668309926987,0.04445668309926987,0.053822729736566544,0.053822729736566544,0.049565140157938004,0.049565140157938004
[hmim]__[BF4]__R1234yf__313.2__0.333,L2,Mreduced,R1234YF,HFO,HMIM,BF4,313.2,0.333,0.077,0.06598843187093735,0.008330466284367377,0.011011568129062649,0.06965123116970062,0.06965123116970062,0.052182041108608246,0.052182041108608246,0.06619864702224731,0.06619864702224731,0.0674784854054451,0.0674784854054451,0.07443175464868546,0.07443175464868546
[hmim]__[BF4]__R1234yf__313.19__0.408,L2,Mreduced,R1234YF,HFO,HMIM,BF4,313.19,0.408,0.104,0.07880910485982895,0.01153030185099732,0.025190895140171046,0.09329341351985931,0.09329341351985931,0.06322255730628967,0.06322255730628967,0.07678231596946716,0.07678231596946716,0.07445532083511353,0.07445532083511353,0.08629191666841507,0.08629191666841507
[hmim]__[BF4]__R1234yf__313.2__0.492,L2,Mreduced,R1234YF,HFO,HMIM,BF4,313.2,0.492,0.14,0.09367373883724213,0.018438872704437118,0.046326261162757884,0.1225014328956604,0.1225014328956604,0.07482428848743439,0.07482428848743439,0.09035103023052216,0.09035103023052216,0.08196617662906647,0.08196617662906647,0.09872576594352722,0.09872576594352722
[hmim]__[BF4]__R1234yf__323.22__0.134,L2,Mreduced,R1234YF,HFO,HMIM,BF4,323.22,0.134,0.02,0.023335683159530163,0.012599866780891778,0.0033356831595301624,0.012883082963526249,0.012883082963526249,0.00915709137916565,0.00915709137916565,0.026705259457230568,0.026705259457230568,0.04057538881897926,0.04057538881897926,0.027357593178749084,0.027357593178749084
[hmim]__[BF4]__R1234yf__323.22__0.225,L2,Mreduced,R1234YF,HFO,HMIM,BF4,323.22,0.225,0.037,0.03836815543472767,0.008869452180851072,0.0013681554347276734,0.03504706919193268,0.03504706919193268,0.02521391026675701,0.02521391026675701,0.04156488925218582,0.04156488925218582,0.049021508544683456,0.049021508544683456,0.040993399918079376,0.040993399918079376
[hmim]__[BF4]__R1234yf__323.26__0.35,L2,Mreduced,R1234YF,HFO,HMIM,BF4,323.26,0.35,0.071,0.05542423874139786,0.008776664540841559,0.015575761258602133,0.061426300555467606,0.061426300555467606,0.040242619812488556,0.040242619812488556,0.05750194564461708,0.05750194564461708,0.056517720222473145,0.056517720222473145,0.0614326074719429,0.0614326074719429
[hmim]__[BF4]__R1234yf__323.17__0.446,L2,Mreduced,R1234YF,HFO,HMIM,BF4,323.17,0.446,0.095,0.06706356704235077,0.011321203760270187,0.027936432957649235,0.08139798045158386,0.08139798045158386,0.05122371017932892,0.05122371017932892,0.0664825588464737,0.0664825588464737,0.06292085349559784,0.06292085349559784,0.07329273223876953,0.07329273223876953
[hmim]__[BF4]__R1234yf__323.19__0.539,L2,Mreduced,R1234YF,HFO,HMIM,BF4,323.19,0.539,0.131,0.0784461259841919,0.014908212294884714,0.052553874015808105,0.10003688931465149,0.10003688931465149,0.06099545210599899,0.06099545210599899,0.07847350090742111,0.07847350090742111,0.0689580887556076,0.0689580887556076,0.08376669883728027,0.08376669883728027
[hmim]__[BF4]__R1234yf__333.22__0.146,L2,Mreduced,R1234YF,HFO,HMIM,BF4,333.22,0.146,0.017,0.020689931511878968,0.011993793137994209,0.0036899315118789668,0.01207212544977665,0.01207212544977665,0.006386116147041321,0.006386116147041321,0.024762524291872978,0.024762524291872978,0.03726670518517494,0.03726670518517494,0.022962186485528946,0.022962186485528946
[hmim]__[BF4]__R1234yf__333.22__0.243,L2,Mreduced,R1234YF,HFO,HMIM,BF4,333.22,0.243,0.033,0.03346409723162651,0.00889461822374032,0.0004640972316265063,0.03304243087768555,0.03304243087768555,0.0195169635117054,0.0195169635117054,0.03763755038380623,0.03763755038380623,0.04367871955037117,0.04367871955037117,0.03344482183456421,0.03344482183456421
[hmim]__[BF4]__R1234yf__332.47__0.375,L2,Mreduced,R1234YF,HFO,HMIM,BF4,332.47,0.375,0.065,0.04836508110165596,0.008108744399043076,0.016634918898344044,0.05450378358364105,0.05450378358364105,0.034142013639211655,0.034142013639211655,0.051796674728393555,0.051796674728393555,0.05022905394434929,0.05022905394434929,0.05115387961268425,0.05115387961268425
[hmim]__[BF4]__R1234yf__333.13__0.482,L2,Mreduced,R1234YF,HFO,HMIM,BF4,333.13,0.482,0.087,0.05727442726492882,0.009698355111566461,0.029725572735071176,0.06880659610033035,0.06880659610033035,0.04231611266732216,0.04231611266732216,0.05991411954164505,0.05991411954164505,0.05519651621580124,0.05519651621580124,0.06013879179954529,0.06013879179954529
[hmim]__[BF4]__R1234yf__333.19__0.582,L2,Mreduced,R1234YF,HFO,HMIM,BF4,333.19,0.582,0.124,0.06558461040258408,0.012299690535265357,0.05841538959741592,0.08330245316028595,0.08330245316028595,0.05015605688095093,0.05015605688095093,0.0673583596944809,0.0673583596944809,0.05898324400186539,0.05898324400186539,0.06812293827533722,0.06812293827533722
[hmim]__[BF4]__R1234yf__343.22__0.157,L2,Mreduced,R1234YF,HFO,HMIM,BF4,343.22,0.157,0.015,0.01724800802767277,0.012273372679953315,0.0022480080276727696,0.008237948641180992,0.008237948641180992,0.002848859876394272,0.002848859876394272,0.02216869592666626,0.02216869592666626,0.034202657639980316,0.034202657639980316,0.018781878054142,0.018781878054142
[hmim]__[BF4]__R1234yf__343.22__0.26,L2,Mreduced,R1234YF,HFO,HMIM,BF4,343.22,0.26,0.03,0.02805517390370369,0.008752270560646192,0.001944826096296308,0.026336833834648132,0.026336833834648132,0.015066966414451599,0.015066966414451599,0.03305625542998314,0.03305625542998314,0.0385049544274807,0.0385049544274807,0.02731085941195488,0.02731085941195488
[hmim]__[BF4]__R1234yf__343.23__0.404,L2,Mreduced,R1234YF,HFO,HMIM,BF4,343.23,0.404,0.057,0.04141080230474472,0.007964760602008729,0.015589197695255283,0.04570840671658516,0.04570840671658516,0.02765534073114395,0.02765534073114395,0.047125011682510376,0.047125011682510376,0.04507258161902428,0.04507258161902428,0.04149267077445984,0.04149267077445984
[hmim]__[BF4]__R1234yf__343.2__0.515,L2,Mreduced,R1234YF,HFO,HMIM,BF4,343.2,0.515,0.081,0.04874542132019997,0.00851247168670655,0.032254578679800035,0.05669723078608513,0.05669723078608513,0.03459172695875168,0.03459172695875168,0.05379375070333481,0.05379375070333481,0.049058206379413605,0.049058206379413605,0.04958619177341461,0.04958619177341461
[hmim]__[BF4]__R1234yf__343.2__0.622,L2,Mreduced,R1234YF,HFO,HMIM,BF4,343.2,0.622,0.117,0.05529722422361374,0.009947019265752642,0.06170277577638627,0.06894715130329132,0.06894715130329132,0.04157527536153793,0.04157527536153793,0.05866014212369919,0.05866014212369919,0.05216245353221893,0.05216245353221893,0.05514109879732132,0.05514109879732132
[hmim]__[BF4]__R1234yf__353.23__0.167,L2,Mreduced,R1234YF,HFO,HMIM,BF4,353.23,0.167,0.012,0.012697096168994903,0.013059654738881052,0.0006970961689949026,-0.00028976425528526306,0.0,-1.6052275896072388e-05,0.0,0.018469151109457016,0.018469151109457016,0.030692145228385925,0.030692145228385925,0.014324184507131577,0.014324184507131577
[hmim]__[BF4]__R1234yf__353.23__0.277,L2,Mreduced,R1234YF,HFO,HMIM,BF4,353.23,0.277,0.026,0.02303210012614727,0.009342595501593947,0.0029678998738527293,0.018467117100954056,0.018467117100954056,0.010604996234178543,0.010604996234178543,0.02969399280846119,0.02969399280846119,0.03436676412820816,0.03436676412820816,0.022027630358934402,0.022027630358934402
[hmim]__[BF4]__R1234yf__353.22__0.425,L2,Mreduced,R1234YF,HFO,HMIM,BF4,353.22,0.425,0.052,0.035153540596365926,0.008384135923963768,0.016846459403634072,0.03476797044277191,0.03476797044277191,0.021865950897336006,0.021865950897336006,0.043618179857730865,0.043618179857730865,0.040860362350940704,0.040860362350940704,0.034655239433050156,0.034655239433050156
[hmim]__[BF4]__R1234yf__353.22__0.547,L2,Mreduced,R1234YF,HFO,HMIM,BF4,353.22,0.547,0.076,0.04176069162786007,0.008028280224222617,0.034239308372139926,0.045101799070835114,0.045101799070835114,0.028300808742642403,0.028300808742642403,0.049073830246925354,0.049073830246925354,0.045171480625867844,0.045171480625867844,0.04115553945302963,0.04115553945302963
[hmim]__[BF4]__R1234yf__353.2__0.66,L2,Mreduced,R1234YF,HFO,HMIM,BF4,353.2,0.66,0.111,0.04688983857631683,0.007289140280910783,0.06411016142368317,0.05450545623898506,0.05450545623898506,0.035617876797914505,0.035617876797914505,0.05175948888063431,0.05175948888063431,0.04751240462064743,0.04751240462064743,0.04505396634340286,0.04505396634340286
[hmim]__[BF4]__R1234ze(E)__283.15__0.044,L2,Mreduced,R1234ZE(E),HFO,HMIM,BF4,283.15,0.044,0.0511,0.03839394152164459,0.013538894443338025,0.01270605847835541,0.04203592240810394,0.04203592240810394,0.024650532752275467,0.024650532752275467,0.026217978447675705,0.026217978447675705,0.05773831158876419,0.05773831158876419,0.041326962411403656,0.041326962411403656
[hmim]__[BF4]__R1234ze(E)__283.15__0.082,L2,Mreduced,R1234ZE(E),HFO,HMIM,BF4,283.15,0.082,0.099,0.06498265489935875,0.012208710965413355,0.03401734510064125,0.07150110602378845,0.07150110602378845,0.051985304802656174,0.051985304802656174,0.05414145439863205,0.05414145439863205,0.08129987865686417,0.08129987865686417,0.0659855306148529,0.0659855306148529
[hmim]__[BF4]__R1234ze(E)__283.15__0.117,L2,Mreduced,R1234ZE(E),HFO,HMIM,BF4,283.15,0.117,0.1503,0.09202707558870316,0.010739703405525073,0.058272924411296834,0.10398681461811066,0.10398681461811066,0.07895491272211075,0.07895491272211075,0.08552629500627518,0.08552629500627518,0.10200650244951248,0.10200650244951248,0.08966085314750671,0.08966085314750671
[hmim]__[BF4]__R1234ze(E)__283.15__0.15,L2,Mreduced,R1234ZE(E),HFO,HMIM,BF4,283.15,0.15,0.195,0.11872782111167908,0.01102689511486926,0.07627217888832093,0.13498903810977936,0.13498903810977936,0.1058599054813385,0.1058599054813385,0.11604149639606476,0.11604149639606476,0.12331867218017578,0.12331867218017578,0.11342999339103699,0.11342999339103699
[hmim]__[BF4]__R1234ze(E)__283.15__0.18,L2,Mreduced,R1234ZE(E),HFO,HMIM,BF4,283.15,0.18,0.2387,0.14519836604595185,0.012645222341789435,0.09350163395404815,0.16501936316490173,0.16501936316490173,0.13327619433403015,0.13327619433403015,0.14812321960926056,0.14812321960926056,0.1441146731376648,0.1441146731376648,0.13545837998390198,0.13545837998390198
[hmim]__[BF4]__R1234ze(E)__283.15__0.21,L2,Mreduced,R1234ZE(E),HFO,HMIM,BF4,283.15,0.21,0.2827,0.1733448624610901,0.016482548076429626,0.10935513753890991,0.19725415110588074,0.19725415110588074,0.16007238626480103,0.16007238626480103,0.18358680605888367,0.18358680605888367,0.16573622822761536,0.16573622822761536,0.16007474064826965,0.16007474064826965
[hmim]__[BF4]__R1234ze(E)__283.15__0.237,L2,Mreduced,R1234ZE(E),HFO,HMIM,BF4,283.15,0.237,0.3241,0.20062479078769685,0.019814370725981485,0.12347520921230315,0.22607120871543884,0.22607120871543884,0.18520571291446686,0.18520571291446686,0.21810904145240784,0.21810904145240784,0.18758529424667358,0.18758529424667358,0.18615269660949707,0.18615269660949707
[hmim]__[BF4]__R1234ze(E)__293.15__0.049,L2,Mreduced,R1234ZE(E),HFO,HMIM,BF4,293.15,0.049,0.0437,0.02707001157104969,0.016727435537933887,0.01662998842895031,0.017929472029209137,0.017929472029209137,0.010911058634519577,0.010911058634519577,0.018092753365635872,0.018092753365635872,0.051506612449884415,0.051506612449884415,0.03691016137599945,0.03691016137599945
[hmim]__[BF4]__R1234ze(E)__293.15__0.091,L2,Mreduced,R1234ZE(E),HFO,HMIM,BF4,293.15,0.091,0.0852,0.04971104562282562,0.015218733145462538,0.03548895437717438,0.04434269294142723,0.04434269294142723,0.03365365415811539,0.03365365415811539,0.041989050805568695,0.041989050805568695,0.07309842109680176,0.07309842109680176,0.05547140911221504,0.05547140911221504
[hmim]__[BF4]__R1234ze(E)__293.15__0.133,L2,Mreduced,R1234ZE(E),HFO,HMIM,BF4,293.15,0.133,0.1233,0.07293077334761619,0.012101871051765684,0.05036922665238382,0.07138172537088394,0.07138172537088394,0.05924656614661217,0.05924656614661217,0.06674142181873322,0.06674142181873322,0.09165431559085846,0.09165431559085846,0.0756298378109932,0.0756298378109932
[hmim]__[BF4]__R1234ze(E)__293.15__0.173,L2,Mreduced,R1234ZE(E),HFO,HMIM,BF4,293.15,0.173,0.1604,0.09657184779644012,0.010067110363092435,0.06382815220355986,0.10102672874927521,0.10102672874927521,0.08200012892484665,0.08200012892484665,0.09462693333625793,0.09462693333625793,0.1095554307103157,0.1095554307103157,0.09565001726150513,0.09565001726150513
[hmim]__[BF4]__R1234ze(E)__293.15__0.21,L2,Mreduced,R1234ZE(E),HFO,HMIM,BF4,293.15,0.21,0.1959,0.120182104408741,0.01013714336717756,0.075717895591259,0.13104209303855896,0.13104209303855896,0.104695163667202,0.104695163667202,0.12299501895904541,0.12299501895904541,0.12576374411582947,0.12576374411582947,0.11641450226306915,0.11641450226306915
[hmim]__[BF4]__R1234ze(E)__293.15__0.247,L2,Mreduced,R1234ZE(E),HFO,HMIM,BF4,293.15,0.247,0.2327,0.1454527795314789,0.012825569804959684,0.0872472204685211,0.16238431632518768,0.16238431632518768,0.1302369236946106,0.1302369236946106,0.15405642986297607,0.15405642986297607,0.14279457926750183,0.14279457926750183,0.13779164850711823,0.13779164850711823
[hmim]__[BF4]__R1234ze(E)__293.15__0.282,L2,Mreduced,R1234ZE(E),HFO,HMIM,BF4,293.15,0.282,0.268,0.1720626801252365,0.017667677793097258,0.0959373198747635,0.19509577751159668,0.19509577751159668,0.15594719350337982,0.15594719350337982,0.18687045574188232,0.18687045574188232,0.1624426543712616,0.1624426543712616,0.15995731949806213,0.15995731949806213
[hmim]__[BF4]__R1234ze(E)__303.15__0.053,L2,Mreduced,R1234ZE(E),HFO,HMIM,BF4,303.15,0.053,0.0367,0.023669208586215972,0.019425611649285805,0.013030791413784031,0.008177319541573524,0.008177319541573524,0.005988940596580505,0.005988940596580505,0.016882268711924553,0.016882268711924553,0.051145415753126144,0.051145415753126144,0.03615209832787514,0.03615209832787514
[hmim]__[BF4]__R1234ze(E)__303.15__0.101,L2,Mreduced,R1234ZE(E),HFO,HMIM,BF4,303.15,0.101,0.0689,0.04309358075261116,0.01688188357086176,0.025806419247388843,0.031541600823402405,0.031541600823402405,0.02534252032637596,0.02534252032637596,0.039790116250514984,0.039790116250514984,0.06802639365196228,0.06802639365196228,0.05076727271080017,0.05076727271080017
[hmim]__[BF4]__R1234ze(E)__303.15__0.149,L2,Mreduced,R1234ZE(E),HFO,HMIM,BF4,303.15,0.149,0.1001,0.06209786459803581,0.014856452935247372,0.038002135401964184,0.05627169832587242,0.05627169832587242,0.04277169704437256,0.04277169704437256,0.062436431646347046,0.062436431646347046,0.0836544930934906,0.0836544930934906,0.06535500288009644,0.06535500288009644
[hmim]__[BF4]__R1234ze(E)__303.15__0.193,L2,Mreduced,R1234ZE(E),HFO,HMIM,BF4,303.15,0.193,0.1301,0.08039685040712356,0.012707663784892121,0.04970314959287643,0.0800904780626297,0.0800904780626297,0.06058011204004288,0.06058011204004288,0.08318477123975754,0.08318477123975754,0.09596063941717148,0.09596063941717148,0.08216825127601624,0.08216825127601624
[hmim]__[BF4]__R1234ze(E)__303.15__0.236,L2,Mreduced,R1234ZE(E),HFO,HMIM,BF4,303.15,0.236,0.1591,0.09981607794761657,0.01117890983646933,0.05928392205238342,0.10588382184505463,0.10588382184505463,0.08036626875400543,0.08036626875400543,0.10429349541664124,0.10429349541664124,0.10780858993530273,0.10780858993530273,0.10072821378707886,0.10072821378707886
[hmim]__[BF4]__R1234ze(E)__303.15__0.28,L2,Mreduced,R1234ZE(E),HFO,HMIM,BF4,303.15,0.28,0.1894,0.12168803662061692,0.012421156435521042,0.0677119633793831,0.13564889132976532,0.13564889132976532,0.10245026648044586,0.10245026648044586,0.12864631414413452,0.12864631414413452,0.1219225600361824,0.1219225600361824,0.11977215111255646,0.11977215111255646
[hmim]__[BF4]__R1234ze(E)__303.15__0.321,L2,Mreduced,R1234ZE(E),HFO,HMIM,BF4,303.15,0.321,0.2184,0.14354718327522278,0.01634981316391714,0.07485281672477723,0.16458915174007416,0.16458915174007416,0.12456686794757843,0.12456686794757843,0.1561136245727539,0.1561136245727539,0.1354137659072876,0.1354137659072876,0.1370525062084198,0.1370525062084198
[hmim]__[BF4]__R1234ze(E)__313.15__0.057,L2,Mreduced,R1234ZE(E),HFO,HMIM,BF4,313.15,0.057,0.0307,0.023227861896157265,0.019476695708352372,0.007472138103842736,0.007420184090733528,0.007420184090733528,0.0048499926924705505,0.0048499926924705505,0.018254831433296204,0.018254831433296204,0.05112309381365776,0.05112309381365776,0.03449120745062828,0.03449120745062828
[hmim]__[BF4]__R1234ze(E)__313.15__0.11,L2,Mreduced,R1234ZE(E),HFO,HMIM,BF4,313.15,0.11,0.056,0.03996883481740952,0.017253318380225164,0.016031165182590484,0.02741103433072567,0.02741103433072567,0.020842967554926872,0.020842967554926872,0.03988618403673172,0.03988618403673172,0.06487015634775162,0.06487015634775162,0.0468338318169117,0.0468338318169117
[hmim]__[BF4]__R1234ze(E)__313.15__0.162,L2,Mreduced,R1234ZE(E),HFO,HMIM,BF4,313.15,0.162,0.0813,0.05552204623818398,0.015314398228176047,0.02577795376181602,0.04906495288014412,0.04906495288014412,0.03449803590774536,0.03449803590774536,0.05926114320755005,0.05926114320755005,0.07629804313182831,0.07629804313182831,0.05848805606365204,0.05848805606365204
[hmim]__[BF4]__R1234ze(E)__313.15__0.212,L2,Mreduced,R1234ZE(E),HFO,HMIM,BF4,313.15,0.212,0.1058,0.07070077210664749,0.012737022029791557,0.035099227893352514,0.06986548751592636,0.06986548751592636,0.050768740475177765,0.050768740475177765,0.07647722959518433,0.07647722959518433,0.0854492336511612,0.0854492336511612,0.07094316929578781,0.07094316929578781
[hmim]__[BF4]__R1234ze(E)__313.15__0.259,L2,Mreduced,R1234ZE(E),HFO,HMIM,BF4,313.15,0.259,0.1295,0.08609575778245926,0.012087669655367743,0.043404242217540745,0.09132836759090424,0.09132836759090424,0.06517438590526581,0.06517438590526581,0.0932888612151146,0.0932888612151146,0.09431436657905579,0.09431436657905579,0.08637280762195587,0.08637280762195587
[hmim]__[BF4]__R1234ze(E)__313.15__0.308,L2,Mreduced,R1234ZE(E),HFO,HMIM,BF4,313.15,0.308,0.1543,0.1032711461186409,0.013304338246751429,0.051028853881359096,0.11543667316436768,0.11543667316436768,0.08150631189346313,0.08150631189346313,0.11245401948690414,0.11245401948690414,0.10445448756217957,0.10445448756217957,0.10250423848628998,0.10250423848628998
[hmim]__[BF4]__R1234ze(E)__313.15__0.355,L2,Mreduced,R1234ZE(E),HFO,HMIM,BF4,313.15,0.355,0.1782,0.12059805244207382,0.01599307236166251,0.05760194755792618,0.14046086370944977,0.14046086370944977,0.09995313733816147,0.09995313733816147,0.13246649503707886,0.13246649503707886,0.11488713324069977,0.11488713324069977,0.11522263288497925,0.11522263288497925
[hmim]__[BF4]__R1234ze(E)__323.15__0.062,L2,Mreduced,R1234ZE(E),HFO,HMIM,BF4,323.15,0.062,0.0248,0.022653063759207726,0.01842869797137362,0.0021469362407922736,0.009412547573447227,0.009412547573447227,0.004020333290100098,0.004020333290100098,0.01841125264763832,0.01841125264763832,0.04981652647256851,0.04981652647256851,0.03160465881228447,0.03160465881228447
[hmim]__[BF4]__R1234ze(E)__323.15__0.118,L2,Mreduced,R1234ZE(E),HFO,HMIM,BF4,323.15,0.118,0.0454,0.03725496493279934,0.016925763642503675,0.008145035067200664,0.027479184791445732,0.027479184791445732,0.016576476395130157,0.016576476395130157,0.03802875056862831,0.03802875056862831,0.0616266243159771,0.0616266243159771,0.0425637885928154,0.0425637885928154
[hmim]__[BF4]__R1234ze(E)__323.15__0.174,L2,Mreduced,R1234ZE(E),HFO,HMIM,BF4,323.15,0.174,0.0667,0.05050051286816597,0.015416577150917122,0.01619948713183403,0.045667145401239395,0.045667145401239395,0.028403177857398987,0.028403177857398987,0.056089457124471664,0.056089457124471664,0.07065975666046143,0.07065975666046143,0.05168302729725838,0.05168302729725838
[hmim]__[BF4]__R1234ze(E)__323.15__0.228,L2,Mreduced,R1234ZE(E),HFO,HMIM,BF4,323.15,0.228,0.0868,0.06263184472918511,0.013545791191919145,0.024168155270814895,0.06332368403673172,0.06332368403673172,0.041233696043491364,0.041233696043491364,0.07024288922548294,0.07024288922548294,0.07730115950107574,0.07730115950107574,0.06105779483914375,0.06105779483914375
[hmim]__[BF4]__R1234ze(E)__323.15__0.279,L2,Mreduced,R1234ZE(E),HFO,HMIM,BF4,323.15,0.279,0.1063,0.07437478303909302,0.012435281744336937,0.031925216960906985,0.08001843094825745,0.08001843094825745,0.05413779616355896,0.05413779616355896,0.0826597660779953,0.0826597660779953,0.08418553322553635,0.08418553322553635,0.07087238878011703,0.07087238878011703
[hmim]__[BF4]__R1234ze(E)__323.15__0.333,L2,Mreduced,R1234ZE(E),HFO,HMIM,BF4,323.15,0.333,0.1266,0.08745383024215699,0.012835425722843062,0.039146169757843005,0.09993700683116913,0.09993700683116913,0.06723137944936752,0.06723137944936752,0.09536344558000565,0.09536344558000565,0.09134602546691895,0.09134602546691895,0.08339129388332367,0.08339129388332367
[hmim]__[BF4]__R1234ze(E)__323.15__0.384,L2,Mreduced,R1234ZE(E),HFO,HMIM,BF4,323.15,0.384,0.1464,0.10061338245868683,0.01495601088061382,0.045786617541313177,0.11999280750751495,0.11999280750751495,0.08057263493537903,0.08057263493537903,0.10929621011018753,0.10929621011018753,0.0988355204463005,0.0988355204463005,0.09436973929405212,0.09436973929405212
[hmim]__[BF4]__R1234ze(E)__333.15__0.066,L2,Mreduced,R1234ZE(E),HFO,HMIM,BF4,333.15,0.066,0.0201,0.020455585420131685,0.017608512881691074,0.0003555854201316849,0.00896143913269043,0.00896143913269043,0.0012980177998542786,0.0012980177998542786,0.018047528341412544,0.018047528341412544,0.046702418476343155,0.046702418476343155,0.02726852335035801,0.02726852335035801
[hmim]__[BF4]__R1234ze(E)__333.15__0.125,L2,Mreduced,R1234ZE(E),HFO,HMIM,BF4,333.15,0.125,0.0374,0.0339844211935997,0.016470394585232712,0.003415578806400303,0.02638402208685875,0.02638402208685875,0.012226730585098267,0.012226730585098267,0.03661460056900978,0.03661460056900978,0.05709065496921539,0.05709065496921539,0.037606097757816315,0.037606097757816315
[hmim]__[BF4]__R1234ze(E)__333.15__0.185,L2,Mreduced,R1234ZE(E),HFO,HMIM,BF4,333.15,0.185,0.055,0.045415949821472165,0.015624432398224098,0.009584050178527835,0.04149622097611427,0.04149622097611427,0.022486742585897446,0.022486742585897446,0.052648864686489105,0.052648864686489105,0.064987912774086,0.064987912774086,0.04546000808477402,0.04546000808477402
[hmim]__[BF4]__R1234ze(E)__333.15__0.242,L2,Mreduced,R1234ZE(E),HFO,HMIM,BF4,333.15,0.242,0.0718,0.05514231994748116,0.014479365031319424,0.016657680052518845,0.05600990727543831,0.05600990727543831,0.03241343051195145,0.03241343051195145,0.06412540376186371,0.06412540376186371,0.0704592913389206,0.0704592913389206,0.05270356684923172,0.05270356684923172
[hmim]__[BF4]__R1234ze(E)__333.15__0.298,L2,Mreduced,R1234ZE(E),HFO,HMIM,BF4,333.15,0.298,0.088,0.06499855369329452,0.013560874553759834,0.023001446306705475,0.07115526497364044,0.07115526497364044,0.04345383867621422,0.04345383867621422,0.07448717206716537,0.07448717206716537,0.07588783651590347,0.07588783651590347,0.06000865623354912,0.06000865623354912
[hmim]__[BF4]__R1234ze(E)__333.15__0.355,L2,Mreduced,R1234ZE(E),HFO,HMIM,BF4,333.15,0.355,0.1049,0.07569117993116378,0.013621939127077952,0.02920882006883621,0.08690288662910461,0.08690288662910461,0.054710663855075836,0.054710663855075836,0.0850725769996643,0.0850725769996643,0.08252788335084915,0.08252788335084915,0.06924188882112503,0.06924188882112503
[hmim]__[BF4]__R1234ze(E)__333.15__0.409,L2,Mreduced,R1234ZE(E),HFO,HMIM,BF4,333.15,0.409,0.1218,0.08547183722257615,0.014093994837147973,0.03632816277742386,0.10219578444957733,0.10219578444957733,0.06592244654893875,0.06592244654893875,0.09379461407661438,0.09379461407661438,0.08763818442821503,0.08763818442821503,0.07780815660953522,0.07780815660953522
[hmim]__[BF4]__R1234ze(E)__343.15__0.069,L2,Mreduced,R1234ZE(E),HFO,HMIM,BF4,343.15,0.069,0.016,0.017928544245660306,0.01639452429704322,0.0019285442456603054,0.006811277009546757,0.006811277009546757,-0.0009144619107246399,0.0,0.017435185611248016,0.017435185611248016,0.04253608360886574,0.04253608360886574,0.022860174998641014,0.022860174998641014
[hmim]__[BF4]__R1234ze(E)__343.15__0.132,L2,Mreduced,R1234ZE(E),HFO,HMIM,BF4,343.15,0.132,0.0305,0.030411189422011375,0.01610487714102257,8.88105779886239e-05,0.022855812683701515,0.022855812683701515,0.009177982807159424,0.009177982807159424,0.03460579738020897,0.03460579738020897,0.052943140268325806,0.052943140268325806,0.03247321397066116,0.03247321397066116
[hmim]__[BF4]__R1234ze(E)__343.15__0.195,L2,Mreduced,R1234ZE(E),HFO,HMIM,BF4,343.15,0.195,0.045,0.04038405418395996,0.01565795494731767,0.004615945816040037,0.03699468821287155,0.03699468821287155,0.017476066946983337,0.017476066946983337,0.04841955378651619,0.04841955378651619,0.059837423264980316,0.059837423264980316,0.03919253870844841,0.03919253870844841
[hmim]__[BF4]__R1234ze(E)__343.15__0.256,L2,Mreduced,R1234ZE(E),HFO,HMIM,BF4,343.15,0.256,0.059,0.0487501360476017,0.014529771537505592,0.010249863952398297,0.049398843199014664,0.049398843199014664,0.026225268840789795,0.026225268840789795,0.05808286368846893,0.05808286368846893,0.06426571309566498,0.06426571309566498,0.04577799141407013,0.04577799141407013
[hmim]__[BF4]__R1234ze(E)__343.15__0.315,L2,Mreduced,R1234ZE(E),HFO,HMIM,BF4,343.15,0.315,0.0725,0.057102272659540175,0.01412226618714305,0.01539772734045982,0.061995819211006165,0.061995819211006165,0.034957170486450195,0.034957170486450195,0.0678863599896431,0.0678863599896431,0.06888558715581894,0.06888558715581894,0.051786426454782486,0.051786426454782486
[hmim]__[BF4]__R1234ze(E)__343.15__0.375,L2,Mreduced,R1234ZE(E),HFO,HMIM,BF4,343.15,0.375,0.0867,0.06615537106990814,0.014459506032521687,0.02054462893009186,0.0764995589852333,0.0764995589852333,0.04431094974279404,0.04431094974279404,0.07728512585163116,0.07728512585163116,0.07434649020433426,0.07434649020433426,0.05833473056554794,0.05833473056554794
[hmim]__[BF4]__R1234ze(E)__343.15__0.434,L2,Mreduced,R1234ZE(E),HFO,HMIM,BF4,343.15,0.434,0.1003,0.0749139167368412,0.015247306453080015,0.025386083263158804,0.09066574275493622,0.09066574275493622,0.05345072224736214,0.05345072224736214,0.08540540933609009,0.08540540933609009,0.07958205789327621,0.07958205789327621,0.06546565145254135,0.06546565145254135
[hmim]__[BF4]__R1233zd(E)__303.24__0.007,L2,Mreduced,R1233ZD(E),HCFO,HMIM,BF4,303.24,0.007,0.007,0.020398538187146188,0.016151821887376502,0.013398538187146189,0.023370813578367233,0.023370813578367233,-0.0067460909485816956,0.0,0.007886899635195732,0.007886899635195732,0.03800477460026741,0.03800477460026741,0.03273020312190056,0.03273020312190056
[hmim]__[BF4]__R1233zd(E)__303.07__0.018,L2,Mreduced,R1233ZD(E),HCFO,HMIM,BF4,303.07,0.018,0.018,0.026041097566485406,0.0179763820250955,0.008041097566485408,0.030789712443947792,0.030789712443947792,7.541477680206299e-05,7.541477680206299e-05,0.016045935451984406,0.016045935451984406,0.043748438358306885,0.043748438358306885,0.03954598680138588,0.03954598680138588
[hmim]__[BF4]__R1233zd(E)__303.28__0.032,L2,Mreduced,R1233ZD(E),HCFO,HMIM,BF4,303.28,0.032,0.033,0.034615068882703784,0.01731202969742103,0.0016150688827037823,0.03942260891199112,0.03942260891199112,0.008809737861156464,0.008809737861156464,0.026159726083278656,0.026159726083278656,0.050851862877607346,0.050851862877607346,0.04783140867948532,0.04783140867948532
[hmim]__[BF4]__R1233zd(E)__303.17__0.05,L2,Mreduced,R1233ZD(E),HCFO,HMIM,BF4,303.17,0.05,0.05,0.04690565802156925,0.01601613057079535,0.0030943419784307535,0.05175438150763512,0.05175438150763512,0.02191983349621296,0.02191983349621296,0.04098786413669586,0.04098786413669586,0.06131425499916077,0.06131425499916077,0.058551955968141556,0.058551955968141556
[hmim]__[BF4]__R1233zd(E)__303.35__0.065,L2,Mreduced,R1233ZD(E),HCFO,HMIM,BF4,303.35,0.065,0.065,0.05683454275131226,0.015225164867031595,0.008165457248687745,0.06131244823336601,0.06131244823336601,0.03239401802420616,0.03239401802420616,0.052807100117206573,0.052807100117206573,0.07053981721401215,0.07053981721401215,0.06711933016777039,0.06711933016777039
[hmim]__[BF4]__R1233zd(E)__303.13__0.083,L2,Mreduced,R1233ZD(E),HCFO,HMIM,BF4,303.13,0.083,0.081,0.0703938513994217,0.013938975086875674,0.010606148600578305,0.07456283271312714,0.07456283271312714,0.04742087423801422,0.04742087423801422,0.06818854063749313,0.06818854063749313,0.08269894123077393,0.08269894123077393,0.07909806817770004,0.07909806817770004
[hmim]__[BF4]__R1233zd(E)__313.15__0.008,L2,Mreduced,R1233ZD(E),HCFO,HMIM,BF4,313.15,0.008,0.006,0.013483814150094985,0.01629700014273061,0.007483814150094985,0.005782587453722954,0.005782587453722954,-0.01620899885892868,0.0,-0.003580516204237938,0.0,0.03520394116640091,0.03520394116640091,0.026432542130351067,0.026432542130351067
[hmim]__[BF4]__R1233zd(E)__313.12__0.021,L2,Mreduced,R1233ZD(E),HCFO,HMIM,BF4,313.12,0.021,0.017,0.01825823783874512,0.017898958711096622,0.0012582378387451174,0.013191131874918938,0.013191131874918938,-0.009766172617673874,0.0,0.004254860803484917,0.004254860803484917,0.04077232629060745,0.04077232629060745,0.03307287022471428,0.03307287022471428
[hmim]__[BF4]__R1233zd(E)__313.15__0.037,L2,Mreduced,R1233ZD(E),HCFO,HMIM,BF4,313.15,0.037,0.031,0.024803309142589568,0.01949940722150198,0.006196690857410432,0.0217882189899683,0.0217882189899683,-0.001725476235151291,0.0,0.013896903023123741,0.013896903023123741,0.04789784550666809,0.04789784550666809,0.040433578193187714,0.040433578193187714
[hmim]__[BF4]__R1233zd(E)__313.15__0.057,L2,Mreduced,R1233ZD(E),HCFO,HMIM,BF4,313.15,0.057,0.047,0.03464785814285278,0.01931443927631432,0.012352141857147218,0.03250803053379059,0.03250803053379059,0.008404497057199478,0.008404497057199478,0.025783151388168335,0.025783151388168335,0.056919511407613754,0.056919511407613754,0.04962410032749176,0.04962410032749176
[hmim]__[BF4]__R1233zd(E)__313.13__0.075,L2,Mreduced,R1233ZD(E),HCFO,HMIM,BF4,313.13,0.075,0.062,0.043972764164209366,0.018546857770835482,0.018027235835790634,0.04225947707891464,0.04225947707891464,0.017740212380886078,0.017740212380886078,0.03683901205658913,0.03683901205658913,0.064568892121315,0.064568892121315,0.05845622718334198,0.05845622718334198
[hmim]__[BF4]__R1233zd(E)__313.15__0.095,L2,Mreduced,R1233ZD(E),HCFO,HMIM,BF4,313.15,0.095,0.077,0.05475397482514381,0.017499025859551036,0.022246025174856188,0.053488995879888535,0.053488995879888535,0.028728999197483063,0.028728999197483063,0.05004383623600006,0.05004383623600006,0.07318051159381866,0.07318051159381866,0.06832753121852875,0.06832753121852875
[hmim]__[BF4]__R1233zd(E)__323.15__0.009,L2,Mreduced,R1233ZD(E),HCFO,HMIM,BF4,323.15,0.009,0.006,0.011257937178015709,0.015810309946252942,0.005257937178015709,-0.005867727100849152,0.0,-0.01882830262184143,0.0,-0.009155390784144402,0.0,0.03310997039079666,0.03310997039079666,0.023179715499281883,0.023179715499281883
[hmim]__[BF4]__R1233zd(E)__323.15__0.024,L2,Mreduced,R1233ZD(E),HCFO,HMIM,BF4,323.15,0.024,0.016,0.013724732771515846,0.018671459382598815,0.0022752672284841544,0.001060647889971733,0.001060647889971733,-0.012731052935123444,0.0,-0.0012001674622297287,0.0,0.03892103582620621,0.03892103582620621,0.02864198014140129,0.02864198014140129
[hmim]__[BF4]__R1233zd(E)__323.15__0.043,L2,Mreduced,R1233ZD(E),HCFO,HMIM,BF4,323.15,0.043,0.029,0.020164735987782477,0.019893141844633134,0.008835264012217525,0.00988808274269104,0.00988808274269104,-0.005173720419406891,0.0,0.008747236803174019,0.008747236803174019,0.046763379126787186,0.046763379126787186,0.03542498126626015,0.03542498126626015
[hmim]__[BF4]__R1233zd(E)__323.16__0.066,L2,Mreduced,R1233ZD(E),HCFO,HMIM,BF4,323.16,0.066,0.044,0.029121259972453118,0.020426149090246898,0.01487874002754688,0.020641271024942398,0.020641271024942398,0.004269257187843323,0.004269257187843323,0.02110707201063633,0.02110707201063633,0.05528968945145607,0.05528968945145607,0.044299010187387466,0.044299010187387466
[hmim]__[BF4]__R1233zd(E)__323.15__0.086,L2,Mreduced,R1233ZD(E),HCFO,HMIM,BF4,323.15,0.086,0.058,0.03750576116144657,0.019513508974953134,0.020494238838553433,0.02965526096522808,0.02965526096522808,0.012452561408281326,0.012452561408281326,0.031650111079216,0.031650111079216,0.0618039071559906,0.0618039071559906,0.051966965198516846,0.051966965198516846
[hmim]__[BF4]__R1233zd(E)__323.16__0.109,L2,Mreduced,R1233ZD(E),HCFO,HMIM,BF4,323.16,0.109,0.072,0.04684677571058273,0.018438708021379986,0.025153224289417263,0.03987521305680275,0.03987521305680275,0.021243326365947723,0.021243326365947723,0.04415158927440643,0.04415158927440643,0.0681251585483551,0.0681251585483551,0.06083859130740166,0.06083859130740166
[hmim]__[BF4]__R1233zd(E)__333.17__0.011,L2,Mreduced,R1233ZD(E),HCFO,HMIM,BF4,333.17,0.011,0.005,0.010569558292627335,0.014947299531179827,0.005569558292627335,-0.01190100610256195,0.0,-0.01912190392613411,0.0,-0.011372989043593407,0.0,0.031706903129816055,0.031706903129816055,0.021140888333320618,0.021140888333320618
[hmim]__[BF4]__R1233zd(E)__333.16__0.028,L2,Mreduced,R1233ZD(E),HCFO,HMIM,BF4,333.16,0.028,0.015,0.012860089167952537,0.018014031099750343,0.0021399108320474623,-0.005118848755955696,0.0,-0.012450054287910461,0.0,-0.004132283851504326,0.0,0.03751944378018379,0.03751944378018379,0.026781002059578896,0.026781002059578896
[hmim]__[BF4]__R1233zd(E)__333.16__0.05,L2,Mreduced,R1233ZD(E),HCFO,HMIM,BF4,333.16,0.05,0.027,0.0176673486828804,0.020291472685580056,0.009332651317119599,0.003941865637898445,0.003941865637898445,-0.004118792712688446,0.0,0.005670936778187752,0.005670936778187752,0.04489479213953018,0.04489479213953018,0.03382914885878563,0.03382914885878563
[hmim]__[BF4]__R1233zd(E)__333.16__0.075,L2,Mreduced,R1233ZD(E),HCFO,HMIM,BF4,333.16,0.075,0.041,0.025931448489427567,0.02030532347170537,0.015068551510572434,0.013610389083623886,0.013610389083623886,0.004312474280595779,0.004312474280595779,0.017605125904083252,0.017605125904083252,0.05287349969148636,0.05287349969148636,0.041255753487348557,0.041255753487348557
[hmim]__[BF4]__R1233zd(E)__333.23__0.097,L2,Mreduced,R1233ZD(E),HCFO,HMIM,BF4,333.23,0.097,0.054,0.0328417357057333,0.019578088840414596,0.021158264294266697,0.02155350334942341,0.02155350334942341,0.009302772581577301,0.009302772581577301,0.028383977711200714,0.028383977711200714,0.05796936899423599,0.05796936899423599,0.04699905589222908,0.04699905589222908
[hmim]__[BF4]__R1233zd(E)__333.17__0.125,L2,Mreduced,R1233ZD(E),HCFO,HMIM,BF4,333.17,0.125,0.067,0.041930755227804185,0.018769859609281014,0.02506924477219582,0.03206486999988556,0.03206486999988556,0.01646745204925537,0.01646745204925537,0.0420672781765461,0.0420672781765461,0.06422998756170273,0.06422998756170273,0.054824188351631165,0.054824188351631165
[hmim]__[BF4]__R1233zd(E)__343.19__0.013,L2,Mreduced,R1233ZD(E),HCFO,HMIM,BF4,343.19,0.013,0.004,0.009436675906181335,0.013499743113426155,0.005436675906181335,-0.01790807768702507,0.0,-0.02012822777032852,0.0,-0.012587657198309898,0.0,0.029118482023477554,0.029118482023477554,0.018064897507429123,0.018064897507429123
[hmim]__[BF4]__R1233zd(E)__343.15__0.032,L2,Mreduced,R1233ZD(E),HCFO,HMIM,BF4,343.15,0.032,0.013,0.011868683248758316,0.016724712798540525,0.0011313167512416837,-0.010396081954240799,0.0,-0.01345662772655487,0.0,-0.0060019660741090775,0.0,0.03525613993406296,0.03525613993406296,0.024087276309728622,0.024087276309728622
[hmim]__[BF4]__R1233zd(E)__343.17__0.057,L2,Mreduced,R1233ZD(E),HCFO,HMIM,BF4,343.17,0.057,0.024,0.015586773306131363,0.02013079072738623,0.008413226693868637,-0.0014763474464416504,0.0,-0.0051504336297512054,0.0,0.003781301900744438,0.003781301900744438,0.04308181256055832,0.04308181256055832,0.031070752069354057,0.031070752069354057
[hmim]__[BF4]__R1233zd(E)__343.16__0.086,L2,Mreduced,R1233ZD(E),HCFO,HMIM,BF4,343.16,0.086,0.037,0.022819536551833153,0.02051838199921711,0.014180463448166845,0.008321059867739677,0.008321059867739677,0.001621052622795105,0.001621052622795105,0.016121678054332733,0.016121678054332733,0.05037748068571091,0.05037748068571091,0.03765641152858734,0.03765641152858734
[hmim]__[BF4]__R1233zd(E)__343.18__0.111,L2,Mreduced,R1233ZD(E),HCFO,HMIM,BF4,343.18,0.111,0.05,0.029736023396253586,0.019407129418930455,0.020263976603746417,0.01668686605989933,0.01668686605989933,0.0069181472063064575,0.0069181472063064575,0.027082571759819984,0.027082571759819984,0.054769307374954224,0.054769307374954224,0.04322322458028793,0.04322322458028793
[hmim]__[BF4]__R1233zd(E)__343.18__0.142,L2,Mreduced,R1233ZD(E),HCFO,HMIM,BF4,343.18,0.142,0.062,0.03821658194065094,0.01849038603861321,0.02378341805934906,0.026682879775762558,0.026682879775762558,0.013806760311126709,0.013806760311126709,0.04014864191412926,0.04014864191412926,0.06054157763719559,0.06054157763719559,0.04990305006504059,0.04990305006504059
[hmim]__[OTf]__R1234yf__303.2__0.0619,L2,Mreduced,R1234YF,HFO,HMIM,OTF,303.2,0.0619,0.02866,0.015586726740002632,0.016518912735752324,0.013073273259997369,0.002298543229699135,0.002298543229699135,0.0023815035820007324,0.0023815035820007324,0.007883479818701744,0.007883479818701744,0.03963122516870499,0.03963122516870499,0.025738881900906563,0.025738881900906563
[hmim]__[OTf]__R1234yf__313.2__0.0653,L2,Mreduced,R1234YF,HFO,HMIM,OTF,313.2,0.0653,0.02383,0.015568273514509201,0.016404490006608652,0.008261726485490799,0.00264788419008255,0.00264788419008255,0.0012639239430427551,0.0012639239430427551,0.009585786610841751,0.009585786610841751,0.03984418138861656,0.03984418138861656,0.024499591439962387,0.024499591439962387
[hmim]__[OTf]__R1234yf__323.2__0.0731,L2,Mreduced,R1234YF,HFO,HMIM,OTF,323.2,0.0731,0.02144,0.016180009581148624,0.015161698543949987,0.005259990418851376,0.006570140831172466,0.006570140831172466,0.0006918534636497498,0.0006918534636497498,0.011954903602600098,0.011954903602600098,0.03919326141476631,0.03919326141476631,0.022489888593554497,0.022489888593554497
[hmim]__[OTf]__R1234yf__333.2__0.076,L2,Mreduced,R1234YF,HFO,HMIM,OTF,333.2,0.076,0.01818,0.014318487234413623,0.013996900753705936,0.0038615127655863783,0.005587677471339703,0.005587677471339703,-0.001072373241186142,0.0,0.011286819353699684,0.011286819353699684,0.03610846772789955,0.03610846772789955,0.01860947161912918,0.01860947161912918
[hmim]__[OTf]__R1234yf__343.2__0.0824,L2,Mreduced,R1234YF,HFO,HMIM,OTF,343.2,0.0824,0.01629,0.01203853115439415,0.013089057902328253,0.004251468845605849,0.0019585322588682175,0.0019585322588682175,-0.0026890672743320465,0.0,0.010369757190346718,0.010369757190346718,0.03268028050661087,0.03268028050661087,0.015184085816144943,0.015184085816144943
[hmim]__[OTf]__R1234yf__303.09__0.127,L2,Mreduced,R1234YF,HFO,HMIM,OTF,303.09,0.127,0.036,0.03485466688871384,0.012157175199099386,0.0011453331112861592,0.026695258915424347,0.026695258915424347,0.02288077026605606,0.02288077026605606,0.030272837728261948,0.030272837728261948,0.05244794860482216,0.05244794860482216,0.04197651892900467,0.04197651892900467
[hmim]__[OTf]__R1234yf__303.13__0.215,L2,Mreduced,R1234YF,HFO,HMIM,OTF,303.13,0.215,0.061,0.05948338732123375,0.00709846625828322,0.001516612678766252,0.05994703993201256,0.05994703993201256,0.050078198313713074,0.050078198313713074,0.055338382720947266,0.055338382720947266,0.06827059388160706,0.06827059388160706,0.0637827217578888,0.0637827217578888
[hmim]__[OTf]__R1234yf__303.15__0.288,L2,Mreduced,R1234YF,HFO,HMIM,OTF,303.15,0.288,0.082,0.08078828901052475,0.00966218290324014,0.0012117109894752565,0.0961383581161499,0.0961383581161499,0.06987018138170242,0.06987018138170242,0.07648757100105286,0.07648757100105286,0.08094247430562973,0.08094247430562973,0.08050286024808884,0.08050286024808884
[hmim]__[OTf]__R1234yf__303.03__0.375,L2,Mreduced,R1234YF,HFO,HMIM,OTF,303.03,0.375,0.11,0.10691342502832413,0.019556003029342923,0.0030865749716758734,0.14073245227336884,0.14073245227336884,0.09082029014825821,0.09082029014825821,0.10427495837211609,0.10427495837211609,0.09760099649429321,0.09760099649429321,0.10113842785358429,0.10113842785358429
[hmim]__[OTf]__R1234yf__303.02__0.498,L2,Mreduced,R1234YF,HFO,HMIM,OTF,303.02,0.498,0.151,0.1501919984817505,0.03353406299550773,0.0008080015182495015,0.2072981745004654,0.2072981745004654,0.12826451659202576,0.12826451659202576,0.1525748372077942,0.1525748372077942,0.1266629993915558,0.1266629993915558,0.13615946471691132,0.13615946471691132
[hmim]__[OTf]__R1234yf__313.19__0.14,L2,Mreduced,R1234YF,HFO,HMIM,OTF,313.19,0.14,0.032,0.03325723521411419,0.011577239445193562,0.001257235214114187,0.027376491576433182,0.027376491576433182,0.019197635352611542,0.019197635352611542,0.031246671453118324,0.031246671453118324,0.04965997487306595,0.04965997487306595,0.03880540281534195,0.03880540281534195
[hmim]__[OTf]__R1234yf__313.16__0.237,L2,Mreduced,R1234YF,HFO,HMIM,OTF,313.16,0.237,0.053,0.053366219997406004,0.0074380185686058415,0.00036621999740600597,0.0551348514854908,0.0551348514854908,0.04127132520079613,0.04127132520079613,0.05281539261341095,0.05281539261341095,0.06129705160856247,0.06129705160856247,0.056312479078769684,0.056312479078769684
[hmim]__[OTf]__R1234yf__313.17__0.318,L2,Mreduced,R1234YF,HFO,HMIM,OTF,313.17,0.318,0.072,0.07083241119980813,0.008853851287078997,0.0011675888001918683,0.08299936354160309,0.08299936354160309,0.058388303965330124,0.058388303965330124,0.06826083362102509,0.06826083362102509,0.07228458672761917,0.07228458672761917,0.07222896814346313,0.07222896814346313
[hmim]__[OTf]__R1234yf__313.11__0.416,L2,Mreduced,R1234YF,HFO,HMIM,OTF,313.11,0.416,0.096,0.09075763970613479,0.016022521586188648,0.005242360293865211,0.11799876391887665,0.11799876391887665,0.07569988071918488,0.07569988071918488,0.08710741251707077,0.08710741251707077,0.08444920182228088,0.08444920182228088,0.0885329395532608,0.0885329395532608
[hmim]__[OTf]__R1234yf__313.12__0.557,L2,Mreduced,R1234YF,HFO,HMIM,OTF,313.12,0.557,0.132,0.12406946569681168,0.02795316004677871,0.007930534303188325,0.1715703159570694,0.1715703159570694,0.10341642796993256,0.10341642796993256,0.12496788054704666,0.12496788054704666,0.10486230254173279,0.10486230254173279,0.11553040146827698,0.11553040146827698
[hmim]__[OTf]__R1234yf__323.2__0.151,L2,Mreduced,R1234YF,HFO,HMIM,OTF,323.2,0.151,0.028,0.031236699596047402,0.011517082343507005,0.0032366995960474015,0.02807699143886566,0.02807699143886566,0.015464669093489647,0.015464669093489647,0.031125057488679886,0.031125057488679886,0.04748499393463135,0.04748499393463135,0.034031786024570465,0.034031786024570465
[hmim]__[OTf]__R1234yf__323.17__0.257,L2,Mreduced,R1234YF,HFO,HMIM,OTF,323.17,0.257,0.047,0.048160110414028165,0.00831399399373959,0.0011601104140281648,0.05401603877544403,0.05401603877544403,0.03438839316368103,0.03438839316368103,0.049434103071689606,0.049434103071689606,0.05527956783771515,0.05527956783771515,0.04768244922161102,0.04768244922161102
[hmim]__[OTf]__R1234yf__323.17__0.346,L2,Mreduced,R1234YF,HFO,HMIM,OTF,323.17,0.346,0.063,0.06122671067714691,0.008939575049321235,0.0017732893228530888,0.07260739803314209,0.07260739803314209,0.04765061289072037,0.04765061289072037,0.06029820442199707,0.06029820442199707,0.06257421523332596,0.06257421523332596,0.06300312280654907,0.06300312280654907
[hmim]__[OTf]__R1234yf__323.12__0.455,L2,Mreduced,R1234YF,HFO,HMIM,OTF,323.12,0.455,0.084,0.07637683451175689,0.013242698758958555,0.007623165488243114,0.09845060110092163,0.09845060110092163,0.06326432526111603,0.06326432526111603,0.07222304493188858,0.07222304493188858,0.07137720286846161,0.07137720286846161,0.07656899839639664,0.07656899839639664
[hmim]__[OTf]__R1234yf__323.13__0.612,L2,Mreduced,R1234YF,HFO,HMIM,OTF,323.13,0.612,0.115,0.10224468261003494,0.022421397729284184,0.012755317389965062,0.13982346653938293,0.13982346653938293,0.0841229110956192,0.0841229110956192,0.10258550941944122,0.10258550941944122,0.08625399321317673,0.08625399321317673,0.09843753278255463,0.09843753278255463
[hmim]__[OTf]__R1234yf__333.2__0.163,L2,Mreduced,R1234YF,HFO,HMIM,OTF,333.2,0.163,0.025,0.028576144948601723,0.011243299457421146,0.0035761449486017213,0.02730400860309601,0.02730400860309601,0.012694595381617546,0.012694595381617546,0.029275327920913696,0.029275327920913696,0.044417232275009155,0.044417232275009155,0.029189560562372208,0.029189560562372208
[hmim]__[OTf]__R1234yf__333.17__0.276,L2,Mreduced,R1234YF,HFO,HMIM,OTF,333.17,0.276,0.042,0.042555255070328715,0.009043083202039276,0.0005552550703287126,0.04963139444589615,0.04963139444589615,0.02802841179072857,0.02802841179072857,0.045095305889844894,0.045095305889844894,0.049883946776390076,0.049883946776390076,0.040137216448783875,0.040137216448783875
[hmim]__[OTf]__R1234yf__333.26__0.37,L2,Mreduced,R1234YF,HFO,HMIM,OTF,333.26,0.37,0.057,0.05284113809466362,0.009296374874367345,0.004158861905336382,0.06420763581991196,0.06420763581991196,0.03830352798104286,0.03830352798104286,0.05398065596818924,0.05398065596818924,0.054802656173706055,0.054802656173706055,0.05291121453046799,0.05291121453046799
[hmim]__[OTf]__R1234yf__333.16__0.491,L2,Mreduced,R1234YF,HFO,HMIM,OTF,333.16,0.491,0.074,0.06488248854875564,0.010988164204959116,0.009117511451244356,0.0826464295387268,0.0826464295387268,0.052373193204402924,0.052373193204402924,0.06229376792907715,0.06229376792907715,0.06297338008880615,0.06297338008880615,0.0641256719827652,0.0641256719827652
[hmim]__[OTf]__R1234yf__333.15__0.662,L2,Mreduced,R1234YF,HFO,HMIM,OTF,333.15,0.662,0.102,0.08506394773721696,0.018033495503193518,0.01693605226278304,0.11598929762840271,0.11598929762840271,0.07064948230981827,0.07064948230981827,0.08297223597764969,0.08297223597764969,0.0740899071097374,0.0740899071097374,0.08161881566047668,0.08161881566047668
[hmim]__[OTf]__R1234yf__343.24__0.174,L2,Mreduced,R1234YF,HFO,HMIM,OTF,343.24,0.174,0.022,0.02454846128821373,0.01138203856249181,0.0025484612882137325,0.02132302150130272,0.02132302150130272,0.00906989723443985,0.00906989723443985,0.026809480041265488,0.026809480041265488,0.04076731950044632,0.04076731950044632,0.024772588163614273,0.024772588163614273
[hmim]__[OTf]__R1234yf__343.19__0.294,L2,Mreduced,R1234YF,HFO,HMIM,OTF,343.19,0.294,0.037,0.03686445206403732,0.009010550855674437,0.00013554793596267517,0.04273054376244545,0.04273054376244545,0.022620081901550293,0.022620081901550293,0.03998536616563797,0.03998536616563797,0.04514499008655548,0.04514499008655548,0.03384127840399742,0.03384127840399742
[hmim]__[OTf]__R1234yf__343.26__0.395,L2,Mreduced,R1234YF,HFO,HMIM,OTF,343.26,0.395,0.051,0.046247439831495284,0.009024793514747156,0.004752560168504713,0.05657251551747322,0.05657251551747322,0.03206860274076462,0.03206860274076462,0.048621147871017456,0.048621147871017456,0.04937610775232315,0.04937610775232315,0.04459882527589798,0.04459882527589798
[hmim]__[OTf]__R1234yf__343.18__0.524,L2,Mreduced,R1234YF,HFO,HMIM,OTF,343.18,0.524,0.066,0.05595993399620056,0.00972526483785811,0.01004006600379944,0.07024610042572021,0.07024610042572021,0.04296774044632912,0.04296774044632912,0.05620947480201721,0.05620947480201721,0.05663350969552994,0.05663350969552994,0.053742844611406326,0.053742844611406326
[hmim]__[OTf]__R1234yf__343.17__0.709,L2,Mreduced,R1234YF,HFO,HMIM,OTF,343.17,0.709,0.091,0.07248014733195304,0.014216671039083192,0.018519852668046954,0.0973530262708664,0.0973530262708664,0.06192626431584358,0.06192626431584358,0.07000213861465454,0.07000213861465454,0.06551913172006607,0.06551913172006607,0.06760017573833466,0.06760017573833466
[hmim]__[OTf]__R1234yf__353.25__0.184,L2,Mreduced,R1234YF,HFO,HMIM,OTF,353.25,0.184,0.019,0.020045039616525172,0.011766889066929642,0.0010450396165251723,0.014032038860023022,0.014032038860023022,0.005483213812112808,0.005483213812112808,0.022921215742826462,0.022921215742826462,0.03728311508893967,0.03728311508893967,0.020505614578723907,0.020505614578723907
[hmim]__[OTf]__R1234yf__353.22__0.311,L2,Mreduced,R1234YF,HFO,HMIM,OTF,353.22,0.311,0.034,0.031535963714122775,0.008959044967374727,0.0024640362858772275,0.034312497824430466,0.034312497824430466,0.01781662553548813,0.01781662553548813,0.036551788449287415,0.036551788449287415,0.040918391197919846,0.040918391197919846,0.028080515563488007,0.028080515563488007
[hmim]__[OTf]__R1234yf__353.27__0.419,L2,Mreduced,R1234YF,HFO,HMIM,OTF,353.27,0.419,0.045,0.040260542184114456,0.008718868858855429,0.004739457815885542,0.04732848331332207,0.04732848331332207,0.026065990328788757,0.026065990328788757,0.04490699619054794,0.04490699619054794,0.04524017125368118,0.04524017125368118,0.03776106983423233,0.03776106983423233
[hmim]__[OTf]__R1234yf__353.19__0.555,L2,Mreduced,R1234YF,HFO,HMIM,OTF,353.19,0.555,0.06,0.04889714792370796,0.009393142356041316,0.011102852076292039,0.0608908049762249,0.0608908049762249,0.03519691526889801,0.03519691526889801,0.051072414964437485,0.051072414964437485,0.05153844878077507,0.05153844878077507,0.045787155628204346,0.045787155628204346
[hmim]__[OTf]__R1234yf__353.2__0.752,L2,Mreduced,R1234YF,HFO,HMIM,OTF,353.2,0.752,0.082,0.06251361891627312,0.011125863494035982,0.019486381083726884,0.08196568489074707,0.08196568489074707,0.05542876571416855,0.05542876571416855,0.06141875684261322,0.06141875684261322,0.05783391371369362,0.05783391371369362,0.05592097342014313,0.05592097342014313
[hmim]__[OTf]__R1233zd(E)__303.22__0.009,L2,Mreduced,R1233ZD(E),HCFO,HMIM,OTF,303.22,0.009,0.011,0.03446020856499672,0.016096649658645042,0.023460208564996723,0.04400111362338066,0.04400111362338066,0.01011446863412857,0.01011446863412857,0.026821061968803406,0.026821061968803406,0.05028881877660751,0.05028881877660751,0.041075579822063446,0.041075579822063446
[hmim]__[OTf]__R1233zd(E)__303.45__0.022,L2,Mreduced,R1233ZD(E),HCFO,HMIM,OTF,303.45,0.022,0.028,0.04358422607183456,0.015694403255693067,0.015584226071834562,0.05255724862217903,0.05255724862217903,0.018985450267791748,0.018985450267791748,0.03780573606491089,0.03780573606491089,0.05859798938035965,0.05859798938035965,0.0499747060239315,0.0499747060239315
[hmim]__[OTf]__R1233zd(E)__303.15__0.036,L2,Mreduced,R1233ZD(E),HCFO,HMIM,OTF,303.15,0.036,0.047,0.055016640946269034,0.015047836197880683,0.008016640946269034,0.06395494937896729,0.06395494937896729,0.030521681532263756,0.030521681532263756,0.0513777956366539,0.0513777956366539,0.06838124245405197,0.06838124245405197,0.060847535729408264,0.060847535729408264
[hmim]__[OTf]__R1233zd(E)__303.15__0.051,L2,Mreduced,R1233ZD(E),HCFO,HMIM,OTF,303.15,0.051,0.066,0.06731897443532944,0.014650805030195418,0.0013189744353294397,0.07662630081176758,0.07662630081176758,0.04294031858444214,0.04294031858444214,0.0650831088423729,0.0650831088423729,0.0793541818857193,0.0793541818857193,0.07259096205234528,0.07259096205234528
[hmim]__[OTf]__R1233zd(E)__303.15__0.066,L2,Mreduced,R1233ZD(E),HCFO,HMIM,OTF,303.15,0.066,0.084,0.08046650290489196,0.014013084178465283,0.003533497095108043,0.0889204740524292,0.0889204740524292,0.05665919929742813,0.05665919929742813,0.07990549504756927,0.07990549504756927,0.0916065126657486,0.0916065126657486,0.08524083346128464,0.08524083346128464
[hmim]__[OTf]__R1233zd(E)__303.15__0.081,L2,Mreduced,R1233ZD(E),HCFO,HMIM,OTF,303.15,0.081,0.103,0.09426017254590988,0.013184114703776057,0.008739827454090118,0.10126708447933197,0.10126708447933197,0.07149853557348251,0.07149853557348251,0.09522520005702972,0.09522520005702972,0.10463795065879822,0.10463795065879822,0.09867209196090698,0.09867209196090698
[hmim]__[OTf]__R1233zd(E)__313.15__0.011,L2,Mreduced,R1233ZD(E),HCFO,HMIM,OTF,313.15,0.011,0.01,0.022970137000083924,0.018524102414325967,0.012970137000083924,0.025243107229471207,0.025243107229471207,-0.0025803372263908386,0.0,0.009755212813615799,0.009755212813615799,0.046639107167720795,0.046639107167720795,0.033213257789611816,0.033213257789611816
[hmim]__[OTf]__R1233zd(E)__313.15__0.025,L2,Mreduced,R1233ZD(E),HCFO,HMIM,OTF,313.15,0.025,0.026,0.03085491098463535,0.019040869376672397,0.004854910984635353,0.03370613604784012,0.03370613604784012,0.005313612520694733,0.005313612520694733,0.019559146836400032,0.019559146836400032,0.05435238778591156,0.05435238778591156,0.04134327173233032,0.04134327173233032
[hmim]__[OTf]__R1233zd(E)__313.17__0.041,L2,Mreduced,R1233ZD(E),HCFO,HMIM,OTF,313.17,0.041,0.044,0.04060961939394474,0.018376946439664515,0.00339038060605526,0.04334108904004097,0.04334108904004097,0.015136556699872017,0.015136556699872017,0.03092246875166893,0.03092246875166893,0.06294192373752594,0.06294192373752594,0.050706058740615845,0.050706058740615845
[hmim]__[OTf]__R1233zd(E)__313.15__0.058,L2,Mreduced,R1233ZD(E),HCFO,HMIM,OTF,313.15,0.058,0.062,0.05112459734082222,0.017597100425941942,0.010875402659177781,0.05346376821398735,0.05346376821398735,0.02590944617986679,0.02590944617986679,0.043513353914022446,0.043513353914022446,0.0724792554974556,0.0724792554974556,0.060257162898778915,0.060257162898778915
[hmim]__[OTf]__R1233zd(E)__313.12__0.075,L2,Mreduced,R1233ZD(E),HCFO,HMIM,OTF,313.12,0.075,0.08,0.06200104206800461,0.016853790460092645,0.017998957931995394,0.06421339511871338,0.06421339511871338,0.03723723068833351,0.03723723068833351,0.056080516427755356,0.056080516427755356,0.08246923238039017,0.08246923238039017,0.07000483572483063,0.07000483572483063
[hmim]__[OTf]__R1233zd(E)__313.13__0.093,L2,Mreduced,R1233ZD(E),HCFO,HMIM,OTF,313.13,0.093,0.099,0.07409289628267288,0.015404526839398365,0.024907103717327128,0.07610659301280975,0.07610659301280975,0.05055191367864609,0.05055191367864609,0.07036001980304718,0.07036001980304718,0.09210780262947083,0.09210780262947083,0.08133815228939056,0.08133815228939056
[hmim]__[OTf]__R1233zd(E)__323.15__0.013,L2,Mreduced,R1233ZD(E),HCFO,HMIM,OTF,323.15,0.013,0.009,0.017240038141608238,0.01883831929065051,0.008240038141608239,0.011978836730122566,0.011978836730122566,-0.0077697038650512695,0.0,0.0009933877736330032,0.0009933877736330032,0.04293762147426605,0.04293762147426605,0.03029034473001957,0.03029034473001957
[hmim]__[OTf]__R1233zd(E)__323.19__0.029,L2,Mreduced,R1233ZD(E),HCFO,HMIM,OTF,323.19,0.029,0.024,0.02383423112332821,0.020600357920977776,0.00016576887667179088,0.02024080976843834,0.02024080976843834,-0.0005166679620742798,0.0,0.010000260546803474,0.010000260546803474,0.050542715936899185,0.050542715936899185,0.038387369364500046,0.038387369364500046
[hmim]__[OTf]__R1233zd(E)__323.18__0.048,L2,Mreduced,R1233ZD(E),HCFO,HMIM,OTF,323.18,0.048,0.042,0.03306179717183113,0.020076242328723792,0.008938202828168873,0.0301839467138052,0.0301839467138052,0.008734263479709625,0.008734263479709625,0.020830338820815086,0.020830338820815086,0.059294443577528,0.059294443577528,0.046265993267297745,0.046265993267297745
[hmim]__[OTf]__R1233zd(E)__323.16__0.067,L2,Mreduced,R1233ZD(E),HCFO,HMIM,OTF,323.16,0.067,0.059,0.042884251475334166,0.019209221964709665,0.01611574852466583,0.04030146077275276,0.04030146077275276,0.01905268058180809,0.01905268058180809,0.03231518343091011,0.03231518343091011,0.06864817440509796,0.06864817440509796,0.05410375818610191,0.05410375818610191
[hmim]__[OTf]__R1233zd(E)__323.15__0.085,L2,Mreduced,R1233ZD(E),HCFO,HMIM,OTF,323.15,0.085,0.076,0.052133838087320326,0.018411782418982697,0.023866161912679672,0.04950037971138954,0.04950037971138954,0.0289715938270092,0.0289715938270092,0.04302956536412239,0.04302956536412239,0.07735101133584976,0.07735101133584976,0.06181664019823074,0.06181664019823074
[hmim]__[OTf]__R1233zd(E)__323.15__0.107,L2,Mreduced,R1233ZD(E),HCFO,HMIM,OTF,323.15,0.107,0.093,0.0634610153734684,0.016704675129798792,0.029538984626531595,0.060506273061037064,0.060506273061037064,0.04158880561590195,0.04158880561590195,0.05687929689884186,0.05687929689884186,0.08596569299697876,0.08596569299697876,0.07236500829458237,0.07236500829458237
[hmim]__[OTf]__R1233zd(E)__333.17__0.016,L2,Mreduced,R1233ZD(E),HCFO,HMIM,OTF,333.17,0.016,0.007,0.014328151568770408,0.018792112474065356,0.007328151568770408,0.0030301902443170547,0.0030301902443170547,-0.01057521253824234,0.0,-0.0027555879205465317,0.0,0.04047644883394241,0.04047644883394241,0.028134118765592575,0.028134118765592575
[hmim]__[OTf]__R1233zd(E)__333.15__0.034,L2,Mreduced,R1233ZD(E),HCFO,HMIM,OTF,333.15,0.034,0.022,0.019967562705278396,0.020346211456757586,0.002032437294721603,0.011052867397665977,0.011052867397665977,-0.0032077841460704803,0.0,0.006183819845318794,0.006183819845318794,0.04752601683139801,0.04752601683139801,0.0350751094520092,0.0350751094520092
[hmim]__[OTf]__R1233zd(E)__333.18__0.055,L2,Mreduced,R1233ZD(E),HCFO,HMIM,OTF,333.18,0.055,0.038,0.02838546335697174,0.020521470462065886,0.009614536643028259,0.020283058285713196,0.020283058285713196,0.005790702998638153,0.005790702998638153,0.016839224845170975,0.016839224845170975,0.05594077333807945,0.05594077333807945,0.04307355731725693,0.04307355731725693
[hmim]__[OTf]__R1233zd(E)__333.17__0.078,L2,Mreduced,R1233ZD(E),HCFO,HMIM,OTF,333.17,0.078,0.054,0.03817864023149013,0.019511735311572367,0.015821359768509867,0.030451787635684013,0.030451787635684013,0.016149360686540604,0.016149360686540604,0.028338614851236343,0.028338614851236343,0.06494392454624176,0.06494392454624176,0.051009513437747955,0.051009513437747955
[hmim]__[OTf]__R1233zd(E)__333.16__0.099,L2,Mreduced,R1233ZD(E),HCFO,HMIM,OTF,333.16,0.099,0.07,0.0469348706305027,0.01806370971886856,0.023065129369497304,0.0395110547542572,0.0395110547542572,0.02556658908724785,0.02556658908724785,0.039628155529499054,0.039628155529499054,0.07163723558187485,0.07163723558187485,0.05833131819963455,0.05833131819963455
[hmim]__[OTf]__R1233zd(E)__333.15__0.122,L2,Mreduced,R1233ZD(E),HCFO,HMIM,OTF,333.15,0.122,0.088,0.05662301927804947,0.016982801533333803,0.031376980721950526,0.049603868275880814,0.049603868275880814,0.03517721965909004,0.03517721965909004,0.05232434719800949,0.05232434719800949,0.07968559861183167,0.07968559861183167,0.06632406264543533,0.06632406264543533
[hmim]__[OTf]__R1233zd(E)__343.15__0.019,L2,Mreduced,R1233ZD(E),HCFO,HMIM,OTF,343.15,0.019,0.006,0.0126380056142807,0.017787416770694914,0.0066380056142807,-0.004176288843154907,0.0,-0.012384556233882904,0.0,-0.0044029634445905685,0.0,0.03741201013326645,0.03741201013326645,0.025778017938137054,0.025778017938137054
[hmim]__[OTf]__R1233zd(E)__343.15__0.039,L2,Mreduced,R1233ZD(E),HCFO,HMIM,OTF,343.15,0.039,0.02,0.016861552745103835,0.020114101195410756,0.0031384472548961657,0.00402810238301754,0.00402810238301754,-0.004894040524959564,0.0,0.0036580953747034073,0.0036580953747034073,0.04442750662565231,0.04442750662565231,0.03219405934214592,0.03219405934214592
[hmim]__[OTf]__R1233zd(E)__343.15__0.064,L2,Mreduced,R1233ZD(E),HCFO,HMIM,OTF,343.15,0.064,0.035,0.025095030665397644,0.020314359034008616,0.00990496933460236,0.014146709814667702,0.014146709814667702,0.004338555037975311,0.004338555037975311,0.014535581693053246,0.014535581693053246,0.05313224345445633,0.05313224345445633,0.03932206332683563,0.03932206332683563
[hmim]__[OTf]__R1233zd(E)__343.15__0.089,L2,Mreduced,R1233ZD(E),HCFO,HMIM,OTF,343.15,0.089,0.05,0.03440734334290028,0.01907431833248221,0.015592656657099725,0.024284832179546356,0.024284832179546356,0.013593431562185287,0.013593431562185287,0.02648480050265789,0.02648480050265789,0.060973282903432846,0.060973282903432846,0.046700369566679,0.046700369566679
[hmim]__[OTf]__R1233zd(E)__343.17__0.113,L2,Mreduced,R1233ZD(E),HCFO,HMIM,OTF,343.17,0.113,0.065,0.04265037477016449,0.017970559354281306,0.02234962522983551,0.03336242213845253,0.03336242213845253,0.021091174334287643,0.021091174334287643,0.038184892386198044,0.038184892386198044,0.06728047132492065,0.06728047132492065,0.05333291366696358,0.05333291366696358
[hmim]__[OTf]__R1233zd(E)__343.15__0.139,L2,Mreduced,R1233ZD(E),HCFO,HMIM,OTF,343.15,0.139,0.081,0.051751204580068585,0.01695213547136162,0.029248795419931417,0.042876385152339935,0.042876385152339935,0.030085310339927673,0.030085310339927673,0.05080758035182953,0.05080758035182953,0.07473229616880417,0.07473229616880417,0.060254450887441635,0.060254450887441635
[hmim]__[PF6]__R1234yf__283.15__0.0506,L2,Mreduced,R1234YF,HFO,HMIM,PF6,283.15,0.0506,0.0224,0.02215408943593502,0.014360068948568849,0.0002459105640649807,0.018195539712905884,0.018195539712905884,0.014319635927677155,0.014319635927677155,0.006982063874602318,0.006982063874602318,0.044413015246391296,0.044413015246391296,0.02686019241809845,0.02686019241809845
[hmim]__[PF6]__R1234yf__283.15__0.0923,L2,Mreduced,R1234YF,HFO,HMIM,PF6,283.15,0.0923,0.0408,0.041634867712855336,0.01186135354874958,0.0008348677128553333,0.04400414973497391,0.04400414973497391,0.035959646105766296,0.035959646105766296,0.026330998167395592,0.026330998167395592,0.05860704928636551,0.05860704928636551,0.04327249526977539,0.04327249526977539
[hmim]__[PF6]__R1234yf__283.15__0.134,L2,Mreduced,R1234YF,HFO,HMIM,PF6,283.15,0.134,0.0604,0.061555803567171094,0.01062677199655304,0.0011558035671710917,0.07253476977348328,0.07253476977348328,0.0576818510890007,0.0576818510890007,0.04669902101159096,0.04669902101159096,0.0711500346660614,0.0711500346660614,0.05971334129571915,0.05971334129571915
[hmim]__[PF6]__R1234yf__283.15__0.177,L2,Mreduced,R1234YF,HFO,HMIM,PF6,283.15,0.177,0.0798,0.08296853750944137,0.012778965885815667,0.003168537509441377,0.10408830642700195,0.10408830642700195,0.07827850431203842,0.07827850431203842,0.0700390636920929,0.0700390636920929,0.08365455269813538,0.08365455269813538,0.07878226041793823,0.07878226041793823
[hmim]__[PF6]__R1234yf__283.15__0.2172,L2,Mreduced,R1234YF,HFO,HMIM,PF6,283.15,0.2172,0.098,0.10452901273965835,0.016375467383551764,0.006529012739658349,0.133814737200737,0.133814737200737,0.096934475004673,0.096934475004673,0.09683358669281006,0.09683358669281006,0.09727342426776886,0.09727342426776886,0.09778884053230286,0.09778884053230286
[hmim]__[PF6]__R1234yf__283.15__0.2538,L2,Mreduced,R1234YF,HFO,HMIM,PF6,283.15,0.2538,0.1174,0.1267996609210968,0.021260892733832214,0.009399660921096786,0.1641898900270462,0.1641898900270462,0.11664994060993195,0.11664994060993195,0.12369896471500397,0.12369896471500397,0.11298668384552002,0.11298668384552002,0.11647282540798187,0.11647282540798187
[hmim]__[PF6]__R1234yf__283.15__0.298,L2,Mreduced,R1234YF,HFO,HMIM,PF6,283.15,0.298,0.1366,0.15780824720859526,0.02725461364224357,0.021208247208595266,0.20391516387462616,0.20391516387462616,0.1451283097267151,0.1451283097267151,0.160783588886261,0.160783588886261,0.13703705370426178,0.13703705370426178,0.14217711985111237,0.14217711985111237
[hmim]__[PF6]__R1234yf__293.15__0.0583,L2,Mreduced,R1234YF,HFO,HMIM,PF6,293.15,0.0583,0.02,0.017183230072259904,0.016694385665591213,0.0028167699277400968,0.005202753469347954,0.005202753469347954,0.005482088774442673,0.005482088774442673,0.0064615532755851746,0.0064615532755851746,0.042372800409793854,0.042372800409793854,0.02639695443212986,0.02639695443212986
[hmim]__[PF6]__R1234yf__293.15__0.1052,L2,Mreduced,R1234YF,HFO,HMIM,PF6,293.15,0.1052,0.0357,0.034856316074728964,0.013115906596423565,0.0008436839252710382,0.02706977352499962,0.02706977352499962,0.02559611201286316,0.02559611201286316,0.02552885375916958,0.02552885375916958,0.055355239659547806,0.055355239659547806,0.04073160141706467,0.04073160141706467
[hmim]__[PF6]__R1234yf__293.15__0.1508,L2,Mreduced,R1234YF,HFO,HMIM,PF6,293.15,0.1508,0.0518,0.05155187919735908,0.008953301950950225,0.0002481208026409165,0.050761446356773376,0.050761446356773376,0.04400099813938141,0.04400099813938141,0.04304168000817299,0.04304168000817299,0.06490691751241684,0.06490691751241684,0.05504835397005081,0.05504835397005081
[hmim]__[PF6]__R1234yf__293.15__0.1985,L2,Mreduced,R1234YF,HFO,HMIM,PF6,293.15,0.1985,0.0676,0.0693205401301384,0.007862762202494308,0.0017205401301384066,0.07762609422206879,0.07762609422206879,0.060964711010456085,0.060964711010456085,0.06137016415596008,0.06137016415596008,0.07589732855558395,0.07589732855558395,0.07074440270662308,0.07074440270662308
[hmim]__[PF6]__R1234yf__293.15__0.2427,L2,Mreduced,R1234YF,HFO,HMIM,PF6,293.15,0.2427,0.0826,0.08646516650915145,0.01046442776831106,0.0038651665091514464,0.10388711094856262,0.10388711094856262,0.07677711546421051,0.07677711546421051,0.08017327636480331,0.08017327636480331,0.0858030915260315,0.0858030915260315,0.08568523824214935,0.08568523824214935
[hmim]__[PF6]__R1234yf__293.15__0.2815,L2,Mreduced,R1234YF,HFO,HMIM,PF6,293.15,0.2815,0.0983,0.10147969722747803,0.014769552211922762,0.0031796972274780316,0.12743251025676727,0.12743251025676727,0.09044327586889267,0.09044327586889267,0.09683585166931152,0.09683585166931152,0.09514348953962326,0.09514348953962326,0.09754335880279541,0.09754335880279541
[hmim]__[PF6]__R1234yf__293.15__0.3359,L2,Mreduced,R1234YF,HFO,HMIM,PF6,293.15,0.3359,0.1146,0.1251305505633354,0.02287454868960639,0.01053055056333542,0.16501496732234955,0.16501496732234955,0.1108410432934761,0.1108410432934761,0.1228572353720665,0.1228572353720665,0.11023657768964767,0.11023657768964767,0.11670292913913727,0.11670292913913727
[hmim]__[PF6]__R1234yf__303.15__0.0641,L2,Mreduced,R1234YF,HFO,HMIM,PF6,303.15,0.0641,0.0174,0.016055435873568058,0.016377919073439322,0.0013445641264319408,0.0026445938274264336,0.0026445938274264336,0.0029668807983398438,0.0029668807983398438,0.008678438141942024,0.008678438141942024,0.039833180606365204,0.039833180606365204,0.026154085993766785,0.026154085993766785
[hmim]__[PF6]__R1234yf__303.15__0.1154,L2,Mreduced,R1234YF,HFO,HMIM,PF6,303.15,0.1154,0.0318,0.031112471595406532,0.013147013575272128,0.0006875284045934696,0.02143261209130287,0.02143261209130287,0.018772680312395096,0.018772680312395096,0.02618575654923916,0.02618575654923916,0.04997452720999718,0.04997452720999718,0.03919678181409836,0.03919678181409836
[hmim]__[PF6]__R1234yf__303.15__0.1685,L2,Mreduced,R1234YF,HFO,HMIM,PF6,303.15,0.1685,0.0461,0.04574488028883934,0.009703543724304618,0.0003551197111606591,0.03979416564106941,0.03979416564106941,0.03519909456372261,0.03519909456372261,0.04254205897450447,0.04254205897450447,0.05918067693710327,0.05918067693710327,0.052008405327796936,0.052008405327796936
[hmim]__[PF6]__R1234yf__303.15__0.2206,L2,Mreduced,R1234YF,HFO,HMIM,PF6,303.15,0.2206,0.0606,0.06046224236488342,0.007013440253695524,0.00013775763511657962,0.06105395779013634,0.06105395779013634,0.05101998895406723,0.05101998895406723,0.05639958009123802,0.05639958009123802,0.06883802264928818,0.06883802264928818,0.06499966233968735,0.06499966233968735
[hmim]__[PF6]__R1234yf__303.15__0.2676,L2,Mreduced,R1234YF,HFO,HMIM,PF6,303.15,0.2676,0.0729,0.07401138246059417,0.007841005394545617,0.001111382460594168,0.08449099957942963,0.08449099957942963,0.0637843906879425,0.0637843906879425,0.06936207413673401,0.06936207413673401,0.07654902338981628,0.07654902338981628,0.07587042450904846,0.07587042450904846
[hmim]__[PF6]__R1234yf__303.15__0.3171,L2,Mreduced,R1234YF,HFO,HMIM,PF6,303.15,0.3171,0.0871,0.08859947919845582,0.012267842002476447,0.0014994791984558192,0.10922430455684662,0.10922430455684662,0.07635851204395294,0.07635851204395294,0.08440552651882172,0.08440552651882172,0.08605275303125381,0.08605275303125381,0.08695629984140396,0.08695629984140396
[hmim]__[PF6]__R1234yf__303.15__0.365,L2,Mreduced,R1234YF,HFO,HMIM,PF6,303.15,0.365,0.0992,0.10241404324769973,0.01778616836564517,0.0032140432476997355,0.13307350873947144,0.13307350873947144,0.0871845930814743,0.0871845930814743,0.09953401982784271,0.09953401982784271,0.09434928745031357,0.09434928745031357,0.09792880713939667,0.09792880713939667
[hmim]__[PF6]__R1234yf__313.15__0.0698,L2,Mreduced,R1234YF,HFO,HMIM,PF6,313.15,0.0698,0.0154,0.01648041382431984,0.01613952339899508,0.0010804138243198404,0.0038580987602472305,0.0038580987602472305,0.00209759920835495,0.00209759920835495,0.010859508067369461,0.010859508067369461,0.0402742400765419,0.0402742400765419,0.025312623009085655,0.025312623009085655
[hmim]__[PF6]__R1234yf__313.15__0.1266,L2,Mreduced,R1234YF,HFO,HMIM,PF6,313.15,0.1266,0.0278,0.029894277825951575,0.012380544616174473,0.0020942778259515765,0.022630568593740463,0.022630568593740463,0.015750015154480934,0.015750015154480934,0.027250103652477264,0.027250103652477264,0.04757921025156975,0.04757921025156975,0.03626149147748947,0.03626149147748947
[hmim]__[PF6]__R1234yf__313.15__0.1795,L2,Mreduced,R1234YF,HFO,HMIM,PF6,313.15,0.1795,0.0396,0.041284718364477155,0.009972624512544532,0.0016847183644771516,0.03738369792699814,0.03738369792699814,0.027833670377731323,0.027833670377731323,0.04083871468901634,0.04083871468901634,0.05482485890388489,0.05482485890388489,0.045542649924755096,0.045542649924755096
[hmim]__[PF6]__R1234yf__313.15__0.2297,L2,Mreduced,R1234YF,HFO,HMIM,PF6,313.15,0.2297,0.0503,0.0514111652970314,0.007743535133102675,0.0011111652970314037,0.05189305171370506,0.05189305171370506,0.03913838416337967,0.03913838416337967,0.05104018747806549,0.05104018747806549,0.060221824795007706,0.060221824795007706,0.054762378334999084,0.054762378334999084
[hmim]__[PF6]__R1234yf__313.15__0.2813,L2,Mreduced,R1234YF,HFO,HMIM,PF6,313.15,0.2813,0.0611,0.06252372711896896,0.007481937955252428,0.0014237271189689593,0.0692414715886116,0.0692414715886116,0.05017835646867752,0.05017835646867752,0.06131700426340103,0.06131700426340103,0.06682717800140381,0.06682717800140381,0.06505462527275085,0.06505462527275085
[hmim]__[PF6]__R1234yf__313.15__0.3339,L2,Mreduced,R1234YF,HFO,HMIM,PF6,313.15,0.3339,0.0722,0.07343043908476829,0.009507779837275408,0.0012304390847682894,0.08712062239646912,0.08712062239646912,0.0606558658182621,0.0606558658182621,0.07055863738059998,0.07055863738059998,0.07376819103956223,0.07376819103956223,0.07504887878894806,0.07504887878894806
[hmim]__[PF6]__R1234yf__313.15__0.3845,L2,Mreduced,R1234YF,HFO,HMIM,PF6,313.15,0.3845,0.0827,0.08341446071863175,0.013058805808351674,0.0007144607186317514,0.10490396618843079,0.10490396618843079,0.06942101567983627,0.06942101567983627,0.08000849932432175,0.08000849932432175,0.07986122369766235,0.07986122369766235,0.08287759870290756,0.08287759870290756
[hmim]__[PF6]__R1234yf__323.15__0.0765,L2,Mreduced,R1234YF,HFO,HMIM,PF6,323.15,0.0765,0.0134,0.016672338359057903,0.015056727562181299,0.003272338359057903,0.007087782956659794,0.007087782956659794,0.0011126063764095306,0.0011126063764095306,0.012849556282162666,0.012849556282162666,0.03948329761624336,0.03948329761624336,0.022828448563814163,0.022828448563814163
[hmim]__[PF6]__R1234yf__323.15__0.132,L2,Mreduced,R1234YF,HFO,HMIM,PF6,323.15,0.132,0.0235,0.027551157400012016,0.012322643204241684,0.004051157400012016,0.022450407966971397,0.022450407966971397,0.011781901121139526,0.011781901121139526,0.026805825531482697,0.026805825531482697,0.0453779473900795,0.0453779473900795,0.03133970499038696,0.03133970499038696
[hmim]__[PF6]__R1234yf__323.15__0.1845,L2,Mreduced,R1234YF,HFO,HMIM,PF6,323.15,0.1845,0.0334,0.036706817150115964,0.01053452604402986,0.003306817150115965,0.03626476973295212,0.03626476973295212,0.021139860153198242,0.021139860153198242,0.03746611624956131,0.03746611624956131,0.05083267390727997,0.05083267390727997,0.037830665707588196,0.037830665707588196
[hmim]__[PF6]__R1234yf__323.15__0.2401,L2,Mreduced,R1234YF,HFO,HMIM,PF6,323.15,0.2401,0.043,0.04516828134655952,0.008631639087196986,0.002168281346559525,0.049155719578266144,0.049155719578266144,0.03101109340786934,0.03101109340786934,0.04665640369057655,0.04665640369057655,0.05408049002289772,0.05408049002289772,0.044937700033187866,0.044937700033187866
[hmim]__[PF6]__R1234yf__323.15__0.2945,L2,Mreduced,R1234YF,HFO,HMIM,PF6,323.15,0.2945,0.0513,0.0534520260989666,0.008081981510806698,0.0021520260989666,0.06170037016272545,0.06170037016272545,0.040260523557662964,0.040260523557662964,0.05378840118646622,0.05378840118646622,0.057816777378320694,0.057816777378320694,0.05369405820965767,0.05369405820965767
[hmim]__[PF6]__R1234yf__323.15__0.3497,L2,Mreduced,R1234YF,HFO,HMIM,PF6,323.15,0.3497,0.0612,0.06119069159030914,0.008824852270151898,9.308409690857167e-06,0.07218988239765167,0.07218988239765167,0.04763229191303253,0.04763229191303253,0.06040555238723755,0.06040555238723755,0.06236743927001953,0.06236743927001953,0.06335829198360443,0.06335829198360443
[hmim]__[PF6]__R1234yf__323.15__0.4031,L2,Mreduced,R1234YF,HFO,HMIM,PF6,323.15,0.4031,0.0698,0.06840127184987069,0.010860912444324178,0.0013987281501293136,0.08500054478645325,0.08500054478645325,0.054967250674963,0.054967250674963,0.06530606746673584,0.06530606746673584,0.06659902632236481,0.06659902632236481,0.07013346999883652,0.07013346999883652
[hmim]__[PF6]__R1234yf__333.15__0.0779,L2,Mreduced,R1234YF,HFO,HMIM,PF6,333.15,0.0779,0.0116,0.014408832043409347,0.013979770587670593,0.002808832043409348,0.005550621077418327,0.005550621077418327,-0.0009720921516418457,0.0,0.01179213635623455,0.01179213635623455,0.03612060844898224,0.03612060844898224,0.01858079433441162,0.01858079433441162
[hmim]__[PF6]__R1234yf__333.15__0.1341,L2,Mreduced,R1234YF,HFO,HMIM,PF6,333.15,0.1341,0.0203,0.024062519520521165,0.012077509090014779,0.0037625195205211667,0.019598711282014847,0.019598711282014847,0.008536875247955322,0.008536875247955322,0.024194587022066116,0.024194587022066116,0.041906967759132385,0.041906967759132385,0.02607545629143715,0.02607545629143715
[hmim]__[PF6]__R1234yf__333.15__0.192,L2,Mreduced,R1234YF,HFO,HMIM,PF6,333.15,0.192,0.0291,0.03216868937015534,0.01036622583559743,0.0030686893701553364,0.03296516835689545,0.03296516835689545,0.016656819730997086,0.016656819730997086,0.034010693430900574,0.034010693430900574,0.04575825110077858,0.04575825110077858,0.03145251423120499,0.03145251423120499
[hmim]__[PF6]__R1234yf__333.15__0.2502,L2,Mreduced,R1234YF,HFO,HMIM,PF6,333.15,0.2502,0.0369,0.0392377357929945,0.009240576501125544,0.002337735792994497,0.044217709451913834,0.044217709451913834,0.024413710460066795,0.024413710460066795,0.04194090515375137,0.04194090515375137,0.048473771661520004,0.048473771661520004,0.03714258223772049,0.03714258223772049
[hmim]__[PF6]__R1234yf__333.15__0.3069,L2,Mreduced,R1234YF,HFO,HMIM,PF6,333.15,0.3069,0.0447,0.045380910485982896,0.008788130049394823,0.0006809104859828996,0.05363261327147484,0.05363261327147484,0.03118985891342163,0.03118985891342163,0.04753828048706055,0.04753828048706055,0.05098959058523178,0.05098959058523178,0.04355420917272568,0.04355420917272568
[hmim]__[PF6]__R1234yf__333.15__0.3648,L2,Mreduced,R1234YF,HFO,HMIM,PF6,333.15,0.3648,0.0528,0.051891154050827025,0.009172891971796708,0.0009088459491729747,0.06270332634449005,0.06270332634449005,0.03729890286922455,0.03729890286922455,0.053315676748752594,0.053315676748752594,0.05405059829354286,0.05405059829354286,0.052087265998125076,0.052087265998125076
[hmim]__[PF6]__R1234yf__333.15__0.4208,L2,Mreduced,R1234YF,HFO,HMIM,PF6,333.15,0.4208,0.0603,0.057466039806604384,0.009872317834409646,0.0028339601933956154,0.0714782178401947,0.0714782178401947,0.04356207698583603,0.04356207698583603,0.05708441138267517,0.05708441138267517,0.05765889212489128,0.05765889212489128,0.057546600699424744,0.057546600699424744
[hmim]__[PF6]__R1234yf__343.15__0.0801,L2,Mreduced,R1234YF,HFO,HMIM,PF6,343.15,0.0801,0.01,0.011469181999564171,0.013077442004157806,0.001469181999564171,0.0007506180554628372,0.0007506180554628372,-0.0032519064843654633,0.0,0.009878549724817276,0.009878549724817276,0.032087989151477814,0.032087989151477814,0.014628753066062927,0.014628753066062927
[hmim]__[PF6]__R1234yf__343.15__0.1362,L2,Mreduced,R1234YF,HFO,HMIM,PF6,343.15,0.1362,0.0173,0.019485700502991678,0.012305711831501536,0.0021857005029916783,0.013092122972011566,0.013092122972011566,0.004610933363437653,0.004610933363437653,0.02076374925673008,0.02076374925673008,0.03791133686900139,0.03791133686900139,0.021050360053777695,0.021050360053777695
[hmim]__[PF6]__R1234yf__343.15__0.1997,L2,Mreduced,R1234YF,HFO,HMIM,PF6,343.15,0.1997,0.0245,0.027030429989099502,0.010607200987591606,0.002530429989099501,0.025568731129169464,0.025568731129169464,0.012062851339578629,0.012062851339578629,0.029917940497398376,0.029917940497398376,0.04167082533240318,0.04167082533240318,0.02593180164694786,0.02593180164694786
[hmim]__[PF6]__R1234yf__343.15__0.2602,L2,Mreduced,R1234YF,HFO,HMIM,PF6,343.15,0.2602,0.0314,0.033291274681687355,0.009331352606059592,0.0018912746816873577,0.03715696558356285,0.03715696558356285,0.018843142315745354,0.018843142315745354,0.036510080099105835,0.036510080099105835,0.04357355460524559,0.04357355460524559,0.030372630804777145,0.030372630804777145
[hmim]__[PF6]__R1234yf__343.15__0.3123,L2,Mreduced,R1234YF,HFO,HMIM,PF6,343.15,0.3123,0.038,0.03817490413784981,0.00882647058742888,0.00017490413784981146,0.04435684531927109,0.04435684531927109,0.024049047380685806,0.024049047380685806,0.04138684272766113,0.04138684272766113,0.04565742239356041,0.04565742239356041,0.0354243628680706,0.0354243628680706
[hmim]__[PF6]__R1234yf__343.15__0.3719,L2,Mreduced,R1234YF,HFO,HMIM,PF6,343.15,0.3719,0.0448,0.04380946792662144,0.008863434739961084,0.0009905320733785625,0.05291430652141571,0.05291430652141571,0.02955382503569126,0.02955382503569126,0.04670177400112152,0.04670177400112152,0.04787168651819229,0.04787168651819229,0.0420057475566864,0.0420057475566864
[hmim]__[PF6]__R1234yf__343.15__0.4303,L2,Mreduced,R1234YF,HFO,HMIM,PF6,343.15,0.4303,0.0517,0.04878928437829018,0.009291149705205564,0.0029107156217098237,0.06002535670995712,0.06002535670995712,0.034403130412101746,0.034403130412101746,0.050988391041755676,0.050988391041755676,0.05110906809568405,0.05110906809568405,0.047420475631952286,0.047420475631952286
[hmim]__[PF6]__R1234yf__303.08__0.138,L2,Mreduced,R1234YF,HFO,HMIM,PF6,303.08,0.138,0.031,0.0376057043671608,0.01150036951091565,0.006605704367160799,0.029694877564907074,0.029694877564907074,0.02599962428212166,0.02599962428212166,0.0338805690407753,0.0338805690407753,0.05411440506577492,0.05411440506577492,0.04433904588222504,0.04433904588222504
[hmim]__[PF6]__R1234yf__303.08__0.2,L2,Mreduced,R1234YF,HFO,HMIM,PF6,303.08,0.2,0.045,0.05464640110731125,0.008048516283893602,0.009646401107311249,0.05182914063334465,0.05182914063334465,0.04499080777168274,0.04499080777168274,0.05093499645590782,0.05093499645590782,0.06530829519033432,0.06530829519033432,0.06016876548528671,0.06016876548528671
[hmim]__[PF6]__R1234yf__303.12__0.287,L2,Mreduced,R1234YF,HFO,HMIM,PF6,303.12,0.287,0.067,0.07973560243844986,0.009342512466641016,0.012735602438449858,0.09414039552211761,0.09414039552211761,0.06875784695148468,0.06875784695148468,0.07520688325166702,0.07520688325166702,0.08023730665445328,0.08023730665445328,0.0803355798125267,0.0803355798125267
[hmim]__[PF6]__R1234yf__303.05__0.399,L2,Mreduced,R1234YF,HFO,HMIM,PF6,303.05,0.399,0.097,0.1126056045293808,0.021850541290119145,0.015605604529380798,0.1503138691186905,0.1503138691186905,0.09496332705020905,0.09496332705020905,0.11013580858707428,0.11013580858707428,0.101004958152771,0.101004958152771,0.10661005973815918,0.10661005973815918
[hmim]__[PF6]__R1234yf__303.37__0.548,L2,Mreduced,R1234YF,HFO,HMIM,PF6,303.37,0.548,0.138,0.1662005066871643,0.03741414527966679,0.028200506687164284,0.22858674824237823,0.22858674824237823,0.14256909489631653,0.14256909489631653,0.17285385727882385,0.17285385727882385,0.13743144273757935,0.13743144273757935,0.14956139028072357,0.14956139028072357
[hmim]__[PF6]__R1234yf__313.24__0.147,L2,Mreduced,R1234YF,HFO,HMIM,PF6,313.24,0.147,0.027,0.03450070358812809,0.011325336415316712,0.007500703588128089,0.02856111340224743,0.02856111340224743,0.02054443582892418,0.02054443582892418,0.03314840793609619,0.03314840793609619,0.05038909986615181,0.05038909986615181,0.03986046090722084,0.03986046090722084
[hmim]__[PF6]__R1234yf__313.15__0.214,L2,Mreduced,R1234YF,HFO,HMIM,PF6,313.15,0.214,0.038,0.048223628848791125,0.008350271305942476,0.010223628848791126,0.04738914221525192,0.04738914221525192,0.035648640245199203,0.035648640245199203,0.047755517065525055,0.047755517065525055,0.05859524756669998,0.05859524756669998,0.05172959715127945,0.05172959715127945
[hmim]__[PF6]__R1234yf__313.14__0.308,L2,Mreduced,R1234YF,HFO,HMIM,PF6,313.14,0.308,0.057,0.06805400773882866,0.00828298592050382,0.011054007738828663,0.07816874980926514,0.07816874980926514,0.055499013513326645,0.055499013513326645,0.06597945094108582,0.06597945094108582,0.0703112781047821,0.0703112781047821,0.0703115463256836,0.0703115463256836
[hmim]__[PF6]__R1234yf__313.12__0.431,L2,Mreduced,R1234YF,HFO,HMIM,PF6,313.12,0.431,0.081,0.09279962331056595,0.01705514529562931,0.011799623310565943,0.12177576124668121,0.12177576124668121,0.07700274884700775,0.07700274884700775,0.0891384407877922,0.0891384407877922,0.08524300158023834,0.08524300158023834,0.09083816409111023,0.09083816409111023
[hmim]__[PF6]__R1234yf__313.18__0.594,L2,Mreduced,R1234YF,HFO,HMIM,PF6,313.18,0.594,0.114,0.1321740373969078,0.030368574969102828,0.018174037396907802,0.18347124755382538,0.18347124755382538,0.11066451668739319,0.11066451668739319,0.13440684974193573,0.13440684974193573,0.10994701832532883,0.10994701832532883,0.12238055467605591,0.12238055467605591
[hmim]__[PF6]__R1234yf__323.25__0.156,L2,Mreduced,R1234YF,HFO,HMIM,PF6,323.25,0.156,0.022,0.03170440681278706,0.011328333597107077,0.009704406812787059,0.02857845649123192,0.02857845649123192,0.016043582931160927,0.016043582931160927,0.03198901191353798,0.03198901191353798,0.04755266755819321,0.04755266755819321,0.03435831516981125,0.03435831516981125
[hmim]__[PF6]__R1234yf__323.16__0.228,L2,Mreduced,R1234YF,HFO,HMIM,PF6,323.16,0.228,0.032,0.043384718522429463,0.009000439238655419,0.011384718522429463,0.04645342379808426,0.04645342379808426,0.028919467702507973,0.028919467702507973,0.04478233680129051,0.04478233680129051,0.053552769124507904,0.053552769124507904,0.04321559518575668,0.04321559518575668
[hmim]__[PF6]__R1234yf__323.14__0.328,L2,Mreduced,R1234YF,HFO,HMIM,PF6,323.14,0.328,0.048,0.05817985460162163,0.00857594810263836,0.01017985460162163,0.06825017929077148,0.06825017929077148,0.044589027762413025,0.044589027762413025,0.05782810598611832,0.05782810598611832,0.06058748811483383,0.06058748811483383,0.05964447185397148,0.05964447185397148
[hmim]__[PF6]__R1234yf__323.11__0.46,L2,Mreduced,R1234YF,HFO,HMIM,PF6,323.11,0.46,0.068,0.0763109266757965,0.013301935985281368,0.008310926675796498,0.09838412702083588,0.09838412702083588,0.06302859634160995,0.06302859634160995,0.07229939103126526,0.07229939103126526,0.07103975862264633,0.07103975862264633,0.07680276036262512,0.07680276036262512
[hmim]__[PF6]__R1234yf__323.19__0.638,L2,Mreduced,R1234YF,HFO,HMIM,PF6,323.19,0.638,0.094,0.10581799745559692,0.024100737973299625,0.011817997455596918,0.14599332213401794,0.14599332213401794,0.08661021292209625,0.08661021292209625,0.10708066821098328,0.10708066821098328,0.08793158829212189,0.08793158829212189,0.10147419571876526,0.10147419571876526
[hmim]__[PF6]__R1234yf__333.25__0.166,L2,Mreduced,R1234YF,HFO,HMIM,PF6,333.25,0.166,0.018,0.02861945442855358,0.011165192353194872,0.010619454428553582,0.027284864336252213,0.027284864336252213,0.012784039601683617,0.012784039601683617,0.029628679156303406,0.029628679156303406,0.0442662388086319,0.0442662388086319,0.029133450239896774,0.029133450239896774
[hmim]__[PF6]__R1234yf__333.18__0.24,L2,Mreduced,R1234YF,HFO,HMIM,PF6,333.18,0.24,0.027,0.038008596003055575,0.009380307603223248,0.011008596003055576,0.042164355516433716,0.042164355516433716,0.02306000515818596,0.02306000515818596,0.040739789605140686,0.040739789605140686,0.048009153455495834,0.048009153455495834,0.03606967628002167,0.03606967628002167
[hmim]__[PF6]__R1234yf__333.14__0.346,L2,Mreduced,R1234YF,HFO,HMIM,PF6,333.14,0.346,0.041,0.04987370669841766,0.00908587633424573,0.008873706698417659,0.06014927104115486,0.06014927104115486,0.03530723974108696,0.03530723974108696,0.05163745582103729,0.05163745582103729,0.05288933217525482,0.05288933217525482,0.04938523471355438,0.04938523471355438
[hmim]__[PF6]__R1234yf__333.17__0.488,L2,Mreduced,R1234YF,HFO,HMIM,PF6,333.17,0.488,0.057,0.06394742429256439,0.010861284368881929,0.00694742429256439,0.08128178119659424,0.08128178119659424,0.051199086010456085,0.051199086010456085,0.06168794631958008,0.06168794631958008,0.06205672770738602,0.06205672770738602,0.06351158022880554,0.06351158022880554
[hmim]__[PF6]__R1234yf__333.18__0.678,L2,Mreduced,R1234YF,HFO,HMIM,PF6,333.18,0.678,0.079,0.08622815310955048,0.018880152052161345,0.007228153109550481,0.11857101321220398,0.11857101321220398,0.07150907814502716,0.07150907814502716,0.08421706408262253,0.08421706408262253,0.07410867512226105,0.07410867512226105,0.08273493498563766,0.08273493498563766
[hmim]__[PF6]__R1234yf__343.25__0.174,L2,Mreduced,R1234YF,HFO,HMIM,PF6,343.25,0.174,0.015,0.02418135739862919,0.011377505107691858,0.00918135739862919,0.02063080109655857,0.02063080109655857,0.008774608373641968,0.008774608373641968,0.02669166401028633,0.02669166401028633,0.040350377559661865,0.040350377559661865,0.024459335952997208,0.024459335952997208
[hmim]__[PF6]__R1234yf__343.21__0.252,L2,Mreduced,R1234YF,HFO,HMIM,PF6,343.21,0.252,0.023,0.03245188780128956,0.009455349610044376,0.009451887801289562,0.035698339343070984,0.035698339343070984,0.017959581688046455,0.017959581688046455,0.03567759692668915,0.03567759692668915,0.04333515465259552,0.04333515465259552,0.029588766396045685,0.029588766396045685
[hmim]__[PF6]__R1234yf__343.15__0.364,L2,Mreduced,R1234YF,HFO,HMIM,PF6,343.15,0.364,0.035,0.043101979047060014,0.008883755188094403,0.008101979047060011,0.051851678639650345,0.051851678639650345,0.028769411146640778,0.028769411146640778,0.04619602859020233,0.04619602859020233,0.047589413821697235,0.047589413821697235,0.041103363037109375,0.041103363037109375
[hmim]__[PF6]__R1234yf__343.19__0.513,L2,Mreduced,R1234YF,HFO,HMIM,PF6,343.19,0.513,0.049,0.05461302176117897,0.009562926592028918,0.00561302176117897,0.0681789219379425,0.0681789219379425,0.04132018983364105,0.04132018983364105,0.055464036762714386,0.055464036762714386,0.05541282147169113,0.05541282147169113,0.05268913879990578,0.05268913879990578
[hmim]__[PF6]__R1234yf__343.22__0.711,L2,Mreduced,R1234YF,HFO,HMIM,PF6,343.22,0.711,0.072,0.07169924974441529,0.014127788418534378,0.0003007502555847086,0.09634126722812653,0.09634126722812653,0.060996077954769135,0.060996077954769135,0.06946838647127151,0.06946838647127151,0.06460519134998322,0.06460519134998322,0.06708532571792603,0.06708532571792603
[hmim]__[PF6]__R1234yf__353.27__0.182,L2,Mreduced,R1234YF,HFO,HMIM,PF6,353.27,0.182,0.012,0.019462076760828496,0.011858217500996679,0.0074620767608284955,0.012931899167597294,0.012931899167597294,0.00500999391078949,0.00500999391078949,0.022474784404039383,0.022474784404039383,0.03682642802596092,0.03682642802596092,0.020067278295755386,0.020067278295755386
[hmim]__[PF6]__R1234yf__353.22__0.264,L2,Mreduced,R1234YF,HFO,HMIM,PF6,353.22,0.264,0.019,0.027015554159879683,0.009728293033919564,0.008015554159879684,0.02689255215227604,0.02689255215227604,0.013018626719713211,0.013018626719713211,0.03116484545171261,0.03116484545171261,0.03960699588060379,0.03960699588060379,0.024394750595092773,0.024394750595092773
[hmim]__[PF6]__R1234yf__353.18__0.381,L2,Mreduced,R1234YF,HFO,HMIM,PF6,353.18,0.381,0.03,0.036985563859343526,0.008439911248724733,0.006985563859343527,0.041394829750061035,0.041394829750061035,0.023281825706362724,0.023281825706362724,0.04258524999022484,0.04258524999022484,0.04327773675322533,0.04327773675322533,0.03438817709684372,0.03438817709684372
[hmim]__[PF6]__R1234yf__353.2__0.538,L2,Mreduced,R1234YF,HFO,HMIM,PF6,353.2,0.538,0.043,0.04745542705059051,0.009281053992536288,0.004455427050590516,0.058502282947301865,0.058502282947301865,0.03335520252585411,0.03335520252585411,0.050282206386327744,0.050282206386327744,0.0503692701458931,0.0503692701458931,0.04476817324757576,0.04476817324757576
[hmim]__[PF6]__R1234yf__353.22__0.747,L2,Mreduced,R1234YF,HFO,HMIM,PF6,353.22,0.747,0.063,0.061145433038473126,0.01082887443297957,0.001854566961526874,0.07995493710041046,0.07995493710041046,0.053686950355768204,0.053686950355768204,0.060541510581970215,0.060541510581970215,0.056642770767211914,0.056642770767211914,0.05490099638700485,0.05490099638700485
[hmim]__[PF6]__R1234ze(E)__283.15__0.0847,L2,Mreduced,R1234ZE(E),HFO,HMIM,PF6,283.15,0.0847,0.1078,0.08316632509231567,0.013558846722426342,0.02463367490768434,0.10375195741653442,0.10375195741653442,0.07034146040678024,0.07034146040678024,0.07583539932966232,0.07583539932966232,0.08978108316659927,0.08978108316659927,0.0761217251420021,0.0761217251420021
[hmim]__[PF6]__R1234ze(E)__283.15__0.1228,L2,Mreduced,R1234ZE(E),HFO,HMIM,PF6,283.15,0.1228,0.1578,0.12034082412719727,0.015542464641770656,0.03745917587280273,0.14591988921165466,0.14591988921165466,0.10824691504240036,0.10824691504240036,0.11933111399412155,0.11933111399412155,0.12069414556026459,0.12069414556026459,0.10751205682754517,0.10751205682754517
[hmim]__[PF6]__R1234ze(E)__283.15__0.1569,L2,Mreduced,R1234ZE(E),HFO,HMIM,PF6,283.15,0.1569,0.2072,0.1583130806684494,0.017568998908303997,0.04888691933155059,0.18618789315223694,0.18618789315223694,0.14825624227523804,0.14825624227523804,0.16419805586338043,0.16419805586338043,0.15098851919174194,0.15098851919174194,0.14193469285964966,0.14193469285964966
[hmim]__[PF6]__R1234ze(E)__283.15__0.1881,L2,Mreduced,R1234ZE(E),HFO,HMIM,PF6,283.15,0.1881,0.2552,0.19749891757965088,0.019764117593377727,0.057701082420349104,0.2252093106508255,0.2252093106508255,0.1885739415884018,0.1885739415884018,0.21084362268447876,0.21084362268447876,0.18465152382850647,0.18465152382850647,0.17821618914604187,0.17821618914604187
[hmim]__[PF6]__R1234ze(E)__283.15__0.2192,L2,Mreduced,R1234ZE(E),HFO,HMIM,PF6,283.15,0.2192,0.3015,0.2409832864999771,0.02117847654953944,0.060516713500022884,0.2657585144042969,0.2657585144042969,0.23383580148220062,0.23383580148220062,0.2611313760280609,0.2611313760280609,0.22430452704429626,0.22430452704429626,0.21988621354103088,0.21988621354103088
[hmim]__[PF6]__R1234ze(E)__283.15__0.2464,L2,Mreduced,R1234ZE(E),HFO,HMIM,PF6,283.15,0.2464,0.3472,0.28097771406173705,0.0200041416368893,0.06622228593826296,0.30086052417755127,0.30086052417755127,0.27573704719543457,0.27573704719543457,0.3032417893409729,0.3032417893409729,0.2632823884487152,0.2632823884487152,0.26176682114601135,0.26176682114601135
[hmim]__[PF6]__R1234ze(E)__293.15__0.0939,L2,Mreduced,R1234ZE(E),HFO,HMIM,PF6,293.15,0.0939,0.0905,0.06210234239697456,0.012448763567868504,0.028397657603025435,0.06763578206300735,0.06763578206300735,0.0473933219909668,0.0473933219909668,0.05454086884856224,0.05454086884856224,0.0798429623246193,0.0798429623246193,0.06109877675771713,0.06109877675771713
[hmim]__[PF6]__R1234ze(E)__293.15__0.1371,L2,Mreduced,R1234ZE(E),HFO,HMIM,PF6,293.15,0.1371,0.1327,0.09233272075653076,0.010723221836719503,0.04036727924346925,0.10212753713130951,0.10212753713130951,0.07960548251867294,0.07960548251867294,0.08862772583961487,0.08862772583961487,0.10476938635110855,0.10476938635110855,0.08653347194194794,0.08653347194194794
[hmim]__[PF6]__R1234ze(E)__293.15__0.1781,L2,Mreduced,R1234ZE(E),HFO,HMIM,PF6,293.15,0.1781,0.1708,0.1245263546705246,0.011382300677582238,0.04627364532947541,0.1388809084892273,0.1388809084892273,0.11243484914302826,0.11243484914302826,0.12894168496131897,0.12894168496131897,0.12906669080257416,0.12906669080257416,0.1133076399564743,0.1133076399564743
[hmim]__[PF6]__R1234ze(E)__293.15__0.2166,L2,Mreduced,R1234ZE(E),HFO,HMIM,PF6,293.15,0.2166,0.2089,0.15918200612068176,0.01444655019737889,0.049717993879318245,0.1770850270986557,0.1770850270986557,0.14895464479923248,0.14895464479923248,0.171359583735466,0.171359583735466,0.154926598072052,0.154926598072052,0.14358417689800262,0.14358417689800262
[hmim]__[PF6]__R1234ze(E)__293.15__0.2549,L2,Mreduced,R1234ZE(E),HFO,HMIM,PF6,293.15,0.2549,0.2478,0.1989853411912918,0.018649994568893095,0.048814658808708195,0.21958579123020172,0.21958579123020172,0.18997438251972198,0.18997438251972198,0.21819323301315308,0.21819323301315308,0.18819808959960938,0.18819808959960938,0.1789752095937729,0.1789752095937729
[hmim]__[PF6]__R1234ze(E)__293.15__0.2902,L2,Mreduced,R1234ZE(E),HFO,HMIM,PF6,293.15,0.2902,0.2861,0.23941084742546082,0.021134289944851472,0.046689152574539206,0.26138606667518616,0.26138606667518616,0.2327471375465393,0.2327471375465393,0.26204413175582886,0.26204413175582886,0.2241227626800537,0.2241227626800537,0.21675413846969604,0.21675413846969604
[hmim]__[PF6]__R1234ze(E)__303.15__0.103,L2,Mreduced,R1234ZE(E),HFO,HMIM,PF6,303.15,0.103,0.0744,0.05233307555317879,0.01347868112467721,0.022066924446821207,0.050566550344228745,0.050566550344228745,0.03423886001110077,0.03423886001110077,0.0495002418756485,0.0495002418756485,0.07176237553358078,0.07176237553358078,0.055597350001335144,0.055597350001335144
[hmim]__[PF6]__R1234ze(E)__303.15__0.1515,L2,Mreduced,R1234ZE(E),HFO,HMIM,PF6,303.15,0.1515,0.1078,0.07586693614721299,0.012374912328491555,0.03193306385278702,0.07962378859519958,0.07962378859519958,0.05719182640314102,0.05719182640314102,0.07840477675199509,0.07840477675199509,0.0911840870976448,0.0911840870976448,0.07293020188808441,0.07293020188808441
[hmim]__[PF6]__R1234ze(E)__303.15__0.1975,L2,Mreduced,R1234ZE(E),HFO,HMIM,PF6,303.15,0.1975,0.1389,0.10065457820892335,0.011200718722240037,0.03824542179107665,0.10758897662162781,0.10758897662162781,0.08433829247951508,0.08433829247951508,0.10751195251941681,0.10751195251941681,0.11020258069038391,0.11020258069038391,0.0936310887336731,0.0936310887336731
[hmim]__[PF6]__R1234ze(E)__303.15__0.2412,L2,Mreduced,R1234ZE(E),HFO,HMIM,PF6,303.15,0.2412,0.1706,0.12814539670944214,0.011391182657877735,0.04245460329055786,0.1401204764842987,0.1401204764842987,0.11441461741924286,0.11441461741924286,0.13760322332382202,0.13760322332382202,0.1301247477531433,0.1301247477531433,0.1184639185667038,0.1184639185667038
[hmim]__[PF6]__R1234ze(E)__303.15__0.2858,L2,Mreduced,R1234ZE(E),HFO,HMIM,PF6,303.15,0.2858,0.2018,0.16133282482624053,0.014828034846326476,0.04046717517375947,0.17944778501987457,0.17944778501987457,0.14949822425842285,0.14949822425842285,0.17477303743362427,0.17477303743362427,0.15572595596313477,0.15572595596313477,0.14721912145614624,0.14721912145614624
[hmim]__[PF6]__R1234ze(E)__303.15__0.3274,L2,Mreduced,R1234ZE(E),HFO,HMIM,PF6,303.15,0.3274,0.2336,0.19359019696712493,0.020310253590661784,0.040009803032875074,0.21841274201869965,0.21841274201869965,0.18209777772426605,0.18209777772426605,0.21240922808647156,0.21240922808647156,0.18144315481185913,0.18144315481185913,0.1735880821943283,0.1735880821943283
[hmim]__[PF6]__R1234ze(E)__313.15__0.1111,L2,Mreduced,R1234ZE(E),HFO,HMIM,PF6,313.15,0.1111,0.0615,0.04748564325273037,0.014807478814819225,0.014014356747269627,0.04203244298696518,0.04203244298696518,0.02815517596900463,0.02815517596900463,0.04610025882720947,0.04610025882720947,0.06861107796430588,0.06861107796430588,0.05252926051616669,0.05252926051616669
[hmim]__[PF6]__R1234ze(E)__313.15__0.1641,L2,Mreduced,R1234ZE(E),HFO,HMIM,PF6,313.15,0.1641,0.0883,0.06600235477089882,0.013238899001448203,0.022297645229101187,0.06701532006263733,0.06701532006263733,0.04508708789944649,0.04508708789944649,0.07243890315294266,0.07243890315294266,0.08081319183111191,0.08081319183111191,0.06465727090835571,0.06465727090835571
[hmim]__[PF6]__R1234ze(E)__313.15__0.2143,L2,Mreduced,R1234ZE(E),HFO,HMIM,PF6,313.15,0.2143,0.1141,0.0849810630083084,0.012761269631675771,0.029118936991691588,0.09184736013412476,0.09184736013412476,0.06515447050333023,0.06515447050333023,0.09500084072351456,0.09500084072351456,0.09374655783176422,0.09374655783176422,0.07915608584880829,0.07915608584880829
[hmim]__[PF6]__R1234ze(E)__313.15__0.2626,L2,Mreduced,R1234ZE(E),HFO,HMIM,PF6,313.15,0.2626,0.1398,0.10625960379838943,0.012451443888529817,0.033540396201610576,0.11708587408065796,0.11708587408065796,0.088380828499794,0.088380828499794,0.11745844781398773,0.11745844781398773,0.10915055125951767,0.10915055125951767,0.09922231733798981,0.09922231733798981
[hmim]__[PF6]__R1234ze(E)__313.15__0.3119,L2,Mreduced,R1234ZE(E),HFO,HMIM,PF6,313.15,0.3119,0.1656,0.1308872178196907,0.013664889043699474,0.03471278218030929,0.1462182104587555,0.1462182104587555,0.11532605439424515,0.11532605439424515,0.14366747438907623,0.14366747438907623,0.12832972407341003,0.12832972407341003,0.12089462578296661,0.12089462578296661
[hmim]__[PF6]__R1234ze(E)__313.15__0.3585,L2,Mreduced,R1234ZE(E),HFO,HMIM,PF6,313.15,0.3585,0.1923,0.154890176653862,0.017256784990370703,0.03740982334613799,0.17684204876422882,0.17684204876422882,0.1407233476638794,0.1407233476638794,0.16990840435028076,0.16990840435028076,0.14688420295715332,0.14688420295715332,0.1400928795337677,0.1400928795337677
[hmim]__[PF6]__R1234ze(E)__323.15__0.1188,L2,Mreduced,R1234ZE(E),HFO,HMIM,PF6,323.15,0.1188,0.0505,0.043720070645213126,0.015212747521169185,0.0067799293547868775,0.03975614160299301,0.03975614160299301,0.022888535633683205,0.022888535633683205,0.043363820761442184,0.043363820761442184,0.0652294009923935,0.0652294009923935,0.04736245423555374,0.04736245423555374
[hmim]__[PF6]__R1234ze(E)__323.15__0.1755,L2,Mreduced,R1234ZE(E),HFO,HMIM,PF6,323.15,0.1755,0.0725,0.058941914886236194,0.01373448661661223,0.013558085113763801,0.06085500493645668,0.06085500493645668,0.03755880519747734,0.03755880519747734,0.06530684232711792,0.06530684232711792,0.07463949173688889,0.07463949173688889,0.05634943023324013,0.05634943023324013
[hmim]__[PF6]__R1234ze(E)__323.15__0.2294,L2,Mreduced,R1234ZE(E),HFO,HMIM,PF6,323.15,0.2294,0.094,0.0737074226140976,0.013044690643760997,0.0202925773859024,0.08194167912006378,0.08194167912006378,0.05364236235618591,0.05364236235618591,0.08265214413404465,0.08265214413404465,0.08309002965688705,0.08309002965688705,0.06721089780330658,0.06721089780330658
[hmim]__[PF6]__R1234ze(E)__323.15__0.2816,L2,Mreduced,R1234ZE(E),HFO,HMIM,PF6,323.15,0.2816,0.1155,0.0900277242064476,0.012667049831795332,0.025472275793552407,0.10217472910881042,0.10217472910881042,0.07218864560127258,0.07218864560127258,0.09993625432252884,0.09993625432252884,0.09379171580076218,0.09379171580076218,0.08204727619886398,0.08204727619886398
[hmim]__[PF6]__R1234ze(E)__323.15__0.3351,L2,Mreduced,R1234ZE(E),HFO,HMIM,PF6,323.15,0.3351,0.1369,0.10813314914703369,0.013430242046707055,0.028766850852966305,0.12376843392848969,0.12376843392848969,0.09282481670379639,0.09282481670379639,0.11928505450487137,0.11928505450487137,0.10751384496688843,0.10751384496688843,0.09727359563112259,0.09727359563112259
[hmim]__[PF6]__R1234ze(E)__323.15__0.3861,L2,Mreduced,R1234ZE(E),HFO,HMIM,PF6,323.15,0.3861,0.1587,0.12514612525701524,0.015822655232004525,0.03355387474298477,0.14592336118221283,0.14592336118221283,0.1109279990196228,0.1109279990196228,0.13702061772346497,0.13702061772346497,0.12125260382890701,0.12125260382890701,0.11060604453086853,0.11060604453086853
[hmim]__[PF6]__R1234ze(E)__333.15__0.1258,L2,Mreduced,R1234ZE(E),HFO,HMIM,PF6,333.15,0.1258,0.0418,0.039997175335884094,0.015230320667226724,0.0018028246641159026,0.037766922265291214,0.037766922265291214,0.01860674098134041,0.01860674098134041,0.04067492485046387,0.04067492485046387,0.061510492116212845,0.061510492116212845,0.04142679646611214,0.04142679646611214
[hmim]__[PF6]__R1234ze(E)__333.15__0.1858,L2,Mreduced,R1234ZE(E),HFO,HMIM,PF6,333.15,0.1858,0.0605,0.05317133665084839,0.014093968382192587,0.0073286633491516096,0.05624131113290787,0.05624131113290787,0.031724147498607635,0.031724147498607635,0.06016649305820465,0.06016649305820465,0.06914451718330383,0.06914451718330383,0.04858021438121796,0.04858021438121796
[hmim]__[PF6]__R1234ze(E)__333.15__0.2431,L2,Mreduced,R1234ZE(E),HFO,HMIM,PF6,333.15,0.2431,0.0785,0.06493907794356346,0.013567332792959387,0.013560922056436539,0.0719640702009201,0.0719640702009201,0.04468384012579918,0.04468384012579918,0.07459520548582077,0.07459520548582077,0.0761345624923706,0.0761345624923706,0.05731771141290665,0.05731771141290665
[hmim]__[PF6]__R1234ze(E)__333.15__0.2987,L2,Mreduced,R1234ZE(E),HFO,HMIM,PF6,333.15,0.2987,0.0968,0.07729607373476029,0.012679533635957484,0.01950392626523971,0.08763770759105682,0.08763770759105682,0.06048023700714111,0.06048023700714111,0.08759376406669617,0.08759376406669617,0.08375118672847748,0.08375118672847748,0.06701747328042984,0.06701747328042984
[hmim]__[PF6]__R1234ze(E)__333.15__0.3559,L2,Mreduced,R1234ZE(E),HFO,HMIM,PF6,333.15,0.3559,0.1146,0.09101382493972779,0.013468997670138953,0.023586175060272205,0.10690754652023315,0.10690754652023315,0.07547616213560104,0.07547616213560104,0.10030165314674377,0.10030165314674377,0.09322253614664078,0.09322253614664078,0.07916122674942017,0.07916122674942017
[hmim]__[PF6]__R1234ze(E)__333.15__0.4107,L2,Mreduced,R1234ZE(E),HFO,HMIM,PF6,333.15,0.4107,0.133,0.104164157807827,0.015238616597528497,0.028835842192173014,0.12549988925457,0.12549988925457,0.08978114277124405,0.08978114277124405,0.11247719824314117,0.11247719824314117,0.10290108621120453,0.10290108621120453,0.09016147255897522,0.09016147255897522
[hmim]__[PF6]__R1234ze(E)__343.15__0.1325,L2,Mreduced,R1234ZE(E),HFO,HMIM,PF6,343.15,0.1325,0.0344,0.03606512509286404,0.015135161338250899,0.0016651250928640393,0.033326003700494766,0.033326003700494766,0.014828940853476524,0.014828940853476524,0.03792565315961838,0.03792565315961838,0.057365093380212784,0.057365093380212784,0.03687993437051773,0.03687993437051773
[hmim]__[PF6]__R1234ze(E)__343.15__0.1956,L2,Mreduced,R1234ZE(E),HFO,HMIM,PF6,343.15,0.1956,0.0504,0.047163684666156766,0.01452268516956007,0.0032363153338432343,0.049323201179504395,0.049323201179504395,0.025757472962141037,0.025757472962141037,0.0540430024266243,0.0540430024266243,0.06468190252780914,0.06468190252780914,0.04201284423470497,0.04201284423470497
[hmim]__[PF6]__R1234ze(E)__343.15__0.256,L2,Mreduced,R1234ZE(E),HFO,HMIM,PF6,343.15,0.256,0.0656,0.057075079530477524,0.014016020703651245,0.008524920469522482,0.06234483793377876,0.06234483793377876,0.036643531173467636,0.036643531173467636,0.06624975800514221,0.06624975800514221,0.07098832726478577,0.07098832726478577,0.04914894327521324,0.04914894327521324
[hmim]__[PF6]__R1234ze(E)__343.15__0.315,L2,Mreduced,R1234ZE(E),HFO,HMIM,PF6,343.15,0.315,0.0804,0.06748492494225503,0.013368098140407394,0.012915075057744974,0.07606682181358337,0.07606682181358337,0.04933036491274834,0.04933036491274834,0.07841508835554123,0.07841508835554123,0.076583631336689,0.076583631336689,0.057028718292713165,0.057028718292713165
[hmim]__[PF6]__R1234ze(E)__343.15__0.3755,L2,Mreduced,R1234ZE(E),HFO,HMIM,PF6,343.15,0.3755,0.0957,0.07820168286561965,0.013528216154479751,0.01749831713438034,0.09125642478466034,0.09125642478466034,0.06171327084302902,0.06171327084302902,0.08897284418344498,0.08897284418344498,0.08310087770223618,0.08310087770223618,0.06596499681472778,0.06596499681472778
[hmim]__[PF6]__R1234ze(E)__343.15__0.4342,L2,Mreduced,R1234ZE(E),HFO,HMIM,PF6,343.15,0.4342,0.1102,0.08906102031469346,0.014284934173128323,0.02113897968530655,0.10740362107753754,0.10740362107753754,0.07383710891008377,0.07383710891008377,0.09770677983760834,0.09770677983760834,0.09039227664470673,0.09039227664470673,0.07596531510353088,0.07596531510353088
[hmim]__[Tf2N]__R1234yf__292.29__0.0993,L2,Mreduced,R1234YF,HFO,HMIM,TF2N,292.29,0.0993,0.0775,0.05148524343967438,0.013021944193152484,0.02601475656032562,0.0656798779964447,0.0656798779964447,0.043684061616659164,0.043684061616659164,0.03502865508198738,0.03502865508198738,0.06339014321565628,0.06339014321565628,0.04964347928762436,0.04964347928762436
[hmim]__[Tf2N]__R1234yf__293.01__0.1981,L2,Mreduced,R1234YF,HFO,HMIM,TF2N,293.01,0.1981,0.1543,0.11276080459356308,0.017373438920591792,0.04153919540643691,0.1429436206817627,0.1429436206817627,0.10883322358131409,0.10883322358131409,0.10636664181947708,0.10636664181947708,0.10745632648468018,0.10745632648468018,0.09820421040058136,0.09820421040058136
[hmim]__[Tf2N]__R1234yf__292.98__0.276,L2,Mreduced,R1234YF,HFO,HMIM,TF2N,292.98,0.276,0.2206,0.18066172003746034,0.025016408629130862,0.03993827996253965,0.22301052510738373,0.22301052510738373,0.176535502076149,0.176535502076149,0.17812633514404297,0.17812633514404297,0.16779905557632446,0.16779905557632446,0.1578371822834015,0.1578371822834015
[hmim]__[Tf2N]__R1234yf__293.64__0.3538,L2,Mreduced,R1234YF,HFO,HMIM,TF2N,293.64,0.3538,0.2792,0.2468072146177292,0.031014409333682262,0.032392785382270806,0.2989448308944702,0.2989448308944702,0.2432957887649536,0.2432957887649536,0.24361664056777954,0.24361664056777954,0.23019415140151978,0.23019415140151978,0.2179846614599228,0.2179846614599228
[hmim]__[Tf2N]__R1234yf__293.13__0.4344,L2,Mreduced,R1234YF,HFO,HMIM,TF2N,293.13,0.4343999999999999,0.3536,0.31373565196990966,0.03361123043588979,0.03986434803009037,0.3687148690223694,0.3687148690223694,0.31673890352249146,0.31673890352249146,0.30825933814048767,0.30825933814048767,0.29375502467155457,0.29375502467155457,0.28121012449264526,0.28121012449264526
[hmim]__[Tf2N]__R1234yf__303.05__0.1153,L2,Mreduced,R1234YF,HFO,HMIM,TF2N,303.05,0.1153,0.0689,0.04818731099367142,0.013331385807416735,0.020712689006328583,0.058763761073350906,0.058763761073350906,0.03536168113350868,0.03536168113350868,0.033162664622068405,0.033162664622068405,0.062283746898174286,0.062283746898174286,0.051364701241254807,0.051364701241254807
[hmim]__[Tf2N]__R1234yf__303.09__0.2306,L2,Mreduced,R1234YF,HFO,HMIM,TF2N,303.09,0.2306,0.1386,0.10242398977279663,0.012903767810882882,0.036176010227203376,0.12530997395515442,0.12530997395515442,0.09551078826189041,0.09551078826189041,0.09686905145645142,0.09686905145645142,0.09937668591737747,0.09937668591737747,0.09505344927310944,0.09505344927310944
[hmim]__[Tf2N]__R1234yf__303.07__0.3249,L2,Mreduced,R1234YF,HFO,HMIM,TF2N,303.07,0.3248999999999999,0.1991,0.16113026440143585,0.019757482919844017,0.03796973559856415,0.19574235379695892,0.19574235379695892,0.1526758372783661,0.1526758372783661,0.15778078138828278,0.15778078138828278,0.1529380977153778,0.1529380977153778,0.14651425182819366,0.14651425182819366
[hmim]__[Tf2N]__R1234yf__303.13__0.4161,L2,Mreduced,R1234YF,HFO,HMIM,TF2N,303.13,0.4161,0.2545,0.21926954984664918,0.027598644864544362,0.03523045015335083,0.26709285378456116,0.26709285378456116,0.21243123710155487,0.21243123710155487,0.2131671905517578,0.2131671905517578,0.20762789249420166,0.20762789249420166,0.19602857530117035,0.19602857530117035
[hmim]__[Tf2N]__R1234yf__303.15__0.5231,L2,Mreduced,R1234YF,HFO,HMIM,TF2N,303.15,0.5231,0.323,0.27708905935287476,0.030853968076211123,0.04591094064712525,0.3292858600616455,0.3292858600616455,0.275256872177124,0.275256872177124,0.27206990122795105,0.27206990122795105,0.2580707371234894,0.2580707371234894,0.2507619261741638,0.2507619261741638
[hmim]__[Tf2N]__R1234yf__313.06__0.1306,L2,Mreduced,R1234YF,HFO,HMIM,TF2N,313.06,0.1306,0.061,0.04762279689311981,0.013273457291881773,0.01337720310688019,0.056750308722257614,0.056750308722257614,0.03192887082695961,0.03192887082695961,0.03566204383969307,0.03566204383969307,0.06238366663455963,0.06238366663455963,0.051389094442129135,0.051389094442129135
[hmim]__[Tf2N]__R1234yf__313.06__0.2624,L2,Mreduced,R1234YF,HFO,HMIM,TF2N,313.06,0.2623999999999999,0.1238,0.09545059502124786,0.01241089855977625,0.02834940497875213,0.11676327884197235,0.11676327884197235,0.08429931104183197,0.08429931104183197,0.09122481942176819,0.09122481942176819,0.09349939227104187,0.09349939227104187,0.09146617352962494,0.09146617352962494
[hmim]__[Tf2N]__R1234yf__313.05__0.3724,L2,Mreduced,R1234YF,HFO,HMIM,TF2N,313.05,0.3723999999999999,0.1789,0.14458050429821015,0.014476724863271445,0.034319495701789854,0.1700262576341629,0.1700262576341629,0.13385888934135437,0.13385888934135437,0.1405787169933319,0.1405787169933319,0.14030656218528748,0.14030656218528748,0.13813209533691406,0.13813209533691406
[hmim]__[Tf2N]__R1234yf__313.13__0.4807,L2,Mreduced,R1234YF,HFO,HMIM,TF2N,313.13,0.4807,0.2292,0.1921795427799225,0.01971093274348535,0.03702045722007749,0.2271968573331833,0.2271968573331833,0.18317534029483795,0.18317534029483795,0.18620750308036804,0.18620750308036804,0.18442924320697784,0.18442924320697784,0.1798887699842453,0.1798887699842453
[hmim]__[Tf2N]__R1234yf__313.2__0.6103,L2,Mreduced,R1234YF,HFO,HMIM,TF2N,313.2,0.6103,0.2925,0.24258357882499695,0.024772115091412274,0.04991642117500303,0.28605207800865173,0.28605207800865173,0.23748651146888733,0.23748651146888733,0.23530060052871704,0.23530060052871704,0.22823360562324524,0.22823360562324524,0.2258450984954834,0.2258450984954834
[hmim]__[Tf2N]__R1234yf__323.08__0.1457,L2,Mreduced,R1234YF,HFO,HMIM,TF2N,323.08,0.1457,0.0537,0.046391678601503374,0.013619787988860153,0.007308321398496624,0.056608736515045166,0.056608736515045166,0.028587564826011658,0.028587564826011658,0.03690652549266815,0.03690652549266815,0.06144397333264351,0.06144397333264351,0.048411592841148376,0.048411592841148376
[hmim]__[Tf2N]__R1234yf__323.06__0.2938,L2,Mreduced,R1234YF,HFO,HMIM,TF2N,323.06,0.2938,0.1098,0.08804774731397629,0.013764291860102628,0.02175225268602371,0.11066636443138123,0.11066636443138123,0.07322267442941666,0.07322267442941666,0.0851295068860054,0.0851295068860054,0.0873476043343544,0.0873476043343544,0.08387258648872375,0.08387258648872375
[hmim]__[Tf2N]__R1234yf__323.05__0.4192,L2,Mreduced,R1234YF,HFO,HMIM,TF2N,323.05,0.4191999999999999,0.1596,0.12871556729078293,0.01307668524592534,0.030884432709217063,0.15025852620601654,0.15025852620601654,0.11511760205030441,0.11511760205030441,0.12365710735321045,0.12365710735321045,0.12889109551906586,0.12889109551906586,0.12565350532531738,0.12565350532531738
[hmim]__[Tf2N]__R1234yf__323.13__0.5437,L2,Mreduced,R1234YF,HFO,HMIM,TF2N,323.13,0.5437000000000001,0.205,0.16684836745262147,0.014107045987672942,0.03815163254737852,0.1915372908115387,0.1915372908115387,0.15686042606830597,0.15686042606830597,0.15882006287574768,0.15882006287574768,0.1636044681072235,0.1636044681072235,0.16341958940029144,0.16341958940029144
[hmim]__[Tf2N]__R1234yf__323.19__0.6954,L2,Mreduced,R1234YF,HFO,HMIM,TF2N,323.19,0.6954,0.2628,0.21432373225688933,0.019463429483207232,0.048476267743110646,0.248994842171669,0.248994842171669,0.2064579725265503,0.2064579725265503,0.20287980139255524,0.20287980139255524,0.20554891228675842,0.20554891228675842,0.20773713290691376,0.20773713290691376
[hmim]__[Tf2N]__R1234yf__333.1__0.1609,L2,Mreduced,R1234YF,HFO,HMIM,TF2N,333.1,0.1609,0.0474,0.04346901699900627,0.013116745223217438,0.003930983000993725,0.053563881665468216,0.053563881665468216,0.025605734437704086,0.025605734437704086,0.03668497875332832,0.03668497875332832,0.058337435126304626,0.058337435126304626,0.043153055012226105,0.043153055012226105
[hmim]__[Tf2N]__R1234yf__333.09__0.3241,L2,Mreduced,R1234YF,HFO,HMIM,TF2N,333.09,0.3241,0.0972,0.08045366704463959,0.014589781250668706,0.016746332955360405,0.10417968034744263,0.10417968034744263,0.06463870406150818,0.06463870406150818,0.0765860304236412,0.0765860304236412,0.08119573444128036,0.08119573444128036,0.07566818594932556,0.07566818594932556
[hmim]__[Tf2N]__R1234yf__333.17__0.4644,L2,Mreduced,R1234YF,HFO,HMIM,TF2N,333.17,0.4644,0.142,0.11393180787563324,0.013355278250754173,0.028068192124366745,0.1349218785762787,0.1349218785762787,0.09946692734956741,0.09946692734956741,0.106650710105896,0.106650710105896,0.11658329516649246,0.11658329516649246,0.11203622817993164,0.11203622817993164
[hmim]__[Tf2N]__R1234yf__333.21__0.6016,L2,Mreduced,R1234YF,HFO,HMIM,TF2N,333.21,0.6016,0.1844,0.145010507106781,0.013954414375592144,0.039389492893219,0.1680455356836319,0.1680455356836319,0.13320955634117126,0.13320955634117126,0.13460110127925873,0.13460110127925873,0.14500558376312256,0.14500558376312256,0.14419075846672058,0.14419075846672058
[hmim]__[Tf2N]__R1234yf__333.21__0.7763,L2,Mreduced,R1234YF,HFO,HMIM,TF2N,333.21,0.7763,0.2355,0.18924221396446228,0.017781332410715604,0.04625778603553771,0.21952064335346222,0.21952064335346222,0.1807783544063568,0.1807783544063568,0.1733517348766327,0.1733517348766327,0.18451549112796783,0.18451549112796783,0.18804484605789185,0.18804484605789185
[hmim]__[Tf2N]__R1234yf__343.11__0.176,L2,Mreduced,R1234YF,HFO,HMIM,TF2N,343.11,0.176,0.0422,0.0399407222867012,0.012957282639101304,0.002259277713298799,0.05006508156657219,0.05006508156657219,0.02207500860095024,0.02207500860095024,0.03470639884471893,0.03470639884471893,0.054744090884923935,0.054744090884923935,0.038113031536340714,0.038113031536340714
[hmim]__[Tf2N]__R1234yf__343.1__0.3531,L2,Mreduced,R1234YF,HFO,HMIM,TF2N,343.1,0.3531,0.0869,0.07277830839157104,0.015033251101999828,0.014121691608428966,0.096434086561203,0.096434086561203,0.05565034598112106,0.05565034598112106,0.07007915526628494,0.07007915526628494,0.07513111084699631,0.07513111084699631,0.06659684330224991,0.06659684330224991
[hmim]__[Tf2N]__R1234yf__343.19__0.5069,L2,Mreduced,R1234YF,HFO,HMIM,TF2N,343.19,0.5069,0.1265,0.10111393332481385,0.014503568555542556,0.025386066675186156,0.12349297106266022,0.12349297106266022,0.08549544215202332,0.08549544215202332,0.09252553433179855,0.09252553433179855,0.10528548806905746,0.10528548806905746,0.09877023100852966,0.09877023100852966
[hmim]__[Tf2N]__R1234yf__343.21__0.6585,L2,Mreduced,R1234YF,HFO,HMIM,TF2N,343.21,0.6585,0.1648,0.12769072949886323,0.015074808400939983,0.03710927050113677,0.15242044627666473,0.15242044627666473,0.11651107668876648,0.11651107668876648,0.11468419432640076,0.11468419432640076,0.12867160141468048,0.12867160141468048,0.12616632878780365,0.12616632878780365
[hmim]__[Tf2N]__R1234yf__343.19__0.8529,L2,Mreduced,R1234YF,HFO,HMIM,TF2N,343.19,0.8529,0.2119,0.16914349496364595,0.016881870595736564,0.04275650503635406,0.19675834476947784,0.19675834476947784,0.16556775569915771,0.16556775569915771,0.15102219581604004,0.15102219581604004,0.16312414407730103,0.16312414407730103,0.16924503445625305,0.16924503445625305
[hmim]__[Tf2N]__R1234yf__353.11__0.1899,L2,Mreduced,R1234YF,HFO,HMIM,TF2N,353.11,0.1899,0.0376,0.03637189939618111,0.012968657229292932,0.0012281006038188935,0.04610857367515564,0.04610857367515564,0.018240027129650116,0.018240027129650116,0.03130900114774704,0.03130900114774704,0.05125519633293152,0.05125519633293152,0.03494669869542122,0.03494669869542122
[hmim]__[Tf2N]__R1234yf__353.11__0.3811,L2,Mreduced,R1234YF,HFO,HMIM,TF2N,353.11,0.3811,0.0757,0.06441613882780076,0.01468349940221631,0.011283861172199247,0.08627061545848846,0.08627061545848846,0.046722158789634705,0.046722158789634705,0.06239232420921326,0.06239232420921326,0.06906387209892273,0.06906387209892273,0.0576317235827446,0.0576317235827446
[hmim]__[Tf2N]__R1234yf__353.19__0.5472,L2,Mreduced,R1234YF,HFO,HMIM,TF2N,353.19,0.5472,0.1121,0.0894423246383667,0.013723080292959529,0.02265767536163331,0.11084911227226257,0.11084911227226257,0.07528890669345856,0.07528890669345856,0.08161039650440216,0.08161039650440216,0.09380686283111572,0.09380686283111572,0.08565634489059448,0.08565634489059448
[hmim]__[Tf2N]__R1234yf__353.21__0.7125,L2,Mreduced,R1234YF,HFO,HMIM,TF2N,353.21,0.7125,0.1476,0.11264485269784927,0.013958935063823117,0.03495514730215074,0.13585883378982544,0.13585883378982544,0.10450689494609833,0.10450689494609833,0.09958555549383163,0.09958555549383163,0.11256206035614014,0.11256206035614014,0.11071091890335083,0.11071091890335083
[hmim]__[Tf2N]__R1234yf__353.21__0.9251,L2,Mreduced,R1234YF,HFO,HMIM,TF2N,353.21,0.9251,0.1904,0.15203962326049805,0.01647275540859131,0.03836037673950196,0.1774885058403015,0.1774885058403015,0.15258510410785675,0.15258510410785675,0.13255883753299713,0.13255883753299713,0.14449627697467804,0.14449627697467804,0.1530693918466568,0.1530693918466568
[hmim]__[Tf2N]__R1234ze(E)__293.12__0.0497,L2,Mreduced,R1234ZE(E),HFO,HMIM,TF2N,293.12,0.0497,0.0565,0.06165184304118156,0.01637846747756047,0.005151843041181561,0.08643217384815216,0.08643217384815216,0.048361074179410934,0.048361074179410934,0.04701049625873566,0.04701049625873566,0.06883895397186279,0.06883895397186279,0.05761651694774628,0.05761651694774628
[hmim]__[Tf2N]__R1234ze(E)__292.98__0.1065,L2,Mreduced,R1234ZE(E),HFO,HMIM,TF2N,292.98,0.1065,0.1263,0.12094929367303849,0.016443815661406975,0.00535070632696151,0.14940272271633148,0.14940272271633148,0.11088304221630096,0.11088304221630096,0.11087588220834732,0.11087588220834732,0.12095391750335693,0.12095391750335693,0.11263090372085571,0.11263090372085571
[hmim]__[Tf2N]__R1234ze(E)__293.1__0.1609,L2,Mreduced,R1234ZE(E),HFO,HMIM,TF2N,293.1,0.1609,0.2017,0.19517223238945008,0.013925374410092629,0.006527767610549906,0.21925126016139984,0.21925126016139984,0.19121892750263214,0.19121892750263214,0.19225555658340454,0.19225555658340454,0.19000670313835144,0.19000670313835144,0.1831287145614624,0.1831287145614624
[hmim]__[Tf2N]__R1234ze(E)__293.1__0.2212,L2,Mreduced,R1234ZE(E),HFO,HMIM,TF2N,293.1,0.2211999999999999,0.2816,0.2953563153743744,0.012508360255035624,0.013756315374374384,0.3082277178764343,0.3082277178764343,0.3012113571166992,0.3012113571166992,0.303388386964798,0.303388386964798,0.283272922039032,0.283272922039032,0.28068119287490845,0.28068119287490845
[hmim]__[Tf2N]__R1234ze(E)__293.1__0.2579,L2,Mreduced,R1234ZE(E),HFO,HMIM,TF2N,293.1,0.2578999999999999,0.3312,0.35770057439804076,0.009624117732168267,0.026500574398040766,0.36231768131256104,0.36231768131256104,0.3687666058540344,0.3687666058540344,0.36227384209632874,0.36227384209632874,0.34813985228538513,0.34813985228538513,0.34700489044189453,0.34700489044189453
[hmim]__[Tf2N]__R1234ze(E)__303.15__0.0608,L2,Mreduced,R1234ZE(E),HFO,HMIM,TF2N,303.15,0.0608,0.0498,0.05511383265256882,0.015000773087749898,0.005313832652568823,0.06999639421701431,0.06999639421701431,0.038974277675151825,0.038974277675151825,0.03991802781820297,0.03991802781820297,0.06843224167823792,0.06843224167823792,0.05824822187423706,0.05824822187423706
[hmim]__[Tf2N]__R1234ze(E)__303.13__0.1311,L2,Mreduced,R1234ZE(E),HFO,HMIM,TF2N,303.13,0.1311,0.1135,0.11154192090034484,0.012595321884485911,0.0019580790996551606,0.1297120451927185,0.1297120451927185,0.0976882353425026,0.0976882353425026,0.10625319927930832,0.10625319927930832,0.11851062625646591,0.11851062625646591,0.10554549843072891,0.10554549843072891
[hmim]__[Tf2N]__R1234ze(E)__303.34__0.2012,L2,Mreduced,R1234ZE(E),HFO,HMIM,TF2N,303.34,0.2012,0.1833,0.1832566261291504,0.008400611103157254,4.3373870849600094e-05,0.19603048264980316,0.19603048264980316,0.1767566204071045,0.1767566204071045,0.18627169728279114,0.18627169728279114,0.18212121725082397,0.18212121725082397,0.1751031130552292,0.1751031130552292
[hmim]__[Tf2N]__R1234ze(E)__303.23__0.2755,L2,Mreduced,R1234ZE(E),HFO,HMIM,TF2N,303.23,0.2755,0.2609,0.2793085157871246,0.007884788882102357,0.018408515787124602,0.2832956612110138,0.2832956612110138,0.28374508023262024,0.28374508023262024,0.2876668870449066,0.2876668870449066,0.2720169425010681,0.2720169425010681,0.2698180079460144,0.2698180079460144
[hmim]__[Tf2N]__R1234ze(E)__303.15__0.3255,L2,Mreduced,R1234ZE(E),HFO,HMIM,TF2N,303.15,0.3255,0.308,0.3424981951713562,0.008218604922192793,0.034498195171356216,0.34454146027565,0.34454146027565,0.3523572087287903,0.3523572087287903,0.34694403409957886,0.34694403409957886,0.33709999918937683,0.33709999918937683,0.331548273563385,0.331548273563385
[hmim]__[Tf2N]__R1234ze(E)__313.15__0.0727,L2,Mreduced,R1234ZE(E),HFO,HMIM,TF2N,313.15,0.0727,0.0429,0.05390917882323265,0.01580711843246639,0.01100917882323265,0.06500142812728882,0.06500142812728882,0.03629689663648605,0.03629689663648605,0.03784313425421715,0.03784313425421715,0.07035227864980698,0.07035227864980698,0.06005215644836426,0.06005215644836426
[hmim]__[Tf2N]__R1234ze(E)__313.11__0.1571,L2,Mreduced,R1234ZE(E),HFO,HMIM,TF2N,313.11,0.1571,0.1002,0.10689122378826141,0.011074373872421148,0.006691223788261411,0.12045252323150635,0.12045252323150635,0.09193363785743713,0.09193363785743713,0.10558244585990906,0.10558244585990906,0.11447100341320038,0.11447100341320038,0.10201650857925415,0.10201650857925415
[hmim]__[Tf2N]__R1234ze(E)__313.09__0.2414,L2,Mreduced,R1234ZE(E),HFO,HMIM,TF2N,313.09,0.2414,0.1652,0.17468099296092987,0.007214602159032424,0.009480992960929857,0.18425612151622772,0.18425612151622772,0.1659543514251709,0.1659543514251709,0.17855891585350037,0.17855891585350037,0.1749783158302307,0.1749783158302307,0.16965726017951965,0.16965726017951965
[hmim]__[Tf2N]__R1234ze(E)__313.22__0.3352,L2,Mreduced,R1234ZE(E),HFO,HMIM,TF2N,313.22,0.3352,0.2376,0.2594861567020416,0.0047456923330255795,0.02188615670204161,0.2611594796180725,0.2611594796180725,0.25967085361480713,0.25967085361480713,0.26588377356529236,0.26588377356529236,0.25783270597457886,0.25783270597457886,0.2528839707374573,0.2528839707374573
[hmim]__[Tf2N]__R1234ze(E)__313.17__0.3983,L2,Mreduced,R1234ZE(E),HFO,HMIM,TF2N,313.17,0.3983,0.2822,0.31416805386543273,0.007610737962565161,0.03196805386543272,0.31937384605407715,0.31937384605407715,0.31891077756881714,0.31891077756881714,0.32060426473617554,0.32060426473617554,0.30777084827423096,0.30777084827423096,0.3041805326938629,0.3041805326938629
[hmim]__[Tf2N]__R1234ze(E)__323.19__0.0852,L2,Mreduced,R1234ZE(E),HFO,HMIM,TF2N,323.19,0.0852,0.038,0.05314982384443283,0.014774157181580205,0.015149823844432829,0.0612642876803875,0.0612642876803875,0.03605207800865173,0.03605207800865173,0.0401102676987648,0.0401102676987648,0.07131640613079071,0.07131640613079071,0.05700607970356941,0.05700607970356941
[hmim]__[Tf2N]__R1234ze(E)__324.14__0.1835,L2,Mreduced,R1234ZE(E),HFO,HMIM,TF2N,324.14,0.1835,0.0876,0.10179089307785034,0.010025830867856389,0.014190893077850347,0.1118382066488266,0.1118382066488266,0.0886240303516388,0.0886240303516388,0.1038476824760437,0.1038476824760437,0.11016316711902618,0.11016316711902618,0.09448137879371643,0.09448137879371643
[hmim]__[Tf2N]__R1234ze(E)__323.09__0.2839,L2,Mreduced,R1234ZE(E),HFO,HMIM,TF2N,323.09,0.2839,0.1463,0.16682737767696382,0.006344055118913669,0.020527377676963804,0.17306001484394073,0.17306001484394073,0.1575893759727478,0.1575893759727478,0.17018872499465942,0.17018872499465942,0.17021587491035461,0.17021587491035461,0.16308289766311646,0.16308289766311646
[hmim]__[Tf2N]__R1234ze(E)__323.21__0.3972,L2,Mreduced,R1234ZE(E),HFO,HMIM,TF2N,323.21,0.3972,0.2133,0.2360416293144226,0.005181142245540655,0.022741629314422612,0.24368001520633698,0.24368001520633698,0.2310752123594284,0.2310752123594284,0.23827025294303894,0.23827025294303894,0.235513836145401,0.235513836145401,0.23166882991790771,0.23166882991790771
[hmim]__[Tf2N]__R1234ze(E)__323.18__0.4742,L2,Mreduced,R1234ZE(E),HFO,HMIM,TF2N,323.18,0.4742,0.2548,0.2794589936733246,0.01070515870368594,0.02465899367332458,0.296648770570755,0.296648770570755,0.27417638897895813,0.27417638897895813,0.28289368748664856,0.28289368748664856,0.27344995737075806,0.27344995737075806,0.2701261639595032,0.2701261639595032
[hmim]__[Tf2N]__R1234ze(E)__333.2__0.0977,L2,Mreduced,R1234ZE(E),HFO,HMIM,TF2N,333.2,0.0977,0.0334,0.05105026513338089,0.01469105746155299,0.017650265133380888,0.0585014745593071,0.0585014745593071,0.03367405757308006,0.03367405757308006,0.03964178264141083,0.03964178264141083,0.07032349705696106,0.07032349705696106,0.0531105138361454,0.0531105138361454
[hmim]__[Tf2N]__R1234ze(E)__333.17__0.2102,L2,Mreduced,R1234ZE(E),HFO,HMIM,TF2N,333.17,0.2102,0.0745,0.10017860680818558,0.010615023810886562,0.02567860680818558,0.11044056713581085,0.11044056713581085,0.08798086643218994,0.08798086643218994,0.10264485329389572,0.10264485329389572,0.10967040061950684,0.10967040061950684,0.09015634655952454,0.09015634655952454
[hmim]__[Tf2N]__R1234ze(E)__333.11__0.3263,L2,Mreduced,R1234ZE(E),HFO,HMIM,TF2N,333.11,0.3263,0.1279,0.15651986598968506,0.006915455182173056,0.02861986598968505,0.16193372011184692,0.16193372011184692,0.14666517078876495,0.14666517078876495,0.1594703048467636,0.1594703048467636,0.1625116616487503,0.1625116616487503,0.1520184725522995,0.1520184725522995
[hmim]__[Tf2N]__R1234ze(E)__333.21__0.4586,L2,Mreduced,R1234ZE(E),HFO,HMIM,TF2N,333.21,0.4586,0.1895,0.21121730506420136,0.008643716294933995,0.02171730506420136,0.223275288939476,0.223275288939476,0.20023886859416962,0.20023886859416962,0.21013061702251434,0.21013061702251434,0.21520543098449707,0.21520543098449707,0.20723631978034973,0.20723631978034973
[hmim]__[Tf2N]__R1234ze(E)__333.2__0.55,L2,Mreduced,R1234ZE(E),HFO,HMIM,TF2N,333.2,0.55,0.2273,0.24699616432189941,0.012632172661691156,0.019696164321899412,0.2677435278892517,0.2677435278892517,0.2373305708169937,0.2373305708169937,0.2443470060825348,0.2443470060825348,0.24877309799194336,0.24877309799194336,0.2367866188287735,0.2367866188287735
[hmim]__[Tf2N]__R1234ze(E)__343.2__0.1099,L2,Mreduced,R1234ZE(E),HFO,HMIM,TF2N,343.2,0.1099,0.0274,0.047744803875684735,0.014632103299450238,0.020344803875684735,0.05408106744289398,0.05408106744289398,0.03059358149766922,0.03059358149766922,0.03723376989364624,0.03723376989364624,0.06800468266010284,0.06800468266010284,0.048810917884111404,0.048810917884111404
[hmim]__[Tf2N]__R1234ze(E)__343.18__0.2359,L2,Mreduced,R1234ZE(E),HFO,HMIM,TF2N,343.18,0.2359,0.0629,0.09415457248687745,0.01182557834818844,0.03125457248687745,0.10379691421985626,0.10379691421985626,0.08173583447933197,0.08173583447933197,0.09726962447166443,0.09726962447166443,0.10628192126750946,0.10628192126750946,0.08168856799602509,0.08168856799602509
[hmim]__[Tf2N]__R1234ze(E)__343.11__0.3663,L2,Mreduced,R1234ZE(E),HFO,HMIM,TF2N,343.11,0.3663,0.1114,0.144035804271698,0.008725344341917043,0.03263580427169799,0.15126006305217743,0.15126006305217743,0.13310065865516663,0.13310065865516663,0.14742600917816162,0.14742600917816162,0.1519812047481537,0.1519812047481537,0.13641108572483063,0.13641108572483063
[hmim]__[Tf2N]__R1234ze(E)__343.22__0.5186,L2,Mreduced,R1234ZE(E),HFO,HMIM,TF2N,343.22,0.5186000000000001,0.1666,0.19094063043594361,0.010580267904636396,0.024340630435943617,0.20469285547733307,0.20469285547733307,0.1821364015340805,0.1821364015340805,0.18404707312583923,0.18404707312583923,0.20002871751785278,0.20002871751785278,0.18379810452461243,0.18379810452461243
[hmim]__[Tf2N]__R1234ze(E)__343.21__0.6234,L2,Mreduced,R1234ZE(E),HFO,HMIM,TF2N,343.21,0.6234,0.201,0.22277724146842956,0.012696574174621666,0.021777241468429548,0.2416827529668808,0.2416827529668808,0.21563081443309784,0.21563081443309784,0.21267154812812805,0.21267154812812805,0.2301000952720642,0.2301000952720642,0.21380099654197693,0.21380099654197693
[hmim]__[Tf2N]__R1234ze(E)__353.21__0.1221,L2,Mreduced,R1234ZE(E),HFO,HMIM,TF2N,353.21,0.1221,0.0228,0.04453669860959053,0.014454160234275584,0.02173669860959053,0.04926598072052002,0.04926598072052002,0.02744191884994507,0.02744191884994507,0.03502028435468674,0.03502028435468674,0.06525319069623947,0.06525319069623947,0.045702118426561356,0.045702118426561356
[hmim]__[Tf2N]__R1234ze(E)__353.21__0.2612,L2,Mreduced,R1234ZE(E),HFO,HMIM,TF2N,353.21,0.2612,0.0535,0.08672377914190292,0.012376941745282245,0.03322377914190292,0.09542131423950195,0.09542131423950195,0.07531917095184326,0.07531917095184326,0.09013354778289795,0.09013354778289795,0.10042890906333923,0.10042890906333923,0.07231595367193222,0.07231595367193222
[hmim]__[Tf2N]__R1234ze(E)__353.14__0.4066,L2,Mreduced,R1234ZE(E),HFO,HMIM,TF2N,353.14,0.4066,0.0952,0.1311529904603958,0.009800259494917345,0.035952990460395795,0.13940051198005676,0.13940051198005676,0.12206147611141205,0.12206147611141205,0.1318628042936325,0.1318628042936325,0.14201337099075317,0.14201337099075317,0.12042678892612457,0.12042678892612457
[hmim]__[Tf2N]__R1234ze(E)__353.22__0.5758,L2,Mreduced,R1234ZE(E),HFO,HMIM,TF2N,353.22,0.5758,0.1457,0.17324255108833314,0.0124652307923971,0.027542551088333145,0.18898190557956696,0.18898190557956696,0.16650350391864777,0.16650350391864777,0.16223658621311188,0.16223658621311188,0.1843756139278412,0.1843756139278412,0.16411514580249786,0.16411514580249786
[hmim]__[Tf2N]__R1234ze(E)__353.23__0.6937,L2,Mreduced,R1234ZE(E),HFO,HMIM,TF2N,353.23,0.6937000000000001,0.1766,0.20264378190040588,0.014083405877215387,0.026043781900405877,0.2225327342748642,0.2225327342748642,0.19851996004581451,0.19851996004581451,0.1872738003730774,0.1872738003730774,0.21094557642936707,0.21094557642936707,0.19394683837890625,0.19394683837890625
[hmim]__[Tf2N]__R1233zd(E)__303.24__0.009,L2,Mreduced,R1233ZD(E),HCFO,HMIM,TF2N,303.24,0.009,0.014,0.072563386708498,0.019342071190331454,0.058563386708498005,0.09841255843639374,0.09841255843639374,0.05117641016840935,0.05117641016840935,0.05582750588655472,0.05582750588655472,0.08148133009672165,0.08148133009672165,0.07591912895441055,0.07591912895441055
[hmim]__[Tf2N]__R1233zd(E)__303.16__0.02,L2,Mreduced,R1233ZD(E),HCFO,HMIM,TF2N,303.16,0.02,0.027,0.08418970555067062,0.01834582492808285,0.05718970555067063,0.10897406935691833,0.10897406935691833,0.06386362016201019,0.06386362016201019,0.06848160922527313,0.06848160922527313,0.09191690385341644,0.09191690385341644,0.08771232515573502,0.08771232515573502
[hmim]__[Tf2N]__R1233zd(E)__303.15__0.032,L2,Mreduced,R1233ZD(E),HCFO,HMIM,TF2N,303.15,0.032,0.045,0.09714835435152054,0.01715103459184761,0.05214835435152054,0.12039873003959656,0.12039873003959656,0.07821139693260193,0.07821139693260193,0.08235330879688263,0.08235330879688263,0.10373415797948837,0.10373415797948837,0.1010441780090332,0.1010441780090332
[hmim]__[Tf2N]__R1233zd(E)__303.33__0.048,L2,Mreduced,R1233ZD(E),HCFO,HMIM,TF2N,303.33,0.048,0.068,0.11516637057065963,0.015275986142079567,0.04716637057065963,0.1353069543838501,0.1353069543838501,0.09908054023981094,0.09908054023981094,0.10061086714267731,0.10061086714267731,0.12142431735992432,0.12142431735992432,0.11940917372703552,0.11940917372703552
[hmim]__[Tf2N]__R1233zd(E)__303.12__0.064,L2,Mreduced,R1233ZD(E),HCFO,HMIM,TF2N,303.12,0.064,0.092,0.13605315387248992,0.012915967907714583,0.044053153872489925,0.15186361968517303,0.15186361968517303,0.12386520206928253,0.12386520206928253,0.12164726853370667,0.12164726853370667,0.14269019663333893,0.14269019663333893,0.1401994824409485,0.1401994824409485
[hmim]__[Tf2N]__R1233zd(E)__303.23__0.081,L2,Mreduced,R1233ZD(E),HCFO,HMIM,TF2N,303.23,0.081,0.113,0.1587252736091614,0.01096938329642074,0.045725273609161385,0.1690588742494583,0.1690588742494583,0.15042677521705627,0.15042677521705627,0.1440693885087967,0.1440693885087967,0.1674046367406845,0.1674046367406845,0.1626666933298111,0.1626666933298111
[hmim]__[Tf2N]__R1233zd(E)__313.15__0.01,L2,Mreduced,R1233ZD(E),HCFO,HMIM,TF2N,313.15,0.01,0.014,0.05092487707734108,0.020349435164436606,0.03692487707734108,0.06843080371618271,0.06843080371618271,0.02716308832168579,0.02716308832168579,0.03198154643177986,0.03198154643177986,0.07090581953525543,0.07090581953525543,0.056143127381801605,0.056143127381801605
[hmim]__[Tf2N]__R1233zd(E)__313.13__0.022,L2,Mreduced,R1233ZD(E),HCFO,HMIM,TF2N,313.13,0.022,0.026,0.06053875088691711,0.019929160604085488,0.034538750886917116,0.07793307304382324,0.07793307304382324,0.03705844655632973,0.03705844655632973,0.04216564819216728,0.04216564819216728,0.07977201789617538,0.07977201789617538,0.06576456874608994,0.06576456874608994
[hmim]__[Tf2N]__R1233zd(E)__313.15__0.036,L2,Mreduced,R1233ZD(E),HCFO,HMIM,TF2N,313.15,0.036,0.042,0.07237750589847565,0.019432824764241352,0.030377505898475647,0.08937279880046844,0.08937279880046844,0.04920545220375061,0.04920545220375061,0.05454257130622864,0.05454257130622864,0.09064390510320663,0.09064390510320663,0.07812280207872391,0.07812280207872391
[hmim]__[Tf2N]__R1233zd(E)__313.13__0.053,L2,Mreduced,R1233ZD(E),HCFO,HMIM,TF2N,313.13,0.053,0.065,0.0880339577794075,0.018543725228063357,0.023033957779407505,0.10344773530960083,0.10344773530960083,0.06633953750133514,0.06633953750133514,0.0701974481344223,0.0701974481344223,0.10549100488424301,0.10549100488424301,0.09469406306743622,0.09469406306743622
[hmim]__[Tf2N]__R1233zd(E)__313.15__0.071,L2,Mreduced,R1233ZD(E),HCFO,HMIM,TF2N,313.15,0.071,0.089,0.10599657446146012,0.017129557389756765,0.01699657446146012,0.11827702820301056,0.11827702820301056,0.08677389472723007,0.08677389472723007,0.08837886154651642,0.08837886154651642,0.12282554805278778,0.12282554805278778,0.11372753977775574,0.11372753977775574
[hmim]__[Tf2N]__R1233zd(E)__313.13__0.09,L2,Mreduced,R1233ZD(E),HCFO,HMIM,TF2N,313.13,0.09,0.109,0.12595710009336472,0.015286393261478647,0.01695710009336472,0.13373717665672302,0.13373717665672302,0.1109653040766716,0.1109653040766716,0.10835801064968109,0.10835801064968109,0.14235597848892212,0.14235597848892212,0.13436903059482574,0.13436903059482574
[hmim]__[Tf2N]__R1233zd(E)__323.16__0.012,L2,Mreduced,R1233ZD(E),HCFO,HMIM,TF2N,323.16,0.012,0.012,0.03845764584839344,0.02108435445023135,0.026457645848393437,0.04844577610492706,0.04844577610492706,0.016109326854348183,0.016109326854348183,0.01763628050684929,0.01763628050684929,0.06492143869400024,0.06492143869400024,0.04517540708184242,0.04517540708184242
[hmim]__[Tf2N]__R1233zd(E)__323.15__0.025,L2,Mreduced,R1233ZD(E),HCFO,HMIM,TF2N,323.15,0.025,0.024,0.04729042053222656,0.02091642508929335,0.02329042053222656,0.05732891708612442,0.05732891708612442,0.024783726781606674,0.024783726781606674,0.027023490518331528,0.027023490518331528,0.07356055825948715,0.07356055825948715,0.05375541001558304,0.05375541001558304
[hmim]__[Tf2N]__R1233zd(E)__323.15__0.041,L2,Mreduced,R1233ZD(E),HCFO,HMIM,TF2N,323.15,0.041,0.04,0.05855095759034157,0.020673061028252056,0.018550957590341567,0.06804965436458588,0.06804965436458588,0.0356467179954052,0.0356467179954052,0.03914303332567215,0.03914303332567215,0.0844351127743721,0.0844351127743721,0.06548026949167252,0.06548026949167252
[hmim]__[Tf2N]__R1233zd(E)__323.17__0.06,L2,Mreduced,R1233ZD(E),HCFO,HMIM,TF2N,323.17,0.06,0.062,0.07254394888877869,0.020027565425429387,0.010543948888778687,0.08048254251480103,0.08048254251480103,0.0501675009727478,0.0501675009727478,0.054276734590530396,0.054276734590530396,0.09817508608102798,0.09817508608102798,0.07961788028478622,0.07961788028478622
[hmim]__[Tf2N]__R1233zd(E)__323.15__0.081,L2,Mreduced,R1233ZD(E),HCFO,HMIM,TF2N,323.15,0.081,0.084,0.08871050029993058,0.019109141992429576,0.004710500299930573,0.09513893723487854,0.09513893723487854,0.06810696423053741,0.06810696423053741,0.07106631249189377,0.07106631249189377,0.11403438448905945,0.11403438448905945,0.09520590305328369,0.09520590305328369
[hmim]__[Tf2N]__R1233zd(E)__323.15__0.102,L2,Mreduced,R1233ZD(E),HCFO,HMIM,TF2N,323.15,0.102,0.104,0.10638098120689392,0.017774644053826567,0.002380981206893923,0.11030897498130798,0.11030897498130798,0.08931984007358551,0.08931984007358551,0.0883735716342926,0.0883735716342926,0.13055667281150818,0.13055667281150818,0.11334584653377533,0.11334584653377533
[hmim]__[Tf2N]__R1233zd(E)__333.16__0.014,L2,Mreduced,R1233ZD(E),HCFO,HMIM,TF2N,333.16,0.014,0.011,0.030267303064465522,0.02091592889309111,0.019267303064465523,0.033588193356990814,0.033588193356990814,0.00829467922449112,0.00829467922449112,0.011121394112706184,0.011121394112706184,0.05852515995502472,0.05852515995502472,0.03980708867311478,0.03980708867311478
[hmim]__[Tf2N]__R1233zd(E)__333.17__0.029,L2,Mreduced,R1233ZD(E),HCFO,HMIM,TF2N,333.17,0.029,0.022,0.039074428752064704,0.02089290271302584,0.017074428752064705,0.04210180789232254,0.04210180789232254,0.017049679532647133,0.017049679532647133,0.02038448676466942,0.02038448676466942,0.06772416085004807,0.06772416085004807,0.04811200872063637,0.04811200872063637
[hmim]__[Tf2N]__R1233zd(E)__333.16__0.047,L2,Mreduced,R1233ZD(E),HCFO,HMIM,TF2N,333.16,0.047,0.037,0.04986133947968483,0.020840132699428065,0.012861339479684833,0.0520138218998909,0.0520138218998909,0.028264105319976807,0.028264105319976807,0.03139444813132286,0.03139444813132286,0.07897832244634628,0.07897832244634628,0.0586559996008873,0.0586559996008873
[hmim]__[Tf2N]__R1233zd(E)__333.17__0.068,L2,Mreduced,R1233ZD(E),HCFO,HMIM,TF2N,333.17,0.068,0.058,0.06283224374055862,0.02075280944443133,0.004832243740558621,0.06406547129154205,0.06406547129154205,0.04193878918886185,0.04193878918886185,0.04458096623420715,0.04458096623420715,0.09257940202951431,0.09257940202951431,0.07099658995866776,0.07099658995866776
[hmim]__[Tf2N]__R1233zd(E)__333.16__0.092,L2,Mreduced,R1233ZD(E),HCFO,HMIM,TF2N,333.16,0.092,0.079,0.0779549539089203,0.020058630581129812,0.0010450460910797071,0.07817383110523224,0.07817383110523224,0.05853228271007538,0.05853228271007538,0.06062697619199753,0.06062697619199753,0.1077222004532814,0.1077222004532814,0.08471947908401489,0.08471947908401489
[hmim]__[Tf2N]__R1233zd(E)__333.18__0.115,L2,Mreduced,R1233ZD(E),HCFO,HMIM,TF2N,333.18,0.115,0.098,0.09303590506315232,0.019125098066389734,0.004964094936847685,0.0918758362531662,0.0918758362531662,0.07576967030763626,0.07576967030763626,0.07615082710981369,0.07615082710981369,0.12198442965745926,0.12198442965745926,0.09939876198768616,0.09939876198768616
[hmim]__[Tf2N]__R1233zd(E)__343.16__0.017,L2,Mreduced,R1233ZD(E),HCFO,HMIM,TF2N,343.16,0.017,0.01,0.024267489090561867,0.019769923765148016,0.014267489090561867,0.022568780928850174,0.022568780928850174,0.003932293504476547,0.003932293504476547,0.007784811779856682,0.007784811779856682,0.05169742554426193,0.05169742554426193,0.035354133695364,0.035354133695364
[hmim]__[Tf2N]__R1233zd(E)__343.16__0.033,L2,Mreduced,R1233ZD(E),HCFO,HMIM,TF2N,343.16,0.033,0.02,0.03267771452665329,0.019914540578914362,0.012677714526653287,0.02998467907309532,0.02998467907309532,0.01215365156531334,0.01215365156531334,0.01679953560233116,0.01679953560233116,0.060637522488832474,0.060637522488832474,0.04381318390369415,0.04381318390369415
[hmim]__[Tf2N]__R1233zd(E)__343.16__0.053,L2,Mreduced,R1233ZD(E),HCFO,HMIM,TF2N,343.16,0.053,0.034,0.043397004902362826,0.020146956973853658,0.009397004902362824,0.04035220667719841,0.04035220667719841,0.022732842713594437,0.022732842713594437,0.027753129601478577,0.027753129601478577,0.07224586606025696,0.07224586606025696,0.053900979459285736,0.053900979459285736
[hmim]__[Tf2N]__R1233zd(E)__343.17__0.078,L2,Mreduced,R1233ZD(E),HCFO,HMIM,TF2N,343.17,0.078,0.054,0.05702506080269813,0.020172655750718617,0.003025060802698133,0.053268078714609146,0.053268078714609146,0.037711553275585175,0.037711553275585175,0.041373103857040405,0.041373103857040405,0.0874750167131424,0.0874750167131424,0.06529755145311356,0.06529755145311356
[hmim]__[Tf2N]__R1233zd(E)__343.17__0.104,L2,Mreduced,R1233ZD(E),HCFO,HMIM,TF2N,343.17,0.104,0.074,0.07092950940132141,0.01984271951847355,0.003070490598678588,0.0664951354265213,0.0664951354265213,0.052412018179893494,0.052412018179893494,0.05633621662855148,0.05633621662855148,0.10183858871459961,0.10183858871459961,0.07756558805704117,0.07756558805704117
[hmim]__[Tf2N]__R1233zd(E)__343.15__0.13,L2,Mreduced,R1233ZD(E),HCFO,HMIM,TF2N,343.15,0.13,0.092,0.0854431301355362,0.019549633876268277,0.006556869864463799,0.07986019551753998,0.07986019551753998,0.06776722520589828,0.06776722520589828,0.07149682193994522,0.07149682193994522,0.11626321077346802,0.11626321077346802,0.09182819724082947,0.09182819724082947
[omim]__[BF4]__R1234yf__283.15__0.0548,L2,Mreduced,R1234YF,HFO,OMIM,BF4,283.15,0.0548,0.0292,0.02646132782101631,0.015627423291576775,0.00273867217898369,0.014259209856390953,0.014259209856390953,0.018687628209590912,0.018687628209590912,0.013855302706360817,0.013855302706360817,0.048990968614816666,0.048990968614816666,0.03651352971792221,0.03651352971792221
[omim]__[BF4]__R1234yf__283.15__0.1023,L2,Mreduced,R1234YF,HFO,OMIM,BF4,283.15,0.1023,0.0541,0.047308317571878436,0.012220592502718147,0.006791682428121566,0.039569322019815445,0.039569322019815445,0.042774748057127,0.042774748057127,0.03443584218621254,0.03443584218621254,0.06406945735216141,0.06406945735216141,0.055692218244075775,0.055692218244075775
[omim]__[BF4]__R1234yf__283.15__0.1492,L2,Mreduced,R1234YF,HFO,OMIM,BF4,283.15,0.1492,0.0781,0.06813625022768974,0.009192396336385885,0.009963749772310265,0.06709948927164078,0.06709948927164078,0.06396462023258209,0.06396462023258209,0.05551723763346672,0.05551723763346672,0.07787928730249405,0.07787928730249405,0.07622061669826508,0.07622061669826508
[omim]__[BF4]__R1234yf__283.15__0.1929,L2,Mreduced,R1234YF,HFO,OMIM,BF4,283.15,0.1929,0.1018,0.08796936273574829,0.008312388109153435,0.01383063726425171,0.095868319272995,0.095868319272995,0.08083386719226837,0.08083386719226837,0.07767082005739212,0.07767082005739212,0.09033320844173431,0.09033320844173431,0.09514059871435165,0.09514059871435165
[omim]__[BF4]__R1234yf__283.15__0.2337,L2,Mreduced,R1234YF,HFO,OMIM,BF4,283.15,0.2337,0.1292,0.10673667937517166,0.010437625088188792,0.02246332062482835,0.12165281176567078,0.12165281176567078,0.09759502857923508,0.09759502857923508,0.09828721731901169,0.09828721731901169,0.10284233838319778,0.10284233838319778,0.11330600082874298,0.11330600082874298
[omim]__[BF4]__R1234yf__283.15__0.2759,L2,Mreduced,R1234YF,HFO,OMIM,BF4,283.15,0.2759,0.1552,0.1279098004102707,0.013073000036199425,0.027290199589729308,0.14859001338481903,0.14859001338481903,0.11593179404735565,0.11593179404735565,0.1240118145942688,0.1240118145942688,0.11896036565303802,0.11896036565303802,0.13205501437187195,0.13205501437187195
[omim]__[BF4]__R1234yf__283.15__0.3145,L2,Mreduced,R1234YF,HFO,OMIM,BF4,283.15,0.3145,0.1847,0.15040255784988404,0.016383985581440164,0.03429744215011596,0.1766194999217987,0.1766194999217987,0.13609306514263153,0.13609306514263153,0.15158650279045105,0.15158650279045105,0.13698095083236694,0.13698095083236694,0.15073277056217194,0.15073277056217194
[omim]__[BF4]__R1234yf__293.15__0.0576,L2,Mreduced,R1234YF,HFO,OMIM,BF4,293.15,0.0576,0.0264,0.020277068391442298,0.017730487586279337,0.006122931608557702,0.0022134929895401,0.0022134929895401,0.008985716849565506,0.008985716849565506,0.012992283329367638,0.012992283329367638,0.04489736258983612,0.04489736258983612,0.03229648619890213,0.03229648619890213
[omim]__[BF4]__R1234yf__293.15__0.108,L2,Mreduced,R1234YF,HFO,OMIM,BF4,293.15,0.108,0.0474,0.038285597786307336,0.014581390259402595,0.009114402213692661,0.02398715913295746,0.02398715913295746,0.029539549723267555,0.029539549723267555,0.030624791979789734,0.030624791979789734,0.05807860568165779,0.05807860568165779,0.049197882413864136,0.049197882413864136
[omim]__[BF4]__R1234yf__293.15__0.1576,L2,Mreduced,R1234YF,HFO,OMIM,BF4,293.15,0.1576,0.0683,0.05506604686379433,0.011584107641539422,0.013233953136205671,0.04506133869290352,0.04506133869290352,0.04701412096619606,0.04701412096619606,0.048025283962488174,0.048025283962488174,0.06952870637178421,0.06952870637178421,0.06570078432559967,0.06570078432559967
[omim]__[BF4]__R1234yf__293.15__0.2047,L2,Mreduced,R1234YF,HFO,OMIM,BF4,293.15,0.2047,0.0877,0.07092037275433541,0.00908244119106748,0.01677962724566459,0.0667370855808258,0.0667370855808258,0.06183421239256859,0.06183421239256859,0.06470432877540588,0.06470432877540588,0.07981950789690018,0.07981950789690018,0.08150672912597656,0.08150672912597656
[omim]__[BF4]__R1234yf__293.15__0.2497,L2,Mreduced,R1234YF,HFO,OMIM,BF4,293.15,0.2497,0.1075,0.08675341904163361,0.008148455388061346,0.020746580958366387,0.09029228985309601,0.09029228985309601,0.07600635290145874,0.07600635290145874,0.08120127022266388,0.08120127022266388,0.08957502990961075,0.08957502990961075,0.09669215232133865,0.09669215232133865
[omim]__[BF4]__R1234yf__293.15__0.2958,L2,Mreduced,R1234YF,HFO,OMIM,BF4,293.15,0.2958,0.1279,0.10222532451152802,0.010307892823748345,0.025674675488471993,0.11477474868297577,0.11477474868297577,0.09025898575782776,0.09025898575782776,0.09689705073833466,0.09689705073833466,0.09809098392724991,0.09809098392724991,0.11110485345125198,0.11110485345125198
[omim]__[BF4]__R1234yf__293.15__0.3393,L2,Mreduced,R1234YF,HFO,OMIM,BF4,293.15,0.3393,0.149,0.11712402552366256,0.01438908388214187,0.03187597447633743,0.138769268989563,0.138769268989563,0.10368190705776215,0.10368190705776215,0.11241479218006134,0.11241479218006134,0.10669677704572678,0.10669677704572678,0.12405738234519958,0.12405738234519958
[omim]__[BF4]__R1234yf__303.15__0.0608,L2,Mreduced,R1234YF,HFO,OMIM,BF4,303.15,0.0608,0.0223,0.01846651956439018,0.017006657870643233,0.0038334804356098193,-0.0011427085846662521,0.0,0.006659436970949173,0.006659436970949173,0.01421901024878025,0.01421901024878025,0.041321322321891785,0.041321322321891785,0.030132828280329704,0.030132828280329704
[omim]__[BF4]__R1234yf__303.15__0.1143,L2,Mreduced,R1234YF,HFO,OMIM,BF4,303.15,0.1143,0.039,0.03316526934504509,0.015038401546534947,0.005834730654954913,0.016555026173591614,0.016555026173591614,0.021405313163995743,0.021405313163995743,0.031207967549562454,0.031207967549562454,0.0519833080470562,0.0519833080470562,0.04467473179101944,0.04467473179101944
[omim]__[BF4]__R1234yf__303.15__0.1671,L2,Mreduced,R1234YF,HFO,OMIM,BF4,303.15,0.1671,0.0556,0.04729408919811249,0.01285941885963683,0.008305910801887507,0.03442168980836868,0.03442168980836868,0.03547942265868187,0.03547942265868187,0.04560079798102379,0.04560079798102379,0.0621190071105957,0.0621190071105957,0.058849528431892395,0.058849528431892395
[omim]__[BF4]__R1234yf__303.15__0.2171,L2,Mreduced,R1234YF,HFO,OMIM,BF4,303.15,0.2171,0.0717,0.0602213479578495,0.01116262416118073,0.011478652042150497,0.05056406557559967,0.05056406557559967,0.04865064099431038,0.04865064099431038,0.05832837522029877,0.05832837522029877,0.07133486121892929,0.07133486121892929,0.0722287967801094,0.0722287967801094
[omim]__[BF4]__R1234yf__303.15__0.2652,L2,Mreduced,R1234YF,HFO,OMIM,BF4,303.15,0.2652,0.0882,0.07259435802698136,0.009147700473230748,0.015605641973018641,0.07000887393951416,0.07000887393951416,0.06024158000946045,0.06024158000946045,0.06997876614332199,0.06997876614332199,0.07867539674043655,0.07867539674043655,0.08406717330217361,0.08406717330217361
[omim]__[BF4]__R1234yf__303.15__0.3149,L2,Mreduced,R1234YF,HFO,OMIM,BF4,303.15,0.3149,0.1041,0.08580910116434097,0.008639945806629745,0.018290898835659028,0.09021681547164917,0.09021681547164917,0.07316634058952332,0.07316634058952332,0.08295010030269623,0.08295010030269623,0.08637543767690659,0.08637543767690659,0.09633681178092957,0.09633681178092957
[omim]__[BF4]__R1234yf__303.15__0.3617,L2,Mreduced,R1234YF,HFO,OMIM,BF4,303.15,0.3617,0.1203,0.09727628529071808,0.011109470631235881,0.023023714709281926,0.11081624031066895,0.11081624031066895,0.08358204364776611,0.08358204364776611,0.09387390315532684,0.09387390315532684,0.09181177616119385,0.09181177616119385,0.10629746317863464,0.10629746317863464
[omim]__[BF4]__R1234yf__313.15__0.0637,L2,Mreduced,R1234YF,HFO,OMIM,BF4,313.15,0.0637,0.0193,0.01749981753528118,0.016540918063050736,0.0018001824647188198,-0.00021561980247497559,0.0,0.0041773393750190735,0.0041773393750190735,0.015784574672579765,0.015784574672579765,0.04002910107374191,0.04002910107374191,0.027508072555065155,0.027508072555065155
[omim]__[BF4]__R1234yf__313.15__0.12,L2,Mreduced,R1234YF,HFO,OMIM,BF4,313.15,0.12,0.0329,0.03053557202219963,0.013863600458679272,0.0023644279778003673,0.01624937728047371,0.01624937728047371,0.01765219122171402,0.01765219122171402,0.0314955897629261,0.0314955897629261,0.04885229468345642,0.04885229468345642,0.0384284071624279,0.0384284071624279
[omim]__[BF4]__R1234yf__313.15__0.1754,L2,Mreduced,R1234YF,HFO,OMIM,BF4,313.15,0.1754,0.0472,0.042211192473769185,0.012175988983360295,0.004988807526230814,0.030556749552488327,0.030556749552488327,0.02932007797062397,0.02932007797062397,0.04382788762450218,0.04382788762450218,0.057248570024967194,0.057248570024967194,0.05010267719626427,0.05010267719626427
[omim]__[BF4]__R1234yf__313.15__0.2283,L2,Mreduced,R1234YF,HFO,OMIM,BF4,313.15,0.2283,0.0607,0.05228265151381493,0.01067430672937813,0.00841734848618507,0.04464380443096161,0.04464380443096161,0.03844583407044411,0.03844583407044411,0.053568437695503235,0.053568437695503235,0.06287001073360443,0.06287001073360443,0.06188517063856125,0.06188517063856125
[omim]__[BF4]__R1234yf__313.15__0.2793,L2,Mreduced,R1234YF,HFO,OMIM,BF4,313.15,0.2793,0.0741,0.06225113570690155,0.00984590684269386,0.011848864293098449,0.059226226061582565,0.059226226061582565,0.047626253217458725,0.047626253217458725,0.06241666525602341,0.06241666525602341,0.06855881214141846,0.06855881214141846,0.0734277218580246,0.0734277218580246
[omim]__[BF4]__R1234yf__313.15__0.3319,L2,Mreduced,R1234YF,HFO,OMIM,BF4,313.15,0.3319,0.0879,0.07290610671043396,0.009111574063558713,0.014993893289566046,0.07459773123264313,0.07459773123264313,0.05880957096815109,0.05880957096815109,0.07204915583133698,0.07204915583133698,0.07496339827775955,0.07496339827775955,0.08411067724227905,0.08411067724227905
[omim]__[BF4]__R1234yf__313.15__0.3823,L2,Mreduced,R1234YF,HFO,OMIM,BF4,313.15,0.3823,0.1017,0.08216360658407211,0.010236815920000789,0.01953639341592789,0.09020493924617767,0.09020493924617767,0.06705132871866226,0.06705132871866226,0.08117284625768661,0.08117284625768661,0.07938826829195023,0.07938826829195023,0.09300065040588379,0.09300065040588379
[omim]__[BF4]__R1234yf__323.15__0.0668,L2,Mreduced,R1234YF,HFO,OMIM,BF4,323.15,0.0668,0.016,0.016308581829071044,0.015963323393350874,0.0003085818290710432,3.376230597496033e-05,3.376230597496033e-05,0.002802550792694092,0.002802550792694092,0.01587616838514805,0.01587616838514805,0.039011940360069275,0.039011940360069275,0.02381848730146885,0.02381848730146885
[omim]__[BF4]__R1234yf__323.15__0.1256,L2,Mreduced,R1234YF,HFO,OMIM,BF4,323.15,0.1256,0.0276,0.027524524182081223,0.01359566276300288,7.54758179187763e-05,0.015086706727743149,0.015086706727743149,0.012986836954951286,0.012986836954951286,0.031106317415833473,0.031106317415833473,0.04581161588430405,0.04581161588430405,0.03263114392757416,0.03263114392757416
[omim]__[BF4]__R1234yf__323.15__0.1838,L2,Mreduced,R1234YF,HFO,OMIM,BF4,323.15,0.1838,0.0395,0.03808019757270813,0.011619963980910513,0.0014198024272918733,0.02925235405564308,0.02925235405564308,0.02399270609021187,0.02399270609021187,0.0422726608812809,0.0422726608812809,0.05339378863573074,0.05339378863573074,0.04148947820067406,0.04148947820067406
[omim]__[BF4]__R1234yf__323.15__0.2393,L2,Mreduced,R1234YF,HFO,OMIM,BF4,323.15,0.2393,0.0509,0.04636831879615784,0.009352801556452043,0.004531681203842161,0.0424003042280674,0.0424003042280674,0.03233208507299423,0.03233208507299423,0.04980073124170303,0.04980073124170303,0.05675164982676506,0.05675164982676506,0.05055682361125946,0.05055682361125946
[omim]__[BF4]__R1234yf__323.15__0.2928,L2,Mreduced,R1234YF,HFO,OMIM,BF4,323.15,0.2928,0.0625,0.05406422168016434,0.00859764141133869,0.008435778319835663,0.05446086823940277,0.05446086823940277,0.03939029574394226,0.03939029574394226,0.05598478019237518,0.05598478019237518,0.059956662356853485,0.059956662356853485,0.060528501868247986,0.060528501868247986
[omim]__[BF4]__R1234yf__323.15__0.3483,L2,Mreduced,R1234YF,HFO,OMIM,BF4,323.15,0.3483,0.0742,0.06194260492920876,0.00910476949320173,0.012257395070791245,0.06522887945175171,0.06522887945175171,0.046695586293935776,0.046695586293935776,0.06268393993377686,0.06268393993377686,0.06402888894081116,0.06402888894081116,0.07107573002576828,0.07107573002576828
[omim]__[BF4]__R1234yf__323.15__0.4014,L2,Mreduced,R1234YF,HFO,OMIM,BF4,323.15,0.4014,0.0859,0.06906705871224403,0.00981628910583001,0.016832941287755976,0.07708189636468887,0.07708189636468887,0.053897079080343246,0.053897079080343246,0.06822794675827026,0.06822794675827026,0.06765983253717422,0.06765983253717422,0.07846853882074356,0.07846853882074356
[omim]__[BF4]__R1234yf__333.15__0.0697,L2,Mreduced,R1234YF,HFO,OMIM,BF4,333.15,0.0697,0.0134,0.014097779616713524,0.015093620716392992,0.0006977796167135231,-0.0021317806094884872,0.0,0.00017373636364936829,0.00017373636364936829,0.014420060440897942,0.014420060440897942,0.036160558462142944,0.036160558462142944,0.019734542816877365,0.019734542816877365
[omim]__[BF4]__R1234yf__333.15__0.131,L2,Mreduced,R1234YF,HFO,OMIM,BF4,333.15,0.131,0.0235,0.024135835468769073,0.013158661694199483,0.0006358354687690734,0.01271069422364235,0.01271069422364235,0.009664293378591537,0.009664293378591537,0.02872547134757042,0.02872547134757042,0.04202061891555786,0.04202061891555786,0.0275580994784832,0.0275580994784832
[omim]__[BF4]__R1234yf__333.15__0.1916,L2,Mreduced,R1234YF,HFO,OMIM,BF4,333.15,0.1916,0.034,0.0328900121152401,0.01153918176136973,0.001109987884759904,0.02615494653582573,0.02615494653582573,0.017685815691947937,0.017685815691947937,0.038867752999067307,0.038867752999067307,0.04768853262066841,0.04768853262066841,0.0340530127286911,0.0340530127286911
[omim]__[BF4]__R1234yf__333.15__0.2496,L2,Mreduced,R1234YF,HFO,OMIM,BF4,333.15,0.2496,0.0439,0.04008337892591953,0.009581479631290229,0.00381662107408047,0.03764243423938751,0.03764243423938751,0.02537173219025135,0.02537173219025135,0.04540214687585831,0.04540214687585831,0.050823114812374115,0.050823114812374115,0.04117746651172638,0.04117746651172638
[omim]__[BF4]__R1234yf__333.15__0.3056,L2,Mreduced,R1234YF,HFO,OMIM,BF4,333.15,0.3056,0.054,0.0466415099799633,0.008380007162402663,0.007358490020036697,0.047548629343509674,0.047548629343509674,0.032176338136196136,0.032176338136196136,0.0502893403172493,0.0502893403172493,0.053648583590984344,0.053648583590984344,0.04954465851187706,0.04954465851187706
[omim]__[BF4]__R1234yf__333.15__0.3639,L2,Mreduced,R1234YF,HFO,OMIM,BF4,333.15,0.3639,0.0641,0.05313044935464859,0.008585461972043061,0.010969550645351413,0.05591639503836632,0.05591639503836632,0.03784465789794922,0.03784465789794922,0.0567922368645668,0.0567922368645668,0.056856878101825714,0.056856878101825714,0.0582420788705349,0.0582420788705349
[omim]__[BF4]__R1234yf__333.15__0.4196,L2,Mreduced,R1234YF,HFO,OMIM,BF4,333.15,0.4196,0.0743,0.058563914895057675,0.00878223678581507,0.01573608510494233,0.06447522342205048,0.06447522342205048,0.043330419808626175,0.043330419808626175,0.06080274283885956,0.06080274283885956,0.059717241674661636,0.059717241674661636,0.06449394673109055,0.06449394673109055
[omim]__[BF4]__R1234yf__343.15__0.0725,L2,Mreduced,R1234YF,HFO,OMIM,BF4,343.15,0.0725,0.0108,0.011897259578108787,0.013283764481675942,0.0010972595781087863,-0.006190584972500801,0.0,-0.0024885162711143494,0.0,0.012121731415390968,0.012121731415390968,0.032194629311561584,0.032194629311561584,0.015169937163591385,0.015169937163591385
[omim]__[BF4]__R1234yf__343.15__0.1361,L2,Mreduced,R1234YF,HFO,OMIM,BF4,343.15,0.1361,0.0201,0.01986370123922825,0.013737291089951368,0.00023629876077175052,0.007018875330686569,0.007018875330686569,0.005748074501752853,0.005748074501752853,0.024915823712944984,0.024915823712944984,0.038726747035980225,0.038726747035980225,0.02290898561477661,0.02290898561477661
[omim]__[BF4]__R1234yf__343.15__0.1993,L2,Mreduced,R1234YF,HFO,OMIM,BF4,343.15,0.1993,0.0291,0.027476921677589417,0.011606325157159337,0.0016230783224105844,0.019834790378808975,0.019834790378808975,0.013009395450353622,0.013009395450353622,0.03360537067055702,0.03360537067055702,0.0427427664399147,0.0427427664399147,0.02819228544831276,0.02819228544831276
[omim]__[BF4]__R1234yf__343.15__0.2598,L2,Mreduced,R1234YF,HFO,OMIM,BF4,343.15,0.2598,0.0375,0.033888719603419305,0.009828877442305038,0.0036112803965806933,0.029817715287208557,0.029817715287208557,0.019894244149327278,0.019894244149327278,0.0400269478559494,0.0400269478559494,0.04556204751133919,0.04556204751133919,0.034142643213272095,0.034142643213272095
[omim]__[BF4]__R1234yf__343.15__0.3185,L2,Mreduced,R1234YF,HFO,OMIM,BF4,343.15,0.3185,0.0458,0.03976825214922428,0.008674921072578744,0.006031747850775718,0.038484904915094376,0.038484904915094376,0.025846237316727638,0.025846237316727638,0.04551601782441139,0.04551601782441139,0.048224493861198425,0.048224493861198425,0.040769606828689575,0.040769606828689575
[omim]__[BF4]__R1234yf__343.15__0.3793,L2,Mreduced,R1234YF,HFO,OMIM,BF4,343.15,0.3793,0.0546,0.045826127752661705,0.008536700713502451,0.008773872247338298,0.046786051243543625,0.046786051243543625,0.03105909936130047,0.03105909936130047,0.05203905701637268,0.05203905701637268,0.051216673105955124,0.051216673105955124,0.04802975803613663,0.04802975803613663
[omim]__[BF4]__R1234yf__343.15__0.4379,L2,Mreduced,R1234YF,HFO,OMIM,BF4,343.15,0.4379,0.0628,0.05037907287478447,0.008556876775138557,0.012420927125215524,0.054092176258563995,0.054092176258563995,0.03513411432504654,0.03513411432504654,0.055384159088134766,0.055384159088134766,0.054051369428634644,0.054051369428634644,0.053233545273542404,0.053233545273542404
[omim]__[BF4]__R1234ze(E)__283.15__0.045,L2,Mreduced,R1234ZE(E),HFO,OMIM,BF4,283.15,0.045,0.0595,0.04504477232694626,0.013300375517791636,0.014455227673053739,0.04777267202734947,0.04777267202734947,0.031327761709690094,0.031327761709690094,0.0327521488070488,0.0327521488070488,0.06338914483785629,0.06338914483785629,0.049982134252786636,0.049982134252786636
[omim]__[BF4]__R1234ze(E)__283.15__0.082,L2,Mreduced,R1234ZE(E),HFO,OMIM,BF4,283.15,0.082,0.1144,0.07256917655467987,0.011501116069684894,0.04183082344532013,0.07763390243053436,0.07763390243053436,0.059625253081321716,0.059625253081321716,0.062332361936569214,0.062332361936569214,0.087415911257267,0.087415911257267,0.07583845406770706,0.07583845406770706
[omim]__[BF4]__R1234ze(E)__283.15__0.117,L2,Mreduced,R1234ZE(E),HFO,OMIM,BF4,283.15,0.117,0.1692,0.10083242505788803,0.00999468648935926,0.06836757494211196,0.11039511859416962,0.11039511859416962,0.08756410330533981,0.08756410330533981,0.09453030675649643,0.09453030675649643,0.11043452471494675,0.11043452471494675,0.10123807191848755,0.10123807191848755
[omim]__[BF4]__R1234ze(E)__283.15__0.15,L2,Mreduced,R1234ZE(E),HFO,OMIM,BF4,283.15,0.15,0.2204,0.12920076996088029,0.009190048434489036,0.09119923003911973,0.1411348432302475,0.1411348432302475,0.1166999563574791,0.1166999563574791,0.1279613971710205,0.1279613971710205,0.13434460759162903,0.13434460759162903,0.12586304545402527,0.12586304545402527
[omim]__[BF4]__R1234ze(E)__283.15__0.181,L2,Mreduced,R1234ZE(E),HFO,OMIM,BF4,283.15,0.181,0.2689,0.1577446401119232,0.010243749015081982,0.11115535988807676,0.17220675945281982,0.17220675945281982,0.1459989845752716,0.1459989845752716,0.16226811707019806,0.16226811707019806,0.15772703289985657,0.15772703289985657,0.15052230656147003,0.15052230656147003
[omim]__[BF4]__R1234ze(E)__283.15__0.211,L2,Mreduced,R1234ZE(E),HFO,OMIM,BF4,283.15,0.211,0.3176,0.18721406459808348,0.013934850153886317,0.1303859354019165,0.20523710548877716,0.20523710548877716,0.17338110506534576,0.17338110506534576,0.19874633848667145,0.19874633848667145,0.18075820803642273,0.18075820803642273,0.17794756591320038,0.17794756591320038
[omim]__[BF4]__R1234ze(E)__283.15__0.236,L2,Mreduced,R1234ZE(E),HFO,OMIM,BF4,283.15,0.236,0.3614,0.21364810466766357,0.015674352691632684,0.14775189533233643,0.231484517455101,0.231484517455101,0.1999499648809433,0.1999499648809433,0.2299412190914154,0.2299412190914154,0.2022537887096405,0.2022537887096405,0.20461103320121765,0.20461103320121765
[omim]__[BF4]__R1234ze(E)__293.15__0.049,L2,Mreduced,R1234ZE(E),HFO,OMIM,BF4,293.15,0.049,0.0529,0.0329374298453331,0.016927443048842722,0.019962570154666903,0.022035231813788414,0.022035231813788414,0.016487793996930122,0.016487793996930122,0.02510743960738182,0.02510743960738182,0.056713636964559555,0.056713636964559555,0.044343046844005585,0.044343046844005585
[omim]__[BF4]__R1234ze(E)__293.15__0.091,L2,Mreduced,R1234ZE(E),HFO,OMIM,BF4,293.15,0.091,0.0984,0.056309475004673,0.015410450132364362,0.042090524995327,0.04886239022016525,0.04886239022016525,0.040358856320381165,0.040358856320381165,0.049254536628723145,0.049254536628723145,0.07949169725179672,0.07949169725179672,0.06357989460229874,0.06357989460229874
[omim]__[BF4]__R1234ze(E)__293.15__0.133,L2,Mreduced,R1234ZE(E),HFO,OMIM,BF4,293.15,0.133,0.1406,0.08072534501552582,0.012239227194198291,0.05987465498447418,0.07745596766471863,0.07745596766471863,0.06685957312583923,0.06685957312583923,0.07527552545070648,0.07527552545070648,0.09948460012674332,0.09948460012674332,0.08455105870962143,0.08455105870962143
[omim]__[BF4]__R1234ze(E)__293.15__0.173,L2,Mreduced,R1234ZE(E),HFO,OMIM,BF4,293.15,0.173,0.183,0.1057661384344101,0.009904686488283668,0.0772338615655899,0.10774241387844086,0.10774241387844086,0.09118162095546722,0.09118162095546722,0.10424795746803284,0.10424795746803284,0.1189003735780716,0.1189003735780716,0.10675832629203796,0.10675832629203796
[omim]__[BF4]__R1234ze(E)__293.15__0.211,L2,Mreduced,R1234ZE(E),HFO,OMIM,BF4,293.15,0.211,0.223,0.1310578167438507,0.00954900954708456,0.0919421832561493,0.1382196545600891,0.1382196545600891,0.11527322232723236,0.11527322232723236,0.13562524318695068,0.13562524318695068,0.13728100061416626,0.13728100061416626,0.12888996303081512,0.12888996303081512
[omim]__[BF4]__R1234ze(E)__293.15__0.248,L2,Mreduced,R1234ZE(E),HFO,OMIM,BF4,293.15,0.248,0.265,0.1571844518184662,0.01153458563630584,0.10781554818153383,0.169380322098732,0.169380322098732,0.1412534862756729,0.1412534862756729,0.16717630624771118,0.16717630624771118,0.15631893277168274,0.15631893277168274,0.1517932116985321,0.1517932116985321
[omim]__[BF4]__R1234ze(E)__293.15__0.281,L2,Mreduced,R1234ZE(E),HFO,OMIM,BF4,293.15,0.281,0.3032,0.1842084676027298,0.015061325907900087,0.11899153239727023,0.20090530812740326,0.20090530812740326,0.1670752912759781,0.1670752912759781,0.19928884506225586,0.19928884506225586,0.17733487486839294,0.17733487486839294,0.17643801867961884,0.17643801867961884
[omim]__[BF4]__R1234ze(E)__303.15__0.053,L2,Mreduced,R1234ZE(E),HFO,OMIM,BF4,303.15,0.053,0.045,0.029146111756563186,0.019882657570224532,0.015853888243436812,0.011955898255109787,0.011955898255109787,0.011162657290697098,0.011162657290697098,0.023258741945028305,0.023258741945028305,0.05618457496166229,0.05618457496166229,0.04316868633031845,0.04316868633031845
[omim]__[BF4]__R1234ze(E)__303.15__0.101,L2,Mreduced,R1234ZE(E),HFO,OMIM,BF4,303.15,0.101,0.0805,0.04923703297972679,0.017569670100554467,0.03126296702027321,0.03599853068590164,0.03599853068590164,0.030825302004814148,0.030825302004814148,0.046507012099027634,0.046507012099027634,0.07423963397741318,0.07423963397741318,0.058614686131477356,0.058614686131477356
[omim]__[BF4]__R1234ze(E)__303.15__0.148,L2,Mreduced,R1234ZE(E),HFO,OMIM,BF4,303.15,0.148,0.1153,0.06838651970028878,0.01587197729274282,0.04691348029971122,0.06026293337345123,0.06026293337345123,0.04820622131228447,0.04820622131228447,0.06908851116895676,0.06908851116895676,0.09093436598777771,0.09093436598777771,0.0734405666589737,0.0734405666589737
[omim]__[BF4]__R1234ze(E)__303.15__0.194,L2,Mreduced,R1234ZE(E),HFO,OMIM,BF4,303.15,0.194,0.1502,0.08869063854217529,0.013505507460660279,0.06150936145782471,0.08564956486225128,0.08564956486225128,0.06803803145885468,0.06803803145885468,0.09219519793987274,0.09219519793987274,0.10501955449581146,0.10501955449581146,0.0925508439540863,0.0925508439540863
[omim]__[BF4]__R1234ze(E)__303.15__0.237,L2,Mreduced,R1234ZE(E),HFO,OMIM,BF4,303.15,0.237,0.1835,0.10928479135036469,0.011639497109904971,0.07421520864963531,0.11140897870063782,0.11140897870063782,0.08913587778806686,0.08913587778806686,0.11507879197597504,0.11507879197597504,0.11879536509513855,0.11879536509513855,0.11200494319200516,0.11200494319200516
[omim]__[BF4]__R1234ze(E)__303.15__0.28,L2,Mreduced,R1234ZE(E),HFO,OMIM,BF4,303.15,0.28,0.2189,0.13198252618312836,0.01187350539520962,0.08691747381687165,0.13996180891990662,0.13996180891990662,0.11168347299098969,0.11168347299098969,0.14107972383499146,0.14107972383499146,0.13394631445407867,0.13394631445407867,0.13324131071567535,0.13324131071567535
[omim]__[BF4]__R1234ze(E)__303.15__0.32,L2,Mreduced,R1234ZE(E),HFO,OMIM,BF4,303.15,0.32,0.2513,0.1544598162174225,0.014744741132475966,0.09684018378257753,0.16968421638011932,0.16968421638011932,0.1341841071844101,0.1341841071844101,0.16796495020389557,0.16796495020389557,0.1481567770242691,0.1481567770242691,0.15230903029441833,0.15230903029441833
[omim]__[BF4]__R1234ze(E)__313.15__0.058,L2,Mreduced,R1234ZE(E),HFO,OMIM,BF4,313.15,0.058,0.0368,0.02890336848795414,0.02036256365926547,0.007896631512045858,0.01008768193423748,0.01008768193423748,0.01073584333062172,0.01073584333062172,0.02478094771504402,0.02478094771504402,0.056960053741931915,0.056960053741931915,0.04195231571793556,0.04195231571793556
[omim]__[BF4]__R1234ze(E)__313.15__0.11,L2,Mreduced,R1234ZE(E),HFO,OMIM,BF4,313.15,0.11,0.0658,0.04602659642696381,0.018269145568866368,0.01977340357303619,0.03104167990386486,0.03104167990386486,0.02674086205661297,0.02674086205661297,0.04596342891454697,0.04596342891454697,0.0718291848897934,0.0718291848897934,0.05455782637000084,0.05455782637000084
[omim]__[BF4]__R1234ze(E)__313.15__0.161,L2,Mreduced,R1234ZE(E),HFO,OMIM,BF4,313.15,0.161,0.0948,0.06176362931728363,0.016542433595029653,0.033036370682716365,0.05257708951830864,0.05257708951830864,0.04001075401902199,0.04001075401902199,0.06506432592868805,0.06506432592868805,0.08407370001077652,0.08407370001077652,0.06709227710962296,0.06709227710962296
[omim]__[BF4]__R1234ze(E)__313.15__0.212,L2,Mreduced,R1234ZE(E),HFO,OMIM,BF4,313.15,0.212,0.1236,0.07745885550975799,0.014441486813272725,0.04614114449024201,0.0737580955028534,0.0737580955028534,0.05517375469207764,0.05517375469207764,0.08382611721754074,0.08382611721754074,0.09401048719882965,0.09401048719882965,0.08052582293748856,0.08052582293748856
[omim]__[BF4]__R1234ze(E)__313.15__0.26,L2,Mreduced,R1234ZE(E),HFO,OMIM,BF4,313.15,0.26,0.1513,0.09411853700876235,0.013296249712932194,0.057181462991237636,0.09608057141304016,0.09608057141304016,0.0709974393248558,0.0709974393248558,0.10186700522899628,0.10186700522899628,0.10388696193695068,0.10388696193695068,0.09776070713996887,0.09776070713996887
[omim]__[BF4]__R1234ze(E)__313.15__0.309,L2,Mreduced,R1234ZE(E),HFO,OMIM,BF4,313.15,0.309,0.1804,0.11256105303764344,0.01335979352194066,0.06783894696235657,0.12081471085548401,0.12081471085548401,0.08940700441598892,0.08940700441598892,0.12237696349620819,0.12237696349620819,0.1155645027756691,0.1155645027756691,0.11464208364486694,0.11464208364486694
[omim]__[BF4]__R1234ze(E)__313.15__0.354,L2,Mreduced,R1234ZE(E),HFO,OMIM,BF4,313.15,0.354,0.2067,0.13028154373168946,0.01455596521584102,0.07641845626831054,0.1446860134601593,0.1446860134601593,0.10833466053009033,0.10833466053009033,0.14229266345500946,0.14229266345500946,0.12661568820476532,0.12661568820476532,0.12947869300842285,0.12947869300842285
[omim]__[BF4]__R1234ze(E)__323.15__0.062,L2,Mreduced,R1234ZE(E),HFO,OMIM,BF4,323.15,0.062,0.0302,0.027905459329485894,0.019307009819666283,0.002294540670514107,0.011618217453360558,0.011618217453360558,0.009355917572975159,0.009355917572975159,0.024502389132976532,0.024502389132976532,0.055360812693834305,0.055360812693834305,0.03868995979428291,0.03868995979428291
[omim]__[BF4]__R1234ze(E)__323.15__0.118,L2,Mreduced,R1234ZE(E),HFO,OMIM,BF4,323.15,0.118,0.0544,0.043277882412075995,0.017998572478484326,0.011122117587924002,0.029754923656582832,0.029754923656582832,0.02264782413840294,0.02264782413840294,0.04495445638895035,0.04495445638895035,0.06838047504425049,0.06838047504425049,0.050651732832193375,0.050651732832193375
[omim]__[BF4]__R1234ze(E)__323.15__0.173,L2,Mreduced,R1234ZE(E),HFO,OMIM,BF4,323.15,0.173,0.0784,0.056549538671970365,0.01631420640646574,0.021850461328029633,0.04856018349528313,0.04856018349528313,0.03412581607699394,0.03412581607699394,0.06236552447080612,0.06236552447080612,0.07783769071102142,0.07783769071102142,0.05985847860574722,0.05985847860574722
[omim]__[BF4]__R1234ze(E)__323.15__0.227,L2,Mreduced,R1234ZE(E),HFO,OMIM,BF4,323.15,0.227,0.1025,0.06902476176619529,0.014814412783042148,0.0334752382338047,0.06626173853874207,0.06626173853874207,0.04617287591099739,0.04617287591099739,0.07758244127035141,0.07758244127035141,0.08559439331293106,0.08559439331293106,0.06951235979795456,0.06951235979795456
[omim]__[BF4]__R1234ze(E)__323.15__0.279,L2,Mreduced,R1234ZE(E),HFO,OMIM,BF4,323.15,0.279,0.126,0.08143195435404778,0.013598167632919576,0.04456804564595222,0.08328162133693695,0.08328162133693695,0.05882413312792778,0.05882413312792778,0.0903456062078476,0.0903456062078476,0.09349857270717621,0.09349857270717621,0.08120983839035034,0.08120983839035034
[omim]__[BF4]__R1234ze(E)__323.15__0.334,L2,Mreduced,R1234ZE(E),HFO,OMIM,BF4,323.15,0.334,0.1498,0.0958883985877037,0.012858424431134241,0.053911601412296284,0.10452026128768921,0.10452026128768921,0.07380381971597672,0.07380381971597672,0.10404452681541443,0.10404452681541443,0.10158376395702362,0.10158376395702362,0.09548962116241455,0.09548962116241455
[omim]__[BF4]__R1234ze(E)__323.15__0.383,L2,Mreduced,R1234ZE(E),HFO,OMIM,BF4,323.15,0.383,0.1722,0.10937479138374329,0.01346539728136908,0.0628252086162567,0.12353217601776123,0.12353217601776123,0.08845680952072144,0.08845680952072144,0.11833290010690689,0.11833290010690689,0.10979457944631577,0.10979457944631577,0.10675749182701111,0.10675749182701111
[omim]__[BF4]__R1234ze(E)__333.15__0.066,L2,Mreduced,R1234ZE(E),HFO,OMIM,BF4,333.15,0.066,0.0246,0.025775665044784547,0.01844210808817739,0.001175665044784547,0.011042676866054535,0.011042676866054535,0.006816152483224869,0.006816152483224869,0.024333201348781586,0.024333201348781586,0.05241529643535614,0.05241529643535614,0.0342709980905056,0.0342709980905056
[omim]__[BF4]__R1234ze(E)__333.15__0.125,L2,Mreduced,R1234ZE(E),HFO,OMIM,BF4,333.15,0.125,0.0451,0.03990056551992893,0.01738151158899429,0.005199434480071069,0.028780726715922356,0.028780726715922356,0.018227469176054,0.018227469176054,0.04325774312019348,0.04325774312019348,0.06385400891304016,0.06385400891304016,0.04538287967443466,0.04538287967443466
[omim]__[BF4]__R1234ze(E)__333.15__0.184,L2,Mreduced,R1234ZE(E),HFO,OMIM,BF4,333.15,0.184,0.0657,0.051302921026945114,0.016611232337167152,0.01439707897305488,0.0437706857919693,0.0437706857919693,0.02782532200217247,0.02782532200217247,0.05970225855708122,0.05970225855708122,0.0718177780508995,0.0718177780508995,0.05339856073260307,0.05339856073260307
[omim]__[BF4]__R1234ze(E)__333.15__0.242,L2,Mreduced,R1234ZE(E),HFO,OMIM,BF4,333.15,0.242,0.0856,0.06144123822450638,0.015414544045653462,0.024158761775493615,0.058817554265260696,0.058817554265260696,0.03763049468398094,0.03763049468398094,0.07194442301988602,0.07194442301988602,0.07775486260652542,0.07775486260652542,0.061058856546878815,0.061058856546878815
[omim]__[BF4]__R1234ze(E)__333.15__0.298,L2,Mreduced,R1234ZE(E),HFO,OMIM,BF4,333.15,0.298,0.1053,0.0719987042248249,0.014317927156114334,0.0333012957751751,0.07390189170837402,0.07390189170837402,0.0489174984395504,0.0489174984395504,0.08281730860471725,0.08281730860471725,0.0846932977437973,0.0846932977437973,0.06966352462768555,0.06966352462768555
[omim]__[BF4]__R1234ze(E)__333.15__0.356,L2,Mreduced,R1234ZE(E),HFO,OMIM,BF4,333.15,0.356,0.1257,0.08356741145253181,0.013400074599188691,0.042132588547468194,0.09063442051410675,0.09063442051410675,0.06131155416369438,0.06131155416369438,0.09289988875389099,0.09289988875389099,0.09235812723636627,0.09235812723636627,0.08063306659460068,0.08063306659460068
[omim]__[BF4]__R1234ze(E)__333.15__0.409,L2,Mreduced,R1234ZE(E),HFO,OMIM,BF4,333.15,0.409,0.1447,0.09401140213012696,0.013206850171840825,0.05068859786987304,0.10599343478679657,0.10599343478679657,0.07292141020298004,0.07292141020298004,0.10251566022634506,0.10251566022634506,0.09860406070947647,0.09860406070947647,0.09002244472503662,0.09002244472503662
[omim]__[BF4]__R1234ze(E)__343.15__0.07,L2,Mreduced,R1234ZE(E),HFO,OMIM,BF4,343.15,0.07,0.02,0.022991124354302884,0.017510197180093865,0.0029911243543028834,0.008695675991475582,0.008695675991475582,0.004714984446763992,0.004714984446763992,0.023339159786701202,0.023339159786701202,0.04828851670026779,0.04828851670026779,0.029917284846305847,0.029917284846305847
[omim]__[BF4]__R1234ze(E)__343.15__0.132,L2,Mreduced,R1234ZE(E),HFO,OMIM,BF4,343.15,0.132,0.0375,0.0361693300306797,0.01697968506564256,0.0013306699693202972,0.025302056223154068,0.025302056223154068,0.01514231413602829,0.01514231413602829,0.04087279736995697,0.04087279736995697,0.059795014560222626,0.059795014560222626,0.03973446786403656,0.03973446786403656
[omim]__[BF4]__R1234ze(E)__343.15__0.194,L2,Mreduced,R1234ZE(E),HFO,OMIM,BF4,343.15,0.194,0.0545,0.04616241827607155,0.016820761516844408,0.008337581723928449,0.038504719734191895,0.038504719734191895,0.022641226649284363,0.022641226649284363,0.05610373616218567,0.05610373616218567,0.06666852533817291,0.06666852533817291,0.0468938834965229,0.0468938834965229
[omim]__[BF4]__R1234ze(E)__343.15__0.256,L2,Mreduced,R1234ZE(E),HFO,OMIM,BF4,343.15,0.256,0.0716,0.05493340790271759,0.015622935273779327,0.016666592097282405,0.05153154954314232,0.05153154954314232,0.0312628298997879,0.0312628298997879,0.06640753895044327,0.06640753895044327,0.07142526656389236,0.07142526656389236,0.0540398545563221,0.0540398545563221
[omim]__[BF4]__R1234ze(E)__343.15__0.315,L2,Mreduced,R1234ZE(E),HFO,OMIM,BF4,343.15,0.315,0.0881,0.06384054496884346,0.014949369374585951,0.024259455031156535,0.06484850496053696,0.06484850496053696,0.04022371023893356,0.04022371023893356,0.07629887014627457,0.07629887014627457,0.07692946493625641,0.07692946493625641,0.060902174562215805,0.060902174562215805
[omim]__[BF4]__R1234ze(E)__343.15__0.377,L2,Mreduced,R1234ZE(E),HFO,OMIM,BF4,343.15,0.377,0.105,0.07412114664912224,0.014428596104660118,0.030878853350877755,0.07996505498886108,0.07996505498886108,0.050688136368989944,0.050688136368989944,0.08565127104520798,0.08565127104520798,0.08415709435939789,0.08415709435939789,0.0701441764831543,0.0701441764831543
[omim]__[BF4]__R1234ze(E)__343.15__0.433,L2,Mreduced,R1234ZE(E),HFO,OMIM,BF4,343.15,0.433,0.1209,0.0831246018409729,0.014339566992981133,0.0377753981590271,0.0934085100889206,0.0934085100889206,0.06029020994901657,0.06029020994901657,0.09423588961362839,0.09423588961362839,0.08979517221450806,0.08979517221450806,0.0778932273387909,0.0778932273387909
[omim]__[PF6]__R1234yf__283.15__0.0538,L2,Mreduced,R1234YF,HFO,OMIM,PF6,283.15,0.0538,0.0317,0.028104791045188905,0.014234847049549958,0.003595208954811094,0.02422676980495453,0.02422676980495453,0.021654335781931877,0.021654335781931877,0.01176549308001995,0.01176549308001995,0.04954171180725098,0.04954171180725098,0.033335644751787186,0.033335644751787186
[omim]__[PF6]__R1234yf__283.15__0.1016,L2,Mreduced,R1234YF,HFO,OMIM,PF6,283.15,0.1016,0.0613,0.051396431773900984,0.010999613244669061,0.009903568226099016,0.054794952273368835,0.054794952273368835,0.047555647790431976,0.047555647790431976,0.03584793955087662,0.03584793955087662,0.0660271942615509,0.0660271942615509,0.052756424993276596,0.052756424993276596
[omim]__[PF6]__R1234yf__283.15__0.1432,L2,Mreduced,R1234YF,HFO,OMIM,PF6,283.15,0.1432,0.0842,0.07238387763500213,0.010184963354289913,0.011816122364997864,0.08469821512699127,0.08469821512699127,0.0694444328546524,0.0694444328546524,0.05806315690279007,0.05806315690279007,0.07917749881744385,0.07917749881744385,0.07053608447313309,0.07053608447313309
[omim]__[PF6]__R1234yf__283.15__0.1907,L2,Mreduced,R1234YF,HFO,OMIM,PF6,283.15,0.1907,0.1098,0.09766926318407058,0.01221220767106151,0.01213073681592941,0.11909325420856476,0.11909325420856476,0.0930185616016388,0.0930185616016388,0.08833780139684677,0.08833780139684677,0.09471289813518524,0.09471289813518524,0.09318380057811737,0.09318380057811737
[omim]__[PF6]__R1234yf__283.15__0.2314,L2,Mreduced,R1234YF,HFO,OMIM,PF6,283.15,0.2314,0.1376,0.12187056988477707,0.0162376789756378,0.01572943011522293,0.15058068931102753,0.15058068931102753,0.11456061899662018,0.11456061899662018,0.1178620457649231,0.1178620457649231,0.1109793409705162,0.1109793409705162,0.11537015438079834,0.11537015438079834
[omim]__[PF6]__R1234yf__283.15__0.2729,L2,Mreduced,R1234YF,HFO,OMIM,PF6,283.15,0.2729,0.1652,0.15170955955982207,0.021506262371353745,0.013490440440177942,0.18820960819721222,0.18820960819721222,0.14179907739162445,0.14179907739162445,0.1533774882555008,0.1533774882555008,0.1346159279346466,0.1346159279346466,0.14054569602012634,0.14054569602012634
[omim]__[PF6]__R1234yf__283.15__0.3112,L2,Mreduced,R1234YF,HFO,OMIM,PF6,283.15,0.3112,0.1894,0.18058307468891144,0.026182868259003206,0.008816925311088575,0.22329486906528473,0.22329486906528473,0.1688016653060913,0.1688016653060913,0.1875734031200409,0.1875734031200409,0.1592545509338379,0.1592545509338379,0.16399088501930237,0.16399088501930237
[omim]__[PF6]__R1234yf__293.15__0.0568,L2,Mreduced,R1234YF,HFO,OMIM,PF6,293.15,0.0568,0.026,0.021134458109736444,0.017001170314875497,0.004865541890263555,0.009004656225442886,0.009004656225442886,0.010302290320396423,0.010302290320396423,0.008822700008749962,0.008822700008749962,0.046452268958091736,0.046452268958091736,0.031090375036001205,0.031090375036001205
[omim]__[PF6]__R1234yf__293.15__0.1074,L2,Mreduced,R1234YF,HFO,OMIM,PF6,293.15,0.1074,0.0497,0.04054183103144169,0.013148378730115927,0.009158168968558311,0.032710734754800797,0.032710734754800797,0.03226575255393982,0.03226575255393982,0.030011789873242378,0.030011789873242378,0.06079035624861717,0.06079035624861717,0.046930521726608276,0.046930521726608276
[omim]__[PF6]__R1234yf__293.15__0.1573,L2,Mreduced,R1234YF,HFO,OMIM,PF6,293.15,0.1573,0.0692,0.05955932065844536,0.008520277972018299,0.009640679341554638,0.059507522732019424,0.059507522732019424,0.052135542035102844,0.052135542035102844,0.05103810131549835,0.05103810131549835,0.07172337919473648,0.07172337919473648,0.06339205801486969,0.06339205801486969
[omim]__[PF6]__R1234yf__293.15__0.2037,L2,Mreduced,R1234YF,HFO,OMIM,PF6,293.15,0.2037,0.0917,0.07773796319961548,0.007730628878776661,0.01396203680038452,0.08647939562797546,0.08647939562797546,0.06923095136880875,0.06923095136880875,0.07016593217849731,0.07016593217849731,0.08314064890146255,0.08314064890146255,0.07967288792133331,0.07967288792133331
[omim]__[PF6]__R1234yf__293.15__0.2489,L2,Mreduced,R1234YF,HFO,OMIM,PF6,293.15,0.2489,0.1116,0.09566492885351181,0.010490374006989121,0.01593507114648819,0.11329576373100281,0.11329576373100281,0.08573883771896362,0.08573883771896362,0.09078962355852127,0.09078962355852127,0.09301596879959106,0.09301596879959106,0.09548445045948029,0.09548445045948029
[omim]__[PF6]__R1234yf__293.15__0.2938,L2,Mreduced,R1234YF,HFO,OMIM,PF6,293.15,0.2938,0.1354,0.11470158398151398,0.015568397415879386,0.020698416018486016,0.1415008306503296,0.1415008306503296,0.10285486280918121,0.10285486280918121,0.11260311305522919,0.11260311305522919,0.10481488704681396,0.10481488704681396,0.11173422634601593,0.11173422634601593
[omim]__[PF6]__R1234yf__293.15__0.3382,L2,Mreduced,R1234YF,HFO,OMIM,PF6,293.15,0.3382,0.1547,0.13662934303283691,0.021607310809522284,0.01807065696716309,0.17345543205738068,0.17345543205738068,0.12334572523832321,0.12334572523832321,0.1370430737733841,0.1370430737733841,0.11976415663957596,0.11976415663957596,0.12953832745552063,0.12953832745552063
[omim]__[PF6]__R1234yf__303.15__0.0597,L2,Mreduced,R1234YF,HFO,OMIM,PF6,303.15,0.0597,0.0219,0.018956971913576127,0.017192179431249618,0.002943028086423872,0.004145866259932518,0.004145866259932518,0.006187796592712402,0.006187796592712402,0.010763352736830711,0.010763352736830711,0.043657220900058746,0.043657220900058746,0.030030623078346252,0.030030623078346252
[omim]__[PF6]__R1234yf__303.15__0.1136,L2,Mreduced,R1234YF,HFO,OMIM,PF6,303.15,0.1136,0.0417,0.03546928055584431,0.013693265549593808,0.006230719444155694,0.025245003402233124,0.025245003402233124,0.023290477693080902,0.023290477693080902,0.029567869380116463,0.029567869380116463,0.0551786944270134,0.0551786944270134,0.04406435787677765,0.04406435787677765
[omim]__[PF6]__R1234yf__303.15__0.1663,L2,Mreduced,R1234YF,HFO,OMIM,PF6,303.15,0.1663,0.0586,0.050642908364534375,0.01015794288918915,0.007957091635465624,0.044573456048965454,0.044573456048965454,0.03995421528816223,0.03995421528816223,0.046481214463710785,0.046481214463710785,0.06467419117689133,0.06467419117689133,0.05753146484494209,0.05753146484494209
[omim]__[PF6]__R1234yf__303.15__0.2161,L2,Mreduced,R1234YF,HFO,OMIM,PF6,303.15,0.2161,0.0765,0.06496146619319916,0.0074449588550425235,0.011538533806800838,0.06484632194042206,0.06484632194042206,0.05502422899007797,0.05502422899007797,0.06097547709941864,0.06097547709941864,0.07404483109712601,0.07404483109712601,0.06991647183895111,0.06991647183895111
[omim]__[PF6]__R1234yf__303.15__0.2644,L2,Mreduced,R1234YF,HFO,OMIM,PF6,303.15,0.2644,0.0928,0.07917938679456711,0.007842265418448482,0.013620613205432883,0.08876989781856537,0.08876989781856537,0.06815534830093384,0.06815534830093384,0.07506110519170761,0.07506110519170761,0.08170464634895325,0.08170464634895325,0.08220593631267548,0.08220593631267548
[omim]__[PF6]__R1234yf__303.15__0.3132,L2,Mreduced,R1234YF,HFO,OMIM,PF6,303.15,0.3132,0.1118,0.09426972717046737,0.011957214342642082,0.017530272829532623,0.11380024254322052,0.11380024254322052,0.08144575357437134,0.08144575357437134,0.09087790548801422,0.09087790548801422,0.09049028903245926,0.09049028903245926,0.09473444521427155,0.09473444521427155
[omim]__[PF6]__R1234yf__303.15__0.3606,L2,Mreduced,R1234YF,HFO,OMIM,PF6,303.15,0.3606,0.1279,0.10861435979604721,0.016937415057047777,0.019285640203952806,0.13729733228683472,0.13729733228683472,0.09365212172269821,0.09365212172269821,0.10622584819793701,0.10622584819793701,0.09901073575019836,0.09901073575019836,0.10688576102256775,0.10688576102256775
[omim]__[PF6]__R1234yf__313.15__0.0625,L2,Mreduced,R1234YF,HFO,OMIM,PF6,313.15,0.0625,0.0182,0.01913617253303528,0.016789584983604545,0.0009361725330352781,0.0044709499925374985,0.0044709499925374985,0.005446959286928177,0.005446959286928177,0.013325484469532967,0.013325484469532967,0.04355717450380325,0.04355717450380325,0.028880294412374496,0.028880294412374496
[omim]__[PF6]__R1234yf__313.15__0.1233,L2,Mreduced,R1234YF,HFO,OMIM,PF6,313.15,0.1233,0.0358,0.0341093223541975,0.012704100868344767,0.0016906776458024964,0.026098065078258514,0.026098065078258514,0.01983446069061756,0.01983446069061756,0.031657516956329346,0.031657516956329346,0.05220676586031914,0.05220676586031914,0.04074980318546295,0.04074980318546295
[omim]__[PF6]__R1234yf__313.15__0.1748,L2,Mreduced,R1234YF,HFO,OMIM,PF6,313.15,0.1748,0.0502,0.04532750621438027,0.010593181044114025,0.0048724937856197345,0.04096430540084839,0.04096430540084839,0.03127323091030121,0.03127323091030121,0.04460420459508896,0.04460420459508896,0.05982708930969238,0.05982708930969238,0.04996870085597038,0.04996870085597038
[omim]__[PF6]__R1234yf__313.15__0.2276,L2,Mreduced,R1234YF,HFO,OMIM,PF6,313.15,0.2276,0.0647,0.05633264556527138,0.008330394897624141,0.008367354434728615,0.05653977766633034,0.05653977766633034,0.043620962649583817,0.043620962649583817,0.05506248399615288,0.05506248399615288,0.0663398951292038,0.0663398951292038,0.06010010838508606,0.06010010838508606
[omim]__[PF6]__R1234yf__313.15__0.2788,L2,Mreduced,R1234YF,HFO,OMIM,PF6,313.15,0.2788,0.0784,0.06766538619995117,0.008018622585538161,0.010734613800048823,0.07379056513309479,0.07379056513309479,0.05450262129306793,0.05450262129306793,0.06560026854276657,0.06560026854276657,0.07281786948442459,0.07281786948442459,0.07161560654640198,0.07161560654640198
[omim]__[PF6]__R1234yf__313.15__0.331,L2,Mreduced,R1234YF,HFO,OMIM,PF6,313.15,0.331,0.0933,0.07915191650390625,0.00961191667274737,0.014148083496093741,0.09196311235427856,0.09196311235427856,0.06564776599407196,0.06564776599407196,0.07622779160737991,0.07622779160737991,0.07896360754966736,0.07896360754966736,0.08295730501413345,0.08295730501413345
[omim]__[PF6]__R1234yf__313.15__0.3816,L2,Mreduced,R1234YF,HFO,OMIM,PF6,313.15,0.3816,0.1066,0.08998192995786666,0.012743706748050851,0.016618070042133337,0.10995066165924072,0.10995066165924072,0.07528924942016602,0.07528924942016602,0.08671674877405167,0.08671674877405167,0.08563733845949173,0.08563733845949173,0.09231565147638321,0.09231565147638321
[omim]__[PF6]__R1234yf__323.15__0.0654,L2,Mreduced,R1234YF,HFO,OMIM,PF6,323.15,0.0654,0.0158,0.018755515106022358,0.01571689440538778,0.0029555151060223564,0.006590328179299831,0.006590328179299831,0.004521477967500687,0.004521477967500687,0.014129230752587318,0.014129230752587318,0.04247771203517914,0.04247771203517914,0.026058826595544815,0.026058826595544815
[omim]__[PF6]__R1234yf__323.15__0.127,L2,Mreduced,R1234YF,HFO,OMIM,PF6,323.15,0.127,0.0305,0.031559469923377034,0.012778369826744696,0.001059469923377035,0.024976821616292,0.024976821616292,0.015560820698738098,0.015560820698738098,0.03154147416353226,0.03154147416353226,0.049876756966114044,0.049876756966114044,0.035841476172208786,0.035841476172208786
[omim]__[PF6]__R1234yf__323.15__0.1832,L2,Mreduced,R1234YF,HFO,OMIM,PF6,323.15,0.1832,0.0424,0.04168482832610607,0.010933206916908739,0.0007151716738939273,0.03971058875322342,0.03971058875322342,0.02578085847198963,0.02578085847198963,0.04381423071026802,0.04381423071026802,0.05636949464678764,0.05636949464678764,0.04274896904826164,0.04274896904826164
[omim]__[PF6]__R1234yf__323.15__0.2386,L2,Mreduced,R1234YF,HFO,OMIM,PF6,323.15,0.2386,0.0552,0.05036691352725029,0.009122326918168803,0.004833086472749708,0.05347565934062004,0.05347565934062004,0.03540176898241043,0.03540176898241043,0.05223873257637024,0.05223873257637024,0.06014971062541008,0.06014971062541008,0.05056869611144066,0.05056869611144066
[omim]__[PF6]__R1234yf__323.15__0.2924,L2,Mreduced,R1234YF,HFO,OMIM,PF6,323.15,0.2924,0.0671,0.0585999384522438,0.008532351396888876,0.008500061547756205,0.06614142656326294,0.06614142656326294,0.044434793293476105,0.044434793293476105,0.058213889598846436,0.058213889598846436,0.06422159075737,0.06422159075737,0.05998799204826355,0.05998799204826355
[omim]__[PF6]__R1234yf__323.15__0.3474,L2,Mreduced,R1234YF,HFO,OMIM,PF6,323.15,0.3474,0.0794,0.06691171303391456,0.008972569737656163,0.012488286966085435,0.07721103727817535,0.07721103727817535,0.05302364006638527,0.05302364006638527,0.06472957134246826,0.06472957134246826,0.06888610124588013,0.06888610124588013,0.07070821523666382,0.07070821523666382
[omim]__[PF6]__R1234yf__323.15__0.4011,L2,Mreduced,R1234YF,HFO,OMIM,PF6,323.15,0.4011,0.0908,0.07490407526493073,0.010912767494196724,0.015895924735069275,0.09081442654132843,0.09081442654132843,0.061233483254909515,0.061233483254909515,0.07055645436048508,0.07055645436048508,0.07320062816143036,0.07320062816143036,0.07871538400650024,0.07871538400650024
[omim]__[PF6]__R1234yf__333.15__0.0683,L2,Mreduced,R1234YF,HFO,OMIM,PF6,333.15,0.0683,0.0138,0.016848339512944222,0.014824705712240812,0.0030483395129442224,0.005826644599437714,0.005826644599437714,0.0029289722442626953,0.0029289722442626953,0.013492653146386147,0.013492653146386147,0.03972160443663597,0.03972160443663597,0.02227182313799858,0.02227182313799858
[omim]__[PF6]__R1234yf__333.15__0.1304,L2,Mreduced,R1234YF,HFO,OMIM,PF6,333.15,0.1304,0.0262,0.02832042649388313,0.012605170551429833,0.0021204264938831305,0.022251084446907043,0.022251084446907043,0.012730777263641357,0.012730777263641357,0.028594568371772766,0.028594568371772766,0.04698016494512558,0.04698016494512558,0.031045537441968918,0.031045537441968918
[omim]__[PF6]__R1234yf__333.15__0.1911,L2,Mreduced,R1234YF,HFO,OMIM,PF6,333.15,0.1911,0.0366,0.037013760209083556,0.010854402374786742,0.00041376020908355515,0.03625881299376488,0.03625881299376488,0.02093448117375374,0.02093448117375374,0.04050687700510025,0.04050687700510025,0.05113295838236809,0.05113295838236809,0.03623567149043083,0.03623567149043083
[omim]__[PF6]__R1234yf__333.15__0.2491,L2,Mreduced,R1234YF,HFO,OMIM,PF6,333.15,0.2491,0.0476,0.04426607526838779,0.0096711792260976,0.0033339247316122103,0.04771514981985092,0.04771514981985092,0.028833182528614998,0.028833182528614998,0.04806402325630188,0.04806402325630188,0.05452860891819,0.05452860891819,0.04218941181898117,0.04218941181898117
[omim]__[PF6]__R1234yf__333.15__0.3056,L2,Mreduced,R1234YF,HFO,OMIM,PF6,333.15,0.3056,0.0583,0.050791564583778384,0.008965748429790659,0.0075084354162216135,0.05750371143221855,0.05750371143221855,0.03579677641391754,0.03579677641391754,0.053197722882032394,0.053197722882032394,0.05751040577888489,0.05751040577888489,0.04994920641183853,0.04994920641183853
[omim]__[PF6]__R1234yf__333.15__0.3634,L2,Mreduced,R1234YF,HFO,OMIM,PF6,333.15,0.3634,0.0688,0.05751485899090767,0.009096206154874309,0.01128514100909233,0.06689296662807465,0.06689296662807465,0.042402464896440506,0.042402464896440506,0.058360204100608826,0.058360204100608826,0.06095054745674133,0.06095054745674133,0.058968111872673035,0.058968111872673035
[omim]__[PF6]__R1234yf__333.15__0.4196,L2,Mreduced,R1234YF,HFO,OMIM,PF6,333.15,0.4196,0.0785,0.06353727579116822,0.009307956466872831,0.014962724208831782,0.07564464211463928,0.07564464211463928,0.04971763491630554,0.04971763491630554,0.06183192878961563,0.06183192878961563,0.06490465998649597,0.06490465998649597,0.06558751314878464,0.06558751314878464
[omim]__[PF6]__R1234yf__343.15__0.0731,L2,Mreduced,R1234YF,HFO,OMIM,PF6,343.15,0.0731,0.0125,0.013994470238685608,0.014482244673600174,0.0014944702386856072,0.0016147065907716751,0.0016147065907716751,0.001048654317855835,0.001048654317855835,0.01234397105872631,0.01234397105872631,0.036186255514621735,0.036186255514621735,0.018778763711452484,0.018778763711452484
[omim]__[PF6]__R1234yf__343.15__0.1358,L2,Mreduced,R1234YF,HFO,OMIM,PF6,343.15,0.1358,0.0221,0.024251476302742957,0.012759425015045291,0.002151476302742955,0.015991374850273132,0.015991374850273132,0.00989014282822609,0.00989014282822609,0.02544785663485527,0.02544785663485527,0.04350176453590393,0.04350176453590393,0.026426242664456367,0.026426242664456367
[omim]__[PF6]__R1234yf__343.15__0.1988,L2,Mreduced,R1234YF,HFO,OMIM,PF6,343.15,0.1988,0.0316,0.03178691565990448,0.011121160021423108,0.00018691565990447412,0.028718993067741394,0.028718993067741394,0.016520950943231583,0.016520950943231583,0.035567767918109894,0.035567767918109894,0.047189585864543915,0.047189585864543915,0.030937280505895615,0.030937280505895615
[omim]__[PF6]__R1234yf__343.15__0.2595,L2,Mreduced,R1234YF,HFO,OMIM,PF6,343.15,0.2595,0.0415,0.03812725581228733,0.00974419960279788,0.0033727441877126688,0.04020743444561958,0.04020743444561958,0.023172305896878242,0.023172305896878242,0.0418890006840229,0.0418890006840229,0.0496172271668911,0.0496172271668911,0.035750310868024826,0.035750310868024826
[omim]__[PF6]__R1234yf__343.15__0.3184,L2,Mreduced,R1234YF,HFO,OMIM,PF6,343.15,0.3184,0.0528,0.044094037264585495,0.009004073162536264,0.008705962735414505,0.04882059246301651,0.04882059246301651,0.02943609282374382,0.02943609282374382,0.04749280586838722,0.04749280586838722,0.0525665208697319,0.0525665208697319,0.04215417429804802,0.04215417429804802
[omim]__[PF6]__R1234yf__343.15__0.379,L2,Mreduced,R1234YF,HFO,OMIM,PF6,343.15,0.379,0.0599,0.05022658929228783,0.009243611889144883,0.009673410707712174,0.05810927227139473,0.05810927227139473,0.03459163010120392,0.03459163010120392,0.053317923098802567,0.053317923098802567,0.05527462065219879,0.05527462065219879,0.04983950033783913,0.04983950033783913
[omim]__[PF6]__R1234yf__343.15__0.4377,L2,Mreduced,R1234YF,HFO,OMIM,PF6,343.15,0.4377,0.0689,0.05541469529271126,0.009710309099436914,0.013485304707288745,0.06594330072402954,0.06594330072402954,0.03960685804486275,0.03960685804486275,0.056907348334789276,0.056907348334789276,0.059182025492191315,0.059182025492191315,0.05543394386768341,0.05543394386768341
[omim]__[PF6]__R1234ze(E)__283.15__0.085,L2,Mreduced,R1234ZE(E),HFO,OMIM,PF6,283.15,0.085,0.1265,0.08987544476985931,0.012514464822625547,0.03662455523014069,0.10885116457939148,0.10885116457939148,0.07791651040315628,0.07791651040315628,0.08359114080667496,0.08359114080667496,0.09597420692443848,0.09597420692443848,0.08304420113563538,0.08304420113563538
[omim]__[PF6]__R1234ze(E)__283.15__0.1231,L2,Mreduced,R1234ZE(E),HFO,OMIM,PF6,283.15,0.1231,0.183,0.12891000807285308,0.014242126394981913,0.05408999192714692,0.15208767354488373,0.15208767354488373,0.11740702390670776,0.11740702390670776,0.12899626791477203,0.12899626791477203,0.12905707955360413,0.12905707955360413,0.11700199544429779,0.11700199544429779
[omim]__[PF6]__R1234ze(E)__283.15__0.1575,L2,Mreduced,R1234ZE(E),HFO,OMIM,PF6,283.15,0.1575,0.238,0.16853904128074645,0.015324440708805379,0.06946095871925353,0.19241434335708618,0.19241434335708618,0.1591184139251709,0.1591184139251709,0.17451217770576477,0.17451217770576477,0.16258245706558228,0.16258245706558228,0.15406781435012817,0.15406781435012817
[omim]__[PF6]__R1234ze(E)__283.15__0.1903,L2,Mreduced,R1234ZE(E),HFO,OMIM,PF6,283.15,0.1903,0.2865,0.21155483424663543,0.01706361478016555,0.07494516575336455,0.23361565172672272,0.23361565172672272,0.20532064139842987,0.20532064139842987,0.22517429292201996,0.22517429292201996,0.2000017613172531,0.2000017613172531,0.19366182386875153,0.19366182386875153
[omim]__[PF6]__R1234ze(E)__283.15__0.221,L2,Mreduced,R1234ZE(E),HFO,OMIM,PF6,283.15,0.221,0.3378,0.2559607446193695,0.017255725530568904,0.08183925538063047,0.2731424570083618,0.2731424570083618,0.25214120745658875,0.25214120745658875,0.2747897207736969,0.2747897207736969,0.24193575978279114,0.24193575978279114,0.23779457807540894,0.23779457807540894
[omim]__[PF6]__R1234ze(E)__283.15__0.2477,L2,Mreduced,R1234ZE(E),HFO,OMIM,PF6,283.15,0.2477,0.3877,0.2957215905189514,0.015052001814796675,0.09197840948104857,0.3069824278354645,0.3069824278354645,0.29358547925949097,0.29358547925949097,0.3149254322052002,0.3149254322052002,0.2831129729747772,0.2831129729747772,0.2800016403198242,0.2800016403198242
[omim]__[PF6]__R1234ze(E)__293.15__0.0941,L2,Mreduced,R1234ZE(E),HFO,OMIM,PF6,293.15,0.0941,0.1069,0.06822653263807296,0.012061617845213571,0.03867346736192703,0.07333871722221375,0.07333871722221375,0.0533088818192482,0.0533088818192482,0.06162590533494949,0.06162590533494949,0.08523615449666977,0.08523615449666977,0.06762300431728363,0.06762300431728363
[omim]__[PF6]__R1234ze(E)__293.15__0.1387,L2,Mreduced,R1234ZE(E),HFO,OMIM,PF6,293.15,0.1387,0.1504,0.10034159123897553,0.010573397062777922,0.05005840876102448,0.1092318594455719,0.1092318594455719,0.08729729801416397,0.08729729801416397,0.09728653728961945,0.09728653728961945,0.1129649356007576,0.1129649356007576,0.09492732584476471,0.09492732584476471
[omim]__[PF6]__R1234ze(E)__293.15__0.1804,L2,Mreduced,R1234ZE(E),HFO,OMIM,PF6,293.15,0.1804,0.1925,0.1342854917049408,0.011212099476172096,0.0582145082950592,0.14763659238815308,0.14763659238815308,0.12207689881324768,0.12207689881324768,0.13879603147506714,0.13879603147506714,0.1398022174835205,0.1398022174835205,0.12311571836471558,0.12311571836471558
[omim]__[PF6]__R1234ze(E)__293.15__0.2182,L2,Mreduced,R1234ZE(E),HFO,OMIM,PF6,293.15,0.2182,0.2364,0.1696550190448761,0.013605231730814866,0.0667449809551239,0.185449481010437,0.185449481010437,0.1591445803642273,0.1591445803642273,0.18170684576034546,0.18170684576034546,0.16750486195087433,0.16750486195087433,0.1544693261384964,0.1544693261384964
[omim]__[PF6]__R1234ze(E)__293.15__0.2566,L2,Mreduced,R1234ZE(E),HFO,OMIM,PF6,293.15,0.2566,0.2791,0.21136144697666168,0.016578722411275504,0.06773855302333834,0.22738240659236908,0.22738240659236908,0.20325039327144623,0.20325039327144623,0.23053838312625885,0.23053838312625885,0.20241978764533997,0.20241978764533997,0.1932162642478943,0.1932162642478943
[omim]__[PF6]__R1234ze(E)__293.15__0.2917,L2,Mreduced,R1234ZE(E),HFO,OMIM,PF6,293.15,0.2917,0.3215,0.25426051318645476,0.017104921434788395,0.06723948681354525,0.2691709101200104,0.2691709101200104,0.24988187849521637,0.24988187849521637,0.2747477889060974,0.2747477889060974,0.24249279499053955,0.24249279499053955,0.23500919342041016,0.23500919342041016
[omim]__[PF6]__R1234ze(E)__303.15__0.1034,L2,Mreduced,R1234ZE(E),HFO,OMIM,PF6,303.15,0.1034,0.0872,0.05772569701075554,0.01377515621596079,0.029474302989244458,0.055388983339071274,0.055388983339071274,0.0389011986553669,0.0389011986553669,0.05507742241024971,0.05507742241024971,0.07700399309396744,0.07700399309396744,0.062256887555122375,0.062256887555122375
[omim]__[PF6]__R1234ze(E)__303.15__0.1527,L2,Mreduced,R1234ZE(E),HFO,OMIM,PF6,303.15,0.1527,0.1228,0.08244030326604843,0.012636741517530666,0.04035969673395158,0.08593261241912842,0.08593261241912842,0.06311188638210297,0.06311188638210297,0.08513226360082626,0.08513226360082626,0.09793801605701447,0.09793801605701447,0.08008673787117004,0.08008673787117004
[omim]__[PF6]__R1234ze(E)__303.15__0.1991,L2,Mreduced,R1234ZE(E),HFO,OMIM,PF6,303.15,0.1991,0.1578,0.10823771804571151,0.011844972490559385,0.04956228195428848,0.11468641459941864,0.11468641459941864,0.09079401195049286,0.09079401195049286,0.11489243060350418,0.11489243060350418,0.11939787864685059,0.11939787864685059,0.10141785442829132,0.10141785442829132
[omim]__[PF6]__R1234ze(E)__303.15__0.2427,L2,Mreduced,R1234ZE(E),HFO,OMIM,PF6,303.15,0.2427,0.1931,0.13694778978824615,0.011941302487091476,0.056152210211753845,0.14727826416492462,0.14727826416492462,0.12119945883750916,0.12119945883750916,0.14733390510082245,0.14733390510082245,0.14137151837348938,0.14137151837348938,0.12755580246448517,0.12755580246448517
[omim]__[PF6]__R1234ze(E)__303.15__0.2869,L2,Mreduced,R1234ZE(E),HFO,OMIM,PF6,303.15,0.2869,0.229,0.17121015787124633,0.014374305620216361,0.05778984212875368,0.18592014908790588,0.18592014908790588,0.15736018121242523,0.15736018121242523,0.18647325038909912,0.18647325038909912,0.16840872168540955,0.16840872168540955,0.1578884869813919,0.1578884869813919
[omim]__[PF6]__R1234ze(E)__303.15__0.3284,L2,Mreduced,R1234ZE(E),HFO,OMIM,PF6,303.15,0.3284,0.2648,0.20540789067745208,0.018291737507526756,0.059392109322547904,0.22568869590759277,0.22568869590759277,0.19349591434001923,0.19349591434001923,0.224720761179924,0.224720761179924,0.1953761875629425,0.1953761875629425,0.18775789439678192,0.18775789439678192
[omim]__[PF6]__R1234ze(E)__313.15__0.112,L2,Mreduced,R1234ZE(E),HFO,OMIM,PF6,313.15,0.112,0.0704,0.05288332849740982,0.015081462178838712,0.017516671502590182,0.046137720346450806,0.046137720346450806,0.033266156911849976,0.033266156911849976,0.05254128575325012,0.05254128575325012,0.07407074421644211,0.07407074421644211,0.05840073525905609,0.05840073525905609
[omim]__[PF6]__R1234ze(E)__313.15__0.1648,L2,Mreduced,R1234ZE(E),HFO,OMIM,PF6,313.15,0.1648,0.1014,0.07164189964532852,0.01366434306120891,0.029758100354671482,0.07247152924537659,0.07247152924537659,0.04996752738952637,0.04996752738952637,0.07780015468597412,0.07780015468597412,0.08706659823656082,0.08706659823656082,0.07090368866920471,0.07090368866920471
[omim]__[PF6]__R1234ze(E)__313.15__0.2154,L2,Mreduced,R1234ZE(E),HFO,OMIM,PF6,313.15,0.2154,0.1305,0.09149432480335236,0.01305473118494456,0.039005675196647646,0.09682367742061615,0.09682367742061615,0.07027734816074371,0.07027734816074371,0.10107450187206268,0.10107450187206268,0.10141082108020782,0.10141082108020782,0.08788527548313141,0.08788527548313141
[omim]__[PF6]__R1234ze(E)__313.15__0.2636,L2,Mreduced,R1234ZE(E),HFO,OMIM,PF6,313.15,0.2636,0.1595,0.11319368183612824,0.01287944370548168,0.04630631816387176,0.12210904061794281,0.12210904061794281,0.09334681928157806,0.09334681928157806,0.1247977465391159,0.1247977465391159,0.11811374127864838,0.11811374127864838,0.10760106146335602,0.10760106146335602
[omim]__[PF6]__R1234ze(E)__313.15__0.3129,L2,Mreduced,R1234ZE(E),HFO,OMIM,PF6,313.15,0.3129,0.1885,0.1390833556652069,0.013747589002499373,0.04941664433479309,0.15184710919857025,0.15184710919857025,0.12167583405971527,0.12167583405971527,0.15363217890262604,0.15363217890262604,0.13796007633209229,0.13796007633209229,0.1303015798330307,0.1303015798330307
[omim]__[PF6]__R1234ze(E)__313.15__0.3594,L2,Mreduced,R1234ZE(E),HFO,OMIM,PF6,313.15,0.3594,0.2189,0.16483064591884614,0.01595218254662157,0.054069354081153875,0.18309740722179413,0.18309740722179413,0.14900687336921692,0.14900687336921692,0.18066248297691345,0.18066248297691345,0.15853844583034515,0.15853844583034515,0.152848020195961,0.152848020195961
[omim]__[PF6]__R1234ze(E)__323.15__0.1191,L2,Mreduced,R1234ZE(E),HFO,OMIM,PF6,323.15,0.1191,0.0592,0.04904556013643742,0.015815810453428426,0.010154439863562584,0.04301099851727486,0.04301099851727486,0.0274492260068655,0.0274492260068655,0.05018658936023712,0.05018658936023712,0.07082229852676392,0.07082229852676392,0.053758688271045685,0.053758688271045685
[omim]__[PF6]__R1234ze(E)__323.15__0.1757,L2,Mreduced,R1234ZE(E),HFO,OMIM,PF6,323.15,0.1757,0.0847,0.06466225683689117,0.014623972972943476,0.02003774316310883,0.06478972733020782,0.06478972733020782,0.041879475116729736,0.041879475116729736,0.07205964624881744,0.07205964624881744,0.08138097822666168,0.08138097822666168,0.06320145726203918,0.06320145726203918
[omim]__[PF6]__R1234ze(E)__323.15__0.2304,L2,Mreduced,R1234ZE(E),HFO,OMIM,PF6,323.15,0.2304,0.1077,0.07971021980047226,0.013279857100851193,0.027989780199527747,0.08562643826007843,0.08562643826007843,0.0583135262131691,0.0583135262131691,0.08920415490865707,0.08920415490865707,0.08993343263864517,0.08993343263864517,0.07547354698181152,0.07547354698181152
[omim]__[PF6]__R1234ze(E)__323.15__0.2821,L2,Mreduced,R1234ZE(E),HFO,OMIM,PF6,323.15,0.2821,0.1328,0.09643717408180237,0.012936322104468413,0.03636282591819763,0.10623863339424133,0.10623863339424133,0.07691650837659836,0.07691650837659836,0.10734989494085312,0.10734989494085312,0.1018599271774292,0.1018599271774292,0.08982090651988983,0.08982090651988983
[omim]__[PF6]__R1234ze(E)__323.15__0.3356,L2,Mreduced,R1234ZE(E),HFO,OMIM,PF6,323.15,0.3356,0.157,0.11554682701826095,0.012912559224795964,0.04145317298173905,0.12838320434093475,0.12838320434093475,0.09874115884304047,0.09874115884304047,0.127030149102211,0.127030149102211,0.11725042760372162,0.11725042760372162,0.10632919520139694,0.10632919520139694
[omim]__[PF6]__R1234ze(E)__323.15__0.3863,L2,Mreduced,R1234ZE(E),HFO,OMIM,PF6,323.15,0.3863,0.1827,0.1335132598876953,0.014373661917038092,0.0491867401123047,0.1506751924753189,0.1506751924753189,0.11818093061447144,0.11818093061447144,0.1460447609424591,0.1460447609424591,0.13061273097991943,0.13061273097991943,0.12205268442630768,0.12205268442630768
[omim]__[PF6]__R1234ze(E)__333.15__0.1259,L2,Mreduced,R1234ZE(E),HFO,OMIM,PF6,333.15,0.1259,0.0499,0.045335935056209566,0.015899906750990494,0.004564064943790434,0.0400196872651577,0.0400196872651577,0.02332320436835289,0.02332320436835289,0.04837030917406082,0.04837030917406082,0.06733422726392746,0.06733422726392746,0.04763224720954895,0.04763224720954895
[omim]__[PF6]__R1234ze(E)__333.15__0.186,L2,Mreduced,R1234ZE(E),HFO,OMIM,PF6,333.15,0.186,0.0705,0.058767763525247575,0.015044710311386695,0.011732236474752418,0.05945223197340965,0.05945223197340965,0.035751331597566605,0.035751331597566605,0.06740554422140121,0.06740554422140121,0.07578274607658386,0.07578274607658386,0.055446963757276535,0.055446963757276535
[omim]__[PF6]__R1234ze(E)__333.15__0.2437,L2,Mreduced,R1234ZE(E),HFO,OMIM,PF6,333.15,0.2437,0.0907,0.07083513885736466,0.01426952600896273,0.019864861142635346,0.0759129524230957,0.0759129524230957,0.04861520975828171,0.04861520975828171,0.08143722265958786,0.08143722265958786,0.08308228850364685,0.08308228850364685,0.06512802094221115,0.06512802094221115
[omim]__[PF6]__R1234ze(E)__333.15__0.299,L2,Mreduced,R1234ZE(E),HFO,OMIM,PF6,333.15,0.299,0.1115,0.08353804349899292,0.012811976981827419,0.02796195650100708,0.09170359373092651,0.09170359373092651,0.06510091572999954,0.06510091572999954,0.09461438655853271,0.09461438655853271,0.09110353142023087,0.09110353142023087,0.07516779005527496,0.07516779005527496
[omim]__[PF6]__R1234ze(E)__333.15__0.356,L2,Mreduced,R1234ZE(E),HFO,OMIM,PF6,333.15,0.356,0.1321,0.09798389077186584,0.012748831706136372,0.034116109228134156,0.11104145646095276,0.11104145646095276,0.08146238327026367,0.08146238327026367,0.10719069838523865,0.10719069838523865,0.10237245261669159,0.10237245261669159,0.08785246312618256,0.08785246312618256
[omim]__[PF6]__R1234ze(E)__333.15__0.4106,L2,Mreduced,R1234ZE(E),HFO,OMIM,PF6,333.15,0.4106,0.1539,0.11196196526288986,0.013762592672543874,0.04193803473711015,0.12963059544563293,0.12963059544563293,0.09626016020774841,0.09626016020774841,0.11999359726905823,0.11999359726905823,0.11345954239368439,0.11345954239368439,0.10046593099832535,0.10046593099832535
[omim]__[PF6]__R1234ze(E)__343.15__0.1328,L2,Mreduced,R1234ZE(E),HFO,OMIM,PF6,343.15,0.1328,0.0403,0.04109764881432056,0.015698727310855243,0.0007976488143205604,0.03528638556599617,0.03528638556599617,0.019760558381676674,0.019760558381676674,0.04450486600399017,0.04450486600399017,0.06305107474327087,0.06305107474327087,0.04288535937666893,0.04288535937666893
[omim]__[PF6]__R1234ze(E)__343.15__0.1959,L2,Mreduced,R1234ZE(E),HFO,OMIM,PF6,343.15,0.1959,0.0582,0.052544979751110076,0.015554357015275532,0.005655020248889926,0.051451072096824646,0.051451072096824646,0.029892917722463608,0.029892917722463608,0.061846084892749786,0.061846084892749786,0.0712260752916336,0.0712260752916336,0.04830874875187874,0.04830874875187874
[omim]__[PF6]__R1234ze(E)__343.15__0.2563,L2,Mreduced,R1234ZE(E),HFO,OMIM,PF6,343.15,0.2563,0.0765,0.06303442567586899,0.014857320674372287,0.013465574324131008,0.06544831395149231,0.06544831395149231,0.040812116116285324,0.040812116116285324,0.07416181266307831,0.07416181266307831,0.07790592312812805,0.07790592312812805,0.05684396252036095,0.05684396252036095
[omim]__[PF6]__R1234ze(E)__343.15__0.315,L2,Mreduced,R1234ZE(E),HFO,OMIM,PF6,343.15,0.315,0.0934,0.07373827248811722,0.013508954775230241,0.019661727511882776,0.07973754405975342,0.07973754405975342,0.05421467125415802,0.05421467125415802,0.08553551137447357,0.08553551137447357,0.08387918025255203,0.08387918025255203,0.06532445549964905,0.06532445549964905
[omim]__[PF6]__R1234ze(E)__343.15__0.3753,L2,Mreduced,R1234ZE(E),HFO,OMIM,PF6,343.15,0.3753,0.112,0.08542880862951278,0.013143979581299205,0.026571191370487218,0.09604744613170624,0.09604744613170624,0.06752537935972214,0.06752537935972214,0.09632574021816254,0.09632574021816254,0.09176219999790192,0.09176219999790192,0.0754832774400711,0.0754832774400711
[omim]__[PF6]__R1234ze(E)__343.15__0.434,L2,Mreduced,R1234ZE(E),HFO,OMIM,PF6,343.15,0.434,0.1281,0.09681412279605865,0.013234076905217343,0.03128587720394134,0.1115226149559021,0.1115226149559021,0.08007042855024338,0.08007042855024338,0.10557682067155838,0.10557682067155838,0.10067732632160187,0.10067732632160187,0.08622342348098755,0.08622342348098755
[P66614]__[Cl]__R1234yf__283.15__0.064,L2,Mreduced,R1234YF,HFO,P66614,CL,283.15,0.064,0.158,0.1626621663570404,0.02933797490608731,0.004662166357040393,0.11892643570899963,0.11892643570899963,0.15543338656425476,0.15543338656425476,0.1901475191116333,0.1901475191116333,0.1594565510749817,0.1594565510749817,0.18934693932533264,0.18934693932533264
[P66614]__[Cl]__R1234yf__283.15__0.13,L2,Mreduced,R1234YF,HFO,P66614,CL,283.15,0.13,0.299,0.2201673686504364,0.03574712227482336,0.07883263134956359,0.16268767416477203,0.16268767416477203,0.21917776763439178,0.21917776763439178,0.24747055768966675,0.24747055768966675,0.21878862380981445,0.21878862380981445,0.252712219953537,0.252712219953537
[P66614]__[Cl]__R1234yf__283.15__0.18,L2,Mreduced,R1234YF,HFO,P66614,CL,283.15,0.18,0.38,0.26306324601173403,0.040300781463034265,0.11693675398826597,0.1966337263584137,0.1966337263584137,0.2644619345664978,0.2644619345664978,0.2921953499317169,0.2921953499317169,0.2638554573059082,0.2638554573059082,0.2981697618961334,0.2981697618961334
[P66614]__[Cl]__R1234yf__283.15__0.233,L2,Mreduced,R1234YF,HFO,P66614,CL,283.15,0.233,0.456,0.30647972524166106,0.04508303173477352,0.14952027475833896,0.23079247772693634,0.23079247772693634,0.3128212094306946,0.3128212094306946,0.33777540922164917,0.33777540922164917,0.3073688745498657,0.3073688745498657,0.34364065527915955,0.34364065527915955
[P66614]__[Cl]__R1234yf__283.15__0.281,L2,Mreduced,R1234YF,HFO,P66614,CL,283.15,0.281,0.516,0.3434076249599457,0.04819025965072191,0.1725923750400543,0.26187077164649963,0.26187077164649963,0.35541296005249023,0.35541296005249023,0.3763238489627838,0.3763238489627838,0.3424409329891205,0.3424409329891205,0.38098961114883423,0.38098961114883423
[P66614]__[Cl]__R1234yf__283.15__0.321,L2,Mreduced,R1234YF,HFO,P66614,CL,283.15,0.321,0.57,0.3707530736923218,0.04955567150690341,0.19924692630767815,0.28667736053466797,0.28667736053466797,0.3862077593803406,0.3862077593803406,0.4047512114048004,0.4047512114048004,0.3685678541660309,0.3685678541660309,0.40756118297576904,0.40756118297576904
[P66614]__[Cl]__R1234yf__283.15__0.362,L2,Mreduced,R1234YF,HFO,P66614,CL,283.15,0.362,0.623,0.39596245884895326,0.050269847045679834,0.22703754115104674,0.31062769889831543,0.31062769889831543,0.4134969115257263,0.4134969115257263,0.431508868932724,0.431508868932724,0.39291849732398987,0.39291849732398987,0.4312603175640106,0.4312603175640106
[P66614]__[Cl]__R1234yf__293.15__0.068,L2,Mreduced,R1234YF,HFO,P66614,CL,293.15,0.068,0.146,0.14211608171463014,0.028237964716758972,0.003883918285369853,0.10112851858139038,0.10112851858139038,0.13338951766490936,0.13338951766490936,0.17372912168502808,0.17372912168502808,0.13954362273216248,0.13954362273216248,0.16278962790966034,0.16278962790966034
[P66614]__[Cl]__R1234yf__293.15__0.142,L2,Mreduced,R1234YF,HFO,P66614,CL,293.15,0.142,0.261,0.19676626324653626,0.03310229811927063,0.06423373675346375,0.14571033418178558,0.14571033418178558,0.19250616431236267,0.19250616431236267,0.22970102727413177,0.22970102727413177,0.19341328740119934,0.19341328740119934,0.2225005030632019,0.2225005030632019
[P66614]__[Cl]__R1234yf__293.15__0.198,L2,Mreduced,R1234YF,HFO,P66614,CL,293.15,0.198,0.33,0.23729091882705688,0.03668437588816166,0.09270908117294313,0.1788512021303177,0.1788512021303177,0.23539312183856964,0.23539312183856964,0.2708300054073334,0.2708300054073334,0.235194593667984,0.235194593667984,0.2661856710910797,0.2661856710910797
[P66614]__[Cl]__R1234yf__293.15__0.258,L2,Mreduced,R1234YF,HFO,P66614,CL,293.15,0.258,0.397,0.27951622009277344,0.04046068231783747,0.11748377990722658,0.21403536200523376,0.21403536200523376,0.2804673910140991,0.2804673910140991,0.3154318034648895,0.3154318034648895,0.27708548307418823,0.27708548307418823,0.31056106090545654,0.31056106090545654
[P66614]__[Cl]__R1234yf__293.15__0.313,L2,Mreduced,R1234YF,HFO,P66614,CL,293.15,0.313,0.451,0.31474060416221616,0.04377227638633922,0.13625939583778385,0.24298474192619324,0.24298474192619324,0.3208714723587036,0.3208714723587036,0.3541240394115448,0.3541240394115448,0.31079983711242676,0.31079983711242676,0.3449229300022125,0.3449229300022125
[P66614]__[Cl]__R1234yf__293.15__0.362,L2,Mreduced,R1234YF,HFO,P66614,CL,293.15,0.362,0.501,0.3422137379646301,0.04508255112993396,0.15878626203536989,0.26746460795402527,0.26746460795402527,0.35363537073135376,0.35363537073135376,0.3817087411880493,0.3817087411880493,0.33727753162384033,0.33727753162384033,0.37098243832588196,0.37098243832588196
[P66614]__[Cl]__R1234yf__293.15__0.413,L2,Mreduced,R1234YF,HFO,P66614,CL,293.15,0.413,0.55,0.3667561113834381,0.04493289398548075,0.18324388861656193,0.29215312004089355,0.29215312004089355,0.38117003440856934,0.38117003440856934,0.40589144825935364,0.40589144825935364,0.36071059107780457,0.36071059107780457,0.39385536313056946,0.39385536313056946
[P66614]__[Cl]__R1234yf__293.15__0.46,L2,Mreduced,R1234YF,HFO,P66614,CL,293.15,0.46,0.594,0.38665822744369505,0.04399369488960546,0.20734177255630493,0.3139036297798157,0.3139036297798157,0.40175360441207886,0.40175360441207886,0.42541053891181946,0.42541053891181946,0.3796769380569458,0.3796769380569458,0.41254642605781555,0.41254642605781555
[P66614]__[Cl]__R1234yf__293.15__0.505,L2,Mreduced,R1234YF,HFO,P66614,CL,293.15,0.505,0.641,0.4042029619216919,0.0424323762355897,0.2367970380783081,0.3346659541130066,0.3346659541130066,0.41877132654190063,0.41877132654190063,0.44238945841789246,0.44238945841789246,0.3959302306175232,0.3959302306175232,0.4292578399181366,0.4292578399181366
[P66614]__[Cl]__R1234yf__303.15__0.073,L2,Mreduced,R1234YF,HFO,P66614,CL,303.15,0.073,0.126,0.12802183926105498,0.027701352723224788,0.0020218392610549807,0.09012198448181152,0.09012198448181152,0.11632567644119263,0.11632567644119263,0.16286668181419373,0.16286668181419373,0.12608885765075684,0.12608885765075684,0.14470599591732025,0.14470599591732025
[P66614]__[Cl]__R1234yf__303.15__0.154,L2,Mreduced,R1234YF,HFO,P66614,CL,303.15,0.154,0.22,0.1782667875289917,0.03173144432799633,0.04173321247100831,0.1322527378797531,0.1322527378797531,0.17005260288715363,0.17005260288715363,0.21573367714881897,0.21573367714881897,0.1744299829006195,0.1744299829006195,0.19886493682861328,0.19886493682861328
[P66614]__[Cl]__R1234yf__303.15__0.215,L2,Mreduced,R1234YF,HFO,P66614,CL,303.15,0.215,0.284,0.21523247361183168,0.03477639116954952,0.0687675263881683,0.16493333876132965,0.16493333876132965,0.207894429564476,0.207894429564476,0.2553759515285492,0.2553759515285492,0.20833921432495117,0.20833921432495117,0.2396194338798523,0.2396194338798523
[P66614]__[Cl]__R1234yf__303.15__0.28,L2,Mreduced,R1234YF,HFO,P66614,CL,303.15,0.28,0.344,0.2537782698869705,0.03813719100251331,0.09022173011302947,0.19618524610996246,0.19618524610996246,0.250766396522522,0.250766396522522,0.29511120915412903,0.29511120915412903,0.2461278736591339,0.2461278736591339,0.2807006239891052,0.2807006239891052
[P66614]__[Cl]__R1234yf__303.15__0.341,L2,Mreduced,R1234YF,HFO,P66614,CL,303.15,0.341,0.394,0.2860580116510391,0.0403907016355449,0.1079419883489609,0.22333736717700958,0.22333736717700958,0.2885822057723999,0.2885822057723999,0.3300445079803467,0.3300445079803467,0.2780510187149048,0.2780510187149048,0.31027495861053467,0.31027495861053467
[P66614]__[Cl]__R1234yf__303.15__0.396,L2,Mreduced,R1234YF,HFO,P66614,CL,303.15,0.396,0.439,0.3108375817537308,0.04193798980516848,0.12816241824626923,0.24449937045574188,0.24449937045574188,0.3180091977119446,0.3180091977119446,0.35526344180107117,0.35526344180107117,0.30238568782806396,0.30238568782806396,0.3340302109718323,0.3340302109718323
[P66614]__[Cl]__R1234yf__303.15__0.454,L2,Mreduced,R1234YF,HFO,P66614,CL,303.15,0.454,0.483,0.33264142870903013,0.042002805979554685,0.15035857129096986,0.26570308208465576,0.26570308208465576,0.3417946696281433,0.3417946696281433,0.3763822615146637,0.3763822615146637,0.32416296005249023,0.32416296005249023,0.35516417026519775,0.35516417026519775
[P66614]__[Cl]__R1234yf__303.15__0.51,L2,Mreduced,R1234YF,HFO,P66614,CL,303.15,0.51,0.524,0.3517922043800354,0.04098745174438484,0.17220779561996463,0.28680792450904846,0.28680792450904846,0.36092185974121094,0.36092185974121094,0.3951178789138794,0.3951178789138794,0.3429243266582489,0.3429243266582489,0.3731890320777893,0.3731890320777893
[P66614]__[Cl]__R1234yf__303.15__0.566,L2,Mreduced,R1234YF,HFO,P66614,CL,303.15,0.566,0.566,0.37041067481040957,0.03976689288904939,0.19558932518959038,0.3079170286655426,0.3079170286655426,0.37887048721313477,0.37887048721313477,0.4140281677246094,0.4140281677246094,0.36162129044532776,0.36162129044532776,0.3896164000034332,0.3896164000034332
[P66614]__[Cl]__R1234yf__303.15__0.628,L2,Mreduced,R1234YF,HFO,P66614,CL,303.15,0.628,0.608,0.38975049257278443,0.038434978824402485,0.21824950742721555,0.3297566771507263,0.3297566771507263,0.39629048109054565,0.39629048109054565,0.4332049787044525,0.4332049787044525,0.38193073868751526,0.38193073868751526,0.4075695872306824,0.4075695872306824
[P66614]__[Cl]__R1234yf__313.15__0.079,L2,Mreduced,R1234YF,HFO,P66614,CL,313.15,0.079,0.102,0.11788359731435775,0.027952779136660597,0.01588359731435776,0.08231538534164429,0.08231538534164429,0.10465725511312485,0.10465725511312485,0.156724750995636,0.156724750995636,0.11488448083400726,0.11488448083400726,0.1308361142873764,0.1308361142873764
[P66614]__[Cl]__R1234yf__313.15__0.165,L2,Mreduced,R1234YF,HFO,P66614,CL,313.15,0.165,0.188,0.16255417466163635,0.03196345081074682,0.025445825338363648,0.12016446888446808,0.12016446888446808,0.15039277076721191,0.15039277076721191,0.20549608767032623,0.20549608767032623,0.15762408077716827,0.15762408077716827,0.17909346520900726,0.17909346520900726
[P66614]__[Cl]__R1234yf__313.15__0.23,L2,Mreduced,R1234YF,HFO,P66614,CL,313.15,0.23,0.244,0.19509928524494172,0.03488156041275868,0.04890071475505828,0.14879736304283142,0.14879736304283142,0.18504299223423004,0.18504299223423004,0.24062448740005493,0.24062448740005493,0.18485254049301147,0.18485254049301147,0.2161790430545807,0.2161790430545807
[P66614]__[Cl]__R1234yf__313.15__0.3,L2,Mreduced,R1234YF,HFO,P66614,CL,313.15,0.3,0.299,0.22943504452705382,0.037126081631105694,0.06956495547294617,0.17819584906101227,0.17819584906101227,0.22366498410701752,0.22366498410701752,0.2757730484008789,0.2757730484008789,0.21673616766929626,0.21673616766929626,0.2528051733970642,0.2528051733970642
[P66614]__[Cl]__R1234yf__313.15__0.366,L2,Mreduced,R1234YF,HFO,P66614,CL,313.15,0.366,0.344,0.2588964909315109,0.039363156043333764,0.08510350906848907,0.20205338299274445,0.20205338299274445,0.25908058881759644,0.25908058881759644,0.3067163825035095,0.3067163825035095,0.245415598154068,0.245415598154068,0.28121650218963623,0.28121650218963623
[P66614]__[Cl]__R1234yf__313.15__0.426,L2,Mreduced,R1234YF,HFO,P66614,CL,313.15,0.426,0.383,0.28094991743564607,0.04001171793635178,0.10205008256435394,0.22175632417201996,0.22175632417201996,0.28327569365501404,0.28327569365501404,0.32861652970314026,0.32861652970314026,0.2685208022594452,0.2685208022594452,0.30258023738861084,0.30258023738861084
[P66614]__[Cl]__R1234yf__313.15__0.49,L2,Mreduced,R1234YF,HFO,P66614,CL,313.15,0.49,0.425,0.30103525817394255,0.040262563572592225,0.12396474182605743,0.24140797555446625,0.24140797555446625,0.304584801197052,0.304584801197052,0.34921762347221375,0.34921762347221375,0.2881964147090912,0.2881964147090912,0.32176947593688965,0.32176947593688965
[P66614]__[Cl]__R1234yf__313.15__0.552,L2,Mreduced,R1234YF,HFO,P66614,CL,313.15,0.552,0.463,0.31843886971473695,0.04000537255474263,0.14456113028526307,0.2588186264038086,0.2588186264038086,0.32205504179000854,0.32205504179000854,0.36650165915489197,0.36650165915489197,0.30671706795692444,0.30671706795692444,0.33810195326805115,0.33810195326805115
[P66614]__[Cl]__R1234yf__313.15__0.615,L2,Mreduced,R1234YF,HFO,P66614,CL,313.15,0.615,0.501,0.3352945804595947,0.03930720138989603,0.1657054195404053,0.27599069476127625,0.27599069476127625,0.3379008173942566,0.3379008173942566,0.38240253925323486,0.38240253925323486,0.3261012136936188,0.3261012136936188,0.35407763719558716,0.35407763719558716
[P66614]__[Cl]__R1234yf__313.15__0.686,L2,Mreduced,R1234YF,HFO,P66614,CL,313.15,0.686,0.538,0.35412128567695617,0.0391675643074947,0.18387871432304387,0.2941291630268097,0.2941291630268097,0.3559327721595764,0.3559327721595764,0.400768905878067,0.400768905878067,0.34781405329704285,0.34781405329704285,0.3719615340232849,0.3719615340232849
[P66614]__[Cl]__R1234yf__323.15__0.084,L2,Mreduced,R1234YF,HFO,P66614,CL,323.15,0.084,0.087,0.10950043797492981,0.027961304112225242,0.022500437974929816,0.07659004628658295,0.07659004628658295,0.09533694386482239,0.09533694386482239,0.1507568359375,0.1507568359375,0.10451526939868927,0.10451526939868927,0.12030309438705444,0.12030309438705444
[P66614]__[Cl]__R1234yf__323.15__0.175,L2,Mreduced,R1234YF,HFO,P66614,CL,323.15,0.175,0.159,0.14956611394882202,0.03164780360747756,0.009433886051177981,0.11066339910030365,0.11066339910030365,0.13638150691986084,0.13638150691986084,0.19565607607364655,0.19565607607364655,0.14316239953041077,0.14316239953041077,0.1619671881198883,0.1619671881198883
[P66614]__[Cl]__R1234yf__323.15__0.244,L2,Mreduced,R1234YF,HFO,P66614,CL,323.15,0.244,0.209,0.17752202451229096,0.03500880328262968,0.03147797548770903,0.13431090116500854,0.13431090116500854,0.16591626405715942,0.16591626405715942,0.22746752202510834,0.22746752202510834,0.16591933369636536,0.16591933369636536,0.1939961016178131,0.1939961016178131
[P66614]__[Cl]__R1234yf__323.15__0.319,L2,Mreduced,R1234YF,HFO,P66614,CL,323.15,0.319,0.258,0.20724491477012635,0.037594388927626295,0.05075508522987365,0.16006068885326385,0.16006068885326385,0.19889505207538605,0.19889505207538605,0.25978517532348633,0.25978517532348633,0.19153252243995667,0.19153252243995667,0.22595113515853882,0.22595113515853882
[P66614]__[Cl]__R1234yf__323.15__0.389,L2,Mreduced,R1234YF,HFO,P66614,CL,323.15,0.389,0.299,0.23334577679634094,0.038897625098716616,0.06565422320365905,0.1817048043012619,0.1817048043012619,0.22994260489940643,0.22994260489940643,0.285594642162323,0.285594642162323,0.21685656905174255,0.21685656905174255,0.2526302635669708,0.2526302635669708
[P66614]__[Cl]__R1234yf__323.15__0.453,L2,Mreduced,R1234YF,HFO,P66614,CL,323.15,0.453,0.336,0.25366923213005066,0.03939287050143571,0.08233076786994936,0.2001068890094757,0.2001068890094757,0.2509003281593323,0.2509003281593323,0.30606019496917725,0.30606019496917725,0.2386389970779419,0.2386389970779419,0.27263975143432617,0.27263975143432617
[P66614]__[Cl]__R1234yf__323.15__0.522,L2,Mreduced,R1234YF,HFO,P66614,CL,323.15,0.522,0.375,0.27238971292972564,0.04023652251729805,0.10261028707027436,0.21714292466640472,0.21714292466640472,0.2706108093261719,0.2706108093261719,0.32595089077949524,0.32595089077949524,0.2576032280921936,0.2576032280921936,0.2906407117843628,0.2906407117843628
[P66614]__[Cl]__R1234yf__323.15__0.589,L2,Mreduced,R1234YF,HFO,P66614,CL,323.15,0.589,0.409,0.28769164383411405,0.04066355788034244,0.12130835616588592,0.23005588352680206,0.23005588352680206,0.2862148582935333,0.2862148582935333,0.3402308225631714,0.3402308225631714,0.2750398814678192,0.2750398814678192,0.3069167733192444,0.3069167733192444
[P66614]__[Cl]__R1234yf__323.15__0.659,L2,Mreduced,R1234YF,HFO,P66614,CL,323.15,0.659,0.442,0.3035152554512024,0.03984382128507367,0.1384847445487976,0.2458288073539734,0.2458288073539734,0.30249637365341187,0.30249637365341187,0.3539417088031769,0.3539417088031769,0.29275068640708923,0.29275068640708923,0.3225587010383606,0.3225587010383606
[P66614]__[Cl]__R1234yf__323.15__0.737,L2,Mreduced,R1234YF,HFO,P66614,CL,323.15,0.737,0.477,0.3212945580482483,0.03992279268238476,0.15570544195175168,0.26143330335617065,0.26143330335617065,0.32082927227020264,0.32082927227020264,0.36999714374542236,0.36999714374542236,0.31383568048477173,0.31383568048477173,0.3403773903846741,0.3403773903846741
[P66614]__[Cl]__R1234yf__333.15__0.088,L2,Mreduced,R1234YF,HFO,P66614,CL,333.15,0.088,0.074,0.10116959512233734,0.027150992597731422,0.02716959512233734,0.07042625546455383,0.07042625546455383,0.08707547932863235,0.08707547932863235,0.14222471415996552,0.14222471415996552,0.0955696776509285,0.0955696776509285,0.1105518490076065,0.1105518490076065
[P66614]__[Cl]__R1234yf__333.15__0.184,L2,Mreduced,R1234YF,HFO,P66614,CL,333.15,0.184,0.137,0.1375707983970642,0.030710731622668897,0.0005707983970641983,0.10277950763702393,0.10277950763702393,0.12340456247329712,0.12340456247329712,0.18491140007972717,0.18491140007972717,0.13066433370113373,0.13066433370113373,0.1460941880941391,0.1460941880941391
[P66614]__[Cl]__R1234yf__333.15__0.256,L2,Mreduced,R1234YF,HFO,P66614,CL,333.15,0.256,0.181,0.16170094907283783,0.03455206084094375,0.019299050927162165,0.12142257392406464,0.12142257392406464,0.14894936978816986,0.14894936978816986,0.21379931271076202,0.21379931271076202,0.15042459964752197,0.15042459964752197,0.17390888929367065,0.17390888929367065
[P66614]__[Cl]__R1234yf__333.15__0.336,L2,Mreduced,R1234YF,HFO,P66614,CL,333.15,0.336,0.225,0.1882708489894867,0.03747858774158749,0.0367291510105133,0.14292357861995697,0.14292357861995697,0.17938189208507538,0.17938189208507538,0.2434239238500595,0.2434239238500595,0.17296473681926727,0.17296473681926727,0.20266011357307434,0.20266011357307434
[P66614]__[Cl]__R1234yf__333.15__0.41,L2,Mreduced,R1234YF,HFO,P66614,CL,333.15,0.41,0.262,0.21074013710021972,0.03869842354373264,0.051259862899780295,0.16298985481262207,0.16298985481262207,0.20323286950588226,0.20323286950588226,0.2667464017868042,0.2667464017868042,0.19429031014442444,0.19429031014442444,0.22644124925136566,0.22644124925136566
[P66614]__[Cl]__R1234yf__333.15__0.478,L2,Mreduced,R1234YF,HFO,P66614,CL,333.15,0.478,0.296,0.22951897084712983,0.03890501918875687,0.06648102915287016,0.1815485805273056,0.1815485805273056,0.2216131091117859,0.2216131091117859,0.2857294976711273,0.2857294976711273,0.21305671334266663,0.21305671334266663,0.24564695358276367,0.24564695358276367
[P66614]__[Cl]__R1234yf__333.15__0.552,L2,Mreduced,R1234YF,HFO,P66614,CL,333.15,0.552,0.332,0.246732759475708,0.03996685998172854,0.08526724052429202,0.19545938074588776,0.19545938074588776,0.23903478682041168,0.23903478682041168,0.3032354414463043,0.3032354414463043,0.23206770420074463,0.23206770420074463,0.26386648416519165,0.26386648416519165
[P66614]__[Cl]__R1234yf__333.15__0.624,L2,Mreduced,R1234YF,HFO,P66614,CL,333.15,0.624,0.364,0.2607720226049423,0.04042392869712779,0.10322797739505768,0.2059292048215866,0.2059292048215866,0.2547328472137451,0.2547328472137451,0.3154546320438385,0.3154546320438385,0.24833521246910095,0.24833521246910095,0.27940821647644043,0.27940821647644043
[P66614]__[Cl]__R1234yf__333.15__0.698,L2,Mreduced,R1234YF,HFO,P66614,CL,333.15,0.698,0.395,0.2757041811943054,0.03981133258588251,0.11929581880569462,0.21988558769226074,0.21988558769226074,0.2705155611038208,0.2705155611038208,0.32800108194351196,0.32800108194351196,0.2654951512813568,0.2654951512813568,0.2946235239505768,0.2946235239505768
[P66614]__[Cl]__R1234yf__333.15__0.783,L2,Mreduced,R1234YF,HFO,P66614,CL,333.15,0.783,0.427,0.29222154915332793,0.03993850953372967,0.13477845084667206,0.23368851840496063,0.23368851840496063,0.28923171758651733,0.28923171758651733,0.3422478139400482,0.3422478139400482,0.28424814343452454,0.28424814343452454,0.311691552400589,0.311691552400589
[P66614]__[Cl]__R1234yf__343.15__0.092,L2,Mreduced,R1234YF,HFO,P66614,CL,343.15,0.092,0.061,0.09391028434038162,0.02744265845078039,0.032910284340381624,0.06517176330089569,0.06517176330089569,0.07836928218603134,0.07836928218603134,0.1369638293981552,0.1369638293981552,0.08779224753379822,0.08779224753379822,0.10125429928302765,0.10125429928302765
[P66614]__[Cl]__R1234yf__343.15__0.193,L2,Mreduced,R1234YF,HFO,P66614,CL,343.15,0.193,0.118,0.12723737061023713,0.03111763289723878,0.009237370610237133,0.09358957409858704,0.09358957409858704,0.11266843974590302,0.11266843974590302,0.17681708931922913,0.17681708931922913,0.12065151333808899,0.12065151333808899,0.13246023654937744,0.13246023654937744
[P66614]__[Cl]__R1234yf__343.15__0.269,L2,Mreduced,R1234YF,HFO,P66614,CL,343.15,0.269,0.158,0.14932346045970918,0.03418244261106179,0.008676539540290823,0.11130647361278534,0.11130647361278534,0.13577423989772797,0.13577423989772797,0.20301826298236847,0.20301826298236847,0.1393292248249054,0.1393292248249054,0.15718910098075867,0.15718910098075867
[P66614]__[Cl]__R1234yf__343.15__0.352,L2,Mreduced,R1234YF,HFO,P66614,CL,343.15,0.352,0.198,0.17201316952705384,0.03680920368342715,0.02598683047294617,0.12878909707069397,0.12878909707069397,0.1615588366985321,0.1615588366985321,0.228369802236557,0.228369802236557,0.15921980142593384,0.15921980142593384,0.18212831020355225,0.18212831020355225
[P66614]__[Cl]__R1234yf__343.15__0.43,L2,Mreduced,R1234YF,HFO,P66614,CL,343.15,0.43,0.23,0.19215764999389648,0.037713181197779555,0.03784235000610353,0.1493847519159317,0.1493847519159317,0.18111537396907806,0.18111537396907806,0.2503085136413574,0.2503085136413574,0.17682239413261414,0.17682239413261414,0.2031572163105011,0.2031572163105011
[P66614]__[Cl]__R1234yf__343.15__0.502,L2,Mreduced,R1234YF,HFO,P66614,CL,343.15,0.502,0.262,0.20890604555606843,0.0380423062514889,0.053093954443931585,0.1660374104976654,0.1660374104976654,0.1963823288679123,0.1963823288679123,0.2672499716281891,0.2672499716281891,0.19353897869586945,0.19353897869586945,0.22132153809070587,0.22132153809070587
[P66614]__[Cl]__R1234yf__343.15__0.58,L2,Mreduced,R1234YF,HFO,P66614,CL,343.15,0.58,0.296,0.22414829432964326,0.03859006837659967,0.07185170567035673,0.1783122569322586,0.1783122569322586,0.2125319242477417,0.2125319242477417,0.28151240944862366,0.28151240944862366,0.20952537655830383,0.20952537655830383,0.23885950446128845,0.23885950446128845
[P66614]__[Cl]__R1234yf__343.15__0.656,L2,Mreduced,R1234YF,HFO,P66614,CL,343.15,0.656,0.325,0.23707138299942015,0.03926601533359114,0.08792861700057986,0.18783873319625854,0.18783873319625854,0.22705090045928955,0.22705090045928955,0.293504923582077,0.293504923582077,0.2234097421169281,0.2234097421169281,0.2535526156425476,0.2535526156425476
[P66614]__[Cl]__R1234yf__343.15__0.735,L2,Mreduced,R1234YF,HFO,P66614,CL,343.15,0.735,0.355,0.2503874570131302,0.03899169767157867,0.10461254298686978,0.19874517619609833,0.19874517619609833,0.24189183115959167,0.24189183115959167,0.30459651350975037,0.30459651350975037,0.23945742845535278,0.23945742845535278,0.2672463357448578,0.2672463357448578
[P66614]__[Cl]__R1234yf__343.15__0.825,L2,Mreduced,R1234YF,HFO,P66614,CL,343.15,0.825,0.384,0.26628595888614653,0.03872799367771721,0.11771404111385347,0.21201969683170319,0.21201969683170319,0.2600499391555786,0.2600499391555786,0.3170633316040039,0.3170633316040039,0.25718262791633606,0.25718262791633606,0.28511419892311096,0.28511419892311096
