model,descriptor_mode,orig_idx,refrigerant,cation,anion,T_K,P_MPa,true_x1,pred_mu,pred_sigma,abs_error,pred_seed_42
Stereo_M0,M0,2739,R1234YF,[emim],[Ac],283.15,0.073,0.009,0.12053176760673523,0.0,0.11153176760673524,0.12053176760673523
Stereo_M0,M0,2740,R1234YF,[emim],[Ac],283.15,0.145,0.019,0.1401587277650833,0.0,0.12115872776508331,0.1401587277650833
Stereo_M0,M0,2741,R1234YF,[emim],[Ac],283.15,0.207,0.027,0.15856897830963135,0.0,0.13156897830963135,0.15856897830963135
Stereo_M0,M0,2742,R1234YF,[emim],[Ac],283.15,0.266,0.035,0.17807161808013916,0.0,0.14307161808013916,0.17807161808013916
Stereo_M0,M0,2743,R1234YF,[emim],[Ac],283.15,0.319,0.043,0.1957472413778305,0.0,0.15274724137783052,0.1957472413778305
Stereo_M0,M0,2744,R1234YF,[emim],[Ac],283.15,0.371,0.051,0.21404416859149933,0.0,0.16304416859149934,0.21404416859149933
Stereo_M0,M0,2745,R1234YF,[emim],[Ac],283.15,0.42,0.06,0.2334499955177307,0.0,0.17344999551773072,0.2334499955177307
Stereo_M0,M0,2746,R1234YF,[emim],[Ac],293.15,0.076,0.009,0.08427281677722931,0.0,0.07527281677722931,0.08427281677722931
Stereo_M0,M0,2747,R1234YF,[emim],[Ac],293.15,0.153,0.016,0.1045159101486206,0.0,0.0885159101486206,0.1045159101486206
Stereo_M0,M0,2748,R1234YF,[emim],[Ac],293.15,0.219,0.022,0.12433172762393951,0.0,0.10233172762393952,0.12433172762393951
Stereo_M0,M0,2749,R1234YF,[emim],[Ac],293.15,0.282,0.028,0.1431325227022171,0.0,0.1151325227022171,0.1431325227022171
Stereo_M0,M0,2750,R1234YF,[emim],[Ac],293.15,0.339,0.034,0.16046257317066193,0.0,0.12646257317066192,0.16046257317066193
Stereo_M0,M0,2751,R1234YF,[emim],[Ac],293.15,0.395,0.039,0.1785532534122467,0.0,0.1395532534122467,0.1785532534122467
Stereo_M0,M0,2752,R1234YF,[emim],[Ac],293.15,0.449,0.046,0.19878041744232178,0.0,0.1527804174423218,0.19878041744232178
Stereo_M0,M0,2753,R1234YF,[emim],[Ac],303.15,0.08,0.007,0.05145435035228729,0.0,0.04445435035228729,0.05145435035228729
Stereo_M0,M0,2754,R1234YF,[emim],[Ac],303.15,0.161,0.012,0.07483416795730591,0.0,0.06283416795730591,0.07483416795730591
Stereo_M0,M0,2755,R1234YF,[emim],[Ac],303.15,0.23,0.018,0.09353390336036682,0.0,0.07553390336036682,0.09353390336036682
Stereo_M0,M0,2756,R1234YF,[emim],[Ac],303.15,0.297,0.022,0.1094432845711708,0.0,0.08744328457117082,0.1094432845711708
Stereo_M0,M0,2757,R1234YF,[emim],[Ac],303.15,0.358,0.027,0.12430258095264435,0.0,0.09730258095264435,0.12430258095264435
Stereo_M0,M0,2758,R1234YF,[emim],[Ac],303.15,0.417,0.032,0.1388341337442398,0.0,0.1068341337442398,0.1388341337442398
Stereo_M0,M0,2759,R1234YF,[emim],[Ac],303.15,0.474,0.037,0.15546944737434387,0.0,0.11846944737434387,0.15546944737434387
Stereo_M0,M0,2760,R1234YF,[emim],[Ac],313.15,0.084,0.006,0.02541569620370865,0.0,0.01941569620370865,0.02541569620370865
Stereo_M0,M0,2761,R1234YF,[emim],[Ac],313.15,0.168,0.011,0.04652447998523712,0.0,0.035524479985237126,0.04652447998523712
Stereo_M0,M0,2762,R1234YF,[emim],[Ac],313.15,0.24,0.015,0.06262797117233276,0.0,0.047627971172332764,0.06262797117233276
Stereo_M0,M0,2763,R1234YF,[emim],[Ac],313.15,0.311,0.019,0.07614442706108093,0.0,0.05714442706108093,0.07614442706108093
Stereo_M0,M0,2764,R1234YF,[emim],[Ac],313.15,0.375,0.022,0.08592893183231354,0.0,0.06392893183231355,0.08592893183231354
Stereo_M0,M0,2765,R1234YF,[emim],[Ac],313.15,0.438,0.026,0.09854026138782501,0.0,0.07254026138782502,0.09854026138782501
Stereo_M0,M0,2766,R1234YF,[emim],[Ac],313.15,0.5,0.03,0.11813317239284515,0.0,0.08813317239284515,0.11813317239284515
Stereo_M0,M0,2767,R1234YF,[emim],[Ac],323.15,0.087,0.005,0.0,0.0,0.005,0.0
Stereo_M0,M0,2768,R1234YF,[emim],[Ac],323.15,0.175,0.009,0.014790995977818966,0.0,0.005790995977818967,0.014790995977818966
Stereo_M0,M0,2769,R1234YF,[emim],[Ac],323.15,0.251,0.012,0.030489176511764526,0.0,0.018489176511764526,0.030489176511764526
Stereo_M0,M0,2770,R1234YF,[emim],[Ac],323.15,0.324,0.015,0.04452437162399292,0.0,0.02952437162399292,0.04452437162399292
Stereo_M0,M0,2771,R1234YF,[emim],[Ac],323.15,0.392,0.019,0.05705621838569641,0.0,0.03805621838569641,0.05705621838569641
Stereo_M0,M0,2772,R1234YF,[emim],[Ac],323.15,0.458,0.021,0.07132588326931,0.0,0.05032588326930999,0.07132588326931
Stereo_M0,M0,2773,R1234YF,[emim],[Ac],323.15,0.523,0.024,0.09223207831382751,0.0,0.06823207831382752,0.09223207831382751
Stereo_M0,M0,2774,R1234YF,[emim],[Ac],333.15,0.091,0.004,0.0,0.0,0.004,0.0
Stereo_M0,M0,2775,R1234YF,[emim],[Ac],333.15,0.182,0.007,0.0,0.0,0.007,0.0
Stereo_M0,M0,2776,R1234YF,[emim],[Ac],333.15,0.261,0.01,0.015719346702098846,0.0,0.005719346702098846,0.015719346702098846
Stereo_M0,M0,2777,R1234YF,[emim],[Ac],333.15,0.338,0.013,0.029611334204673767,0.0,0.01661133420467377,0.029611334204673767
Stereo_M0,M0,2778,R1234YF,[emim],[Ac],333.15,0.408,0.015,0.042718708515167236,0.0,0.027718708515167237,0.042718708515167236
Stereo_M0,M0,2779,R1234YF,[emim],[Ac],333.15,0.478,0.017,0.0569254532456398,0.0,0.0399254532456398,0.0569254532456398
Stereo_M0,M0,2780,R1234YF,[emim],[Ac],333.15,0.545,0.02,0.0766209214925766,0.0,0.056620921492576595,0.0766209214925766
Stereo_M0,M0,2781,R1234YF,[emim],[Ac],343.15,0.094,0.003,0.0,0.0,0.003,0.0
Stereo_M0,M0,2782,R1234YF,[emim],[Ac],343.15,0.189,0.006,0.0,0.0,0.006,0.0
Stereo_M0,M0,2783,R1234YF,[emim],[Ac],343.15,0.271,0.009,0.005178241990506649,0.0,0.0038217580094933503,0.005178241990506649
Stereo_M0,M0,2784,R1234YF,[emim],[Ac],343.15,0.35,0.01,0.01639726758003235,0.0,0.006397267580032348,0.01639726758003235
Stereo_M0,M0,2785,R1234YF,[emim],[Ac],343.15,0.424,0.013,0.02885226160287857,0.0,0.015852261602878573,0.02885226160287857
Stereo_M0,M0,2786,R1234YF,[emim],[Ac],343.15,0.496,0.015,0.040376096963882446,0.0,0.025376096963882447,0.040376096963882446
Stereo_M0,M0,2787,R1234YF,[emim],[Ac],343.15,0.568,0.018,0.055538684129714966,0.0,0.037538684129714964,0.055538684129714966
Stereo_M0,M0,2788,R1234YF,[emim],[BF4],283.15,0.0592,0.0065,0.1279628872871399,0.0,0.12146288728713989,0.1279628872871399
Stereo_M0,M0,2789,R1234YF,[emim],[BF4],283.15,0.1096,0.0121,0.1441282033920288,0.0,0.1320282033920288,0.1441282033920288
Stereo_M0,M0,2790,R1234YF,[emim],[BF4],283.15,0.1594,0.0174,0.1599213033914566,0.0,0.1425213033914566,0.1599213033914566
Stereo_M0,M0,2791,R1234YF,[emim],[BF4],283.15,0.2062,0.0228,0.17461282014846802,0.0,0.15181282014846803,0.17461282014846802
Stereo_M0,M0,2792,R1234YF,[emim],[BF4],283.15,0.2512,0.0279,0.18820184469223022,0.0,0.16030184469223022,0.18820184469223022
Stereo_M0,M0,2793,R1234YF,[emim],[BF4],283.15,0.2972,0.0337,0.2033875584602356,0.0,0.1696875584602356,0.2033875584602356
Stereo_M0,M0,2794,R1234YF,[emim],[BF4],283.15,0.3411,0.0398,0.21890771389007568,0.0,0.17910771389007568,0.21890771389007568
Stereo_M0,M0,2795,R1234YF,[emim],[BF4],293.15,0.0618,0.0052,0.09190727770328522,0.0,0.08670727770328522,0.09190727770328522
Stereo_M0,M0,2796,R1234YF,[emim],[BF4],293.15,0.1144,0.0095,0.105806365609169,0.0,0.09630636560916901,0.105806365609169
Stereo_M0,M0,2797,R1234YF,[emim],[BF4],293.15,0.1665,0.0139,0.12008695304393768,0.0,0.10618695304393769,0.12008695304393768
Stereo_M0,M0,2798,R1234YF,[emim],[BF4],293.15,0.2158,0.0178,0.1349656581878662,0.0,0.11716565818786621,0.1349656581878662
Stereo_M0,M0,2799,R1234YF,[emim],[BF4],293.15,0.2632,0.0216,0.15034367144107819,0.0,0.12874367144107818,0.15034367144107819
Stereo_M0,M0,2800,R1234YF,[emim],[BF4],293.15,0.3121,0.0257,0.16514405608177185,0.0,0.13944405608177185,0.16514405608177185
Stereo_M0,M0,2801,R1234YF,[emim],[BF4],293.15,0.3585,0.0297,0.17899879813194275,0.0,0.14929879813194274,0.17899879813194275
Stereo_M0,M0,2802,R1234YF,[emim],[BF4],303.15,0.0643,0.0042,0.05840243399143219,0.0,0.05420243399143219,0.05840243399143219
Stereo_M0,M0,2803,R1234YF,[emim],[BF4],303.15,0.1193,0.0076,0.07500677555799484,0.0,0.06740677555799485,0.07500677555799484
Stereo_M0,M0,2804,R1234YF,[emim],[BF4],303.15,0.1737,0.0112,0.09146524220705032,0.0,0.08026524220705032,0.09146524220705032
Stereo_M0,M0,2805,R1234YF,[emim],[BF4],303.15,0.2253,0.0145,0.106172114610672,0.0,0.091672114610672,0.106172114610672
Stereo_M0,M0,2806,R1234YF,[emim],[BF4],303.15,0.2752,0.0175,0.11737141013145447,0.0,0.09987141013145447,0.11737141013145447
Stereo_M0,M0,2807,R1234YF,[emim],[BF4],303.15,0.3265,0.0208,0.12989407777786255,0.0,0.10909407777786255,0.12989407777786255
Stereo_M0,M0,2808,R1234YF,[emim],[BF4],303.15,0.3755,0.0239,0.14300762116909027,0.0,0.11910762116909027,0.14300762116909027
Stereo_M0,M0,2809,R1234YF,[emim],[BF4],313.15,0.0671,0.0035,0.03312200307846069,0.0,0.029622003078460694,0.03312200307846069
Stereo_M0,M0,2810,R1234YF,[emim],[BF4],313.15,0.1241,0.0065,0.04814791679382324,0.0,0.04164791679382324,0.04814791679382324
Stereo_M0,M0,2811,R1234YF,[emim],[BF4],313.15,0.1807,0.0095,0.06322730332612991,0.0,0.05372730332612991,0.06322730332612991
Stereo_M0,M0,2812,R1234YF,[emim],[BF4],313.15,0.2345,0.0122,0.07479234784841537,0.0,0.06259234784841537,0.07479234784841537
Stereo_M0,M0,2813,R1234YF,[emim],[BF4],313.15,0.2867,0.0147,0.08518669754266739,0.0,0.07048669754266738,0.08518669754266739
Stereo_M0,M0,2814,R1234YF,[emim],[BF4],313.15,0.3406,0.0173,0.09364841878414154,0.0,0.07634841878414154,0.09364841878414154
Stereo_M0,M0,2815,R1234YF,[emim],[BF4],313.15,0.3919,0.02,0.10274308919906616,0.0,0.08274308919906616,0.10274308919906616
Stereo_M0,M0,2816,R1234YF,[emim],[BF4],323.15,0.0695,0.0028,0.0004953881725668907,0.0,0.0023046118274331093,0.0004953881725668907
Stereo_M0,M0,2817,R1234YF,[emim],[BF4],323.15,0.1289,0.0052,0.015146820805966854,0.0,0.009946820805966854,0.015146820805966854
Stereo_M0,M0,2818,R1234YF,[emim],[BF4],323.15,0.1876,0.0077,0.02998502552509308,0.0,0.02228502552509308,0.02998502552509308
Stereo_M0,M0,2819,R1234YF,[emim],[BF4],323.15,0.2436,0.0101,0.04188594967126846,0.0,0.031785949671268465,0.04188594967126846
Stereo_M0,M0,2820,R1234YF,[emim],[BF4],323.15,0.298,0.0122,0.05216508358716965,0.0,0.039965083587169645,0.05216508358716965
Stereo_M0,M0,2821,R1234YF,[emim],[BF4],323.15,0.3543,0.0145,0.06274832040071487,0.0,0.048248320400714875,0.06274832040071487
Stereo_M0,M0,2822,R1234YF,[emim],[BF4],323.15,0.4081,0.017,0.07267396152019501,0.0,0.055673961520195006,0.07267396152019501
Stereo_M0,M0,2823,R1234YF,[emim],[BF4],333.15,0.0723,0.0023,0.0,0.0,0.0023,0.0
Stereo_M0,M0,2824,R1234YF,[emim],[BF4],333.15,0.1336,0.0043,0.0,0.0,0.0043,0.0
Stereo_M0,M0,2825,R1234YF,[emim],[BF4],333.15,0.1945,0.0063,0.010635524056851864,0.0,0.004335524056851864,0.010635524056851864
Stereo_M0,M0,2826,R1234YF,[emim],[BF4],333.15,0.2526,0.0085,0.024707749485969543,0.0,0.016207749485969543,0.024707749485969543
Stereo_M0,M0,2827,R1234YF,[emim],[BF4],333.15,0.3092,0.0105,0.03784024715423584,0.0,0.027340247154235837,0.03784024715423584
Stereo_M0,M0,2828,R1234YF,[emim],[BF4],333.15,0.3678,0.0125,0.04881437122821808,0.0,0.03631437122821808,0.04881437122821808
Stereo_M0,M0,2829,R1234YF,[emim],[BF4],333.15,0.4239,0.0142,0.05762733519077301,0.0,0.043427335190773006,0.05762733519077301
Stereo_M0,M0,2830,R1234YF,[emim],[BF4],343.15,0.0749,0.0019,0.0,0.0,0.0019,0.0
Stereo_M0,M0,2831,R1234YF,[emim],[BF4],343.15,0.1382,0.0037,0.0,0.0,0.0037,0.0
Stereo_M0,M0,2832,R1234YF,[emim],[BF4],343.15,0.2014,0.0053,0.0022148778662085533,0.0,0.0030851221337914467,0.0022148778662085533
Stereo_M0,M0,2833,R1234YF,[emim],[BF4],343.15,0.2618,0.007,0.014423145912587643,0.0,0.0074231459125876425,0.014423145912587643
Stereo_M0,M0,2834,R1234YF,[emim],[BF4],343.15,0.3203,0.0086,0.024276942014694214,0.0,0.015676942014694214,0.024276942014694214
Stereo_M0,M0,2835,R1234YF,[emim],[BF4],343.15,0.3813,0.0102,0.03427555412054062,0.0,0.024075554120540618,0.03427555412054062
Stereo_M0,M0,2836,R1234YF,[emim],[BF4],343.15,0.4399,0.0119,0.04317212849855423,0.0,0.03127212849855423,0.04317212849855423
Stereo_M0,M0,2837,R1234YF,[emim],[BF4],303.15,0.0607,0.0038,0.05739104747772217,0.0,0.05359104747772217,0.05739104747772217
Stereo_M0,M0,2838,R1234YF,[emim],[BF4],303.15,0.1411,0.0087,0.08166424930095673,0.0,0.07296424930095673,0.08166424930095673
Stereo_M0,M0,2839,R1234YF,[emim],[BF4],303.15,0.2323,0.0147,0.10788993537425995,0.0,0.09318993537425994,0.10788993537425995
Stereo_M0,M0,2840,R1234YF,[emim],[BF4],303.15,0.3263,0.0207,0.12984153628349304,0.0,0.10914153628349305,0.12984153628349304
Stereo_M0,M0,2841,R1234YF,[emim],[BF4],303.15,0.4223,0.0277,0.15583953261375427,0.0,0.12813953261375427,0.15583953261375427
Stereo_M0,M0,2842,R1234ZE(E),[emim],[BF4],283.15,0.05,0.0269,0.052714698016643524,0.0,0.025814698016643524,0.052714698016643524
Stereo_M0,M0,2843,R1234ZE(E),[emim],[BF4],283.15,0.095,0.0501,0.07577868551015854,0.0,0.02567868551015854,0.07577868551015854
Stereo_M0,M0,2844,R1234ZE(E),[emim],[BF4],283.15,0.14,0.0738,0.0985914096236229,0.0,0.02479140962362289,0.0985914096236229
Stereo_M0,M0,2845,R1234ZE(E),[emim],[BF4],283.15,0.182,0.098,0.12112180888652802,0.0,0.02312180888652801,0.12112180888652802
Stereo_M0,M0,2846,R1234ZE(E),[emim],[BF4],283.15,0.221,0.123,0.14277300238609314,0.0,0.01977300238609314,0.14277300238609314
Stereo_M0,M0,2847,R1234ZE(E),[emim],[BF4],283.15,0.259,0.1511,0.16526737809181213,0.0,0.014167378091812122,0.16526737809181213
Stereo_M0,M0,2848,R1234ZE(E),[emim],[BF4],283.15,0.294,0.1814,0.18568293750286102,0.0,0.004282937502861017,0.18568293750286102
Stereo_M0,M0,2849,R1234ZE(E),[emim],[BF4],293.15,0.054,0.0213,0.02943594753742218,0.0,0.00813594753742218,0.02943594753742218
Stereo_M0,M0,2850,R1234ZE(E),[emim],[BF4],293.15,0.103,0.0376,0.04965682327747345,0.0,0.012056823277473448,0.04965682327747345
Stereo_M0,M0,2851,R1234ZE(E),[emim],[BF4],293.15,0.153,0.0555,0.0694696232676506,0.0,0.013969623267650604,0.0694696232676506
Stereo_M0,M0,2852,R1234ZE(E),[emim],[BF4],293.15,0.199,0.0742,0.08753866702318192,0.0,0.013338667023181913,0.08753866702318192
Stereo_M0,M0,2853,R1234ZE(E),[emim],[BF4],293.15,0.243,0.0923,0.10515560209751129,0.0,0.012855602097511298,0.10515560209751129
Stereo_M0,M0,2854,R1234ZE(E),[emim],[BF4],293.15,0.286,0.1127,0.12476830184459686,0.0,0.012068301844596868,0.12476830184459686
Stereo_M0,M0,2855,R1234ZE(E),[emim],[BF4],293.15,0.327,0.1338,0.14445583522319794,0.0,0.010655835223197935,0.14445583522319794
Stereo_M0,M0,2856,R1234ZE(E),[emim],[BF4],303.15,0.058,0.0164,0.007715239189565182,0.0,0.00868476081043482,0.007715239189565182
Stereo_M0,M0,2857,R1234ZE(E),[emim],[BF4],303.15,0.111,0.0294,0.026597201824188232,0.0,0.0028027981758117666,0.026597201824188232
Stereo_M0,M0,2858,R1234ZE(E),[emim],[BF4],303.15,0.164,0.0428,0.04549147188663483,0.0,0.002691471886634829,0.04549147188663483
Stereo_M0,M0,2859,R1234ZE(E),[emim],[BF4],303.15,0.213,0.0569,0.06275265663862228,0.0,0.005852656638622285,0.06275265663862228
Stereo_M0,M0,2860,R1234ZE(E),[emim],[BF4],303.15,0.261,0.0706,0.077962726354599,0.0,0.007362726354599003,0.077962726354599
Stereo_M0,M0,2861,R1234ZE(E),[emim],[BF4],303.15,0.309,0.0859,0.09500603377819061,0.0,0.009106033778190609,0.09500603377819061
Stereo_M0,M0,2862,R1234ZE(E),[emim],[BF4],303.15,0.354,0.1018,0.11310591548681259,0.0,0.01130591548681259,0.11310591548681259
Stereo_M0,M0,2863,R1234ZE(E),[emim],[BF4],313.15,0.061,0.0133,0.0,0.0,0.0133,0.0
Stereo_M0,M0,2864,R1234ZE(E),[emim],[BF4],313.15,0.117,0.0232,0.0,0.0,0.0232,0.0
Stereo_M0,M0,2865,R1234ZE(E),[emim],[BF4],313.15,0.173,0.0339,0.019570965319871902,0.0,0.014329034680128097,0.019570965319871902
Stereo_M0,M0,2866,R1234ZE(E),[emim],[BF4],313.15,0.226,0.0445,0.03687852993607521,0.0,0.007621470063924787,0.03687852993607521
Stereo_M0,M0,2867,R1234ZE(E),[emim],[BF4],313.15,0.277,0.0553,0.05307812988758087,0.0,0.0022218701124191303,0.05307812988758087
Stereo_M0,M0,2868,R1234ZE(E),[emim],[BF4],313.15,0.328,0.0674,0.06787491589784622,0.0,0.00047491589784622035,0.06787491589784622
Stereo_M0,M0,2869,R1234ZE(E),[emim],[BF4],313.15,0.378,0.0797,0.0822780653834343,0.0,0.0025780653834343026,0.0822780653834343
Stereo_M0,M0,2870,R1234ZE(E),[emim],[BF4],323.15,0.064,0.0105,0.0,0.0,0.0105,0.0
Stereo_M0,M0,2871,R1234ZE(E),[emim],[BF4],323.15,0.123,0.0187,0.0,0.0,0.0187,0.0
Stereo_M0,M0,2872,R1234ZE(E),[emim],[BF4],323.15,0.182,0.0273,0.0,0.0,0.0273,0.0
Stereo_M0,M0,2873,R1234ZE(E),[emim],[BF4],323.15,0.238,0.0358,0.009367040358483791,0.0,0.026432959641516207,0.009367040358483791
Stereo_M0,M0,2874,R1234ZE(E),[emim],[BF4],323.15,0.292,0.0445,0.02470257505774498,0.0,0.019797424942255018,0.02470257505774498
Stereo_M0,M0,2875,R1234ZE(E),[emim],[BF4],323.15,0.346,0.054,0.041506506502628326,0.0,0.012493493497371673,0.041506506502628326
Stereo_M0,M0,2876,R1234ZE(E),[emim],[BF4],323.15,0.399,0.0641,0.0560203418135643,0.0,0.008079658186435704,0.0560203418135643
Stereo_M0,M0,2877,R1234ZE(E),[emim],[BF4],333.15,0.067,0.0082,0.0,0.0,0.0082,0.0
Stereo_M0,M0,2878,R1234ZE(E),[emim],[BF4],333.15,0.128,0.0151,0.0,0.0,0.0151,0.0
Stereo_M0,M0,2879,R1234ZE(E),[emim],[BF4],333.15,0.191,0.022,0.0,0.0,0.022,0.0
Stereo_M0,M0,2880,R1234ZE(E),[emim],[BF4],333.15,0.249,0.0289,0.0,0.0,0.0289,0.0
Stereo_M0,M0,2881,R1234ZE(E),[emim],[BF4],333.15,0.306,0.0363,0.005431569181382656,0.0,0.030868430818617343,0.005431569181382656
Stereo_M0,M0,2882,R1234ZE(E),[emim],[BF4],333.15,0.363,0.0441,0.02409593015909195,0.0,0.02000406984090805,0.02409593015909195
Stereo_M0,M0,2883,R1234ZE(E),[emim],[BF4],333.15,0.418,0.0525,0.04213268309831619,0.0,0.010367316901683805,0.04213268309831619
Stereo_M0,M0,2884,R1234ZE(E),[emim],[BF4],343.15,0.07,0.0063,0.0,0.0,0.0063,0.0
Stereo_M0,M0,2885,R1234ZE(E),[emim],[BF4],343.15,0.134,0.012,0.0,0.0,0.012,0.0
Stereo_M0,M0,2886,R1234ZE(E),[emim],[BF4],343.15,0.198,0.0181,0.0,0.0,0.0181,0.0
Stereo_M0,M0,2887,R1234ZE(E),[emim],[BF4],343.15,0.26,0.0235,0.0,0.0,0.0235,0.0
Stereo_M0,M0,2888,R1234ZE(E),[emim],[BF4],343.15,0.319,0.0289,0.0,0.0,0.0289,0.0
Stereo_M0,M0,2889,R1234ZE(E),[emim],[BF4],343.15,0.379,0.035,0.011667757295072079,0.0,0.023332242704927925,0.011667757295072079
Stereo_M0,M0,2890,R1234ZE(E),[emim],[BF4],343.15,0.438,0.0409,0.02608892321586609,0.0,0.01481107678413391,0.02608892321586609
Stereo_M0,M0,2891,R1234YF,[emim],[OTf],283.15,0.0511,0.0163,0.15329042077064514,0.0,0.13699042077064513,0.15329042077064514
Stereo_M0,M0,2892,R1234YF,[emim],[OTf],283.15,0.143,0.0471,0.18683075904846191,0.0,0.1397307590484619,0.18683075904846191
Stereo_M0,M0,2893,R1234YF,[emim],[OTf],283.15,0.2804,0.0972,0.237729012966156,0.0,0.140529012966156,0.237729012966156
Stereo_M0,M0,2894,R1234YF,[emim],[OTf],283.15,0.3731,0.1333,0.2733657956123352,0.0,0.1400657956123352,0.2733657956123352
Stereo_M0,M0,2895,R1234YF,[emim],[OTf],283.15,0.4298,0.1577,0.2959863543510437,0.0,0.1382863543510437,0.2959863543510437
Stereo_M0,M0,2896,R1234YF,[emim],[OTf],293.15,0.055,0.0129,0.1199001669883728,0.0,0.10700016698837281,0.1199001669883728
Stereo_M0,M0,2897,R1234YF,[emim],[OTf],293.15,0.152,0.0357,0.15081749856472015,0.0,0.11511749856472014,0.15081749856472015
Stereo_M0,M0,2898,R1234YF,[emim],[OTf],293.15,0.2898,0.0699,0.19498836994171143,0.0,0.1250883699417114,0.19498836994171143
Stereo_M0,M0,2899,R1234YF,[emim],[OTf],293.15,0.3846,0.0961,0.22720259428024292,0.0,0.1311025942802429,0.22720259428024292
Stereo_M0,M0,2900,R1234YF,[emim],[OTf],293.15,0.4481,0.1115,0.24928471446037292,0.0,0.13778471446037294,0.24928471446037292
Stereo_M0,M0,2901,R1234YF,[emim],[OTf],303.15,0.0579,0.0103,0.08443579077720642,0.0,0.07413579077720642,0.08443579077720642
Stereo_M0,M0,2902,R1234YF,[emim],[OTf],303.15,0.1633,0.0284,0.1167304664850235,0.0,0.08833046648502349,0.1167304664850235
Stereo_M0,M0,2903,R1234YF,[emim],[OTf],303.15,0.3039,0.0536,0.15782040357589722,0.0,0.10422040357589721,0.15782040357589722
Stereo_M0,M0,2904,R1234YF,[emim],[OTf],303.15,0.4188,0.0718,0.1944276988506317,0.0,0.12262769885063171,0.1944276988506317
Stereo_M0,M0,2905,R1234YF,[emim],[OTf],303.15,0.4825,0.0839,0.21507614850997925,0.0,0.13117614850997925,0.21507614850997925
Stereo_M0,M0,2906,R1234YF,[emim],[OTf],313.15,0.0609,0.0078,0.05382944643497467,0.0,0.04602944643497467,0.05382944643497467
Stereo_M0,M0,2907,R1234YF,[emim],[OTf],313.15,0.1665,0.0211,0.08526559919118881,0.0,0.0641655991911888,0.08526559919118881
Stereo_M0,M0,2908,R1234YF,[emim],[OTf],313.15,0.2927,0.0348,0.11975416541099548,0.0,0.08495416541099549,0.11975416541099548
Stereo_M0,M0,2909,R1234YF,[emim],[OTf],313.15,0.4127,0.0459,0.15012861788272858,0.0,0.10422861788272858,0.15012861788272858
Stereo_M0,M0,2910,R1234YF,[emim],[OTf],313.15,0.4801,0.0535,0.17121557891368866,0.0,0.11771557891368867,0.17121557891368866
Stereo_M0,M0,2911,R1234YF,[emim],[OTf],323.15,0.0641,0.0051,0.023835331201553345,0.0,0.018735331201553344,0.023835331201553345
Stereo_M0,M0,2912,R1234YF,[emim],[OTf],323.15,0.1756,0.0139,0.056720420718193054,0.0,0.04282042071819306,0.056720420718193054
Stereo_M0,M0,2913,R1234YF,[emim],[OTf],323.15,0.3441,0.024,0.09950242936611176,0.0,0.07550242936611176,0.09950242936611176
Stereo_M0,M0,2914,R1234YF,[emim],[OTf],323.15,0.4319,0.0296,0.12197491526603699,0.0,0.09237491526603699,0.12197491526603699
Stereo_M0,M0,2915,R1234YF,[emim],[OTf],323.15,0.481,0.0344,0.13321782648563385,0.0,0.09881782648563385,0.13321782648563385
Stereo_M0,M0,2916,R1234YF,[emim],[SCN],283.15,0.0635,0.0035,0.11732585728168488,0.0,0.11382585728168487,0.11732585728168488
Stereo_M0,M0,2917,R1234YF,[emim],[SCN],283.15,0.1452,0.0098,0.13977482914924622,0.0,0.1299748291492462,0.13977482914924622
Stereo_M0,M0,2918,R1234YF,[emim],[SCN],283.15,0.2379,0.0163,0.16786909103393555,0.0,0.15156909103393554,0.16786909103393555
Stereo_M0,M0,2919,R1234YF,[emim],[SCN],283.15,0.3265,0.0251,0.19781741499900818,0.0,0.17271741499900817,0.19781741499900818
Stereo_M0,M0,2920,R1234YF,[emim],[SCN],283.15,0.4421,0.0366,0.24215471744537354,0.0,0.20555471744537354,0.24215471744537354
Stereo_M0,M0,2921,R1234YF,[emim],[SCN],293.15,0.0643,0.0029,0.08084128797054291,0.0,0.07794128797054291,0.08084128797054291
Stereo_M0,M0,2922,R1234YF,[emim],[SCN],293.15,0.1514,0.0077,0.10369764268398285,0.0,0.09599764268398285,0.10369764268398285
Stereo_M0,M0,2923,R1234YF,[emim],[SCN],293.15,0.2519,0.0139,0.1342816799879074,0.0,0.12038167998790741,0.1342816799879074
Stereo_M0,M0,2924,R1234YF,[emim],[SCN],293.15,0.3435,0.018,0.1615467667579651,0.0,0.1435467667579651,0.1615467667579651
Stereo_M0,M0,2925,R1234YF,[emim],[SCN],293.15,0.4346,0.0246,0.19249485433101654,0.0,0.16789485433101653,0.19249485433101654
Stereo_M0,M0,2926,R1234YF,[emim],[SCN],303.15,0.0665,0.0031,0.04785885661840439,0.0,0.04475885661840439,0.04785885661840439
Stereo_M0,M0,2927,R1234YF,[emim],[SCN],303.15,0.1514,0.006,0.07162264734506607,0.0,0.06562264734506607,0.07162264734506607
Stereo_M0,M0,2928,R1234YF,[emim],[SCN],303.15,0.2378,0.0084,0.09508118778467178,0.0,0.08668118778467178,0.09508118778467178
Stereo_M0,M0,2929,R1234YF,[emim],[SCN],303.15,0.3313,0.0103,0.11743113398551941,0.0,0.1071311339855194,0.11743113398551941
Stereo_M0,M0,2930,R1234YF,[emim],[SCN],303.15,0.4576,0.013,0.14948239922523499,0.0,0.13648239922523497,0.14948239922523499
Stereo_M0,M0,2931,R1234YF,[emim],[SCN],313.15,0.0671,0.0007,0.021338462829589844,0.0,0.020638462829589845,0.021338462829589844
Stereo_M0,M0,2932,R1234YF,[emim],[SCN],313.15,0.147,0.0022,0.04052719473838806,0.0,0.03832719473838806,0.04052719473838806
Stereo_M0,M0,2933,R1234YF,[emim],[SCN],313.15,0.2388,0.0036,0.06196541339159012,0.0,0.05836541339159012,0.06196541339159012
Stereo_M0,M0,2934,R1234YF,[emim],[SCN],313.15,0.3364,0.0042,0.07963944971561432,0.0,0.07543944971561432,0.07963944971561432
Stereo_M0,M0,2935,R1234YF,[emim],[SCN],313.15,0.4593,0.0063,0.10367214679718018,0.0,0.09737214679718018,0.10367214679718018
Stereo_M0,M0,2936,R1234YF,[emim],[Tf2N],283.15,0.1368,0.0985,0.27724379301071167,0.0,0.17874379301071167,0.27724379301071167
Stereo_M0,M0,2937,R1234YF,[emim],[Tf2N],283.15,0.2644,0.2009,0.3366948962211609,0.0,0.1357948962211609,0.3366948962211609
Stereo_M0,M0,2938,R1234YF,[emim],[Tf2N],283.15,0.3467,0.2725,0.3731426000595093,0.0,0.10064260005950926,0.3731426000595093
Stereo_M0,M0,2939,R1234YF,[emim],[Tf2N],283.15,0.3983,0.3222,0.3957653045654297,0.0,0.0735653045654297,0.3957653045654297
Stereo_M0,M0,2940,R1234YF,[emim],[Tf2N],283.15,0.4335,0.3602,0.41109949350357056,0.0,0.050899493503570536,0.41109949350357056
Stereo_M0,M0,2941,R1234YF,[emim],[Tf2N],293.15,0.0499,0.0241,0.1951390504837036,0.0,0.1710390504837036,0.1951390504837036
Stereo_M0,M0,2942,R1234YF,[emim],[Tf2N],293.15,0.1491,0.0758,0.23788902163505554,0.0,0.16208902163505554,0.23788902163505554
Stereo_M0,M0,2943,R1234YF,[emim],[Tf2N],293.15,0.286,0.1503,0.2985680401325226,0.0,0.1482680401325226,0.2985680401325226
Stereo_M0,M0,2944,R1234YF,[emim],[Tf2N],293.15,0.3698,0.1978,0.3353158235549927,0.0,0.13751582355499267,0.3353158235549927
Stereo_M0,M0,2945,R1234YF,[emim],[Tf2N],293.15,0.4257,0.2311,0.35722601413726807,0.0,0.12612601413726807,0.35722601413726807
Stereo_M0,M0,2946,R1234YF,[emim],[Tf2N],303.15,0.055,0.0194,0.14546477794647217,0.0,0.12606477794647217,0.14546477794647217
Stereo_M0,M0,2947,R1234YF,[emim],[Tf2N],303.15,0.1555,0.0581,0.19270239770412445,0.0,0.13460239770412447,0.19270239770412445
Stereo_M0,M0,2948,R1234YF,[emim],[Tf2N],303.15,0.2912,0.1099,0.251166433095932,0.0,0.141266433095932,0.251166433095932
Stereo_M0,M0,2949,R1234YF,[emim],[Tf2N],303.15,0.3853,0.1464,0.28895771503448486,0.0,0.14255771503448486,0.28895771503448486
Stereo_M0,M0,2950,R1234YF,[emim],[Tf2N],303.15,0.4462,0.171,0.3127973973751068,0.0,0.1417973973751068,0.3127973973751068
Stereo_M0,M0,2951,R1234YF,[emim],[Tf2N],313.15,0.0566,0.0162,0.1031583771109581,0.0,0.08695837711095811,0.1031583771109581
Stereo_M0,M0,2952,R1234YF,[emim],[Tf2N],313.15,0.17,0.0497,0.15555161237716675,0.0,0.10585161237716675,0.15555161237716675
Stereo_M0,M0,2953,R1234YF,[emim],[Tf2N],313.15,0.2816,0.0817,0.20177492499351501,0.0,0.12007492499351502,0.20177492499351501
Stereo_M0,M0,2954,R1234YF,[emim],[Tf2N],313.15,0.4026,0.1148,0.24542799592018127,0.0,0.13062799592018126,0.24542799592018127
Stereo_M0,M0,2955,R1234YF,[emim],[Tf2N],313.15,0.4796,0.1366,0.27518588304519653,0.0,0.13858588304519653,0.27518588304519653
Stereo_M0,M0,2956,R1234YF,[emim],[Tf2N],323.15,0.0581,0.0134,0.07057392597198486,0.0,0.05717392597198486,0.07057392597198486
Stereo_M0,M0,2957,R1234YF,[emim],[Tf2N],323.15,0.1605,0.0359,0.1114417240023613,0.0,0.0755417240023613,0.1114417240023613
Stereo_M0,M0,2958,R1234YF,[emim],[Tf2N],323.15,0.3259,0.0702,0.1784663200378418,0.0,0.1082663200378418,0.1784663200378418
Stereo_M0,M0,2959,R1234YF,[emim],[Tf2N],323.15,0.4213,0.0901,0.21481448411941528,0.0,0.12471448411941528,0.21481448411941528
Stereo_M0,M0,2960,R1234YF,[emim],[Tf2N],323.15,0.4767,0.0996,0.2344209998846054,0.0,0.1348209998846054,0.2344209998846054
Stereo_M0,M0,2961,R1336MZZ(E),[emim],[Tf2N],293.1,0.194,0.093,0.3528646230697632,0.0,0.2598646230697632,0.3528646230697632
Stereo_M0,M0,2962,R1336MZZ(E),[emim],[Tf2N],293.1,0.223,0.173,0.36504316329956055,0.0,0.19204316329956056,0.36504316329956055
Stereo_M0,M0,2963,R1336MZZ(E),[emim],[Tf2N],303.0,0.228,0.093,0.31708282232284546,0.0,0.22408282232284546,0.31708282232284546
Stereo_M0,M0,2964,R1336MZZ(E),[emim],[Tf2N],303.0,0.293,0.173,0.342973530292511,0.0,0.169973530292511,0.342973530292511
Stereo_M0,M0,2965,R1336MZZ(E),[emim],[Tf2N],322.5,0.336,0.093,0.2715767025947571,0.0,0.17857670259475708,0.2715767025947571
Stereo_M0,M0,2966,R1336MZZ(E),[emim],[Tf2N],322.5,0.488,0.173,0.32205814123153687,0.0,0.14905814123153688,0.32205814123153687
Stereo_M0,M0,2967,R1336MZZ(E),[emim],[Tf2N],332.9,0.381,0.093,0.24189400672912598,0.0,0.14889400672912598,0.24189400672912598
Stereo_M0,M0,2968,R1336MZZ(E),[emim],[Tf2N],332.9,0.623,0.173,0.31287407875061035,0.0,0.13987407875061036,0.31287407875061035
Stereo_M0,M0,2969,R1336MZZ(E),[emim],[Tf2N],342.9,0.453,0.093,0.2247602939605713,0.0,0.1317602939605713,0.2247602939605713
Stereo_M0,M0,2970,R1336MZZ(E),[emim],[Tf2N],342.9,0.8,0.173,0.32637888193130493,0.0,0.15337888193130494,0.32637888193130493
Stereo_M0,M0,2971,R1336MZZ(E),[emim],[Tf2N],352.8,0.511,0.093,0.20945018529891968,0.0,0.11645018529891968,0.20945018529891968
Stereo_M0,M0,2972,R1336MZZ(Z),[emim],[Tf2N],293.1,0.05,0.28,0.288947194814682,0.0,0.00894719481468198,0.288947194814682
Stereo_M0,M0,2973,R1336MZZ(Z),[emim],[Tf2N],293.1,0.06,0.589,0.2936161756515503,0.0,0.2953838243484497,0.2936161756515503
Stereo_M0,M0,2974,R1336MZZ(Z),[emim],[Tf2N],303.0,0.07,0.28,0.24804121255874634,0.0,0.03195878744125369,0.24804121255874634
Stereo_M0,M0,2975,R1336MZZ(Z),[emim],[Tf2N],303.0,0.09,0.589,0.257880300283432,0.0,0.33111969971656796,0.257880300283432
Stereo_M0,M0,2976,R1336MZZ(Z),[emim],[Tf2N],322.5,0.13,0.28,0.18270163238048553,0.0,0.09729836761951449,0.18270163238048553
Stereo_M0,M0,2977,R1336MZZ(Z),[emim],[Tf2N],322.5,0.17,0.589,0.19975265860557556,0.0,0.3892473413944244,0.19975265860557556
Stereo_M0,M0,2978,R1336MZZ(Z),[emim],[Tf2N],332.9,0.18,0.28,0.15439052879810333,0.0,0.1256094712018967,0.15439052879810333
Stereo_M0,M0,2979,R1336MZZ(Z),[emim],[Tf2N],332.9,0.24,0.589,0.18083882331848145,0.0,0.4081611766815185,0.18083882331848145
Stereo_M0,M0,2980,R1336MZZ(Z),[emim],[Tf2N],342.9,0.24,0.28,0.14620129764080048,0.0,0.13379870235919955,0.14620129764080048
Stereo_M0,M0,2981,R1336MZZ(Z),[emim],[Tf2N],342.9,0.31,0.589,0.17393451929092407,0.0,0.4150654807090759,0.17393451929092407
Stereo_M0,M0,2982,R1336MZZ(Z),[emim],[Tf2N],352.8,0.31,0.28,0.15676087141036987,0.0,0.12323912858963015,0.15676087141036987
Stereo_M0,M0,2983,R1336MZZ(Z),[emim],[Tf2N],352.8,0.41,0.589,0.18681764602661133,0.0,0.40218235397338864,0.18681764602661133
Stereo_M0,M0,2984,R1234YF,[bmim],[Ac],283.15,0.078,0.021,0.13497501611709595,0.0,0.11397501611709594,0.13497501611709595
Stereo_M0,M0,2985,R1234YF,[bmim],[Ac],283.15,0.147,0.04,0.1556248664855957,0.0,0.1156248664855957,0.1556248664855957
Stereo_M0,M0,2986,R1234YF,[bmim],[Ac],283.15,0.201,0.056,0.16981714963912964,0.0,0.11381714963912964,0.16981714963912964
Stereo_M0,M0,2987,R1234YF,[bmim],[Ac],283.15,0.257,0.076,0.18510252237319946,0.0,0.10910252237319946,0.18510252237319946
Stereo_M0,M0,2988,R1234YF,[bmim],[Ac],283.15,0.31,0.095,0.2026330828666687,0.0,0.1076330828666687,0.2026330828666687
Stereo_M0,M0,2989,R1234YF,[bmim],[Ac],283.15,0.357,0.113,0.2184191346168518,0.0,0.1054191346168518,0.2184191346168518
Stereo_M0,M0,2990,R1234YF,[bmim],[Ac],283.15,0.405,0.133,0.23464974761009216,0.0,0.10164974761009216,0.23464974761009216
Stereo_M0,M0,2991,R1234YF,[bmim],[Ac],293.15,0.081,0.019,0.09668368846178055,0.0,0.07768368846178055,0.09668368846178055
Stereo_M0,M0,2992,R1234YF,[bmim],[Ac],293.15,0.156,0.034,0.1157696396112442,0.0,0.0817696396112442,0.1157696396112442
Stereo_M0,M0,2993,R1234YF,[bmim],[Ac],293.15,0.214,0.047,0.1319921910762787,0.0,0.08499219107627869,0.1319921910762787
Stereo_M0,M0,2994,R1234YF,[bmim],[Ac],293.15,0.276,0.06,0.148708313703537,0.0,0.08870831370353699,0.148708313703537
Stereo_M0,M0,2995,R1234YF,[bmim],[Ac],293.15,0.334,0.073,0.16551682353019714,0.0,0.09251682353019715,0.16551682353019714
Stereo_M0,M0,2996,R1234YF,[bmim],[Ac],293.15,0.385,0.087,0.18068954348564148,0.0,0.09368954348564149,0.18068954348564148
Stereo_M0,M0,2997,R1234YF,[bmim],[Ac],293.15,0.439,0.101,0.19793128967285156,0.0,0.09693128967285156,0.19793128967285156
Stereo_M0,M0,2998,R1234YF,[bmim],[Ac],293.15,0.495,0.113,0.21749193966388702,0.0,0.10449193966388702,0.21749193966388702
Stereo_M0,M0,2999,R1234YF,[bmim],[Ac],293.15,0.551,0.129,0.2398606538772583,0.0,0.1108606538772583,0.2398606538772583
Stereo_M0,M0,3000,R1234YF,[bmim],[Ac],303.15,0.086,0.015,0.06235171854496002,0.0,0.04735171854496002,0.06235171854496002
Stereo_M0,M0,3001,R1234YF,[bmim],[Ac],303.15,0.166,0.027,0.08444001525640488,0.0,0.05744001525640488,0.08444001525640488
Stereo_M0,M0,3002,R1234YF,[bmim],[Ac],303.15,0.227,0.036,0.10004270076751709,0.0,0.06404270076751709,0.10004270076751709
Stereo_M0,M0,3003,R1234YF,[bmim],[Ac],303.15,0.293,0.047,0.11557111144065857,0.0,0.06857111144065857,0.11557111144065857
Stereo_M0,M0,3004,R1234YF,[bmim],[Ac],303.15,0.355,0.058,0.12874604761600494,0.0,0.07074604761600495,0.12874604761600494
Stereo_M0,M0,3005,R1234YF,[bmim],[Ac],303.15,0.41,0.069,0.1423519104719162,0.0,0.07335191047191619,0.1423519104719162
Stereo_M0,M0,3006,R1234YF,[bmim],[Ac],303.15,0.469,0.08,0.15910592675209045,0.0,0.07910592675209045,0.15910592675209045
Stereo_M0,M0,3007,R1234YF,[bmim],[Ac],303.15,0.53,0.088,0.1798103302717209,0.0,0.09181033027172089,0.1798103302717209
Stereo_M0,M0,3008,R1234YF,[bmim],[Ac],303.15,0.591,0.1,0.20255249738693237,0.0,0.10255249738693237,0.20255249738693237
Stereo_M0,M0,3009,R1234YF,[bmim],[Ac],303.15,0.658,0.113,0.22764749825000763,0.0,0.11464749825000763,0.22764749825000763
Stereo_M0,M0,3010,R1234YF,[bmim],[Ac],313.15,0.09,0.012,0.038355544209480286,0.0,0.026355544209480285,0.038355544209480286
Stereo_M0,M0,3011,R1234YF,[bmim],[Ac],313.15,0.174,0.023,0.05644431710243225,0.0,0.03344431710243225,0.05644431710243225
Stereo_M0,M0,3012,R1234YF,[bmim],[Ac],313.15,0.239,0.03,0.0705268532037735,0.0,0.0405268532037735,0.0705268532037735
Stereo_M0,M0,3013,R1234YF,[bmim],[Ac],313.15,0.309,0.039,0.08302122354507446,0.0,0.04402122354507446,0.08302122354507446
Stereo_M0,M0,3014,R1234YF,[bmim],[Ac],313.15,0.375,0.047,0.09184980392456055,0.0,0.04484980392456055,0.09184980392456055
Stereo_M0,M0,3015,R1234YF,[bmim],[Ac],313.15,0.433,0.056,0.10252086818218231,0.0,0.04652086818218231,0.10252086818218231
Stereo_M0,M0,3016,R1234YF,[bmim],[Ac],313.15,0.496,0.065,0.11934250593185425,0.0,0.054342505931854246,0.11934250593185425
Stereo_M0,M0,3017,R1234YF,[bmim],[Ac],313.15,0.561,0.071,0.14200317859649658,0.0,0.07100317859649659,0.14200317859649658
Stereo_M0,M0,3018,R1234YF,[bmim],[Ac],313.15,0.627,0.08,0.1672537624835968,0.0,0.0872537624835968,0.1672537624835968
Stereo_M0,M0,3019,R1234YF,[bmim],[Ac],313.15,0.699,0.091,0.19562788307666779,0.0,0.10462788307666779,0.19562788307666779
Stereo_M0,M0,3020,R1234YF,[bmim],[Ac],323.15,0.095,0.01,0.0061939796432852745,0.0,0.0038060203567147257,0.0061939796432852745
Stereo_M0,M0,3021,R1234YF,[bmim],[Ac],323.15,0.182,0.018,0.027217194437980652,0.0,0.009217194437980653,0.027217194437980652
Stereo_M0,M0,3022,R1234YF,[bmim],[Ac],323.15,0.25,0.025,0.040771424770355225,0.0,0.015771424770355223,0.040771424770355225
Stereo_M0,M0,3023,R1234YF,[bmim],[Ac],323.15,0.324,0.031,0.05366526544094086,0.0,0.022665265440940857,0.05366526544094086
Stereo_M0,M0,3024,R1234YF,[bmim],[Ac],323.15,0.393,0.039,0.06366798281669617,0.0,0.024667982816696167,0.06366798281669617
Stereo_M0,M0,3025,R1234YF,[bmim],[Ac],323.15,0.456,0.045,0.07424672693014145,0.0,0.02924672693014145,0.07424672693014145
Stereo_M0,M0,3026,R1234YF,[bmim],[Ac],323.15,0.522,0.052,0.09324882924556732,0.0,0.041248829245567324,0.09324882924556732
Stereo_M0,M0,3027,R1234YF,[bmim],[Ac],323.15,0.59,0.059,0.11546407639980316,0.0,0.056464076399803165,0.11546407639980316
Stereo_M0,M0,3028,R1234YF,[bmim],[Ac],323.15,0.661,0.067,0.13952219486236572,0.0,0.07252219486236572,0.13952219486236572
Stereo_M0,M0,3029,R1234YF,[bmim],[Ac],323.15,0.738,0.074,0.1682690531015396,0.0,0.09426905310153962,0.1682690531015396
Stereo_M0,M0,3030,R1234YF,[bmim],[Ac],333.15,0.099,0.008,0.0,0.0,0.008,0.0
Stereo_M0,M0,3031,R1234YF,[bmim],[Ac],333.15,0.189,0.015,0.007626219652593136,0.0,0.007373780347406864,0.007626219652593136
Stereo_M0,M0,3032,R1234YF,[bmim],[Ac],333.15,0.261,0.021,0.022330984473228455,0.0,0.0013309844732284533,0.022330984473228455
Stereo_M0,M0,3033,R1234YF,[bmim],[Ac],333.15,0.338,0.027,0.03594806045293808,0.0,0.00894806045293808,0.03594806045293808
Stereo_M0,M0,3034,R1234YF,[bmim],[Ac],333.15,0.41,0.033,0.04852794110774994,0.0,0.015527941107749937,0.04852794110774994
Stereo_M0,M0,3035,R1234YF,[bmim],[Ac],333.15,0.477,0.038,0.060744285583496094,0.0,0.022744285583496095,0.060744285583496094
Stereo_M0,M0,3036,R1234YF,[bmim],[Ac],333.15,0.546,0.044,0.07526709139347076,0.0,0.03126709139347077,0.07526709139347076
Stereo_M0,M0,3037,R1234YF,[bmim],[Ac],333.15,0.618,0.05,0.092625692486763,0.0,0.042625692486763,0.092625692486763
Stereo_M0,M0,3038,R1234YF,[bmim],[Ac],333.15,0.693,0.057,0.11333417892456055,0.0,0.056334178924560545,0.11333417892456055
Stereo_M0,M0,3039,R1234YF,[bmim],[Ac],333.15,0.775,0.063,0.13666073977947235,0.0,0.07366073977947235,0.13666073977947235
Stereo_M0,M0,3040,R1234YF,[bmim],[Ac],343.15,0.103,0.007,0.0,0.0,0.007,0.0
Stereo_M0,M0,3041,R1234YF,[bmim],[Ac],343.15,0.197,0.013,0.0,0.0,0.013,0.0
Stereo_M0,M0,3042,R1234YF,[bmim],[Ac],343.15,0.271,0.018,0.009126431308686733,0.0,0.008873568691313265,0.009126431308686733
Stereo_M0,M0,3043,R1234YF,[bmim],[Ac],343.15,0.351,0.023,0.022217079997062683,0.0,0.0007829200029373165,0.022217079997062683
Stereo_M0,M0,3044,R1234YF,[bmim],[Ac],343.15,0.427,0.028,0.032080404460430145,0.0,0.004080404460430145,0.032080404460430145
Stereo_M0,M0,3045,R1234YF,[bmim],[Ac],343.15,0.497,0.033,0.04133583605289459,0.0,0.00833583605289459,0.04133583605289459
Stereo_M0,M0,3046,R1234YF,[bmim],[Ac],343.15,0.57,0.038,0.05289393663406372,0.0,0.014893936634063722,0.05289393663406372
Stereo_M0,M0,3047,R1234YF,[bmim],[Ac],343.15,0.646,0.042,0.06785117089748383,0.0,0.025851170897483823,0.06785117089748383
Stereo_M0,M0,3048,R1234YF,[bmim],[Ac],343.15,0.724,0.049,0.0869942158460617,0.0,0.037994215846061705,0.0869942158460617
Stereo_M0,M0,3049,R1234YF,[bmim],[Ac],343.15,0.811,0.054,0.11198432743549347,0.0,0.05798432743549347,0.11198432743549347
Stereo_M0,M0,3050,R1234YF,[bmim],[PF6],283.15,0.046,0.0138,0.16112008690834045,0.0,0.14732008690834045,0.16112008690834045
Stereo_M0,M0,3051,R1234YF,[bmim],[PF6],283.15,0.0923,0.0281,0.17800083756446838,0.0,0.14990083756446837,0.17800083756446838
Stereo_M0,M0,3052,R1234YF,[bmim],[PF6],283.15,0.1331,0.0409,0.19380800426006317,0.0,0.15290800426006318,0.19380800426006317
Stereo_M0,M0,3053,R1234YF,[bmim],[PF6],283.15,0.1731,0.0541,0.20931798219680786,0.0,0.15521798219680785,0.20931798219680786
Stereo_M0,M0,3054,R1234YF,[bmim],[PF6],283.15,0.2116,0.067,0.22381825745105743,0.0,0.15681825745105743,0.22381825745105743
Stereo_M0,M0,3055,R1234YF,[bmim],[PF6],283.15,0.2448,0.0798,0.2353907972574234,0.0,0.15559079725742342,0.2353907972574234
Stereo_M0,M0,3056,R1234YF,[bmim],[PF6],283.15,0.2909,0.0954,0.2512415647506714,0.0,0.1558415647506714,0.2512415647506714
Stereo_M0,M0,3057,R1234YF,[bmim],[PF6],293.15,0.055,0.0126,0.1321096420288086,0.0,0.1195096420288086,0.1321096420288086
Stereo_M0,M0,3058,R1234YF,[bmim],[PF6],293.15,0.1091,0.0248,0.14866448938846588,0.0,0.12386448938846588,0.14866448938846588
Stereo_M0,M0,3059,R1234YF,[bmim],[PF6],293.15,0.1568,0.0358,0.1623896360397339,0.0,0.1265896360397339,0.1623896360397339
Stereo_M0,M0,3060,R1234YF,[bmim],[PF6],293.15,0.207,0.048,0.17610296607017517,0.0,0.12810296607017518,0.17610296607017517
Stereo_M0,M0,3061,R1234YF,[bmim],[PF6],293.15,0.2531,0.0601,0.18995946645736694,0.0,0.12985946645736696,0.18995946645736694
Stereo_M0,M0,3062,R1234YF,[bmim],[PF6],293.15,0.2997,0.0722,0.20347197353839874,0.0,0.13127197353839876,0.20347197353839874
Stereo_M0,M0,3063,R1234YF,[bmim],[PF6],293.15,0.3341,0.0831,0.21289044618606567,0.0,0.12979044618606567,0.21289044618606567
Stereo_M0,M0,3064,R1234YF,[bmim],[PF6],303.15,0.061,0.0112,0.09509936720132828,0.0,0.08389936720132828,0.09509936720132828
Stereo_M0,M0,3065,R1234YF,[bmim],[PF6],303.15,0.1183,0.022,0.11103929579257965,0.0,0.08903929579257966,0.11103929579257965
Stereo_M0,M0,3066,R1234YF,[bmim],[PF6],303.15,0.1685,0.0319,0.12557438015937805,0.0,0.09367438015937805,0.12557438015937805
Stereo_M0,M0,3067,R1234YF,[bmim],[PF6],303.15,0.2188,0.0412,0.13933512568473816,0.0,0.09813512568473816,0.13933512568473816
Stereo_M0,M0,3068,R1234YF,[bmim],[PF6],303.15,0.2677,0.0495,0.15064066648483276,0.0,0.10114066648483276,0.15064066648483276
Stereo_M0,M0,3069,R1234YF,[bmim],[PF6],303.15,0.3178,0.0585,0.1624070107936859,0.0,0.10390701079368592,0.1624070107936859
Stereo_M0,M0,3070,R1234YF,[bmim],[PF6],303.15,0.3653,0.0681,0.17668534815311432,0.0,0.10858534815311432,0.17668534815311432
Stereo_M0,M0,3071,R1234YF,[bmim],[PF6],313.15,0.0648,0.0098,0.06403043866157532,0.0,0.054230438661575314,0.06403043866157532
Stereo_M0,M0,3072,R1234YF,[bmim],[PF6],313.15,0.125,0.0185,0.08003604412078857,0.0,0.06153604412078857,0.08003604412078857
Stereo_M0,M0,3073,R1234YF,[bmim],[PF6],313.15,0.1769,0.0265,0.09351933002471924,0.0,0.06701933002471924,0.09351933002471924
Stereo_M0,M0,3074,R1234YF,[bmim],[PF6],313.15,0.23,0.0342,0.10836783051490784,0.0,0.07416783051490783,0.10836783051490784
Stereo_M0,M0,3075,R1234YF,[bmim],[PF6],313.15,0.2816,0.0411,0.12280616164207458,0.0,0.08170616164207459,0.12280616164207458
Stereo_M0,M0,3076,R1234YF,[bmim],[PF6],313.15,0.3343,0.0489,0.13481470942497253,0.0,0.08591470942497254,0.13481470942497253
Stereo_M0,M0,3077,R1234YF,[bmim],[PF6],313.15,0.3848,0.057,0.14533573389053345,0.0,0.08833573389053345,0.14533573389053345
Stereo_M0,M0,3078,R1234YF,[bmim],[PF6],323.15,0.0703,0.0086,0.03561614453792572,0.0,0.02701614453792572,0.03561614453792572
Stereo_M0,M0,3079,R1234YF,[bmim],[PF6],323.15,0.1266,0.0156,0.05262213945388794,0.0,0.03702213945388794,0.05262213945388794
Stereo_M0,M0,3080,R1234YF,[bmim],[PF6],323.15,0.1849,0.0225,0.06833849847316742,0.0,0.04583849847316742,0.06833849847316742
Stereo_M0,M0,3081,R1234YF,[bmim],[PF6],323.15,0.2406,0.029,0.08037769794464111,0.0,0.051377697944641115,0.08037769794464111
Stereo_M0,M0,3082,R1234YF,[bmim],[PF6],323.15,0.2948,0.0349,0.09301581233739853,0.0,0.05811581233739853,0.09301581233739853
Stereo_M0,M0,3083,R1234YF,[bmim],[PF6],323.15,0.3501,0.0415,0.1057930737733841,0.0,0.06429307377338409,0.1057930737733841
Stereo_M0,M0,3084,R1234YF,[bmim],[PF6],323.15,0.4034,0.0481,0.11704403162002563,0.0,0.06894403162002563,0.11704403162002563
Stereo_M0,M0,3085,R1234YF,[bmim],[PF6],333.15,0.0731,0.0074,0.010267301462590694,0.0,0.002867301462590694,0.010267301462590694
Stereo_M0,M0,3086,R1234YF,[bmim],[PF6],333.15,0.1318,0.0133,0.02953971177339554,0.0,0.01623971177339554,0.02953971177339554
Stereo_M0,M0,3087,R1234YF,[bmim],[PF6],333.15,0.1926,0.0194,0.04906952381134033,0.0,0.02966952381134033,0.04906952381134033
Stereo_M0,M0,3088,R1234YF,[bmim],[PF6],333.15,0.2508,0.0246,0.06535525619983673,0.0,0.040755256199836734,0.06535525619983673
Stereo_M0,M0,3089,R1234YF,[bmim],[PF6],333.15,0.307,0.0304,0.07792024314403534,0.0,0.04752024314403534,0.07792024314403534
Stereo_M0,M0,3090,R1234YF,[bmim],[PF6],333.15,0.3651,0.0362,0.08780721575021744,0.0,0.051607215750217435,0.08780721575021744
Stereo_M0,M0,3091,R1234YF,[bmim],[PF6],333.15,0.4211,0.0417,0.09714993834495544,0.0,0.05544993834495544,0.09714993834495544
Stereo_M0,M0,3092,R1234YF,[bmim],[PF6],343.15,0.0728,0.0063,0.0,0.0,0.0063,0.0
Stereo_M0,M0,3093,R1234YF,[bmim],[PF6],343.15,0.1369,0.0113,0.016665831208229065,0.0,0.005365831208229066,0.016665831208229065
Stereo_M0,M0,3094,R1234YF,[bmim],[PF6],343.15,0.2003,0.0162,0.03208453208208084,0.0,0.015884532082080842,0.03208453208208084
Stereo_M0,M0,3095,R1234YF,[bmim],[PF6],343.15,0.2569,0.0209,0.04549034684896469,0.0,0.024590346848964693,0.04549034684896469
Stereo_M0,M0,3096,R1234YF,[bmim],[PF6],343.15,0.3157,0.0256,0.05865965038537979,0.0,0.033059650385379794,0.05865965038537979
Stereo_M0,M0,3097,R1234YF,[bmim],[PF6],343.15,0.3803,0.0306,0.06967438757419586,0.0,0.03907438757419586,0.06967438757419586
Stereo_M0,M0,3098,R1234YF,[bmim],[PF6],343.15,0.4339,0.0353,0.07472007721662521,0.0,0.039420077216625216,0.07472007721662521
Stereo_M0,M0,3099,R1234ZE(E),[bmim],[PF6],283.15,0.0854,0.0918,0.11479129642248154,0.0,0.02299129642248153,0.11479129642248154
Stereo_M0,M0,3100,R1234ZE(E),[bmim],[PF6],283.15,0.1244,0.1338,0.13751496374607086,0.0,0.0037149637460708596,0.13751496374607086
Stereo_M0,M0,3101,R1234ZE(E),[bmim],[PF6],283.15,0.1589,0.1774,0.15800976753234863,0.0,0.01939023246765137,0.15800976753234863
Stereo_M0,M0,3102,R1234ZE(E),[bmim],[PF6],283.15,0.1924,0.2167,0.17734400928020477,0.0,0.03935599071979523,0.17734400928020477
Stereo_M0,M0,3103,R1234ZE(E),[bmim],[PF6],283.15,0.2238,0.2593,0.19648940861225128,0.0,0.0628105913877487,0.19648940861225128
Stereo_M0,M0,3104,R1234ZE(E),[bmim],[PF6],283.15,0.2534,0.2969,0.21420182287693024,0.0,0.08269817712306976,0.21420182287693024
Stereo_M0,M0,3105,R1234ZE(E),[bmim],[PF6],293.15,0.0947,0.0764,0.09423039108514786,0.0,0.017830391085147862,0.09423039108514786
Stereo_M0,M0,3106,R1234ZE(E),[bmim],[PF6],293.15,0.139,0.1106,0.11242256313562393,0.0,0.001822563135623928,0.11242256313562393
Stereo_M0,M0,3107,R1234ZE(E),[bmim],[PF6],293.15,0.1805,0.1433,0.12859895825386047,0.0,0.014701041746139537,0.12859895825386047
Stereo_M0,M0,3108,R1234ZE(E),[bmim],[PF6],293.15,0.22,0.1754,0.1443565934896469,0.0,0.03104340651035309,0.1443565934896469
Stereo_M0,M0,3109,R1234ZE(E),[bmim],[PF6],293.15,0.2588,0.2097,0.16250964999198914,0.0,0.04719035000801086,0.16250964999198914
Stereo_M0,M0,3110,R1234ZE(E),[bmim],[PF6],293.15,0.2958,0.2419,0.17885270714759827,0.0,0.06304729285240174,0.17885270714759827
Stereo_M0,M0,3111,R1234ZE(E),[bmim],[PF6],303.15,0.1041,0.0613,0.07480625808238983,0.0,0.013506258082389831,0.07480625808238983
Stereo_M0,M0,3112,R1234ZE(E),[bmim],[PF6],303.15,0.1531,0.0891,0.08915335685014725,0.0,5.335685014724867e-05,0.08915335685014725
Stereo_M0,M0,3113,R1234ZE(E),[bmim],[PF6],303.15,0.1995,0.1154,0.10285213589668274,0.0,0.012547864103317263,0.10285213589668274
Stereo_M0,M0,3114,R1234ZE(E),[bmim],[PF6],303.15,0.244,0.1414,0.11787141859531403,0.0,0.023528581404685972,0.11787141859531403
Stereo_M0,M0,3115,R1234ZE(E),[bmim],[PF6],303.15,0.2887,0.169,0.13340197503566742,0.0,0.03559802496433259,0.13340197503566742
Stereo_M0,M0,3116,R1234ZE(E),[bmim],[PF6],303.15,0.3315,0.1952,0.14839449524879456,0.0,0.04680550475120546,0.14839449524879456
Stereo_M0,M0,3117,R1234ZE(E),[bmim],[PF6],313.15,0.1124,0.0499,0.05111163854598999,0.0,0.0012116385459899903,0.05111163854598999
Stereo_M0,M0,3118,R1234ZE(E),[bmim],[PF6],313.15,0.1654,0.0726,0.06476779282093048,0.0,0.007832207179069517,0.06476779282093048
Stereo_M0,M0,3119,R1234ZE(E),[bmim],[PF6],313.15,0.216,0.094,0.07708223909139633,0.0,0.01691776090860367,0.07708223909139633
Stereo_M0,M0,3120,R1234ZE(E),[bmim],[PF6],313.15,0.2648,0.1151,0.08597862720489502,0.0,0.029121372795104974,0.08597862720489502
Stereo_M0,M0,3121,R1234ZE(E),[bmim],[PF6],313.15,0.3142,0.1374,0.09639973193407059,0.0,0.04100026806592941,0.09639973193407059
Stereo_M0,M0,3122,R1234ZE(E),[bmim],[PF6],313.15,0.3619,0.1584,0.1070171594619751,0.0,0.051382840538024915,0.1070171594619751
Stereo_M0,M0,3123,R1234ZE(E),[bmim],[PF6],323.15,0.1197,0.0411,0.024350352585315704,0.0,0.016749647414684293,0.024350352585315704
Stereo_M0,M0,3124,R1234ZE(E),[bmim],[PF6],323.15,0.1764,0.0599,0.037125565111637115,0.0,0.022774434888362886,0.037125565111637115
Stereo_M0,M0,3125,R1234ZE(E),[bmim],[PF6],323.15,0.2306,0.0775,0.049060970544815063,0.0,0.028439029455184936,0.049060970544815063
Stereo_M0,M0,3126,R1234ZE(E),[bmim],[PF6],323.15,0.2832,0.0947,0.05799107998609543,0.0,0.03670892001390458,0.05799107998609543
Stereo_M0,M0,3127,R1234ZE(E),[bmim],[PF6],323.15,0.3366,0.1132,0.07051154971122742,0.0,0.04268845028877258,0.07051154971122742
Stereo_M0,M0,3128,R1234ZE(E),[bmim],[PF6],323.15,0.3883,0.1304,0.08125534653663635,0.0,0.049144653463363636,0.08125534653663635
Stereo_M0,M0,3129,R1234ZE(E),[bmim],[PF6],333.15,0.1264,0.0343,0.009926251135766506,0.0,0.02437374886423349,0.009926251135766506
Stereo_M0,M0,3130,R1234ZE(E),[bmim],[PF6],333.15,0.1864,0.0502,0.02256341278553009,0.0,0.02763658721446991,0.02256341278553009
Stereo_M0,M0,3131,R1234ZE(E),[bmim],[PF6],333.15,0.2439,0.0648,0.03502597659826279,0.0,0.02977402340173721,0.03502597659826279
Stereo_M0,M0,3132,R1234ZE(E),[bmim],[PF6],333.15,0.2999,0.0791,0.04719071835279465,0.0,0.031909281647205356,0.04719071835279465
Stereo_M0,M0,3133,R1234ZE(E),[bmim],[PF6],333.15,0.3568,0.0946,0.06083974987268448,0.0,0.033760250127315525,0.06083974987268448
Stereo_M0,M0,3134,R1234ZE(E),[bmim],[PF6],333.15,0.4121,0.109,0.07591193914413452,0.0,0.03308806085586548,0.07591193914413452
Stereo_M0,M0,3135,R1234ZE(E),[bmim],[PF6],343.15,0.1327,0.0289,0.0,0.0,0.0289,0.0
Stereo_M0,M0,3136,R1234ZE(E),[bmim],[PF6],343.15,0.196,0.0417,0.010944611392915249,0.0,0.030755388607084752,0.010944611392915249
Stereo_M0,M0,3137,R1234ZE(E),[bmim],[PF6],343.15,0.2565,0.0541,0.024516195058822632,0.0,0.02958380494117737,0.024516195058822632
Stereo_M0,M0,3138,R1234ZE(E),[bmim],[PF6],343.15,0.3156,0.0663,0.03525347262620926,0.0,0.03104652737379074,0.03525347262620926
Stereo_M0,M0,3139,R1234ZE(E),[bmim],[PF6],343.15,0.3761,0.0786,0.05161423236131668,0.0,0.026985767638683322,0.05161423236131668
Stereo_M0,M0,3140,R1234ZE(E),[bmim],[PF6],343.15,0.4347,0.0906,0.06532163172960281,0.0,0.025278368270397186,0.06532163172960281
Stereo_M0,M0,3141,R1234YF,[hmim],[BF4],303.2,0.1109,0.02515,0.09057538956403732,0.0,0.06542538956403732,0.09057538956403732
Stereo_M0,M0,3142,R1234YF,[hmim],[BF4],313.2,0.1248,0.02245,0.0674227774143219,0.0,0.0449727774143219,0.0674227774143219
Stereo_M0,M0,3143,R1234YF,[hmim],[BF4],323.2,0.1322,0.01899,0.038034774363040924,0.0,0.019044774363040924,0.038034774363040924
Stereo_M0,M0,3144,R1234YF,[hmim],[BF4],333.2,0.1494,0.01749,0.017649993300437927,0.0,0.00015999330043792864,0.017649993300437927
Stereo_M0,M0,3145,R1234YF,[hmim],[BF4],343.2,0.1587,0.0153,0.0027404269203543663,0.0,0.012559573079645633,0.0027404269203543663
Stereo_M0,M0,3146,R1234YF,[hmim],[BF4],283.15,0.0548,0.0226,0.1511491984128952,0.0,0.1285491984128952,0.1511491984128952
Stereo_M0,M0,3147,R1234YF,[hmim],[BF4],283.15,0.1023,0.0422,0.1668989211320877,0.0,0.1246989211320877,0.1668989211320877
Stereo_M0,M0,3148,R1234YF,[hmim],[BF4],283.15,0.155,0.0608,0.1829618364572525,0.0,0.12216183645725251,0.1829618364572525
Stereo_M0,M0,3149,R1234YF,[hmim],[BF4],283.15,0.193,0.0772,0.1933795064687729,0.0,0.11617950646877288,0.1933795064687729
Stereo_M0,M0,3150,R1234YF,[hmim],[BF4],283.15,0.2342,0.0962,0.2059798240661621,0.0,0.10977982406616212,0.2059798240661621
Stereo_M0,M0,3151,R1234YF,[hmim],[BF4],283.15,0.2766,0.1165,0.21838262677192688,0.0,0.10188262677192687,0.21838262677192688
Stereo_M0,M0,3152,R1234YF,[hmim],[BF4],283.15,0.3157,0.1388,0.2296154648065567,0.0,0.0908154648065567,0.2296154648065567
Stereo_M0,M0,3153,R1234YF,[hmim],[BF4],293.15,0.0582,0.019,0.1161130964756012,0.0,0.0971130964756012,0.1161130964756012
Stereo_M0,M0,3154,R1234YF,[hmim],[BF4],293.15,0.1083,0.0338,0.12852531671524048,0.0,0.09472531671524048,0.12852531671524048
Stereo_M0,M0,3155,R1234YF,[hmim],[BF4],293.15,0.1579,0.0494,0.14032110571861267,0.0,0.09092110571861267,0.14032110571861267
Stereo_M0,M0,3156,R1234YF,[hmim],[BF4],293.15,0.2049,0.0646,0.15111082792282104,0.0,0.08651082792282104,0.15111082792282104
Stereo_M0,M0,3157,R1234YF,[hmim],[BF4],293.15,0.2502,0.0791,0.16274304687976837,0.0,0.08364304687976837,0.16274304687976837
Stereo_M0,M0,3158,R1234YF,[hmim],[BF4],293.15,0.2966,0.0944,0.17635062336921692,0.0,0.08195062336921692,0.17635062336921692
Stereo_M0,M0,3159,R1234YF,[hmim],[BF4],293.15,0.3404,0.1102,0.18940502405166626,0.0,0.07920502405166625,0.18940502405166626
Stereo_M0,M0,3160,R1234YF,[hmim],[BF4],303.15,0.0615,0.0155,0.0780530571937561,0.0,0.0625530571937561,0.0780530571937561
Stereo_M0,M0,3161,R1234YF,[hmim],[BF4],303.15,0.1144,0.0279,0.09172417223453522,0.0,0.06382417223453521,0.09172417223453522
Stereo_M0,M0,3162,R1234YF,[hmim],[BF4],303.15,0.1671,0.0406,0.10663962364196777,0.0,0.06603962364196778,0.10663962364196777
Stereo_M0,M0,3163,R1234YF,[hmim],[BF4],303.15,0.2175,0.0519,0.11898931860923767,0.0,0.06708931860923767,0.11898931860923767
Stereo_M0,M0,3164,R1234YF,[hmim],[BF4],303.15,0.266,0.0632,0.12980559468269348,0.0,0.06660559468269348,0.12980559468269348
Stereo_M0,M0,3165,R1234YF,[hmim],[BF4],303.15,0.3155,0.0762,0.14136254787445068,0.0,0.06516254787445068,0.14136254787445068
Stereo_M0,M0,3166,R1234YF,[hmim],[BF4],303.15,0.3627,0.0887,0.1540641337633133,0.0,0.06536413376331329,0.1540641337633133
Stereo_M0,M0,3167,R1234YF,[hmim],[BF4],313.15,0.0646,0.0129,0.053029924631118774,0.0,0.04012992463111877,0.053029924631118774
Stereo_M0,M0,3168,R1234YF,[hmim],[BF4],313.15,0.1204,0.0228,0.06652869284152985,0.0,0.043728692841529845,0.06652869284152985
Stereo_M0,M0,3169,R1234YF,[hmim],[BF4],313.15,0.1757,0.0337,0.0795925185084343,0.0,0.045892518508434295,0.0795925185084343
Stereo_M0,M0,3170,R1234YF,[hmim],[BF4],313.15,0.2285,0.0438,0.09100102633237839,0.0,0.04720102633237839,0.09100102633237839
Stereo_M0,M0,3171,R1234YF,[hmim],[BF4],313.15,0.2799,0.053,0.09949133545160294,0.0,0.04649133545160294,0.09949133545160294
Stereo_M0,M0,3172,R1234YF,[hmim],[BF4],313.15,0.3326,0.0631,0.10708723962306976,0.0,0.04398723962306976,0.10708723962306976
Stereo_M0,M0,3173,R1234YF,[hmim],[BF4],313.15,0.3828,0.0736,0.11430282890796661,0.0,0.040702828907966615,0.11430282890796661
Stereo_M0,M0,3174,R1234YF,[hmim],[BF4],323.15,0.0676,0.0106,0.02368830144405365,0.0,0.01308830144405365,0.02368830144405365
Stereo_M0,M0,3175,R1234YF,[hmim],[BF4],323.15,0.126,0.0191,0.036949850618839264,0.0,0.017849850618839265,0.036949850618839264
Stereo_M0,M0,3176,R1234YF,[hmim],[BF4],323.15,0.1838,0.0282,0.04924099147319794,0.0,0.021040991473197938,0.04924099147319794
Stereo_M0,M0,3177,R1234YF,[hmim],[BF4],323.15,0.2395,0.0365,0.06136595457792282,0.0,0.024865954577922823,0.06136595457792282
Stereo_M0,M0,3178,R1234YF,[hmim],[BF4],323.15,0.2933,0.0444,0.07078070938587189,0.0,0.026380709385871885,0.07078070938587189
Stereo_M0,M0,3179,R1234YF,[hmim],[BF4],323.15,0.3489,0.0531,0.07813575863838196,0.0,0.025035758638381957,0.07813575863838196
Stereo_M0,M0,3180,R1234YF,[hmim],[BF4],323.15,0.4019,0.062,0.08573369681835175,0.0,0.023733696818351746,0.08573369681835175
Stereo_M0,M0,3181,R1234YF,[hmim],[BF4],333.15,0.0705,0.0087,0.0006948774680495262,0.0,0.008005122531950473,0.0006948774680495262
Stereo_M0,M0,3182,R1234YF,[hmim],[BF4],333.15,0.1313,0.0159,0.013998917303979397,0.0,0.0019010826960206041,0.013998917303979397
Stereo_M0,M0,3183,R1234YF,[hmim],[BF4],333.15,0.1918,0.0238,0.026523835957050323,0.0,0.0027238359570503218,0.026523835957050323
Stereo_M0,M0,3184,R1234YF,[hmim],[BF4],333.15,0.2499,0.0308,0.03784945607185364,0.0,0.007049456071853637,0.03784945607185364
Stereo_M0,M0,3185,R1234YF,[hmim],[BF4],333.15,0.3057,0.0376,0.049220308661460876,0.0,0.011620308661460875,0.049220308661460876
Stereo_M0,M0,3186,R1234YF,[hmim],[BF4],333.15,0.3644,0.0454,0.06087543070316315,0.0,0.015475430703163144,0.06087543070316315
Stereo_M0,M0,3187,R1234YF,[hmim],[BF4],333.15,0.42,0.0531,0.06865668296813965,0.0,0.015556682968139647,0.06865668296813965
Stereo_M0,M0,3188,R1234YF,[hmim],[BF4],343.15,0.0737,0.0063,0.0,0.0,0.0063,0.0
Stereo_M0,M0,3189,R1234YF,[hmim],[BF4],343.15,0.1366,0.0128,0.0,0.0,0.0128,0.0
Stereo_M0,M0,3190,R1234YF,[hmim],[BF4],343.15,0.1998,0.0192,0.011225990019738674,0.0,0.007974009980261324,0.011225990019738674
Stereo_M0,M0,3191,R1234YF,[hmim],[BF4],343.15,0.2602,0.0255,0.02301635593175888,0.0,0.0024836440682411177,0.02301635593175888
Stereo_M0,M0,3192,R1234YF,[hmim],[BF4],343.15,0.3146,0.0315,0.034122124314308167,0.0,0.0026221243143081663,0.034122124314308167
Stereo_M0,M0,3193,R1234YF,[hmim],[BF4],343.15,0.3798,0.038,0.04573872685432434,0.0,0.007738726854324342,0.04573872685432434
Stereo_M0,M0,3194,R1234YF,[hmim],[BF4],343.15,0.4384,0.0441,0.05031091719865799,0.0,0.006210917198657989,0.05031091719865799
Stereo_M0,M0,3195,R1234YF,[hmim],[BF4],303.2,0.109,0.027,0.09002776443958282,0.0,0.06302776443958283,0.09002776443958282
Stereo_M0,M0,3196,R1234YF,[hmim],[BF4],303.27,0.186,0.048,0.11142783612012863,0.0,0.06342783612012863,0.11142783612012863
Stereo_M0,M0,3197,R1234YF,[hmim],[BF4],303.38,0.301,0.085,0.13717226684093475,0.0,0.05217226684093475,0.13717226684093475
Stereo_M0,M0,3198,R1234YF,[hmim],[BF4],303.8,0.371,0.113,0.15370312333106995,0.0,0.04070312333106994,0.15370312333106995
Stereo_M0,M0,3199,R1234YF,[hmim],[BF4],303.36,0.444,0.149,0.17431364953517914,0.0,0.025313649535179145,0.17431364953517914
Stereo_M0,M0,3200,R1234YF,[hmim],[BF4],313.2,0.121,0.024,0.0665561854839325,0.0,0.042556185483932495,0.0665561854839325
Stereo_M0,M0,3201,R1234YF,[hmim],[BF4],313.24,0.207,0.042,0.08634220063686371,0.0,0.044342200636863706,0.08634220063686371
Stereo_M0,M0,3202,R1234YF,[hmim],[BF4],313.2,0.333,0.077,0.10696204751729965,0.0,0.029962047517299653,0.10696204751729965
Stereo_M0,M0,3203,R1234YF,[hmim],[BF4],313.19,0.408,0.104,0.11775577068328857,0.0,0.013755770683288579,0.11775577068328857
Stereo_M0,M0,3204,R1234YF,[hmim],[BF4],313.2,0.492,0.14,0.13734591007232666,0.0,0.002654089927673353,0.13734591007232666
Stereo_M0,M0,3205,R1234YF,[hmim],[BF4],323.22,0.134,0.02,0.0383312851190567,0.0,0.0183312851190567,0.0383312851190567
Stereo_M0,M0,3206,R1234YF,[hmim],[BF4],323.22,0.225,0.037,0.05796213448047638,0.0,0.02096213448047638,0.05796213448047638
Stereo_M0,M0,3207,R1234YF,[hmim],[BF4],323.26,0.35,0.071,0.07807682454586029,0.0,0.007076824545860297,0.07807682454586029
Stereo_M0,M0,3208,R1234YF,[hmim],[BF4],323.17,0.446,0.095,0.09209899604320526,0.0,0.00290100395679474,0.09209899604320526
Stereo_M0,M0,3209,R1234YF,[hmim],[BF4],323.19,0.539,0.131,0.11268861591815948,0.0,0.01831138408184052,0.11268861591815948
Stereo_M0,M0,3210,R1234YF,[hmim],[BF4],333.22,0.146,0.017,0.016894638538360596,0.0,0.00010536146163940552,0.016894638538360596
Stereo_M0,M0,3211,R1234YF,[hmim],[BF4],333.22,0.243,0.033,0.036326244473457336,0.0,0.003326244473457335,0.036326244473457336
Stereo_M0,M0,3212,R1234YF,[hmim],[BF4],332.47,0.375,0.065,0.06368763744831085,0.0,0.0013123625516891502,0.06368763744831085
Stereo_M0,M0,3213,R1234YF,[hmim],[BF4],333.13,0.482,0.087,0.07492630183696747,0.0,0.012073698163032526,0.07492630183696747
Stereo_M0,M0,3214,R1234YF,[hmim],[BF4],333.19,0.582,0.124,0.09113124012947083,0.0,0.032868759870529174,0.09113124012947083
Stereo_M0,M0,3215,R1234YF,[hmim],[BF4],343.22,0.157,0.015,0.0023460229858756065,0.0,0.012653977014124393,0.0023460229858756065
Stereo_M0,M0,3216,R1234YF,[hmim],[BF4],343.22,0.26,0.03,0.022864870727062225,0.0,0.0071351292729377735,0.022864870727062225
Stereo_M0,M0,3217,R1234YF,[hmim],[BF4],343.23,0.404,0.057,0.04819030314683914,0.0,0.00880969685316086,0.04819030314683914
Stereo_M0,M0,3218,R1234YF,[hmim],[BF4],343.2,0.515,0.081,0.05495818704366684,0.0,0.026041812956333163,0.05495818704366684
Stereo_M0,M0,3219,R1234YF,[hmim],[BF4],343.2,0.622,0.117,0.06606343388557434,0.0,0.050936566114425666,0.06606343388557434
Stereo_M0,M0,3220,R1234YF,[hmim],[BF4],353.23,0.167,0.012,0.0,0.0,0.012,0.0
Stereo_M0,M0,3221,R1234YF,[hmim],[BF4],353.23,0.277,0.026,0.0050200363621115685,0.0,0.02097996363788843,0.0050200363621115685
Stereo_M0,M0,3222,R1234YF,[hmim],[BF4],353.22,0.425,0.052,0.023585647344589233,0.0,0.028414352655410764,0.023585647344589233
Stereo_M0,M0,3223,R1234YF,[hmim],[BF4],353.22,0.547,0.076,0.03540623188018799,0.0,0.04059376811981201,0.03540623188018799
Stereo_M0,M0,3224,R1234YF,[hmim],[BF4],353.2,0.66,0.111,0.05718964338302612,0.0,0.05381035661697388,0.05718964338302612
Stereo_M0,M0,3225,R1234ZE(E),[hmim],[BF4],283.15,0.044,0.0511,0.07178812474012375,0.0,0.02068812474012375,0.07178812474012375
Stereo_M0,M0,3226,R1234ZE(E),[hmim],[BF4],283.15,0.082,0.099,0.09266993403434753,0.0,0.0063300659656524705,0.09266993403434753
Stereo_M0,M0,3227,R1234ZE(E),[hmim],[BF4],283.15,0.117,0.1503,0.11113963276147842,0.0,0.039160367238521565,0.11113963276147842
Stereo_M0,M0,3228,R1234ZE(E),[hmim],[BF4],283.15,0.15,0.195,0.12831461429595947,0.0,0.06668538570404053,0.12831461429595947
Stereo_M0,M0,3229,R1234ZE(E),[hmim],[BF4],283.15,0.18,0.2387,0.14430540800094604,0.0,0.09439459199905395,0.14430540800094604
Stereo_M0,M0,3230,R1234ZE(E),[hmim],[BF4],283.15,0.21,0.2827,0.15925204753875732,0.0,0.12344795246124268,0.15925204753875732
Stereo_M0,M0,3231,R1234ZE(E),[hmim],[BF4],283.15,0.237,0.3241,0.17297647893428802,0.0,0.15112352106571197,0.17297647893428802
Stereo_M0,M0,3232,R1234ZE(E),[hmim],[BF4],293.15,0.049,0.0437,0.05340709537267685,0.0,0.009707095372676847,0.05340709537267685
Stereo_M0,M0,3233,R1234ZE(E),[hmim],[BF4],293.15,0.091,0.0852,0.07120412588119507,0.0,0.01399587411880493,0.07120412588119507
Stereo_M0,M0,3234,R1234ZE(E),[hmim],[BF4],293.15,0.133,0.1233,0.08724530786275864,0.0,0.03605469213724137,0.08724530786275864
Stereo_M0,M0,3235,R1234ZE(E),[hmim],[BF4],293.15,0.173,0.1604,0.10168330371379852,0.0,0.058716696286201464,0.10168330371379852
Stereo_M0,M0,3236,R1234ZE(E),[hmim],[BF4],293.15,0.21,0.1959,0.11538095772266388,0.0,0.08051904227733611,0.11538095772266388
Stereo_M0,M0,3237,R1234ZE(E),[hmim],[BF4],293.15,0.247,0.2327,0.12689772248268127,0.0,0.10580227751731872,0.12689772248268127
Stereo_M0,M0,3238,R1234ZE(E),[hmim],[BF4],293.15,0.282,0.268,0.140173077583313,0.0,0.12782692241668703,0.140173077583313
Stereo_M0,M0,3239,R1234ZE(E),[hmim],[BF4],303.15,0.053,0.0367,0.04074046015739441,0.0,0.004040460157394406,0.04074046015739441
Stereo_M0,M0,3240,R1234ZE(E),[hmim],[BF4],303.15,0.101,0.0689,0.056470565497875214,0.0,0.01242943450212479,0.056470565497875214
Stereo_M0,M0,3241,R1234ZE(E),[hmim],[BF4],303.15,0.149,0.1001,0.07084841281175613,0.0,0.02925158718824386,0.07084841281175613
Stereo_M0,M0,3242,R1234ZE(E),[hmim],[BF4],303.15,0.193,0.1301,0.08379533886909485,0.0,0.046304661130905145,0.08379533886909485
Stereo_M0,M0,3243,R1234ZE(E),[hmim],[BF4],303.15,0.236,0.1591,0.0953444093465805,0.0,0.06375559065341949,0.0953444093465805
Stereo_M0,M0,3244,R1234ZE(E),[hmim],[BF4],303.15,0.28,0.1894,0.10620197653770447,0.0,0.08319802346229555,0.10620197653770447
Stereo_M0,M0,3245,R1234ZE(E),[hmim],[BF4],303.15,0.321,0.2184,0.11566627025604248,0.0,0.10273372974395753,0.11566627025604248
Stereo_M0,M0,3246,R1234ZE(E),[hmim],[BF4],313.15,0.057,0.0307,0.014062977395951748,0.0,0.016637022604048254,0.014062977395951748
Stereo_M0,M0,3247,R1234ZE(E),[hmim],[BF4],313.15,0.11,0.056,0.031757041811943054,0.0,0.024242958188056947,0.031757041811943054
Stereo_M0,M0,3248,R1234ZE(E),[hmim],[BF4],313.15,0.162,0.0813,0.04449428617954254,0.0,0.036805713820457456,0.04449428617954254
Stereo_M0,M0,3249,R1234ZE(E),[hmim],[BF4],313.15,0.212,0.1058,0.054461389780044556,0.0,0.05133861021995545,0.054461389780044556
Stereo_M0,M0,3250,R1234ZE(E),[hmim],[BF4],313.15,0.259,0.1295,0.0656721219420433,0.0,0.0638278780579567,0.0656721219420433
Stereo_M0,M0,3251,R1234ZE(E),[hmim],[BF4],313.15,0.308,0.1543,0.0773548036813736,0.0,0.0769451963186264,0.0773548036813736
Stereo_M0,M0,3252,R1234ZE(E),[hmim],[BF4],313.15,0.355,0.1782,0.0871613621711731,0.0,0.0910386378288269,0.0871613621711731
Stereo_M0,M0,3253,R1234ZE(E),[hmim],[BF4],323.15,0.062,0.0248,0.0,0.0,0.0248,0.0
Stereo_M0,M0,3254,R1234ZE(E),[hmim],[BF4],323.15,0.118,0.0454,0.004123545251786709,0.0,0.041276454748213294,0.004123545251786709
Stereo_M0,M0,3255,R1234ZE(E),[hmim],[BF4],323.15,0.174,0.0667,0.0167197585105896,0.0,0.049980241489410396,0.0167197585105896
Stereo_M0,M0,3256,R1234ZE(E),[hmim],[BF4],323.15,0.228,0.0868,0.029214903712272644,0.0,0.05758509628772736,0.029214903712272644
Stereo_M0,M0,3257,R1234ZE(E),[hmim],[BF4],323.15,0.279,0.1063,0.04107820242643356,0.0,0.06522179757356644,0.04107820242643356
Stereo_M0,M0,3258,R1234ZE(E),[hmim],[BF4],323.15,0.333,0.1266,0.057150885462760925,0.0,0.06944911453723907,0.057150885462760925
Stereo_M0,M0,3259,R1234ZE(E),[hmim],[BF4],323.15,0.384,0.1464,0.06976249814033508,0.0,0.07663750185966492,0.06976249814033508
Stereo_M0,M0,3260,R1234ZE(E),[hmim],[BF4],333.15,0.066,0.0201,0.0,0.0,0.0201,0.0
Stereo_M0,M0,3261,R1234ZE(E),[hmim],[BF4],333.15,0.125,0.0374,0.0,0.0,0.0374,0.0
Stereo_M0,M0,3262,R1234ZE(E),[hmim],[BF4],333.15,0.185,0.055,0.007690458558499813,0.0,0.04730954144150019,0.007690458558499813
Stereo_M0,M0,3263,R1234ZE(E),[hmim],[BF4],333.15,0.242,0.0718,0.019386403262615204,0.0,0.0524135967373848,0.019386403262615204
Stereo_M0,M0,3264,R1234ZE(E),[hmim],[BF4],333.15,0.298,0.088,0.02917379140853882,0.0,0.05882620859146118,0.02917379140853882
Stereo_M0,M0,3265,R1234ZE(E),[hmim],[BF4],333.15,0.355,0.1049,0.042371414601802826,0.0,0.06252858539819717,0.042371414601802826
Stereo_M0,M0,3266,R1234ZE(E),[hmim],[BF4],333.15,0.409,0.1218,0.05493598431348801,0.0,0.066864015686512,0.05493598431348801
Stereo_M0,M0,3267,R1234ZE(E),[hmim],[BF4],343.15,0.069,0.016,0.0,0.0,0.016,0.0
Stereo_M0,M0,3268,R1234ZE(E),[hmim],[BF4],343.15,0.132,0.0305,0.0,0.0,0.0305,0.0
Stereo_M0,M0,3269,R1234ZE(E),[hmim],[BF4],343.15,0.195,0.045,0.0,0.0,0.045,0.0
Stereo_M0,M0,3270,R1234ZE(E),[hmim],[BF4],343.15,0.256,0.059,0.0006897961720824242,0.0,0.05831020382791757,0.0006897961720824242
Stereo_M0,M0,3271,R1234ZE(E),[hmim],[BF4],343.15,0.315,0.0725,0.014924920164048672,0.0,0.05757507983595132,0.014924920164048672
Stereo_M0,M0,3272,R1234ZE(E),[hmim],[BF4],343.15,0.375,0.0867,0.029539108276367188,0.0,0.05716089172363281,0.029539108276367188
Stereo_M0,M0,3273,R1234ZE(E),[hmim],[BF4],343.15,0.434,0.1003,0.04224712401628494,0.0,0.05805287598371506,0.04224712401628494
Stereo_M0,M0,3274,R1233ZD(E),[hmim],[BF4],303.24,0.007,0.007,0.07863111793994904,0.0,0.07163111793994903,0.07863111793994904
Stereo_M0,M0,3275,R1233ZD(E),[hmim],[BF4],303.07,0.018,0.018,0.08282162994146347,0.0,0.06482162994146347,0.08282162994146347
Stereo_M0,M0,3276,R1233ZD(E),[hmim],[BF4],303.28,0.032,0.033,0.08651462942361832,0.0,0.053514629423618315,0.08651462942361832
Stereo_M0,M0,3277,R1233ZD(E),[hmim],[BF4],303.17,0.05,0.05,0.09234052896499634,0.0,0.042340528964996335,0.09234052896499634
Stereo_M0,M0,3278,R1233ZD(E),[hmim],[BF4],303.35,0.065,0.065,0.09586137533187866,0.0,0.03086137533187866,0.09586137533187866
Stereo_M0,M0,3279,R1233ZD(E),[hmim],[BF4],303.13,0.083,0.081,0.10100997984409332,0.0,0.02000997984409332,0.10100997984409332
Stereo_M0,M0,3280,R1233ZD(E),[hmim],[BF4],313.15,0.008,0.006,0.0386936217546463,0.0,0.0326936217546463,0.0386936217546463
Stereo_M0,M0,3281,R1233ZD(E),[hmim],[BF4],313.12,0.021,0.017,0.04248768836259842,0.0,0.025487688362598418,0.04248768836259842
Stereo_M0,M0,3282,R1233ZD(E),[hmim],[BF4],313.15,0.037,0.031,0.04676841199398041,0.0,0.015768411993980408,0.04676841199398041
Stereo_M0,M0,3283,R1233ZD(E),[hmim],[BF4],313.15,0.057,0.047,0.052462056279182434,0.0,0.005462056279182434,0.052462056279182434
Stereo_M0,M0,3284,R1233ZD(E),[hmim],[BF4],313.13,0.075,0.062,0.057759419083595276,0.0,0.004240580916404724,0.057759419083595276
Stereo_M0,M0,3285,R1233ZD(E),[hmim],[BF4],313.15,0.095,0.077,0.06296536326408386,0.0,0.014034636735916137,0.06296536326408386
Stereo_M0,M0,3286,R1233ZD(E),[hmim],[BF4],323.15,0.009,0.006,0.004646993242204189,0.0,0.0013530067577958108,0.004646993242204189
Stereo_M0,M0,3287,R1233ZD(E),[hmim],[BF4],323.15,0.024,0.016,0.009027278982102871,0.0,0.006972721017897129,0.009027278982102871
Stereo_M0,M0,3288,R1233ZD(E),[hmim],[BF4],323.15,0.043,0.029,0.014260037802159786,0.0,0.014739962197840215,0.014260037802159786
Stereo_M0,M0,3289,R1233ZD(E),[hmim],[BF4],323.16,0.066,0.044,0.020911581814289093,0.0,0.023088418185710904,0.020911581814289093
Stereo_M0,M0,3290,R1233ZD(E),[hmim],[BF4],323.15,0.086,0.058,0.026422113180160522,0.0,0.03157788681983948,0.026422113180160522
Stereo_M0,M0,3291,R1233ZD(E),[hmim],[BF4],323.16,0.109,0.072,0.03270065039396286,0.0,0.039299349606037134,0.03270065039396286
Stereo_M0,M0,3292,R1233ZD(E),[hmim],[BF4],333.17,0.011,0.005,0.0,0.0,0.005,0.0
Stereo_M0,M0,3293,R1233ZD(E),[hmim],[BF4],333.16,0.028,0.015,0.0,0.0,0.015,0.0
Stereo_M0,M0,3294,R1233ZD(E),[hmim],[BF4],333.16,0.05,0.027,0.0028132637962698936,0.0,0.024186736203730106,0.0028132637962698936
Stereo_M0,M0,3295,R1233ZD(E),[hmim],[BF4],333.16,0.075,0.041,0.010135731659829617,0.0,0.030864268340170385,0.010135731659829617
Stereo_M0,M0,3296,R1233ZD(E),[hmim],[BF4],333.23,0.097,0.054,0.016489893198013306,0.0,0.037510106801986694,0.016489893198013306
Stereo_M0,M0,3297,R1233ZD(E),[hmim],[BF4],333.17,0.125,0.067,0.024403654038906097,0.0,0.04259634596109391,0.024403654038906097
Stereo_M0,M0,3298,R1233ZD(E),[hmim],[BF4],343.19,0.013,0.004,0.0,0.0,0.004,0.0
Stereo_M0,M0,3299,R1233ZD(E),[hmim],[BF4],343.15,0.032,0.013,0.0,0.0,0.013,0.0
Stereo_M0,M0,3300,R1233ZD(E),[hmim],[BF4],343.17,0.057,0.024,0.0,0.0,0.024,0.0
Stereo_M0,M0,3301,R1233ZD(E),[hmim],[BF4],343.16,0.086,0.037,0.0,0.0,0.037,0.0
Stereo_M0,M0,3302,R1233ZD(E),[hmim],[BF4],343.18,0.111,0.05,0.005235209129750729,0.0,0.044764790870249274,0.005235209129750729
Stereo_M0,M0,3303,R1233ZD(E),[hmim],[BF4],343.18,0.142,0.062,0.012956171296536922,0.0,0.04904382870346308,0.012956171296536922
Stereo_M0,M0,3304,R1234YF,[hmim],[OTf],303.2,0.0619,0.02866,0.11061204969882965,0.0,0.08195204969882965,0.11061204969882965
Stereo_M0,M0,3305,R1234YF,[hmim],[OTf],313.2,0.0653,0.02383,0.07488010823726654,0.0,0.05105010823726654,0.07488010823726654
Stereo_M0,M0,3306,R1234YF,[hmim],[OTf],323.2,0.0731,0.02144,0.05041588842868805,0.0,0.02897588842868805,0.05041588842868805
Stereo_M0,M0,3307,R1234YF,[hmim],[OTf],333.2,0.076,0.01818,0.023708298802375793,0.0,0.005528298802375792,0.023708298802375793
Stereo_M0,M0,3308,R1234YF,[hmim],[OTf],343.2,0.0824,0.01629,0.008033416233956814,0.0,0.008256583766043185,0.008033416233956814
Stereo_M0,M0,3309,R1234YF,[hmim],[OTf],303.09,0.127,0.036,0.1277293562889099,0.0,0.09172935628890991,0.1277293562889099
Stereo_M0,M0,3310,R1234YF,[hmim],[OTf],303.13,0.215,0.061,0.14919419586658478,0.0,0.08819419586658478,0.14919419586658478
Stereo_M0,M0,3311,R1234YF,[hmim],[OTf],303.15,0.288,0.082,0.16581720113754272,0.0,0.08381720113754272,0.16581720113754272
Stereo_M0,M0,3312,R1234YF,[hmim],[OTf],303.03,0.375,0.11,0.19123652577400208,0.0,0.08123652577400207,0.19123652577400208
Stereo_M0,M0,3313,R1234YF,[hmim],[OTf],303.02,0.498,0.151,0.23073124885559082,0.0,0.07973124885559082,0.23073124885559082
Stereo_M0,M0,3314,R1234YF,[hmim],[OTf],313.19,0.14,0.032,0.09450000524520874,0.0,0.06250000524520874,0.09450000524520874
Stereo_M0,M0,3315,R1234YF,[hmim],[OTf],313.16,0.237,0.053,0.12097480893135071,0.0,0.06797480893135072,0.12097480893135071
Stereo_M0,M0,3316,R1234YF,[hmim],[OTf],313.17,0.318,0.072,0.14103129506111145,0.0,0.06903129506111146,0.14103129506111145
Stereo_M0,M0,3317,R1234YF,[hmim],[OTf],313.11,0.416,0.096,0.16433097422122955,0.0,0.06833097422122955,0.16433097422122955
Stereo_M0,M0,3318,R1234YF,[hmim],[OTf],313.12,0.557,0.132,0.20702973008155823,0.0,0.07502973008155822,0.20702973008155823
Stereo_M0,M0,3319,R1234YF,[hmim],[OTf],323.2,0.151,0.028,0.07210949063301086,0.0,0.04410949063301087,0.07210949063301086
Stereo_M0,M0,3320,R1234YF,[hmim],[OTf],323.17,0.257,0.047,0.09651400148868561,0.0,0.04951400148868561,0.09651400148868561
Stereo_M0,M0,3321,R1234YF,[hmim],[OTf],323.17,0.346,0.063,0.11440971493721008,0.0,0.05140971493721008,0.11440971493721008
Stereo_M0,M0,3322,R1234YF,[hmim],[OTf],323.12,0.455,0.084,0.13545694947242737,0.0,0.05145694947242736,0.13545694947242737
Stereo_M0,M0,3323,R1234YF,[hmim],[OTf],323.13,0.612,0.115,0.17633315920829773,0.0,0.061333159208297724,0.17633315920829773
Stereo_M0,M0,3324,R1234YF,[hmim],[OTf],333.2,0.163,0.025,0.05256591737270355,0.0,0.02756591737270355,0.05256591737270355
Stereo_M0,M0,3325,R1234YF,[hmim],[OTf],333.17,0.276,0.042,0.0789158046245575,0.0,0.03691580462455749,0.0789158046245575
Stereo_M0,M0,3326,R1234YF,[hmim],[OTf],333.26,0.37,0.057,0.09540797770023346,0.0,0.03840797770023346,0.09540797770023346
Stereo_M0,M0,3327,R1234YF,[hmim],[OTf],333.16,0.491,0.074,0.11236335337162018,0.0,0.03836335337162018,0.11236335337162018
Stereo_M0,M0,3328,R1234YF,[hmim],[OTf],333.15,0.662,0.102,0.1478186845779419,0.0,0.0458186845779419,0.1478186845779419
Stereo_M0,M0,3329,R1234YF,[hmim],[OTf],343.24,0.174,0.022,0.034826599061489105,0.0,0.012826599061489107,0.034826599061489105
Stereo_M0,M0,3330,R1234YF,[hmim],[OTf],343.19,0.294,0.037,0.06270436197519302,0.0,0.025704361975193026,0.06270436197519302
Stereo_M0,M0,3331,R1234YF,[hmim],[OTf],343.26,0.395,0.051,0.0771438255906105,0.0,0.026143825590610507,0.0771438255906105
Stereo_M0,M0,3332,R1234YF,[hmim],[OTf],343.18,0.524,0.066,0.0847112238407135,0.0,0.018711223840713498,0.0847112238407135
Stereo_M0,M0,3333,R1234YF,[hmim],[OTf],343.17,0.709,0.091,0.11974024772644043,0.0,0.028740247726440432,0.11974024772644043
Stereo_M0,M0,3334,R1234YF,[hmim],[OTf],353.25,0.184,0.019,0.010861433111131191,0.0,0.008138566888868808,0.010861433111131191
Stereo_M0,M0,3335,R1234YF,[hmim],[OTf],353.22,0.311,0.034,0.03953252732753754,0.0,0.005532527327537534,0.03953252732753754
Stereo_M0,M0,3336,R1234YF,[hmim],[OTf],353.27,0.419,0.045,0.05447785556316376,0.0,0.009477855563163759,0.05447785556316376
Stereo_M0,M0,3337,R1234YF,[hmim],[OTf],353.19,0.555,0.06,0.0695539116859436,0.0,0.009553911685943606,0.0695539116859436
Stereo_M0,M0,3338,R1234YF,[hmim],[OTf],353.2,0.752,0.082,0.10879547894001007,0.0,0.026795478940010067,0.10879547894001007
Stereo_M0,M0,3339,R1233ZD(E),[hmim],[OTf],303.22,0.009,0.011,0.10022325068712234,0.0,0.08922325068712235,0.10022325068712234
Stereo_M0,M0,3340,R1233ZD(E),[hmim],[OTf],303.45,0.022,0.028,0.10435376316308975,0.0,0.07635376316308976,0.10435376316308975
Stereo_M0,M0,3341,R1233ZD(E),[hmim],[OTf],303.15,0.036,0.047,0.11047808825969696,0.0,0.06347808825969696,0.11047808825969696
Stereo_M0,M0,3342,R1233ZD(E),[hmim],[OTf],303.15,0.051,0.066,0.11580726504325867,0.0,0.049807265043258664,0.11580726504325867
Stereo_M0,M0,3343,R1233ZD(E),[hmim],[OTf],303.15,0.066,0.084,0.12087757885456085,0.0,0.03687757885456085,0.12087757885456085
Stereo_M0,M0,3344,R1233ZD(E),[hmim],[OTf],303.15,0.081,0.103,0.12555965781211853,0.0,0.022559657812118536,0.12555965781211853
Stereo_M0,M0,3345,R1233ZD(E),[hmim],[OTf],313.15,0.011,0.01,0.05975296348333359,0.0,0.049752963483333586,0.05975296348333359
Stereo_M0,M0,3346,R1233ZD(E),[hmim],[OTf],313.15,0.025,0.026,0.06342698633670807,0.0,0.037426986336708074,0.06342698633670807
Stereo_M0,M0,3347,R1233ZD(E),[hmim],[OTf],313.17,0.041,0.044,0.06765621900558472,0.0,0.02365621900558472,0.06765621900558472
Stereo_M0,M0,3348,R1233ZD(E),[hmim],[OTf],313.15,0.058,0.062,0.07303920388221741,0.0,0.011039203882217408,0.07303920388221741
Stereo_M0,M0,3349,R1233ZD(E),[hmim],[OTf],313.12,0.075,0.08,0.07907734811306,0.0,0.0009226518869400041,0.07907734811306
Stereo_M0,M0,3350,R1233ZD(E),[hmim],[OTf],313.13,0.093,0.099,0.0853065475821495,0.0,0.013693452417850499,0.0853065475821495
Stereo_M0,M0,3351,R1233ZD(E),[hmim],[OTf],323.15,0.013,0.009,0.028566323220729828,0.0,0.019566323220729827,0.028566323220729828
Stereo_M0,M0,3352,R1233ZD(E),[hmim],[OTf],323.19,0.029,0.024,0.03306592255830765,0.0,0.009065922558307647,0.03306592255830765
Stereo_M0,M0,3353,R1233ZD(E),[hmim],[OTf],323.18,0.048,0.042,0.03878357261419296,0.0,0.00321642738580704,0.03878357261419296
Stereo_M0,M0,3354,R1233ZD(E),[hmim],[OTf],323.16,0.067,0.059,0.0442643016576767,0.0,0.0147356983423233,0.0442643016576767
Stereo_M0,M0,3355,R1233ZD(E),[hmim],[OTf],323.15,0.085,0.076,0.04942092299461365,0.0,0.02657907700538635,0.04942092299461365
Stereo_M0,M0,3356,R1233ZD(E),[hmim],[OTf],323.15,0.107,0.093,0.05548127740621567,0.0,0.03751872259378433,0.05548127740621567
Stereo_M0,M0,3357,R1233ZD(E),[hmim],[OTf],333.17,0.016,0.007,0.011371619068086147,0.0,0.004371619068086147,0.011371619068086147
Stereo_M0,M0,3358,R1233ZD(E),[hmim],[OTf],333.15,0.034,0.022,0.01665492355823517,0.0,0.00534507644176483,0.01665492355823517
Stereo_M0,M0,3359,R1233ZD(E),[hmim],[OTf],333.18,0.055,0.038,0.0225086510181427,0.0,0.015491348981857299,0.0225086510181427
Stereo_M0,M0,3360,R1233ZD(E),[hmim],[OTf],333.17,0.078,0.054,0.028945140540599823,0.0,0.025054859459400176,0.028945140540599823
Stereo_M0,M0,3361,R1233ZD(E),[hmim],[OTf],333.16,0.099,0.07,0.03520473092794418,0.0,0.03479526907205582,0.03520473092794418
Stereo_M0,M0,3362,R1233ZD(E),[hmim],[OTf],333.15,0.122,0.088,0.042606182396411896,0.0,0.0453938176035881,0.042606182396411896
Stereo_M0,M0,3363,R1233ZD(E),[hmim],[OTf],343.15,0.019,0.006,0.0,0.0,0.006,0.0
Stereo_M0,M0,3364,R1233ZD(E),[hmim],[OTf],343.15,0.039,0.02,0.005440211854875088,0.0,0.014559788145124913,0.005440211854875088
Stereo_M0,M0,3365,R1233ZD(E),[hmim],[OTf],343.15,0.064,0.035,0.012653938494622707,0.0,0.022346061505377296,0.012653938494622707
Stereo_M0,M0,3366,R1233ZD(E),[hmim],[OTf],343.15,0.089,0.05,0.020021550357341766,0.0,0.029978449642658236,0.020021550357341766
Stereo_M0,M0,3367,R1233ZD(E),[hmim],[OTf],343.17,0.113,0.065,0.02672594040632248,0.0,0.03827405959367752,0.02672594040632248
Stereo_M0,M0,3368,R1233ZD(E),[hmim],[OTf],343.15,0.139,0.081,0.03384920954704285,0.0,0.047150790452957156,0.03384920954704285
Stereo_M0,M0,3369,R1234YF,[hmim],[PF6],283.15,0.0506,0.0224,0.17439794540405273,0.0,0.15199794540405273,0.17439794540405273
Stereo_M0,M0,3370,R1234YF,[hmim],[PF6],283.15,0.0923,0.0408,0.19049200415611267,0.0,0.14969200415611267,0.19049200415611267
Stereo_M0,M0,3371,R1234YF,[hmim],[PF6],283.15,0.134,0.0604,0.20709705352783203,0.0,0.14669705352783202,0.20709705352783203
Stereo_M0,M0,3372,R1234YF,[hmim],[PF6],283.15,0.177,0.0798,0.2234966903924942,0.0,0.14369669039249422,0.2234966903924942
Stereo_M0,M0,3373,R1234YF,[hmim],[PF6],283.15,0.2172,0.098,0.23759841918945312,0.0,0.13959841918945312,0.23759841918945312
Stereo_M0,M0,3374,R1234YF,[hmim],[PF6],283.15,0.2538,0.1174,0.250392347574234,0.0,0.132992347574234,0.250392347574234
Stereo_M0,M0,3375,R1234YF,[hmim],[PF6],283.15,0.298,0.1366,0.26490986347198486,0.0,0.12830986347198486,0.26490986347198486
Stereo_M0,M0,3376,R1234YF,[hmim],[PF6],293.15,0.0583,0.02,0.1460472047328949,0.0,0.1260472047328949,0.1460472047328949
Stereo_M0,M0,3377,R1234YF,[hmim],[PF6],293.15,0.1052,0.0357,0.15980757772922516,0.0,0.12410757772922515,0.15980757772922516
Stereo_M0,M0,3378,R1234YF,[hmim],[PF6],293.15,0.1508,0.0518,0.17307782173156738,0.0,0.12127782173156738,0.17307782173156738
Stereo_M0,M0,3379,R1234YF,[hmim],[PF6],293.15,0.1985,0.0676,0.1856866478919983,0.0,0.1180866478919983,0.1856866478919983
Stereo_M0,M0,3380,R1234YF,[hmim],[PF6],293.15,0.2427,0.0826,0.19807937741279602,0.0,0.11547937741279601,0.19807937741279602
Stereo_M0,M0,3381,R1234YF,[hmim],[PF6],293.15,0.2815,0.0983,0.20910610258579254,0.0,0.11080610258579254,0.20910610258579254
Stereo_M0,M0,3382,R1234YF,[hmim],[PF6],293.15,0.3359,0.1146,0.22454646229743958,0.0,0.10994646229743958,0.22454646229743958
Stereo_M0,M0,3383,R1234YF,[hmim],[PF6],303.15,0.0641,0.0174,0.10949930548667908,0.0,0.09209930548667908,0.10949930548667908
Stereo_M0,M0,3384,R1234YF,[hmim],[PF6],303.15,0.1154,0.0318,0.12269559502601624,0.0,0.09089559502601624,0.12269559502601624
Stereo_M0,M0,3385,R1234YF,[hmim],[PF6],303.15,0.1685,0.0461,0.13582658767700195,0.0,0.08972658767700195,0.13582658767700195
Stereo_M0,M0,3386,R1234YF,[hmim],[PF6],303.15,0.2206,0.0606,0.14825689792633057,0.0,0.08765689792633057,0.14825689792633057
Stereo_M0,M0,3387,R1234YF,[hmim],[PF6],303.15,0.2676,0.0729,0.15863943099975586,0.0,0.08573943099975585,0.15863943099975586
Stereo_M0,M0,3388,R1234YF,[hmim],[PF6],303.15,0.3171,0.0871,0.17082664370536804,0.0,0.08372664370536805,0.17082664370536804
Stereo_M0,M0,3389,R1234YF,[hmim],[PF6],303.15,0.365,0.0992,0.18498951196670532,0.0,0.08578951196670533,0.18498951196670532
Stereo_M0,M0,3390,R1234YF,[hmim],[PF6],313.15,0.0698,0.0154,0.0750541239976883,0.0,0.059654123997688296,0.0750541239976883
Stereo_M0,M0,3391,R1234YF,[hmim],[PF6],313.15,0.1266,0.0278,0.08969371020793915,0.0,0.06189371020793915,0.08969371020793915
Stereo_M0,M0,3392,R1234YF,[hmim],[PF6],313.15,0.1795,0.0396,0.1043311208486557,0.0,0.0647311208486557,0.1043311208486557
Stereo_M0,M0,3393,R1234YF,[hmim],[PF6],313.15,0.2297,0.0503,0.11735713481903076,0.0,0.06705713481903076,0.11735713481903076
Stereo_M0,M0,3394,R1234YF,[hmim],[PF6],313.15,0.2813,0.0611,0.12966060638427734,0.0,0.06856060638427734,0.12966060638427734
Stereo_M0,M0,3395,R1234YF,[hmim],[PF6],313.15,0.3339,0.0722,0.14210081100463867,0.0,0.06990081100463867,0.14210081100463867
Stereo_M0,M0,3396,R1234YF,[hmim],[PF6],313.15,0.3845,0.0827,0.15333707630634308,0.0,0.07063707630634308,0.15333707630634308
Stereo_M0,M0,3397,R1234YF,[hmim],[PF6],323.15,0.0765,0.0134,0.049924008548259735,0.0,0.03652400854825973,0.049924008548259735
Stereo_M0,M0,3398,R1234YF,[hmim],[PF6],323.15,0.132,0.0235,0.0660737007856369,0.0,0.0425737007856369,0.0660737007856369
Stereo_M0,M0,3399,R1234YF,[hmim],[PF6],323.15,0.1845,0.0334,0.07827486842870712,0.0,0.044874868428707124,0.07827486842870712
Stereo_M0,M0,3400,R1234YF,[hmim],[PF6],323.15,0.2401,0.043,0.09074771404266357,0.0,0.04774771404266358,0.09074771404266357
Stereo_M0,M0,3401,R1234YF,[hmim],[PF6],323.15,0.2945,0.0513,0.1021379828453064,0.0,0.0508379828453064,0.1021379828453064
Stereo_M0,M0,3402,R1234YF,[hmim],[PF6],323.15,0.3497,0.0612,0.1123168021440506,0.0,0.0511168021440506,0.1123168021440506
Stereo_M0,M0,3403,R1234YF,[hmim],[PF6],323.15,0.4031,0.0698,0.12198296189308167,0.0,0.052182961893081664,0.12198296189308167
Stereo_M0,M0,3404,R1234YF,[hmim],[PF6],333.15,0.0779,0.0116,0.0231342613697052,0.0,0.011534261369705201,0.0231342613697052
Stereo_M0,M0,3405,R1234YF,[hmim],[PF6],333.15,0.1341,0.0203,0.04165365546941757,0.0,0.021353655469417573,0.04165365546941757
Stereo_M0,M0,3406,R1234YF,[hmim],[PF6],333.15,0.192,0.0291,0.05846531689167023,0.0,0.029365316891670226,0.05846531689167023
Stereo_M0,M0,3407,R1234YF,[hmim],[PF6],333.15,0.2502,0.0369,0.07144040614366531,0.0,0.03454040614366531,0.07144040614366531
Stereo_M0,M0,3408,R1234YF,[hmim],[PF6],333.15,0.3069,0.0447,0.08202876150608063,0.0,0.03732876150608063,0.08202876150608063
Stereo_M0,M0,3409,R1234YF,[hmim],[PF6],333.15,0.3648,0.0528,0.09233830124139786,0.0,0.03953830124139786,0.09233830124139786
Stereo_M0,M0,3410,R1234YF,[hmim],[PF6],333.15,0.4208,0.0603,0.10109054297208786,0.0,0.04079054297208786,0.10109054297208786
Stereo_M0,M0,3411,R1234YF,[hmim],[PF6],343.15,0.0801,0.01,0.006004965864121914,0.0,0.003995034135878086,0.006004965864121914
Stereo_M0,M0,3412,R1234YF,[hmim],[PF6],343.15,0.1362,0.0173,0.023204632103443146,0.0,0.005904632103443146,0.023204632103443146
Stereo_M0,M0,3413,R1234YF,[hmim],[PF6],343.15,0.1997,0.0245,0.04014500230550766,0.0,0.01564500230550766,0.04014500230550766
Stereo_M0,M0,3414,R1234YF,[hmim],[PF6],343.15,0.2602,0.0314,0.05418193340301514,0.0,0.02278193340301514,0.05418193340301514
Stereo_M0,M0,3415,R1234YF,[hmim],[PF6],343.15,0.3123,0.038,0.06419657170772552,0.0,0.026196571707725526,0.06419657170772552
Stereo_M0,M0,3416,R1234YF,[hmim],[PF6],343.15,0.3719,0.0448,0.0728309229016304,0.0,0.028030922901630402,0.0728309229016304
Stereo_M0,M0,3417,R1234YF,[hmim],[PF6],343.15,0.4303,0.0517,0.07780136168003082,0.0,0.02610136168003082,0.07780136168003082
Stereo_M0,M0,3418,R1234YF,[hmim],[PF6],303.08,0.138,0.031,0.12859958410263062,0.0,0.09759958410263062,0.12859958410263062
Stereo_M0,M0,3419,R1234YF,[hmim],[PF6],303.08,0.2,0.045,0.14380809664726257,0.0,0.09880809664726257,0.14380809664726257
Stereo_M0,M0,3420,R1234YF,[hmim],[PF6],303.12,0.287,0.067,0.1632891446352005,0.0,0.0962891446352005,0.1632891446352005
Stereo_M0,M0,3421,R1234YF,[hmim],[PF6],303.05,0.399,0.097,0.19651398062705994,0.0,0.09951398062705993,0.19651398062705994
Stereo_M0,M0,3422,R1234YF,[hmim],[PF6],303.37,0.548,0.138,0.24347376823425293,0.0,0.10547376823425292,0.24347376823425293
Stereo_M0,M0,3423,R1234YF,[hmim],[PF6],313.24,0.147,0.027,0.09473107010126114,0.0,0.06773107010126114,0.09473107010126114
Stereo_M0,M0,3424,R1234YF,[hmim],[PF6],313.15,0.214,0.038,0.11374726891517639,0.0,0.07574726891517639,0.11374726891517639
Stereo_M0,M0,3425,R1234YF,[hmim],[PF6],313.14,0.308,0.057,0.13627217710018158,0.0,0.07927217710018158,0.13627217710018158
Stereo_M0,M0,3426,R1234YF,[hmim],[PF6],313.12,0.431,0.081,0.16561566293239594,0.0,0.08461566293239593,0.16561566293239594
Stereo_M0,M0,3427,R1234YF,[hmim],[PF6],313.18,0.594,0.114,0.2158612310886383,0.0,0.1018612310886383,0.2158612310886383
Stereo_M0,M0,3428,R1234YF,[hmim],[PF6],323.25,0.156,0.022,0.07166191190481186,0.0,0.04966191190481186,0.07166191190481186
Stereo_M0,M0,3429,R1234YF,[hmim],[PF6],323.16,0.228,0.032,0.08795330673456192,0.0,0.05595330673456192,0.08795330673456192
Stereo_M0,M0,3430,R1234YF,[hmim],[PF6],323.14,0.328,0.048,0.10853268206119537,0.0,0.06053268206119537,0.10853268206119537
Stereo_M0,M0,3431,R1234YF,[hmim],[PF6],323.11,0.46,0.068,0.13327158987522125,0.0,0.06527158987522125,0.13327158987522125
Stereo_M0,M0,3432,R1234YF,[hmim],[PF6],323.19,0.638,0.094,0.18084651231765747,0.0,0.08684651231765747,0.18084651231765747
Stereo_M0,M0,3433,R1234YF,[hmim],[PF6],333.25,0.166,0.018,0.051448144018650055,0.0,0.03344814401865005,0.051448144018650055
Stereo_M0,M0,3434,R1234YF,[hmim],[PF6],333.18,0.24,0.027,0.06943833082914352,0.0,0.04243833082914353,0.06943833082914352
Stereo_M0,M0,3435,R1234YF,[hmim],[PF6],333.14,0.346,0.041,0.0891871452331543,0.0,0.048187145233154295,0.0891871452331543
Stereo_M0,M0,3436,R1234YF,[hmim],[PF6],333.17,0.488,0.057,0.10958339273929596,0.0,0.05258339273929596,0.10958339273929596
Stereo_M0,M0,3437,R1234YF,[hmim],[PF6],333.18,0.678,0.079,0.1496320217847824,0.0,0.07063202178478241,0.1496320217847824
Stereo_M0,M0,3438,R1234YF,[hmim],[PF6],343.25,0.174,0.015,0.03324766457080841,0.0,0.01824766457080841,0.03324766457080841
Stereo_M0,M0,3439,R1234YF,[hmim],[PF6],343.21,0.252,0.023,0.052279457449913025,0.0,0.029279457449913025,0.052279457449913025
Stereo_M0,M0,3440,R1234YF,[hmim],[PF6],343.15,0.364,0.035,0.07180614769458771,0.0,0.036806147694587704,0.07180614769458771
Stereo_M0,M0,3441,R1234YF,[hmim],[PF6],343.19,0.513,0.049,0.08155865222215652,0.0,0.03255865222215652,0.08155865222215652
Stereo_M0,M0,3442,R1234YF,[hmim],[PF6],343.22,0.711,0.072,0.11739729344844818,0.0,0.04539729344844819,0.11739729344844818
Stereo_M0,M0,3443,R1234YF,[hmim],[PF6],353.27,0.182,0.012,0.008086889050900936,0.0,0.003913110949099064,0.008086889050900936
Stereo_M0,M0,3444,R1234YF,[hmim],[PF6],353.22,0.264,0.019,0.027406245470046997,0.0,0.008406245470046998,0.027406245470046997
Stereo_M0,M0,3445,R1234YF,[hmim],[PF6],353.18,0.381,0.03,0.04705724120140076,0.0,0.017057241201400758,0.04705724120140076
Stereo_M0,M0,3446,R1234YF,[hmim],[PF6],353.2,0.538,0.043,0.0644901841878891,0.0,0.021490184187889103,0.0644901841878891
Stereo_M0,M0,3447,R1234YF,[hmim],[PF6],353.22,0.747,0.063,0.1049451231956482,0.0,0.04194512319564819,0.1049451231956482
Stereo_M0,M0,3448,R1234ZE(E),[hmim],[PF6],283.15,0.0847,0.1078,0.1274530291557312,0.0,0.019653029155731194,0.1274530291557312
Stereo_M0,M0,3449,R1234ZE(E),[hmim],[PF6],283.15,0.1228,0.1578,0.14910070598125458,0.0,0.008699294018745418,0.14910070598125458
Stereo_M0,M0,3450,R1234ZE(E),[hmim],[PF6],283.15,0.1569,0.2072,0.1693398505449295,0.0,0.03786014945507049,0.1693398505449295
Stereo_M0,M0,3451,R1234ZE(E),[hmim],[PF6],283.15,0.1881,0.2552,0.18793120980262756,0.0,0.06726879019737242,0.18793120980262756
Stereo_M0,M0,3452,R1234ZE(E),[hmim],[PF6],283.15,0.2192,0.3015,0.2055528163909912,0.0,0.09594718360900878,0.2055528163909912
Stereo_M0,M0,3453,R1234ZE(E),[hmim],[PF6],283.15,0.2464,0.3472,0.22087503969669342,0.0,0.1263249603033066,0.22087503969669342
Stereo_M0,M0,3454,R1234ZE(E),[hmim],[PF6],293.15,0.0939,0.0905,0.10733050853013992,0.0,0.016830508530139926,0.10733050853013992
Stereo_M0,M0,3455,R1234ZE(E),[hmim],[PF6],293.15,0.1371,0.1327,0.12463545799255371,0.0,0.008064542007446301,0.12463545799255371
Stereo_M0,M0,3456,R1234ZE(E),[hmim],[PF6],293.15,0.1781,0.1708,0.14111971855163574,0.0,0.029680281448364265,0.14111971855163574
Stereo_M0,M0,3457,R1234ZE(E),[hmim],[PF6],293.15,0.2166,0.2089,0.15642228722572327,0.0,0.052477712774276736,0.15642228722572327
Stereo_M0,M0,3458,R1234ZE(E),[hmim],[PF6],293.15,0.2549,0.2478,0.1716655194759369,0.0,0.0761344805240631,0.1716655194759369
Stereo_M0,M0,3459,R1234ZE(E),[hmim],[PF6],293.15,0.2902,0.2861,0.1875172108411789,0.0,0.09858278915882113,0.1875172108411789
Stereo_M0,M0,3460,R1234ZE(E),[hmim],[PF6],303.15,0.103,0.0744,0.08868834376335144,0.0,0.014288343763351447,0.08868834376335144
Stereo_M0,M0,3461,R1234ZE(E),[hmim],[PF6],303.15,0.1515,0.1078,0.10327579081058502,0.0,0.004524209189414985,0.10327579081058502
Stereo_M0,M0,3462,R1234ZE(E),[hmim],[PF6],303.15,0.1975,0.1389,0.11580100655555725,0.0,0.023098993444442745,0.11580100655555725
Stereo_M0,M0,3463,R1234ZE(E),[hmim],[PF6],303.15,0.2412,0.1706,0.12871041893959045,0.0,0.04188958106040955,0.12871041893959045
Stereo_M0,M0,3464,R1234ZE(E),[hmim],[PF6],303.15,0.2858,0.2018,0.14301332831382751,0.0,0.05878667168617249,0.14301332831382751
Stereo_M0,M0,3465,R1234ZE(E),[hmim],[PF6],303.15,0.3274,0.2336,0.15500135719776154,0.0,0.07859864280223847,0.15500135719776154
Stereo_M0,M0,3466,R1234ZE(E),[hmim],[PF6],313.15,0.1111,0.0615,0.06427163630723953,0.0,0.0027716363072395334,0.06427163630723953
Stereo_M0,M0,3467,R1234ZE(E),[hmim],[PF6],313.15,0.1641,0.0883,0.07755804806947708,0.0,0.010741951930522922,0.07755804806947708
Stereo_M0,M0,3468,R1234ZE(E),[hmim],[PF6],313.15,0.2143,0.1141,0.08667240291833878,0.0,0.027427597081661217,0.08667240291833878
Stereo_M0,M0,3469,R1234ZE(E),[hmim],[PF6],313.15,0.2626,0.1398,0.09492062032222748,0.0,0.04487937967777253,0.09492062032222748
Stereo_M0,M0,3470,R1234ZE(E),[hmim],[PF6],313.15,0.3119,0.1656,0.10284052789211273,0.0,0.06275947210788727,0.10284052789211273
Stereo_M0,M0,3471,R1234ZE(E),[hmim],[PF6],313.15,0.3585,0.1923,0.11067084223031998,0.0,0.08162915776968002,0.11067084223031998
Stereo_M0,M0,3472,R1234ZE(E),[hmim],[PF6],323.15,0.1188,0.0505,0.036438949406147,0.0,0.014061050593853,0.036438949406147
Stereo_M0,M0,3473,R1234ZE(E),[hmim],[PF6],323.15,0.1755,0.0725,0.04867531359195709,0.0,0.023824686408042903,0.04867531359195709
Stereo_M0,M0,3474,R1234ZE(E),[hmim],[PF6],323.15,0.2294,0.094,0.057104431092739105,0.0,0.036895568907260895,0.057104431092739105
Stereo_M0,M0,3475,R1234ZE(E),[hmim],[PF6],323.15,0.2816,0.1155,0.06581748276948929,0.0,0.04968251723051072,0.06581748276948929
Stereo_M0,M0,3476,R1234ZE(E),[hmim],[PF6],323.15,0.3351,0.1369,0.07709410786628723,0.0,0.05980589213371276,0.07709410786628723
Stereo_M0,M0,3477,R1234ZE(E),[hmim],[PF6],323.15,0.3861,0.1587,0.08861956745386124,0.0,0.07008043254613877,0.08861956745386124
Stereo_M0,M0,3478,R1234ZE(E),[hmim],[PF6],333.15,0.1258,0.0418,0.022560283541679382,0.0,0.019239716458320615,0.022560283541679382
Stereo_M0,M0,3479,R1234ZE(E),[hmim],[PF6],333.15,0.1858,0.0605,0.03566593676805496,0.0,0.024834063231945036,0.03566593676805496
Stereo_M0,M0,3480,R1234ZE(E),[hmim],[PF6],333.15,0.2431,0.0785,0.045293040573596954,0.0,0.033206959426403046,0.045293040573596954
Stereo_M0,M0,3481,R1234ZE(E),[hmim],[PF6],333.15,0.2987,0.0968,0.05673687160015106,0.0,0.040063128399848935,0.05673687160015106
Stereo_M0,M0,3482,R1234ZE(E),[hmim],[PF6],333.15,0.3559,0.1146,0.06709379702806473,0.0,0.047506202971935266,0.06709379702806473
Stereo_M0,M0,3483,R1234ZE(E),[hmim],[PF6],333.15,0.4107,0.133,0.07975968718528748,0.0,0.05324031281471253,0.07975968718528748
Stereo_M0,M0,3484,R1234ZE(E),[hmim],[PF6],343.15,0.1325,0.0344,0.010043098591268063,0.0,0.024356901408731937,0.010043098591268063
Stereo_M0,M0,3485,R1234ZE(E),[hmim],[PF6],343.15,0.1956,0.0504,0.02422313392162323,0.0,0.02617686607837677,0.02422313392162323
Stereo_M0,M0,3486,R1234ZE(E),[hmim],[PF6],343.15,0.256,0.0656,0.03611829876899719,0.0,0.029481701231002813,0.03611829876899719
Stereo_M0,M0,3487,R1234ZE(E),[hmim],[PF6],343.15,0.315,0.0804,0.04531284421682358,0.0,0.03508715578317642,0.04531284421682358
Stereo_M0,M0,3488,R1234ZE(E),[hmim],[PF6],343.15,0.3755,0.0957,0.05815448611974716,0.0,0.03754551388025283,0.05815448611974716
Stereo_M0,M0,3489,R1234ZE(E),[hmim],[PF6],343.15,0.4342,0.1102,0.07024399936199188,0.0,0.039956000638008124,0.07024399936199188
Stereo_M0,M0,3490,R1234YF,[hmim],[Tf2N],292.29,0.0993,0.0775,0.24140971899032593,0.0,0.16390971899032591,0.24140971899032593
Stereo_M0,M0,3491,R1234YF,[hmim],[Tf2N],293.01,0.1981,0.1543,0.27800458669662476,0.0,0.12370458669662476,0.27800458669662476
Stereo_M0,M0,3492,R1234YF,[hmim],[Tf2N],292.98,0.276,0.2206,0.31041449308395386,0.0,0.08981449308395387,0.31041449308395386
Stereo_M0,M0,3493,R1234YF,[hmim],[Tf2N],293.64,0.3538,0.2792,0.3417995870113373,0.0,0.06259958701133728,0.3417995870113373
Stereo_M0,M0,3494,R1234YF,[hmim],[Tf2N],293.13,0.4343999999999999,0.3536,0.3747795820236206,0.0,0.02117958202362058,0.3747795820236206
Stereo_M0,M0,3495,R1234YF,[hmim],[Tf2N],303.05,0.1153,0.0689,0.19934958219528198,0.0,0.13044958219528197,0.19934958219528198
Stereo_M0,M0,3496,R1234YF,[hmim],[Tf2N],303.09,0.2306,0.1386,0.24684002995491028,0.0,0.10824002995491028,0.24684002995491028
Stereo_M0,M0,3497,R1234YF,[hmim],[Tf2N],303.07,0.3248999999999999,0.1991,0.2854023575782776,0.0,0.08630235757827759,0.2854023575782776
Stereo_M0,M0,3498,R1234YF,[hmim],[Tf2N],303.13,0.4161,0.2545,0.3222392797470093,0.0,0.06773927974700927,0.3222392797470093
Stereo_M0,M0,3499,R1234YF,[hmim],[Tf2N],303.15,0.5231,0.323,0.3591732680797577,0.0,0.03617326807975768,0.3591732680797577
Stereo_M0,M0,3500,R1234YF,[hmim],[Tf2N],313.06,0.1306,0.061,0.16571882367134094,0.0,0.10471882367134094,0.16571882367134094
Stereo_M0,M0,3501,R1234YF,[hmim],[Tf2N],313.06,0.2623999999999999,0.1238,0.2206461876630783,0.0,0.09684618766307831,0.2206461876630783
Stereo_M0,M0,3502,R1234YF,[hmim],[Tf2N],313.05,0.3723999999999999,0.1789,0.25792884826660156,0.0,0.07902884826660156,0.25792884826660156
Stereo_M0,M0,3503,R1234YF,[hmim],[Tf2N],313.13,0.4807,0.2292,0.29255181550979614,0.0,0.06335181550979616,0.29255181550979614
Stereo_M0,M0,3504,R1234YF,[hmim],[Tf2N],313.2,0.6103,0.2925,0.3282303512096405,0.0,0.03573035120964052,0.3282303512096405
Stereo_M0,M0,3505,R1234YF,[hmim],[Tf2N],323.08,0.1457,0.0537,0.13452193140983582,0.0,0.08082193140983582,0.13452193140983582
Stereo_M0,M0,3506,R1234YF,[hmim],[Tf2N],323.06,0.2938,0.1098,0.19360566139221191,0.0,0.08380566139221192,0.19360566139221191
Stereo_M0,M0,3507,R1234YF,[hmim],[Tf2N],323.05,0.4191999999999999,0.1596,0.23034444451332092,0.0,0.07074444451332093,0.23034444451332092
Stereo_M0,M0,3508,R1234YF,[hmim],[Tf2N],323.13,0.5437000000000001,0.205,0.26369708776474,0.0,0.05869708776474,0.26369708776474
Stereo_M0,M0,3509,R1234YF,[hmim],[Tf2N],323.19,0.6954,0.2628,0.3039597272872925,0.0,0.0411597272872925,0.3039597272872925
Stereo_M0,M0,3510,R1234YF,[hmim],[Tf2N],333.1,0.1609,0.0474,0.11415214836597443,0.0,0.06675214836597443,0.11415214836597443
Stereo_M0,M0,3511,R1234YF,[hmim],[Tf2N],333.09,0.3241,0.0972,0.16889289021492004,0.0,0.07169289021492005,0.16889289021492004
Stereo_M0,M0,3512,R1234YF,[hmim],[Tf2N],333.17,0.4644,0.142,0.20491620898246765,0.0,0.06291620898246766,0.20491620898246765
Stereo_M0,M0,3513,R1234YF,[hmim],[Tf2N],333.21,0.6016,0.1844,0.24401473999023438,0.0,0.05961473999023437,0.24401473999023438
Stereo_M0,M0,3514,R1234YF,[hmim],[Tf2N],333.21,0.7763,0.2355,0.2916688323020935,0.0,0.05616883230209352,0.2916688323020935
Stereo_M0,M0,3515,R1234YF,[hmim],[Tf2N],343.11,0.176,0.0422,0.09640862792730331,0.0,0.05420862792730331,0.09640862792730331
Stereo_M0,M0,3516,R1234YF,[hmim],[Tf2N],343.1,0.3531,0.0869,0.1529819667339325,0.0,0.06608196673393249,0.1529819667339325
Stereo_M0,M0,3517,R1234YF,[hmim],[Tf2N],343.19,0.5069,0.1265,0.1906035989522934,0.0,0.0641035989522934,0.1906035989522934
Stereo_M0,M0,3518,R1234YF,[hmim],[Tf2N],343.21,0.6585,0.1648,0.22804981470108032,0.0,0.06324981470108032,0.22804981470108032
Stereo_M0,M0,3519,R1234YF,[hmim],[Tf2N],343.19,0.8529,0.2119,0.2878085672855377,0.0,0.07590856728553771,0.2878085672855377
Stereo_M0,M0,3520,R1234YF,[hmim],[Tf2N],353.11,0.1899,0.0376,0.08402993530035019,0.0,0.04642993530035019,0.08402993530035019
Stereo_M0,M0,3521,R1234YF,[hmim],[Tf2N],353.11,0.3811,0.0757,0.14035452902317047,0.0,0.06465452902317047,0.14035452902317047
Stereo_M0,M0,3522,R1234YF,[hmim],[Tf2N],353.19,0.5472,0.1121,0.18367454409599304,0.0,0.07157454409599304,0.18367454409599304
Stereo_M0,M0,3523,R1234YF,[hmim],[Tf2N],353.21,0.7125,0.1476,0.21441607177257538,0.0,0.06681607177257537,0.21441607177257538
Stereo_M0,M0,3524,R1234YF,[hmim],[Tf2N],353.21,0.9251,0.1904,0.28393611311912537,0.0,0.09353611311912535,0.28393611311912537
Stereo_M0,M0,3525,R1234ZE(E),[hmim],[Tf2N],293.12,0.0497,0.0565,0.15416167676448822,0.0,0.09766167676448823,0.15416167676448822
Stereo_M0,M0,3526,R1234ZE(E),[hmim],[Tf2N],292.98,0.1065,0.1263,0.18996933102607727,0.0,0.06366933102607727,0.18996933102607727
Stereo_M0,M0,3527,R1234ZE(E),[hmim],[Tf2N],293.1,0.1609,0.2017,0.22057822346687317,0.0,0.01887822346687318,0.22057822346687317
Stereo_M0,M0,3528,R1234ZE(E),[hmim],[Tf2N],293.1,0.2211999999999999,0.2816,0.25456076860427856,0.0,0.027039231395721453,0.25456076860427856
Stereo_M0,M0,3529,R1234ZE(E),[hmim],[Tf2N],293.1,0.2578999999999999,0.3312,0.2771841883659363,0.0,0.054015811634063715,0.2771841883659363
Stereo_M0,M0,3530,R1234ZE(E),[hmim],[Tf2N],303.15,0.0608,0.0498,0.13392096757888794,0.0,0.08412096757888794,0.13392096757888794
Stereo_M0,M0,3531,R1234ZE(E),[hmim],[Tf2N],303.13,0.1311,0.1135,0.170636385679245,0.0,0.05713638567924499,0.170636385679245
Stereo_M0,M0,3532,R1234ZE(E),[hmim],[Tf2N],303.34,0.2012,0.1833,0.20346687734127045,0.0,0.020166877341270456,0.20346687734127045
Stereo_M0,M0,3533,R1234ZE(E),[hmim],[Tf2N],303.23,0.2755,0.2609,0.23635992407798767,0.0,0.02454007592201235,0.23635992407798767
Stereo_M0,M0,3534,R1234ZE(E),[hmim],[Tf2N],303.15,0.3255,0.308,0.25968027114868164,0.0,0.048319728851318355,0.25968027114868164
Stereo_M0,M0,3535,R1234ZE(E),[hmim],[Tf2N],313.15,0.0727,0.0429,0.10707348585128784,0.0,0.06417348585128785,0.10707348585128784
Stereo_M0,M0,3536,R1234ZE(E),[hmim],[Tf2N],313.11,0.1571,0.1002,0.14474304020404816,0.0,0.04454304020404816,0.14474304020404816
Stereo_M0,M0,3537,R1234ZE(E),[hmim],[Tf2N],313.09,0.2414,0.1652,0.18092063069343567,0.0,0.015720630693435655,0.18092063069343567
Stereo_M0,M0,3538,R1234ZE(E),[hmim],[Tf2N],313.22,0.3352,0.2376,0.21445730328559875,0.0,0.02314269671440125,0.21445730328559875
Stereo_M0,M0,3539,R1234ZE(E),[hmim],[Tf2N],313.17,0.3983,0.2822,0.23583608865737915,0.0,0.046363911342620856,0.23583608865737915
Stereo_M0,M0,3540,R1234ZE(E),[hmim],[Tf2N],323.19,0.0852,0.038,0.08347053080797195,0.0,0.045470530807971955,0.08347053080797195
Stereo_M0,M0,3541,R1234ZE(E),[hmim],[Tf2N],324.14,0.1835,0.0876,0.1223674863576889,0.0,0.034767486357688906,0.1223674863576889
Stereo_M0,M0,3542,R1234ZE(E),[hmim],[Tf2N],323.09,0.2839,0.1463,0.15883764624595642,0.0,0.012537646245956408,0.15883764624595642
Stereo_M0,M0,3543,R1234ZE(E),[hmim],[Tf2N],323.21,0.3972,0.2133,0.1941598802804947,0.0,0.0191401197195053,0.1941598802804947
Stereo_M0,M0,3544,R1234ZE(E),[hmim],[Tf2N],323.18,0.4742,0.2548,0.2227553129196167,0.0,0.03204468708038333,0.2227553129196167
Stereo_M0,M0,3545,R1234ZE(E),[hmim],[Tf2N],333.2,0.0977,0.0334,0.06846827268600464,0.0,0.03506827268600464,0.06846827268600464
Stereo_M0,M0,3546,R1234ZE(E),[hmim],[Tf2N],333.17,0.2102,0.0745,0.11539328098297119,0.0,0.040893280982971195,0.11539328098297119
Stereo_M0,M0,3547,R1234ZE(E),[hmim],[Tf2N],333.11,0.3263,0.1279,0.1545899212360382,0.0,0.026689921236038194,0.1545899212360382
Stereo_M0,M0,3548,R1234ZE(E),[hmim],[Tf2N],333.21,0.4586,0.1895,0.19431479275226593,0.0,0.004814792752265928,0.19431479275226593
Stereo_M0,M0,3549,R1234ZE(E),[hmim],[Tf2N],333.2,0.55,0.2273,0.2265663594007492,0.0,0.0007336405992507955,0.2265663594007492
Stereo_M0,M0,3550,R1234ZE(E),[hmim],[Tf2N],343.2,0.1099,0.0274,0.06300529092550278,0.0,0.035605290925502776,0.06300529092550278
Stereo_M0,M0,3551,R1234ZE(E),[hmim],[Tf2N],343.18,0.2359,0.0629,0.11064647138118744,0.0,0.04774647138118744,0.11064647138118744
Stereo_M0,M0,3552,R1234ZE(E),[hmim],[Tf2N],343.11,0.3663,0.1114,0.15676672756671906,0.0,0.045366727566719056,0.15676672756671906
Stereo_M0,M0,3553,R1234ZE(E),[hmim],[Tf2N],343.22,0.5186000000000001,0.1666,0.1889384686946869,0.0,0.02233846869468689,0.1889384686946869
Stereo_M0,M0,3554,R1234ZE(E),[hmim],[Tf2N],343.21,0.6234,0.201,0.21781502664089203,0.0,0.016815026640892017,0.21781502664089203
Stereo_M0,M0,3555,R1234ZE(E),[hmim],[Tf2N],353.21,0.1221,0.0228,0.059557147324085236,0.0,0.036757147324085235,0.059557147324085236
Stereo_M0,M0,3556,R1234ZE(E),[hmim],[Tf2N],353.21,0.2612,0.0535,0.11142223328351974,0.0,0.057922233283519746,0.11142223328351974
Stereo_M0,M0,3557,R1234ZE(E),[hmim],[Tf2N],353.14,0.4066,0.0952,0.15355616807937622,0.0,0.058356168079376214,0.15355616807937622
Stereo_M0,M0,3558,R1234ZE(E),[hmim],[Tf2N],353.22,0.5758,0.1457,0.18501245975494385,0.0,0.03931245975494385,0.18501245975494385
Stereo_M0,M0,3559,R1234ZE(E),[hmim],[Tf2N],353.23,0.6937000000000001,0.1766,0.20949886739253998,0.0,0.03289886739253997,0.20949886739253998
Stereo_M0,M0,3560,R1233ZD(E),[hmim],[Tf2N],303.24,0.009,0.014,0.145267516374588,0.0,0.131267516374588,0.145267516374588
Stereo_M0,M0,3561,R1233ZD(E),[hmim],[Tf2N],303.16,0.02,0.027,0.15142497420310974,0.0,0.12442497420310974,0.15142497420310974
Stereo_M0,M0,3562,R1233ZD(E),[hmim],[Tf2N],303.15,0.032,0.045,0.1577412486076355,0.0,0.1127412486076355,0.1577412486076355
Stereo_M0,M0,3563,R1233ZD(E),[hmim],[Tf2N],303.33,0.048,0.068,0.16502058506011963,0.0,0.09702058506011962,0.16502058506011963
Stereo_M0,M0,3564,R1233ZD(E),[hmim],[Tf2N],303.12,0.064,0.092,0.1739252209663391,0.0,0.08192522096633911,0.1739252209663391
Stereo_M0,M0,3565,R1233ZD(E),[hmim],[Tf2N],303.23,0.081,0.113,0.181784987449646,0.0,0.06878498744964599,0.181784987449646
Stereo_M0,M0,3566,R1233ZD(E),[hmim],[Tf2N],313.15,0.01,0.014,0.10223831981420517,0.0,0.08823831981420517,0.10223831981420517
Stereo_M0,M0,3567,R1233ZD(E),[hmim],[Tf2N],313.13,0.022,0.026,0.10749349743127823,0.0,0.08149349743127823,0.10749349743127823
Stereo_M0,M0,3568,R1233ZD(E),[hmim],[Tf2N],313.15,0.036,0.042,0.113527812063694,0.0,0.07152781206369399,0.113527812063694
Stereo_M0,M0,3569,R1233ZD(E),[hmim],[Tf2N],313.13,0.053,0.065,0.12144947052001953,0.0,0.05644947052001953,0.12144947052001953
Stereo_M0,M0,3570,R1233ZD(E),[hmim],[Tf2N],313.15,0.071,0.089,0.12969841063022614,0.0,0.04069841063022614,0.12969841063022614
Stereo_M0,M0,3571,R1233ZD(E),[hmim],[Tf2N],313.13,0.09,0.109,0.13921494781970978,0.0,0.030214947819709778,0.13921494781970978
Stereo_M0,M0,3572,R1233ZD(E),[hmim],[Tf2N],323.16,0.012,0.012,0.07500386983156204,0.0,0.06300386983156205,0.07500386983156204
Stereo_M0,M0,3573,R1233ZD(E),[hmim],[Tf2N],323.15,0.025,0.024,0.08035095036029816,0.0,0.056350950360298156,0.08035095036029816
Stereo_M0,M0,3574,R1233ZD(E),[hmim],[Tf2N],323.15,0.041,0.04,0.08688843250274658,0.0,0.04688843250274658,0.08688843250274658
Stereo_M0,M0,3575,R1233ZD(E),[hmim],[Tf2N],323.17,0.06,0.062,0.09492255002260208,0.0,0.03292255002260208,0.09492255002260208
Stereo_M0,M0,3576,R1233ZD(E),[hmim],[Tf2N],323.15,0.081,0.084,0.10393308103084564,0.0,0.019933081030845637,0.10393308103084564
Stereo_M0,M0,3577,R1233ZD(E),[hmim],[Tf2N],323.15,0.102,0.104,0.1130533367395401,0.0,0.009053336739540105,0.1130533367395401
Stereo_M0,M0,3578,R1233ZD(E),[hmim],[Tf2N],333.16,0.014,0.011,0.05443495512008667,0.0,0.043434955120086674,0.05443495512008667
Stereo_M0,M0,3579,R1233ZD(E),[hmim],[Tf2N],333.17,0.029,0.022,0.061087414622306824,0.0,0.039087414622306825,0.061087414622306824
Stereo_M0,M0,3580,R1233ZD(E),[hmim],[Tf2N],333.16,0.047,0.037,0.06857174634933472,0.0,0.03157174634933472,0.06857174634933472
Stereo_M0,M0,3581,R1233ZD(E),[hmim],[Tf2N],333.17,0.068,0.058,0.07706137001514435,0.0,0.019061370015144345,0.07706137001514435
Stereo_M0,M0,3582,R1233ZD(E),[hmim],[Tf2N],333.16,0.092,0.079,0.08652183413505554,0.0,0.007521834135055541,0.08652183413505554
Stereo_M0,M0,3583,R1233ZD(E),[hmim],[Tf2N],333.18,0.115,0.098,0.09451322257518768,0.0,0.0034867774248123207,0.09451322257518768
Stereo_M0,M0,3584,R1233ZD(E),[hmim],[Tf2N],343.16,0.017,0.01,0.037251606583595276,0.0,0.027251606583595274,0.037251606583595276
Stereo_M0,M0,3585,R1233ZD(E),[hmim],[Tf2N],343.16,0.033,0.02,0.044234372675418854,0.0,0.024234372675418853,0.044234372675418854
Stereo_M0,M0,3586,R1233ZD(E),[hmim],[Tf2N],343.16,0.053,0.034,0.052156731486320496,0.0,0.018156731486320493,0.052156731486320496
Stereo_M0,M0,3587,R1233ZD(E),[hmim],[Tf2N],343.17,0.078,0.054,0.06169680505990982,0.0,0.007696805059909821,0.06169680505990982
Stereo_M0,M0,3588,R1233ZD(E),[hmim],[Tf2N],343.17,0.104,0.074,0.07192819565534592,0.0,0.0020718043446540796,0.07192819565534592
Stereo_M0,M0,3589,R1233ZD(E),[hmim],[Tf2N],343.15,0.13,0.092,0.08229389041662216,0.0,0.009706109583377837,0.08229389041662216
Stereo_M0,M0,3590,R1234YF,[omim],[BF4],283.15,0.0548,0.0292,0.16188721358776093,0.0,0.13268721358776092,0.16188721358776093
Stereo_M0,M0,3591,R1234YF,[omim],[BF4],283.15,0.1023,0.0541,0.1776643693447113,0.0,0.1235643693447113,0.1776643693447113
Stereo_M0,M0,3592,R1234YF,[omim],[BF4],283.15,0.1492,0.0781,0.19122803211212158,0.0,0.11312803211212158,0.19122803211212158
Stereo_M0,M0,3593,R1234YF,[omim],[BF4],283.15,0.1929,0.1018,0.20500877499580383,0.0,0.10320877499580383,0.20500877499580383
Stereo_M0,M0,3594,R1234YF,[omim],[BF4],283.15,0.2337,0.1292,0.2168588787317276,0.0,0.08765887873172759,0.2168588787317276
Stereo_M0,M0,3595,R1234YF,[omim],[BF4],283.15,0.2759,0.1552,0.22943517565727234,0.0,0.07423517565727233,0.22943517565727234
Stereo_M0,M0,3596,R1234YF,[omim],[BF4],283.15,0.3145,0.1847,0.24128127098083496,0.0,0.05658127098083496,0.24128127098083496
Stereo_M0,M0,3597,R1234YF,[omim],[BF4],293.15,0.0576,0.0264,0.1279529631137848,0.0,0.10155296311378478,0.1279529631137848
Stereo_M0,M0,3598,R1234YF,[omim],[BF4],293.15,0.108,0.0474,0.1410989761352539,0.0,0.09369897613525391,0.1410989761352539
Stereo_M0,M0,3599,R1234YF,[omim],[BF4],293.15,0.1576,0.0683,0.1528272181749344,0.0,0.08452721817493439,0.1528272181749344
Stereo_M0,M0,3600,R1234YF,[omim],[BF4],293.15,0.2047,0.0877,0.16302897036075592,0.0,0.07532897036075592,0.16302897036075592
Stereo_M0,M0,3601,R1234YF,[omim],[BF4],293.15,0.2497,0.1075,0.17292390763759613,0.0,0.06542390763759613,0.17292390763759613
Stereo_M0,M0,3602,R1234YF,[omim],[BF4],293.15,0.2958,0.1279,0.1859215497970581,0.0,0.05802154979705809,0.1859215497970581
Stereo_M0,M0,3603,R1234YF,[omim],[BF4],293.15,0.3393,0.149,0.19926586747169495,0.0,0.05026586747169495,0.19926586747169495
Stereo_M0,M0,3604,R1234YF,[omim],[BF4],303.15,0.0608,0.0223,0.08945287019014359,0.0,0.06715287019014358,0.08945287019014359
Stereo_M0,M0,3605,R1234YF,[omim],[BF4],303.15,0.1143,0.039,0.10297556221485138,0.0,0.06397556221485137,0.10297556221485138
Stereo_M0,M0,3606,R1234YF,[omim],[BF4],303.15,0.1671,0.0556,0.11637066304683685,0.0,0.060770663046836856,0.11637066304683685
Stereo_M0,M0,3607,R1234YF,[omim],[BF4],303.15,0.2171,0.0717,0.12853875756263733,0.0,0.05683875756263733,0.12853875756263733
Stereo_M0,M0,3608,R1234YF,[omim],[BF4],303.15,0.2652,0.0882,0.14031681418418884,0.0,0.05211681418418884,0.14031681418418884
Stereo_M0,M0,3609,R1234YF,[omim],[BF4],303.15,0.3149,0.1041,0.15097492933273315,0.0,0.046874929332733156,0.15097492933273315
Stereo_M0,M0,3610,R1234YF,[omim],[BF4],303.15,0.3617,0.1203,0.1609971523284912,0.0,0.04069715232849121,0.1609971523284912
Stereo_M0,M0,3611,R1234YF,[omim],[BF4],313.15,0.0637,0.0193,0.06164877116680145,0.0,0.042348771166801455,0.06164877116680145
Stereo_M0,M0,3612,R1234YF,[omim],[BF4],313.15,0.12,0.0329,0.07615471631288528,0.0,0.043254716312885286,0.07615471631288528
Stereo_M0,M0,3613,R1234YF,[omim],[BF4],313.15,0.1754,0.0472,0.08811817318201065,0.0,0.04091817318201065,0.08811817318201065
Stereo_M0,M0,3614,R1234YF,[omim],[BF4],313.15,0.2283,0.0607,0.09759426862001419,0.0,0.036894268620014194,0.09759426862001419
Stereo_M0,M0,3615,R1234YF,[omim],[BF4],313.15,0.2793,0.0741,0.10568784177303314,0.0,0.03158784177303314,0.10568784177303314
Stereo_M0,M0,3616,R1234YF,[omim],[BF4],313.15,0.3319,0.0879,0.11381904035806656,0.0,0.025919040358066553,0.11381904035806656
Stereo_M0,M0,3617,R1234YF,[omim],[BF4],313.15,0.3823,0.1017,0.12262424826622009,0.0,0.020924248266220094,0.12262424826622009
Stereo_M0,M0,3618,R1234YF,[omim],[BF4],323.15,0.0668,0.016,0.03591056913137436,0.0,0.01991056913137436,0.03591056913137436
Stereo_M0,M0,3619,R1234YF,[omim],[BF4],323.15,0.1256,0.0276,0.049121879041194916,0.0,0.021521879041194916,0.049121879041194916
Stereo_M0,M0,3620,R1234YF,[omim],[BF4],323.15,0.1838,0.0395,0.05866974592208862,0.0,0.019169745922088623,0.05866974592208862
Stereo_M0,M0,3621,R1234YF,[omim],[BF4],323.15,0.2393,0.0509,0.06855808943510056,0.0,0.017658089435100555,0.06855808943510056
Stereo_M0,M0,3622,R1234YF,[omim],[BF4],323.15,0.2928,0.0625,0.07733228802680969,0.0,0.014832288026809692,0.07733228802680969
Stereo_M0,M0,3623,R1234YF,[omim],[BF4],323.15,0.3483,0.0742,0.08516675233840942,0.0,0.010966752338409422,0.08516675233840942
Stereo_M0,M0,3624,R1234YF,[omim],[BF4],323.15,0.4014,0.0859,0.09192875772714615,0.0,0.0060287577271461446,0.09192875772714615
Stereo_M0,M0,3625,R1234YF,[omim],[BF4],333.15,0.0697,0.0134,0.00930055882781744,0.0,0.00409944117218256,0.00930055882781744
Stereo_M0,M0,3626,R1234YF,[omim],[BF4],333.15,0.131,0.0235,0.02243886888027191,0.0,0.0010611311197280884,0.02243886888027191
Stereo_M0,M0,3627,R1234YF,[omim],[BF4],333.15,0.1916,0.034,0.03351219743490219,0.0,0.0004878025650978113,0.03351219743490219
Stereo_M0,M0,3628,R1234YF,[omim],[BF4],333.15,0.2496,0.0439,0.04419870674610138,0.0,0.0002987067461013779,0.04419870674610138
Stereo_M0,M0,3629,R1234YF,[omim],[BF4],333.15,0.3056,0.054,0.055553823709487915,0.0,0.0015538237094879156,0.055553823709487915
Stereo_M0,M0,3630,R1234YF,[omim],[BF4],333.15,0.3639,0.0641,0.06519688665866852,0.0,0.0010968866586685139,0.06519688665866852
Stereo_M0,M0,3631,R1234YF,[omim],[BF4],333.15,0.4196,0.0743,0.07426454871892929,0.0,3.545128107071416e-05,0.07426454871892929
Stereo_M0,M0,3632,R1234YF,[omim],[BF4],343.15,0.0725,0.0108,0.0,0.0,0.0108,0.0
Stereo_M0,M0,3633,R1234YF,[omim],[BF4],343.15,0.1361,0.0201,0.0,0.0,0.0201,0.0
Stereo_M0,M0,3634,R1234YF,[omim],[BF4],343.15,0.1993,0.0291,0.013334392569959164,0.0,0.015765607430040837,0.013334392569959164
Stereo_M0,M0,3635,R1234YF,[omim],[BF4],343.15,0.2598,0.0375,0.025210708379745483,0.0,0.012289291620254515,0.025210708379745483
Stereo_M0,M0,3636,R1234YF,[omim],[BF4],343.15,0.3185,0.0458,0.03699963539838791,0.0,0.008800364601612091,0.03699963539838791
Stereo_M0,M0,3637,R1234YF,[omim],[BF4],343.15,0.3793,0.0546,0.04735974222421646,0.0,0.0072402577757835415,0.04735974222421646
Stereo_M0,M0,3638,R1234YF,[omim],[BF4],343.15,0.4379,0.0628,0.052304379642009735,0.0,0.01049562035799026,0.052304379642009735
Stereo_M0,M0,3639,R1234ZE(E),[omim],[BF4],283.15,0.045,0.0595,0.08649890869855881,0.0,0.02699890869855881,0.08649890869855881
Stereo_M0,M0,3640,R1234ZE(E),[omim],[BF4],283.15,0.082,0.1144,0.10575270652770996,0.0,0.00864729347229004,0.10575270652770996
Stereo_M0,M0,3641,R1234ZE(E),[omim],[BF4],283.15,0.117,0.1692,0.12365692853927612,0.0,0.045543071460723866,0.12365692853927612
Stereo_M0,M0,3642,R1234ZE(E),[omim],[BF4],283.15,0.15,0.2204,0.14056986570358276,0.0,0.07983013429641725,0.14056986570358276
Stereo_M0,M0,3643,R1234ZE(E),[omim],[BF4],283.15,0.181,0.2689,0.15598422288894653,0.0,0.11291577711105344,0.15598422288894653
Stereo_M0,M0,3644,R1234ZE(E),[omim],[BF4],283.15,0.211,0.3176,0.17046819627285004,0.0,0.14713180372714996,0.17046819627285004
Stereo_M0,M0,3645,R1234ZE(E),[omim],[BF4],283.15,0.236,0.3614,0.1827542781829834,0.0,0.1786457218170166,0.1827542781829834
Stereo_M0,M0,3646,R1234ZE(E),[omim],[BF4],293.15,0.049,0.0529,0.06485449522733688,0.0,0.011954495227336881,0.06485449522733688
Stereo_M0,M0,3647,R1234ZE(E),[omim],[BF4],293.15,0.091,0.0984,0.08457130938768387,0.0,0.013828690612316133,0.08457130938768387
Stereo_M0,M0,3648,R1234ZE(E),[omim],[BF4],293.15,0.133,0.1406,0.10231718420982361,0.0,0.038282815790176394,0.10231718420982361
Stereo_M0,M0,3649,R1234ZE(E),[omim],[BF4],293.15,0.173,0.183,0.11697110533714294,0.0,0.06602889466285705,0.11697110533714294
Stereo_M0,M0,3650,R1234ZE(E),[omim],[BF4],293.15,0.211,0.223,0.12914155423641205,0.0,0.09385844576358796,0.12914155423641205
Stereo_M0,M0,3651,R1234ZE(E),[omim],[BF4],293.15,0.248,0.265,0.14042556285858154,0.0,0.12457443714141847,0.14042556285858154
Stereo_M0,M0,3652,R1234ZE(E),[omim],[BF4],293.15,0.281,0.3032,0.15338289737701416,0.0,0.14981710262298586,0.15338289737701416
Stereo_M0,M0,3653,R1234ZE(E),[omim],[BF4],303.15,0.053,0.045,0.0510396733880043,0.0,0.006039673388004305,0.0510396733880043
Stereo_M0,M0,3654,R1234ZE(E),[omim],[BF4],303.15,0.101,0.0805,0.06797721982002258,0.0,0.012522780179977419,0.06797721982002258
Stereo_M0,M0,3655,R1234ZE(E),[omim],[BF4],303.15,0.148,0.1153,0.08247720450162888,0.0,0.032822795498371124,0.08247720450162888
Stereo_M0,M0,3656,R1234ZE(E),[omim],[BF4],303.15,0.194,0.1502,0.09358485788106918,0.0,0.05661514211893082,0.09358485788106918
Stereo_M0,M0,3657,R1234ZE(E),[omim],[BF4],303.15,0.237,0.1835,0.10289771854877472,0.0,0.08060228145122528,0.10289771854877472
Stereo_M0,M0,3658,R1234ZE(E),[omim],[BF4],303.15,0.28,0.2189,0.11196626722812653,0.0,0.10693373277187349,0.11196626722812653
Stereo_M0,M0,3659,R1234ZE(E),[omim],[BF4],303.15,0.32,0.2513,0.12198212742805481,0.0,0.1293178725719452,0.12198212742805481
Stereo_M0,M0,3660,R1234ZE(E),[omim],[BF4],313.15,0.058,0.0368,0.028000403195619583,0.0,0.008799596804380416,0.028000403195619583
Stereo_M0,M0,3661,R1234ZE(E),[omim],[BF4],313.15,0.11,0.0658,0.04362095147371292,0.0,0.022179048526287076,0.04362095147371292
Stereo_M0,M0,3662,R1234ZE(E),[omim],[BF4],313.15,0.161,0.0948,0.05561061203479767,0.0,0.03918938796520233,0.05561061203479767
Stereo_M0,M0,3663,R1234ZE(E),[omim],[BF4],313.15,0.212,0.1236,0.0651545599102974,0.0,0.05844544008970261,0.0651545599102974
Stereo_M0,M0,3664,R1234ZE(E),[omim],[BF4],313.15,0.26,0.1513,0.07323454320430756,0.0,0.07806545679569243,0.07323454320430756
Stereo_M0,M0,3665,R1234ZE(E),[omim],[BF4],313.15,0.309,0.1804,0.0808534324169159,0.0,0.09954656758308411,0.0808534324169159
Stereo_M0,M0,3666,R1234ZE(E),[omim],[BF4],313.15,0.354,0.2067,0.09031053632497787,0.0,0.11638946367502212,0.09031053632497787
Stereo_M0,M0,3667,R1234ZE(E),[omim],[BF4],323.15,0.062,0.0302,0.0058042025193572044,0.0,0.024395797480642797,0.0058042025193572044
Stereo_M0,M0,3668,R1234ZE(E),[omim],[BF4],323.15,0.118,0.0544,0.021041203290224075,0.0,0.03335879670977592,0.021041203290224075
Stereo_M0,M0,3669,R1234ZE(E),[omim],[BF4],323.15,0.173,0.0784,0.031418874859809875,0.0,0.04698112514019012,0.031418874859809875
Stereo_M0,M0,3670,R1234ZE(E),[omim],[BF4],323.15,0.227,0.1025,0.04077232629060745,0.0,0.06172767370939254,0.04077232629060745
Stereo_M0,M0,3671,R1234ZE(E),[omim],[BF4],323.15,0.279,0.126,0.05249728262424469,0.0,0.07350271737575531,0.05249728262424469
Stereo_M0,M0,3672,R1234ZE(E),[omim],[BF4],323.15,0.334,0.1498,0.06615879386663437,0.0,0.08364120613336562,0.06615879386663437
Stereo_M0,M0,3673,R1234ZE(E),[omim],[BF4],323.15,0.383,0.1722,0.0777934268116951,0.0,0.0944065731883049,0.0777934268116951
Stereo_M0,M0,3674,R1234ZE(E),[omim],[BF4],333.15,0.066,0.0246,0.0,0.0,0.0246,0.0
Stereo_M0,M0,3675,R1234ZE(E),[omim],[BF4],333.15,0.125,0.0451,0.00804614182561636,0.0,0.03705385817438364,0.00804614182561636
Stereo_M0,M0,3676,R1234ZE(E),[omim],[BF4],333.15,0.184,0.0657,0.02267014980316162,0.0,0.04302985019683837,0.02267014980316162
Stereo_M0,M0,3677,R1234ZE(E),[omim],[BF4],333.15,0.242,0.0856,0.03376862406730652,0.0,0.05183137593269348,0.03376862406730652
Stereo_M0,M0,3678,R1234ZE(E),[omim],[BF4],333.15,0.298,0.1053,0.042196325957775116,0.0,0.06310367404222489,0.042196325957775116
Stereo_M0,M0,3679,R1234ZE(E),[omim],[BF4],333.15,0.356,0.1257,0.05248548835515976,0.0,0.07321451164484025,0.05248548835515976
Stereo_M0,M0,3680,R1234ZE(E),[omim],[BF4],333.15,0.409,0.1447,0.06184033304452896,0.0,0.08285966695547103,0.06184033304452896
Stereo_M0,M0,3681,R1234ZE(E),[omim],[BF4],343.15,0.07,0.02,0.0,0.0,0.02,0.0
Stereo_M0,M0,3682,R1234ZE(E),[omim],[BF4],343.15,0.132,0.0375,0.0,0.0,0.0375,0.0
Stereo_M0,M0,3683,R1234ZE(E),[omim],[BF4],343.15,0.194,0.0545,0.002876824699342251,0.0,0.05162317530065775,0.002876824699342251
Stereo_M0,M0,3684,R1234ZE(E),[omim],[BF4],343.15,0.256,0.0716,0.015119909308850765,0.0,0.05648009069114923,0.015119909308850765
Stereo_M0,M0,3685,R1234ZE(E),[omim],[BF4],343.15,0.315,0.0881,0.02554052323102951,0.0,0.06255947676897049,0.02554052323102951
Stereo_M0,M0,3686,R1234ZE(E),[omim],[BF4],343.15,0.377,0.105,0.03772800415754318,0.0,0.06727199584245681,0.03772800415754318
Stereo_M0,M0,3687,R1234ZE(E),[omim],[BF4],343.15,0.433,0.1209,0.0473983958363533,0.0,0.07350160416364669,0.0473983958363533
Stereo_M0,M0,3688,R1234YF,[omim],[PF6],283.15,0.0538,0.0317,0.18768206238746643,0.0,0.15598206238746642,0.18768206238746643
Stereo_M0,M0,3689,R1234YF,[omim],[PF6],283.15,0.1016,0.0613,0.206743061542511,0.0,0.145443061542511,0.206743061542511
Stereo_M0,M0,3690,R1234YF,[omim],[PF6],283.15,0.1432,0.0842,0.22252124547958374,0.0,0.13832124547958374,0.22252124547958374
Stereo_M0,M0,3691,R1234YF,[omim],[PF6],283.15,0.1907,0.1098,0.23970237374305725,0.0,0.12990237374305724,0.23970237374305725
Stereo_M0,M0,3692,R1234YF,[omim],[PF6],283.15,0.2314,0.1376,0.2544317841529846,0.0,0.11683178415298462,0.2544317841529846
Stereo_M0,M0,3693,R1234YF,[omim],[PF6],283.15,0.2729,0.1652,0.26856929063796997,0.0,0.10336929063796996,0.26856929063796997
Stereo_M0,M0,3694,R1234YF,[omim],[PF6],283.15,0.3112,0.1894,0.2805951237678528,0.0,0.09119512376785277,0.2805951237678528
Stereo_M0,M0,3695,R1234YF,[omim],[PF6],293.15,0.0568,0.026,0.1586819589138031,0.0,0.1326819589138031,0.1586819589138031
Stereo_M0,M0,3696,R1234YF,[omim],[PF6],293.15,0.1074,0.0497,0.17433026432991028,0.0,0.12463026432991028,0.17433026432991028
Stereo_M0,M0,3697,R1234YF,[omim],[PF6],293.15,0.1573,0.0692,0.18868640065193176,0.0,0.11948640065193177,0.18868640065193176
Stereo_M0,M0,3698,R1234YF,[omim],[PF6],293.15,0.2037,0.0917,0.20141303539276123,0.0,0.10971303539276123,0.20141303539276123
Stereo_M0,M0,3699,R1234YF,[omim],[PF6],293.15,0.2489,0.1116,0.2131308913230896,0.0,0.1015308913230896,0.2131308913230896
Stereo_M0,M0,3700,R1234YF,[omim],[PF6],293.15,0.2938,0.1354,0.22547395527362823,0.0,0.09007395527362824,0.22547395527362823
Stereo_M0,M0,3701,R1234YF,[omim],[PF6],293.15,0.3382,0.1547,0.2388264685869217,0.0,0.08412646858692169,0.2388264685869217
Stereo_M0,M0,3702,R1234YF,[omim],[PF6],303.15,0.0597,0.0219,0.11980971693992615,0.0,0.09790971693992614,0.11980971693992615
Stereo_M0,M0,3703,R1234YF,[omim],[PF6],303.15,0.1136,0.0417,0.13293388485908508,0.0,0.09123388485908508,0.13293388485908508
Stereo_M0,M0,3704,R1234YF,[omim],[PF6],303.15,0.1663,0.0586,0.1462608277797699,0.0,0.0876608277797699,0.1462608277797699
Stereo_M0,M0,3705,R1234YF,[omim],[PF6],303.15,0.2161,0.0765,0.1575300544500351,0.0,0.0810300544500351,0.1575300544500351
Stereo_M0,M0,3706,R1234YF,[omim],[PF6],303.15,0.2644,0.0928,0.1693020910024643,0.0,0.0765020910024643,0.1693020910024643
Stereo_M0,M0,3707,R1234YF,[omim],[PF6],303.15,0.3132,0.1118,0.1819552183151245,0.0,0.07015521831512452,0.1819552183151245
Stereo_M0,M0,3708,R1234YF,[omim],[PF6],303.15,0.3606,0.1279,0.19505935907363892,0.0,0.0671593590736389,0.19505935907363892
Stereo_M0,M0,3709,R1234YF,[omim],[PF6],313.15,0.0625,0.0182,0.08249316364526749,0.0,0.06429316364526749,0.08249316364526749
Stereo_M0,M0,3710,R1234YF,[omim],[PF6],313.15,0.1233,0.0358,0.10097624361515045,0.0,0.06517624361515045,0.10097624361515045
Stereo_M0,M0,3711,R1234YF,[omim],[PF6],313.15,0.1748,0.0502,0.11522334814071655,0.0,0.06502334814071656,0.11522334814071655
Stereo_M0,M0,3712,R1234YF,[omim],[PF6],313.15,0.2276,0.0647,0.12698887288570404,0.0,0.06228887288570405,0.12698887288570404
Stereo_M0,M0,3713,R1234YF,[omim],[PF6],313.15,0.2788,0.0784,0.13827572762966156,0.0,0.05987572762966156,0.13827572762966156
Stereo_M0,M0,3714,R1234YF,[omim],[PF6],313.15,0.331,0.0933,0.14986395835876465,0.0,0.056563958358764654,0.14986395835876465
Stereo_M0,M0,3715,R1234YF,[omim],[PF6],313.15,0.3816,0.1066,0.16101986169815063,0.0,0.054419861698150634,0.16101986169815063
Stereo_M0,M0,3716,R1234YF,[omim],[PF6],323.15,0.0654,0.0158,0.05829121917486191,0.0,0.042491219174861906,0.05829121917486191
Stereo_M0,M0,3717,R1234YF,[omim],[PF6],323.15,0.127,0.0305,0.07446444779634476,0.0,0.04396444779634476,0.07446444779634476
Stereo_M0,M0,3718,R1234YF,[omim],[PF6],323.15,0.1832,0.0424,0.08762460947036743,0.0,0.04522460947036743,0.08762460947036743
Stereo_M0,M0,3719,R1234YF,[omim],[PF6],323.15,0.2386,0.0552,0.09952597320079803,0.0,0.044325973200798036,0.09952597320079803
Stereo_M0,M0,3720,R1234YF,[omim],[PF6],323.15,0.2924,0.0671,0.10936218500137329,0.0,0.042262185001373284,0.10936218500137329
Stereo_M0,M0,3721,R1234YF,[omim],[PF6],323.15,0.3474,0.0794,0.11945940554141998,0.0,0.040059405541419985,0.11945940554141998
Stereo_M0,M0,3722,R1234YF,[omim],[PF6],323.15,0.4011,0.0908,0.12958800792694092,0.0,0.03878800792694091,0.12958800792694092
Stereo_M0,M0,3723,R1234YF,[omim],[PF6],333.15,0.0683,0.0138,0.030922383069992065,0.0,0.017122383069992066,0.030922383069992065
Stereo_M0,M0,3724,R1234YF,[omim],[PF6],333.15,0.1304,0.0262,0.049048081040382385,0.0,0.022848081040382384,0.049048081040382385
Stereo_M0,M0,3725,R1234YF,[omim],[PF6],333.15,0.1911,0.0366,0.06377993524074554,0.0,0.027179935240745544,0.06377993524074554
Stereo_M0,M0,3726,R1234YF,[omim],[PF6],333.15,0.2491,0.0476,0.0758267492055893,0.0,0.02822674920558929,0.0758267492055893
Stereo_M0,M0,3727,R1234YF,[omim],[PF6],333.15,0.3056,0.0583,0.08751504123210907,0.0,0.029215041232109072,0.08751504123210907
Stereo_M0,M0,3728,R1234YF,[omim],[PF6],333.15,0.3634,0.0688,0.09746341407299042,0.0,0.028663414072990417,0.09746341407299042
Stereo_M0,M0,3729,R1234YF,[omim],[PF6],333.15,0.4196,0.0785,0.10420030355453491,0.0,0.025700303554534912,0.10420030355453491
Stereo_M0,M0,3730,R1234YF,[omim],[PF6],343.15,0.0731,0.0125,0.008712372742593288,0.0,0.0037876272574067123,0.008712372742593288
Stereo_M0,M0,3731,R1234YF,[omim],[PF6],343.15,0.1358,0.0221,0.026681020855903625,0.0,0.004581020855903624,0.026681020855903625
Stereo_M0,M0,3732,R1234YF,[omim],[PF6],343.15,0.1988,0.0316,0.04371786117553711,0.0,0.012117861175537106,0.04371786117553711
Stereo_M0,M0,3733,R1234YF,[omim],[PF6],343.15,0.2595,0.0415,0.057312458753585815,0.0,0.015812458753585813,0.057312458753585815
Stereo_M0,M0,3734,R1234YF,[omim],[PF6],343.15,0.3184,0.0528,0.06744518876075745,0.0,0.014645188760757447,0.06744518876075745
Stereo_M0,M0,3735,R1234YF,[omim],[PF6],343.15,0.379,0.0599,0.07564651221036911,0.0,0.015746512210369108,0.07564651221036911
Stereo_M0,M0,3736,R1234YF,[omim],[PF6],343.15,0.4377,0.0689,0.08024654537439346,0.0,0.01134654537439346,0.08024654537439346
Stereo_M0,M0,3737,R1234ZE(E),[omim],[PF6],283.15,0.085,0.1265,0.14068612456321716,0.0,0.014186124563217162,0.14068612456321716
Stereo_M0,M0,3738,R1234ZE(E),[omim],[PF6],283.15,0.1231,0.183,0.16190652549266815,0.0,0.021093474507331844,0.16190652549266815
Stereo_M0,M0,3739,R1234ZE(E),[omim],[PF6],283.15,0.1575,0.238,0.1813890039920807,0.0,0.0566109960079193,0.1813890039920807
Stereo_M0,M0,3740,R1234ZE(E),[omim],[PF6],283.15,0.1903,0.2865,0.2011978030204773,0.0,0.08530219697952268,0.2011978030204773
Stereo_M0,M0,3741,R1234ZE(E),[omim],[PF6],283.15,0.221,0.3378,0.2191457450389862,0.0,0.11865425496101378,0.2191457450389862
Stereo_M0,M0,3742,R1234ZE(E),[omim],[PF6],283.15,0.2477,0.3877,0.23351578414440155,0.0,0.15418421585559844,0.23351578414440155
Stereo_M0,M0,3743,R1234ZE(E),[omim],[PF6],293.15,0.0941,0.1069,0.1177222728729248,0.0,0.01082227287292481,0.1177222728729248
Stereo_M0,M0,3744,R1234ZE(E),[omim],[PF6],293.15,0.1387,0.1504,0.13768556714057922,0.0,0.012714432859420782,0.13768556714057922
Stereo_M0,M0,3745,R1234ZE(E),[omim],[PF6],293.15,0.1804,0.1925,0.15538553893566132,0.0,0.03711446106433869,0.15538553893566132
Stereo_M0,M0,3746,R1234ZE(E),[omim],[PF6],293.15,0.2182,0.2364,0.16998785734176636,0.0,0.06641214265823364,0.16998785734176636
Stereo_M0,M0,3747,R1234ZE(E),[omim],[PF6],293.15,0.2566,0.2791,0.18339534103870392,0.0,0.0957046589612961,0.18339534103870392
Stereo_M0,M0,3748,R1234ZE(E),[omim],[PF6],293.15,0.2917,0.3215,0.19770528376102448,0.0,0.12379471623897553,0.19770528376102448
Stereo_M0,M0,3749,R1234ZE(E),[omim],[PF6],303.15,0.1034,0.0872,0.09912541508674622,0.0,0.011925415086746216,0.09912541508674622
Stereo_M0,M0,3750,R1234ZE(E),[omim],[PF6],303.15,0.1527,0.1228,0.11679768562316895,0.0,0.006002314376831061,0.11679768562316895
Stereo_M0,M0,3751,R1234ZE(E),[omim],[PF6],303.15,0.1991,0.1578,0.12975452840328217,0.0,0.02804547159671783,0.12975452840328217
Stereo_M0,M0,3752,R1234ZE(E),[omim],[PF6],303.15,0.2427,0.1931,0.13828954100608826,0.0,0.05481045899391174,0.13828954100608826
Stereo_M0,M0,3753,R1234ZE(E),[omim],[PF6],303.15,0.2869,0.229,0.14900556206703186,0.0,0.07999443793296815,0.14900556206703186
Stereo_M0,M0,3754,R1234ZE(E),[omim],[PF6],303.15,0.3284,0.2648,0.16017958521842957,0.0,0.10462041478157041,0.16017958521842957
Stereo_M0,M0,3755,R1234ZE(E),[omim],[PF6],313.15,0.112,0.0704,0.0733623281121254,0.0,0.0029623281121253925,0.0733623281121254
Stereo_M0,M0,3756,R1234ZE(E),[omim],[PF6],313.15,0.1648,0.1014,0.08671221137046814,0.0,0.014687788629531864,0.08671221137046814
Stereo_M0,M0,3757,R1234ZE(E),[omim],[PF6],313.15,0.2154,0.1305,0.09496709704399109,0.0,0.035532902956008916,0.09496709704399109
Stereo_M0,M0,3758,R1234ZE(E),[omim],[PF6],313.15,0.2636,0.1595,0.10089488327503204,0.0,0.05860511672496796,0.10089488327503204
Stereo_M0,M0,3759,R1234ZE(E),[omim],[PF6],313.15,0.3129,0.1885,0.1073676273226738,0.0,0.0811323726773262,0.1073676273226738
Stereo_M0,M0,3760,R1234ZE(E),[omim],[PF6],313.15,0.3594,0.2189,0.11514673382043839,0.0,0.10375326617956163,0.11514673382043839
Stereo_M0,M0,3761,R1234ZE(E),[omim],[PF6],323.15,0.1191,0.0592,0.04832041263580322,0.0,0.01087958736419678,0.04832041263580322
Stereo_M0,M0,3762,R1234ZE(E),[omim],[PF6],323.15,0.1757,0.0847,0.060616254806518555,0.0,0.024083745193481443,0.060616254806518555
Stereo_M0,M0,3763,R1234ZE(E),[omim],[PF6],323.15,0.2304,0.1077,0.06887951493263245,0.0,0.03882048506736756,0.06887951493263245
Stereo_M0,M0,3764,R1234ZE(E),[omim],[PF6],323.15,0.2821,0.1328,0.0767737329006195,0.0,0.056026267099380495,0.0767737329006195
Stereo_M0,M0,3765,R1234ZE(E),[omim],[PF6],323.15,0.3356,0.157,0.08670127391815186,0.0,0.07029872608184815,0.08670127391815186
Stereo_M0,M0,3766,R1234ZE(E),[omim],[PF6],323.15,0.3863,0.1827,0.09716794639825821,0.0,0.08553205360174179,0.09716794639825821
Stereo_M0,M0,3767,R1234ZE(E),[omim],[PF6],333.15,0.1259,0.0499,0.033950306475162506,0.0,0.015949693524837494,0.033950306475162506
Stereo_M0,M0,3768,R1234ZE(E),[omim],[PF6],333.15,0.186,0.0705,0.04738973081111908,0.0,0.023110269188880914,0.04738973081111908
Stereo_M0,M0,3769,R1234ZE(E),[omim],[PF6],333.15,0.2437,0.0907,0.060140326619148254,0.0,0.03055967338085175,0.060140326619148254
Stereo_M0,M0,3770,R1234ZE(E),[omim],[PF6],333.15,0.299,0.1115,0.06861156225204468,0.0,0.042888437747955324,0.06861156225204468
Stereo_M0,M0,3771,R1234ZE(E),[omim],[PF6],333.15,0.356,0.1321,0.07695013284683228,0.0,0.05514986715316772,0.07695013284683228
Stereo_M0,M0,3772,R1234ZE(E),[omim],[PF6],333.15,0.4106,0.1539,0.08666256815195084,0.0,0.06723743184804917,0.08666256815195084
Stereo_M0,M0,3773,R1234ZE(E),[omim],[PF6],343.15,0.1328,0.0403,0.022796884179115295,0.0,0.017503115820884707,0.022796884179115295
Stereo_M0,M0,3774,R1234ZE(E),[omim],[PF6],343.15,0.1959,0.0582,0.03534483164548874,0.0,0.022855168354511263,0.03534483164548874
Stereo_M0,M0,3775,R1234ZE(E),[omim],[PF6],343.15,0.2563,0.0765,0.0461713969707489,0.0,0.030328603029251097,0.0461713969707489
Stereo_M0,M0,3776,R1234ZE(E),[omim],[PF6],343.15,0.315,0.0934,0.055016860365867615,0.0,0.03838313963413238,0.055016860365867615
Stereo_M0,M0,3777,R1234ZE(E),[omim],[PF6],343.15,0.3753,0.112,0.06528293341398239,0.0,0.04671706658601761,0.06528293341398239
Stereo_M0,M0,3778,R1234ZE(E),[omim],[PF6],343.15,0.434,0.1281,0.07568079978227615,0.0,0.05241920021772384,0.07568079978227615
Stereo_M0,M0,3779,R1234YF,[P66614],[Cl],283.15,0.064,0.158,0.29256439208984375,0.0,0.13456439208984375,0.29256439208984375
Stereo_M0,M0,3780,R1234YF,[P66614],[Cl],283.15,0.13,0.299,0.316106915473938,0.0,0.017106915473938,0.316106915473938
Stereo_M0,M0,3781,R1234YF,[P66614],[Cl],283.15,0.18,0.38,0.33344194293022156,0.0,0.04655805706977845,0.33344194293022156
Stereo_M0,M0,3782,R1234YF,[P66614],[Cl],283.15,0.233,0.456,0.3515970706939697,0.0,0.10440292930603029,0.3515970706939697
Stereo_M0,M0,3783,R1234YF,[P66614],[Cl],283.15,0.281,0.516,0.36857089400291443,0.0,0.14742910599708559,0.36857089400291443
Stereo_M0,M0,3784,R1234YF,[P66614],[Cl],283.15,0.321,0.57,0.3822826147079468,0.0,0.18771738529205317,0.3822826147079468
Stereo_M0,M0,3785,R1234YF,[P66614],[Cl],283.15,0.362,0.623,0.3963150382041931,0.0,0.22668496179580688,0.3963150382041931
Stereo_M0,M0,3786,R1234YF,[P66614],[Cl],293.15,0.068,0.146,0.2651050388813019,0.0,0.11910503888130189,0.2651050388813019
Stereo_M0,M0,3787,R1234YF,[P66614],[Cl],293.15,0.142,0.261,0.29090845584869385,0.0,0.029908455848693838,0.29090845584869385
Stereo_M0,M0,3788,R1234YF,[P66614],[Cl],293.15,0.198,0.33,0.3098573088645935,0.0,0.02014269113540651,0.3098573088645935
Stereo_M0,M0,3789,R1234YF,[P66614],[Cl],293.15,0.258,0.397,0.33079859614372253,0.0,0.06620140385627749,0.33079859614372253
Stereo_M0,M0,3790,R1234YF,[P66614],[Cl],293.15,0.313,0.451,0.3488266170024872,0.0,0.10217338299751283,0.3488266170024872
Stereo_M0,M0,3791,R1234YF,[P66614],[Cl],293.15,0.362,0.501,0.3648577332496643,0.0,0.1361422667503357,0.3648577332496643
Stereo_M0,M0,3792,R1234YF,[P66614],[Cl],293.15,0.413,0.55,0.3804823160171509,0.0,0.16951768398284917,0.3804823160171509
Stereo_M0,M0,3793,R1234YF,[P66614],[Cl],293.15,0.46,0.594,0.39615756273269653,0.0,0.19784243726730344,0.39615756273269653
Stereo_M0,M0,3794,R1234YF,[P66614],[Cl],293.15,0.505,0.641,0.41464728116989136,0.0,0.22635271883010866,0.41464728116989136
Stereo_M0,M0,3795,R1234YF,[P66614],[Cl],303.15,0.073,0.126,0.23620207607746124,0.0,0.11020207607746124,0.23620207607746124
Stereo_M0,M0,3796,R1234YF,[P66614],[Cl],303.15,0.154,0.22,0.26376503705978394,0.0,0.043765037059783934,0.26376503705978394
Stereo_M0,M0,3797,R1234YF,[P66614],[Cl],303.15,0.215,0.284,0.2839840054512024,0.0,1.599454879758211e-05,0.2839840054512024
Stereo_M0,M0,3798,R1234YF,[P66614],[Cl],303.15,0.28,0.344,0.3057841658592224,0.0,0.03821583414077756,0.3057841658592224
Stereo_M0,M0,3799,R1234YF,[P66614],[Cl],303.15,0.341,0.394,0.3284551203250885,0.0,0.06554487967491152,0.3284551203250885
Stereo_M0,M0,3800,R1234YF,[P66614],[Cl],303.15,0.396,0.439,0.349809855222702,0.0,0.08919014477729797,0.349809855222702
Stereo_M0,M0,3801,R1234YF,[P66614],[Cl],303.15,0.454,0.483,0.3698650300502777,0.0,0.11313496994972227,0.3698650300502777
Stereo_M0,M0,3802,R1234YF,[P66614],[Cl],303.15,0.51,0.524,0.39179158210754395,0.0,0.13220841789245608,0.39179158210754395
Stereo_M0,M0,3803,R1234YF,[P66614],[Cl],303.15,0.566,0.566,0.41277870535850525,0.0,0.1532212946414947,0.41277870535850525
Stereo_M0,M0,3804,R1234YF,[P66614],[Cl],303.15,0.628,0.608,0.4358987808227539,0.0,0.17210121917724608,0.4358987808227539
Stereo_M0,M0,3805,R1234YF,[P66614],[Cl],313.15,0.079,0.102,0.20140264928340912,0.0,0.09940264928340913,0.20140264928340912
Stereo_M0,M0,3806,R1234YF,[P66614],[Cl],313.15,0.165,0.188,0.2332572340965271,0.0,0.0452572340965271,0.2332572340965271
Stereo_M0,M0,3807,R1234YF,[P66614],[Cl],313.15,0.23,0.244,0.2574957609176636,0.0,0.01349576091766358,0.2574957609176636
Stereo_M0,M0,3808,R1234YF,[P66614],[Cl],313.15,0.3,0.299,0.2831305265426636,0.0,0.015869473457336414,0.2831305265426636
Stereo_M0,M0,3809,R1234YF,[P66614],[Cl],313.15,0.366,0.344,0.306423157453537,0.0,0.037576842546462985,0.306423157453537
Stereo_M0,M0,3810,R1234YF,[P66614],[Cl],313.15,0.426,0.383,0.3289097249507904,0.0,0.0540902750492096,0.3289097249507904
Stereo_M0,M0,3811,R1234YF,[P66614],[Cl],313.15,0.49,0.425,0.35354459285736084,0.0,0.07145540714263915,0.35354459285736084
Stereo_M0,M0,3812,R1234YF,[P66614],[Cl],313.15,0.552,0.463,0.3760470151901245,0.0,0.08695298480987551,0.3760470151901245
Stereo_M0,M0,3813,R1234YF,[P66614],[Cl],313.15,0.615,0.501,0.39583033323287964,0.0,0.10516966676712036,0.39583033323287964
Stereo_M0,M0,3814,R1234YF,[P66614],[Cl],313.15,0.686,0.538,0.4182665944099426,0.0,0.1197334055900574,0.4182665944099426
Stereo_M0,M0,3815,R1234YF,[P66614],[Cl],323.15,0.084,0.087,0.1725083887577057,0.0,0.0855083887577057,0.1725083887577057
Stereo_M0,M0,3816,R1234YF,[P66614],[Cl],323.15,0.175,0.159,0.20660628378391266,0.0,0.047606283783912656,0.20660628378391266
Stereo_M0,M0,3817,R1234YF,[P66614],[Cl],323.15,0.244,0.209,0.23217476904392242,0.0,0.023174769043922433,0.23217476904392242
Stereo_M0,M0,3818,R1234YF,[P66614],[Cl],323.15,0.319,0.258,0.25905871391296387,0.0,0.00105871391296386,0.25905871391296387
Stereo_M0,M0,3819,R1234YF,[P66614],[Cl],323.15,0.389,0.299,0.2822614908218384,0.0,0.01673850917816161,0.2822614908218384
Stereo_M0,M0,3820,R1234YF,[P66614],[Cl],323.15,0.453,0.336,0.3007088005542755,0.0,0.03529119944572451,0.3007088005542755
Stereo_M0,M0,3821,R1234YF,[P66614],[Cl],323.15,0.522,0.375,0.3230300545692444,0.0,0.051969945430755615,0.3230300545692444
Stereo_M0,M0,3822,R1234YF,[P66614],[Cl],323.15,0.589,0.409,0.3454057574272156,0.0,0.0635942425727844,0.3454057574272156
Stereo_M0,M0,3823,R1234YF,[P66614],[Cl],323.15,0.659,0.442,0.3698279857635498,0.0,0.0721720142364502,0.3698279857635498
Stereo_M0,M0,3824,R1234YF,[P66614],[Cl],323.15,0.737,0.477,0.39491552114486694,0.0,0.08208447885513304,0.39491552114486694
Stereo_M0,M0,3825,R1234YF,[P66614],[Cl],333.15,0.088,0.074,0.150407075881958,0.0,0.07640707588195801,0.150407075881958
Stereo_M0,M0,3826,R1234YF,[P66614],[Cl],333.15,0.184,0.137,0.18591345846652985,0.0,0.048913458466529836,0.18591345846652985
Stereo_M0,M0,3827,R1234YF,[P66614],[Cl],333.15,0.256,0.181,0.21357004344463348,0.0,0.03257004344463349,0.21357004344463348
Stereo_M0,M0,3828,R1234YF,[P66614],[Cl],333.15,0.336,0.225,0.2396129071712494,0.0,0.014612907171249384,0.2396129071712494
Stereo_M0,M0,3829,R1234YF,[P66614],[Cl],333.15,0.41,0.262,0.25967690348625183,0.0,0.0023230965137481796,0.25967690348625183
Stereo_M0,M0,3830,R1234YF,[P66614],[Cl],333.15,0.478,0.296,0.27665573358535767,0.0,0.01934426641464232,0.27665573358535767
Stereo_M0,M0,3831,R1234YF,[P66614],[Cl],333.15,0.552,0.332,0.2992980480194092,0.0,0.03270195198059084,0.2992980480194092
Stereo_M0,M0,3832,R1234YF,[P66614],[Cl],333.15,0.624,0.364,0.32440558075904846,0.0,0.03959441924095153,0.32440558075904846
Stereo_M0,M0,3833,R1234YF,[P66614],[Cl],333.15,0.698,0.395,0.3500131070613861,0.0,0.04498689293861391,0.3500131070613861
Stereo_M0,M0,3834,R1234YF,[P66614],[Cl],333.15,0.783,0.427,0.37874507904052734,0.0,0.04825492095947265,0.37874507904052734
Stereo_M0,M0,3835,R1234YF,[P66614],[Cl],343.15,0.092,0.061,0.14467182755470276,0.0,0.08367182755470276,0.14467182755470276
Stereo_M0,M0,3836,R1234YF,[P66614],[Cl],343.15,0.193,0.118,0.17505477368831635,0.0,0.05705477368831635,0.17505477368831635
Stereo_M0,M0,3837,R1234YF,[P66614],[Cl],343.15,0.269,0.158,0.19603605568408966,0.0,0.03803605568408966,0.19603605568408966
Stereo_M0,M0,3838,R1234YF,[P66614],[Cl],343.15,0.352,0.198,0.21721616387367249,0.0,0.019216163873672476,0.21721616387367249
Stereo_M0,M0,3839,R1234YF,[P66614],[Cl],343.15,0.43,0.23,0.23811036348342896,0.0,0.008110363483428945,0.23811036348342896
Stereo_M0,M0,3840,R1234YF,[P66614],[Cl],343.15,0.502,0.262,0.2565547823905945,0.0,0.005445217609405528,0.2565547823905945
Stereo_M0,M0,3841,R1234YF,[P66614],[Cl],343.15,0.58,0.296,0.2803504467010498,0.0,0.01564955329895018,0.2803504467010498
Stereo_M0,M0,3842,R1234YF,[P66614],[Cl],343.15,0.656,0.325,0.3090980648994446,0.0,0.01590193510055543,0.3090980648994446
Stereo_M0,M0,3843,R1234YF,[P66614],[Cl],343.15,0.735,0.355,0.33659425377845764,0.0,0.01840574622154234,0.33659425377845764
Stereo_M0,M0,3844,R1234YF,[P66614],[Cl],343.15,0.825,0.384,0.36663252115249634,0.0,0.01736747884750367,0.36663252115249634
