orig_idx,refrigerant,true_x1,pred_control,pred_stereo,err_control,err_stereo,delta_abs_err
2739,R1234YF,0.009,0.12053177,0.12053177,0.11153176760673524,0.11153176760673524,0.0
2740,R1234YF,0.019,0.14015873,0.14015873,0.12115872776508331,0.12115872776508331,0.0
2741,R1234YF,0.027,0.15856898,0.15856898,0.13156897830963135,0.13156897830963135,0.0
2742,R1234YF,0.035,0.17807162,0.17807162,0.14307161808013916,0.14307161808013916,0.0
2743,R1234YF,0.043,0.19574724,0.19574724,0.15274724137783052,0.15274724137783052,0.0
2744,R1234YF,0.051,0.21404417,0.21404417,0.16304416859149934,0.16304416859149934,0.0
2745,R1234YF,0.06,0.23345,0.23345,0.17344999551773072,0.17344999551773072,0.0
2746,R1234YF,0.009,0.08427282,0.08427282,0.07527281677722931,0.07527281677722931,0.0
2747,R1234YF,0.016,0.10451591,0.10451591,0.0885159101486206,0.0885159101486206,0.0
2748,R1234YF,0.022,0.12433173,0.12433173,0.10233172762393952,0.10233172762393952,0.0
2749,R1234YF,0.028,0.14313252,0.14313252,0.1151325227022171,0.1151325227022171,0.0
2750,R1234YF,0.034,0.16046257,0.16046257,0.12646257317066192,0.12646257317066192,0.0
2751,R1234YF,0.039,0.17855325,0.17855325,0.1395532534122467,0.1395532534122467,0.0
2752,R1234YF,0.046,0.19878042,0.19878042,0.1527804174423218,0.1527804174423218,0.0
2753,R1234YF,0.007,0.05145435,0.05145435,0.04445435035228729,0.04445435035228729,0.0
2754,R1234YF,0.012,0.07483417,0.07483417,0.06283416795730591,0.06283416795730591,0.0
2755,R1234YF,0.018,0.0935339,0.0935339,0.07553390336036682,0.07553390336036682,0.0
2756,R1234YF,0.022,0.109443285,0.109443285,0.08744328457117082,0.08744328457117082,0.0
2757,R1234YF,0.027,0.12430258,0.12430258,0.09730258095264435,0.09730258095264435,0.0
2758,R1234YF,0.032,0.13883413,0.13883413,0.1068341337442398,0.1068341337442398,0.0
2759,R1234YF,0.037,0.15546945,0.15546945,0.11846944737434387,0.11846944737434387,0.0
2760,R1234YF,0.006,0.025415696,0.025415696,0.01941569620370865,0.01941569620370865,0.0
2761,R1234YF,0.011,0.04652448,0.04652448,0.035524479985237126,0.035524479985237126,0.0
2762,R1234YF,0.015,0.06262797,0.06262797,0.047627971172332764,0.047627971172332764,0.0
2763,R1234YF,0.019,0.07614443,0.07614443,0.05714442706108093,0.05714442706108093,0.0
2764,R1234YF,0.022,0.08592893,0.08592893,0.06392893183231355,0.06392893183231355,0.0
2765,R1234YF,0.026,0.09854026,0.09854026,0.07254026138782502,0.07254026138782502,0.0
2766,R1234YF,0.03,0.11813317,0.11813317,0.08813317239284515,0.08813317239284515,0.0
2767,R1234YF,0.005,0.0,0.0,0.005,0.005,0.0
2768,R1234YF,0.009,0.014790996,0.014790996,0.005790995977818967,0.005790995977818967,0.0
2769,R1234YF,0.012,0.030489177,0.030489177,0.018489176511764526,0.018489176511764526,0.0
2770,R1234YF,0.015,0.04452437,0.04452437,0.02952437162399292,0.02952437162399292,0.0
2771,R1234YF,0.019,0.05705622,0.05705622,0.03805621838569641,0.03805621838569641,0.0
2772,R1234YF,0.021,0.07132588,0.07132588,0.05032588326930999,0.05032588326930999,0.0
2773,R1234YF,0.024,0.09223208,0.09223208,0.06823207831382752,0.06823207831382752,0.0
2774,R1234YF,0.004,0.0,0.0,0.004,0.004,0.0
2775,R1234YF,0.007,0.0,0.0,0.007,0.007,0.0
2776,R1234YF,0.01,0.015719347,0.015719347,0.005719346702098846,0.005719346702098846,0.0
2777,R1234YF,0.013,0.029611334,0.029611334,0.01661133420467377,0.01661133420467377,0.0
2778,R1234YF,0.015,0.04271871,0.04271871,0.027718708515167237,0.027718708515167237,0.0
2779,R1234YF,0.017,0.056925453,0.056925453,0.0399254532456398,0.0399254532456398,0.0
2780,R1234YF,0.02,0.07662092,0.07662092,0.056620921492576595,0.056620921492576595,0.0
2781,R1234YF,0.003,0.0,0.0,0.003,0.003,0.0
2782,R1234YF,0.006,0.0,0.0,0.006,0.006,0.0
2783,R1234YF,0.009,0.005178242,0.005178242,0.0038217580094933503,0.0038217580094933503,0.0
2784,R1234YF,0.01,0.016397268,0.016397268,0.006397267580032348,0.006397267580032348,0.0
2785,R1234YF,0.013,0.028852262,0.028852262,0.015852261602878573,0.015852261602878573,0.0
2786,R1234YF,0.015,0.040376097,0.040376097,0.025376096963882447,0.025376096963882447,0.0
2787,R1234YF,0.018,0.055538684,0.055538684,0.037538684129714964,0.037538684129714964,0.0
2788,R1234YF,0.0065,0.12796289,0.12796289,0.12146288728713989,0.12146288728713989,0.0
2789,R1234YF,0.0121,0.1441282,0.1441282,0.1320282033920288,0.1320282033920288,0.0
2790,R1234YF,0.0174,0.1599213,0.1599213,0.1425213033914566,0.1425213033914566,0.0
2791,R1234YF,0.0228,0.17461282,0.17461282,0.15181282014846803,0.15181282014846803,0.0
2792,R1234YF,0.0279,0.18820184,0.18820184,0.16030184469223022,0.16030184469223022,0.0
2793,R1234YF,0.0337,0.20338756,0.20338756,0.1696875584602356,0.1696875584602356,0.0
2794,R1234YF,0.0398,0.21890771,0.21890771,0.17910771389007568,0.17910771389007568,0.0
2795,R1234YF,0.0052,0.09190728,0.09190728,0.08670727770328522,0.08670727770328522,0.0
2796,R1234YF,0.0095,0.105806366,0.105806366,0.09630636560916901,0.09630636560916901,0.0
2797,R1234YF,0.0139,0.12008695,0.12008695,0.10618695304393769,0.10618695304393769,0.0
2798,R1234YF,0.0178,0.13496566,0.13496566,0.11716565818786621,0.11716565818786621,0.0
2799,R1234YF,0.0216,0.15034367,0.15034367,0.12874367144107818,0.12874367144107818,0.0
2800,R1234YF,0.0257,0.16514406,0.16514406,0.13944405608177185,0.13944405608177185,0.0
2801,R1234YF,0.0297,0.1789988,0.1789988,0.14929879813194274,0.14929879813194274,0.0
2802,R1234YF,0.0042,0.058402434,0.058402434,0.05420243399143219,0.05420243399143219,0.0
2803,R1234YF,0.0076,0.075006776,0.075006776,0.06740677555799485,0.06740677555799485,0.0
2804,R1234YF,0.0112,0.09146524,0.09146524,0.08026524220705032,0.08026524220705032,0.0
2805,R1234YF,0.0145,0.106172115,0.106172115,0.091672114610672,0.091672114610672,0.0
2806,R1234YF,0.0175,0.11737141,0.11737141,0.09987141013145447,0.09987141013145447,0.0
2807,R1234YF,0.0208,0.12989408,0.12989408,0.10909407777786255,0.10909407777786255,0.0
2808,R1234YF,0.0239,0.14300762,0.14300762,0.11910762116909027,0.11910762116909027,0.0
2809,R1234YF,0.0035,0.033122003,0.033122003,0.029622003078460694,0.029622003078460694,0.0
2810,R1234YF,0.0065,0.048147917,0.048147917,0.04164791679382324,0.04164791679382324,0.0
2811,R1234YF,0.0095,0.0632273,0.0632273,0.05372730332612991,0.05372730332612991,0.0
2812,R1234YF,0.0122,0.07479235,0.07479235,0.06259234784841537,0.06259234784841537,0.0
2813,R1234YF,0.0147,0.0851867,0.0851867,0.07048669754266738,0.07048669754266738,0.0
2814,R1234YF,0.0173,0.09364842,0.09364842,0.07634841878414154,0.07634841878414154,0.0
2815,R1234YF,0.02,0.10274309,0.10274309,0.08274308919906616,0.08274308919906616,0.0
2816,R1234YF,0.0028,0.0004953882,0.0004953882,0.0023046118274331093,0.0023046118274331093,0.0
2817,R1234YF,0.0052,0.015146821,0.015146821,0.009946820805966854,0.009946820805966854,0.0
2818,R1234YF,0.0077,0.029985026,0.029985026,0.02228502552509308,0.02228502552509308,0.0
2819,R1234YF,0.0101,0.04188595,0.04188595,0.031785949671268465,0.031785949671268465,0.0
2820,R1234YF,0.0122,0.052165084,0.052165084,0.039965083587169645,0.039965083587169645,0.0
2821,R1234YF,0.0145,0.06274832,0.06274832,0.048248320400714875,0.048248320400714875,0.0
2822,R1234YF,0.017,0.07267396,0.07267396,0.055673961520195006,0.055673961520195006,0.0
2823,R1234YF,0.0023,0.0,0.0,0.0023,0.0023,0.0
2824,R1234YF,0.0043,0.0,0.0,0.0043,0.0043,0.0
2825,R1234YF,0.0063,0.010635524,0.010635524,0.004335524056851864,0.004335524056851864,0.0
2826,R1234YF,0.0085,0.02470775,0.02470775,0.016207749485969543,0.016207749485969543,0.0
2827,R1234YF,0.0105,0.037840247,0.037840247,0.027340247154235837,0.027340247154235837,0.0
2828,R1234YF,0.0125,0.04881437,0.04881437,0.03631437122821808,0.03631437122821808,0.0
2829,R1234YF,0.0142,0.057627335,0.057627335,0.043427335190773006,0.043427335190773006,0.0
2830,R1234YF,0.0019,0.0,0.0,0.0019,0.0019,0.0
2831,R1234YF,0.0037,0.0,0.0,0.0037,0.0037,0.0
2832,R1234YF,0.0053,0.0022148779,0.0022148779,0.0030851221337914467,0.0030851221337914467,0.0
2833,R1234YF,0.007,0.014423146,0.014423146,0.0074231459125876425,0.0074231459125876425,0.0
2834,R1234YF,0.0086,0.024276942,0.024276942,0.015676942014694214,0.015676942014694214,0.0
2835,R1234YF,0.0102,0.034275554,0.034275554,0.024075554120540618,0.024075554120540618,0.0
2836,R1234YF,0.0119,0.04317213,0.04317213,0.03127212849855423,0.03127212849855423,0.0
2837,R1234YF,0.0038,0.057391047,0.057391047,0.05359104747772217,0.05359104747772217,0.0
2838,R1234YF,0.0087,0.08166425,0.08166425,0.07296424930095673,0.07296424930095673,0.0
2839,R1234YF,0.0147,0.107889935,0.107889935,0.09318993537425994,0.09318993537425994,0.0
2840,R1234YF,0.0207,0.12984154,0.12984154,0.10914153628349305,0.10914153628349305,0.0
2841,R1234YF,0.0277,0.15583953,0.15583953,0.12813953261375427,0.12813953261375427,0.0
2842,R1234ZE(E),0.0269,0.052714683,0.052714698,0.02581468311548233,0.025814698016643524,1.4901161193847656e-08
2843,R1234ZE(E),0.0501,0.07577862,0.075778686,0.025678618454933168,0.02567868551015854,6.705522537231445e-08
2844,R1234ZE(E),0.0738,0.098591454,0.09859141,0.02479145432710647,0.02479140962362289,-4.470348358154297e-08
2845,R1234ZE(E),0.098,0.121121794,0.12112181,0.023121793985366818,0.02312180888652801,1.4901161193847656e-08
2846,R1234ZE(E),0.123,0.142773,0.142773,0.01977300238609314,0.01977300238609314,0.0
2847,R1234ZE(E),0.1511,0.16526738,0.16526738,0.014167378091812122,0.014167378091812122,0.0
2848,R1234ZE(E),0.1814,0.18568291,0.18568294,0.00428290770053863,0.004282937502861017,2.9802322387695312e-08
2849,R1234ZE(E),0.0213,0.029435914,0.029435948,0.008135914009809495,0.00813594753742218,3.3527612686157227e-08
2850,R1234ZE(E),0.0376,0.049656823,0.049656823,0.012056823277473448,0.012056823277473448,0.0
2851,R1234ZE(E),0.0555,0.06946959,0.06946962,0.013969593465328216,0.013969623267650604,2.9802322387695312e-08
2852,R1234ZE(E),0.0742,0.087538645,0.08753867,0.013338644671440122,0.013338667023181913,2.2351741790771484e-08
2853,R1234ZE(E),0.0923,0.10515559,0.1051556,0.012855587196350104,0.012855602097511298,1.4901161193847656e-08
2854,R1234ZE(E),0.1127,0.12476826,0.1247683,0.012068257141113287,0.012068301844596868,4.470348358154297e-08
2855,R1234ZE(E),0.1338,0.14445582,0.14445584,0.010655820322036741,0.010655835223197935,1.4901161193847656e-08
2856,R1234ZE(E),0.0164,0.007715243,0.007715239,0.008684757085144521,0.00868476081043482,3.725290298461914e-09
2857,R1234ZE(E),0.0294,0.02659721,0.026597202,0.0028027907252311697,0.0028027981758117666,7.450580596923828e-09
2858,R1234ZE(E),0.0428,0.04549139,0.045491472,0.0026913899302482627,0.002691471886634829,8.195638656616211e-08
2859,R1234ZE(E),0.0569,0.062752604,0.06275266,0.005852604484558106,0.005852656638622285,5.21540641784668e-08
2860,R1234ZE(E),0.0706,0.07796272,0.07796273,0.007362718904018406,0.007362726354599003,7.450580596923828e-09
2861,R1234ZE(E),0.0859,0.09500604,0.095006034,0.009106041228771206,0.009106033778190609,-7.450580596923828e-09
2862,R1234ZE(E),0.1018,0.11310586,0.113105915,0.011305863332748411,0.01130591548681259,5.21540641784668e-08
2863,R1234ZE(E),0.0133,0.0,0.0,0.0133,0.0133,0.0
2864,R1234ZE(E),0.0232,0.0,0.0,0.0232,0.0232,0.0
2865,R1234ZE(E),0.0339,0.019570917,0.019570965,0.014329083108901977,0.014329034680128097,-4.842877388000488e-08
2866,R1234ZE(E),0.0445,0.03687852,0.03687853,0.007621481239795683,0.007621470063924787,-1.1175870895385742e-08
2867,R1234ZE(E),0.0553,0.053078122,0.05307813,0.0022218775629997273,0.0022218701124191303,-7.450580596923828e-09
2868,R1234ZE(E),0.0674,0.06787492,0.067874916,0.00047492334842681727,0.00047491589784622035,-7.450580596923828e-09
2869,R1234ZE(E),0.0797,0.08227803,0.082278065,0.002578028130531318,0.0025780653834343026,3.725290298461914e-08
2870,R1234ZE(E),0.0105,0.0,0.0,0.0105,0.0105,0.0
2871,R1234ZE(E),0.0187,0.0,0.0,0.0187,0.0187,0.0
2872,R1234ZE(E),0.0273,0.0,0.0,0.0273,0.0273,0.0
2873,R1234ZE(E),0.0358,0.00936704,0.00936704,0.026432959641516207,0.026432959641516207,0.0
2874,R1234ZE(E),0.0445,0.024702571,0.024702575,0.019797428667545316,0.019797424942255018,-3.725290298461914e-09
2875,R1234ZE(E),0.054,0.041506484,0.041506507,0.012493515849113464,0.012493493497371673,-2.2351741790771484e-08
2876,R1234ZE(E),0.0641,0.05602038,0.05602034,0.008079620933532719,0.008079658186435704,3.725290298461914e-08
2877,R1234ZE(E),0.0082,0.0,0.0,0.0082,0.0082,0.0
2878,R1234ZE(E),0.0151,0.0,0.0,0.0151,0.0151,0.0
2879,R1234ZE(E),0.022,0.0,0.0,0.022,0.022,0.0
2880,R1234ZE(E),0.0289,0.0,0.0,0.0289,0.0289,0.0
2881,R1234ZE(E),0.0363,0.0054315766,0.005431569,0.030868423368036746,0.030868430818617343,7.450580596923828e-09
2882,R1234ZE(E),0.0441,0.0240959,0.02409593,0.02000409964323044,0.02000406984090805,-2.9802322387695312e-08
2883,R1234ZE(E),0.0525,0.04213266,0.042132683,0.010367339253425596,0.010367316901683805,-2.2351741790771484e-08
2884,R1234ZE(E),0.0063,0.0,0.0,0.0063,0.0063,0.0
2885,R1234ZE(E),0.012,0.0,0.0,0.012,0.012,0.0
2886,R1234ZE(E),0.0181,0.0,0.0,0.0181,0.0181,0.0
2887,R1234ZE(E),0.0235,0.0,0.0,0.0235,0.0235,0.0
2888,R1234ZE(E),0.0289,0.0,0.0,0.0289,0.0289,0.0
2889,R1234ZE(E),0.035,0.01166778,0.011667757,0.023332220353186134,0.023332242704927925,2.2351741790771484e-08
2890,R1234ZE(E),0.0409,0.02608893,0.026088923,0.014811069333553313,0.01481107678413391,7.450580596923828e-09
2891,R1234YF,0.0163,0.15329042,0.15329042,0.13699042077064513,0.13699042077064513,0.0
2892,R1234YF,0.0471,0.18683076,0.18683076,0.1397307590484619,0.1397307590484619,0.0
2893,R1234YF,0.0972,0.23772901,0.23772901,0.140529012966156,0.140529012966156,0.0
2894,R1234YF,0.1333,0.2733658,0.2733658,0.1400657956123352,0.1400657956123352,0.0
2895,R1234YF,0.1577,0.29598635,0.29598635,0.1382863543510437,0.1382863543510437,0.0
2896,R1234YF,0.0129,0.11990017,0.11990017,0.10700016698837281,0.10700016698837281,0.0
2897,R1234YF,0.0357,0.1508175,0.1508175,0.11511749856472014,0.11511749856472014,0.0
2898,R1234YF,0.0699,0.19498837,0.19498837,0.1250883699417114,0.1250883699417114,0.0
2899,R1234YF,0.0961,0.2272026,0.2272026,0.1311025942802429,0.1311025942802429,0.0
2900,R1234YF,0.1115,0.24928471,0.24928471,0.13778471446037294,0.13778471446037294,0.0
2901,R1234YF,0.0103,0.08443579,0.08443579,0.07413579077720642,0.07413579077720642,0.0
2902,R1234YF,0.0284,0.11673047,0.11673047,0.08833046648502349,0.08833046648502349,0.0
2903,R1234YF,0.0536,0.1578204,0.1578204,0.10422040357589721,0.10422040357589721,0.0
2904,R1234YF,0.0718,0.1944277,0.1944277,0.12262769885063171,0.12262769885063171,0.0
2905,R1234YF,0.0839,0.21507615,0.21507615,0.13117614850997925,0.13117614850997925,0.0
2906,R1234YF,0.0078,0.053829446,0.053829446,0.04602944643497467,0.04602944643497467,0.0
2907,R1234YF,0.0211,0.0852656,0.0852656,0.0641655991911888,0.0641655991911888,0.0
2908,R1234YF,0.0348,0.119754165,0.119754165,0.08495416541099549,0.08495416541099549,0.0
2909,R1234YF,0.0459,0.15012862,0.15012862,0.10422861788272858,0.10422861788272858,0.0
2910,R1234YF,0.0535,0.17121558,0.17121558,0.11771557891368867,0.11771557891368867,0.0
2911,R1234YF,0.0051,0.023835331,0.023835331,0.018735331201553344,0.018735331201553344,0.0
2912,R1234YF,0.0139,0.05672042,0.05672042,0.04282042071819306,0.04282042071819306,0.0
2913,R1234YF,0.024,0.09950243,0.09950243,0.07550242936611176,0.07550242936611176,0.0
2914,R1234YF,0.0296,0.121974915,0.121974915,0.09237491526603699,0.09237491526603699,0.0
2915,R1234YF,0.0344,0.13321783,0.13321783,0.09881782648563385,0.09881782648563385,0.0
2916,R1234YF,0.0035,0.11732586,0.11732586,0.11382585728168487,0.11382585728168487,0.0
2917,R1234YF,0.0098,0.13977483,0.13977483,0.1299748291492462,0.1299748291492462,0.0
2918,R1234YF,0.0163,0.16786909,0.16786909,0.15156909103393554,0.15156909103393554,0.0
2919,R1234YF,0.0251,0.19781741,0.19781741,0.17271741499900817,0.17271741499900817,0.0
2920,R1234YF,0.0366,0.24215472,0.24215472,0.20555471744537354,0.20555471744537354,0.0
2921,R1234YF,0.0029,0.08084129,0.08084129,0.07794128797054291,0.07794128797054291,0.0
2922,R1234YF,0.0077,0.10369764,0.10369764,0.09599764268398285,0.09599764268398285,0.0
2923,R1234YF,0.0139,0.13428168,0.13428168,0.12038167998790741,0.12038167998790741,0.0
2924,R1234YF,0.018,0.16154677,0.16154677,0.1435467667579651,0.1435467667579651,0.0
2925,R1234YF,0.0246,0.19249485,0.19249485,0.16789485433101653,0.16789485433101653,0.0
2926,R1234YF,0.0031,0.047858857,0.047858857,0.04475885661840439,0.04475885661840439,0.0
2927,R1234YF,0.006,0.07162265,0.07162265,0.06562264734506607,0.06562264734506607,0.0
2928,R1234YF,0.0084,0.09508119,0.09508119,0.08668118778467178,0.08668118778467178,0.0
2929,R1234YF,0.0103,0.117431134,0.117431134,0.1071311339855194,0.1071311339855194,0.0
2930,R1234YF,0.013,0.1494824,0.1494824,0.13648239922523497,0.13648239922523497,0.0
2931,R1234YF,0.0007,0.021338463,0.021338463,0.020638462829589845,0.020638462829589845,0.0
2932,R1234YF,0.0022,0.040527195,0.040527195,0.03832719473838806,0.03832719473838806,0.0
2933,R1234YF,0.0036,0.061965413,0.061965413,0.05836541339159012,0.05836541339159012,0.0
2934,R1234YF,0.0042,0.07963945,0.07963945,0.07543944971561432,0.07543944971561432,0.0
2935,R1234YF,0.0063,0.10367215,0.10367215,0.09737214679718018,0.09737214679718018,0.0
2936,R1234YF,0.0985,0.2772438,0.2772438,0.17874379301071167,0.17874379301071167,0.0
2937,R1234YF,0.2009,0.3366949,0.3366949,0.1357948962211609,0.1357948962211609,0.0
2938,R1234YF,0.2725,0.3731426,0.3731426,0.10064260005950926,0.10064260005950926,0.0
2939,R1234YF,0.3222,0.3957653,0.3957653,0.0735653045654297,0.0735653045654297,0.0
2940,R1234YF,0.3602,0.4110995,0.4110995,0.050899493503570536,0.050899493503570536,0.0
2941,R1234YF,0.0241,0.19513905,0.19513905,0.1710390504837036,0.1710390504837036,0.0
2942,R1234YF,0.0758,0.23788902,0.23788902,0.16208902163505554,0.16208902163505554,0.0
2943,R1234YF,0.1503,0.29856804,0.29856804,0.1482680401325226,0.1482680401325226,0.0
2944,R1234YF,0.1978,0.33531582,0.33531582,0.13751582355499267,0.13751582355499267,0.0
2945,R1234YF,0.2311,0.357226,0.357226,0.12612601413726807,0.12612601413726807,0.0
2946,R1234YF,0.0194,0.14546478,0.14546478,0.12606477794647217,0.12606477794647217,0.0
2947,R1234YF,0.0581,0.1927024,0.1927024,0.13460239770412447,0.13460239770412447,0.0
2948,R1234YF,0.1099,0.25116643,0.25116643,0.141266433095932,0.141266433095932,0.0
2949,R1234YF,0.1464,0.28895772,0.28895772,0.14255771503448486,0.14255771503448486,0.0
2950,R1234YF,0.171,0.3127974,0.3127974,0.1417973973751068,0.1417973973751068,0.0
2951,R1234YF,0.0162,0.10315838,0.10315838,0.08695837711095811,0.08695837711095811,0.0
2952,R1234YF,0.0497,0.15555161,0.15555161,0.10585161237716675,0.10585161237716675,0.0
2953,R1234YF,0.0817,0.20177492,0.20177492,0.12007492499351502,0.12007492499351502,0.0
2954,R1234YF,0.1148,0.245428,0.245428,0.13062799592018126,0.13062799592018126,0.0
2955,R1234YF,0.1366,0.27518588,0.27518588,0.13858588304519653,0.13858588304519653,0.0
2956,R1234YF,0.0134,0.070573926,0.070573926,0.05717392597198486,0.05717392597198486,0.0
2957,R1234YF,0.0359,0.111441724,0.111441724,0.0755417240023613,0.0755417240023613,0.0
2958,R1234YF,0.0702,0.17846632,0.17846632,0.1082663200378418,0.1082663200378418,0.0
2959,R1234YF,0.0901,0.21481448,0.21481448,0.12471448411941528,0.12471448411941528,0.0
2960,R1234YF,0.0996,0.234421,0.234421,0.1348209998846054,0.1348209998846054,0.0
2961,R1336MZZ(E),0.093,0.35286462,0.35286462,0.2598646230697632,0.2598646230697632,0.0
2962,R1336MZZ(E),0.173,0.3650431,0.36504316,0.19204310369491578,0.19204316329956056,5.960464477539063e-08
2963,R1336MZZ(E),0.093,0.31708276,0.31708282,0.22408276271820068,0.22408282232284546,5.960464477539063e-08
2964,R1336MZZ(E),0.173,0.34297347,0.34297353,0.16997347068786622,0.169973530292511,5.960464477539063e-08
2965,R1336MZZ(E),0.093,0.27157676,0.2715767,0.17857676219940186,0.17857670259475708,-5.960464477539063e-08
2966,R1336MZZ(E),0.173,0.32205823,0.32205814,0.14905823063850404,0.14905814123153688,-8.940696716308594e-08
2967,R1336MZZ(E),0.093,0.241894,0.241894,0.14889400672912598,0.14889400672912598,0.0
2968,R1336MZZ(E),0.173,0.31287408,0.31287408,0.13987407875061036,0.13987407875061036,0.0
2969,R1336MZZ(E),0.093,0.22476025,0.2247603,0.1317602492570877,0.1317602939605713,4.470348358154297e-08
2970,R1336MZZ(E),0.173,0.32637888,0.32637888,0.15337888193130494,0.15337888193130494,0.0
2971,R1336MZZ(E),0.093,0.2094502,0.20945019,0.11645020020008087,0.11645018529891968,-1.4901161193847656e-08
2972,R1336MZZ(Z),0.28,0.28894717,0.2889472,0.008947165012359592,0.00894719481468198,2.9802322387695312e-08
2973,R1336MZZ(Z),0.589,0.2936162,0.29361618,0.2953837945461273,0.2953838243484497,2.9802322387695312e-08
2974,R1336MZZ(Z),0.28,0.24804121,0.24804121,0.03195878744125369,0.03195878744125369,0.0
2975,R1336MZZ(Z),0.589,0.25788033,0.2578803,0.3311196699142456,0.33111969971656796,2.9802322387695312e-08
2976,R1336MZZ(Z),0.28,0.1827016,0.18270163,0.09729839742183688,0.09729836761951449,-2.9802322387695312e-08
2977,R1336MZZ(Z),0.589,0.19975257,0.19975266,0.38924743080139157,0.3892473413944244,-8.940696716308594e-08
2978,R1336MZZ(Z),0.28,0.15439051,0.15439053,0.1256094861030579,0.1256094712018967,-1.4901161193847656e-08
2979,R1336MZZ(Z),0.589,0.18083884,0.18083882,0.40816116178035733,0.4081611766815185,1.4901161193847656e-08
2980,R1336MZZ(Z),0.28,0.1462013,0.1462013,0.13379870235919955,0.13379870235919955,0.0
2981,R1336MZZ(Z),0.589,0.17393452,0.17393452,0.4150654807090759,0.4150654807090759,0.0
2982,R1336MZZ(Z),0.28,0.15676093,0.15676087,0.12323906898498538,0.12323912858963015,5.960464477539063e-08
2983,R1336MZZ(Z),0.589,0.18681763,0.18681765,0.40218236887454983,0.40218235397338864,-1.4901161193847656e-08
2984,R1234YF,0.021,0.13497502,0.13497502,0.11397501611709594,0.11397501611709594,0.0
2985,R1234YF,0.04,0.15562487,0.15562487,0.1156248664855957,0.1156248664855957,0.0
2986,R1234YF,0.056,0.16981715,0.16981715,0.11381714963912964,0.11381714963912964,0.0
2987,R1234YF,0.076,0.18510252,0.18510252,0.10910252237319946,0.10910252237319946,0.0
2988,R1234YF,0.095,0.20263308,0.20263308,0.1076330828666687,0.1076330828666687,0.0
2989,R1234YF,0.113,0.21841913,0.21841913,0.1054191346168518,0.1054191346168518,0.0
2990,R1234YF,0.133,0.23464975,0.23464975,0.10164974761009216,0.10164974761009216,0.0
2991,R1234YF,0.019,0.09668369,0.09668369,0.07768368846178055,0.07768368846178055,0.0
2992,R1234YF,0.034,0.11576964,0.11576964,0.0817696396112442,0.0817696396112442,0.0
2993,R1234YF,0.047,0.13199219,0.13199219,0.08499219107627869,0.08499219107627869,0.0
2994,R1234YF,0.06,0.14870831,0.14870831,0.08870831370353699,0.08870831370353699,0.0
2995,R1234YF,0.073,0.16551682,0.16551682,0.09251682353019715,0.09251682353019715,0.0
2996,R1234YF,0.087,0.18068954,0.18068954,0.09368954348564149,0.09368954348564149,0.0
2997,R1234YF,0.101,0.19793129,0.19793129,0.09693128967285156,0.09693128967285156,0.0
2998,R1234YF,0.113,0.21749194,0.21749194,0.10449193966388702,0.10449193966388702,0.0
2999,R1234YF,0.129,0.23986065,0.23986065,0.1108606538772583,0.1108606538772583,0.0
3000,R1234YF,0.015,0.06235172,0.06235172,0.04735171854496002,0.04735171854496002,0.0
3001,R1234YF,0.027,0.084440015,0.084440015,0.05744001525640488,0.05744001525640488,0.0
3002,R1234YF,0.036,0.1000427,0.1000427,0.06404270076751709,0.06404270076751709,0.0
3003,R1234YF,0.047,0.11557111,0.11557111,0.06857111144065857,0.06857111144065857,0.0
3004,R1234YF,0.058,0.12874605,0.12874605,0.07074604761600495,0.07074604761600495,0.0
3005,R1234YF,0.069,0.14235191,0.14235191,0.07335191047191619,0.07335191047191619,0.0
3006,R1234YF,0.08,0.15910593,0.15910593,0.07910592675209045,0.07910592675209045,0.0
3007,R1234YF,0.088,0.17981033,0.17981033,0.09181033027172089,0.09181033027172089,0.0
3008,R1234YF,0.1,0.2025525,0.2025525,0.10255249738693237,0.10255249738693237,0.0
3009,R1234YF,0.113,0.2276475,0.2276475,0.11464749825000763,0.11464749825000763,0.0
3010,R1234YF,0.012,0.038355544,0.038355544,0.026355544209480285,0.026355544209480285,0.0
3011,R1234YF,0.023,0.056444317,0.056444317,0.03344431710243225,0.03344431710243225,0.0
3012,R1234YF,0.03,0.07052685,0.07052685,0.0405268532037735,0.0405268532037735,0.0
3013,R1234YF,0.039,0.08302122,0.08302122,0.04402122354507446,0.04402122354507446,0.0
3014,R1234YF,0.047,0.091849804,0.091849804,0.04484980392456055,0.04484980392456055,0.0
3015,R1234YF,0.056,0.10252087,0.10252087,0.04652086818218231,0.04652086818218231,0.0
3016,R1234YF,0.065,0.119342506,0.119342506,0.054342505931854246,0.054342505931854246,0.0
3017,R1234YF,0.071,0.14200318,0.14200318,0.07100317859649659,0.07100317859649659,0.0
3018,R1234YF,0.08,0.16725376,0.16725376,0.0872537624835968,0.0872537624835968,0.0
3019,R1234YF,0.091,0.19562788,0.19562788,0.10462788307666779,0.10462788307666779,0.0
3020,R1234YF,0.01,0.0061939796,0.0061939796,0.0038060203567147257,0.0038060203567147257,0.0
3021,R1234YF,0.018,0.027217194,0.027217194,0.009217194437980653,0.009217194437980653,0.0
3022,R1234YF,0.025,0.040771425,0.040771425,0.015771424770355223,0.015771424770355223,0.0
3023,R1234YF,0.031,0.053665265,0.053665265,0.022665265440940857,0.022665265440940857,0.0
3024,R1234YF,0.039,0.06366798,0.06366798,0.024667982816696167,0.024667982816696167,0.0
3025,R1234YF,0.045,0.07424673,0.07424673,0.02924672693014145,0.02924672693014145,0.0
3026,R1234YF,0.052,0.09324883,0.09324883,0.041248829245567324,0.041248829245567324,0.0
3027,R1234YF,0.059,0.11546408,0.11546408,0.056464076399803165,0.056464076399803165,0.0
3028,R1234YF,0.067,0.1395222,0.1395222,0.07252219486236572,0.07252219486236572,0.0
3029,R1234YF,0.074,0.16826905,0.16826905,0.09426905310153962,0.09426905310153962,0.0
3030,R1234YF,0.008,0.0,0.0,0.008,0.008,0.0
3031,R1234YF,0.015,0.0076262197,0.0076262197,0.007373780347406864,0.007373780347406864,0.0
3032,R1234YF,0.021,0.022330984,0.022330984,0.0013309844732284533,0.0013309844732284533,0.0
3033,R1234YF,0.027,0.03594806,0.03594806,0.00894806045293808,0.00894806045293808,0.0
3034,R1234YF,0.033,0.04852794,0.04852794,0.015527941107749937,0.015527941107749937,0.0
3035,R1234YF,0.038,0.060744286,0.060744286,0.022744285583496095,0.022744285583496095,0.0
3036,R1234YF,0.044,0.07526709,0.07526709,0.03126709139347077,0.03126709139347077,0.0
3037,R1234YF,0.05,0.09262569,0.09262569,0.042625692486763,0.042625692486763,0.0
3038,R1234YF,0.057,0.11333418,0.11333418,0.056334178924560545,0.056334178924560545,0.0
3039,R1234YF,0.063,0.13666074,0.13666074,0.07366073977947235,0.07366073977947235,0.0
3040,R1234YF,0.007,0.0,0.0,0.007,0.007,0.0
3041,R1234YF,0.013,0.0,0.0,0.013,0.013,0.0
3042,R1234YF,0.018,0.009126431,0.009126431,0.008873568691313265,0.008873568691313265,0.0
3043,R1234YF,0.023,0.02221708,0.02221708,0.0007829200029373165,0.0007829200029373165,0.0
3044,R1234YF,0.028,0.032080404,0.032080404,0.004080404460430145,0.004080404460430145,0.0
3045,R1234YF,0.033,0.041335836,0.041335836,0.00833583605289459,0.00833583605289459,0.0
3046,R1234YF,0.038,0.052893937,0.052893937,0.014893936634063722,0.014893936634063722,0.0
3047,R1234YF,0.042,0.06785117,0.06785117,0.025851170897483823,0.025851170897483823,0.0
3048,R1234YF,0.049,0.086994216,0.086994216,0.037994215846061705,0.037994215846061705,0.0
3049,R1234YF,0.054,0.11198433,0.11198433,0.05798432743549347,0.05798432743549347,0.0
3050,R1234YF,0.0138,0.16112009,0.16112009,0.14732008690834045,0.14732008690834045,0.0
3051,R1234YF,0.0281,0.17800084,0.17800084,0.14990083756446837,0.14990083756446837,0.0
3052,R1234YF,0.0409,0.193808,0.193808,0.15290800426006318,0.15290800426006318,0.0
3053,R1234YF,0.0541,0.20931798,0.20931798,0.15521798219680785,0.15521798219680785,0.0
3054,R1234YF,0.067,0.22381826,0.22381826,0.15681825745105743,0.15681825745105743,0.0
3055,R1234YF,0.0798,0.2353908,0.2353908,0.15559079725742342,0.15559079725742342,0.0
3056,R1234YF,0.0954,0.25124156,0.25124156,0.1558415647506714,0.1558415647506714,0.0
3057,R1234YF,0.0126,0.13210964,0.13210964,0.1195096420288086,0.1195096420288086,0.0
3058,R1234YF,0.0248,0.14866449,0.14866449,0.12386448938846588,0.12386448938846588,0.0
3059,R1234YF,0.0358,0.16238964,0.16238964,0.1265896360397339,0.1265896360397339,0.0
3060,R1234YF,0.048,0.17610297,0.17610297,0.12810296607017518,0.12810296607017518,0.0
3061,R1234YF,0.0601,0.18995947,0.18995947,0.12985946645736696,0.12985946645736696,0.0
3062,R1234YF,0.0722,0.20347197,0.20347197,0.13127197353839876,0.13127197353839876,0.0
3063,R1234YF,0.0831,0.21289045,0.21289045,0.12979044618606567,0.12979044618606567,0.0
3064,R1234YF,0.0112,0.09509937,0.09509937,0.08389936720132828,0.08389936720132828,0.0
3065,R1234YF,0.022,0.111039296,0.111039296,0.08903929579257966,0.08903929579257966,0.0
3066,R1234YF,0.0319,0.12557438,0.12557438,0.09367438015937805,0.09367438015937805,0.0
3067,R1234YF,0.0412,0.13933513,0.13933513,0.09813512568473816,0.09813512568473816,0.0
3068,R1234YF,0.0495,0.15064067,0.15064067,0.10114066648483276,0.10114066648483276,0.0
3069,R1234YF,0.0585,0.16240701,0.16240701,0.10390701079368592,0.10390701079368592,0.0
3070,R1234YF,0.0681,0.17668535,0.17668535,0.10858534815311432,0.10858534815311432,0.0
3071,R1234YF,0.0098,0.06403044,0.06403044,0.054230438661575314,0.054230438661575314,0.0
3072,R1234YF,0.0185,0.080036044,0.080036044,0.06153604412078857,0.06153604412078857,0.0
3073,R1234YF,0.0265,0.09351933,0.09351933,0.06701933002471924,0.06701933002471924,0.0
3074,R1234YF,0.0342,0.10836783,0.10836783,0.07416783051490783,0.07416783051490783,0.0
3075,R1234YF,0.0411,0.12280616,0.12280616,0.08170616164207459,0.08170616164207459,0.0
3076,R1234YF,0.0489,0.13481471,0.13481471,0.08591470942497254,0.08591470942497254,0.0
3077,R1234YF,0.057,0.14533573,0.14533573,0.08833573389053345,0.08833573389053345,0.0
3078,R1234YF,0.0086,0.035616145,0.035616145,0.02701614453792572,0.02701614453792572,0.0
3079,R1234YF,0.0156,0.05262214,0.05262214,0.03702213945388794,0.03702213945388794,0.0
3080,R1234YF,0.0225,0.0683385,0.0683385,0.04583849847316742,0.04583849847316742,0.0
3081,R1234YF,0.029,0.0803777,0.0803777,0.051377697944641115,0.051377697944641115,0.0
3082,R1234YF,0.0349,0.09301581,0.09301581,0.05811581233739853,0.05811581233739853,0.0
3083,R1234YF,0.0415,0.105793074,0.105793074,0.06429307377338409,0.06429307377338409,0.0
3084,R1234YF,0.0481,0.11704403,0.11704403,0.06894403162002563,0.06894403162002563,0.0
3085,R1234YF,0.0074,0.010267301,0.010267301,0.002867301462590694,0.002867301462590694,0.0
3086,R1234YF,0.0133,0.029539712,0.029539712,0.01623971177339554,0.01623971177339554,0.0
3087,R1234YF,0.0194,0.049069524,0.049069524,0.02966952381134033,0.02966952381134033,0.0
3088,R1234YF,0.0246,0.065355256,0.065355256,0.040755256199836734,0.040755256199836734,0.0
3089,R1234YF,0.0304,0.07792024,0.07792024,0.04752024314403534,0.04752024314403534,0.0
3090,R1234YF,0.0362,0.087807216,0.087807216,0.051607215750217435,0.051607215750217435,0.0
3091,R1234YF,0.0417,0.09714994,0.09714994,0.05544993834495544,0.05544993834495544,0.0
3092,R1234YF,0.0063,0.0,0.0,0.0063,0.0063,0.0
3093,R1234YF,0.0113,0.016665831,0.016665831,0.005365831208229066,0.005365831208229066,0.0
3094,R1234YF,0.0162,0.032084532,0.032084532,0.015884532082080842,0.015884532082080842,0.0
3095,R1234YF,0.0209,0.045490347,0.045490347,0.024590346848964693,0.024590346848964693,0.0
3096,R1234YF,0.0256,0.05865965,0.05865965,0.033059650385379794,0.033059650385379794,0.0
3097,R1234YF,0.0306,0.06967439,0.06967439,0.03907438757419586,0.03907438757419586,0.0
3098,R1234YF,0.0353,0.07472008,0.07472008,0.039420077216625216,0.039420077216625216,0.0
3099,R1234ZE(E),0.0918,0.11479127,0.1147913,0.022991266620159143,0.02299129642248153,2.9802322387695312e-08
3100,R1234ZE(E),0.1338,0.13751492,0.13751496,0.003714919042587278,0.0037149637460708596,4.470348358154297e-08
3101,R1234ZE(E),0.1774,0.15800975,0.15800977,0.019390247368812563,0.01939023246765137,-1.4901161193847656e-08
3102,R1234ZE(E),0.2167,0.17734401,0.17734401,0.03935599071979523,0.03935599071979523,0.0
3103,R1234ZE(E),0.2593,0.19648936,0.19648941,0.06281063609123227,0.0628105913877487,-4.470348358154297e-08
3104,R1234ZE(E),0.2969,0.21420181,0.21420182,0.08269819202423095,0.08269817712306976,-1.4901161193847656e-08
3105,R1234ZE(E),0.0764,0.09423039,0.09423039,0.017830391085147862,0.017830391085147862,0.0
3106,R1234ZE(E),0.1106,0.112422526,0.11242256,0.0018225258827209434,0.001822563135623928,3.725290298461914e-08
3107,R1234ZE(E),0.1433,0.12859896,0.12859896,0.014701041746139537,0.014701041746139537,0.0
3108,R1234ZE(E),0.1754,0.14435655,0.1443566,0.03104345121383667,0.03104340651035309,-4.470348358154297e-08
3109,R1234ZE(E),0.2097,0.16250964,0.16250965,0.047190364909172056,0.04719035000801086,-1.4901161193847656e-08
3110,R1234ZE(E),0.2419,0.17885268,0.1788527,0.06304732265472413,0.06304729285240174,-2.9802322387695312e-08
3111,R1234ZE(E),0.0613,0.0748062,0.07480626,0.013506198477745056,0.013506258082389831,5.960464477539063e-08
3112,R1234ZE(E),0.0891,0.08915335,0.08915336,5.3349399566651745e-05,5.335685014724867e-05,7.450580596923828e-09
3113,R1234ZE(E),0.1154,0.102852084,0.102852136,0.012547916257381442,0.012547864103317263,-5.21540641784668e-08
3114,R1234ZE(E),0.1414,0.1178714,0.11787142,0.023528596305847166,0.023528581404685972,-1.4901161193847656e-08
3115,R1234ZE(E),0.169,0.13340195,0.13340198,0.03559805476665498,0.03559802496433259,-2.9802322387695312e-08
3116,R1234ZE(E),0.1952,0.1483944,0.1483945,0.04680559415817262,0.04680550475120546,-8.940696716308594e-08
3117,R1234ZE(E),0.0499,0.051111616,0.05111164,0.0012116161942481996,0.0012116385459899903,2.2351741790771484e-08
3118,R1234ZE(E),0.0726,0.064767756,0.06476779,0.007832244431972502,0.007832207179069517,-3.725290298461914e-08
3119,R1234ZE(E),0.094,0.07708222,0.07708224,0.01691778326034546,0.01691776090860367,-2.2351741790771484e-08
3120,R1234ZE(E),0.1151,0.085978605,0.08597863,0.029121395146846765,0.029121372795104974,-2.2351741790771484e-08
3121,R1234ZE(E),0.1374,0.09639975,0.09639973,0.04100025316476821,0.04100026806592941,1.4901161193847656e-08
3122,R1234ZE(E),0.1584,0.10701713,0.10701716,0.0513828703403473,0.051382840538024915,-2.9802322387695312e-08
3123,R1234ZE(E),0.0411,0.024350345,0.024350353,0.01674965486526489,0.016749647414684293,-7.450580596923828e-09
3124,R1234ZE(E),0.0599,0.03712555,0.037125565,0.02277444978952408,0.022774434888362886,-1.4901161193847656e-08
3125,R1234ZE(E),0.0775,0.049060956,0.04906097,0.02843904435634613,0.028439029455184936,-1.4901161193847656e-08
3126,R1234ZE(E),0.0947,0.057991095,0.05799108,0.036708905112743384,0.03670892001390458,1.4901161193847656e-08
3127,R1234ZE(E),0.1132,0.07051156,0.07051155,0.04268844283819198,0.04268845028877258,7.450580596923828e-09
3128,R1234ZE(E),0.1304,0.08125532,0.08125535,0.04914468326568602,0.049144653463363636,-2.9802322387695312e-08
3129,R1234ZE(E),0.0343,0.0099262735,0.009926251,0.0243737265124917,0.02437374886423349,2.2351741790771484e-08
3130,R1234ZE(E),0.0502,0.022563405,0.022563413,0.027636594665050508,0.02763658721446991,-7.450580596923828e-09
3131,R1234ZE(E),0.0648,0.03502596,0.035025977,0.029774038302898403,0.02977402340173721,-1.4901161193847656e-08
3132,R1234ZE(E),0.0791,0.04719068,0.04719072,0.03190931890010834,0.031909281647205356,-3.725290298461914e-08
3133,R1234ZE(E),0.0946,0.060839713,0.06083975,0.03376028738021851,0.033760250127315525,-3.725290298461914e-08
3134,R1234ZE(E),0.109,0.07591193,0.07591194,0.033088068306446075,0.03308806085586548,-7.450580596923828e-09
3135,R1234ZE(E),0.0289,0.0,0.0,0.0289,0.0289,0.0
3136,R1234ZE(E),0.0417,0.010944574,0.010944611,0.030755425859987737,0.030755388607084752,-3.725290298461914e-08
3137,R1234ZE(E),0.0541,0.02451618,0.024516195,0.029583819842338564,0.02958380494117737,-1.4901161193847656e-08
3138,R1234ZE(E),0.0663,0.03525348,0.035253473,0.031046519923210142,0.03104652737379074,7.450580596923828e-09
3139,R1234ZE(E),0.0786,0.051614255,0.051614232,0.02698574528694153,0.026985767638683322,2.2351741790771484e-08
3140,R1234ZE(E),0.0906,0.06532159,0.06532163,0.025278412973880768,0.025278368270397186,-4.470348358154297e-08
3141,R1234YF,0.02515,0.09057539,0.09057539,0.06542538956403732,0.06542538956403732,0.0
3142,R1234YF,0.02245,0.06742278,0.06742278,0.0449727774143219,0.0449727774143219,0.0
3143,R1234YF,0.01899,0.038034774,0.038034774,0.019044774363040924,0.019044774363040924,0.0
3144,R1234YF,0.01749,0.017649993,0.017649993,0.00015999330043792864,0.00015999330043792864,0.0
3145,R1234YF,0.0153,0.002740427,0.002740427,0.012559573079645633,0.012559573079645633,0.0
3146,R1234YF,0.0226,0.1511492,0.1511492,0.1285491984128952,0.1285491984128952,0.0
3147,R1234YF,0.0422,0.16689892,0.16689892,0.1246989211320877,0.1246989211320877,0.0
3148,R1234YF,0.0608,0.18296184,0.18296184,0.12216183645725251,0.12216183645725251,0.0
3149,R1234YF,0.0772,0.1933795,0.1933795,0.11617950646877288,0.11617950646877288,0.0
3150,R1234YF,0.0962,0.20597982,0.20597982,0.10977982406616212,0.10977982406616212,0.0
3151,R1234YF,0.1165,0.21838263,0.21838263,0.10188262677192687,0.10188262677192687,0.0
3152,R1234YF,0.1388,0.22961546,0.22961546,0.0908154648065567,0.0908154648065567,0.0
3153,R1234YF,0.019,0.1161131,0.1161131,0.0971130964756012,0.0971130964756012,0.0
3154,R1234YF,0.0338,0.12852532,0.12852532,0.09472531671524048,0.09472531671524048,0.0
3155,R1234YF,0.0494,0.1403211,0.1403211,0.09092110571861267,0.09092110571861267,0.0
3156,R1234YF,0.0646,0.15111083,0.15111083,0.08651082792282104,0.08651082792282104,0.0
3157,R1234YF,0.0791,0.16274305,0.16274305,0.08364304687976837,0.08364304687976837,0.0
3158,R1234YF,0.0944,0.17635062,0.17635062,0.08195062336921692,0.08195062336921692,0.0
3159,R1234YF,0.1102,0.18940502,0.18940502,0.07920502405166625,0.07920502405166625,0.0
3160,R1234YF,0.0155,0.07805306,0.07805306,0.0625530571937561,0.0625530571937561,0.0
3161,R1234YF,0.0279,0.09172417,0.09172417,0.06382417223453521,0.06382417223453521,0.0
3162,R1234YF,0.0406,0.10663962,0.10663962,0.06603962364196778,0.06603962364196778,0.0
3163,R1234YF,0.0519,0.11898932,0.11898932,0.06708931860923767,0.06708931860923767,0.0
3164,R1234YF,0.0632,0.1298056,0.1298056,0.06660559468269348,0.06660559468269348,0.0
3165,R1234YF,0.0762,0.14136255,0.14136255,0.06516254787445068,0.06516254787445068,0.0
3166,R1234YF,0.0887,0.15406413,0.15406413,0.06536413376331329,0.06536413376331329,0.0
3167,R1234YF,0.0129,0.053029925,0.053029925,0.04012992463111877,0.04012992463111877,0.0
3168,R1234YF,0.0228,0.06652869,0.06652869,0.043728692841529845,0.043728692841529845,0.0
3169,R1234YF,0.0337,0.07959252,0.07959252,0.045892518508434295,0.045892518508434295,0.0
3170,R1234YF,0.0438,0.09100103,0.09100103,0.04720102633237839,0.04720102633237839,0.0
3171,R1234YF,0.053,0.099491335,0.099491335,0.04649133545160294,0.04649133545160294,0.0
3172,R1234YF,0.0631,0.10708724,0.10708724,0.04398723962306976,0.04398723962306976,0.0
3173,R1234YF,0.0736,0.11430283,0.11430283,0.040702828907966615,0.040702828907966615,0.0
3174,R1234YF,0.0106,0.023688301,0.023688301,0.01308830144405365,0.01308830144405365,0.0
3175,R1234YF,0.0191,0.03694985,0.03694985,0.017849850618839265,0.017849850618839265,0.0
3176,R1234YF,0.0282,0.04924099,0.04924099,0.021040991473197938,0.021040991473197938,0.0
3177,R1234YF,0.0365,0.061365955,0.061365955,0.024865954577922823,0.024865954577922823,0.0
3178,R1234YF,0.0444,0.07078071,0.07078071,0.026380709385871885,0.026380709385871885,0.0
3179,R1234YF,0.0531,0.07813576,0.07813576,0.025035758638381957,0.025035758638381957,0.0
3180,R1234YF,0.062,0.0857337,0.0857337,0.023733696818351746,0.023733696818351746,0.0
3181,R1234YF,0.0087,0.00069487747,0.00069487747,0.008005122531950473,0.008005122531950473,0.0
3182,R1234YF,0.0159,0.013998917,0.013998917,0.0019010826960206041,0.0019010826960206041,0.0
3183,R1234YF,0.0238,0.026523836,0.026523836,0.0027238359570503218,0.0027238359570503218,0.0
3184,R1234YF,0.0308,0.037849456,0.037849456,0.007049456071853637,0.007049456071853637,0.0
3185,R1234YF,0.0376,0.04922031,0.04922031,0.011620308661460875,0.011620308661460875,0.0
3186,R1234YF,0.0454,0.06087543,0.06087543,0.015475430703163144,0.015475430703163144,0.0
3187,R1234YF,0.0531,0.06865668,0.06865668,0.015556682968139647,0.015556682968139647,0.0
3188,R1234YF,0.0063,0.0,0.0,0.0063,0.0063,0.0
3189,R1234YF,0.0128,0.0,0.0,0.0128,0.0128,0.0
3190,R1234YF,0.0192,0.01122599,0.01122599,0.007974009980261324,0.007974009980261324,0.0
3191,R1234YF,0.0255,0.023016356,0.023016356,0.0024836440682411177,0.0024836440682411177,0.0
3192,R1234YF,0.0315,0.034122124,0.034122124,0.0026221243143081663,0.0026221243143081663,0.0
3193,R1234YF,0.038,0.045738727,0.045738727,0.007738726854324342,0.007738726854324342,0.0
3194,R1234YF,0.0441,0.050310917,0.050310917,0.006210917198657989,0.006210917198657989,0.0
3195,R1234YF,0.027,0.090027764,0.090027764,0.06302776443958283,0.06302776443958283,0.0
3196,R1234YF,0.048,0.111427836,0.111427836,0.06342783612012863,0.06342783612012863,0.0
3197,R1234YF,0.085,0.13717227,0.13717227,0.05217226684093475,0.05217226684093475,0.0
3198,R1234YF,0.113,0.15370312,0.15370312,0.04070312333106994,0.04070312333106994,0.0
3199,R1234YF,0.149,0.17431365,0.17431365,0.025313649535179145,0.025313649535179145,0.0
3200,R1234YF,0.024,0.066556185,0.066556185,0.042556185483932495,0.042556185483932495,0.0
3201,R1234YF,0.042,0.0863422,0.0863422,0.044342200636863706,0.044342200636863706,0.0
3202,R1234YF,0.077,0.10696205,0.10696205,0.029962047517299653,0.029962047517299653,0.0
3203,R1234YF,0.104,0.11775577,0.11775577,0.013755770683288579,0.013755770683288579,0.0
3204,R1234YF,0.14,0.13734591,0.13734591,0.002654089927673353,0.002654089927673353,0.0
3205,R1234YF,0.02,0.038331285,0.038331285,0.0183312851190567,0.0183312851190567,0.0
3206,R1234YF,0.037,0.057962134,0.057962134,0.02096213448047638,0.02096213448047638,0.0
3207,R1234YF,0.071,0.078076825,0.078076825,0.007076824545860297,0.007076824545860297,0.0
3208,R1234YF,0.095,0.092098996,0.092098996,0.00290100395679474,0.00290100395679474,0.0
3209,R1234YF,0.131,0.112688616,0.112688616,0.01831138408184052,0.01831138408184052,0.0
3210,R1234YF,0.017,0.016894639,0.016894639,0.00010536146163940552,0.00010536146163940552,0.0
3211,R1234YF,0.033,0.036326244,0.036326244,0.003326244473457335,0.003326244473457335,0.0
3212,R1234YF,0.065,0.06368764,0.06368764,0.0013123625516891502,0.0013123625516891502,0.0
3213,R1234YF,0.087,0.0749263,0.0749263,0.012073698163032526,0.012073698163032526,0.0
3214,R1234YF,0.124,0.09113124,0.09113124,0.032868759870529174,0.032868759870529174,0.0
3215,R1234YF,0.015,0.002346023,0.002346023,0.012653977014124393,0.012653977014124393,0.0
3216,R1234YF,0.03,0.02286487,0.02286487,0.0071351292729377735,0.0071351292729377735,0.0
3217,R1234YF,0.057,0.048190303,0.048190303,0.00880969685316086,0.00880969685316086,0.0
3218,R1234YF,0.081,0.054958187,0.054958187,0.026041812956333163,0.026041812956333163,0.0
3219,R1234YF,0.117,0.066063434,0.066063434,0.050936566114425666,0.050936566114425666,0.0
3220,R1234YF,0.012,0.0,0.0,0.012,0.012,0.0
3221,R1234YF,0.026,0.0050200364,0.0050200364,0.02097996363788843,0.02097996363788843,0.0
3222,R1234YF,0.052,0.023585647,0.023585647,0.028414352655410764,0.028414352655410764,0.0
3223,R1234YF,0.076,0.035406232,0.035406232,0.04059376811981201,0.04059376811981201,0.0
3224,R1234YF,0.111,0.057189643,0.057189643,0.05381035661697388,0.05381035661697388,0.0
3225,R1234ZE(E),0.0511,0.07178809,0.071788125,0.020688087487220765,0.02068812474012375,3.725290298461914e-08
3226,R1234ZE(E),0.099,0.09266991,0.092669934,0.006330088317394261,0.0063300659656524705,-2.2351741790771484e-08
3227,R1234ZE(E),0.1503,0.111139596,0.11113963,0.03916040449142455,0.039160367238521565,-3.725290298461914e-08
3228,R1234ZE(E),0.195,0.12831464,0.12831461,0.06668535590171815,0.06668538570404053,2.9802322387695312e-08
3229,R1234ZE(E),0.2387,0.1443054,0.14430541,0.09439460690021514,0.09439459199905395,-1.4901161193847656e-08
3230,R1234ZE(E),0.2827,0.15925205,0.15925205,0.12344795246124268,0.12344795246124268,0.0
3231,R1234ZE(E),0.3241,0.17297645,0.17297648,0.15112355086803436,0.15112352106571197,-2.9802322387695312e-08
3232,R1234ZE(E),0.0437,0.053407073,0.053407095,0.009707073020935056,0.009707095372676847,2.2351741790771484e-08
3233,R1234ZE(E),0.0852,0.07120411,0.071204126,0.013995889019966123,0.01399587411880493,-1.4901161193847656e-08
3234,R1234ZE(E),0.1233,0.08724529,0.08724531,0.036054707038402564,0.03605469213724137,-1.4901161193847656e-08
3235,R1234ZE(E),0.1604,0.10168324,0.1016833,0.058716763341426836,0.058716696286201464,-6.705522537231445e-08
3236,R1234ZE(E),0.1959,0.11538088,0.11538096,0.08051911678314208,0.08051904227733611,-7.450580596923828e-08
3237,R1234ZE(E),0.2327,0.1268977,0.12689772,0.1058023073196411,0.10580227751731872,-2.9802322387695312e-08
3238,R1234ZE(E),0.268,0.14017305,0.14017308,0.12782695221900942,0.12782692241668703,-2.9802322387695312e-08
3239,R1234ZE(E),0.0367,0.040740423,0.04074046,0.004040422904491421,0.004040460157394406,3.725290298461914e-08
3240,R1234ZE(E),0.0689,0.05647058,0.056470565,0.012429419600963595,0.01242943450212479,1.4901161193847656e-08
3241,R1234ZE(E),0.1001,0.07084838,0.07084841,0.029251616990566248,0.02925158718824386,-2.9802322387695312e-08
3242,R1234ZE(E),0.1301,0.08379535,0.08379534,0.04630465368032455,0.046304661130905145,7.450580596923828e-09
3243,R1234ZE(E),0.1591,0.09534438,0.09534441,0.06375562045574187,0.06375559065341949,-2.9802322387695312e-08
3244,R1234ZE(E),0.1894,0.10620195,0.10620198,0.08319805326461793,0.08319802346229555,-2.9802322387695312e-08
3245,R1234ZE(E),0.2184,0.115666255,0.11566627,0.10273374464511872,0.10273372974395753,-1.4901161193847656e-08
3246,R1234ZE(E),0.0307,0.01406297,0.014062977,0.01663703005462885,0.016637022604048254,-7.450580596923828e-09
3247,R1234ZE(E),0.056,0.031757027,0.03175704,0.02424297308921814,0.024242958188056947,-1.4901161193847656e-08
3248,R1234ZE(E),0.0813,0.044494256,0.044494286,0.03680574362277984,0.036805713820457456,-2.9802322387695312e-08
3249,R1234ZE(E),0.1058,0.054461353,0.05446139,0.051338647472858434,0.05133861021995545,-3.725290298461914e-08
3250,R1234ZE(E),0.1295,0.06567213,0.06567212,0.0638278706073761,0.0638278780579567,7.450580596923828e-09
3251,R1234ZE(E),0.1543,0.07735479,0.0773548,0.07694521121978759,0.0769451963186264,-1.4901161193847656e-08
3252,R1234ZE(E),0.1782,0.08716135,0.08716136,0.0910386527299881,0.0910386378288269,-1.4901161193847656e-08
3253,R1234ZE(E),0.0248,0.0,0.0,0.0248,0.0248,0.0
3254,R1234ZE(E),0.0454,0.0041235304,0.0041235453,0.04127646964937449,0.041276454748213294,-1.4901161193847656e-08
3255,R1234ZE(E),0.0667,0.016719755,0.016719759,0.049980245214700694,0.049980241489410396,-3.725290298461914e-09
3256,R1234ZE(E),0.0868,0.029214937,0.029214904,0.05758506276011467,0.05758509628772736,3.3527612686157227e-08
3257,R1234ZE(E),0.1063,0.041078195,0.041078202,0.06522180502414704,0.06522179757356644,-7.450580596923828e-09
3258,R1234ZE(E),0.1266,0.0571509,0.057150885,0.06944909963607787,0.06944911453723907,1.4901161193847656e-08
3259,R1234ZE(E),0.1464,0.06976247,0.0697625,0.07663753166198731,0.07663750185966492,-2.9802322387695312e-08
3260,R1234ZE(E),0.0201,0.0,0.0,0.0201,0.0201,0.0
3261,R1234ZE(E),0.0374,0.0,0.0,0.0374,0.0374,0.0
3262,R1234ZE(E),0.055,0.0076904437,0.0076904586,0.04730955634266138,0.04730954144150019,-1.4901161193847656e-08
3263,R1234ZE(E),0.0718,0.019386396,0.019386403,0.052413604187965396,0.0524135967373848,-7.450580596923828e-09
3264,R1234ZE(E),0.088,0.029173777,0.029173791,0.05882622349262237,0.05882620859146118,-1.4901161193847656e-08
3265,R1234ZE(E),0.1049,0.04237137,0.042371415,0.06252863010168075,0.06252858539819717,-4.470348358154297e-08
3266,R1234ZE(E),0.1218,0.054936007,0.054935984,0.06686399333477021,0.066864015686512,2.2351741790771484e-08
3267,R1234ZE(E),0.016,0.0,0.0,0.016,0.016,0.0
3268,R1234ZE(E),0.0305,0.0,0.0,0.0305,0.0305,0.0
3269,R1234ZE(E),0.045,0.0,0.0,0.045,0.045,0.0
3270,R1234ZE(E),0.059,0.0006898185,0.0006897962,0.05831018147617578,0.05831020382791757,2.2351741790771484e-08
3271,R1234ZE(E),0.0725,0.014924883,0.01492492,0.05757511708885431,0.05757507983595132,-3.725290298461914e-08
3272,R1234ZE(E),0.0867,0.029539116,0.029539108,0.057160884273052215,0.05716089172363281,7.450580596923828e-09
3273,R1234ZE(E),0.1003,0.042247146,0.042247124,0.05805285363197327,0.05805287598371506,2.2351741790771484e-08
3274,R1233ZD(E),0.007,0.07863118,0.07863112,0.0716311775445938,0.07163111793994903,-5.960464477539063e-08
3275,R1233ZD(E),0.018,0.082821704,0.08282163,0.06482170444726944,0.06482162994146347,-7.450580596923828e-08
3276,R1233ZD(E),0.033,0.08651469,0.08651463,0.05351468902826309,0.053514629423618315,-5.960464477539063e-08
3277,R1233ZD(E),0.05,0.09234053,0.09234053,0.042340528964996335,0.042340528964996335,0.0
3278,R1233ZD(E),0.065,0.09586141,0.095861375,0.030861412584781645,0.03086137533187866,-3.725290298461914e-08
3279,R1233ZD(E),0.081,0.10100989,0.10100998,0.020009890437126157,0.02000997984409332,8.940696716308594e-08
3280,R1233ZD(E),0.006,0.038693637,0.03869362,0.0326936366558075,0.0326936217546463,-1.4901161193847656e-08
3281,R1233ZD(E),0.017,0.042487763,0.04248769,0.025487762868404387,0.025487688362598418,-7.450580596923828e-08
3282,R1233ZD(E),0.031,0.046768375,0.046768412,0.015768374741077423,0.015768411993980408,3.725290298461914e-08
3283,R1233ZD(E),0.047,0.05246214,0.052462056,0.005462138235569,0.005462056279182434,-8.195638656616211e-08
3284,R1233ZD(E),0.062,0.05775951,0.05775942,0.004240491509437561,0.004240580916404724,8.940696716308594e-08
3285,R1233ZD(E),0.077,0.06296531,0.06296536,0.014034688889980315,0.014034636735916137,-5.21540641784668e-08
3286,R1233ZD(E),0.006,0.004647027,0.0046469932,0.0013529732301831247,0.0013530067577958108,3.3527612686157227e-08
3287,R1233ZD(E),0.016,0.009027286,0.009027279,0.0069727135673165325,0.006972721017897129,7.450580596923828e-09
3288,R1233ZD(E),0.029,0.01426006,0.014260038,0.014739939846098424,0.014739962197840215,2.2351741790771484e-08
3289,R1233ZD(E),0.044,0.020911619,0.020911582,0.02308838093280792,0.023088418185710904,3.725290298461914e-08
3290,R1233ZD(E),0.058,0.026422165,0.026422113,0.0315778346657753,0.03157788681983948,5.21540641784668e-08
3291,R1233ZD(E),0.072,0.03270065,0.03270065,0.039299349606037134,0.039299349606037134,0.0
3292,R1233ZD(E),0.005,0.0,0.0,0.005,0.005,0.0
3293,R1233ZD(E),0.015,0.0,0.0,0.015,0.015,0.0
3294,R1233ZD(E),0.027,0.0028132563,0.0028132638,0.024186743654310703,0.024186736203730106,-7.450580596923828e-09
3295,R1233ZD(E),0.041,0.010135657,0.010135732,0.030864342845976354,0.030864268340170385,-7.450580596923828e-08
3296,R1233ZD(E),0.054,0.016489856,0.016489893,0.03751014405488968,0.037510106801986694,-3.725290298461914e-08
3297,R1233ZD(E),0.067,0.024403594,0.024403654,0.04259640556573868,0.04259634596109391,-5.960464477539063e-08
3298,R1233ZD(E),0.004,0.0,0.0,0.004,0.004,0.0
3299,R1233ZD(E),0.013,0.0,0.0,0.013,0.013,0.0
3300,R1233ZD(E),0.024,0.0,0.0,0.024,0.024,0.0
3301,R1233ZD(E),0.037,0.0,0.0,0.037,0.037,0.0
3302,R1233ZD(E),0.05,0.005235142,0.005235209,0.044764857925474646,0.044764790870249274,-6.705522537231445e-08
3303,R1233ZD(E),0.062,0.012956194,0.012956171,0.049043806351721286,0.04904382870346308,2.2351741790771484e-08
3304,R1234YF,0.02866,0.11061205,0.11061205,0.08195204969882965,0.08195204969882965,0.0
3305,R1234YF,0.02383,0.07488011,0.07488011,0.05105010823726654,0.05105010823726654,0.0
3306,R1234YF,0.02144,0.05041589,0.05041589,0.02897588842868805,0.02897588842868805,0.0
3307,R1234YF,0.01818,0.023708299,0.023708299,0.005528298802375792,0.005528298802375792,0.0
3308,R1234YF,0.01629,0.008033416,0.008033416,0.008256583766043185,0.008256583766043185,0.0
3309,R1234YF,0.036,0.12772936,0.12772936,0.09172935628890991,0.09172935628890991,0.0
3310,R1234YF,0.061,0.1491942,0.1491942,0.08819419586658478,0.08819419586658478,0.0
3311,R1234YF,0.082,0.1658172,0.1658172,0.08381720113754272,0.08381720113754272,0.0
3312,R1234YF,0.11,0.19123653,0.19123653,0.08123652577400207,0.08123652577400207,0.0
3313,R1234YF,0.151,0.23073125,0.23073125,0.07973124885559082,0.07973124885559082,0.0
3314,R1234YF,0.032,0.094500005,0.094500005,0.06250000524520874,0.06250000524520874,0.0
3315,R1234YF,0.053,0.12097481,0.12097481,0.06797480893135072,0.06797480893135072,0.0
3316,R1234YF,0.072,0.1410313,0.1410313,0.06903129506111146,0.06903129506111146,0.0
3317,R1234YF,0.096,0.16433097,0.16433097,0.06833097422122955,0.06833097422122955,0.0
3318,R1234YF,0.132,0.20702973,0.20702973,0.07502973008155822,0.07502973008155822,0.0
3319,R1234YF,0.028,0.07210949,0.07210949,0.04410949063301087,0.04410949063301087,0.0
3320,R1234YF,0.047,0.096514,0.096514,0.04951400148868561,0.04951400148868561,0.0
3321,R1234YF,0.063,0.114409715,0.114409715,0.05140971493721008,0.05140971493721008,0.0
3322,R1234YF,0.084,0.13545695,0.13545695,0.05145694947242736,0.05145694947242736,0.0
3323,R1234YF,0.115,0.17633316,0.17633316,0.061333159208297724,0.061333159208297724,0.0
3324,R1234YF,0.025,0.052565917,0.052565917,0.02756591737270355,0.02756591737270355,0.0
3325,R1234YF,0.042,0.078915805,0.078915805,0.03691580462455749,0.03691580462455749,0.0
3326,R1234YF,0.057,0.09540798,0.09540798,0.03840797770023346,0.03840797770023346,0.0
3327,R1234YF,0.074,0.11236335,0.11236335,0.03836335337162018,0.03836335337162018,0.0
3328,R1234YF,0.102,0.14781868,0.14781868,0.0458186845779419,0.0458186845779419,0.0
3329,R1234YF,0.022,0.0348266,0.0348266,0.012826599061489107,0.012826599061489107,0.0
3330,R1234YF,0.037,0.06270436,0.06270436,0.025704361975193026,0.025704361975193026,0.0
3331,R1234YF,0.051,0.077143826,0.077143826,0.026143825590610507,0.026143825590610507,0.0
3332,R1234YF,0.066,0.084711224,0.084711224,0.018711223840713498,0.018711223840713498,0.0
3333,R1234YF,0.091,0.11974025,0.11974025,0.028740247726440432,0.028740247726440432,0.0
3334,R1234YF,0.019,0.010861433,0.010861433,0.008138566888868808,0.008138566888868808,0.0
3335,R1234YF,0.034,0.039532527,0.039532527,0.005532527327537534,0.005532527327537534,0.0
3336,R1234YF,0.045,0.054477856,0.054477856,0.009477855563163759,0.009477855563163759,0.0
3337,R1234YF,0.06,0.06955391,0.06955391,0.009553911685943606,0.009553911685943606,0.0
3338,R1234YF,0.082,0.10879548,0.10879548,0.026795478940010067,0.026795478940010067,0.0
3339,R1233ZD(E),0.011,0.10022316,0.10022325,0.08922316128015519,0.08922325068712235,8.940696716308594e-08
3340,R1233ZD(E),0.028,0.10435374,0.10435376,0.07635374081134796,0.07635376316308976,2.2351741790771484e-08
3341,R1233ZD(E),0.047,0.11047807,0.11047809,0.06347807335853577,0.06347808825969696,1.4901161193847656e-08
3342,R1233ZD(E),0.066,0.115807235,0.115807265,0.049807235240936276,0.049807265043258664,2.9802322387695312e-08
3343,R1233ZD(E),0.084,0.120877564,0.12087758,0.03687756395339965,0.03687757885456085,1.4901161193847656e-08
3344,R1233ZD(E),0.103,0.1255596,0.12555966,0.02255959820747376,0.022559657812118536,5.960464477539063e-08
3345,R1233ZD(E),0.01,0.05975301,0.059752963,0.04975300818681717,0.049752963483333586,-4.470348358154297e-08
3346,R1233ZD(E),0.026,0.063427,0.06342699,0.03742700123786927,0.037426986336708074,-1.4901161193847656e-08
3347,R1233ZD(E),0.044,0.06765625,0.06765622,0.023656248807907107,0.02365621900558472,-2.9802322387695312e-08
3348,R1233ZD(E),0.062,0.07303916,0.073039204,0.011039159178733826,0.011039203882217408,4.470348358154297e-08
3349,R1233ZD(E),0.08,0.07907734,0.07907735,0.000922659337520601,0.0009226518869400041,-7.450580596923828e-09
3350,R1233ZD(E),0.099,0.085306555,0.08530655,0.013693444967269902,0.013693452417850499,7.450580596923828e-09
3351,R1233ZD(E),0.009,0.028566353,0.028566323,0.019566353023052215,0.019566323220729827,-2.9802322387695312e-08
3352,R1233ZD(E),0.024,0.033065952,0.033065923,0.009065952360630035,0.009065922558307647,-2.9802322387695312e-08
3353,R1233ZD(E),0.042,0.038783602,0.038783573,0.0032163975834846523,0.00321642738580704,2.9802322387695312e-08
3354,R1233ZD(E),0.059,0.044264287,0.0442643,0.014735713243484494,0.0147356983423233,-1.4901161193847656e-08
3355,R1233ZD(E),0.076,0.049420938,0.049420923,0.026579062104225157,0.02657907700538635,1.4901161193847656e-08
3356,R1233ZD(E),0.093,0.055481315,0.055481277,0.03751868534088135,0.03751872259378433,3.725290298461914e-08
3357,R1233ZD(E),0.007,0.011371671,0.011371619,0.004371671222150326,0.004371619068086147,-5.21540641784668e-08
3358,R1233ZD(E),0.022,0.016654916,0.016654924,0.005345083892345427,0.00534507644176483,-7.450580596923828e-09
3359,R1233ZD(E),0.038,0.022508636,0.022508651,0.015491363883018493,0.015491348981857299,-1.4901161193847656e-08
3360,R1233ZD(E),0.054,0.028945163,0.02894514,0.025054837107658386,0.025054859459400176,2.2351741790771484e-08
3361,R1233ZD(E),0.07,0.035204723,0.03520473,0.03479527652263642,0.03479526907205582,-7.450580596923828e-09
3362,R1233ZD(E),0.088,0.042606175,0.042606182,0.045393825054168696,0.0453938176035881,-7.450580596923828e-09
3363,R1233ZD(E),0.006,0.0,0.0,0.006,0.006,0.0
3364,R1233ZD(E),0.02,0.0054402044,0.005440212,0.01455979559570551,0.014559788145124913,-7.450580596923828e-09
3365,R1233ZD(E),0.035,0.012653991,0.0126539385,0.022346009351313117,0.022346061505377296,5.21540641784668e-08
3366,R1233ZD(E),0.05,0.020021543,0.02002155,0.029978457093238833,0.029978449642658236,-7.450580596923828e-09
3367,R1233ZD(E),0.065,0.026725948,0.02672594,0.038274052143096926,0.03827405959367752,7.450580596923828e-09
3368,R1233ZD(E),0.081,0.03384921,0.03384921,0.047150790452957156,0.047150790452957156,0.0
3369,R1234YF,0.0224,0.17439795,0.17439795,0.15199794540405273,0.15199794540405273,0.0
3370,R1234YF,0.0408,0.190492,0.190492,0.14969200415611267,0.14969200415611267,0.0
3371,R1234YF,0.0604,0.20709705,0.20709705,0.14669705352783202,0.14669705352783202,0.0
3372,R1234YF,0.0798,0.22349669,0.22349669,0.14369669039249422,0.14369669039249422,0.0
3373,R1234YF,0.098,0.23759842,0.23759842,0.13959841918945312,0.13959841918945312,0.0
3374,R1234YF,0.1174,0.25039235,0.25039235,0.132992347574234,0.132992347574234,0.0
3375,R1234YF,0.1366,0.26490986,0.26490986,0.12830986347198486,0.12830986347198486,0.0
3376,R1234YF,0.02,0.1460472,0.1460472,0.1260472047328949,0.1260472047328949,0.0
3377,R1234YF,0.0357,0.15980758,0.15980758,0.12410757772922515,0.12410757772922515,0.0
3378,R1234YF,0.0518,0.17307782,0.17307782,0.12127782173156738,0.12127782173156738,0.0
3379,R1234YF,0.0676,0.18568665,0.18568665,0.1180866478919983,0.1180866478919983,0.0
3380,R1234YF,0.0826,0.19807938,0.19807938,0.11547937741279601,0.11547937741279601,0.0
3381,R1234YF,0.0983,0.2091061,0.2091061,0.11080610258579254,0.11080610258579254,0.0
3382,R1234YF,0.1146,0.22454646,0.22454646,0.10994646229743958,0.10994646229743958,0.0
3383,R1234YF,0.0174,0.109499305,0.109499305,0.09209930548667908,0.09209930548667908,0.0
3384,R1234YF,0.0318,0.122695595,0.122695595,0.09089559502601624,0.09089559502601624,0.0
3385,R1234YF,0.0461,0.13582659,0.13582659,0.08972658767700195,0.08972658767700195,0.0
3386,R1234YF,0.0606,0.1482569,0.1482569,0.08765689792633057,0.08765689792633057,0.0
3387,R1234YF,0.0729,0.15863943,0.15863943,0.08573943099975585,0.08573943099975585,0.0
3388,R1234YF,0.0871,0.17082664,0.17082664,0.08372664370536805,0.08372664370536805,0.0
3389,R1234YF,0.0992,0.18498951,0.18498951,0.08578951196670533,0.08578951196670533,0.0
3390,R1234YF,0.0154,0.075054124,0.075054124,0.059654123997688296,0.059654123997688296,0.0
3391,R1234YF,0.0278,0.08969371,0.08969371,0.06189371020793915,0.06189371020793915,0.0
3392,R1234YF,0.0396,0.10433112,0.10433112,0.0647311208486557,0.0647311208486557,0.0
3393,R1234YF,0.0503,0.117357135,0.117357135,0.06705713481903076,0.06705713481903076,0.0
3394,R1234YF,0.0611,0.1296606,0.1296606,0.06856060638427734,0.06856060638427734,0.0
3395,R1234YF,0.0722,0.14210081,0.14210081,0.06990081100463867,0.06990081100463867,0.0
3396,R1234YF,0.0827,0.15333708,0.15333708,0.07063707630634308,0.07063707630634308,0.0
3397,R1234YF,0.0134,0.04992401,0.04992401,0.03652400854825973,0.03652400854825973,0.0
3398,R1234YF,0.0235,0.0660737,0.0660737,0.0425737007856369,0.0425737007856369,0.0
3399,R1234YF,0.0334,0.07827487,0.07827487,0.044874868428707124,0.044874868428707124,0.0
3400,R1234YF,0.043,0.090747714,0.090747714,0.04774771404266358,0.04774771404266358,0.0
3401,R1234YF,0.0513,0.10213798,0.10213798,0.0508379828453064,0.0508379828453064,0.0
3402,R1234YF,0.0612,0.1123168,0.1123168,0.0511168021440506,0.0511168021440506,0.0
3403,R1234YF,0.0698,0.12198296,0.12198296,0.052182961893081664,0.052182961893081664,0.0
3404,R1234YF,0.0116,0.023134261,0.023134261,0.011534261369705201,0.011534261369705201,0.0
3405,R1234YF,0.0203,0.041653655,0.041653655,0.021353655469417573,0.021353655469417573,0.0
3406,R1234YF,0.0291,0.058465317,0.058465317,0.029365316891670226,0.029365316891670226,0.0
3407,R1234YF,0.0369,0.071440406,0.071440406,0.03454040614366531,0.03454040614366531,0.0
3408,R1234YF,0.0447,0.08202876,0.08202876,0.03732876150608063,0.03732876150608063,0.0
3409,R1234YF,0.0528,0.0923383,0.0923383,0.03953830124139786,0.03953830124139786,0.0
3410,R1234YF,0.0603,0.10109054,0.10109054,0.04079054297208786,0.04079054297208786,0.0
3411,R1234YF,0.01,0.006004966,0.006004966,0.003995034135878086,0.003995034135878086,0.0
3412,R1234YF,0.0173,0.023204632,0.023204632,0.005904632103443146,0.005904632103443146,0.0
3413,R1234YF,0.0245,0.040145002,0.040145002,0.01564500230550766,0.01564500230550766,0.0
3414,R1234YF,0.0314,0.054181933,0.054181933,0.02278193340301514,0.02278193340301514,0.0
3415,R1234YF,0.038,0.06419657,0.06419657,0.026196571707725526,0.026196571707725526,0.0
3416,R1234YF,0.0448,0.07283092,0.07283092,0.028030922901630402,0.028030922901630402,0.0
3417,R1234YF,0.0517,0.07780136,0.07780136,0.02610136168003082,0.02610136168003082,0.0
3418,R1234YF,0.031,0.12859958,0.12859958,0.09759958410263062,0.09759958410263062,0.0
3419,R1234YF,0.045,0.1438081,0.1438081,0.09880809664726257,0.09880809664726257,0.0
3420,R1234YF,0.067,0.16328914,0.16328914,0.0962891446352005,0.0962891446352005,0.0
3421,R1234YF,0.097,0.19651398,0.19651398,0.09951398062705993,0.09951398062705993,0.0
3422,R1234YF,0.138,0.24347377,0.24347377,0.10547376823425292,0.10547376823425292,0.0
3423,R1234YF,0.027,0.09473107,0.09473107,0.06773107010126114,0.06773107010126114,0.0
3424,R1234YF,0.038,0.11374727,0.11374727,0.07574726891517639,0.07574726891517639,0.0
3425,R1234YF,0.057,0.13627218,0.13627218,0.07927217710018158,0.07927217710018158,0.0
3426,R1234YF,0.081,0.16561566,0.16561566,0.08461566293239593,0.08461566293239593,0.0
3427,R1234YF,0.114,0.21586123,0.21586123,0.1018612310886383,0.1018612310886383,0.0
3428,R1234YF,0.022,0.07166191,0.07166191,0.04966191190481186,0.04966191190481186,0.0
3429,R1234YF,0.032,0.08795331,0.08795331,0.05595330673456192,0.05595330673456192,0.0
3430,R1234YF,0.048,0.10853268,0.10853268,0.06053268206119537,0.06053268206119537,0.0
3431,R1234YF,0.068,0.13327159,0.13327159,0.06527158987522125,0.06527158987522125,0.0
3432,R1234YF,0.094,0.18084651,0.18084651,0.08684651231765747,0.08684651231765747,0.0
3433,R1234YF,0.018,0.051448144,0.051448144,0.03344814401865005,0.03344814401865005,0.0
3434,R1234YF,0.027,0.06943833,0.06943833,0.04243833082914353,0.04243833082914353,0.0
3435,R1234YF,0.041,0.089187145,0.089187145,0.048187145233154295,0.048187145233154295,0.0
3436,R1234YF,0.057,0.10958339,0.10958339,0.05258339273929596,0.05258339273929596,0.0
3437,R1234YF,0.079,0.14963202,0.14963202,0.07063202178478241,0.07063202178478241,0.0
3438,R1234YF,0.015,0.033247665,0.033247665,0.01824766457080841,0.01824766457080841,0.0
3439,R1234YF,0.023,0.052279457,0.052279457,0.029279457449913025,0.029279457449913025,0.0
3440,R1234YF,0.035,0.07180615,0.07180615,0.036806147694587704,0.036806147694587704,0.0
3441,R1234YF,0.049,0.08155865,0.08155865,0.03255865222215652,0.03255865222215652,0.0
3442,R1234YF,0.072,0.11739729,0.11739729,0.04539729344844819,0.04539729344844819,0.0
3443,R1234YF,0.012,0.008086889,0.008086889,0.003913110949099064,0.003913110949099064,0.0
3444,R1234YF,0.019,0.027406245,0.027406245,0.008406245470046998,0.008406245470046998,0.0
3445,R1234YF,0.03,0.04705724,0.04705724,0.017057241201400758,0.017057241201400758,0.0
3446,R1234YF,0.043,0.064490184,0.064490184,0.021490184187889103,0.021490184187889103,0.0
3447,R1234YF,0.063,0.10494512,0.10494512,0.04194512319564819,0.04194512319564819,0.0
3448,R1234ZE(E),0.1078,0.127453,0.12745303,0.019652999353408807,0.019653029155731194,2.9802322387695312e-08
3449,R1234ZE(E),0.1578,0.14910069,0.1491007,0.008699308919906612,0.008699294018745418,-1.4901161193847656e-08
3450,R1234ZE(E),0.2072,0.16933982,0.16933985,0.03786017925739288,0.03786014945507049,-2.9802322387695312e-08
3451,R1234ZE(E),0.2552,0.18793115,0.18793121,0.0672688498020172,0.06726879019737242,-5.960464477539063e-08
3452,R1234ZE(E),0.3015,0.2055528,0.20555282,0.09594719851016997,0.09594718360900878,-1.4901161193847656e-08
3453,R1234ZE(E),0.3472,0.220875,0.22087504,0.12632500500679017,0.1263249603033066,-4.470348358154297e-08
3454,R1234ZE(E),0.0905,0.1073305,0.10733051,0.01683050107955933,0.016830508530139926,7.450580596923828e-09
3455,R1234ZE(E),0.1327,0.12463541,0.12463546,0.008064586710929883,0.008064542007446301,-4.470348358154297e-08
3456,R1234ZE(E),0.1708,0.14111972,0.14111972,0.029680281448364265,0.029680281448364265,0.0
3457,R1234ZE(E),0.2089,0.15642226,0.15642229,0.05247774257659912,0.052477712774276736,-2.9802322387695312e-08
3458,R1234ZE(E),0.2478,0.17166552,0.17166552,0.0761344805240631,0.0761344805240631,0.0
3459,R1234ZE(E),0.2861,0.18751718,0.18751721,0.09858281896114351,0.09858278915882113,-2.9802322387695312e-08
3460,R1234ZE(E),0.0744,0.08868832,0.088688344,0.014288321411609656,0.014288343763351447,2.2351741790771484e-08
3461,R1234ZE(E),0.1078,0.10327573,0.10327579,0.00452426879405976,0.004524209189414985,-5.960464477539063e-08
3462,R1234ZE(E),0.1389,0.11580095,0.11580101,0.02309905304908752,0.023098993444442745,-5.960464477539063e-08
3463,R1234ZE(E),0.1706,0.12871039,0.12871042,0.041889610862731935,0.04188958106040955,-2.9802322387695312e-08
3464,R1234ZE(E),0.2018,0.1430133,0.14301333,0.05878670148849488,0.05878667168617249,-2.9802322387695312e-08
3465,R1234ZE(E),0.2336,0.15500136,0.15500136,0.07859864280223847,0.07859864280223847,0.0
3466,R1234ZE(E),0.0615,0.064271614,0.06427164,0.0027716139554977426,0.0027716363072395334,2.2351741790771484e-08
3467,R1234ZE(E),0.0883,0.07755804,0.07755805,0.010741959381103519,0.010741951930522922,-7.450580596923828e-09
3468,R1234ZE(E),0.1141,0.0866724,0.0866724,0.027427597081661217,0.027427597081661217,0.0
3469,R1234ZE(E),0.1398,0.094920605,0.09492062,0.04487939457893372,0.04487937967777253,-1.4901161193847656e-08
3470,R1234ZE(E),0.1656,0.10284053,0.10284053,0.06275947210788727,0.06275947210788727,0.0
3471,R1234ZE(E),0.1923,0.11067083,0.11067084,0.08162917267084122,0.08162915776968002,-1.4901161193847656e-08
3472,R1234ZE(E),0.0505,0.036438905,0.03643895,0.014061095297336582,0.014061050593853,-4.470348358154297e-08
3473,R1234ZE(E),0.0725,0.048675314,0.048675314,0.023824686408042903,0.023824686408042903,0.0
3474,R1234ZE(E),0.094,0.057104453,0.05710443,0.036895546555519104,0.036895568907260895,2.2351741790771484e-08
3475,R1234ZE(E),0.1155,0.06581746,0.06581748,0.04968253958225251,0.04968251723051072,-2.2351741790771484e-08
3476,R1234ZE(E),0.1369,0.07709409,0.07709411,0.059805907034873956,0.05980589213371276,-1.4901161193847656e-08
3477,R1234ZE(E),0.1587,0.088619575,0.08861957,0.07008042509555817,0.07008043254613877,7.450580596923828e-09
3478,R1234ZE(E),0.0418,0.02256032,0.022560284,0.01923967920541763,0.019239716458320615,3.725290298461914e-08
3479,R1234ZE(E),0.0605,0.03566593,0.035665937,0.024834070682525633,0.024834063231945036,-7.450580596923828e-09
3480,R1234ZE(E),0.0785,0.045293048,0.04529304,0.03320695197582245,0.033206959426403046,7.450580596923828e-09
3481,R1234ZE(E),0.0968,0.056736864,0.05673687,0.04006313585042953,0.040063128399848935,-7.450580596923828e-09
3482,R1234ZE(E),0.1146,0.067093775,0.0670938,0.047506225323677057,0.047506202971935266,-2.2351741790771484e-08
3483,R1234ZE(E),0.133,0.079759635,0.07975969,0.05324036496877671,0.05324031281471253,-5.21540641784668e-08
3484,R1234ZE(E),0.0344,0.010043106,0.010043099,0.02435689395815134,0.024356901408731937,7.450580596923828e-09
3485,R1234ZE(E),0.0504,0.024223141,0.024223134,0.026176858627796173,0.02617686607837677,7.450580596923828e-09
3486,R1234ZE(E),0.0656,0.03611826,0.0361183,0.029481738483905798,0.029481701231002813,-3.725290298461914e-08
3487,R1234ZE(E),0.0804,0.045312837,0.045312844,0.03508716323375702,0.03508715578317642,-7.450580596923828e-09
3488,R1234ZE(E),0.0957,0.05815451,0.058154486,0.03754549152851104,0.03754551388025283,2.2351741790771484e-08
3489,R1234ZE(E),0.1102,0.070243984,0.070244,0.03995601553916932,0.039956000638008124,-1.4901161193847656e-08
3490,R1234YF,0.0775,0.24140972,0.24140972,0.16390971899032591,0.16390971899032591,0.0
3491,R1234YF,0.1543,0.2780046,0.2780046,0.12370458669662476,0.12370458669662476,0.0
3492,R1234YF,0.2206,0.3104145,0.3104145,0.08981449308395387,0.08981449308395387,0.0
3493,R1234YF,0.2792,0.3417996,0.3417996,0.06259958701133728,0.06259958701133728,0.0
3494,R1234YF,0.3536,0.37477958,0.37477958,0.02117958202362058,0.02117958202362058,0.0
3495,R1234YF,0.0689,0.19934958,0.19934958,0.13044958219528197,0.13044958219528197,0.0
3496,R1234YF,0.1386,0.24684003,0.24684003,0.10824002995491028,0.10824002995491028,0.0
3497,R1234YF,0.1991,0.28540236,0.28540236,0.08630235757827759,0.08630235757827759,0.0
3498,R1234YF,0.2545,0.32223928,0.32223928,0.06773927974700927,0.06773927974700927,0.0
3499,R1234YF,0.323,0.35917327,0.35917327,0.03617326807975768,0.03617326807975768,0.0
3500,R1234YF,0.061,0.16571882,0.16571882,0.10471882367134094,0.10471882367134094,0.0
3501,R1234YF,0.1238,0.22064619,0.22064619,0.09684618766307831,0.09684618766307831,0.0
3502,R1234YF,0.1789,0.25792885,0.25792885,0.07902884826660156,0.07902884826660156,0.0
3503,R1234YF,0.2292,0.29255182,0.29255182,0.06335181550979616,0.06335181550979616,0.0
3504,R1234YF,0.2925,0.32823035,0.32823035,0.03573035120964052,0.03573035120964052,0.0
3505,R1234YF,0.0537,0.13452193,0.13452193,0.08082193140983582,0.08082193140983582,0.0
3506,R1234YF,0.1098,0.19360566,0.19360566,0.08380566139221192,0.08380566139221192,0.0
3507,R1234YF,0.1596,0.23034444,0.23034444,0.07074444451332093,0.07074444451332093,0.0
3508,R1234YF,0.205,0.2636971,0.2636971,0.05869708776474,0.05869708776474,0.0
3509,R1234YF,0.2628,0.30395973,0.30395973,0.0411597272872925,0.0411597272872925,0.0
3510,R1234YF,0.0474,0.11415215,0.11415215,0.06675214836597443,0.06675214836597443,0.0
3511,R1234YF,0.0972,0.16889289,0.16889289,0.07169289021492005,0.07169289021492005,0.0
3512,R1234YF,0.142,0.20491621,0.20491621,0.06291620898246766,0.06291620898246766,0.0
3513,R1234YF,0.1844,0.24401474,0.24401474,0.05961473999023437,0.05961473999023437,0.0
3514,R1234YF,0.2355,0.29166883,0.29166883,0.05616883230209352,0.05616883230209352,0.0
3515,R1234YF,0.0422,0.09640863,0.09640863,0.05420862792730331,0.05420862792730331,0.0
3516,R1234YF,0.0869,0.15298197,0.15298197,0.06608196673393249,0.06608196673393249,0.0
3517,R1234YF,0.1265,0.1906036,0.1906036,0.0641035989522934,0.0641035989522934,0.0
3518,R1234YF,0.1648,0.22804981,0.22804981,0.06324981470108032,0.06324981470108032,0.0
3519,R1234YF,0.2119,0.28780857,0.28780857,0.07590856728553771,0.07590856728553771,0.0
3520,R1234YF,0.0376,0.084029935,0.084029935,0.04642993530035019,0.04642993530035019,0.0
3521,R1234YF,0.0757,0.14035453,0.14035453,0.06465452902317047,0.06465452902317047,0.0
3522,R1234YF,0.1121,0.18367454,0.18367454,0.07157454409599304,0.07157454409599304,0.0
3523,R1234YF,0.1476,0.21441607,0.21441607,0.06681607177257537,0.06681607177257537,0.0
3524,R1234YF,0.1904,0.2839361,0.2839361,0.09353611311912535,0.09353611311912535,0.0
3525,R1234ZE(E),0.0565,0.1541616,0.15416168,0.09766160225868226,0.09766167676448823,7.450580596923828e-08
3526,R1234ZE(E),0.1263,0.18996929,0.18996933,0.0636692863225937,0.06366933102607727,4.470348358154297e-08
3527,R1234ZE(E),0.2017,0.22057816,0.22057822,0.018878163862228403,0.01887822346687318,5.960464477539063e-08
3528,R1234ZE(E),0.2816,0.25456077,0.25456077,0.027039231395721453,0.027039231395721453,0.0
3529,R1234ZE(E),0.3312,0.27718416,0.2771842,0.0540158414363861,0.054015811634063715,-2.9802322387695312e-08
3530,R1234ZE(E),0.0498,0.13392094,0.13392097,0.08412093777656555,0.08412096757888794,2.9802322387695312e-08
3531,R1234ZE(E),0.1135,0.1706364,0.17063639,0.057136400580406185,0.05713638567924499,-1.4901161193847656e-08
3532,R1234ZE(E),0.1833,0.20346686,0.20346688,0.020166862440109262,0.020166877341270456,1.4901161193847656e-08
3533,R1234ZE(E),0.2609,0.23635992,0.23635992,0.02454007592201235,0.02454007592201235,0.0
3534,R1234ZE(E),0.308,0.25968027,0.25968027,0.048319728851318355,0.048319728851318355,0.0
3535,R1234ZE(E),0.0429,0.10707349,0.107073486,0.06417349330186845,0.06417348585128785,-7.450580596923828e-09
3536,R1234ZE(E),0.1002,0.14474306,0.14474304,0.04454305510520935,0.04454304020404816,-1.4901161193847656e-08
3537,R1234ZE(E),0.1652,0.18092063,0.18092063,0.015720630693435655,0.015720630693435655,0.0
3538,R1234ZE(E),0.2376,0.21445729,0.2144573,0.023142711615562445,0.02314269671440125,-1.4901161193847656e-08
3539,R1234ZE(E),0.2822,0.23583609,0.23583609,0.046363911342620856,0.046363911342620856,0.0
3540,R1234ZE(E),0.038,0.08347053,0.08347053,0.045470530807971955,0.045470530807971955,0.0
3541,R1234ZE(E),0.0876,0.12236749,0.12236749,0.034767486357688906,0.034767486357688906,0.0
3542,R1234ZE(E),0.1463,0.15883768,0.15883765,0.012537676048278795,0.012537646245956408,-2.9802322387695312e-08
3543,R1234ZE(E),0.2133,0.1941599,0.19415988,0.019140104818344106,0.0191401197195053,1.4901161193847656e-08
3544,R1234ZE(E),0.2548,0.22275531,0.22275531,0.03204468708038333,0.03204468708038333,0.0
3545,R1234ZE(E),0.0334,0.06846824,0.06846827,0.03506824288368225,0.03506827268600464,2.9802322387695312e-08
3546,R1234ZE(E),0.0745,0.11539325,0.11539328,0.04089325118064881,0.040893280982971195,2.9802322387695312e-08
3547,R1234ZE(E),0.1279,0.15458992,0.15458992,0.026689921236038194,0.026689921236038194,0.0
3548,R1234ZE(E),0.1895,0.19431484,0.1943148,0.00481483745574951,0.004814792752265928,-4.470348358154297e-08
3549,R1234ZE(E),0.2273,0.22656636,0.22656636,0.0007336405992507955,0.0007336405992507955,0.0
3550,R1234ZE(E),0.0274,0.06300525,0.06300529,0.03560525367259979,0.035605290925502776,3.725290298461914e-08
3551,R1234ZE(E),0.0629,0.1106465,0.11064647,0.04774650118350983,0.04774647138118744,-2.9802322387695312e-08
3552,R1234ZE(E),0.1114,0.15676674,0.15676673,0.04536674246788025,0.045366727566719056,-1.4901161193847656e-08
3553,R1234ZE(E),0.1666,0.18893847,0.18893847,0.02233846869468689,0.02233846869468689,0.0
3554,R1234ZE(E),0.201,0.217815,0.21781503,0.01681499683856963,0.016815026640892017,2.9802322387695312e-08
3555,R1234ZE(E),0.0228,0.059557095,0.059557147,0.036757095170021056,0.036757147324085235,5.21540641784668e-08
3556,R1234ZE(E),0.0535,0.11142222,0.11142223,0.05792221838235855,0.057922233283519746,1.4901161193847656e-08
3557,R1234ZE(E),0.0952,0.15355615,0.15355617,0.05835615317821502,0.058356168079376214,1.4901161193847656e-08
3558,R1234ZE(E),0.1457,0.18501249,0.18501246,0.03931248955726624,0.03931245975494385,-2.9802322387695312e-08
3559,R1234ZE(E),0.1766,0.20949885,0.20949887,0.03289885249137878,0.03289886739253997,1.4901161193847656e-08
3560,R1233ZD(E),0.014,0.14526752,0.14526752,0.131267516374588,0.131267516374588,0.0
3561,R1233ZD(E),0.027,0.151425,0.15142497,0.12442500400543213,0.12442497420310974,-2.9802322387695312e-08
3562,R1233ZD(E),0.045,0.15774125,0.15774125,0.1127412486076355,0.1127412486076355,0.0
3563,R1233ZD(E),0.068,0.16502061,0.16502059,0.09702061486244201,0.09702058506011962,-2.9802322387695312e-08
3564,R1233ZD(E),0.092,0.17392522,0.17392522,0.08192522096633911,0.08192522096633911,0.0
3565,R1233ZD(E),0.113,0.18178497,0.18178499,0.0687849725484848,0.06878498744964599,1.4901161193847656e-08
3566,R1233ZD(E),0.014,0.1022383,0.10223832,0.08823829746246338,0.08823831981420517,2.2351741790771484e-08
3567,R1233ZD(E),0.026,0.10749349,0.1074935,0.08149348998069764,0.08149349743127823,7.450580596923828e-09
3568,R1233ZD(E),0.042,0.1135278,0.11352781,0.0715277971625328,0.07152781206369399,1.4901161193847656e-08
3569,R1233ZD(E),0.065,0.1214495,0.12144947,0.05644950032234192,0.05644947052001953,-2.9802322387695312e-08
3570,R1233ZD(E),0.089,0.12969844,0.12969841,0.04069844043254853,0.04069841063022614,-2.9802322387695312e-08
3571,R1233ZD(E),0.109,0.1392149,0.13921495,0.030214903116226197,0.030214947819709778,4.470348358154297e-08
3572,R1233ZD(E),0.012,0.07500388,0.07500387,0.06300387728214264,0.06300386983156205,-7.450580596923828e-09
3573,R1233ZD(E),0.024,0.08035099,0.08035095,0.05635098761320114,0.056350950360298156,-3.725290298461914e-08
3574,R1233ZD(E),0.04,0.08688835,0.08688843,0.046888350546360015,0.04688843250274658,8.195638656616211e-08
3575,R1233ZD(E),0.062,0.094922595,0.09492255,0.03292259472608566,0.03292255002260208,-4.470348358154297e-08
3576,R1233ZD(E),0.084,0.10393305,0.10393308,0.01993305122852325,0.019933081030845637,2.9802322387695312e-08
3577,R1233ZD(E),0.104,0.113053314,0.11305334,0.009053314387798314,0.009053336739540105,2.2351741790771484e-08
3578,R1233ZD(E),0.011,0.054434925,0.054434955,0.043434925317764286,0.043434955120086674,2.9802322387695312e-08
3579,R1233ZD(E),0.022,0.06108743,0.061087415,0.03908742952346802,0.039087414622306825,-1.4901161193847656e-08
3580,R1233ZD(E),0.037,0.06857182,0.06857175,0.03157182085514069,0.03157174634933472,-7.450580596923828e-08
3581,R1233ZD(E),0.058,0.07706141,0.07706137,0.01906140726804733,0.019061370015144345,-3.725290298461914e-08
3582,R1233ZD(E),0.079,0.08652183,0.086521834,0.007521826684474944,0.007521834135055541,7.450580596923828e-09
3583,R1233ZD(E),0.098,0.09451322,0.09451322,0.0034867774248123207,0.0034867774248123207,0.0
3584,R1233ZD(E),0.01,0.037251648,0.037251607,0.027251647561788557,0.027251606583595274,-4.0978193283081055e-08
3585,R1233ZD(E),0.02,0.044234373,0.044234373,0.024234372675418853,0.024234372675418853,0.0
3586,R1233ZD(E),0.034,0.052156776,0.05215673,0.018156776189804075,0.018156731486320493,-4.470348358154297e-08
3587,R1233ZD(E),0.054,0.061696827,0.061696805,0.007696827411651612,0.007696805059909821,-2.2351741790771484e-08
3588,R1233ZD(E),0.074,0.07192822,0.071928196,0.002071781992912289,0.0020718043446540796,2.2351741790771484e-08
3589,R1233ZD(E),0.092,0.08229387,0.08229389,0.009706131935119627,0.009706109583377837,-2.2351741790771484e-08
3590,R1234YF,0.0292,0.16188721,0.16188721,0.13268721358776092,0.13268721358776092,0.0
3591,R1234YF,0.0541,0.17766437,0.17766437,0.1235643693447113,0.1235643693447113,0.0
3592,R1234YF,0.0781,0.19122803,0.19122803,0.11312803211212158,0.11312803211212158,0.0
3593,R1234YF,0.1018,0.20500877,0.20500877,0.10320877499580383,0.10320877499580383,0.0
3594,R1234YF,0.1292,0.21685888,0.21685888,0.08765887873172759,0.08765887873172759,0.0
3595,R1234YF,0.1552,0.22943518,0.22943518,0.07423517565727233,0.07423517565727233,0.0
3596,R1234YF,0.1847,0.24128127,0.24128127,0.05658127098083496,0.05658127098083496,0.0
3597,R1234YF,0.0264,0.12795296,0.12795296,0.10155296311378478,0.10155296311378478,0.0
3598,R1234YF,0.0474,0.14109898,0.14109898,0.09369897613525391,0.09369897613525391,0.0
3599,R1234YF,0.0683,0.15282722,0.15282722,0.08452721817493439,0.08452721817493439,0.0
3600,R1234YF,0.0877,0.16302897,0.16302897,0.07532897036075592,0.07532897036075592,0.0
3601,R1234YF,0.1075,0.17292391,0.17292391,0.06542390763759613,0.06542390763759613,0.0
3602,R1234YF,0.1279,0.18592155,0.18592155,0.05802154979705809,0.05802154979705809,0.0
3603,R1234YF,0.149,0.19926587,0.19926587,0.05026586747169495,0.05026586747169495,0.0
3604,R1234YF,0.0223,0.08945287,0.08945287,0.06715287019014358,0.06715287019014358,0.0
3605,R1234YF,0.039,0.10297556,0.10297556,0.06397556221485137,0.06397556221485137,0.0
3606,R1234YF,0.0556,0.11637066,0.11637066,0.060770663046836856,0.060770663046836856,0.0
3607,R1234YF,0.0717,0.12853876,0.12853876,0.05683875756263733,0.05683875756263733,0.0
3608,R1234YF,0.0882,0.14031681,0.14031681,0.05211681418418884,0.05211681418418884,0.0
3609,R1234YF,0.1041,0.15097493,0.15097493,0.046874929332733156,0.046874929332733156,0.0
3610,R1234YF,0.1203,0.16099715,0.16099715,0.04069715232849121,0.04069715232849121,0.0
3611,R1234YF,0.0193,0.06164877,0.06164877,0.042348771166801455,0.042348771166801455,0.0
3612,R1234YF,0.0329,0.07615472,0.07615472,0.043254716312885286,0.043254716312885286,0.0
3613,R1234YF,0.0472,0.08811817,0.08811817,0.04091817318201065,0.04091817318201065,0.0
3614,R1234YF,0.0607,0.09759427,0.09759427,0.036894268620014194,0.036894268620014194,0.0
3615,R1234YF,0.0741,0.10568784,0.10568784,0.03158784177303314,0.03158784177303314,0.0
3616,R1234YF,0.0879,0.11381904,0.11381904,0.025919040358066553,0.025919040358066553,0.0
3617,R1234YF,0.1017,0.12262425,0.12262425,0.020924248266220094,0.020924248266220094,0.0
3618,R1234YF,0.016,0.03591057,0.03591057,0.01991056913137436,0.01991056913137436,0.0
3619,R1234YF,0.0276,0.04912188,0.04912188,0.021521879041194916,0.021521879041194916,0.0
3620,R1234YF,0.0395,0.058669746,0.058669746,0.019169745922088623,0.019169745922088623,0.0
3621,R1234YF,0.0509,0.06855809,0.06855809,0.017658089435100555,0.017658089435100555,0.0
3622,R1234YF,0.0625,0.07733229,0.07733229,0.014832288026809692,0.014832288026809692,0.0
3623,R1234YF,0.0742,0.08516675,0.08516675,0.010966752338409422,0.010966752338409422,0.0
3624,R1234YF,0.0859,0.09192876,0.09192876,0.0060287577271461446,0.0060287577271461446,0.0
3625,R1234YF,0.0134,0.009300559,0.009300559,0.00409944117218256,0.00409944117218256,0.0
3626,R1234YF,0.0235,0.022438869,0.022438869,0.0010611311197280884,0.0010611311197280884,0.0
3627,R1234YF,0.034,0.033512197,0.033512197,0.0004878025650978113,0.0004878025650978113,0.0
3628,R1234YF,0.0439,0.044198707,0.044198707,0.0002987067461013779,0.0002987067461013779,0.0
3629,R1234YF,0.054,0.055553824,0.055553824,0.0015538237094879156,0.0015538237094879156,0.0
3630,R1234YF,0.0641,0.06519689,0.06519689,0.0010968866586685139,0.0010968866586685139,0.0
3631,R1234YF,0.0743,0.07426455,0.07426455,3.545128107071416e-05,3.545128107071416e-05,0.0
3632,R1234YF,0.0108,0.0,0.0,0.0108,0.0108,0.0
3633,R1234YF,0.0201,0.0,0.0,0.0201,0.0201,0.0
3634,R1234YF,0.0291,0.013334393,0.013334393,0.015765607430040837,0.015765607430040837,0.0
3635,R1234YF,0.0375,0.025210708,0.025210708,0.012289291620254515,0.012289291620254515,0.0
3636,R1234YF,0.0458,0.036999635,0.036999635,0.008800364601612091,0.008800364601612091,0.0
3637,R1234YF,0.0546,0.047359742,0.047359742,0.0072402577757835415,0.0072402577757835415,0.0
3638,R1234YF,0.0628,0.05230438,0.05230438,0.01049562035799026,0.01049562035799026,0.0
3639,R1234ZE(E),0.0595,0.08649886,0.08649891,0.02699885654449463,0.02699890869855881,5.21540641784668e-08
3640,R1234ZE(E),0.1144,0.105752684,0.10575271,0.008647315824031832,0.00864729347229004,-2.2351741790771484e-08
3641,R1234ZE(E),0.1692,0.12365693,0.12365693,0.045543071460723866,0.045543071460723866,0.0
3642,R1234ZE(E),0.2204,0.14056982,0.14056987,0.07983017899990083,0.07983013429641725,-4.470348358154297e-08
3643,R1234ZE(E),0.2689,0.15598422,0.15598422,0.11291577711105344,0.11291577711105344,0.0
3644,R1234ZE(E),0.3176,0.1704682,0.1704682,0.14713180372714996,0.14713180372714996,0.0
3645,R1234ZE(E),0.3614,0.18275431,0.18275428,0.1786456920146942,0.1786457218170166,2.9802322387695312e-08
3646,R1234ZE(E),0.0529,0.064854465,0.064854495,0.011954465425014493,0.011954495227336881,2.9802322387695312e-08
3647,R1234ZE(E),0.0984,0.0845713,0.08457131,0.01382869806289673,0.013828690612316133,-7.450580596923828e-09
3648,R1234ZE(E),0.1406,0.10231714,0.102317184,0.038282860493659976,0.038282815790176394,-4.470348358154297e-08
3649,R1234ZE(E),0.183,0.116971105,0.116971105,0.06602889466285705,0.06602889466285705,0.0
3650,R1234ZE(E),0.223,0.12914154,0.12914155,0.09385846066474915,0.09385844576358796,-1.4901161193847656e-08
3651,R1234ZE(E),0.265,0.14042556,0.14042556,0.12457443714141847,0.12457443714141847,0.0
3652,R1234ZE(E),0.3032,0.1533829,0.1533829,0.14981710262298586,0.14981710262298586,0.0
3653,R1234ZE(E),0.045,0.051039726,0.051039673,0.006039725542068483,0.006039673388004305,-5.21540641784668e-08
3654,R1234ZE(E),0.0805,0.06797723,0.06797722,0.012522772729396822,0.012522780179977419,7.450580596923828e-09
3655,R1234ZE(E),0.1153,0.08247716,0.082477205,0.032822840201854706,0.032822795498371124,-4.470348358154297e-08
3656,R1234ZE(E),0.1502,0.093584865,0.09358486,0.05661513466835022,0.05661514211893082,7.450580596923828e-09
3657,R1234ZE(E),0.1835,0.102897696,0.10289772,0.08060230380296707,0.08060228145122528,-2.2351741790771484e-08
3658,R1234ZE(E),0.2189,0.11196627,0.11196627,0.10693373277187349,0.10693373277187349,0.0
3659,R1234ZE(E),0.2513,0.12198214,0.12198213,0.12931785767078402,0.1293178725719452,1.4901161193847656e-08
3660,R1234ZE(E),0.0368,0.02800038,0.028000403,0.008799619156122207,0.008799596804380416,-2.2351741790771484e-08
3661,R1234ZE(E),0.0658,0.04362096,0.04362095,0.02217904107570648,0.022179048526287076,7.450580596923828e-09
3662,R1234ZE(E),0.0948,0.055610612,0.055610612,0.03918938796520233,0.03918938796520233,0.0
3663,R1234ZE(E),0.1236,0.065154515,0.06515456,0.05844548479318619,0.05844544008970261,-4.470348358154297e-08
3664,R1234ZE(E),0.1513,0.07323449,0.07323454,0.07806550894975661,0.07806545679569243,-5.21540641784668e-08
3665,R1234ZE(E),0.1804,0.08085343,0.08085343,0.09954656758308411,0.09954656758308411,0.0
3666,R1234ZE(E),0.2067,0.09031052,0.09031054,0.11638947857618331,0.11638946367502212,-1.4901161193847656e-08
3667,R1234ZE(E),0.0302,0.005804221,0.0058042025,0.024395778854191304,0.024395797480642797,1.862645149230957e-08
3668,R1234ZE(E),0.0544,0.021041192,0.021041203,0.03335880788564682,0.03335879670977592,-1.1175870895385742e-08
3669,R1234ZE(E),0.0784,0.031418882,0.031418875,0.046981117689609525,0.04698112514019012,7.450580596923828e-09
3670,R1234ZE(E),0.1025,0.040772326,0.040772326,0.06172767370939254,0.06172767370939254,0.0
3671,R1234ZE(E),0.126,0.052497283,0.052497283,0.07350271737575531,0.07350271737575531,0.0
3672,R1234ZE(E),0.1498,0.06615874,0.066158794,0.0836412582874298,0.08364120613336562,-5.21540641784668e-08
3673,R1234ZE(E),0.1722,0.077793404,0.07779343,0.09440659554004668,0.0944065731883049,-2.2351741790771484e-08
3674,R1234ZE(E),0.0246,0.0,0.0,0.0246,0.0246,0.0
3675,R1234ZE(E),0.0451,0.008046127,0.008046142,0.037053873075544835,0.03705385817438364,-1.4901161193847656e-08
3676,R1234ZE(E),0.0657,0.022670098,0.02267015,0.04302990235090255,0.04302985019683837,-5.21540641784668e-08
3677,R1234ZE(E),0.0856,0.033768587,0.033768624,0.05183141318559646,0.05183137593269348,-3.725290298461914e-08
3678,R1234ZE(E),0.1053,0.042196378,0.042196326,0.06310362188816071,0.06310367404222489,5.21540641784668e-08
3679,R1234ZE(E),0.1257,0.0524854,0.05248549,0.07321460105180741,0.07321451164484025,-8.940696716308594e-08
3680,R1234ZE(E),0.1447,0.061840326,0.061840333,0.08285967440605163,0.08285966695547103,-7.450580596923828e-09
3681,R1234ZE(E),0.02,0.0,0.0,0.02,0.02,0.0
3682,R1234ZE(E),0.0375,0.0,0.0,0.0375,0.0375,0.0
3683,R1234ZE(E),0.0545,0.0028768247,0.0028768247,0.05162317530065775,0.05162317530065775,0.0
3684,R1234ZE(E),0.0716,0.015119917,0.015119909,0.056480083240568635,0.05648009069114923,7.450580596923828e-09
3685,R1234ZE(E),0.0881,0.025540538,0.025540523,0.0625594618678093,0.06255947676897049,1.4901161193847656e-08
3686,R1234ZE(E),0.105,0.03772799,0.037728004,0.06727201074361801,0.06727199584245681,-1.4901161193847656e-08
3687,R1234ZE(E),0.1209,0.04739841,0.047398396,0.0735015892624855,0.07350160416364669,1.4901161193847656e-08
3688,R1234YF,0.0317,0.18768206,0.18768206,0.15598206238746642,0.15598206238746642,0.0
3689,R1234YF,0.0613,0.20674306,0.20674306,0.145443061542511,0.145443061542511,0.0
3690,R1234YF,0.0842,0.22252125,0.22252125,0.13832124547958374,0.13832124547958374,0.0
3691,R1234YF,0.1098,0.23970237,0.23970237,0.12990237374305724,0.12990237374305724,0.0
3692,R1234YF,0.1376,0.25443178,0.25443178,0.11683178415298462,0.11683178415298462,0.0
3693,R1234YF,0.1652,0.2685693,0.2685693,0.10336929063796996,0.10336929063796996,0.0
3694,R1234YF,0.1894,0.28059512,0.28059512,0.09119512376785277,0.09119512376785277,0.0
3695,R1234YF,0.026,0.15868196,0.15868196,0.1326819589138031,0.1326819589138031,0.0
3696,R1234YF,0.0497,0.17433026,0.17433026,0.12463026432991028,0.12463026432991028,0.0
3697,R1234YF,0.0692,0.1886864,0.1886864,0.11948640065193177,0.11948640065193177,0.0
3698,R1234YF,0.0917,0.20141304,0.20141304,0.10971303539276123,0.10971303539276123,0.0
3699,R1234YF,0.1116,0.21313089,0.21313089,0.1015308913230896,0.1015308913230896,0.0
3700,R1234YF,0.1354,0.22547396,0.22547396,0.09007395527362824,0.09007395527362824,0.0
3701,R1234YF,0.1547,0.23882647,0.23882647,0.08412646858692169,0.08412646858692169,0.0
3702,R1234YF,0.0219,0.11980972,0.11980972,0.09790971693992614,0.09790971693992614,0.0
3703,R1234YF,0.0417,0.13293388,0.13293388,0.09123388485908508,0.09123388485908508,0.0
3704,R1234YF,0.0586,0.14626083,0.14626083,0.0876608277797699,0.0876608277797699,0.0
3705,R1234YF,0.0765,0.15753005,0.15753005,0.0810300544500351,0.0810300544500351,0.0
3706,R1234YF,0.0928,0.16930209,0.16930209,0.0765020910024643,0.0765020910024643,0.0
3707,R1234YF,0.1118,0.18195522,0.18195522,0.07015521831512452,0.07015521831512452,0.0
3708,R1234YF,0.1279,0.19505936,0.19505936,0.0671593590736389,0.0671593590736389,0.0
3709,R1234YF,0.0182,0.08249316,0.08249316,0.06429316364526749,0.06429316364526749,0.0
3710,R1234YF,0.0358,0.10097624,0.10097624,0.06517624361515045,0.06517624361515045,0.0
3711,R1234YF,0.0502,0.11522335,0.11522335,0.06502334814071656,0.06502334814071656,0.0
3712,R1234YF,0.0647,0.12698887,0.12698887,0.06228887288570405,0.06228887288570405,0.0
3713,R1234YF,0.0784,0.13827573,0.13827573,0.05987572762966156,0.05987572762966156,0.0
3714,R1234YF,0.0933,0.14986396,0.14986396,0.056563958358764654,0.056563958358764654,0.0
3715,R1234YF,0.1066,0.16101986,0.16101986,0.054419861698150634,0.054419861698150634,0.0
3716,R1234YF,0.0158,0.05829122,0.05829122,0.042491219174861906,0.042491219174861906,0.0
3717,R1234YF,0.0305,0.07446445,0.07446445,0.04396444779634476,0.04396444779634476,0.0
3718,R1234YF,0.0424,0.08762461,0.08762461,0.04522460947036743,0.04522460947036743,0.0
3719,R1234YF,0.0552,0.09952597,0.09952597,0.044325973200798036,0.044325973200798036,0.0
3720,R1234YF,0.0671,0.109362185,0.109362185,0.042262185001373284,0.042262185001373284,0.0
3721,R1234YF,0.0794,0.119459406,0.119459406,0.040059405541419985,0.040059405541419985,0.0
3722,R1234YF,0.0908,0.12958801,0.12958801,0.03878800792694091,0.03878800792694091,0.0
3723,R1234YF,0.0138,0.030922383,0.030922383,0.017122383069992066,0.017122383069992066,0.0
3724,R1234YF,0.0262,0.04904808,0.04904808,0.022848081040382384,0.022848081040382384,0.0
3725,R1234YF,0.0366,0.063779935,0.063779935,0.027179935240745544,0.027179935240745544,0.0
3726,R1234YF,0.0476,0.07582675,0.07582675,0.02822674920558929,0.02822674920558929,0.0
3727,R1234YF,0.0583,0.08751504,0.08751504,0.029215041232109072,0.029215041232109072,0.0
3728,R1234YF,0.0688,0.097463414,0.097463414,0.028663414072990417,0.028663414072990417,0.0
3729,R1234YF,0.0785,0.1042003,0.1042003,0.025700303554534912,0.025700303554534912,0.0
3730,R1234YF,0.0125,0.008712373,0.008712373,0.0037876272574067123,0.0037876272574067123,0.0
3731,R1234YF,0.0221,0.02668102,0.02668102,0.004581020855903624,0.004581020855903624,0.0
3732,R1234YF,0.0316,0.04371786,0.04371786,0.012117861175537106,0.012117861175537106,0.0
3733,R1234YF,0.0415,0.05731246,0.05731246,0.015812458753585813,0.015812458753585813,0.0
3734,R1234YF,0.0528,0.06744519,0.06744519,0.014645188760757447,0.014645188760757447,0.0
3735,R1234YF,0.0599,0.07564651,0.07564651,0.015746512210369108,0.015746512210369108,0.0
3736,R1234YF,0.0689,0.080246545,0.080246545,0.01134654537439346,0.01134654537439346,0.0
3737,R1234ZE(E),0.1265,0.14068615,0.14068612,0.01418615436553955,0.014186124563217162,-2.9802322387695312e-08
3738,R1234ZE(E),0.183,0.1619065,0.16190653,0.021093504309654232,0.021093474507331844,-2.9802322387695312e-08
3739,R1234ZE(E),0.238,0.18138896,0.181389,0.05661104071140288,0.0566109960079193,-4.470348358154297e-08
3740,R1234ZE(E),0.2865,0.2011978,0.2011978,0.08530219697952268,0.08530219697952268,0.0
3741,R1234ZE(E),0.3378,0.21914575,0.21914575,0.11865425496101378,0.11865425496101378,0.0
3742,R1234ZE(E),0.3877,0.23351575,0.23351578,0.15418424565792083,0.15418421585559844,-2.9802322387695312e-08
3743,R1234ZE(E),0.1069,0.11772227,0.11772227,0.01082227287292481,0.01082227287292481,0.0
3744,R1234ZE(E),0.1504,0.13768555,0.13768557,0.012714447760581976,0.012714432859420782,-1.4901161193847656e-08
3745,R1234ZE(E),0.1925,0.15538552,0.15538554,0.03711447596549988,0.03711446106433869,-1.4901161193847656e-08
3746,R1234ZE(E),0.2364,0.16998781,0.16998786,0.06641218736171722,0.06641214265823364,-4.470348358154297e-08
3747,R1234ZE(E),0.2791,0.18339533,0.18339534,0.09570467386245729,0.0957046589612961,-1.4901161193847656e-08
3748,R1234ZE(E),0.3215,0.19770528,0.19770528,0.12379471623897553,0.12379471623897553,0.0
3749,R1234ZE(E),0.0872,0.099125415,0.099125415,0.011925415086746216,0.011925415086746216,0.0
3750,R1234ZE(E),0.1228,0.116797626,0.116797686,0.0060023739814758365,0.006002314376831061,-5.960464477539063e-08
3751,R1234ZE(E),0.1578,0.12975448,0.12975453,0.028045516300201412,0.02804547159671783,-4.470348358154297e-08
3752,R1234ZE(E),0.1931,0.13828951,0.13828954,0.054810488796234125,0.05481045899391174,-2.9802322387695312e-08
3753,R1234ZE(E),0.229,0.14900556,0.14900556,0.07999443793296815,0.07999443793296815,0.0
3754,R1234ZE(E),0.2648,0.16017959,0.16017959,0.10462041478157041,0.10462041478157041,0.0
3755,R1234ZE(E),0.0704,0.07336228,0.07336233,0.002962283408641811,0.0029623281121253925,4.470348358154297e-08
3756,R1234ZE(E),0.1014,0.08671223,0.08671221,0.014687766277790074,0.014687788629531864,2.2351741790771484e-08
3757,R1234ZE(E),0.1305,0.09496707,0.0949671,0.035532932758331304,0.035532902956008916,-2.9802322387695312e-08
3758,R1234ZE(E),0.1595,0.10089488,0.10089488,0.05860511672496796,0.05860511672496796,0.0
3759,R1234ZE(E),0.1885,0.1073676,0.10736763,0.08113240247964859,0.0811323726773262,-2.9802322387695312e-08
3760,R1234ZE(E),0.2189,0.1151467,0.115146734,0.10375330343246461,0.10375326617956163,-3.725290298461914e-08
3761,R1234ZE(E),0.0592,0.048320428,0.048320413,0.010879572463035586,0.01087958736419678,1.4901161193847656e-08
3762,R1234ZE(E),0.0847,0.060616218,0.060616255,0.024083782446384427,0.024083745193481443,-3.725290298461914e-08
3763,R1234ZE(E),0.1077,0.0688795,0.068879515,0.03882049996852875,0.03882048506736756,-1.4901161193847656e-08
3764,R1234ZE(E),0.1328,0.076773725,0.07677373,0.05602627454996109,0.056026267099380495,-7.450580596923828e-09
3765,R1234ZE(E),0.157,0.086701244,0.086701274,0.07029875588417053,0.07029872608184815,-2.9802322387695312e-08
3766,R1234ZE(E),0.1827,0.097167894,0.09716795,0.08553210575580597,0.08553205360174179,-5.21540641784668e-08
3767,R1234ZE(E),0.0499,0.033950336,0.033950306,0.015949663722515106,0.015949693524837494,2.9802322387695312e-08
3768,R1234ZE(E),0.0705,0.04738971,0.04738973,0.023110291540622704,0.023110269188880914,-2.2351741790771484e-08
3769,R1234ZE(E),0.0907,0.060140327,0.060140327,0.03055967338085175,0.03055967338085175,0.0
3770,R1234ZE(E),0.1115,0.06861156,0.06861156,0.042888437747955324,0.042888437747955324,0.0
3771,R1234ZE(E),0.1321,0.076950155,0.07695013,0.05514984480142593,0.05514986715316772,2.2351741790771484e-08
3772,R1234ZE(E),0.1539,0.08666255,0.08666257,0.06723744674921037,0.06723743184804917,-1.4901161193847656e-08
3773,R1234ZE(E),0.0403,0.022796921,0.022796884,0.017503078567981722,0.017503115820884707,3.725290298461914e-08
3774,R1234ZE(E),0.0582,0.035344757,0.03534483,0.022855242860317232,0.022855168354511263,-7.450580596923828e-08
3775,R1234ZE(E),0.0765,0.046171427,0.046171397,0.03032857322692871,0.030328603029251097,2.9802322387695312e-08
3776,R1234ZE(E),0.0934,0.05501686,0.05501686,0.03838313963413238,0.03838313963413238,0.0
3777,R1234ZE(E),0.112,0.06528293,0.06528293,0.04671706658601761,0.04671706658601761,0.0
3778,R1234ZE(E),0.1281,0.075680815,0.0756808,0.052419185316562644,0.05241920021772384,1.4901161193847656e-08
3779,R1234YF,0.158,0.2925644,0.2925644,0.13456439208984375,0.13456439208984375,0.0
3780,R1234YF,0.299,0.31610692,0.31610692,0.017106915473938,0.017106915473938,0.0
3781,R1234YF,0.38,0.33344194,0.33344194,0.04655805706977845,0.04655805706977845,0.0
3782,R1234YF,0.456,0.35159707,0.35159707,0.10440292930603029,0.10440292930603029,0.0
3783,R1234YF,0.516,0.3685709,0.3685709,0.14742910599708559,0.14742910599708559,0.0
3784,R1234YF,0.57,0.3822826,0.3822826,0.18771738529205317,0.18771738529205317,0.0
3785,R1234YF,0.623,0.39631504,0.39631504,0.22668496179580688,0.22668496179580688,0.0
3786,R1234YF,0.146,0.26510504,0.26510504,0.11910503888130189,0.11910503888130189,0.0
3787,R1234YF,0.261,0.29090846,0.29090846,0.029908455848693838,0.029908455848693838,0.0
3788,R1234YF,0.33,0.3098573,0.3098573,0.02014269113540651,0.02014269113540651,0.0
3789,R1234YF,0.397,0.3307986,0.3307986,0.06620140385627749,0.06620140385627749,0.0
3790,R1234YF,0.451,0.34882662,0.34882662,0.10217338299751283,0.10217338299751283,0.0
3791,R1234YF,0.501,0.36485773,0.36485773,0.1361422667503357,0.1361422667503357,0.0
3792,R1234YF,0.55,0.38048232,0.38048232,0.16951768398284917,0.16951768398284917,0.0
3793,R1234YF,0.594,0.39615756,0.39615756,0.19784243726730344,0.19784243726730344,0.0
3794,R1234YF,0.641,0.41464728,0.41464728,0.22635271883010866,0.22635271883010866,0.0
3795,R1234YF,0.126,0.23620208,0.23620208,0.11020207607746124,0.11020207607746124,0.0
3796,R1234YF,0.22,0.26376504,0.26376504,0.043765037059783934,0.043765037059783934,0.0
3797,R1234YF,0.284,0.283984,0.283984,1.599454879758211e-05,1.599454879758211e-05,0.0
3798,R1234YF,0.344,0.30578417,0.30578417,0.03821583414077756,0.03821583414077756,0.0
3799,R1234YF,0.394,0.32845512,0.32845512,0.06554487967491152,0.06554487967491152,0.0
3800,R1234YF,0.439,0.34980986,0.34980986,0.08919014477729797,0.08919014477729797,0.0
3801,R1234YF,0.483,0.36986503,0.36986503,0.11313496994972227,0.11313496994972227,0.0
3802,R1234YF,0.524,0.39179158,0.39179158,0.13220841789245608,0.13220841789245608,0.0
3803,R1234YF,0.566,0.4127787,0.4127787,0.1532212946414947,0.1532212946414947,0.0
3804,R1234YF,0.608,0.43589878,0.43589878,0.17210121917724608,0.17210121917724608,0.0
3805,R1234YF,0.102,0.20140265,0.20140265,0.09940264928340913,0.09940264928340913,0.0
3806,R1234YF,0.188,0.23325723,0.23325723,0.0452572340965271,0.0452572340965271,0.0
3807,R1234YF,0.244,0.25749576,0.25749576,0.01349576091766358,0.01349576091766358,0.0
3808,R1234YF,0.299,0.28313053,0.28313053,0.015869473457336414,0.015869473457336414,0.0
3809,R1234YF,0.344,0.30642316,0.30642316,0.037576842546462985,0.037576842546462985,0.0
3810,R1234YF,0.383,0.32890972,0.32890972,0.0540902750492096,0.0540902750492096,0.0
3811,R1234YF,0.425,0.3535446,0.3535446,0.07145540714263915,0.07145540714263915,0.0
3812,R1234YF,0.463,0.37604702,0.37604702,0.08695298480987551,0.08695298480987551,0.0
3813,R1234YF,0.501,0.39583033,0.39583033,0.10516966676712036,0.10516966676712036,0.0
3814,R1234YF,0.538,0.4182666,0.4182666,0.1197334055900574,0.1197334055900574,0.0
3815,R1234YF,0.087,0.17250839,0.17250839,0.0855083887577057,0.0855083887577057,0.0
3816,R1234YF,0.159,0.20660628,0.20660628,0.047606283783912656,0.047606283783912656,0.0
3817,R1234YF,0.209,0.23217477,0.23217477,0.023174769043922433,0.023174769043922433,0.0
3818,R1234YF,0.258,0.2590587,0.2590587,0.00105871391296386,0.00105871391296386,0.0
3819,R1234YF,0.299,0.2822615,0.2822615,0.01673850917816161,0.01673850917816161,0.0
3820,R1234YF,0.336,0.3007088,0.3007088,0.03529119944572451,0.03529119944572451,0.0
3821,R1234YF,0.375,0.32303005,0.32303005,0.051969945430755615,0.051969945430755615,0.0
3822,R1234YF,0.409,0.34540576,0.34540576,0.0635942425727844,0.0635942425727844,0.0
3823,R1234YF,0.442,0.369828,0.369828,0.0721720142364502,0.0721720142364502,0.0
3824,R1234YF,0.477,0.39491552,0.39491552,0.08208447885513304,0.08208447885513304,0.0
3825,R1234YF,0.074,0.15040708,0.15040708,0.07640707588195801,0.07640707588195801,0.0
3826,R1234YF,0.137,0.18591346,0.18591346,0.048913458466529836,0.048913458466529836,0.0
3827,R1234YF,0.181,0.21357004,0.21357004,0.03257004344463349,0.03257004344463349,0.0
3828,R1234YF,0.225,0.2396129,0.2396129,0.014612907171249384,0.014612907171249384,0.0
3829,R1234YF,0.262,0.2596769,0.2596769,0.0023230965137481796,0.0023230965137481796,0.0
3830,R1234YF,0.296,0.27665573,0.27665573,0.01934426641464232,0.01934426641464232,0.0
3831,R1234YF,0.332,0.29929805,0.29929805,0.03270195198059084,0.03270195198059084,0.0
3832,R1234YF,0.364,0.32440558,0.32440558,0.03959441924095153,0.03959441924095153,0.0
3833,R1234YF,0.395,0.3500131,0.3500131,0.04498689293861391,0.04498689293861391,0.0
3834,R1234YF,0.427,0.37874508,0.37874508,0.04825492095947265,0.04825492095947265,0.0
3835,R1234YF,0.061,0.14467183,0.14467183,0.08367182755470276,0.08367182755470276,0.0
3836,R1234YF,0.118,0.17505477,0.17505477,0.05705477368831635,0.05705477368831635,0.0
3837,R1234YF,0.158,0.19603606,0.19603606,0.03803605568408966,0.03803605568408966,0.0
3838,R1234YF,0.198,0.21721616,0.21721616,0.019216163873672476,0.019216163873672476,0.0
3839,R1234YF,0.23,0.23811036,0.23811036,0.008110363483428945,0.008110363483428945,0.0
3840,R1234YF,0.262,0.25655478,0.25655478,0.005445217609405528,0.005445217609405528,0.0
3841,R1234YF,0.296,0.28035045,0.28035045,0.01564955329895018,0.01564955329895018,0.0
3842,R1234YF,0.325,0.30909806,0.30909806,0.01590193510055543,0.01590193510055543,0.0
3843,R1234YF,0.355,0.33659425,0.33659425,0.01840574622154234,0.01840574622154234,0.0
3844,R1234YF,0.384,0.36663252,0.36663252,0.01736747884750367,0.01736747884750367,0.0
