sample_id,model_source,descriptor_mode,refrigerant,chemical_class,cation,anion,T_K,P_MPa,true_x1,pred_mu,pred_sigma,abs_error,pred_seed_42,pred_seed_42_clip,pred_seed_43,pred_seed_43_clip,pred_seed_44,pred_seed_44_clip,pred_seed_45,pred_seed_45_clip,pred_seed_46,pred_seed_46_clip
[emim]__[Ac]__R1234yf__283.15__0.073,HFC_all,M0,R1234YF,HFO,EMIM,AC,283.15,0.073,0.009,0.02223658114671707,0.020444070395657883,0.013236581146717072,-0.0056780800223350525,0.0,0.01917698234319687,0.01917698234319687,0.02390415593981743,0.02390415593981743,0.05509936437010765,0.05509936437010765,0.01300240308046341,0.01300240308046341
[emim]__[Ac]__R1234yf__283.15__0.145,HFC_all,M0,R1234YF,HFO,EMIM,AC,283.15,0.145,0.019,0.04213922321796417,0.033767166604761055,0.02313922321796417,0.00672508031129837,0.00672508031129837,0.03664647042751312,0.03664647042751312,0.0398048497736454,0.0398048497736454,0.09793734550476074,0.09793734550476074,0.029582370072603226,0.029582370072603226
[emim]__[Ac]__R1234yf__283.15__0.207,HFC_all,M0,R1234YF,HFO,EMIM,AC,283.15,0.207,0.027,0.05992234870791435,0.047136557593407354,0.032922348707914356,0.01668466255068779,0.01668466255068779,0.04996035248041153,0.04996035248041153,0.04947005212306976,0.04947005212306976,0.14065459370613098,0.14065459370613098,0.0428420826792717,0.0428420826792717
[emim]__[Ac]__R1234yf__283.15__0.266,HFC_all,M0,R1234YF,HFO,EMIM,AC,283.15,0.266,0.035,0.07892289757728577,0.06529352417228916,0.04392289757728576,0.026936929672956467,0.026936929672956467,0.06242339313030243,0.06242339313030243,0.05787038058042526,0.05787038058042526,0.19306936860084534,0.19306936860084534,0.05431441590189934,0.05431441590189934
[emim]__[Ac]__R1234yf__283.15__0.319,HFC_all,M0,R1234YF,HFO,EMIM,AC,283.15,0.319,0.043,0.09558562859892845,0.0830257564606731,0.05258562859892846,0.036413487046957016,0.036413487046957016,0.07136984914541245,0.07136984914541245,0.06436170637607574,0.06436170637607574,0.24217337369918823,0.24217337369918823,0.06360972672700882,0.06360972672700882
[emim]__[Ac]__R1234yf__283.15__0.371,HFC_all,M0,R1234YF,HFO,EMIM,AC,283.15,0.371,0.051,0.11161934658885002,0.10103705101706953,0.06061934658885002,0.04634558781981468,0.04634558781981468,0.07907640933990479,0.07907640933990479,0.06947146356105804,0.06947146356105804,0.2910154163837433,0.2910154163837433,0.07218785583972931,0.07218785583972931
[emim]__[Ac]__R1234yf__283.15__0.42,HFC_all,M0,R1234YF,HFO,EMIM,AC,283.15,0.42,0.06,0.12573883011937143,0.11748249833551197,0.06573883011937143,0.05459687486290932,0.05459687486290932,0.08654579520225525,0.08654579520225525,0.07403543591499329,0.07403543591499329,0.33483967185020447,0.33483967185020447,0.07867637276649475,0.07867637276649475
[emim]__[Ac]__R1234yf__293.15__0.076,HFC_all,M0,R1234YF,HFO,EMIM,AC,293.15,0.076,0.009,0.02568025290966034,0.020632717864512495,0.01668025290966034,-0.00892408937215805,0.0,0.023829761892557144,0.023829761892557144,0.027492210268974304,0.027492210268974304,0.057326946407556534,0.057326946407556534,0.019752345979213715,0.019752345979213715
[emim]__[Ac]__R1234yf__293.15__0.153,HFC_all,M0,R1234YF,HFO,EMIM,AC,293.15,0.153,0.016,0.039262890070676806,0.0303974339004002,0.023262890070676806,-0.00215081125497818,0.0,0.035824693739414215,0.035824693739414215,0.04178301990032196,0.04178301990032196,0.08513140678405762,0.08513140678405762,0.033575329929590225,0.033575329929590225
[emim]__[Ac]__R1234yf__293.15__0.219,HFC_all,M0,R1234YF,HFO,EMIM,AC,293.15,0.219,0.022,0.050102850794792174,0.03828420533808701,0.028102850794792175,0.004473727196455002,0.004473727196455002,0.044043876230716705,0.044043876230716705,0.04904364049434662,0.04904364049434662,0.1107674092054367,0.1107674092054367,0.042185600847005844,0.042185600847005844
[emim]__[Ac]__R1234yf__293.15__0.282,HFC_all,M0,R1234YF,HFO,EMIM,AC,293.15,0.282,0.028,0.06258354932069779,0.04846362929513054,0.03458354932069779,0.010852538049221039,0.010852538049221039,0.053564153611660004,0.053564153611660004,0.05527981370687485,0.05527981370687485,0.14280812442302704,0.14280812442302704,0.050413116812705994,0.050413116812705994
[emim]__[Ac]__R1234yf__293.15__0.339,HFC_all,M0,R1234YF,HFO,EMIM,AC,293.15,0.339,0.034,0.07509778216481208,0.061970316425416144,0.04109778216481208,0.017257612198591232,0.017257612198591232,0.05975385382771492,0.05975385382771492,0.06032079830765724,0.06032079830765724,0.18110018968582153,0.18110018968582153,0.05705645680427551,0.05705645680427551
[emim]__[Ac]__R1234yf__293.15__0.395,HFC_all,M0,R1234YF,HFO,EMIM,AC,293.15,0.395,0.039,0.08712514974176884,0.07710999666378426,0.04812514974176884,0.023358287289738655,0.023358287289738655,0.06563475728034973,0.06563475728034973,0.06343316286802292,0.06343316286802292,0.22147303819656372,0.22147303819656372,0.06172650307416916,0.06172650307416916
[emim]__[Ac]__R1234yf__293.15__0.449,HFC_all,M0,R1234YF,HFO,EMIM,AC,293.15,0.449,0.046,0.09906001836061477,0.09291440874587158,0.053060018360614775,0.029370762407779694,0.029370762407779694,0.0708196610212326,0.0708196610212326,0.06617515534162521,0.06617515534162521,0.262550413608551,0.262550413608551,0.06638409942388535,0.06638409942388535
[emim]__[Ac]__R1234yf__303.15__0.08,HFC_all,M0,R1234YF,HFO,EMIM,AC,303.15,0.08,0.007,0.02710896134376526,0.020945922501995153,0.02010896134376526,-0.009886160492897034,0.0,0.025013547390699387,0.025013547390699387,0.028656132519245148,0.028656132519245148,0.058696869760751724,0.058696869760751724,0.023178257048130035,0.023178257048130035
[emim]__[Ac]__R1234yf__303.15__0.161,HFC_all,M0,R1234YF,HFO,EMIM,AC,303.15,0.161,0.012,0.03747717067599297,0.027461871567866863,0.025477170675992967,-0.006906613707542419,0.0,0.03418058902025223,0.03418058902025223,0.04063064232468605,0.04063064232468605,0.07730664312839508,0.07730664312839508,0.03526797890663147,0.03526797890663147
[emim]__[Ac]__R1234yf__303.15__0.23,HFC_all,M0,R1234YF,HFO,EMIM,AC,303.15,0.23,0.018,0.043515047430992125,0.03216334286945374,0.025515047430992126,-0.0033641979098320007,0.0,0.03931525722146034,0.03931525722146034,0.0464567132294178,0.0464567132294178,0.0905567854642868,0.0905567854642868,0.041246481239795685,0.041246481239795685
[emim]__[Ac]__R1234yf__303.15__0.297,HFC_all,M0,R1234YF,HFO,EMIM,AC,303.15,0.297,0.022,0.05014628991484642,0.03874736567957977,0.02814628991484642,-0.00016924738883972168,0.0,0.04454381763935089,0.04454381763935089,0.051036372780799866,0.051036372780799866,0.10883155465126038,0.10883155465126038,0.04631970450282097,0.04631970450282097
[emim]__[Ac]__R1234yf__303.15__0.358,HFC_all,M0,R1234YF,HFO,EMIM,AC,303.15,0.358,0.027,0.0579924613237381,0.04598164173972114,0.0309924613237381,0.004166536033153534,0.004166536033153534,0.0501142218708992,0.0501142218708992,0.05469827726483345,0.05469827726483345,0.1315690279006958,0.1315690279006958,0.049414243549108505,0.049414243549108505
[emim]__[Ac]__R1234yf__303.15__0.417,HFC_all,M0,R1234YF,HFO,EMIM,AC,303.15,0.417,0.032,0.06689896360039711,0.056302234462865315,0.03489896360039711,0.008752085268497467,0.008752085268497467,0.054352063685655594,0.054352063685655594,0.05803164839744568,0.05803164839744568,0.16098268330097198,0.16098268330097198,0.052376337349414825,0.052376337349414825
[emim]__[Ac]__R1234yf__303.15__0.474,HFC_all,M0,R1234YF,HFO,EMIM,AC,303.15,0.474,0.037,0.07615005746483802,0.06958358700509962,0.039150057464838024,0.011931508779525757,0.011931508779525757,0.05821318179368973,0.05821318179368973,0.06036042794585228,0.06036042794585228,0.19539284706115723,0.19539284706115723,0.05485232174396515,0.05485232174396515
[emim]__[Ac]__R1234yf__313.15__0.084,HFC_all,M0,R1234YF,HFO,EMIM,AC,313.15,0.084,0.006,0.025151338428258896,0.01990818856478231,0.019151338428258897,-0.0081600621342659,0.0,0.022195477038621902,0.022195477038621902,0.02624860778450966,0.02624860778450966,0.05565696209669113,0.05565696209669113,0.021655645221471786,0.021655645221471786
[emim]__[Ac]__R1234yf__313.15__0.168,HFC_all,M0,R1234YF,HFO,EMIM,AC,313.15,0.168,0.011,0.0324119932949543,0.02404745154338768,0.021411993294954298,-0.008655436336994171,0.0,0.02799009531736374,0.02799009531736374,0.034931495785713196,0.034931495785713196,0.06756839156150818,0.06756839156150818,0.031569983810186386,0.031569983810186386
[emim]__[Ac]__R1234yf__313.15__0.24,HFC_all,M0,R1234YF,HFO,EMIM,AC,313.15,0.24,0.015,0.036935172975063324,0.027042240332587782,0.021935172975063325,-0.008138217031955719,0.0,0.031947262585163116,0.031947262585163116,0.03905809670686722,0.03905809670686722,0.07606428861618042,0.07606428861618042,0.037606216967105865,0.037606216967105865
[emim]__[Ac]__R1234yf__313.15__0.311,HFC_all,M0,R1234YF,HFO,EMIM,AC,313.15,0.311,0.019,0.04135538786649704,0.030972856682973882,0.02235538786649704,-0.00645899772644043,0.0,0.03506816551089287,0.03506816551089287,0.04332999512553215,0.04332999512553215,0.08700157701969147,0.08700157701969147,0.04137720167636871,0.04137720167636871
[emim]__[Ac]__R1234yf__313.15__0.375,HFC_all,M0,R1234YF,HFO,EMIM,AC,313.15,0.375,0.022,0.045687778294086455,0.035718634543728124,0.023687778294086456,-0.00521928071975708,0.0,0.038710400462150574,0.038710400462150574,0.046199649572372437,0.046199649572372437,0.10011033713817596,0.10011033713817596,0.04341850429773331,0.04341850429773331
[emim]__[Ac]__R1234yf__313.15__0.438,HFC_all,M0,R1234YF,HFO,EMIM,AC,313.15,0.438,0.026,0.051044941693544385,0.04278026602266435,0.025044941693544386,-0.0031329020857810974,0.0,0.04278666153550148,0.04278666153550148,0.04894335940480232,0.04894335940480232,0.11887636035680771,0.11887636035680771,0.04461832717061043,0.04461832717061043
[emim]__[Ac]__R1234yf__313.15__0.5,HFC_all,M0,R1234YF,HFO,EMIM,AC,313.15,0.5,0.03,0.05749078094959259,0.052204868311265,0.02749078094959259,0.00019370019435882568,0.00019370019435882568,0.047054972499608994,0.047054972499608994,0.051458247005939484,0.051458247005939484,0.14312013983726501,0.14312013983726501,0.045626845210790634,0.045626845210790634
[emim]__[Ac]__R1234yf__323.15__0.087,HFC_all,M0,R1234YF,HFO,EMIM,AC,323.15,0.087,0.005,0.021626625210046768,0.017695472342368603,0.016626625210046767,-0.006785742938518524,0.0,0.01883310079574585,0.01883310079574585,0.021841268986463547,0.021841268986463547,0.049285806715488434,0.049285806715488434,0.01817294955253601,0.01817294955253601
[emim]__[Ac]__R1234yf__323.15__0.175,HFC_all,M0,R1234YF,HFO,EMIM,AC,323.15,0.175,0.009,0.027248853445053102,0.02112925819894457,0.0182488534450531,-0.008628226816654205,0.0,0.022446148097515106,0.022446148097515106,0.0284915491938591,0.0284915491938591,0.059146903455257416,0.059146903455257416,0.02615966647863388,0.02615966647863388
[emim]__[Ac]__R1234yf__323.15__0.251,HFC_all,M0,R1234YF,HFO,EMIM,AC,323.15,0.251,0.012,0.030404819548130034,0.02318086472601752,0.018404819548130034,-0.011590301990509033,0.0,0.024637948721647263,0.024637948721647263,0.03166751563549042,0.03166751563549042,0.06490024924278259,0.06490024924278259,0.030818384140729904,0.030818384140729904
[emim]__[Ac]__R1234yf__323.15__0.324,HFC_all,M0,R1234YF,HFO,EMIM,AC,323.15,0.324,0.015,0.03336846753954888,0.02563750436985215,0.018368467539548877,-0.012618888169527054,0.0,0.026744622737169266,0.026744622737169266,0.03444579243659973,0.03444579243659973,0.07171309739351273,0.07171309739351273,0.033938825130462646,0.033938825130462646
[emim]__[Ac]__R1234yf__323.15__0.392,HFC_all,M0,R1234YF,HFO,EMIM,AC,323.15,0.392,0.019,0.03693031817674637,0.029395439028950067,0.01793031817674637,-0.01240866631269455,0.0,0.02900693565607071,0.02900693565607071,0.03729138895869255,0.03729138895869255,0.08197807520627975,0.08197807520627975,0.03637519106268883,0.03637519106268883
[emim]__[Ac]__R1234yf__323.15__0.458,HFC_all,M0,R1234YF,HFO,EMIM,AC,323.15,0.458,0.021,0.040705014020204544,0.033945300492919626,0.019705014020204543,-0.011695194989442825,0.0,0.031378015875816345,0.031378015875816345,0.03994597867131233,0.03994597867131233,0.09416119754314423,0.09416119754314423,0.03803987801074982,0.03803987801074982
[emim]__[Ac]__R1234yf__323.15__0.523,HFC_all,M0,R1234YF,HFO,EMIM,AC,323.15,0.523,0.024,0.044998560845851895,0.040010577793119784,0.020998560845851895,-0.008981186896562576,0.0,0.03448893874883652,0.03448893874883652,0.04200340807437897,0.04200340807437897,0.109941765666008,0.109941765666008,0.03855869174003601,0.03855869174003601
[emim]__[Ac]__R1234yf__333.15__0.091,HFC_all,M0,R1234YF,HFO,EMIM,AC,333.15,0.091,0.004,0.018164785206317903,0.01603531249514328,0.014164785206317903,-0.006775740534067154,0.0,0.0152389295399189,0.0152389295399189,0.01732868328690529,0.01732868328690529,0.04411005973815918,0.04411005973815918,0.01414625346660614,0.01414625346660614
[emim]__[Ac]__R1234yf__333.15__0.182,HFC_all,M0,R1234YF,HFO,EMIM,AC,333.15,0.182,0.007,0.022637367248535156,0.018741081774061318,0.015637367248535157,-0.009071815758943558,0.0,0.017190147191286087,0.017190147191286087,0.02297452837228775,0.02297452837228775,0.051966119557619095,0.051966119557619095,0.02105604112148285,0.02105604112148285
[emim]__[Ac]__R1234yf__333.15__0.261,HFC_all,M0,R1234YF,HFO,EMIM,AC,333.15,0.261,0.01,0.024796193838119505,0.020120394295066842,0.014796193838119505,-0.012603193521499634,0.0,0.018588099628686905,0.018588099628686905,0.02546032890677452,0.02546032890677452,0.05586007237434387,0.05586007237434387,0.024072468280792236,0.024072468280792236
[emim]__[Ac]__R1234yf__333.15__0.338,HFC_all,M0,R1234YF,HFO,EMIM,AC,333.15,0.338,0.013,0.027125298976898193,0.021998963171491377,0.014125298976898194,-0.015653759241104126,0.0,0.02028009667992592,0.02028009667992592,0.027709752321243286,0.027709752321243286,0.061074092984199524,0.061074092984199524,0.026562552899122238,0.026562552899122238
[emim]__[Ac]__R1234yf__333.15__0.408,HFC_all,M0,R1234YF,HFO,EMIM,AC,333.15,0.408,0.015,0.030019698292016984,0.024724918148521104,0.015019698292016985,-0.017251640558242798,0.0,0.02291141077876091,0.02291141077876091,0.02996831387281418,0.02996831387281418,0.06863962113857269,0.06863962113857269,0.028579145669937134,0.028579145669937134
[emim]__[Ac]__R1234yf__333.15__0.478,HFC_all,M0,R1234YF,HFO,EMIM,AC,333.15,0.478,0.017,0.03320105448365211,0.0285793510099531,0.01620105448365211,-0.016523271799087524,0.0,0.024905916303396225,0.024905916303396225,0.031660739332437515,0.031660739332437515,0.07888079434633255,0.07888079434633255,0.030557822436094284,0.030557822436094284
[emim]__[Ac]__R1234yf__333.15__0.545,HFC_all,M0,R1234YF,HFO,EMIM,AC,333.15,0.545,0.02,0.036436524242162704,0.03310918174735354,0.016436524242162704,-0.015407547354698181,0.0,0.026551228016614914,0.026551228016614914,0.033316463232040405,0.033316463232040405,0.09054749459028244,0.09054749459028244,0.03176743537187576,0.03176743537187576
[emim]__[Ac]__R1234yf__343.15__0.094,HFC_all,M0,R1234YF,HFO,EMIM,AC,343.15,0.094,0.003,0.015239208191633224,0.014719362635357983,0.012239208191633225,-0.0070481374859809875,0.0,0.012068238109350204,0.012068238109350204,0.012570947408676147,0.012570947408676147,0.039833322167396545,0.039833322167396545,0.011723533272743225,0.011723533272743225
[emim]__[Ac]__R1234yf__343.15__0.189,HFC_all,M0,R1234YF,HFO,EMIM,AC,343.15,0.189,0.006,0.018866076320409774,0.016959224467569645,0.012866076320409774,-0.009760834276676178,0.0,0.012598946690559387,0.012598946690559387,0.018070198595523834,0.018070198595523834,0.04629546031355858,0.04629546031355858,0.017365776002407074,0.017365776002407074
[emim]__[Ac]__R1234yf__343.15__0.271,HFC_all,M0,R1234YF,HFO,EMIM,AC,343.15,0.271,0.009,0.020368944853544235,0.018102391542494767,0.011368944853544236,-0.013852093368768692,0.0,0.013609837740659714,0.013609837740659714,0.020074162632226944,0.020074162632226944,0.04947701841592789,0.04947701841592789,0.01868370547890663,0.01868370547890663
[emim]__[Ac]__R1234yf__343.15__0.35,HFC_all,M0,R1234YF,HFO,EMIM,AC,343.15,0.35,0.01,0.02242724671959877,0.01976835806656091,0.01242724671959877,-0.017234236001968384,0.0,0.015240244567394257,0.015240244567394257,0.021788500249385834,0.021788500249385834,0.05414421856403351,0.05414421856403351,0.020963270217180252,0.020963270217180252
[emim]__[Ac]__R1234yf__343.15__0.424,HFC_all,M0,R1234YF,HFO,EMIM,AC,343.15,0.424,0.013,0.024686890840530395,0.022030185678939527,0.011686890840530395,-0.019281819462776184,0.0,0.01709570735692978,0.01709570735692978,0.023221567273139954,0.023221567273139954,0.060304149985313416,0.060304149985313416,0.02281302958726883,0.02281302958726883
[emim]__[Ac]__R1234yf__343.15__0.496,HFC_all,M0,R1234YF,HFO,EMIM,AC,343.15,0.496,0.015,0.027075210213661195,0.02507581836126639,0.012075210213661196,-0.020355097949504852,0.0,0.019129320979118347,0.019129320979118347,0.024413220584392548,0.024413220584392548,0.06829854100942612,0.06829854100942612,0.023534968495368958,0.023534968495368958
[emim]__[Ac]__R1234yf__343.15__0.568,HFC_all,M0,R1234YF,HFO,EMIM,AC,343.15,0.568,0.018,0.029823963344097138,0.02867819863970809,0.01182396334409714,-0.01950247585773468,0.0,0.02142420783638954,0.02142420783638954,0.025467760860919952,0.025467760860919952,0.07761137932538986,0.07761137932538986,0.02461646869778633,0.02461646869778633
[emim]__[BF4]__R1234yf__283.15__0.0592,HFC_all,M0,R1234YF,HFO,EMIM,BF4,283.15,0.0592,0.0065,0.013075858354568481,0.007990513847607851,0.006575858354568482,-0.0030917786061763763,0.0,0.017193615436553955,0.017193615436553955,0.021249402314424515,0.021249402314424515,0.013883266597986221,0.013883266597986221,0.013053007423877716,0.013053007423877716
[emim]__[BF4]__R1234yf__283.15__0.1096,HFC_all,M0,R1234YF,HFO,EMIM,BF4,283.15,0.1096,0.0121,0.0256448395550251,0.011838637885405675,0.013544839555025102,0.005593463778495789,0.005593463778495789,0.03047458454966545,0.03047458454966545,0.035475458949804306,0.035475458949804306,0.03180853649973869,0.03180853649973869,0.024872153997421265,0.024872153997421265
[emim]__[BF4]__R1234yf__283.15__0.1594,HFC_all,M0,R1234YF,HFO,EMIM,BF4,283.15,0.1594,0.0174,0.03838158175349236,0.014280794996703063,0.020981581753492358,0.01424562931060791,0.01424562931060791,0.04432588070631027,0.04432588070631027,0.045651454478502274,0.045651454478502274,0.050376683473587036,0.050376683473587036,0.037308260798454285,0.037308260798454285
[emim]__[BF4]__R1234yf__283.15__0.2062,HFC_all,M0,R1234YF,HFO,EMIM,BF4,283.15,0.2062,0.0228,0.04932735189795494,0.01674041846421028,0.026527351897954937,0.022428352385759354,0.022428352385759354,0.05513273552060127,0.05513273552060127,0.053425133228302,0.053425133228302,0.06788724660873413,0.06788724660873413,0.047763291746377945,0.047763291746377945
[emim]__[BF4]__R1234yf__283.15__0.2512,HFC_all,M0,R1234YF,HFO,EMIM,BF4,283.15,0.2512,0.0279,0.05961508564651012,0.019211444402026993,0.03171508564651012,0.030669892206788063,0.030669892206788063,0.06568746268749237,0.06568746268749237,0.06032479926943779,0.06032479926943779,0.08402921259403229,0.08402921259403229,0.05736406147480011,0.05736406147480011
[emim]__[BF4]__R1234yf__283.15__0.2972,HFC_all,M0,R1234YF,HFO,EMIM,BF4,283.15,0.2972,0.0337,0.0701333612203598,0.02308589699405782,0.036433361220359804,0.03927087038755417,0.03927087038755417,0.0749051570892334,0.0749051570892334,0.06633740663528442,0.06633740663528442,0.10372549295425415,0.10372549295425415,0.06642787903547287,0.06642787903547287
[emim]__[BF4]__R1234yf__283.15__0.3411,HFC_all,M0,R1234YF,HFO,EMIM,BF4,283.15,0.3411,0.0398,0.08009076565504074,0.028558020121990338,0.040290765655040736,0.04793991148471832,0.04793991148471832,0.08178859949111938,0.08178859949111938,0.07069160789251328,0.07069160789251328,0.1259324848651886,0.1259324848651886,0.07410122454166412,0.07410122454166412
[emim]__[BF4]__R1234yf__293.15__0.0618,HFC_all,M0,R1234YF,HFO,EMIM,BF4,293.15,0.0618,0.0052,0.01730186939239502,0.010206719079183784,0.01210186939239502,-0.007042594254016876,0.0,0.023372609168291092,0.023372609168291092,0.025694821029901505,0.025694821029901505,0.016984492540359497,0.016984492540359497,0.020457424223423004,0.020457424223423004
[emim]__[BF4]__R1234yf__293.15__0.1144,HFC_all,M0,R1234YF,HFO,EMIM,BF4,293.15,0.1144,0.0095,0.02648113965988159,0.015131829061768916,0.016981139659881593,-0.0018090121448040009,0.0,0.033387795090675354,0.033387795090675354,0.03811907023191452,0.03811907023191452,0.030465006828308105,0.030465006828308105,0.03043382614850998,0.03043382614850998
[emim]__[BF4]__R1234yf__293.15__0.1665,HFC_all,M0,R1234YF,HFO,EMIM,BF4,293.15,0.1665,0.0139,0.034765015542507174,0.017750352627445416,0.020865015542507175,0.0033578723669052124,0.0033578723669052124,0.0407353937625885,0.0407353937625885,0.04566334933042526,0.04566334933042526,0.04466000199317932,0.04466000199317932,0.03940846025943756,0.03940846025943756
[emim]__[BF4]__R1234yf__293.15__0.2158,HFC_all,M0,R1234YF,HFO,EMIM,BF4,293.15,0.2158,0.0178,0.04207815155386925,0.019235482188085056,0.02427815155386925,0.008351899683475494,0.008351899683475494,0.04821790009737015,0.04821790009737015,0.05147641897201538,0.05147641897201538,0.056228213012218475,0.056228213012218475,0.04611632600426674,0.04611632600426674
[emim]__[BF4]__R1234yf__293.15__0.2632,HFC_all,M0,R1234YF,HFO,EMIM,BF4,293.15,0.2632,0.0216,0.049584328383207324,0.02117329512374965,0.027984328383207323,0.013094909489154816,0.013094909489154816,0.05620628222823143,0.05620628222823143,0.05701570212841034,0.05701570212841034,0.06825191527605057,0.06825191527605057,0.05335283279418945,0.05335283279418945
[emim]__[BF4]__R1234yf__293.15__0.3121,HFC_all,M0,R1234YF,HFO,EMIM,BF4,293.15,0.3121,0.0257,0.056778595224022864,0.022793676983044193,0.031078595224022863,0.018918843939900398,0.018918843939900398,0.06212126836180687,0.06212126836180687,0.061788879334926605,0.061788879334926605,0.08084914088249207,0.08084914088249207,0.06021484360098839,0.06021484360098839
[emim]__[BF4]__R1234yf__293.15__0.3585,HFC_all,M0,R1234YF,HFO,EMIM,BF4,293.15,0.3585,0.0297,0.0632410604506731,0.025100547043552655,0.033541060450673094,0.02423872984945774,0.02423872984945774,0.06750977784395218,0.06750977784395218,0.06527445465326309,0.06527445465326309,0.09445655345916748,0.09445655345916748,0.06472578644752502,0.06472578644752502
[emim]__[BF4]__R1234yf__303.15__0.0643,HFC_all,M0,R1234YF,HFO,EMIM,BF4,303.15,0.0643,0.0042,0.01960497424006462,0.011186614577156216,0.015404974240064623,-0.006818186491727829,0.0,0.024992138147354126,0.024992138147354126,0.027865681797266006,0.027865681797266006,0.021808281540870667,0.021808281540870667,0.023358769714832306,0.023358769714832306
[emim]__[BF4]__R1234yf__303.15__0.1193,HFC_all,M0,R1234YF,HFO,EMIM,BF4,303.15,0.1193,0.0076,0.02697485089302063,0.015315610918958259,0.019374850893020632,-0.004703156650066376,0.0,0.03215232118964195,0.03215232118964195,0.03832725062966347,0.03832725062966347,0.03175170719623566,0.03175170719623566,0.03264297544956207,0.03264297544956207
[emim]__[BF4]__R1234yf__303.15__0.1737,HFC_all,M0,R1234YF,HFO,EMIM,BF4,303.15,0.1737,0.0112,0.032453081011772154,0.0183179064611078,0.021253081011772153,-0.002098657190799713,0.0,0.038284704089164734,0.038284704089164734,0.044858090579509735,0.044858090579509735,0.039429910480976105,0.039429910480976105,0.039692699909210205,0.039692699909210205
[emim]__[BF4]__R1234yf__303.15__0.2253,HFC_all,M0,R1234YF,HFO,EMIM,BF4,303.15,0.2253,0.0145,0.03690808936953545,0.020482385340374644,0.02240808936953545,0.0005154460668563843,0.0005154460668563843,0.042699266225099564,0.042699266225099564,0.04899463802576065,0.04899463802576065,0.04731977358460426,0.04731977358460426,0.04501132294535637,0.04501132294535637
[emim]__[BF4]__R1234yf__303.15__0.2752,HFC_all,M0,R1234YF,HFO,EMIM,BF4,303.15,0.2752,0.0175,0.041541789472103116,0.02177204808669187,0.024041789472103114,0.002986013889312744,0.002986013889312744,0.0472191758453846,0.0472191758453846,0.05255952477455139,0.05255952477455139,0.0553852915763855,0.0553852915763855,0.04955894127488136,0.04955894127488136
[emim]__[BF4]__R1234yf__303.15__0.3265,HFC_all,M0,R1234YF,HFO,EMIM,BF4,303.15,0.3265,0.0208,0.04623166993260384,0.02306142134598883,0.02543166993260384,0.00592648983001709,0.00592648983001709,0.05206640809774399,0.05206640809774399,0.056124716997146606,0.056124716997146606,0.06438843160867691,0.06438843160867691,0.052652303129434586,0.052652303129434586
[emim]__[BF4]__R1234yf__303.15__0.3755,HFC_all,M0,R1234YF,HFO,EMIM,BF4,303.15,0.3755,0.0239,0.050789182633161546,0.02404895696063107,0.026889182633161545,0.009852230548858643,0.009852230548858643,0.055904924869537354,0.055904924869537354,0.05900914967060089,0.05900914967060089,0.07361538708209991,0.07361538708209991,0.05556422099471092,0.05556422099471092
[emim]__[BF4]__R1234yf__313.15__0.0671,HFC_all,M0,R1234YF,HFO,EMIM,BF4,313.15,0.0671,0.0035,0.018499411270022394,0.010456829108332686,0.014999411270022394,-0.004820913076400757,0.0,0.022498279809951782,0.022498279809951782,0.025311991572380066,0.025311991572380066,0.023607967421412468,0.023607967421412468,0.021078817546367645,0.021078817546367645
[emim]__[BF4]__R1234yf__313.15__0.1241,HFC_all,M0,R1234YF,HFO,EMIM,BF4,313.15,0.1241,0.0065,0.02467486448585987,0.014024628785806365,0.018174864485859872,-0.00420716404914856,0.0,0.027661435306072235,0.027661435306072235,0.03470773622393608,0.03470773622393608,0.030954992398619652,0.030954992398619652,0.030050158500671387,0.030050158500671387
[emim]__[BF4]__R1234yf__313.15__0.1807,HFC_all,M0,R1234YF,HFO,EMIM,BF4,313.15,0.1807,0.0095,0.0283558614552021,0.016107891007916025,0.0188558614552021,-0.005037624388933182,0.0,0.0313824862241745,0.0313824862241745,0.03935893252491951,0.03935893252491951,0.034828223288059235,0.034828223288059235,0.03620966523885727,0.03620966523885727
[emim]__[BF4]__R1234yf__313.15__0.2345,HFC_all,M0,R1234YF,HFO,EMIM,BF4,313.15,0.2345,0.0122,0.03187090754508972,0.018055181950892524,0.019670907545089718,-0.003939874470233917,0.0,0.03503554314374924,0.03503554314374924,0.04284431040287018,0.04284431040287018,0.04021493345499039,0.04021493345499039,0.041259750723838806,0.041259750723838806
[emim]__[BF4]__R1234yf__313.15__0.2867,HFC_all,M0,R1234YF,HFO,EMIM,BF4,313.15,0.2867,0.0147,0.03480838015675545,0.019738616718650386,0.02010838015675545,-0.0027573630213737488,0.0,0.03781576827168465,0.03781576827168465,0.0455961748957634,0.0455961748957634,0.04587645083665848,0.04587645083665848,0.044753506779670715,0.044753506779670715
[emim]__[BF4]__R1234yf__313.15__0.3406,HFC_all,M0,R1234YF,HFO,EMIM,BF4,313.15,0.3406,0.0173,0.03748780265450478,0.021303738605556764,0.020187802654504778,-0.0018759705126285553,0.0,0.04096725583076477,0.04096725583076477,0.047774914652109146,0.047774914652109146,0.051670268177986145,0.051670268177986145,0.04702657461166382,0.04702657461166382
[emim]__[BF4]__R1234yf__313.15__0.3919,HFC_all,M0,R1234YF,HFO,EMIM,BF4,313.15,0.3919,0.02,0.04003008231520653,0.022897720909611254,0.02003008231520653,-0.000609472393989563,0.0,0.044174302369356155,0.044174302369356155,0.049798183143138885,0.049798183143138885,0.05762525647878647,0.05762525647878647,0.04855266958475113,0.04855266958475113
[emim]__[BF4]__R1234yf__323.15__0.0695,HFC_all,M0,R1234YF,HFO,EMIM,BF4,323.15,0.0695,0.0028,0.01603357568383217,0.009150763461634005,0.013233575683832169,-0.0035068467259407043,0.0,0.018864456564188004,0.018864456564188004,0.021160267293453217,0.021160267293453217,0.022412791848182678,0.022412791848182678,0.017730362713336945,0.017730362713336945
[emim]__[BF4]__R1234yf__323.15__0.1289,HFC_all,M0,R1234YF,HFO,EMIM,BF4,323.15,0.1289,0.0052,0.021431653946638107,0.012242017058881878,0.016231653946638107,-0.0032173171639442444,0.0,0.023100510239601135,0.023100510239601135,0.029423758387565613,0.029423758387565613,0.028769362717866898,0.028769362717866898,0.02586463838815689,0.02586463838815689
[emim]__[BF4]__R1234yf__323.15__0.1876,HFC_all,M0,R1234YF,HFO,EMIM,BF4,323.15,0.1876,0.0077,0.024009107053279875,0.0136697250736746,0.016309107053279877,-0.005192119628190994,0.0,0.025797583162784576,0.025797583162784576,0.03269367665052414,0.03269367665052414,0.03139980882406235,0.03139980882406235,0.03015446662902832,0.03015446662902832
[emim]__[BF4]__R1234yf__323.15__0.2436,HFC_all,M0,R1234YF,HFO,EMIM,BF4,323.15,0.2436,0.0101,0.026417051255702973,0.015110659643735501,0.016317051255702972,-0.007426172494888306,0.0,0.027480602264404297,0.027480602264404297,0.03508296608924866,0.03508296608924866,0.034777700901031494,0.034777700901031494,0.034743987023830414,0.034743987023830414
[emim]__[BF4]__R1234yf__323.15__0.298,HFC_all,M0,R1234YF,HFO,EMIM,BF4,323.15,0.298,0.0122,0.028512295335531235,0.016385782173820237,0.016312295335531232,-0.00818469375371933,0.0,0.02913869172334671,0.02913869172334671,0.03731343150138855,0.03731343150138855,0.03878199681639671,0.03878199681639671,0.0373273566365242,0.0373273566365242
[emim]__[BF4]__R1234yf__323.15__0.3543,HFC_all,M0,R1234YF,HFO,EMIM,BF4,323.15,0.3543,0.0145,0.030612654238939285,0.01765291716116441,0.016112654238939282,-0.008381824940443039,0.0,0.031073197722434998,0.031073197722434998,0.03937387093901634,0.03937387093901634,0.042651817202568054,0.042651817202568054,0.03996438533067703,0.03996438533067703
[emim]__[BF4]__R1234yf__323.15__0.4081,HFC_all,M0,R1234YF,HFO,EMIM,BF4,323.15,0.4081,0.017,0.0327221155166626,0.01893012228880306,0.015722115516662596,-0.008701946586370468,0.0,0.03341609612107277,0.03341609612107277,0.0414993017911911,0.0414993017911911,0.047071315348148346,0.047071315348148346,0.04162386432290077,0.04162386432290077
[emim]__[BF4]__R1234yf__333.15__0.0723,HFC_all,M0,R1234YF,HFO,EMIM,BF4,333.15,0.0723,0.0023,0.013515199720859527,0.007863925791788883,0.011215199720859527,-0.003457367420196533,0.0,0.015455927699804306,0.015455927699804306,0.01673881709575653,0.01673881709575653,0.020490463823080063,0.020490463823080063,0.014890789985656738,0.014890789985656738
[emim]__[BF4]__R1234yf__333.15__0.1336,HFC_all,M0,R1234YF,HFO,EMIM,BF4,333.15,0.1336,0.0043,0.01817066892981529,0.010496153656907429,0.013870668929815292,-0.0036980509757995605,0.0,0.019212719053030014,0.019212719053030014,0.023878313601017,0.023878313601017,0.02629169076681137,0.02629169076681137,0.02147062122821808,0.02147062122821808
[emim]__[BF4]__R1234yf__333.15__0.1945,HFC_all,M0,R1234YF,HFO,EMIM,BF4,333.15,0.1945,0.0063,0.020026783645153045,0.01154706728494843,0.013726783645153045,-0.005972366780042648,0.0,0.020535293966531754,0.020535293966531754,0.026398535817861557,0.026398535817861557,0.028180181980133057,0.028180181980133057,0.02501990646123886,0.02501990646123886
[emim]__[BF4]__R1234yf__333.15__0.2526,HFC_all,M0,R1234YF,HFO,EMIM,BF4,333.15,0.2526,0.0085,0.021750371158123016,0.012584180449688528,0.013250371158123015,-0.00884874165058136,0.0,0.021823309361934662,0.021823309361934662,0.028424270451068878,0.028424270451068878,0.03053051233291626,0.03053051233291626,0.027973763644695282,0.027973763644695282
[emim]__[BF4]__R1234yf__333.15__0.3092,HFC_all,M0,R1234YF,HFO,EMIM,BF4,333.15,0.3092,0.0105,0.023194195330142976,0.013491276899214252,0.012694195330142976,-0.011276595294475555,0.0,0.02286924049258232,0.02286924049258232,0.0301409512758255,0.0301409512758255,0.032964032143354416,0.032964032143354416,0.029996752738952637,0.029996752738952637
[emim]__[BF4]__R1234yf__333.15__0.3678,HFC_all,M0,R1234YF,HFO,EMIM,BF4,333.15,0.3678,0.0125,0.0248658686876297,0.014507853270622371,0.012365868687629698,-0.012857198715209961,0.0,0.024500928819179535,0.024500928819179535,0.031964607536792755,0.031964607536792755,0.03601619601249695,0.03601619601249695,0.03184761106967926,0.03184761106967926
[emim]__[BF4]__R1234yf__333.15__0.4239,HFC_all,M0,R1234YF,HFO,EMIM,BF4,333.15,0.4239,0.0142,0.02671612650156021,0.015640865414751952,0.012516126501560209,-0.013421263545751572,0.0,0.02659517526626587,0.02659517526626587,0.03381488099694252,0.03381488099694252,0.03971479460597038,0.03971479460597038,0.033455781638622284,0.033455781638622284
[emim]__[BF4]__R1234yf__343.15__0.0749,HFC_all,M0,R1234YF,HFO,EMIM,BF4,343.15,0.0749,0.0019,0.011287033930420876,0.006882105464878732,0.009387033930420875,-0.003676280379295349,0.0,0.012678992003202438,0.012678992003202438,0.01218847930431366,0.01218847930431366,0.018854966387152672,0.018854966387152672,0.012712731957435608,0.012712731957435608
[emim]__[BF4]__R1234yf__343.15__0.1382,HFC_all,M0,R1234YF,HFO,EMIM,BF4,343.15,0.1382,0.0037,0.015379171818494797,0.009238926332207001,0.011679171818494797,-0.004546657204627991,0.0,0.015048746019601822,0.015048746019601822,0.0190497487783432,0.0190497487783432,0.02446957677602768,0.02446957677602768,0.018327787518501282,0.018327787518501282
[emim]__[BF4]__R1234yf__343.15__0.2014,HFC_all,M0,R1234YF,HFO,EMIM,BF4,343.15,0.2014,0.0053,0.016657069325447083,0.010014779949788027,0.011357069325447083,-0.007078792899847031,0.0,0.015596579760313034,0.015596579760313034,0.0212104395031929,0.0212104395031929,0.025997746735811234,0.025997746735811234,0.020480580627918243,0.020480580627918243
[emim]__[BF4]__R1234yf__343.15__0.2618,HFC_all,M0,R1234YF,HFO,EMIM,BF4,343.15,0.2618,0.007,0.017721020430326462,0.010593001672088076,0.010721020430326463,-0.010169614106416702,0.0,0.016610685735940933,0.016610685735940933,0.022724810987710953,0.022724810987710953,0.027178484946489334,0.027178484946489334,0.02209112048149109,0.02209112048149109
[emim]__[BF4]__R1234yf__343.15__0.3203,HFC_all,M0,R1234YF,HFO,EMIM,BF4,343.15,0.3203,0.0086,0.018919454514980318,0.01125092281620249,0.010319454514980318,-0.01279742643237114,0.0,0.017865441739559174,0.017865441739559174,0.02405572682619095,0.02405572682619095,0.02866441011428833,0.02866441011428833,0.02401169389486313,0.02401169389486313
[emim]__[BF4]__R1234yf__343.15__0.3813,HFC_all,M0,R1234YF,HFO,EMIM,BF4,343.15,0.3813,0.0102,0.020310256630182266,0.012150079424505054,0.010110256630182266,-0.01482505351305008,0.0,0.01922626420855522,0.01922626420855522,0.025583922863006592,0.025583922863006592,0.03145826607942581,0.03145826607942581,0.025282829999923706,0.025282829999923706
[emim]__[BF4]__R1234yf__343.15__0.4399,HFC_all,M0,R1234YF,HFO,EMIM,BF4,343.15,0.4399,0.0119,0.02177744135260582,0.01312341399940901,0.00987744135260582,-0.01622324436903,0.0,0.020804889500141144,0.020804889500141144,0.026823651045560837,0.026823651045560837,0.034599028527736664,0.034599028527736664,0.026659637689590454,0.026659637689590454
[emim]__[BF4]__R1234yf__303.15__0.0607,HFC_all,M0,R1234YF,HFO,EMIM,BF4,303.15,0.0607,0.0038,0.019022702425718307,0.010853408419414535,0.015222702425718307,-0.0069529153406620026,0.0,0.02442815527319908,0.02442815527319908,0.026939012110233307,0.026939012110233307,0.021103285253047943,0.021103285253047943,0.022643059492111206,0.022643059492111206
[emim]__[BF4]__R1234yf__303.15__0.1411,HFC_all,M0,R1234YF,HFO,EMIM,BF4,303.15,0.1411,0.0087,0.029482258856296538,0.016706307662498796,0.02078225885629654,-0.0036794841289520264,0.0,0.03464153781533241,0.03464153781533241,0.04150114580988884,0.04150114580988884,0.03516948223114014,0.03516948223114014,0.03609912842512131,0.03609912842512131
[emim]__[BF4]__R1234yf__303.15__0.2323,HFC_all,M0,R1234YF,HFO,EMIM,BF4,303.15,0.2323,0.0147,0.03757639527320862,0.020693848276968647,0.022876395273208623,0.0008111037313938141,0.0008111037313938141,0.04332955554127693,0.04332955554127693,0.04951563850045204,0.04951563850045204,0.0484771803021431,0.0484771803021431,0.045748498290777206,0.045748498290777206
[emim]__[BF4]__R1234yf__303.15__0.3263,HFC_all,M0,R1234YF,HFO,EMIM,BF4,303.15,0.3263,0.0207,0.04621369019150734,0.023056180944347634,0.02551369019150734,0.0059142038226127625,0.0059142038226127625,0.052050258964300156,0.052050258964300156,0.05611240118741989,0.05611240118741989,0.06435032933950424,0.06435032933950424,0.052641257643699646,0.052641257643699646
[emim]__[BF4]__R1234yf__303.15__0.4223,HFC_all,M0,R1234YF,HFO,EMIM,BF4,303.15,0.4223,0.0277,0.055081512033939364,0.025697883570474978,0.027381512033939365,0.013244695961475372,0.013244695961475372,0.05906950682401657,0.05906950682401657,0.06159941107034683,0.06159941107034683,0.08382377028465271,0.08382377028465271,0.05767017602920532,0.05767017602920532
[emim]__[BF4]__R1234ze(E)__283.15__0.05,HFC_all,M0,R1234ZE(E),HFO,EMIM,BF4,283.15,0.05,0.0269,0.03838846385478974,0.015920414136559823,0.011488463854789736,0.01941411942243576,0.01941411942243576,0.035583239048719406,0.035583239048719406,0.041492387652397156,0.041492387652397156,0.06292364001274109,0.06292364001274109,0.03252893313765526,0.03252893313765526
[emim]__[BF4]__R1234ze(E)__283.15__0.095,HFC_all,M0,R1234ZE(E),HFO,EMIM,BF4,283.15,0.095,0.0501,0.058371075242757794,0.024283237039121983,0.008271075242757796,0.032331205904483795,0.032331205904483795,0.05332351475954056,0.05332351475954056,0.05814236029982567,0.05814236029982567,0.09816156327724457,0.09816156327724457,0.0498967319726944,0.0498967319726944
[emim]__[BF4]__R1234ze(E)__283.15__0.14,HFC_all,M0,R1234ZE(E),HFO,EMIM,BF4,283.15,0.14,0.0738,0.07978066727519036,0.03775830474166523,0.005980667275190352,0.04460081085562706,0.04460081085562706,0.07248540967702866,0.07248540967702866,0.07093927264213562,0.07093927264213562,0.14427867531776428,0.14427867531776428,0.06659916788339615,0.06659916788339615
[emim]__[BF4]__R1234ze(E)__283.15__0.182,HFC_all,M0,R1234ZE(E),HFO,EMIM,BF4,283.15,0.182,0.098,0.10040387958288192,0.054101179392442925,0.002403879582881921,0.05611133575439453,0.05611133575439453,0.08867226541042328,0.08867226541042328,0.08241553604602814,0.08241553604602814,0.1946193277835846,0.1946193277835846,0.0802009329199791,0.0802009329199791
[emim]__[BF4]__R1234ze(E)__283.15__0.221,HFC_all,M0,R1234ZE(E),HFO,EMIM,BF4,283.15,0.221,0.123,0.11928512305021285,0.07133784024747192,0.0037148769497871437,0.06734932959079742,0.06734932959079742,0.1011456847190857,0.1011456847190857,0.09164676815271378,0.09164676815271378,0.2449277639389038,0.2449277639389038,0.0913560688495636,0.0913560688495636
[emim]__[BF4]__R1234ze(E)__283.15__0.259,HFC_all,M0,R1234ZE(E),HFO,EMIM,BF4,283.15,0.259,0.1511,0.13736481964588165,0.08822576715846026,0.01373518035411836,0.07900179922580719,0.07900179922580719,0.11285603046417236,0.11285603046417236,0.0989905297756195,0.0989905297756195,0.29365742206573486,0.29365742206573486,0.10231831669807434,0.10231831669807434
[emim]__[BF4]__R1234ze(E)__283.15__0.294,HFC_all,M0,R1234ZE(E),HFO,EMIM,BF4,283.15,0.294,0.1814,0.15293889492750168,0.10382516374322548,0.028461105072498327,0.089169941842556,0.089169941842556,0.12183590233325958,0.12183590233325958,0.10514618456363678,0.10514618456363678,0.3374614119529724,0.3374614119529724,0.11108103394508362,0.11108103394508362
[emim]__[BF4]__R1234ze(E)__293.15__0.054,HFC_all,M0,R1234ZE(E),HFO,EMIM,BF4,293.15,0.054,0.0213,0.040807392448186874,0.017127590494864245,0.019507392448186875,0.013500694185495377,0.013500694185495377,0.04392049461603165,0.04392049461603165,0.04682497680187225,0.04682497680187225,0.060303933918476105,0.060303933918476105,0.03948686271905899,0.03948686271905899
[emim]__[BF4]__R1234ze(E)__293.15__0.103,HFC_all,M0,R1234ZE(E),HFO,EMIM,BF4,293.15,0.103,0.0376,0.05646402761340141,0.023352027384419608,0.01886402761340141,0.02279963716864586,0.02279963716864586,0.05673631653189659,0.05673631653189659,0.06205059960484505,0.06205059960484505,0.08811672031879425,0.08811672031879425,0.05261686444282532,0.05261686444282532
[emim]__[BF4]__R1234ze(E)__293.15__0.153,HFC_all,M0,R1234ZE(E),HFO,EMIM,BF4,293.15,0.153,0.0555,0.07099809497594833,0.03080688280278359,0.015498094975948333,0.03106725960969925,0.03106725960969925,0.06813792884349823,0.06813792884349823,0.07221212238073349,0.07221212238073349,0.11755291372537613,0.11755291372537613,0.06602025032043457,0.06602025032043457
[emim]__[BF4]__R1234ze(E)__293.15__0.199,HFC_all,M0,R1234ZE(E),HFO,EMIM,BF4,293.15,0.199,0.0742,0.08443810716271401,0.03949753225049872,0.010238107162714005,0.03848174586892128,0.03848174586892128,0.0803590714931488,0.0803590714931488,0.07936369627714157,0.07936369627714157,0.1478210687637329,0.1478210687637329,0.07616495341062546,0.07616495341062546
[emim]__[BF4]__R1234ze(E)__293.15__0.243,HFC_all,M0,R1234ZE(E),HFO,EMIM,BF4,293.15,0.243,0.0923,0.09856597110629081,0.051738911288022285,0.0062659711062908185,0.045323874801397324,0.045323874801397324,0.0907127857208252,0.0907127857208252,0.08632154762744904,0.08632154762744904,0.18509554862976074,0.18509554862976074,0.08537609875202179,0.08537609875202179
[emim]__[BF4]__R1234ze(E)__293.15__0.286,HFC_all,M0,R1234ZE(E),HFO,EMIM,BF4,293.15,0.286,0.1127,0.11243029832839965,0.06602586338219815,0.000269701671600342,0.05274666100740433,0.05274666100740433,0.09934033453464508,0.09934033453464508,0.09168776124715805,0.09168776124715805,0.2259015142917633,0.2259015142917633,0.09247522056102753,0.09247522056102753
[emim]__[BF4]__R1234ze(E)__293.15__0.327,HFC_all,M0,R1234ZE(E),HFO,EMIM,BF4,293.15,0.327,0.1338,0.1254872500896454,0.08079231752185696,0.008312749910354605,0.060657188296318054,0.060657188296318054,0.10582099854946136,0.10582099854946136,0.09578399360179901,0.09578399360179901,0.26660144329071045,0.26660144329071045,0.09857262670993805,0.09857262670993805
[emim]__[BF4]__R1234ze(E)__303.15__0.058,HFC_all,M0,R1234ZE(E),HFO,EMIM,BF4,303.15,0.058,0.0164,0.04211847633123398,0.019755523261658987,0.02571847633123398,0.010475285351276398,0.010475285351276398,0.04612836241722107,0.04612836241722107,0.04810747504234314,0.04810747504234314,0.06463776528835297,0.06463776528835297,0.04124349355697632,0.04124349355697632
[emim]__[BF4]__R1234ze(E)__303.15__0.111,HFC_all,M0,R1234ZE(E),HFO,EMIM,BF4,303.15,0.111,0.0294,0.05422647148370743,0.0241807123687646,0.024826471483707428,0.017070602625608444,0.017070602625608444,0.05582008510828018,0.05582008510828018,0.060993492603302,0.060993492603302,0.08436184376478195,0.08436184376478195,0.05288633331656456,0.05288633331656456
[emim]__[BF4]__R1234ze(E)__303.15__0.164,HFC_all,M0,R1234ZE(E),HFO,EMIM,BF4,303.15,0.164,0.0428,0.06388451680541038,0.027567092750381873,0.021084516805410382,0.023107070475816727,0.023107070475816727,0.06429348886013031,0.06429348886013031,0.06866499781608582,0.06866499781608582,0.10066147148609161,0.10066147148609161,0.06269555538892746,0.06269555538892746
[emim]__[BF4]__R1234ze(E)__303.15__0.213,HFC_all,M0,R1234ZE(E),HFO,EMIM,BF4,303.15,0.213,0.0569,0.07237806618213653,0.032589203785875064,0.015478066182136534,0.026805445551872253,0.026805445551872253,0.07145369797945023,0.07145369797945023,0.07421903312206268,0.07421903312206268,0.11889323592185974,0.11889323592185974,0.07051891833543777,0.07051891833543777
[emim]__[BF4]__R1234ze(E)__303.15__0.261,HFC_all,M0,R1234ZE(E),HFO,EMIM,BF4,303.15,0.261,0.0706,0.08121849521994591,0.038414505651195106,0.010618495219945914,0.031248200684785843,0.031248200684785843,0.07920210063457489,0.07920210063457489,0.07953000068664551,0.07953000068664551,0.13934695720672607,0.13934695720672607,0.07676521688699722,0.07676521688699722
[emim]__[BF4]__R1234ze(E)__303.15__0.309,HFC_all,M0,R1234ZE(E),HFO,EMIM,BF4,303.15,0.309,0.0859,0.09081600457429886,0.046926028732386244,0.00491600457429886,0.03636127710342407,0.03636127710342407,0.08582058548927307,0.08582058548927307,0.08373886346817017,0.08373886346817017,0.16623952984809875,0.16623952984809875,0.08191976696252823,0.08191976696252823
[emim]__[BF4]__R1234ze(E)__303.15__0.354,HFC_all,M0,R1234ZE(E),HFO,EMIM,BF4,303.15,0.354,0.1018,0.10007255524396896,0.057254927055358645,0.001727444756031038,0.04129143804311752,0.04129143804311752,0.09079486131668091,0.09079486131668091,0.08675762265920639,0.08675762265920639,0.19590958952903748,0.19590958952903748,0.08560926467180252,0.08560926467180252
[emim]__[BF4]__R1234ze(E)__313.15__0.061,HFC_all,M0,R1234ZE(E),HFO,EMIM,BF4,313.15,0.061,0.0133,0.03994152620434761,0.019207909616807912,0.026641526204347614,0.010529302060604095,0.010529302060604095,0.04157254844903946,0.04157254844903946,0.04444301873445511,0.04444301873445511,0.0641670897603035,0.0641670897603035,0.03899567201733589,0.03899567201733589
[emim]__[BF4]__R1234ze(E)__313.15__0.117,HFC_all,M0,R1234ZE(E),HFO,EMIM,BF4,313.15,0.117,0.0232,0.049148230254650115,0.022590685579850223,0.025948230254650116,0.014521926641464233,0.014521926641464233,0.04934624582529068,0.04934624582529068,0.05575231462717056,0.05575231462717056,0.07740657031536102,0.07740657031536102,0.04871409386396408,0.04871409386396408
[emim]__[BF4]__R1234ze(E)__313.15__0.173,HFC_all,M0,R1234ZE(E),HFO,EMIM,BF4,313.15,0.173,0.0339,0.05594476610422135,0.025036246366986772,0.022044766104221347,0.01766612008213997,0.01766612008213997,0.05576249212026596,0.05576249212026596,0.06115633249282837,0.06115633249282837,0.08776888996362686,0.08776888996362686,0.05736999586224556,0.05736999586224556
[emim]__[BF4]__R1234ze(E)__313.15__0.226,HFC_all,M0,R1234ZE(E),HFO,EMIM,BF4,313.15,0.226,0.0445,0.06191800758242607,0.027947583708084277,0.017418007582426072,0.020454954355955124,0.020454954355955124,0.060781992971897125,0.060781992971897125,0.06578007340431213,0.06578007340431213,0.099155493080616,0.099155493080616,0.06341752409934998,0.06341752409934998
[emim]__[BF4]__R1234ze(E)__313.15__0.277,HFC_all,M0,R1234ZE(E),HFO,EMIM,BF4,313.15,0.277,0.0553,0.06736056506633759,0.031934958460953476,0.012060565066337584,0.02207683026790619,0.02207683026790619,0.06567001342773438,0.06567001342773438,0.06959697604179382,0.06959697604179382,0.11231435835361481,0.11231435835361481,0.06714464724063873,0.06714464724063873
[emim]__[BF4]__R1234ze(E)__313.15__0.328,HFC_all,M0,R1234ZE(E),HFO,EMIM,BF4,313.15,0.328,0.0674,0.07279207780957223,0.036518160611219895,0.005392077809572224,0.024152133613824844,0.024152133613824844,0.07027969509363174,0.07027969509363174,0.0726301372051239,0.0726301372051239,0.12713322043418884,0.12713322043418884,0.06976520270109177,0.06976520270109177
[emim]__[BF4]__R1234ze(E)__313.15__0.378,HFC_all,M0,R1234ZE(E),HFO,EMIM,BF4,313.15,0.378,0.0797,0.07859045006334782,0.04261365884208786,0.0011095499366521738,0.02627759613096714,0.02627759613096714,0.07476560026407242,0.07476560026407242,0.07451636344194412,0.07451636344194412,0.14532354474067688,0.14532354474067688,0.07206914573907852,0.07206914573907852
[emim]__[BF4]__R1234ze(E)__323.15__0.064,HFC_all,M0,R1234ZE(E),HFO,EMIM,BF4,323.15,0.064,0.0105,0.035982823371887206,0.01693123032043812,0.025482823371887203,0.010923124849796295,0.010923124849796295,0.03631936013698578,0.03631936013698578,0.03949938714504242,0.03949938714504242,0.058446526527404785,0.058446526527404785,0.03472571820020676,0.03472571820020676
[emim]__[BF4]__R1234ze(E)__323.15__0.123,HFC_all,M0,R1234ZE(E),HFO,EMIM,BF4,323.15,0.123,0.0187,0.04316212832927704,0.020237926476168785,0.024462128329277036,0.012470245361328125,0.012470245361328125,0.0424211248755455,0.0424211248755455,0.04858335852622986,0.04858335852622986,0.06897539645433426,0.06897539645433426,0.04336051642894745,0.04336051642894745
[emim]__[BF4]__R1234ze(E)__323.15__0.182,HFC_all,M0,R1234ZE(E),HFO,EMIM,BF4,323.15,0.182,0.0273,0.047775397449731825,0.022405988119325832,0.020475397449731824,0.013229269534349442,0.013229269534349442,0.047195497900247574,0.047195497900247574,0.05288402736186981,0.05288402736186981,0.07577874511480331,0.07577874511480331,0.04978944733738899,0.04978944733738899
[emim]__[BF4]__R1234ze(E)__323.15__0.238,HFC_all,M0,R1234ZE(E),HFO,EMIM,BF4,323.15,0.238,0.0358,0.051778358221054074,0.02522982266468406,0.015978358221054076,0.013652216643095016,0.013652216643095016,0.050462208688259125,0.050462208688259125,0.056049033999443054,0.056049033999443054,0.08443202823400497,0.08443202823400497,0.054296303540468216,0.054296303540468216
[emim]__[BF4]__R1234ze(E)__323.15__0.292,HFC_all,M0,R1234ZE(E),HFO,EMIM,BF4,323.15,0.292,0.0445,0.05552367866039276,0.02821498527419594,0.011023678660392763,0.014011956751346588,0.014011956751346588,0.0539388433098793,0.0539388433098793,0.059030838310718536,0.059030838310718536,0.09352066367864609,0.09352066367864609,0.05711609125137329,0.05711609125137329
[emim]__[BF4]__R1234ze(E)__323.15__0.346,HFC_all,M0,R1234ZE(E),HFO,EMIM,BF4,323.15,0.346,0.054,0.0594973623752594,0.03181689906047193,0.005497362375259399,0.014422386884689331,0.014422386884689331,0.05763757973909378,0.05763757973909378,0.06149980425834656,0.06149980425834656,0.10433070361614227,0.10433070361614227,0.059596337378025055,0.059596337378025055
[emim]__[BF4]__R1234ze(E)__323.15__0.399,HFC_all,M0,R1234ZE(E),HFO,EMIM,BF4,323.15,0.399,0.0641,0.06365295052528382,0.036087404523048004,0.00044704947471618794,0.01495402678847313,0.01495402678847313,0.06141535937786102,0.06141535937786102,0.06325089931488037,0.06325089931488037,0.11684154719114304,0.11684154719114304,0.06180291995406151,0.06180291995406151
[emim]__[BF4]__R1234ze(E)__333.15__0.067,HFC_all,M0,R1234ZE(E),HFO,EMIM,BF4,333.15,0.067,0.0082,0.031512390822172165,0.014884994191085498,0.023312390822172166,0.009592615067958832,0.009592615067958832,0.03114592656493187,0.03114592656493187,0.03441810607910156,0.03441810607910156,0.05143485218286514,0.05143485218286514,0.030970454216003418,0.030970454216003418
[emim]__[BF4]__R1234ze(E)__333.15__0.128,HFC_all,M0,R1234ZE(E),HFO,EMIM,BF4,333.15,0.128,0.0151,0.03760327696800232,0.018025021636740753,0.02250327696800232,0.010559991002082825,0.010559991002082825,0.0364188626408577,0.0364188626408577,0.04235047101974487,0.04235047101974487,0.06093362346291542,0.06093362346291542,0.03775343671441078,0.03775343671441078
[emim]__[BF4]__R1234ze(E)__333.15__0.191,HFC_all,M0,R1234ZE(E),HFO,EMIM,BF4,333.15,0.191,0.022,0.040686941146850585,0.02045017790978212,0.018686941146850586,0.009091522544622421,0.009091522544622421,0.04000699892640114,0.04000699892640114,0.04537409543991089,0.04537409543991089,0.06613399088382721,0.06613399088382721,0.04282809793949127,0.04282809793949127
[emim]__[BF4]__R1234ze(E)__333.15__0.249,HFC_all,M0,R1234ZE(E),HFO,EMIM,BF4,333.15,0.249,0.0289,0.043329736590385436,0.022691660636043106,0.014429736590385437,0.008455600589513779,0.008455600589513779,0.04274844378232956,0.04274844378232956,0.04787423089146614,0.04787423089146614,0.07191355526447296,0.07191355526447296,0.045656852424144745,0.045656852424144745
[emim]__[BF4]__R1234ze(E)__333.15__0.306,HFC_all,M0,R1234ZE(E),HFO,EMIM,BF4,333.15,0.306,0.0363,0.04603714868426323,0.025276261038772875,0.00973714868426323,0.008094489574432373,0.008094489574432373,0.04487656056880951,0.04487656056880951,0.05021408572793007,0.05021408572793007,0.07910791039466858,0.07910791039466858,0.047892697155475616,0.047892697155475616
[emim]__[BF4]__R1234ze(E)__333.15__0.363,HFC_all,M0,R1234ZE(E),HFO,EMIM,BF4,333.15,0.363,0.0441,0.04870156571269035,0.028061496993212864,0.004601565712690353,0.0075357407331466675,0.0075357407331466675,0.04740677401423454,0.04740677401423454,0.05147334933280945,0.05147334933280945,0.08668715506792068,0.08668715506792068,0.050404809415340424,0.050404809415340424
[emim]__[BF4]__R1234ze(E)__333.15__0.418,HFC_all,M0,R1234ZE(E),HFO,EMIM,BF4,333.15,0.418,0.0525,0.05190968587994575,0.03164923247752461,0.0005903141200542458,0.006973389536142349,0.006973389536142349,0.05043097585439682,0.05043097585439682,0.05302613973617554,0.05302613973617554,0.09644517302513123,0.09644517302513123,0.05267275124788284,0.05267275124788284
[emim]__[BF4]__R1234ze(E)__343.15__0.07,HFC_all,M0,R1234ZE(E),HFO,EMIM,BF4,343.15,0.07,0.0063,0.02723584920167923,0.012948800159601554,0.02093584920167923,0.008214719593524933,0.008214719593524933,0.027288466691970825,0.027288466691970825,0.02849492058157921,0.02849492058157921,0.04476473107933998,0.04476473107933998,0.0274164080619812,0.0274164080619812
[emim]__[BF4]__R1234ze(E)__343.15__0.134,HFC_all,M0,R1234ZE(E),HFO,EMIM,BF4,343.15,0.134,0.012,0.032486473023891446,0.016153015982613494,0.020486473023891446,0.008231639862060547,0.008231639862060547,0.030925512313842773,0.030925512313842773,0.036664631217718124,0.036664631217718124,0.0533401183784008,0.0533401183784008,0.033270463347435,0.033270463347435
[emim]__[BF4]__R1234ze(E)__343.15__0.198,HFC_all,M0,R1234ZE(E),HFO,EMIM,BF4,343.15,0.198,0.0181,0.03437712118029594,0.01846898504174946,0.01627712118029594,0.006179682910442352,0.006179682910442352,0.03297369182109833,0.03297369182109833,0.03858781233429909,0.03858781233429909,0.05773260444402695,0.05773260444402695,0.03641181439161301,0.03641181439161301
[emim]__[BF4]__R1234ze(E)__343.15__0.26,HFC_all,M0,R1234ZE(E),HFO,EMIM,BF4,343.15,0.26,0.0235,0.03593222349882126,0.020791064199700282,0.012432223498821261,0.003905557096004486,0.003905557096004486,0.0354696586728096,0.0354696586728096,0.039835840463638306,0.039835840463638306,0.06204334646463394,0.06204334646463394,0.03840671479701996,0.03840671479701996
[emim]__[BF4]__R1234ze(E)__343.15__0.319,HFC_all,M0,R1234ZE(E),HFO,EMIM,BF4,343.15,0.319,0.0289,0.0380633108317852,0.023071324731424283,0.0091633108317852,0.003079228103160858,0.003079228103160858,0.03761236369609833,0.03761236369609833,0.041046276688575745,0.041046276688575745,0.06788324564695358,0.06788324564695358,0.0406954400241375,0.0406954400241375
[emim]__[BF4]__R1234ze(E)__343.15__0.379,HFC_all,M0,R1234ZE(E),HFO,EMIM,BF4,343.15,0.379,0.035,0.04030364528298378,0.025578579483221797,0.005303645282983778,0.0022414401173591614,0.0022414401173591614,0.03965739905834198,0.03965739905834198,0.04255799576640129,0.04255799576640129,0.07431633770465851,0.07431633770465851,0.04274505376815796,0.04274505376815796
[emim]__[BF4]__R1234ze(E)__343.15__0.438,HFC_all,M0,R1234ZE(E),HFO,EMIM,BF4,343.15,0.438,0.0409,0.042989983409643176,0.029150410978973165,0.002089983409643177,0.0009154230356216431,0.0009154230356216431,0.04203975200653076,0.04203975200653076,0.0440833605825901,0.0440833605825901,0.0832882672548294,0.0832882672548294,0.04462311416864395,0.04462311416864395
[emim]__[OTf]__R1234yf__283.15__0.0511,HFC_all,M0,R1234YF,HFO,EMIM,OTF,283.15,0.0511,0.0163,0.02183813750743866,0.011475229933263926,0.0055381375074386625,0.006334390491247177,0.006334390491247177,0.019385531544685364,0.019385531544685364,0.02512887865304947,0.02512887865304947,0.03817019611597061,0.03817019611597061,0.020171690732240677,0.020171690732240677
[emim]__[OTf]__R1234yf__283.15__0.143,HFC_all,M0,R1234YF,HFO,EMIM,OTF,283.15,0.143,0.0471,0.05442369729280472,0.02642576604499463,0.007323697292804715,0.024997998028993607,0.024997998028993607,0.05032649636268616,0.05032649636268616,0.05253848806023598,0.05253848806023598,0.09742799401283264,0.09742799401283264,0.04682750999927521,0.04682750999927521
[emim]__[OTf]__R1234yf__283.15__0.2804,HFC_all,M0,R1234YF,HFO,EMIM,OTF,283.15,0.2804,0.0972,0.10429267361760139,0.06160084088265788,0.007092673617601394,0.05400005355477333,0.05400005355477333,0.09112183749675751,0.09112183749675751,0.08019764721393585,0.08019764721393585,0.2115621566772461,0.2115621566772461,0.08458167314529419,0.08458167314529419
[emim]__[OTf]__R1234yf__283.15__0.3731,HFC_all,M0,R1234YF,HFO,EMIM,OTF,283.15,0.3731,0.1333,0.13464678674936295,0.09070557156629497,0.0013467867493629493,0.07450442016124725,0.07450442016124725,0.10629256069660187,0.10629256069660187,0.09339997917413712,0.09339997917413712,0.29535940289497375,0.29535940289497375,0.10367757081985474,0.10367757081985474
[emim]__[OTf]__R1234yf__283.15__0.4298,HFC_all,M0,R1234YF,HFO,EMIM,OTF,283.15,0.4298,0.1577,0.15157382935285568,0.10746098488878242,0.0061261706471443245,0.0857173353433609,0.0857173353433609,0.11449143290519714,0.11449143290519714,0.1018795296549797,0.1018795296549797,0.3426974415779114,0.3426974415779114,0.11308340728282928,0.11308340728282928
[emim]__[OTf]__R1234yf__293.15__0.055,HFC_all,M0,R1234YF,HFO,EMIM,OTF,293.15,0.055,0.0129,0.025373389571905137,0.014031344655944772,0.012473389571905137,0.001980934292078018,0.001980934292078018,0.027465935796499252,0.027465935796499252,0.03040284290909767,0.03040284290909767,0.0397643968462944,0.0397643968462944,0.027252838015556335,0.027252838015556335
[emim]__[OTf]__R1234yf__293.15__0.152,HFC_all,M0,R1234YF,HFO,EMIM,OTF,293.15,0.152,0.0357,0.04961278662085533,0.02422546529397419,0.013912786620855329,0.015093620866537094,0.015093620866537094,0.04764612764120102,0.04764612764120102,0.0532824769616127,0.0532824769616127,0.08334332704544067,0.08334332704544067,0.04869838058948517,0.04869838058948517
[emim]__[OTf]__R1234yf__293.15__0.2898,HFC_all,M0,R1234YF,HFO,EMIM,OTF,293.15,0.2898,0.0699,0.08159410767257214,0.046711001865291604,0.011694107672572132,0.030097847804427147,0.030097847804427147,0.0735512226819992,0.0735512226819992,0.07260780036449432,0.07260780036449432,0.15817996859550476,0.15817996859550476,0.07353369891643524,0.07353369891643524
[emim]__[OTf]__R1234yf__293.15__0.3846,HFC_all,M0,R1234YF,HFO,EMIM,OTF,293.15,0.3846,0.0961,0.10240627974271774,0.06784112207714042,0.0063062797427177325,0.04209655523300171,0.04209655523300171,0.0853472650051117,0.0853472650051117,0.0787748172879219,0.0787748172879219,0.21932336688041687,0.21932336688041687,0.08648939430713654,0.08648939430713654
[emim]__[OTf]__R1234yf__293.15__0.4481,HFC_all,M0,R1234YF,HFO,EMIM,OTF,293.15,0.4481,0.1115,0.11588797867298126,0.0826292555691557,0.004387978672981255,0.05043578892946243,0.05043578892946243,0.09267918020486832,0.09267918020486832,0.0825762152671814,0.0825762152671814,0.2603590488433838,0.2603590488433838,0.09338966012001038,0.09338966012001038
[emim]__[OTf]__R1234yf__303.15__0.0579,HFC_all,M0,R1234YF,HFO,EMIM,OTF,303.15,0.0579,0.0103,0.02735355794429779,0.015120668651971087,0.01705355794429779,0.002415355294942856,0.002415355294942856,0.02991579845547676,0.02991579845547676,0.032733622938394547,0.032733622938394547,0.043357640504837036,0.043357640504837036,0.028345372527837753,0.028345372527837753
[emim]__[OTf]__R1234yf__303.15__0.1633,HFC_all,M0,R1234YF,HFO,EMIM,OTF,303.15,0.1633,0.0284,0.04615308940410614,0.02404977761547701,0.017753089404106137,0.008493464440107346,0.008493464440107346,0.044839855283498764,0.044839855283498764,0.05268777906894684,0.05268777906894684,0.07511532306671143,0.07511532306671143,0.04962902516126633,0.04962902516126633
[emim]__[OTf]__R1234yf__303.15__0.3039,HFC_all,M0,R1234YF,HFO,EMIM,OTF,303.15,0.3039,0.0536,0.06647435054183007,0.03616151365058849,0.012874350541830067,0.017588596791028976,0.017588596791028976,0.06274758279323578,0.06274758279323578,0.06659457087516785,0.06659457087516785,0.11963870376348495,0.11963870376348495,0.06580229848623276,0.06580229848623276
[emim]__[OTf]__R1234yf__303.15__0.4188,HFC_all,M0,R1234YF,HFO,EMIM,OTF,303.15,0.4188,0.0718,0.08277284651994705,0.05390714754315482,0.010972846519947052,0.02434752881526947,0.02434752881526947,0.0720469132065773,0.0720469132065773,0.07249197363853455,0.07249197363853455,0.17165663838386536,0.17165663838386536,0.07332117855548859,0.07332117855548859
[emim]__[OTf]__R1234yf__303.15__0.4825,HFC_all,M0,R1234YF,HFO,EMIM,OTF,303.15,0.4825,0.0839,0.0923251010477543,0.06496994890361502,0.008425101047754291,0.028826478868722916,0.028826478868722916,0.07782526314258575,0.07782526314258575,0.0740242749452591,0.0740242749452591,0.20240357518196106,0.20240357518196106,0.07854591310024261,0.07854591310024261
[emim]__[OTf]__R1234yf__313.15__0.0609,HFC_all,M0,R1234YF,HFO,EMIM,OTF,313.15,0.0609,0.0078,0.026324280351400376,0.014208409235912867,0.018524280351400378,0.004013679921627045,0.004013679921627045,0.027322858572006226,0.027322858572006226,0.030992109328508377,0.030992109328508377,0.04326183721423149,0.04326183721423149,0.02603091672062874,0.02603091672062874
[emim]__[OTf]__R1234yf__313.15__0.1665,HFC_all,M0,R1234YF,HFO,EMIM,OTF,313.15,0.1665,0.0211,0.04066067412495613,0.0217717416513738,0.01956067412495613,0.005810551345348358,0.005810551345348358,0.038927339017391205,0.038927339017391205,0.047847628593444824,0.047847628593444824,0.06522730737924576,0.06522730737924576,0.04549054428935051,0.04549054428935051
[emim]__[OTf]__R1234yf__313.15__0.2927,HFC_all,M0,R1234YF,HFO,EMIM,OTF,313.15,0.2927,0.0348,0.05282158926129341,0.028412789470408515,0.018021589261293415,0.009765148162841797,0.009765148162841797,0.050145525485277176,0.050145525485277176,0.0575687512755394,0.0575687512755394,0.08921541273593903,0.08921541273593903,0.05741310864686966,0.05741310864686966
[emim]__[OTf]__R1234yf__313.15__0.4127,HFC_all,M0,R1234YF,HFO,EMIM,OTF,313.15,0.4127,0.0459,0.06318334341049195,0.03876607865833386,0.017283343410491946,0.011871390044689178,0.011871390044689178,0.058258336037397385,0.058258336037397385,0.0629015639424324,0.0629015639424324,0.12108052521944046,0.12108052521944046,0.06180490180850029,0.06180490180850029
[emim]__[OTf]__R1234yf__313.15__0.4801,HFC_all,M0,R1234YF,HFO,EMIM,OTF,313.15,0.4801,0.0535,0.070285464823246,0.04675000643388185,0.016785464823246006,0.014585897326469421,0.014585897326469421,0.06297226995229721,0.06297226995229721,0.06545550376176834,0.06545550376176834,0.14459049701690674,0.14459049701690674,0.0638231560587883,0.0638231560587883
[emim]__[OTf]__R1234yf__323.15__0.0641,HFC_all,M0,R1234YF,HFO,EMIM,OTF,323.15,0.0641,0.0051,0.023722444474697114,0.01229125732858655,0.018622444474697113,0.004843413829803467,0.004843413829803467,0.02372433990240097,0.02372433990240097,0.0272524431347847,0.0272524431347847,0.0390658900141716,0.0390658900141716,0.02372613549232483,0.02372613549232483
[emim]__[OTf]__R1234yf__323.15__0.1756,HFC_all,M0,R1234YF,HFO,EMIM,OTF,323.15,0.1756,0.0139,0.0354487806558609,0.01911306531707998,0.0215487806558609,0.004939768463373184,0.004939768463373184,0.03365021198987961,0.03365021198987961,0.04190227761864662,0.04190227761864662,0.057074613869190216,0.057074613869190216,0.039677031338214874,0.039677031338214874
[emim]__[OTf]__R1234yf__323.15__0.3441,HFC_all,M0,R1234YF,HFO,EMIM,OTF,323.15,0.3441,0.024,0.045709285885095596,0.027068719074624343,0.021709285885095596,0.004315540194511414,0.004315540194511414,0.04232058674097061,0.04232058674097061,0.05088772252202034,0.05088772252202034,0.07956265658140182,0.07956265658140182,0.05145992338657379,0.05145992338657379
[emim]__[OTf]__R1234yf__323.15__0.4319,HFC_all,M0,R1234YF,HFO,EMIM,OTF,323.15,0.4319,0.0296,0.051149032264947894,0.033002624601408806,0.021549032264947893,0.0038506612181663513,0.0038506612181663513,0.04715932905673981,0.04715932905673981,0.054113101214170456,0.054113101214170456,0.09684297442436218,0.09684297442436218,0.05377909541130066,0.05377909541130066
[emim]__[OTf]__R1234yf__323.15__0.481,HFC_all,M0,R1234YF,HFO,EMIM,OTF,323.15,0.481,0.0344,0.0547088123857975,0.03662575310714541,0.0203088123857975,0.004663005471229553,0.004663005471229553,0.04979732632637024,0.04979732632637024,0.055853698402643204,0.055853698402643204,0.10795775055885315,0.10795775055885315,0.05527228116989136,0.05527228116989136
[emim]__[SCN]__R1234yf__283.15__0.0635,HFC_all,M0,R1234YF,HFO,EMIM,SCN,283.15,0.0635,0.0035,0.010316392779350281,0.008851943392446283,0.0068163927793502815,-0.006997555494308472,0.0,0.016742102801799774,0.016742102801799774,0.020993955433368683,0.020993955433368683,0.0031368806958198547,0.0031368806958198547,0.010709024965763092,0.010709024965763092
[emim]__[SCN]__R1234yf__283.15__0.1452,HFC_all,M0,R1234YF,HFO,EMIM,SCN,283.15,0.1452,0.0098,0.0274899173527956,0.013035450903247937,0.0176899173527956,0.006601586937904358,0.006601586937904358,0.03658696636557579,0.03658696636557579,0.039750780910253525,0.039750780910253525,0.02499966137111187,0.02499966137111187,0.02951059117913246,0.02951059117913246
[emim]__[SCN]__R1234yf__283.15__0.2379,HFC_all,M0,R1234YF,HFO,EMIM,SCN,283.15,0.2379,0.0163,0.045499454438686374,0.013631974037499607,0.029199454438686375,0.022019200026988983,0.022019200026988983,0.05601361393928528,0.05601361393928528,0.05381007492542267,0.05381007492542267,0.046946898102760315,0.046946898102760315,0.04870748519897461,0.04870748519897461
[emim]__[SCN]__R1234yf__283.15__0.3265,HFC_all,M0,R1234YF,HFO,EMIM,SCN,283.15,0.3265,0.0251,0.06083571910858154,0.013361672923835872,0.035735719108581546,0.03762722760438919,0.03762722760438919,0.0721663311123848,0.0721663311123848,0.06503535807132721,0.06503535807132721,0.06462140381336212,0.06462140381336212,0.0647282749414444,0.0647282749414444
[emim]__[SCN]__R1234yf__283.15__0.4421,HFC_all,M0,R1234YF,HFO,EMIM,SCN,283.15,0.4421,0.0366,0.07841792702674866,0.012526071557735347,0.04181792702674866,0.05790053308010101,0.05790053308010101,0.08937793970108032,0.08937793970108032,0.07662330567836761,0.07662330567836761,0.08716556429862976,0.08716556429862976,0.08102229237556458,0.08102229237556458
[emim]__[SCN]__R1234yf__293.15__0.0643,HFC_all,M0,R1234YF,HFO,EMIM,SCN,293.15,0.0643,0.0029,0.013509763777256012,0.0107980082551336,0.010609763777256013,-0.00986139103770256,0.0,0.02154449373483658,0.02154449373483658,0.02428726851940155,0.02428726851940155,0.004183776676654816,0.004183776676654816,0.017533279955387115,0.017533279955387115
[emim]__[SCN]__R1234yf__293.15__0.1514,HFC_all,M0,R1234YF,HFO,EMIM,SCN,293.15,0.1514,0.0077,0.026760462298989297,0.016286834667567862,0.0190604622989893,-0.002438195049762726,0.0,0.03552030026912689,0.03552030026912689,0.04147924855351448,0.04147924855351448,0.023597272112965584,0.023597272112965584,0.03320549055933952,0.03320549055933952
[emim]__[SCN]__R1234yf__293.15__0.2519,HFC_all,M0,R1234YF,HFO,EMIM,SCN,293.15,0.2519,0.0139,0.039144334942102434,0.018224899489581278,0.025244334942102434,0.007525447756052017,0.007525447756052017,0.04930085688829422,0.04930085688829422,0.052247729152441025,0.052247729152441025,0.040238067507743835,0.040238067507743835,0.046409573405981064,0.046409573405981064
[emim]__[SCN]__R1234yf__293.15__0.3435,HFC_all,M0,R1234YF,HFO,EMIM,SCN,293.15,0.3435,0.018,0.04977029860019684,0.018195226598451145,0.03177029860019684,0.01763628050684929,0.01763628050684929,0.06007641926407814,0.06007641926407814,0.06054934859275818,0.06054934859275818,0.0532664954662323,0.0532664954662323,0.057322949171066284,0.057322949171066284
[emim]__[SCN]__R1234yf__293.15__0.4346,HFC_all,M0,R1234YF,HFO,EMIM,SCN,293.15,0.4346,0.0246,0.058591026440262796,0.017449998186661705,0.03399102644026279,0.027532832697033882,0.027532832697033882,0.06930676847696304,0.06930676847696304,0.06531964987516403,0.06531964987516403,0.06595860421657562,0.06595860421657562,0.06483727693557739,0.06483727693557739
[emim]__[SCN]__R1234yf__303.15__0.0665,HFC_all,M0,R1234YF,HFO,EMIM,SCN,303.15,0.0665,0.0031,0.015019847452640534,0.011264149012371829,0.011919847452640533,-0.01040932908654213,0.0,0.022734012454748154,0.022734012454748154,0.025715850293636322,0.025715850293636322,0.006173867732286453,0.006173867732286453,0.02047550678253174,0.02047550678253174
[emim]__[SCN]__R1234yf__303.15__0.1514,HFC_all,M0,R1234YF,HFO,EMIM,SCN,303.15,0.1514,0.006,0.025537725165486337,0.015802780199656034,0.01953772516548634,-0.007499281316995621,0.0,0.033125706017017365,0.033125706017017365,0.039434149861335754,0.039434149861335754,0.020937422290444374,0.020937422290444374,0.034191347658634186,0.034191347658634186
[emim]__[SCN]__R1234yf__303.15__0.2378,HFC_all,M0,R1234YF,HFO,EMIM,SCN,303.15,0.2378,0.0084,0.03182879090309143,0.018738354788709166,0.023428790903091433,-0.003091461956501007,0.0,0.039726775139570236,0.039726775139570236,0.04684888944029808,0.04684888944029808,0.030638352036476135,0.030638352036476135,0.0419299378991127,0.0419299378991127
[emim]__[SCN]__R1234yf__303.15__0.3313,HFC_all,M0,R1234YF,HFO,EMIM,SCN,303.15,0.3313,0.0103,0.038350561261177064,0.020820433434757837,0.028050561261177064,0.0018814019858837128,0.0018814019858837128,0.04772132262587547,0.04772132262587547,0.053018733859062195,0.053018733859062195,0.04112035036087036,0.04112035036087036,0.04801099747419357,0.04801099747419357
[emim]__[SCN]__R1234yf__303.15__0.4576,HFC_all,M0,R1234YF,HFO,EMIM,SCN,303.15,0.4576,0.013,0.047250299155712126,0.02043557817170812,0.03425029915571213,0.010903168469667435,0.010903168469667435,0.056907739490270615,0.056907739490270615,0.05962018296122551,0.05962018296122551,0.05492445081472397,0.05492445081472397,0.05389595404267311,0.05389595404267311
[emim]__[SCN]__R1234yf__313.15__0.0671,HFC_all,M0,R1234YF,HFO,EMIM,SCN,313.15,0.0671,0.0007,0.01351345106959343,0.009882949626152654,0.01281345106959343,-0.008542131632566452,0.0,0.020075704902410507,0.020075704902410507,0.02290354296565056,0.02290354296565056,0.006216738373041153,0.006216738373041153,0.01837126910686493,0.01837126910686493
[emim]__[SCN]__R1234yf__313.15__0.147,HFC_all,M0,R1234YF,HFO,EMIM,SCN,313.15,0.147,0.0022,0.02132892459630966,0.013260938972620033,0.01912892459630966,-0.00840378925204277,0.0,0.02638302370905876,0.02638302370905876,0.03323962166905403,0.03323962166905403,0.01752953603863716,0.01752953603863716,0.029492441564798355,0.029492441564798355
[emim]__[SCN]__R1234yf__313.15__0.2388,HFC_all,M0,R1234YF,HFO,EMIM,SCN,313.15,0.2388,0.0036,0.02672216556966305,0.015840513742582274,0.02312216556966305,-0.008306298404932022,0.0,0.031793855130672455,0.031793855130672455,0.03889358043670654,0.03889358043670654,0.025510994717478752,0.025510994717478752,0.03741239756345749,0.03741239756345749
[emim]__[SCN]__R1234yf__313.15__0.3364,HFC_all,M0,R1234YF,HFO,EMIM,SCN,313.15,0.3364,0.0042,0.031299084424972534,0.01800827853752659,0.027099084424972535,-0.006023358553647995,0.0,0.03608745336532593,0.03608745336532593,0.04438656568527222,0.04438656568527222,0.033932868391275406,0.033932868391275406,0.04208853468298912,0.04208853468298912
[emim]__[SCN]__R1234yf__313.15__0.4593,HFC_all,M0,R1234YF,HFO,EMIM,SCN,313.15,0.4593,0.0063,0.03659153431653976,0.020584566705338002,0.03029153431653976,-0.0022844411432743073,0.0,0.04406794533133507,0.04406794533133507,0.049711763858795166,0.049711763858795166,0.044559791684150696,0.044559791684150696,0.04461817070841789,0.04461817070841789
[emim]__[Tf2N]__R1234yf__283.15__0.1368,HFC_all,M0,R1234YF,HFO,EMIM,TF2N,283.15,0.1368,0.0985,0.09622757136821747,0.029076988255012075,0.002272428631782536,0.06872918456792831,0.06872918456792831,0.08820562809705734,0.08820562809705734,0.08949317783117294,0.08949317783117294,0.14584431052207947,0.14584431052207947,0.08886555582284927,0.08886555582284927
[emim]__[Tf2N]__R1234yf__283.15__0.2644,HFC_all,M0,R1234YF,HFO,EMIM,TF2N,283.15,0.2644,0.2009,0.16529958248138427,0.05883402336268923,0.03560041751861573,0.11489307880401611,0.11489307880401611,0.1544555425643921,0.1544555425643921,0.14129209518432617,0.14129209518432617,0.26699015498161316,0.26699015498161316,0.14886704087257385,0.14886704087257385
[emim]__[Tf2N]__R1234yf__283.15__0.3467,HFC_all,M0,R1234YF,HFO,EMIM,TF2N,283.15,0.3467,0.2725,0.19937026500701904,0.077051851849944,0.07312973499298098,0.14369679987430573,0.14369679987430573,0.17790718376636505,0.17790718376636505,0.1665148138999939,0.1665148138999939,0.33517205715179443,0.33517205715179443,0.1735604703426361,0.1735604703426361
[emim]__[Tf2N]__R1234yf__283.15__0.3983,HFC_all,M0,R1234YF,HFO,EMIM,TF2N,283.15,0.3983,0.3222,0.2168915390968323,0.0868317703899312,0.1053084609031677,0.15898409485816956,0.15898409485816956,0.18990890681743622,0.18990890681743622,0.17893928289413452,0.17893928289413452,0.3707578182220459,0.3707578182220459,0.18586759269237518,0.18586759269237518
[emim]__[Tf2N]__R1234yf__283.15__0.4335,HFC_all,M0,R1234YF,HFO,EMIM,TF2N,283.15,0.4335,0.3602,0.2279852956533432,0.09319915549872924,0.13221470434665683,0.1688336282968521,0.1688336282968521,0.19829127192497253,0.19829127192497253,0.18674498796463013,0.18674498796463013,0.39353135228157043,0.39353135228157043,0.1925252377986908,0.1925252377986908
[emim]__[Tf2N]__R1234yf__293.15__0.0499,HFC_all,M0,R1234YF,HFO,EMIM,TF2N,293.15,0.0499,0.0241,0.04346814677119255,0.011255828635141324,0.019368146771192554,0.028298020362854004,0.028298020362854004,0.0375325009226799,0.0375325009226799,0.04739660397171974,0.04739660397171974,0.05831968039274216,0.05831968039274216,0.04579392820596695,0.04579392820596695
[emim]__[Tf2N]__R1234yf__293.15__0.1491,HFC_all,M0,R1234YF,HFO,EMIM,TF2N,293.15,0.1491,0.0758,0.08587771356105804,0.025618212814428405,0.010077713561058035,0.053769536316394806,0.053769536316394806,0.08022482693195343,0.08022482693195343,0.08489708602428436,0.08489708602428436,0.12538385391235352,0.12538385391235352,0.08511326462030411,0.08511326462030411
[emim]__[Tf2N]__R1234yf__293.15__0.286,HFC_all,M0,R1234YF,HFO,EMIM,TF2N,293.15,0.286,0.1503,0.1401153415441513,0.05273490256741832,0.010184658455848677,0.085291288793087,0.085291288793087,0.13157004117965698,0.13157004117965698,0.12374430149793625,0.12374430149793625,0.22793292999267578,0.22793292999267578,0.1320381462574005,0.1320381462574005
[emim]__[Tf2N]__R1234yf__293.15__0.3698,HFC_all,M0,R1234YF,HFO,EMIM,TF2N,293.15,0.3698,0.1978,0.16451212167739868,0.0656482225298173,0.03328787832260133,0.10470390319824219,0.10470390319824219,0.1489197462797165,0.1489197462797165,0.14135654270648956,0.14135654270648956,0.27713754773139954,0.27713754773139954,0.15044286847114563,0.15044286847114563
[emim]__[Tf2N]__R1234yf__293.15__0.4257,HFC_all,M0,R1234YF,HFO,EMIM,TF2N,293.15,0.4257,0.2311,0.17896236926317216,0.0740308038506786,0.05213763073682784,0.11592855304479599,0.11592855304479599,0.16024690866470337,0.16024690866470337,0.1510501652956009,0.1510501652956009,0.3073009252548218,0.3073009252548218,0.16028529405593872,0.16028529405593872
[emim]__[Tf2N]__R1234yf__303.15__0.055,HFC_all,M0,R1234YF,HFO,EMIM,TF2N,303.15,0.055,0.0194,0.04486846216022968,0.010638230763902223,0.02546846216022968,0.028557641431689262,0.028557641431689262,0.04237110912799835,0.04237110912799835,0.0506553016602993,0.0506553016602993,0.056953314691782,0.056953314691782,0.0458049438893795,0.0458049438893795
[emim]__[Tf2N]__R1234yf__303.15__0.1555,HFC_all,M0,R1234YF,HFO,EMIM,TF2N,303.15,0.1555,0.0581,0.07635769844055176,0.022131609859686045,0.018257698440551764,0.04473090171813965,0.04473090171813965,0.07229546457529068,0.07229546457529068,0.07993552833795547,0.07993552833795547,0.10680272430181503,0.10680272430181503,0.07802387326955795,0.07802387326955795
[emim]__[Tf2N]__R1234yf__303.15__0.2912,HFC_all,M0,R1234YF,HFO,EMIM,TF2N,303.15,0.2912,0.1099,0.11555500477552413,0.04226492322543061,0.005655004775524136,0.06299487501382828,0.06299487501382828,0.11062659323215485,0.11062659323215485,0.10948667675256729,0.10948667675256729,0.1812589168548584,0.1812589168548584,0.11340796202421188,0.11340796202421188
[emim]__[Tf2N]__R1234yf__303.15__0.3853,HFC_all,M0,R1234YF,HFO,EMIM,TF2N,303.15,0.3853,0.1464,0.13631843477487565,0.05496754220155387,0.01008156522512435,0.07699460536241531,0.07699460536241531,0.1282961070537567,0.1282961070537567,0.12034046649932861,0.12034046649932861,0.22684407234191895,0.22684407234191895,0.12911692261695862,0.12911692261695862
[emim]__[Tf2N]__R1234yf__303.15__0.4462,HFC_all,M0,R1234YF,HFO,EMIM,TF2N,303.15,0.4462,0.171,0.14814581125974655,0.06177986326670215,0.022854188740253467,0.08517434448003769,0.08517434448003769,0.13847705721855164,0.13847705721855164,0.12743578851222992,0.12743578851222992,0.25148695707321167,0.25148695707321167,0.13815490901470184,0.13815490901470184
[emim]__[Tf2N]__R1234yf__313.15__0.0566,HFC_all,M0,R1234YF,HFO,EMIM,TF2N,313.15,0.0566,0.0162,0.04254985488951206,0.010276863614831405,0.02634985488951206,0.026298610493540764,0.026298610493540764,0.040755659341812134,0.040755659341812134,0.049473751336336136,0.049473751336336136,0.052872397005558014,0.052872397005558014,0.04334885627031326,0.04334885627031326
[emim]__[Tf2N]__R1234yf__313.15__0.17,HFC_all,M0,R1234YF,HFO,EMIM,TF2N,313.15,0.17,0.0497,0.0703778736293316,0.0197314792797258,0.020677873629331593,0.040526892989873886,0.040526892989873886,0.06720922142267227,0.06720922142267227,0.07564092427492142,0.07564092427492142,0.09528544545173645,0.09528544545173645,0.07322688400745392,0.07322688400745392
[emim]__[Tf2N]__R1234yf__313.15__0.2816,HFC_all,M0,R1234YF,HFO,EMIM,TF2N,313.15,0.2816,0.0817,0.0946583092212677,0.03220066465698516,0.0129583092212677,0.05027735233306885,0.05027735233306885,0.09148913621902466,0.09148913621902466,0.09533801674842834,0.09533801674842834,0.1412121057510376,0.1412121057510376,0.09497493505477905,0.09497493505477905
[emim]__[Tf2N]__R1234yf__313.15__0.4026,HFC_all,M0,R1234YF,HFO,EMIM,TF2N,313.15,0.4026,0.1148,0.11462980583310127,0.04612512678303129,0.00017019416689872946,0.05750919505953789,0.05750919505953789,0.11059337854385376,0.11059337854385376,0.10749746859073639,0.10749746859073639,0.1865134835243225,0.1865134835243225,0.11103550344705582,0.11103550344705582
[emim]__[Tf2N]__R1234yf__313.15__0.4796,HFC_all,M0,R1234YF,HFO,EMIM,TF2N,313.15,0.4796,0.1366,0.12668744325637818,0.05380271801381304,0.00991255674362182,0.0651000365614891,0.0651000365614891,0.12181022018194199,0.12181022018194199,0.11287806928157806,0.11287806928157806,0.21345853805541992,0.21345853805541992,0.12019035220146179,0.12019035220146179
[emim]__[Tf2N]__R1234yf__323.15__0.0581,HFC_all,M0,R1234YF,HFO,EMIM,TF2N,323.15,0.0581,0.0134,0.038756420463323595,0.008516227344205752,0.025356420463323592,0.024994205683469772,0.024994205683469772,0.03757958114147186,0.03757958114147186,0.045052118599414825,0.045052118599414825,0.04641960933804512,0.04641960933804512,0.039736587554216385,0.039736587554216385
[emim]__[Tf2N]__R1234yf__323.15__0.1605,HFC_all,M0,R1234YF,HFO,EMIM,TF2N,323.15,0.1605,0.0359,0.059181609004735944,0.016262956982342,0.023281609004735943,0.0338582843542099,0.0338582843542099,0.05547499284148216,0.05547499284148216,0.06642855703830719,0.06642855703830719,0.07759499549865723,0.07759499549865723,0.06255121529102325,0.06255121529102325
[emim]__[Tf2N]__R1234yf__323.15__0.3259,HFC_all,M0,R1234YF,HFO,EMIM,TF2N,323.15,0.3259,0.0702,0.08561728894710541,0.029433996001532788,0.01541728894710541,0.04489707946777344,0.04489707946777344,0.0816902220249176,0.0816902220249176,0.08837467432022095,0.08837467432022095,0.12785658240318298,0.12785658240318298,0.08526788651943207,0.08526788651943207
[emim]__[Tf2N]__R1234yf__323.15__0.4213,HFC_all,M0,R1234YF,HFO,EMIM,TF2N,323.15,0.4213,0.0901,0.09771380424499512,0.03858366045350723,0.007613804244995123,0.04771041125059128,0.04771041125059128,0.09362329542636871,0.09362329542636871,0.09602843970060349,0.09602843970060349,0.15625649690628052,0.15625649690628052,0.09495037794113159,0.09495037794113159
[emim]__[Tf2N]__R1234yf__323.15__0.4767,HFC_all,M0,R1234YF,HFO,EMIM,TF2N,323.15,0.4767,0.0996,0.10475765913724899,0.043336002344650966,0.005157659137248999,0.051099568605422974,0.051099568605422974,0.10014265030622482,0.10014265030622482,0.09952524304389954,0.09952524304389954,0.1723412275314331,0.1723412275314331,0.10067960619926453,0.10067960619926453
[emim]__[Tf2N]__R1336mzz(E)__293.1__0.194,HFC_all,M0,R1336MZZ(E),HFO,EMIM,TF2N,293.1,0.194,0.093,0.3038970112800598,0.08335359299061434,0.2108970112800598,0.2206137478351593,0.2206137478351593,0.29509803652763367,0.29509803652763367,0.2876709997653961,0.2876709997653961,0.44363483786582947,0.44363483786582947,0.2724674344062805,0.2724674344062805
[emim]__[Tf2N]__R1336mzz(E)__293.1__0.223,HFC_all,M0,R1336MZZ(E),HFO,EMIM,TF2N,293.1,0.223,0.173,0.326836097240448,0.09658607556490681,0.153836097240448,0.23364752531051636,0.23364752531051636,0.31705400347709656,0.31705400347709656,0.3052980303764343,0.3052980303764343,0.4898887276649475,0.4898887276649475,0.28829219937324524,0.28829219937324524
[emim]__[Tf2N]__R1336mzz(E)__303__0.228,HFC_all,M0,R1336MZZ(E),HFO,EMIM,TF2N,303.0,0.228,0.093,0.2756444483995438,0.06858666666790683,0.18264444839954377,0.2031974345445633,0.2031974345445633,0.27130326628685,0.27130326628685,0.2610328197479248,0.2610328197479248,0.3890150487422943,0.3890150487422943,0.2536736726760864,0.2536736726760864
[emim]__[Tf2N]__R1336mzz(E)__303__0.293,HFC_all,M0,R1336MZZ(E),HFO,EMIM,TF2N,303.0,0.293,0.173,0.31074819564819334,0.09389535606364881,0.13774819564819335,0.22268426418304443,0.22268426418304443,0.2997432053089142,0.2997432053089142,0.28784796595573425,0.28784796595573425,0.47028815746307373,0.47028815746307373,0.2731773853302002,0.2731773853302002
[emim]__[Tf2N]__R1336mzz(E)__322.5__0.336,HFC_all,M0,R1336MZZ(E),HFO,EMIM,TF2N,322.5,0.336,0.093,0.2275289624929428,0.05036210892378573,0.1345289624929428,0.17551521956920624,0.17551521956920624,0.22236229479312897,0.22236229479312897,0.21640457212924957,0.21640457212924957,0.31146448850631714,0.31146448850631714,0.21189823746681213,0.21189823746681213
[emim]__[Tf2N]__R1336mzz(E)__322.5__0.488,HFC_all,M0,R1336MZZ(E),HFO,EMIM,TF2N,322.5,0.488,0.173,0.26805752515792847,0.08567948263960735,0.09505752515792848,0.19776158034801483,0.19776158034801483,0.25391754508018494,0.25391754508018494,0.2442670613527298,0.2442670613527298,0.4165104627609253,0.4165104627609253,0.22783097624778748,0.22783097624778748
[emim]__[Tf2N]__R1336mzz(E)__332.9__0.381,HFC_all,M0,R1336MZZ(E),HFO,EMIM,TF2N,332.9,0.381,0.093,0.19689092338085173,0.03939538338141615,0.10389092338085174,0.1555413454771042,0.1555413454771042,0.1909475326538086,0.1909475326538086,0.18808454275131226,0.18808454275131226,0.2624356150627136,0.2624356150627136,0.18744558095932007,0.18744558095932007
[emim]__[Tf2N]__R1336mzz(E)__332.9__0.623,HFC_all,M0,R1336MZZ(E),HFO,EMIM,TF2N,332.9,0.623,0.173,0.2508976310491562,0.08875718666624788,0.0778976310491562,0.18601098656654358,0.18601098656654358,0.23211359977722168,0.23211359977722168,0.22398339211940765,0.22398339211940765,0.406463086605072,0.406463086605072,0.205917090177536,0.205917090177536
[emim]__[Tf2N]__R1336mzz(E)__342.9__0.453,HFC_all,M0,R1336MZZ(E),HFO,EMIM,TF2N,342.9,0.453,0.093,0.17815235555171965,0.03486576256475494,0.08515235555171966,0.14504101872444153,0.14504101872444153,0.17096199095249176,0.17096199095249176,0.1676909327507019,0.1676909327507019,0.2375672459602356,0.2375672459602356,0.16950058937072754,0.16950058937072754
[emim]__[Tf2N]__R1336mzz(E)__342.9__0.8,HFC_all,M0,R1336MZZ(E),HFO,EMIM,TF2N,342.9,0.8,0.173,0.24925359785556794,0.09490748267801961,0.07625359785556796,0.19168606400489807,0.19168606400489807,0.22289195656776428,0.22289195656776428,0.216758593916893,0.216758593916893,0.4174373745918274,0.4174373745918274,0.1974940001964569,0.1974940001964569
[emim]__[Tf2N]__R1336mzz(E)__352.8__0.511,HFC_all,M0,R1336MZZ(E),HFO,EMIM,TF2N,352.8,0.511,0.093,0.16070388853549958,0.029089687918539407,0.06770388853549958,0.1355723738670349,0.1355723738670349,0.15450266003608704,0.15450266003608704,0.15048106014728546,0.15048106014728546,0.21103546023368835,0.21103546023368835,0.1519278883934021,0.1519278883934021
[emim]__[Tf2N]__R1336mzz(Z)__293.1__0.05,HFC_all,M0,R1336MZZ(Z),HFO,EMIM,TF2N,293.1,0.05,0.28,0.15806693732738494,0.019560964931092866,0.12193306267261508,0.1508430391550064,0.1508430391550064,0.14664293825626373,0.14664293825626373,0.15303923189640045,0.15303923189640045,0.19273331761360168,0.19273331761360168,0.14707615971565247,0.14707615971565247
[emim]__[Tf2N]__R1336mzz(Z)__293.1__0.06,HFC_all,M0,R1336MZZ(Z),HFO,EMIM,TF2N,293.1,0.06,0.589,0.16856012046337127,0.022488049791694026,0.4204398795366287,0.15608525276184082,0.15608525276184082,0.15756620466709137,0.15756620466709137,0.164293572306633,0.164293572306633,0.20834624767303467,0.20834624767303467,0.15650932490825653,0.15650932490825653
[emim]__[Tf2N]__R1336mzz(Z)__303__0.07,HFC_all,M0,R1336MZZ(Z),HFO,EMIM,TF2N,303.0,0.07,0.28,0.14744251668453218,0.008926012944608827,0.13255748331546785,0.13883258402347565,0.13883258402347565,0.14285020530223846,0.14285020530223846,0.14634695649147034,0.14634695649147034,0.16233934462070465,0.16233934462070465,0.14684349298477173,0.14684349298477173
[emim]__[Tf2N]__R1336mzz(Z)__303__0.09,HFC_all,M0,R1336MZZ(Z),HFO,EMIM,TF2N,303.0,0.09,0.589,0.1654735326766968,0.014620287813727907,0.4235264673233032,0.14783871173858643,0.14783871173858643,0.16253253817558289,0.16253253817558289,0.16444972157478333,0.16444972157478333,0.18854230642318726,0.18854230642318726,0.164004385471344,0.164004385471344
[emim]__[Tf2N]__R1336mzz(Z)__322.5__0.13,HFC_all,M0,R1336MZZ(Z),HFO,EMIM,TF2N,322.5,0.13,0.28,0.1414142668247223,0.011193449470540111,0.13858573317527773,0.12290830910205841,0.12290830910205841,0.14448179304599762,0.14448179304599762,0.140070378780365,0.140070378780365,0.14798006415367126,0.14798006415367126,0.15163078904151917,0.15163078904151917
[emim]__[Tf2N]__R1336mzz(Z)__322.5__0.17,HFC_all,M0,R1336MZZ(Z),HFO,EMIM,TF2N,322.5,0.17,0.589,0.16341033577919006,0.016488197950489388,0.4255896642208099,0.13601863384246826,0.13601863384246826,0.16836553812026978,0.16836553812026978,0.1621837615966797,0.1621837615966797,0.17918574810028076,0.17918574810028076,0.17129799723625183,0.17129799723625183
[emim]__[Tf2N]__R1336mzz(Z)__332.9__0.18,HFC_all,M0,R1336MZZ(Z),HFO,EMIM,TF2N,332.9,0.18,0.28,0.14100892394781112,0.013100855515426819,0.1389910760521889,0.11909952014684677,0.11909952014684677,0.14600589871406555,0.14600589871406555,0.13909202814102173,0.13909202814102173,0.14987966418266296,0.14987966418266296,0.15096750855445862,0.15096750855445862
[emim]__[Tf2N]__R1336mzz(Z)__332.9__0.24,HFC_all,M0,R1336MZZ(Z),HFO,EMIM,TF2N,332.9,0.24,0.589,0.16183671951293946,0.01905090060085776,0.42716328048706054,0.13233502209186554,0.13233502209186554,0.16589538753032684,0.16589538753032684,0.15840891003608704,0.15840891003608704,0.1845308244228363,0.1845308244228363,0.16801345348358154,0.16801345348358154
[emim]__[Tf2N]__R1336mzz(Z)__342.9__0.24,HFC_all,M0,R1336MZZ(Z),HFO,EMIM,TF2N,342.9,0.24,0.28,0.1378450095653534,0.01314734231674055,0.14215499043464663,0.11647690832614899,0.11647690832614899,0.14188741147518158,0.14188741147518158,0.13485722243785858,0.13485722243785858,0.14927217364311218,0.14927217364311218,0.14673133194446564,0.14673133194446564
[emim]__[Tf2N]__R1336mzz(Z)__342.9__0.31,HFC_all,M0,R1336MZZ(Z),HFO,EMIM,TF2N,342.9,0.31,0.589,0.15315614640712738,0.017890082205309084,0.4358438535928726,0.12725414335727692,0.12725414335727692,0.1548205316066742,0.1548205316066742,0.148910254240036,0.148910254240036,0.17695963382720947,0.17695963382720947,0.1578361690044403,0.1578361690044403
[emim]__[Tf2N]__R1336mzz(Z)__352.8__0.31,HFC_all,M0,R1336MZZ(Z),HFO,EMIM,TF2N,352.8,0.31,0.28,0.13157119005918502,0.012250925492623736,0.148428809940815,0.11246480792760849,0.11246480792760849,0.135357066988945,0.135357066988945,0.12761971354484558,0.12761971354484558,0.14434048533439636,0.14434048533439636,0.1380738765001297,0.1380738765001297
[emim]__[Tf2N]__R1336mzz(Z)__352.8__0.41,HFC_all,M0,R1336MZZ(Z),HFO,EMIM,TF2N,352.8,0.41,0.589,0.14649793207645417,0.018040294004959916,0.4425020679235458,0.12416115403175354,0.12416115403175354,0.14693622291088104,0.14693622291088104,0.14069730043411255,0.14069730043411255,0.1742294430732727,0.1742294430732727,0.14646553993225098,0.14646553993225098
[bmim]__[Ac]__R1234yf__283.15__0.078,HFC_all,M0,R1234YF,HFO,BMIM,AC,283.15,0.078,0.021,0.028885048627853394,0.022944229090037307,0.007885048627853393,0.0005097873508930206,0.0005097873508930206,0.0257522352039814,0.0257522352039814,0.029976069927215576,0.029976069927215576,0.0644281730055809,0.0644281730055809,0.02375897765159607,0.02375897765159607
[bmim]__[Ac]__R1234yf__283.15__0.147,HFC_all,M0,R1234YF,HFO,BMIM,AC,283.15,0.147,0.04,0.050972654670476916,0.03530738128251594,0.010972654670476915,0.013092860579490662,0.013092860579490662,0.04436560347676277,0.04436560347676277,0.046676021069288254,0.046676021069288254,0.10927263647317886,0.10927263647317886,0.04145615175366402,0.04145615175366402
[bmim]__[Ac]__R1234yf__283.15__0.201,HFC_all,M0,R1234YF,HFO,BMIM,AC,283.15,0.201,0.056,0.06851525455713273,0.048577896163724696,0.012515254557132725,0.022162258625030518,0.022162258625030518,0.057242292910814285,0.057242292910814285,0.05718296021223068,0.05718296021223068,0.1512516438961029,0.1512516438961029,0.054737117141485214,0.054737117141485214
[bmim]__[Ac]__R1234yf__283.15__0.257,HFC_all,M0,R1234YF,HFO,BMIM,AC,283.15,0.257,0.076,0.08798488080501557,0.06641578453020044,0.011984880805015571,0.03254307806491852,0.03254307806491852,0.07021689414978027,0.07021689414978027,0.06642631441354752,0.06642631441354752,0.20355790853500366,0.20355790853500366,0.06718020886182785,0.06718020886182785
[bmim]__[Ac]__R1234yf__283.15__0.31,HFC_all,M0,R1234YF,HFO,BMIM,AC,283.15,0.31,0.095,0.10610471963882447,0.08486540293296778,0.011104719638824465,0.042207688093185425,0.042207688093185425,0.08088274300098419,0.08088274300098419,0.07378724217414856,0.07378724217414856,0.25534340739250183,0.25534340739250183,0.07830251753330231,0.07830251753330231
[bmim]__[Ac]__R1234yf__283.15__0.357,HFC_all,M0,R1234YF,HFO,BMIM,AC,283.15,0.357,0.113,0.12160226181149483,0.10124529263392361,0.00860226181149483,0.05201863870024681,0.05201863870024681,0.08910836279392242,0.08910836279392242,0.07926316559314728,0.07926316559314728,0.3007779121398926,0.3007779121398926,0.08684322983026505,0.08684322983026505
[bmim]__[Ac]__R1234yf__283.15__0.405,HFC_all,M0,R1234YF,HFO,BMIM,AC,283.15,0.405,0.133,0.13638273477554322,0.11663087113214939,0.0033827347755432113,0.061807893216609955,0.061807893216609955,0.09721794724464417,0.09721794724464417,0.08507248014211655,0.08507248014211655,0.34353166818618774,0.34353166818618774,0.09428368508815765,0.09428368508815765
[bmim]__[Ac]__R1234yf__293.15__0.081,HFC_all,M0,R1234YF,HFO,BMIM,AC,293.15,0.081,0.019,0.03149703070521355,0.023208057996458222,0.01249703070521355,-0.004112035036087036,0.0,0.030196912586688995,0.030196912586688995,0.03305977210402489,0.03305977210402489,0.06542360782623291,0.06542360782623291,0.02880486100912094,0.02880486100912094
[bmim]__[Ac]__R1234yf__293.15__0.156,HFC_all,M0,R1234YF,HFO,BMIM,AC,293.15,0.156,0.034,0.04599677100777626,0.031945443374510156,0.011996771007776255,0.0033889487385749817,0.0033889487385749817,0.042520344257354736,0.042520344257354736,0.047014493495225906,0.047014493495225906,0.09340976178646088,0.09340976178646088,0.0436503067612648,0.0436503067612648
[bmim]__[Ac]__R1234yf__293.15__0.214,HFC_all,M0,R1234YF,HFO,BMIM,AC,293.15,0.214,0.047,0.057480488717556,0.03889364638118798,0.010480488717555997,0.009196802973747253,0.009196802973747253,0.05214409902691841,0.05214409902691841,0.05522141233086586,0.05522141233086586,0.11801399290561676,0.11801399290561676,0.052826136350631714,0.052826136350631714
[bmim]__[Ac]__R1234yf__293.15__0.276,HFC_all,M0,R1234YF,HFO,BMIM,AC,293.15,0.276,0.06,0.07182050049304962,0.05063061396099435,0.011820500493049627,0.01583901047706604,0.01583901047706604,0.06251458823680878,0.06251458823680878,0.06295112520456314,0.06295112520456314,0.15475207567214966,0.15475207567214966,0.06304570287466049,0.06304570287466049
[bmim]__[Ac]__R1234yf__293.15__0.334,HFC_all,M0,R1234YF,HFO,BMIM,AC,293.15,0.334,0.073,0.08623136319220066,0.06528206388805805,0.013231363192200668,0.023375796154141426,0.023375796154141426,0.0704217478632927,0.0704217478632927,0.06909091770648956,0.06909091770648956,0.19723358750343323,0.19723358750343323,0.07103476673364639,0.07103476673364639
[bmim]__[Ac]__R1234yf__293.15__0.385,HFC_all,M0,R1234YF,HFO,BMIM,AC,293.15,0.385,0.087,0.0986104004085064,0.07947295870473114,0.011610400408506402,0.029685799032449722,0.029685799032449722,0.07693426311016083,0.07693426311016083,0.07330948114395142,0.07330948114395142,0.23620611429214478,0.23620611429214478,0.07691634446382523,0.07691634446382523
[bmim]__[Ac]__R1234yf__293.15__0.439,HFC_all,M0,R1234YF,HFO,BMIM,AC,293.15,0.439,0.101,0.11150139272212982,0.09513130770798371,0.010501392722129813,0.03640773147344589,0.03640773147344589,0.0834873765707016,0.0834873765707016,0.07683809101581573,0.07683809101581573,0.2780701816082001,0.2780701816082001,0.08270358294248581,0.08270358294248581
[bmim]__[Ac]__R1234yf__293.15__0.495,HFC_all,M0,R1234YF,HFO,BMIM,AC,293.15,0.495,0.113,0.12487500831484795,0.11179621329209948,0.011875008314847946,0.043931666761636734,0.043931666761636734,0.08982031047344208,0.08982031047344208,0.08053597807884216,0.08053597807884216,0.3220755457878113,0.3220755457878113,0.08801154047250748,0.08801154047250748
[bmim]__[Ac]__R1234yf__293.15__0.551,HFC_all,M0,R1234YF,HFO,BMIM,AC,293.15,0.551,0.129,0.1381891004741192,0.1269662197568114,0.009189100474119194,0.05294362083077431,0.05294362083077431,0.09658563137054443,0.09658563137054443,0.08492707461118698,0.08492707461118698,0.36320239305496216,0.36320239305496216,0.09328678250312805,0.09328678250312805
[bmim]__[Ac]__R1234yf__303.15__0.086,HFC_all,M0,R1234YF,HFO,BMIM,AC,303.15,0.086,0.015,0.03238077834248543,0.023967045783733567,0.01738077834248543,-0.005056798458099365,0.0,0.030143868178129196,0.030143868178129196,0.0339435338973999,0.0339435338973999,0.06755498796701431,0.06755498796701431,0.030261501669883728,0.030261501669883728
[bmim]__[Ac]__R1234yf__303.15__0.166,HFC_all,M0,R1234YF,HFO,BMIM,AC,303.15,0.166,0.027,0.042337732017040254,0.029760434050099552,0.015337732017040254,-0.0019788406789302826,0.0,0.039828673005104065,0.039828673005104065,0.04565853998064995,0.04565853998064995,0.08396604657173157,0.08396604657173157,0.04223540052771568,0.04223540052771568
[bmim]__[Ac]__R1234yf__303.15__0.227,HFC_all,M0,R1234YF,HFO,BMIM,AC,303.15,0.227,0.036,0.04917006716132164,0.03397662276242845,0.013170067161321644,0.0013294070959091187,0.0013294070959091187,0.045921362936496735,0.045921362936496735,0.05158154293894768,0.05158154293894768,0.09725534915924072,0.09725534915924072,0.04976267367601395,0.04976267367601395
[bmim]__[Ac]__R1234yf__303.15__0.293,HFC_all,M0,R1234YF,HFO,BMIM,AC,303.15,0.293,0.047,0.05825947821140289,0.04016999377237335,0.011259478211402892,0.004966937005519867,0.004966937005519867,0.05359936133027077,0.05359936133027077,0.05810437723994255,0.05810437723994255,0.11817127466201782,0.11817127466201782,0.05645544081926346,0.05645544081926346
[bmim]__[Ac]__R1234yf__303.15__0.355,HFC_all,M0,R1234YF,HFO,BMIM,AC,303.15,0.355,0.058,0.0682684600353241,0.04865326482397495,0.010268460035324091,0.010212387889623642,0.010212387889623642,0.060792695730924606,0.060792695730924606,0.06307173520326614,0.06307173520326614,0.14554870128631592,0.14554870128631592,0.06171678006649017,0.06171678006649017
[bmim]__[Ac]__R1234yf__303.15__0.41,HFC_all,M0,R1234YF,HFO,BMIM,AC,303.15,0.41,0.069,0.07804503738880157,0.05939978358880677,0.009045037388801566,0.014902353286743164,0.014902353286743164,0.0659576877951622,0.0659576877951622,0.06691671162843704,0.06691671162843704,0.1765754222869873,0.1765754222869873,0.06587301194667816,0.06587301194667816
[bmim]__[Ac]__R1234yf__303.15__0.469,HFC_all,M0,R1234YF,HFO,BMIM,AC,303.15,0.469,0.08,0.08916323259472847,0.07405101510522087,0.009163232594728468,0.01923065260052681,0.01923065260052681,0.07073456048965454,0.07073456048965454,0.07019408792257309,0.07019408792257309,0.21557557582855225,0.21557557582855225,0.07008128613233566,0.07008128613233566
[bmim]__[Ac]__R1234yf__303.15__0.53,HFC_all,M0,R1234YF,HFO,BMIM,AC,303.15,0.53,0.088,0.10107537582516671,0.08985569816877975,0.013075375825166713,0.024282801896333694,0.024282801896333694,0.0765991136431694,0.0765991136431694,0.07252795994281769,0.07252795994281769,0.2569750249385834,0.2569750249385834,0.07499197870492935,0.07499197870492935
[bmim]__[Ac]__R1234yf__303.15__0.591,HFC_all,M0,R1234YF,HFO,BMIM,AC,303.15,0.591,0.1,0.11351662948727607,0.10552631845141412,0.013516629487276069,0.03046274557709694,0.03046274557709694,0.08277907222509384,0.08277907222509384,0.07534216344356537,0.07534216344356537,0.29834893345832825,0.29834893345832825,0.08065023273229599,0.08065023273229599
[bmim]__[Ac]__R1234yf__303.15__0.658,HFC_all,M0,R1234YF,HFO,BMIM,AC,303.15,0.658,0.113,0.1275044485926628,0.12112434935754285,0.014504448592662797,0.03992345184087753,0.03992345184087753,0.0896732360124588,0.0896732360124588,0.07991528511047363,0.07991528511047363,0.34119266271591187,0.34119266271591187,0.08681760728359222,0.08681760728359222
[bmim]__[Ac]__R1234yf__313.15__0.09,HFC_all,M0,R1234YF,HFO,BMIM,AC,313.15,0.09,0.012,0.029699362814426422,0.022606778432313582,0.017699362814426422,-0.0034172087907791138,0.0,0.026346880942583084,0.026346880942583084,0.03098507970571518,0.03098507970571518,0.06353762000799179,0.06353762000799179,0.027627233415842056,0.027627233415842056
[bmim]__[Ac]__R1234yf__313.15__0.174,HFC_all,M0,R1234YF,HFO,BMIM,AC,313.15,0.174,0.023,0.03713700696825981,0.02649987764897478,0.014137006968259813,-0.004301227629184723,0.0,0.0326717272400856,0.0326717272400856,0.039936576038599014,0.039936576038599014,0.07455523312091827,0.07455523312091827,0.03852149844169617,0.03852149844169617
[bmim]__[Ac]__R1234yf__313.15__0.239,HFC_all,M0,R1234YF,HFO,BMIM,AC,313.15,0.239,0.03,0.04199209287762642,0.029400192213087182,0.011992092877626419,-0.0033831819891929626,0.0,0.03744880110025406,0.03744880110025406,0.044645704329013824,0.044645704329013824,0.08269012719392776,0.08269012719392776,0.04517583176493645,0.04517583176493645
[bmim]__[Ac]__R1234yf__313.15__0.309,HFC_all,M0,R1234YF,HFO,BMIM,AC,313.15,0.309,0.039,0.0474656268954277,0.033706676996020306,0.008465626895427701,-0.001520588994026184,0.0,0.042110517621040344,0.042110517621040344,0.05004633963108063,0.05004633963108063,0.09488146007061005,0.09488146007061005,0.0502898171544075,0.0502898171544075
[bmim]__[Ac]__R1234yf__313.15__0.375,HFC_all,M0,R1234YF,HFO,BMIM,AC,313.15,0.375,0.047,0.05360927358269692,0.039271411736813706,0.006609273582696917,0.0004569999873638153,0.0004569999873638153,0.04819297790527344,0.04819297790527344,0.05474459379911423,0.05474459379911423,0.11116941273212433,0.11116941273212433,0.053482383489608765,0.053482383489608765
[bmim]__[Ac]__R1234yf__313.15__0.433,HFC_all,M0,R1234YF,HFO,BMIM,AC,313.15,0.433,0.056,0.06035906821489334,0.046030369200176544,0.00435906821489334,0.002862967550754547,0.002862967550754547,0.05321255326271057,0.05321255326271057,0.05798739939928055,0.05798739939928055,0.13172927498817444,0.13172927498817444,0.0560031458735466,0.0560031458735466
[bmim]__[Ac]__R1234yf__313.15__0.496,HFC_all,M0,R1234YF,HFO,BMIM,AC,313.15,0.496,0.065,0.06938316449522972,0.056523983686961154,0.004383164495229713,0.006627444177865982,0.006627444177865982,0.05850837007164955,0.05850837007164955,0.06094551831483841,0.06094551831483841,0.16182014346122742,0.16182014346122742,0.059014346450567245,0.059014346450567245
[bmim]__[Ac]__R1234yf__313.15__0.561,HFC_all,M0,R1234YF,HFO,BMIM,AC,313.15,0.561,0.071,0.07990650460124016,0.06943879133204915,0.008906504601240164,0.011642877012491226,0.011642877012491226,0.06397196650505066,0.06397196650505066,0.06365659087896347,0.06365659087896347,0.19745135307312012,0.19745135307312012,0.06280973553657532,0.06280973553657532
[bmim]__[Ac]__R1234yf__313.15__0.627,HFC_all,M0,R1234YF,HFO,BMIM,AC,313.15,0.627,0.08,0.09100465774536133,0.08371515367706181,0.01100465774536133,0.016625769436359406,0.016625769436359406,0.06913002580404282,0.06913002580404282,0.06614506244659424,0.06614506244659424,0.2354361116886139,0.2354361116886139,0.06768631935119629,0.06768631935119629
[bmim]__[Ac]__R1234yf__313.15__0.699,HFC_all,M0,R1234YF,HFO,BMIM,AC,313.15,0.699,0.091,0.10416324138641357,0.0996209143208641,0.013163241386413574,0.02320544421672821,0.02320544421672821,0.07572311908006668,0.07572311908006668,0.07003642618656158,0.07003642618656158,0.2780774235725403,0.2780774235725403,0.07377379387617111,0.07377379387617111
[bmim]__[Ac]__R1234yf__323.15__0.095,HFC_all,M0,R1234YF,HFO,BMIM,AC,323.15,0.095,0.01,0.02641633674502373,0.02054019139959895,0.016416336745023727,-0.0021247565746307373,0.0,0.022716667503118515,0.022716667503118515,0.026893988251686096,0.026893988251686096,0.057616040110588074,0.057616040110588074,0.024854987859725952,0.024854987859725952
[bmim]__[Ac]__R1234yf__323.15__0.182,HFC_all,M0,R1234YF,HFO,BMIM,AC,323.15,0.182,0.018,0.03180304169654846,0.023696844385948154,0.013803041696548463,-0.004146099090576172,0.0,0.026515178382396698,0.026515178382396698,0.03348761796951294,0.03348761796951294,0.06649333238601685,0.06649333238601685,0.032519079744815826,0.032519079744815826
[bmim]__[Ac]__R1234yf__323.15__0.25,HFC_all,M0,R1234YF,HFO,BMIM,AC,323.15,0.25,0.025,0.03535854071378708,0.025557912595693046,0.010358540713787077,-0.007081519812345505,0.0,0.029684070497751236,0.029684070497751236,0.0372748002409935,0.0372748002409935,0.07167503982782364,0.07167503982782364,0.03815879300236702,0.03815879300236702
[bmim]__[Ac]__R1234yf__323.15__0.324,HFC_all,M0,R1234YF,HFO,BMIM,AC,323.15,0.324,0.031,0.039252227544784545,0.02830136783605955,0.008252227544784545,-0.007512025535106659,0.0,0.03318129479885101,0.03318129479885101,0.041177041828632355,0.041177041828632355,0.07940218597650528,0.07940218597650528,0.04250061511993408,0.04250061511993408
[bmim]__[Ac]__R1234yf__323.15__0.393,HFC_all,M0,R1234YF,HFO,BMIM,AC,323.15,0.393,0.039,0.043682127445936206,0.03212008723954284,0.004682127445936206,-0.006825782358646393,0.0,0.036892011761665344,0.036892011761665344,0.04545706883072853,0.04545706883072853,0.0902084931731224,0.0902084931731224,0.045853063464164734,0.045853063464164734
[bmim]__[Ac]__R1234yf__323.15__0.456,HFC_all,M0,R1234YF,HFO,BMIM,AC,323.15,0.456,0.045,0.048467200994491574,0.037245577352642695,0.003467200994491576,-0.005588322877883911,0.0,0.04101511836051941,0.04101511836051941,0.04854794219136238,0.04854794219136238,0.10454096645116806,0.10454096645116806,0.048231977969408035,0.048231977969408035
[bmim]__[Ac]__R1234yf__323.15__0.522,HFC_all,M0,R1234YF,HFO,BMIM,AC,323.15,0.522,0.052,0.05438158363103866,0.04482168484171761,0.0023815836310386654,-0.0020456016063690186,0.0,0.04586848244071007,0.04586848244071007,0.050987668335437775,0.050987668335437775,0.12492572516202927,0.12492572516202927,0.05012604221701622,0.05012604221701622
[bmim]__[Ac]__R1234yf__323.15__0.59,HFC_all,M0,R1234YF,HFO,BMIM,AC,323.15,0.59,0.059,0.0622093491256237,0.05426744410317335,0.003209349125623706,0.0022108331322669983,0.0022108331322669983,0.05102413147687912,0.05102413147687912,0.05409200116991997,0.05409200116991997,0.15107710659503937,0.15107710659503937,0.05264267325401306,0.05264267325401306
[bmim]__[Ac]__R1234yf__323.15__0.661,HFC_all,M0,R1234YF,HFO,BMIM,AC,323.15,0.661,0.067,0.07221224084496498,0.06595949243266094,0.00521224084496498,0.0071456171572208405,0.0071456171572208405,0.05670884996652603,0.05670884996652603,0.05707912519574165,0.05707912519574165,0.18378210067749023,0.18378210067749023,0.056345511227846146,0.056345511227846146
[bmim]__[Ac]__R1234yf__323.15__0.738,HFC_all,M0,R1234YF,HFO,BMIM,AC,323.15,0.738,0.074,0.08397604823112488,0.08011146139036564,0.009976048231124884,0.012959029525518417,0.012959029525518417,0.06290237605571747,0.06290237605571747,0.06036936864256859,0.06036936864256859,0.22224131226539612,0.22224131226539612,0.0614081546664238,0.0614081546664238
[bmim]__[Ac]__R1234yf__333.15__0.099,HFC_all,M0,R1234YF,HFO,BMIM,AC,333.15,0.099,0.008,0.023241298645734786,0.018461885953538853,0.015241298645734785,-0.0020506083965301514,0.0,0.019628062844276428,0.019628062844276428,0.022955872118473053,0.022955872118473053,0.05167366936802864,0.05167366936802864,0.021948888897895813,0.021948888897895813
[bmim]__[Ac]__R1234yf__333.15__0.189,HFC_all,M0,R1234YF,HFO,BMIM,AC,333.15,0.189,0.015,0.027544710785150528,0.021254893050017185,0.012544710785150529,-0.004497900605201721,0.0,0.02163214609026909,0.02163214609026909,0.028622087091207504,0.028622087091207504,0.05935552343726158,0.05935552343726158,0.028113797307014465,0.028113797307014465
[bmim]__[Ac]__R1234yf__333.15__0.261,HFC_all,M0,R1234YF,HFO,BMIM,AC,333.15,0.261,0.021,0.029879172891378404,0.022524928703084642,0.008879172891378403,-0.008160639554262161,0.0,0.023915555328130722,0.023915555328130722,0.031065069139003754,0.031065069139003754,0.06300640851259232,0.06300640851259232,0.03140883147716522,0.03140883147716522
[bmim]__[Ac]__R1234yf__333.15__0.338,HFC_all,M0,R1234YF,HFO,BMIM,AC,333.15,0.338,0.027,0.03276956900954246,0.024452529193589766,0.005769569009542463,-0.011151932179927826,0.0,0.026571977883577347,0.026571977883577347,0.03402913361787796,0.03402913361787796,0.06845981627702713,0.06845981627702713,0.03478691726922989,0.03478691726922989
[bmim]__[Ac]__R1234yf__333.15__0.41,HFC_all,M0,R1234YF,HFO,BMIM,AC,333.15,0.41,0.033,0.03632300570607185,0.02732296036781473,0.0033230057060718507,-0.011728629469871521,0.0,0.02991766855120659,0.02991766855120659,0.037050601094961166,0.037050601094961166,0.07660065591335297,0.07660065591335297,0.03804610297083855,0.03804610297083855
[bmim]__[Ac]__R1234yf__333.15__0.477,HFC_all,M0,R1234YF,HFO,BMIM,AC,333.15,0.477,0.038,0.04027918353676796,0.03139413173362792,0.0022791835367679605,-0.010440289974212646,0.0,0.03297451138496399,0.03297451138496399,0.039940912276506424,0.039940912276506424,0.08788570761680603,0.08788570761680603,0.040594786405563354,0.040594786405563354
[bmim]__[Ac]__R1234yf__333.15__0.546,HFC_all,M0,R1234YF,HFO,BMIM,AC,333.15,0.546,0.044,0.04480387642979622,0.03680448597665684,0.0008038764297962214,-0.008457157760858536,0.0,0.036548733711242676,0.036548733711242676,0.04238119721412659,0.04238119721412659,0.10252611339092255,0.10252611339092255,0.042563337832689285,0.042563337832689285
[bmim]__[Ac]__R1234yf__333.15__0.618,HFC_all,M0,R1234YF,HFO,BMIM,AC,333.15,0.618,0.05,0.05040890350937843,0.04372177380539534,0.00040890350937843045,-0.0046969205141067505,0.0,0.04123130440711975,0.04123130440711975,0.045099709182977676,0.045099709182977676,0.12085132300853729,0.12085132300853729,0.044862180948257446,0.044862180948257446
[bmim]__[Ac]__R1234yf__333.15__0.693,HFC_all,M0,R1234YF,HFO,BMIM,AC,333.15,0.693,0.057,0.05744138583540916,0.05294838136056543,0.000441385835409161,0.00029769167304039,0.00029769167304039,0.04617122560739517,0.04617122560739517,0.048017047345638275,0.048017047345638275,0.1448553055524826,0.1448553055524826,0.04786565899848938,0.04786565899848938
[bmim]__[Ac]__R1234yf__333.15__0.775,HFC_all,M0,R1234YF,HFO,BMIM,AC,333.15,0.775,0.063,0.06747551113367081,0.06388051092587638,0.004475511133670812,0.00609729066491127,0.00609729066491127,0.05182390660047531,0.05182390660047531,0.05187318101525307,0.05187318101525307,0.17614874243736267,0.17614874243736267,0.051434434950351715,0.051434434950351715
[bmim]__[Ac]__R1234yf__343.15__0.103,HFC_all,M0,R1234YF,HFO,BMIM,AC,343.15,0.103,0.007,0.02064563035964966,0.016995125501687948,0.01364563035964966,-0.0023617148399353027,0.0,0.017471112310886383,0.017471112310886383,0.018470659852027893,0.018470659852027893,0.04736204445362091,0.04736204445362091,0.019924335181713104,0.019924335181713104
[bmim]__[Ac]__R1234yf__343.15__0.197,HFC_all,M0,R1234YF,HFO,BMIM,AC,343.15,0.197,0.013,0.023858890682458878,0.01938898124265266,0.010858890682458879,-0.005417376756668091,0.0,0.01730608567595482,0.01730608567595482,0.023775964975357056,0.023775964975357056,0.05371059477329254,0.05371059477329254,0.024501807987689972,0.024501807987689972
[bmim]__[Ac]__R1234yf__343.15__0.271,HFC_all,M0,R1234YF,HFO,BMIM,AC,343.15,0.271,0.018,0.02544999197125435,0.02046058268974737,0.007449991971254351,-0.009230725467205048,0.0,0.018673818558454514,0.018673818558454514,0.026012569665908813,0.026012569665908813,0.05676266551017761,0.05676266551017761,0.025800906121730804,0.025800906121730804
[bmim]__[Ac]__R1234yf__343.15__0.351,HFC_all,M0,R1234YF,HFO,BMIM,AC,343.15,0.351,0.023,0.027917701005935668,0.02209546220141587,0.004917701005935669,-0.012996647506952286,0.0,0.021157044917345047,0.021157044917345047,0.028047513216733932,0.028047513216733932,0.06148484721779823,0.06148484721779823,0.028899099677801132,0.028899099677801132
[bmim]__[Ac]__R1234yf__343.15__0.427,HFC_all,M0,R1234YF,HFO,BMIM,AC,343.15,0.427,0.028,0.030837449431419372,0.024494073115023933,0.0028374494314193713,-0.014591887593269348,0.0,0.024457458406686783,0.024457458406686783,0.02969362586736679,0.02969362586736679,0.0683358907699585,0.0683358907699585,0.03170027211308479,0.03170027211308479
[bmim]__[Ac]__R1234yf__343.15__0.497,HFC_all,M0,R1234YF,HFO,BMIM,AC,343.15,0.497,0.033,0.03394932970404625,0.02766268342793512,0.0009493297040462506,-0.01442292332649231,0.0,0.027310144156217575,0.027310144156217575,0.03176567330956459,0.03176567330956459,0.07706975191831589,0.07706975191831589,0.033601079136133194,0.033601079136133194
[bmim]__[Ac]__R1234yf__343.15__0.57,HFC_all,M0,R1234YF,HFO,BMIM,AC,343.15,0.57,0.038,0.0378608800470829,0.03212799503416127,0.00013911995291709944,-0.012813098728656769,0.0,0.03047678992152214,0.03047678992152214,0.03454519063234329,0.03454519063234329,0.08907444775104523,0.08907444775104523,0.035207971930503845,0.035207971930503845
[bmim]__[Ac]__R1234yf__343.15__0.646,HFC_all,M0,R1234YF,HFO,BMIM,AC,343.15,0.646,0.042,0.04271185025572777,0.03777657196411524,0.0007118502557277653,-0.009863514453172684,0.0,0.034636568278074265,0.034636568278074265,0.03724396973848343,0.03724396973848343,0.10405497252941132,0.10405497252941132,0.03762374073266983,0.03762374073266983
[bmim]__[Ac]__R1234yf__343.15__0.724,HFC_all,M0,R1234YF,HFO,BMIM,AC,343.15,0.724,0.049,0.04833101034164429,0.04467355066617955,0.000668989658355712,-0.005591601133346558,0.0,0.038253847509622574,0.038253847509622574,0.0408179871737957,0.0408179871737957,0.12201151251792908,0.12201151251792908,0.040571704506874084,0.040571704506874084
[bmim]__[Ac]__R1234yf__343.15__0.811,HFC_all,M0,R1234YF,HFO,BMIM,AC,343.15,0.811,0.054,0.05560014992952347,0.054110883501002266,0.0016001499295234672,0.00016932189464569092,0.00016932189464569092,0.042824506759643555,0.042824506759643555,0.044644348323345184,0.044644348323345184,0.1462831199169159,0.1462831199169159,0.04407945275306702,0.04407945275306702
[bmim]__[PF6]__R1234yf__283.15__0.046,HFC_all,M0,R1234YF,HFO,BMIM,PF6,283.15,0.046,0.0138,0.020733711123466492,0.006660313519405762,0.006933711123466493,0.009121239185333252,0.009121239185333252,0.021129019558429718,0.021129019558429718,0.024791918694972992,0.024791918694972992,0.024724867194890976,0.024724867194890976,0.02390151098370552,0.02390151098370552
[bmim]__[PF6]__R1234yf__283.15__0.0923,HFC_all,M0,R1234YF,HFO,BMIM,PF6,283.15,0.0923,0.0281,0.03633465841412544,0.010226222305479395,0.008234658414125441,0.019277386367321014,0.019277386367321014,0.037411611527204514,0.037411611527204514,0.04018621891736984,0.04018621891736984,0.046746693551540375,0.046746693551540375,0.03805138170719147,0.03805138170719147
[bmim]__[PF6]__R1234yf__283.15__0.1331,HFC_all,M0,R1234YF,HFO,BMIM,PF6,283.15,0.1331,0.0409,0.05012370757758618,0.015055598989203223,0.009223707577586178,0.027089493349194527,0.027089493349194527,0.05158485844731331,0.05158485844731331,0.05236782133579254,0.05236782133579254,0.0693310871720314,0.0693310871720314,0.05024527758359909,0.05024527758359909
[bmim]__[PF6]__R1234yf__283.15__0.1731,HFC_all,M0,R1234YF,HFO,BMIM,PF6,283.15,0.1731,0.0541,0.06406620517373085,0.020288819719338838,0.009966205173730848,0.035626452416181564,0.035626452416181564,0.06527677178382874,0.06527677178382874,0.06316263973712921,0.06316263973712921,0.09296021610498428,0.09296021610498428,0.06330494582653046,0.06330494582653046
[bmim]__[PF6]__R1234yf__283.15__0.2116,HFC_all,M0,R1234YF,HFO,BMIM,PF6,283.15,0.2116,0.067,0.07752104178071022,0.026410665484723782,0.010521041780710214,0.04449472203850746,0.04449472203850746,0.07799667119979858,0.07799667119979858,0.07173162698745728,0.07173162698745728,0.11826225370168686,0.11826225370168686,0.07511993497610092,0.07511993497610092
[bmim]__[PF6]__R1234yf__283.15__0.2448,HFC_all,M0,R1234YF,HFO,BMIM,PF6,283.15,0.2448,0.0798,0.08894640505313874,0.03277939419736651,0.00914640505313874,0.05131068825721741,0.05131068825721741,0.08815625309944153,0.08815625309944153,0.07880843430757523,0.07880843430757523,0.14150270819664001,0.14150270819664001,0.08495394140481949,0.08495394140481949
[bmim]__[PF6]__R1234yf__283.15__0.2909,HFC_all,M0,R1234YF,HFO,BMIM,PF6,283.15,0.2909,0.0954,0.10508844181895256,0.042805517733877856,0.009688441818952565,0.062078092247247696,0.062078092247247696,0.10023457556962967,0.10023457556962967,0.08795017004013062,0.08795017004013062,0.176637202501297,0.176637202501297,0.09854216873645782,0.09854216873645782
[bmim]__[PF6]__R1234yf__293.15__0.055,HFC_all,M0,R1234YF,HFO,BMIM,PF6,293.15,0.055,0.0126,0.025768574699759482,0.011160024312916648,0.013168574699759482,0.005835406482219696,0.005835406482219696,0.030141007155179977,0.030141007155179977,0.03161245584487915,0.03161245584487915,0.030193625018000603,0.030193625018000603,0.03106037899851799,0.03106037899851799
[bmim]__[PF6]__R1234yf__293.15__0.1091,HFC_all,M0,R1234YF,HFO,BMIM,PF6,293.15,0.1091,0.0248,0.03932393342256546,0.015019297114826807,0.014523933422565461,0.013002671301364899,0.013002671301364899,0.0427711121737957,0.0427711121737957,0.04616480693221092,0.04616480693221092,0.05067938566207886,0.05067938566207886,0.04400169104337692,0.04400169104337692
[bmim]__[PF6]__R1234yf__293.15__0.1568,HFC_all,M0,R1234YF,HFO,BMIM,PF6,293.15,0.1568,0.0358,0.050293610990047456,0.018403531611346027,0.014493610990047458,0.019182100892066956,0.019182100892066956,0.05253507196903229,0.05253507196903229,0.05606631934642792,0.05606631934642792,0.06823532283306122,0.06823532283306122,0.055449239909648895,0.055449239909648895
[bmim]__[PF6]__R1234yf__293.15__0.207,HFC_all,M0,R1234YF,HFO,BMIM,PF6,293.15,0.207,0.048,0.06115874126553535,0.02283920274589756,0.013158741265535352,0.024255160242319107,0.024255160242319107,0.06376906484365463,0.06376906484365463,0.06461162865161896,0.06461162865161896,0.08731070160865784,0.08731070160865784,0.06584715098142624,0.06584715098142624
[bmim]__[PF6]__R1234yf__293.15__0.2531,HFC_all,M0,R1234YF,HFO,BMIM,PF6,293.15,0.2531,0.0601,0.07161549367010593,0.027995697567430724,0.01151549367010593,0.029296765103936195,0.029296765103936195,0.07372764497995377,0.07372764497995377,0.0721786767244339,0.0721786767244339,0.10807425528764725,0.10807425528764725,0.07480012625455856,0.07480012625455856
[bmim]__[PF6]__R1234yf__293.15__0.2997,HFC_all,M0,R1234YF,HFO,BMIM,PF6,293.15,0.2997,0.0722,0.08261549323797227,0.034521877175726204,0.010415493237972265,0.03560662269592285,0.03560662269592285,0.08207093924283981,0.08207093924283981,0.07806267589330673,0.07806267589330673,0.13294464349746704,0.13294464349746704,0.08439258486032486,0.08439258486032486
[bmim]__[PF6]__R1234yf__293.15__0.3341,HFC_all,M0,R1234YF,HFO,BMIM,PF6,293.15,0.3341,0.0831,0.09014878049492836,0.03985158267730353,0.007048780494928367,0.04043978825211525,0.04043978825211525,0.08692917972803116,0.08692917972803116,0.08119338005781174,0.08119338005781174,0.15171945095062256,0.15171945095062256,0.0904621034860611,0.0904621034860611
[bmim]__[PF6]__R1234yf__303.15__0.061,HFC_all,M0,R1234YF,HFO,BMIM,PF6,303.15,0.061,0.0112,0.028126368671655654,0.012200055690521424,0.016926368671655652,0.00652829185128212,0.00652829185128212,0.03196322172880173,0.03196322172880173,0.034894924610853195,0.034894924610853195,0.03561447933316231,0.03561447933316231,0.031630925834178925,0.031630925834178925
[bmim]__[PF6]__R1234yf__303.15__0.1183,HFC_all,M0,R1234YF,HFO,BMIM,PF6,303.15,0.1183,0.022,0.03876221850514412,0.016512177674954127,0.016762218505144123,0.009966827929019928,0.009966827929019928,0.041093628853559494,0.041093628853559494,0.047704607248306274,0.047704607248306274,0.05087925121188164,0.05087925121188164,0.04416677728295326,0.04416677728295326
[bmim]__[PF6]__R1234yf__303.15__0.1685,HFC_all,M0,R1234YF,HFO,BMIM,PF6,303.15,0.1685,0.0319,0.046595435589551926,0.019645544681241054,0.014695435589551928,0.012645259499549866,0.012645259499549866,0.04826396331191063,0.04826396331191063,0.05493713170289993,0.05493713170289993,0.06258080154657364,0.06258080154657364,0.05455002188682556,0.05455002188682556
[bmim]__[PF6]__R1234yf__303.15__0.2188,HFC_all,M0,R1234YF,HFO,BMIM,PF6,303.15,0.2188,0.0412,0.05440744385123253,0.022354885372681273,0.013207443851232528,0.016183853149414062,0.016183853149414062,0.056903183460235596,0.056903183460235596,0.060999203473329544,0.060999203473329544,0.07462282478809357,0.07462282478809357,0.06332815438508987,0.06332815438508987
[bmim]__[PF6]__R1234yf__303.15__0.2677,HFC_all,M0,R1234YF,HFO,BMIM,PF6,303.15,0.2677,0.0495,0.06187971122562885,0.025622148063812966,0.01237971122562885,0.019391367211937904,0.019391367211937904,0.06508485972881317,0.06508485972881317,0.06650286167860031,0.06650286167860031,0.08891572803258896,0.08891572803258896,0.06950373947620392,0.06950373947620392
[bmim]__[PF6]__R1234yf__303.15__0.3178,HFC_all,M0,R1234YF,HFO,BMIM,PF6,303.15,0.3178,0.0585,0.06881456226110458,0.02997687471735225,0.010314562261104575,0.022321633994579315,0.022321633994579315,0.070688396692276,0.070688396692276,0.07107484340667725,0.07107484340667725,0.10622826963663101,0.10622826963663101,0.07375966757535934,0.07375966757535934
[bmim]__[PF6]__R1234yf__303.15__0.3653,HFC_all,M0,R1234YF,HFO,BMIM,PF6,303.15,0.3653,0.0681,0.07553738579154015,0.03519307205797507,0.0074373857915401576,0.02549242600798607,0.02549242600798607,0.07485546171665192,0.07485546171665192,0.07461822032928467,0.07461822032928467,0.12496913969516754,0.12496913969516754,0.07775168120861053,0.07775168120861053
[bmim]__[PF6]__R1234yf__313.15__0.0648,HFC_all,M0,R1234YF,HFO,BMIM,PF6,313.15,0.0648,0.0098,0.02703123688697815,0.011057201246968662,0.01723123688697815,0.00787142664194107,0.00787142664194107,0.029420040547847748,0.029420040547847748,0.033482328057289124,0.033482328057289124,0.03546038269996643,0.03546038269996643,0.028922006487846375,0.028922006487846375
[bmim]__[PF6]__R1234yf__313.15__0.125,HFC_all,M0,R1234YF,HFO,BMIM,PF6,313.15,0.125,0.0185,0.035764123499393466,0.015369943692736723,0.017264123499393467,0.00940123200416565,0.00940123200416565,0.035943370312452316,0.035943370312452316,0.04499591514468193,0.04499591514468193,0.047480255365371704,0.047480255365371704,0.040999844670295715,0.040999844670295715
[bmim]__[PF6]__R1234yf__313.15__0.1769,HFC_all,M0,R1234YF,HFO,BMIM,PF6,313.15,0.1769,0.0265,0.04165871813893318,0.018177240820982547,0.015158718138933183,0.010355450212955475,0.010355450212955475,0.04163184016942978,0.04163184016942978,0.05109868571162224,0.05109868571162224,0.05515822395682335,0.05515822395682335,0.05004939064383507,0.05004939064383507
[bmim]__[PF6]__R1234yf__313.15__0.23,HFC_all,M0,R1234YF,HFO,BMIM,PF6,313.15,0.23,0.0342,0.04759377017617226,0.02055625598537297,0.013393770176172257,0.0124305859208107,0.0124305859208107,0.047646164894104004,0.047646164894104004,0.05593693628907204,0.05593693628907204,0.06457793712615967,0.06457793712615967,0.057377226650714874,0.057377226650714874
[bmim]__[PF6]__R1234yf__313.15__0.2816,HFC_all,M0,R1234YF,HFO,BMIM,PF6,313.15,0.2816,0.0411,0.053013506531715396,0.023133994440539027,0.011913506531715398,0.014038152992725372,0.014038152992725372,0.05359227582812309,0.05359227582812309,0.05993552878499031,0.05993552878499031,0.07499879598617554,0.07499879598617554,0.06250277906656265,0.06250277906656265
[bmim]__[PF6]__R1234yf__313.15__0.3343,HFC_all,M0,R1234YF,HFO,BMIM,PF6,313.15,0.3343,0.0489,0.05773000791668892,0.026054612129926595,0.00883000791668892,0.0151560939848423,0.0151560939848423,0.05885279178619385,0.05885279178619385,0.06311163306236267,0.06311163306236267,0.08630292862653732,0.08630292862653732,0.06522659212350845,0.06522659212350845
[bmim]__[PF6]__R1234yf__313.15__0.3848,HFC_all,M0,R1234YF,HFO,BMIM,PF6,313.15,0.3848,0.057,0.06252052485942841,0.029498969289347247,0.005520524859428409,0.016368679702281952,0.016368679702281952,0.06335604935884476,0.06335604935884476,0.06635414063930511,0.06635414063930511,0.0986722931265831,0.0986722931265831,0.0678514614701271,0.0678514614701271
[bmim]__[PF6]__R1234yf__323.15__0.0703,HFC_all,M0,R1234YF,HFO,BMIM,PF6,323.15,0.0703,0.0086,0.025080511718988417,0.009479800336951439,0.016480511718988417,0.00892973318696022,0.00892973318696022,0.026199940592050552,0.026199940592050552,0.030375484377145767,0.030375484377145767,0.033260077238082886,0.033260077238082886,0.026637323200702667,0.026637323200702667
[bmim]__[PF6]__R1234yf__323.15__0.1266,HFC_all,M0,R1234YF,HFO,BMIM,PF6,323.15,0.1266,0.0156,0.03160681873559952,0.013030111152468974,0.01600681873559952,0.009563673287630081,0.009563673287630081,0.030671343207359314,0.030671343207359314,0.039649903774261475,0.039649903774261475,0.04191478714346886,0.04191478714346886,0.03623438626527786,0.03623438626527786
[bmim]__[PF6]__R1234yf__323.15__0.1849,HFC_all,M0,R1234YF,HFO,BMIM,PF6,323.15,0.1849,0.0225,0.03626851886510849,0.01615246739974203,0.013768518865108492,0.008815474808216095,0.008815474808216095,0.03487563878297806,0.03487563878297806,0.04483380168676376,0.04483380168676376,0.04852813109755516,0.04852813109755516,0.04428954795002937,0.04428954795002937
[bmim]__[PF6]__R1234yf__323.15__0.2406,HFC_all,M0,R1234YF,HFO,BMIM,PF6,323.15,0.2406,0.029,0.04034426212310791,0.01889283228187257,0.01134426212310791,0.00833842158317566,0.00833842158317566,0.038825713098049164,0.038825713098049164,0.04875420033931732,0.04875420033931732,0.05563843250274658,0.05563843250274658,0.050164543092250824,0.050164543092250824
[bmim]__[PF6]__R1234yf__323.15__0.2948,HFC_all,M0,R1234YF,HFO,BMIM,PF6,323.15,0.2948,0.0349,0.044388367980718615,0.021007294981934065,0.009488367980718615,0.009131427854299545,0.009131427854299545,0.042878687381744385,0.042878687381744385,0.05228228121995926,0.05228228121995926,0.06333938241004944,0.06333938241004944,0.054310061037540436,0.054310061037540436
[bmim]__[PF6]__R1234yf__323.15__0.3501,HFC_all,M0,R1234YF,HFO,BMIM,PF6,323.15,0.3501,0.0415,0.04818747192621231,0.023537791393330343,0.006687471926212309,0.009457413107156754,0.009457413107156754,0.04683585464954376,0.04683585464954376,0.05497681349515915,0.05497681349515915,0.072382852435112,0.072382852435112,0.05728442594408989,0.05728442594408989
[bmim]__[PF6]__R1234yf__323.15__0.4034,HFC_all,M0,R1234YF,HFO,BMIM,PF6,323.15,0.4034,0.0481,0.05183993503451347,0.02643986083909761,0.003739935034513475,0.00921955332159996,0.00921955332159996,0.051024552434682846,0.051024552434682846,0.05796647071838379,0.05796647071838379,0.08157560229301453,0.08157560229301453,0.059413496404886246,0.059413496404886246
[bmim]__[PF6]__R1234yf__333.15__0.0731,HFC_all,M0,R1234YF,HFO,BMIM,PF6,333.15,0.0731,0.0074,0.022529049962759017,0.008329329767127929,0.015129049962759017,0.008509758859872818,0.008509758859872818,0.02303343266248703,0.02303343266248703,0.02602599561214447,0.02602599561214447,0.030563555657863617,0.030563555657863617,0.024512507021427155,0.024512507021427155
[bmim]__[PF6]__R1234yf__333.15__0.1318,HFC_all,M0,R1234YF,HFO,BMIM,PF6,333.15,0.1318,0.0133,0.028191474825143815,0.01144611225526298,0.014891474825143816,0.009085498750209808,0.009085498750209808,0.02681833878159523,0.02681833878159523,0.03435409069061279,0.03435409069061279,0.03823687136173248,0.03823687136173248,0.032462574541568756,0.032462574541568756
[bmim]__[PF6]__R1234yf__333.15__0.1926,HFC_all,M0,R1234YF,HFO,BMIM,PF6,333.15,0.1926,0.0194,0.031521262228488924,0.014610840656105269,0.012121262228488923,0.006937418133020401,0.006937418133020401,0.029759123921394348,0.029759123921394348,0.03864958882331848,0.03864958882331848,0.043471451848745346,0.043471451848745346,0.038788728415966034,0.038788728415966034
[bmim]__[PF6]__R1234yf__333.15__0.2508,HFC_all,M0,R1234YF,HFO,BMIM,PF6,333.15,0.2508,0.0246,0.03418883830308914,0.01770727373464355,0.009588838303089143,0.0044073909521102905,0.0044073909521102905,0.032266274094581604,0.032266274094581604,0.04201224073767662,0.04201224073767662,0.049062736332416534,0.049062736332416534,0.04319554939866066,0.04319554939866066
[bmim]__[PF6]__R1234yf__333.15__0.307,HFC_all,M0,R1234YF,HFO,BMIM,PF6,333.15,0.307,0.0304,0.03696034848690033,0.019953119918512584,0.00656034848690033,0.0037345923483371735,0.0037345923483371735,0.034384965896606445,0.034384965896606445,0.04502767324447632,0.04502767324447632,0.05484350770711899,0.05484350770711899,0.04681100323796272,0.04681100323796272
[bmim]__[PF6]__R1234yf__333.15__0.3651,HFC_all,M0,R1234YF,HFO,BMIM,PF6,333.15,0.3651,0.0362,0.040193210542202,0.02206309568638674,0.003993210542201996,0.00395621731877327,0.00395621731877327,0.03773015737533569,0.03773015737533569,0.047720782458782196,0.047720782458782196,0.06231429800391197,0.06231429800391197,0.04924459755420685,0.04924459755420685
[bmim]__[PF6]__R1234yf__333.15__0.4211,HFC_all,M0,R1234YF,HFO,BMIM,PF6,333.15,0.4211,0.0417,0.04325446709990501,0.024112482161718324,0.0015544670999050117,0.004261784255504608,0.004261784255504608,0.04151497408747673,0.04151497408747673,0.04997310787439346,0.04997310787439346,0.0697108805179596,0.0697108805179596,0.050811588764190674,0.050811588764190674
[bmim]__[PF6]__R1234yf__343.15__0.0728,HFC_all,M0,R1234YF,HFO,BMIM,PF6,343.15,0.0728,0.0063,0.02023835703730583,0.007357879111167926,0.01393835703730583,0.008194394409656525,0.008194394409656525,0.021218735724687576,0.021218735724687576,0.0210578516125679,0.0210578516125679,0.028309393674135208,0.028309393674135208,0.02241140976548195,0.02241140976548195
[bmim]__[PF6]__R1234yf__343.15__0.1369,HFC_all,M0,R1234YF,HFO,BMIM,PF6,343.15,0.1369,0.0113,0.025355138629674912,0.010466976089329552,0.014055138629674913,0.008137736469507217,0.008137736469507217,0.02376433089375496,0.02376433089375496,0.029266804456710815,0.029266804456710815,0.03535351902246475,0.03535351902246475,0.030253302305936813,0.030253302305936813
[bmim]__[PF6]__R1234yf__343.15__0.2003,HFC_all,M0,R1234YF,HFO,BMIM,PF6,343.15,0.2003,0.0162,0.027452318370342253,0.013246763427664609,0.011252318370342254,0.005439061671495438,0.005439061671495438,0.025387074798345566,0.025387074798345566,0.03300146758556366,0.03300146758556366,0.039018817245960236,0.039018817245960236,0.034415170550346375,0.034415170550346375
[bmim]__[PF6]__R1234yf__343.15__0.2569,HFC_all,M0,R1234YF,HFO,BMIM,PF6,343.15,0.2569,0.0209,0.028953167051076888,0.015639600942547592,0.00805316705107689,0.0028244033455848694,0.0028244033455848694,0.026996713131666183,0.026996713131666183,0.03550969809293747,0.03550969809293747,0.04264310374855995,0.04264310374855995,0.03679191693663597,0.03679191693663597
[bmim]__[PF6]__R1234yf__343.15__0.3157,HFC_all,M0,R1234YF,HFO,BMIM,PF6,343.15,0.3157,0.0256,0.030804529041051864,0.018169545672420143,0.005204529041051863,0.0004599243402481079,0.0004599243402481079,0.028954610228538513,0.028954610228538513,0.037947479635477066,0.037947479635477066,0.047298938035964966,0.047298938035964966,0.03936169296503067,0.03936169296503067
[bmim]__[PF6]__R1234yf__343.15__0.3803,HFC_all,M0,R1234YF,HFO,BMIM,PF6,343.15,0.3803,0.0306,0.033600634336471556,0.020373885318571212,0.0030006343364715575,-0.0008239075541496277,0.0,0.03159695863723755,0.03159695863723755,0.04047451913356781,0.04047451913356781,0.05377078056335449,0.05377078056335449,0.04216091334819794,0.04216091334819794
[bmim]__[PF6]__R1234yf__343.15__0.4339,HFC_all,M0,R1234YF,HFO,BMIM,PF6,343.15,0.4339,0.0353,0.03593660816550255,0.022114703458479885,0.000636608165502553,-0.000551171600818634,0.0,0.0340316966176033,0.0340316966176033,0.042290858924388885,0.042290858924388885,0.05958819389343262,0.05958819389343262,0.043772291392087936,0.043772291392087936
[bmim]__[PF6]__R1234ze(E)__283.15__0.0854,HFC_all,M0,R1234ZE(E),HFO,BMIM,PF6,283.15,0.0854,0.0918,0.07435993477702141,0.02532519825066902,0.0174400652229786,0.051095012575387955,0.051095012575387955,0.06505031883716583,0.06505031883716583,0.0672498419880867,0.0672498419880867,0.11764951795339584,0.11764951795339584,0.07075498253107071,0.07075498253107071
[bmim]__[PF6]__R1234ze(E)__283.15__0.1244,HFC_all,M0,R1234ZE(E),HFO,BMIM,PF6,283.15,0.1244,0.1338,0.09903563559055328,0.0399951326960013,0.03476436440944672,0.0648195743560791,0.0648195743560791,0.08682107925415039,0.08682107925415039,0.08476859331130981,0.08476859331130981,0.16832581162452698,0.16832581162452698,0.09044311940670013,0.09044311940670013
[bmim]__[PF6]__R1234ze(E)__283.15__0.1589,HFC_all,M0,R1234ZE(E),HFO,BMIM,PF6,283.15,0.1589,0.1774,0.12304053604602813,0.05672610773427975,0.05435946395397187,0.07803414762020111,0.07803414762020111,0.10721788555383682,0.10721788555383682,0.09939995408058167,0.09939995408058167,0.22214818000793457,0.22214818000793457,0.10840251296758652,0.10840251296758652
[bmim]__[PF6]__R1234ze(E)__283.15__0.1924,HFC_all,M0,R1234ZE(E),HFO,BMIM,PF6,283.15,0.1924,0.2167,0.14437296241521835,0.07349780723918208,0.07232703758478165,0.08963483572006226,0.08963483572006226,0.12393619120121002,0.12393619120121002,0.11124087125062943,0.11124087125062943,0.27346259355545044,0.27346259355545044,0.12359032034873962,0.12359032034873962
[bmim]__[PF6]__R1234ze(E)__283.15__0.2238,HFC_all,M0,R1234ZE(E),HFO,BMIM,PF6,283.15,0.2238,0.2593,0.16359724551439286,0.08939775667039994,0.09570275448560711,0.10041635483503342,0.10041635483503342,0.13732458651065826,0.13732458651065826,0.12275505065917969,0.12275505065917969,0.32129019498825073,0.32129019498825073,0.13620004057884216,0.13620004057884216
[bmim]__[PF6]__R1234ze(E)__283.15__0.2534,HFC_all,M0,R1234ZE(E),HFO,BMIM,PF6,283.15,0.2534,0.2969,0.1809588611125946,0.10355014833485505,0.1159411388874054,0.11026701331138611,0.11026701331138611,0.14929376542568207,0.14929376542568207,0.13388369977474213,0.13388369977474213,0.36409416794776917,0.36409416794776917,0.14725565910339355,0.14725565910339355
[bmim]__[PF6]__R1234ze(E)__293.15__0.0947,HFC_all,M0,R1234ZE(E),HFO,BMIM,PF6,293.15,0.0947,0.0764,0.0703839898109436,0.02237193001259984,0.006016010189056398,0.04028859734535217,0.04028859734535217,0.068837970495224,0.068837970495224,0.0705297440290451,0.0705297440290451,0.10342171043157578,0.10342171043157578,0.06884192675352097,0.06884192675352097
[bmim]__[PF6]__R1234ze(E)__293.15__0.139,HFC_all,M0,R1234ZE(E),HFO,BMIM,PF6,293.15,0.139,0.1106,0.08809162378311157,0.03204389071828923,0.022508376216888434,0.049553461372852325,0.049553461372852325,0.08278942853212357,0.08278942853212357,0.08435121923685074,0.08435121923685074,0.1387891173362732,0.1387891173362732,0.08497489243745804,0.08497489243745804
[bmim]__[PF6]__R1234ze(E)__293.15__0.1805,HFC_all,M0,R1234ZE(E),HFO,BMIM,PF6,293.15,0.1805,0.1433,0.10666295737028123,0.04502754009412953,0.036637042629718786,0.05801185965538025,0.05801185965538025,0.0987384021282196,0.0987384021282196,0.095338836312294,0.095338836312294,0.1809040606021881,0.1809040606021881,0.10032162815332413,0.10032162815332413
[bmim]__[PF6]__R1234ze(E)__293.15__0.22,HFC_all,M0,R1234ZE(E),HFO,BMIM,PF6,293.15,0.22,0.1754,0.12459351271390914,0.059367486646982416,0.05080648728609086,0.06670725345611572,0.06670725345611572,0.11311878263950348,0.11311878263950348,0.10493136942386627,0.10493136942386627,0.22507983446121216,0.22507983446121216,0.11313032358884811,0.11313032358884811
[bmim]__[PF6]__R1234ze(E)__293.15__0.2588,HFC_all,M0,R1234ZE(E),HFO,BMIM,PF6,293.15,0.2588,0.2097,0.14213087260723115,0.07425987633721852,0.06756912739276885,0.0758536234498024,0.0758536234498024,0.1258419156074524,0.1258419156074524,0.11421699076890945,0.11421699076890945,0.2698898911476135,0.2698898911476135,0.12485194206237793,0.12485194206237793
[bmim]__[PF6]__R1234ze(E)__293.15__0.2958,HFC_all,M0,R1234ZE(E),HFO,BMIM,PF6,293.15,0.2958,0.2419,0.15704275220632552,0.08922536137682963,0.08485724779367448,0.08424146473407745,0.08424146473407745,0.13403519988059998,0.13403519988059998,0.12124922126531601,0.12124922126531601,0.312494695186615,0.312494695186615,0.13319317996501923,0.13319317996501923
[bmim]__[PF6]__R1234ze(E)__303.15__0.1041,HFC_all,M0,R1234ZE(E),HFO,BMIM,PF6,303.15,0.1041,0.0613,0.0681743048131466,0.023392550140044373,0.006874304813146596,0.03516581282019615,0.03516581282019615,0.06706221401691437,0.06706221401691437,0.07115840911865234,0.07115840911865234,0.10112649202346802,0.10112649202346802,0.06635859608650208,0.06635859608650208
[bmim]__[PF6]__R1234ze(E)__303.15__0.1531,HFC_all,M0,R1234ZE(E),HFO,BMIM,PF6,303.15,0.1531,0.0891,0.08108223527669907,0.029397923392328253,0.00801776472330093,0.0414283350110054,0.0414283350110054,0.07734771817922592,0.07734771817922592,0.08106213808059692,0.08106213808059692,0.12433206290006638,0.12433206290006638,0.08124092221260071,0.08124092221260071
[bmim]__[PF6]__R1234ze(E)__303.15__0.1995,HFC_all,M0,R1234ZE(E),HFO,BMIM,PF6,303.15,0.1995,0.1154,0.09372511655092239,0.03624570128816625,0.021674883449077614,0.04638981074094772,0.04638981074094772,0.09081470966339111,0.09081470966339111,0.08992210030555725,0.08992210030555725,0.14841540157794952,0.14841540157794952,0.09308356046676636,0.09308356046676636
[bmim]__[PF6]__R1234ze(E)__303.15__0.244,HFC_all,M0,R1234ZE(E),HFO,BMIM,PF6,303.15,0.244,0.1414,0.10664509385824203,0.046060811853985056,0.03475490614175797,0.05114098638296127,0.05114098638296127,0.10270977765321732,0.10270977765321732,0.09739406406879425,0.09739406406879425,0.17936629056930542,0.17936629056930542,0.10261435061693192,0.10261435061693192
[bmim]__[PF6]__R1234ze(E)__303.15__0.2887,HFC_all,M0,R1234ZE(E),HFO,BMIM,PF6,303.15,0.2887,0.169,0.11923182234168053,0.05794117424083472,0.04976817765831948,0.056680429726839066,0.056680429726839066,0.11114655435085297,0.11114655435085297,0.10333555936813354,0.10333555936813354,0.2147189974784851,0.2147189974784851,0.11027757078409195,0.11027757078409195
[bmim]__[PF6]__R1234ze(E)__303.15__0.3315,HFC_all,M0,R1234ZE(E),HFO,BMIM,PF6,303.15,0.3315,0.1952,0.13063628673553468,0.0695044018496719,0.06456371326446533,0.0636395514011383,0.0636395514011383,0.11698018014431,0.11698018014431,0.10784676671028137,0.10784676671028137,0.24861028790473938,0.24861028790473938,0.11610464751720428,0.11610464751720428
[bmim]__[PF6]__R1234ze(E)__313.15__0.1124,HFC_all,M0,R1234ZE(E),HFO,BMIM,PF6,313.15,0.1124,0.0499,0.06311558187007904,0.022155605411693646,0.01321558187007904,0.03210173547267914,0.03210173547267914,0.059865254908800125,0.059865254908800125,0.06686408817768097,0.06686408817768097,0.09436412900686264,0.09436412900686264,0.06238270178437233,0.06238270178437233
[bmim]__[PF6]__R1234ze(E)__313.15__0.1654,HFC_all,M0,R1234ZE(E),HFO,BMIM,PF6,313.15,0.1654,0.0726,0.07307209968566894,0.02650654102384213,0.0004720996856689419,0.036752812564373016,0.036752812564373016,0.06799719482660294,0.06799719482660294,0.07491892576217651,0.07491892576217651,0.11128668487071991,0.11128668487071991,0.07440488040447235,0.07440488040447235
[bmim]__[PF6]__R1234ze(E)__313.15__0.216,HFC_all,M0,R1234ZE(E),HFO,BMIM,PF6,313.15,0.216,0.094,0.08270056694746017,0.03203646743452212,0.011299433052539831,0.03922467678785324,0.03922467678785324,0.07936415076255798,0.07936415076255798,0.08179067075252533,0.08179067075252533,0.12963247299194336,0.12963247299194336,0.08349086344242096,0.08349086344242096
[bmim]__[PF6]__R1234ze(E)__313.15__0.2648,HFC_all,M0,R1234ZE(E),HFO,BMIM,PF6,313.15,0.2648,0.1151,0.09147737845778466,0.038358147280636544,0.02362262154221534,0.04172870144248009,0.04172870144248009,0.08755594491958618,0.08755594491958618,0.08775319159030914,0.08775319159030914,0.14962074160575867,0.14962074160575867,0.09072831273078918,0.09072831273078918
[bmim]__[PF6]__R1234ze(E)__313.15__0.3142,HFC_all,M0,R1234ZE(E),HFO,BMIM,PF6,313.15,0.3142,0.1374,0.0997371383011341,0.04582342492203632,0.03766286169886589,0.044754449278116226,0.044754449278116226,0.09488727897405624,0.09488727897405624,0.0916145071387291,0.0916145071387291,0.17229968309402466,0.17229968309402466,0.09512977302074432,0.09512977302074432
[bmim]__[PF6]__R1234ze(E)__313.15__0.3619,HFC_all,M0,R1234ZE(E),HFO,BMIM,PF6,313.15,0.3619,0.1584,0.10775897279381752,0.05418951915283973,0.05064102720618249,0.04762556031346321,0.04762556031346321,0.10077190399169922,0.10077190399169922,0.09508800506591797,0.09508800506591797,0.19632336497306824,0.19632336497306824,0.09898602962493896,0.09898602962493896
[bmim]__[PF6]__R1234ze(E)__323.15__0.1197,HFC_all,M0,R1234ZE(E),HFO,BMIM,PF6,323.15,0.1197,0.0411,0.05652195662260055,0.01993796227231438,0.015421956622600555,0.028932467103004456,0.028932467103004456,0.05258271098136902,0.05258271098136902,0.06008651852607727,0.06008651852607727,0.08481641858816147,0.08481641858816147,0.056191667914390564,0.056191667914390564
[bmim]__[PF6]__R1234ze(E)__323.15__0.1764,HFC_all,M0,R1234ZE(E),HFO,BMIM,PF6,323.15,0.1764,0.0599,0.06425473392009735,0.024089877657182367,0.004354733920097352,0.03095843642950058,0.03095843642950058,0.05908937007188797,0.05908937007188797,0.06598153710365295,0.06598153710365295,0.09856358170509338,0.09856358170509338,0.06668074429035187,0.06668074429035187
[bmim]__[PF6]__R1234ze(E)__323.15__0.2306,HFC_all,M0,R1234ZE(E),HFO,BMIM,PF6,323.15,0.2306,0.0775,0.07108180969953537,0.028418672924744624,0.00641819030046463,0.03242417424917221,0.03242417424917221,0.06548795104026794,0.06548795104026794,0.0719812661409378,0.0719812661409378,0.11230611801147461,0.11230611801147461,0.07320953905582428,0.07320953905582428
[bmim]__[PF6]__R1234ze(E)__323.15__0.2832,HFC_all,M0,R1234ZE(E),HFO,BMIM,PF6,323.15,0.2832,0.0947,0.0776542842388153,0.03301396501590239,0.0170457157611847,0.03419601172208786,0.03419601172208786,0.07238848507404327,0.07238848507404327,0.07670668512582779,0.07670668512582779,0.1270746886730194,0.1270746886730194,0.0779055505990982,0.0779055505990982
[bmim]__[PF6]__R1234ze(E)__323.15__0.3366,HFC_all,M0,R1234ZE(E),HFO,BMIM,PF6,323.15,0.3366,0.1132,0.08387309461832046,0.03834952697834474,0.029326905381679536,0.03605663776397705,0.03605663776397705,0.07850053906440735,0.07850053906440735,0.07971414923667908,0.07971414923667908,0.14341595768928528,0.14341595768928528,0.08167818933725357,0.08167818933725357
[bmim]__[PF6]__R1234ze(E)__323.15__0.3883,HFC_all,M0,R1234ZE(E),HFO,BMIM,PF6,323.15,0.3883,0.1304,0.0900210291147232,0.044940920812821306,0.04037897088527678,0.037216559052467346,0.037216559052467346,0.08376193046569824,0.08376193046569824,0.08229377120733261,0.08229377120733261,0.16189396381378174,0.16189396381378174,0.08493892103433609,0.08493892103433609
[bmim]__[PF6]__R1234ze(E)__333.15__0.1264,HFC_all,M0,R1234ZE(E),HFO,BMIM,PF6,333.15,0.1264,0.0343,0.05021482706069946,0.018192881716951874,0.015914827060699466,0.024564474821090698,0.024564474821090698,0.04681412875652313,0.04681412875652313,0.053219590336084366,0.053219590336084366,0.07561103254556656,0.07561103254556656,0.05086490884423256,0.05086490884423256
[bmim]__[PF6]__R1234ze(E)__333.15__0.1864,HFC_all,M0,R1234ZE(E),HFO,BMIM,PF6,333.15,0.1864,0.0502,0.055953146517276765,0.022007417940046917,0.005753146517276764,0.02497495710849762,0.02497495710849762,0.05149632692337036,0.05149632692337036,0.05767659470438957,0.05767659470438957,0.08671197295188904,0.08671197295188904,0.05890588089823723,0.05890588089823723
[bmim]__[PF6]__R1234ze(E)__333.15__0.2439,HFC_all,M0,R1234ZE(E),HFO,BMIM,PF6,333.15,0.2439,0.0648,0.06082332283258438,0.025362252236324687,0.003976677167415614,0.026072580367326736,0.026072580367326736,0.05539633333683014,0.05539633333683014,0.061691123992204666,0.061691123992204666,0.0972491055727005,0.0972491055727005,0.06370747089385986,0.06370747089385986
[bmim]__[PF6]__R1234ze(E)__333.15__0.2999,HFC_all,M0,R1234ZE(E),HFO,BMIM,PF6,333.15,0.2999,0.0791,0.06588688381016254,0.02923228491287263,0.013213116189837462,0.026926053687930107,0.026926053687930107,0.06036669388413429,0.06036669388413429,0.06589571386575699,0.06589571386575699,0.10910867899656296,0.10910867899656296,0.06713727861642838,0.06713727861642838
[bmim]__[PF6]__R1234ze(E)__333.15__0.3568,HFC_all,M0,R1234ZE(E),HFO,BMIM,PF6,333.15,0.3568,0.0946,0.07066184505820275,0.033292371346922284,0.023938154941797254,0.027857642620801926,0.027857642620801926,0.06531531363725662,0.06531531363725662,0.06871797144412994,0.06871797144412994,0.12134339660406113,0.12134339660406113,0.0700749009847641,0.0700749009847641
[bmim]__[PF6]__R1234ze(E)__333.15__0.4121,HFC_all,M0,R1234ZE(E),HFO,BMIM,PF6,333.15,0.4121,0.109,0.07587291449308395,0.038379685290749234,0.03312708550691605,0.028740212321281433,0.028740212321281433,0.07029452919960022,0.07029452919960022,0.07107902318239212,0.07107902318239212,0.13595429062843323,0.13595429062843323,0.07329651713371277,0.07329651713371277
[bmim]__[PF6]__R1234ze(E)__343.15__0.1327,HFC_all,M0,R1234ZE(E),HFO,BMIM,PF6,343.15,0.1327,0.0289,0.04504626952111721,0.016216095624328315,0.016146269521117213,0.02158786542713642,0.02158786542713642,0.04206223785877228,0.04206223785877228,0.047578297555446625,0.047578297555446625,0.06701099127531052,0.06701099127531052,0.04699195548892021,0.04699195548892021
[bmim]__[PF6]__R1234ze(E)__343.15__0.196,HFC_all,M0,R1234ZE(E),HFO,BMIM,PF6,343.15,0.196,0.0417,0.048516609147191046,0.019563299071209166,0.006816609147191045,0.020010871812701225,0.020010871812701225,0.04521600157022476,0.04521600157022476,0.05046463757753372,0.05046463757753372,0.07480061799287796,0.07480061799287796,0.05209091678261757,0.05209091678261757
[bmim]__[PF6]__R1234ze(E)__343.15__0.2565,HFC_all,M0,R1234ZE(E),HFO,BMIM,PF6,343.15,0.2565,0.0541,0.05197795033454895,0.022340812317321643,0.0021220496654510493,0.020245078951120377,0.020245078951120377,0.048045676201581955,0.048045676201581955,0.05359729379415512,0.05359729379415512,0.08299779891967773,0.08299779891967773,0.055003903806209564,0.055003903806209564
[bmim]__[PF6]__R1234ze(E)__343.15__0.3156,HFC_all,M0,R1234ZE(E),HFO,BMIM,PF6,343.15,0.3156,0.0663,0.05589413158595562,0.025467706748989148,0.01040586841404438,0.021062953397631645,0.021062953397631645,0.051671650260686874,0.051671650260686874,0.056170571595430374,0.056170571595430374,0.09276792407035828,0.09276792407035828,0.05779755860567093,0.05779755860567093
[bmim]__[PF6]__R1234ze(E)__343.15__0.3761,HFC_all,M0,R1234ZE(E),HFO,BMIM,PF6,343.15,0.3761,0.0786,0.060207467526197433,0.02941158504700715,0.01839253247380257,0.021068833768367767,0.021068833768367767,0.05604875460267067,0.05604875460267067,0.0588378980755806,0.0588378980755806,0.10389034450054169,0.10389034450054169,0.06119150668382645,0.06119150668382645
[bmim]__[PF6]__R1234ze(E)__343.15__0.4347,HFC_all,M0,R1234ZE(E),HFO,BMIM,PF6,343.15,0.4347,0.0906,0.06456448435783387,0.03366894959140109,0.026035515642166135,0.021480385214090347,0.021480385214090347,0.060035817325115204,0.060035817325115204,0.06155146285891533,0.06155146285891533,0.11602198332548141,0.11602198332548141,0.06373277306556702,0.06373277306556702
[hmim]__[BF4]__R1234yf__303.2__0.1109,HFC_all,M0,R1234YF,HFO,HMIM,BF4,303.2,0.1109,0.02515,0.03568059951066971,0.01767638940071804,0.01053059951066971,0.004715554416179657,0.004715554416179657,0.038741257041692734,0.038741257041692734,0.04569825530052185,0.04569825530052185,0.04788711667060852,0.04788711667060852,0.04136081412434578,0.04136081412434578
[hmim]__[BF4]__R1234yf__313.2__0.1248,HFC_all,M0,R1234YF,HFO,HMIM,BF4,313.2,0.1248,0.02245,0.03371172398328781,0.016649706385994684,0.01126172398328781,0.005190618336200714,0.005190618336200714,0.03396960720419884,0.03396960720419884,0.043094199150800705,0.043094199150800705,0.04696384072303772,0.04696384072303772,0.03934035450220108,0.03934035450220108
[hmim]__[BF4]__R1234yf__323.2__0.1322,HFC_all,M0,R1234YF,HFO,HMIM,BF4,323.2,0.1322,0.01899,0.030384356528520583,0.014664101689440805,0.011394356528520583,0.005706053227186203,0.005706053227186203,0.029397226870059967,0.029397226870059967,0.03794120252132416,0.03794120252132416,0.04325205087661743,0.04325205087661743,0.03562524914741516,0.03562524914741516
[hmim]__[BF4]__R1234yf__333.2__0.1494,HFC_all,M0,R1234YF,HFO,HMIM,BF4,333.2,0.1494,0.01749,0.028090933710336684,0.013861121535088557,0.010600933710336685,0.005171097815036774,0.005171097815036774,0.026316553354263306,0.026316553354263306,0.034264273941516876,0.034264273941516876,0.0412522628903389,0.0412522628903389,0.03345048055052757,0.03345048055052757
[hmim]__[BF4]__R1234yf__343.2__0.1587,HFC_all,M0,R1234YF,HFO,HMIM,BF4,343.2,0.1587,0.0153,0.0260171115398407,0.01319911965001351,0.0107171115398407,0.004617117345333099,0.004617117345333099,0.024069741368293762,0.024069741368293762,0.03011133521795273,0.03011133521795273,0.039706356823444366,0.039706356823444366,0.031581006944179535,0.031581006944179535
[hmim]__[BF4]__R1234yf__283.15__0.0548,HFC_all,M0,R1234YF,HFO,HMIM,BF4,283.15,0.0548,0.0226,0.022793757170438765,0.00956528993610003,0.00019375717043876653,0.005861252546310425,0.005861252546310425,0.025345806032419205,0.025345806032419205,0.02831357717514038,0.02831357717514038,0.025992698967456818,0.025992698967456818,0.028455451130867004,0.028455451130867004
[hmim]__[BF4]__R1234yf__283.15__0.1023,HFC_all,M0,R1234YF,HFO,HMIM,BF4,283.15,0.1023,0.0422,0.03778307288885117,0.012973025945632852,0.004416927111148834,0.015055272728204727,0.015055272728204727,0.040456123650074005,0.040456123650074005,0.04268098622560501,0.04268098622560501,0.04766855761408806,0.04766855761408806,0.04305442422628403,0.04305442422628403
[hmim]__[BF4]__R1234yf__283.15__0.155,HFC_all,M0,R1234YF,HFO,HMIM,BF4,283.15,0.155,0.0608,0.054776151478290555,0.01793826464564948,0.006023848521709445,0.02505742385983467,0.02505742385983467,0.05781086906790733,0.05781086906790733,0.057821787893772125,0.057821787893772125,0.07387719303369522,0.07387719303369522,0.05931348353624344,0.05931348353624344
[hmim]__[BF4]__R1234yf__283.15__0.193,HFC_all,M0,R1234YF,HFO,HMIM,BF4,283.15,0.193,0.0772,0.06645650267601014,0.021194539119203427,0.010743497323989867,0.03312728554010391,0.03312728554010391,0.06960149109363556,0.06960149109363556,0.06692104041576385,0.06692104041576385,0.09213902056217194,0.09213902056217194,0.0704936757683754,0.0704936757683754
[hmim]__[BF4]__R1234yf__283.15__0.2342,HFC_all,M0,R1234YF,HFO,HMIM,BF4,283.15,0.2342,0.0962,0.0794547364115715,0.026778968257998862,0.016745263588428497,0.04175405204296112,0.04175405204296112,0.0813431665301323,0.0813431665301323,0.07538224756717682,0.07538224756717682,0.11716735363006592,0.11716735363006592,0.08162686228752136,0.08162686228752136
[hmim]__[BF4]__R1234yf__283.15__0.2766,HFC_all,M0,R1234YF,HFO,HMIM,BF4,283.15,0.2766,0.1165,0.09286870509386062,0.033854943428552005,0.023631294906139383,0.05073864758014679,0.05073864758014679,0.09220606088638306,0.09220606088638306,0.08328021317720413,0.08328021317720413,0.14499589800834656,0.14499589800834656,0.0931227058172226,0.0931227058172226
[hmim]__[BF4]__R1234yf__283.15__0.3157,HFC_all,M0,R1234YF,HFO,HMIM,BF4,283.15,0.3157,0.1388,0.10474297031760216,0.041389183540671164,0.03405702968239785,0.05932525172829628,0.05932525172829628,0.09988397359848022,0.09988397359848022,0.08992698043584824,0.08992698043584824,0.17213064432144165,0.17213064432144165,0.1024480015039444,0.1024480015039444
[hmim]__[BF4]__R1234yf__293.15__0.0582,HFC_all,M0,R1234YF,HFO,HMIM,BF4,293.15,0.0582,0.019,0.025614550709724425,0.013865749527429102,0.006614550709724425,0.0008332133293151855,0.0008332133293151855,0.031024422496557236,0.031024422496557236,0.032614223659038544,0.032614223659038544,0.03205401822924614,0.03205401822924614,0.03154687583446503,0.03154687583446503
[hmim]__[BF4]__R1234yf__293.15__0.1083,HFC_all,M0,R1234YF,HFO,HMIM,BF4,293.15,0.1083,0.0338,0.03698644638061523,0.016826747311572715,0.0031864463806152363,0.007040835916996002,0.007040835916996002,0.04238642007112503,0.04238642007112503,0.0451231524348259,0.0451231524348259,0.04689764976501465,0.04689764976501465,0.043484173715114594,0.043484173715114594
[hmim]__[BF4]__R1234yf__293.15__0.1579,HFC_all,M0,R1234YF,HFO,HMIM,BF4,293.15,0.1579,0.0494,0.04728260785341263,0.019733544758881935,0.00211739214658737,0.012722395360469818,0.012722395360469818,0.05187375470995903,0.05187375470995903,0.054768156260252,0.054768156260252,0.06260949373245239,0.06260949373245239,0.0544392392039299,0.0544392392039299
[hmim]__[BF4]__R1234yf__293.15__0.2049,HFC_all,M0,R1234YF,HFO,HMIM,BF4,293.15,0.2049,0.0646,0.057103196159005165,0.022846238515775174,0.0074968038409948395,0.017702924087643623,0.017702924087643623,0.06272408366203308,0.06272408366203308,0.06336777657270432,0.06336777657270432,0.07741992175579071,0.07741992175579071,0.0643012747168541,0.0643012747168541
[hmim]__[BF4]__R1234yf__293.15__0.2502,HFC_all,M0,R1234YF,HFO,HMIM,BF4,293.15,0.2502,0.0791,0.06657534129917622,0.026297995132956272,0.012524658700823782,0.022388124838471413,0.022388124838471413,0.07247067242860794,0.07247067242860794,0.07064507156610489,0.07064507156610489,0.09309206902980804,0.09309206902980804,0.0742807686328888,0.0742807686328888
[hmim]__[BF4]__R1234yf__293.15__0.2966,HFC_all,M0,R1234YF,HFO,HMIM,BF4,293.15,0.2966,0.0944,0.07684773430228234,0.030471439930556572,0.01755226569771766,0.02869834378361702,0.02869834378361702,0.08066003024578094,0.08066003024578094,0.07717546075582504,0.07717546075582504,0.113215871155262,0.113215871155262,0.08448896557092667,0.08448896557092667
[hmim]__[BF4]__R1234yf__293.15__0.3404,HFC_all,M0,R1234YF,HFO,HMIM,BF4,293.15,0.3404,0.1102,0.08656024038791657,0.03556590832071339,0.023639759612083436,0.03531932085752487,0.03531932085752487,0.08719521760940552,0.08719521760940552,0.08261851221323013,0.08261851221323013,0.13540302217006683,0.13540302217006683,0.09226512908935547,0.09226512908935547
[hmim]__[BF4]__R1234yf__303.15__0.0615,HFC_all,M0,R1234YF,HFO,HMIM,BF4,303.15,0.0615,0.0155,0.027427831664681435,0.013975697473146685,0.011927831664681435,0.0028048455715179443,0.0028048455715179443,0.03116348199546337,0.03116348199546337,0.03471449762582779,0.03471449762582779,0.037007495760917664,0.037007495760917664,0.031448837369680405,0.031448837369680405
[hmim]__[BF4]__R1234yf__303.15__0.1144,HFC_all,M0,R1234YF,HFO,HMIM,BF4,303.15,0.1144,0.0279,0.03619421049952507,0.01789522221037575,0.00829421049952507,0.004855021834373474,0.004855021834373474,0.039151016622781754,0.039151016622781754,0.04629208892583847,0.04629208892583847,0.04857218265533447,0.04857218265533447,0.04210074245929718,0.04210074245929718
[hmim]__[BF4]__R1234yf__303.15__0.1671,HFC_all,M0,R1234YF,HFO,HMIM,BF4,303.15,0.1671,0.0406,0.04277132451534271,0.020549348612255217,0.002171324515342715,0.0065573155879974365,0.0065573155879974365,0.04683294892311096,0.04683294892311096,0.05241004005074501,0.05241004005074501,0.05674975737929344,0.05674975737929344,0.05130656063556671,0.05130656063556671
[hmim]__[BF4]__R1234yf__303.15__0.2175,HFC_all,M0,R1234YF,HFO,HMIM,BF4,303.15,0.2175,0.0519,0.0497869074344635,0.023083751453290887,0.0021130925655365035,0.009116843342781067,0.009116843342781067,0.05491548031568527,0.05491548031568527,0.05917137488722801,0.05917137488722801,0.06609951704740524,0.06609951704740524,0.05963132157921791,0.05963132157921791
[hmim]__[BF4]__R1234yf__303.15__0.266,HFC_all,M0,R1234YF,HFO,HMIM,BF4,303.15,0.266,0.0632,0.0574017308652401,0.02584035165493141,0.005798269134759906,0.012210320681333542,0.012210320681333542,0.06398420035839081,0.06398420035839081,0.06565404683351517,0.06565404683351517,0.07789227366447449,0.07789227366447449,0.06726781278848648,0.06726781278848648
[hmim]__[BF4]__R1234yf__303.15__0.3155,HFC_all,M0,R1234YF,HFO,HMIM,BF4,303.15,0.3155,0.0762,0.06449792236089706,0.028438770254129827,0.011702077639102942,0.01592673361301422,0.01592673361301422,0.07072451710700989,0.07072451710700989,0.07098989933729172,0.07098989933729172,0.09114985167980194,0.09114985167980194,0.07369861006736755,0.07369861006736755
[hmim]__[BF4]__R1234yf__303.15__0.3627,HFC_all,M0,R1234YF,HFO,HMIM,BF4,303.15,0.3627,0.0887,0.07151667848229408,0.03126795086390985,0.01718332151770592,0.020374488085508347,0.020374488085508347,0.07619679719209671,0.07619679719209671,0.07545929402112961,0.07545929402112961,0.10607707500457764,0.10607707500457764,0.07947573810815811,0.07947573810815811
[hmim]__[BF4]__R1234yf__313.15__0.0646,HFC_all,M0,R1234YF,HFO,HMIM,BF4,313.15,0.0646,0.0129,0.02630014568567276,0.012572511258184692,0.013400145685672759,0.004634551703929901,0.004634551703929901,0.028414253145456314,0.028414253145456314,0.03269197419285774,0.03269197419285774,0.03681449964642525,0.03681449964642525,0.028945449739694595,0.028945449739694595
[hmim]__[BF4]__R1234yf__313.15__0.1204,HFC_all,M0,R1234YF,HFO,HMIM,BF4,313.15,0.1204,0.0228,0.03330908566713333,0.016410439386719284,0.010509085667133329,0.005199559032917023,0.005199559032917023,0.03368779644370079,0.03368779644370079,0.04255276545882225,0.04255276545882225,0.046463437378406525,0.046463437378406525,0.03864187002182007,0.03864187002182007
[hmim]__[BF4]__R1234yf__313.15__0.1757,HFC_all,M0,R1234YF,HFO,HMIM,BF4,313.15,0.1757,0.0337,0.03841912671923638,0.019373474359017033,0.004719126719236376,0.004843682050704956,0.004843682050704956,0.03934599459171295,0.03934599459171295,0.04833974689245224,0.04833974689245224,0.05265170708298683,0.05265170708298683,0.04691450297832489,0.04691450297832489
[hmim]__[BF4]__R1234yf__313.15__0.2285,HFC_all,M0,R1234YF,HFO,HMIM,BF4,313.15,0.2285,0.0438,0.0433419793844223,0.021661386946850797,0.0004580206155776964,0.005605965852737427,0.005605965852737427,0.045130014419555664,0.045130014419555664,0.0530061200261116,0.0530061200261116,0.05881233885884285,0.05881233885884285,0.05415545776486397,0.05415545776486397
[hmim]__[BF4]__R1234yf__313.15__0.2799,HFC_all,M0,R1234YF,HFO,HMIM,BF4,313.15,0.2799,0.053,0.04822106435894966,0.023799355935295453,0.004778935641050336,0.0066818967461586,0.0066818967461586,0.051229458302259445,0.051229458302259445,0.05783195421099663,0.05783195421099663,0.06588533520698547,0.06588533520698547,0.05947667732834816,0.05947667732834816
[hmim]__[BF4]__R1234yf__313.15__0.3326,HFC_all,M0,R1234YF,HFO,HMIM,BF4,313.15,0.3326,0.0631,0.05370430499315262,0.025924205981183435,0.009395695006847386,0.008652109652757645,0.008652109652757645,0.05828634276986122,0.05828634276986122,0.06273186206817627,0.06273186206817627,0.07498200237751007,0.07498200237751007,0.06386920809745789,0.06386920809745789
[hmim]__[BF4]__R1234yf__313.15__0.3828,HFC_all,M0,R1234YF,HFO,HMIM,BF4,313.15,0.3828,0.0736,0.05900085791945457,0.028350712940931277,0.014599142080545427,0.010611642152071,0.010611642152071,0.06393785029649734,0.06393785029649734,0.06677258014678955,0.06677258014678955,0.0855650082230568,0.0855650082230568,0.06811720877885818,0.06811720877885818
[hmim]__[BF4]__R1234yf__323.15__0.0676,HFC_all,M0,R1234YF,HFO,HMIM,BF4,323.15,0.0676,0.0106,0.024496068060398103,0.011262807580275626,0.013896068060398102,0.005522381514310837,0.005522381514310837,0.02537074312567711,0.02537074312567711,0.02925935760140419,0.02925935760140419,0.03534889221191406,0.03534889221191406,0.02697896584868431,0.02697896584868431
[hmim]__[BF4]__R1234yf__323.15__0.126,HFC_all,M0,R1234YF,HFO,HMIM,BF4,323.15,0.126,0.0191,0.030047263950109482,0.014385663710031074,0.010947263950109483,0.005835883319377899,0.005835883319377899,0.029169660061597824,0.029169660061597824,0.03744301199913025,0.03744301199913025,0.042741332203149796,0.042741332203149796,0.03504643216729164,0.03504643216729164
[hmim]__[BF4]__R1234yf__323.15__0.1838,HFC_all,M0,R1234YF,HFO,HMIM,BF4,323.15,0.1838,0.0282,0.03375313505530357,0.017213853719844623,0.0055531350553035715,0.004479117691516876,0.004479117691516876,0.032973699271678925,0.032973699271678925,0.041904281824827194,0.041904281824827194,0.04797497019171715,0.04797497019171715,0.041433606296777725,0.041433606296777725
[hmim]__[BF4]__R1234yf__323.15__0.2395,HFC_all,M0,R1234YF,HFO,HMIM,BF4,323.15,0.2395,0.0365,0.03714069128036499,0.01994479307563481,0.0006406912803649939,0.0029456540942192078,0.0029456540942192078,0.03690580278635025,0.03690580278635025,0.045848727226257324,0.045848727226257324,0.0527571439743042,0.0527571439743042,0.04724612832069397,0.04724612832069397
[hmim]__[BF4]__R1234yf__323.15__0.2933,HFC_all,M0,R1234YF,HFO,HMIM,BF4,323.15,0.2933,0.0444,0.040499497950077054,0.02206166047173324,0.003900502049922948,0.0025183595716953278,0.0025183595716953278,0.040992122143507004,0.040992122143507004,0.04960041120648384,0.04960041120648384,0.05771847069263458,0.05771847069263458,0.05166812613606453,0.05166812613606453
[hmim]__[BF4]__R1234yf__323.15__0.3489,HFC_all,M0,R1234YF,HFO,HMIM,BF4,323.15,0.3489,0.0531,0.044557064026594165,0.024428261436669315,0.008542935973405837,0.002490915358066559,0.002490915358066559,0.046151287853717804,0.046151287853717804,0.05392282456159592,0.05392282456159592,0.06476542353630066,0.06476542353630066,0.05545486882328987,0.05545486882328987
[hmim]__[BF4]__R1234yf__323.15__0.4019,HFC_all,M0,R1234YF,HFO,HMIM,BF4,323.15,0.4019,0.062,0.04880754426121712,0.026546721574820915,0.01319245573878288,0.0033411905169487,0.0033411905169487,0.051810938864946365,0.051810938864946365,0.05737332999706268,0.05737332999706268,0.07264170050621033,0.07264170050621033,0.05887056142091751,0.05887056142091751
[hmim]__[BF4]__R1234yf__333.15__0.0705,HFC_all,M0,R1234YF,HFO,HMIM,BF4,333.15,0.0705,0.0087,0.022769375145435332,0.010388614692110491,0.014069375145435332,0.005629952996969223,0.005629952996969223,0.023498859256505966,0.023498859256505966,0.025716446340084076,0.025716446340084076,0.03386496379971504,0.03386496379971504,0.02513665333390236,0.02513665333390236
[hmim]__[BF4]__R1234yf__333.15__0.1313,HFC_all,M0,R1234YF,HFO,HMIM,BF4,333.15,0.1313,0.0159,0.027397773414850234,0.01315214663222166,0.011497773414850233,0.005674641579389572,0.005674641579389572,0.025789301842451096,0.025789301842451096,0.033176127821207047,0.033176127821207047,0.040046513080596924,0.040046513080596924,0.03230228275060654,0.03230228275060654
[hmim]__[BF4]__R1234yf__333.15__0.1918,HFC_all,M0,R1234YF,HFO,HMIM,BF4,333.15,0.1918,0.0238,0.029796571284532548,0.015792675211667898,0.005996571284532546,0.003551691770553589,0.003551691770553589,0.027941036969423294,0.027941036969423294,0.0363500639796257,0.0363500639796257,0.04446326196193695,0.04446326196193695,0.0366768017411232,0.0366768017411232
[hmim]__[BF4]__R1234yf__333.15__0.2499,HFC_all,M0,R1234YF,HFO,HMIM,BF4,333.15,0.2499,0.0308,0.03195081651210785,0.018625469967743346,0.0011508165121078481,0.000615045428276062,0.000615045428276062,0.03042067214846611,0.03042067214846611,0.039587222039699554,0.039587222039699554,0.048224933445453644,0.048224933445453644,0.040906209498643875,0.040906209498643875
[hmim]__[BF4]__R1234yf__333.15__0.3057,HFC_all,M0,R1234YF,HFO,HMIM,BF4,333.15,0.3057,0.0376,0.034713858366012575,0.020479341384162453,0.002886141633987427,-0.001180022954940796,0.0,0.03380483388900757,0.03380483388900757,0.04313844442367554,0.04313844442367554,0.05224289745092392,0.05224289745092392,0.04438311606645584,0.04438311606645584
[hmim]__[BF4]__R1234yf__333.15__0.3644,HFC_all,M0,R1234YF,HFO,HMIM,BF4,333.15,0.3644,0.0454,0.03800973370671272,0.02238673286111288,0.007390266293287283,-0.0015167444944381714,0.0,0.03786851465702057,0.03786851465702057,0.04651683196425438,0.04651683196425438,0.05773847550153732,0.05773847550153732,0.04792484641075134,0.04792484641075134
[hmim]__[BF4]__R1234yf__333.15__0.42,HFC_all,M0,R1234YF,HFO,HMIM,BF4,333.15,0.42,0.0531,0.04131714850664139,0.024427298020901433,0.011782851493358615,-0.0009378232061862946,0.0,0.0419907420873642,0.0419907420873642,0.049642130732536316,0.049642130732536316,0.06409688293933868,0.06409688293933868,0.05085598677396774,0.05085598677396774
[hmim]__[BF4]__R1234yf__343.15__0.0737,HFC_all,M0,R1234YF,HFO,HMIM,BF4,343.15,0.0737,0.0063,0.021495121717453002,0.00967745944864022,0.015195121717453002,0.006048530340194702,0.006048530340194702,0.022140655666589737,0.022140655666589737,0.022169247269630432,0.022169247269630432,0.03276331350207329,0.03276331350207329,0.024353861808776855,0.024353861808776855
[hmim]__[BF4]__R1234yf__343.15__0.1366,HFC_all,M0,R1234YF,HFO,HMIM,BF4,343.15,0.1366,0.0128,0.025425858795642853,0.0123477361144852,0.012625858795642852,0.005395140498876572,0.005395140498876572,0.02413252368569374,0.02413252368569374,0.028737887740135193,0.028737887740135193,0.038541488349437714,0.038541488349437714,0.030322253704071045,0.030322253704071045
[hmim]__[BF4]__R1234yf__343.15__0.1998,HFC_all,M0,R1234YF,HFO,HMIM,BF4,343.15,0.1998,0.0192,0.02689080685377121,0.014959374683632717,0.007690806853771211,0.002513449639081955,0.002513449639081955,0.02464039996266365,0.02464039996266365,0.03207036480307579,0.03207036480307579,0.04202915355563164,0.04202915355563164,0.033200666308403015,0.033200666308403015
[hmim]__[BF4]__R1234yf__343.15__0.2602,HFC_all,M0,R1234YF,HFO,HMIM,BF4,343.15,0.2602,0.0255,0.028063727915287016,0.016941484057510472,0.002563727915287018,-0.0005061626434326172,0.0,0.02626125141978264,0.02626125141978264,0.034452617168426514,0.034452617168426514,0.04432033374905586,0.04432033374905586,0.035284437239170074,0.035284437239170074
[hmim]__[BF4]__R1234yf__343.15__0.3146,HFC_all,M0,R1234YF,HFO,HMIM,BF4,343.15,0.3146,0.0315,0.030194728076457976,0.01813664881456735,0.0013052719235420243,-0.0033107995986938477,0.0,0.028582528233528137,0.028582528233528137,0.03681260347366333,0.03681260347366333,0.04728318750858307,0.04728318750858307,0.03829532116651535,0.03829532116651535
[hmim]__[BF4]__R1234yf__343.15__0.3798,HFC_all,M0,R1234YF,HFO,HMIM,BF4,343.15,0.3798,0.038,0.033009084314107894,0.019840333195097936,0.0049909156858921055,-0.004694037139415741,0.0,0.031679362058639526,0.031679362058639526,0.03947547823190689,0.03947547823190689,0.05209007114171982,0.05209007114171982,0.04180051013827324,0.04180051013827324
[hmim]__[BF4]__R1234yf__343.15__0.4384,HFC_all,M0,R1234YF,HFO,HMIM,BF4,343.15,0.4384,0.0441,0.03575860857963562,0.02155614516105079,0.008341391420364379,-0.0045508891344070435,0.0,0.03514500707387924,0.03514500707387924,0.041723303496837616,0.041723303496837616,0.057354897260665894,0.057354897260665894,0.04456983506679535,0.04456983506679535
[hmim]__[BF4]__R1234yf__303.2__0.109,HFC_all,M0,R1234YF,HFO,HMIM,BF4,303.2,0.109,0.027,0.03540019169449806,0.017562080737125407,0.008400191694498061,0.004628945142030716,0.004628945142030716,0.03853115439414978,0.03853115439414978,0.045371249318122864,0.045371249318122864,0.04751439392566681,0.04751439392566681,0.04095521569252014,0.04095521569252014
[hmim]__[BF4]__R1234yf__303.27__0.186,HFC_all,M0,R1234YF,HFO,HMIM,BF4,303.27,0.186,0.048,0.04514688551425934,0.021409326095348347,0.00285311448574066,0.00740697979927063,0.00740697979927063,0.04948410764336586,0.04948410764336586,0.05453238636255264,0.05453238636255264,0.059784624725580215,0.059784624725580215,0.054526329040527344,0.054526329040527344
[hmim]__[BF4]__R1234yf__303.38__0.301,HFC_all,M0,R1234YF,HFO,HMIM,BF4,303.38,0.301,0.085,0.062232795357704165,0.027658201451589707,0.02276720464229584,0.014581665396690369,0.014581665396690369,0.0686894953250885,0.0686894953250885,0.06931175291538239,0.06931175291538239,0.08689121901988983,0.08689121901988983,0.07168984413146973,0.07168984413146973
[hmim]__[BF4]__R1234yf__303.8__0.371,HFC_all,M0,R1234YF,HFO,HMIM,BF4,303.8,0.371,0.113,0.07171391062438488,0.03157150176428474,0.04128608937561512,0.020257143303751945,0.020257143303751945,0.07624919712543488,0.07624919712543488,0.0755491629242897,0.0755491629242897,0.10696378350257874,0.10696378350257874,0.07955026626586914,0.07955026626586914
[hmim]__[BF4]__R1234yf__303.36__0.444,HFC_all,M0,R1234YF,HFO,HMIM,BF4,303.36,0.444,0.149,0.08344894237816333,0.03796071726534493,0.06555105762183666,0.027817564085125923,0.027817564085125923,0.08417616784572601,0.08417616784572601,0.08173764497041702,0.08173764497041702,0.13481205701828003,0.13481205701828003,0.0887012779712677,0.0887012779712677
[hmim]__[BF4]__R1234yf__313.2__0.121,HFC_all,M0,R1234YF,HFO,HMIM,BF4,313.2,0.121,0.024,0.03334670290350914,0.01643256956084347,0.009346702903509141,0.005200851708650589,0.005200851708650589,0.03370329365134239,0.03370329365134239,0.04260042682290077,0.04260042682290077,0.04651234298944473,0.04651234298944473,0.038716599345207214,0.038716599345207214
[hmim]__[BF4]__R1234yf__313.24__0.207,HFC_all,M0,R1234YF,HFO,HMIM,BF4,313.24,0.207,0.042,0.04129350706934929,0.020716190518525527,0.0007064929306507123,0.005231242626905441,0.005231242626905441,0.04282604157924652,0.04282604157924652,0.050973087549209595,0.050973087549209595,0.05610053241252899,0.05610053241252899,0.051336631178855896,0.051336631178855896
[hmim]__[BF4]__R1234yf__313.2__0.333,HFC_all,M0,R1234YF,HFO,HMIM,BF4,313.2,0.333,0.077,0.05368533357977867,0.02592865546776834,0.023314666420221328,0.008627746254205704,0.008627746254205704,0.05825897306203842,0.05825897306203842,0.06271570920944214,0.06271570920944214,0.07497382164001465,0.07497382164001465,0.06385041773319244,0.06385041773319244
[hmim]__[BF4]__R1234yf__313.19__0.408,HFC_all,M0,R1234YF,HFO,HMIM,BF4,313.19,0.408,0.104,0.061618159711360934,0.02953679600730658,0.04238184028863906,0.011902734637260437,0.011902734637260437,0.0662240982055664,0.0662240982055664,0.0685596913099289,0.0685596913099289,0.09119665622711182,0.09119665622711182,0.0702076181769371,0.0702076181769371
[hmim]__[BF4]__R1234yf__313.2__0.492,HFC_all,M0,R1234YF,HFO,HMIM,BF4,313.2,0.492,0.14,0.0714428849518299,0.03462640559212939,0.06855711504817011,0.01738109067082405,0.01738109067082405,0.07429984211921692,0.07429984211921692,0.07375506311655045,0.07375506311655045,0.11411721259355545,0.11411721259355545,0.07766121625900269,0.07766121625900269
[hmim]__[BF4]__R1234yf__323.22__0.134,HFC_all,M0,R1234YF,HFO,HMIM,BF4,323.22,0.134,0.02,0.030483818054199217,0.01474490731290152,0.010483818054199217,0.005667317658662796,0.005667317658662796,0.029472753405570984,0.029472753405570984,0.03807750716805458,0.03807750716805458,0.04339990019798279,0.04339990019798279,0.035801611840724945,0.035801611840724945
[hmim]__[BF4]__R1234yf__323.22__0.225,HFC_all,M0,R1234YF,HFO,HMIM,BF4,323.22,0.225,0.037,0.03623489886522293,0.01929608307709221,0.0007651011347770686,0.0032432973384857178,0.0032432973384857178,0.03571203351020813,0.03571203351020813,0.04482261836528778,0.04482261836528778,0.05154571309685707,0.05154571309685707,0.045850832015275955,0.045850832015275955
[hmim]__[BF4]__R1234yf__323.26__0.35,HFC_all,M0,R1234YF,HFO,HMIM,BF4,323.26,0.35,0.071,0.044544310122728345,0.02444914417751344,0.02645568987727165,0.002450842410326004,0.002450842410326004,0.04613534361124039,0.04613534361124039,0.05389619991183281,0.05389619991183281,0.06481080502271652,0.06481080502271652,0.055428359657526016,0.055428359657526016
[hmim]__[BF4]__R1234yf__323.17__0.446,HFC_all,M0,R1234YF,HFO,HMIM,BF4,323.17,0.446,0.095,0.05232608914375305,0.028152890817966986,0.04267391085624695,0.004737153649330139,0.004737153649330139,0.05564224347472191,0.05564224347472191,0.06011897325515747,0.06011897325515747,0.07974527776241302,0.07974527776241302,0.061386797577142715,0.061386797577142715
[hmim]__[BF4]__R1234yf__323.19__0.539,HFC_all,M0,R1234YF,HFO,HMIM,BF4,323.19,0.539,0.131,0.06061749756336212,0.031504388877913535,0.07038250243663788,0.010256752371788025,0.010256752371788025,0.06313075125217438,0.06313075125217438,0.06499521434307098,0.06499521434307098,0.0975775271654129,0.0975775271654129,0.06712724268436432,0.06712724268436432
[hmim]__[BF4]__R1234yf__333.22__0.146,HFC_all,M0,R1234YF,HFO,HMIM,BF4,333.22,0.146,0.017,0.027947214990854265,0.013720720984786033,0.010947214990854263,0.00527113676071167,0.00527113676071167,0.026175644248723984,0.026175644248723984,0.03406481817364693,0.03406481817364693,0.04100257158279419,0.04100257158279419,0.033221904188394547,0.033221904188394547
[hmim]__[BF4]__R1234yf__333.22__0.243,HFC_all,M0,R1234YF,HFO,HMIM,BF4,333.22,0.243,0.033,0.03165554255247116,0.018280664327290537,0.0013444574475288407,0.0009522624313831329,0.0009522624313831329,0.030038129538297653,0.030038129538297653,0.03912607207894325,0.03912607207894325,0.04774458333849907,0.04774458333849907,0.0404166653752327,0.0404166653752327
[hmim]__[BF4]__R1234yf__332.47__0.375,HFC_all,M0,R1234YF,HFO,HMIM,BF4,332.47,0.375,0.065,0.03907976150512695,0.022994127136173815,0.02592023849487305,-0.001226760447025299,0.0,0.039265841245651245,0.039265841245651245,0.04764141887426376,0.04764141887426376,0.05945822596549988,0.05945822596549988,0.04903332144021988,0.04903332144021988
[hmim]__[BF4]__R1234yf__333.13__0.482,HFC_all,M0,R1234YF,HFO,HMIM,BF4,333.13,0.482,0.087,0.04513627141714096,0.026692580933579797,0.041863728582859035,0.00046103447675704956,0.00046103447675704956,0.04666217416524887,0.04666217416524887,0.05264517292380333,0.05264517292380333,0.07190820574760437,0.07190820574760437,0.054004769772291183,0.054004769772291183
[hmim]__[BF4]__R1234yf__333.19__0.582,HFC_all,M0,R1234YF,HFO,HMIM,BF4,333.19,0.582,0.124,0.05217127874493599,0.02940874070604623,0.07182872125506401,0.0049063898622989655,0.0049063898622989655,0.05400388687849045,0.05400388687849045,0.056855231523513794,0.056855231523513794,0.08614719659090042,0.08614719659090042,0.05894368886947632,0.05894368886947632
[hmim]__[BF4]__R1234yf__343.22__0.157,HFC_all,M0,R1234YF,HFO,HMIM,BF4,343.22,0.157,0.015,0.025967484712600707,0.013126781866193808,0.010967484712600707,0.004683464765548706,0.004683464765548706,0.024067167192697525,0.024067167192697525,0.030001800507307053,0.030001800507307053,0.03960399329662323,0.03960399329662323,0.031480997800827026,0.031480997800827026
[hmim]__[BF4]__R1234yf__343.22__0.26,HFC_all,M0,R1234YF,HFO,HMIM,BF4,343.22,0.26,0.03,0.028032198548316956,0.016924399420318287,0.0019678014516830433,-0.0004977844655513763,0.0,0.026232071220874786,0.026232071220874786,0.03440781310200691,0.03440781310200691,0.04428490251302719,0.04428490251302719,0.03523620590567589,0.03523620590567589
[hmim]__[BF4]__R1234yf__343.23__0.404,HFC_all,M0,R1234YF,HFO,HMIM,BF4,343.23,0.404,0.057,0.03406819999217987,0.020495172788038953,0.02293180000782013,-0.004893302917480469,0.0,0.033029019832611084,0.033029019832611084,0.04032253473997116,0.04032253473997116,0.054112572222948074,0.054112572222948074,0.042876873165369034,0.042876873165369034
[hmim]__[BF4]__R1234yf__343.2__0.515,HFC_all,M0,R1234YF,HFO,HMIM,BF4,343.2,0.515,0.081,0.039572767168283465,0.024239778370785135,0.04142723283171654,-0.0026913732290267944,0.0,0.039285071194171906,0.039285071194171906,0.045157548040151596,0.045157548040151596,0.06580950319766998,0.06580950319766998,0.04761171340942383,0.04761171340942383
[hmim]__[BF4]__R1234yf__343.2__0.622,HFC_all,M0,R1234YF,HFO,HMIM,BF4,343.2,0.622,0.117,0.04580680355429649,0.02797660928210202,0.07119319644570352,0.0012616440653800964,0.0012616440653800964,0.04685518890619278,0.04685518890619278,0.04974111169576645,0.04974111169576645,0.07876603305339813,0.07876603305339813,0.05241004005074501,0.05241004005074501
[hmim]__[BF4]__R1234yf__353.23__0.167,HFC_all,M0,R1234YF,HFO,HMIM,BF4,353.23,0.167,0.012,0.024112408608198167,0.012622359768619694,0.012112408608198167,0.004335939884185791,0.004335939884185791,0.022401880472898483,0.022401880472898483,0.02547498047351837,0.02547498047351837,0.03858531266450882,0.03858531266450882,0.029763929545879364,0.029763929545879364
[hmim]__[BF4]__R1234yf__353.23__0.277,HFC_all,M0,R1234YF,HFO,HMIM,BF4,353.23,0.277,0.026,0.025429222732782364,0.015548709928024132,0.0005707772672176349,-0.0015624985098838806,0.0,0.02375144511461258,0.02375144511461258,0.03012269362807274,0.03012269362807274,0.041346475481987,0.041346475481987,0.0319254994392395,0.0319254994392395
[hmim]__[BF4]__R1234yf__353.22__0.425,HFC_all,M0,R1234YF,HFO,HMIM,BF4,353.22,0.425,0.052,0.03024147152900696,0.018619126821886697,0.02175852847099304,-0.00647113099694252,0.0,0.029098816215991974,0.029098816215991974,0.034011490643024445,0.034011490643024445,0.0501866340637207,0.0501866340637207,0.03791041672229767,0.03791041672229767
[hmim]__[BF4]__R1234yf__353.22__0.547,HFC_all,M0,R1234YF,HFO,HMIM,BF4,353.22,0.547,0.076,0.03554372191429138,0.02227615487937924,0.04045627808570862,-0.005362663418054581,0.0,0.035187602043151855,0.035187602043151855,0.038264013826847076,0.038264013826847076,0.061177391558885574,0.061177391558885574,0.0430896021425724,0.0430896021425724
[hmim]__[BF4]__R1234yf__353.2__0.66,HFC_all,M0,R1234YF,HFO,HMIM,BF4,353.2,0.66,0.111,0.04068400636315346,0.026091178961462774,0.07031599363684654,-0.0018214471638202667,0.0,0.041657499969005585,0.041657499969005585,0.043029069900512695,0.043029069900512695,0.0728440210223198,0.0728440210223198,0.045889440923929214,0.045889440923929214
[hmim]__[BF4]__R1234ze(E)__283.15__0.044,HFC_all,M0,R1234ZE(E),HFO,HMIM,BF4,283.15,0.044,0.0511,0.04611777812242508,0.013546700795988255,0.0049822218775749175,0.027425959706306458,0.027425959706306458,0.04375722259283066,0.04375722259283066,0.04555370658636093,0.04555370658636093,0.06544487923383713,0.06544487923383713,0.04840712249279022,0.04840712249279022
[hmim]__[BF4]__R1234ze(E)__283.15__0.082,HFC_all,M0,R1234ZE(E),HFO,HMIM,BF4,283.15,0.082,0.099,0.06432511433959007,0.02052060166153528,0.03467488566040994,0.03897600248456001,0.03897600248456001,0.060169823467731476,0.060169823467731476,0.06060778349637985,0.06060778349637985,0.09608319401741028,0.09608319401741028,0.06578876823186874,0.06578876823186874
[hmim]__[BF4]__R1234ze(E)__283.15__0.117,HFC_all,M0,R1234ZE(E),HFO,HMIM,BF4,283.15,0.117,0.1503,0.08256804198026657,0.03041436507039049,0.06773195801973342,0.04964076727628708,0.04964076727628708,0.07674281299114227,0.07674281299114227,0.07398011535406113,0.07398011535406113,0.13257914781570435,0.13257914781570435,0.07989736646413803,0.07989736646413803
[hmim]__[BF4]__R1234ze(E)__283.15__0.15,HFC_all,M0,R1234ZE(E),HFO,HMIM,BF4,283.15,0.15,0.195,0.10189333483576775,0.04324264127747151,0.09310666516423226,0.06149674579501152,0.06149674579501152,0.09204774349927902,0.09204774349927902,0.08629947155714035,0.08629947155714035,0.17568019032478333,0.17568019032478333,0.09394252300262451,0.09394252300262451
[hmim]__[BF4]__R1234ze(E)__283.15__0.18,HFC_all,M0,R1234ZE(E),HFO,HMIM,BF4,283.15,0.18,0.2387,0.11913318634033203,0.05726400206020775,0.11956681365966797,0.07120086252689362,0.07120086252689362,0.10423798859119415,0.10423798859119415,0.09572041034698486,0.09572041034698486,0.2185136079788208,0.2185136079788208,0.10599306225776672,0.10599306225776672
[hmim]__[BF4]__R1234ze(E)__283.15__0.21,HFC_all,M0,R1234ZE(E),HFO,HMIM,BF4,283.15,0.21,0.2827,0.13511032462120057,0.07060121380197784,0.14758967537879944,0.08034366369247437,0.08034366369247437,0.11552241444587708,0.11552241444587708,0.10419099032878876,0.10419099032878876,0.25866183638572693,0.25866183638572693,0.11683271825313568,0.11683271825313568
[hmim]__[BF4]__R1234ze(E)__283.15__0.237,HFC_all,M0,R1234ZE(E),HFO,HMIM,BF4,283.15,0.237,0.3241,0.14880812913179398,0.08207529959729859,0.17529187086820602,0.08832032978534698,0.08832032978534698,0.12457586079835892,0.12457586079835892,0.11189813911914825,0.11189813911914825,0.2931101620197296,0.2931101620197296,0.1261361539363861,0.1261361539363861
[hmim]__[BF4]__R1234ze(E)__293.15__0.049,HFC_all,M0,R1234ZE(E),HFO,HMIM,BF4,293.15,0.049,0.0437,0.04853410832583904,0.016913332903071867,0.00483410832583904,0.02100283093750477,0.02100283093750477,0.051324766129255295,0.051324766129255295,0.050609856843948364,0.050609856843948364,0.06752576678991318,0.06752576678991318,0.05220732092857361,0.05220732092857361
[hmim]__[BF4]__R1234ze(E)__293.15__0.091,HFC_all,M0,R1234ZE(E),HFO,HMIM,BF4,293.15,0.091,0.0852,0.06234239712357521,0.021380662232801256,0.022857602876424785,0.029313061386346817,0.029313061386346817,0.06378631293773651,0.06378631293773651,0.06441574543714523,0.06441574543714523,0.08925838768482208,0.08925838768482208,0.06493847817182541,0.06493847817182541
[hmim]__[BF4]__R1234ze(E)__293.15__0.133,HFC_all,M0,R1234ZE(E),HFO,HMIM,BF4,293.15,0.133,0.1233,0.07569870799779892,0.026647826741090033,0.04760129200220109,0.03727705031633377,0.03727705031633377,0.07516461610794067,0.07516461610794067,0.07542947679758072,0.07542947679758072,0.11255279928445816,0.11255279928445816,0.07806959748268127,0.07806959748268127
[hmim]__[BF4]__R1234ze(E)__293.15__0.173,HFC_all,M0,R1234ZE(E),HFO,HMIM,BF4,293.15,0.173,0.1604,0.0902367278933525,0.03494294953647822,0.07016327210664748,0.04446375370025635,0.04446375370025635,0.08881901949644089,0.08881901949644089,0.08523157238960266,0.08523157238960266,0.14278846979141235,0.14278846979141235,0.08988082408905029,0.08988082408905029
[hmim]__[BF4]__R1234ze(E)__293.15__0.21,HFC_all,M0,R1234ZE(E),HFO,HMIM,BF4,293.15,0.21,0.1959,0.10471933335065842,0.04668031940191848,0.09118066664934157,0.05018538236618042,0.05018538236618042,0.10086706280708313,0.10086706280708313,0.09296608716249466,0.09296608716249466,0.1793460249900818,0.1793460249900818,0.10023210942745209,0.10023210942745209
[hmim]__[BF4]__R1234ze(E)__293.15__0.247,HFC_all,M0,R1234ZE(E),HFO,HMIM,BF4,293.15,0.247,0.2327,0.11953375414013863,0.05922300580563141,0.11316624585986136,0.05765461549162865,0.05765461549162865,0.11066101491451263,0.11066101491451263,0.10048004239797592,0.10048004239797592,0.2179442048072815,0.2179442048072815,0.11092889308929443,0.11092889308929443
[hmim]__[BF4]__R1234ze(E)__293.15__0.282,HFC_all,M0,R1234ZE(E),HFO,HMIM,BF4,293.15,0.282,0.268,0.13304974436759948,0.07162417313544481,0.13495025563240054,0.06546404212713242,0.06546404212713242,0.11839939653873444,0.11839939653873444,0.10670991986989975,0.10670991986989975,0.25497451424598694,0.25497451424598694,0.1197008490562439,0.1197008490562439
[hmim]__[BF4]__R1234ze(E)__303.15__0.053,HFC_all,M0,R1234ZE(E),HFO,HMIM,BF4,303.15,0.053,0.0367,0.048916105553507803,0.01928439518790993,0.0122161055535078,0.018844416365027428,0.018844416365027428,0.051269564777612686,0.051269564777612686,0.05192463472485542,0.05192463472485542,0.07274637371301651,0.07274637371301651,0.04979553818702698,0.04979553818702698
[hmim]__[BF4]__R1234ze(E)__303.15__0.101,HFC_all,M0,R1234ZE(E),HFO,HMIM,BF4,303.15,0.101,0.0689,0.06133061163127422,0.023897226842854752,0.007569388368725782,0.025078559294342995,0.025078559294342995,0.0624530054628849,0.0624530054628849,0.06499031186103821,0.06499031186103821,0.09223572909832001,0.09223572909832001,0.061895452439785004,0.061895452439785004
[hmim]__[BF4]__R1234ze(E)__303.15__0.149,HFC_all,M0,R1234ZE(E),HFO,HMIM,BF4,303.15,0.149,0.1001,0.07074657566845417,0.026091128465978504,0.02935342433154582,0.03093983419239521,0.03093983419239521,0.07107239961624146,0.07107239961624146,0.0737258642911911,0.0737258642911911,0.10421653091907501,0.10421653091907501,0.07377824932336807,0.07377824932336807
[hmim]__[BF4]__R1234ze(E)__303.15__0.193,HFC_all,M0,R1234ZE(E),HFO,HMIM,BF4,303.15,0.193,0.1301,0.08039731681346893,0.03011928915448326,0.049702683186531066,0.034945182502269745,0.034945182502269745,0.08254388719797134,0.08254388719797134,0.08101096749305725,0.08101096749305725,0.11972250789403915,0.11972250789403915,0.08376403898000717,0.08376403898000717
[hmim]__[BF4]__R1234ze(E)__303.15__0.236,HFC_all,M0,R1234ZE(E),HFO,HMIM,BF4,303.15,0.236,0.1591,0.09156258925795555,0.037114269939277925,0.06753741074204445,0.03930142894387245,0.03930142894387245,0.09352700412273407,0.09352700412273407,0.08786734938621521,0.08786734938621521,0.14408862590789795,0.14408862590789795,0.09302853792905807,0.09302853792905807
[hmim]__[BF4]__R1234ze(E)__303.15__0.28,HFC_all,M0,R1234ZE(E),HFO,HMIM,BF4,303.15,0.28,0.1894,0.10378338918089866,0.04757756406549849,0.08561661081910135,0.04376321658492088,0.04376321658492088,0.1025473102927208,0.1025473102927208,0.0940861850976944,0.0940861850976944,0.1769384741783142,0.1769384741783142,0.10158175975084305,0.10158175975084305
[hmim]__[BF4]__R1234ze(E)__303.15__0.321,HFC_all,M0,R1234ZE(E),HFO,HMIM,BF4,303.15,0.321,0.2184,0.11484155803918839,0.05819927605623806,0.10355844196081163,0.04912284016609192,0.04912284016609192,0.1088913232088089,0.1088913232088089,0.09871003776788712,0.09871003776788712,0.20913812518119812,0.20913812518119812,0.10834546387195587,0.10834546387195587
[hmim]__[BF4]__R1234ze(E)__313.15__0.057,HFC_all,M0,R1234ZE(E),HFO,HMIM,BF4,313.15,0.057,0.0307,0.04666353203356266,0.018866936706554725,0.01596353203356266,0.018926313146948814,0.018926313146948814,0.04676642268896103,0.04676642268896103,0.04971357062458992,0.04971357062458992,0.07205118983983994,0.07205118983983994,0.0458601638674736,0.0458601638674736
[hmim]__[BF4]__R1234ze(E)__313.15__0.11,HFC_all,M0,R1234ZE(E),HFO,HMIM,BF4,313.15,0.11,0.056,0.05661980360746384,0.022287578350398005,0.0006198036074638383,0.023383289575576782,0.023383289575576782,0.05537106841802597,0.05537106841802597,0.06102372705936432,0.06102372705936432,0.08595874905586243,0.08595874905586243,0.057362183928489685,0.057362183928489685
[hmim]__[BF4]__R1234ze(E)__313.15__0.162,HFC_all,M0,R1234ZE(E),HFO,HMIM,BF4,313.15,0.162,0.0813,0.06412509456276894,0.024254257423827776,0.01717490543723106,0.027263645082712173,0.027263645082712173,0.063283771276474,0.063283771276474,0.06774735450744629,0.06774735450744629,0.09530289471149445,0.09530289471149445,0.06702780723571777,0.06702780723571777
[hmim]__[BF4]__R1234ze(E)__313.15__0.212,HFC_all,M0,R1234ZE(E),HFO,HMIM,BF4,313.15,0.212,0.1058,0.07143064327538014,0.027743517261541083,0.03436935672461987,0.02902919240295887,0.02902919240295887,0.07109558582305908,0.07109558582305908,0.07410495728254318,0.07410495728254318,0.10681058466434479,0.10681058466434479,0.07611289620399475,0.07611289620399475
[hmim]__[BF4]__R1234ze(E)__313.15__0.259,HFC_all,M0,R1234ZE(E),HFO,HMIM,BF4,313.15,0.259,0.1295,0.07853646166622638,0.031920634127450484,0.05096353833377362,0.03097997047007084,0.03097997047007084,0.0786912813782692,0.0786912813782692,0.07926267385482788,0.07926267385482788,0.12090360373258591,0.12090360373258591,0.08284477889537811,0.08284477889537811
[hmim]__[BF4]__R1234ze(E)__313.15__0.308,HFC_all,M0,R1234ZE(E),HFO,HMIM,BF4,313.15,0.308,0.1543,0.0870799757540226,0.03821570877764233,0.0672200242459774,0.03387207165360451,0.03387207165360451,0.08699803054332733,0.08699803054332733,0.08410795032978058,0.08410795032978058,0.14184868335723877,0.14184868335723877,0.0885731428861618,0.0885731428861618
[hmim]__[BF4]__R1234ze(E)__313.15__0.355,HFC_all,M0,R1234ZE(E),HFO,HMIM,BF4,313.15,0.355,0.1782,0.09599443301558494,0.04627302025945118,0.08220556698441506,0.03635493293404579,0.03635493293404579,0.09467218816280365,0.09467218816280365,0.08841851353645325,0.08841851353645325,0.1663191318511963,0.1663191318511963,0.09420739859342575,0.09420739859342575
[hmim]__[BF4]__R1234ze(E)__323.15__0.062,HFC_all,M0,R1234ZE(E),HFO,HMIM,BF4,323.15,0.062,0.0248,0.04357742182910442,0.016968422835458866,0.018777421829104423,0.01950584165751934,0.01950584165751934,0.042446888983249664,0.042446888983249664,0.04653840512037277,0.04653840512037277,0.06724567711353302,0.06724567711353302,0.04215029627084732,0.04215029627084732
[hmim]__[BF4]__R1234ze(E)__323.15__0.118,HFC_all,M0,R1234ZE(E),HFO,HMIM,BF4,323.15,0.118,0.0454,0.051213476434350015,0.020109185136387375,0.005813476434350012,0.021837012842297554,0.021837012842297554,0.04889463633298874,0.04889463633298874,0.05545802414417267,0.05545802414417267,0.07825004309415817,0.07825004309415817,0.051627665758132935,0.051627665758132935
[hmim]__[BF4]__R1234ze(E)__323.15__0.174,HFC_all,M0,R1234ZE(E),HFO,HMIM,BF4,323.15,0.174,0.0667,0.056721397861838344,0.022365103973826166,0.009978602138161652,0.02306981198489666,0.02306981198489666,0.05463893339037895,0.05463893339037895,0.06019260734319687,0.06019260734319687,0.08572781085968018,0.08572781085968018,0.05997782573103905,0.05997782573103905
[hmim]__[BF4]__R1234ze(E)__323.15__0.228,HFC_all,M0,R1234ZE(E),HFO,HMIM,BF4,323.15,0.228,0.0868,0.06157982125878334,0.025163588935787202,0.02522017874121666,0.023491155356168747,0.023491155356168747,0.059460923075675964,0.059460923075675964,0.06455026566982269,0.06455026566982269,0.09389990568161011,0.09389990568161011,0.06649685651063919,0.06649685651063919
[hmim]__[BF4]__R1234ze(E)__323.15__0.279,HFC_all,M0,R1234ZE(E),HFO,HMIM,BF4,323.15,0.279,0.1063,0.06696855165064335,0.028804634192237492,0.03933144834935666,0.023939834907650948,0.023939834907650948,0.06538913398981094,0.06538913398981094,0.06870520114898682,0.06870520114898682,0.10487949848175049,0.10487949848175049,0.07192908972501755,0.07192908972501755
[hmim]__[BF4]__R1234ze(E)__323.15__0.333,HFC_all,M0,R1234ZE(E),HFO,HMIM,BF4,323.15,0.333,0.1266,0.07311267144978047,0.0333805421268049,0.05348732855021952,0.025184156373143196,0.025184156373143196,0.07188881933689117,0.07188881933689117,0.07261408120393753,0.07261408120393753,0.11945029348134995,0.11945029348134995,0.07642600685358047,0.07642600685358047
[hmim]__[BF4]__R1234ze(E)__323.15__0.384,HFC_all,M0,R1234ZE(E),HFO,HMIM,BF4,323.15,0.384,0.1464,0.0797081258147955,0.03892939983677695,0.0666918741852045,0.02660599909722805,0.02660599909722805,0.07853595912456512,0.07853595912456512,0.07654593139886856,0.07654593139886856,0.13654494285583496,0.13654494285583496,0.08030779659748077,0.08030779659748077
[hmim]__[BF4]__R1234ze(E)__333.15__0.066,HFC_all,M0,R1234ZE(E),HFO,HMIM,BF4,333.15,0.066,0.0201,0.03988275267183781,0.01492918944421479,0.01978275267183781,0.01876099966466427,0.01876099966466427,0.038518551737070084,0.038518551737070084,0.04198672994971275,0.04198672994971275,0.060829997062683105,0.060829997062683105,0.03931748494505882,0.03931748494505882
[hmim]__[BF4]__R1234ze(E)__333.15__0.125,HFC_all,M0,R1234ZE(E),HFO,HMIM,BF4,333.15,0.125,0.0374,0.04614314548671246,0.018385511587641696,0.008743145486712456,0.01942671276628971,0.01942671276628971,0.043662138283252716,0.043662138283252716,0.04992818459868431,0.04992818459868431,0.07099355012178421,0.07099355012178421,0.04670514166355133,0.04670514166355133
[hmim]__[BF4]__R1234ze(E)__333.15__0.185,HFC_all,M0,R1234ZE(E),HFO,HMIM,BF4,333.15,0.185,0.055,0.05007948949933052,0.0210567539285447,0.004920510500669481,0.018529072403907776,0.018529072403907776,0.047556180506944656,0.047556180506944656,0.05356568843126297,0.05356568843126297,0.077452152967453,0.077452152967453,0.0532943531870842,0.0532943531870842
[hmim]__[BF4]__R1234ze(E)__333.15__0.242,HFC_all,M0,R1234ZE(E),HFO,HMIM,BF4,333.15,0.242,0.0718,0.053487914800643924,0.022905053517760603,0.01831208519935608,0.018550217151641846,0.018550217151641846,0.05087535083293915,0.05087535083293915,0.057218194007873535,0.057218194007873535,0.0823412537574768,0.0823412537574768,0.05845455825328827,0.05845455825328827
[hmim]__[BF4]__R1234ze(E)__333.15__0.298,HFC_all,M0,R1234ZE(E),HFO,HMIM,BF4,333.15,0.298,0.088,0.057367587089538576,0.025912601123273708,0.03063241291046142,0.01835644617676735,0.01835644617676735,0.05499814450740814,0.05499814450740814,0.06012124940752983,0.06012124940752983,0.09090718626976013,0.09090718626976013,0.06245490908622742,0.06245490908622742
[hmim]__[BF4]__R1234ze(E)__333.15__0.355,HFC_all,M0,R1234ZE(E),HFO,HMIM,BF4,333.15,0.355,0.1049,0.062116267159581184,0.029561846287447808,0.04278373284041881,0.01854400523006916,0.01854400523006916,0.0606001615524292,0.0606001615524292,0.06334816664457321,0.06334816664457321,0.10181467235088348,0.10181467235088348,0.06627433001995087,0.06627433001995087
[hmim]__[BF4]__R1234ze(E)__333.15__0.409,HFC_all,M0,R1234ZE(E),HFO,HMIM,BF4,333.15,0.409,0.1218,0.06732839271426201,0.03407700632054432,0.054471607285737994,0.019070398062467575,0.019070398062467575,0.06576348096132278,0.06576348096132278,0.06667997688055038,0.06667997688055038,0.11536305397748947,0.11536305397748947,0.06976505368947983,0.06976505368947983
[hmim]__[BF4]__R1234ze(E)__343.15__0.069,HFC_all,M0,R1234ZE(E),HFO,HMIM,BF4,343.15,0.069,0.016,0.036471917480230334,0.013011986478320222,0.020471917480230334,0.017936553806066513,0.017936553806066513,0.035221975296735764,0.035221975296735764,0.03693214803934097,0.03693214803934097,0.054654549807310104,0.054654549807310104,0.0376143604516983,0.0376143604516983
[hmim]__[BF4]__R1234ze(E)__343.15__0.132,HFC_all,M0,R1234ZE(E),HFO,HMIM,BF4,343.15,0.132,0.0305,0.04183999896049499,0.016522871172603655,0.011339998960494993,0.017716143280267715,0.017716143280267715,0.03941870108246803,0.03941870108246803,0.044550634920597076,0.044550634920597076,0.06407249718904495,0.06407249718904495,0.0434420183300972,0.0434420183300972
[hmim]__[BF4]__R1234ze(E)__343.15__0.195,HFC_all,M0,R1234ZE(E),HFO,HMIM,BF4,343.15,0.195,0.045,0.04442207291722298,0.01921077086518529,0.0005779270827770203,0.015557687729597092,0.015557687729597092,0.041592709720134735,0.041592709720134735,0.047604940831661224,0.047604940831661224,0.0691295713186264,0.0691295713186264,0.04822545498609543,0.04822545498609543
[hmim]__[BF4]__R1234ze(E)__343.15__0.256,HFC_all,M0,R1234ZE(E),HFO,HMIM,BF4,343.15,0.256,0.059,0.04664607048034668,0.02154236453205938,0.01235392951965332,0.013570204377174377,0.013570204377174377,0.04409365728497505,0.04409365728497505,0.050392232835292816,0.050392232835292816,0.07339216768741608,0.07339216768741608,0.051782090216875076,0.051782090216875076
[hmim]__[BF4]__R1234ze(E)__343.15__0.315,HFC_all,M0,R1234ZE(E),HFO,HMIM,BF4,343.15,0.315,0.0725,0.0495996743440628,0.023923631952400694,0.022900325655937193,0.013264499604701996,0.013264499604701996,0.046959288418293,0.046959288418293,0.05285397171974182,0.05285397171974182,0.07998127490282059,0.07998127490282059,0.05493933707475662,0.05493933707475662
[hmim]__[BF4]__R1234ze(E)__343.15__0.375,HFC_all,M0,R1234ZE(E),HFO,HMIM,BF4,343.15,0.375,0.0867,0.05359134078025818,0.027285465401926216,0.03310865921974182,0.012776970863342285,0.012776970863342285,0.051533788442611694,0.051533788442611694,0.05595090612769127,0.05595090612769127,0.08936762064695358,0.08936762064695358,0.05832741782069206,0.05832741782069206
[hmim]__[BF4]__R1234ze(E)__343.15__0.434,HFC_all,M0,R1234ZE(E),HFO,HMIM,BF4,343.15,0.434,0.1003,0.058109144866466525,0.03162283279239161,0.042190855133533475,0.012588713318109512,0.012588713318109512,0.05612786486744881,0.05612786486744881,0.058498188853263855,0.058498188853263855,0.10184004157781601,0.10184004157781601,0.06149091571569443,0.06149091571569443
[hmim]__[BF4]__R1233zd(E)__303.24__0.007,HFC_all,M0,R1233ZD(E),HCFO,HMIM,BF4,303.24,0.007,0.007,0.050761789083480835,0.015512685696813269,0.043761789083480836,0.023071493953466415,0.023071493953466415,0.059410933405160904,0.059410933405160904,0.05717596411705017,0.05717596411705017,0.05735062062740326,0.05735062062740326,0.056799933314323425,0.056799933314323425
[hmim]__[BF4]__R1233zd(E)__303.07__0.018,HFC_all,M0,R1233ZD(E),HCFO,HMIM,BF4,303.07,0.018,0.018,0.055182595551013944,0.01692327212740987,0.03718259555101394,0.024966031312942505,0.024966031312942505,0.06429491937160492,0.06429491937160492,0.06165385991334915,0.06165385991334915,0.06303485482931137,0.06303485482931137,0.061963312327861786,0.061963312327861786
[hmim]__[BF4]__R1233zd(E)__303.28__0.032,HFC_all,M0,R1233ZD(E),HCFO,HMIM,BF4,303.28,0.032,0.033,0.06040889099240303,0.018661925424372495,0.027408890992403026,0.027105022221803665,0.027105022221803665,0.06969988346099854,0.06969988346099854,0.06692598015069962,0.06692598015069962,0.07017558068037033,0.07017558068037033,0.068137988448143,0.068137988448143
[hmim]__[BF4]__R1233zd(E)__303.17__0.05,HFC_all,M0,R1233ZD(E),HCFO,HMIM,BF4,303.17,0.05,0.05,0.06642559468746186,0.02077529094989268,0.016425594687461853,0.029427513480186462,0.029427513480186462,0.07602059096097946,0.07602059096097946,0.07331760972738266,0.07331760972738266,0.07864034175872803,0.07864034175872803,0.07472191751003265,0.07472191751003265
[hmim]__[BF4]__R1233zd(E)__303.35__0.065,HFC_all,M0,R1233ZD(E),HCFO,HMIM,BF4,303.35,0.065,0.065,0.07118788957595826,0.022366430027443252,0.006187889575958255,0.03141634911298752,0.03141634911298752,0.08090665936470032,0.08090665936470032,0.07863376289606094,0.07863376289606094,0.08512020856142044,0.08512020856142044,0.07986246794462204,0.07986246794462204
[hmim]__[BF4]__R1233zd(E)__303.13__0.083,HFC_all,M0,R1233ZD(E),HCFO,HMIM,BF4,303.13,0.083,0.081,0.07668543234467506,0.024006426353433096,0.0043145676553249385,0.03411228582262993,0.03411228582262993,0.08640340715646744,0.08640340715646744,0.08473826944828033,0.08473826944828033,0.09268493950366974,0.09268493950366974,0.08548825979232788,0.08548825979232788
[hmim]__[BF4]__R1233zd(E)__313.15__0.008,HFC_all,M0,R1233ZD(E),HCFO,HMIM,BF4,313.15,0.008,0.006,0.050881503894925115,0.015601251231208282,0.044881503894925116,0.023049278184771538,0.023049278184771538,0.057803425937891006,0.057803425937891006,0.05717054754495621,0.05717054754495621,0.05970997363328934,0.05970997363328934,0.0566742941737175,0.0566742941737175
[hmim]__[BF4]__R1233zd(E)__313.12__0.021,HFC_all,M0,R1233ZD(E),HCFO,HMIM,BF4,313.12,0.021,0.017,0.05574461705982685,0.017342507339454978,0.03874461705982685,0.02484787069261074,0.02484787069261074,0.06324811279773712,0.06324811279773712,0.06191859021782875,0.06191859021782875,0.06605266034603119,0.06605266034603119,0.06265585124492645,0.06265585124492645
[hmim]__[BF4]__R1233zd(E)__313.15__0.037,HFC_all,M0,R1233ZD(E),HCFO,HMIM,BF4,313.15,0.037,0.031,0.06091297715902329,0.019299547742080113,0.029912977159023288,0.02664951980113983,0.02664951980113983,0.06919583678245544,0.06919583678245544,0.06722638010978699,0.06722638010978699,0.07339625060558319,0.07339625060558319,0.06809689849615097,0.06809689849615097
[hmim]__[BF4]__R1233zd(E)__313.15__0.057,HFC_all,M0,R1233ZD(E),HCFO,HMIM,BF4,313.15,0.057,0.047,0.06661936156451702,0.021450864306103018,0.01961936156451702,0.028644373640418053,0.028644373640418053,0.07574345171451569,0.07574345171451569,0.07381105422973633,0.07381105422973633,0.08125215768814087,0.08125215768814087,0.07364577054977417,0.07364577054977417
[hmim]__[BF4]__R1233zd(E)__313.13__0.075,HFC_all,M0,R1233ZD(E),HCFO,HMIM,BF4,313.13,0.075,0.062,0.07104863412678242,0.02308830390629575,0.009048634126782418,0.030320027843117714,0.030320027843117714,0.08026657998561859,0.08026657998561859,0.07883130759000778,0.07883130759000778,0.087729811668396,0.087729811668396,0.078095443546772,0.078095443546772
[hmim]__[BF4]__R1233zd(E)__313.15__0.095,HFC_all,M0,R1233ZD(E),HCFO,HMIM,BF4,313.15,0.095,0.077,0.07526975199580192,0.024572793477975297,0.0017302480041980761,0.03200202062726021,0.03200202062726021,0.08432603627443314,0.08432603627443314,0.0833333432674408,0.0833333432674408,0.09355420619249344,0.09355420619249344,0.08313315361738205,0.08313315361738205
[hmim]__[BF4]__R1233zd(E)__323.15__0.009,HFC_all,M0,R1233ZD(E),HCFO,HMIM,BF4,323.15,0.009,0.006,0.04813990369439125,0.014849499926576835,0.04213990369439125,0.021890584379434586,0.021890584379434586,0.054133012890815735,0.054133012890815735,0.05347972735762596,0.05347972735762596,0.058541178703308105,0.058541178703308105,0.052655015140771866,0.052655015140771866
[hmim]__[BF4]__R1233zd(E)__323.15__0.024,HFC_all,M0,R1233ZD(E),HCFO,HMIM,BF4,323.15,0.024,0.016,0.053101833537220956,0.01688398335667671,0.037101833537220956,0.023346783593297005,0.023346783593297005,0.060057397931814194,0.060057397931814194,0.058554019778966904,0.058554019778966904,0.06540466845035553,0.06540466845035553,0.05814629793167114,0.05814629793167114
[hmim]__[BF4]__R1233zd(E)__323.15__0.043,HFC_all,M0,R1233ZD(E),HCFO,HMIM,BF4,323.15,0.043,0.029,0.058450589701533315,0.01898105026305069,0.029450589701533313,0.025103813037276268,0.025103813037276268,0.06611916422843933,0.06611916422843933,0.0644843727350235,0.0644843727350235,0.07279764115810394,0.07279764115810394,0.06374795734882355,0.06374795734882355
[hmim]__[BF4]__R1233zd(E)__323.16__0.066,HFC_all,M0,R1233ZD(E),HCFO,HMIM,BF4,323.16,0.066,0.044,0.06398272439837456,0.021115164366076106,0.019982724398374563,0.027100469917058945,0.027100469917058945,0.07171131670475006,0.07171131670475006,0.07057714462280273,0.07057714462280273,0.08098173141479492,0.08098173141479492,0.06954295933246613,0.06954295933246613
[hmim]__[BF4]__R1233zd(E)__323.15__0.086,HFC_all,M0,R1233ZD(E),HCFO,HMIM,BF4,323.15,0.086,0.058,0.0678149901330471,0.022619544393087245,0.009814990133047104,0.028436165302991867,0.028436165302991867,0.07506823539733887,0.07506823539733887,0.07475320994853973,0.07475320994853973,0.08665099740028381,0.08665099740028381,0.07416634261608124,0.07416634261608124
[hmim]__[BF4]__R1233zd(E)__323.16__0.109,HFC_all,M0,R1233ZD(E),HCFO,HMIM,BF4,323.16,0.109,0.072,0.07115242630243301,0.02417795063860647,0.0008475736975669806,0.029217302799224854,0.029217302799224854,0.07798496633768082,0.07798496633768082,0.07759886980056763,0.07759886980056763,0.0918409675359726,0.0918409675359726,0.07912002503871918,0.07912002503871918
[hmim]__[BF4]__R1233zd(E)__333.17__0.011,HFC_all,M0,R1233ZD(E),HCFO,HMIM,BF4,333.17,0.011,0.005,0.044082765281200406,0.013370090068002386,0.03908276528120041,0.020589731633663177,0.020589731633663177,0.04850876331329346,0.04850876331329346,0.04819747060537338,0.04819747060537338,0.054279983043670654,0.054279983043670654,0.04883787781000137,0.04883787781000137
[hmim]__[BF4]__R1233zd(E)__333.16__0.028,HFC_all,M0,R1233ZD(E),HCFO,HMIM,BF4,333.16,0.028,0.015,0.049296023696660994,0.01570117784625576,0.034296023696660995,0.021791692823171616,0.021791692823171616,0.05521759018301964,0.05521759018301964,0.053765974938869476,0.053765974938869476,0.061604104936122894,0.061604104936122894,0.05410075560212135,0.05410075560212135
[hmim]__[BF4]__R1233zd(E)__333.16__0.05,HFC_all,M0,R1233ZD(E),HCFO,HMIM,BF4,333.16,0.05,0.027,0.05486109107732773,0.018281508915931194,0.02786109107732773,0.022987548261880875,0.022987548261880875,0.06216927990317345,0.06216927990317345,0.06018868461251259,0.06018868461251259,0.0696805939078331,0.0696805939078331,0.05927934870123863,0.05927934870123863
[hmim]__[BF4]__R1233zd(E)__333.16__0.075,HFC_all,M0,R1233ZD(E),HCFO,HMIM,BF4,333.16,0.075,0.041,0.059528366476297376,0.020488967585396037,0.018528366476297374,0.023919548839330673,0.023919548839330673,0.06717909127473831,0.06717909127473831,0.06563174724578857,0.06563174724578857,0.07664459198713303,0.07664459198713303,0.06426685303449631,0.06426685303449631
[hmim]__[BF4]__R1233zd(E)__333.23__0.097,HFC_all,M0,R1233ZD(E),HCFO,HMIM,BF4,333.23,0.097,0.054,0.06271915175020695,0.022004447291464675,0.008719151750206953,0.024574266746640205,0.024574266746640205,0.06975439190864563,0.06975439190864563,0.0691058412194252,0.0691058412194252,0.08163249492645264,0.08163249492645264,0.06852876394987106,0.06852876394987106
[hmim]__[BF4]__R1233zd(E)__333.17__0.125,HFC_all,M0,R1233ZD(E),HCFO,HMIM,BF4,333.17,0.125,0.067,0.06561678871512414,0.023478131280779423,0.0013832112848758682,0.02502405270934105,0.02502405270934105,0.0720471516251564,0.0720471516251564,0.07159361243247986,0.07159361243247986,0.08614523708820343,0.08614523708820343,0.07327388972043991,0.07327388972043991
[hmim]__[BF4]__R1233zd(E)__343.19__0.013,HFC_all,M0,R1233ZD(E),HCFO,HMIM,BF4,343.19,0.013,0.004,0.03915082812309265,0.011082144009783669,0.035150828123092656,0.019811440259218216,0.019811440259218216,0.04258042201399803,0.04258042201399803,0.04167115315794945,0.04167115315794945,0.04802393913269043,0.04802393913269043,0.04366718605160713,0.04366718605160713
[hmim]__[BF4]__R1233zd(E)__343.15__0.032,HFC_all,M0,R1233ZD(E),HCFO,HMIM,BF4,343.15,0.032,0.013,0.044737843051552775,0.013619342024196809,0.03173784305155278,0.02106531523168087,0.02106531523168087,0.04980088025331497,0.04980088025331497,0.0475531667470932,0.0475531667470932,0.05604587122797966,0.05604587122797966,0.04922398179769516,0.04922398179769516
[hmim]__[BF4]__R1233zd(E)__343.17__0.057,HFC_all,M0,R1233ZD(E),HCFO,HMIM,BF4,343.17,0.057,0.024,0.050493475049734116,0.01668677040625182,0.026493475049734115,0.02153763920068741,0.02153763920068741,0.05715257301926613,0.05715257301926613,0.05441772937774658,0.05441772937774658,0.06451889872550964,0.06451889872550964,0.054840534925460815,0.054840534925460815
[hmim]__[BF4]__R1233zd(E)__343.16__0.086,HFC_all,M0,R1233ZD(E),HCFO,HMIM,BF4,343.16,0.086,0.037,0.055176255851984025,0.019253566451923956,0.018176255851984027,0.02176334336400032,0.02176334336400032,0.06172562763094902,0.06172562763094902,0.060407981276512146,0.060407981276512146,0.0715663731098175,0.0715663731098175,0.06041795387864113,0.06041795387864113
[hmim]__[BF4]__R1233zd(E)__343.18__0.111,HFC_all,M0,R1233ZD(E),HCFO,HMIM,BF4,343.18,0.111,0.05,0.057750930264592173,0.020844014370250484,0.007750930264592171,0.021641911938786507,0.021641911938786507,0.06415840983390808,0.06415840983390808,0.06341060996055603,0.06341060996055603,0.07576924562454224,0.07576924562454224,0.063774473965168,0.063774473965168
[hmim]__[BF4]__R1233zd(E)__343.18__0.142,HFC_all,M0,R1233ZD(E),HCFO,HMIM,BF4,343.18,0.142,0.062,0.05972064696252346,0.02214769824902698,0.0022793530374765406,0.021426571533083916,0.021426571533083916,0.06576491892337799,0.06576491892337799,0.06557111442089081,0.06557111442089081,0.07910183072090149,0.07910183072090149,0.0667387992143631,0.0667387992143631
[hmim]__[OTf]__R1234yf__303.2__0.0619,HFC_all,M0,R1234YF,HFO,HMIM,OTF,303.2,0.0619,0.02866,0.03513333573937416,0.015787219272623835,0.006473335739374159,0.012097373604774475,0.012097373604774475,0.034027256071567535,0.034027256071567535,0.03839876875281334,0.03839876875281334,0.056445617228746414,0.056445617228746414,0.03469766303896904,0.03469766303896904
[hmim]__[OTf]__R1234yf__313.2__0.0653,HFC_all,M0,R1234YF,HFO,HMIM,OTF,313.2,0.0653,0.02383,0.03371935412287712,0.014930107725648406,0.009889354122877118,0.012914169579744339,0.012914169579744339,0.03207588940858841,0.03207588940858841,0.03691956400871277,0.03691956400871277,0.05475810915231705,0.05475810915231705,0.03192903846502304,0.03192903846502304
[hmim]__[OTf]__R1234yf__323.2__0.0731,HFC_all,M0,R1234YF,HFO,HMIM,OTF,323.2,0.0731,0.02144,0.03187284767627716,0.013476436606767627,0.010432847676277161,0.014051727950572968,0.014051727950572968,0.029460426419973373,0.029460426419973373,0.0347159169614315,0.0347159169614315,0.05160773918032646,0.05160773918032646,0.029528427869081497,0.029528427869081497
[hmim]__[OTf]__R1234yf__333.2__0.076,HFC_all,M0,R1234YF,HFO,HMIM,OTF,333.2,0.076,0.01818,0.029191448539495467,0.011828293195406916,0.011011448539495466,0.013931088149547577,0.013931088149547577,0.026799101382493973,0.026799101382493973,0.03063344955444336,0.03063344955444336,0.04698079079389572,0.04698079079389572,0.02761281281709671,0.02761281281709671
[hmim]__[OTf]__R1234yf__343.2__0.0824,HFC_all,M0,R1234YF,HFO,HMIM,OTF,343.2,0.0824,0.01629,0.027554793655872344,0.010725060188090803,0.011264793655872345,0.013808507472276688,0.013808507472276688,0.025905855000019073,0.025905855000019073,0.027064062654972076,0.027064062654972076,0.04392408952116966,0.04392408952116966,0.027071453630924225,0.027071453630924225
[hmim]__[OTf]__R1234yf__303.09__0.127,HFC_all,M0,R1234YF,HFO,HMIM,OTF,303.09,0.127,0.036,0.04844881221652031,0.021781039286782638,0.012448812216520312,0.016766726970672607,0.016766726970672607,0.04521028324961662,0.04521028324961662,0.053141914308071136,0.053141914308071136,0.07778465747833252,0.07778465747833252,0.04934047907590866,0.04934047907590866
[hmim]__[OTf]__R1234yf__303.13__0.215,HFC_all,M0,R1234YF,HFO,HMIM,OTF,303.13,0.215,0.061,0.0648929238319397,0.030470651279562864,0.003892923831939704,0.02123265713453293,0.02123265713453293,0.06234534829854965,0.06234534829854965,0.06510240584611893,0.06510240584611893,0.10716857761144638,0.10716857761144638,0.0686156302690506,0.0686156302690506
[hmim]__[OTf]__R1234yf__303.15__0.288,HFC_all,M0,R1234YF,HFO,HMIM,OTF,303.15,0.288,0.082,0.07934215068817138,0.04025435833173522,0.0026578493118286223,0.02578497678041458,0.02578497678041458,0.07640595734119415,0.07640595734119415,0.07487573474645615,0.07487573474645615,0.13920456171035767,0.13920456171035767,0.08043952286243439,0.08043952286243439
[hmim]__[OTf]__R1234yf__303.03__0.375,HFC_all,M0,R1234YF,HFO,HMIM,OTF,303.03,0.375,0.11,0.09606932550668716,0.0550660253854137,0.013930674493312839,0.03287282586097717,0.03287282586097717,0.08711099624633789,0.08711099624633789,0.0829923078417778,0.0829923078417778,0.18479260802268982,0.18479260802268982,0.09257788956165314,0.09257788956165314
[hmim]__[OTf]__R1234yf__303.02__0.498,HFC_all,M0,R1234YF,HFO,HMIM,OTF,303.02,0.498,0.151,0.1199139654636383,0.07710275921279824,0.03108603453636169,0.04631098359823227,0.04631098359823227,0.10196834802627563,0.10196834802627563,0.09343887865543365,0.09343887865543365,0.2509472370147705,0.2509472370147705,0.10690438002347946,0.10690438002347946
[hmim]__[OTf]__R1234yf__313.19__0.14,HFC_all,M0,R1234YF,HFO,HMIM,OTF,313.19,0.14,0.032,0.04517355114221573,0.02058586997532288,0.013173551142215731,0.015224967151880264,0.015224967151880264,0.03995112329721451,0.03995112329721451,0.05136851593852043,0.05136851593852043,0.0721663236618042,0.0721663236618042,0.04715682566165924,0.04715682566165924
[hmim]__[OTf]__R1234yf__313.16__0.237,HFC_all,M0,R1234YF,HFO,HMIM,OTF,313.16,0.237,0.053,0.05862458199262619,0.02707339348638758,0.005624581992626193,0.01876043528318405,0.01876043528318405,0.05434918776154518,0.05434918776154518,0.06182282045483589,0.06182282045483589,0.09452445060014725,0.09452445060014725,0.06366601586341858,0.06366601586341858
[hmim]__[OTf]__R1234yf__313.17__0.318,HFC_all,M0,R1234YF,HFO,HMIM,OTF,313.17,0.318,0.072,0.06936759799718857,0.03480417391703088,0.0026324020028114237,0.02079334855079651,0.02079334855079651,0.06641321629285812,0.06641321629285812,0.06874106079339981,0.06874106079339981,0.11907421797513962,0.11907421797513962,0.07181614637374878,0.07181614637374878
[hmim]__[OTf]__R1234yf__313.11__0.416,HFC_all,M0,R1234YF,HFO,HMIM,OTF,313.11,0.416,0.096,0.08265690244734288,0.04718478215374573,0.013343097552657127,0.023919517174363136,0.023919517174363136,0.07692234218120575,0.07692234218120575,0.07583888620138168,0.07583888620138168,0.15595181286334991,0.15595181286334991,0.08065195381641388,0.08065195381641388
[hmim]__[OTf]__R1234yf__313.12__0.557,HFC_all,M0,R1234YF,HFO,HMIM,OTF,313.12,0.557,0.132,0.10363995283842087,0.06581812444022396,0.02836004716157914,0.03389361500740051,0.03389361500740051,0.0915837436914444,0.0915837436914444,0.08582046627998352,0.08582046627998352,0.21277377009391785,0.21277377009391785,0.09412816911935806,0.09412816911935806
[hmim]__[OTf]__R1234yf__323.2__0.151,HFC_all,M0,R1234YF,HFO,HMIM,OTF,323.2,0.151,0.028,0.04113858938217163,0.01878114473454775,0.01313858938217163,0.014478910714387894,0.014478910714387894,0.0349377766251564,0.0349377766251564,0.046785276383161545,0.046785276383161545,0.06613751500844955,0.06613751500844955,0.04335346817970276,0.04335346817970276
[hmim]__[OTf]__R1234yf__323.17__0.257,HFC_all,M0,R1234YF,HFO,HMIM,OTF,323.17,0.257,0.047,0.05128576084971428,0.024406728137035795,0.004285760849714278,0.015386074781417847,0.015386074781417847,0.04530041664838791,0.04530041664838791,0.05593634396791458,0.05593634396791458,0.08300473541021347,0.08300473541021347,0.05680123344063759,0.05680123344063759
[hmim]__[OTf]__R1234yf__323.17__0.346,HFC_all,M0,R1234YF,HFO,HMIM,OTF,323.17,0.346,0.063,0.05991339385509491,0.03070255343815946,0.0030866061449050936,0.01633032038807869,0.01633032038807869,0.0547649972140789,0.0547649972140789,0.06214813143014908,0.06214813143014908,0.10263776779174805,0.10263776779174805,0.06368575245141983,0.06368575245141983
[hmim]__[OTf]__R1234yf__323.12__0.455,HFC_all,M0,R1234YF,HFO,HMIM,OTF,323.12,0.455,0.084,0.07127030901610851,0.04121893168115427,0.012729690983891498,0.017894169315695763,0.017894169315695763,0.0654371976852417,0.0654371976852417,0.06870870292186737,0.06870870292186737,0.13376730680465698,0.13376730680465698,0.07054416835308075,0.07054416835308075
[hmim]__[OTf]__R1234yf__323.13__0.612,HFC_all,M0,R1234YF,HFO,HMIM,OTF,323.13,0.612,0.115,0.09077560156583786,0.057462661378342966,0.024224398434162145,0.02759333699941635,0.02759333699941635,0.07982512563467026,0.07982512563467026,0.07839957624673843,0.07839957624673843,0.1850244402885437,0.1850244402885437,0.08303552865982056,0.08303552865982056
[hmim]__[OTf]__R1234yf__333.2__0.163,HFC_all,M0,R1234YF,HFO,HMIM,OTF,333.2,0.163,0.025,0.03721506372094154,0.017102599837316036,0.01221506372094154,0.013525310903787613,0.013525310903787613,0.030832793563604355,0.030832793563604355,0.04144440218806267,0.04144440218806267,0.06053468585014343,0.06053468585014343,0.03973812609910965,0.03973812609910965
[hmim]__[OTf]__R1234yf__333.17__0.276,HFC_all,M0,R1234YF,HFO,HMIM,OTF,333.17,0.276,0.042,0.04444079101085663,0.023056693417912978,0.002440791010856626,0.010419432073831558,0.010419432073831558,0.037841521203517914,0.037841521203517914,0.04975838586688042,0.04975838586688042,0.07379727065563202,0.07379727065563202,0.050387345254421234,0.050387345254421234
[hmim]__[OTf]__R1234yf__333.26__0.37,HFC_all,M0,R1234YF,HFO,HMIM,OTF,333.26,0.37,0.057,0.051414431631565095,0.027838567294854812,0.005585568368434907,0.011314768344163895,0.011314768344163895,0.045680347830057144,0.045680347830057144,0.055143073201179504,0.055143073201179504,0.08918161690235138,0.08918161690235138,0.05575235188007355,0.05575235188007355
[hmim]__[OTf]__R1234yf__333.16__0.491,HFC_all,M0,R1234YF,HFO,HMIM,OTF,333.16,0.491,0.074,0.0620967373251915,0.03670776705844549,0.011903262674808499,0.013677883893251419,0.013677883893251419,0.055873606353998184,0.055873606353998184,0.06166116148233414,0.06166116148233414,0.1169280931353569,0.1169280931353569,0.062342941761016846,0.062342941761016846
[hmim]__[OTf]__R1234yf__333.15__0.662,HFC_all,M0,R1234YF,HFO,HMIM,OTF,333.15,0.662,0.102,0.08016830757260322,0.05116593357122193,0.02183169242739677,0.023144353181123734,0.023144353181123734,0.06932245194911957,0.06932245194911957,0.07135837525129318,0.07135837525129318,0.1637018769979477,0.1637018769979477,0.07331448048353195,0.07331448048353195
[hmim]__[OTf]__R1234yf__343.24__0.174,HFC_all,M0,R1234YF,HFO,HMIM,OTF,343.24,0.174,0.022,0.03373817428946495,0.016004370008784068,0.011738174289464949,0.011876139789819717,0.011876139789819717,0.02771374210715294,0.02771374210715294,0.03621123358607292,0.03621123358607292,0.05596539378166199,0.05596539378166199,0.03692436218261719,0.03692436218261719
[hmim]__[OTf]__R1234yf__343.19__0.294,HFC_all,M0,R1234YF,HFO,HMIM,OTF,343.19,0.294,0.037,0.03872999623417854,0.021601652709210162,0.0017299962341785421,0.006872832775115967,0.006872832775115967,0.03254024684429169,0.03254024684429169,0.04374019056558609,0.04374019056558609,0.06626015156507492,0.06626015156507492,0.04423655942082405,0.04423655942082405
[hmim]__[OTf]__R1234yf__343.26__0.395,HFC_all,M0,R1234YF,HFO,HMIM,OTF,343.26,0.395,0.051,0.0449455127120018,0.026461247517007555,0.006054487287998199,0.006612349301576614,0.006612349301576614,0.03907110542058945,0.03907110542058945,0.04885174706578255,0.04885174706578255,0.08041761815547943,0.08041761815547943,0.04977474361658096,0.04977474361658096
[hmim]__[OTf]__R1234yf__343.18__0.524,HFC_all,M0,R1234YF,HFO,HMIM,OTF,343.18,0.524,0.066,0.05430355966091156,0.033518068966331895,0.01169644033908844,0.009904514998197556,0.009904514998197556,0.047903139144182205,0.047903139144182205,0.05421002209186554,0.05421002209186554,0.10410725325345993,0.10410725325345993,0.05539286881685257,0.05539286881685257
[hmim]__[OTf]__R1234yf__343.17__0.709,HFC_all,M0,R1234YF,HFO,HMIM,OTF,343.17,0.709,0.091,0.07183228507637977,0.04625779902525677,0.019167714923620224,0.02016311138868332,0.02016311138868332,0.062256138771772385,0.062256138771772385,0.06452693790197372,0.06452693790197372,0.1473069190979004,0.1473069190979004,0.06490831822156906,0.06490831822156906
[hmim]__[OTf]__R1234yf__353.25__0.184,HFC_all,M0,R1234YF,HFO,HMIM,OTF,353.25,0.184,0.019,0.03130245134234429,0.014997618838450756,0.012302451342344287,0.010998371988534927,0.010998371988534927,0.02608800306916237,0.02608800306916237,0.03162527084350586,0.03162527084350586,0.05234874039888382,0.05234874039888382,0.035451870411634445,0.035451870411634445
[hmim]__[OTf]__R1234yf__353.22__0.311,HFC_all,M0,R1234YF,HFO,HMIM,OTF,353.22,0.311,0.034,0.034744370728731155,0.01994782815957469,0.000744370728731153,0.005337558686733246,0.005337558686733246,0.02972680702805519,0.02972680702805519,0.038346290588378906,0.038346290588378906,0.06049342080950737,0.06049342080950737,0.039817776530981064,0.039817776530981064
[hmim]__[OTf]__R1234yf__353.27__0.419,HFC_all,M0,R1234YF,HFO,HMIM,OTF,353.27,0.419,0.045,0.03971598967909813,0.024852683356179028,0.005284010320901866,0.003688991069793701,0.003688991069793701,0.03477182984352112,0.03477182984352112,0.04268747940659523,0.04268747940659523,0.07316257059574127,0.07316257059574127,0.044269077479839325,0.044269077479839325
[hmim]__[OTf]__R1234yf__353.19__0.555,HFC_all,M0,R1234YF,HFO,HMIM,OTF,353.19,0.555,0.06,0.048064394295215605,0.030532731560227157,0.011935605704784392,0.00715811550617218,0.00715811550617218,0.04299531131982803,0.04299531131982803,0.04752011224627495,0.04752011224627495,0.09309158474206924,0.09309158474206924,0.04955684766173363,0.04955684766173363
[hmim]__[OTf]__R1234yf__353.2__0.752,HFC_all,M0,R1234YF,HFO,HMIM,OTF,353.2,0.752,0.082,0.06404640600085258,0.04185392718654588,0.01795359399914742,0.01707928627729416,0.01707928627729416,0.05584247037768364,0.05584247037768364,0.05729275941848755,0.05729275941848755,0.1322300136089325,0.1322300136089325,0.05778750032186508,0.05778750032186508
[hmim]__[OTf]__R1233zd(E)__303.22__0.009,HFC_all,M0,R1233ZD(E),HCFO,HMIM,OTF,303.22,0.009,0.011,0.05886799320578575,0.013282224383860938,0.04786799320578575,0.03527762368321419,0.03527762368321419,0.06579351425170898,0.06579351425170898,0.06618276983499527,0.06618276983499527,0.06495435535907745,0.06495435535907745,0.06213170289993286,0.06213170289993286
[hmim]__[OTf]__R1233zd(E)__303.45__0.022,HFC_all,M0,R1233ZD(E),HCFO,HMIM,OTF,303.45,0.022,0.028,0.06485362350940704,0.014936148263063533,0.036853623509407046,0.038234561681747437,0.038234561681747437,0.07266775518655777,0.07266775518655777,0.07198132574558258,0.07198132574558258,0.07205899059772491,0.07205899059772491,0.06932548433542252,0.06932548433542252
[hmim]__[OTf]__R1233zd(E)__303.15__0.036,HFC_all,M0,R1233ZD(E),HCFO,HMIM,OTF,303.15,0.036,0.047,0.07116865515708923,0.0165968913147013,0.024168655157089228,0.041530102491378784,0.041530102491378784,0.0791412889957428,0.0791412889957428,0.07810503244400024,0.07810503244400024,0.07980375736951828,0.07980375736951828,0.07726309448480606,0.07726309448480606
[hmim]__[OTf]__R1233zd(E)__303.15__0.051,HFC_all,M0,R1233ZD(E),HCFO,HMIM,OTF,303.15,0.051,0.066,0.07767870873212815,0.01849002059342572,0.011678708732128146,0.04470124840736389,0.04470124840736389,0.08559028804302216,0.08559028804302216,0.08422162383794785,0.08422162383794785,0.08817663788795471,0.08817663788795471,0.08570374548435211,0.08570374548435211
[hmim]__[OTf]__R1233zd(E)__303.15__0.066,HFC_all,M0,R1233ZD(E),HCFO,HMIM,OTF,303.15,0.066,0.084,0.08379863202571869,0.020231078739243197,0.00020136797428131625,0.0478174090385437,0.0478174090385437,0.09157999604940414,0.09157999604940414,0.09041506052017212,0.09041506052017212,0.09621650725603104,0.09621650725603104,0.09296418726444244,0.09296418726444244
[hmim]__[OTf]__R1233zd(E)__303.15__0.081,HFC_all,M0,R1233ZD(E),HCFO,HMIM,OTF,303.15,0.081,0.103,0.08971105068922043,0.021933633743068073,0.013288949310779563,0.05085524916648865,0.05085524916648865,0.09742322564125061,0.09742322564125061,0.09650827199220657,0.09650827199220657,0.10438527911901474,0.10438527911901474,0.09938322752714157,0.09938322752714157
[hmim]__[OTf]__R1233zd(E)__313.15__0.011,HFC_all,M0,R1233ZD(E),HCFO,HMIM,OTF,313.15,0.011,0.01,0.0588529571890831,0.013722306512065968,0.0488529571890831,0.034446995705366135,0.034446995705366135,0.06547947227954865,0.06547947227954865,0.06602000445127487,0.06602000445127487,0.06588644534349442,0.06588644534349442,0.06243186816573143,0.06243186816573143
[hmim]__[OTf]__R1233zd(E)__313.15__0.025,HFC_all,M0,R1233ZD(E),HCFO,HMIM,OTF,313.15,0.025,0.026,0.06476422548294067,0.015598796165306699,0.03876422548294067,0.03698185086250305,0.03698185086250305,0.07218892127275467,0.07218892127275467,0.071969173848629,0.071969173848629,0.07332740724086761,0.07332740724086761,0.06935377418994904,0.06935377418994904
[hmim]__[OTf]__R1233zd(E)__313.17__0.041,HFC_all,M0,R1233ZD(E),HCFO,HMIM,OTF,313.17,0.041,0.044,0.07088333740830421,0.017822614394362966,0.026883337408304217,0.039163995534181595,0.039163995534181595,0.07865532487630844,0.07865532487630844,0.07827093452215195,0.07827093452215195,0.08165043592453003,0.08165043592453003,0.07667599618434906,0.07667599618434906
[hmim]__[OTf]__R1233zd(E)__313.15__0.058,HFC_all,M0,R1233ZD(E),HCFO,HMIM,OTF,313.15,0.058,0.062,0.07670805007219314,0.019873614902095774,0.01470805007219314,0.041484102606773376,0.041484102606773376,0.08492788672447205,0.08492788672447205,0.08490695059299469,0.08490695059299469,0.08981943875551224,0.08981943875551224,0.08240187168121338,0.08240187168121338
[hmim]__[OTf]__R1233zd(E)__313.12__0.075,HFC_all,M0,R1233ZD(E),HCFO,HMIM,OTF,313.12,0.075,0.08,0.08200017660856247,0.021691314536437037,0.0020001766085624706,0.04371083527803421,0.04371083527803421,0.09034944325685501,0.09034944325685501,0.09059549123048782,0.09059549123048782,0.09739430248737335,0.09739430248737335,0.08795081079006195,0.08795081079006195
[hmim]__[OTf]__R1233zd(E)__313.13__0.093,HFC_all,M0,R1233ZD(E),HCFO,HMIM,OTF,313.13,0.093,0.099,0.08713736683130265,0.02333411168734351,0.011862633168697359,0.046149492263793945,0.046149492263793945,0.0950896292924881,0.0950896292924881,0.09578293561935425,0.09578293561935425,0.10492236912250519,0.10492236912250519,0.09374240785837173,0.09374240785837173
[hmim]__[OTf]__R1233zd(E)__323.15__0.013,HFC_all,M0,R1233ZD(E),HCFO,HMIM,OTF,323.15,0.013,0.009,0.05588056668639183,0.013345961045783023,0.04688056668639183,0.03216729313135147,0.03216729313135147,0.06116241216659546,0.06116241216659546,0.06116943806409836,0.06116943806409836,0.0644400492310524,0.0644400492310524,0.060463640838861465,0.060463640838861465
[hmim]__[OTf]__R1233zd(E)__323.19__0.029,HFC_all,M0,R1233ZD(E),HCFO,HMIM,OTF,323.19,0.029,0.024,0.06199922934174538,0.015397785639737488,0.03799922934174538,0.0347006656229496,0.0347006656229496,0.06829920411109924,0.06829920411109924,0.06757187098264694,0.06757187098264694,0.07230369746685028,0.07230369746685028,0.06712070852518082,0.06712070852518082
[hmim]__[OTf]__R1233zd(E)__323.18__0.048,HFC_all,M0,R1233ZD(E),HCFO,HMIM,OTF,323.18,0.048,0.042,0.06821026653051376,0.01772272788952711,0.02621026653051376,0.036971285939216614,0.036971285939216614,0.07524409145116806,0.07524409145116806,0.07446150481700897,0.07446150481700897,0.08111037313938141,0.08111037313938141,0.07326407730579376,0.07326407730579376
[hmim]__[OTf]__R1233zd(E)__323.16__0.067,HFC_all,M0,R1233ZD(E),HCFO,HMIM,OTF,323.16,0.067,0.059,0.07346483990550041,0.019629549021117625,0.014464839905500418,0.039115626364946365,0.039115626364946365,0.0809217244386673,0.0809217244386673,0.08054286241531372,0.08054286241531372,0.08882182836532593,0.08882182836532593,0.07792215794324875,0.07792215794324875
[hmim]__[OTf]__R1233zd(E)__323.15__0.085,HFC_all,M0,R1233ZD(E),HCFO,HMIM,OTF,323.15,0.085,0.076,0.07775548845529556,0.021192515900806765,0.0017554884552955646,0.04088547080755234,0.04088547080755234,0.08451516926288605,0.08451516926288605,0.08589562028646469,0.08589562028646469,0.09521333128213882,0.09521333128213882,0.08226785063743591,0.08226785063743591
[hmim]__[OTf]__R1233zd(E)__323.15__0.107,HFC_all,M0,R1233ZD(E),HCFO,HMIM,OTF,323.15,0.107,0.093,0.08234989419579505,0.022744444106986554,0.010650105804204946,0.04299892857670784,0.04299892857670784,0.08848921209573746,0.08848921209573746,0.09035785496234894,0.09035785496234894,0.1020689308643341,0.1020689308643341,0.08783454447984695,0.08783454447984695
[hmim]__[OTf]__R1233zd(E)__333.17__0.016,HFC_all,M0,R1233ZD(E),HCFO,HMIM,OTF,333.17,0.016,0.007,0.05157382115721702,0.012736597810843624,0.044573821157217024,0.02921970933675766,0.02921970933675766,0.05530378967523575,0.05530378967523575,0.055479370057582855,0.055479370057582855,0.06135106086730957,0.06135106086730957,0.056515175849199295,0.056515175849199295
[hmim]__[OTf]__R1233zd(E)__333.15__0.034,HFC_all,M0,R1233ZD(E),HCFO,HMIM,OTF,333.15,0.034,0.022,0.05792333707213402,0.015203003185360152,0.03592333707213402,0.03125990927219391,0.03125990927219391,0.0631088986992836,0.0631088986992836,0.06231192126870155,0.06231192126870155,0.06974023580551147,0.06974023580551147,0.06319572031497955,0.06319572031497955
[hmim]__[OTf]__R1233zd(E)__333.18__0.055,HFC_all,M0,R1233ZD(E),HCFO,HMIM,OTF,333.18,0.055,0.038,0.06380067020654678,0.01750431333549786,0.025800670206546784,0.033250950276851654,0.033250950276851654,0.07030117511749268,0.07030117511749268,0.06918802857398987,0.06918802857398987,0.07797442376613617,0.07797442376613617,0.06828877329826355,0.06828877329826355
[hmim]__[OTf]__R1233zd(E)__333.17__0.078,HFC_all,M0,R1233ZD(E),HCFO,HMIM,OTF,333.17,0.078,0.054,0.06904341876506806,0.01923798298619148,0.01504341876506806,0.035645440220832825,0.035645440220832825,0.07577992230653763,0.07577992230653763,0.07532171159982681,0.07532171159982681,0.08525333553552628,0.08525333553552628,0.07321668416261673,0.07321668416261673
[hmim]__[OTf]__R1233zd(E)__333.16__0.099,HFC_all,M0,R1233ZD(E),HCFO,HMIM,OTF,333.16,0.099,0.07,0.07298748940229416,0.020792345927069245,0.0029874894022941523,0.03707185387611389,0.03707185387611389,0.07924901694059372,0.07924901694059372,0.07974950969219208,0.07974950969219208,0.09123052656650543,0.09123052656650543,0.07763653993606567,0.07763653993606567
[hmim]__[OTf]__R1233zd(E)__333.15__0.122,HFC_all,M0,R1233ZD(E),HCFO,HMIM,OTF,333.15,0.122,0.088,0.07649802565574645,0.022394718776252476,0.01150197434425354,0.037975117564201355,0.037975117564201355,0.08231501281261444,0.08231501281261444,0.08340092748403549,0.08340092748403549,0.0967375859618187,0.0967375859618187,0.08206148445606232,0.08206148445606232
[hmim]__[OTf]__R1233zd(E)__343.15__0.019,HFC_all,M0,R1233ZD(E),HCFO,HMIM,OTF,343.15,0.019,0.006,0.04647088199853897,0.011147389971620287,0.040470881998538974,0.026880454272031784,0.026880454272031784,0.04999662563204765,0.04999662563204765,0.04939032346010208,0.04939032346010208,0.05476391687989235,0.05476391687989235,0.05132308974862099,0.05132308974862099
[hmim]__[OTf]__R1233zd(E)__343.15__0.039,HFC_all,M0,R1233ZD(E),HCFO,HMIM,OTF,343.15,0.039,0.02,0.053041348606348036,0.01368452060565022,0.03304134860634804,0.029083482921123505,0.029083482921123505,0.057798683643341064,0.057798683643341064,0.05648607388138771,0.05648607388138771,0.06378839910030365,0.06378839910030365,0.05805010348558426,0.05805010348558426
[hmim]__[OTf]__R1233zd(E)__343.15__0.064,HFC_all,M0,R1233ZD(E),HCFO,HMIM,OTF,343.15,0.064,0.035,0.05927911140024662,0.0164129644330484,0.02427911140024662,0.030678773298859596,0.030678773298859596,0.0653967335820198,0.0653967335820198,0.06401760131120682,0.06401760131120682,0.07274768501520157,0.07274768501520157,0.06355476379394531,0.06355476379394531
[hmim]__[OTf]__R1233zd(E)__343.15__0.089,HFC_all,M0,R1233ZD(E),HCFO,HMIM,OTF,343.15,0.089,0.05,0.06390307694673539,0.018550223629700817,0.013903076946735385,0.03169801086187363,0.03169801086187363,0.07005315274000168,0.07005315274000168,0.06984613090753555,0.06984613090753555,0.07961097359657288,0.07961097359657288,0.06830711662769318,0.06830711662769318
[hmim]__[OTf]__R1233zd(E)__343.17__0.113,HFC_all,M0,R1233ZD(E),HCFO,HMIM,OTF,343.17,0.113,0.065,0.06727043986320495,0.020156926999739463,0.002270439863204951,0.03243168443441391,0.03243168443441391,0.07296725362539291,0.07296725362539291,0.07321171462535858,0.07321171462535858,0.08497732877731323,0.08497732877731323,0.07276421785354614,0.07276421785354614
[hmim]__[OTf]__R1233zd(E)__343.15__0.139,HFC_all,M0,R1233ZD(E),HCFO,HMIM,OTF,343.15,0.139,0.081,0.07012744098901749,0.021455489720333086,0.01087255901098251,0.03304576128721237,0.03304576128721237,0.07586971670389175,0.07586971670389175,0.07640055567026138,0.07640055567026138,0.0889778658747673,0.0889778658747673,0.07634330540895462,0.07634330540895462
[hmim]__[PF6]__R1234yf__283.15__0.0506,HFC_all,M0,R1234YF,HFO,HMIM,PF6,283.15,0.0506,0.0224,0.026251455396413804,0.00701302586868804,0.0038514553964138047,0.014295235276222229,0.014295235276222229,0.0260685496032238,0.0260685496032238,0.028612539172172546,0.028612539172172546,0.03156808763742447,0.03156808763742447,0.03071286529302597,0.03071286529302597
[hmim]__[PF6]__R1234yf__283.15__0.0923,HFC_all,M0,R1234YF,HFO,HMIM,PF6,283.15,0.0923,0.0408,0.04143306538462639,0.01106698199222324,0.0006330653846263884,0.023735404014587402,0.023735404014587402,0.041907817125320435,0.041907817125320435,0.04234587028622627,0.04234587028622627,0.05420530214905739,0.05420530214905739,0.044970933347940445,0.044970933347940445
[hmim]__[PF6]__R1234yf__283.15__0.134,HFC_all,M0,R1234YF,HFO,HMIM,PF6,283.15,0.134,0.0604,0.05702307373285294,0.016515364366288858,0.0033769262671470637,0.032518643885850906,0.032518643885850906,0.05781296268105507,0.05781296268105507,0.05645888298749924,0.05645888298749924,0.07903389632701874,0.07903389632701874,0.05929098278284073,0.05929098278284073
[hmim]__[PF6]__R1234yf__283.15__0.177,HFC_all,M0,R1234YF,HFO,HMIM,PF6,283.15,0.177,0.0798,0.0739010140299797,0.023303934077296556,0.005898985970020296,0.043021902441978455,0.043021902441978455,0.07363829016685486,0.07363829016685486,0.06953132897615433,0.06953132897615433,0.10852503776550293,0.10852503776550293,0.07478851079940796,0.07478851079940796
[hmim]__[PF6]__R1234yf__283.15__0.2172,HFC_all,M0,R1234YF,HFO,HMIM,PF6,283.15,0.2172,0.098,0.08969831019639969,0.03122563825765349,0.008301689803600312,0.05268973857164383,0.05268973857164383,0.08761122822761536,0.08761122822761536,0.0800173282623291,0.0800173282623291,0.13901522755622864,0.13901522755622864,0.08915802836418152,0.08915802836418152
[hmim]__[PF6]__R1234yf__283.15__0.2538,HFC_all,M0,R1234YF,HFO,HMIM,PF6,283.15,0.2538,0.1174,0.10378600656986237,0.039471083417808396,0.013613993430137639,0.0606410875916481,0.0606410875916481,0.10001657903194427,0.10001657903194427,0.0892980620265007,0.0892980620265007,0.168111190199852,0.168111190199852,0.10086311399936676,0.10086311399936676
[hmim]__[PF6]__R1234yf__283.15__0.298,HFC_all,M0,R1234YF,HFO,HMIM,PF6,283.15,0.298,0.1366,0.12019085586071014,0.050193391761005395,0.016409144139289858,0.07134994864463806,0.07134994864463806,0.11160358786582947,0.11160358786582947,0.0994134247303009,0.0994134247303009,0.20472806692123413,0.20472806692123413,0.11385925114154816,0.11385925114154816
[hmim]__[PF6]__R1234yf__293.15__0.0583,HFC_all,M0,R1234YF,HFO,HMIM,PF6,293.15,0.0583,0.02,0.03011864945292473,0.010810861318342666,0.01011864945292473,0.010926425457000732,0.010926425457000732,0.033187076449394226,0.033187076449394226,0.0353018194437027,0.0353018194437027,0.0368194654583931,0.0368194654583931,0.03435846045613289,0.03435846045613289
[hmim]__[PF6]__R1234yf__293.15__0.1052,HFC_all,M0,R1234YF,HFO,HMIM,PF6,293.15,0.1052,0.0357,0.042637523263692856,0.014949905342775438,0.006937523263692853,0.016807764768600464,0.016807764768600464,0.04543938860297203,0.04543938860297203,0.04808291047811508,0.04808291047811508,0.05559694766998291,0.05559694766998291,0.04726060479879379,0.04726060479879379
[hmim]__[PF6]__R1234yf__293.15__0.1508,HFC_all,M0,R1234YF,HFO,HMIM,PF6,293.15,0.1508,0.0518,0.05409364253282547,0.01897980576174413,0.0022936425328254698,0.022614799439907074,0.022614799439907074,0.055727433413267136,0.055727433413267136,0.05813679099082947,0.05813679099082947,0.07399920374155045,0.07399920374155045,0.05998998507857323,0.05998998507857323
[hmim]__[PF6]__R1234yf__293.15__0.1985,HFC_all,M0,R1234YF,HFO,HMIM,PF6,293.15,0.1985,0.0676,0.0658798985183239,0.024036342859424683,0.0017201014816760896,0.027481067925691605,0.027481067925691605,0.06827542930841446,0.06827542930841446,0.06809452176094055,0.06809452176094055,0.0940665453672409,0.0940665453672409,0.07148192822933197,0.07148192822933197
[hmim]__[PF6]__R1234yf__293.15__0.2427,HFC_all,M0,R1234YF,HFO,HMIM,PF6,293.15,0.2427,0.0826,0.07790906056761741,0.030609174240107034,0.004690939432382593,0.032543834298849106,0.032543834298849106,0.0796961858868599,0.0796961858868599,0.07619921863079071,0.07619921863079071,0.1186923012137413,0.1186923012137413,0.08241376280784607,0.08241376280784607
[hmim]__[PF6]__R1234yf__293.15__0.2815,HFC_all,M0,R1234YF,HFO,HMIM,PF6,293.15,0.2815,0.0983,0.08863265514373779,0.03658783696722597,0.009667344856262208,0.03852033615112305,0.03852033615112305,0.08811604976654053,0.08811604976654053,0.08241726458072662,0.08241726458072662,0.1414361447095871,0.1414361447095871,0.09267348051071167,0.09267348051071167
[hmim]__[PF6]__R1234yf__293.15__0.3359,HFC_all,M0,R1234YF,HFO,HMIM,PF6,293.15,0.3359,0.1146,0.10231811478734017,0.045419176546796274,0.012281885212659827,0.04747868701815605,0.04747868701815605,0.0972636491060257,0.0972636491060257,0.08947861939668655,0.08947861939668655,0.17338906228542328,0.17338906228542328,0.10398055613040924,0.10398055613040924
[hmim]__[PF6]__R1234yf__303.15__0.0641,HFC_all,M0,R1234YF,HFO,HMIM,PF6,303.15,0.0641,0.0174,0.03215800374746323,0.011891777869132494,0.014758003747463229,0.011562228202819824,0.011562228202819824,0.034093402326107025,0.034093402326107025,0.03863653913140297,0.03863653913140297,0.041531890630722046,0.041531890630722046,0.03496595844626427,0.03496595844626427
[hmim]__[PF6]__R1234yf__303.15__0.1154,HFC_all,M0,R1234YF,HFO,HMIM,PF6,303.15,0.1154,0.0318,0.042322345077991486,0.016065416209099428,0.010522345077991484,0.015055067837238312,0.015055067837238312,0.042821116745471954,0.042821116745471954,0.0509113185107708,0.0509113185107708,0.05639302730560303,0.05639302730560303,0.04643119499087334,0.04643119499087334
[hmim]__[PF6]__R1234yf__303.15__0.1685,HFC_all,M0,R1234YF,HFO,HMIM,PF6,303.15,0.1685,0.0461,0.0513031892478466,0.01985197962003942,0.005203189247846601,0.017760001122951508,0.017760001122951508,0.05184194818139076,0.05184194818139076,0.058489423245191574,0.058489423245191574,0.06995846331119537,0.06995846331119537,0.0584661103785038,0.0584661103785038
[hmim]__[PF6]__R1234yf__303.15__0.2206,HFC_all,M0,R1234YF,HFO,HMIM,PF6,303.15,0.2206,0.0606,0.060367298871278764,0.02370521075697186,0.00023270112872123688,0.020651083439588547,0.020651083439588547,0.06275911629199982,0.06275911629199982,0.06528690457344055,0.06528690457344055,0.08416613191366196,0.08416613191366196,0.06897325813770294,0.06897325813770294
[hmim]__[PF6]__R1234yf__303.15__0.2676,HFC_all,M0,R1234YF,HFO,HMIM,PF6,303.15,0.2676,0.0729,0.06913464851677417,0.02817467941620998,0.0037653514832258345,0.023600244894623756,0.023600244894623756,0.07233728468418121,0.07233728468418121,0.07181435823440552,0.07181435823440552,0.10117312520742416,0.10117312520742416,0.07674822956323624,0.07674822956323624
[hmim]__[PF6]__R1234yf__303.15__0.3171,HFC_all,M0,R1234YF,HFO,HMIM,PF6,303.15,0.3171,0.0871,0.07778563275933266,0.03387676299749553,0.009314367240667337,0.027020443230867386,0.027020443230867386,0.07917843014001846,0.07917843014001846,0.07717572897672653,0.07717572897672653,0.12229611724615097,0.12229611724615097,0.08325744420289993,0.08325744420289993
[hmim]__[PF6]__R1234yf__303.15__0.365,HFC_all,M0,R1234YF,HFO,HMIM,PF6,303.15,0.365,0.0992,0.08607220984995365,0.03994331143797252,0.01312779015004635,0.0309207234531641,0.0309207234531641,0.08468088507652283,0.08468088507652283,0.08130753040313721,0.08130753040313721,0.14352375268936157,0.14352375268936157,0.08992815762758255,0.08992815762758255
[hmim]__[PF6]__R1234yf__313.15__0.0698,HFC_all,M0,R1234YF,HFO,HMIM,PF6,313.15,0.0698,0.0154,0.03143778368830681,0.011365250250505918,0.01603778368830681,0.012426488101482391,0.012426488101482391,0.03245430439710617,0.03245430439710617,0.037597768008708954,0.037597768008708954,0.04216331988573074,0.04216331988573074,0.03254703804850578,0.03254703804850578
[hmim]__[PF6]__R1234yf__313.15__0.1266,HFC_all,M0,R1234YF,HFO,HMIM,PF6,313.15,0.1266,0.0278,0.039814431220293045,0.01550036393829223,0.012014431220293047,0.014229457825422287,0.014229457825422287,0.03792468085885048,0.03792468085885048,0.04896923899650574,0.04896923899650574,0.05403714254498482,0.05403714254498482,0.043911635875701904,0.043911635875701904
[hmim]__[PF6]__R1234yf__313.15__0.1795,HFC_all,M0,R1234YF,HFO,HMIM,PF6,313.15,0.1795,0.0396,0.04658701345324516,0.018458914099085025,0.006987013453245157,0.01565144583582878,0.01565144583582878,0.044859252870082855,0.044859252870082855,0.05527035519480705,0.05527035519480705,0.06304977089166641,0.06304977089166641,0.054104242473840714,0.054104242473840714
[hmim]__[PF6]__R1234yf__313.15__0.2297,HFC_all,M0,R1234YF,HFO,HMIM,PF6,313.15,0.2297,0.0503,0.053075867146253584,0.021163915874872284,0.002775867146253587,0.017519064247608185,0.017519064247608185,0.052454300224781036,0.052454300224781036,0.0604824423789978,0.0604824423789978,0.07285654544830322,0.07285654544830322,0.06206698343157768,0.06206698343157768
[hmim]__[PF6]__R1234yf__313.15__0.2813,HFC_all,M0,R1234YF,HFO,HMIM,PF6,313.15,0.2813,0.0611,0.059532149136066435,0.024519734070582434,0.0015678508639335662,0.018993288278579712,0.018993288278579712,0.06036561727523804,0.06036561727523804,0.06518654525279999,0.06518654525279999,0.08519095927476883,0.08519095927476883,0.06792433559894562,0.06792433559894562
[hmim]__[PF6]__R1234yf__313.15__0.3339,HFC_all,M0,R1234YF,HFO,HMIM,PF6,313.15,0.3339,0.0722,0.06582382768392563,0.028577249650754227,0.006376172316074374,0.02026216685771942,0.02026216685771942,0.06762850284576416,0.06762850284576416,0.06935693323612213,0.06935693323612213,0.09946447610855103,0.09946447610855103,0.0724070593714714,0.0724070593714714
[hmim]__[PF6]__R1234yf__313.15__0.3845,HFC_all,M0,R1234YF,HFO,HMIM,PF6,313.15,0.3845,0.0827,0.07222212255001068,0.033352351538341915,0.01047787744998932,0.022076644003391266,0.022076644003391266,0.07302523404359818,0.07302523404359818,0.07312802970409393,0.07312802970409393,0.11593955010175705,0.11593955010175705,0.07694115489721298,0.07694115489721298
[hmim]__[PF6]__R1234yf__323.15__0.0765,HFC_all,M0,R1234YF,HFO,HMIM,PF6,323.15,0.0765,0.0134,0.029692856967449187,0.010032722846238748,0.016292856967449185,0.013552907854318619,0.013552907854318619,0.029615212231874466,0.029615212231874466,0.03507521003484726,0.03507521003484726,0.04032810032367706,0.04032810032367706,0.029892854392528534,0.029892854392528534
[hmim]__[PF6]__R1234yf__323.15__0.132,HFC_all,M0,R1234YF,HFO,HMIM,PF6,323.15,0.132,0.0235,0.035965949296951294,0.013733843849902998,0.012465949296951294,0.01379270851612091,0.01379270851612091,0.03309562802314758,0.03309562802314758,0.04409698396921158,0.04409698396921158,0.04918939247727394,0.04918939247727394,0.03965503349900246,0.03965503349900246
[hmim]__[PF6]__R1234yf__323.15__0.1845,HFC_all,M0,R1234YF,HFO,HMIM,PF6,323.15,0.1845,0.0334,0.04086709842085838,0.01653933364069161,0.007467098420858381,0.01368800550699234,0.01368800550699234,0.03767341747879982,0.03767341747879982,0.04937605559825897,0.04937605559825897,0.055914826691150665,0.055914826691150665,0.04768318682909012,0.04768318682909012
[hmim]__[PF6]__R1234yf__323.15__0.2401,HFC_all,M0,R1234YF,HFO,HMIM,PF6,323.15,0.2401,0.043,0.04579012170433998,0.01915886725977325,0.0027901217043399817,0.01412295550107956,0.01412295550107956,0.04283195734024048,0.04283195734024048,0.05385824292898178,0.05385824292898178,0.06348185241222382,0.06348185241222382,0.05465560033917427,0.05465560033917427
[hmim]__[PF6]__R1234yf__323.15__0.2945,HFC_all,M0,R1234YF,HFO,HMIM,PF6,323.15,0.2945,0.0513,0.05072328522801399,0.021900954316107158,0.0005767147719860088,0.0148683562874794,0.0148683562874794,0.048239246010780334,0.048239246010780334,0.0580742210149765,0.0580742210149765,0.07302521914243698,0.07302521914243698,0.059409383684396744,0.059409383684396744
[hmim]__[PF6]__R1234yf__323.15__0.3497,HFC_all,M0,R1234YF,HFO,HMIM,PF6,323.15,0.3497,0.0612,0.05572452396154404,0.02512280533863704,0.005475476038455961,0.01534845307469368,0.01534845307469368,0.05431997776031494,0.05431997776031494,0.06165987625718117,0.06165987625718117,0.08400938659906387,0.08400938659906387,0.06328492611646652,0.06328492611646652
[hmim]__[PF6]__R1234yf__323.15__0.4031,HFC_all,M0,R1234YF,HFO,HMIM,PF6,323.15,0.4031,0.0698,0.06059505045413971,0.028665557459765314,0.009204949545860291,0.01575527712702751,0.01575527712702751,0.06018279865384102,0.06018279865384102,0.06483214348554611,0.06483214348554611,0.09554232656955719,0.09554232656955719,0.06666270643472672,0.06666270643472672
[hmim]__[PF6]__R1234yf__333.15__0.0779,HFC_all,M0,R1234YF,HFO,HMIM,PF6,333.15,0.0779,0.0116,0.027073078602552415,0.008647224837992719,0.015473078602552415,0.013367589563131332,0.013367589563131332,0.026730939745903015,0.026730939745903015,0.030655935406684875,0.030655935406684875,0.036971721798181534,0.036971721798181534,0.027639206498861313,0.027639206498861313
[hmim]__[PF6]__R1234yf__333.15__0.1341,HFC_all,M0,R1234YF,HFO,HMIM,PF6,333.15,0.1341,0.0203,0.03242131546139717,0.011932543664225982,0.012121315461397171,0.013535279780626297,0.013535279780626297,0.02928631380200386,0.02928631380200386,0.03848232328891754,0.03848232328891754,0.04481351375579834,0.04481351375579834,0.035989146679639816,0.035989146679639816
[hmim]__[PF6]__R1234yf__333.15__0.192,HFC_all,M0,R1234YF,HFO,HMIM,PF6,333.15,0.192,0.0291,0.03603149950504303,0.015099891153579504,0.006931499505043029,0.011669285595417023,0.011669285595417023,0.03220754861831665,0.03220754861831665,0.04316549748182297,0.04316549748182297,0.05051965266466141,0.05051965266466141,0.0425955131649971,0.0425955131649971
[hmim]__[PF6]__R1234yf__333.15__0.2502,HFC_all,M0,R1234YF,HFO,HMIM,PF6,333.15,0.2502,0.0369,0.039400984346866605,0.01819082705676088,0.0025009843468666026,0.009747005999088287,0.009747005999088287,0.035551294684410095,0.035551294684410095,0.04730197787284851,0.04730197787284851,0.05663357675075531,0.05663357675075531,0.047771066427230835,0.047771066427230835
[hmim]__[PF6]__R1234yf__333.15__0.3069,HFC_all,M0,R1234YF,HFO,HMIM,PF6,333.15,0.3069,0.0447,0.04340784028172493,0.020745560998762753,0.0012921597182750655,0.009846463799476624,0.009846463799476624,0.039606064558029175,0.039606064558029175,0.05112438276410103,0.05112438276410103,0.06462207436561584,0.06462207436561584,0.05184021592140198,0.05184021592140198
[hmim]__[PF6]__R1234yf__333.15__0.3648,HFC_all,M0,R1234YF,HFO,HMIM,PF6,333.15,0.3648,0.0528,0.047564728558063506,0.023356426992066012,0.005235271441936494,0.010313604027032852,0.010313604027032852,0.04450755566358566,0.04450755566358566,0.0543084442615509,0.0543084442615509,0.07373663783073425,0.07373663783073425,0.054957401007413864,0.054957401007413864
[hmim]__[PF6]__R1234yf__333.15__0.4208,HFC_all,M0,R1234YF,HFO,HMIM,PF6,333.15,0.4208,0.0603,0.0517320953309536,0.025995590662355565,0.008567904669046403,0.01109696552157402,0.01109696552157402,0.04958610236644745,0.04958610236644745,0.05688152462244034,0.05688152462244034,0.08305144309997559,0.08305144309997559,0.0580444410443306,0.0580444410443306
[hmim]__[PF6]__R1234yf__343.15__0.0801,HFC_all,M0,R1234YF,HFO,HMIM,PF6,343.15,0.0801,0.01,0.02527407854795456,0.007741547278034104,0.015274078547954558,0.013197459280490875,0.013197459280490875,0.02541675791144371,0.02541675791144371,0.02633015066385269,0.02633015066385269,0.034810684621334076,0.034810684621334076,0.026615340262651443,0.026615340262651443
[hmim]__[PF6]__R1234yf__343.15__0.1362,HFC_all,M0,R1234YF,HFO,HMIM,PF6,343.15,0.1362,0.0173,0.029522962123155593,0.010638107650944726,0.012222962123155594,0.01299254223704338,0.01299254223704338,0.02673790231347084,0.02673790231347084,0.03295236453413963,0.03295236453413963,0.04157218337059021,0.04157218337059021,0.033359818160533905,0.033359818160533905
[hmim]__[PF6]__R1234yf__343.15__0.1997,HFC_all,M0,R1234YF,HFO,HMIM,PF6,343.15,0.1997,0.0245,0.03211405202746391,0.01387185947498432,0.007614052027463909,0.010094571858644485,0.010094571858644485,0.02828483283519745,0.02828483283519745,0.037443213164806366,0.037443213164806366,0.04632779583334923,0.04632779583334923,0.03841984644532204,0.03841984644532204
[hmim]__[PF6]__R1234yf__343.15__0.2602,HFC_all,M0,R1234YF,HFO,HMIM,PF6,343.15,0.2602,0.0314,0.034360898286104204,0.01677387458938546,0.0029608982861042063,0.007292129099369049,0.007292129099369049,0.030503954738378525,0.030503954738378525,0.04122959077358246,0.04122959077358246,0.0509340837597847,0.0509340837597847,0.04184473305940628,0.04184473305940628
[hmim]__[PF6]__R1234yf__343.15__0.3123,HFC_all,M0,R1234YF,HFO,HMIM,PF6,343.15,0.3123,0.038,0.03677384704351425,0.01929089184121126,0.001226152956485746,0.005664747208356857,0.005664747208356857,0.03280758112668991,0.03280758112668991,0.044143758714199066,0.044143758714199066,0.056411683559417725,0.056411683559417725,0.0448414646089077,0.0448414646089077
[hmim]__[PF6]__R1234yf__343.15__0.3719,HFC_all,M0,R1234YF,HFO,HMIM,PF6,343.15,0.3719,0.0448,0.04031902402639389,0.021738239975311862,0.0044809759736061106,0.00556689128279686,0.00556689128279686,0.03673100471496582,0.03673100471496582,0.047103401273489,0.047103401273489,0.06402497738599777,0.06402497738599777,0.04816884547472,0.04816884547472
[hmim]__[PF6]__R1234yf__343.15__0.4303,HFC_all,M0,R1234YF,HFO,HMIM,PF6,343.15,0.4303,0.0517,0.04401776492595673,0.024037682875135552,0.007682235074043274,0.006244540214538574,0.006244540214538574,0.040873169898986816,0.040873169898986816,0.04994376003742218,0.04994376003742218,0.07217211276292801,0.07217211276292801,0.05085524171590805,0.05085524171590805
[hmim]__[PF6]__R1234yf__303.08__0.138,HFC_all,M0,R1234YF,HFO,HMIM,PF6,303.08,0.138,0.031,0.046286195516586304,0.01770484666938467,0.015286195516586304,0.016436077654361725,0.016436077654361725,0.04651707410812378,0.04651707410812378,0.05431579425930977,0.05431579425930977,0.0627920925617218,0.0627920925617218,0.051369938999414444,0.051369938999414444
[hmim]__[PF6]__R1234yf__303.08__0.2,HFC_all,M0,R1234YF,HFO,HMIM,PF6,303.08,0.2,0.045,0.056696003302931786,0.022042422921359495,0.011696003302931787,0.019468864426016808,0.019468864426016808,0.05838671326637268,0.05838671326637268,0.06259479373693466,0.06259479373693466,0.07786953449249268,0.07786953449249268,0.0651601105928421,0.0651601105928421
[hmim]__[PF6]__R1234yf__303.12__0.287,HFC_all,M0,R1234YF,HFO,HMIM,PF6,303.12,0.287,0.067,0.07271786481142044,0.030436708937010164,0.005717864811420434,0.024897746741771698,0.024897746741771698,0.07547160983085632,0.07547160983085632,0.0741630494594574,0.0741630494594574,0.10965680330991745,0.10965680330991745,0.07940011471509933,0.07940011471509933
[hmim]__[PF6]__R1234yf__303.05__0.399,HFC_all,M0,R1234YF,HFO,HMIM,PF6,303.05,0.399,0.097,0.09199863374233246,0.04413675842931398,0.005001366257667547,0.03425674885511398,0.03425674885511398,0.08886320888996124,0.08886320888996124,0.08416847139596939,0.08416847139596939,0.15818464756011963,0.15818464756011963,0.09452009201049805,0.09452009201049805
[hmim]__[PF6]__R1234yf__303.37__0.548,HFC_all,M0,R1234YF,HFO,HMIM,PF6,303.37,0.548,0.138,0.11604366600513458,0.060977762688569616,0.021956333994865435,0.05100152641534805,0.05100152641534805,0.10633409023284912,0.10633409023284912,0.09624672681093216,0.09624672681093216,0.21664130687713623,0.21664130687713623,0.10999467968940735,0.10999467968940735
[hmim]__[PF6]__R1234yf__313.24__0.147,HFC_all,M0,R1234YF,HFO,HMIM,PF6,313.24,0.147,0.027,0.042385504394769666,0.016706275283029703,0.015385504394769666,0.014588676393032074,0.014588676393032074,0.04027111083269119,0.04027111083269119,0.05179671570658684,0.05179671570658684,0.05713929235935211,0.05713929235935211,0.04813172668218613,0.04813172668218613
[hmim]__[PF6]__R1234yf__313.15__0.214,HFC_all,M0,R1234YF,HFO,HMIM,PF6,313.15,0.214,0.038,0.05110697597265244,0.020275237384809453,0.013106975972652438,0.017020292580127716,0.017020292580127716,0.050093669444322586,0.050093669444322586,0.05892335623502731,0.05892335623502731,0.06965381652116776,0.06965381652116776,0.059843745082616806,0.059843745082616806
[hmim]__[PF6]__R1234yf__313.14__0.308,HFC_all,M0,R1234YF,HFO,HMIM,PF6,313.14,0.308,0.057,0.06274686940014362,0.026448101716410405,0.005746869400143621,0.01968885399401188,0.01968885399401188,0.06422409415245056,0.06422409415245056,0.06738835573196411,0.06738835573196411,0.09212601184844971,0.09212601184844971,0.07030703127384186,0.07030703127384186
[hmim]__[PF6]__R1234yf__313.12__0.431,HFC_all,M0,R1234YF,HFO,HMIM,PF6,313.12,0.431,0.081,0.07780395038425922,0.03783352807455903,0.003196049615740784,0.023680152371525764,0.023680152371525764,0.07739479839801788,0.07739479839801788,0.07625158131122589,0.07625158131122589,0.1305524706840515,0.1305524706840515,0.08114074915647507,0.08114074915647507
[hmim]__[PF6]__R1234yf__313.18__0.594,HFC_all,M0,R1234YF,HFO,HMIM,PF6,313.18,0.594,0.114,0.09914117902517319,0.0517847818596597,0.014858820974826811,0.03675913065671921,0.03675913065671921,0.09425587952136993,0.09425587952136993,0.08787737786769867,0.08787737786769867,0.18083801865577698,0.18083801865577698,0.09597548842430115,0.09597548842430115
[hmim]__[PF6]__R1234yf__323.25__0.156,HFC_all,M0,R1234YF,HFO,HMIM,PF6,323.25,0.156,0.022,0.03819015473127365,0.0149885769786542,0.01619015473127365,0.013755019754171371,0.013755019754171371,0.034933559596538544,0.034933559596538544,0.04674903303384781,0.04674903303384781,0.05191957950592041,0.05191957950592041,0.04359358176589012,0.04359358176589012
[hmim]__[PF6]__R1234yf__323.16__0.228,HFC_all,M0,R1234YF,HFO,HMIM,PF6,323.16,0.228,0.032,0.04470915496349335,0.01857181708242904,0.012709154963493348,0.014003973454236984,0.014003973454236984,0.04168345406651497,0.04168345406651497,0.05288786441087723,0.05288786441087723,0.06162881851196289,0.06162881851196289,0.053341664373874664,0.053341664373874664
[hmim]__[PF6]__R1234yf__323.14__0.328,HFC_all,M0,R1234YF,HFO,HMIM,PF6,323.14,0.328,0.048,0.05372092425823212,0.023768035716629828,0.0057209242582321185,0.015216067433357239,0.015216067433357239,0.05181662738323212,0.05181662738323212,0.06029035523533821,0.06029035523533821,0.07952073216438293,0.07952073216438293,0.06176083907485008,0.06176083907485008
[hmim]__[PF6]__R1234yf__323.11__0.46,HFC_all,M0,R1234YF,HFO,HMIM,PF6,323.11,0.46,0.068,0.06600362882018089,0.03293381193024912,0.0019963711798191147,0.016942519694566727,0.016942519694566727,0.06500964611768723,0.06500964611768723,0.06838031113147736,0.06838031113147736,0.10969603806734085,0.10969603806734085,0.0699896290898323,0.0699896290898323
[hmim]__[PF6]__R1234yf__323.19__0.638,HFC_all,M0,R1234YF,HFO,HMIM,PF6,323.19,0.638,0.094,0.0855265874415636,0.044736448681135035,0.008473412558436394,0.028817588463425636,0.028817588463425636,0.08101612329483032,0.08101612329483032,0.07937978953123093,0.07937978953123093,0.1542971432209015,0.1542971432209015,0.08412229269742966,0.08412229269742966
[hmim]__[PF6]__R1234yf__333.25__0.166,HFC_all,M0,R1234YF,HFO,HMIM,PF6,333.25,0.166,0.018,0.034359671920537946,0.013502297927193648,0.016359671920537947,0.012797780334949493,0.012797780334949493,0.030642271041870117,0.030642271041870117,0.04107770323753357,0.04107770323753357,0.047709811478853226,0.047709811478853226,0.03957079350948334,0.03957079350948334
[hmim]__[PF6]__R1234yf__333.18__0.24,HFC_all,M0,R1234YF,HFO,HMIM,PF6,333.18,0.24,0.027,0.038783054798841476,0.01767211081351011,0.011783054798841477,0.009999316185712814,0.009999316185712814,0.03491685166954994,0.03491685166954994,0.04663112014532089,0.04663112014532089,0.05546208843588829,0.05546208843588829,0.04690589755773544,0.04690589755773544
[hmim]__[PF6]__R1234yf__333.14__0.346,HFC_all,M0,R1234YF,HFO,HMIM,PF6,333.14,0.346,0.041,0.046220474690198896,0.022486372916807766,0.005220474690198894,0.010135732591152191,0.010135732591152191,0.04285300523042679,0.04285300523042679,0.0534442774951458,0.0534442774951458,0.07062868028879166,0.07062868028879166,0.05404067784547806,0.05404067784547806
[hmim]__[PF6]__R1234yf__333.17__0.488,HFC_all,M0,R1234YF,HFO,HMIM,PF6,333.17,0.488,0.057,0.05699005201458931,0.02956034348529572,9.94798541069375e-06,0.012440390884876251,0.012440390884876251,0.0548107847571373,0.0548107847571373,0.060767002403736115,0.060767002403736115,0.09533513337373734,0.09533513337373734,0.06159694865345955,0.06159694865345955
[hmim]__[PF6]__R1234yf__333.18__0.678,HFC_all,M0,R1234YF,HFO,HMIM,PF6,333.18,0.678,0.079,0.07436965070664883,0.039403075656461346,0.004630349293351169,0.023152587935328484,0.023152587935328484,0.06959949433803558,0.06959949433803558,0.07161767035722733,0.07161767035722733,0.1340026557445526,0.1340026557445526,0.07347584515810013,0.07347584515810013
[hmim]__[PF6]__R1234yf__343.25__0.174,HFC_all,M0,R1234YF,HFO,HMIM,PF6,343.25,0.174,0.015,0.0310536690056324,0.012602982629768781,0.0160536690056324,0.01127156987786293,0.01127156987786293,0.02736499533057213,0.02736499533057213,0.03572496771812439,0.03572496771812439,0.04444538429379463,0.04444538429379463,0.03646142780780792,0.03646142780780792
[hmim]__[PF6]__R1234yf__343.21__0.252,HFC_all,M0,R1234YF,HFO,HMIM,PF6,343.21,0.252,0.023,0.03399441316723824,0.01637754228954944,0.010994413167238239,0.007604394108057022,0.007604394108057022,0.030129700899124146,0.030129700899124146,0.0406634621322155,0.0406634621322155,0.05019792541861534,0.05019792541861534,0.04137658327817917,0.04137658327817917
[hmim]__[PF6]__R1234yf__343.15__0.364,HFC_all,M0,R1234YF,HFO,HMIM,PF6,343.15,0.364,0.035,0.03982498049736023,0.0214232626727406,0.004824980497360229,0.005521867424249649,0.005521867424249649,0.03616371005773544,0.03616371005773544,0.04672383517026901,0.04672383517026901,0.06295999884605408,0.06295999884605408,0.047755490988492966,0.047755490988492966
[hmim]__[PF6]__R1234yf__343.19__0.513,HFC_all,M0,R1234YF,HFO,HMIM,PF6,343.19,0.513,0.049,0.049304590374231336,0.027135480706601687,0.00030459037423133384,0.008481353521347046,0.008481353521347046,0.04625733941793442,0.04625733941793442,0.05308523774147034,0.05308523774147034,0.08437655121088028,0.08437655121088028,0.05432246997952461,0.05432246997952461
[hmim]__[PF6]__R1234yf__343.22__0.711,HFC_all,M0,R1234YF,HFO,HMIM,PF6,343.22,0.711,0.072,0.06533301994204521,0.03517075639545859,0.006666980057954783,0.019195858389139175,0.019195858389139175,0.06140756607055664,0.06140756607055664,0.06371120363473892,0.06371120363473892,0.11824561655521393,0.11824561655521393,0.06410485506057739,0.06410485506057739
[hmim]__[PF6]__R1234yf__353.27__0.182,HFC_all,M0,R1234YF,HFO,HMIM,PF6,353.27,0.182,0.012,0.028839510679244996,0.01187570760245423,0.016839510679244996,0.010521307587623596,0.010521307587623596,0.025671634823083878,0.025671634823083878,0.0310269296169281,0.0310269296169281,0.04219921678304672,0.04219921678304672,0.03477846458554268,0.03477846458554268
[hmim]__[PF6]__R1234yf__353.22__0.264,HFC_all,M0,R1234YF,HFO,HMIM,PF6,353.22,0.264,0.019,0.03053121343255043,0.01491795660570397,0.011531213432550431,0.006613828241825104,0.006613828241825104,0.027317386120557785,0.027317386120557785,0.03546726703643799,0.03546726703643799,0.04593776911497116,0.04593776911497116,0.037319816648960114,0.037319816648960114
[hmim]__[PF6]__R1234yf__353.18__0.381,HFC_all,M0,R1234YF,HFO,HMIM,PF6,353.18,0.381,0.03,0.034904823452234265,0.019839423957233388,0.0049048234522342665,0.003120042383670807,0.003120042383670807,0.03194937855005264,0.03194937855005264,0.04053492471575737,0.04053492471575737,0.05653117597103119,0.05653117597103119,0.04238859564065933,0.04238859564065933
[hmim]__[PF6]__R1234yf__353.2__0.538,HFC_all,M0,R1234YF,HFO,HMIM,PF6,353.2,0.538,0.043,0.043437786400318146,0.025137967578500526,0.0004377864003181492,0.005512140691280365,0.005512140691280365,0.04114465415477753,0.04114465415477753,0.04630192741751671,0.04630192741751671,0.07586590200662613,0.07586590200662613,0.04836430773139,0.04836430773139
[hmim]__[PF6]__R1234yf__353.22__0.747,HFC_all,M0,R1234YF,HFO,HMIM,PF6,353.22,0.747,0.063,0.05771910920739174,0.0318940521274759,0.00528089079260826,0.015647005289793015,0.015647005289793015,0.05465377867221832,0.05465377867221832,0.05603791028261185,0.05603791028261185,0.10552766174077988,0.10552766174077988,0.056729190051555634,0.056729190051555634
[hmim]__[PF6]__R1234ze(E)__283.15__0.0847,HFC_all,M0,R1234ZE(E),HFO,HMIM,PF6,283.15,0.0847,0.1078,0.07723669707775116,0.02320443493186266,0.030563302922248847,0.05522865802049637,0.05522865802049637,0.06849151104688644,0.06849151104688644,0.06909729540348053,0.06909729540348053,0.11630930751562119,0.11630930751562119,0.07705671340227127,0.07705671340227127
[hmim]__[PF6]__R1234ze(E)__283.15__0.1228,HFC_all,M0,R1234ZE(E),HFO,HMIM,PF6,283.15,0.1228,0.1578,0.10309386700391769,0.03810628612635609,0.054706132996082305,0.06988950818777084,0.06988950818777084,0.09129169583320618,0.09129169583320618,0.08735756576061249,0.08735756576061249,0.16863670945167542,0.16863670945167542,0.09829385578632355,0.09829385578632355
[hmim]__[PF6]__R1234ze(E)__283.15__0.1569,HFC_all,M0,R1234ZE(E),HFO,HMIM,PF6,283.15,0.1569,0.2072,0.1276405930519104,0.0547330219132378,0.0795594069480896,0.08395425975322723,0.08395425975322723,0.11203940212726593,0.11203940212726593,0.10238465666770935,0.10238465666770935,0.22291827201843262,0.22291827201843262,0.11690637469291687,0.11690637469291687
[hmim]__[PF6]__R1234ze(E)__283.15__0.1881,HFC_all,M0,R1234ZE(E),HFO,HMIM,PF6,283.15,0.1881,0.2552,0.1486607998609543,0.07037672823258688,0.10653920013904569,0.09538105130195618,0.09538105130195618,0.1288396269083023,0.1288396269083023,0.11502644419670105,0.11502644419670105,0.2718583941459656,0.2718583941459656,0.1321984827518463,0.1321984827518463
[hmim]__[PF6]__R1234ze(E)__283.15__0.2192,HFC_all,M0,R1234ZE(E),HFO,HMIM,PF6,283.15,0.2192,0.3015,0.16834956258535386,0.08532221806516485,0.13315043741464613,0.10580965131521225,0.10580965131521225,0.14362084865570068,0.14362084865570068,0.12826064229011536,0.12826064229011536,0.3182828426361084,0.3182828426361084,0.14577382802963257,0.14577382802963257
[hmim]__[PF6]__R1234ze(E)__283.15__0.2464,HFC_all,M0,R1234ZE(E),HFO,HMIM,PF6,283.15,0.2464,0.3472,0.18475673943758011,0.09743375436000469,0.1624432605624199,0.11492978781461716,0.11492978781461716,0.1562744379043579,0.1562744379043579,0.1396135836839676,0.1396135836839676,0.3563806414604187,0.3563806414604187,0.15658524632453918,0.15658524632453918
[hmim]__[PF6]__R1234ze(E)__293.15__0.0939,HFC_all,M0,R1234ZE(E),HFO,HMIM,PF6,293.15,0.0939,0.0905,0.07255285233259201,0.020883473708149677,0.017947147667407987,0.04385380446910858,0.04385380446910858,0.07158885896205902,0.07158885896205902,0.07137378305196762,0.07137378305196762,0.10285519063472748,0.10285519063472748,0.07309262454509735,0.07309262454509735
[hmim]__[PF6]__R1234ze(E)__293.15__0.1371,HFC_all,M0,R1234ZE(E),HFO,HMIM,PF6,293.15,0.1371,0.1327,0.0906487062573433,0.02974985174092312,0.04205129374265672,0.05366699397563934,0.05366699397563934,0.08652377128601074,0.08652377128601074,0.0857372060418129,0.0857372060418129,0.1368158757686615,0.1368158757686615,0.09049968421459198,0.09049968421459198
[hmim]__[PF6]__R1234ze(E)__293.15__0.1781,HFC_all,M0,R1234ZE(E),HFO,HMIM,PF6,293.15,0.1781,0.1708,0.1112090989947319,0.043525973566375074,0.05959090100526811,0.0632537305355072,0.0632537305355072,0.10451456904411316,0.10451456904411316,0.09843973070383072,0.09843973070383072,0.18232041597366333,0.18232041597366333,0.1075170487165451,0.1075170487165451
[hmim]__[PF6]__R1234ze(E)__293.15__0.2166,HFC_all,M0,R1234ZE(E),HFO,HMIM,PF6,293.15,0.2166,0.2089,0.13012172877788544,0.057845203109717865,0.07877827122211456,0.0717739462852478,0.0717739462852478,0.12050513923168182,0.12050513923168182,0.10936345905065536,0.10936345905065536,0.2270214557647705,0.2270214557647705,0.12194464355707169,0.12194464355707169
[hmim]__[PF6]__R1234ze(E)__293.15__0.2549,HFC_all,M0,R1234ZE(E),HFO,HMIM,PF6,293.15,0.2549,0.2478,0.14850029051303865,0.0728024706641741,0.09929970948696135,0.08114460110664368,0.08114460110664368,0.13375622034072876,0.13375622034072876,0.11973150074481964,0.11973150074481964,0.27275702357292175,0.27275702357292175,0.13511210680007935,0.13511210680007935
[hmim]__[PF6]__R1234ze(E)__293.15__0.2902,HFC_all,M0,R1234ZE(E),HFO,HMIM,PF6,293.15,0.2902,0.2861,0.1634933680295944,0.0863531785484459,0.12260663197040561,0.08948992192745209,0.08948992192745209,0.14241167902946472,0.14241167902946472,0.12804818153381348,0.12804818153381348,0.3128153383731842,0.3128153383731842,0.14470171928405762,0.14470171928405762
[hmim]__[PF6]__R1234ze(E)__303.15__0.103,HFC_all,M0,R1234ZE(E),HFO,HMIM,PF6,303.15,0.103,0.0744,0.07038595750927926,0.022121470252943035,0.004014042490720737,0.03960615023970604,0.03960615023970604,0.06916902959346771,0.06916902959346771,0.07220026850700378,0.07220026850700378,0.10205696523189545,0.10205696523189545,0.06889737397432327,0.06889737397432327
[hmim]__[PF6]__R1234ze(E)__303.15__0.1515,HFC_all,M0,R1234ZE(E),HFO,HMIM,PF6,303.15,0.1515,0.1078,0.08370065316557884,0.027408206097979428,0.024099346834421165,0.04570258781313896,0.04570258781313896,0.0814812183380127,0.0814812183380127,0.08312136679887772,0.08312136679887772,0.12311924248933792,0.12311924248933792,0.08507885038852692,0.08507885038852692
[hmim]__[PF6]__R1234ze(E)__303.15__0.1975,HFC_all,M0,R1234ZE(E),HFO,HMIM,PF6,303.15,0.1975,0.1389,0.0980100765824318,0.035760121908856926,0.0408899234175682,0.05060789734125137,0.05060789734125137,0.09696255624294281,0.09696255624294281,0.09250938892364502,0.09250938892364502,0.151267409324646,0.151267409324646,0.09870313107967377,0.09870313107967377
[hmim]__[PF6]__R1234ze(E)__303.15__0.2412,HFC_all,M0,R1234ZE(E),HFO,HMIM,PF6,303.15,0.2412,0.1706,0.11270698383450509,0.046332931384326696,0.057893016165494915,0.056000690907239914,0.056000690907239914,0.11084453761577606,0.11084453761577606,0.10125318169593811,0.10125318169593811,0.18503528833389282,0.18503528833389282,0.1104012206196785,0.1104012206196785
[hmim]__[PF6]__R1234ze(E)__303.15__0.2858,HFC_all,M0,R1234ZE(E),HFO,HMIM,PF6,303.15,0.2858,0.2018,0.1269317612051964,0.058216728868551865,0.07486823879480362,0.06288160383701324,0.06288160383701324,0.12048467248678207,0.12048467248678207,0.10869354009628296,0.10869354009628296,0.22201013565063477,0.22201013565063477,0.12058885395526886,0.12058885395526886
[hmim]__[PF6]__R1234ze(E)__303.15__0.3274,HFC_all,M0,R1234ZE(E),HFO,HMIM,PF6,303.15,0.3274,0.2336,0.13904793560504913,0.06925304791121055,0.09455206439495087,0.0698470026254654,0.0698470026254654,0.12765271961688995,0.12765271961688995,0.11434078216552734,0.11434078216552734,0.2553803622722626,0.2553803622722626,0.1280188113451004,0.1280188113451004
[hmim]__[PF6]__R1234ze(E)__313.15__0.1111,HFC_all,M0,R1234ZE(E),HFO,HMIM,PF6,313.15,0.1111,0.0615,0.06571168676018715,0.021190094113238356,0.0042116867601871555,0.03659044951200485,0.03659044951200485,0.06195634976029396,0.06195634976029396,0.06919094175100327,0.06919094175100327,0.0960584282875061,0.0960584282875061,0.06476226449012756,0.06476226449012756
[hmim]__[PF6]__R1234ze(E)__313.15__0.1641,HFC_all,M0,R1234ZE(E),HFO,HMIM,PF6,313.15,0.1641,0.0883,0.07608510851860047,0.02484149756736024,0.012214891481399537,0.04180724918842316,0.04180724918842316,0.07183372229337692,0.07183372229337692,0.0774504765868187,0.0774504765868187,0.1117391437292099,0.1117391437292099,0.07759495079517365,0.07759495079517365
[hmim]__[PF6]__R1234ze(E)__313.15__0.2143,HFC_all,M0,R1234ZE(E),HFO,HMIM,PF6,313.15,0.2143,0.1141,0.08712477535009384,0.030665869271414417,0.02697522464990615,0.04479878395795822,0.04479878395795822,0.0852108746767044,0.0852108746767044,0.08591535687446594,0.08591535687446594,0.13143816590309143,0.13143816590309143,0.0882606953382492,0.0882606953382492
[hmim]__[PF6]__R1234ze(E)__313.15__0.2626,HFC_all,M0,R1234ZE(E),HFO,HMIM,PF6,313.15,0.2626,0.1398,0.09728118553757667,0.0384566552285553,0.04251881446242334,0.046763431280851364,0.046763431280851364,0.09573029726743698,0.09573029726743698,0.09223364293575287,0.09223364293575287,0.15503346920013428,0.15503346920013428,0.09664508700370789,0.09664508700370789
[hmim]__[PF6]__R1234ze(E)__313.15__0.3119,HFC_all,M0,R1234ZE(E),HFO,HMIM,PF6,313.15,0.3119,0.1656,0.10752052068710327,0.04740610782145671,0.058079479312896726,0.049863673746585846,0.049863673746585846,0.10468221455812454,0.10468221455812454,0.0972648411989212,0.0972648411989212,0.18194058537483215,0.18194058537483215,0.10385128855705261,0.10385128855705261
[hmim]__[PF6]__R1234ze(E)__313.15__0.3585,HFC_all,M0,R1234ZE(E),HFO,HMIM,PF6,313.15,0.3585,0.1923,0.11678923740983009,0.055584967046352296,0.07551076259016991,0.05414419248700142,0.05414419248700142,0.11167006194591522,0.11167006194591522,0.101335808634758,0.101335808634758,0.2069096565246582,0.2069096565246582,0.10988646745681763,0.10988646745681763
[hmim]__[PF6]__R1234ze(E)__323.15__0.1188,HFC_all,M0,R1234ZE(E),HFO,HMIM,PF6,323.15,0.1188,0.0505,0.05974857211112976,0.019640215315973715,0.009248572111129755,0.03362011909484863,0.03362011909484863,0.05485071986913681,0.05485071986913681,0.06318113952875137,0.06318113952875137,0.08844137191772461,0.08844137191772461,0.05864951014518738,0.05864951014518738
[hmim]__[PF6]__R1234ze(E)__323.15__0.1755,HFC_all,M0,R1234ZE(E),HFO,HMIM,PF6,323.15,0.1755,0.0725,0.06750546246767045,0.0232216456137667,0.004994537532329549,0.03569881618022919,0.03569881618022919,0.06209339201450348,0.06209339201450348,0.06933794170618057,0.06933794170618057,0.10079625993967056,0.10079625993967056,0.0696009024977684,0.0696009024977684
[hmim]__[PF6]__R1234ze(E)__323.15__0.2294,HFC_all,M0,R1234ZE(E),HFO,HMIM,PF6,323.15,0.2294,0.094,0.07578391581773758,0.027839120132888324,0.01821608418226242,0.03804204612970352,0.03804204612970352,0.07118204981088638,0.07118204981088638,0.07597639411687851,0.07597639411687851,0.11643043160438538,0.11643043160438538,0.0772886574268341,0.0772886574268341
[hmim]__[PF6]__R1234ze(E)__323.15__0.2816,HFC_all,M0,R1234ZE(E),HFO,HMIM,PF6,323.15,0.2816,0.1155,0.08340201824903488,0.03325318844973768,0.03209798175096512,0.04002147912979126,0.04002147912979126,0.07887358963489532,0.07887358963489532,0.08142752200365067,0.08142752200365067,0.1335691511631012,0.1335691511631012,0.08311834931373596,0.08311834931373596
[hmim]__[PF6]__R1234ze(E)__323.15__0.3351,HFC_all,M0,R1234ZE(E),HFO,HMIM,PF6,323.15,0.3351,0.1369,0.09107195511460305,0.039706518873453334,0.04582804488539695,0.04217476770281792,0.04217476770281792,0.08701569586992264,0.08701569586992264,0.08464328944683075,0.08464328944683075,0.15312500298023224,0.15312500298023224,0.08840101957321167,0.08840101957321167
[hmim]__[PF6]__R1234ze(E)__323.15__0.3861,HFC_all,M0,R1234ZE(E),HFO,HMIM,PF6,323.15,0.3861,0.1587,0.09854878783226013,0.04672009120457503,0.06015121216773987,0.04367279261350632,0.04367279261350632,0.09404788911342621,0.09404788911342621,0.08803719282150269,0.08803719282150269,0.17315876483917236,0.17315876483917236,0.09382729977369308,0.09382729977369308
[hmim]__[PF6]__R1234ze(E)__333.15__0.1258,HFC_all,M0,R1234ZE(E),HFO,HMIM,PF6,333.15,0.1258,0.0418,0.0535039734095335,0.0181795527875966,0.011703973409533504,0.028878996148705482,0.028878996148705482,0.04902926832437515,0.04902926832437515,0.056918952614068985,0.056918952614068985,0.07965154945850372,0.07965154945850372,0.05304110050201416,0.05304110050201416
[hmim]__[PF6]__R1234ze(E)__333.15__0.1858,HFC_all,M0,R1234ZE(E),HFO,HMIM,PF6,333.15,0.1858,0.0605,0.05958341062068939,0.02155931601637467,0.0009165893793106061,0.02963203564286232,0.02963203564286232,0.05459923669695854,0.05459923669695854,0.06134884059429169,0.06134884059429169,0.09002567827701569,0.09002567827701569,0.062311261892318726,0.062311261892318726
[hmim]__[PF6]__R1234ze(E)__333.15__0.2431,HFC_all,M0,R1234ZE(E),HFO,HMIM,PF6,333.15,0.2431,0.0785,0.06534162499010562,0.02512282922524094,0.013158375009894377,0.030929362401366234,0.030929362401366234,0.06030112877488136,0.06030112877488136,0.0663997158408165,0.0663997158408165,0.10152161121368408,0.10152161121368408,0.06755630671977997,0.06755630671977997
[hmim]__[PF6]__R1234ze(E)__333.15__0.2987,HFC_all,M0,R1234ZE(E),HFO,HMIM,PF6,333.15,0.2987,0.0968,0.07135081738233566,0.029358369227832044,0.025449182617664337,0.032553501427173615,0.032553501427173615,0.06646604090929031,0.06646604090929031,0.0705866888165474,0.0705866888165474,0.1151406317949295,0.1151406317949295,0.07200722396373749,0.07200722396373749
[hmim]__[PF6]__R1234ze(E)__333.15__0.3559,HFC_all,M0,R1234ZE(E),HFO,HMIM,PF6,333.15,0.3559,0.1146,0.0774372473359108,0.0341246500625822,0.037162752664089194,0.034549012780189514,0.034549012780189514,0.07253477722406387,0.07253477722406387,0.07390910387039185,0.07390910387039185,0.13016392290592194,0.13016392290592194,0.07602941989898682,0.07602941989898682
[hmim]__[PF6]__R1234ze(E)__333.15__0.4107,HFC_all,M0,R1234ZE(E),HFO,HMIM,PF6,333.15,0.4107,0.133,0.08385929018259049,0.04019289612066342,0.04914070981740952,0.03548054397106171,0.03548054397106171,0.07914681732654572,0.07914681732654572,0.07697498798370361,0.07697498798370361,0.14741221070289612,0.14741221070289612,0.08028189092874527,0.08028189092874527
[hmim]__[PF6]__R1234ze(E)__343.15__0.1325,HFC_all,M0,R1234ZE(E),HFO,HMIM,PF6,343.15,0.1325,0.0344,0.04832650125026703,0.01612083148660082,0.01392650125026703,0.026004787534475327,0.026004787534475327,0.04429453983902931,0.04429453983902931,0.0508953258395195,0.0508953258395195,0.07107136398553848,0.07107136398553848,0.04936648905277252,0.04936648905277252
[hmim]__[PF6]__R1234ze(E)__343.15__0.1956,HFC_all,M0,R1234ZE(E),HFO,HMIM,PF6,343.15,0.1956,0.0504,0.05231439992785454,0.019276505820362305,0.0019143999278545404,0.02484108880162239,0.02484108880162239,0.047777481377124786,0.047777481377124786,0.05458705127239227,0.05458705127239227,0.07866451144218445,0.07866451144218445,0.05570186674594879,0.05570186674594879
[hmim]__[PF6]__R1234ze(E)__343.15__0.256,HFC_all,M0,R1234ZE(E),HFO,HMIM,PF6,343.15,0.256,0.0656,0.05652041025459766,0.02221611557381607,0.009079589745402343,0.0253159012645483,0.0253159012645483,0.05149608105421066,0.05149608105421066,0.05820271745324135,0.05820271745324135,0.08749944716691971,0.08749944716691971,0.0600879043340683,0.0600879043340683
[hmim]__[PF6]__R1234ze(E)__343.15__0.315,HFC_all,M0,R1234ZE(E),HFO,HMIM,PF6,343.15,0.315,0.0804,0.06154419630765915,0.025689931326654595,0.01885580369234085,0.02659035474061966,0.02659035474061966,0.0568612739443779,0.0568612739443779,0.06168995052576065,0.06168995052576065,0.09884530305862427,0.09884530305862427,0.06373409926891327,0.06373409926891327
[hmim]__[PF6]__R1234ze(E)__343.15__0.3755,HFC_all,M0,R1234ZE(E),HFO,HMIM,PF6,343.15,0.3755,0.0957,0.06681919768452645,0.02986372772011396,0.028880802315473547,0.027724377810955048,0.027724377810955048,0.06214337423443794,0.06214337423443794,0.0651898980140686,0.0651898980140686,0.11169876158237457,0.11169876158237457,0.06733957678079605,0.06733957678079605
[hmim]__[PF6]__R1234ze(E)__343.15__0.4342,HFC_all,M0,R1234ZE(E),HFO,HMIM,PF6,343.15,0.4342,0.1102,0.07204794473946094,0.03446401012059013,0.03815205526053907,0.02880267985165119,0.02880267985165119,0.06739869713783264,0.06739869713783264,0.0685056820511818,0.0685056820511818,0.12536963820457458,0.12536963820457458,0.07016302645206451,0.07016302645206451
[hmim]__[Tf2N]__R1234yf__292.29__0.0993,HFC_all,M0,R1234YF,HFO,HMIM,TF2N,292.29,0.0993,0.0775,0.07301223948597908,0.016202630921893554,0.0044877605140209165,0.05498340353369713,0.05498340353369713,0.06833217293024063,0.06833217293024063,0.07216764986515045,0.07216764986515045,0.09936743229627609,0.09936743229627609,0.0702105388045311,0.0702105388045311
[hmim]__[Tf2N]__R1234yf__293.01__0.1981,HFC_all,M0,R1234YF,HFO,HMIM,TF2N,293.01,0.1981,0.1543,0.11986786723136902,0.03734810009869882,0.03443213276863097,0.07947459816932678,0.07947459816932678,0.11367017030715942,0.11367017030715942,0.10938325524330139,0.10938325524330139,0.1813507378101349,0.1813507378101349,0.11546057462692261,0.11546057462692261
[hmim]__[Tf2N]__R1234yf__292.98__0.276,HFC_all,M0,R1234YF,HFO,HMIM,TF2N,292.98,0.276,0.2206,0.15502972304821014,0.052318448021576994,0.06557027695178985,0.10008303821086884,0.10008303821086884,0.14742335677146912,0.14742335677146912,0.13907410204410553,0.13907410204410553,0.24190494418144226,0.24190494418144226,0.14666317403316498,0.14666317403316498
[hmim]__[Tf2N]__R1234yf__293.64__0.3538,HFC_all,M0,R1234YF,HFO,HMIM,TF2N,293.64,0.3538,0.2792,0.17922723591327666,0.06457166752034796,0.09997276408672334,0.1173524409532547,0.1173524409532547,0.16722507774829865,0.16722507774829865,0.15768609941005707,0.15768609941005707,0.2889408469200134,0.2889408469200134,0.16493171453475952,0.16493171453475952
[hmim]__[Tf2N]__R1234yf__293.13__0.4344,HFC_all,M0,R1234YF,HFO,HMIM,TF2N,293.13,0.4343999999999999,0.3536,0.2042878031730652,0.07701991858179971,0.14931219682693483,0.13704006373882294,0.13704006373882294,0.1852571815252304,0.1852571815252304,0.1774497926235199,0.1774497926235199,0.3374159336090088,0.3374159336090088,0.1842760443687439,0.1842760443687439
[hmim]__[Tf2N]__R1234yf__303.05__0.1153,HFC_all,M0,R1234YF,HFO,HMIM,TF2N,303.05,0.1153,0.0689,0.0717354878783226,0.0167862223639338,0.002835487878322593,0.049317777156829834,0.049317777156829834,0.06954462081193924,0.06954462081193924,0.07531754672527313,0.07531754672527313,0.09613879770040512,0.09613879770040512,0.06835869699716568,0.06835869699716568
[hmim]__[Tf2N]__R1234yf__303.09__0.2306,HFC_all,M0,R1234YF,HFO,HMIM,TF2N,303.09,0.2306,0.1386,0.11315681040287018,0.035584038346511644,0.025443189597129823,0.06901603192090988,0.06901603192090988,0.11059695482254028,0.11059695482254028,0.10650431364774704,0.10650431364774704,0.1684899628162384,0.1684899628162384,0.11117678880691528,0.11117678880691528
[hmim]__[Tf2N]__R1234yf__303.07__0.3249,HFC_all,M0,R1234YF,HFO,HMIM,TF2N,303.07,0.3248999999999999,0.1991,0.14121111184358598,0.04922842443862333,0.05788888815641402,0.0863603726029396,0.0863603726029396,0.13557563722133636,0.13557563722133636,0.1267143040895462,0.1267143040895462,0.22131720185279846,0.22131720185279846,0.1360880434513092,0.1360880434513092
[hmim]__[Tf2N]__R1234yf__303.13__0.4161,HFC_all,M0,R1234YF,HFO,HMIM,TF2N,303.13,0.4161,0.2545,0.1622650370001793,0.058794767572672164,0.0922349629998207,0.10051990300416946,0.10051990300416946,0.1540137678384781,0.1540137678384781,0.143045574426651,0.143045574426651,0.2597768008708954,0.2597768008708954,0.15396913886070251,0.15396913886070251
[hmim]__[Tf2N]__R1234yf__303.15__0.5231,HFC_all,M0,R1234YF,HFO,HMIM,TF2N,303.15,0.5231,0.323,0.1851704239845276,0.0705609878804591,0.1378295760154724,0.11621901392936707,0.11621901392936707,0.17319351434707642,0.17319351434707642,0.16032323241233826,0.16032323241233826,0.30441349744796753,0.30441349744796753,0.17170286178588867,0.17170286178588867
[hmim]__[Tf2N]__R1234yf__313.06__0.1306,HFC_all,M0,R1234YF,HFO,HMIM,TF2N,313.06,0.1306,0.061,0.06895412132143974,0.015604405414843524,0.007954121321439744,0.04791991040110588,0.04791991040110588,0.06665552407503128,0.06665552407503128,0.07367310672998428,0.07367310672998428,0.09112109243869781,0.09112109243869781,0.06540097296237946,0.06540097296237946
[hmim]__[Tf2N]__R1234yf__313.06__0.2624,HFC_all,M0,R1234YF,HFO,HMIM,TF2N,313.06,0.2623999999999999,0.1238,0.10537485331296921,0.03269740979725565,0.018425146687030783,0.06269519776105881,0.06269519776105881,0.10387974977493286,0.10387974977493286,0.10202379524707794,0.10202379524707794,0.15475136041641235,0.15475136041641235,0.10352416336536407,0.10352416336536407
[hmim]__[Tf2N]__R1234yf__313.05__0.3724,HFC_all,M0,R1234YF,HFO,HMIM,TF2N,313.05,0.3723999999999999,0.1789,0.12797971665859223,0.04495070214781046,0.050920283341407774,0.07543466985225677,0.07543466985225677,0.12429681420326233,0.12429681420326233,0.11669546365737915,0.11669546365737915,0.19982409477233887,0.19982409477233887,0.123647540807724,0.123647540807724
[hmim]__[Tf2N]__R1234yf__313.13__0.4807,HFC_all,M0,R1234YF,HFO,HMIM,TF2N,313.13,0.4807,0.2292,0.1465025246143341,0.054215680469373195,0.08269747538566588,0.0857275128364563,0.0857275128364563,0.14220783114433289,0.14220783114433289,0.13009700179100037,0.13009700179100037,0.23444747924804688,0.23444747924804688,0.1400327980518341,0.1400327980518341
[hmim]__[Tf2N]__R1234yf__313.2__0.6103,HFC_all,M0,R1234YF,HFO,HMIM,TF2N,313.2,0.6103,0.2925,0.16973840296268464,0.06550649592937828,0.12276159703731535,0.10190586745738983,0.10190586745738983,0.16187307238578796,0.16187307238578796,0.14723265171051025,0.14723265171051025,0.2787267863750458,0.2787267863750458,0.15895363688468933,0.15895363688468933
[hmim]__[Tf2N]__R1234yf__323.08__0.1457,HFC_all,M0,R1234YF,HFO,HMIM,TF2N,323.08,0.1457,0.0537,0.06506367623806,0.014443775640626365,0.011363676238060005,0.04571286588907242,0.04571286588907242,0.061503760516643524,0.061503760516643524,0.07041401416063309,0.07041401416063309,0.08534504473209381,0.08534504473209381,0.06234269589185715,0.06234269589185715
[hmim]__[Tf2N]__R1234yf__323.06__0.2938,HFC_all,M0,R1234YF,HFO,HMIM,TF2N,323.06,0.2938,0.1098,0.09703006744384765,0.029762386623261926,0.012769932556152344,0.05890342593193054,0.05890342593193054,0.09381993114948273,0.09381993114948273,0.09594321250915527,0.09594321250915527,0.14251315593719482,0.14251315593719482,0.09397061169147491,0.09397061169147491
[hmim]__[Tf2N]__R1234yf__323.05__0.4192,HFC_all,M0,R1234YF,HFO,HMIM,TF2N,323.05,0.4191999999999999,0.1596,0.11585435569286347,0.04080379691008051,0.043745644307136525,0.06662567704916,0.06662567704916,0.11252561956644058,0.11252561956644058,0.10861652344465256,0.10861652344465256,0.18028554320335388,0.18028554320335388,0.1112184152007103,0.1112184152007103
[hmim]__[Tf2N]__R1234yf__323.13__0.5437,HFC_all,M0,R1234YF,HFO,HMIM,TF2N,323.13,0.5437000000000001,0.205,0.13348667919635773,0.050290748276472286,0.07151332080364226,0.07638512551784515,0.07638512551784515,0.12860141694545746,0.12860141694545746,0.1201895922422409,0.1201895922422409,0.21484097838401794,0.21484097838401794,0.12741628289222717,0.12741628289222717
[hmim]__[Tf2N]__R1234yf__323.19__0.6954,HFC_all,M0,R1234YF,HFO,HMIM,TF2N,323.19,0.6954,0.2628,0.15802229195833206,0.060765183266775526,0.10477770804166792,0.09546919912099838,0.09546919912099838,0.15034040808677673,0.15034040808677673,0.13794764876365662,0.13794764876365662,0.2593768537044525,0.2593768537044525,0.14697735011577606,0.14697735011577606
[hmim]__[Tf2N]__R1234yf__333.1__0.1609,HFC_all,M0,R1234YF,HFO,HMIM,TF2N,333.1,0.1609,0.0474,0.060718757659196855,0.01344015848386047,0.013318757659196857,0.042354386299848557,0.042354386299848557,0.05647081136703491,0.05647081136703491,0.06579752266407013,0.06579752266407013,0.07917443662881851,0.07917443662881851,0.05979663133621216,0.05979663133621216
[hmim]__[Tf2N]__R1234yf__333.09__0.3241,HFC_all,M0,R1234YF,HFO,HMIM,TF2N,333.09,0.3241,0.0972,0.08820322528481483,0.027031714488048277,0.00899677471518516,0.05458024516701698,0.05458024516701698,0.08334444463253021,0.08334444463253021,0.08782445639371872,0.08782445639371872,0.1301449090242386,0.1301449090242386,0.08512207120656967,0.08512207120656967
[hmim]__[Tf2N]__R1234yf__333.17__0.4644,HFC_all,M0,R1234YF,HFO,HMIM,TF2N,333.17,0.4644,0.142,0.10531673207879066,0.03723564261206414,0.03668326792120932,0.06135321035981178,0.06135321035981178,0.1006992980837822,0.1006992980837822,0.09953029453754425,0.09953029453754425,0.16475310921669006,0.16475310921669006,0.10024774819612503,0.10024774819612503
[hmim]__[Tf2N]__R1234yf__333.21__0.6016,HFC_all,M0,R1234YF,HFO,HMIM,TF2N,333.21,0.6016,0.1844,0.1226506620645523,0.04625762365125923,0.06174933793544771,0.07194501906633377,0.07194501906633377,0.11680740118026733,0.11680740118026733,0.11010496318340302,0.11010496318340302,0.19848620891571045,0.19848620891571045,0.11590971797704697,0.11590971797704697
[hmim]__[Tf2N]__R1234yf__333.21__0.7763,HFC_all,M0,R1234YF,HFO,HMIM,TF2N,333.21,0.7763,0.2355,0.14854311496019362,0.055094741556991615,0.08695688503980636,0.09520366042852402,0.09520366042852402,0.13837502896785736,0.13837502896785736,0.13062900304794312,0.13062900304794312,0.24196815490722656,0.24196815490722656,0.13653972744941711,0.13653972744941711
[hmim]__[Tf2N]__R1234yf__343.11__0.176,HFC_all,M0,R1234YF,HFO,HMIM,TF2N,343.11,0.176,0.0422,0.05664082616567612,0.012234027246753591,0.014440826165676116,0.03956962004303932,0.03956962004303932,0.052979253232479095,0.052979253232479095,0.06033257395029068,0.06033257395029068,0.07337794452905655,0.07337794452905655,0.05694473907351494,0.05694473907351494
[hmim]__[Tf2N]__R1234yf__343.1__0.3531,HFC_all,M0,R1234YF,HFO,HMIM,TF2N,343.1,0.3531,0.0869,0.07975635156035424,0.024041176968388225,0.007143648439645767,0.050710808485746384,0.050710808485746384,0.07486706972122192,0.07486706972122192,0.07832401990890503,0.07832401990890503,0.11765000969171524,0.11765000969171524,0.07722984999418259,0.07722984999418259
[hmim]__[Tf2N]__R1234yf__343.19__0.5069,HFC_all,M0,R1234YF,HFO,HMIM,TF2N,343.19,0.5069,0.1265,0.09635274708271027,0.03394469445312416,0.03014725291728973,0.058598875999450684,0.058598875999450684,0.09055745601654053,0.09055745601654053,0.09009714424610138,0.09009714424610138,0.15183812379837036,0.15183812379837036,0.09067213535308838,0.09067213535308838
[hmim]__[Tf2N]__R1234yf__343.21__0.6585,HFC_all,M0,R1234YF,HFO,HMIM,TF2N,343.21,0.6585,0.1648,0.11394752115011215,0.04219084686112288,0.05085247884988785,0.07003893703222275,0.07003893703222275,0.10682150721549988,0.10682150721549988,0.10125745832920074,0.10125745832920074,0.18421605229377747,0.18421605229377747,0.10740365087985992,0.10740365087985992
[hmim]__[Tf2N]__R1234yf__343.19__0.8529,HFC_all,M0,R1234YF,HFO,HMIM,TF2N,343.19,0.8529,0.2119,0.14030863344669342,0.050314931420806105,0.07159136655330658,0.09530185908079147,0.09530185908079147,0.12840114533901215,0.12840114533901215,0.12270709127187729,0.12270709127187729,0.22692671418190002,0.22692671418190002,0.12820635735988617,0.12820635735988617
[hmim]__[Tf2N]__R1234yf__353.11__0.1899,HFC_all,M0,R1234YF,HFO,HMIM,TF2N,353.11,0.1899,0.0376,0.05281925797462463,0.010930037142576827,0.015219257974624631,0.03718144819140434,0.03718144819140434,0.050364162772893906,0.050364162772893906,0.054817259311676025,0.054817259311676025,0.06771431118249893,0.06771431118249893,0.05401910841464996,0.05401910841464996
[hmim]__[Tf2N]__R1234yf__353.11__0.3811,HFC_all,M0,R1234YF,HFO,HMIM,TF2N,353.11,0.3811,0.0757,0.0728784017264843,0.021867286468992903,0.0028215982735157047,0.04687469080090523,0.04687469080090523,0.06819067895412445,0.06819067895412445,0.07063212990760803,0.07063212990760803,0.10760996490716934,0.10760996490716934,0.07108454406261444,0.07108454406261444
[hmim]__[Tf2N]__R1234yf__353.19__0.5472,HFC_all,M0,R1234YF,HFO,HMIM,TF2N,353.19,0.5472,0.1121,0.08845895305275916,0.031245507692333002,0.02364104694724084,0.055662643164396286,0.055662643164396286,0.08222390711307526,0.08222390711307526,0.08102043718099594,0.08102043718099594,0.1404653787612915,0.1404653787612915,0.08292239904403687,0.08292239904403687
[hmim]__[Tf2N]__R1234yf__353.21__0.7125,HFC_all,M0,R1234YF,HFO,HMIM,TF2N,353.21,0.7125,0.1476,0.1059866189956665,0.038791569002550735,0.04161338100433351,0.06774310767650604,0.06774310767650604,0.0976090133190155,0.0976090133190155,0.09337455034255981,0.09337455034255981,0.17147132754325867,0.17147132754325867,0.09973509609699249,0.09973509609699249
[hmim]__[Tf2N]__R1234yf__353.21__0.9251,HFC_all,M0,R1234YF,HFO,HMIM,TF2N,353.21,0.9251,0.1904,0.13247119188308715,0.04630081630084563,0.05792880811691287,0.09468117356300354,0.09468117356300354,0.1193157359957695,0.1193157359957695,0.11522187292575836,0.11522187292575836,0.21321141719818115,0.21321141719818115,0.11992575973272324,0.11992575973272324
[hmim]__[Tf2N]__R1234ze(E)__293.12__0.0497,HFC_all,M0,R1234ZE(E),HFO,HMIM,TF2N,293.12,0.0497,0.0565,0.08462835550308227,0.015378834281247112,0.02812835550308227,0.06996524333953857,0.06996524333953857,0.07765057682991028,0.07765057682991028,0.0829811543226242,0.0829811543226242,0.1105632558465004,0.1105632558465004,0.08198154717683792,0.08198154717683792
[hmim]__[Tf2N]__R1234ze(E)__292.98__0.1065,HFC_all,M0,R1234ZE(E),HFO,HMIM,TF2N,292.98,0.1065,0.1263,0.12566567361354827,0.029071722974743575,0.0006343263864517223,0.09900204837322235,0.09900204837322235,0.11741411685943604,0.11741411685943604,0.11861887574195862,0.11861887574195862,0.17555654048919678,0.17555654048919678,0.11773678660392761,0.11773678660392761
[hmim]__[Tf2N]__R1234ze(E)__293.1__0.1609,HFC_all,M0,R1234ZE(E),HFO,HMIM,TF2N,293.1,0.1609,0.2017,0.16559784710407258,0.04754548055481104,0.036102152895927414,0.12228615581989288,0.12228615581989288,0.15592962503433228,0.15592962503433228,0.14930853247642517,0.14930853247642517,0.24718168377876282,0.24718168377876282,0.1532832384109497,0.1532832384109497
[hmim]__[Tf2N]__R1234ze(E)__293.1__0.2212,HFC_all,M0,R1234ZE(E),HFO,HMIM,TF2N,293.1,0.2211999999999999,0.2816,0.20694920420646667,0.06742571320130639,0.07465079579353334,0.14655745029449463,0.14655745029449463,0.1938077211380005,0.1938077211380005,0.18305599689483643,0.18305599689483643,0.322923868894577,0.322923868894577,0.1884009838104248,0.1884009838104248
[hmim]__[Tf2N]__R1234ze(E)__293.1__0.2579,HFC_all,M0,R1234ZE(E),HFO,HMIM,TF2N,293.1,0.2578999999999999,0.3312,0.22922763526439666,0.07930521976024334,0.10197236473560334,0.16304808855056763,0.16304808855056763,0.21228522062301636,0.21228522062301636,0.1997668296098709,0.1997668296098709,0.3670209050178528,0.3670209050178528,0.20401713252067566,0.20401713252067566
[hmim]__[Tf2N]__R1234ze(E)__303.15__0.0608,HFC_all,M0,R1234ZE(E),HFO,HMIM,TF2N,303.15,0.0608,0.0498,0.08445358276367188,0.01523639303394476,0.03465358276367188,0.0662921592593193,0.0662921592593193,0.08316652476787567,0.08316652476787567,0.08494529128074646,0.08494529128074646,0.10837453603744507,0.10837453603744507,0.07948940247297287,0.07948940247297287
[hmim]__[Tf2N]__R1234ze(E)__303.13__0.1311,HFC_all,M0,R1234ZE(E),HFO,HMIM,TF2N,303.13,0.1311,0.1135,0.12214835435152054,0.027201002742248216,0.008648354351520532,0.09160882234573364,0.09160882234573364,0.11816965043544769,0.11816965043544769,0.1187860518693924,0.1187860518693924,0.1664096862077713,0.1664096862077713,0.11576756089925766,0.11576756089925766
[hmim]__[Tf2N]__R1234ze(E)__303.34__0.2012,HFC_all,M0,R1234ZE(E),HFO,HMIM,TF2N,303.34,0.2012,0.1833,0.1610205888748169,0.04474102872960489,0.022279411125183085,0.11352981626987457,0.11352981626987457,0.1543554961681366,0.1543554961681366,0.14893682301044464,0.14893682301044464,0.23517319560050964,0.23517319560050964,0.15310761332511902,0.15310761332511902
[hmim]__[Tf2N]__R1234ze(E)__303.23__0.2755,HFC_all,M0,R1234ZE(E),HFO,HMIM,TF2N,303.23,0.2755,0.2609,0.19495735466480255,0.06220201501174961,0.06594264533519748,0.13483987748622894,0.13483987748622894,0.18398740887641907,0.18398740887641907,0.17604348063468933,0.17604348063468933,0.30051401257514954,0.30051401257514954,0.17940199375152588,0.17940199375152588
[hmim]__[Tf2N]__R1234ze(E)__303.15__0.3255,HFC_all,M0,R1234ZE(E),HFO,HMIM,TF2N,303.15,0.3255,0.308,0.21254513263702393,0.07223556401544926,0.09545486736297606,0.1486363559961319,0.1486363559961319,0.19798091053962708,0.19798091053962708,0.18864399194717407,0.18864399194717407,0.33709418773651123,0.33709418773651123,0.19037021696567535,0.19037021696567535
[hmim]__[Tf2N]__R1234ze(E)__313.15__0.0727,HFC_all,M0,R1234ZE(E),HFO,HMIM,TF2N,313.15,0.0727,0.0429,0.08283486366271972,0.015541352521045975,0.03993486366271972,0.06334854662418365,0.06334854662418365,0.08390336483716965,0.08390336483716965,0.08470460027456284,0.08470460027456284,0.10602300614118576,0.10602300614118576,0.07619480043649673,0.07619480043649673
[hmim]__[Tf2N]__R1234ze(E)__313.11__0.1571,HFC_all,M0,R1234ZE(E),HFO,HMIM,TF2N,313.11,0.1571,0.1002,0.11863431930541993,0.026402098563307875,0.01843431930541993,0.08629649132490158,0.08629649132490158,0.11627287417650223,0.11627287417650223,0.11593659222126007,0.11593659222126007,0.16003112494945526,0.16003112494945526,0.11463451385498047,0.11463451385498047
[hmim]__[Tf2N]__R1234ze(E)__313.09__0.2414,HFC_all,M0,R1234ZE(E),HFO,HMIM,TF2N,313.09,0.2414,0.1652,0.15333635061979295,0.04263242561103873,0.011863649380207064,0.10560040920972824,0.10560040920972824,0.14796864986419678,0.14796864986419678,0.14339375495910645,0.14339375495910645,0.22278237342834473,0.22278237342834473,0.1469365656375885,0.1469365656375885
[hmim]__[Tf2N]__R1234ze(E)__313.22__0.3352,HFC_all,M0,R1234ZE(E),HFO,HMIM,TF2N,313.22,0.3352,0.2376,0.1791074424982071,0.057025579444928635,0.05849255750179291,0.12385755777359009,0.12385755777359009,0.1681402176618576,0.1681402176618576,0.16261234879493713,0.16261234879493713,0.2758805751800537,0.2758805751800537,0.16504651308059692,0.16504651308059692
[hmim]__[Tf2N]__R1234ze(E)__313.17__0.3983,HFC_all,M0,R1234ZE(E),HFO,HMIM,TF2N,313.17,0.3983,0.2822,0.19295459389686584,0.06514150814717833,0.08924540610313417,0.13216416537761688,0.13216416537761688,0.18074919283390045,0.18074919283390045,0.17353284358978271,0.17353284358978271,0.3042844533920288,0.3042844533920288,0.17404231429100037,0.17404231429100037
[hmim]__[Tf2N]__R1234ze(E)__323.19__0.0852,HFC_all,M0,R1234ZE(E),HFO,HMIM,TF2N,323.19,0.0852,0.038,0.07966470345854759,0.01593288470045681,0.04166470345854759,0.05990155413746834,0.05990155413746834,0.08061356842517853,0.08061356842517853,0.08285301178693771,0.08285301178693771,0.10315719991922379,0.10315719991922379,0.0717981830239296,0.0717981830239296
[hmim]__[Tf2N]__R1234ze(E)__324.14__0.1835,HFC_all,M0,R1234ZE(E),HFO,HMIM,TF2N,324.14,0.1835,0.0876,0.11269445717334747,0.02585775670413952,0.025094457173347476,0.08021751791238785,0.08021751791238785,0.11062660813331604,0.11062660813331604,0.1117357537150383,0.1117357537150383,0.15263064205646515,0.15263064205646515,0.10826176404953003,0.10826176404953003
[hmim]__[Tf2N]__R1234ze(E)__323.09__0.2839,HFC_all,M0,R1234ZE(E),HFO,HMIM,TF2N,323.09,0.2839,0.1463,0.14354466497898102,0.0405495977785621,0.0027553350210189897,0.09878697991371155,0.09878697991371155,0.13662926852703094,0.13662926852703094,0.13616573810577393,0.13616573810577393,0.21000295877456665,0.21000295877456665,0.13613837957382202,0.13613837957382202
[hmim]__[Tf2N]__R1234ze(E)__323.21__0.3972,HFC_all,M0,R1234ZE(E),HFO,HMIM,TF2N,323.21,0.3972,0.2133,0.16376677006483079,0.052518359883692745,0.049533229935169204,0.11178106814622879,0.11178106814622879,0.15445837378501892,0.15445837378501892,0.15026019513607025,0.15026019513607025,0.25246796011924744,0.25246796011924744,0.1498662531375885,0.1498662531375885
[hmim]__[Tf2N]__R1234ze(E)__323.18__0.4742,HFC_all,M0,R1234ZE(E),HFO,HMIM,TF2N,323.18,0.4742,0.2548,0.17680566459894181,0.060320328565631,0.07799433540105821,0.1193317398428917,0.1193317398428917,0.1669670194387436,0.1669670194387436,0.1596200168132782,0.1596200168132782,0.27942362427711487,0.27942362427711487,0.15868592262268066,0.15868592262268066
[hmim]__[Tf2N]__R1234ze(E)__333.2__0.0977,HFC_all,M0,R1234ZE(E),HFO,HMIM,TF2N,333.2,0.0977,0.0334,0.07544150948524475,0.01569653566373914,0.04204150948524475,0.05612470954656601,0.05612470954656601,0.07482712715864182,0.07482712715864182,0.07895289361476898,0.07895289361476898,0.0988972932100296,0.0988972932100296,0.06840552389621735,0.06840552389621735
[hmim]__[Tf2N]__R1234ze(E)__333.17__0.2102,HFC_all,M0,R1234ZE(E),HFO,HMIM,TF2N,333.17,0.2102,0.0745,0.10769845992326736,0.026111751294122337,0.033198459923267365,0.07536311447620392,0.07536311447620392,0.10498863458633423,0.10498863458633423,0.1067446917295456,0.1067446917295456,0.14834196865558624,0.14834196865558624,0.10305389016866684,0.10305389016866684
[hmim]__[Tf2N]__R1234ze(E)__333.11__0.3263,HFC_all,M0,R1234ZE(E),HFO,HMIM,TF2N,333.11,0.3263,0.1279,0.13266575932502747,0.03803557082298847,0.004765759325027458,0.09236267954111099,0.09236267954111099,0.12577509880065918,0.12577509880065918,0.12548169493675232,0.12548169493675232,0.19580543041229248,0.19580543041229248,0.12390389293432236,0.12390389293432236
[hmim]__[Tf2N]__R1234ze(E)__333.21__0.4586,HFC_all,M0,R1234ZE(E),HFO,HMIM,TF2N,333.21,0.4586,0.1895,0.1512690618634224,0.049885355571432116,0.0382309381365776,0.10293558984994888,0.10293558984994888,0.14270514249801636,0.14270514249801636,0.1379283368587494,0.1379283368587494,0.235885888338089,0.235885888338089,0.13689035177230835,0.13689035177230835
[hmim]__[Tf2N]__R1234ze(E)__333.2__0.55,HFC_all,M0,R1234ZE(E),HFO,HMIM,TF2N,333.2,0.55,0.2273,0.16413810700178147,0.05698928331200459,0.06316189299821853,0.1117122545838356,0.1117122545838356,0.15485306084156036,0.15485306084156036,0.14603272080421448,0.14603272080421448,0.2616800367832184,0.2616800367832184,0.1464124619960785,0.1464124619960785
[hmim]__[Tf2N]__R1234ze(E)__343.2__0.1099,HFC_all,M0,R1234ZE(E),HFO,HMIM,TF2N,343.2,0.1099,0.0274,0.07098472490906715,0.014827415758927284,0.04358472490906715,0.05200766399502754,0.05200766399502754,0.07011890411376953,0.07011890411376953,0.07376977801322937,0.07376977801322937,0.0930282473564148,0.0930282473564148,0.06599903106689453,0.06599903106689453
[hmim]__[Tf2N]__R1234ze(E)__343.18__0.2359,HFC_all,M0,R1234ZE(E),HFO,HMIM,TF2N,343.18,0.2359,0.0629,0.09935389757156372,0.024727016485857897,0.036453897571563726,0.06896652281284332,0.06896652281284332,0.09585642069578171,0.09585642069578171,0.09870613366365433,0.09870613366365433,0.1379908174276352,0.1379908174276352,0.09524959325790405,0.09524959325790405
[hmim]__[Tf2N]__R1234ze(E)__343.11__0.3663,HFC_all,M0,R1234ZE(E),HFO,HMIM,TF2N,343.11,0.3663,0.1114,0.12132754772901536,0.03485689786548374,0.009927547729015357,0.08567735552787781,0.08567735552787781,0.11450676620006561,0.11450676620006561,0.11454509198665619,0.11454509198665619,0.17974480986595154,0.17974480986595154,0.1121637150645256,0.1121637150645256
[hmim]__[Tf2N]__R1234ze(E)__343.22__0.5186,HFC_all,M0,R1234ZE(E),HFO,HMIM,TF2N,343.22,0.5186000000000001,0.1666,0.13963559567928313,0.04580272365206271,0.026964404320716867,0.09744039177894592,0.09744039177894592,0.13180334866046906,0.13180334866046906,0.1254897117614746,0.1254897117614746,0.21803945302963257,0.21803945302963257,0.12540507316589355,0.12540507316589355
[hmim]__[Tf2N]__R1234ze(E)__343.21__0.6234,HFC_all,M0,R1234ZE(E),HFO,HMIM,TF2N,343.21,0.6234,0.201,0.1534503310918808,0.052019352917686966,0.04754966890811921,0.10901595652103424,0.10901595652103424,0.1437949240207672,0.1437949240207672,0.13429559767246246,0.13429559767246246,0.24349135160446167,0.24349135160446167,0.1366538256406784,0.1366538256406784
[hmim]__[Tf2N]__R1234ze(E)__353.21__0.1221,HFC_all,M0,R1234ZE(E),HFO,HMIM,TF2N,353.21,0.1221,0.0228,0.06640293076634407,0.01313948325669961,0.04360293076634407,0.04840061441063881,0.04840061441063881,0.06604987382888794,0.06604987382888794,0.06837379932403564,0.06837379932403564,0.0852784812450409,0.0852784812450409,0.06391188502311707,0.06391188502311707
[hmim]__[Tf2N]__R1234ze(E)__353.21__0.2612,HFC_all,M0,R1234ZE(E),HFO,HMIM,TF2N,353.21,0.2612,0.0535,0.09014065712690353,0.022466548428669353,0.03664065712690353,0.06264755129814148,0.06264755129814148,0.08649137616157532,0.08649137616157532,0.0895099937915802,0.0895099937915802,0.12532269954681396,0.12532269954681396,0.08673166483640671,0.08673166483640671
[hmim]__[Tf2N]__R1234ze(E)__353.14__0.4066,HFC_all,M0,R1234ZE(E),HFO,HMIM,TF2N,353.14,0.4066,0.0952,0.11070348620414734,0.03171131066738988,0.015503486204147335,0.07927335053682327,0.07927335053682327,0.10450351238250732,0.10450351238250732,0.10330531746149063,0.10330531746149063,0.16426299512386322,0.16426299512386322,0.10217225551605225,0.10217225551605225
[hmim]__[Tf2N]__R1234ze(E)__353.22__0.5758,HFC_all,M0,R1234ZE(E),HFO,HMIM,TF2N,353.22,0.5758,0.1457,0.12938048392534257,0.041888200532285494,0.016319516074657425,0.09320554882287979,0.09320554882287979,0.12167936563491821,0.12167936563491821,0.11437824368476868,0.11437824368476868,0.20178565382957458,0.20178565382957458,0.11585360765457153,0.11585360765457153
[hmim]__[Tf2N]__R1234ze(E)__353.23__0.6937,HFC_all,M0,R1234ZE(E),HFO,HMIM,TF2N,353.23,0.6937000000000001,0.1766,0.14411742389202117,0.0481022878977522,0.03248257610797883,0.10688278079032898,0.10688278079032898,0.132935032248497,0.132935032248497,0.12399299442768097,0.12399299442768097,0.2283376157283783,0.2283376157283783,0.12843869626522064,0.12843869626522064
[hmim]__[Tf2N]__R1233zd(E)__303.24__0.009,HFC_all,M0,R1233ZD(E),HCFO,HMIM,TF2N,303.24,0.009,0.014,0.08166866302490235,0.007211068772844665,0.06766866302490235,0.0689191073179245,0.0689191073179245,0.08500063419342041,0.08500063419342041,0.0853920727968216,0.0853920727968216,0.08597678691148758,0.08597678691148758,0.08305471390485764,0.08305471390485764
[hmim]__[Tf2N]__R1233zd(E)__303.16__0.02,HFC_all,M0,R1233ZD(E),HCFO,HMIM,TF2N,303.16,0.02,0.027,0.08935545086860656,0.008307726598354409,0.06235545086860657,0.07465898990631104,0.07465898990631104,0.09291510283946991,0.09291510283946991,0.09319105744361877,0.09319105744361877,0.09474538266658783,0.09474538266658783,0.09126672148704529,0.09126672148704529
[hmim]__[Tf2N]__R1233zd(E)__303.15__0.032,HFC_all,M0,R1233ZD(E),HCFO,HMIM,TF2N,303.15,0.032,0.045,0.09765074402093887,0.009686814847639506,0.052650744020938875,0.08052519708871841,0.08052519708871841,0.10200802236795425,0.10200802236795425,0.10095001757144928,0.10095001757144928,0.10430242121219635,0.10430242121219635,0.10046806186437607,0.10046806186437607
[hmim]__[Tf2N]__R1233zd(E)__303.33__0.048,HFC_all,M0,R1233ZD(E),HCFO,HMIM,TF2N,303.33,0.048,0.068,0.10824157297611237,0.011749563144381477,0.04024157297611236,0.08760758489370346,0.08760758489370346,0.11303422600030899,0.11303422600030899,0.11101122945547104,0.11101122945547104,0.11705475300550461,0.11705475300550461,0.11250007152557373,0.11250007152557373
[hmim]__[Tf2N]__R1233zd(E)__303.12__0.064,HFC_all,M0,R1233ZD(E),HCFO,HMIM,TF2N,303.12,0.064,0.092,0.11922551840543746,0.01402551659391072,0.027225518405437465,0.09495274722576141,0.09495274722576141,0.12431415915489197,0.12431415915489197,0.12117552012205124,0.12117552012205124,0.13096417486667633,0.13096417486667633,0.1247209906578064,0.1247209906578064
[hmim]__[Tf2N]__R1233zd(E)__303.23__0.081,HFC_all,M0,R1233ZD(E),HCFO,HMIM,TF2N,303.23,0.081,0.113,0.13028049767017363,0.016682017759542773,0.01728049767017363,0.10195787250995636,0.10195787250995636,0.13616043329238892,0.13616043329238892,0.13149699568748474,0.13149699568748474,0.14587649703025818,0.14587649703025818,0.13591068983078003,0.13591068983078003
[hmim]__[Tf2N]__R1233zd(E)__313.15__0.01,HFC_all,M0,R1233ZD(E),HCFO,HMIM,TF2N,313.15,0.01,0.014,0.0780153177678585,0.010391709691459907,0.0640153177678585,0.060058172792196274,0.060058172792196274,0.08661773800849915,0.08661773800849915,0.0830952450633049,0.0830952450633049,0.08067579567432404,0.08067579567432404,0.07962963730096817,0.07962963730096817
[hmim]__[Tf2N]__R1233zd(E)__313.13__0.022,HFC_all,M0,R1233ZD(E),HCFO,HMIM,TF2N,313.13,0.022,0.026,0.08508605062961579,0.011599414933719448,0.05908605062961579,0.06486832350492477,0.06486832350492477,0.0943835899233818,0.0943835899233818,0.09006783366203308,0.09006783366203308,0.08857221156358719,0.08857221156358719,0.08753829449415207,0.08753829449415207
[hmim]__[Tf2N]__R1233zd(E)__313.15__0.036,HFC_all,M0,R1233ZD(E),HCFO,HMIM,TF2N,313.15,0.036,0.042,0.0933689221739769,0.012853289523119382,0.05136892217397689,0.07073763012886047,0.07073763012886047,0.10282773524522781,0.10282773524522781,0.09778738021850586,0.09778738021850586,0.09856583178043365,0.09856583178043365,0.09692603349685669,0.09692603349685669
[hmim]__[Tf2N]__R1233zd(E)__313.13__0.053,HFC_all,M0,R1233ZD(E),HCFO,HMIM,TF2N,313.13,0.053,0.065,0.10356458276510239,0.01443134553869232,0.038564582765102384,0.078031525015831,0.078031525015831,0.11276906728744507,0.11276906728744507,0.10765703022480011,0.10765703022480011,0.1112295538187027,0.1112295538187027,0.10813573747873306,0.10813573747873306
[hmim]__[Tf2N]__R1233zd(E)__313.15__0.071,HFC_all,M0,R1233ZD(E),HCFO,HMIM,TF2N,313.15,0.071,0.089,0.11372400522232055,0.016367366284232916,0.024724005222320558,0.08481860160827637,0.08481860160827637,0.12301067262887955,0.12301067262887955,0.11785352230072021,0.11785352230072021,0.12399718165397644,0.12399718165397644,0.11894004791975021,0.11894004791975021
[hmim]__[Tf2N]__R1233zd(E)__313.13__0.09,HFC_all,M0,R1233ZD(E),HCFO,HMIM,TF2N,313.13,0.09,0.109,0.12359822392463685,0.01866552126637729,0.014598223924636847,0.090939462184906,0.090939462184906,0.13303010165691376,0.13303010165691376,0.12763634324073792,0.12763634324073792,0.1375308632850647,0.1375308632850647,0.12885434925556183,0.12885434925556183
[hmim]__[Tf2N]__R1233zd(E)__323.16__0.012,HFC_all,M0,R1233ZD(E),HCFO,HMIM,TF2N,323.16,0.012,0.012,0.07355869859457016,0.011383171166715464,0.061558698594570166,0.0539601594209671,0.0539601594209671,0.08331187069416046,0.08331187069416046,0.078961081802845,0.078961081802845,0.07588845491409302,0.07588845491409302,0.07567192614078522,0.07567192614078522
[hmim]__[Tf2N]__R1233zd(E)__323.15__0.025,HFC_all,M0,R1233ZD(E),HCFO,HMIM,TF2N,323.15,0.025,0.024,0.08057496473193168,0.012673284873732718,0.05657496473193168,0.05856737121939659,0.05856737121939659,0.09102596342563629,0.09102596342563629,0.08606992661952972,0.08606992661952972,0.08400873839855194,0.08400873839855194,0.08320282399654388,0.08320282399654388
[hmim]__[Tf2N]__R1233zd(E)__323.15__0.041,HFC_all,M0,R1233ZD(E),HCFO,HMIM,TF2N,323.15,0.041,0.04,0.08904063552618027,0.013987207171806727,0.04904063552618027,0.064425528049469,0.064425528049469,0.09936074167490005,0.09936074167490005,0.09459027647972107,0.09459027647972107,0.09416183829307556,0.09416183829307556,0.09266479313373566,0.09266479313373566
[hmim]__[Tf2N]__R1233zd(E)__323.17__0.06,HFC_all,M0,R1233ZD(E),HCFO,HMIM,TF2N,323.17,0.06,0.062,0.09856326878070831,0.015693754304523456,0.03656326878070831,0.07075363397598267,0.07075363397598267,0.10898107290267944,0.10898107290267944,0.1040579229593277,0.1040579229593277,0.10558578372001648,0.10558578372001648,0.10343793034553528,0.10343793034553528
[hmim]__[Tf2N]__R1233zd(E)__323.15__0.081,HFC_all,M0,R1233ZD(E),HCFO,HMIM,TF2N,323.15,0.081,0.084,0.1082121729850769,0.017446497511045468,0.0242121729850769,0.07733897864818573,0.07733897864818573,0.11850053071975708,0.11850053071975708,0.11334240436553955,0.11334240436553955,0.1184668242931366,0.1184668242931366,0.11341212689876556,0.11341212689876556
[hmim]__[Tf2N]__R1233zd(E)__323.15__0.102,HFC_all,M0,R1233ZD(E),HCFO,HMIM,TF2N,323.15,0.102,0.104,0.11716353893280029,0.01936327587660185,0.013163538932800298,0.08309061825275421,0.08309061825275421,0.12660467624664307,0.12660467624664307,0.12199391424655914,0.12199391424655914,0.13095438480377197,0.13095438480377197,0.12317410111427307,0.12317410111427307
[hmim]__[Tf2N]__R1233zd(E)__333.16__0.014,HFC_all,M0,R1233ZD(E),HCFO,HMIM,TF2N,333.16,0.014,0.011,0.06745006144046783,0.010410446062707919,0.05645006144046784,0.04953433573246002,0.04953433573246002,0.07673132419586182,0.07673132419586182,0.07116173952817917,0.07116173952817917,0.07041196525096893,0.07041196525096893,0.06941094249486923,0.06941094249486923
[hmim]__[Tf2N]__R1233zd(E)__333.17__0.029,HFC_all,M0,R1233ZD(E),HCFO,HMIM,TF2N,333.17,0.029,0.022,0.07490025311708451,0.011862267560884588,0.05290025311708451,0.05430015176534653,0.05430015176534653,0.08474618941545486,0.08474618941545486,0.07935981452465057,0.07935981452465057,0.07900886237621307,0.07900886237621307,0.07708624750375748,0.07708624750375748
[hmim]__[Tf2N]__R1233zd(E)__333.16__0.047,HFC_all,M0,R1233ZD(E),HCFO,HMIM,TF2N,333.16,0.047,0.037,0.08385878205299377,0.013425952299127016,0.04685878205299377,0.06039243936538696,0.06039243936538696,0.09432817250490189,0.09432817250490189,0.08860431611537933,0.08860431611537933,0.08943092823028564,0.08943092823028564,0.08653805404901505,0.08653805404901505
[hmim]__[Tf2N]__R1233zd(E)__333.17__0.068,HFC_all,M0,R1233ZD(E),HCFO,HMIM,TF2N,333.17,0.068,0.058,0.09308483302593232,0.015492421062808721,0.035084833025932315,0.0657842755317688,0.0657842755317688,0.103766068816185,0.103766068816185,0.0988612174987793,0.0988612174987793,0.10056784749031067,0.10056784749031067,0.0964447557926178,0.0964447557926178
[hmim]__[Tf2N]__R1233zd(E)__333.16__0.092,HFC_all,M0,R1233ZD(E),HCFO,HMIM,TF2N,333.16,0.092,0.079,0.10194533914327622,0.017293821878925728,0.02294533914327622,0.07142474502325058,0.07142474502325058,0.11215005815029144,0.11215005815029144,0.10753589868545532,0.10753589868545532,0.1125476211309433,0.1125476211309433,0.10606837272644043,0.10606837272644043
[hmim]__[Tf2N]__R1233zd(E)__333.18__0.115,HFC_all,M0,R1233ZD(E),HCFO,HMIM,TF2N,333.18,0.115,0.098,0.10979191958904266,0.018878556831586814,0.01179191958904266,0.07660537958145142,0.07660537958145142,0.11961451172828674,0.11961451172828674,0.11423901468515396,0.11423901468515396,0.12306279689073563,0.12306279689073563,0.11543789505958557,0.11543789505958557
[hmim]__[Tf2N]__R1233zd(E)__343.16__0.017,HFC_all,M0,R1233ZD(E),HCFO,HMIM,TF2N,343.16,0.017,0.01,0.06122052744030952,0.009732129399895206,0.05122052744030952,0.04451475664973259,0.04451475664973259,0.06998875737190247,0.06998875737190247,0.06286599487066269,0.06286599487066269,0.0648081973195076,0.0648081973195076,0.06392493098974228,0.06392493098974228
[hmim]__[Tf2N]__R1233zd(E)__343.16__0.033,HFC_all,M0,R1233ZD(E),HCFO,HMIM,TF2N,343.16,0.033,0.02,0.06851562410593033,0.011226035373945897,0.04851562410593033,0.04909417778253555,0.04909417778253555,0.07792241871356964,0.07792241871356964,0.07082419097423553,0.07082419097423553,0.07367131114006042,0.07367131114006042,0.07106602191925049,0.07106602191925049
[hmim]__[Tf2N]__R1233zd(E)__343.16__0.053,HFC_all,M0,R1233ZD(E),HCFO,HMIM,TF2N,343.16,0.053,0.034,0.0775271974503994,0.013062503685758585,0.0435271974503994,0.05482194200158119,0.05482194200158119,0.0877780020236969,0.0877780020236969,0.08051586151123047,0.08051586151123047,0.08428193628787994,0.08428193628787994,0.08023824542760849,0.08023824542760849
[hmim]__[Tf2N]__R1233zd(E)__343.17__0.078,HFC_all,M0,R1233ZD(E),HCFO,HMIM,TF2N,343.17,0.078,0.054,0.08720015883445739,0.015178018616557692,0.03320015883445739,0.06065524369478226,0.06065524369478226,0.09797228872776031,0.09797228872776031,0.09172430634498596,0.09172430634498596,0.09574713557958603,0.09574713557958603,0.08990181982517242,0.08990181982517242
[hmim]__[Tf2N]__R1233zd(E)__343.17__0.104,HFC_all,M0,R1233ZD(E),HCFO,HMIM,TF2N,343.17,0.104,0.074,0.09547821432352066,0.01673739762254692,0.021478214323520664,0.06609946489334106,0.06609946489334106,0.10550867021083832,0.10550867021083832,0.10045480728149414,0.10045480728149414,0.10645890235900879,0.10645890235900879,0.09886922687292099,0.09886922687292099
[hmim]__[Tf2N]__R1233zd(E)__343.15__0.13,HFC_all,M0,R1233ZD(E),HCFO,HMIM,TF2N,343.15,0.13,0.092,0.1025298371911049,0.018545576370783252,0.010529837191104896,0.07003399729728699,0.07003399729728699,0.11187727004289627,0.11187727004289627,0.10672204941511154,0.10672204941511154,0.11620055884122849,0.11620055884122849,0.10781531035900116,0.10781531035900116
[omim]__[BF4]__R1234yf__283.15__0.0548,HFC_all,M0,R1234YF,HFO,OMIM,BF4,283.15,0.0548,0.0292,0.028978688269853593,0.01026523526616925,0.00022131173014640695,0.010972138494253159,0.010972138494253159,0.030448053032159805,0.030448053032159805,0.034728385508060455,0.034728385508060455,0.03298293799161911,0.03298293799161911,0.03576192632317543,0.03576192632317543
[omim]__[BF4]__R1234yf__283.15__0.1023,HFC_all,M0,R1234YF,HFO,OMIM,BF4,283.15,0.1023,0.0541,0.045381645858287814,0.014253501669542343,0.008718354141712188,0.02051638811826706,0.02051638811826706,0.04763084650039673,0.04763084650039673,0.05092477798461914,0.05092477798461914,0.056451939046382904,0.056451939046382904,0.051384277641773224,0.051384277641773224
[omim]__[BF4]__R1234yf__283.15__0.1492,HFC_all,M0,R1234YF,HFO,OMIM,BF4,283.15,0.1492,0.0781,0.06210362426936626,0.01897501210388515,0.01599637573063374,0.03021119348704815,0.03021119348704815,0.06573288887739182,0.06573288887739182,0.0654294341802597,0.0654294341802597,0.08120211213827133,0.08120211213827133,0.06794249266386032,0.06794249266386032
[omim]__[BF4]__R1234yf__283.15__0.1929,HFC_all,M0,R1234YF,HFO,OMIM,BF4,283.15,0.1929,0.1018,0.07759796306490899,0.023243661875757042,0.024202036935091015,0.04121192917227745,0.04121192917227745,0.08142857253551483,0.08142857253551483,0.07683420181274414,0.07683420181274414,0.10580716282129288,0.10580716282129288,0.0827079489827156,0.0827079489827156
[omim]__[BF4]__R1234yf__283.15__0.2337,HFC_all,M0,R1234YF,HFO,OMIM,BF4,283.15,0.2337,0.1292,0.09157166182994843,0.02914869392345319,0.03762833817005158,0.050648562610149384,0.050648562610149384,0.09361075609922409,0.09361075609922409,0.08582601696252823,0.08582601696252823,0.13247159123420715,0.13247159123420715,0.09530138224363327,0.09530138224363327
[omim]__[BF4]__R1234yf__283.15__0.2759,HFC_all,M0,R1234YF,HFO,OMIM,BF4,283.15,0.2759,0.1552,0.10653626769781113,0.03700548294667726,0.04866373230218887,0.06056582182645798,0.06056582182645798,0.1051357313990593,0.1051357313990593,0.09524282068014145,0.09524282068014145,0.16338284313678741,0.16338284313678741,0.1083541214466095,0.1083541214466095
[omim]__[BF4]__R1234yf__283.15__0.3145,HFC_all,M0,R1234YF,HFO,OMIM,BF4,283.15,0.3145,0.1847,0.11977705955505372,0.04517134925132578,0.06492294044494629,0.06966263055801392,0.06966263055801392,0.11424434185028076,0.11424434185028076,0.10345415025949478,0.10345415025949478,0.19293367862701416,0.19293367862701416,0.11859049648046494,0.11859049648046494
[omim]__[BF4]__R1234yf__293.15__0.0576,HFC_all,M0,R1234YF,HFO,OMIM,BF4,293.15,0.0576,0.0264,0.0312902644276619,0.013943881640204405,0.004890264427661897,0.006461665034294128,0.006461665034294128,0.03575252741575241,0.03575252741575241,0.038645148277282715,0.038645148277282715,0.03893899917602539,0.03893899917602539,0.036652982234954834,0.036652982234954834
[omim]__[BF4]__R1234yf__293.15__0.108,HFC_all,M0,R1234YF,HFO,OMIM,BF4,293.15,0.108,0.0474,0.04333609491586685,0.017715727254869137,0.0040639050841331445,0.011981602758169174,0.011981602758169174,0.04817211627960205,0.04817211627960205,0.052186042070388794,0.052186042070388794,0.05486170947551727,0.05486170947551727,0.04947900399565697,0.04947900399565697
[omim]__[BF4]__R1234yf__293.15__0.1576,HFC_all,M0,R1234YF,HFO,OMIM,BF4,293.15,0.1576,0.0683,0.05492615401744842,0.020914266580342438,0.013373845982551577,0.01846390590071678,0.01846390590071678,0.05910421162843704,0.05910421162843704,0.063191719353199,0.063191719353199,0.0717264860868454,0.0717264860868454,0.0621444471180439,0.0621444471180439
[omim]__[BF4]__R1234yf__293.15__0.2047,HFC_all,M0,R1234YF,HFO,OMIM,BF4,293.15,0.2047,0.0877,0.0658168576657772,0.02454214229732735,0.021883142334222797,0.023470479995012283,0.023470479995012283,0.07188945263624191,0.07188945263624191,0.07242170721292496,0.07242170721292496,0.08755885809659958,0.08755885809659958,0.0737437903881073,0.0737437903881073
[omim]__[BF4]__R1234yf__293.15__0.2497,HFC_all,M0,R1234YF,HFO,OMIM,BF4,293.15,0.2497,0.1075,0.07682538256049157,0.028777551068866435,0.03067461743950843,0.028488773852586746,0.028488773852586746,0.08365575969219208,0.08365575969219208,0.08048457652330399,0.08048457652330399,0.10574688017368317,0.10574688017368317,0.08575092256069183,0.08575092256069183
[omim]__[BF4]__R1234yf__293.15__0.2958,HFC_all,M0,R1234YF,HFO,OMIM,BF4,293.15,0.2958,0.1279,0.08851538747549056,0.033599521592119055,0.03938461252450945,0.03595752269029617,0.03595752269029617,0.09276801347732544,0.09276801347732544,0.0875219851732254,0.0875219851732254,0.12927576899528503,0.12927576899528503,0.0970536470413208,0.0970536470413208
[omim]__[BF4]__R1234yf__293.15__0.3393,HFC_all,M0,R1234YF,HFO,OMIM,BF4,293.15,0.3393,0.149,0.09947836622595788,0.03914865412632345,0.04952163377404212,0.04357794299721718,0.04357794299721718,0.1001424789428711,0.1001424789428711,0.09391956776380539,0.09391956776380539,0.15360614657402039,0.15360614657402039,0.1061456948518753,0.1061456948518753
[omim]__[BF4]__R1234yf__303.15__0.0608,HFC_all,M0,R1234YF,HFO,OMIM,BF4,303.15,0.0608,0.0223,0.03306739181280136,0.014371969943844745,0.010767391812801362,0.008170560002326965,0.008170560002326965,0.035687871277332306,0.035687871277332306,0.0408579558134079,0.0408579558134079,0.044426292181015015,0.044426292181015015,0.03619427978992462,0.03619427978992462
[omim]__[BF4]__R1234yf__303.15__0.1143,HFC_all,M0,R1234YF,HFO,OMIM,BF4,303.15,0.1143,0.039,0.04238697588443756,0.0187062652029519,0.0033869758844375583,0.009980589151382446,0.009980589151382446,0.04536522924900055,0.04536522924900055,0.05287550389766693,0.05287550389766693,0.056920867413282394,0.056920867413282394,0.046792689710855484,0.046792689710855484
[omim]__[BF4]__R1234yf__303.15__0.1671,HFC_all,M0,R1234YF,HFO,OMIM,BF4,303.15,0.1671,0.0556,0.04986385628581047,0.02144931772569984,0.005736143714189526,0.012218300253152847,0.012218300253152847,0.05405658483505249,0.05405658483505249,0.059748318046331406,0.059748318046331406,0.0655267983675003,0.0655267983675003,0.057769279927015305,0.057769279927015305
[omim]__[BF4]__R1234yf__303.15__0.2171,HFC_all,M0,R1234YF,HFO,OMIM,BF4,303.15,0.2171,0.0717,0.057907110452651976,0.0246194777551281,0.013792889547348024,0.014679856598377228,0.014679856598377228,0.06380070745944977,0.06380070745944977,0.06740457564592361,0.06740457564592361,0.07648976147174835,0.07648976147174835,0.06716065108776093,0.06716065108776093
[omim]__[BF4]__R1234yf__303.15__0.2652,HFC_all,M0,R1234YF,HFO,OMIM,BF4,303.15,0.2652,0.0882,0.06644983664155006,0.027554843365403533,0.02175016335844994,0.018508125096559525,0.018508125096559525,0.07347573339939117,0.07347573339939117,0.07480167597532272,0.07480167597532272,0.08941565454006195,0.08941565454006195,0.07604799419641495,0.07604799419641495
[omim]__[BF4]__R1234yf__303.15__0.3149,HFC_all,M0,R1234YF,HFO,OMIM,BF4,303.15,0.3149,0.1041,0.07490481063723564,0.030784420419643153,0.029195189362764357,0.022496435791254044,0.022496435791254044,0.08219805359840393,0.08219805359840393,0.0810229480266571,0.0810229480266571,0.10422874987125397,0.10422874987125397,0.08457786589860916,0.08457786589860916
[omim]__[BF4]__R1234yf__303.15__0.3617,HFC_all,M0,R1234YF,HFO,OMIM,BF4,303.15,0.3617,0.1203,0.08324556238949299,0.034697004854867756,0.037054437610507016,0.026800209656357765,0.026800209656357765,0.08923325687646866,0.08923325687646866,0.0859864205121994,0.0859864205121994,0.12206456810235977,0.12206456810235977,0.09214335680007935,0.09214335680007935
[omim]__[BF4]__R1234yf__313.15__0.0637,HFC_all,M0,R1234YF,HFO,OMIM,BF4,313.15,0.0637,0.0193,0.03224111050367355,0.013471141617925621,0.01294111050367355,0.00975094735622406,0.00975094735622406,0.0329630970954895,0.0329630970954895,0.03951878473162651,0.03951878473162651,0.04503640905022621,0.04503640905022621,0.03393631428480148,0.03393631428480148
[omim]__[BF4]__R1234yf__313.15__0.12,HFC_all,M0,R1234YF,HFO,OMIM,BF4,313.15,0.12,0.0329,0.03979694545269012,0.017358360290773103,0.006896945452690123,0.010538246482610703,0.010538246482610703,0.04014899954199791,0.04014899954199791,0.04969130828976631,0.04969130828976631,0.05523703247308731,0.05523703247308731,0.04336914047598839,0.04336914047598839
[omim]__[BF4]__R1234yf__313.15__0.1754,HFC_all,M0,R1234YF,HFO,OMIM,BF4,313.15,0.1754,0.0472,0.04558231309056282,0.020173029567890462,0.0016176869094371785,0.010684717446565628,0.010684717446565628,0.047719985246658325,0.047719985246658325,0.05520269274711609,0.05520269274711609,0.06190191209316254,0.06190191209316254,0.05240225791931152,0.05240225791931152
[omim]__[BF4]__R1234yf__313.15__0.2283,HFC_all,M0,R1234YF,HFO,OMIM,BF4,313.15,0.2283,0.0607,0.05135738998651505,0.02278861305217719,0.00934261001348495,0.01163913682103157,0.01163913682103157,0.05473766103386879,0.05473766103386879,0.0608876496553421,0.0608876496553421,0.0691295936703682,0.0691295936703682,0.06039290875196457,0.06039290875196457
[omim]__[BF4]__R1234yf__313.15__0.2793,HFC_all,M0,R1234YF,HFO,OMIM,BF4,313.15,0.2793,0.0741,0.05731867551803589,0.025391936548856547,0.016781324481964108,0.01299552246928215,0.01299552246928215,0.06231166049838066,0.06231166049838066,0.0670054703950882,0.0670054703950882,0.07744748890399933,0.07744748890399933,0.06683323532342911,0.06683323532342911
[omim]__[BF4]__R1234yf__313.15__0.3319,HFC_all,M0,R1234YF,HFO,OMIM,BF4,313.15,0.3319,0.0879,0.06377919241786004,0.027820854605339663,0.02412080758213997,0.015534568578004837,0.015534568578004837,0.07034112513065338,0.07034112513065338,0.07262313365936279,0.07262313365936279,0.0875466987490654,0.0875466987490654,0.07285043597221375,0.07285043597221375
[omim]__[BF4]__R1234yf__313.15__0.3823,HFC_all,M0,R1234YF,HFO,OMIM,BF4,313.15,0.3823,0.1017,0.07031260058283806,0.0307941310227128,0.03138739941716194,0.017984312027692795,0.017984312027692795,0.0778425857424736,0.0778425857424736,0.07704868167638779,0.07704868167638779,0.10003067553043365,0.10003067553043365,0.07865674793720245,0.07865674793720245
[omim]__[BF4]__R1234yf__323.15__0.0668,HFC_all,M0,R1234YF,HFO,OMIM,BF4,323.15,0.0668,0.016,0.03054931163787842,0.011987707203530961,0.014549311637878419,0.010840978473424911,0.010840978473424911,0.030895672738552094,0.030895672738552094,0.036284953355789185,0.036284953355789185,0.04286457225680351,0.04286457225680351,0.03186038136482239,0.03186038136482239
[omim]__[BF4]__R1234yf__323.15__0.1256,HFC_all,M0,R1234YF,HFO,OMIM,BF4,323.15,0.1256,0.0276,0.03674837574362755,0.015588554676043516,0.009148375743627549,0.010966606438159943,0.010966606438159943,0.03554024547338486,0.03554024547338486,0.04479874670505524,0.04479874670505524,0.051772039383649826,0.051772039383649826,0.04066424071788788,0.04066424071788788
[omim]__[BF4]__R1234yf__323.15__0.1838,HFC_all,M0,R1234YF,HFO,OMIM,BF4,323.15,0.1838,0.0395,0.041252609342336655,0.018280408915046245,0.0017526093423366543,0.010389644652605057,0.010389644652605057,0.04110430181026459,0.04110430181026459,0.04932975023984909,0.04932975023984909,0.058007463812828064,0.058007463812828064,0.047431886196136475,0.047431886196136475
[omim]__[BF4]__R1234yf__323.15__0.2393,HFC_all,M0,R1234YF,HFO,OMIM,BF4,323.15,0.2393,0.0509,0.0452081523835659,0.02105465142903078,0.005691847616434098,0.00917801633477211,0.00917801633477211,0.046178050339221954,0.046178050339221954,0.05378860980272293,0.05378860980272293,0.0634414553642273,0.0634414553642273,0.05345463007688522,0.05345463007688522
[omim]__[BF4]__R1234yf__323.15__0.2928,HFC_all,M0,R1234YF,HFO,OMIM,BF4,323.15,0.2928,0.0625,0.04949710220098495,0.023451594951396402,0.013002897799015048,0.009150277823209763,0.009150277823209763,0.05171218514442444,0.05171218514442444,0.05882378667593002,0.05882378667593002,0.06961293518543243,0.06961293518543243,0.058186326175928116,0.058186326175928116
[omim]__[BF4]__R1234yf__323.15__0.3483,HFC_all,M0,R1234YF,HFO,OMIM,BF4,323.15,0.3483,0.0742,0.05446427091956139,0.025917328801605074,0.019735729080438615,0.009861208498477936,0.009861208498477936,0.05857618525624275,0.05857618525624275,0.06350380182266235,0.06350380182266235,0.07740726321935654,0.07740726321935654,0.06297289580106735,0.06297289580106735
[omim]__[BF4]__R1234yf__323.15__0.4014,HFC_all,M0,R1234YF,HFO,OMIM,BF4,323.15,0.4014,0.0859,0.05952081754803658,0.02811626334622097,0.026379182451963426,0.011503424495458603,0.011503424495458603,0.06531298160552979,0.06531298160552979,0.06740348786115646,0.06740348786115646,0.0859396830201149,0.0859396830201149,0.06744451075792313,0.06744451075792313
[omim]__[BF4]__R1234yf__333.15__0.0697,HFC_all,M0,R1234YF,HFO,OMIM,BF4,333.15,0.0697,0.0134,0.028997904807329177,0.011007014957636764,0.015597904807329177,0.011106453835964203,0.011106453835964203,0.02947044000029564,0.02947044000029564,0.032784104347229004,0.032784104347229004,0.041154179722070694,0.041154179722070694,0.03047434613108635,0.03047434613108635
[omim]__[BF4]__R1234yf__333.15__0.131,HFC_all,M0,R1234YF,HFO,OMIM,BF4,333.15,0.131,0.0235,0.034306686371564865,0.014281108165072758,0.010806686371564865,0.0111970454454422,0.0111970454454422,0.032450951635837555,0.032450951635837555,0.040497083216905594,0.040497083216905594,0.049339085817337036,0.049339085817337036,0.03804926574230194,0.03804926574230194
[omim]__[BF4]__R1234yf__333.15__0.1916,HFC_all,M0,R1234YF,HFO,OMIM,BF4,333.15,0.1916,0.034,0.03747367113828659,0.01728169288695405,0.003473671138286588,0.009042054414749146,0.009042054414749146,0.03591163828969002,0.03591163828969002,0.04432579502463341,0.04432579502463341,0.054922960698604584,0.054922960698604584,0.0431659072637558,0.0431659072637558
[omim]__[BF4]__R1234yf__333.15__0.2496,HFC_all,M0,R1234YF,HFO,OMIM,BF4,333.15,0.2496,0.0439,0.04022490903735161,0.020003442662646538,0.0036750909626483905,0.006692208349704742,0.006692208349704742,0.03956669569015503,0.03956669569015503,0.04785928130149841,0.04785928130149841,0.05919383093714714,0.05919383093714714,0.047812528908252716,0.047812528908252716
[omim]__[BF4]__R1234yf__333.15__0.3056,HFC_all,M0,R1234YF,HFO,OMIM,BF4,333.15,0.3056,0.054,0.04332849159836769,0.0223601766114011,0.010671508401632307,0.005572609603404999,0.005572609603404999,0.043586064130067825,0.043586064130067825,0.051773473620414734,0.051773473620414734,0.06421799212694168,0.06421799212694168,0.051492318511009216,0.051492318511009216
[omim]__[BF4]__R1234yf__333.15__0.3639,HFC_all,M0,R1234YF,HFO,OMIM,BF4,333.15,0.3639,0.0641,0.047309941798448565,0.024388552999850426,0.01679005820155144,0.005973987281322479,0.005973987281322479,0.04891788959503174,0.04891788959503174,0.055849067866802216,0.055849067866802216,0.07027559727430344,0.07027559727430344,0.055533166974782944,0.055533166974782944
[omim]__[BF4]__R1234yf__333.15__0.4196,HFC_all,M0,R1234YF,HFO,OMIM,BF4,333.15,0.4196,0.0743,0.051537048816680905,0.026257758225930572,0.0227629511833191,0.0071645937860012054,0.0071645937860012054,0.054887671023607254,0.054887671023607254,0.05921564996242523,0.05921564996242523,0.07723339647054672,0.07723339647054672,0.05918393284082413,0.05918393284082413
[omim]__[BF4]__R1234yf__343.15__0.0725,HFC_all,M0,R1234YF,HFO,OMIM,BF4,343.15,0.0725,0.0108,0.027768915891647337,0.010101766513445439,0.016968915891647337,0.011703599244356155,0.011703599244356155,0.02845628187060356,0.02845628187060356,0.029078323394060135,0.029078323394060135,0.0397498719394207,0.0397498719394207,0.029856503009796143,0.029856503009796143
[omim]__[BF4]__R1234yf__343.15__0.1361,HFC_all,M0,R1234YF,HFO,OMIM,BF4,343.15,0.1361,0.0201,0.03257459029555321,0.013351335100880836,0.012474590295553208,0.01133187860250473,0.01133187860250473,0.03077620267868042,0.03077620267868042,0.03640259802341461,0.03640259802341461,0.04762725904583931,0.04762725904583931,0.036735013127326965,0.036735013127326965
[omim]__[BF4]__R1234yf__343.15__0.1993,HFC_all,M0,R1234YF,HFO,OMIM,BF4,343.15,0.1993,0.0291,0.03442443385720253,0.016241658453362028,0.005324433857202528,0.008270762860774994,0.008270762860774994,0.03230138123035431,0.03230138123035431,0.039525106549263,0.039525106549263,0.05201506242156029,0.05201506242156029,0.04000985622406006,0.04000985622406006
[omim]__[BF4]__R1234yf__343.15__0.2598,HFC_all,M0,R1234YF,HFO,OMIM,BF4,343.15,0.2598,0.0375,0.03620159476995468,0.018837396177092063,0.0012984052300453186,0.005273956805467606,0.005273956805467606,0.03452378511428833,0.03452378511428833,0.04265265911817551,0.04265265911817551,0.055459968745708466,0.055459968745708466,0.0430976040661335,0.0430976040661335
[omim]__[BF4]__R1234yf__343.15__0.3185,HFC_all,M0,R1234YF,HFO,OMIM,BF4,343.15,0.3185,0.0458,0.03856419026851654,0.021371109900061136,0.00723580973148346,0.003013022243976593,0.003013022243976593,0.0379180982708931,0.0379180982708931,0.0457075797021389,0.0457075797021389,0.05978076905012131,0.05978076905012131,0.046401482075452805,0.046401482075452805
[omim]__[BF4]__R1234yf__343.15__0.3793,HFC_all,M0,R1234YF,HFO,OMIM,BF4,343.15,0.3793,0.0546,0.04172789454460144,0.02348145499197189,0.012872105455398561,0.002452149987220764,0.002452149987220764,0.04214673861861229,0.04214673861861229,0.048714540898799896,0.048714540898799896,0.06494607031345367,0.06494607031345367,0.05037997290492058,0.05037997290492058
[omim]__[BF4]__R1234yf__343.15__0.4379,HFC_all,M0,R1234YF,HFO,OMIM,BF4,343.15,0.4379,0.0628,0.04532248005270958,0.025072880156743263,0.017477519947290417,0.003422185778617859,0.003422185778617859,0.046758510172367096,0.046758510172367096,0.05211067944765091,0.05211067944765091,0.07063937187194824,0.07063937187194824,0.05368165299296379,0.05368165299296379
[omim]__[BF4]__R1234ze(E)__283.15__0.045,HFC_all,M0,R1234ZE(E),HFO,OMIM,BF4,283.15,0.045,0.0595,0.051247401535511015,0.013048497335444834,0.008252598464488982,0.03212330862879753,0.03212330862879753,0.049492400139570236,0.049492400139570236,0.050381265580654144,0.050381265580654144,0.06824637204408646,0.06824637204408646,0.055993661284446716,0.055993661284446716
[omim]__[BF4]__R1234ze(E)__283.15__0.082,HFC_all,M0,R1234ZE(E),HFO,OMIM,BF4,283.15,0.082,0.1144,0.06958677619695663,0.019169763766023792,0.04481322380304337,0.04417511075735092,0.04417511075735092,0.06648630648851395,0.06648630648851395,0.0666189193725586,0.0666189193725586,0.097781702876091,0.097781702876091,0.07287184149026871,0.07287184149026871
[omim]__[BF4]__R1234ze(E)__283.15__0.117,HFC_all,M0,R1234ZE(E),HFO,OMIM,BF4,283.15,0.117,0.1692,0.08911811336874961,0.028675798254385258,0.08008188663125038,0.056005511432886124,0.056005511432886124,0.0843357965350151,0.0843357965350151,0.08169631659984589,0.08169631659984589,0.1351003348827362,0.1351003348827362,0.08845260739326477,0.08845260739326477
[omim]__[BF4]__R1234ze(E)__283.15__0.15,HFC_all,M0,R1234ZE(E),HFO,OMIM,BF4,283.15,0.15,0.2204,0.1088233545422554,0.04078133806936995,0.11157664545774461,0.06824643164873123,0.06824643164873123,0.0998087078332901,0.0998087078332901,0.09485000371932983,0.09485000371932983,0.1774108111858368,0.1774108111858368,0.10380081832408905,0.10380081832408905
[omim]__[BF4]__R1234ze(E)__283.15__0.181,HFC_all,M0,R1234ZE(E),HFO,OMIM,BF4,283.15,0.181,0.2689,0.12695185989141464,0.05434656545726829,0.14194814010858534,0.07898890972137451,0.07898890972137451,0.11294908821582794,0.11294908821582794,0.10533925890922546,0.10533925890922546,0.22049960494041443,0.22049960494041443,0.11698243767023087,0.11698243767023087
[omim]__[BF4]__R1234ze(E)__283.15__0.211,HFC_all,M0,R1234ZE(E),HFO,OMIM,BF4,283.15,0.211,0.3176,0.14339137971401214,0.06677992370990242,0.17420862028598785,0.08838848769664764,0.08838848769664764,0.12576477229595184,0.12576477229595184,0.11452579498291016,0.11452579498291016,0.2594013512134552,0.2594013512134552,0.1288764923810959,0.1288764923810959
[omim]__[BF4]__R1234ze(E)__283.15__0.236,HFC_all,M0,R1234ZE(E),HFO,OMIM,BF4,283.15,0.236,0.3614,0.15651585459709166,0.07705451474265451,0.20488414540290834,0.09560941904783249,0.09560941904783249,0.13561506569385529,0.13561506569385529,0.12214984744787216,0.12214984744787216,0.2910028100013733,0.2910028100013733,0.13820213079452515,0.13820213079452515
[omim]__[BF4]__R1234ze(E)__293.15__0.049,HFC_all,M0,R1234ZE(E),HFO,OMIM,BF4,293.15,0.049,0.0529,0.05203609056770801,0.016216192060556123,0.0008639094322919899,0.02529309131205082,0.02529309131205082,0.055182285606861115,0.055182285606861115,0.05411277338862419,0.05411277338862419,0.06953790783882141,0.06953790783882141,0.05605439469218254,0.05605439469218254
[omim]__[BF4]__R1234ze(E)__293.15__0.091,HFC_all,M0,R1234ZE(E),HFO,OMIM,BF4,293.15,0.091,0.0984,0.06618888080120086,0.02083667756934402,0.03221111919879914,0.03347884118556976,0.03347884118556976,0.06800577044487,0.06800577044487,0.06796380877494812,0.06796380877494812,0.09161847829818726,0.09161847829818726,0.0698775053024292,0.0698775053024292
[omim]__[BF4]__R1234ze(E)__293.15__0.133,HFC_all,M0,R1234ZE(E),HFO,OMIM,BF4,293.15,0.133,0.1406,0.08049919456243515,0.025819293968820083,0.06010080543756485,0.04173103719949722,0.04173103719949722,0.08132842183113098,0.08132842183113098,0.08075009286403656,0.08075009286403656,0.11438696831464767,0.11438696831464767,0.08429945260286331,0.08429945260286331
[omim]__[BF4]__R1234ze(E)__293.15__0.173,HFC_all,M0,R1234ZE(E),HFO,OMIM,BF4,293.15,0.173,0.183,0.0961508147418499,0.03369100671346045,0.0868491852581501,0.05012047663331032,0.05012047663331032,0.09632048010826111,0.09632048010826111,0.09189627319574356,0.09189627319574356,0.14516302943229675,0.14516302943229675,0.09725381433963776,0.09725381433963776
[omim]__[BF4]__R1234ze(E)__293.15__0.211,HFC_all,M0,R1234ZE(E),HFO,OMIM,BF4,293.15,0.211,0.223,0.11211739927530288,0.044885751336699954,0.11088260072469712,0.05702318996191025,0.05702318996191025,0.11005431413650513,0.11005431413650513,0.1010381281375885,0.1010381281375885,0.18207162618637085,0.18207162618637085,0.11039973795413971,0.11039973795413971
[omim]__[BF4]__R1234ze(E)__293.15__0.248,HFC_all,M0,R1234ZE(E),HFO,OMIM,BF4,293.15,0.248,0.265,0.1277209535241127,0.05655812848516871,0.13727904647588732,0.06576021015644073,0.06576021015644073,0.12106095999479294,0.12106095999479294,0.10942459106445312,0.10942459106445312,0.22016802430152893,0.22016802430152893,0.12219098210334778,0.12219098210334778
[omim]__[BF4]__R1234ze(E)__293.15__0.281,HFC_all,M0,R1234ZE(E),HFO,OMIM,BF4,293.15,0.281,0.3032,0.14122779071331024,0.06795262099656775,0.1619722092866898,0.07327434420585632,0.07327434420585632,0.12943503260612488,0.12943503260612488,0.11667568981647491,0.11667568981647491,0.25531086325645447,0.25531086325645447,0.13144302368164062,0.13144302368164062
[omim]__[BF4]__R1234ze(E)__303.15__0.053,HFC_all,M0,R1234ZE(E),HFO,OMIM,BF4,303.15,0.053,0.045,0.052235972881317136,0.01831285049214808,0.0072359728813171376,0.023404672741889954,0.023404672741889954,0.054443858563899994,0.054443858563899994,0.0551997646689415,0.0551997646689415,0.07447372376918793,0.07447372376918793,0.05365784466266632,0.05365784466266632
[omim]__[BF4]__R1234ze(E)__303.15__0.101,HFC_all,M0,R1234ZE(E),HFO,OMIM,BF4,303.15,0.101,0.0805,0.0647512786090374,0.02263683766845711,0.015748721390962603,0.029837485402822495,0.029837485402822495,0.0661856085062027,0.0661856085062027,0.06840561330318451,0.06840561330318451,0.09327545762062073,0.09327545762062073,0.06605222821235657,0.06605222821235657
[omim]__[BF4]__R1234ze(E)__303.15__0.148,HFC_all,M0,R1234ZE(E),HFO,OMIM,BF4,303.15,0.148,0.1153,0.07459872364997863,0.025361264922648303,0.04070127635002137,0.03463340550661087,0.03463340550661087,0.07677312940359116,0.07677312940359116,0.07762186229228973,0.07762186229228973,0.10534827411174774,0.10534827411174774,0.07861694693565369,0.07861694693565369
[omim]__[BF4]__R1234ze(E)__303.15__0.194,HFC_all,M0,R1234ZE(E),HFO,OMIM,BF4,303.15,0.194,0.1502,0.08555854558944702,0.029129835488065584,0.06464145441055298,0.039601780474185944,0.039601780474185944,0.09019626677036285,0.09019626677036285,0.08704868704080582,0.08704868704080582,0.12072529643774033,0.12072529643774033,0.09022069722414017,0.09022069722414017
[omim]__[BF4]__R1234ze(E)__303.15__0.237,HFC_all,M0,R1234ZE(E),HFO,OMIM,BF4,303.15,0.237,0.1835,0.09830181300640106,0.03677562034945989,0.08519818699359893,0.04450085014104843,0.04450085014104843,0.10238674283027649,0.10238674283027649,0.09529399126768112,0.09529399126768112,0.14811161160469055,0.14811161160469055,0.10121586918830872,0.10121586918830872
[omim]__[BF4]__R1234ze(E)__303.15__0.28,HFC_all,M0,R1234ZE(E),HFO,OMIM,BF4,303.15,0.28,0.2189,0.11128129214048385,0.04672230111172465,0.10761870785951616,0.04946375638246536,0.04946375638246536,0.11270762234926224,0.11270762234926224,0.10243313759565353,0.10243313759565353,0.18078017234802246,0.18078017234802246,0.11102177202701569,0.11102177202701569
[omim]__[BF4]__R1234ze(E)__303.15__0.32,HFC_all,M0,R1234ZE(E),HFO,OMIM,BF4,303.15,0.32,0.2513,0.12317450046539306,0.056681687768946935,0.12812549953460695,0.055561356246471405,0.055561356246471405,0.1206001341342926,0.1206001341342926,0.10812299698591232,0.10812299698591232,0.21277111768722534,0.21277111768722534,0.11881689727306366,0.11881689727306366
[omim]__[BF4]__R1234ze(E)__313.15__0.058,HFC_all,M0,R1234ZE(E),HFO,OMIM,BF4,313.15,0.058,0.0368,0.05056058764457703,0.017878812878178028,0.013760587644577028,0.023669254034757614,0.023669254034757614,0.05105750262737274,0.05105750262737274,0.05378906801342964,0.05378906801342964,0.07390075922012329,0.07390075922012329,0.05038635432720184,0.05038635432720184
[omim]__[BF4]__R1234ze(E)__313.15__0.11,HFC_all,M0,R1234ZE(E),HFO,OMIM,BF4,313.15,0.11,0.0658,0.060325293242931365,0.021197893687895382,0.005474706757068633,0.028291363269090652,0.028291363269090652,0.059593163430690765,0.059593163430690765,0.06462373584508896,0.06462373584508896,0.08773132413625717,0.08773132413625717,0.06138687953352928,0.06138687953352928
[omim]__[BF4]__R1234ze(E)__313.15__0.161,HFC_all,M0,R1234ZE(E),HFO,OMIM,BF4,313.15,0.161,0.0948,0.06833167523145675,0.023335797678620162,0.026468324768543244,0.032239459455013275,0.032239459455013275,0.06825147569179535,0.06825147569179535,0.0719694271683693,0.0719694271683693,0.0975043922662735,0.0975043922662735,0.07169362157583237,0.07169362157583237
[omim]__[BF4]__R1234ze(E)__313.15__0.212,HFC_all,M0,R1234ZE(E),HFO,OMIM,BF4,313.15,0.212,0.1236,0.07638940885663033,0.026502297472109856,0.04721059114336967,0.034136418253183365,0.034136418253183365,0.07882264256477356,0.07882264256477356,0.07985126227140427,0.07985126227140427,0.10770834237337112,0.10770834237337112,0.08142837882041931,0.08142837882041931
[omim]__[BF4]__R1234ze(E)__313.15__0.26,HFC_all,M0,R1234ZE(E),HFO,OMIM,BF4,313.15,0.26,0.1513,0.0847499430179596,0.03115060599064427,0.06655005698204039,0.03599125146865845,0.03599125146865845,0.08852392435073853,0.08852392435073853,0.08712782710790634,0.08712782710790634,0.12303073704242706,0.12303073704242706,0.0890759751200676,0.0890759751200676
[omim]__[BF4]__R1234ze(E)__313.15__0.309,HFC_all,M0,R1234ZE(E),HFO,OMIM,BF4,313.15,0.309,0.1804,0.09488818496465683,0.03853213723868144,0.08551181503534318,0.038846977055072784,0.038846977055072784,0.09798181056976318,0.09798181056976318,0.09294769167900085,0.09294769167900085,0.14761659502983093,0.14761659502983093,0.0970478504896164,0.0970478504896164
[omim]__[BF4]__R1234ze(E)__313.15__0.354,HFC_all,M0,R1234ZE(E),HFO,OMIM,BF4,313.15,0.354,0.2067,0.1044512338936329,0.04649241924288179,0.1022487661063671,0.041972603648900986,0.041972603648900986,0.10624368488788605,0.10624368488788605,0.09755107015371323,0.09755107015371323,0.17294180393218994,0.17294180393218994,0.10354700684547424,0.10354700684547424
[omim]__[BF4]__R1234ze(E)__323.15__0.062,HFC_all,M0,R1234ZE(E),HFO,OMIM,BF4,323.15,0.062,0.0302,0.04774004146456719,0.016241897514062575,0.017540041464567186,0.02396398037672043,0.02396398037672043,0.04747868329286575,0.04747868329286575,0.05078699812293053,0.05078699812293053,0.06964237242937088,0.06964237242937088,0.046828173100948334,0.046828173100948334
[omim]__[BF4]__R1234ze(E)__323.15__0.118,HFC_all,M0,R1234ZE(E),HFO,OMIM,BF4,323.15,0.118,0.0544,0.05564740225672722,0.019373102871878385,0.0012474022567272244,0.026856187731027603,0.026856187731027603,0.05410109460353851,0.05410109460353851,0.059622325003147125,0.059622325003147125,0.0812111496925354,0.0812111496925354,0.05644625425338745,0.05644625425338745
[omim]__[BF4]__R1234ze(E)__323.15__0.173,HFC_all,M0,R1234ZE(E),HFO,OMIM,BF4,323.15,0.173,0.0784,0.06134451255202293,0.021870459195120553,0.017055487447977066,0.027901507914066315,0.027901507914066315,0.060351382941007614,0.060351382941007614,0.0653049647808075,0.0653049647808075,0.08910789340734482,0.08910789340734482,0.06405681371688843,0.06405681371688843
[omim]__[BF4]__R1234ze(E)__323.15__0.227,HFC_all,M0,R1234ZE(E),HFO,OMIM,BF4,323.15,0.227,0.1025,0.06726554334163666,0.024531021520264817,0.03523445665836333,0.028966940939426422,0.028966940939426422,0.06705200672149658,0.06705200672149658,0.0711083710193634,0.0711083710193634,0.09733808785676956,0.09733808785676956,0.07186231017112732,0.07186231017112732
[omim]__[BF4]__R1234ze(E)__323.15__0.279,HFC_all,M0,R1234ZE(E),HFO,OMIM,BF4,323.15,0.279,0.126,0.0732460480183363,0.02771686376493732,0.0527539519816637,0.029903290793299675,0.029903290793299675,0.07477062940597534,0.07477062940597534,0.07618624716997147,0.07618624716997147,0.10730669647455215,0.10730669647455215,0.07806337624788284,0.07806337624788284
[omim]__[BF4]__R1234ze(E)__323.15__0.334,HFC_all,M0,R1234ZE(E),HFO,OMIM,BF4,323.15,0.334,0.1498,0.08074215576052665,0.03279840186820764,0.06905784423947334,0.03153255209326744,0.03153255209326744,0.08312395215034485,0.08312395215034485,0.081292524933815,0.081292524933815,0.12393803149461746,0.12393803149461746,0.08382371813058853,0.08382371813058853
[omim]__[BF4]__R1234ze(E)__323.15__0.383,HFC_all,M0,R1234ZE(E),HFO,OMIM,BF4,323.15,0.383,0.1722,0.08833610936999321,0.03889314809784019,0.08386389063000678,0.03308672085404396,0.03308672085404396,0.09032587707042694,0.09032587707042694,0.0857580155134201,0.0857580155134201,0.1429821252822876,0.1429821252822876,0.08952780812978745,0.08952780812978745
[omim]__[BF4]__R1234ze(E)__333.15__0.066,HFC_all,M0,R1234ZE(E),HFO,OMIM,BF4,333.15,0.066,0.0246,0.04486772865056991,0.014394593526802103,0.020267728650569913,0.023908179253339767,0.023908179253339767,0.04394615441560745,0.04394615441560745,0.04761582985520363,0.04761582985520363,0.0643860474228859,0.0643860474228859,0.044482432305812836,0.044482432305812836
[omim]__[BF4]__R1234ze(E)__333.15__0.125,HFC_all,M0,R1234ZE(E),HFO,OMIM,BF4,333.15,0.125,0.0451,0.051229657232761384,0.018228592622814777,0.006129657232761383,0.024152643978595734,0.024152643978595734,0.049209147691726685,0.049209147691726685,0.05525384098291397,0.05525384098291397,0.07519762217998505,0.07519762217998505,0.05233503133058548,0.05233503133058548
[omim]__[BF4]__R1234ze(E)__333.15__0.184,HFC_all,M0,R1234ZE(E),HFO,OMIM,BF4,333.15,0.184,0.0657,0.05528910607099533,0.020927284833143114,0.010410893929004662,0.02326994389295578,0.02326994389295578,0.05406593531370163,0.05406593531370163,0.05949756130576134,0.05949756130576134,0.08176196366548538,0.08176196366548538,0.057850126177072525,0.057850126177072525
[omim]__[BF4]__R1234ze(E)__333.15__0.242,HFC_all,M0,R1234ZE(E),HFO,OMIM,BF4,333.15,0.242,0.0856,0.059408316016197206,0.02301247137250159,0.02619168398380279,0.0236041396856308,0.0236041396856308,0.05863308906555176,0.05863308906555176,0.0634266585111618,0.0634266585111618,0.08771999180316925,0.08771999180316925,0.06365770101547241,0.06365770101547241
[omim]__[BF4]__R1234ze(E)__333.15__0.298,HFC_all,M0,R1234ZE(E),HFO,OMIM,BF4,333.15,0.298,0.1053,0.06392852626740933,0.025588573845570624,0.041371473732590675,0.024052424356341362,0.024052424356341362,0.06452605873346329,0.06452605873346329,0.06692349165678024,0.06692349165678024,0.09551317244768143,0.09551317244768143,0.0686274841427803,0.0686274841427803
[omim]__[BF4]__R1234ze(E)__333.15__0.356,HFC_all,M0,R1234ZE(E),HFO,OMIM,BF4,333.15,0.356,0.1257,0.07011598907411098,0.02967553884905265,0.05558401092588902,0.025245575234293938,0.025245575234293938,0.07141324877738953,0.07141324877738953,0.0713183656334877,0.0713183656334877,0.1087430864572525,0.1087430864572525,0.07385966926813126,0.07385966926813126
[omim]__[BF4]__R1234ze(E)__333.15__0.409,HFC_all,M0,R1234ZE(E),HFO,OMIM,BF4,333.15,0.409,0.1447,0.07616808190941811,0.03395469092639816,0.06853191809058189,0.02655007317662239,0.02655007317662239,0.07791142910718918,0.07791142910718918,0.07547197490930557,0.07547197490930557,0.12243816256523132,0.12243816256523132,0.07846876978874207,0.07846876978874207
[omim]__[BF4]__R1234ze(E)__343.15__0.07,HFC_all,M0,R1234ZE(E),HFO,OMIM,BF4,343.15,0.07,0.02,0.041949082538485526,0.012717330560810416,0.021949082538485525,0.02289566583931446,0.02289566583931446,0.04172009974718094,0.04172009974718094,0.04369160905480385,0.04369160905480385,0.058686982840299606,0.058686982840299606,0.04275105521082878,0.04275105521082878
[omim]__[BF4]__R1234ze(E)__343.15__0.132,HFC_all,M0,R1234ZE(E),HFO,OMIM,BF4,343.15,0.132,0.0375,0.04746284931898117,0.01673223964607486,0.00996284931898117,0.02246740832924843,0.02246740832924843,0.04555182904005051,0.04555182904005051,0.05082741752266884,0.05082741752266884,0.06930892914533615,0.06930892914533615,0.04915866255760193,0.04915866255760193
[omim]__[BF4]__R1234ze(E)__343.15__0.194,HFC_all,M0,R1234ZE(E),HFO,OMIM,BF4,343.15,0.194,0.0545,0.05004402622580528,0.019534239822575065,0.004455973774194717,0.020193133503198624,0.020193133503198624,0.047835882753133774,0.047835882753133774,0.0540260449051857,0.0540260449051857,0.0745796412229538,0.0745796412229538,0.05358542874455452,0.05358542874455452
[omim]__[BF4]__R1234ze(E)__343.15__0.256,HFC_all,M0,R1234ZE(E),HFO,OMIM,BF4,343.15,0.256,0.0716,0.052875762432813646,0.021913254471517967,0.01872423756718635,0.01881304383277893,0.01881304383277893,0.05117543414235115,0.05117543414235115,0.05691372603178024,0.05691372603178024,0.07964833080768585,0.07964833080768585,0.057828277349472046,0.057828277349472046
[omim]__[BF4]__R1234ze(E)__343.15__0.315,HFC_all,M0,R1234ZE(E),HFO,OMIM,BF4,343.15,0.315,0.0881,0.05652253441512585,0.02435625184472916,0.03157746558487415,0.018625611439347267,0.018625611439347267,0.055935610085725784,0.055935610085725784,0.05984579771757126,0.05984579771757126,0.08649656176567078,0.08649656176567078,0.06170909106731415,0.06170909106731415
[omim]__[BF4]__R1234ze(E)__343.15__0.377,HFC_all,M0,R1234ZE(E),HFO,OMIM,BF4,343.15,0.377,0.105,0.06185629069805145,0.027827461496978834,0.043143709301948545,0.01930788904428482,0.01930788904428482,0.062459804117679596,0.062459804117679596,0.06371916830539703,0.06371916830539703,0.09738899767398834,0.09738899767398834,0.06640559434890747,0.06640559434890747
[omim]__[BF4]__R1234ze(E)__343.15__0.433,HFC_all,M0,R1234ZE(E),HFO,OMIM,BF4,343.15,0.433,0.1209,0.06712025105953216,0.031466592861016905,0.05377974894046783,0.020779356360435486,0.020779356360435486,0.06805947422981262,0.06805947422981262,0.06696169823408127,0.06696169823408127,0.10957691073417664,0.10957691073417664,0.07022381573915482,0.07022381573915482
[omim]__[PF6]__R1234yf__283.15__0.0538,HFC_all,M0,R1234YF,HFO,OMIM,PF6,283.15,0.0538,0.0317,0.031581190228462216,0.007514322293162778,0.00011880977153778255,0.01914336532354355,0.01914336532354355,0.030789870768785477,0.030789870768785477,0.03340361639857292,0.03340361639857292,0.038322970271110535,0.038322970271110535,0.036246128380298615,0.036246128380298615
[omim]__[PF6]__R1234yf__283.15__0.1016,HFC_all,M0,R1234YF,HFO,OMIM,PF6,283.15,0.1016,0.0613,0.050450349599123,0.013200347932125649,0.010849650400877,0.03040800243616104,0.03040800243616104,0.0501689575612545,0.0501689575612545,0.050316765904426575,0.050316765904426575,0.06723465770483017,0.06723465770483017,0.05412336438894272,0.05412336438894272
[omim]__[PF6]__R1234yf__283.15__0.1432,HFC_all,M0,R1234YF,HFO,OMIM,PF6,283.15,0.1432,0.0842,0.06838924288749695,0.019219810712602134,0.015810757112503043,0.0413089245557785,0.0413089245557785,0.0688161849975586,0.0688161849975586,0.06584162265062332,0.06584162265062332,0.09546449780464172,0.09546449780464172,0.0705149844288826,0.0705149844288826
[omim]__[PF6]__R1234yf__283.15__0.1907,HFC_all,M0,R1234YF,HFO,OMIM,PF6,283.15,0.1907,0.1098,0.08922068327665329,0.02782592520230489,0.020579316723346702,0.05444695055484772,0.05444695055484772,0.08813591301441193,0.08813591301441193,0.08156981319189072,0.08156981319189072,0.13197144865989685,0.13197144865989685,0.08997929096221924,0.08997929096221924
[omim]__[PF6]__R1234yf__283.15__0.2314,HFC_all,M0,R1234YF,HFO,OMIM,PF6,283.15,0.2314,0.1376,0.10583084374666214,0.03636187430677299,0.03176915625333786,0.06415122002363205,0.06415122002363205,0.1030387133359909,0.1030387133359909,0.09313373267650604,0.09313373267650604,0.16398215293884277,0.16398215293884277,0.10484839975833893,0.10484839975833893
[omim]__[PF6]__R1234yf__283.15__0.2729,HFC_all,M0,R1234YF,HFO,OMIM,PF6,283.15,0.2729,0.1652,0.12241495698690415,0.04598935799407317,0.042785043013095866,0.07427506148815155,0.07427506148815155,0.1169271320104599,0.1169271320104599,0.10417594015598297,0.10417594015598297,0.19833233952522278,0.19833233952522278,0.11836431175470352,0.11836431175470352
[omim]__[PF6]__R1234yf__283.15__0.3112,HFC_all,M0,R1234YF,HFO,OMIM,PF6,283.15,0.3112,0.1894,0.13756459951400757,0.05575089242763453,0.051835400485992444,0.08418509364128113,0.08418509364128113,0.1283976435661316,0.1283976435661316,0.1139170229434967,0.1139170229434967,0.23177585005760193,0.23177585005760193,0.1295473873615265,0.1295473873615265
[omim]__[PF6]__R1234yf__293.15__0.0568,HFC_all,M0,R1234YF,HFO,OMIM,PF6,293.15,0.0568,0.026,0.033344732224941255,0.009914159066855312,0.007344732224941256,0.016050033271312714,0.016050033271312714,0.03529742360115051,0.03529742360115051,0.03919842094182968,0.03919842094182968,0.040430132299661636,0.040430132299661636,0.035747651010751724,0.035747651010751724
[omim]__[PF6]__R1234yf__293.15__0.1074,HFC_all,M0,R1234YF,HFO,OMIM,PF6,293.15,0.1074,0.0497,0.0477625347673893,0.015078455216262877,0.0019374652326107009,0.022236395627260208,0.022236395627260208,0.049800850450992584,0.049800850450992584,0.05307735130190849,0.05307735130190849,0.06234104931354523,0.06234104931354523,0.051357027143239975,0.051357027143239975
[omim]__[PF6]__R1234yf__293.15__0.1573,HFC_all,M0,R1234YF,HFO,OMIM,PF6,293.15,0.1573,0.0692,0.061595721170306206,0.020496902516545783,0.007604278829693792,0.02829902432858944,0.02829902432858944,0.06363290548324585,0.06363290548324585,0.06489257514476776,0.06489257514476776,0.08468329906463623,0.08468329906463623,0.06647080183029175,0.06647080183029175
[omim]__[PF6]__R1234yf__293.15__0.2037,HFC_all,M0,R1234YF,HFO,OMIM,PF6,293.15,0.2037,0.0917,0.07513606250286102,0.026710108123202635,0.016563937497138984,0.03340105712413788,0.03340105712413788,0.07881709933280945,0.07881709933280945,0.07522289454936981,0.07522289454936981,0.10786007344722748,0.10786007344722748,0.0803791880607605,0.0803791880607605
[omim]__[PF6]__R1234yf__293.15__0.2489,HFC_all,M0,R1234YF,HFO,OMIM,PF6,293.15,0.2489,0.1116,0.08889090418815612,0.033698357439306666,0.022709095811843882,0.040053144097328186,0.040053144097328186,0.09163215756416321,0.09163215756416321,0.08395683020353317,0.08395683020353317,0.13469499349594116,0.13469499349594116,0.09411739557981491,0.09411739557981491
[omim]__[PF6]__R1234yf__293.15__0.2938,HFC_all,M0,R1234YF,HFO,OMIM,PF6,293.15,0.2938,0.1354,0.10209536477923394,0.04042665217980889,0.03330463522076606,0.047960180789232254,0.047960180789232254,0.10185982286930084,0.10185982286930084,0.09296251833438873,0.09296251833438873,0.16129548847675323,0.16129548847675323,0.1063988134264946,0.1063988134264946
[omim]__[PF6]__R1234yf__293.15__0.3382,HFC_all,M0,R1234YF,HFO,OMIM,PF6,293.15,0.3382,0.1547,0.11436210945248604,0.04775215366777412,0.040337890547513966,0.056527722626924515,0.056527722626924515,0.11013053357601166,0.11013053357601166,0.10047408938407898,0.10047408938407898,0.18895173072814941,0.18895173072814941,0.11572647094726562,0.11572647094726562
[omim]__[PF6]__R1234yf__303.15__0.0597,HFC_all,M0,R1234YF,HFO,OMIM,PF6,303.15,0.0597,0.0219,0.03498049527406692,0.011306510333903223,0.013080495274066923,0.016034774482250214,0.016034774482250214,0.035983264446258545,0.035983264446258545,0.04233178123831749,0.04233178123831749,0.04481888934969902,0.04481888934969902,0.03573376685380936,0.03573376685380936
[omim]__[PF6]__R1234yf__303.15__0.1136,HFC_all,M0,R1234YF,HFO,OMIM,PF6,303.15,0.1136,0.0417,0.0462699793279171,0.015441316544474216,0.004569979327917098,0.020600471645593643,0.020600471645593643,0.0464082807302475,0.0464082807302475,0.05539023503661156,0.05539023503661156,0.060678500682115555,0.060678500682115555,0.04827240854501724,0.04827240854501724
[omim]__[PF6]__R1234yf__303.15__0.1663,HFC_all,M0,R1234YF,HFO,OMIM,PF6,303.15,0.1663,0.0586,0.05607466958463192,0.019419755368240872,0.0025253304153680795,0.023379134014248848,0.023379134014248848,0.05727167800068855,0.05727167800068855,0.06309671700000763,0.06309671700000763,0.07499192655086517,0.07499192655086517,0.061633892357349396,0.061633892357349396
[omim]__[PF6]__R1234yf__303.15__0.2161,HFC_all,M0,R1234YF,HFO,OMIM,PF6,303.15,0.2161,0.0765,0.06619083136320114,0.02420468946518649,0.010309168636798857,0.025996588170528412,0.025996588170528412,0.06965208053588867,0.06965208053588867,0.07063111662864685,0.07063111662864685,0.09168557822704315,0.09168557822704315,0.07298879325389862,0.07298879325389862
[omim]__[PF6]__R1234yf__303.15__0.2644,HFC_all,M0,R1234YF,HFO,OMIM,PF6,303.15,0.2644,0.0928,0.07655331753194332,0.029715759456929274,0.016246682468056675,0.028888827189803123,0.028888827189803123,0.08124984055757523,0.08124984055757523,0.07832085341215134,0.07832085341215134,0.1110510602593422,0.1110510602593422,0.08325600624084473,0.08325600624084473
[omim]__[PF6]__R1234yf__303.15__0.3132,HFC_all,M0,R1234YF,HFO,OMIM,PF6,303.15,0.3132,0.1118,0.08646931350231171,0.03563454854859106,0.025330686497688285,0.03252970427274704,0.03252970427274704,0.09016355127096176,0.09016355127096176,0.08466924726963043,0.08466924726963043,0.1324739158153534,0.1324739158153534,0.0925101488828659,0.0925101488828659
[omim]__[PF6]__R1234yf__303.15__0.3606,HFC_all,M0,R1234YF,HFO,OMIM,PF6,303.15,0.3606,0.1279,0.09563905224204064,0.0410452889055019,0.032260947757959374,0.03776145353913307,0.03776145353913307,0.09668390452861786,0.09668390452861786,0.09009096771478653,0.09009096771478653,0.15339532494544983,0.15339532494544983,0.10026361048221588,0.10026361048221588
[omim]__[PF6]__R1234yf__313.15__0.0625,HFC_all,M0,R1234YF,HFO,OMIM,PF6,313.15,0.0625,0.0182,0.034317806363105774,0.01099639444395121,0.016117806363105773,0.016759376972913742,0.016759376972913742,0.034560393542051315,0.034560393542051315,0.04105042666196823,0.04105042666196823,0.045691974461078644,0.045691974461078644,0.03352686017751694,0.03352686017751694
[omim]__[PF6]__R1234yf__313.15__0.1233,HFC_all,M0,R1234YF,HFO,OMIM,PF6,313.15,0.1233,0.0358,0.04401994422078133,0.015352166050822656,0.00821994422078133,0.019362401217222214,0.019362401217222214,0.04244236275553703,0.04244236275553703,0.05380702763795853,0.05380702763795853,0.05935792252421379,0.05935792252421379,0.04513000696897507,0.04513000696897507
[omim]__[PF6]__R1234yf__313.15__0.1748,HFC_all,M0,R1234YF,HFO,OMIM,PF6,313.15,0.1748,0.0502,0.05133039467036724,0.01799841590149596,0.0011303946703672407,0.021292006596922874,0.021292006596922874,0.050342027097940445,0.050342027097940445,0.06017628312110901,0.06017628312110901,0.06826227903366089,0.06826227903366089,0.05657937750220299,0.05657937750220299
[omim]__[PF6]__R1234yf__313.15__0.2276,HFC_all,M0,R1234YF,HFO,OMIM,PF6,313.15,0.2276,0.0647,0.05916873067617416,0.021444821027446388,0.005531269323825833,0.023155461996793747,0.023155461996793747,0.06027444079518318,0.06027444079518318,0.06601007282733917,0.06601007282733917,0.08029701560735703,0.08029701560735703,0.06610666215419769,0.06610666215419769
[omim]__[PF6]__R1234yf__313.15__0.2788,HFC_all,M0,R1234YF,HFO,OMIM,PF6,313.15,0.2788,0.0784,0.06671986430883407,0.025575881608131637,0.011680135691165924,0.024562500417232513,0.024562500417232513,0.06980065256357193,0.06980065256357193,0.07210715115070343,0.07210715115070343,0.09436407685279846,0.09436407685279846,0.07276494055986404,0.07276494055986404
[omim]__[PF6]__R1234yf__313.15__0.331,HFC_all,M0,R1234YF,HFO,OMIM,PF6,313.15,0.331,0.0933,0.07425749525427819,0.030176621398384108,0.019042504745721806,0.026381585747003555,0.026381585747003555,0.07826009392738342,0.07826009392738342,0.07698814570903778,0.07698814570903778,0.11033003032207489,0.11033003032207489,0.07932762056589127,0.07932762056589127
[omim]__[PF6]__R1234yf__313.15__0.3816,HFC_all,M0,R1234YF,HFO,OMIM,PF6,313.15,0.3816,0.1066,0.08142405562102795,0.03535618851339774,0.025175944378972054,0.028295455500483513,0.028295455500483513,0.08490554243326187,0.08490554243326187,0.08094852417707443,0.08094852417707443,0.12780562043190002,0.12780562043190002,0.08516513556241989,0.08516513556241989
[omim]__[PF6]__R1234yf__323.15__0.0654,HFC_all,M0,R1234YF,HFO,OMIM,PF6,323.15,0.0654,0.0158,0.03262143060564995,0.0096636980255855,0.016821430605649945,0.0178690142929554,0.0178690142929554,0.03237508609890938,0.03237508609890938,0.03809566795825958,0.03809566795825958,0.04372909292578697,0.04372909292578697,0.03103829175233841,0.03103829175233841
[omim]__[PF6]__R1234yf__323.15__0.127,HFC_all,M0,R1234YF,HFO,OMIM,PF6,323.15,0.127,0.0305,0.040419517830014226,0.014044885113895155,0.009919517830014227,0.018627380952239037,0.018627380952239037,0.037530768662691116,0.037530768662691116,0.049342960119247437,0.049342960119247437,0.055440254509449005,0.055440254509449005,0.04115622490644455,0.04115622490644455
[omim]__[PF6]__R1234yf__323.15__0.1832,HFC_all,M0,R1234YF,HFO,OMIM,PF6,323.15,0.1832,0.0424,0.046357115358114244,0.016991175770827257,0.003957115358114244,0.018800605088472366,0.018800605088472366,0.043533071875572205,0.043533071875572205,0.05518270283937454,0.05518270283937454,0.06335008144378662,0.06335008144378662,0.05091911554336548,0.05091911554336548
[omim]__[PF6]__R1234yf__323.15__0.2386,HFC_all,M0,R1234YF,HFO,OMIM,PF6,323.15,0.2386,0.0552,0.05226223319768906,0.019851833317487622,0.0029377668023109413,0.01976071670651436,0.01976071670651436,0.04999728500843048,0.04999728500843048,0.06042098253965378,0.06042098253965378,0.07243457436561584,0.07243457436561584,0.05869760736823082,0.05869760736823082
[omim]__[PF6]__R1234yf__323.15__0.2924,HFC_all,M0,R1234YF,HFO,OMIM,PF6,323.15,0.2924,0.0671,0.05796131454408169,0.0229942723121247,0.009138685455918318,0.020523587241768837,0.020523587241768837,0.057026129215955734,0.057026129215955734,0.06508974730968475,0.06508974730968475,0.08289926499128342,0.08289926499128342,0.0642678439617157,0.0642678439617157
[omim]__[PF6]__R1234yf__323.15__0.3474,HFC_all,M0,R1234YF,HFO,OMIM,PF6,323.15,0.3474,0.0794,0.0638126254081726,0.02652918549683162,0.015587374591827394,0.02136366069316864,0.02136366069316864,0.06472175568342209,0.06472175568342209,0.06935343146324158,0.06935343146324158,0.09473080933094025,0.09473080933094025,0.06889346987009048,0.06889346987009048
[omim]__[PF6]__R1234yf__323.15__0.4011,HFC_all,M0,R1234YF,HFO,OMIM,PF6,323.15,0.4011,0.0908,0.06980999298393727,0.0302860771729561,0.02099000701606274,0.0227158535271883,0.0227158535271883,0.07203473150730133,0.07203473150730133,0.07299769669771194,0.07299769669771194,0.10749327391386032,0.10749327391386032,0.07380840927362442,0.07380840927362442
[omim]__[PF6]__R1234yf__333.15__0.0683,HFC_all,M0,R1234YF,HFO,OMIM,PF6,333.15,0.0683,0.0138,0.03091028891503811,0.00857695345580868,0.01711028891503811,0.01796695403754711,0.01796695403754711,0.030807044357061386,0.030807044357061386,0.03441388159990311,0.03441388159990311,0.04155147075653076,0.04155147075653076,0.029812093824148178,0.029812093824148178
[omim]__[PF6]__R1234yf__333.15__0.1304,HFC_all,M0,R1234YF,HFO,OMIM,PF6,333.15,0.1304,0.0262,0.037458685040473935,0.012570846939532624,0.011258685040473934,0.01830659806728363,0.01830659806728363,0.034322530031204224,0.034322530031204224,0.04400094971060753,0.04400094971060753,0.05199116840958595,0.05199116840958595,0.038672178983688354,0.038672178983688354
[omim]__[PF6]__R1234yf__333.15__0.1911,HFC_all,M0,R1234YF,HFO,OMIM,PF6,333.15,0.1911,0.0366,0.042119051516056064,0.016065001899470997,0.005519051516056063,0.016501054167747498,0.016501054167747498,0.03878786042332649,0.03878786042332649,0.04976552724838257,0.04976552724838257,0.05907862260937691,0.05907862260937691,0.04646219313144684,0.04646219313144684
[omim]__[PF6]__R1234yf__333.15__0.2491,HFC_all,M0,R1234YF,HFO,OMIM,PF6,333.15,0.2491,0.0476,0.04626888409256935,0.018959011728803186,0.0013311159074306522,0.015551485121250153,0.015551485121250153,0.043266791850328445,0.043266791850328445,0.054498687386512756,0.054498687386512756,0.06581863760948181,0.06581863760948181,0.05220881849527359,0.05220881849527359
[omim]__[PF6]__R1234yf__333.15__0.3056,HFC_all,M0,R1234YF,HFO,OMIM,PF6,333.15,0.3056,0.0583,0.0509227529168129,0.02166079573721983,0.0073772470831870995,0.01609809696674347,0.01609809696674347,0.048323944211006165,0.048323944211006165,0.058632493019104004,0.058632493019104004,0.07462147623300552,0.07462147623300552,0.05693775415420532,0.05693775415420532
[omim]__[PF6]__R1234yf__333.15__0.3634,HFC_all,M0,R1234YF,HFO,OMIM,PF6,333.15,0.3634,0.0688,0.055738824605941775,0.024572925690841258,0.013061175394058225,0.016994178295135498,0.016994178295135498,0.054005883634090424,0.054005883634090424,0.061780259013175964,0.061780259013175964,0.0848257839679718,0.0848257839679718,0.061088018119335175,0.061088018119335175
[omim]__[PF6]__R1234yf__333.15__0.4196,HFC_all,M0,R1234YF,HFO,OMIM,PF6,333.15,0.4196,0.0785,0.06067614257335663,0.02711645447721834,0.017823857426643372,0.018545549362897873,0.018545549362897873,0.06055982783436775,0.06055982783436775,0.06531243026256561,0.06531243026256561,0.09427052736282349,0.09427052736282349,0.06469237804412842,0.06469237804412842
[omim]__[PF6]__R1234yf__343.15__0.0731,HFC_all,M0,R1234YF,HFO,OMIM,PF6,343.15,0.0731,0.0125,0.02985955849289894,0.007947378758830087,0.01735955849289894,0.017897196114063263,0.017897196114063263,0.029814433306455612,0.029814433306455612,0.0312027670443058,0.0312027670443058,0.040235284715890884,0.040235284715890884,0.030148111283779144,0.030148111283779144
[omim]__[PF6]__R1234yf__343.15__0.1358,HFC_all,M0,R1234YF,HFO,OMIM,PF6,343.15,0.1358,0.0221,0.03537379875779152,0.011639003504203533,0.01327379875779152,0.01800251007080078,0.01800251007080078,0.03243473917245865,0.03243473917245865,0.039388131350278854,0.039388131350278854,0.04994718357920647,0.04994718357920647,0.037096429616212845,0.037096429616212845
[omim]__[PF6]__R1234yf__343.15__0.1988,HFC_all,M0,R1234YF,HFO,OMIM,PF6,343.15,0.1988,0.0316,0.038449511677026746,0.014972584804881148,0.006849511677026743,0.015260584652423859,0.015260584652423859,0.03460090607404709,0.03460090607404709,0.0442499965429306,0.0442499965429306,0.05558813363313675,0.05558813363313675,0.042547937482595444,0.042547937482595444
[omim]__[PF6]__R1234yf__343.15__0.2595,HFC_all,M0,R1234YF,HFO,OMIM,PF6,343.15,0.2595,0.0415,0.041581970453262326,0.018015808040124245,8.197045326232416e-05,0.01289321482181549,0.01289321482181549,0.03806723281741142,0.03806723281741142,0.04897119477391243,0.04897119477391243,0.06107446551322937,0.06107446551322937,0.04690374433994293,0.04690374433994293
[omim]__[PF6]__R1234yf__343.15__0.3184,HFC_all,M0,R1234YF,HFO,OMIM,PF6,343.15,0.3184,0.0528,0.045379462838172915,0.02092799199028489,0.007420537161827084,0.012204371392726898,0.012204371392726898,0.04209548234939575,0.04209548234939575,0.05273507535457611,0.05273507535457611,0.06895730644464493,0.06895730644464493,0.050905078649520874,0.050905078649520874
[omim]__[PF6]__R1234yf__343.15__0.379,HFC_all,M0,R1234YF,HFO,OMIM,PF6,343.15,0.379,0.0599,0.04958727434277534,0.023091412379398085,0.010312725657224658,0.013227589428424835,0.013227589428424835,0.04727327078580856,0.04727327078580856,0.0557531975209713,0.0557531975209713,0.07677450031042099,0.07677450031042099,0.05490781366825104,0.05490781366825104
[omim]__[PF6]__R1234yf__343.15__0.4377,HFC_all,M0,R1234YF,HFO,OMIM,PF6,343.15,0.4377,0.0689,0.05382904037833214,0.025037664585464962,0.015070959621667865,0.01511889323592186,0.01511889323592186,0.05234643071889877,0.05234643071889877,0.058626919984817505,0.058626919984817505,0.08489522337913513,0.08489522337913513,0.05815773457288742,0.05815773457288742
[omim]__[PF6]__R1234ze(E)__283.15__0.085,HFC_all,M0,R1234ZE(E),HFO,OMIM,PF6,283.15,0.085,0.1265,0.08043175637722015,0.020739022522003717,0.04606824362277985,0.060211531817913055,0.060211531817913055,0.0734170526266098,0.0734170526266098,0.07212773710489273,0.07212773710489273,0.11496278643608093,0.11496278643608093,0.08143967390060425,0.08143967390060425
[omim]__[PF6]__R1234ze(E)__283.15__0.1231,HFC_all,M0,R1234ZE(E),HFO,OMIM,PF6,283.15,0.1231,0.183,0.10675041973590851,0.03465446782791699,0.07624958026409148,0.07556913793087006,0.07556913793087006,0.09714871644973755,0.09714871644973755,0.09127791970968246,0.09127791970968246,0.16584205627441406,0.16584205627441406,0.10391426831483841,0.10391426831483841
[omim]__[PF6]__R1234ze(E)__283.15__0.1575,HFC_all,M0,R1234ZE(E),HFO,OMIM,PF6,283.15,0.1575,0.238,0.1314967766404152,0.0497505794578476,0.10650322335958479,0.09016531705856323,0.09016531705856323,0.11843414604663849,0.11843414604663849,0.10746969282627106,0.10746969282627106,0.2174476981163025,0.2174476981163025,0.12396702915430069,0.12396702915430069
[omim]__[PF6]__R1234ze(E)__283.15__0.1903,HFC_all,M0,R1234ZE(E),HFO,OMIM,PF6,283.15,0.1903,0.2865,0.15453474074602128,0.0649047165331824,0.1319652592539787,0.10324913263320923,0.10324913263320923,0.13785462081432343,0.13785462081432343,0.12233614176511765,0.12233614176511765,0.26742157340049744,0.26742157340049744,0.14181223511695862,0.14181223511695862
[omim]__[PF6]__R1234ze(E)__283.15__0.221,HFC_all,M0,R1234ZE(E),HFO,OMIM,PF6,283.15,0.221,0.3378,0.17441731095314025,0.0789072300358844,0.16338268904685974,0.11424766480922699,0.11424766480922699,0.15365363657474518,0.15365363657474518,0.13592009246349335,0.13592009246349335,0.3123630881309509,0.3123630881309509,0.15590207278728485,0.15590207278728485
[omim]__[PF6]__R1234ze(E)__283.15__0.2477,HFC_all,M0,R1234ZE(E),HFO,OMIM,PF6,283.15,0.2477,0.3877,0.19127004742622375,0.09024685188620872,0.19642995257377624,0.12390352785587311,0.12390352785587311,0.1671060025691986,0.1671060025691986,0.14847588539123535,0.14847588539123535,0.3495447635650635,0.3495447635650635,0.16732005774974823,0.16732005774974823
[omim]__[PF6]__R1234ze(E)__293.15__0.0941,HFC_all,M0,R1234ZE(E),HFO,OMIM,PF6,293.15,0.0941,0.1069,0.07379039153456687,0.018389642689294525,0.03310960846543312,0.04802783951163292,0.04802783951163292,0.07393649965524673,0.07393649965524673,0.07193262875080109,0.07193262875080109,0.09993954747915268,0.09993954747915268,0.07511544227600098,0.07511544227600098
[omim]__[PF6]__R1234ze(E)__293.15__0.1387,HFC_all,M0,R1234ZE(E),HFO,OMIM,PF6,293.15,0.1387,0.1504,0.09408903494477272,0.027164350951342224,0.056310965055227286,0.05907127633690834,0.05907127633690834,0.09213925898075104,0.09213925898075104,0.08894270658493042,0.08894270658493042,0.1352493166923523,0.1352493166923523,0.09504261612892151,0.09504261612892151
[omim]__[PF6]__R1234ze(E)__293.15__0.1804,HFC_all,M0,R1234ZE(E),HFO,OMIM,PF6,293.15,0.1804,0.1925,0.11570499539375305,0.04015634862020913,0.07679500460624696,0.06945541501045227,0.06945541501045227,0.11188353598117828,0.11188353598117828,0.10329964011907578,0.10329964011907578,0.18004122376441956,0.18004122376441956,0.11384516209363937,0.11384516209363937
[omim]__[PF6]__R1234ze(E)__293.15__0.2182,HFC_all,M0,R1234ZE(E),HFO,OMIM,PF6,293.15,0.2182,0.2364,0.13511456102132796,0.05359608948821021,0.10128543897867204,0.07847979664802551,0.07847979664802551,0.12843522429466248,0.12843522429466248,0.11521800607442856,0.11521800607442856,0.2235182523727417,0.2235182523727417,0.12992152571678162,0.12992152571678162
[omim]__[PF6]__R1234ze(E)__293.15__0.2566,HFC_all,M0,R1234ZE(E),HFO,OMIM,PF6,293.15,0.2566,0.2791,0.1543363317847252,0.06798722235661897,0.12476366821527482,0.0882285013794899,0.0882285013794899,0.1426514983177185,0.1426514983177185,0.12716799974441528,0.12716799974441528,0.2690090537071228,0.2690090537071228,0.14462460577487946,0.14462460577487946
[omim]__[PF6]__R1234ze(E)__293.15__0.2917,HFC_all,M0,R1234ZE(E),HFO,OMIM,PF6,293.15,0.2917,0.3215,0.17004161775112153,0.08090941438639097,0.15145838224887848,0.09657049179077148,0.09657049179077148,0.1527813822031021,0.1527813822031021,0.13681602478027344,0.13681602478027344,0.3085145652294159,0.3085145652294159,0.15552562475204468,0.15552562475204468
[omim]__[PF6]__R1234ze(E)__303.15__0.1034,HFC_all,M0,R1234ZE(E),HFO,OMIM,PF6,303.15,0.1034,0.0872,0.07188665121793747,0.019993000339701885,0.01531334878206253,0.04350389540195465,0.04350389540195465,0.07139785587787628,0.07139785587787628,0.07271400094032288,0.07271400094032288,0.10003563016653061,0.10003563016653061,0.07178187370300293,0.07178187370300293
[omim]__[PF6]__R1234ze(E)__303.15__0.1527,HFC_all,M0,R1234ZE(E),HFO,OMIM,PF6,303.15,0.1527,0.1228,0.0859294131398201,0.024542744989271267,0.03687058686017991,0.05032992362976074,0.05032992362976074,0.08688930422067642,0.08688930422067642,0.08443969488143921,0.08443969488143921,0.11958665400743484,0.11958665400743484,0.08840148895978928,0.08840148895978928
[omim]__[PF6]__R1234ze(E)__303.15__0.1991,HFC_all,M0,R1234ZE(E),HFO,OMIM,PF6,303.15,0.1991,0.1578,0.10184625759720803,0.03311348277803057,0.05595374240279197,0.05594736710190773,0.05594736710190773,0.10420700907707214,0.10420700907707214,0.0962681919336319,0.0962681919336319,0.14916852116584778,0.14916852116584778,0.10364019870758057,0.10364019870758057
[omim]__[PF6]__R1234ze(E)__303.15__0.2427,HFC_all,M0,R1234ZE(E),HFO,OMIM,PF6,303.15,0.2427,0.1931,0.11778956353664398,0.04341410286750507,0.07531043646335601,0.06269457936286926,0.06269457936286926,0.11913877725601196,0.11913877725601196,0.10641321539878845,0.10641321539878845,0.18390649557113647,0.18390649557113647,0.11679475009441376,0.11679475009441376
[omim]__[PF6]__R1234ze(E)__303.15__0.2869,HFC_all,M0,R1234ZE(E),HFO,OMIM,PF6,303.15,0.2869,0.229,0.13317234218120574,0.0546921438353518,0.09582765781879427,0.07017902284860611,0.07017902284860611,0.13030916452407837,0.13030916452407837,0.1154990866780281,0.1154990866780281,0.2206953465938568,0.2206953465938568,0.12917909026145935,0.12917909026145935
[omim]__[PF6]__R1234ze(E)__303.15__0.3284,HFC_all,M0,R1234ZE(E),HFO,OMIM,PF6,303.15,0.3284,0.2648,0.14625798165798187,0.06576689232031195,0.11854201834201811,0.07752904295921326,0.07752904295921326,0.1385040134191513,0.1385040134191513,0.122161865234375,0.122161865234375,0.2551932632923126,0.2551932632923126,0.13790172338485718,0.13790172338485718
[omim]__[PF6]__R1234ze(E)__313.15__0.112,HFC_all,M0,R1234ZE(E),HFO,OMIM,PF6,313.15,0.112,0.0704,0.06758117079734802,0.01954360571728071,0.0028188292026519873,0.04045865684747696,0.04045865684747696,0.0647248700261116,0.0647248700261116,0.07066807150840759,0.07066807150840759,0.09539557248353958,0.09539557248353958,0.06665868312120438,0.06665868312120438
[omim]__[PF6]__R1234ze(E)__313.15__0.1648,HFC_all,M0,R1234ZE(E),HFO,OMIM,PF6,313.15,0.1648,0.1014,0.07837829291820526,0.02222909718699782,0.02302170708179474,0.04619132727384567,0.04619132727384567,0.0779043510556221,0.0779043510556221,0.07880984246730804,0.07880984246730804,0.10899734497070312,0.10899734497070312,0.07998859882354736,0.07998859882354736
[omim]__[PF6]__R1234ze(E)__313.15__0.2154,HFC_all,M0,R1234ZE(E),HFO,OMIM,PF6,313.15,0.2154,0.1305,0.09044958204030991,0.027871582108385216,0.040050417959690096,0.04995632916688919,0.04995632916688919,0.09243516623973846,0.09243516623973846,0.08917432278394699,0.08917432278394699,0.12865343689918518,0.12865343689918518,0.0920286551117897,0.0920286551117897
[omim]__[PF6]__R1234ze(E)__313.15__0.2636,HFC_all,M0,R1234ZE(E),HFO,OMIM,PF6,313.15,0.2636,0.1595,0.1020664244890213,0.03608401634905868,0.057433575510978704,0.052555546164512634,0.052555546164512634,0.10429321229457855,0.10429321229457855,0.09713038802146912,0.09713038802146912,0.15429261326789856,0.15429261326789856,0.10206036269664764,0.10206036269664764
[omim]__[PF6]__R1234ze(E)__313.15__0.3129,HFC_all,M0,R1234ZE(E),HFO,OMIM,PF6,313.15,0.3129,0.1885,0.11359584257006645,0.04501335432734251,0.07490415742993355,0.05652977153658867,0.05652977153658867,0.11507204174995422,0.11507204174995422,0.10302610695362091,0.10302610695362091,0.18235355615615845,0.18235355615615845,0.11099773645401001,0.11099773645401001
[omim]__[PF6]__R1234ze(E)__313.15__0.3594,HFC_all,M0,R1234ZE(E),HFO,OMIM,PF6,313.15,0.3594,0.2189,0.12399220243096351,0.05372561198590438,0.0949077975690365,0.06100436672568321,0.06100436672568321,0.12306530773639679,0.12306530773639679,0.10835143178701401,0.10835143178701401,0.2094222605228424,0.2094222605228424,0.11811764538288116,0.11811764538288116
[omim]__[PF6]__R1234ze(E)__323.15__0.1191,HFC_all,M0,R1234ZE(E),HFO,OMIM,PF6,323.15,0.1191,0.0592,0.06207095980644226,0.018493312033372504,0.0028709598064422595,0.03714318573474884,0.03714318573474884,0.057703614234924316,0.057703614234924316,0.06584608554840088,0.06584608554840088,0.08875317126512527,0.08875317126512527,0.06090874224901199,0.06090874224901199
[omim]__[PF6]__R1234ze(E)__323.15__0.1757,HFC_all,M0,R1234ZE(E),HFO,OMIM,PF6,323.15,0.1757,0.0847,0.07057399302721024,0.021387350943048004,0.014126006972789762,0.04029419273138046,0.04029419273138046,0.06683039665222168,0.06683039665222168,0.07290488481521606,0.07290488481521606,0.10040512681007385,0.10040512681007385,0.07243536412715912,0.07243536412715912
[omim]__[PF6]__R1234ze(E)__323.15__0.2304,HFC_all,M0,R1234ZE(E),HFO,OMIM,PF6,323.15,0.2304,0.1077,0.07995231077075005,0.025795296704508298,0.02774768922924996,0.0431753508746624,0.0431753508746624,0.0785001590847969,0.0785001590847969,0.08056534826755524,0.08056534826755524,0.11606750637292862,0.11606750637292862,0.08145318925380707,0.08145318925380707
[omim]__[PF6]__R1234ze(E)__323.15__0.2821,HFC_all,M0,R1234ZE(E),HFO,OMIM,PF6,323.15,0.2821,0.1328,0.0881831631064415,0.031140421693849556,0.0446168368935585,0.045351818203926086,0.045351818203926086,0.08782024681568146,0.08782024681568146,0.08633822947740555,0.08633822947740555,0.1333586573600769,0.1333586573600769,0.08804686367511749,0.08804686367511749
[omim]__[PF6]__R1234ze(E)__323.15__0.3356,HFC_all,M0,R1234ZE(E),HFO,OMIM,PF6,323.15,0.3356,0.157,0.09713199734687805,0.037916434541014093,0.05986800265312195,0.0478801503777504,0.0478801503777504,0.09693256765604019,0.09693256765604019,0.09118543565273285,0.09118543565273285,0.15445369482040405,0.15445369482040405,0.09520813822746277,0.09520813822746277
[omim]__[PF6]__R1234ze(E)__323.15__0.3863,HFC_all,M0,R1234ZE(E),HFO,OMIM,PF6,323.15,0.3863,0.1827,0.10539842247962952,0.04510993506141609,0.07730157752037048,0.049962058663368225,0.049962058663368225,0.10407841205596924,0.10407841205596924,0.09558122605085373,0.09558122605085373,0.17578166723251343,0.17578166723251343,0.10158874839544296,0.10158874839544296
[omim]__[PF6]__R1234ze(E)__333.15__0.1259,HFC_all,M0,R1234ZE(E),HFO,OMIM,PF6,333.15,0.1259,0.0499,0.05687036514282227,0.01738930890990642,0.006970365142822267,0.033010177314281464,0.033010177314281464,0.05292957276105881,0.05292957276105881,0.06093458831310272,0.06093458831310272,0.08151526749134064,0.08151526749134064,0.0559622198343277,0.0559622198343277
[omim]__[PF6]__R1234ze(E)__333.15__0.186,HFC_all,M0,R1234ZE(E),HFO,OMIM,PF6,333.15,0.186,0.0705,0.06317692995071411,0.020447184268959334,0.007323070049285882,0.03398418426513672,0.03398418426513672,0.05920318514108658,0.05920318514108658,0.06635953485965729,0.06635953485965729,0.09129702299833298,0.09129702299833298,0.065040722489357,0.065040722489357
[omim]__[PF6]__R1234ze(E)__333.15__0.2437,HFC_all,M0,R1234ZE(E),HFO,OMIM,PF6,333.15,0.2437,0.0907,0.06997484341263771,0.023726307091974583,0.020725156587362292,0.03614896163344383,0.03614896163344383,0.06711369752883911,0.06711369752883911,0.07200925797224045,0.07200925797224045,0.10303063690662384,0.10303063690662384,0.07157166302204132,0.07157166302204132
[omim]__[PF6]__R1234ze(E)__333.15__0.299,HFC_all,M0,R1234ZE(E),HFO,OMIM,PF6,333.15,0.299,0.1115,0.07663227766752242,0.027747290412212054,0.03486772233247758,0.03834106773138046,0.03834106773138046,0.07489506155252457,0.07489506155252457,0.0761442482471466,0.0761442482471466,0.1167573630809784,0.1167573630809784,0.07702364772558212,0.07702364772558212
[omim]__[PF6]__R1234ze(E)__333.15__0.356,HFC_all,M0,R1234ZE(E),HFO,OMIM,PF6,333.15,0.356,0.1321,0.08371062427759171,0.03280412499769369,0.048389375722408284,0.040491051971912384,0.040491051971912384,0.08248536288738251,0.08248536288738251,0.08018246293067932,0.08018246293067932,0.13291475176811218,0.13291475176811218,0.08247949182987213,0.08247949182987213
[omim]__[PF6]__R1234ze(E)__333.15__0.4106,HFC_all,M0,R1234ZE(E),HFO,OMIM,PF6,333.15,0.4106,0.1539,0.09086429998278618,0.03864610825190198,0.06303570001721383,0.041952263563871384,0.041952263563871384,0.08941815793514252,0.08941815793514252,0.08463877439498901,0.08463877439498901,0.15030092000961304,0.15030092000961304,0.08801138401031494,0.08801138401031494
[omim]__[PF6]__R1234ze(E)__343.15__0.1328,HFC_all,M0,R1234ZE(E),HFO,OMIM,PF6,343.15,0.1328,0.0403,0.052328648418188094,0.015611463916017903,0.012028648418188091,0.030563190579414368,0.030563190579414368,0.048464104533195496,0.048464104533195496,0.05613235384225845,0.05613235384225845,0.07404780387878418,0.07404780387878418,0.05243578925728798,0.05243578925728798
[omim]__[PF6]__R1234ze(E)__343.15__0.1959,HFC_all,M0,R1234ZE(E),HFO,OMIM,PF6,343.15,0.1959,0.0582,0.05669580698013306,0.01856757260182667,0.0015041930198669423,0.02976716309785843,0.02976716309785843,0.05279264971613884,0.05279264971613884,0.060356419533491135,0.060356419533491135,0.0815972238779068,0.0815972238779068,0.05896557867527008,0.05896557867527008
[omim]__[PF6]__R1234ze(E)__343.15__0.2563,HFC_all,M0,R1234ZE(E),HFO,OMIM,PF6,343.15,0.2563,0.0765,0.06157599948346615,0.021292962108484165,0.01492400051653385,0.0305160041898489,0.0305160041898489,0.058177635073661804,0.058177635073661804,0.06452040374279022,0.06452040374279022,0.09021813422441483,0.09021813422441483,0.06444782018661499,0.06444782018661499
[omim]__[PF6]__R1234ze(E)__343.15__0.315,HFC_all,M0,R1234ZE(E),HFO,OMIM,PF6,343.15,0.315,0.0934,0.06704021245241165,0.02454567507886158,0.026359787547588345,0.032364897429943085,0.032364897429943085,0.06416517496109009,0.06416517496109009,0.06861398369073868,0.06861398369073868,0.10160685330629349,0.10160685330629349,0.06845015287399292,0.06845015287399292
[omim]__[PF6]__R1234ze(E)__343.15__0.3753,HFC_all,M0,R1234ZE(E),HFO,OMIM,PF6,343.15,0.3753,0.112,0.0732640266418457,0.028608642411452775,0.038735973358154305,0.034518979489803314,0.034518979489803314,0.07093897461891174,0.07093897461891174,0.07243108004331589,0.07243108004331589,0.11529405415058136,0.11529405415058136,0.07313704490661621,0.07313704490661621
[omim]__[PF6]__R1234ze(E)__343.15__0.434,HFC_all,M0,R1234ZE(E),HFO,OMIM,PF6,343.15,0.434,0.1281,0.07946780323982239,0.03353651539088585,0.048632196760177604,0.035864539444446564,0.035864539444446564,0.07794153690338135,0.07794153690338135,0.07584521919488907,0.07584521919488907,0.13024187088012695,0.13024187088012695,0.077445849776268,0.077445849776268
[P66614]__[Cl]__R1234yf__283.15__0.064,HFC_all,M0,R1234YF,HFO,P66614,CL,283.15,0.064,0.158,0.1216814249753952,0.02143838075695677,0.036318575024604796,0.13057807087898254,0.13057807087898254,0.10868075489997864,0.10868075489997864,0.12779934704303741,0.12779934704303741,0.14852041006088257,0.14852041006088257,0.09282854199409485,0.09282854199409485
[P66614]__[Cl]__R1234yf__283.15__0.13,HFC_all,M0,R1234YF,HFO,P66614,CL,283.15,0.13,0.299,0.16855117976665496,0.028727855516386614,0.13044882023334503,0.1760159730911255,0.1760159730911255,0.15596096217632294,0.15596096217632294,0.17115651071071625,0.17115651071071625,0.20903468132019043,0.20903468132019043,0.13058777153491974,0.13058777153491974
[P66614]__[Cl]__R1234yf__283.15__0.18,HFC_all,M0,R1234YF,HFO,P66614,CL,283.15,0.18,0.38,0.20351909399032592,0.034641906235895276,0.1764809060096741,0.21050570905208588,0.21050570905208588,0.1899811327457428,0.1899811327457428,0.19947583973407745,0.19947583973407745,0.2562278211116791,0.2562278211116791,0.16140496730804443,0.16140496730804443
[P66614]__[Cl]__R1234yf__283.15__0.233,HFC_all,M0,R1234YF,HFO,P66614,CL,283.15,0.233,0.456,0.2385943979024887,0.04081031489995885,0.2174056020975113,0.2451474368572235,0.2451474368572235,0.22465987503528595,0.22465987503528595,0.22858001291751862,0.22858001291751862,0.30284959077835083,0.30284959077835083,0.19173507392406464,0.19173507392406464
[P66614]__[Cl]__R1234yf__283.15__0.281,HFC_all,M0,R1234YF,HFO,P66614,CL,283.15,0.281,0.516,0.2684171795845032,0.04659890172342548,0.24758282041549684,0.27358266711235046,0.27358266711235046,0.2533262073993683,0.2533262073993683,0.25311386585235596,0.25311386585235596,0.34379690885543823,0.34379690885543823,0.21826624870300293,0.21826624870300293
[P66614]__[Cl]__R1234yf__283.15__0.321,HFC_all,M0,R1234YF,HFO,P66614,CL,283.15,0.321,0.57,0.29104902148246764,0.05086518607631309,0.2789509785175323,0.29511499404907227,0.29511499404907227,0.27532991766929626,0.27532991766929626,0.2703563868999481,0.2703563868999481,0.37480199337005615,0.37480199337005615,0.23964181542396545,0.23964181542396545
[P66614]__[Cl]__R1234yf__283.15__0.362,HFC_all,M0,R1234YF,HFO,P66614,CL,283.15,0.362,0.623,0.31250295639038084,0.055352096326644305,0.31049704360961916,0.3162667155265808,0.3162667155265808,0.2949843406677246,0.2949843406677246,0.2874959111213684,0.2874959111213684,0.4045397937297821,0.4045397937297821,0.25922802090644836,0.25922802090644836
[P66614]__[Cl]__R1234yf__293.15__0.068,HFC_all,M0,R1234YF,HFO,P66614,CL,293.15,0.068,0.146,0.10841116160154343,0.015296844194588573,0.03758883839845656,0.1036873310804367,0.1036873310804367,0.1014992892742157,0.1014992892742157,0.11866733431816101,0.11866733431816101,0.12859123945236206,0.12859123945236206,0.08961061388254166,0.08961061388254166
[P66614]__[Cl]__R1234yf__293.15__0.142,HFC_all,M0,R1234YF,HFO,P66614,CL,293.15,0.142,0.261,0.15096840113401414,0.023275767088615902,0.11003159886598587,0.15176570415496826,0.15176570415496826,0.14113475382328033,0.14113475382328033,0.15740692615509033,0.15740692615509033,0.1840861737728119,0.1840861737728119,0.12044844776391983,0.12044844776391983
[P66614]__[Cl]__R1234yf__293.15__0.198,HFC_all,M0,R1234YF,HFO,P66614,CL,293.15,0.198,0.33,0.18160925209522247,0.028711127100061,0.14839074790477755,0.1835421323776245,0.1835421323776245,0.17065492272377014,0.17065492272377014,0.18346340954303741,0.18346340954303741,0.22484424710273743,0.22484424710273743,0.14554154872894287,0.14554154872894287
[P66614]__[Cl]__R1234yf__293.15__0.258,HFC_all,M0,R1234YF,HFO,P66614,CL,293.15,0.258,0.397,0.21429870426654815,0.03412174121213711,0.18270129573345187,0.21578432619571686,0.21578432619571686,0.20290930569171906,0.20290930569171906,0.20834170281887054,0.20834170281887054,0.26894086599349976,0.26894086599349976,0.17551732063293457,0.17551732063293457
[P66614]__[Cl]__R1234yf__293.15__0.313,HFC_all,M0,R1234YF,HFO,P66614,CL,293.15,0.313,0.451,0.24289336502552034,0.039017917346251256,0.20810663497447968,0.2428477704524994,0.2428477704524994,0.23037926852703094,0.23037926852703094,0.23135679960250854,0.23135679960250854,0.3074275851249695,0.3074275851249695,0.20245540142059326,0.20245540142059326
[P66614]__[Cl]__R1234yf__293.15__0.362,HFC_all,M0,R1234YF,HFO,P66614,CL,293.15,0.362,0.501,0.26570339500904083,0.043895787197477956,0.23529660499095917,0.26510798931121826,0.26510798931121826,0.2513921856880188,0.2513921856880188,0.24992196261882782,0.24992196261882782,0.3392808437347412,0.3392808437347412,0.22281399369239807,0.22281399369239807
[P66614]__[Cl]__R1234yf__293.15__0.413,HFC_all,M0,R1234YF,HFO,P66614,CL,293.15,0.413,0.55,0.2866570472717285,0.049113707492693934,0.2633429527282715,0.28463685512542725,0.28463685512542725,0.27126389741897583,0.27126389741897583,0.26717501878738403,0.26717501878738403,0.36970895528793335,0.36970895528793335,0.24050050973892212,0.24050050973892212
[P66614]__[Cl]__R1234yf__293.15__0.46,HFC_all,M0,R1234YF,HFO,P66614,CL,293.15,0.46,0.594,0.304101699590683,0.052776882717322546,0.28989830040931697,0.3011368215084076,0.3011368215084076,0.2882092297077179,0.2882092297077179,0.2816240191459656,0.2816240191459656,0.3937644958496094,0.3937644958496094,0.2557739317417145,0.2557739317417145
[P66614]__[Cl]__R1234yf__293.15__0.505,HFC_all,M0,R1234YF,HFO,P66614,CL,293.15,0.505,0.641,0.31971287727355957,0.0559713383820034,0.32128712272644044,0.3160807490348816,0.3160807490348816,0.30299487709999084,0.30299487709999084,0.2948940396308899,0.2948940396308899,0.4151066541671753,0.4151066541671753,0.26948806643486023,0.26948806643486023
[P66614]__[Cl]__R1234yf__303.15__0.073,HFC_all,M0,R1234YF,HFO,P66614,CL,303.15,0.073,0.126,0.099541836977005,0.014429545352119103,0.026458163022995,0.08770696073770523,0.08770696073770523,0.09346181154251099,0.09346181154251099,0.1131969690322876,0.1131969690322876,0.11684209853410721,0.11684209853410721,0.086501345038414,0.086501345038414
[P66614]__[Cl]__R1234yf__303.15__0.154,HFC_all,M0,R1234YF,HFO,P66614,CL,303.15,0.154,0.22,0.1352195620536804,0.017973533586025485,0.08478043794631959,0.1289924532175064,0.1289924532175064,0.1282840520143509,0.1282840520143509,0.14416725933551788,0.14416725933551788,0.16095295548439026,0.16095295548439026,0.11370109021663666,0.11370109021663666
[P66614]__[Cl]__R1234yf__303.15__0.215,HFC_all,M0,R1234YF,HFO,P66614,CL,303.15,0.215,0.284,0.16198972761631011,0.02298544229070061,0.12201027238368986,0.15952150523662567,0.15952150523662567,0.15282925963401794,0.15282925963401794,0.16732224822044373,0.16732224822044373,0.19656279683113098,0.19656279683113098,0.13371282815933228,0.13371282815933228
[P66614]__[Cl]__R1234yf__303.15__0.28,HFC_all,M0,R1234YF,HFO,P66614,CL,303.15,0.28,0.344,0.1904752641916275,0.026860632728757848,0.15352473580837248,0.18811237812042236,0.18811237812042236,0.1829565465450287,0.1829565465450287,0.19024045765399933,0.19024045765399933,0.2327667474746704,0.2327667474746704,0.15830019116401672,0.15830019116401672
[P66614]__[Cl]__R1234yf__303.15__0.341,HFC_all,M0,R1234YF,HFO,P66614,CL,303.15,0.341,0.394,0.2162797272205353,0.03114343892863866,0.17772027277946473,0.21258507668972015,0.21258507668972015,0.2078951895236969,0.2078951895236969,0.21102288365364075,0.21102288365364075,0.26747891306877136,0.26747891306877136,0.18241657316684723,0.18241657316684723
[P66614]__[Cl]__R1234yf__303.15__0.396,HFC_all,M0,R1234YF,HFO,P66614,CL,303.15,0.396,0.439,0.23748139142990113,0.03624219619945531,0.20151860857009887,0.2330525517463684,0.2330525517463684,0.22624817490577698,0.22624817490577698,0.22825735807418823,0.22825735807418823,0.29847052693367004,0.29847052693367004,0.20137834548950195,0.20137834548950195
[P66614]__[Cl]__R1234yf__303.15__0.454,HFC_all,M0,R1234YF,HFO,P66614,CL,303.15,0.454,0.483,0.2569877177476883,0.041271864471638546,0.22601228225231168,0.25101619958877563,0.25101619958877563,0.24407291412353516,0.24407291412353516,0.24414654076099396,0.24414654076099396,0.3273620307445526,0.3273620307445526,0.2183409035205841,0.2183409035205841
[P66614]__[Cl]__R1234yf__303.15__0.51,HFC_all,M0,R1234YF,HFO,P66614,CL,303.15,0.51,0.524,0.2743793070316315,0.0454017944600134,0.24962069296836853,0.26698383688926697,0.26698383688926697,0.26010391116142273,0.26010391116142273,0.2595624327659607,0.2595624327659607,0.35221174359321594,0.35221174359321594,0.23303461074829102,0.23303461074829102
[P66614]__[Cl]__R1234yf__303.15__0.566,HFC_all,M0,R1234YF,HFO,P66614,CL,303.15,0.566,0.566,0.2914518117904663,0.04910751082140112,0.27454818820953364,0.28353989124298096,0.28353989124298096,0.2764124870300293,0.2764124870300293,0.27437007427215576,0.27437007427215576,0.3757501244544983,0.3757501244544983,0.24718648195266724,0.24718648195266724
[P66614]__[Cl]__R1234yf__303.15__0.628,HFC_all,M0,R1234YF,HFO,P66614,CL,303.15,0.628,0.608,0.3102686583995819,0.05290291882910748,0.2977313416004181,0.3012141287326813,0.3012141287326813,0.29500535130500793,0.29500535130500793,0.29069989919662476,0.29069989919662476,0.4012553095817566,0.4012553095817566,0.263168603181839,0.263168603181839
[P66614]__[Cl]__R1234yf__313.15__0.079,HFC_all,M0,R1234YF,HFO,P66614,CL,313.15,0.079,0.102,0.09381363242864608,0.014486800737199447,0.008186367571353909,0.079468734562397,0.079468734562397,0.08523958176374435,0.08523958176374435,0.10994853079319,0.10994853079319,0.10897070169448853,0.10897070169448853,0.08544061332941055,0.08544061332941055
[P66614]__[Cl]__R1234yf__313.15__0.165,HFC_all,M0,R1234YF,HFO,P66614,CL,313.15,0.165,0.188,0.1230029970407486,0.014714903863155899,0.0649970029592514,0.11409014463424683,0.11409014463424683,0.11465390026569366,0.11465390026569366,0.13387490808963776,0.13387490808963776,0.14320319890975952,0.14320319890975952,0.10919283330440521,0.10919283330440521
[P66614]__[Cl]__R1234yf__313.15__0.23,HFC_all,M0,R1234YF,HFO,P66614,CL,313.15,0.23,0.244,0.14431735277175903,0.01757293857709437,0.09968264722824097,0.1387929916381836,0.1387929916381836,0.1348884552717209,0.1348884552717209,0.1526971161365509,0.1526971161365509,0.17023134231567383,0.17023134231567383,0.12497685849666595,0.12497685849666595
[P66614]__[Cl]__R1234yf__313.15__0.3,HFC_all,M0,R1234YF,HFO,P66614,CL,313.15,0.3,0.299,0.16864149570465087,0.021777589148229828,0.13035850429534912,0.16321644186973572,0.16321644186973572,0.1621127724647522,0.1621127724647522,0.1735146939754486,0.1735146939754486,0.20198264718055725,0.20198264718055725,0.14238092303276062,0.14238092303276062
[P66614]__[Cl]__R1234yf__313.15__0.366,HFC_all,M0,R1234YF,HFO,P66614,CL,313.15,0.366,0.344,0.19101117551326752,0.025233257193349377,0.15298882448673246,0.18506687879562378,0.18506687879562378,0.18535034358501434,0.18535034358501434,0.1920044720172882,0.1920044720172882,0.23111793398857117,0.23111793398857117,0.1615162491798401,0.1615162491798401
[P66614]__[Cl]__R1234yf__313.15__0.426,HFC_all,M0,R1234YF,HFO,P66614,CL,313.15,0.426,0.383,0.20965570509433745,0.028611770616965973,0.17334429490566255,0.2022905945777893,0.2022905945777893,0.2033630758523941,0.2033630758523941,0.2066192477941513,0.2066192477941513,0.25693944096565247,0.25693944096565247,0.17906616628170013,0.17906616628170013
[P66614]__[Cl]__R1234yf__313.15__0.49,HFC_all,M0,R1234YF,HFO,P66614,CL,313.15,0.49,0.425,0.22787643373012542,0.03285249083818719,0.19712356626987457,0.2186306118965149,0.2186306118965149,0.21916809678077698,0.21916809678077698,0.22176893055438995,0.22176893055438995,0.28366249799728394,0.28366249799728394,0.19615203142166138,0.19615203142166138
[P66614]__[Cl]__R1234yf__313.15__0.552,HFC_all,M0,R1234YF,HFO,P66614,CL,313.15,0.552,0.463,0.2447855681180954,0.0376982645795483,0.21821443188190462,0.23409174382686615,0.23409174382686615,0.2326979637145996,0.2326979637145996,0.23660579323768616,0.23660579323768616,0.3096522092819214,0.3096522092819214,0.2108801305294037,0.2108801305294037
[P66614]__[Cl]__R1234yf__313.15__0.615,HFC_all,M0,R1234YF,HFO,P66614,CL,313.15,0.615,0.501,0.262192901968956,0.04238902069169171,0.238807098031044,0.2509961724281311,0.2509961724281311,0.2479752153158188,0.2479752153158188,0.2519063353538513,0.2519063353538513,0.3353458046913147,0.3353458046913147,0.22474098205566406,0.22474098205566406
[P66614]__[Cl]__R1234yf__313.15__0.686,HFC_all,M0,R1234YF,HFO,P66614,CL,313.15,0.686,0.538,0.281766003370285,0.0472014351859705,0.256233996629715,0.26970359683036804,0.26970359683036804,0.26673001050949097,0.26673001050949097,0.2687564492225647,0.2687564492225647,0.36332911252975464,0.36332911252975464,0.24031084775924683,0.24031084775924683
[P66614]__[Cl]__R1234yf__323.15__0.084,HFC_all,M0,R1234YF,HFO,P66614,CL,323.15,0.084,0.087,0.08908113390207291,0.014761154396873958,0.0020811339020729153,0.07209053635597229,0.07209053635597229,0.0799676701426506,0.0799676701426506,0.1052870973944664,0.1052870973944664,0.10373099893331528,0.10373099893331528,0.08432936668395996,0.08432936668395996
[P66614]__[Cl]__R1234yf__323.15__0.175,HFC_all,M0,R1234YF,HFO,P66614,CL,323.15,0.175,0.159,0.11375609189271926,0.013685104258755335,0.04524390810728074,0.10313911736011505,0.10313911736011505,0.10338422656059265,0.10338422656059265,0.12602205574512482,0.12602205574512482,0.1311623454093933,0.1311623454093933,0.10507271438837051,0.10507271438837051
[P66614]__[Cl]__R1234yf__323.15__0.244,HFC_all,M0,R1234YF,HFO,P66614,CL,323.15,0.244,0.209,0.13125244677066802,0.014973198750876316,0.07774755322933197,0.12444204092025757,0.12444204092025757,0.12055236101150513,0.12055236101150513,0.14190633594989777,0.14190633594989777,0.15198539197444916,0.15198539197444916,0.11737610399723053,0.11737610399723053
[P66614]__[Cl]__R1234yf__323.15__0.319,HFC_all,M0,R1234YF,HFO,P66614,CL,323.15,0.319,0.258,0.1511725515127182,0.017755769232845813,0.10682744848728182,0.14543572068214417,0.14543572068214417,0.14304858446121216,0.14304858446121216,0.16027027368545532,0.16027027368545532,0.17666304111480713,0.17666304111480713,0.13044513761997223,0.13044513761997223
[P66614]__[Cl]__R1234yf__323.15__0.389,HFC_all,M0,R1234YF,HFO,P66614,CL,323.15,0.389,0.299,0.1700819969177246,0.020656091750740662,0.12891800308227538,0.1635075956583023,0.1635075956583023,0.16479454934597015,0.16479454934597015,0.175643652677536,0.175643652677536,0.2013811469078064,0.2013811469078064,0.14508303999900818,0.14508303999900818
[P66614]__[Cl]__R1234yf__323.15__0.453,HFC_all,M0,R1234YF,HFO,P66614,CL,323.15,0.453,0.336,0.18616784811019899,0.023260802878061,0.14983215188980104,0.1785736382007599,0.1785736382007599,0.18172594904899597,0.18172594904899597,0.18790313601493835,0.18790313601493835,0.2231835424900055,0.2231835424900055,0.15945297479629517,0.15945297479629517
[P66614]__[Cl]__R1234yf__323.15__0.522,HFC_all,M0,R1234YF,HFO,P66614,CL,323.15,0.522,0.375,0.20259495973587036,0.026466156295999365,0.17240504026412964,0.19298994541168213,0.19298994541168213,0.19681987166404724,0.19681987166404724,0.20167627930641174,0.20167627930641174,0.24639931321144104,0.24639931321144104,0.17508938908576965,0.17508938908576965
[P66614]__[Cl]__R1234yf__323.15__0.589,HFC_all,M0,R1234YF,HFO,P66614,CL,323.15,0.589,0.409,0.21816253066062927,0.03045161855287125,0.1908374693393707,0.2057524174451828,0.2057524174451828,0.2099381685256958,0.2099381685256958,0.2150888293981552,0.2150888293981552,0.2699982821941376,0.2699982821941376,0.19003495573997498,0.19003495573997498
[P66614]__[Cl]__R1234yf__323.15__0.659,HFC_all,M0,R1234YF,HFO,P66614,CL,323.15,0.659,0.442,0.23502034842967987,0.03510914605542925,0.20697965157032014,0.22146256268024445,0.22146256268024445,0.22368685901165009,0.22368685901165009,0.23026613891124725,0.23026613891124725,0.29542991518974304,0.29542991518974304,0.20425626635551453,0.20425626635551453
[P66614]__[Cl]__R1234yf__323.15__0.737,HFC_all,M0,R1234YF,HFO,P66614,CL,323.15,0.737,0.477,0.25483051538467405,0.0407890846583883,0.22216948461532593,0.23970337212085724,0.23970337212085724,0.24095013737678528,0.24095013737678528,0.24763409793376923,0.24763409793376923,0.32549840211868286,0.32549840211868286,0.22036656737327576,0.22036656737327576
[P66614]__[Cl]__R1234yf__333.15__0.088,HFC_all,M0,R1234YF,HFO,P66614,CL,333.15,0.088,0.074,0.08539309352636337,0.015304714393245399,0.011393093526363376,0.0656246617436409,0.0656246617436409,0.07718990743160248,0.07718990743160248,0.1018136739730835,0.1018136739730835,0.09960974007844925,0.09960974007844925,0.08272748440504074,0.08272748440504074
[P66614]__[Cl]__R1234yf__333.15__0.184,HFC_all,M0,R1234YF,HFO,P66614,CL,333.15,0.184,0.137,0.10686056911945344,0.013538340344343758,0.030139430880546575,0.09419600665569305,0.09419600665569305,0.0961814820766449,0.0961814820766449,0.11952035129070282,0.11952035129070282,0.12318817526102066,0.12318817526102066,0.10121683031320572,0.10121683031320572
[P66614]__[Cl]__R1234yf__333.15__0.256,HFC_all,M0,R1234YF,HFO,P66614,CL,333.15,0.256,0.181,0.12208743989467621,0.013309646802105588,0.05891256010532378,0.11420194804668427,0.11420194804668427,0.11186929047107697,0.11186929047107697,0.13287708163261414,0.13287708163261414,0.139865905046463,0.139865905046463,0.11162297427654266,0.11162297427654266
[P66614]__[Cl]__R1234yf__333.15__0.336,HFC_all,M0,R1234YF,HFO,P66614,CL,333.15,0.336,0.225,0.13874889761209488,0.015554255377563655,0.08625110238790512,0.13166730105876923,0.13166730105876923,0.13066577911376953,0.13066577911376953,0.14896422624588013,0.14896422624588013,0.16040238738059998,0.16040238738059998,0.12204479426145554,0.12204479426145554
[P66614]__[Cl]__R1234yf__333.15__0.41,HFC_all,M0,R1234YF,HFO,P66614,CL,333.15,0.41,0.262,0.1541832983493805,0.017790082127711892,0.10781670165061952,0.1459273248910904,0.1459273248910904,0.14926232397556305,0.14926232397556305,0.16230130195617676,0.16230130195617676,0.1801101267337799,0.1801101267337799,0.13331541419029236,0.13331541419029236
[P66614]__[Cl]__R1234yf__333.15__0.478,HFC_all,M0,R1234YF,HFO,P66614,CL,333.15,0.478,0.296,0.16789346933364868,0.019633456499566333,0.1281065306663513,0.1584944725036621,0.1584944725036621,0.1643630564212799,0.1643630564212799,0.17420881986618042,0.17420881986618042,0.19746196269989014,0.19746196269989014,0.14493903517723083,0.14493903517723083
[P66614]__[Cl]__R1234yf__333.15__0.552,HFC_all,M0,R1234YF,HFO,P66614,CL,333.15,0.552,0.332,0.18277568519115447,0.021890964296536176,0.14922431480884554,0.1716022491455078,0.1716022491455078,0.1793801635503769,0.1793801635503769,0.18656876683235168,0.18656876683235168,0.21738719940185547,0.21738719940185547,0.15894004702568054,0.15894004702568054
[P66614]__[Cl]__R1234yf__333.15__0.624,HFC_all,M0,R1234YF,HFO,P66614,CL,333.15,0.624,0.364,0.19745226502418517,0.025230396918707328,0.16654773497581482,0.1841195523738861,0.1841195523738861,0.1925821602344513,0.1925821602344513,0.19880595803260803,0.19880595803260803,0.23905086517333984,0.23905086517333984,0.17270278930664062,0.17270278930664062
[P66614]__[Cl]__R1234yf__333.15__0.698,HFC_all,M0,R1234YF,HFO,P66614,CL,333.15,0.698,0.395,0.21253325343132018,0.02913076054082951,0.18246674656867984,0.19715330004692078,0.19715330004692078,0.20500656962394714,0.20500656962394714,0.21214592456817627,0.21214592456817627,0.2617951035499573,0.2617951035499573,0.1865653693675995,0.1865653693675995
[P66614]__[Cl]__R1234yf__333.15__0.783,HFC_all,M0,R1234YF,HFO,P66614,CL,333.15,0.783,0.427,0.23092957437038422,0.033854575784834154,0.19607042562961577,0.21337485313415527,0.21337485313415527,0.22092527151107788,0.22092527151107788,0.22878696024417877,0.22878696024417877,0.2889694571495056,0.2889694571495056,0.20259132981300354,0.20259132981300354
[P66614]__[Cl]__R1234yf__343.15__0.092,HFC_all,M0,R1234YF,HFO,P66614,CL,343.15,0.092,0.061,0.08230055645108222,0.015269301541490454,0.021300556451082225,0.06138933077454567,0.06138933077454567,0.07492956519126892,0.07492956519126892,0.09845216572284698,0.09845216572284698,0.09566466510295868,0.09566466510295868,0.0810670554637909,0.0810670554637909
[P66614]__[Cl]__R1234yf__343.15__0.193,HFC_all,M0,R1234YF,HFO,P66614,CL,343.15,0.193,0.118,0.10177066177129745,0.013757939877413314,0.01622933822870254,0.08685502409934998,0.08685502409934998,0.0918726772069931,0.0918726772069931,0.11494357883930206,0.11494357883930206,0.11747530847787857,0.11747530847787857,0.09770672023296356,0.09770672023296356
[P66614]__[Cl]__R1234yf__343.15__0.269,HFC_all,M0,R1234YF,HFO,P66614,CL,343.15,0.269,0.158,0.1154207319021225,0.012824770745891006,0.0425792680978775,0.10561175644397736,0.10561175644397736,0.10574673116207123,0.10574673116207123,0.12648966908454895,0.12648966908454895,0.13208121061325073,0.13208121061325073,0.10717429220676422,0.10717429220676422
[P66614]__[Cl]__R1234yf__343.15__0.352,HFC_all,M0,R1234YF,HFO,P66614,CL,343.15,0.352,0.198,0.13021185845136643,0.014158710563202353,0.06778814154863358,0.12180357426404953,0.12180357426404953,0.12298108637332916,0.12298108637332916,0.1400730311870575,0.1400730311870575,0.1499079167842865,0.1499079167842865,0.11629368364810944,0.11629368364810944
[P66614]__[Cl]__R1234yf__343.15__0.43,HFC_all,M0,R1234YF,HFO,P66614,CL,343.15,0.43,0.23,0.14276717305183412,0.016304809200876798,0.08723282694816589,0.13234370946884155,0.13234370946884155,0.13809382915496826,0.13809382915496826,0.15162473917007446,0.15162473917007446,0.166319340467453,0.166319340467453,0.12545424699783325,0.12545424699783325
[P66614]__[Cl]__R1234yf__343.15__0.502,HFC_all,M0,R1234YF,HFO,P66614,CL,343.15,0.502,0.262,0.15440983176231385,0.01774126732546756,0.10759016823768616,0.14307242631912231,0.14307242631912231,0.15120212733745575,0.15120212733745575,0.16258160769939423,0.16258160769939423,0.18032419681549072,0.18032419681549072,0.1348688006401062,0.1348688006401062
[P66614]__[Cl]__R1234yf__343.15__0.58,HFC_all,M0,R1234YF,HFO,P66614,CL,343.15,0.58,0.296,0.1674752026796341,0.019289823199227892,0.1285247973203659,0.15470337867736816,0.15470337867736816,0.16502699255943298,0.16502699255943298,0.17452369630336761,0.17452369630336761,0.19642266631126404,0.19642266631126404,0.14669927954673767,0.14669927954673767
[P66614]__[Cl]__R1234yf__343.15__0.656,HFC_all,M0,R1234YF,HFO,P66614,CL,343.15,0.656,0.325,0.1805615484714508,0.02215276053255428,0.1444384515285492,0.16537202894687653,0.16537202894687653,0.17746418714523315,0.17746418714523315,0.18622757494449615,0.18622757494449615,0.2152525782585144,0.2152525782585144,0.1584913730621338,0.1584913730621338
[P66614]__[Cl]__R1234yf__343.15__0.735,HFC_all,M0,R1234YF,HFO,P66614,CL,343.15,0.735,0.355,0.19469795227050782,0.025594783445454166,0.16030204772949216,0.17674721777439117,0.17674721777439117,0.19005662202835083,0.19005662202835083,0.19881470501422882,0.19881470501422882,0.23625421524047852,0.23625421524047852,0.17161700129508972,0.17161700129508972
[P66614]__[Cl]__R1234yf__343.15__0.825,HFC_all,M0,R1234YF,HFO,P66614,CL,343.15,0.825,0.384,0.21119071543216705,0.029283613957806764,0.17280928456783295,0.19099509716033936,0.19099509716033936,0.20460276305675507,0.20460276305675507,0.21400965750217438,0.21400965750217438,0.25980469584465027,0.25980469584465027,0.1865413635969162,0.1865413635969162
[emim]__[Ac]__R1234yf__283.15__0.073,HFC_all,Mreduced,R1234YF,HFO,EMIM,AC,283.15,0.073,0.009,0.004349375516176224,0.0029930611580022636,0.004650624483823775,0.003759153187274933,0.003759153187274933,-0.0006543844938278198,0.0,0.006873447448015213,0.006873447448015213,0.007465004920959473,0.007465004920959473,0.0036492720246315002,0.0036492720246315002
[emim]__[Ac]__R1234yf__283.15__0.145,HFC_all,Mreduced,R1234YF,HFO,EMIM,AC,283.15,0.145,0.019,0.03230363540351391,0.0036447380917659523,0.013303635403513907,0.03638244420289993,0.03638244420289993,0.028918974101543427,0.028918974101543427,0.03612000495195389,0.03612000495195389,0.02965671941637993,0.02965671941637993,0.030440034344792366,0.030440034344792366
[emim]__[Ac]__R1234yf__283.15__0.207,HFC_all,Mreduced,R1234YF,HFO,EMIM,AC,283.15,0.207,0.027,0.055323871225118636,0.0060206768608216474,0.028323871225118636,0.06228841096162796,0.06228841096162796,0.04898402839899063,0.04898402839899063,0.06022072210907936,0.06022072210907936,0.04964137822389603,0.04964137822389603,0.05548481643199921,0.05548481643199921
[emim]__[Ac]__R1234yf__283.15__0.266,HFC_all,Mreduced,R1234YF,HFO,EMIM,AC,283.15,0.266,0.035,0.07663577049970627,0.0075363277493757245,0.041635770499706265,0.0841335728764534,0.0841335728764534,0.06947152316570282,0.06947152316570282,0.08294624090194702,0.08294624090194702,0.06794030964374542,0.06794030964374542,0.07868720591068268,0.07868720591068268
[emim]__[Ac]__R1234yf__283.15__0.319,HFC_all,Mreduced,R1234YF,HFO,EMIM,AC,283.15,0.319,0.043,0.0969068855047226,0.007917506913106557,0.0539068855047226,0.10455867648124695,0.10455867648124695,0.092073455452919,0.092073455452919,0.10317650437355042,0.10317650437355042,0.08572091162204742,0.08572091162204742,0.09900487959384918,0.09900487959384918
[emim]__[Ac]__R1234yf__283.15__0.371,HFC_all,Mreduced,R1234YF,HFO,EMIM,AC,283.15,0.371,0.051,0.11720472425222397,0.006656845871837379,0.06620472425222398,0.12308855354785919,0.12308855354785919,0.11477977782487869,0.11477977782487869,0.12284396588802338,0.12284396588802338,0.10701803863048553,0.10701803863048553,0.11829328536987305,0.11829328536987305
[emim]__[Ac]__R1234yf__283.15__0.42,HFC_all,Mreduced,R1234YF,HFO,EMIM,AC,283.15,0.42,0.06,0.1375843405723572,0.004834368206567623,0.07758434057235719,0.14031806588172913,0.14031806588172913,0.13722582161426544,0.13722582161426544,0.14246681332588196,0.14246681332588196,0.12973015010356903,0.12973015010356903,0.13818085193634033,0.13818085193634033
[emim]__[Ac]__R1234yf__293.15__0.076,HFC_all,Mreduced,R1234YF,HFO,EMIM,AC,293.15,0.076,0.009,0.00703374445438385,0.0047182866911213974,0.0019662555456161496,0.004924692213535309,0.004924692213535309,-0.0013568326830863953,0.0,0.007940694689750671,0.007940694689750671,0.011593319475650787,0.011593319475650787,0.010710015892982483,0.010710015892982483
[emim]__[Ac]__R1234yf__293.15__0.153,HFC_all,Mreduced,R1234YF,HFO,EMIM,AC,293.15,0.153,0.016,0.028216248750686644,0.0039009834925042585,0.012216248750686644,0.029704228043556213,0.029704228043556213,0.022122822701931,0.022122822701931,0.03221813961863518,0.03221813961863518,0.02688562124967575,0.02688562124967575,0.030150432139635086,0.030150432139635086
[emim]__[Ac]__R1234yf__293.15__0.219,HFC_all,Mreduced,R1234YF,HFO,EMIM,AC,293.15,0.219,0.022,0.045617800951004026,0.005945394145416439,0.023617800951004027,0.05052569508552551,0.05052569508552551,0.037932198494672775,0.037932198494672775,0.05131015181541443,0.05131015181541443,0.04087532311677933,0.04087532311677933,0.0474456362426281,0.0474456362426281
[emim]__[Ac]__R1234yf__293.15__0.282,HFC_all,Mreduced,R1234YF,HFO,EMIM,AC,293.15,0.282,0.028,0.0613081157207489,0.00791235294861294,0.033308115720748904,0.06861687451601028,0.06861687451601028,0.05129886418581009,0.05129886418581009,0.06818719208240509,0.06818719208240509,0.054704055190086365,0.054704055190086365,0.06373359262943268,0.06373359262943268
[emim]__[Ac]__R1234yf__293.15__0.339,HFC_all,Mreduced,R1234YF,HFO,EMIM,AC,293.15,0.339,0.034,0.07466271370649338,0.007816219681817284,0.04066271370649338,0.08229029923677444,0.08229029923677444,0.06509633362293243,0.06509633362293243,0.08138663321733475,0.08138663321733475,0.06791023910045624,0.06791023910045624,0.07663006335496902,0.07663006335496902
[emim]__[Ac]__R1234yf__293.15__0.395,HFC_all,Mreduced,R1234YF,HFO,EMIM,AC,293.15,0.395,0.039,0.08930027782917023,0.00670760462068888,0.05030027782917023,0.09577460587024689,0.09577460587024689,0.08230134099721909,0.08230134099721909,0.09479505568742752,0.09479505568742752,0.08199223130941391,0.08199223130941391,0.09163815528154373,0.09163815528154373
[emim]__[Ac]__R1234yf__293.15__0.449,HFC_all,Mreduced,R1234YF,HFO,EMIM,AC,293.15,0.449,0.046,0.10521412044763565,0.0056609891234998145,0.059214120447635646,0.11030464619398117,0.11030464619398117,0.10081412643194199,0.10081412643194199,0.11002854257822037,0.11002854257822037,0.09774026274681091,0.09774026274681091,0.10718302428722382,0.10718302428722382
[emim]__[Ac]__R1234yf__303.15__0.08,HFC_all,Mreduced,R1234YF,HFO,EMIM,AC,303.15,0.08,0.007,0.009756892919540405,0.006568761033127108,0.002756892919540405,0.007138598710298538,0.007138598710298538,-0.0008155182003974915,0.0,0.010289862751960754,0.010289862751960754,0.01594158262014389,0.01594158262014389,0.015414420515298843,0.015414420515298843
[emim]__[Ac]__R1234yf__303.15__0.161,HFC_all,Mreduced,R1234YF,HFO,EMIM,AC,303.15,0.161,0.012,0.025508742406964303,0.004992251474207457,0.013508742406964303,0.025245875120162964,0.025245875120162964,0.017098456621170044,0.017098456621170044,0.028145745396614075,0.028145745396614075,0.027163557708263397,0.027163557708263397,0.02989007718861103,0.02989007718861103
[emim]__[Ac]__R1234yf__303.15__0.23,HFC_all,Mreduced,R1234YF,HFO,EMIM,AC,303.15,0.23,0.018,0.03858682736754417,0.006513975441943234,0.020586827367544174,0.040090303868055344,0.040090303868055344,0.02858637273311615,0.02858637273311615,0.045009464025497437,0.045009464025497437,0.03615583851933479,0.03615583851933479,0.04309215769171715,0.04309215769171715
[emim]__[Ac]__R1234yf__303.15__0.297,HFC_all,Mreduced,R1234YF,HFO,EMIM,AC,303.15,0.297,0.022,0.05065268352627754,0.0076887220107670455,0.02865268352627754,0.054932113736867905,0.054932113736867905,0.03911439701914787,0.03911439701914787,0.058385614305734634,0.058385614305734634,0.046872369945049286,0.046872369945049286,0.05395892262458801,0.05395892262458801
[emim]__[Ac]__R1234yf__303.15__0.358,HFC_all,Mreduced,R1234YF,HFO,EMIM,AC,303.15,0.358,0.027,0.06018914505839348,0.00752546315601274,0.033189145058393474,0.06510668992996216,0.06510668992996216,0.04880933091044426,0.04880933091044426,0.06711187958717346,0.06711187958717346,0.056436292827129364,0.056436292827129364,0.06348153203725815,0.06348153203725815
[emim]__[Ac]__R1234yf__303.15__0.417,HFC_all,Mreduced,R1234YF,HFO,EMIM,AC,303.15,0.417,0.032,0.06918374300003052,0.007243007586429612,0.03718374300003052,0.07405132055282593,0.07405132055282593,0.058080658316612244,0.058080658316612244,0.07554048299789429,0.07554048299789429,0.06577220559120178,0.06577220559120178,0.07247404754161835,0.07247404754161835
[emim]__[Ac]__R1234yf__303.15__0.474,HFC_all,Mreduced,R1234YF,HFO,EMIM,AC,303.15,0.474,0.037,0.08048740476369858,0.005983996064255536,0.04348740476369858,0.08418373763561249,0.08418373763561249,0.07226624339818954,0.07226624339818954,0.08573603630065918,0.08573603630065918,0.07599195837974548,0.07599195837974548,0.0842590481042862,0.0842590481042862
[emim]__[Ac]__R1234yf__313.15__0.084,HFC_all,Mreduced,R1234YF,HFO,EMIM,AC,313.15,0.084,0.006,0.009572483599185944,0.007054374152757043,0.0035724835991859435,0.005959641188383102,0.005959641188383102,-0.001594536006450653,0.0,0.009074963629245758,0.009074963629245758,0.01692087948322296,0.01692087948322296,0.015906933695077896,0.015906933695077896
[emim]__[Ac]__R1234yf__313.15__0.168,HFC_all,Mreduced,R1234YF,HFO,EMIM,AC,313.15,0.168,0.011,0.02207665890455246,0.005989935718128564,0.01107665890455246,0.021178655326366425,0.021178655326366425,0.012377612292766571,0.012377612292766571,0.023198582231998444,0.023198582231998444,0.02569805085659027,0.02569805085659027,0.02793039381504059,0.02793039381504059
[emim]__[Ac]__R1234yf__313.15__0.24,HFC_all,Mreduced,R1234YF,HFO,EMIM,AC,313.15,0.24,0.015,0.03186896368861199,0.006500697260736138,0.016868963688611988,0.03161139413714409,0.03161139413714409,0.021023795008659363,0.021023795008659363,0.037345707416534424,0.037345707416534424,0.033018890768289566,0.033018890768289566,0.03634503111243248,0.03634503111243248
[emim]__[Ac]__R1234yf__313.15__0.311,HFC_all,Mreduced,R1234YF,HFO,EMIM,AC,313.15,0.311,0.019,0.0416767880320549,0.007521385790606669,0.0226767880320549,0.042244717478752136,0.042244717478752136,0.029592342674732208,0.029592342674732208,0.05019206553697586,0.05019206553697586,0.0419701486825943,0.0419701486825943,0.04438466578722,0.04438466578722
[emim]__[Ac]__R1234yf__313.15__0.375,HFC_all,Mreduced,R1234YF,HFO,EMIM,AC,313.15,0.375,0.022,0.04909225851297379,0.007135077482251527,0.02709225851297379,0.050690289586782455,0.050690289586782455,0.03760070726275444,0.03760070726275444,0.05706523358821869,0.05706523358821869,0.04870804399251938,0.04870804399251938,0.051397018134593964,0.051397018134593964
[emim]__[Ac]__R1234yf__313.15__0.438,HFC_all,Mreduced,R1234YF,HFO,EMIM,AC,313.15,0.438,0.026,0.055716440081596375,0.006564908366316978,0.029716440081596376,0.05781808868050575,0.05781808868050575,0.04527341574430466,0.04527341574430466,0.06265892088413239,0.06265892088413239,0.05420886352658272,0.05420886352658272,0.05862291157245636,0.05862291157245636
[emim]__[Ac]__R1234yf__313.15__0.5,HFC_all,Mreduced,R1234YF,HFO,EMIM,AC,313.15,0.5,0.03,0.06303262710571289,0.006444292073924214,0.03303262710571289,0.06559854745864868,0.06559854745864868,0.053319051861763,0.053319051861763,0.06960828602313995,0.06960828602313995,0.06001898646354675,0.06001898646354675,0.06661826372146606,0.06661826372146606
[emim]__[Ac]__R1234yf__323.15__0.087,HFC_all,Mreduced,R1234YF,HFO,EMIM,AC,323.15,0.087,0.005,0.007784310728311539,0.006295427695832302,0.0027843107283115386,0.004230767488479614,0.004230767488479614,-0.004529967904090881,0.0,0.006299108266830444,0.006299108266830444,0.014861144125461578,0.014861144125461578,0.013530533760786057,0.013530533760786057
[emim]__[Ac]__R1234yf__323.15__0.175,HFC_all,Mreduced,R1234YF,HFO,EMIM,AC,323.15,0.175,0.009,0.017961739748716354,0.005998815591961094,0.008961739748716354,0.016546592116355896,0.016546592116355896,0.008576113730669022,0.008576113730669022,0.01866321638226509,0.01866321638226509,0.021924979984760284,0.021924979984760284,0.02409779652953148,0.02409779652953148
[emim]__[Ac]__R1234yf__323.15__0.251,HFC_all,Mreduced,R1234YF,HFO,EMIM,AC,323.15,0.251,0.012,0.02582548335194588,0.005992588637510064,0.013825483351945878,0.02549753710627556,0.02549753710627556,0.01555078849196434,0.01555078849196434,0.02959320694208145,0.02959320694208145,0.028788089752197266,0.028788089752197266,0.02969779446721077,0.02969779446721077
[emim]__[Ac]__R1234yf__323.15__0.324,HFC_all,Mreduced,R1234YF,HFO,EMIM,AC,323.15,0.324,0.015,0.03307670280337334,0.006592075830526875,0.01807670280337334,0.033060599118471146,0.033060599118471146,0.022147390991449356,0.022147390991449356,0.039824049919843674,0.039824049919843674,0.03530449420213699,0.03530449420213699,0.035046979784965515,0.035046979784965515
[emim]__[Ac]__R1234yf__323.15__0.392,HFC_all,Mreduced,R1234YF,HFO,EMIM,AC,323.15,0.392,0.019,0.03928796872496605,0.006889401613995208,0.020287968724966052,0.039241790771484375,0.039241790771484375,0.02823808044195175,0.02823808044195175,0.04707392305135727,0.04707392305135727,0.041852351278066635,0.041852351278066635,0.040033698081970215,0.040033698081970215
[emim]__[Ac]__R1234yf__323.15__0.458,HFC_all,Mreduced,R1234YF,HFO,EMIM,AC,323.15,0.458,0.021,0.044734764099121097,0.006311778148705419,0.023734764099121095,0.04409278929233551,0.04409278929233551,0.034983422607183456,0.034983422607183456,0.05250323563814163,0.05250323563814163,0.046219415962696075,0.046219415962696075,0.045874956995248795,0.045874956995248795
[emim]__[Ac]__R1234yf__323.15__0.523,HFC_all,Mreduced,R1234YF,HFO,EMIM,AC,323.15,0.523,0.024,0.050514280796051025,0.005896439749365809,0.026514280796051025,0.050277046859264374,0.050277046859264374,0.04212546721100807,0.04212546721100807,0.058672770857810974,0.058672770857810974,0.04975476488471031,0.04975476488471031,0.051741354167461395,0.051741354167461395
[emim]__[Ac]__R1234yf__333.15__0.091,HFC_all,Mreduced,R1234YF,HFO,EMIM,AC,333.15,0.091,0.004,0.0055362492799758915,0.005286402318223013,0.0015362492799758914,0.0015087202191352844,0.0015087202191352844,-0.008256681263446808,0.0,0.003970827907323837,0.003970827907323837,0.011617116630077362,0.011617116630077362,0.010584581643342972,0.010584581643342972
[emim]__[Ac]__R1234yf__333.15__0.182,HFC_all,Mreduced,R1234YF,HFO,EMIM,AC,333.15,0.182,0.007,0.014370681345462799,0.0060706260355746266,0.007370681345462799,0.013208173215389252,0.013208173215389252,0.004824623465538025,0.004824623465538025,0.014674372971057892,0.014674372971057892,0.01897796243429184,0.01897796243429184,0.020168274641036987,0.020168274641036987
[emim]__[Ac]__R1234yf__333.15__0.261,HFC_all,Mreduced,R1234YF,HFO,EMIM,AC,333.15,0.261,0.01,0.02058819606900215,0.0051862281132062675,0.01058819606900215,0.020202264189720154,0.020202264189720154,0.011747490614652634,0.011747490614652634,0.022895604372024536,0.022895604372024536,0.023950770497322083,0.023950770497322083,0.02414485067129135,0.02414485067129135
[emim]__[Ac]__R1234yf__333.15__0.338,HFC_all,Mreduced,R1234YF,HFO,EMIM,AC,333.15,0.338,0.013,0.026259687542915345,0.005414143183937873,0.013259687542915346,0.02624444290995598,0.02624444290995598,0.0170123353600502,0.0170123353600502,0.030601315200328827,0.030601315200328827,0.02934480458498001,0.02934480458498001,0.028095539659261703,0.028095539659261703
[emim]__[Ac]__R1234yf__333.15__0.408,HFC_all,Mreduced,R1234YF,HFO,EMIM,AC,333.15,0.408,0.015,0.031631271541118625,0.005694860915382983,0.016631271541118625,0.031489964574575424,0.031489964574575424,0.02244705706834793,0.02244705706834793,0.037416648119688034,0.037416648119688034,0.03507751598954201,0.03507751598954201,0.03172517195343971,0.03172517195343971
[emim]__[Ac]__R1234yf__333.15__0.478,HFC_all,Mreduced,R1234YF,HFO,EMIM,AC,333.15,0.478,0.017,0.0365350104868412,0.005832995827378201,0.019535010486841198,0.03557361289858818,0.03557361289858818,0.027898631989955902,0.027898631989955902,0.04394212365150452,0.04394212365150452,0.03891859948635101,0.03891859948635101,0.036342084407806396,0.036342084407806396
[emim]__[Ac]__R1234yf__333.15__0.545,HFC_all,Mreduced,R1234YF,HFO,EMIM,AC,333.15,0.545,0.02,0.04109042435884476,0.005102413021769477,0.02109042435884476,0.04017795994877815,0.04017795994877815,0.034176379442214966,0.034176379442214966,0.048526279628276825,0.048526279628276825,0.04154422506690025,0.04154422506690025,0.04102727770805359,0.04102727770805359
[emim]__[Ac]__R1234yf__343.15__0.094,HFC_all,Mreduced,R1234YF,HFO,EMIM,AC,343.15,0.094,0.003,0.003405892103910446,0.004115786723952103,0.00040589210391044593,-0.0010563284158706665,0.0,-0.012418203055858612,0.0,0.001291528344154358,0.001291528344154358,0.007515408098697662,0.007515408098697662,0.00822252407670021,0.00822252407670021
[emim]__[Ac]__R1234yf__343.15__0.189,HFC_all,Mreduced,R1234YF,HFO,EMIM,AC,343.15,0.189,0.006,0.011119222640991211,0.006483782286114766,0.005119222640991211,0.010074611753225327,0.010074611753225327,0.0007740184664726257,0.0007740184664726257,0.011697124689817429,0.011697124689817429,0.01573127508163452,0.01573127508163452,0.017319083213806152,0.017319083213806152
[emim]__[Ac]__R1234yf__343.15__0.271,HFC_all,Mreduced,R1234YF,HFO,EMIM,AC,343.15,0.271,0.009,0.016413547098636627,0.004924527321464962,0.007413547098636628,0.016119811683893204,0.016119811683893204,0.008076436817646027,0.008076436817646027,0.017980728298425674,0.017980728298425674,0.01988857239484787,0.01988857239484787,0.02000218629837036,0.02000218629837036
[emim]__[Ac]__R1234yf__343.15__0.35,HFC_all,Mreduced,R1234YF,HFO,EMIM,AC,343.15,0.35,0.01,0.020980864018201827,0.004904326938225738,0.010980864018201827,0.020897317677736282,0.020897317677736282,0.012580085545778275,0.012580085545778275,0.02389693632721901,0.02389693632721901,0.024665944278240204,0.024665944278240204,0.02286403626203537,0.02286403626203537
[emim]__[Ac]__R1234yf__343.15__0.424,HFC_all,Mreduced,R1234YF,HFO,EMIM,AC,343.15,0.424,0.013,0.025676731020212173,0.004930347026542975,0.012676731020212174,0.02570004016160965,0.02570004016160965,0.017452657222747803,0.017452657222747803,0.029703807085752487,0.029703807085752487,0.029291674494743347,0.029291674494743347,0.02623547613620758,0.02623547613620758
[emim]__[Ac]__R1234yf__343.15__0.496,HFC_all,Mreduced,R1234YF,HFO,EMIM,AC,343.15,0.496,0.015,0.030059148371219636,0.004906675513380503,0.015059148371219636,0.029479309916496277,0.029479309916496277,0.022401589900255203,0.022401589900255203,0.03571702912449837,0.03571702912449837,0.03234612196683884,0.03234612196683884,0.03035169094800949,0.03035169094800949
[emim]__[Ac]__R1234yf__343.15__0.568,HFC_all,Mreduced,R1234YF,HFO,EMIM,AC,343.15,0.568,0.018,0.03397228196263313,0.0041892898744750155,0.015972281962633134,0.03356875479221344,0.03356875479221344,0.028085004538297653,0.028085004538297653,0.03989236801862717,0.03989236801862717,0.03451929986476898,0.03451929986476898,0.03379598259925842,0.03379598259925842
[emim]__[BF4]__R1234yf__283.15__0.0592,HFC_all,Mreduced,R1234YF,HFO,EMIM,BF4,283.15,0.0592,0.0065,0.001719549298286438,0.002079337250310257,0.004780450701713562,0.0006981939077377319,0.0006981939077377319,-0.0031654760241508484,0.0,0.003508254885673523,0.003508254885673523,0.004391297698020935,0.004391297698020935,-0.0005220621824264526,0.0
[emim]__[BF4]__R1234yf__283.15__0.1096,HFC_all,Mreduced,R1234YF,HFO,EMIM,BF4,283.15,0.1096,0.0121,0.02172830030322075,0.002672842502847359,0.00962830030322075,0.024261340498924255,0.024261340498924255,0.01957884058356285,0.01957884058356285,0.02429451048374176,0.02429451048374176,0.022070519626140594,0.022070519626140594,0.018436290323734283,0.018436290323734283
[emim]__[BF4]__R1234yf__283.15__0.1594,HFC_all,Mreduced,R1234YF,HFO,EMIM,BF4,283.15,0.1594,0.0174,0.041385199129581454,0.0037044596058845337,0.023985199129581455,0.046288467943668365,0.046288467943668365,0.039133623242378235,0.039133623242378235,0.0444536991417408,0.0444536991417408,0.03847793862223625,0.03847793862223625,0.038572266697883606,0.038572266697883606
[emim]__[BF4]__R1234yf__283.15__0.2062,HFC_all,Mreduced,R1234YF,HFO,EMIM,BF4,283.15,0.2062,0.0228,0.059817887097597125,0.005445634105452112,0.037017887097597124,0.06699737906455994,0.06699737906455994,0.055516790598630905,0.055516790598630905,0.06395117938518524,0.06395117938518524,0.05445338785648346,0.05445338785648346,0.05817069858312607,0.05817069858312607
[emim]__[BF4]__R1234yf__283.15__0.2512,HFC_all,Mreduced,R1234YF,HFO,EMIM,BF4,283.15,0.2512,0.0279,0.0774922639131546,0.00641376446413643,0.0495922639131546,0.08535510301589966,0.08535510301589966,0.07186388224363327,0.07186388224363327,0.08195282518863678,0.08195282518863678,0.07035434991121292,0.07035434991121292,0.07793515920639038,0.07793515920639038
[emim]__[BF4]__R1234yf__283.15__0.2972,HFC_all,Mreduced,R1234YF,HFO,EMIM,BF4,283.15,0.2972,0.0337,0.09624416381120682,0.006676267346077629,0.06254416381120681,0.103566475212574,0.103566475212574,0.09219463169574738,0.09219463169574738,0.10122410953044891,0.10122410953044891,0.0871468037366867,0.0871468037366867,0.09708879888057709,0.09708879888057709
[emim]__[BF4]__R1234yf__283.15__0.3411,HFC_all,Mreduced,R1234YF,HFO,EMIM,BF4,283.15,0.3411,0.0398,0.11480721831321716,0.005931549165868164,0.07500721831321716,0.12111437320709229,0.12111437320709229,0.11292169988155365,0.11292169988155365,0.11948572099208832,0.11948572099208832,0.1061277985572815,0.1061277985572815,0.11438649892807007,0.11438649892807007
[emim]__[BF4]__R1234yf__293.15__0.0618,HFC_all,Mreduced,R1234YF,HFO,EMIM,BF4,293.15,0.0618,0.0052,0.005091999471187591,0.003812835565638763,0.00010800052881240838,0.002495691180229187,0.002495691180229187,-0.0035281404852867126,0.0,0.005814284086227417,0.005814284086227417,0.009165413677692413,0.009165413677692413,0.00798460841178894,0.00798460841178894
[emim]__[BF4]__R1234yf__293.15__0.1144,HFC_all,Mreduced,R1234YF,HFO,EMIM,BF4,293.15,0.1144,0.0095,0.019952674210071564,0.0033765810333669277,0.010452674210071565,0.020094648003578186,0.020094648003578186,0.014302633702754974,0.014302633702754974,0.022854354232549667,0.022854354232549667,0.022216521203517914,0.022216521203517914,0.020295213907957077,0.020295213907957077
[emim]__[BF4]__R1234yf__293.15__0.1665,HFC_all,Mreduced,R1234YF,HFO,EMIM,BF4,293.15,0.1665,0.0139,0.03486339226365089,0.003122220450131011,0.020963392263650894,0.03734224662184715,0.03734224662184715,0.030957430601119995,0.030957430601119995,0.03841309994459152,0.03841309994459152,0.03263191133737564,0.03263191133737564,0.03497227281332016,0.03497227281332016
[emim]__[BF4]__R1234yf__293.15__0.2158,HFC_all,Mreduced,R1234YF,HFO,EMIM,BF4,293.15,0.2158,0.0178,0.04827278926968574,0.004693453169527325,0.030472789269685743,0.05291216820478439,0.05291216820478439,0.042976561933755875,0.042976561933755875,0.052650950849056244,0.052650950849056244,0.04391736164689064,0.04391736164689064,0.048906903713941574,0.048906903713941574
[emim]__[BF4]__R1234yf__293.15__0.2632,HFC_all,Mreduced,R1234YF,HFO,EMIM,BF4,293.15,0.2632,0.0216,0.060730109363794325,0.006369306874717012,0.039130109363794324,0.06721755117177963,0.06721755117177963,0.053154364228248596,0.053154364228248596,0.06616684049367905,0.06616684049367905,0.055107634514570236,0.055107634514570236,0.06200415641069412,0.06200415641069412
[emim]__[BF4]__R1234yf__293.15__0.3121,HFC_all,Mreduced,R1234YF,HFO,EMIM,BF4,293.15,0.3121,0.0257,0.07338471859693527,0.00683168566183912,0.047684718596935266,0.08113241195678711,0.08113241195678711,0.06526197493076324,0.06526197493076324,0.07865772396326065,0.07865772396326065,0.0677044540643692,0.0677044540643692,0.07416702806949615,0.07416702806949615
[emim]__[BF4]__R1234yf__293.15__0.3585,HFC_all,Mreduced,R1234YF,HFO,EMIM,BF4,293.15,0.3585,0.0297,0.0861723929643631,0.006199636912820202,0.0564723929643631,0.09393957257270813,0.09393957257270813,0.08003939688205719,0.08003939688205719,0.09056048095226288,0.09056048095226288,0.0801272764801979,0.0801272764801979,0.08619523793458939,0.08619523793458939
[emim]__[BF4]__R1234yf__303.15__0.0643,HFC_all,Mreduced,R1234YF,HFO,EMIM,BF4,303.15,0.0643,0.0042,0.008268291503190995,0.006047229278700509,0.004068291503190995,0.004763506352901459,0.004763506352901459,-0.0029610544443130493,0.0,0.008595488965511322,0.008595488965511322,0.013900041580200195,0.013900041580200195,0.014082420617341995,0.014082420617341995
[emim]__[BF4]__R1234yf__303.15__0.1193,HFC_all,Mreduced,R1234YF,HFO,EMIM,BF4,303.15,0.1193,0.0076,0.02027837261557579,0.0049582261593178484,0.012678372615575792,0.019177064299583435,0.019177064299583435,0.012480176985263824,0.012480176985263824,0.020677514374256134,0.020677514374256134,0.024419240653514862,0.024419240653514862,0.024637866765260696,0.024637866765260696
[emim]__[BF4]__R1234yf__303.15__0.1737,HFC_all,Mreduced,R1234YF,HFO,EMIM,BF4,303.15,0.1737,0.0112,0.030691133439540864,0.004286553027148921,0.019491133439540863,0.030865982174873352,0.030865982174873352,0.023434855043888092,0.023434855043888092,0.0335189551115036,0.0335189551115036,0.03144483268260956,0.03144483268260956,0.03419104218482971,0.03419104218482971
[emim]__[BF4]__R1234yf__303.15__0.2253,HFC_all,Mreduced,R1234YF,HFO,EMIM,BF4,303.15,0.2253,0.0145,0.04068414643406868,0.005413104783254073,0.026184146434068682,0.04224969446659088,0.04224969446659088,0.03234165161848068,0.03234165161848068,0.046161651611328125,0.046161651611328125,0.03865886107087135,0.03865886107087135,0.04400887340307236,0.04400887340307236
[emim]__[BF4]__R1234yf__303.15__0.2752,HFC_all,Mreduced,R1234YF,HFO,EMIM,BF4,303.15,0.2752,0.0175,0.050193024426698686,0.0065657401964537765,0.032693024426698684,0.053903728723526,0.053903728723526,0.04042510688304901,0.04042510688304901,0.056923460215330124,0.056923460215330124,0.04687909409403801,0.04687909409403801,0.05283373221755028,0.05283373221755028
[emim]__[BF4]__R1234yf__303.15__0.3265,HFC_all,Mreduced,R1234YF,HFO,EMIM,BF4,303.15,0.3265,0.0208,0.05918639153242111,0.006458071999943197,0.03838639153242111,0.0640564113855362,0.0640564113855362,0.04974643141031265,0.04974643141031265,0.06518906354904175,0.06518906354904175,0.05555983632802963,0.05555983632802963,0.06138021498918533,0.06138021498918533
[emim]__[BF4]__R1234yf__303.15__0.3755,HFC_all,Mreduced,R1234YF,HFO,EMIM,BF4,303.15,0.3755,0.0239,0.06713591665029525,0.006268485657100504,0.04323591665029525,0.07215870171785355,0.07215870171785355,0.05772228538990021,0.05772228538990021,0.0725422129034996,0.0725422129034996,0.06402173638343811,0.06402173638343811,0.06923464685678482,0.06923464685678482
[emim]__[BF4]__R1234yf__313.15__0.0671,HFC_all,Mreduced,R1234YF,HFO,EMIM,BF4,313.15,0.0671,0.0035,0.009048645198345185,0.007168459698458842,0.005548645198345185,0.004476793110370636,0.004476793110370636,-0.00321081280708313,0.0,0.008413031697273254,0.008413031697273254,0.01678706705570221,0.01678706705570221,0.015566334128379822,0.015566334128379822
[emim]__[BF4]__R1234yf__313.15__0.1241,HFC_all,Mreduced,R1234YF,HFO,EMIM,BF4,313.15,0.1241,0.0065,0.018546683341264726,0.005706525155536703,0.012046683341264727,0.016884885728359222,0.016884885728359222,0.01006057858467102,0.01006057858467102,0.0181739404797554,0.0181739404797554,0.02378203719854355,0.02378203719854355,0.02383197471499443,0.02383197471499443
[emim]__[BF4]__R1234yf__313.15__0.1807,HFC_all,Mreduced,R1234YF,HFO,EMIM,BF4,313.15,0.1807,0.0095,0.02655182033777237,0.005409348984070663,0.017051820337772368,0.026089049875736237,0.026089049875736237,0.01774841547012329,0.01774841547012329,0.027326174080371857,0.027326174080371857,0.029641229659318924,0.029641229659318924,0.03195423260331154,0.03195423260331154
[emim]__[BF4]__R1234yf__313.15__0.2345,HFC_all,Mreduced,R1234YF,HFO,EMIM,BF4,313.15,0.2345,0.0122,0.03390856832265854,0.005572524015340228,0.021708568322658536,0.033706698566675186,0.033706698566675186,0.024446673691272736,0.024446673691272736,0.038219206035137177,0.038219206035137177,0.035653918981552124,0.035653918981552124,0.03751634433865547,0.03751634433865547
[emim]__[BF4]__R1234yf__313.15__0.2867,HFC_all,Mreduced,R1234YF,HFO,EMIM,BF4,313.15,0.2867,0.0147,0.041579221934080125,0.006360281621327522,0.026879221934080127,0.04165844991803169,0.04165844991803169,0.031214632093906403,0.031214632093906403,0.04853606969118118,0.04853606969118118,0.042772047221660614,0.042772047221660614,0.04371491074562073,0.04371491074562073
[emim]__[BF4]__R1234yf__313.15__0.3406,HFC_all,Mreduced,R1234YF,HFO,EMIM,BF4,313.15,0.3406,0.0173,0.048662712424993516,0.00643734888270593,0.031362712424993514,0.04990271478891373,0.04990271478891373,0.03821871057152748,0.03821871057152748,0.055930305272340775,0.055930305272340775,0.04915640503168106,0.04915640503168106,0.05010542646050453,0.05010542646050453
[emim]__[BF4]__R1234yf__313.15__0.3919,HFC_all,Mreduced,R1234YF,HFO,EMIM,BF4,313.15,0.3919,0.02,0.054696491360664366,0.005835436169075272,0.03469649136066437,0.05670139566063881,0.05670139566063881,0.04508102685213089,0.04508102685213089,0.060738321393728256,0.060738321393728256,0.05448128283023834,0.05448128283023834,0.05648043006658554,0.05648043006658554
[emim]__[BF4]__R1234yf__323.15__0.0695,HFC_all,Mreduced,R1234YF,HFO,EMIM,BF4,323.15,0.0695,0.0028,0.007722465693950653,0.006717978841907294,0.004922465693950653,0.002949059009552002,0.002949059009552002,-0.006036199629306793,0.0,0.006367377936840057,0.006367377936840057,0.015061624348163605,0.015061624348163605,0.014234267175197601,0.014234267175197601
[emim]__[BF4]__R1234yf__323.15__0.1289,HFC_all,Mreduced,R1234YF,HFO,EMIM,BF4,323.15,0.1289,0.0052,0.015931422263383864,0.006243440910599916,0.010731422263383864,0.01465509831905365,0.01465509831905365,0.006524339318275452,0.006524339318275452,0.015201840549707413,0.015201840549707413,0.02190207690000534,0.02190207690000534,0.021373756229877472,0.021373756229877472
[emim]__[BF4]__R1234yf__323.15__0.1876,HFC_all,Mreduced,R1234YF,HFO,EMIM,BF4,323.15,0.1876,0.0077,0.02209196165204048,0.005530460754444553,0.01439196165204048,0.021393470466136932,0.021393470466136932,0.013325527310371399,0.013325527310371399,0.02229684218764305,0.02229684218764305,0.02569984644651413,0.02569984644651413,0.027744121849536896,0.027744121849536896
[emim]__[BF4]__R1234yf__323.15__0.2436,HFC_all,Mreduced,R1234YF,HFO,EMIM,BF4,323.15,0.2436,0.0101,0.027789656817913056,0.005338459468958594,0.017689656817913055,0.02752997726202011,0.02752997726202011,0.018642380833625793,0.018642380833625793,0.030260659754276276,0.030260659754276276,0.031037483364343643,0.031037483364343643,0.031477782875299454,0.031477782875299454
[emim]__[BF4]__R1234yf__323.15__0.298,HFC_all,Mreduced,R1234YF,HFO,EMIM,BF4,323.15,0.298,0.0122,0.033527637273073195,0.005762497822695441,0.021327637273073193,0.03344706445932388,0.03344706445932388,0.023785319179296494,0.023785319179296494,0.03866932541131973,0.03866932541131973,0.03637444227933884,0.03637444227933884,0.035362035036087036,0.035362035036087036
[emim]__[BF4]__R1234yf__323.15__0.3543,HFC_all,Mreduced,R1234YF,HFO,EMIM,BF4,323.15,0.3543,0.0145,0.03938365802168846,0.006056811359657224,0.02488365802168846,0.039372287690639496,0.039372287690639496,0.029568172991275787,0.029568172991275787,0.04569975286722183,0.04569975286722183,0.042612165212631226,0.042612165212631226,0.039665911346673965,0.039665911346673965
[emim]__[BF4]__R1234yf__323.15__0.4081,HFC_all,Mreduced,R1234YF,HFO,EMIM,BF4,323.15,0.4081,0.017,0.0445384606719017,0.006117551158699081,0.0275384606719017,0.04419852793216705,0.04419852793216705,0.03483124077320099,0.03483124077320099,0.0509638711810112,0.0509638711810112,0.048286810517311096,0.048286810517311096,0.044411852955818176,0.044411852955818176
[emim]__[BF4]__R1234yf__333.15__0.0723,HFC_all,Mreduced,R1234YF,HFO,EMIM,BF4,333.15,0.0723,0.0023,0.005349873006343842,0.005667482825247246,0.003049873006343842,0.00022426247596740723,0.00022426247596740723,-0.009693853557109833,0.0,0.0038916170597076416,0.0038916170597076416,0.011673703789710999,0.011673703789710999,0.01095978170633316,0.01095978170633316
[emim]__[BF4]__R1234yf__333.15__0.1336,HFC_all,Mreduced,R1234YF,HFO,EMIM,BF4,333.15,0.1336,0.0043,0.01270621195435524,0.006713085184010464,0.00840621195435524,0.01164659857749939,0.01164659857749939,0.0024315863847732544,0.0024315863847732544,0.011991854757070541,0.011991854757070541,0.019218720495700836,0.019218720495700836,0.018242299556732178,0.018242299556732178
[emim]__[BF4]__R1234yf__333.15__0.1945,HFC_all,Mreduced,R1234YF,HFO,EMIM,BF4,333.15,0.1945,0.0063,0.018214674293994905,0.005679019848185312,0.011914674293994905,0.017454173415899277,0.017454173415899277,0.009251516312360764,0.009251516312360764,0.018161118030548096,0.018161118030548096,0.022723369300365448,0.022723369300365448,0.023483194410800934,0.023483194410800934
[emim]__[BF4]__R1234yf__333.15__0.2526,HFC_all,Mreduced,R1234YF,HFO,EMIM,BF4,333.15,0.2526,0.0085,0.022668545693159105,0.004835121219287878,0.014168545693159104,0.0222117118537426,0.0222117118537426,0.014604073017835617,0.014604073017835617,0.02386704832315445,0.02386704832315445,0.026227392256259918,0.026227392256259918,0.026432503014802933,0.026432503014802933
[emim]__[BF4]__R1234yf__333.15__0.3092,HFC_all,Mreduced,R1234YF,HFO,EMIM,BF4,333.15,0.3092,0.0105,0.026994023099541666,0.004875676078366286,0.016494023099541663,0.026920653879642487,0.026920653879642487,0.01860995590686798,0.01860995590686798,0.029875222593545914,0.029875222593545914,0.030468575656414032,0.030468575656414032,0.029095707461237907,0.029095707461237907
[emim]__[BF4]__R1234yf__333.15__0.3678,HFC_all,Mreduced,R1234YF,HFO,EMIM,BF4,333.15,0.3678,0.0125,0.03190269246697426,0.00493916569919085,0.01940269246697426,0.03186635673046112,0.03186635673046112,0.02362919971346855,0.02362919971346855,0.035944826900959015,0.035944826900959015,0.03539373725652695,0.03539373725652695,0.03267934173345566,0.03267934173345566
[emim]__[BF4]__R1234yf__333.15__0.4239,HFC_all,Mreduced,R1234YF,HFO,EMIM,BF4,333.15,0.4239,0.0142,0.03651890158653259,0.005265887426548384,0.022318901586532592,0.036347534507513046,0.036347534507513046,0.02822546660900116,0.02822546660900116,0.04163160175085068,0.04163160175085068,0.04046979919075966,0.04046979919075966,0.03592010587453842,0.03592010587453842
[emim]__[BF4]__R1234yf__343.15__0.0749,HFC_all,Mreduced,R1234YF,HFO,EMIM,BF4,343.15,0.0749,0.0019,0.0034614600241184234,0.004132422719576684,0.0015614600241184234,-0.002369999885559082,0.0,-0.013717152178287506,0.0,0.0014379248023033142,0.0014379248023033142,0.007595546543598175,0.007595546543598175,0.008273828774690628,0.008273828774690628
[emim]__[BF4]__R1234yf__343.15__0.1382,HFC_all,Mreduced,R1234YF,HFO,EMIM,BF4,343.15,0.1382,0.0037,0.009916900098323822,0.006418597366240246,0.006216900098323822,0.008728425949811935,0.008728425949811935,-0.001980043947696686,0.0,0.009625423699617386,0.009625423699617386,0.015675030648708344,0.015675030648708344,0.015555620193481445,0.015555620193481445
[emim]__[BF4]__R1234yf__343.15__0.2014,HFC_all,Mreduced,R1234YF,HFO,EMIM,BF4,343.15,0.2014,0.0053,0.014900463819503783,0.00607128957866537,0.009600463819503784,0.014151304960250854,0.014151304960250854,0.0051744356751441956,0.0051744356751441956,0.015171773731708527,0.015171773731708527,0.01972653716802597,0.01972653716802597,0.020278267562389374,0.020278267562389374
[emim]__[BF4]__R1234yf__343.15__0.2618,HFC_all,Mreduced,R1234YF,HFO,EMIM,BF4,343.15,0.2618,0.007,0.01863262355327606,0.004758629540208234,0.011632623553276062,0.018167123198509216,0.018167123198509216,0.01077987253665924,0.01077987253665924,0.01946798712015152,0.01946798712015152,0.02239850163459778,0.02239850163459778,0.022349633276462555,0.022349633276462555
[emim]__[BF4]__R1234yf__343.15__0.3203,HFC_all,Mreduced,R1234YF,HFO,EMIM,BF4,343.15,0.3203,0.0086,0.02188582718372345,0.004488634032534305,0.01328582718372345,0.021437369287014008,0.021437369287014008,0.014398179948329926,0.014398179948329926,0.023558128625154495,0.023558128625154495,0.025995265692472458,0.025995265692472458,0.024040192365646362,0.024040192365646362
[emim]__[BF4]__R1234yf__343.15__0.3813,HFC_all,Mreduced,R1234YF,HFO,EMIM,BF4,343.15,0.3813,0.0102,0.02599296309053898,0.004595124405362879,0.01579296309053898,0.025808729231357574,0.025808729231357574,0.018364649266004562,0.018364649266004562,0.02861367166042328,0.02861367166042328,0.030304960906505585,0.030304960906505585,0.026872804388403893,0.026872804388403893
[emim]__[BF4]__R1234yf__343.15__0.4399,HFC_all,Mreduced,R1234YF,HFO,EMIM,BF4,343.15,0.4399,0.0119,0.03020867072045803,0.004653789258361846,0.01830867072045803,0.030165240168571472,0.030165240168571472,0.02268882840871811,0.02268882840871811,0.033715538680553436,0.033715538680553436,0.03442271053791046,0.03442271053791046,0.030051035806536674,0.030051035806536674
[emim]__[BF4]__R1234yf__303.15__0.0607,HFC_all,Mreduced,R1234YF,HFO,EMIM,BF4,303.15,0.0607,0.0038,0.007496345788240433,0.005784445982527582,0.0036963457882404327,0.0036227405071258545,0.0036227405071258545,-0.004114821553230286,0.0,0.007681690156459808,0.007681690156459808,0.01291956752538681,0.01291956752538681,0.01325773075222969,0.01325773075222969
[emim]__[BF4]__R1234yf__303.15__0.1411,HFC_all,Mreduced,R1234YF,HFO,EMIM,BF4,303.15,0.1411,0.0087,0.02466985508799553,0.004491157431656943,0.01596985508799553,0.024254336953163147,0.024254336953163147,0.017222128808498383,0.017222128808498383,0.02558978646993637,0.02558978646993637,0.027929820120334625,0.027929820120334625,0.02835320308804512,0.02835320308804512
[emim]__[BF4]__R1234yf__303.15__0.2323,HFC_all,Mreduced,R1234YF,HFO,EMIM,BF4,303.15,0.2323,0.0147,0.04208142906427383,0.0056394832513411985,0.027381429064273835,0.04406645894050598,0.04406645894050598,0.033437348902225494,0.033437348902225494,0.04789610579609871,0.04789610579609871,0.03982148319482803,0.03982148319482803,0.04518574848771095,0.04518574848771095
[emim]__[BF4]__R1234yf__303.15__0.3263,HFC_all,Mreduced,R1234YF,HFO,EMIM,BF4,303.15,0.3263,0.0207,0.05915338397026062,0.0064596742005797,0.038453383970260616,0.06402280926704407,0.06402280926704407,0.049711674451828,0.049711674451828,0.06515923142433167,0.06515923142433167,0.05552501976490021,0.05552501976490021,0.06134818494319916,0.06134818494319916
[emim]__[BF4]__R1234yf__303.15__0.4223,HFC_all,Mreduced,R1234YF,HFO,EMIM,BF4,303.15,0.4223,0.0277,0.07561110407114029,0.005754060337250377,0.047911104071140284,0.08036717027425766,0.08036717027425766,0.067038893699646,0.067038893699646,0.08047627657651901,0.08047627657651901,0.07262551784515381,0.07262551784515381,0.07754766196012497,0.07754766196012497
[emim]__[BF4]__R1234ze(E)__283.15__0.05,HFC_all,Mreduced,R1234ZE(E),HFO,EMIM,BF4,283.15,0.05,0.0269,0.01946989819407463,0.006396799210474061,0.0074301018059253696,0.021569233387708664,0.021569233387708664,0.00976749137043953,0.00976749137043953,0.025367502123117447,0.025367502123117447,0.024123698472976685,0.024123698472976685,0.01652156561613083,0.01652156561613083
[emim]__[BF4]__R1234ze(E)__283.15__0.095,HFC_all,Mreduced,R1234ZE(E),HFO,EMIM,BF4,283.15,0.095,0.0501,0.0494335301220417,0.006682683820033252,0.0006664698779582992,0.05258549004793167,0.05258549004793167,0.040504202246665955,0.040504202246665955,0.058198992162942886,0.058198992162942886,0.04989749565720558,0.04989749565720558,0.04598147049546242,0.04598147049546242
[emim]__[BF4]__R1234ze(E)__283.15__0.14,HFC_all,Mreduced,R1234ZE(E),HFO,EMIM,BF4,283.15,0.14,0.0738,0.08354212641716004,0.007091559187771872,0.009742126417160032,0.0853390246629715,0.0853390246629715,0.07539554685354233,0.07539554685354233,0.09435227513313293,0.09435227513313293,0.07976948469877243,0.07976948469877243,0.08285430073738098,0.08285430073738098
[emim]__[BF4]__R1234ze(E)__283.15__0.182,HFC_all,Mreduced,R1234ZE(E),HFO,EMIM,BF4,283.15,0.182,0.098,0.11811281591653824,0.007441440773502743,0.02011281591653824,0.12077727168798447,0.12077727168798447,0.1095363050699234,0.1095363050699234,0.12859094142913818,0.12859094142913818,0.11261818557977676,0.11261818557977676,0.11904137581586838,0.11904137581586838
[emim]__[BF4]__R1234ze(E)__283.15__0.221,HFC_all,Mreduced,R1234ZE(E),HFO,EMIM,BF4,283.15,0.221,0.123,0.15328664481639862,0.006071037274032098,0.030286644816398617,0.15488660335540771,0.15488660335540771,0.1506512463092804,0.1506512463092804,0.16187025606632233,0.16187025606632233,0.14528414607048035,0.14528414607048035,0.15374097228050232,0.15374097228050232
[emim]__[BF4]__R1234ze(E)__283.15__0.259,HFC_all,Mreduced,R1234ZE(E),HFO,EMIM,BF4,283.15,0.259,0.1511,0.1897137314081192,0.006549500761287939,0.03861373140811919,0.18765217065811157,0.18765217065811157,0.19182580709457397,0.19182580709457397,0.19844423234462738,0.19844423234462738,0.18041923642158508,0.18041923642158508,0.190227210521698,0.190227210521698
[emim]__[BF4]__R1234ze(E)__283.15__0.294,HFC_all,Mreduced,R1234ZE(E),HFO,EMIM,BF4,283.15,0.294,0.1814,0.2249015361070633,0.0077559276746007825,0.04350153610706328,0.2186429500579834,0.2186429500579834,0.23295828700065613,0.23295828700065613,0.23250620067119598,0.23250620067119598,0.21604686975479126,0.21604686975479126,0.2243533730506897,0.2243533730506897
[emim]__[BF4]__R1234ze(E)__293.15__0.054,HFC_all,Mreduced,R1234ZE(E),HFO,EMIM,BF4,293.15,0.054,0.0213,0.02058396562933922,0.007206755880178485,0.0007160343706607807,0.021791953593492508,0.021791953593492508,0.008790843188762665,0.008790843188762665,0.026382386684417725,0.026382386684417725,0.026304058730602264,0.026304058730602264,0.01965058594942093,0.01965058594942093
[emim]__[BF4]__R1234ze(E)__293.15__0.103,HFC_all,Mreduced,R1234ZE(E),HFO,EMIM,BF4,293.15,0.103,0.0376,0.04413988366723061,0.006580313233891388,0.006539883667230607,0.046206675469875336,0.046206675469875336,0.03435567766427994,0.03435567766427994,0.05061726272106171,0.05061726272106171,0.048663392663002014,0.048663392663002014,0.040856409817934036,0.040856409817934036
[emim]__[BF4]__R1234ze(E)__293.15__0.153,HFC_all,Mreduced,R1234ZE(E),HFO,EMIM,BF4,293.15,0.153,0.0555,0.06851056963205338,0.007613389312473632,0.013010569632053375,0.0710240826010704,0.0710240826010704,0.05870538949966431,0.05870538949966431,0.07943926006555557,0.07943926006555557,0.06798535585403442,0.06798535585403442,0.06539876013994217,0.06539876013994217
[emim]__[BF4]__R1234ze(E)__293.15__0.199,HFC_all,Mreduced,R1234ZE(E),HFO,EMIM,BF4,293.15,0.199,0.0742,0.09417795836925506,0.008912171360149667,0.01997795836925506,0.09733136743307114,0.09733136743307114,0.0827409029006958,0.0827409029006958,0.10696551948785782,0.10696551948785782,0.09064291417598724,0.09064291417598724,0.09320908784866333,0.09320908784866333
[emim]__[BF4]__R1234ze(E)__293.15__0.243,HFC_all,Mreduced,R1234ZE(E),HFO,EMIM,BF4,293.15,0.243,0.0923,0.1208455353975296,0.008786119427176645,0.028545535397529603,0.12436813116073608,0.12436813116073608,0.10938751697540283,0.10938751697540283,0.13287624716758728,0.13287624716758728,0.11635197699069977,0.11635197699069977,0.12124380469322205,0.12124380469322205
[emim]__[BF4]__R1234ze(E)__293.15__0.286,HFC_all,Mreduced,R1234ZE(E),HFO,EMIM,BF4,293.15,0.286,0.1127,0.14798406064510344,0.006844371690737492,0.03528406064510345,0.14957895874977112,0.14957895874977112,0.14049914479255676,0.14049914479255676,0.15807250142097473,0.15807250142097473,0.14286623895168304,0.14286623895168304,0.14890345931053162,0.14890345931053162
[emim]__[BF4]__R1234ze(E)__293.15__0.327,HFC_all,Mreduced,R1234ZE(E),HFO,EMIM,BF4,293.15,0.327,0.1338,0.17531665563583373,0.005063769470697765,0.04151665563583373,0.17400141060352325,0.17400141060352325,0.1729203462600708,0.1729203462600708,0.18388736248016357,0.18388736248016357,0.17066985368728638,0.17066985368728638,0.1751043051481247,0.1751043051481247
[emim]__[BF4]__R1234ze(E)__303.15__0.058,HFC_all,Mreduced,R1234ZE(E),HFO,EMIM,BF4,303.15,0.058,0.0164,0.023218225687742233,0.00802692028317243,0.006818225687742232,0.023893404752016068,0.023893404752016068,0.009436652064323425,0.009436652064323425,0.029123499989509583,0.029123499989509583,0.02862679958343506,0.02862679958343506,0.025010772049427032,0.025010772049427032
[emim]__[BF4]__R1234ze(E)__303.15__0.111,HFC_all,Mreduced,R1234ZE(E),HFO,EMIM,BF4,303.15,0.111,0.0294,0.041302884370088576,0.00697474345128921,0.011902884370088577,0.042742013931274414,0.042742013931274414,0.029776107519865036,0.029776107519865036,0.046843886375427246,0.046843886375427246,0.04662676528096199,0.04662676528096199,0.0405256487429142,0.0405256487429142
[emim]__[BF4]__R1234ze(E)__303.15__0.164,HFC_all,Mreduced,R1234ZE(E),HFO,EMIM,BF4,303.15,0.164,0.0428,0.057729631662368774,0.00807144292669101,0.014929631662368777,0.059256475418806076,0.059256475418806076,0.04588798061013222,0.04588798061013222,0.06811721622943878,0.06811721622943878,0.05994404852390289,0.05994404852390289,0.055442437529563904,0.055442437529563904
[emim]__[BF4]__R1234ze(E)__303.15__0.213,HFC_all,Mreduced,R1234ZE(E),HFO,EMIM,BF4,303.15,0.213,0.0569,0.07441196367144584,0.009441242672864905,0.017511963671445842,0.07666058838367462,0.07666058838367462,0.06182221695780754,0.06182221695780754,0.08806370943784714,0.08806370943784714,0.07351161539554596,0.07351161539554596,0.07200168818235397,0.07200168818235397
[emim]__[BF4]__R1234ze(E)__303.15__0.261,HFC_all,Mreduced,R1234ZE(E),HFO,EMIM,BF4,303.15,0.261,0.0706,0.09425420314073563,0.00923297245784695,0.02365420314073563,0.09647716581821442,0.09647716581821442,0.08140622079372406,0.08140622079372406,0.10721725225448608,0.10721725225448608,0.09340540319681168,0.09340540319681168,0.0927649736404419,0.0927649736404419
[emim]__[BF4]__R1234ze(E)__303.15__0.309,HFC_all,Mreduced,R1234ZE(E),HFO,EMIM,BF4,303.15,0.309,0.0859,0.11401017010211945,0.008189884547052008,0.02811017010211944,0.11636433005332947,0.11636433005332947,0.10178975760936737,0.10178975760936737,0.12464142590761185,0.12464142590761185,0.11385135352611542,0.11385135352611542,0.11340398341417313,0.11340398341417313
[emim]__[BF4]__R1234ze(E)__303.15__0.354,HFC_all,Mreduced,R1234ZE(E),HFO,EMIM,BF4,303.15,0.354,0.1018,0.13306837677955627,0.007459806514210024,0.03126837677955627,0.13410423696041107,0.13410423696041107,0.12154991924762726,0.12154991924762726,0.14233769476413727,0.14233769476413727,0.1326284259557724,0.1326284259557724,0.13472160696983337,0.13472160696983337
[emim]__[BF4]__R1234ze(E)__313.15__0.061,HFC_all,Mreduced,R1234ZE(E),HFO,EMIM,BF4,313.15,0.061,0.0133,0.02274620682001114,0.008384326092682626,0.009446206820011141,0.02227121964097023,0.02227121964097023,0.008362315595149994,0.008362315595149994,0.027525324374437332,0.027525324374437332,0.028247065842151642,0.028247065842151642,0.027325108647346497,0.027325108647346497
[emim]__[BF4]__R1234ze(E)__313.15__0.117,HFC_all,Mreduced,R1234ZE(E),HFO,EMIM,BF4,313.15,0.117,0.0232,0.03658329993486405,0.006758672495548804,0.013383299934864049,0.03743297979235649,0.03743297979235649,0.02480819821357727,0.02480819821357727,0.040821705013513565,0.040821705013513565,0.04115592688322067,0.04115592688322067,0.03869768977165222,0.03869768977165222
[emim]__[BF4]__R1234ze(E)__313.15__0.173,HFC_all,Mreduced,R1234ZE(E),HFO,EMIM,BF4,313.15,0.173,0.0339,0.04754816144704819,0.007167921827818314,0.013648161447048189,0.0485696941614151,0.0485696941614151,0.035994451493024826,0.035994451493024826,0.05561868101358414,0.05561868101358414,0.04996674135327339,0.04996674135327339,0.04759123921394348,0.04759123921394348
[emim]__[BF4]__R1234ze(E)__313.15__0.226,HFC_all,Mreduced,R1234ZE(E),HFO,EMIM,BF4,313.15,0.226,0.0445,0.05920480415225029,0.008352690723413731,0.01470480415225029,0.061429671943187714,0.061429671943187714,0.04676127806305885,0.04676127806305885,0.06996133923530579,0.06996133923530579,0.0602455772459507,0.0602455772459507,0.0576261542737484,0.0576261542737484
[emim]__[BF4]__R1234ze(E)__313.15__0.277,HFC_all,Mreduced,R1234ZE(E),HFO,EMIM,BF4,313.15,0.277,0.0553,0.0723254770040512,0.008693763583380443,0.0170254770040512,0.07372844219207764,0.07372844219207764,0.06041563302278519,0.06041563302278519,0.084645576775074,0.084645576775074,0.07301333546638489,0.07301333546638489,0.06982439756393433,0.06982439756393433
[emim]__[BF4]__R1234ze(E)__313.15__0.328,HFC_all,Mreduced,R1234ZE(E),HFO,EMIM,BF4,313.15,0.328,0.0674,0.08628153204917907,0.008484626090330698,0.01888153204917907,0.08663427829742432,0.08663427829742432,0.07399987429380417,0.07399987429380417,0.09781268239021301,0.09781268239021301,0.08788494765758514,0.08788494765758514,0.08507587760686874,0.08507587760686874
[emim]__[BF4]__R1234ze(E)__313.15__0.378,HFC_all,Mreduced,R1234ZE(E),HFO,EMIM,BF4,313.15,0.378,0.0797,0.10054406225681305,0.007906203534757746,0.020844062256813053,0.10044452548027039,0.10044452548027039,0.08803176879882812,0.08803176879882812,0.1098564937710762,0.1098564937710762,0.10300011932849884,0.10300011932849884,0.1013874039053917,0.1013874039053917
[emim]__[BF4]__R1234ze(E)__323.15__0.064,HFC_all,Mreduced,R1234ZE(E),HFO,EMIM,BF4,323.15,0.064,0.0105,0.020190571248531342,0.008636237106280326,0.009690571248531342,0.019801773130893707,0.019801773130893707,0.005357388406991959,0.005357388406991959,0.024536363780498505,0.024536363780498505,0.025371529161930084,0.025371529161930084,0.025885801762342453,0.025885801762342453
[emim]__[BF4]__R1234ze(E)__323.15__0.123,HFC_all,Mreduced,R1234ZE(E),HFO,EMIM,BF4,323.15,0.123,0.0187,0.031941266357898714,0.006845083844123228,0.013241266357898712,0.032801683992147446,0.032801683992147446,0.019962940365076065,0.019962940365076065,0.03534547984600067,0.03534547984600067,0.03676270321011543,0.03676270321011543,0.034833524376153946,0.034833524376153946
[emim]__[BF4]__R1234ze(E)__323.15__0.182,HFC_all,Mreduced,R1234ZE(E),HFO,EMIM,BF4,323.15,0.182,0.0273,0.03933488354086876,0.006278925713515554,0.01203488354086876,0.04129522293806076,0.04129522293806076,0.028742004185914993,0.028742004185914993,0.04552406817674637,0.04552406817674637,0.040978822857141495,0.040978822857141495,0.04013429954648018,0.04013429954648018
[emim]__[BF4]__R1234ze(E)__323.15__0.238,HFC_all,Mreduced,R1234ZE(E),HFO,EMIM,BF4,323.15,0.238,0.0358,0.04719318076968193,0.006698633984856063,0.011393180769681932,0.049377284944057465,0.049377284944057465,0.03695997595787048,0.03695997595787048,0.05539654195308685,0.05539654195308685,0.04827599972486496,0.04827599972486496,0.04595610126852989,0.04595610126852989
[emim]__[BF4]__R1234ze(E)__323.15__0.292,HFC_all,Mreduced,R1234ZE(E),HFO,EMIM,BF4,323.15,0.292,0.0445,0.0559856578707695,0.007015254175167911,0.011485657870769501,0.05717672407627106,0.05717672407627106,0.046071916818618774,0.046071916818618774,0.06555257737636566,0.06555257737636566,0.05718710273504257,0.05718710273504257,0.05393996834754944,0.05393996834754944
[emim]__[BF4]__R1234ze(E)__323.15__0.346,HFC_all,Mreduced,R1234ZE(E),HFO,EMIM,BF4,323.15,0.346,0.054,0.0661604382097721,0.006970550122658133,0.012160438209772105,0.06676620244979858,0.06676620244979858,0.05633627250790596,0.05633627250790596,0.07573181390762329,0.07573181390762329,0.06768682599067688,0.06768682599067688,0.06428107619285583,0.06428107619285583
[emim]__[BF4]__R1234ze(E)__323.15__0.399,HFC_all,Mreduced,R1234ZE(E),HFO,EMIM,BF4,323.15,0.399,0.0641,0.07681266218423843,0.006840958252126567,0.01271266218423843,0.07627381384372711,0.07627381384372711,0.06685718894004822,0.06685718894004822,0.08584068715572357,0.08584068715572357,0.07916024327278137,0.07916024327278137,0.0759313777089119,0.0759313777089119
[emim]__[BF4]__R1234ze(E)__333.15__0.067,HFC_all,Mreduced,R1234ZE(E),HFO,EMIM,BF4,333.15,0.067,0.0082,0.01677559092640877,0.00832262435192936,0.008575590926408768,0.01695462316274643,0.01695462316274643,0.002380482852458954,0.002380482852458954,0.02065463736653328,0.02065463736653328,0.02112586796283722,0.02112586796283722,0.022762343287467957,0.022762343287467957
[emim]__[BF4]__R1234ze(E)__333.15__0.128,HFC_all,Mreduced,R1234ZE(E),HFO,EMIM,BF4,333.15,0.128,0.0151,0.027993275597691537,0.006525193016053464,0.012893275597691536,0.02939659357070923,0.02939659357070923,0.016445346176624298,0.016445346176624298,0.03092358633875847,0.03092358633875847,0.03203563392162323,0.03203563392162323,0.031165217980742455,0.031165217980742455
[emim]__[BF4]__R1234ze(E)__333.15__0.191,HFC_all,Mreduced,R1234ZE(E),HFO,EMIM,BF4,333.15,0.191,0.022,0.03344738632440567,0.005761851355445195,0.011447386324405673,0.035417743027210236,0.035417743027210236,0.023504886776208878,0.023504886776208878,0.03852037340402603,0.03852037340402603,0.03464960679411888,0.03464960679411888,0.035144321620464325,0.035144321620464325
[emim]__[BF4]__R1234ze(E)__333.15__0.249,HFC_all,Mreduced,R1234ZE(E),HFO,EMIM,BF4,333.15,0.249,0.0289,0.038474037498235705,0.005299853366265576,0.009574037498235707,0.040671516209840775,0.040671516209840775,0.030008971691131592,0.030008971691131592,0.04438371956348419,0.04438371956348419,0.03931599110364914,0.03931599110364914,0.037989988923072815,0.037989988923072815
[emim]__[BF4]__R1234ze(E)__333.15__0.306,HFC_all,Mreduced,R1234ZE(E),HFO,EMIM,BF4,333.15,0.306,0.0363,0.044766442477703096,0.005352365461886504,0.008466442477703097,0.046408288180828094,0.046408288180828094,0.03694431483745575,0.03694431483745575,0.05148985609412193,0.05148985609412193,0.04613166302442551,0.04613166302442551,0.04285809025168419,0.04285809025168419
[emim]__[BF4]__R1234ze(E)__333.15__0.363,HFC_all,Mreduced,R1234ZE(E),HFO,EMIM,BF4,333.15,0.363,0.0441,0.051972109079360965,0.00532085117966342,0.007872109079360964,0.05214779078960419,0.05214779078960419,0.044696271419525146,0.044696271419525146,0.059231437742710114,0.059231437742710114,0.053837597370147705,0.053837597370147705,0.04994744807481766,0.04994744807481766
[emim]__[BF4]__R1234ze(E)__333.15__0.418,HFC_all,Mreduced,R1234ZE(E),HFO,EMIM,BF4,333.15,0.418,0.0525,0.060494694858789444,0.005450622196681132,0.007994694858789446,0.06001719459891319,0.06001719459891319,0.05290674418210983,0.05290674418210983,0.06778087466955185,0.06778087466955185,0.06283882260322571,0.06283882260322571,0.05892983824014664,0.05892983824014664
[emim]__[BF4]__R1234ze(E)__343.15__0.07,HFC_all,Mreduced,R1234ZE(E),HFO,EMIM,BF4,343.15,0.07,0.0063,0.013446874171495437,0.007744475573924814,0.007146874171495437,0.014301195740699768,0.014301195740699768,-0.0013971924781799316,0.0,0.016576696187257767,0.016576696187257767,0.01680130511522293,0.01680130511522293,0.019555173814296722,0.019555173814296722
[emim]__[BF4]__R1234ze(E)__343.15__0.134,HFC_all,Mreduced,R1234ZE(E),HFO,EMIM,BF4,343.15,0.134,0.012,0.0243908766657114,0.006800558336952567,0.012390876665711401,0.026586297899484634,0.026586297899484634,0.012321222573518753,0.012321222573518753,0.026531696319580078,0.026531696319580078,0.028194330632686615,0.028194330632686615,0.028320835903286934,0.028320835903286934
[emim]__[BF4]__R1234ze(E)__343.15__0.198,HFC_all,Mreduced,R1234ZE(E),HFO,EMIM,BF4,343.15,0.198,0.0181,0.02884161248803139,0.005462879316117431,0.010741612488031387,0.031058624386787415,0.031058624386787415,0.019313745200634003,0.019313745200634003,0.03287200257182121,0.03287200257182121,0.029468920081853867,0.029468920081853867,0.03149477019906044,0.03149477019906044
[emim]__[BF4]__R1234ze(E)__343.15__0.26,HFC_all,Mreduced,R1234ZE(E),HFO,EMIM,BF4,343.15,0.26,0.0235,0.032454677671194074,0.004655310722870666,0.008954677671194074,0.03457795828580856,0.03457795828580856,0.024702169001102448,0.024702169001102448,0.037096891552209854,0.037096891552209854,0.032805509865283966,0.032805509865283966,0.03309085965156555,0.03309085965156555
[emim]__[BF4]__R1234ze(E)__343.15__0.319,HFC_all,Mreduced,R1234ZE(E),HFO,EMIM,BF4,343.15,0.319,0.0289,0.0370816670358181,0.004159985291531258,0.008181667035818099,0.03864546865224838,0.03864546865224838,0.03050212934613228,0.03050212934613228,0.04177354276180267,0.04177354276180267,0.03808620572090149,0.03808620572090149,0.036400988698005676,0.036400988698005676
[emim]__[BF4]__R1234ze(E)__343.15__0.379,HFC_all,Mreduced,R1234ZE(E),HFO,EMIM,BF4,343.15,0.379,0.035,0.042515137046575543,0.00415538424080054,0.00751513704657554,0.04317155480384827,0.04317155480384827,0.03658057004213333,0.03658057004213333,0.047644708305597305,0.047644708305597305,0.04447295516729355,0.04447295516729355,0.04070589691400528,0.04070589691400528
[emim]__[BF4]__R1234ze(E)__343.15__0.438,HFC_all,Mreduced,R1234ZE(E),HFO,EMIM,BF4,343.15,0.438,0.0409,0.049689681828022005,0.004625662873452155,0.008789681828022006,0.0488777756690979,0.0488777756690979,0.04352294281125069,0.04352294281125069,0.055771466344594955,0.055771466344594955,0.05231858044862747,0.05231858044862747,0.047957643866539,0.047957643866539
[emim]__[OTf]__R1234yf__283.15__0.0511,HFC_all,Mreduced,R1234YF,HFO,EMIM,OTF,283.15,0.0511,0.0163,0.003536413609981537,0.0030254344783795096,0.012763586390018462,0.0038876235485076904,0.0038876235485076904,0.0008994191884994507,0.0008994191884994507,0.006246626377105713,0.006246626377105713,0.00664839893579483,0.00664839893579483,-0.00033573806285858154,0.0
[emim]__[OTf]__R1234yf__283.15__0.143,HFC_all,Mreduced,R1234YF,HFO,EMIM,OTF,283.15,0.143,0.0471,0.04456729739904404,0.004403634450433296,0.0025327026009559633,0.048151157796382904,0.048151157796382904,0.04374997690320015,0.04374997690320015,0.047531407326459885,0.047531407326459885,0.04610934108495712,0.04610934108495712,0.03729460388422012,0.03729460388422012
[emim]__[OTf]__R1234yf__283.15__0.2804,HFC_all,Mreduced,R1234YF,HFO,EMIM,OTF,283.15,0.2804,0.0972,0.11436759382486343,0.0034391234063415026,0.017167593824863436,0.11903244256973267,0.11903244256973267,0.11140725016593933,0.11140725016593933,0.1163937896490097,0.1163937896490097,0.11081089824438095,0.11081089824438095,0.11419358849525452,0.11419358849525452
[emim]__[OTf]__R1234yf__283.15__0.3731,HFC_all,Mreduced,R1234YF,HFO,EMIM,OTF,283.15,0.3731,0.1333,0.1628679722547531,0.0033126815035055927,0.029567972254753105,0.1623067557811737,0.1623067557811737,0.16847097873687744,0.16847097873687744,0.16175025701522827,0.16175025701522827,0.1621783971786499,0.1621783971786499,0.15963347256183624,0.15963347256183624
[emim]__[OTf]__R1234yf__283.15__0.4298,HFC_all,Mreduced,R1234YF,HFO,EMIM,OTF,283.15,0.4298,0.1577,0.19362954199314117,0.0061191536331475825,0.03592954199314116,0.187856525182724,0.187856525182724,0.2040661871433258,0.2040661871433258,0.19167296588420868,0.19167296588420868,0.19240373373031616,0.19240373373031616,0.19214829802513123,0.19214829802513123
[emim]__[OTf]__R1234yf__293.15__0.055,HFC_all,Mreduced,R1234YF,HFO,EMIM,OTF,293.15,0.055,0.0129,0.007525760680437088,0.00411372925688073,0.005374239319562912,0.005790963768959045,0.005790963768959045,0.0011218786239624023,0.0011218786239624023,0.010067511349916458,0.010067511349916458,0.011204153299331665,0.011204153299331665,0.00944429636001587,0.00944429636001587
[emim]__[OTf]__R1234yf__293.15__0.152,HFC_all,Mreduced,R1234YF,HFO,EMIM,OTF,293.15,0.152,0.0357,0.03884587287902832,0.002806946329042402,0.0031458728790283164,0.041004739701747894,0.041004739701747894,0.03819630667567253,0.03819630667567253,0.04110768437385559,0.04110768437385559,0.03962552919983864,0.03962552919983864,0.03429510444402695,0.03429510444402695
[emim]__[OTf]__R1234yf__293.15__0.2898,HFC_all,Mreduced,R1234YF,HFO,EMIM,OTF,293.15,0.2898,0.0699,0.08479154407978058,0.004731751484550382,0.014891544079780578,0.09052818268537521,0.09052818268537521,0.07903727144002914,0.07903727144002914,0.08869045972824097,0.08869045972824097,0.08221706748008728,0.08221706748008728,0.08348473906517029,0.08348473906517029
[emim]__[OTf]__R1234yf__293.15__0.3846,HFC_all,Mreduced,R1234YF,HFO,EMIM,OTF,293.15,0.3846,0.0961,0.11772960126399994,0.0030917290062365036,0.02162960126399993,0.12243291735649109,0.12243291735649109,0.11603488028049469,0.11603488028049469,0.11909950524568558,0.11909950524568558,0.1164836511015892,0.1164836511015892,0.11459705233573914,0.11459705233573914
[emim]__[OTf]__R1234yf__293.15__0.4481,HFC_all,Mreduced,R1234YF,HFO,EMIM,OTF,293.15,0.4481,0.1115,0.14172107577323914,0.0022813939391349036,0.03022107577323914,0.14219596982002258,0.14219596982002258,0.14490625262260437,0.14490625262260437,0.14158909022808075,0.14158909022808075,0.14140738546848297,0.14140738546848297,0.138506680727005,0.138506680727005
[emim]__[OTf]__R1234yf__303.15__0.0579,HFC_all,Mreduced,R1234YF,HFO,EMIM,OTF,303.15,0.0579,0.0103,0.011422313004732131,0.0068636292080204,0.0011223130047321311,0.008044540882110596,0.008044540882110596,0.0012752600014209747,0.0012752600014209747,0.01318996399641037,0.01318996399641037,0.018256261944770813,0.018256261944770813,0.016345538198947906,0.016345538198947906
[emim]__[OTf]__R1234yf__303.15__0.1633,HFC_all,Mreduced,R1234YF,HFO,EMIM,OTF,303.15,0.1633,0.0284,0.036033108830451965,0.0026872181297660286,0.007633108830451964,0.03593337908387184,0.03593337908387184,0.031503379344940186,0.031503379344940186,0.036934077739715576,0.036934077739715576,0.03844214975833893,0.03844214975833893,0.037352558225393295,0.037352558225393295
[emim]__[OTf]__R1234yf__303.15__0.3039,HFC_all,Mreduced,R1234YF,HFO,EMIM,OTF,303.15,0.3039,0.0536,0.06817796304821969,0.004578236474788896,0.014577963048219685,0.07162134349346161,0.07162134349346161,0.06123754009604454,0.06123754009604454,0.0729113444685936,0.0729113444685936,0.06699168682098389,0.06699168682098389,0.06812790036201477,0.06812790036201477
[emim]__[OTf]__R1234yf__303.15__0.4188,HFC_all,Mreduced,R1234YF,HFO,EMIM,OTF,303.15,0.4188,0.0718,0.09471854567527771,0.0036860858329387605,0.022918545675277707,0.09913479536771774,0.09913479536771774,0.0895419716835022,0.0895419716835022,0.09712609648704529,0.09712609648704529,0.09456416964530945,0.09456416964530945,0.09322569519281387,0.09322569519281387
[emim]__[OTf]__R1234yf__303.15__0.4825,HFC_all,Mreduced,R1234YF,HFO,EMIM,OTF,303.15,0.4825,0.0839,0.11139858216047287,0.001838493442440664,0.027498582160472865,0.11370892077684402,0.11370892077684402,0.10968650877475739,0.10968650877475739,0.11188346147537231,0.11188346147537231,0.11234524101018906,0.11234524101018906,0.10936877876520157,0.10936877876520157
[emim]__[OTf]__R1234yf__313.15__0.0609,HFC_all,Mreduced,R1234YF,HFO,EMIM,OTF,313.15,0.0609,0.0078,0.012711791694164276,0.00813022137786502,0.004911791694164277,0.008619420230388641,0.008619420230388641,0.0012278705835342407,0.0012278705835342407,0.013431303203105927,0.013431303203105927,0.021704532206058502,0.021704532206058502,0.01857583224773407,0.01857583224773407
[emim]__[OTf]__R1234yf__313.15__0.1665,HFC_all,Mreduced,R1234YF,HFO,EMIM,OTF,313.15,0.1665,0.0211,0.03171658962965011,0.005135624472044444,0.010616589629650112,0.03080746904015541,0.03080746904015541,0.024179860949516296,0.024179860949516296,0.030687980353832245,0.030687980353832245,0.037435922771692276,0.037435922771692276,0.03547171503305435,0.03547171503305435
[emim]__[OTf]__R1234yf__313.15__0.2927,HFC_all,Mreduced,R1234YF,HFO,EMIM,OTF,313.15,0.2927,0.0348,0.05171221792697907,0.004358709027255669,0.01691221792697907,0.0520385280251503,0.0520385280251503,0.04439453035593033,0.04439453035593033,0.05579212307929993,0.05579212307929993,0.0540207102894783,0.0540207102894783,0.05231519788503647,0.05231519788503647
[emim]__[OTf]__R1234yf__313.15__0.4127,HFC_all,Mreduced,R1234YF,HFO,EMIM,OTF,313.15,0.4127,0.0459,0.07119587063789368,0.00391214343167504,0.025295870637893673,0.07239337265491486,0.07239337265491486,0.06455542147159576,0.06455542147159576,0.07457055896520615,0.07457055896520615,0.07326983660459518,0.07326983660459518,0.07119016349315643,0.07119016349315643
[emim]__[OTf]__R1234yf__313.15__0.4801,HFC_all,Mreduced,R1234YF,HFO,EMIM,OTF,313.15,0.4801,0.0535,0.0830010250210762,0.002619040924241136,0.029501025021076203,0.08364685624837875,0.08364685624837875,0.07868731021881104,0.07868731021881104,0.08518348634243011,0.08518348634243011,0.08487198501825333,0.08487198501825333,0.08261548727750778,0.08261548727750778
[emim]__[OTf]__R1234yf__323.15__0.0641,HFC_all,Mreduced,R1234YF,HFO,EMIM,OTF,323.15,0.0641,0.0051,0.011217129230499268,0.007993384834384637,0.006117129230499268,0.007355824112892151,0.007355824112892151,-0.0015456750988960266,0.0,0.01149064302444458,0.01149064302444458,0.02022823691368103,0.02022823691368103,0.017010942101478577,0.017010942101478577
[emim]__[OTf]__R1234yf__323.15__0.1756,HFC_all,Mreduced,R1234YF,HFO,EMIM,OTF,323.15,0.1756,0.0139,0.028101880103349686,0.005937683781391907,0.014201880103349687,0.026882201433181763,0.026882201433181763,0.019535385072231293,0.019535385072231293,0.026690900325775146,0.026690900325775146,0.034558627754449844,0.034558627754449844,0.03284228593111038,0.03284228593111038
[emim]__[OTf]__R1234yf__323.15__0.3441,HFC_all,Mreduced,R1234YF,HFO,EMIM,OTF,323.15,0.3441,0.024,0.048174917697906494,0.004670528784923084,0.024174917697906494,0.047797828912734985,0.047797828912734985,0.04079843685030937,0.04079843685030937,0.05155041068792343,0.05155041068792343,0.052785005420446396,0.052785005420446396,0.047942906618118286,0.047942906618118286
[emim]__[OTf]__R1234yf__323.15__0.4319,HFC_all,Mreduced,R1234YF,HFO,EMIM,OTF,323.15,0.4319,0.0296,0.059444373846054076,0.0044933682672266525,0.029844373846054074,0.05880352109670639,0.05880352109670639,0.05295135825872421,0.05295135825872421,0.0628720074892044,0.0628720074892044,0.06442596763372421,0.06442596763372421,0.05816901475191116,0.05816901475191116
[emim]__[OTf]__R1234yf__323.15__0.481,HFC_all,Mreduced,R1234YF,HFO,EMIM,OTF,323.15,0.481,0.0344,0.06575310379266738,0.004352282741834719,0.03135310379266738,0.06370199471712112,0.06370199471712112,0.06037762761116028,0.06037762761116028,0.06921199709177017,0.06921199709177017,0.07111566513776779,0.07111566513776779,0.06435823440551758,0.06435823440551758
[emim]__[SCN]__R1234yf__283.15__0.0635,HFC_all,Mreduced,R1234YF,HFO,EMIM,SCN,283.15,0.0635,0.0035,0.001548248529434204,0.0019967250297407584,0.001951751470565796,-0.0004426240921020508,0.0,-0.004632100462913513,0.0,0.003116261214017868,0.003116261214017868,0.004252426326274872,0.004252426326274872,0.00037255510687828064,0.00037255510687828064
[emim]__[SCN]__R1234yf__283.15__0.1452,HFC_all,Mreduced,R1234YF,HFO,EMIM,SCN,283.15,0.1452,0.0098,0.032272114604711535,0.0036692115457524557,0.022472114604711536,0.03634707257151604,0.03634707257151604,0.028827909380197525,0.028827909380197525,0.036135803908109665,0.036135803908109665,0.02960268408060074,0.02960268408060074,0.030447103083133698,0.030447103083133698
[emim]__[SCN]__R1234yf__283.15__0.2379,HFC_all,Mreduced,R1234YF,HFO,EMIM,SCN,283.15,0.2379,0.0163,0.066034247726202,0.007196265630208555,0.04973424772620201,0.07363130897283554,0.07363130897283554,0.058272525668144226,0.058272525668144226,0.07200697064399719,0.07200697064399719,0.05884973332285881,0.05884973332285881,0.06741070002317429,0.06741070002317429
[emim]__[SCN]__R1234yf__283.15__0.3265,HFC_all,Mreduced,R1234YF,HFO,EMIM,SCN,283.15,0.3265,0.0251,0.09957399219274521,0.007884123788294865,0.07447399219274521,0.10708774626255035,0.10708774626255035,0.09516139328479767,0.09516139328479767,0.10588197410106659,0.10588197410106659,0.08821158856153488,0.08821158856153488,0.10152725875377655,0.10152725875377655
[emim]__[SCN]__R1234yf__283.15__0.4421,HFC_all,Mreduced,R1234YF,HFO,EMIM,SCN,283.15,0.4421,0.0366,0.14680030345916747,0.004468155190995982,0.11020030345916748,0.14791442453861237,0.14791442453861237,0.14725244045257568,0.14725244045257568,0.15161606669425964,0.15161606669425964,0.13943465054035187,0.13943465054035187,0.14778393507003784,0.14778393507003784
[emim]__[SCN]__R1234yf__293.15__0.0643,HFC_all,Mreduced,R1234YF,HFO,EMIM,SCN,293.15,0.0643,0.0029,0.004137485474348068,0.0036121467121310227,0.0012374854743480686,0.0011024326086044312,0.0011024326086044312,-0.005495332181453705,0.0,0.004165962338447571,0.004165962338447571,0.00812210887670517,0.00812210887670517,0.0072969235479831696,0.0072969235479831696
[emim]__[SCN]__R1234yf__293.15__0.1514,HFC_all,Mreduced,R1234YF,HFO,EMIM,SCN,293.15,0.1514,0.0077,0.027683304995298384,0.003947733668604657,0.019983304995298386,0.029090404510498047,0.029090404510498047,0.021457210183143616,0.021457210183143616,0.03169330954551697,0.03169330954551697,0.0264773890376091,0.0264773890376091,0.029698211699724197,0.029698211699724197
[emim]__[SCN]__R1234yf__293.15__0.2519,HFC_all,Mreduced,R1234YF,HFO,EMIM,SCN,293.15,0.2519,0.0139,0.05382556170225143,0.007028762760308904,0.039925561702251436,0.06007065996527672,0.06007065996527672,0.044838741421699524,0.044838741421699524,0.06027435138821602,0.06027435138821602,0.04813850671052933,0.04813850671052933,0.055805549025535583,0.055805549025535583
[emim]__[SCN]__R1234yf__293.15__0.3435,HFC_all,Mreduced,R1234YF,HFO,EMIM,SCN,293.15,0.3435,0.018,0.07557779550552368,0.0077574215794603794,0.05757779550552368,0.08312706649303436,0.08312706649303436,0.0661870539188385,0.0661870539188385,0.08225508779287338,0.08225508779287338,0.06872964650392532,0.06872964650392532,0.07759012281894684,0.07759012281894684
[emim]__[SCN]__R1234yf__293.15__0.4346,HFC_all,Mreduced,R1234YF,HFO,EMIM,SCN,293.15,0.4346,0.0246,0.10054458677768707,0.0060762441786515594,0.07594458677768708,0.10620918869972229,0.10620918869972229,0.09528796374797821,0.09528796374797821,0.1056569293141365,0.1056569293141365,0.09295792877674103,0.09295792877674103,0.10261092334985733,0.10261092334985733
[emim]__[SCN]__R1234yf__303.15__0.0665,HFC_all,Mreduced,R1234YF,HFO,EMIM,SCN,303.15,0.0665,0.0031,0.007001528143882751,0.0057998030302549835,0.0039015281438827512,0.002789512276649475,0.002789512276649475,-0.00508570671081543,0.0,0.006592132151126862,0.006592132151126862,0.01300588995218277,0.01300588995218277,0.012620106339454651,0.012620106339454651
[emim]__[SCN]__R1234yf__303.15__0.1514,HFC_all,Mreduced,R1234YF,HFO,EMIM,SCN,303.15,0.1514,0.006,0.023664912953972817,0.00499317869852052,0.017664912953972815,0.023303315043449402,0.023303315043449402,0.015284586697816849,0.015284586697816849,0.025537561625242233,0.025537561625242233,0.026035025715827942,0.026035025715827942,0.028164075687527657,0.028164075687527657
[emim]__[SCN]__R1234yf__303.15__0.2378,HFC_all,Mreduced,R1234YF,HFO,EMIM,SCN,303.15,0.2378,0.0084,0.04000069946050644,0.006798741769184821,0.03160069946050644,0.0418960265815258,0.0418960265815258,0.029610030353069305,0.029610030353069305,0.0468711219727993,0.0468711219727993,0.03729105740785599,0.03729105740785599,0.0443352609872818,0.0443352609872818
[emim]__[SCN]__R1234yf__303.15__0.3313,HFC_all,Mreduced,R1234YF,HFO,EMIM,SCN,303.15,0.3313,0.0103,0.05611246675252914,0.007549055696581806,0.045812466752529146,0.0607914924621582,0.0607914924621582,0.044703736901283264,0.044703736901283264,0.06335024535655975,0.06335024535655975,0.052438922226428986,0.052438922226428986,0.059277936816215515,0.059277936816215515
[emim]__[SCN]__R1234yf__303.15__0.4576,HFC_all,Mreduced,R1234YF,HFO,EMIM,SCN,303.15,0.4576,0.013,0.07686042338609696,0.0064273038812546045,0.06386042338609696,0.08082300424575806,0.08082300424575806,0.06760161370038986,0.06760161370038986,0.0826837420463562,0.0826837420463562,0.07273919880390167,0.07273919880390167,0.08045455813407898,0.08045455813407898
[emim]__[SCN]__R1234yf__313.15__0.0671,HFC_all,Mreduced,R1234YF,HFO,EMIM,SCN,313.15,0.0671,0.0007,0.0069337084889411925,0.00651859410942413,0.006233708488941192,0.0016897693276405334,0.0016897693276405334,-0.006074585020542145,0.0,0.00554889440536499,0.00554889440536499,0.014217518270015717,0.014217518270015717,0.013212360441684723,0.013212360441684723
[emim]__[SCN]__R1234yf__313.15__0.147,HFC_all,Mreduced,R1234YF,HFO,EMIM,SCN,313.15,0.147,0.0022,0.019040944427251814,0.006001019871506183,0.016840944427251814,0.017410285770893097,0.017410285770893097,0.00976039469242096,0.00976039469242096,0.01949375867843628,0.01949375867843628,0.02384161949157715,0.02384161949157715,0.024698663502931595,0.024698663502931595
[emim]__[SCN]__R1234yf__313.15__0.2388,HFC_all,Mreduced,R1234YF,HFO,EMIM,SCN,313.15,0.2388,0.0036,0.031625311076641086,0.0065063098825061515,0.028025311076641087,0.031376324594020844,0.031376324594020844,0.02076178416609764,0.02076178416609764,0.037054821848869324,0.037054821848869324,0.0327901765704155,0.0327901765704155,0.03614344820380211,0.03614344820380211
[emim]__[SCN]__R1234yf__313.15__0.3364,HFC_all,Mreduced,R1234YF,HFO,EMIM,SCN,313.15,0.3364,0.0042,0.04458824545145035,0.0075569636470787065,0.040388245451450346,0.045628659427165985,0.045628659427165985,0.032516464591026306,0.032516464591026306,0.05330538749694824,0.05330538749694824,0.044530026614665985,0.044530026614665985,0.04696068912744522,0.04696068912744522
[emim]__[SCN]__R1234yf__313.15__0.4593,HFC_all,Mreduced,R1234YF,HFO,EMIM,SCN,313.15,0.4593,0.0063,0.057881207764148714,0.006548976262694295,0.051581207764148714,0.06004592403769493,0.06004592403769493,0.04759376496076584,0.04759376496076584,0.06465263664722443,0.06465263664722443,0.055885374546051025,0.055885374546051025,0.06122833862900734,0.06122833862900734
[emim]__[Tf2N]__R1234yf__283.15__0.1368,HFC_all,Mreduced,R1234YF,HFO,EMIM,TF2N,283.15,0.1368,0.0985,0.08672667890787125,0.00741169373415866,0.011773321092128752,0.09115158021450043,0.09115158021450043,0.08350808173418045,0.08350808173418045,0.09384794533252716,0.09384794533252716,0.08978809416294098,0.08978809416294098,0.07533769309520721,0.07533769309520721
[emim]__[Tf2N]__R1234yf__283.15__0.2644,HFC_all,Mreduced,R1234YF,HFO,EMIM,TF2N,283.15,0.2644,0.2009,0.20733288526535035,0.0021226524943118628,0.006432885265350352,0.2065831571817398,0.2065831571817398,0.2084023356437683,0.2084023356437683,0.20499159395694733,0.20499159395694733,0.21044030785560608,0.21044030785560608,0.20624703168869019,0.20624703168869019
[emim]__[Tf2N]__R1234yf__283.15__0.3467,HFC_all,Mreduced,R1234YF,HFO,EMIM,TF2N,283.15,0.3467,0.2725,0.27916679382324217,0.009353331166311879,0.006666793823242145,0.269866943359375,0.269866943359375,0.2897917926311493,0.2897917926311493,0.26953357458114624,0.26953357458114624,0.28673040866851807,0.28673040866851807,0.27991124987602234,0.27991124987602234
[emim]__[Tf2N]__R1234yf__283.15__0.3983,HFC_all,Mreduced,R1234YF,HFO,EMIM,TF2N,283.15,0.3983,0.3222,0.3182665348052979,0.013564014604895463,0.003933465194702113,0.303885281085968,0.303885281085968,0.33269044756889343,0.33269044756889343,0.3042169213294983,0.3042169213294983,0.32884570956230164,0.32884570956230164,0.3216943144798279,0.3216943144798279
[emim]__[Tf2N]__R1234yf__283.15__0.4335,HFC_all,Mreduced,R1234YF,HFO,EMIM,TF2N,283.15,0.4335,0.3602,0.3438513159751892,0.01621269951826558,0.016348684024810822,0.3268589377403259,0.3268589377403259,0.35999780893325806,0.35999780893325806,0.32635289430618286,0.32635289430618286,0.3567318916320801,0.3567318916320801,0.3493150472640991,0.3493150472640991
[emim]__[Tf2N]__R1234yf__293.15__0.0499,HFC_all,Mreduced,R1234YF,HFO,EMIM,TF2N,293.15,0.0499,0.0241,0.021241050213575363,0.004776170825940583,0.0028589497864246367,0.020316515117883682,0.020316515117883682,0.01740557700395584,0.01740557700395584,0.02390088140964508,0.02390088140964508,0.028053149580955505,0.028053149580955505,0.016529127955436707,0.016529127955436707
[emim]__[Tf2N]__R1234yf__293.15__0.1491,HFC_all,Mreduced,R1234YF,HFO,EMIM,TF2N,293.15,0.1491,0.0758,0.0722780056297779,0.007203832119401726,0.0035219943702221035,0.07433027774095535,0.07433027774095535,0.0679229274392128,0.0679229274392128,0.07823558896780014,0.07823558896780014,0.07888361066579819,0.07888361066579819,0.06201762333512306,0.06201762333512306
[emim]__[Tf2N]__R1234yf__293.15__0.286,HFC_all,Mreduced,R1234YF,HFO,EMIM,TF2N,293.15,0.286,0.1503,0.16419880390167235,0.00422370547269369,0.013898803901672363,0.16719725728034973,0.16719725728034973,0.15900057554244995,0.15900057554244995,0.1647460162639618,0.1647460162639618,0.16912883520126343,0.16912883520126343,0.16092133522033691,0.16092133522033691
[emim]__[Tf2N]__R1234yf__293.15__0.3698,HFC_all,Mreduced,R1234YF,HFO,EMIM,TF2N,293.15,0.3698,0.1978,0.21718721985816955,0.0040746568903792055,0.019387219858169547,0.21517030894756317,0.21517030894756317,0.2175978422164917,0.2175978422164917,0.21346504986286163,0.21346504986286163,0.2239820659160614,0.2239820659160614,0.21572083234786987,0.21572083234786987
[emim]__[Tf2N]__R1234yf__293.15__0.4257,HFC_all,Mreduced,R1234YF,HFO,EMIM,TF2N,293.15,0.4257,0.2311,0.24930576086044312,0.007241769435922347,0.01820576086044312,0.24051354825496674,0.24051354825496674,0.2529528737068176,0.2529528737068176,0.24400930106639862,0.24400930106639862,0.2588045597076416,0.2588045597076416,0.250248521566391,0.250248521566391
[emim]__[Tf2N]__R1234yf__303.15__0.055,HFC_all,Mreduced,R1234YF,HFO,EMIM,TF2N,303.15,0.055,0.0194,0.023923023045063017,0.006002130264455128,0.004523023045063017,0.020984720438718796,0.020984720438718796,0.01734473556280136,0.01734473556280136,0.02434496581554413,0.02434496581554413,0.03350326046347618,0.03350326046347618,0.023437432944774628,0.023437432944774628
[emim]__[Tf2N]__R1234yf__303.15__0.1555,HFC_all,Mreduced,R1234YF,HFO,EMIM,TF2N,303.15,0.1555,0.0581,0.062274498492479326,0.006412246163146187,0.004174498492479327,0.06351763010025024,0.06351763010025024,0.055401064455509186,0.055401064455509186,0.06605329364538193,0.06605329364538193,0.07026016712188721,0.07026016712188721,0.05614033713936806,0.05614033713936806
[emim]__[Tf2N]__R1234yf__303.15__0.2912,HFC_all,Mreduced,R1234YF,HFO,EMIM,TF2N,303.15,0.2912,0.1099,0.1256669655442238,0.0060648411870994545,0.0157669655442238,0.12717463076114655,0.12717463076114655,0.11818772554397583,0.11818772554397583,0.128558948636055,0.128558948636055,0.1333635300397873,0.1333635300397873,0.12104999274015427,0.12104999274015427
[emim]__[Tf2N]__R1234yf__303.15__0.3853,HFC_all,Mreduced,R1234YF,HFO,EMIM,TF2N,303.15,0.3853,0.1464,0.16811137795448303,0.005180557434191629,0.021711377954483024,0.16922372579574585,0.16922372579574585,0.16185835003852844,0.16185835003852844,0.16894105076789856,0.16894105076789856,0.17560702562332153,0.17560702562332153,0.16492673754692078,0.16492673754692078
[emim]__[Tf2N]__R1234yf__303.15__0.4462,HFC_all,Mreduced,R1234YF,HFO,EMIM,TF2N,303.15,0.4462,0.171,0.19342308044433593,0.00533001479288255,0.022423080444335913,0.18922066688537598,0.18922066688537598,0.1896105408668518,0.1896105408668518,0.19309574365615845,0.19309574365615845,0.20241793990135193,0.20241793990135193,0.19277051091194153,0.19277051091194153
[emim]__[Tf2N]__R1234yf__313.15__0.0566,HFC_all,Mreduced,R1234YF,HFO,EMIM,TF2N,313.15,0.0566,0.0162,0.023346225917339324,0.007194625997600258,0.007146225917339325,0.019904904067516327,0.019904904067516327,0.014020681381225586,0.014020681381225586,0.023735836148262024,0.023735836148262024,0.033502981066703796,0.033502981066703796,0.02556672692298889,0.02556672692298889
[emim]__[Tf2N]__R1234yf__313.15__0.17,HFC_all,Mreduced,R1234YF,HFO,EMIM,TF2N,313.15,0.17,0.0497,0.05725537016987801,0.006091145964025501,0.007555370169878006,0.05709303915500641,0.05709303915500641,0.04909082502126694,0.04909082502126694,0.05870768055319786,0.05870768055319786,0.0659833550453186,0.0659833550453186,0.05540195107460022,0.05540195107460022
[emim]__[Tf2N]__R1234yf__313.15__0.2816,HFC_all,Mreduced,R1234YF,HFO,EMIM,TF2N,313.15,0.2816,0.0817,0.09510404169559479,0.005410897897536576,0.013404041695594796,0.09605947136878967,0.09605947136878967,0.08844811469316483,0.08844811469316483,0.09813770651817322,0.09813770651817322,0.1018751934170723,0.1018751934170723,0.09099972248077393,0.09099972248077393
[emim]__[Tf2N]__R1234yf__313.15__0.4026,HFC_all,Mreduced,R1234YF,HFO,EMIM,TF2N,313.15,0.4026,0.1148,0.13664326071739197,0.0058593448694620335,0.02184326071739197,0.13593989610671997,0.13593989610671997,0.12940821051597595,0.12940821051597595,0.13978150486946106,0.13978150486946106,0.1446610689163208,0.1446610689163208,0.13342562317848206,0.13342562317848206
[emim]__[Tf2N]__R1234yf__313.15__0.4796,HFC_all,Mreduced,R1234YF,HFO,EMIM,TF2N,313.15,0.4796,0.1366,0.16096483469009398,0.0059014361430637504,0.024364834690093984,0.1561439335346222,0.1561439335346222,0.15567803382873535,0.15567803382873535,0.16304615139961243,0.16304615139961243,0.1700560748577118,0.1700560748577118,0.1598999798297882,0.1598999798297882
[emim]__[Tf2N]__R1234yf__323.15__0.0581,HFC_all,Mreduced,R1234YF,HFO,EMIM,TF2N,323.15,0.0581,0.0134,0.020785602927207946,0.008169432128109312,0.007385602927207946,0.01750563085079193,0.01750563085079193,0.009470980614423752,0.009470980614423752,0.021342270076274872,0.021342270076274872,0.031634580343961716,0.031634580343961716,0.023974552750587463,0.023974552750587463
[emim]__[Tf2N]__R1234yf__323.15__0.1605,HFC_all,Mreduced,R1234YF,HFO,EMIM,TF2N,323.15,0.1605,0.0359,0.04607416316866875,0.007553492287674388,0.010174163168668746,0.043767545372247696,0.043767545372247696,0.03626202791929245,0.03626202791929245,0.04664652794599533,0.04664652794599533,0.05730791389942169,0.05730791389942169,0.046386800706386566,0.046386800706386566
[emim]__[Tf2N]__R1234yf__323.15__0.3259,HFC_all,Mreduced,R1234YF,HFO,EMIM,TF2N,323.15,0.3259,0.0702,0.08917940407991409,0.005839521131951506,0.018979404079914095,0.08897680044174194,0.08897680044174194,0.0823880061507225,0.0823880061507225,0.09219570457935333,0.09219570457935333,0.09721915423870087,0.09721915423870087,0.08511735498905182,0.08511735498905182
[emim]__[Tf2N]__R1234yf__323.15__0.4213,HFC_all,Mreduced,R1234YF,HFO,EMIM,TF2N,323.15,0.4213,0.0901,0.11412238478660583,0.005803071226334321,0.02402238478660583,0.11122991889715195,0.11122991889715195,0.10716776549816132,0.10716776549816132,0.11774066090583801,0.11774066090583801,0.12200535833835602,0.12200535833835602,0.11246822029352188,0.11246822029352188
[emim]__[Tf2N]__R1234yf__323.15__0.4767,HFC_all,Mreduced,R1234YF,HFO,EMIM,TF2N,323.15,0.4767,0.0996,0.1284075304865837,0.00566629991525867,0.028807530486583716,0.12331948429346085,0.12331948429346085,0.12356814742088318,0.12356814742088318,0.13073953986167908,0.13073953986167908,0.13694003224372864,0.13694003224372864,0.1274704486131668,0.1274704486131668
[emim]__[Tf2N]__R1336mzz(E)__293.1__0.194,HFC_all,Mreduced,R1336MZZ(E),HFO,EMIM,TF2N,293.1,0.194,0.093,0.4454552173614502,0.01724928387750716,0.35245521736145025,0.4219459295272827,0.4219459295272827,0.4401330053806305,0.4401330053806305,0.4690954089164734,0.4690954089164734,0.452340692281723,0.452340692281723,0.44376105070114136,0.44376105070114136
[emim]__[Tf2N]__R1336mzz(E)__293.1__0.223,HFC_all,Mreduced,R1336MZZ(E),HFO,EMIM,TF2N,293.1,0.223,0.173,0.4965887188911438,0.01860460283567776,0.3235887188911438,0.4716607332229614,0.4716607332229614,0.4916950464248657,0.4916950464248657,0.5215234756469727,0.5215234756469727,0.5062947273254395,0.5062947273254395,0.49176961183547974,0.49176961183547974
[emim]__[Tf2N]__R1336mzz(E)__303__0.228,HFC_all,Mreduced,R1336MZZ(E),HFO,EMIM,TF2N,303.0,0.228,0.093,0.3992783010005951,0.016346289565640913,0.30627830100059505,0.3789677619934082,0.3789677619934082,0.3918277621269226,0.3918277621269226,0.42106127738952637,0.42106127738952637,0.4096297323703766,0.4096297323703766,0.3949049711227417,0.3949049711227417
[emim]__[Tf2N]__R1336mzz(E)__303__0.293,HFC_all,Mreduced,R1336MZZ(E),HFO,EMIM,TF2N,303.0,0.293,0.173,0.48368969559669495,0.019772827124482386,0.31068969559669496,0.4558929204940796,0.4558929204940796,0.4813484847545624,0.4813484847545624,0.5065798163414001,0.5065798163414001,0.49816474318504333,0.49816474318504333,0.4764625132083893,0.4764625132083893
[emim]__[Tf2N]__R1336mzz(E)__322.5__0.336,HFC_all,Mreduced,R1336MZZ(E),HFO,EMIM,TF2N,322.5,0.336,0.093,0.3363069176673889,0.011434949628832026,0.2433069176673889,0.3211403489112854,0.3211403489112854,0.3378444314002991,0.3378444314002991,0.35032325983047485,0.35032325983047485,0.3429729640483856,0.3429729640483856,0.32925358414649963,0.32925358414649963
[emim]__[Tf2N]__R1336mzz(E)__322.5__0.488,HFC_all,Mreduced,R1336MZZ(E),HFO,EMIM,TF2N,322.5,0.488,0.173,0.4608068406581879,0.02085072404218659,0.2878068406581879,0.4258902668952942,0.4258902668952942,0.4711076021194458,0.4711076021194458,0.47894954681396484,0.47894954681396484,0.46968385577201843,0.46968385577201843,0.45840293169021606,0.45840293169021606
[emim]__[Tf2N]__R1336mzz(E)__332.9__0.381,HFC_all,Mreduced,R1336MZZ(E),HFO,EMIM,TF2N,332.9,0.381,0.093,0.29395217895507814,0.00825628743637145,0.20095217895507814,0.2833404541015625,0.2833404541015625,0.2972634434700012,0.2972634434700012,0.3015715479850769,0.3015715479850769,0.3005375862121582,0.3005375862121582,0.2870478630065918,0.2870478630065918
[emim]__[Tf2N]__R1336mzz(E)__332.9__0.623,HFC_all,Mreduced,R1336MZZ(E),HFO,EMIM,TF2N,332.9,0.623,0.173,0.46325069665908813,0.02130743678996786,0.29025069665908815,0.42728710174560547,0.42728710174560547,0.47805532813072205,0.47805532813072205,0.4788967967033386,0.4788967967033386,0.4706694185733795,0.4706694185733795,0.461344838142395,0.461344838142395
[emim]__[Tf2N]__R1336mzz(E)__342.9__0.453,HFC_all,Mreduced,R1336MZZ(E),HFO,EMIM,TF2N,342.9,0.453,0.093,0.2778605580329895,0.0077283457256949505,0.18486055803298948,0.2679567337036133,0.2679567337036133,0.28124281764030457,0.28124281764030457,0.28322672843933105,0.28322672843933105,0.2855065166950226,0.2855065166950226,0.271369993686676,0.271369993686676
[emim]__[Tf2N]__R1336mzz(E)__342.9__0.8,HFC_all,Mreduced,R1336MZZ(E),HFO,EMIM,TF2N,342.9,0.8,0.173,0.4922133505344391,0.02166991630864402,0.3192133505344391,0.4560706615447998,0.4560706615447998,0.5090155601501465,0.5090155601501465,0.5039287805557251,0.5039287805557251,0.5038811564445496,0.5038811564445496,0.4881705939769745,0.4881705939769745
[emim]__[Tf2N]__R1336mzz(E)__352.8__0.511,HFC_all,Mreduced,R1336MZZ(E),HFO,EMIM,TF2N,352.8,0.511,0.093,0.25756939947605134,0.007265399229779242,0.16456939947605134,0.24946822226047516,0.24946822226047516,0.26011115312576294,0.26011115312576294,0.26107633113861084,0.26107633113861084,0.26649025082588196,0.26649025082588196,0.25070104002952576,0.25070104002952576
[emim]__[Tf2N]__R1336mzz(Z)__293.1__0.05,HFC_all,Mreduced,R1336MZZ(Z),HFO,EMIM,TF2N,293.1,0.05,0.28,0.25346811711788175,0.008446316014506662,0.026531882882118274,0.23975007236003876,0.23975007236003876,0.25690194964408875,0.25690194964408875,0.2590998411178589,0.2590998411178589,0.26042285561561584,0.26042285561561584,0.25116586685180664,0.25116586685180664
[emim]__[Tf2N]__R1336mzz(Z)__293.1__0.06,HFC_all,Mreduced,R1336MZZ(Z),HFO,EMIM,TF2N,293.1,0.06,0.589,0.2807244896888733,0.009364141103149896,0.30827551031112665,0.2662261128425598,0.2662261128425598,0.28515544533729553,0.28515544533729553,0.2865867018699646,0.2865867018699646,0.2890602648258209,0.2890602648258209,0.2765939235687256,0.2765939235687256
[emim]__[Tf2N]__R1336mzz(Z)__303__0.07,HFC_all,Mreduced,R1336MZZ(Z),HFO,EMIM,TF2N,303.0,0.07,0.28,0.23703089952468873,0.006808124102541344,0.0429691004753113,0.22775770723819733,0.22775770723819733,0.23460489511489868,0.23460489511489868,0.24428237974643707,0.24428237974643707,0.24319490790367126,0.24319490790367126,0.23531460762023926,0.23531460762023926
[emim]__[Tf2N]__R1336mzz(Z)__303__0.09,HFC_all,Mreduced,R1336MZZ(Z),HFO,EMIM,TF2N,303.0,0.09,0.589,0.28557191491127015,0.00884183265228912,0.3034280850887298,0.2759491503238678,0.2759491503238678,0.28371989727020264,0.28371989727020264,0.2952147126197815,0.2952147126197815,0.2942988872528076,0.2942988872528076,0.27867692708969116,0.27867692708969116
[emim]__[Tf2N]__R1336mzz(Z)__322.5__0.13,HFC_all,Mreduced,R1336MZZ(Z),HFO,EMIM,TF2N,322.5,0.13,0.28,0.24629534780979156,0.011220474897839852,0.03370465219020846,0.24267922341823578,0.24267922341823578,0.23122844099998474,0.23122844099998474,0.2597693204879761,0.2597693204879761,0.2547476589679718,0.2547476589679718,0.24305209517478943,0.24305209517478943
[emim]__[Tf2N]__R1336mzz(Z)__322.5__0.17,HFC_all,Mreduced,R1336MZZ(Z),HFO,EMIM,TF2N,322.5,0.17,0.589,0.3118338048458099,0.014768458591659426,0.27716619515419005,0.31364673376083374,0.31364673376083374,0.28900158405303955,0.28900158405303955,0.32290124893188477,0.32290124893188477,0.3261858820915222,0.3261858820915222,0.3074335753917694,0.3074335753917694
[emim]__[Tf2N]__R1336mzz(Z)__332.9__0.18,HFC_all,Mreduced,R1336MZZ(Z),HFO,EMIM,TF2N,332.9,0.18,0.28,0.2628481090068817,0.012654295587551522,0.017151890993118313,0.26689958572387695,0.26689958572387695,0.24168190360069275,0.24168190360069275,0.2702644467353821,0.2702644467353821,0.27378296852111816,0.27378296852111816,0.2616116404533386,0.2616116404533386
[emim]__[Tf2N]__R1336mzz(Z)__332.9__0.24,HFC_all,Mreduced,R1336MZZ(Z),HFO,EMIM,TF2N,332.9,0.24,0.589,0.3309106886386871,0.016970330285067222,0.25808931136131286,0.33618319034576416,0.33618319034576416,0.30664417147636414,0.30664417147636414,0.3325936794281006,0.3325936794281006,0.35339799523353577,0.35339799523353577,0.325734406709671,0.325734406709671
[emim]__[Tf2N]__R1336mzz(Z)__342.9__0.24,HFC_all,Mreduced,R1336MZZ(Z),HFO,EMIM,TF2N,342.9,0.24,0.28,0.2731556534767151,0.014348100317320424,0.0068443465232849166,0.27984195947647095,0.27984195947647095,0.25164347887039185,0.25164347887039185,0.27381962537765503,0.27381962537765503,0.2906113564968109,0.2906113564968109,0.2698618471622467,0.2698618471622467
[emim]__[Tf2N]__R1336mzz(Z)__342.9__0.31,HFC_all,Mreduced,R1336MZZ(Z),HFO,EMIM,TF2N,342.9,0.31,0.589,0.33257309198379514,0.016202911782721756,0.2564269080162048,0.3361712694168091,0.3361712694168091,0.31256332993507385,0.31256332993507385,0.3284364938735962,0.3284364938735962,0.35714009404182434,0.35714009404182434,0.32855427265167236,0.32855427265167236
[emim]__[Tf2N]__R1336mzz(Z)__352.8__0.31,HFC_all,Mreduced,R1336MZZ(Z),HFO,EMIM,TF2N,352.8,0.31,0.28,0.27923624515533446,0.014007746265357467,0.0007637548446655651,0.2856377363204956,0.2856377363204956,0.2608388662338257,0.2608388662338257,0.2759678363800049,0.2759678363800049,0.2986633777618408,0.2986633777618408,0.27507340908050537,0.27507340908050537
[emim]__[Tf2N]__R1336mzz(Z)__352.8__0.41,HFC_all,Mreduced,R1336MZZ(Z),HFO,EMIM,TF2N,352.8,0.41,0.589,0.3468078374862671,0.01591799946131709,0.24219216251373288,0.3456292152404785,0.3456292152404785,0.33144864439964294,0.33144864439964294,0.34101808071136475,0.34101808071136475,0.37367919087409973,0.37367919087409973,0.3422640562057495,0.3422640562057495
[bmim]__[Ac]__R1234yf__283.15__0.078,HFC_all,Mreduced,R1234YF,HFO,BMIM,AC,283.15,0.078,0.021,0.011482680588960648,0.0024679939245861146,0.009517319411039353,0.011087942868471146,0.011087942868471146,0.008592396974563599,0.008592396974563599,0.0145794115960598,0.0145794115960598,0.013344161212444305,0.013344161212444305,0.009809490293264389,0.009809490293264389
[bmim]__[Ac]__R1234yf__283.15__0.147,HFC_all,Mreduced,R1234YF,HFO,BMIM,AC,283.15,0.147,0.04,0.03913373798131943,0.003804167412196415,0.0008662620186805706,0.04408929869532585,0.04408929869532585,0.03662002086639404,0.03662002086639404,0.04215962812304497,0.04215962812304497,0.03519439697265625,0.03519439697265625,0.037605345249176025,0.037605345249176025
[bmim]__[Ac]__R1234yf__283.15__0.201,HFC_all,Mreduced,R1234YF,HFO,BMIM,AC,283.15,0.201,0.056,0.06015608981251717,0.005856241816016679,0.004156089812517166,0.06715839356184006,0.06715839356184006,0.05481306463479996,0.05481306463479996,0.06383155286312103,0.06383155286312103,0.05349726974964142,0.05349726974964142,0.061480168253183365,0.061480168253183365
[bmim]__[Ac]__R1234yf__283.15__0.257,HFC_all,Mreduced,R1234YF,HFO,BMIM,AC,283.15,0.257,0.076,0.08259885907173156,0.007394073561499515,0.006598859071731564,0.08927582949399948,0.08927582949399948,0.07750682532787323,0.07750682532787323,0.08740417659282684,0.08740417659282684,0.07216944545507431,0.07216944545507431,0.08663801848888397,0.08663801848888397
[bmim]__[Ac]__R1234yf__283.15__0.31,HFC_all,Mreduced,R1234YF,HFO,BMIM,AC,283.15,0.31,0.095,0.1056253507733345,0.007922091259953268,0.0106253507733345,0.11110099405050278,0.11110099405050278,0.10258495807647705,0.10258495807647705,0.11160753667354584,0.11160753667354584,0.09303217381238937,0.09303217381238937,0.10980109125375748,0.10980109125375748
[bmim]__[Ac]__R1234yf__283.15__0.357,HFC_all,Mreduced,R1234YF,HFO,BMIM,AC,283.15,0.357,0.113,0.1265329509973526,0.006674538584237203,0.013532950997352591,0.13046036660671234,0.13046036660671234,0.12516076862812042,0.12516076862812042,0.1323842853307724,0.1323842853307724,0.11557255685329437,0.11557255685329437,0.12908677756786346,0.12908677756786346
[bmim]__[Ac]__R1234yf__283.15__0.405,HFC_all,Mreduced,R1234YF,HFO,BMIM,AC,283.15,0.405,0.133,0.14889175295829774,0.005187887842248373,0.015891752958297728,0.15003177523612976,0.15003177523612976,0.14859914779663086,0.14859914779663086,0.1546519696712494,0.1546519696712494,0.14052528142929077,0.14052528142929077,0.15065059065818787,0.15065059065818787
[bmim]__[Ac]__R1234yf__293.15__0.081,HFC_all,Mreduced,R1234YF,HFO,BMIM,AC,293.15,0.081,0.019,0.012698057293891906,0.004044479177884035,0.0063019427061080935,0.011309228837490082,0.011309228837490082,0.006311915814876556,0.006311915814876556,0.014510538429021835,0.014510538429021835,0.01659003645181656,0.01659003645181656,0.014768566936254501,0.014768566936254501
[bmim]__[Ac]__R1234yf__293.15__0.156,HFC_all,Mreduced,R1234YF,HFO,BMIM,AC,293.15,0.156,0.034,0.033977072685956955,0.0031566734637704717,2.2927314043047486e-05,0.03615806996822357,0.03615806996822357,0.029832761734724045,0.029832761734724045,0.037153907120227814,0.037153907120227814,0.031486473977565765,0.031486473977565765,0.03525415062904358,0.03525415062904358
[bmim]__[Ac]__R1234yf__293.15__0.214,HFC_all,Mreduced,R1234YF,HFO,BMIM,AC,293.15,0.214,0.047,0.049525081366300586,0.0056320281632838524,0.0025250813663005856,0.05515100061893463,0.05515100061893463,0.04302743449807167,0.04302743449807167,0.05368746817111969,0.05368746817111969,0.04398944973945618,0.04398944973945618,0.051770053803920746,0.051770053803920746
[bmim]__[Ac]__R1234yf__293.15__0.276,HFC_all,Mreduced,R1234YF,HFO,BMIM,AC,293.15,0.276,0.06,0.06591110974550247,0.007638827491583572,0.005911109745502477,0.07321453839540482,0.07321453839540482,0.05672043561935425,0.05672043561935425,0.071830615401268,0.071830615401268,0.05877501517534256,0.05877501517534256,0.06901494413614273,0.06901494413614273
[bmim]__[Ac]__R1234yf__293.15__0.334,HFC_all,Mreduced,R1234YF,HFO,BMIM,AC,293.15,0.334,0.073,0.08259442001581192,0.0077111931472940935,0.009594420015811927,0.0899512991309166,0.0899512991309166,0.07503204792737961,0.07503204792737961,0.08876799792051315,0.08876799792051315,0.07366837561130524,0.07366837561130524,0.08555237948894501,0.08555237948894501
[bmim]__[Ac]__R1234yf__293.15__0.385,HFC_all,Mreduced,R1234YF,HFO,BMIM,AC,293.15,0.385,0.087,0.09854883104562759,0.0073823913480545785,0.011548831045627594,0.1049422174692154,0.1049422174692154,0.0927380919456482,0.0927380919456482,0.10473252832889557,0.10473252832889557,0.0887536033987999,0.0887536033987999,0.10157771408557892,0.10157771408557892
[bmim]__[Ac]__R1234yf__293.15__0.439,HFC_all,Mreduced,R1234YF,HFO,BMIM,AC,293.15,0.439,0.101,0.116400808095932,0.006455219227829643,0.015400808095932,0.12028725445270538,0.12028725445270538,0.1122097447514534,0.1122097447514534,0.12289231270551682,0.12289231270551682,0.10727696120738983,0.10727696120738983,0.1193377673625946,0.1193377673625946
[bmim]__[Ac]__R1234yf__293.15__0.495,HFC_all,Mreduced,R1234YF,HFO,BMIM,AC,293.15,0.495,0.113,0.13680509924888612,0.005067734933359617,0.023805099248886116,0.13717558979988098,0.13717558979988098,0.13494354486465454,0.13494354486465454,0.14286920428276062,0.14286920428276062,0.12942469120025635,0.12942469120025635,0.13961246609687805,0.13961246609687805
[bmim]__[Ac]__R1234yf__293.15__0.551,HFC_all,Mreduced,R1234YF,HFO,BMIM,AC,293.15,0.551,0.129,0.15929652452468873,0.005502620738430404,0.030296524524688728,0.15596400201320648,0.15596400201320648,0.16009098291397095,0.16009098291397095,0.1650507152080536,0.1650507152080536,0.15172624588012695,0.15172624588012695,0.16365067660808563,0.16365067660808563
[bmim]__[Ac]__R1234yf__303.15__0.086,HFC_all,Mreduced,R1234YF,HFO,BMIM,AC,303.15,0.086,0.015,0.014858634769916534,0.005659004715298032,0.00014136523008346537,0.012689553201198578,0.012689553201198578,0.006395068019628525,0.006395068019628525,0.015617258846759796,0.015617258846759796,0.0208994522690773,0.0208994522690773,0.018691841512918472,0.018691841512918472
[bmim]__[Ac]__R1234yf__303.15__0.166,HFC_all,Mreduced,R1234YF,HFO,BMIM,AC,303.15,0.166,0.027,0.0304355226457119,0.004160783521485624,0.0034355226457119005,0.03046566992998123,0.03046566992998123,0.023491062223911285,0.023491062223911285,0.033028215169906616,0.033028215169906616,0.031021248549222946,0.031021248549222946,0.034171417355537415,0.034171417355537415
[bmim]__[Ac]__R1234yf__303.15__0.227,HFC_all,Mreduced,R1234YF,HFO,BMIM,AC,303.15,0.227,0.036,0.0424498438835144,0.006171575669414837,0.006449843883514404,0.04567023366689682,0.04567023366689682,0.0331159345805645,0.0331159345805645,0.047611579298973083,0.047611579298973083,0.03919987007975578,0.03919987007975578,0.046651601791381836,0.046651601791381836
[bmim]__[Ac]__R1234yf__303.15__0.293,HFC_all,Mreduced,R1234YF,HFO,BMIM,AC,303.15,0.293,0.047,0.055425232648849486,0.007395780030680507,0.008425232648849486,0.06078686565160751,0.06078686565160751,0.04476609081029892,0.04476609081029892,0.06204020977020264,0.06204020977020264,0.05077901482582092,0.05077901482582092,0.058753982186317444,0.058753982186317444
[bmim]__[Ac]__R1234yf__303.15__0.355,HFC_all,Mreduced,R1234YF,HFO,BMIM,AC,303.15,0.355,0.058,0.06666013374924659,0.007623681338883282,0.008660133749246589,0.0723487138748169,0.0723487138748169,0.05572475865483284,0.05572475865483284,0.07365506887435913,0.07365506887435913,0.061907753348350525,0.061907753348350525,0.0696643739938736,0.0696643739938736
[bmim]__[Ac]__R1234yf__303.15__0.41,HFC_all,Mreduced,R1234YF,HFO,BMIM,AC,303.15,0.41,0.069,0.07746524214744568,0.007266110272731088,0.008465242147445678,0.08265797793865204,0.08265797793865204,0.06741666793823242,0.06741666793823242,0.0840873271226883,0.0840873271226883,0.0722326785326004,0.0722326785326004,0.08093155920505524,0.08093155920505524
[bmim]__[Ac]__R1234yf__303.15__0.469,HFC_all,Mreduced,R1234YF,HFO,BMIM,AC,303.15,0.469,0.08,0.09130829274654388,0.006526835967901742,0.01130829274654388,0.09524857252836227,0.09524857252836227,0.08396350592374802,0.08396350592374802,0.09764280915260315,0.09764280915260315,0.08452783524990082,0.08452783524990082,0.09515874087810516,0.09515874087810516
[bmim]__[Ac]__R1234yf__303.15__0.53,HFC_all,Mreduced,R1234YF,HFO,BMIM,AC,303.15,0.53,0.088,0.10762821733951569,0.006001024711059709,0.019628217339515697,0.10943663120269775,0.10943663120269775,0.10454888641834259,0.10454888641834259,0.11355409026145935,0.11355409026145935,0.09876827150583267,0.09876827150583267,0.11183320730924606,0.11183320730924606
[bmim]__[Ac]__R1234yf__303.15__0.591,HFC_all,Mreduced,R1234YF,HFO,BMIM,AC,303.15,0.591,0.1,0.12586110234260559,0.005769940753167803,0.02586110234260558,0.1251717507839203,0.1251717507839203,0.12591734528541565,0.12591734528541565,0.13131502270698547,0.13131502270698547,0.11669328808784485,0.11669328808784485,0.1302081048488617,0.1302081048488617
[bmim]__[Ac]__R1234yf__303.15__0.658,HFC_all,Mreduced,R1234YF,HFO,BMIM,AC,303.15,0.658,0.113,0.14737756550312042,0.006498138190005022,0.03437756550312042,0.14475557208061218,0.14475557208061218,0.14944112300872803,0.14944112300872803,0.15168191492557526,0.15168191492557526,0.13737359642982483,0.13737359642982483,0.15363562107086182,0.15363562107086182
[bmim]__[Ac]__R1234yf__313.15__0.09,HFC_all,Mreduced,R1234YF,HFO,BMIM,AC,313.15,0.09,0.012,0.013945423066616058,0.00641578967675981,0.001945423066616058,0.010897260159254074,0.010897260159254074,0.005009375512599945,0.005009375512599945,0.013867367058992386,0.013867367058992386,0.021149151027202606,0.021149151027202606,0.01880396157503128,0.01880396157503128
[bmim]__[Ac]__R1234yf__313.15__0.174,HFC_all,Mreduced,R1234YF,HFO,BMIM,AC,313.15,0.174,0.023,0.026241452246904374,0.004987145625490018,0.0032414522469043743,0.025890372693538666,0.025890372693538666,0.018021926283836365,0.018021926283836365,0.027294117957353592,0.027294117957353592,0.028897061944007874,0.028897061944007874,0.03110378235578537,0.03110378235578537
[bmim]__[Ac]__R1234yf__313.15__0.239,HFC_all,Mreduced,R1234YF,HFO,BMIM,AC,313.15,0.239,0.03,0.035626231133937834,0.005954893122064473,0.005626231133937835,0.036510150879621506,0.036510150879621506,0.025498203933238983,0.025498203933238983,0.040266748517751694,0.040266748517751694,0.036145634949207306,0.036145634949207306,0.03971041738986969,0.03971041738986969
[bmim]__[Ac]__R1234yf__313.15__0.309,HFC_all,Mreduced,R1234YF,HFO,BMIM,AC,313.15,0.309,0.039,0.04633982852101326,0.007110608224209994,0.00733982852101326,0.048909030854701996,0.048909030854701996,0.034594301134347916,0.034594301134347916,0.0535794161260128,0.0535794161260128,0.046004801988601685,0.046004801988601685,0.0486115925014019,0.0486115925014019
[bmim]__[Ac]__R1234yf__313.15__0.375,HFC_all,Mreduced,R1234YF,HFO,BMIM,AC,313.15,0.375,0.047,0.05516849607229233,0.00681205843254011,0.00816849607229233,0.058487169444561005,0.058487169444561005,0.04399137943983078,0.04399137943983078,0.06187231093645096,0.06187231093645096,0.05431974679231644,0.05431974679231644,0.05717187374830246,0.05717187374830246
[bmim]__[Ac]__R1234yf__313.15__0.433,HFC_all,Mreduced,R1234YF,HFO,BMIM,AC,313.15,0.433,0.056,0.06261229142546654,0.006821349308561799,0.006612291425466536,0.06586818397045135,0.06586818397045135,0.051527950912714005,0.051527950912714005,0.06924087554216385,0.06924087554216385,0.06121199578046799,0.06121199578046799,0.06521245092153549,0.06521245092153549
[bmim]__[Ac]__R1234yf__313.15__0.496,HFC_all,Mreduced,R1234YF,HFO,BMIM,AC,313.15,0.496,0.065,0.0720556229352951,0.006657686148934842,0.007055622935295103,0.07506014406681061,0.07506014406681061,0.06186927855014801,0.06186927855014801,0.07842831313610077,0.07842831313610077,0.0690271258354187,0.0690271258354187,0.07589325308799744,0.07589325308799744
[bmim]__[Ac]__R1234yf__313.15__0.561,HFC_all,Mreduced,R1234YF,HFO,BMIM,AC,313.15,0.561,0.071,0.0838926300406456,0.005592065920129935,0.0128926300406456,0.08591853082180023,0.08591853082180023,0.07763172686100006,0.07763172686100006,0.08942002058029175,0.08942002058029175,0.07822675257921219,0.07822675257921219,0.08826611936092377,0.08826611936092377
[bmim]__[Ac]__R1234yf__313.15__0.627,HFC_all,Mreduced,R1234YF,HFO,BMIM,AC,313.15,0.627,0.08,0.09774312376976013,0.006346003382390894,0.01774312376976013,0.09835962951183319,0.09835962951183319,0.09500467777252197,0.09500467777252197,0.10402185469865799,0.10402185469865799,0.08841400593519211,0.08841400593519211,0.1029154509305954,0.1029154509305954
[bmim]__[Ac]__R1234yf__313.15__0.699,HFC_all,Mreduced,R1234YF,HFO,BMIM,AC,313.15,0.699,0.091,0.11489883214235305,0.0073055679517388,0.023898832142353055,0.11463873088359833,0.11463873088359833,0.11558011174201965,0.11558011174201965,0.12042084336280823,0.12042084336280823,0.10284978896379471,0.10284978896379471,0.12100468575954437,0.12100468575954437
[bmim]__[Ac]__R1234yf__323.15__0.095,HFC_all,Mreduced,R1234YF,HFO,BMIM,AC,323.15,0.095,0.01,0.011818157136440277,0.006429949089723714,0.0018181571364402765,0.009598057717084885,0.009598057717084885,0.0024566389620304108,0.0024566389620304108,0.011641018092632294,0.011641018092632294,0.019047453999519348,0.019047453999519348,0.016347616910934448,0.016347616910934448
[bmim]__[Ac]__R1234yf__323.15__0.182,HFC_all,Mreduced,R1234YF,HFO,BMIM,AC,323.15,0.182,0.018,0.021738944202661516,0.005023185063770224,0.003738944202661517,0.02147120237350464,0.02147120237350464,0.013672426342964172,0.013672426342964172,0.021738775074481964,0.021738775074481964,0.025178901851177216,0.025178901851177216,0.02663341537117958,0.02663341537117958
[bmim]__[Ac]__R1234yf__323.15__0.25,HFC_all,Mreduced,R1234YF,HFO,BMIM,AC,323.15,0.25,0.025,0.029062045365571977,0.005220500606525414,0.004062045365571976,0.029548034071922302,0.029548034071922302,0.01991526037454605,0.01991526037454605,0.03213277831673622,0.03213277831673622,0.031682662665843964,0.031682662665843964,0.03203149139881134,0.03203149139881134
[bmim]__[Ac]__R1234yf__323.15__0.324,HFC_all,Mreduced,R1234YF,HFO,BMIM,AC,323.15,0.324,0.031,0.03735385686159134,0.006291933047366974,0.006353856861591338,0.03823127970099449,0.03823127970099449,0.026623673737049103,0.026623673737049103,0.043184105306863785,0.043184105306863785,0.039792247116565704,0.039792247116565704,0.03893797844648361,0.03893797844648361
[bmim]__[Ac]__R1234yf__323.15__0.393,HFC_all,Mreduced,R1234YF,HFO,BMIM,AC,323.15,0.393,0.039,0.044923553615808486,0.0063855508021791905,0.005923553615808486,0.04602547362446785,0.04602547362446785,0.0342419408261776,0.0342419408261776,0.051292963325977325,0.051292963325977325,0.04754545912146568,0.04754545912146568,0.04551193118095398,0.04551193118095398
[bmim]__[Ac]__R1234yf__323.15__0.456,HFC_all,Mreduced,R1234YF,HFO,BMIM,AC,323.15,0.456,0.045,0.05166472941637039,0.0065354986275177026,0.006664729416370391,0.052230335772037506,0.052230335772037506,0.04112169146537781,0.04112169146537781,0.05914311856031418,0.05914311856031418,0.053318291902542114,0.053318291902542114,0.05251020938158035,0.05251020938158035
[bmim]__[Ac]__R1234yf__323.15__0.522,HFC_all,Mreduced,R1234YF,HFO,BMIM,AC,323.15,0.522,0.052,0.05872431248426437,0.006126688762225662,0.006724312484264375,0.05947639420628548,0.05947639420628548,0.0490267239511013,0.0490267239511013,0.06598537415266037,0.06598537415266037,0.058731455355882645,0.058731455355882645,0.060401614755392075,0.060401614755392075
[bmim]__[Ac]__R1234yf__323.15__0.59,HFC_all,Mreduced,R1234YF,HFO,BMIM,AC,323.15,0.59,0.059,0.06679633781313896,0.005554583387274594,0.007796337813138959,0.06731253862380981,0.06731253862380981,0.05913017317652702,0.05913017317652702,0.07373327016830444,0.07373327016830444,0.06405387818813324,0.06405387818813324,0.06975182890892029,0.06975182890892029
[bmim]__[Ac]__R1234yf__323.15__0.661,HFC_all,Mreduced,R1234YF,HFO,BMIM,AC,323.15,0.661,0.067,0.07658714056015015,0.00523166840394071,0.009587140560150142,0.07654748111963272,0.07654748111963272,0.07231996208429337,0.07231996208429337,0.08277294784784317,0.08277294784784317,0.0705859586596489,0.0705859586596489,0.08070935308933258,0.08070935308933258
[bmim]__[Ac]__R1234yf__323.15__0.738,HFC_all,Mreduced,R1234YF,HFO,BMIM,AC,323.15,0.738,0.074,0.08977731168270112,0.006161641128618122,0.01577731168270112,0.08891008794307709,0.08891008794307709,0.08969955146312714,0.08969955146312714,0.09545952081680298,0.09545952081680298,0.08007395267486572,0.08007395267486572,0.09474344551563263,0.09474344551563263
[bmim]__[Ac]__R1234yf__333.15__0.099,HFC_all,Mreduced,R1234YF,HFO,BMIM,AC,333.15,0.099,0.008,0.009171909093856812,0.006126945191410242,0.0011719090938568117,0.007472999393939972,0.007472999393939972,-0.0014681443572044373,0.0,0.009068023413419724,0.009068023413419724,0.015866480767726898,0.015866480767726898,0.013452041894197464,0.013452041894197464
[bmim]__[Ac]__R1234yf__333.15__0.189,HFC_all,Mreduced,R1234YF,HFO,BMIM,AC,333.15,0.189,0.015,0.01774403899908066,0.004946760863934033,0.002744038999080659,0.01764751970767975,0.01764751970767975,0.009930931031703949,0.009930931031703949,0.017205797135829926,0.017205797135829926,0.021314196288585663,0.021314196288585663,0.022621750831604004,0.022621750831604004
[bmim]__[Ac]__R1234yf__333.15__0.261,HFC_all,Mreduced,R1234YF,HFO,BMIM,AC,333.15,0.261,0.021,0.023682127892971038,0.004599840312408751,0.002682127892971037,0.024553660303354263,0.024553660303354263,0.015689820051193237,0.015689820051193237,0.024645604193210602,0.024645604193210602,0.026998598128557205,0.026998598128557205,0.026522956788539886,0.026522956788539886
[bmim]__[Ac]__R1234yf__333.15__0.338,HFC_all,Mreduced,R1234YF,HFO,BMIM,AC,333.15,0.338,0.027,0.030220571160316467,0.005175801385493099,0.003220571160316467,0.030938010662794113,0.030938010662794113,0.021195806562900543,0.021195806562900543,0.03359845280647278,0.03359845280647278,0.03358939290046692,0.03358939290046692,0.03178119286894798,0.03178119286894798
[bmim]__[Ac]__R1234yf__333.15__0.41,HFC_all,Mreduced,R1234YF,HFO,BMIM,AC,333.15,0.41,0.033,0.03693840876221657,0.005725199414582352,0.003938408762216565,0.03702199459075928,0.03702199459075928,0.02737845480442047,0.02737845480442047,0.041832685470581055,0.041832685470581055,0.04085121303796768,0.04085121303796768,0.037607695907354355,0.037607695907354355
[bmim]__[Ac]__R1234yf__333.15__0.477,HFC_all,Mreduced,R1234YF,HFO,BMIM,AC,333.15,0.477,0.038,0.043048594146966934,0.006180045458187217,0.005048594146966935,0.042280420660972595,0.042280420660972595,0.033281296491622925,0.033281296491622925,0.04965120926499367,0.04965120926499367,0.04666630178689957,0.04666630178689957,0.04336374253034592,0.04336374253034592
[bmim]__[Ac]__R1234yf__333.15__0.546,HFC_all,Mreduced,R1234YF,HFO,BMIM,AC,333.15,0.546,0.044,0.048638447374105456,0.005645273656835903,0.004638447374105459,0.047890447080135345,0.047890447080135345,0.03992285579442978,0.03992285579442978,0.05532054975628853,0.05532054975628853,0.05113295465707779,0.05113295465707779,0.048925429582595825,0.048925429582595825
[bmim]__[Ac]__R1234yf__333.15__0.618,HFC_all,Mreduced,R1234YF,HFO,BMIM,AC,333.15,0.618,0.05,0.05492902547121048,0.004642746115634822,0.004929025471210477,0.054325737059116364,0.054325737059116364,0.04845063388347626,0.04845063388347626,0.06148497387766838,0.06148497387766838,0.05457213521003723,0.05457213521003723,0.055811647325754166,0.055811647325754166
[bmim]__[Ac]__R1234yf__333.15__0.693,HFC_all,Mreduced,R1234YF,HFO,BMIM,AC,333.15,0.693,0.057,0.062211310118436815,0.004191010933624375,0.005211310118436813,0.061686303466558456,0.061686303466558456,0.058099716901779175,0.058099716901779175,0.06825527548789978,0.06825527548789978,0.05871857702732086,0.05871857702732086,0.0642966777086258,0.0642966777086258
[bmim]__[Ac]__R1234yf__333.15__0.775,HFC_all,Mreduced,R1234YF,HFO,BMIM,AC,333.15,0.775,0.063,0.07218182384967804,0.004681308802156883,0.009181823849678042,0.07107406854629517,0.07107406854629517,0.07172274589538574,0.07172274589538574,0.07728259265422821,0.07728259265422821,0.06522069871425629,0.06522069871425629,0.07560901343822479,0.07560901343822479
[bmim]__[Ac]__R1234yf__343.15__0.103,HFC_all,Mreduced,R1234YF,HFO,BMIM,AC,343.15,0.103,0.007,0.007151550054550171,0.004995801843266775,0.0001515500545501711,0.005436308681964874,0.005436308681964874,-0.005613304674625397,0.0,0.006540484726428986,0.006540484726428986,0.012368567287921906,0.012368567287921906,0.011412389576435089,0.011412389576435089
[bmim]__[Ac]__R1234yf__343.15__0.197,HFC_all,Mreduced,R1234YF,HFO,BMIM,AC,343.15,0.197,0.013,0.014802786707878112,0.005376829657162754,0.0018027867078781127,0.014828775078058243,0.014828775078058243,0.006177064031362534,0.006177064031362534,0.014480099081993103,0.014480099081993103,0.01844898611307144,0.01844898611307144,0.020079009234905243,0.020079009234905243
[bmim]__[Ac]__R1234yf__343.15__0.271,HFC_all,Mreduced,R1234YF,HFO,BMIM,AC,343.15,0.271,0.018,0.019435153901576997,0.004342045652586595,0.0014351539015769986,0.02018173784017563,0.02018173784017563,0.012129787355661392,0.012129787355661392,0.01944851130247116,0.01944851130247116,0.022889800369739532,0.022889800369739532,0.022525932639837265,0.022525932639837265
[bmim]__[Ac]__R1234yf__343.15__0.351,HFC_all,Mreduced,R1234YF,HFO,BMIM,AC,343.15,0.351,0.023,0.02483772933483124,0.00475021784877153,0.0018377293348312389,0.025081701576709747,0.025081701576709747,0.016703836619853973,0.016703836619853973,0.02708197385072708,0.02708197385072708,0.02889852598309517,0.02889852598309517,0.026422608643770218,0.026422608643770218
[bmim]__[Ac]__R1234yf__343.15__0.427,HFC_all,Mreduced,R1234YF,HFO,BMIM,AC,343.15,0.427,0.028,0.030950435250997544,0.005195255465867647,0.0029504352509975434,0.03105572611093521,0.03105572611093521,0.022319674491882324,0.022319674491882324,0.034603189677000046,0.034603189677000046,0.03541747108101845,0.03541747108101845,0.03135611489415169,0.03135611489415169
[bmim]__[Ac]__R1234yf__343.15__0.497,HFC_all,Mreduced,R1234YF,HFO,BMIM,AC,343.15,0.497,0.033,0.03630600050091744,0.00564497469984586,0.003306000500917436,0.03570660203695297,0.03570660203695297,0.027271363884210587,0.027271363884210587,0.041686877608299255,0.041686877608299255,0.04036655277013779,0.04036655277013779,0.03649860620498657,0.03649860620498657
[bmim]__[Ac]__R1234yf__343.15__0.57,HFC_all,Mreduced,R1234YF,HFO,BMIM,AC,343.15,0.57,0.038,0.04128124192357063,0.004943078659339969,0.003281241923570634,0.04051128774881363,0.04051128774881363,0.0335979238152504,0.0335979238152504,0.04686949402093887,0.04686949402093887,0.043892133980989456,0.043892133980989456,0.04153537005186081,0.04153537005186081
[bmim]__[Ac]__R1234yf__343.15__0.646,HFC_all,Mreduced,R1234YF,HFO,BMIM,AC,343.15,0.646,0.042,0.04672328755259514,0.0037564972217795306,0.004723287552595136,0.04585406556725502,0.04585406556725502,0.04146318882703781,0.04146318882703781,0.05196408927440643,0.05196408927440643,0.047450534999370575,0.047450534999370575,0.04688455909490585,0.04688455909490585
[bmim]__[Ac]__R1234yf__343.15__0.724,HFC_all,Mreduced,R1234YF,HFO,BMIM,AC,343.15,0.724,0.049,0.05276541784405708,0.003128449532344986,0.0037654178440570812,0.05210950970649719,0.05210950970649719,0.04902569577097893,0.04902569577097893,0.057527512311935425,0.057527512311935425,0.05158510059118271,0.05158510059118271,0.05357927083969116,0.05357927083969116
[bmim]__[Ac]__R1234yf__343.15__0.811,HFC_all,Mreduced,R1234YF,HFO,BMIM,AC,343.15,0.811,0.054,0.060686005651950835,0.0031250509480205135,0.006686005651950835,0.05972447618842125,0.05972447618842125,0.058850567787885666,0.058850567787885666,0.06521730124950409,0.06521730124950409,0.05729556828737259,0.05729556828737259,0.06234211474657059,0.06234211474657059
[bmim]__[PF6]__R1234yf__283.15__0.046,HFC_all,Mreduced,R1234YF,HFO,BMIM,PF6,283.15,0.046,0.0138,0.0036856070160865783,0.0025959500745655695,0.010114392983913421,0.003471486270427704,0.003471486270427704,0.002757042646408081,0.002757042646408081,0.00673530250787735,0.00673530250787735,0.005464203655719757,0.005464203655719757,-0.00032088905572891235,0.0
[bmim]__[PF6]__R1234yf__283.15__0.0923,HFC_all,Mreduced,R1234YF,HFO,BMIM,PF6,283.15,0.0923,0.0281,0.024279104173183443,0.004306790933803119,0.0038208958268165574,0.02633972465991974,0.02633972465991974,0.02551625296473503,0.02551625296473503,0.027457524091005325,0.027457524091005325,0.025362133979797363,0.025362133979797363,0.016719885170459747,0.016719885170459747
[bmim]__[PF6]__R1234yf__283.15__0.1331,HFC_all,Mreduced,R1234YF,HFO,BMIM,PF6,283.15,0.1331,0.0409,0.042925626039505005,0.004293121989674205,0.002025626039505006,0.0467904731631279,0.0467904731631279,0.044166479259729385,0.044166479259729385,0.0442085862159729,0.0442085862159729,0.04392613470554352,0.04392613470554352,0.03553645685315132,0.03553645685315132
[bmim]__[PF6]__R1234yf__283.15__0.1731,HFC_all,Mreduced,R1234YF,HFO,BMIM,PF6,283.15,0.1731,0.0541,0.06279211863875389,0.003763117524546298,0.008692118638753889,0.06773920357227325,0.06773920357227325,0.0638372004032135,0.0638372004032135,0.0631660744547844,0.0631660744547844,0.06191933527588844,0.06191933527588844,0.05729877948760986,0.05729877948760986
[bmim]__[PF6]__R1234yf__283.15__0.2116,HFC_all,Mreduced,R1234YF,HFO,BMIM,PF6,283.15,0.2116,0.067,0.08340382725000381,0.003822696692135553,0.016403827250003805,0.08971329033374786,0.08971329033374786,0.08302322030067444,0.08302322030067444,0.0832953006029129,0.0832953006029129,0.07961390167474747,0.07961390167474747,0.0813734233379364,0.0813734233379364
[bmim]__[PF6]__R1234yf__283.15__0.2448,HFC_all,Mreduced,R1234YF,HFO,BMIM,PF6,283.15,0.2448,0.0798,0.10235093533992767,0.0035278946779259248,0.022550935339927677,0.1069755107164383,0.1069755107164383,0.10155653208494186,0.10155653208494186,0.10297288745641708,0.10297288745641708,0.09716946631669998,0.09716946631669998,0.10308028012514114,0.10308028012514114
[bmim]__[PF6]__R1234yf__283.15__0.2909,HFC_all,Mreduced,R1234YF,HFO,BMIM,PF6,283.15,0.2909,0.0954,0.12923372089862822,0.00275678312056336,0.033833720898628225,0.13001172244548798,0.13001172244548798,0.1319778859615326,0.1319778859615326,0.12923844158649445,0.12923844158649445,0.12463794648647308,0.12463794648647308,0.13030260801315308,0.13030260801315308
[bmim]__[PF6]__R1234yf__293.15__0.055,HFC_all,Mreduced,R1234YF,HFO,BMIM,PF6,293.15,0.055,0.0126,0.009548663347959518,0.003134517468696301,0.0030513366520404824,0.00737304612994194,0.00737304612994194,0.005479447543621063,0.005479447543621063,0.01293228566646576,0.01293228566646576,0.012089855968952179,0.012089855968952179,0.00986868143081665,0.00986868143081665
[bmim]__[PF6]__R1234yf__293.15__0.1091,HFC_all,Mreduced,R1234YF,HFO,BMIM,PF6,293.15,0.1091,0.0248,0.02659437507390976,0.001959917872475167,0.001794375073909761,0.026315823197364807,0.026315823197364807,0.026846013963222504,0.026846013963222504,0.027658775448799133,0.027658775448799133,0.028678808361291885,0.028678808361291885,0.023472454398870468,0.023472454398870468
[bmim]__[PF6]__R1234yf__293.15__0.1568,HFC_all,Mreduced,R1234YF,HFO,BMIM,PF6,293.15,0.1568,0.0358,0.04197273701429367,0.0028630420412074395,0.006172737014293675,0.04509662836790085,0.04509662836790085,0.04326245188713074,0.04326245188713074,0.042745962738990784,0.042745962738990784,0.0412919744849205,0.0412919744849205,0.03746666759252548,0.03746666759252548
[bmim]__[PF6]__R1234yf__293.15__0.207,HFC_all,Mreduced,R1234YF,HFO,BMIM,PF6,293.15,0.207,0.048,0.05844626128673554,0.002685903758759907,0.010446261286735536,0.06285549700260162,0.06285549700260162,0.05733129382133484,0.05733129382133484,0.0590844489634037,0.0590844489634037,0.05635272338986397,0.05635272338986397,0.05660734325647354,0.05660734325647354
[bmim]__[PF6]__R1234yf__293.15__0.2531,HFC_all,Mreduced,R1234YF,HFO,BMIM,PF6,293.15,0.2531,0.0601,0.07516223639249801,0.003626463269111182,0.015062236392498013,0.08017467707395554,0.08017467707395554,0.0717533677816391,0.0717533677816391,0.07725927233695984,0.07725927233695984,0.0717928558588028,0.0717928558588028,0.07483100891113281,0.07483100891113281
[bmim]__[PF6]__R1234yf__293.15__0.2997,HFC_all,Mreduced,R1234YF,HFO,BMIM,PF6,293.15,0.2997,0.0722,0.09347472488880157,0.003782985695613103,0.02127472488880157,0.09854453057050705,0.09854453057050705,0.09084735810756683,0.09084735810756683,0.09542910009622574,0.09542910009622574,0.08891492336988449,0.08891492336988449,0.09363771229982376,0.09363771229982376
[bmim]__[PF6]__R1234yf__293.15__0.3341,HFC_all,Mreduced,R1234YF,HFO,BMIM,PF6,293.15,0.3341,0.0831,0.10699649751186371,0.002823274739108674,0.02389649751186372,0.11083032190799713,0.11083032190799713,0.1064252108335495,0.1064252108335495,0.10855066031217575,0.10855066031217575,0.10339583456516266,0.10339583456516266,0.1057804599404335,0.1057804599404335
[bmim]__[PF6]__R1234yf__303.15__0.061,HFC_all,Mreduced,R1234YF,HFO,BMIM,PF6,303.15,0.061,0.0112,0.014270898699760438,0.005408366087401688,0.003070898699760438,0.010656196624040604,0.010656196624040604,0.006692290306091309,0.006692290306091309,0.016763266175985336,0.016763266175985336,0.019724823534488678,0.019724823534488678,0.01751791685819626,0.01751791685819626
[bmim]__[PF6]__R1234yf__303.15__0.1183,HFC_all,Mreduced,R1234YF,HFO,BMIM,PF6,303.15,0.1183,0.022,0.027897509187459944,0.0031490892809760687,0.005897509187459946,0.02646927535533905,0.02646927535533905,0.024418212473392487,0.024418212473392487,0.027570322155952454,0.027570322155952454,0.03293494135141373,0.03293494135141373,0.02809479460120201,0.02809479460120201
[bmim]__[PF6]__R1234yf__303.15__0.1685,HFC_all,Mreduced,R1234YF,HFO,BMIM,PF6,303.15,0.1685,0.0319,0.03808597847819328,0.0013237250542771548,0.006185978478193285,0.037729449570178986,0.037729449570178986,0.036065686494112015,0.036065686494112015,0.038116566836833954,0.038116566836833954,0.039412327110767365,0.039412327110767365,0.0391058623790741,0.0391058623790741
[bmim]__[PF6]__R1234yf__303.15__0.2188,HFC_all,Mreduced,R1234YF,HFO,BMIM,PF6,303.15,0.2188,0.0412,0.04894235879182816,0.0018968144949315204,0.007742358791828156,0.050783850252628326,0.050783850252628326,0.0460502989590168,0.0460502989590168,0.05046195909380913,0.05046195909380913,0.04837819188833237,0.04837819188833237,0.049037493765354156,0.049037493765354156
[bmim]__[PF6]__R1234yf__303.15__0.2677,HFC_all,Mreduced,R1234YF,HFO,BMIM,PF6,303.15,0.2677,0.0495,0.061269742995500566,0.0034746379122316618,0.011769742995500564,0.06472977250814438,0.06472977250814438,0.05645420774817467,0.05645420774817467,0.06431024521589279,0.06431024521589279,0.059316616505384445,0.059316616505384445,0.06153787299990654,0.06153787299990654
[bmim]__[PF6]__R1234yf__303.15__0.3178,HFC_all,Mreduced,R1234YF,HFO,BMIM,PF6,303.15,0.3178,0.0585,0.07423378229141235,0.003661110246095877,0.015733782291412347,0.0783703625202179,0.0783703625202179,0.06934770941734314,0.06934770941734314,0.07721856981515884,0.07721856981515884,0.07233425229787827,0.07233425229787827,0.07389801740646362,0.07389801740646362
[bmim]__[PF6]__R1234yf__303.15__0.3653,HFC_all,Mreduced,R1234YF,HFO,BMIM,PF6,303.15,0.3653,0.0681,0.08682275265455246,0.0034220817196413565,0.018722752654552463,0.09135860204696655,0.09135860204696655,0.0828087106347084,0.0828087106347084,0.08904534578323364,0.08904534578323364,0.08459898829460144,0.08459898829460144,0.08630211651325226,0.08630211651325226
[bmim]__[PF6]__R1234yf__313.15__0.0648,HFC_all,Mreduced,R1234YF,HFO,BMIM,PF6,313.15,0.0648,0.0098,0.015595924854278565,0.006422135240132563,0.0057959248542785655,0.011983506381511688,0.011983506381511688,0.006668560206890106,0.006668560206890106,0.016669809818267822,0.016669809818267822,0.02296307682991028,0.02296307682991028,0.019694671034812927,0.019694671034812927
[bmim]__[PF6]__R1234yf__313.15__0.125,HFC_all,Mreduced,R1234YF,HFO,BMIM,PF6,313.15,0.125,0.0185,0.026761718094348907,0.004758587790390114,0.008261718094348908,0.024738498032093048,0.024738498032093048,0.021011941134929657,0.021011941134929657,0.025212988257408142,0.025212988257408142,0.0333690419793129,0.0333690419793129,0.029476121068000793,0.029476121068000793
[bmim]__[PF6]__R1234yf__313.15__0.1769,HFC_all,Mreduced,R1234YF,HFO,BMIM,PF6,313.15,0.1769,0.0265,0.033768678456544875,0.0035827140213788348,0.0072686784565448755,0.03212608024477959,0.03212608024477959,0.029283612966537476,0.029283612966537476,0.03271959722042084,0.03271959722042084,0.03827247768640518,0.03827247768640518,0.0364416241645813,0.0364416241645813
[bmim]__[PF6]__R1234yf__313.15__0.23,HFC_all,Mreduced,R1234YF,HFO,BMIM,PF6,313.15,0.23,0.0342,0.04182048663496971,0.002769505220475527,0.0076204866349697115,0.041260868310928345,0.041260868310928345,0.03723638877272606,0.03723638877272606,0.043003149330616,0.043003149330616,0.04403537139296532,0.04403537139296532,0.04356665536761284,0.04356665536761284
[bmim]__[PF6]__R1234yf__313.15__0.2816,HFC_all,Mreduced,R1234YF,HFO,BMIM,PF6,313.15,0.2816,0.0411,0.051144345104694365,0.003105746836254107,0.010044345104694367,0.052087731659412384,0.052087731659412384,0.0457908995449543,0.0457908995449543,0.0536716990172863,0.0536716990172863,0.05274656414985657,0.05274656414985657,0.05142483115196228,0.05142483115196228
[bmim]__[PF6]__R1234yf__313.15__0.3343,HFC_all,Mreduced,R1234YF,HFO,BMIM,PF6,313.15,0.3343,0.0489,0.06124964207410812,0.003567438473659552,0.012349642074108123,0.06331562250852585,0.06331562250852585,0.05543722212314606,0.05543722212314606,0.06462778896093369,0.06462778896093369,0.062262725085020065,0.062262725085020065,0.06060485169291496,0.06060485169291496
[bmim]__[PF6]__R1234yf__313.15__0.3848,HFC_all,Mreduced,R1234YF,HFO,BMIM,PF6,313.15,0.3848,0.057,0.07052791714668274,0.003711136854266406,0.013527917146682743,0.07331745326519012,0.07331745326519012,0.06448642909526825,0.06448642909526825,0.07341022044420242,0.07341022044420242,0.07181570678949356,0.07181570678949356,0.06960977613925934,0.06960977613925934
[bmim]__[PF6]__R1234yf__323.15__0.0703,HFC_all,Mreduced,R1234YF,HFO,BMIM,PF6,323.15,0.0703,0.0086,0.014378292858600617,0.006799825333081653,0.005778292858600617,0.011580206453800201,0.011580206453800201,0.004402197897434235,0.004402197897434235,0.015213079750537872,0.015213079750537872,0.02202538400888443,0.02202538400888443,0.018670596182346344,0.018670596182346344
[bmim]__[PF6]__R1234yf__323.15__0.1266,HFC_all,Mreduced,R1234YF,HFO,BMIM,PF6,323.15,0.1266,0.0156,0.023741742968559264,0.005447465770007602,0.008141742968559264,0.022273432463407516,0.022273432463407516,0.0163724347949028,0.0163724347949028,0.022132888436317444,0.022132888436317444,0.03055935725569725,0.03055935725569725,0.027370601892471313,0.027370601892471313
[bmim]__[PF6]__R1234yf__323.15__0.1849,HFC_all,Mreduced,R1234YF,HFO,BMIM,PF6,323.15,0.1849,0.0225,0.029594859480857848,0.004267387373771413,0.0070948594808578486,0.02798144519329071,0.02798144519329071,0.024100203067064285,0.024100203067064285,0.028217174112796783,0.028217174112796783,0.034873589873313904,0.034873589873313904,0.03280188515782356,0.03280188515782356
[bmim]__[PF6]__R1234yf__323.15__0.2406,HFC_all,Mreduced,R1234YF,HFO,BMIM,PF6,323.15,0.2406,0.029,0.03555314913392067,0.0035093302739758344,0.006553149133920671,0.03471767157316208,0.03471767157316208,0.030241791158914566,0.030241791158914566,0.0359116792678833,0.0359116792678833,0.039764925837516785,0.039764925837516785,0.03712967783212662,0.03712967783212662
[bmim]__[PF6]__R1234yf__323.15__0.2948,HFC_all,Mreduced,R1234YF,HFO,BMIM,PF6,323.15,0.2948,0.0349,0.04293150380253792,0.003531702886224429,0.00803150380253792,0.04270128905773163,0.04270128905773163,0.037243980914354324,0.037243980914354324,0.045296572148799896,0.045296572148799896,0.04637914150953293,0.04637914150953293,0.04303653538227081,0.04303653538227081
[bmim]__[PF6]__R1234yf__323.15__0.3501,HFC_all,Mreduced,R1234YF,HFO,BMIM,PF6,323.15,0.3501,0.0415,0.05104970782995224,0.0037883459216466924,0.009549707829952236,0.05129418149590492,0.05129418149590492,0.04542021080851555,0.04542021080851555,0.05419172719120979,0.05419172719120979,0.05474681034684181,0.05474681034684181,0.049595609307289124,0.049595609307289124
[bmim]__[PF6]__R1234yf__323.15__0.4034,HFC_all,Mreduced,R1234YF,HFO,BMIM,PF6,323.15,0.4034,0.0481,0.05879165753722191,0.003992621092351095,0.010691657537221913,0.059352923184633255,0.059352923184633255,0.05276178568601608,0.05276178568601608,0.061626214534044266,0.061626214534044266,0.06290026754140854,0.06290026754140854,0.0573170967400074,0.0573170967400074
[bmim]__[PF6]__R1234yf__333.15__0.0731,HFC_all,Mreduced,R1234YF,HFO,BMIM,PF6,333.15,0.0731,0.0074,0.01142282858490944,0.0071163549124645935,0.0040228285849094395,0.009261161088943481,0.009261161088943481,0.0005292333662509918,0.0005292333662509918,0.012259036302566528,0.012259036302566528,0.018924281001091003,0.018924281001091003,0.01614043116569519,0.01614043116569519
[bmim]__[PF6]__R1234yf__333.15__0.1318,HFC_all,Mreduced,R1234YF,HFO,BMIM,PF6,333.15,0.1318,0.0133,0.020665114372968675,0.0057441469154057906,0.007365114372968676,0.020233985036611557,0.020233985036611557,0.012209251523017883,0.012209251523017883,0.01901761069893837,0.01901761069893837,0.02695494145154953,0.02695494145154953,0.02490978315472603,0.02490978315472603
[bmim]__[PF6]__R1234yf__333.15__0.1926,HFC_all,Mreduced,R1234YF,HFO,BMIM,PF6,333.15,0.1926,0.0194,0.025812511146068574,0.004398650248850864,0.006412511146068573,0.024352911859750748,0.024352911859750748,0.019754670560359955,0.019754670560359955,0.02472507208585739,0.02472507208585739,0.030539296567440033,0.030539296567440033,0.029690604656934738,0.029690604656934738
[bmim]__[PF6]__R1234yf__333.15__0.2508,HFC_all,Mreduced,R1234YF,HFO,BMIM,PF6,333.15,0.2508,0.0246,0.030190172791481017,0.0035635752447602817,0.005590172791481017,0.029255427420139313,0.029255427420139313,0.025208167731761932,0.025208167731761932,0.029567398130893707,0.029567398130893707,0.034750595688819885,0.034750595688819885,0.03216927498579025,0.03216927498579025
[bmim]__[PF6]__R1234yf__333.15__0.307,HFC_all,Mreduced,R1234YF,HFO,BMIM,PF6,333.15,0.307,0.0304,0.035963018983602525,0.0032513607540193656,0.005563018983602525,0.03561998903751373,0.03561998903751373,0.031023062765598297,0.031023062765598297,0.03677058964967728,0.03677058964967728,0.04008456692099571,0.04008456692099571,0.0363168865442276,0.0363168865442276
[bmim]__[PF6]__R1234yf__333.15__0.3651,HFC_all,Mreduced,R1234YF,HFO,BMIM,PF6,333.15,0.3651,0.0362,0.04307030439376831,0.0038872968325245213,0.00687030439376831,0.04243035614490509,0.04243035614490509,0.03755401074886322,0.03755401074886322,0.045275431126356125,0.045275431126356125,0.04795593395829201,0.04795593395829201,0.04213578999042511,0.04213578999042511
[bmim]__[PF6]__R1234yf__333.15__0.4211,HFC_all,Mreduced,R1234YF,HFO,BMIM,PF6,333.15,0.4211,0.0417,0.04997137859463692,0.004166886117492841,0.008271378594636919,0.04991789162158966,0.04991789162158966,0.04408225417137146,0.04408225417137146,0.05233827978372574,0.05233827978372574,0.055133551359176636,0.055133551359176636,0.04838491603732109,0.04838491603732109
[bmim]__[PF6]__R1234yf__343.15__0.0728,HFC_all,Mreduced,R1234YF,HFO,BMIM,PF6,343.15,0.0728,0.0063,0.008809831738471986,0.005832538220261054,0.0025098317384719855,0.006866455078125,0.006866455078125,-0.004281423985958099,0.0,0.009347844868898392,0.009347844868898392,0.014970898628234863,0.014970898628234863,0.01286396011710167,0.01286396011710167
[bmim]__[PF6]__R1234yf__343.15__0.1369,HFC_all,Mreduced,R1234YF,HFO,BMIM,PF6,343.15,0.1369,0.0113,0.017828738689422606,0.006275459493070876,0.006528738689422607,0.01854781061410904,0.01854781061410904,0.007989197969436646,0.007989197969436646,0.016331057995557785,0.016331057995557785,0.024025604128837585,0.024025604128837585,0.022250022739171982,0.022250022739171982
[bmim]__[PF6]__R1234yf__343.15__0.2003,HFC_all,Mreduced,R1234YF,HFO,BMIM,PF6,343.15,0.2003,0.0162,0.022732485085725784,0.004666545723670244,0.006532485085725785,0.02217920497059822,0.02217920497059822,0.01573973149061203,0.01573973149061203,0.02169628068804741,0.02169628068804741,0.027004249393939972,0.027004249393939972,0.02704295888543129,0.02704295888543129
[bmim]__[PF6]__R1234yf__343.15__0.2569,HFC_all,Mreduced,R1234YF,HFO,BMIM,PF6,343.15,0.2569,0.0209,0.026050706580281257,0.0034559510175785927,0.0051507065802812585,0.025348231196403503,0.025348231196403503,0.02123275399208069,0.02123275399208069,0.025074217468500137,0.025074217468500137,0.030301600694656372,0.030301600694656372,0.028296729549765587,0.028296729549765587
[bmim]__[PF6]__R1234yf__343.15__0.3157,HFC_all,Mreduced,R1234YF,HFO,BMIM,PF6,343.15,0.3157,0.0256,0.030254663527011873,0.003187438585689768,0.0046546635270118715,0.029767118394374847,0.029767118394374847,0.02589017152786255,0.02589017152786255,0.03014170378446579,0.03014170378446579,0.03486015647649765,0.03486015647649765,0.03061416745185852,0.03061416745185852
[bmim]__[PF6]__R1234yf__343.15__0.3803,HFC_all,Mreduced,R1234YF,HFO,BMIM,PF6,343.15,0.3803,0.0306,0.0365028403699398,0.0035634046604989074,0.005902840369939804,0.035959742963314056,0.035959742963314056,0.03165151923894882,0.03165151923894882,0.0377267524600029,0.0377267524600029,0.04148348793387413,0.04148348793387413,0.03569269925355911,0.03569269925355911
[bmim]__[PF6]__R1234yf__343.15__0.4339,HFC_all,Mreduced,R1234YF,HFO,BMIM,PF6,343.15,0.4339,0.0353,0.04238065183162689,0.004201047611902505,0.007080651831626893,0.04169806092977524,0.04169806092977524,0.03684205934405327,0.03684205934405327,0.04426659643650055,0.04426659643650055,0.04818828031420708,0.04818828031420708,0.04090826213359833,0.04090826213359833
[bmim]__[PF6]__R1234ze(E)__283.15__0.0854,HFC_all,Mreduced,R1234ZE(E),HFO,BMIM,PF6,283.15,0.0854,0.0918,0.06618598774075508,0.005429413195562631,0.025614012259244923,0.06789632886648178,0.06789632886648178,0.06219342723488808,0.06219342723488808,0.07479040324687958,0.07479040324687958,0.06461033225059509,0.06461033225059509,0.06143944710493088,0.06143944710493088
[bmim]__[PF6]__R1234ze(E)__283.15__0.1244,HFC_all,Mreduced,R1234ZE(E),HFO,BMIM,PF6,283.15,0.1244,0.1338,0.10819585919380188,0.006640133928088765,0.02560414080619812,0.10934502631425858,0.10934502631425858,0.10341707617044449,0.10341707617044449,0.11930248886346817,0.11930248886346817,0.10378725081682205,0.10378725081682205,0.10512745380401611,0.10512745380401611
[bmim]__[PF6]__R1234ze(E)__283.15__0.1589,HFC_all,Mreduced,R1234ZE(E),HFO,BMIM,PF6,283.15,0.1589,0.1774,0.15156709551811218,0.006270005403932041,0.025832904481887825,0.1517462432384491,0.1517462432384491,0.1491570770740509,0.1491570770740509,0.1621699035167694,0.1621699035167694,0.1459762454032898,0.1459762454032898,0.1487860083580017,0.1487860083580017
[bmim]__[PF6]__R1234ze(E)__283.15__0.1924,HFC_all,Mreduced,R1234ZE(E),HFO,BMIM,PF6,283.15,0.1924,0.2167,0.19928723871707915,0.005980735554221629,0.017412761282920852,0.19697697460651398,0.19697697460651398,0.20182904601097107,0.20182904601097107,0.20849600434303284,0.20849600434303284,0.19358789920806885,0.19358789920806885,0.19554626941680908,0.19554626941680908
[bmim]__[PF6]__R1234ze(E)__283.15__0.2238,HFC_all,Mreduced,R1234ZE(E),HFO,BMIM,PF6,283.15,0.2238,0.2593,0.2453242063522339,0.006581814282674958,0.013975793647766077,0.23896118998527527,0.23896118998527527,0.2526639997959137,0.2526639997959137,0.25221288204193115,0.25221288204193115,0.2408747375011444,0.2408747375011444,0.2419082224369049,0.2419082224369049
[bmim]__[PF6]__R1234ze(E)__283.15__0.2534,HFC_all,Mreduced,R1234ZE(E),HFO,BMIM,PF6,283.15,0.2534,0.2969,0.28848528265953066,0.009470222874808379,0.008414717340469335,0.2772033214569092,0.2772033214569092,0.302091121673584,0.302091121673584,0.2931593656539917,0.2931593656539917,0.2850419878959656,0.2850419878959656,0.28493061661720276,0.28493061661720276
[bmim]__[PF6]__R1234ze(E)__293.15__0.0947,HFC_all,Mreduced,R1234ZE(E),HFO,BMIM,PF6,293.15,0.0947,0.0764,0.05675576776266098,0.005475431208966508,0.019644232237339014,0.058809079229831696,0.058809079229831696,0.051372140645980835,0.051372140645980835,0.06430269032716751,0.06430269032716751,0.057878248393535614,0.057878248393535614,0.051416680216789246,0.051416680216789246
[bmim]__[PF6]__R1234ze(E)__293.15__0.139,HFC_all,Mreduced,R1234ZE(E),HFO,BMIM,PF6,293.15,0.139,0.1106,0.08814164102077485,0.007287340745853021,0.022458358979225157,0.09119594097137451,0.09119594097137451,0.08267420530319214,0.08267420530319214,0.09923195838928223,0.09923195838928223,0.08630882948637009,0.08630882948637009,0.08129727095365524,0.08129727095365524
[bmim]__[PF6]__R1234ze(E)__293.15__0.1805,HFC_all,Mreduced,R1234ZE(E),HFO,BMIM,PF6,293.15,0.1805,0.1433,0.12475110441446305,0.008476285920187591,0.018548895585536962,0.12644138932228088,0.12644138932228088,0.11811356246471405,0.11811356246471405,0.13882531225681305,0.13882531225681305,0.11957864463329315,0.11957864463329315,0.12079661339521408,0.12079661339521408
[bmim]__[PF6]__R1234ze(E)__293.15__0.22,HFC_all,Mreduced,R1234ZE(E),HFO,BMIM,PF6,293.15,0.22,0.1754,0.1629909545183182,0.007148048118832931,0.012409045481681813,0.16528023779392242,0.16528023779392242,0.1574103981256485,0.1574103981256485,0.17449460923671722,0.17449460923671722,0.15790006518363953,0.15790006518363953,0.1598694622516632,0.1598694622516632
[bmim]__[PF6]__R1234ze(E)__293.15__0.2588,HFC_all,Mreduced,R1234ZE(E),HFO,BMIM,PF6,293.15,0.2588,0.2097,0.2041024386882782,0.004886381377079391,0.005597561311721788,0.201713427901268,0.201713427901268,0.20549210906028748,0.20549210906028748,0.2120680958032608,0.2120680958032608,0.20089483261108398,0.20089483261108398,0.20034372806549072,0.20034372806549072
[bmim]__[PF6]__R1234ze(E)__293.15__0.2958,HFC_all,Mreduced,R1234ZE(E),HFO,BMIM,PF6,293.15,0.2958,0.2419,0.24356184899806976,0.006661695811323553,0.0016618489980697593,0.23678383231163025,0.23678383231163025,0.25190499424934387,0.25190499424934387,0.24908046424388885,0.24908046424388885,0.24181139469146729,0.24181139469146729,0.23822855949401855,0.23822855949401855
[bmim]__[PF6]__R1234ze(E)__303.15__0.1041,HFC_all,Mreduced,R1234ZE(E),HFO,BMIM,PF6,303.15,0.1041,0.0613,0.05256418287754059,0.005662369047481654,0.00873581712245941,0.05503922700881958,0.05503922700881958,0.044000767171382904,0.044000767171382904,0.058242738246917725,0.058242738246917725,0.05563804507255554,0.05563804507255554,0.04990013688802719,0.04990013688802719
[bmim]__[PF6]__R1234ze(E)__303.15__0.1531,HFC_all,Mreduced,R1234ZE(E),HFO,BMIM,PF6,303.15,0.1531,0.0891,0.0741650938987732,0.006335707344694712,0.014934906101226803,0.07642748951911926,0.07642748951911926,0.06710353493690491,0.06710353493690491,0.08335278928279877,0.08335278928279877,0.07437263429164886,0.07437263429164886,0.06956902146339417,0.06956902146339417
[bmim]__[PF6]__R1234ze(E)__303.15__0.1995,HFC_all,Mreduced,R1234ZE(E),HFO,BMIM,PF6,303.15,0.1995,0.1154,0.10085923373699188,0.007291440216853071,0.014540766263008126,0.10300271958112717,0.10300271958112717,0.09495279937982559,0.09495279937982559,0.11257937550544739,0.11257937550544739,0.0983228087425232,0.0983228087425232,0.09543846547603607,0.09543846547603607
[bmim]__[PF6]__R1234ze(E)__303.15__0.244,HFC_all,Mreduced,R1234ZE(E),HFO,BMIM,PF6,303.15,0.244,0.1414,0.13084083497524263,0.00744408927136865,0.010559165024757372,0.13342168927192688,0.13342168927192688,0.12406663596630096,0.12406663596630096,0.14246831834316254,0.14246831834316254,0.12889516353607178,0.12889516353607178,0.12535236775875092,0.12535236775875092
[bmim]__[PF6]__R1234ze(E)__303.15__0.2887,HFC_all,Mreduced,R1234ZE(E),HFO,BMIM,PF6,303.15,0.2887,0.169,0.16161371171474456,0.005752437430232137,0.007386288285255449,0.1617046296596527,0.1617046296596527,0.15733817219734192,0.15733817219734192,0.1708301603794098,0.1708301603794098,0.16196756064891815,0.16196756064891815,0.15622803568840027,0.15622803568840027
[bmim]__[PF6]__R1234ze(E)__303.15__0.3315,HFC_all,Mreduced,R1234ZE(E),HFO,BMIM,PF6,303.15,0.3315,0.1952,0.1907770723104477,0.0034324205434877082,0.004422927689552325,0.18915674090385437,0.18915674090385437,0.1897355318069458,0.1897355318069458,0.1956133097410202,0.1956133097410202,0.19266164302825928,0.19266164302825928,0.1867181360721588,0.1867181360721588
[bmim]__[PF6]__R1234ze(E)__313.15__0.1124,HFC_all,Mreduced,R1234ZE(E),HFO,BMIM,PF6,313.15,0.1124,0.0499,0.047480443865060805,0.006654550316206579,0.002419556134939195,0.04896014928817749,0.04896014928817749,0.03604213893413544,0.03604213893413544,0.052091024816036224,0.052091024816036224,0.05222202464938164,0.05222202464938164,0.04808688163757324,0.04808688163757324
[bmim]__[PF6]__R1234ze(E)__313.15__0.1654,HFC_all,Mreduced,R1234ZE(E),HFO,BMIM,PF6,313.15,0.1654,0.0726,0.061220640689134596,0.0057854924434034005,0.011379359310865401,0.06390862166881561,0.06390862166881561,0.052778005599975586,0.052778005599975586,0.06790023297071457,0.06790023297071457,0.06303189694881439,0.06303189694881439,0.05848444625735283,0.05848444625735283
[bmim]__[PF6]__R1234ze(E)__313.15__0.216,HFC_all,Mreduced,R1234ZE(E),HFO,BMIM,PF6,313.15,0.216,0.094,0.08111990392208099,0.005861379026201024,0.012880096077919012,0.08336191624403,0.08336191624403,0.07445643097162247,0.07445643097162247,0.089781753718853,0.089781753718853,0.08040975779294968,0.08040975779294968,0.07758966088294983,0.07758966088294983
[bmim]__[PF6]__R1234ze(E)__313.15__0.2648,HFC_all,Mreduced,R1234ZE(E),HFO,BMIM,PF6,313.15,0.2648,0.1151,0.10368813723325729,0.0054682889844556,0.011411862766742706,0.10441015660762787,0.10441015660762787,0.0983521044254303,0.0983521044254303,0.11197379976511002,0.11197379976511002,0.10461106896400452,0.10461106896400452,0.09909355640411377,0.09909355640411377
[bmim]__[PF6]__R1234ze(E)__313.15__0.3142,HFC_all,Mreduced,R1234ZE(E),HFO,BMIM,PF6,313.15,0.3142,0.1374,0.12596576511859894,0.00608393086654916,0.01143423488140105,0.12427688390016556,0.12427688390016556,0.12018440663814545,0.12018440663814545,0.13430672883987427,0.13430672883987427,0.1301036775112152,0.1301036775112152,0.12095712870359421,0.12095712870359421
[bmim]__[PF6]__R1234ze(E)__313.15__0.3619,HFC_all,Mreduced,R1234ZE(E),HFO,BMIM,PF6,313.15,0.3619,0.1584,0.14635471999645233,0.005497816083117428,0.012045280003547681,0.143513023853302,0.143513023853302,0.1407286524772644,0.1407286524772644,0.1525789052248001,0.1525789052248001,0.151944100856781,0.151944100856781,0.14300891757011414,0.14300891757011414
[bmim]__[PF6]__R1234ze(E)__323.15__0.1197,HFC_all,Mreduced,R1234ZE(E),HFO,BMIM,PF6,323.15,0.1197,0.0411,0.041889986395835875,0.006857289691694502,0.0007899863958358774,0.0426454059779644,0.0426454059779644,0.030048266053199768,0.030048266053199768,0.04625708982348442,0.04625708982348442,0.04692995548248291,0.04692995548248291,0.04356921464204788,0.04356921464204788
[bmim]__[PF6]__R1234ze(E)__323.15__0.1764,HFC_all,Mreduced,R1234ZE(E),HFO,BMIM,PF6,323.15,0.1764,0.0599,0.05054541751742363,0.004945230140252996,0.009354582482576375,0.05285194516181946,0.05285194516181946,0.04273727163672447,0.04273727163672447,0.055552951991558075,0.055552951991558075,0.05257242172956467,0.05257242172956467,0.04901249706745148,0.04901249706745148
[bmim]__[PF6]__R1234ze(E)__323.15__0.2306,HFC_all,Mreduced,R1234ZE(E),HFO,BMIM,PF6,323.15,0.2306,0.0775,0.06411705389618874,0.0045597074091366895,0.013382946103811258,0.06577970832586288,0.06577970832586288,0.0581204891204834,0.0581204891204834,0.07025430351495743,0.07025430351495743,0.06481985747814178,0.06481985747814178,0.061610911041498184,0.061610911041498184
[bmim]__[PF6]__R1234ze(E)__323.15__0.2832,HFC_all,Mreduced,R1234ZE(E),HFO,BMIM,PF6,323.15,0.2832,0.0947,0.08178167939186096,0.004862651339528014,0.01291832060813905,0.08199607580900192,0.08199607580900192,0.07664056867361069,0.07664056867361069,0.08877016603946686,0.08877016603946686,0.08367826044559479,0.08367826044559479,0.07782332599163055,0.07782332599163055
[bmim]__[PF6]__R1234ze(E)__323.15__0.3366,HFC_all,Mreduced,R1234ZE(E),HFO,BMIM,PF6,323.15,0.3366,0.1132,0.09868396520614624,0.005296291211387637,0.014516034793853758,0.09542191028594971,0.09542191028594971,0.09430420398712158,0.09430420398712158,0.10563314706087112,0.10563314706087112,0.10314419120550156,0.10314419120550156,0.09491637349128723,0.09491637349128723
[bmim]__[PF6]__R1234ze(E)__323.15__0.3883,HFC_all,Mreduced,R1234ZE(E),HFO,BMIM,PF6,323.15,0.3883,0.1304,0.11476404517889023,0.005902023626514063,0.015635954821109757,0.10895118117332458,0.10895118117332458,0.1096428781747818,0.1096428781747818,0.12144127488136292,0.12144127488136292,0.12047533690929413,0.12047533690929413,0.11330955475568771,0.11330955475568771
[bmim]__[PF6]__R1234ze(E)__333.15__0.1264,HFC_all,Mreduced,R1234ZE(E),HFO,BMIM,PF6,333.15,0.1264,0.0343,0.03749451115727424,0.006739937049352046,0.0031945111572742463,0.03867504000663757,0.03867504000663757,0.025700002908706665,0.025700002908706665,0.04157799109816551,0.04157799109816551,0.04202554374933243,0.04202554374933243,0.03949397802352905,0.03949397802352905
[bmim]__[PF6]__R1234ze(E)__333.15__0.1864,HFC_all,Mreduced,R1234ZE(E),HFO,BMIM,PF6,333.15,0.1864,0.0502,0.043238002061843875,0.00441374051780866,0.006961997938156127,0.0449182502925396,0.0449182502925396,0.03596485033631325,0.03596485033631325,0.04769688844680786,0.04769688844680786,0.04472092166543007,0.04472092166543007,0.042889099568128586,0.042889099568128586
[bmim]__[PF6]__R1234ze(E)__333.15__0.2439,HFC_all,Mreduced,R1234ZE(E),HFO,BMIM,PF6,333.15,0.2439,0.0648,0.05208675712347031,0.0036540817192194193,0.012713242876529689,0.05363723635673523,0.05363723635673523,0.047142915427684784,0.047142915427684784,0.05672454088926315,0.05672454088926315,0.05292748287320137,0.05292748287320137,0.050001610070466995,0.050001610070466995
[bmim]__[PF6]__R1234ze(E)__333.15__0.2999,HFC_all,Mreduced,R1234ZE(E),HFO,BMIM,PF6,333.15,0.2999,0.0791,0.06475574150681496,0.003937300175527616,0.014344258493185047,0.06492425501346588,0.06492425501346588,0.059794723987579346,0.059794723987579346,0.07000012695789337,0.07000012695789337,0.0667392760515213,0.0667392760515213,0.06232032552361488,0.06232032552361488
[bmim]__[PF6]__R1234ze(E)__333.15__0.3568,HFC_all,Mreduced,R1234ZE(E),HFO,BMIM,PF6,333.15,0.3568,0.0946,0.07869043350219726,0.00451015938141036,0.015909566497802743,0.07667840272188187,0.07667840272188187,0.0741562768816948,0.0741562768816948,0.0847385972738266,0.0847385972738266,0.08210606873035431,0.08210606873035431,0.07577282190322876,0.07577282190322876
[bmim]__[PF6]__R1234ze(E)__333.15__0.4121,HFC_all,Mreduced,R1234ZE(E),HFO,BMIM,PF6,333.15,0.4121,0.109,0.09289701133966446,0.005986183893746198,0.016102988660335535,0.08796661347150803,0.08796661347150803,0.08703449368476868,0.08703449368476868,0.09996519982814789,0.09996519982814789,0.09848520159721375,0.09848520159721375,0.09103354811668396,0.09103354811668396
[bmim]__[PF6]__R1234ze(E)__343.15__0.1327,HFC_all,Mreduced,R1234ZE(E),HFO,BMIM,PF6,343.15,0.1327,0.0289,0.03408024311065674,0.006833547674262963,0.005180243110656738,0.035984765738248825,0.035984765738248825,0.02200903743505478,0.02200903743505478,0.037804994732141495,0.037804994732141495,0.038489751517772675,0.038489751517772675,0.03611266613006592,0.03611266613006592
[bmim]__[PF6]__R1234ze(E)__343.15__0.196,HFC_all,Mreduced,R1234ZE(E),HFO,BMIM,PF6,343.15,0.196,0.0417,0.03849409744143486,0.00458095039025653,0.003205902558565142,0.04028240963816643,0.04028240963816643,0.03068993240594864,0.03068993240594864,0.042765602469444275,0.042765602469444275,0.0395536795258522,0.0395536795258522,0.039178863167762756,0.039178863167762756
[bmim]__[PF6]__R1234ze(E)__343.15__0.2565,HFC_all,Mreduced,R1234ZE(E),HFO,BMIM,PF6,343.15,0.2565,0.0541,0.044247685372829436,0.0034475742668418023,0.009852314627170566,0.04550166800618172,0.04550166800618172,0.039339471608400345,0.039339471608400345,0.048630792647600174,0.048630792647600174,0.04497932642698288,0.04497932642698288,0.04278716817498207,0.04278716817498207
[bmim]__[PF6]__R1234ze(E)__343.15__0.3156,HFC_all,Mreduced,R1234ZE(E),HFO,BMIM,PF6,343.15,0.3156,0.0663,0.05304681733250618,0.0031994526042675906,0.01325318266749382,0.052898306399583817,0.052898306399583817,0.048954106867313385,0.048954106867313385,0.05761415883898735,0.05761415883898735,0.05416044592857361,0.05416044592857361,0.05160706862807274,0.05160706862807274
[bmim]__[PF6]__R1234ze(E)__343.15__0.3761,HFC_all,Mreduced,R1234ZE(E),HFO,BMIM,PF6,343.15,0.3761,0.0786,0.06409699767827988,0.004170036357354352,0.014503002321720124,0.06208188086748123,0.06208188086748123,0.059298075735569,0.059298075735569,0.06928884238004684,0.06928884238004684,0.06757225096225739,0.06757225096225739,0.06224393844604492,0.06224393844604492
[bmim]__[PF6]__R1234ze(E)__343.15__0.4347,HFC_all,Mreduced,R1234ZE(E),HFO,BMIM,PF6,343.15,0.4347,0.0906,0.07660356462001801,0.005985454877292295,0.013996435379981992,0.07277216017246246,0.07277216017246246,0.06969273090362549,0.06969273090362549,0.08343090862035751,0.08343090862035751,0.0822070762515068,0.0822070762515068,0.07491494715213776,0.07491494715213776
[hmim]__[BF4]__R1234yf__303.2__0.1109,HFC_all,Mreduced,R1234YF,HFO,HMIM,BF4,303.2,0.1109,0.02515,0.025318612158298493,0.003181638536616328,0.00016861215829849438,0.023162808269262314,0.023162808269262314,0.021330371499061584,0.021330371499061584,0.026532471179962158,0.026532471179962158,0.029560066759586334,0.029560066759586334,0.02600734308362007,0.02600734308362007
[hmim]__[BF4]__R1234yf__313.2__0.1248,HFC_all,Mreduced,R1234YF,HFO,HMIM,BF4,313.2,0.1248,0.02245,0.024729689955711363,0.0038034120319651527,0.002279689955711362,0.02312517538666725,0.02312517538666725,0.019832074642181396,0.019832074642181396,0.024084996432065964,0.024084996432065964,0.029938414692878723,0.029938414692878723,0.02666778862476349,0.02666778862476349
[hmim]__[BF4]__R1234yf__323.2__0.1322,HFC_all,Mreduced,R1234YF,HFO,HMIM,BF4,323.2,0.1322,0.01899,0.02231693044304848,0.004146714353455604,0.0033269304430484786,0.021422788500785828,0.021422788500785828,0.016306564211845398,0.016306564211845398,0.021671228110790253,0.021671228110790253,0.027303893119096756,0.027303893119096756,0.02488017827272415,0.02488017827272415
[hmim]__[BF4]__R1234yf__333.2__0.1494,HFC_all,Mreduced,R1234YF,HFO,HMIM,BF4,333.2,0.1494,0.01749,0.020302902907133102,0.004338329617737144,0.002812902907133104,0.02056816965341568,0.02056816965341568,0.013427302241325378,0.013427302241325378,0.019590456038713455,0.019590456038713455,0.02452152967453003,0.02452152967453003,0.02340705692768097,0.02340705692768097
[hmim]__[BF4]__R1234yf__343.2__0.1587,HFC_all,Mreduced,R1234YF,HFO,HMIM,BF4,343.2,0.1587,0.0153,0.017990994453430175,0.004909229248299567,0.0026909944534301757,0.01896171271800995,0.01896171271800995,0.00986228883266449,0.00986228883266449,0.017529860138893127,0.017529860138893127,0.02207057923078537,0.02207057923078537,0.021530531346797943,0.021530531346797943
[hmim]__[BF4]__R1234yf__283.15__0.0548,HFC_all,Mreduced,R1234YF,HFO,HMIM,BF4,283.15,0.0548,0.0226,0.008519899100065231,0.003269606639493773,0.014080100899934767,0.0073610469698905945,0.0073610469698905945,0.00789899006485939,0.00789899006485939,0.012663763016462326,0.012663763016462326,0.010583363473415375,0.010583363473415375,0.004092331975698471,0.004092331975698471
[hmim]__[BF4]__R1234yf__283.15__0.1023,HFC_all,Mreduced,R1234YF,HFO,HMIM,BF4,283.15,0.1023,0.0422,0.028637962788343428,0.00327996095211771,0.013562037211656573,0.030080828815698624,0.030080828815698624,0.029721245169639587,0.029721245169639587,0.03150586783885956,0.03150586783885956,0.0288567915558815,0.0288567915558815,0.02302508056163788,0.02302508056163788
[hmim]__[BF4]__R1234yf__283.15__0.155,HFC_all,Mreduced,R1234YF,HFO,HMIM,BF4,283.15,0.155,0.0608,0.051020289212465285,0.0032889201804919095,0.009779710787534715,0.05582662671804428,0.05582662671804428,0.051159411668777466,0.051159411668777466,0.05219945311546326,0.05219945311546326,0.047988079488277435,0.047988079488277435,0.04792787507176399,0.04792787507176399
[hmim]__[BF4]__R1234yf__283.15__0.193,HFC_all,Mreduced,R1234YF,HFO,HMIM,BF4,283.15,0.193,0.0772,0.0680742971599102,0.004110018684534795,0.009125702840089803,0.07356537133455276,0.07356537133455276,0.06777860224246979,0.06777860224246979,0.06875928491353989,0.06875928491353989,0.06200592592358589,0.06200592592358589,0.06826230138540268,0.06826230138540268
[hmim]__[BF4]__R1234yf__283.15__0.2342,HFC_all,Mreduced,R1234YF,HFO,HMIM,BF4,283.15,0.2342,0.0962,0.08783563524484635,0.005614420578536818,0.008364364755153647,0.09270486235618591,0.09270486235618591,0.08674991875886917,0.08674991875886917,0.0893285796046257,0.0893285796046257,0.07867631316184998,0.07867631316184998,0.09171850234270096,0.09171850234270096
[hmim]__[BF4]__R1234yf__283.15__0.2766,HFC_all,Mreduced,R1234YF,HFO,HMIM,BF4,283.15,0.2766,0.1165,0.1096331775188446,0.0059274737783295214,0.006866822481155402,0.11213023215532303,0.11213023215532303,0.10969000309705734,0.10969000309705734,0.11262217164039612,0.11262217164039612,0.09944535791873932,0.09944535791873932,0.11427812278270721,0.11427812278270721
[hmim]__[BF4]__R1234yf__283.15__0.3157,HFC_all,Mreduced,R1234YF,HFO,HMIM,BF4,283.15,0.3157,0.1388,0.1303388625383377,0.005008621549322597,0.0084611374616623,0.13135913014411926,0.13135913014411926,0.13160476088523865,0.13160476088523865,0.13332900404930115,0.13332900404930115,0.1215834766626358,0.1215834766626358,0.13381794095039368,0.13381794095039368
[hmim]__[BF4]__R1234yf__293.15__0.0582,HFC_all,Mreduced,R1234YF,HFO,HMIM,BF4,293.15,0.0582,0.019,0.011117038130760194,0.003253121438213282,0.007882961869239806,0.00858626514673233,0.00858626514673233,0.007367096841335297,0.007367096841335297,0.013923048973083496,0.013923048973083496,0.014848612248897552,0.014848612248897552,0.010860167443752289,0.010860167443752289
[hmim]__[BF4]__R1234yf__293.15__0.1083,HFC_all,Mreduced,R1234YF,HFO,HMIM,BF4,293.15,0.1083,0.0338,0.02620719522237778,0.0024353518834008014,0.007592804777622218,0.02542063593864441,0.02542063593864441,0.02538752555847168,0.02538752555847168,0.029194794595241547,0.029194794595241547,0.02802184224128723,0.02802184224128723,0.02301117777824402,0.02301117777824402
[hmim]__[BF4]__R1234yf__293.15__0.1579,HFC_all,Mreduced,R1234YF,HFO,HMIM,BF4,293.15,0.1579,0.0494,0.04063059911131859,0.0020847463289730877,0.00876940088868141,0.04234565049409866,0.04234565049409866,0.0408577099442482,0.0408577099442482,0.04291136562824249,0.04291136562824249,0.03888874873518944,0.03888874873518944,0.03814952075481415,0.03814952075481415
[hmim]__[BF4]__R1234yf__293.15__0.2049,HFC_all,Mreduced,R1234YF,HFO,HMIM,BF4,293.15,0.2049,0.0646,0.05427374616265297,0.003644349558298119,0.010326253837347033,0.05879001319408417,0.05879001319408417,0.05139348655939102,0.05139348655939102,0.056474216282367706,0.056474216282367706,0.04988253116607666,0.04988253116607666,0.05482848361134529,0.05482848361134529
[hmim]__[BF4]__R1234yf__293.15__0.2502,HFC_all,Mreduced,R1234YF,HFO,HMIM,BF4,293.15,0.2502,0.0791,0.06832764595746994,0.005077803272719546,0.01077235404253006,0.07374586910009384,0.07374586910009384,0.06317654252052307,0.06317654252052307,0.07142694294452667,0.07142694294452667,0.06264610588550568,0.06264610588550568,0.07064276933670044,0.07064276933670044
[hmim]__[BF4]__R1234yf__293.15__0.2966,HFC_all,Mreduced,R1234YF,HFO,HMIM,BF4,293.15,0.2966,0.0944,0.08457436114549637,0.005681625777709221,0.009825638854503632,0.09012944996356964,0.09012944996356964,0.08041562139987946,0.08041562139987946,0.08785482496023178,0.08785482496023178,0.07679207623004913,0.07679207623004913,0.08767983317375183,0.08767983317375183
[hmim]__[BF4]__R1234yf__293.15__0.3404,HFC_all,Mreduced,R1234YF,HFO,HMIM,BF4,293.15,0.3404,0.1102,0.10092907696962357,0.005775611249186752,0.009270923030376438,0.10561659187078476,0.10561659187078476,0.09877162426710129,0.09877162426710129,0.10490727424621582,0.10490727424621582,0.09176738560199738,0.09176738560199738,0.10358250886201859,0.10358250886201859
[hmim]__[BF4]__R1234yf__303.15__0.0615,HFC_all,Mreduced,R1234YF,HFO,HMIM,BF4,303.15,0.0615,0.0155,0.014373397827148438,0.005173528612377356,0.001126602172851562,0.011495180428028107,0.011495180428028107,0.006968002766370773,0.006968002766370773,0.016479957848787308,0.016479957848787308,0.02020374685525894,0.02020374685525894,0.016720101237297058,0.016720101237297058
[hmim]__[BF4]__R1234yf__303.15__0.1144,HFC_all,Mreduced,R1234YF,HFO,HMIM,BF4,303.15,0.1144,0.0279,0.02599148638546467,0.0030770216347813565,0.001908513614535333,0.02391565591096878,0.02391565591096878,0.022154010832309723,0.022154010832309723,0.027109049260616302,0.027109049260616302,0.030134126543998718,0.030134126543998718,0.026644589379429817,0.026644589379429817
[hmim]__[BF4]__R1234yf__303.15__0.1671,HFC_all,Mreduced,R1234YF,HFO,HMIM,BF4,303.15,0.1671,0.0406,0.03606395348906517,0.001773551476960772,0.004536046510934824,0.03593292832374573,0.03593292832374573,0.03319097310304642,0.03319097310304642,0.03782873600721359,0.03782873600721359,0.03622071444988251,0.03622071444988251,0.03714641556143761,0.03714641556143761
[hmim]__[BF4]__R1234yf__303.15__0.2175,HFC_all,Mreduced,R1234YF,HFO,HMIM,BF4,303.15,0.2175,0.0519,0.046039972454309464,0.0036540361174351695,0.005860027545690538,0.04875224083662033,0.04875224083662033,0.040861669927835464,0.040861669927835464,0.04944030940532684,0.04944030940532684,0.04367046058177948,0.04367046058177948,0.0474751815199852,0.0474751815199852
[hmim]__[BF4]__R1234yf__303.15__0.266,HFC_all,Mreduced,R1234YF,HFO,HMIM,BF4,303.15,0.266,0.0632,0.057210222631692884,0.005200918969814898,0.005989777368307123,0.06146133691072464,0.06146133691072464,0.05029328912496567,0.05029328912496567,0.06218305602669716,0.06218305602669716,0.05332797393202782,0.05332797393202782,0.05878545716404915,0.05878545716404915
[hmim]__[BF4]__R1234yf__303.15__0.3155,HFC_all,Mreduced,R1234YF,HFO,HMIM,BF4,303.15,0.3155,0.0762,0.06832227036356926,0.005640024338141634,0.007877729636430741,0.07331418991088867,0.07331418991088867,0.06100211665034294,0.06100211665034294,0.07344138622283936,0.07344138622283936,0.06387431174516678,0.06387431174516678,0.06997934728860855,0.06997934728860855
[hmim]__[BF4]__R1234yf__303.15__0.3627,HFC_all,Mreduced,R1234YF,HFO,HMIM,BF4,303.15,0.3627,0.0887,0.08019763827323914,0.0054261545095541305,0.00850236172676086,0.08562737703323364,0.08562737703323364,0.07386443763971329,0.07386443763971329,0.08451157063245773,0.08451157063245773,0.07504599541425705,0.07504599541425705,0.08193881064653397,0.08193881064653397
[hmim]__[BF4]__R1234yf__313.15__0.0646,HFC_all,Mreduced,R1234YF,HFO,HMIM,BF4,313.15,0.0646,0.0129,0.014837095886468888,0.00608494733280536,0.0019370958864688877,0.011420369148254395,0.011420369148254395,0.006327714771032333,0.006327714771032333,0.01660119742155075,0.01660119742155075,0.022071875631809235,0.022071875631809235,0.017764322459697723,0.017764322459697723
[hmim]__[BF4]__R1234yf__313.15__0.1204,HFC_all,Mreduced,R1234YF,HFO,HMIM,BF4,313.15,0.1204,0.0228,0.02415199764072895,0.0039040318385082963,0.0013519976407289497,0.022370580583810806,0.022370580583810806,0.019168518483638763,0.019168518483638763,0.023602984845638275,0.023602984845638275,0.02952786162495613,0.02952786162495613,0.026090042665600777,0.026090042665600777
[hmim]__[BF4]__R1234yf__313.15__0.1757,HFC_all,Mreduced,R1234YF,HFO,HMIM,BF4,313.15,0.1757,0.0337,0.03134716227650643,0.003052471050500329,0.002352837723493574,0.03055209293961525,0.03055209293961525,0.026471510529518127,0.026471510529518127,0.03204447776079178,0.03204447776079178,0.03375457972288132,0.03375457972288132,0.03391315042972565,0.03391315042972565
[hmim]__[BF4]__R1234yf__313.15__0.2285,HFC_all,Mreduced,R1234YF,HFO,HMIM,BF4,313.15,0.2285,0.0438,0.0392365038394928,0.0037084624993470663,0.004563496160507198,0.039945054799318314,0.039945054799318314,0.03282572329044342,0.03282572329044342,0.04207080975174904,0.04207080975174904,0.03987521678209305,0.03987521678209305,0.04146571457386017,0.04146571457386017
[hmim]__[BF4]__R1234yf__313.15__0.2799,HFC_all,Mreduced,R1234YF,HFO,HMIM,BF4,313.15,0.2799,0.053,0.047926340252161026,0.004712242806479385,0.0050736597478389725,0.05058908835053444,0.05058908835053444,0.04015212506055832,0.04015212506055832,0.052444785833358765,0.052444785833358765,0.04763120412826538,0.04763120412826538,0.048814497888088226,0.048814497888088226
[hmim]__[BF4]__R1234yf__313.15__0.3326,HFC_all,Mreduced,R1234YF,HFO,HMIM,BF4,313.15,0.3326,0.0631,0.057023701071739194,0.0052266054667057015,0.006076298928260809,0.06107809767127037,0.06107809767127037,0.04878794401884079,0.04878794401884079,0.06195058673620224,0.06195058673620224,0.05617570877075195,0.05617570877075195,0.05712616816163063,0.05712616816163063
[hmim]__[BF4]__R1234yf__313.15__0.3828,HFC_all,Mreduced,R1234YF,HFO,HMIM,BF4,313.15,0.3828,0.0736,0.06559321731328964,0.005424310639989166,0.00800678268671036,0.07020362466573715,0.07020362466573715,0.05689879506826401,0.05689879506826401,0.0701306089758873,0.0701306089758873,0.06508989632129669,0.06508989632129669,0.06564316153526306,0.06564316153526306
[hmim]__[BF4]__R1234yf__323.15__0.0676,HFC_all,Mreduced,R1234YF,HFO,HMIM,BF4,323.15,0.0676,0.0106,0.013165879994630814,0.00636152309154616,0.0025658799946308136,0.010622523725032806,0.010622523725032806,0.0037180855870246887,0.0037180855870246887,0.014693740755319595,0.014693740755319595,0.020527295768260956,0.020527295768260956,0.01626775413751602,0.01626775413751602
[hmim]__[BF4]__R1234yf__323.15__0.126,HFC_all,Mreduced,R1234YF,HFO,HMIM,BF4,323.15,0.126,0.0191,0.02171121910214424,0.004237969764420445,0.0026112191021442424,0.02079000324010849,0.02079000324010849,0.015562381595373154,0.015562381595373154,0.0211515873670578,0.0211515873670578,0.02689819037914276,0.02689819037914276,0.024153932929039,0.024153932929039
[hmim]__[BF4]__R1234yf__323.15__0.1838,HFC_all,Mreduced,R1234YF,HFO,HMIM,BF4,323.15,0.1838,0.0282,0.026789212971925734,0.0032032504096662306,0.0014107870280742653,0.02652738243341446,0.02652738243341446,0.021903514862060547,0.021903514862060547,0.026163890957832336,0.026163890957832336,0.029834888875484467,0.029834888875484467,0.02951638773083687,0.02951638773083687
[hmim]__[BF4]__R1234yf__323.15__0.2395,HFC_all,Mreduced,R1234YF,HFO,HMIM,BF4,323.15,0.2395,0.0365,0.03287714272737503,0.0034797213110412,0.0036228572726249644,0.033179402351379395,0.033179402351379395,0.026827611029148102,0.026827611029148102,0.03446831554174423,0.03446831554174423,0.0354924239218235,0.0354924239218235,0.03441796079277992,0.03441796079277992
[hmim]__[BF4]__R1234yf__323.15__0.2933,HFC_all,Mreduced,R1234YF,HFO,HMIM,BF4,323.15,0.2933,0.0444,0.039670425653457644,0.004286646827862275,0.004729574346542358,0.04077357426285744,0.04077357426285744,0.03225729614496231,0.03225729614496231,0.04286334291100502,0.04286334291100502,0.04229600355029106,0.04229600355029106,0.04016191139817238,0.04016191139817238
[hmim]__[BF4]__R1234yf__323.15__0.3489,HFC_all,Mreduced,R1234YF,HFO,HMIM,BF4,323.15,0.3489,0.0531,0.04715878367424011,0.004692714254982167,0.0059412163257598904,0.04913165420293808,0.04913165420293808,0.03940992429852486,0.03940992429852486,0.05094907805323601,0.05094907805323601,0.050127916038036346,0.050127916038036346,0.04617534577846527,0.04617534577846527
[hmim]__[BF4]__R1234yf__323.15__0.4019,HFC_all,Mreduced,R1234YF,HFO,HMIM,BF4,323.15,0.4019,0.062,0.054417684674263,0.005185935087062031,0.007582315325736999,0.05696854740381241,0.05696854740381241,0.045941319316625595,0.045941319316625595,0.05853749439120293,0.05853749439120293,0.057624541223049164,0.057624541223049164,0.05301652103662491,0.05301652103662491
[hmim]__[BF4]__R1234yf__333.15__0.0705,HFC_all,Mreduced,R1234YF,HFO,HMIM,BF4,333.15,0.0705,0.0087,0.010387308895587921,0.0066276765677398715,0.0016873088955879217,0.008746884763240814,0.008746884763240814,-0.00021208077669143677,0.0,0.012060027569532394,0.012060027569532394,0.017651207745075226,0.017651207745075226,0.013478424400091171,0.013478424400091171
[hmim]__[BF4]__R1234yf__333.15__0.1313,HFC_all,Mreduced,R1234YF,HFO,HMIM,BF4,333.15,0.1313,0.0159,0.018710124492645263,0.004522788202866046,0.002810124492645262,0.019078180193901062,0.019078180193901062,0.011523328721523285,0.011523328721523285,0.018170759081840515,0.018170759081840515,0.02354571968317032,0.02354571968317032,0.021232634782791138,0.021232634782791138
[hmim]__[BF4]__R1234yf__333.15__0.1918,HFC_all,Mreduced,R1234YF,HFO,HMIM,BF4,333.15,0.1918,0.0238,0.023206646367907525,0.0033304797919055363,0.0005933536320924769,0.0233503058552742,0.0233503058552742,0.01801922544836998,0.01801922544836998,0.022454679012298584,0.022454679012298584,0.026301637291908264,0.026301637291908264,0.025907384231686592,0.025907384231686592
[hmim]__[BF4]__R1234yf__333.15__0.2499,HFC_all,Mreduced,R1234YF,HFO,HMIM,BF4,333.15,0.2499,0.0308,0.027647524327039718,0.0031691119705566325,0.003152475672960283,0.028924450278282166,0.028924450278282166,0.0224139541387558,0.0224139541387558,0.027163852006196976,0.027163852006196976,0.030595742166042328,0.030595742166042328,0.029139623045921326,0.029139623045921326
[hmim]__[BF4]__R1234yf__333.15__0.3057,HFC_all,Mreduced,R1234YF,HFO,HMIM,BF4,333.15,0.3057,0.0376,0.032936353236436844,0.0036558563866396104,0.004663646763563158,0.03369215875864029,0.03369215875864029,0.02679833024740219,0.02679833024740219,0.034325022250413895,0.034325022250413895,0.03656284511089325,0.03656284511089325,0.033303409814834595,0.033303409814834595
[hmim]__[BF4]__R1234yf__333.15__0.3644,HFC_all,Mreduced,R1234YF,HFO,HMIM,BF4,333.15,0.3644,0.0454,0.039534198492765425,0.0044026769002230804,0.005865801507234578,0.040435221046209335,0.040435221046209335,0.03229282423853874,0.03229282423853874,0.041776109486818314,0.041776109486818314,0.043913669884204865,0.043913669884204865,0.03925316780805588,0.03925316780805588
[hmim]__[BF4]__R1234yf__333.15__0.42,HFC_all,Mreduced,R1234YF,HFO,HMIM,BF4,333.15,0.42,0.0531,0.04631681442260742,0.005051206622174454,0.006783185577392582,0.047296520322561264,0.047296520322561264,0.038224272429943085,0.038224272429943085,0.049594100564718246,0.049594100564718246,0.051193758845329285,0.051193758845329285,0.04527541995048523,0.04527541995048523
[hmim]__[BF4]__R1234yf__343.15__0.0737,HFC_all,Mreduced,R1234YF,HFO,HMIM,BF4,343.15,0.0737,0.0063,0.008615445345640182,0.00550746127892701,0.0023154453456401825,0.007056392729282379,0.007056392729282379,-0.0037319958209991455,0.0,0.010217957198619843,0.010217957198619843,0.014539189636707306,0.014539189636707306,0.011263687163591385,0.011263687163591385
[hmim]__[BF4]__R1234yf__343.15__0.1366,HFC_all,Mreduced,R1234YF,HFO,HMIM,BF4,343.15,0.1366,0.0128,0.016136813908815384,0.005200229310916394,0.0033368139088153833,0.017284385859966278,0.017284385859966278,0.00744006410241127,0.00744006410241127,0.015992648899555206,0.015992648899555206,0.020879201591014862,0.020879201591014862,0.019087769091129303,0.019087769091129303
[hmim]__[BF4]__R1234yf__343.15__0.1998,HFC_all,Mreduced,R1234YF,HFO,HMIM,BF4,343.15,0.1998,0.0192,0.020662551373243333,0.0039190076756415474,0.001462551373243335,0.021489907056093216,0.021489907056093216,0.014266572892665863,0.014266572892665863,0.0200083926320076,0.0200083926320076,0.023612700402736664,0.023612700402736664,0.023935183882713318,0.023935183882713318
[hmim]__[BF4]__R1234yf__343.15__0.2602,HFC_all,Mreduced,R1234YF,HFO,HMIM,BF4,343.15,0.2602,0.0255,0.02402247115969658,0.003167288450529605,0.0014775288403034194,0.025570005178451538,0.025570005178451538,0.019000858068466187,0.019000858068466187,0.022961817681789398,0.022961817681789398,0.027034323662519455,0.027034323662519455,0.025545351207256317,0.025545351207256317
[hmim]__[BF4]__R1234yf__343.15__0.3146,HFC_all,Mreduced,R1234YF,HFO,HMIM,BF4,343.15,0.3146,0.0315,0.02775276079773903,0.003336341984927916,0.0037472392022609713,0.028735816478729248,0.028735816478729248,0.0223824605345726,0.0223824605345726,0.02762766182422638,0.02762766182422638,0.031512580811977386,0.031512580811977386,0.02850528433918953,0.02850528433918953
[hmim]__[BF4]__R1234yf__343.15__0.3798,HFC_all,Mreduced,R1234YF,HFO,HMIM,BF4,343.15,0.3798,0.038,0.03387301713228226,0.004035376025585679,0.004126982867717739,0.034430015832185745,0.034430015832185745,0.027543015778064728,0.027543015778064728,0.034961458295583725,0.034961458295583725,0.038725338876247406,0.038725338876247406,0.03370525687932968,0.03370525687932968
[hmim]__[BF4]__R1234yf__343.15__0.4384,HFC_all,Mreduced,R1234YF,HFO,HMIM,BF4,343.15,0.4384,0.0441,0.04033842161297798,0.004939347932899934,0.00376157838702202,0.04096665233373642,0.04096665233373642,0.03251029551029205,0.03251029551029205,0.04258080571889877,0.04258080571889877,0.045866575092077255,0.045866575092077255,0.039767779409885406,0.039767779409885406
[hmim]__[BF4]__R1234yf__303.2__0.109,HFC_all,Mreduced,R1234YF,HFO,HMIM,BF4,303.2,0.109,0.027,0.024954352527856827,0.003244232577259204,0.002045647472143173,0.022748015820980072,0.022748015820980072,0.02088097482919693,0.02088097482919693,0.026227615773677826,0.026227615773677826,0.02925846353173256,0.02925846353173256,0.025656692683696747,0.025656692683696747
[hmim]__[BF4]__R1234yf__303.27__0.186,HFC_all,Mreduced,R1234YF,HFO,HMIM,BF4,303.27,0.186,0.048,0.03958913534879684,0.0022510153839854605,0.008410864651203158,0.04050501063466072,0.04050501063466072,0.03615376725792885,0.03615376725792885,0.041765592992305756,0.041765592992305756,0.038570716977119446,0.038570716977119446,0.04095058888196945,0.04095058888196945
[hmim]__[BF4]__R1234yf__303.38__0.301,HFC_all,Mreduced,R1234YF,HFO,HMIM,BF4,303.38,0.301,0.085,0.06464754566550254,0.00571582369030398,0.020352454334497463,0.06950703263282776,0.06950703263282776,0.05717335641384125,0.05717335641384125,0.07000540941953659,0.07000540941953659,0.0602153055369854,0.0602153055369854,0.06633662432432175,0.06633662432432175
[hmim]__[BF4]__R1234yf__303.8__0.371,HFC_all,Mreduced,R1234YF,HFO,HMIM,BF4,303.8,0.371,0.113,0.08083364367485046,0.00544777075317368,0.03216635632514954,0.08623726665973663,0.08623726665973663,0.07435811311006546,0.07435811311006546,0.08513323217630386,0.08513323217630386,0.07576395571231842,0.07576395571231842,0.08267565071582794,0.08267565071582794
[hmim]__[BF4]__R1234yf__303.36__0.444,HFC_all,Mreduced,R1234YF,HFO,HMIM,BF4,303.36,0.444,0.149,0.10205145180225372,0.005410380898911865,0.04694854819774627,0.10632535815238953,0.10632535815238953,0.09788697957992554,0.09788697957992554,0.10677604377269745,0.10677604377269745,0.09476236999034882,0.09476236999034882,0.10450650751590729,0.10450650751590729
[hmim]__[BF4]__R1234yf__313.2__0.121,HFC_all,Mreduced,R1234YF,HFO,HMIM,BF4,313.2,0.121,0.024,0.024220194295048715,0.0038941938892662334,0.00022019429504871457,0.02245880290865898,0.02245880290865898,0.019248634576797485,0.019248634576797485,0.023653604090213776,0.023653604090213776,0.029584228992462158,0.029584228992462158,0.026155700907111168,0.026155700907111168
[hmim]__[BF4]__R1234yf__313.24__0.207,HFC_all,Mreduced,R1234YF,HFO,HMIM,BF4,313.24,0.207,0.042,0.03582116663455963,0.0032729593965426414,0.006178833365440374,0.035851314663887024,0.035851314663887024,0.030201878398656845,0.030201878398656845,0.037900909781455994,0.037900909781455994,0.036947980523109436,0.036947980523109436,0.03820374980568886,0.03820374980568886
[hmim]__[BF4]__R1234yf__313.2__0.333,HFC_all,Mreduced,R1234YF,HFO,HMIM,BF4,313.2,0.333,0.077,0.057023247331380846,0.005224982227756771,0.019976752668619153,0.06107482314109802,0.06107482314109802,0.04878401383757591,0.04878401383757591,0.06194410100579262,0.06194410100579262,0.05619952082633972,0.05619952082633972,0.057113777846097946,0.057113777846097946
[hmim]__[BF4]__R1234yf__313.19__0.408,HFC_all,Mreduced,R1234YF,HFO,HMIM,BF4,313.19,0.408,0.104,0.06995488777756691,0.005505968473795125,0.03404511222243309,0.07433611154556274,0.07433611154556274,0.0611286424100399,0.0611286424100399,0.07470081001520157,0.07470081001520157,0.06891113519668579,0.06891113519668579,0.07069773972034454,0.07069773972034454
[hmim]__[BF4]__R1234yf__313.2__0.492,HFC_all,Mreduced,R1234YF,HFO,HMIM,BF4,313.2,0.492,0.14,0.08697579503059387,0.005392828996930132,0.053024204969406144,0.08971187472343445,0.08971187472343445,0.07983256876468658,0.07983256876468658,0.09272398799657822,0.09272398799657822,0.08285000920295715,0.08285000920295715,0.08976053446531296,0.08976053446531296
[hmim]__[BF4]__R1234yf__323.22__0.134,HFC_all,Mreduced,R1234YF,HFO,HMIM,BF4,323.22,0.134,0.02,0.022479035332798956,0.004111630062766896,0.002479035332798956,0.021591592580080032,0.021591592580080032,0.016519606113433838,0.016519606113433838,0.021819308400154114,0.021819308400154114,0.02739635854959488,0.02739635854959488,0.025068311020731926,0.025068311020731926
[hmim]__[BF4]__R1234yf__323.22__0.225,HFC_all,Mreduced,R1234YF,HFO,HMIM,BF4,323.22,0.225,0.037,0.031100869178771973,0.003346253514320886,0.0058991308212280255,0.03138462454080582,0.03138462454080582,0.025367137044668198,0.025367137044668198,0.03192436695098877,0.03192436695098877,0.03389010578393936,0.03389010578393936,0.03293811157345772,0.03293811157345772
[hmim]__[BF4]__R1234yf__323.26__0.35,HFC_all,Mreduced,R1234YF,HFO,HMIM,BF4,323.26,0.35,0.071,0.04719014316797256,0.004700972104402714,0.02380985683202743,0.049162447452545166,0.049162447452545166,0.03943571448326111,0.03943571448326111,0.05097363889217377,0.05097363889217377,0.050197355449199677,0.050197355449199677,0.046181559562683105,0.046181559562683105
[hmim]__[BF4]__R1234yf__323.17__0.446,HFC_all,Mreduced,R1234YF,HFO,HMIM,BF4,323.17,0.446,0.095,0.06076494827866554,0.005530023415841825,0.03423505172133446,0.06301620602607727,0.06301620602607727,0.05155108496546745,0.05155108496546745,0.06548447161912918,0.06548447161912918,0.06383220106363297,0.06383220106363297,0.059940777719020844,0.059940777719020844
[hmim]__[BF4]__R1234yf__323.19__0.539,HFC_all,Mreduced,R1234YF,HFO,HMIM,BF4,323.19,0.539,0.131,0.07456435561180115,0.005024927834025829,0.056435644388198855,0.07532287389039993,0.07532287389039993,0.06607801467180252,0.06607801467180252,0.07935602217912674,0.07935602217912674,0.0752788782119751,0.0752788782119751,0.07678598910570145,0.07678598910570145
[hmim]__[BF4]__R1234yf__333.22__0.146,HFC_all,Mreduced,R1234YF,HFO,HMIM,BF4,333.22,0.146,0.017,0.020021271705627442,0.004388258605953615,0.003021271705627441,0.020339153707027435,0.020339153707027435,0.01306510716676712,0.01306510716676712,0.01930227503180504,0.01930227503180504,0.024391375482082367,0.024391375482082367,0.023008447140455246,0.023008447140455246
[hmim]__[BF4]__R1234yf__333.22__0.243,HFC_all,Mreduced,R1234YF,HFO,HMIM,BF4,333.22,0.243,0.033,0.02704252153635025,0.0031211048948450774,0.005957478463649753,0.028272591531276703,0.028272591531276703,0.021924719214439392,0.021924719214439392,0.026438184082508087,0.026438184082508087,0.02992323786020279,0.02992323786020279,0.02865387499332428,0.02865387499332428
[hmim]__[BF4]__R1234yf__332.47__0.375,HFC_all,Mreduced,R1234YF,HFO,HMIM,BF4,332.47,0.375,0.065,0.041443613916635515,0.0045297280463477245,0.023556386083364488,0.042246587574481964,0.042246587574481964,0.03407985717058182,0.03407985717058182,0.044053513556718826,0.044053513556718826,0.04592781513929367,0.04592781513929367,0.04091029614210129,0.04091029614210129
[hmim]__[BF4]__R1234yf__333.13__0.482,HFC_all,Mreduced,R1234YF,HFO,HMIM,BF4,333.13,0.482,0.087,0.05352847054600716,0.005940828868336155,0.033471529453992836,0.05365363508462906,0.05365363508462906,0.04409143328666687,0.04409143328666687,0.05784052610397339,0.05784052610397339,0.05926933139562607,0.05926933139562607,0.052787426859140396,0.052787426859140396
[hmim]__[BF4]__R1234yf__333.19__0.582,HFC_all,Mreduced,R1234YF,HFO,HMIM,BF4,333.19,0.582,0.124,0.06486518532037736,0.004802655385037754,0.059134814679622644,0.06447941064834595,0.06447941064834595,0.05701995640993118,0.05701995640993118,0.06895354390144348,0.06895354390144348,0.06855979561805725,0.06855979561805725,0.06531322002410889,0.06531322002410889
[hmim]__[BF4]__R1234yf__343.22__0.157,HFC_all,Mreduced,R1234YF,HFO,HMIM,BF4,343.22,0.157,0.015,0.01785392314195633,0.004941376255389529,0.00285392314195633,0.018838703632354736,0.018838703632354736,0.009669095277786255,0.009669095277786255,0.017401836812496185,0.017401836812496185,0.022015877068042755,0.022015877068042755,0.021344102919101715,0.021344102919101715
[hmim]__[BF4]__R1234yf__343.22__0.26,HFC_all,Mreduced,R1234YF,HFO,HMIM,BF4,343.22,0.26,0.03,0.02398926243185997,0.003169658454612062,0.00601073756814003,0.025538701564073563,0.025538701564073563,0.018960438668727875,0.018960438668727875,0.022933609783649445,0.022933609783649445,0.026998206973075867,0.026998206973075867,0.025515355169773102,0.025515355169773102
[hmim]__[BF4]__R1234yf__343.23__0.404,HFC_all,Mreduced,R1234YF,HFO,HMIM,BF4,343.23,0.404,0.057,0.03650533184409142,0.004391655724362651,0.020494668155908585,0.03701893985271454,0.03701893985271454,0.029606826603412628,0.029606826603412628,0.03817060962319374,0.03817060962319374,0.04163848236203194,0.04163848236203194,0.03609180077910423,0.03609180077910423
[hmim]__[BF4]__R1234yf__343.2__0.515,HFC_all,Mreduced,R1234YF,HFO,HMIM,BF4,343.2,0.515,0.081,0.04786010906100273,0.005908897764408471,0.033139890938997274,0.04753701388835907,0.04753701388835907,0.038645971566438675,0.038645971566438675,0.051449693739414215,0.051449693739414215,0.054304033517837524,0.054304033517837524,0.04736383259296417,0.04736383259296417
[hmim]__[BF4]__R1234yf__343.2__0.622,HFC_all,Mreduced,R1234YF,HFO,HMIM,BF4,343.2,0.622,0.117,0.05774738043546677,0.004561078122309481,0.05925261956453324,0.057057756930589676,0.057057756930589676,0.05065910518169403,0.05065910518169403,0.061464451253414154,0.061464451253414154,0.06206173077225685,0.06206173077225685,0.05749385803937912,0.05749385803937912
[hmim]__[BF4]__R1234yf__353.23__0.167,HFC_all,Mreduced,R1234YF,HFO,HMIM,BF4,353.23,0.167,0.012,0.016280301660299302,0.005747970786491561,0.004280301660299302,0.017600908875465393,0.017600908875465393,0.006499256938695908,0.006499256938695908,0.016407296061515808,0.016407296061515808,0.020494818687438965,0.020494818687438965,0.020399227738380432,0.020399227738380432
[hmim]__[BF4]__R1234yf__353.23__0.277,HFC_all,Mreduced,R1234YF,HFO,HMIM,BF4,353.23,0.277,0.026,0.022171114385128022,0.0036030375449432822,0.003828885614871977,0.023684509098529816,0.023684509098529816,0.016176052391529083,0.016176052391529083,0.021614346653223038,0.021614346653223038,0.025279179215431213,0.025279179215431213,0.024101484566926956,0.024101484566926956
[hmim]__[BF4]__R1234yf__353.22__0.425,HFC_all,Mreduced,R1234YF,HFO,HMIM,BF4,353.22,0.425,0.052,0.03261655569076538,0.004732432970277013,0.019383444309234617,0.033188726752996445,0.033188726752996445,0.025128565728664398,0.025128565728664398,0.034483376890420914,0.034483376890420914,0.03805267810821533,0.03805267810821533,0.032229430973529816,0.032229430973529816
[hmim]__[BF4]__R1234yf__353.22__0.547,HFC_all,Mreduced,R1234YF,HFO,HMIM,BF4,353.22,0.547,0.076,0.04305841773748398,0.006206462797761808,0.03294158226251602,0.042448244988918304,0.042448244988918304,0.03351645916700363,0.03351645916700363,0.046794064342975616,0.046794064342975616,0.050016243010759354,0.050016243010759354,0.042517077177762985,0.042517077177762985
[hmim]__[BF4]__R1234yf__353.2__0.66,HFC_all,Mreduced,R1234YF,HFO,HMIM,BF4,353.2,0.66,0.111,0.05183081701397896,0.004315055556945921,0.05916918298602104,0.05093202367424965,0.05093202367424965,0.045465126633644104,0.045465126633644104,0.05494348704814911,0.05494348704814911,0.056630827486515045,0.056630827486515045,0.051182620227336884,0.051182620227336884
[hmim]__[BF4]__R1234ze(E)__283.15__0.044,HFC_all,Mreduced,R1234ZE(E),HFO,HMIM,BF4,283.15,0.044,0.0511,0.026795585453510285,0.0045777766109518555,0.024304414546489714,0.028121456503868103,0.028121456503868103,0.021062299609184265,0.021062299609184265,0.03201056644320488,0.03201056644320488,0.029683727771043777,0.029683727771043777,0.023099876940250397,0.023099876940250397
[hmim]__[BF4]__R1234ze(E)__283.15__0.082,HFC_all,Mreduced,R1234ZE(E),HFO,HMIM,BF4,283.15,0.082,0.099,0.05457225143909454,0.005892342623767733,0.044427748560905464,0.05540372431278229,0.05540372431278229,0.049593038856983185,0.049593038856983185,0.0638425424695015,0.0638425424695015,0.05468831956386566,0.05468831956386566,0.04933363199234009,0.04933363199234009
[hmim]__[BF4]__R1234ze(E)__283.15__0.117,HFC_all,Mreduced,R1234ZE(E),HFO,HMIM,BF4,283.15,0.117,0.1503,0.08350569009780884,0.006532212988794538,0.06679430990219115,0.08452747017145157,0.08452747017145157,0.07897789031267166,0.07897789031267166,0.09449248015880585,0.09449248015880585,0.07929429411888123,0.07929429411888123,0.08023631572723389,0.08023631572723389
[hmim]__[BF4]__R1234ze(E)__283.15__0.15,HFC_all,Mreduced,R1234ZE(E),HFO,HMIM,BF4,283.15,0.15,0.195,0.11377845704555511,0.007497383191595553,0.08122154295444489,0.1137605607509613,0.1137605607509613,0.11007881164550781,0.11007881164550781,0.12567763030529022,0.12567763030529022,0.10543937981128693,0.10543937981128693,0.11393590271472931,0.11393590271472931
[hmim]__[BF4]__R1234ze(E)__283.15__0.18,HFC_all,Mreduced,R1234ZE(E),HFO,HMIM,BF4,283.15,0.18,0.2387,0.14544048607349397,0.007463293997241941,0.09325951392650603,0.1445835530757904,0.1445835530757904,0.1448768675327301,0.1448768675327301,0.1565122902393341,0.1565122902393341,0.13548685610294342,0.13548685610294342,0.14574286341667175,0.14574286341667175
[hmim]__[BF4]__R1234ze(E)__283.15__0.21,HFC_all,Mreduced,R1234ZE(E),HFO,HMIM,BF4,283.15,0.21,0.2827,0.18065635859966278,0.008283057739753174,0.10204364140033723,0.17760810256004333,0.17760810256004333,0.1843176931142807,0.1843176931142807,0.19133733212947845,0.19133733212947845,0.16893158853054047,0.16893158853054047,0.18108707666397095,0.18108707666397095
[hmim]__[BF4]__R1234ze(E)__283.15__0.237,HFC_all,Mreduced,R1234ZE(E),HFO,HMIM,BF4,283.15,0.237,0.3241,0.21451689600944518,0.0094231098189641,0.10958310399055482,0.20784859359264374,0.20784859359264374,0.22350531816482544,0.22350531816482544,0.22367843985557556,0.22367843985557556,0.20244859158992767,0.20244859158992767,0.21510353684425354,0.21510353684425354
[hmim]__[BF4]__R1234ze(E)__293.15__0.049,HFC_all,Mreduced,R1234ZE(E),HFO,HMIM,BF4,293.15,0.049,0.0437,0.02714054360985756,0.005268658332719536,0.016559456390142443,0.02845044806599617,0.02845044806599617,0.01934889703989029,0.01934889703989029,0.031374603509902954,0.031374603509902954,0.032016459852457047,0.032016459852457047,0.024512309581041336,0.024512309581041336
[hmim]__[BF4]__R1234ze(E)__293.15__0.091,HFC_all,Mreduced,R1234ZE(E),HFO,HMIM,BF4,293.15,0.091,0.0852,0.04774037301540375,0.0049592467504578795,0.03745962698459625,0.04955180734395981,0.04955180734395981,0.04295144975185394,0.04295144975185394,0.053481582552194595,0.053481582552194595,0.050564512610435486,0.050564512610435486,0.042152512818574905,0.042152512818574905
[hmim]__[BF4]__R1234ze(E)__293.15__0.133,HFC_all,Mreduced,R1234ZE(E),HFO,HMIM,BF4,293.15,0.133,0.1233,0.07022560536861419,0.006705281843532968,0.053074394631385816,0.0728757232427597,0.0728757232427597,0.06463870406150818,0.06463870406150818,0.08032606542110443,0.08032606542110443,0.06928272545337677,0.06928272545337677,0.0640048086643219,0.0640048086643219
[hmim]__[BF4]__R1234ze(E)__293.15__0.173,HFC_all,Mreduced,R1234ZE(E),HFO,HMIM,BF4,293.15,0.173,0.1604,0.09498837888240814,0.0088055159324795,0.06541162111759184,0.09836061298847198,0.09836061298847198,0.08661234378814697,0.08661234378814697,0.10867194831371307,0.10867194831371307,0.08928664773702621,0.08928664773702621,0.09201034158468246,0.09201034158468246
[hmim]__[BF4]__R1234ze(E)__293.15__0.21,HFC_all,Mreduced,R1234ZE(E),HFO,HMIM,BF4,293.15,0.21,0.1959,0.12150551378726959,0.008537724759988378,0.0743944862127304,0.12620586156845093,0.12620586156845093,0.11453186720609665,0.11453186720609665,0.13298678398132324,0.13298678398132324,0.11207281053066254,0.11207281053066254,0.1217302456498146,0.1217302456498146
[hmim]__[BF4]__R1234ze(E)__293.15__0.247,HFC_all,Mreduced,R1234ZE(E),HFO,HMIM,BF4,293.15,0.247,0.2327,0.15234642922878266,0.007367116312092126,0.08035357077121733,0.15531960129737854,0.15531960129737854,0.15006092190742493,0.15006092190742493,0.1625557690858841,0.1625557690858841,0.14245769381523132,0.14245769381523132,0.15133816003799438,0.15133816003799438
[hmim]__[BF4]__R1234ze(E)__293.15__0.282,HFC_all,Mreduced,R1234ZE(E),HFO,HMIM,BF4,293.15,0.282,0.268,0.18626676499843597,0.007450952419971923,0.08173323500156404,0.1842566728591919,0.1842566728591919,0.190683513879776,0.190683513879776,0.19537638127803802,0.19537638127803802,0.17554771900177002,0.17554771900177002,0.18546953797340393,0.18546953797340393
[hmim]__[BF4]__R1234ze(E)__303.15__0.053,HFC_all,Mreduced,R1234ZE(E),HFO,HMIM,BF4,303.15,0.053,0.0367,0.029842211678624154,0.006789630922251148,0.00685778832137585,0.03083919733762741,0.03083919733762741,0.018734976649284363,0.018734976649284363,0.03494171053171158,0.03494171053171158,0.035624247044324875,0.035624247044324875,0.02907092683017254,0.02907092683017254
[hmim]__[BF4]__R1234ze(E)__303.15__0.101,HFC_all,Mreduced,R1234ZE(E),HFO,HMIM,BF4,303.15,0.101,0.0689,0.04609146192669868,0.005317887497232691,0.02280853807330132,0.047834694385528564,0.047834694385528564,0.03868510201573372,0.03868510201573372,0.05087476596236229,0.05087476596236229,0.05052885040640831,0.05052885040640831,0.04253389686346054,0.04253389686346054
[hmim]__[BF4]__R1234ze(E)__303.15__0.149,HFC_all,Mreduced,R1234ZE(E),HFO,HMIM,BF4,303.15,0.149,0.1001,0.06026950851082802,0.006076008636779306,0.039830491489171976,0.062238264828920364,0.062238264828920364,0.053424835205078125,0.053424835205078125,0.06848107278347015,0.06848107278347015,0.06206238642334938,0.06206238642334938,0.05514098331332207,0.05514098331332207
[hmim]__[BF4]__R1234ze(E)__303.15__0.193,HFC_all,Mreduced,R1234ZE(E),HFO,HMIM,BF4,303.15,0.193,0.1301,0.07766423970460892,0.007746130513803409,0.05243576029539107,0.08121983706951141,0.08121983706951141,0.06953903287649155,0.06953903287649155,0.08931317925453186,0.08931317925453186,0.07466892898082733,0.07466892898082733,0.07358022034168243,0.07358022034168243
[hmim]__[BF4]__R1234ze(E)__303.15__0.236,HFC_all,Mreduced,R1234ZE(E),HFO,HMIM,BF4,303.15,0.236,0.1591,0.09947884231805801,0.008787341996331377,0.05962115768194198,0.10523350536823273,0.10523350536823273,0.09011328220367432,0.09011328220367432,0.11166784912347794,0.11166784912347794,0.09403311461210251,0.09403311461210251,0.09634646028280258,0.09634646028280258
[hmim]__[BF4]__R1234ze(E)__303.15__0.28,HFC_all,Mreduced,R1234ZE(E),HFO,HMIM,BF4,303.15,0.28,0.1894,0.12515638172626495,0.007105814156111088,0.06424361827373506,0.13035011291503906,0.13035011291503906,0.11979423463344574,0.11979423463344574,0.13463075459003448,0.13463075459003448,0.11793642491102219,0.11793642491102219,0.1230703815817833,0.1230703815817833
[hmim]__[BF4]__R1234ze(E)__303.15__0.321,HFC_all,Mreduced,R1234ZE(E),HFO,HMIM,BF4,303.15,0.321,0.2184,0.1508445769548416,0.005990436812103375,0.06755542304515841,0.15304644405841827,0.15304644405841827,0.14731715619564056,0.14731715619564056,0.15960514545440674,0.15960514545440674,0.14382077753543854,0.14382077753543854,0.15043336153030396,0.15043336153030396
[hmim]__[BF4]__R1234ze(E)__313.15__0.057,HFC_all,Mreduced,R1234ZE(E),HFO,HMIM,BF4,313.15,0.057,0.0307,0.029380574822425842,0.007542676798850833,0.0013194251775741593,0.0299081914126873,0.0299081914126873,0.016606029123067856,0.016606029123067856,0.03430568799376488,0.03430568799376488,0.035594839602708817,0.035594839602708817,0.03048812597990036,0.03048812597990036
[hmim]__[BF4]__R1234ze(E)__313.15__0.11,HFC_all,Mreduced,R1234ZE(E),HFO,HMIM,BF4,313.15,0.11,0.056,0.04244876429438591,0.0058777866897095354,0.01355123570561409,0.04428644850850105,0.04428644850850105,0.03260941803455353,0.03260941803455353,0.04600679501891136,0.04600679501891136,0.04745187237858772,0.04745187237858772,0.041889287531375885,0.041889287531375885
[hmim]__[BF4]__R1234ze(E)__313.15__0.162,HFC_all,Mreduced,R1234ZE(E),HFO,HMIM,BF4,313.15,0.162,0.0813,0.05142729058861732,0.005764703404965763,0.029872709411382675,0.05375845730304718,0.05375845730304718,0.04314054921269417,0.04314054921269417,0.05834009870886803,0.05834009870886803,0.05324842780828476,0.05324842780828476,0.04864891991019249,0.04864891991019249
[hmim]__[BF4]__R1234ze(E)__313.15__0.212,HFC_all,Mreduced,R1234ZE(E),HFO,HMIM,BF4,313.15,0.212,0.1058,0.06306455805897712,0.006666673324403098,0.042735441941022884,0.06669458746910095,0.06669458746910095,0.05482891947031021,0.05482891947031021,0.07204513996839523,0.07204513996839523,0.06268735229969025,0.06268735229969025,0.05906679108738899,0.05906679108738899
[hmim]__[BF4]__R1234ze(E)__313.15__0.259,HFC_all,Mreduced,R1234ZE(E),HFO,HMIM,BF4,313.15,0.259,0.1295,0.07922908812761306,0.007134330698480533,0.05027091187238694,0.08309412002563477,0.08309412002563477,0.07088848203420639,0.07088848203420639,0.08922330290079117,0.08922330290079117,0.07788017392158508,0.07788017392158508,0.07505936175584793,0.07505936175584793
[hmim]__[BF4]__R1234ze(E)__313.15__0.308,HFC_all,Mreduced,R1234ZE(E),HFO,HMIM,BF4,313.15,0.308,0.1543,0.0981122076511383,0.006368944068968481,0.05618779234886169,0.10155079513788223,0.10155079513788223,0.09072315692901611,0.09072315692901611,0.10714734345674515,0.10714734345674515,0.09636712074279785,0.09636712074279785,0.09477262198925018,0.09477262198925018
[hmim]__[BF4]__R1234ze(E)__313.15__0.355,HFC_all,Mreduced,R1234ZE(E),HFO,HMIM,BF4,313.15,0.355,0.1782,0.11747399121522903,0.005280046381815179,0.06072600878477097,0.11919905245304108,0.11919905245304108,0.11052541434764862,0.11052541434764862,0.12499141693115234,0.12499141693115234,0.11558061093091965,0.11558061093091965,0.11707346141338348,0.11707346141338348
[hmim]__[BF4]__R1234ze(E)__323.15__0.062,HFC_all,Mreduced,R1234ZE(E),HFO,HMIM,BF4,323.15,0.062,0.0248,0.027103480696678162,0.007556067813292758,0.002303480696678163,0.027643736451864243,0.027643736451864243,0.01407228410243988,0.01407228410243988,0.032003674656152725,0.032003674656152725,0.032549772411584854,0.032549772411584854,0.029247935861349106,0.029247935861349106
[hmim]__[BF4]__R1234ze(E)__323.15__0.118,HFC_all,Mreduced,R1234ZE(E),HFO,HMIM,BF4,323.15,0.118,0.0454,0.03771609738469124,0.0061761127910896245,0.007683902615308762,0.03866107761859894,0.03866107761859894,0.027286849915981293,0.027286849915981293,0.04145830497145653,0.04145830497145653,0.043079670518636703,0.043079670518636703,0.03809458389878273,0.03809458389878273
[hmim]__[BF4]__R1234ze(E)__323.15__0.174,HFC_all,Mreduced,R1234ZE(E),HFO,HMIM,BF4,323.15,0.174,0.0667,0.04335415437817573,0.004936520961256221,0.023345845621824263,0.04615084081888199,0.04615084081888199,0.03563438355922699,0.03563438355922699,0.04850846156477928,0.04850846156477928,0.0445551723241806,0.0445551723241806,0.041921913623809814,0.041921913623809814
[hmim]__[BF4]__R1234ze(E)__323.15__0.228,HFC_all,Mreduced,R1234ZE(E),HFO,HMIM,BF4,323.15,0.228,0.0868,0.051081766933202745,0.005407984785225711,0.03571823306679726,0.05401796102523804,0.05401796102523804,0.04461082071065903,0.04461082071065903,0.058428242802619934,0.058428242802619934,0.05079693719744682,0.05079693719744682,0.047554872930049896,0.047554872930049896
[hmim]__[BF4]__R1234ze(E)__323.15__0.279,HFC_all,Mreduced,R1234ZE(E),HFO,HMIM,BF4,323.15,0.279,0.1063,0.06189882531762123,0.005442286901205746,0.04440117468237877,0.06378099322319031,0.06378099322319031,0.05589674785733223,0.05589674785733223,0.06990432739257812,0.06990432739257812,0.0618625283241272,0.0618625283241272,0.058049529790878296,0.058049529790878296
[hmim]__[BF4]__R1234ze(E)__323.15__0.333,HFC_all,Mreduced,R1234ZE(E),HFO,HMIM,BF4,323.15,0.333,0.1266,0.0760910764336586,0.005033311832926572,0.05050892356634139,0.07752683758735657,0.07752683758735657,0.07000166177749634,0.07000166177749634,0.0834248885512352,0.0834248885512352,0.07630310952663422,0.07630310952663422,0.07319888472557068,0.07319888472557068
[hmim]__[BF4]__R1234ze(E)__323.15__0.384,HFC_all,Mreduced,R1234ZE(E),HFO,HMIM,BF4,323.15,0.384,0.1464,0.09056575298309326,0.004779842969869844,0.05583424701690674,0.090899258852005,0.090899258852005,0.08382515609264374,0.08382515609264374,0.09725991636514664,0.09725991636514664,0.09112495929002762,0.09112495929002762,0.08971947431564331,0.08971947431564331
[hmim]__[BF4]__R1234ze(E)__333.15__0.066,HFC_all,Mreduced,R1234ZE(E),HFO,HMIM,BF4,333.15,0.066,0.0201,0.02432374358177185,0.007273786706489347,0.0042237435817718515,0.025273576378822327,0.025273576378822327,0.01161753386259079,0.01161753386259079,0.02906077727675438,0.02906077727675438,0.028883859515190125,0.028883859515190125,0.026782970875501633,0.026782970875501633
[hmim]__[BF4]__R1234ze(E)__333.15__0.125,HFC_all,Mreduced,R1234ZE(E),HFO,HMIM,BF4,333.15,0.125,0.0374,0.033844710886478425,0.006080757661467048,0.0035552891135215772,0.03490854799747467,0.03490854799747467,0.023406274616718292,0.023406274616718292,0.03800186514854431,0.03800186514854431,0.0383131317794323,0.0383131317794323,0.03459373489022255,0.03459373489022255
[hmim]__[BF4]__R1234ze(E)__333.15__0.185,HFC_all,Mreduced,R1234ZE(E),HFO,HMIM,BF4,333.15,0.185,0.055,0.03762783408164978,0.0047481571845027215,0.017372165918350217,0.04052024707198143,0.04052024707198143,0.029843710362911224,0.029843710362911224,0.04210624471306801,0.04210624471306801,0.03856925666332245,0.03856925666332245,0.03709971159696579,0.03709971159696579
[hmim]__[BF4]__R1234ze(E)__333.15__0.242,HFC_all,Mreduced,R1234ZE(E),HFO,HMIM,BF4,333.15,0.242,0.0718,0.04289020821452141,0.004586252163412589,0.028909791785478596,0.04607980698347092,0.04607980698347092,0.03748589754104614,0.03748589754104614,0.04885280877351761,0.04885280877351761,0.0420600026845932,0.0420600026845932,0.03997252508997917,0.03997252508997917
[hmim]__[BF4]__R1234ze(E)__333.15__0.298,HFC_all,Mreduced,R1234ZE(E),HFO,HMIM,BF4,333.15,0.298,0.088,0.05034807845950127,0.004720182164119423,0.03765192154049873,0.05249929428100586,0.05249929428100586,0.04518449306488037,0.04518449306488037,0.057180896401405334,0.057180896401405334,0.049824364483356476,0.049824364483356476,0.04705134406685829,0.04705134406685829
[hmim]__[BF4]__R1234ze(E)__333.15__0.355,HFC_all,Mreduced,R1234ZE(E),HFO,HMIM,BF4,333.15,0.355,0.1049,0.05992451682686806,0.004643797831926442,0.044975483173131936,0.06063311547040939,0.06063311547040939,0.054861441254615784,0.054861441254615784,0.06702619791030884,0.06702619791030884,0.06027067452669144,0.06027067452669144,0.056831154972314835,0.056831154972314835
[hmim]__[BF4]__R1234ze(E)__333.15__0.409,HFC_all,Mreduced,R1234ZE(E),HFO,HMIM,BF4,333.15,0.409,0.1218,0.07189519256353379,0.00483486866195794,0.04990480743646622,0.07089601457118988,0.07089601457118988,0.06628277152776718,0.06628277152776718,0.07944128662347794,0.07944128662347794,0.07277442514896393,0.07277442514896393,0.07008146494626999,0.07008146494626999
[hmim]__[BF4]__R1234ze(E)__343.15__0.069,HFC_all,Mreduced,R1234ZE(E),HFO,HMIM,BF4,343.15,0.069,0.016,0.02144450694322586,0.0073457987027597755,0.00544450694322586,0.023249559104442596,0.023249559104442596,0.008422896265983582,0.008422896265983582,0.02596316486597061,0.02596316486597061,0.02508779615163803,0.02508779615163803,0.024499118328094482,0.024499118328094482
[hmim]__[BF4]__R1234ze(E)__343.15__0.132,HFC_all,Mreduced,R1234ZE(E),HFO,HMIM,BF4,343.15,0.132,0.0305,0.03110169693827629,0.006080708306395757,0.0006016969382762923,0.03298813849687576,0.03298813849687576,0.020427919924259186,0.020427919924259186,0.03510592505335808,0.03510592505335808,0.034705474972724915,0.034705474972724915,0.03228102624416351,0.03228102624416351
[hmim]__[BF4]__R1234ze(E)__343.15__0.195,HFC_all,Mreduced,R1234ZE(E),HFO,HMIM,BF4,343.15,0.195,0.045,0.03409527838230133,0.0048642220457299394,0.01090472161769867,0.036858636885881424,0.036858636885881424,0.025830890983343124,0.025830890983343124,0.03832516819238663,0.03832516819238663,0.03478790074586868,0.03478790074586868,0.034673795104026794,0.034673795104026794
[hmim]__[BF4]__R1234ze(E)__343.15__0.256,HFC_all,Mreduced,R1234ZE(E),HFO,HMIM,BF4,343.15,0.256,0.059,0.03758376389741898,0.004140698300599842,0.02141623610258102,0.040450319647789,0.040450319647789,0.03180823475122452,0.03180823475122452,0.04255615174770355,0.04255615174770355,0.03682969883084297,0.03682969883084297,0.036274414509534836,0.036274414509534836
[hmim]__[BF4]__R1234ze(E)__343.15__0.315,HFC_all,Mreduced,R1234ZE(E),HFO,HMIM,BF4,343.15,0.315,0.0725,0.043315193802118304,0.004141704182541725,0.02918480619788169,0.04565830156207085,0.04565830156207085,0.038270942866802216,0.038270942866802216,0.04886658489704132,0.04886658489704132,0.04307335615158081,0.04307335615158081,0.040706783533096313,0.040706783533096313
[hmim]__[BF4]__R1234ze(E)__343.15__0.375,HFC_all,Mreduced,R1234ZE(E),HFO,HMIM,BF4,343.15,0.375,0.0867,0.05072677582502365,0.004516296461971083,0.03597322417497635,0.050725407898426056,0.050725407898426056,0.04537251219153404,0.04537251219153404,0.05758368968963623,0.05758368968963623,0.05152135342359543,0.05152135342359543,0.0484309159219265,0.0484309159219265
[hmim]__[BF4]__R1234ze(E)__343.15__0.434,HFC_all,Mreduced,R1234ZE(E),HFO,HMIM,BF4,343.15,0.434,0.1003,0.060617472231388095,0.005753208707977623,0.039682527768611905,0.0586269237101078,0.0586269237101078,0.053544431924819946,0.053544431924819946,0.06906373798847198,0.06906373798847198,0.06278052181005478,0.06278052181005478,0.05907174572348595,0.05907174572348595
[hmim]__[BF4]__R1233zd(E)__303.24__0.007,HFC_all,Mreduced,R1233ZD(E),HCFO,HMIM,BF4,303.24,0.007,0.007,0.03842859268188477,0.011148613430449534,0.03142859268188477,0.029444705694913864,0.029444705694913864,0.026749033480882645,0.026749033480882645,0.05232344567775726,0.05232344567775726,0.047472842037677765,0.047472842037677765,0.03615293651819229,0.03615293651819229
[hmim]__[BF4]__R1233zd(E)__303.07__0.018,HFC_all,Mreduced,R1233ZD(E),HCFO,HMIM,BF4,303.07,0.018,0.018,0.047120926529169084,0.011095611438534445,0.029120926529169085,0.037745263427495956,0.037745263427495956,0.03658630698919296,0.03658630698919296,0.061734531074762344,0.061734531074762344,0.05551314353942871,0.05551314353942871,0.04402538761496544,0.04402538761496544
[hmim]__[BF4]__R1233zd(E)__303.28__0.032,HFC_all,Mreduced,R1233ZD(E),HCFO,HMIM,BF4,303.28,0.032,0.033,0.05819394290447235,0.011068647198693616,0.025193942904472348,0.048513490706682205,0.048513490706682205,0.04934867098927498,0.04934867098927498,0.07335677742958069,0.07335677742958069,0.06629970669746399,0.06629970669746399,0.053451068699359894,0.053451068699359894
[hmim]__[BF4]__R1233zd(E)__303.17__0.05,HFC_all,Mreduced,R1233ZD(E),HCFO,HMIM,BF4,303.17,0.05,0.05,0.07375260144472122,0.01116088301221856,0.023752601444721216,0.0631336122751236,0.0631336122751236,0.0674784705042839,0.0674784705042839,0.08928626775741577,0.08928626775741577,0.08164047449827194,0.08164047449827194,0.0672241821885109,0.0672241821885109
[hmim]__[BF4]__R1233zd(E)__303.35__0.065,HFC_all,Mreduced,R1233ZD(E),HCFO,HMIM,BF4,303.35,0.065,0.065,0.08704161494970322,0.011485813662239094,0.02204161494970322,0.07544701546430588,0.07544701546430588,0.08216747641563416,0.08216747641563416,0.10303489863872528,0.10303489863872528,0.09481610357761383,0.09481610357761383,0.07974258065223694,0.07974258065223694
[hmim]__[BF4]__R1233zd(E)__303.13__0.083,HFC_all,Mreduced,R1233ZD(E),HCFO,HMIM,BF4,303.13,0.083,0.081,0.10467223227024078,0.012261186197467437,0.023672232270240776,0.09093279391527176,0.09093279391527176,0.10062520205974579,0.10062520205974579,0.121525339782238,0.121525339782238,0.11261331290006638,0.11261331290006638,0.09766451269388199,0.09766451269388199
[hmim]__[BF4]__R1233zd(E)__313.15__0.008,HFC_all,Mreduced,R1233ZD(E),HCFO,HMIM,BF4,313.15,0.008,0.006,0.03363972976803779,0.011021795224348794,0.027639729768037795,0.02435319870710373,0.02435319870710373,0.021982848644256592,0.021982848644256592,0.0449371337890625,0.0449371337890625,0.04515762999653816,0.04515762999653816,0.031767837703228,0.031767837703228
[hmim]__[BF4]__R1233zd(E)__313.12__0.021,HFC_all,Mreduced,R1233ZD(E),HCFO,HMIM,BF4,313.12,0.021,0.017,0.042186204344034195,0.01113322041657294,0.025186204344034194,0.03268241137266159,0.03268241137266159,0.031345661729574203,0.031345661729574203,0.054619986563920975,0.054619986563920975,0.053285274654626846,0.053285274654626846,0.03899768739938736,0.03899768739938736
[hmim]__[BF4]__R1233zd(E)__313.15__0.037,HFC_all,Mreduced,R1233ZD(E),HCFO,HMIM,BF4,313.15,0.037,0.031,0.05307871103286743,0.011254722793723953,0.022078711032867432,0.043763257563114166,0.043763257563114166,0.043036989867687225,0.043036989867687225,0.06702114641666412,0.06702114641666412,0.0632026195526123,0.0632026195526123,0.04836954176425934,0.04836954176425934
[hmim]__[BF4]__R1233zd(E)__313.15__0.057,HFC_all,Mreduced,R1233ZD(E),HCFO,HMIM,BF4,313.15,0.057,0.047,0.06690145134925843,0.011911760361019312,0.01990145134925843,0.05778393894433975,0.05778393894433975,0.05721548944711685,0.05721548944711685,0.08292244374752045,0.08292244374752045,0.07635711878538132,0.07635711878538132,0.060228265821933746,0.060228265821933746
[hmim]__[BF4]__R1233zd(E)__313.13__0.075,HFC_all,Mreduced,R1233ZD(E),HCFO,HMIM,BF4,313.13,0.075,0.062,0.07916274219751358,0.012398088835172218,0.017162742197513584,0.07076786458492279,0.07076786458492279,0.06933742761611938,0.06933742761611938,0.09597095102071762,0.09597095102071762,0.08893314003944397,0.08893314003944397,0.07080432772636414,0.07080432772636414
[hmim]__[BF4]__R1233zd(E)__313.15__0.095,HFC_all,Mreduced,R1233ZD(E),HCFO,HMIM,BF4,313.15,0.095,0.077,0.09301210194826126,0.0126747244572772,0.016012101948261262,0.08484061807394028,0.08484061807394028,0.08298081904649734,0.08298081904649734,0.10994347929954529,0.10994347929954529,0.10333580523729324,0.10333580523729324,0.08395978808403015,0.08395978808403015
[hmim]__[BF4]__R1233zd(E)__323.15__0.009,HFC_all,Mreduced,R1233ZD(E),HCFO,HMIM,BF4,323.15,0.009,0.006,0.030325154960155486,0.011465176802238422,0.024325154960155485,0.020630087703466415,0.020630087703466415,0.017958782613277435,0.017958782613277435,0.0393555574119091,0.0393555574119091,0.04433825612068176,0.04433825612068176,0.02934309095144272,0.02934309095144272
[hmim]__[BF4]__R1233zd(E)__323.15__0.024,HFC_all,Mreduced,R1233ZD(E),HCFO,HMIM,BF4,323.15,0.024,0.016,0.039074907451868056,0.011511143987801334,0.023074907451868056,0.02893850952386856,0.02893850952386856,0.027533508837223053,0.027533508837223053,0.04949948936700821,0.04949948936700821,0.052514515817165375,0.052514515817165375,0.03688851371407509,0.03688851371407509
[hmim]__[BF4]__R1233zd(E)__323.15__0.043,HFC_all,Mreduced,R1233ZD(E),HCFO,HMIM,BF4,323.15,0.043,0.029,0.05023198500275612,0.011722534021395265,0.02123198500275612,0.039732858538627625,0.039732858538627625,0.03945872560143471,0.03945872560143471,0.0626688227057457,0.0626688227057457,0.06270171701908112,0.06270171701908112,0.04659780114889145,0.04659780114889145
[hmim]__[BF4]__R1233zd(E)__323.16__0.066,HFC_all,Mreduced,R1233ZD(E),HCFO,HMIM,BF4,323.16,0.066,0.044,0.06267609894275665,0.01232563657633572,0.018676098942756653,0.05381806939840317,0.05381806939840317,0.050672486424446106,0.050672486424446106,0.07675085216760635,0.07675085216760635,0.07512504607439041,0.07512504607439041,0.057014040648937225,0.057014040648937225
[hmim]__[BF4]__R1233zd(E)__323.15__0.086,HFC_all,Mreduced,R1233ZD(E),HCFO,HMIM,BF4,323.15,0.086,0.058,0.07307789102196693,0.012852151055087952,0.015077891021966931,0.06570461392402649,0.06570461392402649,0.05983957275748253,0.05983957275748253,0.08758766949176788,0.08758766949176788,0.08617725968360901,0.08617725968360901,0.06608033925294876,0.06608033925294876
[hmim]__[BF4]__R1233zd(E)__323.16__0.109,HFC_all,Mreduced,R1233ZD(E),HCFO,HMIM,BF4,323.16,0.109,0.072,0.08548776358366013,0.013226911467321313,0.013487763583660134,0.08024845272302628,0.08024845272302628,0.07108268141746521,0.07108268141746521,0.10042712092399597,0.10042712092399597,0.09857794642448425,0.09857794642448425,0.07710261642932892,0.07710261642932892
[hmim]__[BF4]__R1233zd(E)__333.17__0.011,HFC_all,Mreduced,R1233ZD(E),HCFO,HMIM,BF4,333.17,0.011,0.005,0.02739955931901932,0.011811284389350637,0.022399559319019317,0.017655760049819946,0.017655760049819946,0.014679670333862305,0.014679670333862305,0.035048261284828186,0.035048261284828186,0.04296315461397171,0.04296315461397171,0.02665095031261444,0.02665095031261444
[hmim]__[BF4]__R1233zd(E)__333.16__0.028,HFC_all,Mreduced,R1233ZD(E),HCFO,HMIM,BF4,333.16,0.028,0.015,0.03635409399867058,0.01190824523078079,0.02135409399867058,0.026043307036161423,0.026043307036161423,0.024358145892620087,0.024358145892620087,0.04522797465324402,0.04522797465324402,0.05167411267757416,0.05167411267757416,0.034466929733753204,0.034466929733753204
[hmim]__[BF4]__R1233zd(E)__333.16__0.05,HFC_all,Mreduced,R1233ZD(E),HCFO,HMIM,BF4,333.16,0.05,0.027,0.047481819242239,0.012370477876189008,0.020481819242239,0.0368320569396019,0.0368320569396019,0.035754572600126266,0.035754572600126266,0.05797945708036423,0.05797945708036423,0.06291911005973816,0.06291911005973816,0.04392389953136444,0.04392389953136444
[hmim]__[BF4]__R1233zd(E)__333.16__0.075,HFC_all,Mreduced,R1233ZD(E),HCFO,HMIM,BF4,333.16,0.075,0.041,0.05886795371770859,0.01304606123826492,0.017867953717708586,0.04981593042612076,0.04981593042612076,0.044896647334098816,0.044896647334098816,0.07055996358394623,0.07055996358394623,0.07460237294435501,0.07460237294435501,0.054464854300022125,0.054464854300022125
[hmim]__[BF4]__R1233zd(E)__333.23__0.097,HFC_all,Mreduced,R1233ZD(E),HCFO,HMIM,BF4,333.23,0.097,0.054,0.06817570924758912,0.013082994347436636,0.014175709247589117,0.06167139112949371,0.06167139112949371,0.05277908593416214,0.05277908593416214,0.07975535094738007,0.07975535094738007,0.08377532660961151,0.08377532660961151,0.06289739161729813,0.06289739161729813
[hmim]__[BF4]__R1233zd(E)__333.17__0.125,HFC_all,Mreduced,R1233ZD(E),HCFO,HMIM,BF4,333.17,0.125,0.067,0.08001771867275238,0.013543773864692157,0.01301771867275238,0.07588400691747665,0.07588400691747665,0.06306418031454086,0.06306418031454086,0.09244111180305481,0.09244111180305481,0.09524352848529816,0.09524352848529816,0.07345576584339142,0.07345576584339142
[hmim]__[BF4]__R1233zd(E)__343.19__0.013,HFC_all,Mreduced,R1233ZD(E),HCFO,HMIM,BF4,343.19,0.013,0.004,0.024120990931987763,0.011978956657614847,0.020120990931987763,0.014567799866199493,0.014567799866199493,0.011145465075969696,0.011145465075969696,0.03105287253856659,0.03105287253856659,0.04042447358369827,0.04042447358369827,0.02341434359550476,0.02341434359550476
[hmim]__[BF4]__R1233zd(E)__343.15__0.032,HFC_all,Mreduced,R1233ZD(E),HCFO,HMIM,BF4,343.15,0.032,0.013,0.03345953747630119,0.012189710583475616,0.020459537476301193,0.02323809266090393,0.02323809266090393,0.021115120500326157,0.021115120500326157,0.0418737418949604,0.0418737418949604,0.04966115579009056,0.04966115579009056,0.031409576535224915,0.031409576535224915
[hmim]__[BF4]__R1233zd(E)__343.17__0.057,HFC_all,Mreduced,R1233ZD(E),HCFO,HMIM,BF4,343.17,0.057,0.024,0.04446942359209061,0.012807507029718177,0.020469423592090606,0.03426128625869751,0.03426128625869751,0.03171451389789581,0.03171451389789581,0.053780049085617065,0.053780049085617065,0.061526790261268616,0.061526790261268616,0.04106447845697403,0.04106447845697403
[hmim]__[BF4]__R1233zd(E)__343.16__0.086,HFC_all,Mreduced,R1233ZD(E),HCFO,HMIM,BF4,343.16,0.086,0.037,0.055749887228012086,0.013479210358125052,0.018749887228012088,0.047208599746227264,0.047208599746227264,0.04088158905506134,0.04088158905506134,0.06570635735988617,0.06570635735988617,0.07350169122219086,0.07350169122219086,0.051451198756694794,0.051451198756694794
[hmim]__[BF4]__R1233zd(E)__343.18__0.111,HFC_all,Mreduced,R1233ZD(E),HCFO,HMIM,BF4,343.18,0.111,0.05,0.06480899602174758,0.013787808477538334,0.01480899602174758,0.05858466774225235,0.05858466774225235,0.04820296913385391,0.04820296913385391,0.07533881068229675,0.07533881068229675,0.08234749734401703,0.08234749734401703,0.0595710352063179,0.0595710352063179
[hmim]__[BF4]__R1233zd(E)__343.18__0.142,HFC_all,Mreduced,R1233ZD(E),HCFO,HMIM,BF4,343.18,0.142,0.062,0.07481581419706344,0.013549438261459296,0.012815814197063444,0.07098438590765,0.07098438590765,0.057091377675533295,0.057091377675533295,0.08615584671497345,0.08615584671497345,0.0905240997672081,0.0905240997672081,0.06932336091995239,0.06932336091995239
[hmim]__[OTf]__R1234yf__303.2__0.0619,HFC_all,Mreduced,R1234YF,HFO,HMIM,OTF,303.2,0.0619,0.02866,0.01727568656206131,0.004125736536195464,0.011384313437938692,0.013610027730464935,0.013610027730464935,0.012436483055353165,0.012436483055353165,0.020329207181930542,0.020329207181930542,0.021878764033317566,0.021878764033317566,0.01812395080924034,0.01812395080924034
[hmim]__[OTf]__R1234yf__313.2__0.0653,HFC_all,Mreduced,R1234YF,HFO,HMIM,OTF,313.2,0.0653,0.02383,0.01836746707558632,0.005020791025619029,0.00546253292441368,0.01470387727022171,0.01470387727022171,0.011908657848834991,0.011908657848834991,0.02008163183927536,0.02008163183927536,0.02449612319469452,0.02449612319469452,0.020647045224905014,0.020647045224905014
[hmim]__[OTf]__R1234yf__323.2__0.0731,HFC_all,Mreduced,R1234YF,HFO,HMIM,OTF,323.2,0.0731,0.02144,0.01773395836353302,0.005185361028399921,0.00370604163646698,0.015175990760326385,0.015175990760326385,0.010299727320671082,0.010299727320671082,0.019144155085086823,0.019144155085086823,0.02388598769903183,0.02388598769903183,0.02016393095254898,0.02016393095254898
[hmim]__[OTf]__R1234yf__333.2__0.076,HFC_all,Mreduced,R1234YF,HFO,HMIM,OTF,333.2,0.076,0.01818,0.015084701776504516,0.005479982200739076,0.003095298223495486,0.01374237984418869,0.01374237984418869,0.006496839225292206,0.006496839225292206,0.016460925340652466,0.016460925340652466,0.021106459200382233,0.021106459200382233,0.01761690527200699,0.01761690527200699
[hmim]__[OTf]__R1234yf__343.2__0.0824,HFC_all,Mreduced,R1234YF,HFO,HMIM,OTF,343.2,0.0824,0.01629,0.013291922211647034,0.00576783521488198,0.0029980777883529645,0.013593241572380066,0.013593241572380066,0.003602631390094757,0.003602631390094757,0.01467335969209671,0.01467335969209671,0.018897980451583862,0.018897980451583862,0.015692397952079773,0.015692397952079773
[hmim]__[OTf]__R1234yf__303.09__0.127,HFC_all,Mreduced,R1234YF,HFO,HMIM,OTF,303.09,0.127,0.036,0.03211526870727539,0.002486406394302613,0.003884731292724604,0.030179109424352646,0.030179109424352646,0.0315280482172966,0.0315280482172966,0.03232267498970032,0.03232267498970032,0.0362657830119133,0.0362657830119133,0.03028072789311409,0.03028072789311409
[hmim]__[OTf]__R1234yf__303.13__0.215,HFC_all,Mreduced,R1234YF,HFO,HMIM,OTF,303.13,0.215,0.061,0.050498883426189425,0.0014773025760014692,0.010501116573810573,0.052706923335790634,0.052706923335790634,0.04982130602002144,0.04982130602002144,0.0512591227889061,0.0512591227889061,0.04966459423303604,0.04966459423303604,0.0490424707531929,0.0490424707531929
[hmim]__[OTf]__R1234yf__303.15__0.288,HFC_all,Mreduced,R1234YF,HFO,HMIM,OTF,303.15,0.288,0.082,0.070954929292202,0.0027175491961718952,0.011045070707798005,0.07501672208309174,0.07501672208309174,0.06766268610954285,0.06766268610954285,0.0718076229095459,0.0718076229095459,0.06986065953969955,0.06986065953969955,0.07042695581912994,0.07042695581912994
[hmim]__[OTf]__R1234yf__303.03__0.375,HFC_all,Mreduced,R1234YF,HFO,HMIM,OTF,303.03,0.375,0.11,0.0987328588962555,0.0023510589591218068,0.011267141103744507,0.10266204923391342,0.10266204923391342,0.09721259027719498,0.09721259027719498,0.09855441749095917,0.09855441749095917,0.09665824472904205,0.09665824472904205,0.09857699275016785,0.09857699275016785
[hmim]__[OTf]__R1234yf__303.02__0.498,HFC_all,Mreduced,R1234YF,HFO,HMIM,OTF,303.02,0.498,0.151,0.14401557445526122,0.002949734423831268,0.00698442554473877,0.14288124442100525,0.14288124442100525,0.14907914400100708,0.14907914400100708,0.1425274759531021,0.1425274759531021,0.1416367143392563,0.1416367143392563,0.14395329356193542,0.14395329356193542
[hmim]__[OTf]__R1234yf__313.19__0.14,HFC_all,Mreduced,R1234YF,HFO,HMIM,OTF,313.19,0.14,0.032,0.031161559373140336,0.0031097618654796614,0.0008384406268596642,0.028922267258167267,0.028922267258167267,0.028582856059074402,0.028582856059074402,0.030383236706256866,0.030383236706256866,0.036278463900089264,0.036278463900089264,0.031640972942113876,0.031640972942113876
[hmim]__[OTf]__R1234yf__313.16__0.237,HFC_all,Mreduced,R1234YF,HFO,HMIM,OTF,313.16,0.237,0.053,0.04516315162181854,0.0012004572537152897,0.007836848378181459,0.04569883272051811,0.04569883272051811,0.04306025803089142,0.04306025803089142,0.0458935871720314,0.0458935871720314,0.04587449133396149,0.04587449133396149,0.04528858885169029,0.04528858885169029
[hmim]__[OTf]__R1234yf__313.17__0.318,HFC_all,Mreduced,R1234YF,HFO,HMIM,OTF,313.17,0.318,0.072,0.061931414902210234,0.0025994343806574087,0.01006858509778976,0.06455834209918976,0.06455834209918976,0.05809635668992996,0.05809635668992996,0.06346575170755386,0.06346575170755386,0.06299559026956558,0.06299559026956558,0.06054103374481201,0.06054103374481201
[hmim]__[OTf]__R1234yf__313.11__0.416,HFC_all,Mreduced,R1234YF,HFO,HMIM,OTF,313.11,0.416,0.096,0.08460944890975952,0.0027721431035435504,0.01139055109024048,0.08832201361656189,0.08832201361656189,0.08082041144371033,0.08082041144371033,0.08583622425794601,0.08583622425794601,0.08449937403202057,0.08449937403202057,0.08356922119855881,0.08356922119855881
[hmim]__[OTf]__R1234yf__313.12__0.557,HFC_all,Mreduced,R1234YF,HFO,HMIM,OTF,313.12,0.557,0.132,0.12261966317892074,0.0020156225580726978,0.009380336821079263,0.12281185388565063,0.12281185388565063,0.12453671544790268,0.12453671544790268,0.1230582743883133,0.1230582743883133,0.1192125752568245,0.1192125752568245,0.12347889691591263,0.12347889691591263
[hmim]__[OTf]__R1234yf__323.2__0.151,HFC_all,Mreduced,R1234YF,HFO,HMIM,OTF,323.2,0.151,0.028,0.028500813245773315,0.0035343282454550437,0.0005008132457733142,0.026351511478424072,0.026351511478424072,0.024587903171777725,0.024587903171777725,0.027538955211639404,0.027538955211639404,0.033503081649541855,0.033503081649541855,0.03052261471748352,0.03052261471748352
[hmim]__[OTf]__R1234yf__323.17__0.257,HFC_all,Mreduced,R1234YF,HFO,HMIM,OTF,323.17,0.257,0.047,0.03974296003580093,0.001984993939930324,0.007257039964199068,0.039583660662174225,0.039583660662174225,0.03690935671329498,0.03690935671329498,0.039769358932971954,0.039769358932971954,0.042511776089668274,0.042511776089668274,0.03994064778089523,0.03994064778089523
[hmim]__[OTf]__R1234yf__323.17__0.346,HFC_all,Mreduced,R1234YF,HFO,HMIM,OTF,323.17,0.346,0.063,0.05401943475008011,0.002937907239038396,0.008980565249919893,0.05550573021173477,0.05550573021173477,0.04992436617612839,0.04992436617612839,0.05527374893426895,0.05527374893426895,0.05725165456533432,0.05725165456533432,0.05214167386293411,0.05214167386293411
[hmim]__[OTf]__R1234yf__323.12__0.455,HFC_all,Mreduced,R1234YF,HFO,HMIM,OTF,323.12,0.455,0.084,0.07388174682855606,0.00348715643848892,0.01011825317144395,0.07601175457239151,0.07601175457239151,0.06866699457168579,0.06866699457168579,0.07498453557491302,0.07498453557491302,0.0774928629398346,0.0774928629398346,0.07225258648395538,0.07225258648395538
[hmim]__[OTf]__R1234yf__323.13__0.612,HFC_all,Mreduced,R1234YF,HFO,HMIM,OTF,323.13,0.612,0.115,0.10474110245704651,0.0013672510141034709,0.01025889754295349,0.1058151051402092,0.1058151051402092,0.10484273731708527,0.10484273731708527,0.10624554753303528,0.10624554753303528,0.10292204469442368,0.10292204469442368,0.10388007760047913,0.10388007760047913
[hmim]__[OTf]__R1234yf__333.2__0.163,HFC_all,Mreduced,R1234YF,HFO,HMIM,OTF,333.2,0.163,0.025,0.025680626183748244,0.0035937102332830127,0.0006806261837482425,0.024235952645540237,0.024235952645540237,0.021073415875434875,0.021073415875434875,0.024591907858848572,0.024591907858848572,0.030163653194904327,0.030163653194904327,0.028338201344013214,0.028338201344013214
[hmim]__[OTf]__R1234yf__333.17__0.276,HFC_all,Mreduced,R1234YF,HFO,HMIM,OTF,333.17,0.276,0.042,0.034972880780696866,0.0020916371474356144,0.0070271192193031365,0.03488371521234512,0.03488371521234512,0.032423436641693115,0.032423436641693115,0.034276772290468216,0.034276772290468216,0.03821304440498352,0.03821304440498352,0.03506743535399437,0.03506743535399437
[hmim]__[OTf]__R1234yf__333.26__0.37,HFC_all,Mreduced,R1234YF,HFO,HMIM,OTF,333.26,0.37,0.057,0.04718049168586731,0.00310983056671863,0.00981950831413269,0.04776722937822342,0.04776722937822342,0.04326438903808594,0.04326438903808594,0.04837796092033386,0.04837796092033386,0.051352694630622864,0.051352694630622864,0.045140184462070465,0.045140184462070465
[hmim]__[OTf]__R1234yf__333.16__0.491,HFC_all,Mreduced,R1234YF,HFO,HMIM,OTF,333.16,0.491,0.074,0.06584689244627953,0.004172192888498354,0.008153107553720465,0.06660936027765274,0.06660936027765274,0.0602811761200428,0.0602811761200428,0.06683379411697388,0.06683379411697388,0.0716160237789154,0.0716160237789154,0.0638941079378128,0.0638941079378128
[hmim]__[OTf]__R1234yf__333.15__0.662,HFC_all,Mreduced,R1234YF,HFO,HMIM,OTF,333.15,0.662,0.102,0.09123205840587616,0.0021075578411017615,0.010767941594123837,0.09158441424369812,0.09158441424369812,0.08950719982385635,0.08950719982385635,0.09361698478460312,0.09361698478460312,0.09278345853090286,0.09278345853090286,0.08866823464632034,0.08866823464632034
[hmim]__[OTf]__R1234yf__343.24__0.174,HFC_all,Mreduced,R1234YF,HFO,HMIM,OTF,343.24,0.174,0.022,0.02336960919201374,0.003745239923956077,0.0013696091920137425,0.0230482816696167,0.0230482816696167,0.01787373796105385,0.01787373796105385,0.022257745265960693,0.022257745265960693,0.02736198529601097,0.02736198529601097,0.02630629576742649,0.02630629576742649
[hmim]__[OTf]__R1234yf__343.19__0.294,HFC_all,Mreduced,R1234YF,HFO,HMIM,OTF,343.19,0.294,0.037,0.031006480008363722,0.0024087719310112972,0.005993519991636276,0.030917100608348846,0.030917100608348846,0.02852410450577736,0.02852410450577736,0.030006535351276398,0.030006535351276398,0.03499007225036621,0.03499007225036621,0.030594587326049805,0.030594587326049805
[hmim]__[OTf]__R1234yf__343.26__0.395,HFC_all,Mreduced,R1234YF,HFO,HMIM,OTF,343.26,0.395,0.051,0.041977661103010176,0.003623237914117942,0.00902233889698982,0.04177745804190636,0.04177745804190636,0.03770964965224266,0.03770964965224266,0.043230727314949036,0.043230727314949036,0.047294456511735916,0.047294456511735916,0.03987601399421692,0.03987601399421692
[hmim]__[OTf]__R1234yf__343.18__0.524,HFC_all,Mreduced,R1234YF,HFO,HMIM,OTF,343.18,0.524,0.066,0.05902471840381622,0.004656529144581471,0.006975281596183783,0.058779142796993256,0.058779142796993256,0.053190164268016815,0.053190164268016815,0.060185905545949936,0.060185905545949936,0.06591049581766129,0.06591049581766129,0.057057883590459824,0.057057883590459824
[hmim]__[OTf]__R1234yf__343.17__0.709,HFC_all,Mreduced,R1234YF,HFO,HMIM,OTF,343.17,0.709,0.091,0.08077226728200912,0.002735541764218614,0.010227732717990878,0.08142393827438354,0.08142393827438354,0.0784555971622467,0.0784555971622467,0.08242278546094894,0.08242278546094894,0.08405187726020813,0.08405187726020813,0.0775071382522583,0.0775071382522583
[hmim]__[OTf]__R1234yf__353.25__0.184,HFC_all,Mreduced,R1234YF,HFO,HMIM,OTF,353.25,0.184,0.019,0.021920915320515634,0.004583914088030194,0.0029209153205156345,0.02284283936023712,0.02284283936023712,0.014616727828979492,0.014616727828979492,0.02076229825615883,0.02076229825615883,0.02588259056210518,0.02588259056210518,0.025500120595097542,0.025500120595097542
[hmim]__[OTf]__R1234yf__353.22__0.311,HFC_all,Mreduced,R1234YF,HFO,HMIM,OTF,353.22,0.311,0.034,0.028752555325627326,0.0025732535396972935,0.005247444674372676,0.028711706399917603,0.028711706399917603,0.025654412806034088,0.025654412806034088,0.028079010546207428,0.028079010546207428,0.03279950097203255,0.03279950097203255,0.02851814590394497,0.02851814590394497
[hmim]__[OTf]__R1234yf__353.27__0.419,HFC_all,Mreduced,R1234YF,HFO,HMIM,OTF,353.27,0.419,0.045,0.038233333826065065,0.0035105373891914267,0.0067666661739349335,0.03815467655658722,0.03815467655658722,0.03381776064634323,0.03381776064634323,0.03938814252614975,0.03938814252614975,0.043285541236400604,0.043285541236400604,0.03652054816484451,0.03652054816484451
[hmim]__[OTf]__R1234yf__353.19__0.555,HFC_all,Mreduced,R1234YF,HFO,HMIM,OTF,353.19,0.555,0.06,0.05324893072247505,0.005030294632611447,0.006751069277524946,0.05224233493208885,0.05224233493208885,0.04661731794476509,0.04661731794476509,0.055618807673454285,0.055618807673454285,0.06016853451728821,0.06016853451728821,0.051597658544778824,0.051597658544778824
[hmim]__[OTf]__R1234yf__353.2__0.752,HFC_all,Mreduced,R1234YF,HFO,HMIM,OTF,353.2,0.752,0.082,0.0727104514837265,0.0030625452715942547,0.009289548516273505,0.07267037779092789,0.07267037779092789,0.0696900486946106,0.0696900486946106,0.0744759738445282,0.0744759738445282,0.07685340940952301,0.07685340940952301,0.06986244767904282,0.06986244767904282
[hmim]__[OTf]__R1233zd(E)__303.22__0.009,HFC_all,Mreduced,R1233ZD(E),HCFO,HMIM,OTF,303.22,0.009,0.011,0.054948505759239194,0.011549851739105457,0.0439485057592392,0.04791341722011566,0.04791341722011566,0.042806074023246765,0.042806074023246765,0.07157619297504425,0.07157619297504425,0.061558887362480164,0.061558887362480164,0.05088795721530914,0.05088795721530914
[hmim]__[OTf]__R1233zd(E)__303.45__0.022,HFC_all,Mreduced,R1233ZD(E),HCFO,HMIM,OTF,303.45,0.022,0.028,0.06661717668175697,0.0115084507759642,0.03861717668175697,0.05892796069383621,0.05892796069383621,0.055655550211668015,0.055655550211668015,0.08325187116861343,0.08325187116861343,0.07361486554145813,0.07361486554145813,0.061635635793209076,0.061635635793209076
[hmim]__[OTf]__R1233zd(E)__303.15__0.036,HFC_all,Mreduced,R1233ZD(E),HCFO,HMIM,OTF,303.15,0.036,0.047,0.08073129653930664,0.011312934943976116,0.033731296539306635,0.07242363691329956,0.07242363691329956,0.07152050733566284,0.07152050733566284,0.09701691567897797,0.09701691567897797,0.08813346177339554,0.08813346177339554,0.0745619609951973,0.0745619609951973
[hmim]__[OTf]__R1233zd(E)__303.15__0.051,HFC_all,Mreduced,R1233ZD(E),HCFO,HMIM,OTF,303.15,0.051,0.066,0.09648723900318146,0.011369806461167718,0.030487239003181454,0.08712315559387207,0.08712315559387207,0.08946545422077179,0.08946545422077179,0.11260213702917099,0.11260213702917099,0.10438068211078644,0.10438068211078644,0.088864766061306,0.088864766061306
[hmim]__[OTf]__R1233zd(E)__303.15__0.066,HFC_all,Mreduced,R1233ZD(E),HCFO,HMIM,OTF,303.15,0.066,0.084,0.11359128654003144,0.011800981502742546,0.02959128654003143,0.10259174555540085,0.10259174555540085,0.10866313427686691,0.10866313427686691,0.1300843060016632,0.1300843060016632,0.1216631606221199,0.1216631606221199,0.10495408624410629,0.10495408624410629
[hmim]__[OTf]__R1233zd(E)__303.15__0.081,HFC_all,Mreduced,R1233ZD(E),HCFO,HMIM,OTF,303.15,0.081,0.103,0.13234602212905883,0.01203374803133676,0.029346022129058832,0.11980318278074265,0.11980318278074265,0.128265842795372,0.128265842795372,0.14898055791854858,0.14898055791854858,0.14035792648792267,0.14035792648792267,0.12432260066270828,0.12432260066270828
[hmim]__[OTf]__R1233zd(E)__313.15__0.011,HFC_all,Mreduced,R1233ZD(E),HCFO,HMIM,OTF,313.15,0.011,0.01,0.047208938747644424,0.011629740928964403,0.03720893874764442,0.04058873653411865,0.04058873653411865,0.03339799493551254,0.03339799493551254,0.06166457012295723,0.06166457012295723,0.05650603771209717,0.05650603771209717,0.04388735443353653,0.04388735443353653
[hmim]__[OTf]__R1233zd(E)__313.15__0.025,HFC_all,Mreduced,R1233ZD(E),HCFO,HMIM,OTF,313.15,0.025,0.026,0.05793474763631821,0.011440071696990278,0.031934747636318206,0.051067013293504715,0.051067013293504715,0.04568834602832794,0.04568834602832794,0.07330524921417236,0.07330524921417236,0.06625253707170486,0.06625253707170486,0.05336059257388115,0.05336059257388115
[hmim]__[OTf]__R1233zd(E)__313.17__0.041,HFC_all,Mreduced,R1233ZD(E),HCFO,HMIM,OTF,313.17,0.041,0.044,0.07081481367349625,0.011539135387336844,0.02681481367349625,0.06364332884550095,0.06364332884550095,0.060076698660850525,0.060076698660850525,0.087039053440094,0.087039053440094,0.07877167314291,0.07877167314291,0.06454331427812576,0.06454331427812576
[hmim]__[OTf]__R1233zd(E)__313.15__0.058,HFC_all,Mreduced,R1233ZD(E),HCFO,HMIM,OTF,313.15,0.058,0.062,0.08522723019123077,0.01176762405241141,0.02322723019123077,0.07803040742874146,0.07803040742874146,0.07596763968467712,0.07596763968467712,0.10192330181598663,0.10192330181598663,0.09340155869722366,0.09340155869722366,0.076813243329525,0.076813243329525
[hmim]__[OTf]__R1233zd(E)__313.12__0.075,HFC_all,Mreduced,R1233ZD(E),HCFO,HMIM,OTF,313.12,0.075,0.08,0.09980790466070175,0.012230856681864464,0.019807904660701744,0.09272568672895432,0.09272568672895432,0.0909525528550148,0.0909525528550148,0.11716572940349579,0.11716572940349579,0.10824921727180481,0.10824921727180481,0.08994633704423904,0.08994633704423904
[hmim]__[OTf]__R1233zd(E)__313.13__0.093,HFC_all,Mreduced,R1233ZD(E),HCFO,HMIM,OTF,313.13,0.093,0.099,0.11570342779159545,0.012748473536466753,0.01670342779159545,0.10833301395177841,0.10833301395177841,0.1065339520573616,0.1065339520573616,0.13372792303562164,0.13372792303562164,0.12459719181060791,0.12459719181060791,0.10532505810260773,0.10532505810260773
[hmim]__[OTf]__R1233zd(E)__323.15__0.013,HFC_all,Mreduced,R1233ZD(E),HCFO,HMIM,OTF,323.15,0.013,0.009,0.04251231849193573,0.01179135343036023,0.03351231849193573,0.03527621924877167,0.03527621924877167,0.028387941420078278,0.028387941420078278,0.053170010447502136,0.053170010447502136,0.05603144317865372,0.05603144317865372,0.03969597816467285,0.03969597816467285
[hmim]__[OTf]__R1233zd(E)__323.19__0.029,HFC_all,Mreduced,R1233ZD(E),HCFO,HMIM,OTF,323.19,0.029,0.024,0.05316535010933876,0.01182162152074835,0.02916535010933876,0.04570990055799484,0.04570990055799484,0.040013689547777176,0.040013689547777176,0.06537457555532455,0.06537457555532455,0.06591197103261948,0.06591197103261948,0.04881661385297775,0.04881661385297775
[hmim]__[OTf]__R1233zd(E)__323.18__0.048,HFC_all,Mreduced,R1233ZD(E),HCFO,HMIM,OTF,323.18,0.048,0.042,0.06595014408230782,0.01192495707221568,0.023950144082307813,0.058755069971084595,0.058755069971084595,0.05402102321386337,0.05402102321386337,0.07977249473333359,0.07977249473333359,0.07781066000461578,0.07781066000461578,0.05939147248864174,0.05939147248864174
[hmim]__[OTf]__R1233zd(E)__323.16__0.067,HFC_all,Mreduced,R1233ZD(E),HCFO,HMIM,OTF,323.16,0.067,0.059,0.07881744056940079,0.012351642782014081,0.019817440569400796,0.07214725017547607,0.07214725017547607,0.0672832801938057,0.0672832801938057,0.09385316073894501,0.09385316073894501,0.09044244885444641,0.09044244885444641,0.07036106288433075,0.07036106288433075
[hmim]__[OTf]__R1233zd(E)__323.15__0.085,HFC_all,Mreduced,R1233ZD(E),HCFO,HMIM,OTF,323.15,0.085,0.076,0.09029635936021804,0.012720659374587868,0.014296359360218044,0.08462456613779068,0.08462456613779068,0.07813749462366104,0.07813749462366104,0.10599313676357269,0.10599313676357269,0.10181767493486404,0.10181767493486404,0.08090892434120178,0.08090892434120178
[hmim]__[OTf]__R1233zd(E)__323.15__0.107,HFC_all,Mreduced,R1233ZD(E),HCFO,HMIM,OTF,323.15,0.107,0.093,0.10511029362678528,0.012973416114731828,0.012110293626785285,0.10085943341255188,0.10085943341255188,0.09194633364677429,0.09194633364677429,0.12131392955780029,0.12131392955780029,0.1161702424287796,0.1161702424287796,0.09526152908802032,0.09526152908802032
[hmim]__[OTf]__R1233zd(E)__333.17__0.016,HFC_all,Mreduced,R1233ZD(E),HCFO,HMIM,OTF,333.17,0.016,0.007,0.03879274502396583,0.012215440708441654,0.031792745023965834,0.030703745782375336,0.030703745782375336,0.024854250252246857,0.024854250252246857,0.046732909977436066,0.046732909977436066,0.055187392979860306,0.055187392979860306,0.036485426127910614,0.036485426127910614
[hmim]__[OTf]__R1233zd(E)__333.15__0.034,HFC_all,Mreduced,R1233ZD(E),HCFO,HMIM,OTF,333.15,0.034,0.022,0.049311349540948866,0.012396735306431322,0.027311349540948868,0.04088519513607025,0.04088519513607025,0.03610054403543472,0.03610054403543472,0.058786552399396896,0.058786552399396896,0.06552773714065552,0.06552773714065552,0.04525671899318695,0.04525671899318695
[hmim]__[OTf]__R1233zd(E)__333.18__0.055,HFC_all,Mreduced,R1233ZD(E),HCFO,HMIM,OTF,333.18,0.055,0.038,0.06146431490778923,0.012415490251506013,0.023464314907789233,0.05373833328485489,0.05373833328485489,0.048594869673252106,0.048594869673252106,0.07255840301513672,0.07255840301513672,0.07677546888589859,0.07677546888589859,0.05565449967980385,0.05565449967980385
[hmim]__[OTf]__R1233zd(E)__333.17__0.078,HFC_all,Mreduced,R1233ZD(E),HCFO,HMIM,OTF,333.17,0.078,0.054,0.07335175424814225,0.013063423948957953,0.01935175424814225,0.06747053563594818,0.06747053563594818,0.05902320146560669,0.05902320146560669,0.0857977345585823,0.0857977345585823,0.08858431875705719,0.08858431875705719,0.06588298082351685,0.06588298082351685
[hmim]__[OTf]__R1233zd(E)__333.16__0.099,HFC_all,Mreduced,R1233ZD(E),HCFO,HMIM,OTF,333.16,0.099,0.07,0.08445443511009217,0.01334483423786474,0.01445443511009216,0.08034322410821915,0.08034322410821915,0.06893546879291534,0.06893546879291534,0.09713997691869736,0.09713997691869736,0.09953625500202179,0.09953625500202179,0.07631725072860718,0.07631725072860718
[hmim]__[OTf]__R1233zd(E)__333.15__0.122,HFC_all,Mreduced,R1233ZD(E),HCFO,HMIM,OTF,333.15,0.122,0.088,0.09675122946500778,0.013919452065946976,0.008751229465007782,0.09386342018842697,0.09386342018842697,0.07969048619270325,0.07969048619270325,0.11053582280874252,0.11053582280874252,0.11137842386960983,0.11137842386960983,0.08828799426555634,0.08828799426555634
[hmim]__[OTf]__R1233zd(E)__343.15__0.019,HFC_all,Mreduced,R1233ZD(E),HCFO,HMIM,OTF,343.15,0.019,0.006,0.03473485857248306,0.012662812945974081,0.028734858572483063,0.025950279086828232,0.025950279086828232,0.02105613797903061,0.02105613797903061,0.04122338443994522,0.04122338443994522,0.05290589481592178,0.05290589481592178,0.03253859654068947,0.03253859654068947
[hmim]__[OTf]__R1233zd(E)__343.15__0.039,HFC_all,Mreduced,R1233ZD(E),HCFO,HMIM,OTF,343.15,0.039,0.02,0.04547685757279396,0.0128343995353199,0.02547685757279396,0.03636275976896286,0.03636275976896286,0.0323735773563385,0.0323735773563385,0.0533558614552021,0.0533558614552021,0.06358339637517929,0.06358339637517929,0.04170869290828705,0.04170869290828705
[hmim]__[OTf]__R1233zd(E)__343.15__0.064,HFC_all,Mreduced,R1233ZD(E),HCFO,HMIM,OTF,343.15,0.064,0.035,0.05783993080258369,0.013193204420171334,0.02283993080258369,0.04968145862221718,0.04968145862221718,0.044219180941581726,0.044219180941581726,0.06762144714593887,0.06762144714593887,0.0755968987941742,0.0755968987941742,0.0520806685090065,0.0520806685090065
[hmim]__[OTf]__R1233zd(E)__343.15__0.089,HFC_all,Mreduced,R1233ZD(E),HCFO,HMIM,OTF,343.15,0.089,0.05,0.06856068894267082,0.013560248711812753,0.018560688942670822,0.062318045645952225,0.062318045645952225,0.05319590121507645,0.05319590121507645,0.07904179394245148,0.07904179394245148,0.08613890409469604,0.08613890409469604,0.06210879981517792,0.06210879981517792
[hmim]__[OTf]__R1233zd(E)__343.17__0.113,HFC_all,Mreduced,R1233ZD(E),HCFO,HMIM,OTF,343.17,0.113,0.065,0.07892068177461624,0.0140708420299236,0.013920681774616236,0.0742739886045456,0.0742739886045456,0.06181887537240982,0.06181887537240982,0.08933921158313751,0.08933921158313751,0.09693801403045654,0.09693801403045654,0.07223331928253174,0.07223331928253174
[hmim]__[OTf]__R1233zd(E)__343.15__0.139,HFC_all,Mreduced,R1233ZD(E),HCFO,HMIM,OTF,343.15,0.139,0.081,0.08988842070102691,0.014142059470191806,0.008888420701026911,0.08750002086162567,0.08750002086162567,0.07159306108951569,0.07159306108951569,0.1015593409538269,0.1015593409538269,0.10628476738929749,0.10628476738929749,0.08250491321086884,0.08250491321086884
[hmim]__[PF6]__R1234yf__283.15__0.0506,HFC_all,Mreduced,R1234YF,HFO,HMIM,PF6,283.15,0.0506,0.0224,0.008894298970699311,0.003499836797023695,0.013505701029300689,0.008823581039905548,0.008823581039905548,0.010514087975025177,0.010514087975025177,0.012388147413730621,0.012388147413730621,0.009647302329540253,0.009647302329540253,0.0030983760952949524,0.0030983760952949524
[hmim]__[PF6]__R1234yf__283.15__0.0923,HFC_all,Mreduced,R1234YF,HFO,HMIM,PF6,283.15,0.0923,0.0408,0.028190368413925172,0.004940457209254122,0.01260963158607483,0.030361108481884003,0.030361108481884003,0.030750568956136703,0.030750568956136703,0.03165308013558388,0.03165308013558388,0.028610587120056152,0.028610587120056152,0.01957649737596512,0.01957649737596512
[hmim]__[PF6]__R1234yf__283.15__0.134,HFC_all,Mreduced,R1234YF,HFO,HMIM,PF6,283.15,0.134,0.0604,0.04763898253440857,0.004850243595941694,0.012761017465591433,0.05150623619556427,0.05150623619556427,0.0508657842874527,0.0508657842874527,0.04861995950341225,0.04861995950341225,0.047794684767723083,0.047794684767723083,0.03940824791789055,0.03940824791789055
[hmim]__[PF6]__R1234yf__283.15__0.177,HFC_all,Mreduced,R1234YF,HFO,HMIM,PF6,283.15,0.177,0.0798,0.0706364318728447,0.004091806641461518,0.009163568127155297,0.0756157860159874,0.0756157860159874,0.07388313114643097,0.07388313114643097,0.06990346312522888,0.06990346312522888,0.06811995059251785,0.06811995059251785,0.06565982848405838,0.06565982848405838
[hmim]__[PF6]__R1234yf__283.15__0.2172,HFC_all,Mreduced,R1234YF,HFO,HMIM,PF6,283.15,0.2172,0.098,0.09435353577136993,0.003601943544876154,0.0036464642286300752,0.09824435412883759,0.09824435412883759,0.09707330167293549,0.09707330167293549,0.09399864822626114,0.09399864822626114,0.08902709931135178,0.08902709931135178,0.09342427551746368,0.09342427551746368
[hmim]__[PF6]__R1234yf__283.15__0.2538,HFC_all,Mreduced,R1234YF,HFO,HMIM,PF6,283.15,0.2538,0.1174,0.11765812784433365,0.003207710651700117,0.00025812784433364155,0.11845092475414276,0.11845092475414276,0.12094038724899292,0.12094038724899292,0.11743630468845367,0.11743630468845367,0.11239362508058548,0.11239362508058548,0.11906939744949341,0.11906939744949341
[hmim]__[PF6]__R1234yf__283.15__0.298,HFC_all,Mreduced,R1234YF,HFO,HMIM,PF6,283.15,0.298,0.1366,0.1469076991081238,0.004804483115251407,0.010307699108123791,0.14355799555778503,0.14355799555778503,0.15457479655742645,0.15457479655742645,0.1446095108985901,0.1446095108985901,0.14315883815288544,0.14315883815288544,0.14863735437393188,0.14863735437393188
[hmim]__[PF6]__R1234yf__293.15__0.0583,HFC_all,Mreduced,R1234YF,HFO,HMIM,PF6,293.15,0.0583,0.02,0.013339606672525406,0.0028480428633055085,0.006660393327474595,0.010498818010091782,0.010498818010091782,0.012198351323604584,0.012198351323604584,0.01724250242114067,0.01724250242114067,0.015358716249465942,0.015358716249465942,0.011399645358324051,0.011399645358324051
[hmim]__[PF6]__R1234yf__293.15__0.1052,HFC_all,Mreduced,R1234YF,HFO,HMIM,PF6,293.15,0.1052,0.0357,0.028214846551418305,0.002838946652957209,0.007485153448581697,0.02772090584039688,0.02772090584039688,0.030124496668577194,0.030124496668577194,0.02938443422317505,0.02938443422317505,0.030360069125890732,0.030360069125890732,0.023484326899051666,0.023484326899051666
[hmim]__[PF6]__R1234yf__293.15__0.1508,HFC_all,Mreduced,R1234YF,HFO,HMIM,PF6,293.15,0.1508,0.0518,0.04286795556545257,0.003615471768100401,0.008932044434547426,0.04581676051020622,0.04581676051020622,0.0456739142537117,0.0456739142537117,0.04314425215125084,0.04314425215125084,0.04280661791563034,0.04280661791563034,0.036898232996463776,0.036898232996463776
[hmim]__[PF6]__R1234yf__293.15__0.1985,HFC_all,Mreduced,R1234YF,HFO,HMIM,PF6,293.15,0.1985,0.0676,0.05862320736050606,0.0028059329503953862,0.008976792639493934,0.0628456324338913,0.0628456324338913,0.059397537261247635,0.059397537261247635,0.058530308306217194,0.058530308306217194,0.05688962712883949,0.05688962712883949,0.05545293167233467,0.05545293167233467
[hmim]__[PF6]__R1234yf__293.15__0.2427,HFC_all,Mreduced,R1234YF,HFO,HMIM,PF6,293.15,0.2427,0.0826,0.0759065181016922,0.002777298770447402,0.006693481898307804,0.08045502007007599,0.08045502007007599,0.07435634732246399,0.07435634732246399,0.07613062858581543,0.07613062858581543,0.07317294180393219,0.07317294180393219,0.0754176527261734,0.0754176527261734
[hmim]__[PF6]__R1234yf__293.15__0.2815,HFC_all,Mreduced,R1234YF,HFO,HMIM,PF6,293.15,0.2815,0.0983,0.09299972057342529,0.003025347736014128,0.005300279426574711,0.09703211486339569,0.09703211486339569,0.09212998300790787,0.09212998300790787,0.09360889345407486,0.09360889345407486,0.08865313231945038,0.08865313231945038,0.09357447922229767,0.09357447922229767
[hmim]__[PF6]__R1234yf__293.15__0.3359,HFC_all,Mreduced,R1234YF,HFO,HMIM,PF6,293.15,0.3359,0.1146,0.11758573651313782,0.002334819579255528,0.0029857365131378266,0.11906375735998154,0.11906375735998154,0.12062041461467743,0.12062041461467743,0.11675699055194855,0.11675699055194855,0.1145315021276474,0.1145315021276474,0.11695601791143417,0.11695601791143417
[hmim]__[PF6]__R1234yf__303.15__0.0641,HFC_all,Mreduced,R1234YF,HFO,HMIM,PF6,303.15,0.0641,0.0174,0.01763591170310974,0.004119208788812027,0.0002359117031097424,0.014000236988067627,0.014000236988067627,0.01279110461473465,0.01279110461473465,0.020579613745212555,0.020579613745212555,0.022300072014331818,0.022300072014331818,0.018508531153202057,0.018508531153202057
[hmim]__[PF6]__R1234yf__303.15__0.1154,HFC_all,Mreduced,R1234YF,HFO,HMIM,PF6,303.15,0.1154,0.0318,0.029442796483635902,0.002726066328906533,0.0023572035163640995,0.027057189494371414,0.027057189494371414,0.028364241123199463,0.028364241123199463,0.02994469553232193,0.02994469553232193,0.03394319489598274,0.03394319489598274,0.027904661372303963,0.027904661372303963
[hmim]__[PF6]__R1234yf__303.15__0.1685,HFC_all,Mreduced,R1234YF,HFO,HMIM,PF6,303.15,0.1685,0.0461,0.039895416051149366,0.0004673092090677295,0.006204583948850637,0.03925037756562233,0.03925037756562233,0.04017743468284607,0.04017743468284607,0.03985220193862915,0.03985220193862915,0.040481626987457275,0.040481626987457275,0.03971543908119202,0.03971543908119202
[hmim]__[PF6]__R1234yf__303.15__0.2206,HFC_all,Mreduced,R1234YF,HFO,HMIM,PF6,303.15,0.2206,0.0606,0.05136200934648514,0.001674832530117509,0.009237990653514862,0.053816329687833786,0.053816329687833786,0.050313279032707214,0.050313279032707214,0.05238612741231918,0.05238612741231918,0.050366442650556564,0.050366442650556564,0.04992786794900894,0.04992786794900894
[hmim]__[PF6]__R1234yf__303.15__0.2676,HFC_all,Mreduced,R1234YF,HFO,HMIM,PF6,303.15,0.2676,0.0729,0.06394591331481933,0.002905365121832636,0.008954086685180676,0.0680135041475296,0.0680135041475296,0.06039886921644211,0.06039886921644211,0.06547864526510239,0.06547864526510239,0.06261883676052094,0.06261883676052094,0.06321971118450165,0.06321971118450165
[hmim]__[PF6]__R1234yf__303.15__0.3171,HFC_all,Mreduced,R1234YF,HFO,HMIM,PF6,303.15,0.3171,0.0871,0.07893012911081314,0.002579530299068816,0.008169870889186859,0.08295314759016037,0.08295314759016037,0.07642949372529984,0.07642949372529984,0.07964440435171127,0.07964440435171127,0.07704807817935944,0.07704807817935944,0.07857552170753479,0.07857552170753479
[hmim]__[PF6]__R1234yf__303.15__0.365,HFC_all,Mreduced,R1234YF,HFO,HMIM,PF6,303.15,0.365,0.0992,0.09369169622659683,0.0025933779763307953,0.005508303773403167,0.09775865823030472,0.09775865823030472,0.09186536073684692,0.09186536073684692,0.09407331049442291,0.09407331049442291,0.09106850624084473,0.09106850624084473,0.09369264543056488,0.09369264543056488
[hmim]__[PF6]__R1234yf__313.15__0.0698,HFC_all,Mreduced,R1234YF,HFO,HMIM,PF6,313.15,0.0698,0.0154,0.019149720668792725,0.004895228791278668,0.003749720668792724,0.015561453998088837,0.015561453998088837,0.012963846325874329,0.012963846325874329,0.02066076546907425,0.02066076546907425,0.02531716227531433,0.02531716227531433,0.021245375275611877,0.021245375275611877
[hmim]__[PF6]__R1234yf__313.15__0.1266,HFC_all,Mreduced,R1234YF,HFO,HMIM,PF6,313.15,0.1266,0.0278,0.029015295207500458,0.0034261864735835065,0.0012152952075004594,0.026750966906547546,0.026750966906547546,0.02577674388885498,0.02577674388885498,0.028250038623809814,0.028250038623809814,0.034506186842918396,0.034506186842918396,0.02979253977537155,0.02979253977537155
[hmim]__[PF6]__R1234yf__313.15__0.1795,HFC_all,Mreduced,R1234YF,HFO,HMIM,PF6,313.15,0.1795,0.0396,0.03564097881317139,0.002218850199709997,0.003959021186828615,0.03355520963668823,0.03355520963668823,0.033796392381191254,0.033796392381191254,0.035196803510189056,0.035196803510189056,0.038871005177497864,0.038871005177497864,0.03678548336029053,0.03678548336029053
[hmim]__[PF6]__R1234yf__313.15__0.2297,HFC_all,Mreduced,R1234YF,HFO,HMIM,PF6,313.15,0.2297,0.0503,0.04342867359519005,0.0013167495007948926,0.0068713264048099465,0.04355257749557495,0.04355257749557495,0.041130587458610535,0.041130587458610535,0.04427851736545563,0.04427851736545563,0.04423154518008232,0.04423154518008232,0.04395014047622681,0.04395014047622681
[hmim]__[PF6]__R1234yf__313.15__0.2813,HFC_all,Mreduced,R1234YF,HFO,HMIM,PF6,313.15,0.2813,0.0611,0.05356878489255905,0.0020444881649266805,0.007531215107440953,0.05544189363718033,0.05544189363718033,0.050353217869997025,0.050353217869997025,0.05482247471809387,0.05482247471809387,0.05441804230213165,0.05441804230213165,0.05280829593539238,0.05280829593539238
[hmim]__[PF6]__R1234yf__313.15__0.3339,HFC_all,Mreduced,R1234YF,HFO,HMIM,PF6,313.15,0.3339,0.0722,0.06454915031790734,0.0030007553826410997,0.007650849682092661,0.06775587052106857,0.06775587052106857,0.06026763841509819,0.06026763841509819,0.06636997312307358,0.06636997312307358,0.0655563622713089,0.0655563622713089,0.06279590725898743,0.06279590725898743
[hmim]__[PF6]__R1234yf__313.15__0.3845,HFC_all,Mreduced,R1234YF,HFO,HMIM,PF6,313.15,0.3845,0.0827,0.07597558200359344,0.003021154838184203,0.006724417996406551,0.07957572489976883,0.07957572489976883,0.07175267487764359,0.07175267487764359,0.07743512839078903,0.07743512839078903,0.07682903110980988,0.07682903110980988,0.0742853507399559,0.0742853507399559
[hmim]__[PF6]__R1234yf__323.15__0.0765,HFC_all,Mreduced,R1234YF,HFO,HMIM,PF6,323.15,0.0765,0.0134,0.018206170946359634,0.005150938395303165,0.004806170946359633,0.015781957656145096,0.015781957656145096,0.010791979730129242,0.010791979730129242,0.01944500207901001,0.01944500207901001,0.024345874786376953,0.024345874786376953,0.02066604048013687,0.02066604048013687
[hmim]__[PF6]__R1234yf__323.15__0.132,HFC_all,Mreduced,R1234YF,HFO,HMIM,PF6,323.15,0.132,0.0235,0.026391422003507616,0.003885263170734436,0.0028914220035076155,0.024776779115200043,0.024776779115200043,0.02160816639661789,0.02160816639661789,0.025427579879760742,0.025427579879760742,0.03192538022994995,0.03192538022994995,0.028219204396009445,0.028219204396009445
[hmim]__[PF6]__R1234yf__323.15__0.1845,HFC_all,Mreduced,R1234YF,HFO,HMIM,PF6,323.15,0.1845,0.0334,0.03107559382915497,0.0028231445683678576,0.00232440617084503,0.02920430153608322,0.02920430153608322,0.028238967061042786,0.028238967061042786,0.03024839609861374,0.03024839609861374,0.03531444072723389,0.03531444072723389,0.03237186372280121,0.03237186372280121
[hmim]__[PF6]__R1234yf__323.15__0.2401,HFC_all,Mreduced,R1234YF,HFO,HMIM,PF6,323.15,0.2401,0.043,0.037120139598846434,0.002047406820322545,0.005879860401153562,0.03674257546663284,0.03674257546663284,0.03422632813453674,0.03422632813453674,0.0369337797164917,0.0369337797164917,0.039906859397888184,0.039906859397888184,0.03779115527868271,0.03779115527868271
[hmim]__[PF6]__R1234yf__323.15__0.2945,HFC_all,Mreduced,R1234YF,HFO,HMIM,PF6,323.15,0.2945,0.0513,0.044890574365854266,0.0023964020708648276,0.006409425634145732,0.045666035264730453,0.045666035264730453,0.041246987879276276,0.041246987879276276,0.045987196266651154,0.045987196266651154,0.04755427688360214,0.04755427688360214,0.04399837553501129,0.04399837553501129
[hmim]__[PF6]__R1234yf__323.15__0.3497,HFC_all,Mreduced,R1234YF,HFO,HMIM,PF6,323.15,0.3497,0.0612,0.053942087292671206,0.003019540571272973,0.007257912707328791,0.05543690174818039,0.05543690174818039,0.049666211009025574,0.049666211009025574,0.05538592115044594,0.05538592115044594,0.05715767666697502,0.05715767666697502,0.052063725888729095,0.052063725888729095
[hmim]__[PF6]__R1234yf__323.15__0.4031,HFC_all,Mreduced,R1234YF,HFO,HMIM,PF6,323.15,0.4031,0.0698,0.06327317655086517,0.003706649046029417,0.006526823449134828,0.06549804657697678,0.06549804657697678,0.05803077295422554,0.05803077295422554,0.06467888504266739,0.06467888504266739,0.06718143820762634,0.06718143820762634,0.06097673997282982,0.06097673997282982
[hmim]__[PF6]__R1234yf__333.15__0.0779,HFC_all,Mreduced,R1234YF,HFO,HMIM,PF6,333.15,0.0779,0.0116,0.015218020975589752,0.0054898329772614975,0.0036180209755897526,0.01392403244972229,0.01392403244972229,0.006617199629545212,0.006617199629545212,0.016472693532705307,0.016472693532705307,0.021270766854286194,0.021270766854286194,0.01780541241168976,0.01780541241168976
[hmim]__[PF6]__R1234yf__333.15__0.1341,HFC_all,Mreduced,R1234YF,HFO,HMIM,PF6,333.15,0.1341,0.0203,0.023095398768782617,0.004188965366766835,0.0027953987687826184,0.022484950721263885,0.022484950721263885,0.017123855650424957,0.017123855650424957,0.02202189713716507,0.02202189713716507,0.02828367054462433,0.02828367054462433,0.025562619790434837,0.025562619790434837
[hmim]__[PF6]__R1234yf__333.15__0.192,HFC_all,Mreduced,R1234YF,HFO,HMIM,PF6,333.15,0.192,0.0291,0.027440522983670234,0.0029335467358273283,0.0016594770163297669,0.02603825181722641,0.02603825181722641,0.023829597979784012,0.023829597979784012,0.026583723723888397,0.026583723723888397,0.03122849017381668,0.03122849017381668,0.029522551223635674,0.029522551223635674
[hmim]__[PF6]__R1234yf__333.15__0.2502,HFC_all,Mreduced,R1234YF,HFO,HMIM,PF6,333.15,0.2502,0.0369,0.032057654857635495,0.002252848112885093,0.004842345142364507,0.031817786395549774,0.031817786395549774,0.029491707682609558,0.029491707682609558,0.030870728194713593,0.030870728194713593,0.035516880452632904,0.035516880452632904,0.03259117156267166,0.03259117156267166
[hmim]__[PF6]__R1234yf__333.15__0.3069,HFC_all,Mreduced,R1234YF,HFO,HMIM,PF6,333.15,0.3069,0.0447,0.038164691627025606,0.002191393682834642,0.006535308372974391,0.03836468607187271,0.03836468607187271,0.035335514694452286,0.035335514694452286,0.03811514750123024,0.03811514750123024,0.04145012050867081,0.04145012050867081,0.03755798935890198,0.03755798935890198
[hmim]__[PF6]__R1234yf__333.15__0.3648,HFC_all,Mreduced,R1234YF,HFO,HMIM,PF6,333.15,0.3648,0.0528,0.04591683745384216,0.0031041662479441685,0.006883162546157839,0.046496372669935226,0.046496372669935226,0.04195002466440201,0.04195002466440201,0.047073766589164734,0.047073766589164734,0.050085388123989105,0.050085388123989105,0.04397863522171974,0.04397863522171974
[hmim]__[PF6]__R1234yf__333.15__0.4208,HFC_all,Mreduced,R1234YF,HFO,HMIM,PF6,333.15,0.4208,0.0603,0.05397053435444832,0.003768532451416933,0.006329465645551681,0.0547880120575428,0.0547880120575428,0.048711709678173065,0.048711709678173065,0.05563606321811676,0.05563606321811676,0.058664292097091675,0.058664292097091675,0.05205259472131729,0.05205259472131729
[hmim]__[PF6]__R1234yf__343.15__0.0801,HFC_all,Mreduced,R1234YF,HFO,HMIM,PF6,343.15,0.0801,0.01,0.01262194588780403,0.005862875847682914,0.0026219458878040305,0.012855391949415207,0.012855391949415207,0.0027651935815811157,0.0027651935815811157,0.014124833047389984,0.014124833047389984,0.0182717964053154,0.0182717964053154,0.015092514455318451,0.015092514455318451
[hmim]__[PF6]__R1234yf__343.15__0.1362,HFC_all,Mreduced,R1234YF,HFO,HMIM,PF6,343.15,0.1362,0.0173,0.020286734402179717,0.004787304867962291,0.002986734402179718,0.021277815103530884,0.021277815103530884,0.012682676315307617,0.012682676315307617,0.019200049340724945,0.019200049340724945,0.02514798194169998,0.02514798194169998,0.023125149309635162,0.023125149309635162
[hmim]__[PF6]__R1234yf__343.15__0.1997,HFC_all,Mreduced,R1234YF,HFO,HMIM,PF6,343.15,0.1997,0.0245,0.024637071788311003,0.0030758767799768452,0.0001370717883110023,0.024050921201705933,0.024050921201705933,0.02028755098581314,0.02028755098581314,0.023699410259723663,0.023699410259723663,0.028050675988197327,0.028050675988197327,0.02709680050611496,0.02709680050611496
[hmim]__[PF6]__R1234yf__343.15__0.2602,HFC_all,Mreduced,R1234YF,HFO,HMIM,PF6,343.15,0.2602,0.0314,0.028183282911777498,0.002401507763231994,0.0032167170882224996,0.028105154633522034,0.028105154633522034,0.025382541120052338,0.025382541120052338,0.026978962123394012,0.026978962123394012,0.03187292069196701,0.03187292069196701,0.028576835989952087,0.028576835989952087
[hmim]__[PF6]__R1234yf__343.15__0.3123,HFC_all,Mreduced,R1234YF,HFO,HMIM,PF6,343.15,0.3123,0.038,0.03226801678538323,0.002382397701862308,0.005731983214616772,0.03222616761922836,0.03222616761922836,0.029657922685146332,0.029657922685146332,0.03167891129851341,0.03167891129851341,0.03615676611661911,0.03615676611661911,0.031620316207408905,0.031620316207408905
[hmim]__[PF6]__R1234yf__343.15__0.3719,HFC_all,Mreduced,R1234YF,HFO,HMIM,PF6,343.15,0.3719,0.0448,0.03863251805305481,0.0032460629608523153,0.006167481946945191,0.038686588406562805,0.038686588406562805,0.03485771268606186,0.03485771268606186,0.03920016065239906,0.03920016065239906,0.04357079043984413,0.04357079043984413,0.03684733808040619,0.03684733808040619
[hmim]__[PF6]__R1234yf__343.15__0.4303,HFC_all,Mreduced,R1234YF,HFO,HMIM,PF6,343.15,0.4303,0.0517,0.045992249995470046,0.004078812615155542,0.005707750004529957,0.0461091585457325,0.0461091585457325,0.04080338776111603,0.04080338776111603,0.04763301461935043,0.04763301461935043,0.05164676904678345,0.05164676904678345,0.04376892000436783,0.04376892000436783
[hmim]__[PF6]__R1234yf__303.08__0.138,HFC_all,Mreduced,R1234YF,HFO,HMIM,PF6,303.08,0.138,0.031,0.03390807956457138,0.0018945977834440028,0.0029080795645713836,0.03242234140634537,0.03242234140634537,0.03365855664014816,0.03365855664014816,0.03376457095146179,0.03376457095146179,0.037117138504981995,0.037117138504981995,0.032577790319919586,0.032577790319919586
[hmim]__[PF6]__R1234yf__303.08__0.2,HFC_all,Mreduced,R1234YF,HFO,HMIM,PF6,303.08,0.2,0.045,0.046587005257606506,0.0009515559523605052,0.001587005257606508,0.04777337610721588,0.04777337610721588,0.04630625620484352,0.04630625620484352,0.04739890992641449,0.04739890992641449,0.0457017719745636,0.0457017719745636,0.04575471207499504,0.04575471207499504
[hmim]__[PF6]__R1234yf__303.12__0.287,HFC_all,Mreduced,R1234YF,HFO,HMIM,PF6,303.12,0.287,0.067,0.06976664960384368,0.002839460863926756,0.0027666496038436794,0.07379984855651855,0.07379984855651855,0.0662161335349083,0.0662161335349083,0.07095746695995331,0.07095746695995331,0.06840124726295471,0.06840124726295471,0.06945855170488358,0.06945855170488358
[hmim]__[PF6]__R1234yf__303.05__0.399,HFC_all,Mreduced,R1234YF,HFO,HMIM,PF6,303.05,0.399,0.097,0.10500808209180831,0.002311101441613001,0.00800808209180831,0.1089172437787056,0.1089172437787056,0.10402251034975052,0.10402251034975052,0.10460559278726578,0.10460559278726578,0.10280628502368927,0.10280628502368927,0.10468877851963043,0.10468877851963043
[hmim]__[PF6]__R1234yf__303.37__0.548,HFC_all,Mreduced,R1234YF,HFO,HMIM,PF6,303.37,0.548,0.138,0.15998659729957582,0.0046000822638952825,0.021986597299575805,0.15628844499588013,0.15628844499588013,0.16747689247131348,0.16747689247131348,0.1580561101436615,0.1580561101436615,0.15688753128051758,0.15688753128051758,0.16122400760650635,0.16122400760650635
[hmim]__[PF6]__R1234yf__313.24__0.147,HFC_all,Mreduced,R1234YF,HFO,HMIM,PF6,313.24,0.147,0.027,0.03166314959526062,0.0029208568578648095,0.00466314959526062,0.02937997132539749,0.02937997132539749,0.02935805171728134,0.02935805171728134,0.030857551842927933,0.030857551842927933,0.036409880965948105,0.036409880965948105,0.03231029212474823,0.03231029212474823
[hmim]__[PF6]__R1234yf__313.15__0.214,HFC_all,Mreduced,R1234YF,HFO,HMIM,PF6,313.15,0.214,0.038,0.040701914578676224,0.001342827473572776,0.0027019145786762247,0.04004810005426407,0.04004810005426407,0.03871382027864456,0.03871382027864456,0.0410936065018177,0.0410936065018177,0.042098674923181534,0.042098674923181534,0.04155537113547325,0.04155537113547325
[hmim]__[PF6]__R1234yf__313.14__0.308,HFC_all,Mreduced,R1234YF,HFO,HMIM,PF6,313.14,0.308,0.057,0.0591539092361927,0.0025145934335387386,0.0021539092361927,0.06157899275422096,0.06157899275422096,0.0553378127515316,0.0553378127515316,0.0608842559158802,0.0608842559158802,0.059932246804237366,0.059932246804237366,0.058036237955093384,0.058036237955093384
[hmim]__[PF6]__R1234yf__313.12__0.431,HFC_all,Mreduced,R1234YF,HFO,HMIM,PF6,313.12,0.431,0.081,0.08700535148382187,0.002981451293455479,0.006005351483821864,0.091033436357975,0.091033436357975,0.08305595815181732,0.08305595815181732,0.08855623006820679,0.08855623006820679,0.08618517965078354,0.08618517965078354,0.08619595319032669,0.08619595319032669
[hmim]__[PF6]__R1234yf__313.18__0.594,HFC_all,Mreduced,R1234YF,HFO,HMIM,PF6,313.18,0.594,0.114,0.1315162181854248,0.0030700325620717757,0.0175162181854248,0.1302710622549057,0.1302710622549057,0.13532032072544098,0.13532032072544098,0.1314660608768463,0.1314660608768463,0.12721803784370422,0.12721803784370422,0.1333056092262268,0.1333056092262268
[hmim]__[PF6]__R1234yf__323.25__0.156,HFC_all,Mreduced,R1234YF,HFO,HMIM,PF6,323.25,0.156,0.022,0.028565235435962677,0.0034259653210162427,0.006565235435962678,0.026505418121814728,0.026505418121814728,0.024719752371311188,0.024719752371311188,0.027623247355222702,0.027623247355222702,0.0333283469080925,0.0333283469080925,0.03064941242337227,0.03064941242337227
[hmim]__[PF6]__R1234yf__323.16__0.228,HFC_all,Mreduced,R1234YF,HFO,HMIM,PF6,323.16,0.228,0.032,0.03565187007188797,0.002208734741543201,0.0036518700718879693,0.03500904142856598,0.03500904142856598,0.03276742249727249,0.03276742249727249,0.035204362124204636,0.035204362124204636,0.03879707306623459,0.03879707306623459,0.036481451243162155,0.036481451243162155
[hmim]__[PF6]__R1234yf__323.14__0.328,HFC_all,Mreduced,R1234YF,HFO,HMIM,PF6,323.14,0.328,0.048,0.050308161228895185,0.002766864836616624,0.0023081612288951836,0.05148177966475487,0.05148177966475487,0.04642771929502487,0.04642771929502487,0.0517883338034153,0.0517883338034153,0.05329253152012825,0.05329253152012825,0.04855044186115265,0.04855044186115265
[hmim]__[PF6]__R1234yf__323.11__0.46,HFC_all,Mreduced,R1234YF,HFO,HMIM,PF6,323.11,0.46,0.068,0.07370144724845887,0.00356975779332049,0.005701447248458863,0.07597880810499191,0.07597880810499191,0.06819726526737213,0.06819726526737213,0.07502717524766922,0.07502717524766922,0.07709388434886932,0.07709388434886932,0.07221010327339172,0.07221010327339172
[hmim]__[PF6]__R1234yf__323.19__0.638,HFC_all,Mreduced,R1234YF,HFO,HMIM,PF6,323.19,0.638,0.094,0.10860236883163452,0.0018765198347526451,0.014602368831634516,0.10918763279914856,0.10918763279914856,0.10974816977977753,0.10974816977977753,0.11054845154285431,0.11054845154285431,0.10579375177621841,0.10579375177621841,0.1077338382601738,0.1077338382601738
[hmim]__[PF6]__R1234yf__333.25__0.166,HFC_all,Mreduced,R1234YF,HFO,HMIM,PF6,333.25,0.166,0.018,0.025532137602567673,0.0035246823140980005,0.007532137602567674,0.024144772440195084,0.024144772440195084,0.020970068871974945,0.020970068871974945,0.02448456361889839,0.02448456361889839,0.029861249029636383,0.029861249029636383,0.02820003405213356,0.02820003405213356
[hmim]__[PF6]__R1234yf__333.18__0.24,HFC_all,Mreduced,R1234YF,HFO,HMIM,PF6,333.18,0.24,0.027,0.031136218458414078,0.002308608438414349,0.004136218458414078,0.030719343572854996,0.030719343572854996,0.0285147987306118,0.0285147987306118,0.02998284623026848,0.02998284623026848,0.03467388451099396,0.03467388451099396,0.031790219247341156,0.031790219247341156
[hmim]__[PF6]__R1234yf__333.14__0.346,HFC_all,Mreduced,R1234YF,HFO,HMIM,PF6,333.14,0.346,0.041,0.04327079206705094,0.002789356705085923,0.002270792067050935,0.043854087591171265,0.043854087591171265,0.039731159806251526,0.039731159806251526,0.044050898402929306,0.044050898402929306,0.04712262377142906,0.04712262377142906,0.04159519076347351,0.04159519076347351
[hmim]__[PF6]__R1234yf__333.17__0.488,HFC_all,Mreduced,R1234YF,HFO,HMIM,PF6,333.17,0.488,0.057,0.06438929364085197,0.004170746080996016,0.007389293640851967,0.06514997035264969,0.06514997035264969,0.058666620403528214,0.058666620403528214,0.06550902873277664,0.06550902873277664,0.0700264424085617,0.0700264424085617,0.06259440630674362,0.06259440630674362
[hmim]__[PF6]__R1234yf__333.18__0.678,HFC_all,Mreduced,R1234YF,HFO,HMIM,PF6,333.18,0.678,0.079,0.09231811314821244,0.0018829489335605494,0.013318113148212435,0.09266673028469086,0.09266673028469086,0.09117262065410614,0.09117262065410614,0.09476044774055481,0.09476044774055481,0.0931430384516716,0.0931430384516716,0.08984772861003876,0.08984772861003876
[hmim]__[PF6]__R1234yf__343.25__0.174,HFC_all,Mreduced,R1234YF,HFO,HMIM,PF6,343.25,0.174,0.015,0.02304721549153328,0.003771832034240763,0.00804721549153328,0.022793762385845184,0.022793762385845184,0.01746249943971634,0.01746249943971634,0.02195574715733528,0.02195574715733528,0.026987604796886444,0.026987604796886444,0.026036463677883148,0.026036463677883148
[hmim]__[PF6]__R1234yf__343.21__0.252,HFC_all,Mreduced,R1234YF,HFO,HMIM,PF6,343.21,0.252,0.023,0.027686255425214766,0.002360301035360812,0.0046862554252147665,0.027554791420698166,0.027554791420698166,0.02482200413942337,0.02482200413942337,0.026486564427614212,0.026486564427614212,0.03116650879383087,0.03116650879383087,0.028401408344507217,0.028401408344507217
[hmim]__[PF6]__R1234yf__343.15__0.364,HFC_all,Mreduced,R1234YF,HFO,HMIM,PF6,343.15,0.364,0.035,0.03768988996744156,0.003086627935682163,0.0026898899674415583,0.03776462748646736,0.03776462748646736,0.034118663519620895,0.034118663519620895,0.03805183619260788,0.03805183619260788,0.04244355112314224,0.04244355112314224,0.036070771515369415,0.036070771515369415
[hmim]__[PF6]__R1234yf__343.19__0.513,HFC_all,Mreduced,R1234YF,HFO,HMIM,PF6,343.19,0.513,0.049,0.05671955645084381,0.004730586003975138,0.007719556450843809,0.05672562122344971,0.05672562122344971,0.0505400076508522,0.0505400076508522,0.05800839886069298,0.05800839886069298,0.06350560486316681,0.06350560486316681,0.05481814965605736,0.05481814965605736
[hmim]__[PF6]__R1234yf__343.22__0.711,HFC_all,Mreduced,R1234YF,HFO,HMIM,PF6,343.22,0.711,0.072,0.07961782962083816,0.0026394709087048857,0.007617829620838165,0.08028276264667511,0.08028276264667511,0.07733825594186783,0.07733825594186783,0.08125978708267212,0.08125978708267212,0.08272925019264221,0.08272925019264221,0.07647909224033356,0.07647909224033356
[hmim]__[PF6]__R1234yf__353.27__0.182,HFC_all,Mreduced,R1234YF,HFO,HMIM,PF6,353.27,0.182,0.012,0.021483907103538515,0.004694649865522713,0.009483907103538514,0.022474639117717743,0.022474639117717743,0.013963870704174042,0.013963870704174042,0.020358368754386902,0.020358368754386902,0.025486409664154053,0.025486409664154053,0.025136247277259827,0.025136247277259827
[hmim]__[PF6]__R1234yf__353.22__0.264,HFC_all,Mreduced,R1234YF,HFO,HMIM,PF6,353.22,0.264,0.019,0.025806079804897308,0.002624730685554245,0.006806079804897308,0.026193156838417053,0.026193156838417053,0.02198140323162079,0.02198140323162079,0.024741455912590027,0.024741455912590027,0.028926223516464233,0.028926223516464233,0.02718815952539444,0.02718815952539444
[hmim]__[PF6]__R1234yf__353.18__0.381,HFC_all,Mreduced,R1234YF,HFO,HMIM,PF6,353.18,0.381,0.03,0.03401012271642685,0.0030689201861922597,0.004010122716426853,0.03413154184818268,0.03413154184818268,0.03022020310163498,0.03022020310163498,0.03432890772819519,0.03432890772819519,0.0386500209569931,0.0386500209569931,0.032719939947128296,0.032719939947128296
[hmim]__[PF6]__R1234yf__353.2__0.538,HFC_all,Mreduced,R1234YF,HFO,HMIM,PF6,353.2,0.538,0.043,0.05066067799925804,0.005051953776015781,0.007660677999258042,0.05007350444793701,0.05007350444793701,0.04368492215871811,0.04368492215871811,0.05275949835777283,0.05275949835777283,0.05750063434243202,0.05750063434243202,0.04928483068943024,0.04928483068943024
[hmim]__[PF6]__R1234yf__353.22__0.747,HFC_all,Mreduced,R1234YF,HFO,HMIM,PF6,353.22,0.747,0.063,0.07094190567731858,0.0030051103606373334,0.007941905677318575,0.07087677717208862,0.07087677717208862,0.0678105354309082,0.0678105354309082,0.07273630797863007,0.07273630797863007,0.0749678760766983,0.0749678760766983,0.06831803172826767,0.06831803172826767
[hmim]__[PF6]__R1234ze(E)__283.15__0.0847,HFC_all,Mreduced,R1234ZE(E),HFO,HMIM,PF6,283.15,0.0847,0.1078,0.07106020599603653,0.00506879569498588,0.036739794003963475,0.07042978703975677,0.07042978703975677,0.06996326148509979,0.06996326148509979,0.07964765280485153,0.07964765280485153,0.06902576982975006,0.06902576982975006,0.06623455882072449,0.06623455882072449
[hmim]__[PF6]__R1234ze(E)__283.15__0.1228,HFC_all,Mreduced,R1234ZE(E),HFO,HMIM,PF6,283.15,0.1228,0.1578,0.11371077299118042,0.0055951245266111765,0.04408922700881958,0.11291840672492981,0.11291840672492981,0.11357248574495316,0.11357248574495316,0.12304780632257462,0.12304780632257462,0.10849247127771378,0.10849247127771378,0.11052269488573074,0.11052269488573074
[hmim]__[PF6]__R1234ze(E)__283.15__0.1569,HFC_all,Mreduced,R1234ZE(E),HFO,HMIM,PF6,283.15,0.1569,0.2072,0.16134362518787385,0.006313383689721047,0.04585637481212615,0.15919190645217896,0.15919190645217896,0.16532357037067413,0.16532357037067413,0.17007285356521606,0.17007285356521606,0.15418925881385803,0.15418925881385803,0.15794053673744202,0.15794053673744202
[hmim]__[PF6]__R1234ze(E)__283.15__0.1881,HFC_all,Mreduced,R1234ZE(E),HFO,HMIM,PF6,283.15,0.1881,0.2552,0.21107452511787414,0.007822240055996578,0.04412547488212584,0.2042825073003769,0.2042825073003769,0.21953436732292175,0.21953436732292175,0.21953167021274567,0.21953167021274567,0.20455113053321838,0.20455113053321838,0.20747295022010803,0.20747295022010803
[hmim]__[PF6]__R1234ze(E)__283.15__0.2192,HFC_all,Mreduced,R1234ZE(E),HFO,HMIM,PF6,283.15,0.2192,0.3015,0.2622299551963806,0.008980363175683327,0.0392700448036194,0.2516924738883972,0.2516924738883972,0.2741231322288513,0.2741231322288513,0.26815199851989746,0.26815199851989746,0.2565236985683441,0.2565236985683441,0.26065847277641296,0.26065847277641296
[hmim]__[PF6]__R1234ze(E)__283.15__0.2464,HFC_all,Mreduced,R1234ZE(E),HFO,HMIM,PF6,283.15,0.2464,0.3472,0.307134348154068,0.011391813039635195,0.04006565184593203,0.29195788502693176,0.29195788502693176,0.32278603315353394,0.32278603315353394,0.3121963143348694,0.3121963143348694,0.3031741976737976,0.3031741976737976,0.3055573105812073,0.3055573105812073
[hmim]__[PF6]__R1234ze(E)__293.15__0.0939,HFC_all,Mreduced,R1234ZE(E),HFO,HMIM,PF6,293.15,0.0939,0.0905,0.06004013195633888,0.005091115187340735,0.030459868043661117,0.060715120285749435,0.060715120285749435,0.057640355080366135,0.057640355080366135,0.06775141507387161,0.06775141507387161,0.060215506702661514,0.060215506702661514,0.053878262639045715,0.053878262639045715
[hmim]__[PF6]__R1234ze(E)__293.15__0.1371,HFC_all,Mreduced,R1234ZE(E),HFO,HMIM,PF6,293.15,0.1371,0.1327,0.09077953845262528,0.006643071834899579,0.041920461547374735,0.09259752929210663,0.09259752929210663,0.08901834487915039,0.08901834487915039,0.10098820179700851,0.10098820179700851,0.0882166400551796,0.0882166400551796,0.08307697623968124,0.08307697623968124
[hmim]__[PF6]__R1234ze(E)__293.15__0.1781,HFC_all,Mreduced,R1234ZE(E),HFO,HMIM,PF6,293.15,0.1781,0.1708,0.12919646203517915,0.0072553525427721715,0.04160353796482086,0.1309390515089035,0.1309390515089035,0.1263125240802765,0.1263125240802765,0.1409374475479126,0.1409374475479126,0.12228730320930481,0.12228730320930481,0.1255059838294983,0.1255059838294983
[hmim]__[PF6]__R1234ze(E)__293.15__0.2166,HFC_all,Mreduced,R1234ZE(E),HFO,HMIM,PF6,293.15,0.2166,0.2089,0.1724168747663498,0.005892218418265098,0.036483125233650215,0.17244568467140198,0.17244568467140198,0.17296664416790009,0.17296664416790009,0.18135559558868408,0.18135559558868408,0.1650717556476593,0.1650717556476593,0.17024469375610352,0.17024469375610352
[hmim]__[PF6]__R1234ze(E)__293.15__0.2549,HFC_all,Mreduced,R1234ZE(E),HFO,HMIM,PF6,293.15,0.2549,0.2478,0.22076752185821533,0.005649697866754469,0.027032478141784666,0.21629315614700317,0.21629315614700317,0.22742438316345215,0.22742438316345215,0.22638803720474243,0.22638803720474243,0.21605703234672546,0.21605703234672546,0.21767500042915344,0.21767500042915344
[hmim]__[PF6]__R1234ze(E)__293.15__0.2902,HFC_all,Mreduced,R1234ZE(E),HFO,HMIM,PF6,293.15,0.2902,0.2861,0.26595492362976075,0.008730708879477592,0.020145076370239268,0.2553253769874573,0.2553253769874573,0.2784721255302429,0.2784721255302429,0.27002644538879395,0.27002644538879395,0.26364627480506897,0.26364627480506897,0.2623043954372406,0.2623043954372406
[hmim]__[PF6]__R1234ze(E)__303.15__0.103,HFC_all,Mreduced,R1234ZE(E),HFO,HMIM,PF6,303.15,0.103,0.0744,0.0545293852686882,0.004789613305806507,0.01987061473131179,0.05601423233747482,0.05601423233747482,0.04920278489589691,0.04920278489589691,0.06061069667339325,0.06061069667339325,0.05670308321714401,0.05670308321714401,0.05011612921953201,0.05011612921953201
[hmim]__[PF6]__R1234ze(E)__303.15__0.1515,HFC_all,Mreduced,R1234ZE(E),HFO,HMIM,PF6,303.15,0.1515,0.1078,0.07545791566371918,0.004778122172401924,0.03234208433628083,0.07703868299722672,0.07703868299722672,0.07220987975597382,0.07220987975597382,0.08265859633684158,0.08265859633684158,0.0750485509634018,0.0750485509634018,0.07033386826515198,0.07033386826515198
[hmim]__[PF6]__R1234ze(E)__303.15__0.1975,HFC_all,Mreduced,R1234ZE(E),HFO,HMIM,PF6,303.15,0.1975,0.1389,0.10359539687633515,0.0065890986344370895,0.035304603123664846,0.10644255578517914,0.10644255578517914,0.1016920953989029,0.1016920953989029,0.1135752946138382,0.1135752946138382,0.09928968548774719,0.09928968548774719,0.0969773530960083,0.0969773530960083
[hmim]__[PF6]__R1234ze(E)__303.15__0.2412,HFC_all,Mreduced,R1234ZE(E),HFO,HMIM,PF6,303.15,0.2412,0.1706,0.13738849759101868,0.006007733318253153,0.033211502408981325,0.14046484231948853,0.14046484231948853,0.13413915038108826,0.13413915038108826,0.14653781056404114,0.14653781056404114,0.13332003355026245,0.13332003355026245,0.132480651140213,0.132480651140213
[hmim]__[PF6]__R1234ze(E)__303.15__0.2858,HFC_all,Mreduced,R1234ZE(E),HFO,HMIM,PF6,303.15,0.2858,0.2018,0.17471134960651397,0.003628028994744449,0.02708865039348604,0.17427578568458557,0.17427578568458557,0.17601579427719116,0.17601579427719116,0.18007531762123108,0.18007531762123108,0.17272689938545227,0.17272689938545227,0.1704629510641098,0.1704629510641098
[hmim]__[PF6]__R1234ze(E)__303.15__0.3274,HFC_all,Mreduced,R1234ZE(E),HFO,HMIM,PF6,303.15,0.3274,0.2336,0.21070045232772827,0.003542411944641402,0.02289954767227173,0.2059062272310257,0.2059062272310257,0.2151968777179718,0.2151968777179718,0.21235521137714386,0.21235521137714386,0.21131297945976257,0.21131297945976257,0.20873096585273743,0.20873096585273743
[hmim]__[PF6]__R1234ze(E)__313.15__0.1111,HFC_all,Mreduced,R1234ZE(E),HFO,HMIM,PF6,313.15,0.1111,0.0615,0.049365374445915225,0.005369081679413207,0.012134625554084774,0.050938405096530914,0.050938405096530914,0.04071243479847908,0.04071243479847908,0.0536404550075531,0.0536404550075531,0.053574077785015106,0.053574077785015106,0.04796149954199791,0.04796149954199791
[hmim]__[PF6]__R1234ze(E)__313.15__0.1641,HFC_all,Mreduced,R1234ZE(E),HFO,HMIM,PF6,313.15,0.1641,0.0883,0.06232222318649292,0.004089668272885316,0.025977776813507082,0.06454023718833923,0.06454023718833923,0.0575137734413147,0.0575137734413147,0.06745778769254684,0.06745778769254684,0.06319999694824219,0.06319999694824219,0.05889932066202164,0.05889932066202164
[hmim]__[PF6]__R1234ze(E)__313.15__0.2143,HFC_all,Mreduced,R1234ZE(E),HFO,HMIM,PF6,313.15,0.2143,0.1141,0.08334219306707383,0.004520519868415468,0.030757806932926166,0.0854496955871582,0.0854496955871582,0.08150362968444824,0.08150362968444824,0.09014251083135605,0.09014251083135605,0.08096665889024734,0.08096665889024734,0.07864847034215927,0.07864847034215927
[hmim]__[PF6]__R1234ze(E)__313.15__0.2626,HFC_all,Mreduced,R1234ZE(E),HFO,HMIM,PF6,313.15,0.2626,0.1398,0.10915159732103348,0.004999972584858793,0.030648402678966527,0.11012184619903564,0.11012184619903564,0.107102170586586,0.107102170586586,0.11688148975372314,0.11688148975372314,0.10837478190660477,0.10837478190660477,0.10327769815921783,0.10327769815921783
[hmim]__[PF6]__R1234ze(E)__313.15__0.3119,HFC_all,Mreduced,R1234ZE(E),HFO,HMIM,PF6,313.15,0.3119,0.1656,0.13588126003742218,0.004743249278364934,0.029718739962577817,0.13527794182300568,0.13527794182300568,0.13246002793312073,0.13246002793312073,0.1422000229358673,0.1422000229358673,0.1389392912387848,0.1389392912387848,0.1305290162563324,0.1305290162563324
[hmim]__[PF6]__R1234ze(E)__313.15__0.3585,HFC_all,Mreduced,R1234ZE(E),HFO,HMIM,PF6,313.15,0.3585,0.1923,0.1613967776298523,0.0034512826177998277,0.030903222370147698,0.1587872952222824,0.1587872952222824,0.15930557250976562,0.15930557250976562,0.16372700035572052,0.16372700035572052,0.16633856296539307,0.16633856296539307,0.15882545709609985,0.15882545709609985
[hmim]__[PF6]__R1234ze(E)__323.15__0.1188,HFC_all,Mreduced,R1234ZE(E),HFO,HMIM,PF6,323.15,0.1188,0.0505,0.04382877573370934,0.005803147258698071,0.0066712242662906665,0.044914789497852325,0.044914789497852325,0.034050870686769485,0.034050870686769485,0.0478859543800354,0.0478859543800354,0.04846110939979553,0.04846110939979553,0.04383115470409393,0.04383115470409393
[hmim]__[PF6]__R1234ze(E)__323.15__0.1755,HFC_all,Mreduced,R1234ZE(E),HFO,HMIM,PF6,323.15,0.1755,0.0725,0.05150671973824501,0.0038348807584984257,0.020993280261754982,0.05317220836877823,0.05317220836877823,0.04645336791872978,0.04645336791872978,0.055816650390625,0.055816650390625,0.053445104509592056,0.053445104509592056,0.048646267503499985,0.048646267503499985
[hmim]__[PF6]__R1234ze(E)__323.15__0.2294,HFC_all,Mreduced,R1234ZE(E),HFO,HMIM,PF6,323.15,0.2294,0.094,0.06627102047204972,0.003326602691239356,0.02772897952795028,0.06776674836874008,0.06776674836874008,0.06415333598852158,0.06415333598852158,0.07100069522857666,0.07100069522857666,0.06605248898267746,0.06605248898267746,0.06238183379173279,0.06238183379173279
[hmim]__[PF6]__R1234ze(E)__323.15__0.2816,HFC_all,Mreduced,R1234ZE(E),HFO,HMIM,PF6,323.15,0.2816,0.1155,0.08592105507850648,0.003919863139474054,0.02957894492149353,0.08376386016607285,0.08376386016607285,0.08557125926017761,0.08557125926017761,0.09190621972084045,0.09190621972084045,0.08690358698368073,0.08690358698368073,0.08146034926176071,0.08146034926176071
[hmim]__[PF6]__R1234ze(E)__323.15__0.3351,HFC_all,Mreduced,R1234ZE(E),HFO,HMIM,PF6,323.15,0.3351,0.1369,0.1061946764588356,0.004780839876064691,0.030705323541164398,0.10161179304122925,0.10161179304122925,0.10491086542606354,0.10491086542606354,0.11206777393817902,0.11206777393817902,0.11033160984516144,0.11033160984516144,0.10205134004354477,0.10205134004354477
[hmim]__[PF6]__R1234ze(E)__323.15__0.3861,HFC_all,Mreduced,R1234ZE(E),HFO,HMIM,PF6,323.15,0.3861,0.1587,0.12588182240724563,0.004922837374558761,0.03281817759275438,0.12055617570877075,0.12055617570877075,0.12248383462429047,0.12248383462429047,0.12959891557693481,0.12959891557693481,0.13230165839195251,0.13230165839195251,0.12446852773427963,0.12446852773427963
[hmim]__[PF6]__R1234ze(E)__333.15__0.1258,HFC_all,Mreduced,R1234ZE(E),HFO,HMIM,PF6,333.15,0.1258,0.0418,0.03929307535290718,0.00594205434763537,0.0025069246470928175,0.04056026414036751,0.04056026414036751,0.02908352017402649,0.02908352017402649,0.043661512434482574,0.043661512434482574,0.04328995198011398,0.04328995198011398,0.03987012803554535,0.03987012803554535
[hmim]__[PF6]__R1234ze(E)__333.15__0.1858,HFC_all,Mreduced,R1234ZE(E),HFO,HMIM,PF6,333.15,0.1858,0.0605,0.04408774897456169,0.0032243929987454375,0.016412251025438307,0.045384615659713745,0.045384615659713745,0.03934130072593689,0.03934130072593689,0.04772203043103218,0.04772203043103218,0.045436084270477295,0.045436084270477295,0.042554713785648346,0.042554713785648346
[hmim]__[PF6]__R1234ze(E)__333.15__0.2431,HFC_all,Mreduced,R1234ZE(E),HFO,HMIM,PF6,333.15,0.2431,0.0785,0.05368683785200119,0.0028269735472178765,0.024813162147998807,0.054813202470541,0.054813202470541,0.05181729421019554,0.05181729421019554,0.05760948732495308,0.05760948732495308,0.053935788571834564,0.053935788571834564,0.050258416682481766,0.050258416682481766
[hmim]__[PF6]__R1234ze(E)__333.15__0.2987,HFC_all,Mreduced,R1234ZE(E),HFO,HMIM,PF6,333.15,0.2987,0.0968,0.06840451955795288,0.002915549204043902,0.028395480442047122,0.06723625212907791,0.06723625212907791,0.0675782710313797,0.0675782710313797,0.0724586620926857,0.0724586620926857,0.06996285915374756,0.06996285915374756,0.06478655338287354,0.06478655338287354
[hmim]__[PF6]__R1234ze(E)__333.15__0.3559,HFC_all,Mreduced,R1234ZE(E),HFO,HMIM,PF6,333.15,0.3559,0.1146,0.08451182693243027,0.004189226951797483,0.030088173067569723,0.0803605243563652,0.0803605243563652,0.08307590335607529,0.08307590335607529,0.08997945487499237,0.08997945487499237,0.08781208842992783,0.08781208842992783,0.08133116364479065,0.08133116364479065
[hmim]__[PF6]__R1234ze(E)__333.15__0.4107,HFC_all,Mreduced,R1234ZE(E),HFO,HMIM,PF6,333.15,0.4107,0.133,0.10121540427207946,0.0054439338007223285,0.03178459572792054,0.09495273232460022,0.09495273232460022,0.09768234193325043,0.09768234193325043,0.10699226707220078,0.10699226707220078,0.10678814351558685,0.10678814351558685,0.09966153651475906,0.09966153651475906
[hmim]__[PF6]__R1234ze(E)__343.15__0.1325,HFC_all,Mreduced,R1234ZE(E),HFO,HMIM,PF6,343.15,0.1325,0.0344,0.03616433367133141,0.006139972223757938,0.001764333671331407,0.03846699744462967,0.03846699744462967,0.02540779486298561,0.02540779486298561,0.04035209119319916,0.04035209119319916,0.03955326974391937,0.03955326974391937,0.03704151511192322,0.03704151511192322
[hmim]__[PF6]__R1234ze(E)__343.15__0.1956,HFC_all,Mreduced,R1234ZE(E),HFO,HMIM,PF6,343.15,0.1956,0.0504,0.03973874002695084,0.003505130140621087,0.010661259973049161,0.0418071448802948,0.0418071448802948,0.03395424783229828,0.03395424783229828,0.043020859360694885,0.043020859360694885,0.040474679321050644,0.040474679321050644,0.03943676874041557,0.03943676874041557
[hmim]__[PF6]__R1234ze(E)__343.15__0.256,HFC_all,Mreduced,R1234ZE(E),HFO,HMIM,PF6,343.15,0.256,0.0656,0.045846448838710786,0.0023838118929537175,0.01975355116128922,0.04713159427046776,0.04713159427046776,0.04354049637913704,0.04354049637913704,0.04911669343709946,0.04911669343709946,0.045847948640584946,0.045847948640584946,0.043595511466264725,0.043595511466264725
[hmim]__[PF6]__R1234ze(E)__343.15__0.315,HFC_all,Mreduced,R1234ZE(E),HFO,HMIM,PF6,343.15,0.315,0.0804,0.0563847117125988,0.002824454631952172,0.024015288287401196,0.05685565993189812,0.05685565993189812,0.05410892143845558,0.05410892143845558,0.060596734285354614,0.060596734285354614,0.056894417852163315,0.056894417852163315,0.053467825055122375,0.053467825055122375
[hmim]__[PF6]__R1234ze(E)__343.15__0.3755,HFC_all,Mreduced,R1234ZE(E),HFO,HMIM,PF6,343.15,0.3755,0.0957,0.06950064301490784,0.0041323534186486965,0.026199356985092154,0.06689756363630295,0.06689756363630295,0.06574682146310806,0.06574682146310806,0.07521688938140869,0.07521688938140869,0.07251888513565063,0.07251888513565063,0.06712305545806885,0.06712305545806885
[hmim]__[PF6]__R1234ze(E)__343.15__0.4342,HFC_all,Mreduced,R1234ZE(E),HFO,HMIM,PF6,343.15,0.4342,0.1102,0.08421815633773803,0.005923212644805882,0.025981843662261972,0.07910913974046707,0.07910913974046707,0.07823211699724197,0.07823211699724197,0.09109759330749512,0.09109759330749512,0.08965693414211273,0.08965693414211273,0.08299499750137329,0.08299499750137329
[hmim]__[Tf2N]__R1234yf__292.29__0.0993,HFC_all,Mreduced,R1234YF,HFO,HMIM,TF2N,292.29,0.0993,0.0775,0.04678654670715332,0.006456500296723469,0.03071345329284668,0.04692765325307846,0.04692765325307846,0.05075540766119957,0.05075540766119957,0.05206700414419174,0.05206700414419174,0.048376258462667465,0.048376258462667465,0.035806410014629364,0.035806410014629364
[hmim]__[Tf2N]__R1234yf__293.01__0.1981,HFC_all,Mreduced,R1234YF,HFO,HMIM,TF2N,293.01,0.1981,0.1543,0.11101341843605042,0.0046418760424167685,0.04328658156394957,0.11156865209341049,0.11156865209341049,0.10949786752462387,0.10949786752462387,0.11371494829654694,0.11371494829654694,0.11625708639621735,0.11625708639621735,0.10402853786945343,0.10402853786945343
[hmim]__[Tf2N]__R1234yf__292.98__0.276,HFC_all,Mreduced,R1234YF,HFO,HMIM,TF2N,292.98,0.276,0.2206,0.17649996876716614,0.0030679112786465225,0.04410003123283385,0.17507702112197876,0.17507702112197876,0.17841076850891113,0.17841076850891113,0.17272093892097473,0.17272093892097473,0.18062299489974976,0.18062299489974976,0.1756681203842163,0.1756681203842163
[hmim]__[Tf2N]__R1234yf__293.64__0.3538,HFC_all,Mreduced,R1234YF,HFO,HMIM,TF2N,293.64,0.3538,0.2792,0.23304901421070098,0.009281793796526513,0.04615098578929902,0.22314181923866272,0.22314181923866272,0.24271363019943237,0.24271363019943237,0.22402863204479218,0.22402863204479218,0.2414739727973938,0.2414739727973938,0.23388701677322388,0.23388701677322388
[hmim]__[Tf2N]__R1234yf__293.13__0.4344,HFC_all,Mreduced,R1234YF,HFO,HMIM,TF2N,293.13,0.4343999999999999,0.3536,0.2914430618286133,0.015782723379181688,0.06215693817138673,0.27462291717529297,0.27462291717529297,0.3065902292728424,0.3065902292728424,0.2745213508605957,0.2745213508605957,0.30426162481307983,0.30426162481307983,0.2972191870212555,0.2972191870212555
[hmim]__[Tf2N]__R1234yf__303.05__0.1153,HFC_all,Mreduced,R1234YF,HFO,HMIM,TF2N,303.05,0.1153,0.0689,0.04659619629383087,0.004935326405880359,0.022303803706169134,0.045853156596422195,0.045853156596422195,0.046763546764850616,0.046763546764850616,0.04942226782441139,0.04942226782441139,0.05204104632139206,0.05204104632139206,0.038900963962078094,0.038900963962078094
[hmim]__[Tf2N]__R1234yf__303.09__0.2306,HFC_all,Mreduced,R1234YF,HFO,HMIM,TF2N,303.09,0.2306,0.1386,0.10013801604509354,0.003758248103441538,0.038461983954906465,0.10101436823606491,0.10101436823606491,0.09670602530241013,0.09670602530241013,0.10145770013332367,0.10145770013332367,0.10530823469161987,0.10530823469161987,0.0962037518620491,0.0962037518620491
[hmim]__[Tf2N]__R1234yf__303.07__0.3249,HFC_all,Mreduced,R1234YF,HFO,HMIM,TF2N,303.07,0.3248999999999999,0.1991,0.1579923450946808,0.0045144022256917,0.0411076549053192,0.15577606856822968,0.15577606856822968,0.1577569842338562,0.1577569842338562,0.15397825837135315,0.15397825837135315,0.16567134857177734,0.16567134857177734,0.15677906572818756,0.15677906572818756
[hmim]__[Tf2N]__R1234yf__303.13__0.4161,HFC_all,Mreduced,R1234YF,HFO,HMIM,TF2N,303.13,0.4161,0.2545,0.2070855975151062,0.007510737900513647,0.047414402484893814,0.19681096076965332,0.19681096076965332,0.21079739928245544,0.21079739928245544,0.20244339108467102,0.20244339108467102,0.2160026729106903,0.2160026729106903,0.2093735635280609,0.2093735635280609
[hmim]__[Tf2N]__R1234yf__303.15__0.5231,HFC_all,Mreduced,R1234YF,HFO,HMIM,TF2N,303.15,0.5231,0.323,0.26013811528682707,0.012116224274349292,0.06286188471317294,0.24186663329601288,0.24186663329601288,0.26792508363723755,0.26792508363723755,0.25343453884124756,0.25343453884124756,0.26892513036727905,0.26892513036727905,0.2685391902923584,0.2685391902923584
[hmim]__[Tf2N]__R1234yf__313.06__0.1306,HFC_all,Mreduced,R1234YF,HFO,HMIM,TF2N,313.06,0.1306,0.061,0.04600429087877274,0.004746911588965407,0.01499570912122726,0.04411438852548599,0.04411438852548599,0.04367094486951828,0.04367094486951828,0.046561069786548615,0.046561069786548615,0.05392377823591232,0.05392377823591232,0.04175127297639847,0.04175127297639847
[hmim]__[Tf2N]__R1234yf__313.06__0.2624,HFC_all,Mreduced,R1234YF,HFO,HMIM,TF2N,313.06,0.2623999999999999,0.1238,0.09176724106073379,0.003342811602411758,0.0320327589392662,0.092852383852005,0.092852383852005,0.08835481107234955,0.08835481107234955,0.0916922464966774,0.0916922464966774,0.09677523374557495,0.09677523374557495,0.08916153013706207,0.08916153013706207
[hmim]__[Tf2N]__R1234yf__313.05__0.3724,HFC_all,Mreduced,R1234YF,HFO,HMIM,TF2N,313.05,0.3723999999999999,0.1789,0.14270967841148377,0.004300446861757321,0.03619032158851623,0.14104825258255005,0.14104825258255005,0.1393994688987732,0.1393994688987732,0.14076101779937744,0.14076101779937744,0.15020188689231873,0.15020188689231873,0.14213776588439941,0.14213776588439941
[hmim]__[Tf2N]__R1234yf__313.13__0.4807,HFC_all,Mreduced,R1234YF,HFO,HMIM,TF2N,313.13,0.4807,0.2292,0.185769522190094,0.006244352435537699,0.043430477809906,0.1774057000875473,0.1774057000875473,0.1867554783821106,0.1867554783821106,0.1828538328409195,0.1828538328409195,0.19434866309165955,0.19434866309165955,0.18748393654823303,0.18748393654823303
[hmim]__[Tf2N]__R1234yf__313.2__0.6103,HFC_all,Mreduced,R1234YF,HFO,HMIM,TF2N,313.2,0.6103,0.2925,0.23439174890518188,0.010193940129497554,0.0581082510948181,0.21728137135505676,0.21728137135505676,0.23880082368850708,0.23880082368850708,0.2328760027885437,0.2328760027885437,0.24172496795654297,0.24172496795654297,0.2412755787372589,0.2412755787372589
[hmim]__[Tf2N]__R1234yf__323.08__0.1457,HFC_all,Mreduced,R1234YF,HFO,HMIM,TF2N,323.08,0.1457,0.0537,0.043635746091604234,0.004822570640607142,0.010064253908395764,0.04113064706325531,0.04113064706325531,0.039254080504179,0.039254080504179,0.0439688079059124,0.0439688079059124,0.05170674994587898,0.05170674994587898,0.04211844503879547,0.04211844503879547
[hmim]__[Tf2N]__R1234yf__323.06__0.2938,HFC_all,Mreduced,R1234YF,HFO,HMIM,TF2N,323.06,0.2938,0.1098,0.08435415029525757,0.003675366957091345,0.025445849704742424,0.08555783331394196,0.08555783331394196,0.08052985370159149,0.08052985370159149,0.0834738090634346,0.0834738090634346,0.09004517644643784,0.09004517644643784,0.08216407895088196,0.08216407895088196
[hmim]__[Tf2N]__R1234yf__323.05__0.4192,HFC_all,Mreduced,R1234YF,HFO,HMIM,TF2N,323.05,0.4191999999999999,0.1596,0.13021577298641204,0.004097013927534174,0.02938422701358795,0.12881404161453247,0.12881404161453247,0.12542246282100677,0.12542246282100677,0.12820063531398773,0.12820063531398773,0.13581034541130066,0.13581034541130066,0.1328313797712326,0.1328313797712326
[hmim]__[Tf2N]__R1234yf__323.13__0.5437,HFC_all,Mreduced,R1234YF,HFO,HMIM,TF2N,323.13,0.5437000000000001,0.205,0.16988296806812286,0.005904199426125934,0.035117031931877124,0.16309112310409546,0.16309112310409546,0.16856589913368225,0.16856589913368225,0.16588559746742249,0.16588559746742249,0.17701184749603271,0.17701184749603271,0.1748603731393814,0.1748603731393814
[hmim]__[Tf2N]__R1234yf__323.19__0.6954,HFC_all,Mreduced,R1234YF,HFO,HMIM,TF2N,323.19,0.6954,0.2628,0.21501088738441468,0.007308411326531605,0.0477891126155853,0.2029266655445099,0.2029266655445099,0.21755757927894592,0.21755757927894592,0.21370461583137512,0.21370461583137512,0.2209971845149994,0.2209971845149994,0.21986839175224304,0.21986839175224304
[hmim]__[Tf2N]__R1234yf__333.1__0.1609,HFC_all,Mreduced,R1234YF,HFO,HMIM,TF2N,333.1,0.1609,0.0474,0.04067234024405479,0.0048428126505815515,0.006727659755945206,0.03863680362701416,0.03863680362701416,0.03545764833688736,0.03545764833688736,0.04070745036005974,0.04070745036005974,0.04854866489768028,0.04854866489768028,0.04001113399863243,0.04001113399863243
[hmim]__[Tf2N]__R1234yf__333.09__0.3241,HFC_all,Mreduced,R1234YF,HFO,HMIM,TF2N,333.09,0.3241,0.0972,0.07654137462377548,0.0038748611848164827,0.02065862537622451,0.0764295905828476,0.0764295905828476,0.07308473438024521,0.07308473438024521,0.0769643634557724,0.0769643634557724,0.0827493667602539,0.0827493667602539,0.0734788179397583,0.0734788179397583
[hmim]__[Tf2N]__R1234yf__333.17__0.4644,HFC_all,Mreduced,R1234YF,HFO,HMIM,TF2N,333.17,0.4644,0.142,0.11926795989274978,0.0044250649851986295,0.022732040107250204,0.11847540736198425,0.11847540736198425,0.11326006054878235,0.11326006054878235,0.11807125806808472,0.11807125806808472,0.12529045343399048,0.12529045343399048,0.12124262005090714,0.12124262005090714
[hmim]__[Tf2N]__R1234yf__333.21__0.6016,HFC_all,Mreduced,R1234YF,HFO,HMIM,TF2N,333.21,0.6016,0.1844,0.15582551956176757,0.005787437944206148,0.028574480438232436,0.15130490064620972,0.15130490064620972,0.15238788723945618,0.15238788723945618,0.1511852741241455,0.1511852741241455,0.16276955604553223,0.16276955604553223,0.16147997975349426,0.16147997975349426
[hmim]__[Tf2N]__R1234yf__333.21__0.7763,HFC_all,Mreduced,R1234YF,HFO,HMIM,TF2N,333.21,0.7763,0.2355,0.19873736798763275,0.005651766996652812,0.036762632012367236,0.19067710638046265,0.19067710638046265,0.1992950737476349,0.1992950737476349,0.1959310919046402,0.1959310919046402,0.20475196838378906,0.20475196838378906,0.20303159952163696,0.20303159952163696
[hmim]__[Tf2N]__R1234yf__343.11__0.176,HFC_all,Mreduced,R1234YF,HFO,HMIM,TF2N,343.11,0.176,0.0422,0.03771678805351257,0.004717380623089207,0.004483211946487431,0.036782488226890564,0.036782488226890564,0.03174574300646782,0.03174574300646782,0.037947170436382294,0.037947170436382294,0.04493742436170578,0.04493742436170578,0.03717111423611641,0.03717111423611641
[hmim]__[Tf2N]__R1234yf__343.1__0.3531,HFC_all,Mreduced,R1234YF,HFO,HMIM,TF2N,343.1,0.3531,0.0869,0.06890806257724762,0.004545267927269442,0.017991937422752388,0.06791619956493378,0.06791619956493378,0.06513311713933945,0.06513311713933945,0.07167473435401917,0.07167473435401917,0.07528163492679596,0.07528163492679596,0.06453462690114975,0.06453462690114975
[hmim]__[Tf2N]__R1234yf__343.19__0.5069,HFC_all,Mreduced,R1234YF,HFO,HMIM,TF2N,343.19,0.5069,0.1265,0.10902582257986068,0.005269462239502312,0.01747417742013932,0.1086568683385849,0.1086568683385849,0.10212160646915436,0.10212160646915436,0.10858545452356339,0.10858545452356339,0.11696434020996094,0.11696434020996094,0.10880084335803986,0.10880084335803986
[hmim]__[Tf2N]__R1234yf__343.21__0.6585,HFC_all,Mreduced,R1234YF,HFO,HMIM,TF2N,343.21,0.6585,0.1648,0.14270727038383485,0.00538834074635246,0.022092729616165152,0.14070376753807068,0.14070376753807068,0.13656717538833618,0.13656717538833618,0.13973620533943176,0.13973620533943176,0.14964789152145386,0.14964789152145386,0.1468813121318817,0.1468813121318817
[hmim]__[Tf2N]__R1234yf__343.19__0.8529,HFC_all,Mreduced,R1234YF,HFO,HMIM,TF2N,343.19,0.8529,0.2119,0.18460047245025635,0.005359166934625601,0.027299527549743657,0.17972710728645325,0.17972710728645325,0.18342074751853943,0.18342074751853943,0.18067201972007751,0.18067201972007751,0.19309073686599731,0.19309073686599731,0.18609175086021423,0.18609175086021423
[hmim]__[Tf2N]__R1234yf__353.11__0.1899,HFC_all,Mreduced,R1234YF,HFO,HMIM,TF2N,353.11,0.1899,0.0376,0.03539696559309959,0.004874342877266932,0.0022030344069004087,0.03556641563773155,0.03556641563773155,0.028353489935398102,0.028353489935398102,0.03641754016280174,0.03641754016280174,0.042013175785541534,0.042013175785541534,0.03463420644402504,0.03463420644402504
[hmim]__[Tf2N]__R1234yf__353.11__0.3811,HFC_all,Mreduced,R1234YF,HFO,HMIM,TF2N,353.11,0.3811,0.0757,0.06268474683165551,0.005029175489251697,0.013015253168344496,0.061790287494659424,0.061790287494659424,0.05907616391777992,0.05907616391777992,0.06725984066724777,0.06725984066724777,0.06841129064559937,0.06841129064559937,0.05688615143299103,0.05688615143299103
[hmim]__[Tf2N]__R1234yf__353.19__0.5472,HFC_all,Mreduced,R1234YF,HFO,HMIM,TF2N,353.19,0.5472,0.1121,0.09915118217468262,0.006161949490257888,0.012948817825317385,0.09943954646587372,0.09943954646587372,0.0911262258887291,0.0911262258887291,0.10067683458328247,0.10067683458328247,0.10799162834882736,0.10799162834882736,0.09652167558670044,0.09652167558670044
[hmim]__[Tf2N]__R1234yf__353.21__0.7125,HFC_all,Mreduced,R1234YF,HFO,HMIM,TF2N,353.21,0.7125,0.1476,0.12985088527202607,0.0062705240188449226,0.01774911472797394,0.1298745572566986,0.1298745572566986,0.12081849575042725,0.12081849575042725,0.12865489721298218,0.12865489721298218,0.13828451931476593,0.13828451931476593,0.13162195682525635,0.13162195682525635
[hmim]__[Tf2N]__R1234yf__353.21__0.9251,HFC_all,Mreduced,R1234YF,HFO,HMIM,TF2N,353.21,0.9251,0.1904,0.17165366113185881,0.005671371848278707,0.0187463388681412,0.16895318031311035,0.16895318031311035,0.16888728737831116,0.16888728737831116,0.16807101666927338,0.16807101666927338,0.18165245652198792,0.18165245652198792,0.17070436477661133,0.17070436477661133
[hmim]__[Tf2N]__R1234ze(E)__293.12__0.0497,HFC_all,Mreduced,R1234ZE(E),HFO,HMIM,TF2N,293.12,0.0497,0.0565,0.05771428868174553,0.005177163356223011,0.001214288681745529,0.058733850717544556,0.058733850717544556,0.05455654114484787,0.05455654114484787,0.065015509724617,0.065015509724617,0.05897756665945053,0.05897756665945053,0.051287975162267685,0.051287975162267685
[hmim]__[Tf2N]__R1234ze(E)__292.98__0.1065,HFC_all,Mreduced,R1234ZE(E),HFO,HMIM,TF2N,292.98,0.1065,0.1263,0.12030265927314758,0.008480211677743163,0.005997340726852415,0.12200424820184708,0.12200424820184708,0.12518662214279175,0.12518662214279175,0.12961305677890778,0.12961305677890778,0.11724770814180374,0.11724770814180374,0.10746166110038757,0.10746166110038757
[hmim]__[Tf2N]__R1234ze(E)__293.1__0.1609,HFC_all,Mreduced,R1234ZE(E),HFO,HMIM,TF2N,293.1,0.1609,0.2017,0.20138660371303557,0.0100232772236833,0.000313396286964418,0.20496751368045807,0.20496751368045807,0.20929020643234253,0.20929020643234253,0.20766042172908783,0.20766042172908783,0.2005552500486374,0.2005552500486374,0.1844596266746521,0.1844596266746521
[hmim]__[Tf2N]__R1234ze(E)__293.1__0.2212,HFC_all,Mreduced,R1234ZE(E),HFO,HMIM,TF2N,293.1,0.2211999999999999,0.2816,0.309128338098526,0.011461662545403092,0.027528338098526006,0.3099125027656555,0.3099125027656555,0.32166093587875366,0.32166093587875366,0.31047993898391724,0.31047993898391724,0.31316056847572327,0.31316056847572327,0.2904277443885803,0.2904277443885803
[hmim]__[Tf2N]__R1234ze(E)__293.1__0.2579,HFC_all,Mreduced,R1234ZE(E),HFO,HMIM,TF2N,293.1,0.2578999999999999,0.3312,0.3732650697231293,0.011444610489139877,0.04206506972312929,0.37259000539779663,0.37259000539779663,0.38672369718551636,0.38672369718551636,0.370949923992157,0.370949923992157,0.37990882992744446,0.37990882992744446,0.35615289211273193,0.35615289211273193
[hmim]__[Tf2N]__R1234ze(E)__303.15__0.0608,HFC_all,Mreduced,R1234ZE(E),HFO,HMIM,TF2N,303.15,0.0608,0.0498,0.05632576569914818,0.004104787967796027,0.00652576569914818,0.05814740061759949,0.05814740061759949,0.05139026418328285,0.05139026418328285,0.06069809943437576,0.06069809943437576,0.058843787759542465,0.058843787759542465,0.05254927650094032,0.05254927650094032
[hmim]__[Tf2N]__R1234ze(E)__303.13__0.1311,HFC_all,Mreduced,R1234ZE(E),HFO,HMIM,TF2N,303.13,0.1311,0.1135,0.11502721607685089,0.008769413430159264,0.0015272160768508847,0.11618072539567947,0.11618072539567947,0.1196909174323082,0.1196909174323082,0.12420214712619781,0.12420214712619781,0.11416319757699966,0.11416319757699966,0.1008990928530693,0.1008990928530693
[hmim]__[Tf2N]__R1234ze(E)__303.34__0.2012,HFC_all,Mreduced,R1234ZE(E),HFO,HMIM,TF2N,303.34,0.2012,0.1833,0.1923095703125,0.009028950473046398,0.00900957031250002,0.19768382608890533,0.19768382608890533,0.19419246912002563,0.19419246912002563,0.19925490021705627,0.19925490021705627,0.1937102973461151,0.1937102973461151,0.17670635879039764,0.17670635879039764
[hmim]__[Tf2N]__R1234ze(E)__303.23__0.2755,HFC_all,Mreduced,R1234ZE(E),HFO,HMIM,TF2N,303.23,0.2755,0.2609,0.28891128301620483,0.010699684727588593,0.028011283016204813,0.2944751977920532,0.2944751977920532,0.2969661056995392,0.2969661056995392,0.2846580147743225,0.2846580147743225,0.2964790463447571,0.2964790463447571,0.2719780504703522,0.2719780504703522
[hmim]__[Tf2N]__R1234ze(E)__303.15__0.3255,HFC_all,Mreduced,R1234ZE(E),HFO,HMIM,TF2N,303.15,0.3255,0.308,0.3501834511756897,0.012306595793316355,0.04218345117568972,0.355584979057312,0.355584979057312,0.3593984544277191,0.3593984544277191,0.34010809659957886,0.34010809659957886,0.36169496178627014,0.36169496178627014,0.33413076400756836,0.33413076400756836
[hmim]__[Tf2N]__R1234ze(E)__313.15__0.0727,HFC_all,Mreduced,R1234ZE(E),HFO,HMIM,TF2N,313.15,0.0727,0.0429,0.05464064925909042,0.004869861049346926,0.011740649259090422,0.05651475489139557,0.05651475489139557,0.04700952395796776,0.04700952395796776,0.0581708587706089,0.0581708587706089,0.05876852944493294,0.05876852944493294,0.05273957923054695,0.05273957923054695
[hmim]__[Tf2N]__R1234ze(E)__313.11__0.1571,HFC_all,Mreduced,R1234ZE(E),HFO,HMIM,TF2N,313.11,0.1571,0.1002,0.10914020240306854,0.007100898738711466,0.008940202403068545,0.10978040099143982,0.10978040099143982,0.11398715525865555,0.11398715525865555,0.11519867926836014,0.11519867926836014,0.10946789383888245,0.10946789383888245,0.09726688265800476,0.09726688265800476
[hmim]__[Tf2N]__R1234ze(E)__313.09__0.2414,HFC_all,Mreduced,R1234ZE(E),HFO,HMIM,TF2N,313.09,0.2414,0.1652,0.18359265625476837,0.007375608540029279,0.018392656254768353,0.18596291542053223,0.18596291542053223,0.187143474817276,0.187143474817276,0.1879890263080597,0.1879890263080597,0.18639694154262543,0.18639694154262543,0.1704709231853485,0.1704709231853485
[hmim]__[Tf2N]__R1234ze(E)__313.22__0.3352,HFC_all,Mreduced,R1234ZE(E),HFO,HMIM,TF2N,313.22,0.3352,0.2376,0.26537166237831117,0.010204419855388076,0.027771662378311163,0.27259302139282227,0.27259302139282227,0.2688603699207306,0.2688603699207306,0.25716692209243774,0.25716692209243774,0.27598798274993896,0.27598798274993896,0.2522500157356262,0.2522500157356262
[hmim]__[Tf2N]__R1234ze(E)__313.17__0.3983,HFC_all,Mreduced,R1234ZE(E),HFO,HMIM,TF2N,313.17,0.3983,0.2822,0.31477285623550416,0.01199625072863059,0.032572856235504155,0.31946462392807007,0.31946462392807007,0.3197082579135895,0.3197082579135895,0.29781633615493774,0.29781633615493774,0.32880300283432007,0.32880300283432007,0.3080720603466034,0.3080720603466034
[hmim]__[Tf2N]__R1234ze(E)__323.19__0.0852,HFC_all,Mreduced,R1234ZE(E),HFO,HMIM,TF2N,323.19,0.0852,0.038,0.050782471895217896,0.0050657610723144186,0.012782471895217896,0.050823114812374115,0.050823114812374115,0.04262600466609001,0.04262600466609001,0.05468242987990379,0.05468242987990379,0.05534210801124573,0.05534210801124573,0.05043870210647583,0.05043870210647583
[hmim]__[Tf2N]__R1234ze(E)__324.14__0.1835,HFC_all,Mreduced,R1234ZE(E),HFO,HMIM,TF2N,324.14,0.1835,0.0876,0.09926562756299973,0.006563383336755744,0.011665627562999728,0.09927808493375778,0.09927808493375778,0.10380449891090393,0.10380449891090393,0.10494561493396759,0.10494561493396759,0.09994256496429443,0.09994256496429443,0.08835737407207489,0.08835737407207489
[hmim]__[Tf2N]__R1234ze(E)__323.09__0.2839,HFC_all,Mreduced,R1234ZE(E),HFO,HMIM,TF2N,323.09,0.2839,0.1463,0.17364499866962432,0.006801969126098643,0.02734499866962431,0.1746845245361328,0.1746845245361328,0.17766308784484863,0.17766308784484863,0.17622269690036774,0.17622269690036774,0.1779528558254242,0.1779528558254242,0.16170182824134827,0.16170182824134827
[hmim]__[Tf2N]__R1234ze(E)__323.21__0.3972,HFC_all,Mreduced,R1234ZE(E),HFO,HMIM,TF2N,323.21,0.3972,0.2133,0.24107342660427095,0.00775307564371218,0.027773426604270957,0.24365583062171936,0.24365583062171936,0.242910236120224,0.242910236120224,0.23176337778568268,0.23176337778568268,0.25163552165031433,0.25163552165031433,0.2354021668434143,0.2354021668434143
[hmim]__[Tf2N]__R1234ze(E)__323.18__0.4742,HFC_all,Mreduced,R1234ZE(E),HFO,HMIM,TF2N,323.18,0.4742,0.2548,0.2836086511611938,0.008854140395690107,0.0288086511611938,0.28195011615753174,0.28195011615753174,0.2846851050853729,0.2846851050853729,0.27256232500076294,0.27256232500076294,0.2971701920032501,0.2971701920032501,0.2816755175590515,0.2816755175590515
[hmim]__[Tf2N]__R1234ze(E)__333.2__0.0977,HFC_all,Mreduced,R1234ZE(E),HFO,HMIM,TF2N,333.2,0.0977,0.0334,0.04694871976971626,0.004896447474516041,0.013548719769716264,0.046159274876117706,0.046159274876117706,0.03944903984665871,0.03944903984665871,0.05061779171228409,0.05061779171228409,0.051988016813993454,0.051988016813993454,0.04652947559952736,0.04652947559952736
[hmim]__[Tf2N]__R1234ze(E)__333.17__0.2102,HFC_all,Mreduced,R1234ZE(E),HFO,HMIM,TF2N,333.17,0.2102,0.0745,0.09373408555984497,0.00664173888553445,0.019234085559844974,0.09383098781108856,0.09383098781108856,0.09820182621479034,0.09820182621479034,0.09948419779539108,0.09948419779539108,0.09450206905603409,0.09450206905603409,0.08265134692192078,0.08265134692192078
[hmim]__[Tf2N]__R1234ze(E)__333.11__0.3263,HFC_all,Mreduced,R1234ZE(E),HFO,HMIM,TF2N,333.11,0.3263,0.1279,0.15897800922393798,0.006903478750748794,0.03107800922393797,0.1584387868642807,0.1584387868642807,0.16136877238750458,0.16136877238750458,0.16054588556289673,0.16054588556289673,0.1666576862335205,0.1666576862335205,0.14787891507148743,0.14787891507148743
[hmim]__[Tf2N]__R1234ze(E)__333.21__0.4586,HFC_all,Mreduced,R1234ZE(E),HFO,HMIM,TF2N,333.21,0.4586,0.1895,0.2197101444005966,0.0076260372125758645,0.030210144400596606,0.2189391553401947,0.2189391553401947,0.2183535397052765,0.2183535397052765,0.21176110208034515,0.21176110208034515,0.23237192630767822,0.23237192630767822,0.21712499856948853,0.21712499856948853
[hmim]__[Tf2N]__R1234ze(E)__333.2__0.55,HFC_all,Mreduced,R1234ZE(E),HFO,HMIM,TF2N,333.2,0.55,0.2273,0.25897241830825807,0.009995003738600601,0.031672418308258066,0.25393950939178467,0.25393950939178467,0.25619959831237793,0.25619959831237793,0.2516635060310364,0.2516635060310364,0.2765030860900879,0.2765030860900879,0.2565563917160034,0.2565563917160034
[hmim]__[Tf2N]__R1234ze(E)__343.2__0.1099,HFC_all,Mreduced,R1234ZE(E),HFO,HMIM,TF2N,343.2,0.1099,0.0274,0.044292548298835756,0.004849811941711495,0.016892548298835755,0.04417688772082329,0.04417688772082329,0.03691399097442627,0.03691399097442627,0.04771440103650093,0.04771440103650093,0.04946122691035271,0.04946122691035271,0.04319623485207558,0.04319623485207558
[hmim]__[Tf2N]__R1234ze(E)__343.18__0.2359,HFC_all,Mreduced,R1234ZE(E),HFO,HMIM,TF2N,343.18,0.2359,0.0629,0.08496339470148087,0.004979112668949614,0.022063394701480873,0.08479038625955582,0.08479038625955582,0.08831426501274109,0.08831426501274109,0.08887287974357605,0.08887287974357605,0.08629356324672699,0.08629356324672699,0.07654587924480438,0.07654587924480438
[hmim]__[Tf2N]__R1234ze(E)__343.11__0.3663,HFC_all,Mreduced,R1234ZE(E),HFO,HMIM,TF2N,343.11,0.3663,0.1114,0.14287096560001372,0.00652175273698724,0.03147096560001372,0.14293865859508514,0.14293865859508514,0.14388594031333923,0.14388594031333923,0.14387190341949463,0.14387190341949463,0.15093755722045898,0.15093755722045898,0.13272076845169067,0.13272076845169067
[hmim]__[Tf2N]__R1234ze(E)__343.22__0.5186,HFC_all,Mreduced,R1234ZE(E),HFO,HMIM,TF2N,343.22,0.5186000000000001,0.1666,0.20260728895664215,0.007553767910362535,0.03600728895664215,0.20152391493320465,0.20152391493320465,0.19725331664085388,0.19725331664085388,0.19716697931289673,0.19716697931289673,0.21555548906326294,0.21555548906326294,0.20153674483299255,0.20153674483299255
[hmim]__[Tf2N]__R1234ze(E)__343.21__0.6234,HFC_all,Mreduced,R1234ZE(E),HFO,HMIM,TF2N,343.21,0.6234,0.201,0.24021930992603302,0.009455108082511257,0.03921930992603301,0.23680563271045685,0.23680563271045685,0.23565784096717834,0.23565784096717834,0.2343706488609314,0.2343706488609314,0.25701504945755005,0.25701504945755005,0.23724737763404846,0.23724737763404846
[hmim]__[Tf2N]__R1234ze(E)__353.21__0.1221,HFC_all,Mreduced,R1234ZE(E),HFO,HMIM,TF2N,353.21,0.1221,0.0228,0.0425921231508255,0.005286070097059121,0.0197921231508255,0.0432567372918129,0.0432567372918129,0.034368276596069336,0.034368276596069336,0.04628415033221245,0.04628415033221245,0.04788638651371002,0.04788638651371002,0.0411650650203228,0.0411650650203228
[hmim]__[Tf2N]__R1234ze(E)__353.21__0.2612,HFC_all,Mreduced,R1234ZE(E),HFO,HMIM,TF2N,353.21,0.2612,0.0535,0.07682346701622009,0.0032009787208128362,0.02332346701622009,0.07689079642295837,0.07689079642295837,0.07815081626176834,0.07815081626176834,0.07927518337965012,0.07927518337965012,0.0784926488995552,0.0784926488995552,0.07130789011716843,0.07130789011716843
[hmim]__[Tf2N]__R1234ze(E)__353.14__0.4066,HFC_all,Mreduced,R1234ZE(E),HFO,HMIM,TF2N,353.14,0.4066,0.0952,0.1288389191031456,0.005104665531004706,0.03363891910314559,0.1309596598148346,0.1309596598148346,0.12546387314796448,0.12546387314796448,0.13077574968338013,0.13077574968338013,0.13499218225479126,0.13499218225479126,0.12200313061475754,0.12200313061475754
[hmim]__[Tf2N]__R1234ze(E)__353.22__0.5758,HFC_all,Mreduced,R1234ZE(E),HFO,HMIM,TF2N,353.22,0.5758,0.1457,0.1865633249282837,0.008191986080262649,0.040863324928283706,0.18728208541870117,0.18728208541870117,0.1776655912399292,0.1776655912399292,0.18354633450508118,0.18354633450508118,0.19980889558792114,0.19980889558792114,0.18451371788978577,0.18451371788978577
[hmim]__[Tf2N]__R1234ze(E)__353.23__0.6937,HFC_all,Mreduced,R1234ZE(E),HFO,HMIM,TF2N,353.23,0.6937000000000001,0.1766,0.22348056435585023,0.008732412344761962,0.046880564355850224,0.22169636189937592,0.22169636189937592,0.21691817045211792,0.21691817045211792,0.21812810003757477,0.21812810003757477,0.23858511447906494,0.23858511447906494,0.22207507491111755,0.22207507491111755
[hmim]__[Tf2N]__R1233zd(E)__303.24__0.009,HFC_all,Mreduced,R1233ZD(E),HCFO,HMIM,TF2N,303.24,0.009,0.014,0.08900258094072341,0.011198520114616995,0.07500258094072342,0.08572828769683838,0.08572828769683838,0.07837315648794174,0.07837315648794174,0.10437791049480438,0.10437791049480438,0.09664645791053772,0.09664645791053772,0.07988709211349487,0.07988709211349487
[hmim]__[Tf2N]__R1233zd(E)__303.16__0.02,HFC_all,Mreduced,R1233ZD(E),HCFO,HMIM,TF2N,303.16,0.02,0.027,0.1029708743095398,0.011218500795966743,0.0759708743095398,0.09922267496585846,0.09922267496585846,0.0941743329167366,0.0941743329167366,0.11821946501731873,0.11821946501731873,0.11099487543106079,0.11099487543106079,0.0922430232167244,0.0922430232167244
[hmim]__[Tf2N]__R1233zd(E)__303.15__0.032,HFC_all,Mreduced,R1233ZD(E),HCFO,HMIM,TF2N,303.15,0.032,0.045,0.11895193457603455,0.011512124611468152,0.07395193457603455,0.11494161188602448,0.11494161188602448,0.11231003701686859,0.11231003701686859,0.13433638215065002,0.13433638215065002,0.1271224319934845,0.1271224319934845,0.10604920983314514,0.10604920983314514
[hmim]__[Tf2N]__R1233zd(E)__303.33__0.048,HFC_all,Mreduced,R1233ZD(E),HCFO,HMIM,TF2N,303.33,0.048,0.068,0.14172055423259736,0.011683142504989528,0.07372055423259735,0.13687969744205475,0.13687969744205475,0.13830921053886414,0.13830921053886414,0.15711736679077148,0.15711736679077148,0.14929112792015076,0.14929112792015076,0.12700536847114563,0.12700536847114563
[hmim]__[Tf2N]__R1233zd(E)__303.12__0.064,HFC_all,Mreduced,R1233ZD(E),HCFO,HMIM,TF2N,303.12,0.064,0.092,0.1683742642402649,0.012412784793181423,0.07637426424026489,0.1620849221944809,0.1620849221944809,0.16819997131824493,0.16819997131824493,0.1839439570903778,0.1839439570903778,0.17592179775238037,0.17592179775238037,0.15172067284584045,0.15172067284584045
[hmim]__[Tf2N]__R1233zd(E)__303.23__0.081,HFC_all,Mreduced,R1233ZD(E),HCFO,HMIM,TF2N,303.23,0.081,0.113,0.19806191623210906,0.013938023485886679,0.08506191623210906,0.18938905000686646,0.18938905000686646,0.20156583189964294,0.20156583189964294,0.21357493102550507,0.21357493102550507,0.20695090293884277,0.20695090293884277,0.1788288652896881,0.1788288652896881
[hmim]__[Tf2N]__R1233zd(E)__313.15__0.01,HFC_all,Mreduced,R1233ZD(E),HCFO,HMIM,TF2N,313.15,0.01,0.014,0.07065541967749596,0.01111885904004959,0.05665541967749596,0.06758452206850052,0.06758452206850052,0.05806254968047142,0.05806254968047142,0.08484573662281036,0.08484573662281036,0.07926788926124573,0.07926788926124573,0.06351640075445175,0.06351640075445175
[hmim]__[Tf2N]__R1233zd(E)__313.13__0.022,HFC_all,Mreduced,R1233ZD(E),HCFO,HMIM,TF2N,313.13,0.022,0.026,0.08243294656276703,0.01088159540953839,0.05643294656276704,0.07899976521730423,0.07899976521730423,0.0711546391248703,0.0711546391248703,0.096599280834198,0.096599280834198,0.09088525176048279,0.09088525176048279,0.07452579587697983,0.07452579587697983
[hmim]__[Tf2N]__R1233zd(E)__313.15__0.036,HFC_all,Mreduced,R1233ZD(E),HCFO,HMIM,TF2N,313.15,0.036,0.042,0.09691936671733856,0.0103694017904873,0.054919366717338554,0.09269732236862183,0.09269732236862183,0.0880831927061081,0.0880831927061081,0.110772505402565,0.110772505402565,0.10494713485240936,0.10494713485240936,0.08809667825698853,0.08809667825698853
[hmim]__[Tf2N]__R1233zd(E)__313.13__0.053,HFC_all,Mreduced,R1233ZD(E),HCFO,HMIM,TF2N,313.13,0.053,0.065,0.11610917448997497,0.010539845353947315,0.05110917448997497,0.11055496335029602,0.11055496335029602,0.11060147732496262,0.11060147732496262,0.13055294752120972,0.13055294752120972,0.12360595911741257,0.12360595911741257,0.10523052513599396,0.10523052513599396
[hmim]__[Tf2N]__R1233zd(E)__313.15__0.071,HFC_all,Mreduced,R1233ZD(E),HCFO,HMIM,TF2N,313.15,0.071,0.089,0.13860104680061341,0.011339261445648773,0.04960104680061342,0.1318177878856659,0.1318177878856659,0.13651305437088013,0.13651305437088013,0.15361468493938446,0.15361468493938446,0.14601005613803864,0.14601005613803864,0.1250496506690979,0.1250496506690979
[hmim]__[Tf2N]__R1233zd(E)__313.13__0.09,HFC_all,Mreduced,R1233ZD(E),HCFO,HMIM,TF2N,313.13,0.09,0.109,0.16467863619327544,0.012513156368610924,0.05567863619327544,0.1563730239868164,0.1563730239868164,0.16498205065727234,0.16498205065727234,0.18106821179389954,0.18106821179389954,0.17174214124679565,0.17174214124679565,0.14922775328159332,0.14922775328159332
[hmim]__[Tf2N]__R1233zd(E)__323.16__0.012,HFC_all,Mreduced,R1233ZD(E),HCFO,HMIM,TF2N,323.16,0.012,0.012,0.05929502844810486,0.010621848168875516,0.04729502844810486,0.05600852891802788,0.05600852891802788,0.046899743378162384,0.046899743378162384,0.07015853375196457,0.07015853375196457,0.07057058811187744,0.07057058811187744,0.05283774808049202,0.05283774808049202
[hmim]__[Tf2N]__R1233zd(E)__323.15__0.025,HFC_all,Mreduced,R1233ZD(E),HCFO,HMIM,TF2N,323.15,0.025,0.024,0.06994481012225151,0.01016428755682831,0.04594481012225151,0.06663618236780167,0.06663618236780167,0.05906974896788597,0.05906974896788597,0.08082666993141174,0.08082666993141174,0.08054477721452713,0.08054477721452713,0.06264667212963104,0.06264667212963104
[hmim]__[Tf2N]__R1233zd(E)__323.15__0.041,HFC_all,Mreduced,R1233ZD(E),HCFO,HMIM,TF2N,323.15,0.041,0.04,0.08371124118566513,0.009803417215651556,0.04371124118566513,0.07988929748535156,0.07988929748535156,0.07488631457090378,0.07488631457090378,0.09489060193300247,0.09489060193300247,0.09355231374502182,0.09355231374502182,0.07533767819404602,0.07533767819404602
[hmim]__[Tf2N]__R1233zd(E)__323.17__0.06,HFC_all,Mreduced,R1233ZD(E),HCFO,HMIM,TF2N,323.17,0.06,0.062,0.10118204206228257,0.009721673866187434,0.03918204206228257,0.09634502977132797,0.09634502977132797,0.09504148364067078,0.09504148364067078,0.11340098828077316,0.11340098828077316,0.10969556123018265,0.10969556123018265,0.09142714738845825,0.09142714738845825
[hmim]__[Tf2N]__R1233zd(E)__323.15__0.081,HFC_all,Mreduced,R1233ZD(E),HCFO,HMIM,TF2N,323.15,0.081,0.084,0.12156446278095245,0.010704663914599592,0.03756446278095245,0.11538863182067871,0.11538863182067871,0.11814238876104355,0.11814238876104355,0.13611871004104614,0.13611871004104614,0.12868835031986237,0.12868835031986237,0.1094842329621315,0.1094842329621315
[hmim]__[Tf2N]__R1233zd(E)__323.15__0.102,HFC_all,Mreduced,R1233ZD(E),HCFO,HMIM,TF2N,323.15,0.102,0.104,0.1426984041929245,0.012174818762199726,0.038698404192924515,0.13573771715164185,0.13573771715164185,0.13983547687530518,0.13983547687530518,0.15964938700199127,0.15964938700199127,0.1497064232826233,0.1497064232826233,0.1285630166530609,0.1285630166530609
[hmim]__[Tf2N]__R1233zd(E)__333.16__0.014,HFC_all,Mreduced,R1233ZD(E),HCFO,HMIM,TF2N,333.16,0.014,0.011,0.0508367121219635,0.01068745804751393,0.039836712121963505,0.046767204999923706,0.046767204999923706,0.03844763711094856,0.03844763711094856,0.058355461806058884,0.058355461806058884,0.0650622695684433,0.0650622695684433,0.045550987124443054,0.045550987124443054
[hmim]__[Tf2N]__R1233zd(E)__333.17__0.029,HFC_all,Mreduced,R1233ZD(E),HCFO,HMIM,TF2N,333.17,0.029,0.022,0.06171160489320755,0.010543572855475258,0.039711604893207554,0.0575222447514534,0.0575222447514534,0.050704002380371094,0.050704002380371094,0.06950649619102478,0.06950649619102478,0.07584801316261292,0.07584801316261292,0.05497726798057556,0.05497726798057556
[hmim]__[Tf2N]__R1233zd(E)__333.16__0.047,HFC_all,Mreduced,R1233ZD(E),HCFO,HMIM,TF2N,333.16,0.047,0.037,0.07495707124471665,0.01036670520761122,0.03795707124471665,0.07083707302808762,0.07083707302808762,0.06582266092300415,0.06582266092300415,0.08355192840099335,0.08355192840099335,0.08834883570671082,0.08834883570671082,0.06622485816478729,0.06622485816478729
[hmim]__[Tf2N]__R1233zd(E)__333.17__0.068,HFC_all,Mreduced,R1233ZD(E),HCFO,HMIM,TF2N,333.17,0.068,0.058,0.09093763083219528,0.010182271363203507,0.032937630832195273,0.08611917495727539,0.08611917495727539,0.08377724885940552,0.08377724885940552,0.10044129192829132,0.10044129192829132,0.10328474640846252,0.10328474640846252,0.08106569200754166,0.08106569200754166
[hmim]__[Tf2N]__R1233zd(E)__333.16__0.092,HFC_all,Mreduced,R1233ZD(E),HCFO,HMIM,TF2N,333.16,0.092,0.079,0.1090119332075119,0.010901435310311482,0.0300119332075119,0.10354723781347275,0.10354723781347275,0.10177545994520187,0.10177545994520187,0.12088251113891602,0.12088251113891602,0.12064953148365021,0.12064953148365021,0.09820492565631866,0.09820492565631866
[hmim]__[Tf2N]__R1233zd(E)__333.18__0.115,HFC_all,Mreduced,R1233ZD(E),HCFO,HMIM,TF2N,333.18,0.115,0.098,0.12746435552835464,0.011608266467524038,0.029464355528354635,0.12217707931995392,0.12217707931995392,0.11969567090272903,0.11969567090272903,0.1421855390071869,0.1421855390071869,0.13741599023342133,0.13741599023342133,0.11584749817848206,0.11584749817848206
[hmim]__[Tf2N]__R1233zd(E)__343.16__0.017,HFC_all,Mreduced,R1233ZD(E),HCFO,HMIM,TF2N,343.16,0.017,0.01,0.044190900027751924,0.011359967568893849,0.03419090002775192,0.03934139758348465,0.03934139758348465,0.031655602157115936,0.031655602157115936,0.04976537823677063,0.04976537823677063,0.06092951446771622,0.06092951446771622,0.03926260769367218,0.03926260769367218
[hmim]__[Tf2N]__R1233zd(E)__343.16__0.033,HFC_all,Mreduced,R1233ZD(E),HCFO,HMIM,TF2N,343.16,0.033,0.02,0.05463547632098198,0.011105321330556684,0.034635476320981975,0.049656111747026443,0.049656111747026443,0.04342314228415489,0.04342314228415489,0.060461580753326416,0.060461580753326416,0.07111287117004395,0.07111287117004395,0.0485236756503582,0.0485236756503582
[hmim]__[Tf2N]__R1233zd(E)__343.16__0.053,HFC_all,Mreduced,R1233ZD(E),HCFO,HMIM,TF2N,343.16,0.053,0.034,0.06762129887938499,0.011219936695145686,0.03362129887938499,0.06255637109279633,0.06255637109279633,0.057893481105566025,0.057893481105566025,0.07444655895233154,0.07444655895233154,0.0839529037475586,0.0839529037475586,0.059257179498672485,0.059257179498672485
[hmim]__[Tf2N]__R1233zd(E)__343.17__0.078,HFC_all,Mreduced,R1233ZD(E),HCFO,HMIM,TF2N,343.17,0.078,0.054,0.08348548263311387,0.011762065416580253,0.029485482633113867,0.0781092494726181,0.0781092494726181,0.07448597997426987,0.07448597997426987,0.09212139248847961,0.09212139248847961,0.09963014721870422,0.09963014721870422,0.0730806440114975,0.0730806440114975
[hmim]__[Tf2N]__R1233zd(E)__343.17__0.104,HFC_all,Mreduced,R1233ZD(E),HCFO,HMIM,TF2N,343.17,0.104,0.074,0.09952188283205032,0.01208190162385411,0.025521882832050327,0.0945403054356575,0.0945403054356575,0.08921459317207336,0.08921459317207336,0.10998740792274475,0.10998740792274475,0.11481131613254547,0.11481131613254547,0.08905579149723053,0.08905579149723053
[hmim]__[Tf2N]__R1233zd(E)__343.15__0.13,HFC_all,Mreduced,R1233ZD(E),HCFO,HMIM,TF2N,343.15,0.13,0.092,0.11684673726558685,0.012433500101187685,0.024846737265586852,0.11233235895633698,0.11233235895633698,0.10480807721614838,0.10480807721614838,0.12950962781906128,0.12950962781906128,0.13073214888572693,0.13073214888572693,0.1068514734506607,0.1068514734506607
[omim]__[BF4]__R1234yf__283.15__0.0548,HFC_all,Mreduced,R1234YF,HFO,OMIM,BF4,283.15,0.0548,0.0292,0.014477300643920898,0.005261962802125762,0.014722699356079103,0.012684375047683716,0.012684375047683716,0.015657640993595123,0.015657640993595123,0.020197205245494843,0.020197205245494843,0.01741843670606613,0.01741843670606613,0.006428845226764679,0.006428845226764679
[omim]__[BF4]__R1234yf__283.15__0.1023,HFC_all,Mreduced,R1234YF,HFO,OMIM,BF4,283.15,0.1023,0.0541,0.034874067083001135,0.005108400383032171,0.019225932916998867,0.035054489970207214,0.035054489970207214,0.03713712841272354,0.03713712841272354,0.03951958939433098,0.03951958939433098,0.03645407035946846,0.03645407035946846,0.02620505727827549,0.02620505727827549
[omim]__[BF4]__R1234yf__283.15__0.1492,HFC_all,Mreduced,R1234YF,HFO,OMIM,BF4,283.15,0.1492,0.0781,0.05553653538227081,0.0033756097087832373,0.022563464617729193,0.0578400082886219,0.0578400082886219,0.05723452940583229,0.05723452940583229,0.057533517479896545,0.057533517479896545,0.05531320348381996,0.05531320348381996,0.049761418253183365,0.049761418253183365
[omim]__[BF4]__R1234yf__283.15__0.1929,HFC_all,Mreduced,R1234YF,HFO,OMIM,BF4,283.15,0.1929,0.1018,0.07665847688913345,0.002657418780678581,0.02514152311086655,0.07932844012975693,0.07932844012975693,0.07800738513469696,0.07800738513469696,0.0773511454463005,0.0773511454463005,0.07233799993991852,0.07233799993991852,0.07626741379499435,0.07626741379499435
[omim]__[BF4]__R1234yf__283.15__0.2337,HFC_all,Mreduced,R1234YF,HFO,OMIM,BF4,283.15,0.2337,0.1292,0.09826042354106904,0.004300074347432621,0.030939576458930973,0.09974214434623718,0.09974214434623718,0.09877520799636841,0.09877520799636841,0.09995008260011673,0.09995008260011673,0.090856172144413,0.090856172144413,0.10197851061820984,0.10197851061820984
[omim]__[BF4]__R1234yf__283.15__0.2759,HFC_all,Mreduced,R1234YF,HFO,OMIM,BF4,283.15,0.2759,0.1552,0.12215323746204376,0.004933691523672452,0.03304676253795624,0.12136216461658478,0.12136216461658478,0.1239621639251709,0.1239621639251709,0.12409313023090363,0.12409313023090363,0.1141425222158432,0.1141425222158432,0.1272062063217163,0.1272062063217163
[omim]__[BF4]__R1234yf__283.15__0.3145,HFC_all,Mreduced,R1234YF,HFO,OMIM,BF4,283.15,0.3145,0.1847,0.1456284075975418,0.0049512672887314195,0.039071592402458194,0.14247837662696838,0.14247837662696838,0.14983728528022766,0.14983728528022766,0.14812767505645752,0.14812767505645752,0.138471320271492,0.138471320271492,0.14922738075256348,0.14922738075256348
[omim]__[BF4]__R1234yf__293.15__0.0576,HFC_all,Mreduced,R1234YF,HFO,OMIM,BF4,293.15,0.0576,0.0264,0.015821748226881028,0.004074370869132506,0.010578251773118972,0.012607965618371964,0.012607965618371964,0.014068320393562317,0.014068320393562317,0.020465649664402008,0.020465649664402008,0.019944526255130768,0.019944526255130768,0.01202227920293808,0.01202227920293808
[omim]__[BF4]__R1234yf__293.15__0.108,HFC_all,Mreduced,R1234YF,HFO,OMIM,BF4,293.15,0.108,0.0474,0.031657825037837026,0.003996451859052947,0.015742174962162972,0.030019231140613556,0.030019231140613556,0.032821737229824066,0.032821737229824066,0.035616178065538406,0.035616178065538406,0.034281209111213684,0.034281209111213684,0.02555076964199543,0.02555076964199543
[omim]__[BF4]__R1234yf__293.15__0.1576,HFC_all,Mreduced,R1234YF,HFO,OMIM,BF4,293.15,0.1576,0.0683,0.04579109102487564,0.0035386043551480597,0.022508908975124357,0.046550411731004715,0.046550411731004715,0.04712492972612381,0.04712492972612381,0.0496402233839035,0.0496402233839035,0.04558218643069267,0.04558218643069267,0.0400577038526535,0.0400577038526535
[omim]__[BF4]__R1234yf__293.15__0.2047,HFC_all,Mreduced,R1234YF,HFO,OMIM,BF4,293.15,0.2047,0.0877,0.06002092882990837,0.0027951404466865317,0.027679071170091628,0.0633537545800209,0.0633537545800209,0.0574837327003479,0.0574837327003479,0.06274715811014175,0.06274715811014175,0.05807016044855118,0.05807016044855118,0.05844983831048012,0.05844983831048012
[omim]__[BF4]__R1234yf__293.15__0.2497,HFC_all,Mreduced,R1234YF,HFO,OMIM,BF4,293.15,0.2497,0.1075,0.07572226524353028,0.0035936647974467617,0.03177773475646972,0.07956498861312866,0.07956498861312866,0.07202290743589401,0.07202290743589401,0.07818149775266647,0.07818149775266647,0.07179690897464752,0.07179690897464752,0.0770450234413147,0.0770450234413147
[omim]__[BF4]__R1234yf__293.15__0.2958,HFC_all,Mreduced,R1234YF,HFO,OMIM,BF4,293.15,0.2958,0.1279,0.09421238750219345,0.004600660323627853,0.033687612497806566,0.09734154492616653,0.09734154492616653,0.09179303050041199,0.09179303050041199,0.09724727272987366,0.09724727272987366,0.08720207214355469,0.08720207214355469,0.09747801721096039,0.09747801721096039
[omim]__[BF4]__R1234yf__293.15__0.3393,HFC_all,Mreduced,R1234YF,HFO,OMIM,BF4,293.15,0.3393,0.149,0.11298889368772506,0.0042542967133285476,0.03601110631227493,0.11495786905288696,0.11495786905288696,0.1127866730093956,0.1127866730093956,0.11576621979475021,0.11576621979475021,0.10569487512111664,0.10569487512111664,0.11573883146047592,0.11573883146047592
[omim]__[BF4]__R1234yf__303.15__0.0608,HFC_all,Mreduced,R1234YF,HFO,OMIM,BF4,303.15,0.0608,0.0223,0.018601474165916444,0.004709982205472627,0.003698525834083557,0.015171363949775696,0.015171363949775696,0.01324368268251419,0.01324368268251419,0.022728867828845978,0.022728867828845978,0.024123013019561768,0.024123013019561768,0.017740443348884583,0.017740443348884583
[omim]__[BF4]__R1234yf__303.15__0.1143,HFC_all,Mreduced,R1234YF,HFO,OMIM,BF4,303.15,0.1143,0.039,0.03030405715107918,0.0032232263780982108,0.00869594284892082,0.02774888277053833,0.02774888277053833,0.028621219098567963,0.028621219098567963,0.0330706387758255,0.0330706387758255,0.03446463495492935,0.03446463495492935,0.027614910155534744,0.027614910155534744
[omim]__[BF4]__R1234yf__303.15__0.1671,HFC_all,Mreduced,R1234YF,HFO,OMIM,BF4,303.15,0.1671,0.0556,0.04062835723161697,0.001699786369296261,0.014971642768383024,0.04027556627988815,0.04027556627988815,0.03941725194454193,0.03941725194454193,0.043348267674446106,0.043348267674446106,0.04102496802806854,0.04102496802806854,0.03907573223114014,0.03907573223114014
[omim]__[BF4]__R1234yf__303.15__0.2171,HFC_all,Mreduced,R1234YF,HFO,OMIM,BF4,303.15,0.2171,0.0717,0.050783029198646544,0.0033600009742509383,0.020916970801353456,0.05321453511714935,0.05321453511714935,0.04684235155582428,0.04684235155582428,0.05517174303531647,0.05517174303531647,0.04973732307553291,0.04973732307553291,0.048949193209409714,0.048949193209409714
[omim]__[BF4]__R1234yf__303.15__0.2652,HFC_all,Mreduced,R1234YF,HFO,OMIM,BF4,303.15,0.2652,0.0882,0.062401671707630155,0.004409965055277434,0.025798328292369846,0.06550372391939163,0.06550372391939163,0.05603555589914322,0.05603555589914322,0.06733682006597519,0.06733682006597519,0.060594260692596436,0.060594260692596436,0.06253799796104431,0.06253799796104431
[omim]__[BF4]__R1234yf__303.15__0.3149,HFC_all,Mreduced,R1234YF,HFO,OMIM,BF4,303.15,0.3149,0.1041,0.07563580125570298,0.004152287927714338,0.028464198744297023,0.07942159473896027,0.07942159473896027,0.07015224546194077,0.07015224546194077,0.07944460958242416,0.07944460958242416,0.07260175794363022,0.07260175794363022,0.07655879855155945,0.07655879855155945
[omim]__[BF4]__R1234yf__303.15__0.3617,HFC_all,Mreduced,R1234YF,HFO,OMIM,BF4,303.15,0.3617,0.1203,0.08944064080715179,0.004480386783478587,0.030859359192848212,0.0936727523803711,0.0936727523803711,0.08465912938117981,0.08465912938117981,0.09304425865411758,0.09304425865411758,0.0846065953373909,0.0846065953373909,0.09122046828269958,0.09122046828269958
[omim]__[BF4]__R1234yf__313.15__0.0637,HFC_all,Mreduced,R1234YF,HFO,OMIM,BF4,313.15,0.0637,0.0193,0.01914057359099388,0.005444515811641525,0.00015942640900612134,0.015956569463014603,0.015956569463014603,0.012090817093849182,0.012090817093849182,0.02263188362121582,0.02263188362121582,0.02596248686313629,0.02596248686313629,0.01906111091375351,0.01906111091375351
[omim]__[BF4]__R1234yf__313.15__0.12,HFC_all,Mreduced,R1234YF,HFO,OMIM,BF4,313.15,0.12,0.0329,0.028372380137443542,0.003478934104521388,0.004527619862556457,0.026596039533615112,0.026596039533615112,0.024549271911382675,0.024549271911382675,0.030101299285888672,0.030101299285888672,0.03348260372877121,0.03348260372877121,0.027132686227560043,0.027132686227560043
[omim]__[BF4]__R1234yf__313.15__0.1754,HFC_all,Mreduced,R1234YF,HFO,OMIM,BF4,313.15,0.1754,0.0472,0.035315316170454025,0.002259800235109862,0.011884683829545974,0.03457324206829071,0.03457324206829071,0.0319957360625267,0.0319957360625267,0.03760763257741928,0.03760763257741928,0.03720907121896744,0.03720907121896744,0.035190898925065994,0.035190898925065994
[omim]__[BF4]__R1234yf__313.15__0.2283,HFC_all,Mreduced,R1234YF,HFO,OMIM,BF4,313.15,0.2283,0.0607,0.04356657341122627,0.003034167962777446,0.017133426588773724,0.04518136382102966,0.04518136382102966,0.03872402757406235,0.03872402757406235,0.04668702930212021,0.04668702930212021,0.044335730373859406,0.044335730373859406,0.04290471598505974,0.04290471598505974
[omim]__[BF4]__R1234yf__313.15__0.2793,HFC_all,Mreduced,R1234YF,HFO,OMIM,BF4,313.15,0.2793,0.0741,0.052632346749305725,0.004191043720282316,0.021467653250694274,0.05534825101494789,0.05534825101494789,0.046245936304330826,0.046245936304330826,0.057069309055805206,0.057069309055805206,0.053277868777513504,0.053277868777513504,0.0512203685939312,0.0512203685939312
[omim]__[BF4]__R1234yf__313.15__0.3319,HFC_all,Mreduced,R1234YF,HFO,OMIM,BF4,313.15,0.3319,0.0879,0.06265234053134919,0.005000530031401026,0.025247659468650818,0.06606648862361908,0.06606648862361908,0.05483414977788925,0.05483414977788925,0.0674850344657898,0.0674850344657898,0.06381531059741974,0.06381531059741974,0.061060719192028046,0.061060719192028046
[omim]__[BF4]__R1234yf__313.15__0.3823,HFC_all,Mreduced,R1234YF,HFO,OMIM,BF4,313.15,0.3823,0.1017,0.07335095703601838,0.0048168017948682345,0.02834904296398162,0.0773640125989914,0.0773640125989914,0.06568528711795807,0.06568528711795807,0.07745074480772018,0.07745074480772018,0.07384534180164337,0.07384534180164337,0.07240939885377884,0.07240939885377884
[omim]__[BF4]__R1234yf__323.15__0.0668,HFC_all,Mreduced,R1234YF,HFO,OMIM,BF4,323.15,0.0668,0.016,0.017504078894853593,0.005658971419125671,0.001504078894853593,0.01558571308851242,0.01558571308851242,0.009399883449077606,0.009399883449077606,0.020432770252227783,0.020432770252227783,0.024586476385593414,0.024586476385593414,0.017515551298856735,0.017515551298856735
[omim]__[BF4]__R1234yf__323.15__0.1256,HFC_all,Mreduced,R1234YF,HFO,OMIM,BF4,323.15,0.1256,0.0276,0.025866756960749627,0.003701031038526102,0.0017332430392503727,0.025075793266296387,0.025075793266296387,0.020932957530021667,0.020932957530021667,0.026883631944656372,0.026883631944656372,0.03119613230228424,0.03119613230228424,0.025245269760489464,0.025245269760489464
[omim]__[BF4]__R1234yf__323.15__0.1838,HFC_all,Mreduced,R1234YF,HFO,OMIM,BF4,323.15,0.1838,0.0395,0.030567531287670136,0.00250092127780839,0.008932468712329864,0.030449453741312027,0.030449453741312027,0.02664506435394287,0.02664506435394287,0.03177894651889801,0.03177894651889801,0.03342244774103165,0.03342244774103165,0.030541744083166122,0.030541744083166122
[omim]__[BF4]__R1234yf__323.15__0.2393,HFC_all,Mreduced,R1234YF,HFO,OMIM,BF4,323.15,0.2393,0.0509,0.03702584058046341,0.0029787767098812634,0.01387415941953659,0.03805556148290634,0.03805556148290634,0.03209828957915306,0.03209828957915306,0.038973502814769745,0.038973502814769745,0.03949363902211189,0.03949363902211189,0.03650821000337601,0.03650821000337601
[omim]__[BF4]__R1234yf__323.15__0.2928,HFC_all,Mreduced,R1234YF,HFO,OMIM,BF4,323.15,0.2928,0.0625,0.04421840533614159,0.003945938114064523,0.01828159466385841,0.04614030942320824,0.04614030942320824,0.03790567070245743,0.03790567070245743,0.0466502420604229,0.0466502420604229,0.047532930970191956,0.047532930970191956,0.042862873524427414,0.042862873524427414
[omim]__[BF4]__R1234yf__323.15__0.3483,HFC_all,Mreduced,R1234YF,HFO,OMIM,BF4,323.15,0.3483,0.0742,0.0522847481071949,0.00450767349913467,0.021915251892805104,0.054654814302921295,0.054654814302921295,0.04555678367614746,0.04555678367614746,0.05531389266252518,0.05531389266252518,0.056137796491384506,0.056137796491384506,0.04976045340299606,0.04976045340299606
[omim]__[BF4]__R1234yf__323.15__0.4014,HFC_all,Mreduced,R1234YF,HFO,OMIM,BF4,323.15,0.4014,0.0859,0.061020246148109435,0.005224373947032788,0.02487975385189057,0.06364906579256058,0.06364906579256058,0.05329248309135437,0.05329248309135437,0.06448690593242645,0.06448690593242645,0.06565721333026886,0.06565721333026886,0.05801556259393692,0.05801556259393692
[omim]__[BF4]__R1234yf__333.15__0.0697,HFC_all,Mreduced,R1234YF,HFO,OMIM,BF4,333.15,0.0697,0.0134,0.014800484478473663,0.005941939345138794,0.0014004844784736622,0.013718750327825546,0.013718750327825546,0.0057108402252197266,0.0057108402252197266,0.017862342298030853,0.017862342298030853,0.021730683743953705,0.021730683743953705,0.014979805797338486,0.014979805797338486
[omim]__[BF4]__R1234yf__333.15__0.131,HFC_all,Mreduced,R1234YF,HFO,OMIM,BF4,333.15,0.131,0.0235,0.023049236088991166,0.0040857347698934985,0.0004507639110088342,0.023315709084272385,0.023315709084272385,0.0168902650475502,0.0168902650475502,0.023959320038557053,0.023959320038557053,0.028326883912086487,0.028326883912086487,0.0227540023624897,0.0227540023624897
[omim]__[BF4]__R1234yf__333.15__0.1916,HFC_all,Mreduced,R1234YF,HFO,OMIM,BF4,333.15,0.1916,0.034,0.027124251797795297,0.0025643652767542518,0.006875748202204705,0.027466818690299988,0.027466818690299988,0.023178458213806152,0.023178458213806152,0.02782619744539261,0.02782619744539261,0.030294746160507202,0.030294746160507202,0.026855038478970528,0.026855038478970528
[omim]__[BF4]__R1234yf__333.15__0.2496,HFC_all,Mreduced,R1234YF,HFO,OMIM,BF4,333.15,0.2496,0.0439,0.031663361564278604,0.002744219739435601,0.012236638435721398,0.032908715307712555,0.032908715307712555,0.02742660418152809,0.02742660418152809,0.032158493995666504,0.032158493995666504,0.03481689840555191,0.03481689840555191,0.031006095930933952,0.031006095930933952
[omim]__[BF4]__R1234yf__333.15__0.3056,HFC_all,Mreduced,R1234YF,HFO,OMIM,BF4,333.15,0.3056,0.054,0.0375491201877594,0.0036601759513971398,0.016450879812240603,0.03856129199266434,0.03856129199266434,0.03211652487516403,0.03211652487516403,0.03878135606646538,0.03878135606646538,0.0420110784471035,0.0420110784471035,0.03627534955739975,0.03627534955739975
[omim]__[BF4]__R1234yf__333.15__0.3639,HFC_all,Mreduced,R1234YF,HFO,OMIM,BF4,333.15,0.3639,0.0641,0.04471825808286667,0.004602373256841647,0.019381741917133335,0.04596003144979477,0.04596003144979477,0.037932299077510834,0.037932299077510834,0.0464867427945137,0.0464867427945137,0.05027221143245697,0.05027221143245697,0.04294000566005707,0.04294000566005707
[omim]__[BF4]__R1234yf__333.15__0.4196,HFC_all,Mreduced,R1234YF,HFO,OMIM,BF4,333.15,0.4196,0.0743,0.052483610808849335,0.0056143313036389145,0.02181638919115067,0.05418312922120094,0.05418312922120094,0.04426015168428421,0.04426015168428421,0.05489090457558632,0.05489090457558632,0.05908620357513428,0.05908620357513428,0.049997664988040924,0.049997664988040924
[omim]__[BF4]__R1234yf__343.15__0.0725,HFC_all,Mreduced,R1234YF,HFO,OMIM,BF4,343.15,0.0725,0.0108,0.012409335374832154,0.006255460851250854,0.001609335374832153,0.012014109641313553,0.012014109641313553,0.0022661909461021423,0.0022661909461021423,0.015808172523975372,0.015808172523975372,0.01884659379720688,0.01884659379720688,0.01311160996556282,0.01311160996556282
[omim]__[BF4]__R1234yf__343.15__0.1361,HFC_all,Mreduced,R1234YF,HFO,OMIM,BF4,343.15,0.1361,0.0201,0.020730627328157426,0.004667802840840646,0.0006306273281574265,0.021959416568279266,0.021959416568279266,0.013023357838392258,0.013023357838392258,0.021816574037075043,0.021816574037075043,0.02572064846754074,0.02572064846754074,0.021133139729499817,0.021133139729499817
[omim]__[BF4]__R1234yf__343.15__0.1993,HFC_all,Mreduced,R1234YF,HFO,OMIM,BF4,343.15,0.1993,0.0291,0.024675868079066278,0.0030310232364558266,0.004424131920933723,0.025450319051742554,0.025450319051742554,0.019606709480285645,0.019606709480285645,0.02536727860569954,0.02536727860569954,0.027797050774097443,0.027797050774097443,0.025157982483506203,0.025157982483506203
[omim]__[BF4]__R1234yf__343.15__0.2598,HFC_all,Mreduced,R1234YF,HFO,OMIM,BF4,343.15,0.2598,0.0375,0.02815183475613594,0.0025840075373820834,0.00934816524386406,0.029487155377864838,0.029487155377864838,0.024144724011421204,0.024144724011421204,0.028294704854488373,0.028294704854488373,0.031097102910280228,0.031097102910280228,0.02773548662662506,0.02773548662662506
[omim]__[BF4]__R1234yf__343.15__0.3185,HFC_all,Mreduced,R1234YF,HFO,OMIM,BF4,343.15,0.3185,0.0458,0.03249429017305374,0.003345313265468173,0.01330570982694626,0.03323410451412201,0.03323410451412201,0.027626484632492065,0.027626484632492065,0.032875172793865204,0.032875172793865204,0.03695204108953476,0.03695204108953476,0.03178364783525467,0.03178364783525467
[omim]__[BF4]__R1234yf__343.15__0.3793,HFC_all,Mreduced,R1234YF,HFO,OMIM,BF4,343.15,0.3793,0.0546,0.03913588151335716,0.004855589214687069,0.015464118486642843,0.03979393094778061,0.03979393094778061,0.03227497637271881,0.03227497637271881,0.04017024114727974,0.04017024114727974,0.04574352130293846,0.04574352130293846,0.03769673779606819,0.03769673779606819
[omim]__[BF4]__R1234yf__343.15__0.4379,HFC_all,Mreduced,R1234YF,HFO,OMIM,BF4,343.15,0.4379,0.0628,0.04642272293567658,0.005923602337414576,0.016377277064323417,0.04756595194339752,0.04756595194339752,0.03767237812280655,0.03767237812280655,0.04804528132081032,0.04804528132081032,0.05399433523416519,0.05399433523416519,0.04483566805720329,0.04483566805720329
[omim]__[BF4]__R1234ze(E)__283.15__0.045,HFC_all,Mreduced,R1234ZE(E),HFO,OMIM,BF4,283.15,0.045,0.0595,0.03362423777580261,0.0047848072650966385,0.025875762224197386,0.03519226983189583,0.03519226983189583,0.030285142362117767,0.030285142362117767,0.03910081833600998,0.03910081833600998,0.03630528971552849,0.03630528971552849,0.027237668633461,0.027237668633461
[omim]__[BF4]__R1234ze(E)__283.15__0.082,HFC_all,Mreduced,R1234ZE(E),HFO,OMIM,BF4,283.15,0.082,0.1144,0.061867880076169966,0.006453127375794907,0.052532119923830035,0.062111690640449524,0.062111690640449524,0.05900093913078308,0.05900093913078308,0.07201326638460159,0.07201326638460159,0.061785854399204254,0.061785854399204254,0.054427649825811386,0.054427649825811386
[omim]__[BF4]__R1234ze(E)__283.15__0.117,HFC_all,Mreduced,R1234ZE(E),HFO,OMIM,BF4,283.15,0.117,0.1692,0.09241167157888412,0.006858538346131295,0.07678832842111587,0.09147557616233826,0.09147557616233826,0.08927704393863678,0.08927704393863678,0.10444556176662445,0.10444556176662445,0.08911401033401489,0.08911401033401489,0.08774616569280624,0.08774616569280624
[omim]__[BF4]__R1234ze(E)__283.15__0.15,HFC_all,Mreduced,R1234ZE(E),HFO,OMIM,BF4,283.15,0.15,0.2204,0.12533455044031144,0.007389648908096234,0.09506544955968857,0.12299127876758575,0.12299127876758575,0.124764584004879,0.124764584004879,0.13768722116947174,0.13768722116947174,0.11783347278833389,0.11783347278833389,0.12339619547128677,0.12339619547128677
[omim]__[BF4]__R1234ze(E)__283.15__0.181,HFC_all,Mreduced,R1234ZE(E),HFO,OMIM,BF4,283.15,0.181,0.2689,0.16038991808891295,0.008934119553704782,0.10851008191108702,0.1559046357870102,0.1559046357870102,0.16311907768249512,0.16311907768249512,0.17409688234329224,0.17409688234329224,0.15038859844207764,0.15038859844207764,0.15844039618968964,0.15844039618968964
[omim]__[BF4]__R1234ze(E)__283.15__0.211,HFC_all,Mreduced,R1234ZE(E),HFO,OMIM,BF4,283.15,0.211,0.3176,0.1988307535648346,0.010190363613870785,0.1187692464351654,0.19159194827079773,0.19159194827079773,0.2070111334323883,0.2070111334323883,0.21060144901275635,0.21060144901275635,0.18628168106079102,0.18628168106079102,0.19866755604743958,0.19866755604743958
[omim]__[BF4]__R1234ze(E)__283.15__0.236,HFC_all,Mreduced,R1234ZE(E),HFO,OMIM,BF4,283.15,0.236,0.3614,0.23320403397083284,0.011255315452179884,0.12819596602916716,0.2237360030412674,0.2237360030412674,0.24523380398750305,0.24523380398750305,0.2431827187538147,0.2431827187538147,0.2200721800327301,0.2200721800327301,0.23379546403884888,0.23379546403884888
[omim]__[BF4]__R1234ze(E)__293.15__0.049,HFC_all,Mreduced,R1234ZE(E),HFO,OMIM,BF4,293.15,0.049,0.0529,0.03190068677067757,0.004743157902866571,0.020999313229322435,0.0332835391163826,0.0332835391163826,0.02726135402917862,0.02726135402917862,0.03545762598514557,0.03545762598514557,0.036939751356840134,0.036939751356840134,0.026561163365840912,0.026561163365840912
[omim]__[BF4]__R1234ze(E)__293.15__0.091,HFC_all,Mreduced,R1234ZE(E),HFO,OMIM,BF4,293.15,0.091,0.0984,0.05370949879288674,0.005405422920271741,0.044690501207113265,0.0555935837328434,0.0555935837328434,0.05195028334856033,0.05195028334856033,0.059346359223127365,0.059346359223127365,0.05638996511697769,0.05638996511697769,0.04526730254292488,0.04526730254292488
[omim]__[BF4]__R1234ze(E)__293.15__0.133,HFC_all,Mreduced,R1234ZE(E),HFO,OMIM,BF4,293.15,0.133,0.1406,0.0766458198428154,0.0071429732196136375,0.0639541801571846,0.07875660806894302,0.07875660806894302,0.07296678423881531,0.07296678423881531,0.08722038567066193,0.08722038567066193,0.07624870538711548,0.07624870538711548,0.06803661584854126,0.06803661584854126
[omim]__[BF4]__R1234ze(E)__293.15__0.173,HFC_all,Mreduced,R1234ZE(E),HFO,OMIM,BF4,293.15,0.173,0.183,0.10238222032785416,0.007972798626272905,0.08061777967214584,0.10435371100902557,0.10435371100902557,0.09573254734277725,0.09573254734277725,0.115439273416996,0.115439273416996,0.09765997529029846,0.09765997529029846,0.09872559458017349,0.09872559458017349
[omim]__[BF4]__R1234ze(E)__293.15__0.211,HFC_all,Mreduced,R1234ZE(E),HFO,OMIM,BF4,293.15,0.211,0.223,0.13201839327812195,0.008452457748756049,0.09098160672187805,0.1339925080537796,0.1339925080537796,0.12810271978378296,0.12810271978378296,0.1450289785861969,0.1450289785861969,0.12224067747592926,0.12224067747592926,0.13072708249092102,0.13072708249092102
[omim]__[BF4]__R1234ze(E)__293.15__0.248,HFC_all,Mreduced,R1234ZE(E),HFO,OMIM,BF4,293.15,0.248,0.265,0.16884356141090393,0.007584576575042119,0.09615643858909609,0.16862013936042786,0.16862013936042786,0.17050883173942566,0.17050883173942566,0.17965736985206604,0.17965736985206604,0.15851804614067078,0.15851804614067078,0.16691341996192932,0.16691341996192932
[omim]__[BF4]__R1234ze(E)__293.15__0.281,HFC_all,Mreduced,R1234ZE(E),HFO,OMIM,BF4,293.15,0.281,0.3032,0.20558572113513945,0.008163343539321629,0.09761427886486057,0.201827734708786,0.201827734708786,0.21273601055145264,0.21273601055145264,0.2146918922662735,0.2146918922662735,0.19484853744506836,0.19484853744506836,0.20382443070411682,0.20382443070411682
[omim]__[BF4]__R1234ze(E)__303.15__0.053,HFC_all,Mreduced,R1234ZE(E),HFO,OMIM,BF4,303.15,0.053,0.045,0.034566836804151534,0.00568591890107296,0.010433163195848465,0.035786040127277374,0.035786040127277374,0.026260357350111008,0.026260357350111008,0.039217665791511536,0.039217665791511536,0.03992246836423874,0.03992246836423874,0.03164765238761902,0.03164765238761902
[omim]__[BF4]__R1234ze(E)__303.15__0.101,HFC_all,Mreduced,R1234ZE(E),HFO,OMIM,BF4,303.15,0.101,0.0805,0.050776504725217816,0.004836250006840936,0.029723495274782186,0.053038589656353,0.053038589656353,0.04693863168358803,0.04693863168358803,0.05432985723018646,0.05432985723018646,0.055225059390068054,0.055225059390068054,0.044350385665893555,0.044350385665893555
[omim]__[BF4]__R1234ze(E)__303.15__0.148,HFC_all,Mreduced,R1234ZE(E),HFO,OMIM,BF4,303.15,0.148,0.1153,0.06447804495692253,0.0054947212275505645,0.050821955043077474,0.06625599414110184,0.06625599414110184,0.06048416718840599,0.06048416718840599,0.07131675630807877,0.07131675630807877,0.06686785817146301,0.06686785817146301,0.05746544897556305,0.05746544897556305
[omim]__[BF4]__R1234ze(E)__303.15__0.194,HFC_all,Mreduced,R1234ZE(E),HFO,OMIM,BF4,303.15,0.194,0.1502,0.08313889801502228,0.007409627336532242,0.06706110198497772,0.08767349272966385,0.08767349272966385,0.07675342261791229,0.07675342261791229,0.09357836842536926,0.09357836842536926,0.08133548498153687,0.08133548498153687,0.07635372132062912,0.07635372132062912
[omim]__[BF4]__R1234ze(E)__303.15__0.237,HFC_all,Mreduced,R1234ZE(E),HFO,OMIM,BF4,303.15,0.237,0.1835,0.10680112689733505,0.007817815381867545,0.07669887310266495,0.11295584589242935,0.11295584589242935,0.10040172934532166,0.10040172934532166,0.11736267060041428,0.11736267060041428,0.10098124295473099,0.10098124295473099,0.10230414569377899,0.10230414569377899
[omim]__[BF4]__R1234ze(E)__303.15__0.28,HFC_all,Mreduced,R1234ZE(E),HFO,OMIM,BF4,303.15,0.28,0.2189,0.1363724112510681,0.007214261604453657,0.0825275887489319,0.14042198657989502,0.14042198657989502,0.13395890593528748,0.13395890593528748,0.1464720368385315,0.1464720368385315,0.12775751948356628,0.12775751948356628,0.1332516074180603,0.1332516074180603
[omim]__[BF4]__R1234ze(E)__303.15__0.32,HFC_all,Mreduced,R1234ZE(E),HFO,OMIM,BF4,303.15,0.32,0.2513,0.16763122677803038,0.005696104760114851,0.08366877322196964,0.16841016709804535,0.16841016709804535,0.1681322604417801,0.1681322604417801,0.17573031783103943,0.17573031783103943,0.15983155369758606,0.15983155369758606,0.16605183482170105,0.16605183482170105
[omim]__[BF4]__R1234ze(E)__313.15__0.058,HFC_all,Mreduced,R1234ZE(E),HFO,OMIM,BF4,313.15,0.058,0.0368,0.03446181938052177,0.006833772394988182,0.002338180619478228,0.035658761858940125,0.035658761858940125,0.023375961929559708,0.023375961929559708,0.03983735293149948,0.03983735293149948,0.04013839364051819,0.04013839364051819,0.03329862654209137,0.03329862654209137
[omim]__[BF4]__R1234ze(E)__313.15__0.11,HFC_all,Mreduced,R1234ZE(E),HFO,OMIM,BF4,313.15,0.11,0.0658,0.047006577253341675,0.005198532549502366,0.018793422746658323,0.049207426607608795,0.049207426607608795,0.03947741538286209,0.03947741538286209,0.05065903067588806,0.05065903067588806,0.0518333837389946,0.0518333837389946,0.04385562986135483,0.04385562986135483
[omim]__[BF4]__R1234ze(E)__313.15__0.161,HFC_all,Mreduced,R1234ZE(E),HFO,OMIM,BF4,313.15,0.161,0.0948,0.055265624076128006,0.005044369640541947,0.03953437592387199,0.057939719408750534,0.057939719408750534,0.04962199553847313,0.04962199553847313,0.06064639613032341,0.06064639613032341,0.05799202620983124,0.05799202620983124,0.05012798309326172,0.05012798309326172
[omim]__[BF4]__R1234ze(E)__313.15__0.212,HFC_all,Mreduced,R1234ZE(E),HFO,OMIM,BF4,313.15,0.212,0.1236,0.06715844795107842,0.0060411692482256595,0.05644155204892158,0.07085681706666946,0.07085681706666946,0.061793383210897446,0.061793383210897446,0.07481133937835693,0.07481133937835693,0.06784210354089737,0.06784210354089737,0.06048859655857086,0.06048859655857086
[omim]__[BF4]__R1234ze(E)__313.15__0.26,HFC_all,Mreduced,R1234ZE(E),HFO,OMIM,BF4,313.15,0.26,0.1513,0.08507334440946579,0.006509738125691742,0.0662266555905342,0.0896017998456955,0.0896017998456955,0.07946020364761353,0.07946020364761353,0.09355034679174423,0.09355034679174423,0.0844028890132904,0.0844028890132904,0.07835148274898529,0.07835148274898529
[omim]__[BF4]__R1234ze(E)__313.15__0.309,HFC_all,Mreduced,R1234ZE(E),HFO,OMIM,BF4,313.15,0.309,0.1804,0.10705654770135879,0.006083289101008098,0.07334345229864121,0.1114325001835823,0.1114325001835823,0.10180255770683289,0.10180255770683289,0.11552116274833679,0.11552116274833679,0.10391305387020111,0.10391305387020111,0.10261346399784088,0.10261346399784088
[omim]__[BF4]__R1234ze(E)__313.15__0.354,HFC_all,Mreduced,R1234ZE(E),HFO,OMIM,BF4,313.15,0.354,0.2067,0.1307860344648361,0.0051327542216402676,0.07591396553516389,0.13302627205848694,0.13302627205848694,0.1261361837387085,0.1261361837387085,0.13839954137802124,0.13839954137802124,0.12628209590911865,0.12628209590911865,0.13008607923984528,0.13008607923984528
[omim]__[BF4]__R1234ze(E)__323.15__0.062,HFC_all,Mreduced,R1234ZE(E),HFO,OMIM,BF4,323.15,0.062,0.0302,0.03185496032238007,0.006978873371711525,0.0016549603223800675,0.033106639981269836,0.033106639981269836,0.020134594291448593,0.020134594291448593,0.03738357126712799,0.03738357126712799,0.03688598424196243,0.03688598424196243,0.031764011830091476,0.031764011830091476
[omim]__[BF4]__R1234ze(E)__323.15__0.118,HFC_all,Mreduced,R1234ZE(E),HFO,OMIM,BF4,323.15,0.118,0.0544,0.04221899062395096,0.005643329323128349,0.012181009376049039,0.043718092143535614,0.043718092143535614,0.033352918922901154,0.033352918922901154,0.04648388922214508,0.04648388922214508,0.0472002848982811,0.0472002848982811,0.040339767932891846,0.040339767932891846
[omim]__[BF4]__R1234ze(E)__323.15__0.173,HFC_all,Mreduced,R1234ZE(E),HFO,OMIM,BF4,323.15,0.173,0.0784,0.047102440148591995,0.004549987193063442,0.031297559851408,0.05016307532787323,0.05016307532787323,0.04113704338669777,0.04113704338669777,0.051439568400382996,0.051439568400382996,0.04938788712024689,0.04938788712024689,0.043384626507759094,0.043384626507759094
[omim]__[BF4]__R1234ze(E)__323.15__0.227,HFC_all,Mreduced,R1234ZE(E),HFO,OMIM,BF4,323.15,0.227,0.1025,0.05451159998774528,0.004778775604292759,0.04798840001225471,0.05726885423064232,0.05726885423064232,0.05078113079071045,0.05078113079071045,0.06029405817389488,0.06029405817389488,0.055630236864089966,0.055630236864089966,0.04858371987938881,0.04858371987938881
[omim]__[BF4]__R1234ze(E)__323.15__0.279,HFC_all,Mreduced,R1234ZE(E),HFO,OMIM,BF4,323.15,0.279,0.126,0.06648525521159172,0.00484889470191819,0.05951474478840828,0.06881953030824661,0.06881953030824661,0.0625830665230751,0.0625830665230751,0.0725092887878418,0.0725092887878418,0.06794187426567078,0.06794187426567078,0.06057251617312431,0.06057251617312431
[omim]__[BF4]__R1234ze(E)__323.15__0.334,HFC_all,Mreduced,R1234ZE(E),HFO,OMIM,BF4,323.15,0.334,0.1498,0.08293050527572632,0.00454975926509519,0.06686949472427367,0.08527032285928726,0.08527032285928726,0.07897788286209106,0.07897788286209106,0.08924360573291779,0.08924360573291779,0.08290432393550873,0.08290432393550873,0.07825639098882675,0.07825639098882675
[omim]__[BF4]__R1234ze(E)__323.15__0.383,HFC_all,Mreduced,R1234ZE(E),HFO,OMIM,BF4,323.15,0.383,0.1722,0.10068510621786117,0.004567830871724379,0.07151489378213882,0.10321083664894104,0.10321083664894104,0.0946323499083519,0.0946323499083519,0.10676173865795135,0.10676173865795135,0.09977734088897705,0.09977734088897705,0.09904326498508453,0.09904326498508453
[omim]__[BF4]__R1234ze(E)__333.15__0.066,HFC_all,Mreduced,R1234ZE(E),HFO,OMIM,BF4,333.15,0.066,0.0246,0.028980745002627373,0.0067526416234161115,0.004380745002627372,0.03065802901983261,0.03065802901983261,0.017331495881080627,0.017331495881080627,0.03433891385793686,0.03433891385793686,0.03279111534357071,0.03279111534357071,0.029784170910716057,0.029784170910716057
[omim]__[BF4]__R1234ze(E)__333.15__0.125,HFC_all,Mreduced,R1234ZE(E),HFO,OMIM,BF4,333.15,0.125,0.0451,0.03809104859828949,0.005785490498064986,0.0070089514017105115,0.039715081453323364,0.039715081453323364,0.0287117138504982,0.0287117138504982,0.04276508837938309,0.04276508837938309,0.04251997172832489,0.04251997172832489,0.03674338757991791,0.03674338757991791
[omim]__[BF4]__R1234ze(E)__333.15__0.184,HFC_all,Mreduced,R1234ZE(E),HFO,OMIM,BF4,333.15,0.184,0.0657,0.041188718378543855,0.0045497900010623305,0.02451128162145614,0.04439198598265648,0.04439198598265648,0.03502964228391647,0.03502964228391647,0.04575215280056,0.04575215280056,0.04288391023874283,0.04288391023874283,0.03788590058684349,0.03788590058684349
[omim]__[BF4]__R1234ze(E)__333.15__0.242,HFC_all,Mreduced,R1234ZE(E),HFO,OMIM,BF4,333.15,0.242,0.0856,0.046198859065771106,0.004222508854537805,0.03940114093422889,0.04914829507470131,0.04914829507470131,0.042781125754117966,0.042781125754117966,0.051135897636413574,0.051135897636413574,0.046843644231557846,0.046843644231557846,0.04108533263206482,0.04108533263206482
[omim]__[BF4]__R1234ze(E)__333.15__0.298,HFC_all,Mreduced,R1234ZE(E),HFO,OMIM,BF4,333.15,0.298,0.1053,0.05427653267979622,0.004156482208557475,0.05102346732020378,0.055801596492528915,0.055801596492528915,0.051332589238882065,0.051332589238882065,0.059744466096162796,0.059744466096162796,0.05541563034057617,0.05541563034057617,0.049088381230831146,0.049088381230831146
[omim]__[BF4]__R1234ze(E)__333.15__0.356,HFC_all,Mreduced,R1234ZE(E),HFO,OMIM,BF4,333.15,0.356,0.1257,0.06590144708752632,0.0045062392103108855,0.059798552912473685,0.06671427190303802,0.06671427190303802,0.06208141893148422,0.06208141893148422,0.0724092647433281,0.0724092647433281,0.06710855662822723,0.06710855662822723,0.06119372323155403,0.06119372323155403
[omim]__[BF4]__R1234ze(E)__333.15__0.409,HFC_all,Mreduced,R1234ZE(E),HFO,OMIM,BF4,333.15,0.409,0.1447,0.07989290654659272,0.004522721201218574,0.06480709345340728,0.08068472892045975,0.08068472892045975,0.07488398253917694,0.07488398253917694,0.08663622289896011,0.08663622289896011,0.08055859804153442,0.08055859804153442,0.07670100033283234,0.07670100033283234
[omim]__[BF4]__R1234ze(E)__343.15__0.07,HFC_all,Mreduced,R1234ZE(E),HFO,OMIM,BF4,343.15,0.07,0.02,0.02654404640197754,0.006542348027736783,0.006544046401977539,0.028658505529165268,0.028658505529165268,0.015099823474884033,0.015099823474884033,0.03148980811238289,0.03148980811238289,0.029657404869794846,0.029657404869794846,0.02781469002366066,0.02781469002366066
[omim]__[BF4]__R1234ze(E)__343.15__0.132,HFC_all,Mreduced,R1234ZE(E),HFO,OMIM,BF4,343.15,0.132,0.0375,0.035521235316991806,0.0058499576052993595,0.0019787646830081926,0.03772612661123276,0.03772612661123276,0.025722362101078033,0.025722362101078033,0.0400528684258461,0.0400528684258461,0.0393744632601738,0.0393744632601738,0.03473035618662834,0.03473035618662834
[omim]__[BF4]__R1234ze(E)__343.15__0.194,HFC_all,Mreduced,R1234ZE(E),HFO,OMIM,BF4,343.15,0.194,0.0545,0.0376393124461174,0.004582493125498837,0.0168606875538826,0.040660448372364044,0.040660448372364044,0.03078450635075569,0.03078450635075569,0.04234953969717026,0.04234953969717026,0.03883059322834015,0.03883059322834015,0.03557147458195686,0.03557147458195686
[omim]__[BF4]__R1234ze(E)__343.15__0.256,HFC_all,Mreduced,R1234ZE(E),HFO,OMIM,BF4,343.15,0.256,0.0716,0.04117714464664459,0.003930242944317526,0.030422855353355406,0.04417717829346657,0.04417717829346657,0.036957770586013794,0.036957770586013794,0.04549988731741905,0.04549988731741905,0.042021509259939194,0.042021509259939194,0.037229377776384354,0.037229377776384354
[omim]__[BF4]__R1234ze(E)__343.15__0.315,HFC_all,Mreduced,R1234ZE(E),HFO,OMIM,BF4,343.15,0.315,0.0881,0.047554758936166765,0.0039688220456367135,0.04054524106383323,0.0490899458527565,0.0490899458527565,0.0439770445227623,0.0439770445227623,0.052860479801893234,0.052860479801893234,0.04860406368970871,0.04860406368970871,0.043242260813713074,0.043242260813713074
[omim]__[BF4]__R1234ze(E)__343.15__0.377,HFC_all,Mreduced,R1234ZE(E),HFO,OMIM,BF4,343.15,0.377,0.105,0.05661773979663849,0.005012263911886234,0.048382260203361505,0.056716188788414,0.056716188788414,0.0510895773768425,0.0510895773768425,0.06393267214298248,0.06393267214298248,0.05838027596473694,0.05838027596473694,0.05296998471021652,0.05296998471021652
[omim]__[BF4]__R1234ze(E)__343.15__0.433,HFC_all,Mreduced,R1234ZE(E),HFO,OMIM,BF4,343.15,0.433,0.1209,0.06778455525636673,0.005877189489849717,0.053115444743633264,0.06652957946062088,0.06652957946062088,0.06047126650810242,0.06047126650810242,0.07595273852348328,0.07595273852348328,0.0708400309085846,0.0708400309085846,0.06512916088104248,0.06512916088104248
[omim]__[PF6]__R1234yf__283.15__0.0538,HFC_all,Mreduced,R1234YF,HFO,OMIM,PF6,283.15,0.0538,0.0317,0.014743363112211227,0.005201200158341308,0.01695663688778877,0.01435915008187294,0.01435915008187294,0.018291566520929337,0.018291566520929337,0.018881693482398987,0.018881693482398987,0.01617574691772461,0.01617574691772461,0.006008658558130264,0.006008658558130264
[omim]__[PF6]__R1234yf__283.15__0.1016,HFC_all,Mreduced,R1234YF,HFO,OMIM,PF6,283.15,0.1016,0.0613,0.037457026168704034,0.006325421132233044,0.023842973831295966,0.038975901901721954,0.038975901901721954,0.04218114912509918,0.04218114912509918,0.040967777371406555,0.040967777371406555,0.03872532397508621,0.03872532397508621,0.02643497847020626,0.02643497847020626
[omim]__[PF6]__R1234yf__283.15__0.1432,HFC_all,Mreduced,R1234YF,HFO,OMIM,PF6,283.15,0.1432,0.0842,0.05817901566624641,0.005647658695911199,0.026020984333753584,0.06053784489631653,0.06053784489631653,0.06423278898000717,0.06423278898000717,0.05867594853043556,0.05867594853043556,0.05849054083228111,0.05849054083228111,0.048957955092191696,0.048957955092191696
[omim]__[PF6]__R1234yf__283.15__0.1907,HFC_all,Mreduced,R1234YF,HFO,OMIM,PF6,283.15,0.1907,0.1098,0.08600265681743621,0.004543232740654765,0.023797343182563782,0.08801140636205673,0.08801140636205673,0.09275990724563599,0.09275990724563599,0.08522436767816544,0.08522436767816544,0.08243356645107269,0.08243356645107269,0.08158403635025024,0.08158403635025024
[omim]__[PF6]__R1234yf__283.15__0.2314,HFC_all,Mreduced,R1234YF,HFO,OMIM,PF6,283.15,0.2314,0.1376,0.11277998983860016,0.003911316294610778,0.02482001016139984,0.11253539472818375,0.11253539472818375,0.11931797862052917,0.11931797862052917,0.11162426322698593,0.11162426322698593,0.10882282257080078,0.10882282257080078,0.11159949004650116,0.11159949004650116
[omim]__[PF6]__R1234yf__283.15__0.2729,HFC_all,Mreduced,R1234YF,HFO,OMIM,PF6,283.15,0.2729,0.1652,0.14262863099575043,0.005745379035714383,0.02257136900424958,0.13803526759147644,0.13803526759147644,0.1519021987915039,0.1519021987915039,0.14053913950920105,0.14053913950920105,0.13839919865131378,0.13839919865131378,0.14426735043525696,0.14426735043525696
[omim]__[PF6]__R1234yf__283.15__0.3112,HFC_all,Mreduced,R1234YF,HFO,OMIM,PF6,283.15,0.3112,0.1894,0.170681232213974,0.008983346937228968,0.01871876778602602,0.1610194891691208,0.1610194891691208,0.18453584611415863,0.18453584611415863,0.16643813252449036,0.16643813252449036,0.16758406162261963,0.16758406162261963,0.1738286316394806,0.1738286316394806
[omim]__[PF6]__R1234yf__293.15__0.0568,HFC_all,Mreduced,R1234YF,HFO,OMIM,PF6,293.15,0.0568,0.026,0.016433364152908324,0.003941616761848865,0.009566635847091675,0.013024471700191498,0.013024471700191498,0.017512571066617966,0.017512571066617966,0.02114957571029663,0.02114957571029663,0.018723614513874054,0.018723614513874054,0.011756587773561478,0.011756587773561478
[omim]__[PF6]__R1234yf__293.15__0.1074,HFC_all,Mreduced,R1234YF,HFO,OMIM,PF6,293.15,0.1074,0.0497,0.03281984142959118,0.004519532690874019,0.016880158570408824,0.03171348571777344,0.03171348571777344,0.0366777628660202,0.0366777628660202,0.03511581942439079,0.03511581942439079,0.035173915326595306,0.035173915326595306,0.025418223813176155,0.025418223813176155
[omim]__[PF6]__R1234yf__293.15__0.1573,HFC_all,Mreduced,R1234YF,HFO,OMIM,PF6,293.15,0.1573,0.0692,0.04887866675853729,0.004734127033451022,0.020321333241462708,0.05176050215959549,0.05176050215959549,0.05309377238154411,0.05309377238154411,0.04906659945845604,0.04906659945845604,0.04953772574663162,0.04953772574663162,0.0409347340464592,0.0409347340464592
[omim]__[PF6]__R1234yf__293.15__0.2037,HFC_all,Mreduced,R1234YF,HFO,OMIM,PF6,293.15,0.2037,0.0917,0.06497080326080322,0.002773254492988256,0.026729196739196784,0.06794797629117966,0.06794797629117966,0.06685302406549454,0.06685302406549454,0.06455197930335999,0.06455197930335999,0.06479045748710632,0.06479045748710632,0.06071057915687561,0.06071057915687561
[omim]__[PF6]__R1234yf__293.15__0.2489,HFC_all,Mreduced,R1234YF,HFO,OMIM,PF6,293.15,0.2489,0.1116,0.08455617874860763,0.0019463221885655578,0.027043821251392375,0.08722392469644547,0.08722392469644547,0.0853126049041748,0.0853126049041748,0.08477756381034851,0.08477756381034851,0.08211308717727661,0.08211308717727661,0.08335371315479279,0.08335371315479279
[omim]__[PF6]__R1234yf__293.15__0.2938,HFC_all,Mreduced,R1234YF,HFO,OMIM,PF6,293.15,0.2938,0.1354,0.10692897737026215,0.0024115252387645007,0.028471022629737844,0.10799762606620789,0.10799762606620789,0.11023017764091492,0.11023017764091492,0.10602213442325592,0.10602213442325592,0.10371367633342743,0.10371367633342743,0.10668127238750458,0.10668127238750458
[omim]__[PF6]__R1234yf__293.15__0.3382,HFC_all,Mreduced,R1234YF,HFO,OMIM,PF6,293.15,0.3382,0.1547,0.13032223284244537,0.0040443124385772435,0.02437776715755463,0.12936127185821533,0.12936127185821533,0.137454092502594,0.137454092502594,0.12761452794075012,0.12761452794075012,0.12819664180278778,0.12819664180278778,0.12898463010787964,0.12898463010787964
[omim]__[PF6]__R1234yf__303.15__0.0597,HFC_all,Mreduced,R1234YF,HFO,OMIM,PF6,303.15,0.0597,0.0219,0.01987430527806282,0.003942884321626487,0.002025694721937178,0.015919078141450882,0.015919078141450882,0.01727445423603058,0.01727445423603058,0.024266764521598816,0.024266764521598816,0.023968100547790527,0.023968100547790527,0.0179431289434433,0.0179431289434433
[omim]__[PF6]__R1234yf__303.15__0.1136,HFC_all,Mreduced,R1234YF,HFO,OMIM,PF6,303.15,0.1136,0.0417,0.03226097859442234,0.0035034114517339845,0.00943902140557766,0.029493164271116257,0.029493164271116257,0.033104654401540756,0.033104654401540756,0.03440024331212044,0.03440024331212044,0.03640332072973251,0.03640332072973251,0.027903510257601738,0.027903510257601738
[omim]__[PF6]__R1234yf__303.15__0.1663,HFC_all,Mreduced,R1234YF,HFO,OMIM,PF6,303.15,0.1663,0.0586,0.04230855032801628,0.0017580580269941954,0.016291449671983718,0.04174397140741348,0.04174397140741348,0.04456784576177597,0.04456784576177597,0.042430296540260315,0.042430296540260315,0.04302440583705902,0.04302440583705902,0.03977623209357262,0.03977623209357262
[omim]__[PF6]__R1234yf__303.15__0.2161,HFC_all,Mreduced,R1234YF,HFO,OMIM,PF6,303.15,0.2161,0.0765,0.053312734514474866,0.0021089928001094284,0.023187265485525133,0.05545836314558983,0.05545836314558983,0.05412876978516579,0.05412876978516579,0.053802311420440674,0.053802311420440674,0.05336567386984825,0.05336567386984825,0.0498085543513298,0.0498085543513298
[omim]__[PF6]__R1234yf__303.15__0.2644,HFC_all,Mreduced,R1234YF,HFO,OMIM,PF6,303.15,0.2644,0.0928,0.06696943044662476,0.002422202729895477,0.025830569553375232,0.07066839188337326,0.07066839188337326,0.06539127975702286,0.06539127975702286,0.06734228879213333,0.06734228879213333,0.06714512407779694,0.06714512407779694,0.0643000677227974,0.0643000677227974
[omim]__[PF6]__R1234yf__303.15__0.3132,HFC_all,Mreduced,R1234YF,HFO,OMIM,PF6,303.15,0.3132,0.1118,0.08334826827049255,0.0017764635136174247,0.02845173172950745,0.08634760230779648,0.08634760230779648,0.0830371230840683,0.0830371230840683,0.08314287662506104,0.08314287662506104,0.08165623247623444,0.08165623247623444,0.08255750685930252,0.08255750685930252
[omim]__[PF6]__R1234yf__303.15__0.3606,HFC_all,Mreduced,R1234YF,HFO,OMIM,PF6,303.15,0.3606,0.1279,0.1004097267985344,0.002209791775380702,0.027490273201465618,0.10371135175228119,0.10371135175228119,0.10140995681285858,0.10140995681285858,0.09954671561717987,0.09954671561717987,0.09799247980117798,0.09799247980117798,0.09938813000917435,0.09938813000917435
[omim]__[PF6]__R1234yf__313.15__0.0625,HFC_all,Mreduced,R1234YF,HFO,OMIM,PF6,313.15,0.0625,0.0182,0.02089201509952545,0.004370063324895861,0.0026920150995254494,0.017084844410419464,0.017084844410419464,0.016549602150917053,0.016549602150917053,0.024368930608034134,0.024368930608034134,0.02639322355389595,0.02639322355389595,0.020063474774360657,0.020063474774360657
[omim]__[PF6]__R1234yf__313.15__0.1233,HFC_all,Mreduced,R1234YF,HFO,OMIM,PF6,313.15,0.1233,0.0358,0.031815968081355096,0.0031467157562792038,0.003984031918644902,0.02922460064291954,0.02922460064291954,0.0302264541387558,0.0302264541387558,0.032720111310482025,0.032720111310482025,0.03693137317895889,0.03693137317895889,0.029977301135659218,0.029977301135659218
[omim]__[PF6]__R1234yf__313.15__0.1748,HFC_all,Mreduced,R1234YF,HFO,OMIM,PF6,313.15,0.1748,0.0502,0.037828493118286136,0.0020010700012128473,0.012371506881713866,0.03550669550895691,0.03550669550895691,0.0380876362323761,0.0380876362323761,0.03823184594511986,0.03823184594511986,0.04078180715441704,0.04078180715441704,0.03653448075056076,0.03653448075056076
[omim]__[PF6]__R1234yf__313.15__0.2276,HFC_all,Mreduced,R1234YF,HFO,OMIM,PF6,313.15,0.2276,0.0647,0.04589903950691223,0.0011341286286501186,0.018800960493087764,0.04681847244501114,0.04681847244501114,0.04569800943136215,0.04569800943136215,0.046101778745651245,0.046101778745651245,0.04681576043367386,0.04681576043367386,0.04406117647886276,0.04406117647886276
[omim]__[PF6]__R1234yf__313.15__0.2788,HFC_all,Mreduced,R1234YF,HFO,OMIM,PF6,313.15,0.2788,0.0784,0.056094372272491456,0.0018042368266828381,0.02230562772750854,0.05800676345825195,0.05800676345825195,0.05481131374835968,0.05481131374835968,0.05667738616466522,0.05667738616466522,0.057310670614242554,0.057310670614242554,0.053665727376937866,0.053665727376937866
[omim]__[PF6]__R1234yf__313.15__0.331,HFC_all,Mreduced,R1234YF,HFO,OMIM,PF6,313.15,0.331,0.0933,0.06796301305294036,0.0025959558361116374,0.02533698694705963,0.07107652723789215,0.07107652723789215,0.06557195633649826,0.06557195633649826,0.0684986561536789,0.0684986561536789,0.06962159276008606,0.06962159276008606,0.06504633277654648,0.06504633277654648
[omim]__[PF6]__R1234yf__313.15__0.3816,HFC_all,Mreduced,R1234YF,HFO,OMIM,PF6,313.15,0.3816,0.1066,0.08171360492706299,0.0023330980441172125,0.02488639507293701,0.08532346785068512,0.08532346785068512,0.08011513948440552,0.08011513948440552,0.08236217498779297,0.08236217498779297,0.08143927901983261,0.08143927901983261,0.07932796329259872,0.07932796329259872
[omim]__[PF6]__R1234yf__323.15__0.0654,HFC_all,Mreduced,R1234YF,HFO,OMIM,PF6,323.15,0.0654,0.0158,0.019402843713760377,0.00467786937106713,0.003602843713760375,0.016712412238121033,0.016712412238121033,0.013460174202919006,0.013460174202919006,0.02294699102640152,0.02294699102640152,0.025067128241062164,0.025067128241062164,0.018827512860298157,0.018827512860298157
[omim]__[PF6]__R1234yf__323.15__0.127,HFC_all,Mreduced,R1234YF,HFO,OMIM,PF6,323.15,0.127,0.0305,0.02891058996319771,0.003175599870373598,0.0015894100368022898,0.027289673686027527,0.027289673686027527,0.02560117468237877,0.02560117468237877,0.02965153008699417,0.02965153008699417,0.03395771235227585,0.03395771235227585,0.028052859008312225,0.028052859008312225
[omim]__[PF6]__R1234yf__323.15__0.1832,HFC_all,Mreduced,R1234YF,HFO,OMIM,PF6,323.15,0.1832,0.0424,0.03366086930036545,0.002247191228145909,0.00873913069963455,0.031932730227708817,0.031932730227708817,0.03290760889649391,0.03290760889649391,0.03375682234764099,0.03375682234764099,0.03747954219579697,0.03747954219579697,0.032227642834186554,0.032227642834186554
[omim]__[PF6]__R1234yf__323.15__0.2386,HFC_all,Mreduced,R1234YF,HFO,OMIM,PF6,323.15,0.2386,0.0552,0.03980527371168137,0.001646641989969771,0.01539472628831863,0.04006509482860565,0.04006509482860565,0.038661058992147446,0.038661058992147446,0.03977002948522568,0.03977002948522568,0.04239169508218765,0.04239169508218765,0.0381384901702404,0.0381384901702404
[omim]__[PF6]__R1234yf__323.15__0.2924,HFC_all,Mreduced,R1234YF,HFO,OMIM,PF6,323.15,0.2924,0.0671,0.04788682460784912,0.002350526854149654,0.019213175392150887,0.04918603226542473,0.04918603226542473,0.04573102667927742,0.04573102667927742,0.048100098967552185,0.048100098967552185,0.05099344998598099,0.05099344998598099,0.045423515141010284,0.045423515141010284
[omim]__[PF6]__R1234yf__323.15__0.3474,HFC_all,Mreduced,R1234YF,HFO,OMIM,PF6,323.15,0.3474,0.0794,0.05741423815488815,0.0033264842143074873,0.021985761845111848,0.05978057533502579,0.05978057533502579,0.0544007271528244,0.0544007271528244,0.05742056295275688,0.05742056295275688,0.061567142605781555,0.061567142605781555,0.05390218272805214,0.05390218272805214
[omim]__[PF6]__R1234yf__323.15__0.4011,HFC_all,Mreduced,R1234YF,HFO,OMIM,PF6,323.15,0.4011,0.0908,0.06861084550619126,0.0036038528328775537,0.022189154493808746,0.07151731103658676,0.07151731103658676,0.06485983729362488,0.06485983729362488,0.06861292570829391,0.06861292570829391,0.07284511625766754,0.07284511625766754,0.06521903723478317,0.06521903723478317
[omim]__[PF6]__R1234yf__333.15__0.0683,HFC_all,Mreduced,R1234YF,HFO,OMIM,PF6,333.15,0.0683,0.0138,0.017013925313949584,0.004877000991406571,0.0032139253139495845,0.01571796089410782,0.01571796089410782,0.009828407317399979,0.009828407317399979,0.020284533500671387,0.020284533500671387,0.022582121193408966,0.022582121193408966,0.016656603664159775,0.016656603664159775
[omim]__[PF6]__R1234yf__333.15__0.1304,HFC_all,Mreduced,R1234YF,HFO,OMIM,PF6,333.15,0.1304,0.0262,0.02600845918059349,0.0033186319923085104,0.00019154081940651185,0.025497347116470337,0.025497347116470337,0.021657392382621765,0.021657392382621765,0.026446901261806488,0.026446901261806488,0.03094826638698578,0.03094826638698578,0.025492388755083084,0.025492388755083084
[omim]__[PF6]__R1234yf__333.15__0.1911,HFC_all,Mreduced,R1234YF,HFO,OMIM,PF6,333.15,0.1911,0.0366,0.03011624738574028,0.002046944559848708,0.006483752614259722,0.029216550290584564,0.029216550290584564,0.028520263731479645,0.028520263731479645,0.02982981875538826,0.02982981875538826,0.033681146800518036,0.033681146800518036,0.029333457350730896,0.029333457350730896
[omim]__[PF6]__R1234yf__333.15__0.2491,HFC_all,Mreduced,R1234YF,HFO,OMIM,PF6,333.15,0.2491,0.0476,0.03484107255935669,0.0016782987836186521,0.012758927440643317,0.03492823615670204,0.03492823615670204,0.03395961970090866,0.03395961970090866,0.03426119312644005,0.03426119312644005,0.03767312318086624,0.03767312318086624,0.033383190631866455,0.033383190631866455
[omim]__[PF6]__R1234yf__333.15__0.3056,HFC_all,Mreduced,R1234YF,HFO,OMIM,PF6,333.15,0.3056,0.0583,0.04135664775967598,0.0022724277321028463,0.01694335224032402,0.042059652507305145,0.042059652507305145,0.03958921879529953,0.03958921879529953,0.041121602058410645,0.041121602058410645,0.04484699293971062,0.04484699293971062,0.03916577249765396,0.03916577249765396
[omim]__[PF6]__R1234yf__333.15__0.3634,HFC_all,Mreduced,R1234YF,HFO,OMIM,PF6,333.15,0.3634,0.0688,0.049678532779216765,0.0031750730469266085,0.019121467220783235,0.050935521721839905,0.050935521721839905,0.04687446355819702,0.04687446355819702,0.049927905201911926,0.049927905201911926,0.05419890582561493,0.05419890582561493,0.04645586758852005,0.04645586758852005
[omim]__[PF6]__R1234yf__333.15__0.4196,HFC_all,Mreduced,R1234YF,HFO,OMIM,PF6,333.15,0.4196,0.0785,0.0593199759721756,0.004063310828698891,0.0191800240278244,0.06151972711086273,0.06151972711086273,0.054524652659893036,0.054524652659893036,0.060141172260046005,0.060141172260046005,0.06444741040468216,0.06444741040468216,0.05596691742539406,0.05596691742539406
[omim]__[PF6]__R1234yf__343.15__0.0731,HFC_all,Mreduced,R1234YF,HFO,OMIM,PF6,343.15,0.0731,0.0125,0.015149880200624466,0.005107249195485785,0.0026498802006244652,0.015303798019886017,0.015303798019886017,0.006808105856180191,0.006808105856180191,0.018410813063383102,0.018410813063383102,0.020058348774909973,0.020058348774909973,0.015168335288763046,0.015168335288763046
[omim]__[PF6]__R1234yf__343.15__0.1358,HFC_all,Mreduced,R1234YF,HFO,OMIM,PF6,343.15,0.1358,0.0221,0.0238491915166378,0.0038032223276370488,0.0017491915166377991,0.02448142319917679,0.02448142319917679,0.017989903688430786,0.017989903688430786,0.024167511612176895,0.024167511612176895,0.028646405786275864,0.028646405786275864,0.023960713297128677,0.023960713297128677
[omim]__[PF6]__R1234yf__343.15__0.1988,HFC_all,Mreduced,R1234YF,HFO,OMIM,PF6,343.15,0.1988,0.0316,0.02764759324491024,0.002201894417412827,0.003952406755089764,0.027361832559108734,0.027361832559108734,0.02498498558998108,0.02498498558998108,0.027439244091510773,0.027439244091510773,0.0311228409409523,0.0311228409409523,0.027329063042998314,0.027329063042998314
[omim]__[PF6]__R1234yf__343.15__0.2595,HFC_all,Mreduced,R1234YF,HFO,OMIM,PF6,343.15,0.2595,0.0415,0.03119174838066101,0.0019811068640206582,0.01030825161933899,0.031688179820775986,0.031688179820775986,0.029965609312057495,0.029965609312057495,0.030308213084936142,0.030308213084936142,0.03443428501486778,0.03443428501486778,0.02956245467066765,0.02956245467066765
[omim]__[PF6]__R1234yf__343.15__0.3184,HFC_all,Mreduced,R1234YF,HFO,OMIM,PF6,343.15,0.3184,0.0528,0.03628905862569809,0.002194167819495004,0.01651094137430191,0.03624580428004265,0.03624580428004265,0.03486916050314903,0.03486916050314903,0.035898007452487946,0.035898007452487946,0.03998812288045883,0.03998812288045883,0.03444419801235199,0.03444419801235199
[omim]__[PF6]__R1234yf__343.15__0.379,HFC_all,Mreduced,R1234YF,HFO,OMIM,PF6,343.15,0.379,0.0599,0.04391561150550842,0.0034105129690197287,0.015984388494491582,0.04450182244181633,0.04450182244181633,0.040603604167699814,0.040603604167699814,0.04472862929105759,0.04472862929105759,0.04891693592071533,0.04891693592071533,0.04082706570625305,0.04082706570625305
[omim]__[PF6]__R1234yf__343.15__0.4377,HFC_all,Mreduced,R1234YF,HFO,OMIM,PF6,343.15,0.4377,0.0689,0.052505426853895185,0.004729402832676436,0.01639457314610482,0.05340694636106491,0.05340694636106491,0.04718122258782387,0.04718122258782387,0.05401495471596718,0.05401495471596718,0.059147909283638,0.059147909283638,0.04877610132098198,0.04877610132098198
[omim]__[PF6]__R1234ze(E)__283.15__0.085,HFC_all,Mreduced,R1234ZE(E),HFO,OMIM,PF6,283.15,0.085,0.1265,0.07593971341848374,0.0051705146625415635,0.05056028658151626,0.0739668756723404,0.0739668756723404,0.0779748409986496,0.0779748409986496,0.0831393152475357,0.0831393152475357,0.07552600651979446,0.07552600651979446,0.06909152865409851,0.06909152865409851
[omim]__[PF6]__R1234ze(E)__283.15__0.1231,HFC_all,Mreduced,R1234ZE(E),HFO,OMIM,PF6,283.15,0.1231,0.183,0.12052734345197677,0.005433385792869907,0.062472656548023225,0.1180272251367569,0.1180272251367569,0.1259302794933319,0.1259302794933319,0.12684708833694458,0.12684708833694458,0.11621389538049698,0.11621389538049698,0.11561822891235352,0.11561822891235352
[omim]__[PF6]__R1234ze(E)__283.15__0.1575,HFC_all,Mreduced,R1234ZE(E),HFO,OMIM,PF6,283.15,0.1575,0.238,0.17253641784191132,0.00799522523443769,0.06546358215808867,0.16634106636047363,0.16634106636047363,0.18358644843101501,0.18358644843101501,0.17851373553276062,0.17851373553276062,0.16775859892368317,0.16775859892368317,0.16648223996162415,0.16648223996162415
[omim]__[PF6]__R1234ze(E)__283.15__0.1903,HFC_all,Mreduced,R1234ZE(E),HFO,OMIM,PF6,283.15,0.1903,0.2865,0.22871485948562623,0.010539622838780478,0.05778514051437375,0.2172938734292984,0.2172938734292984,0.2433033287525177,0.2433033287525177,0.23556096851825714,0.23556096851825714,0.2222820520401001,0.2222820520401001,0.22513407468795776,0.22513407468795776
[omim]__[PF6]__R1234ze(E)__283.15__0.221,HFC_all,Mreduced,R1234ZE(E),HFO,OMIM,PF6,283.15,0.221,0.3378,0.2836864650249481,0.011539099062702476,0.05411353497505189,0.268618106842041,0.268618106842041,0.2999865710735321,0.2999865710735321,0.28770795464515686,0.28770795464515686,0.27883681654930115,0.27883681654930115,0.2832828760147095,0.2832828760147095
[omim]__[PF6]__R1234ze(E)__283.15__0.2477,HFC_all,Mreduced,R1234ZE(E),HFO,OMIM,PF6,283.15,0.2477,0.3877,0.3302346646785736,0.013075679051764036,0.05746533532142639,0.3123241662979126,0.3123241662979126,0.3486332297325134,0.3486332297325134,0.33362025022506714,0.33362025022506714,0.3266192078590393,0.3266192078590393,0.32997646927833557,0.32997646927833557
[omim]__[PF6]__R1234ze(E)__293.15__0.0941,HFC_all,Mreduced,R1234ZE(E),HFO,OMIM,PF6,293.15,0.0941,0.1069,0.06391437873244285,0.005376165970564801,0.042985621267557145,0.06368590146303177,0.06368590146303177,0.06496202200651169,0.06496202200651169,0.0709950253367424,0.0709950253367424,0.064034104347229,0.064034104347229,0.05589484050869942,0.05589484050869942
[omim]__[PF6]__R1234ze(E)__293.15__0.1387,HFC_all,Mreduced,R1234ZE(E),HFO,OMIM,PF6,293.15,0.1387,0.1504,0.09540867507457733,0.006341851151905636,0.05499132492542268,0.09642595052719116,0.09642595052719116,0.09713832288980484,0.09713832288980484,0.10407106578350067,0.10407106578350067,0.09259594976902008,0.09259594976902008,0.0868120864033699,0.0868120864033699
[omim]__[PF6]__R1234ze(E)__293.15__0.1804,HFC_all,Mreduced,R1234ZE(E),HFO,OMIM,PF6,293.15,0.1804,0.1925,0.13650407493114472,0.005777816944894945,0.055995925068855285,0.1368146687746048,0.1368146687746048,0.13831749558448792,0.13831749558448792,0.14482298493385315,0.14482298493385315,0.12949150800704956,0.12949150800704956,0.13307371735572815,0.13307371735572815
[omim]__[PF6]__R1234ze(E)__293.15__0.2182,HFC_all,Mreduced,R1234ZE(E),HFO,OMIM,PF6,293.15,0.2182,0.2364,0.1856384187936783,0.006759074164535126,0.05076158120632171,0.18286579847335815,0.18286579847335815,0.19252881407737732,0.19252881407737732,0.19297747313976288,0.19297747313976288,0.17789950966835022,0.17789950966835022,0.18192049860954285,0.18192049860954285
[omim]__[PF6]__R1234ze(E)__293.15__0.2566,HFC_all,Mreduced,R1234ZE(E),HFO,OMIM,PF6,293.15,0.2566,0.2791,0.2413255900144577,0.007786582746307722,0.03777440998554232,0.23389919102191925,0.23389919102191925,0.2528308033943176,0.2528308033943176,0.245187908411026,0.245187908411026,0.23528695106506348,0.23528695106506348,0.23942309617996216,0.23942309617996216
[omim]__[PF6]__R1234ze(E)__293.15__0.2917,HFC_all,Mreduced,R1234ZE(E),HFO,OMIM,PF6,293.15,0.2917,0.3215,0.2913833796977997,0.009517645197553071,0.030116620302200303,0.2804141044616699,0.2804141044616699,0.3062542676925659,0.3062542676925659,0.2932949960231781,0.2932949960231781,0.28887856006622314,0.28887856006622314,0.28807497024536133,0.28807497024536133
[omim]__[PF6]__R1234ze(E)__303.15__0.1034,HFC_all,Mreduced,R1234ZE(E),HFO,OMIM,PF6,303.15,0.1034,0.0872,0.05750527009367943,0.004266597026878024,0.02969472990632057,0.05884965881705284,0.05884965881705284,0.055996373295784,0.055996373295784,0.06247089430689812,0.06247089430689812,0.05913884565234184,0.05913884565234184,0.05107057839632034,0.05107057839632034
[omim]__[PF6]__R1234ze(E)__303.15__0.1527,HFC_all,Mreduced,R1234ZE(E),HFO,OMIM,PF6,303.15,0.1527,0.1228,0.0777828112244606,0.004357348490130407,0.04501718877553941,0.07885421067476273,0.07885421067476273,0.07856106758117676,0.07856106758117676,0.08313626050949097,0.08313626050949097,0.07731100171804428,0.07731100171804428,0.07105151563882828,0.07105151563882828
[omim]__[PF6]__R1234ze(E)__303.15__0.1991,HFC_all,Mreduced,R1234ZE(E),HFO,OMIM,PF6,303.15,0.1991,0.1578,0.10622475147247315,0.006392563345014401,0.051575248527526846,0.11062309890985489,0.11062309890985489,0.10770484805107117,0.10770484805107117,0.11329570412635803,0.11329570412635803,0.10176021605730057,0.10176021605730057,0.09773989021778107,0.09773989021778107
[omim]__[PF6]__R1234ze(E)__303.15__0.2427,HFC_all,Mreduced,R1234ZE(E),HFO,OMIM,PF6,303.15,0.2427,0.1931,0.14519863128662108,0.004822584799487868,0.04790136871337891,0.14823469519615173,0.14823469519615173,0.1471680998802185,0.1471680998802185,0.15042753517627716,0.15042753517627716,0.13975010812282562,0.13975010812282562,0.14041271805763245,0.14041271805763245
[omim]__[PF6]__R1234ze(E)__303.15__0.2869,HFC_all,Mreduced,R1234ZE(E),HFO,OMIM,PF6,303.15,0.2869,0.229,0.19115540087223054,0.004755609855182327,0.03784459912776947,0.18815180659294128,0.18815180659294128,0.19777289032936096,0.19777289032936096,0.1946493238210678,0.1946493238210678,0.18729940056800842,0.18729940056800842,0.18790358304977417,0.18790358304977417
[omim]__[PF6]__R1234ze(E)__303.15__0.3284,HFC_all,Mreduced,R1234ZE(E),HFO,OMIM,PF6,303.15,0.3284,0.2648,0.2348343938589096,0.006304630516212463,0.029965606141090367,0.2276594042778015,0.2276594042778015,0.24459108710289001,0.24459108710289001,0.23617728054523468,0.23617728054523468,0.23405855894088745,0.23405855894088745,0.23168563842773438,0.23168563842773438
[omim]__[PF6]__R1234ze(E)__313.15__0.112,HFC_all,Mreduced,R1234ZE(E),HFO,OMIM,PF6,313.15,0.112,0.0704,0.05242844969034195,0.004045098282704651,0.017971550309658052,0.05450563132762909,0.05450563132762909,0.047149840742349625,0.047149840742349625,0.055329956114292145,0.055329956114292145,0.056100424379110336,0.056100424379110336,0.04905639588832855,0.04905639588832855
[omim]__[PF6]__R1234ze(E)__313.15__0.1648,HFC_all,Mreduced,R1234ZE(E),HFO,OMIM,PF6,313.15,0.1648,0.1014,0.06428268849849701,0.00323859239245757,0.03711731150150299,0.06660837680101395,0.06660837680101395,0.06324705481529236,0.06324705481529236,0.06683539599180222,0.06683539599180222,0.06564557552337646,0.06564557552337646,0.05907703936100006,0.05907703936100006
[omim]__[PF6]__R1234ze(E)__313.15__0.2154,HFC_all,Mreduced,R1234ZE(E),HFO,OMIM,PF6,313.15,0.2154,0.1305,0.08473105281591416,0.004916315464958044,0.04576894718408585,0.08773628622293472,0.08773628622293472,0.08722616732120514,0.08722616732120514,0.08916135877370834,0.08916135877370834,0.08226443082094193,0.08226443082094193,0.07726702094078064,0.07726702094078064
[omim]__[PF6]__R1234ze(E)__313.15__0.2636,HFC_all,Mreduced,R1234ZE(E),HFO,OMIM,PF6,313.15,0.2636,0.1595,0.1138260543346405,0.004744851480201423,0.0456739456653595,0.11587955057621002,0.11587955057621002,0.11534606665372849,0.11534606665372849,0.1193317323923111,0.1193317323923111,0.11173583567142487,0.11173583567142487,0.10683708637952805,0.10683708637952805
[omim]__[PF6]__R1234ze(E)__313.15__0.3129,HFC_all,Mreduced,R1234ZE(E),HFO,OMIM,PF6,313.15,0.3129,0.1885,0.1472915768623352,0.0029616540025738957,0.04120842313766479,0.14630255103111267,0.14630255103111267,0.14769232273101807,0.14769232273101807,0.15064799785614014,0.15064799785614014,0.14897751808166504,0.14897751808166504,0.1428374946117401,0.1428374946117401
[omim]__[PF6]__R1234ze(E)__313.15__0.3594,HFC_all,Mreduced,R1234ZE(E),HFO,OMIM,PF6,313.15,0.3594,0.2189,0.1805816411972046,0.002882013257459005,0.03831835880279541,0.17655649781227112,0.17655649781227112,0.18126431107521057,0.18126431107521057,0.18103104829788208,0.18103104829788208,0.18449488282203674,0.18449488282203674,0.17956146597862244,0.17956146597862244
[omim]__[PF6]__R1234ze(E)__323.15__0.1191,HFC_all,Mreduced,R1234ZE(E),HFO,OMIM,PF6,323.15,0.1191,0.0592,0.046486856788396834,0.004575127420362165,0.012713143211603169,0.04776296764612198,0.04776296764612198,0.03956979885697365,0.03956979885697365,0.05002563074231148,0.05002563074231148,0.0506620854139328,0.0506620854139328,0.04441380128264427,0.04441380128264427
[omim]__[PF6]__R1234ze(E)__323.15__0.1757,HFC_all,Mreduced,R1234ZE(E),HFO,OMIM,PF6,323.15,0.1757,0.0847,0.05359661728143692,0.002866490373221655,0.031103382718563076,0.05513860657811165,0.05513860657811165,0.05169503018260002,0.05169503018260002,0.055961593985557556,0.055961593985557556,0.055697910487651825,0.055697910487651825,0.04948994517326355,0.04948994517326355
[omim]__[PF6]__R1234ze(E)__323.15__0.2304,HFC_all,Mreduced,R1234ZE(E),HFO,OMIM,PF6,323.15,0.2304,0.1077,0.0681281216442585,0.0035806434984988777,0.03957187835574151,0.06877768784761429,0.06877768784761429,0.07054055482149124,0.07054055482149124,0.07061292231082916,0.07061292231082916,0.06878142058849335,0.06878142058849335,0.061928022652864456,0.061928022652864456
[omim]__[PF6]__R1234ze(E)__323.15__0.2821,HFC_all,Mreduced,R1234ZE(E),HFO,OMIM,PF6,323.15,0.2821,0.1328,0.0893018126487732,0.004239403893436686,0.043498187351226805,0.0871867761015892,0.0871867761015892,0.09296951442956924,0.09296951442956924,0.09339277446269989,0.09339277446269989,0.0897437036037445,0.0897437036037445,0.08321629464626312,0.08321629464626312
[omim]__[PF6]__R1234ze(E)__323.15__0.3356,HFC_all,Mreduced,R1234ZE(E),HFO,OMIM,PF6,323.15,0.3356,0.157,0.11397660672664642,0.004042440883782281,0.04302339327335358,0.10975487530231476,0.10975487530231476,0.11481485515832901,0.11481485515832901,0.11793837696313858,0.11793837696313858,0.1176229938864708,0.1176229938864708,0.10975193232297897,0.10975193232297897
[omim]__[PF6]__R1234ze(E)__323.15__0.3863,HFC_all,Mreduced,R1234ZE(E),HFO,OMIM,PF6,323.15,0.3863,0.1827,0.13930315673351287,0.003783561095220435,0.04339684326648713,0.13475832343101501,0.13475832343101501,0.1376485824584961,0.1376485824584961,0.14064238965511322,0.14064238965511322,0.1449163258075714,0.1449163258075714,0.13855016231536865,0.13855016231536865
[omim]__[PF6]__R1234ze(E)__333.15__0.1259,HFC_all,Mreduced,R1234ZE(E),HFO,OMIM,PF6,333.15,0.1259,0.0499,0.041764982789754865,0.005078471714614138,0.008135017210245135,0.04348401725292206,0.04348401725292206,0.033701058477163315,0.033701058477163315,0.04621700197458267,0.04621700197458267,0.045316182076931,0.045316182076931,0.04010665416717529,0.04010665416717529
[omim]__[PF6]__R1234ze(E)__333.15__0.186,HFC_all,Mreduced,R1234ZE(E),HFO,OMIM,PF6,333.15,0.186,0.0705,0.046112678945064545,0.002685844407912031,0.02438732105493545,0.04727192968130112,0.04727192968130112,0.043854810297489166,0.043854810297489166,0.04903178662061691,0.04903178662061691,0.047675784677267075,0.047675784677267075,0.04272908344864845,0.04272908344864845
[omim]__[PF6]__R1234ze(E)__333.15__0.2437,HFC_all,Mreduced,R1234ZE(E),HFO,OMIM,PF6,333.15,0.2437,0.0907,0.05569203868508339,0.0030748934037969186,0.03500796131491661,0.05611586570739746,0.05611586570739746,0.05723399296402931,0.05723399296402931,0.058084093034267426,0.058084093034267426,0.056678980588912964,0.056678980588912964,0.050347261130809784,0.050347261130809784
[omim]__[PF6]__R1234ze(E)__333.15__0.299,HFC_all,Mreduced,R1234ZE(E),HFO,OMIM,PF6,333.15,0.299,0.1115,0.07093702107667924,0.003677053460823443,0.04056297892332077,0.06819385290145874,0.06819385290145874,0.074040487408638,0.074040487408638,0.07377571612596512,0.07377571612596512,0.07278364151716232,0.07278364151716232,0.06589140743017197,0.06589140743017197
[omim]__[PF6]__R1234ze(E)__333.15__0.356,HFC_all,Mreduced,R1234ZE(E),HFO,OMIM,PF6,333.15,0.356,0.1321,0.09016749709844589,0.004127904127717558,0.041932502901554106,0.08492164313793182,0.08492164313793182,0.09103094786405563,0.09103094786405563,0.0944550558924675,0.0944550558924675,0.09349410980939865,0.09349410980939865,0.08693572878837585,0.08693572878837585
[omim]__[PF6]__R1234ze(E)__333.15__0.4106,HFC_all,Mreduced,R1234ZE(E),HFO,OMIM,PF6,333.15,0.4106,0.1539,0.11088361591100693,0.004526726834501783,0.04301638408899308,0.10581265389919281,0.10581265389919281,0.10813046991825104,0.10813046991825104,0.11475839465856552,0.11475839465856552,0.11645397543907166,0.11645397543907166,0.10926258563995361,0.10926258563995361
[omim]__[PF6]__R1234ze(E)__343.15__0.1328,HFC_all,Mreduced,R1234ZE(E),HFO,OMIM,PF6,343.15,0.1328,0.0403,0.03911931663751602,0.005343026341997136,0.0011806833624839821,0.04182356595993042,0.04182356595993042,0.030324343591928482,0.030324343591928482,0.043588243424892426,0.043588243424892426,0.04196009039878845,0.04196009039878845,0.03790033981204033,0.03790033981204033
[omim]__[PF6]__R1234ze(E)__343.15__0.1959,HFC_all,Mreduced,R1234ZE(E),HFO,OMIM,PF6,343.15,0.1959,0.0582,0.041924969851970674,0.0028455989685067062,0.016275030148029328,0.043746042996644974,0.043746042996644974,0.03813273087143898,0.03813273087143898,0.04498324543237686,0.04498324543237686,0.042922258377075195,0.042922258377075195,0.03984057158231735,0.03984057158231735
[omim]__[PF6]__R1234ze(E)__343.15__0.2563,HFC_all,Mreduced,R1234ZE(E),HFO,OMIM,PF6,343.15,0.2563,0.0765,0.0479715920984745,0.002699930592625544,0.0285284079015255,0.048560597002506256,0.048560597002506256,0.04832124710083008,0.04832124710083008,0.05078645795583725,0.05078645795583725,0.04871411994099617,0.04871411994099617,0.04347553849220276,0.04347553849220276
[omim]__[PF6]__R1234ze(E)__343.15__0.315,HFC_all,Mreduced,R1234ZE(E),HFO,OMIM,PF6,343.15,0.315,0.0934,0.059353578835725784,0.002751553912018848,0.03404642116427421,0.05852264165878296,0.05852264165878296,0.05969645828008652,0.05969645828008652,0.06272140890359879,0.06272140890359879,0.060558248311281204,0.060558248311281204,0.055269137024879456,0.055269137024879456
[omim]__[PF6]__R1234ze(E)__343.15__0.3753,HFC_all,Mreduced,R1234ZE(E),HFO,OMIM,PF6,343.15,0.3753,0.112,0.074444679915905,0.003872566261323211,0.037555320084095,0.0703238695859909,0.0703238695859909,0.0726514533162117,0.0726514533162117,0.079700767993927,0.079700767993927,0.07721777260303497,0.07721777260303497,0.07232953608036041,0.07232953608036041
[omim]__[PF6]__R1234ze(E)__343.15__0.434,HFC_all,Mreduced,R1234ZE(E),HFO,OMIM,PF6,343.15,0.434,0.1281,0.09244328737258911,0.005678922371014108,0.03565671262741088,0.08750452846288681,0.08750452846288681,0.08690771460533142,0.08690771460533142,0.09818808734416962,0.09818808734416962,0.09866679459810257,0.09866679459810257,0.09094931185245514,0.09094931185245514
[P66614]__[Cl]__R1234yf__283.15__0.064,HFC_all,Mreduced,R1234YF,HFO,P66614,CL,283.15,0.064,0.158,0.14087070226669313,0.011190210939453013,0.017129297733306875,0.1259309947490692,0.1259309947490692,0.15665949881076813,0.15665949881076813,0.13724252581596375,0.13724252581596375,0.1446453034877777,0.1446453034877777,0.13987518846988678,0.13987518846988678
[P66614]__[Cl]__R1234yf__283.15__0.13,HFC_all,Mreduced,R1234YF,HFO,P66614,CL,283.15,0.13,0.299,0.21014645099639892,0.01500588558904231,0.08885354900360107,0.19446496665477753,0.19446496665477753,0.23457378149032593,0.23457378149032593,0.20587866008281708,0.20587866008281708,0.21177151799201965,0.21177151799201965,0.20404332876205444,0.20404332876205444
[P66614]__[Cl]__R1234yf__283.15__0.18,HFC_all,Mreduced,R1234YF,HFO,P66614,CL,283.15,0.18,0.38,0.2561779886484146,0.01685261095476054,0.12382201135158538,0.2403186410665512,0.2403186410665512,0.2844904065132141,0.2844904065132141,0.2527467906475067,0.2527467906475067,0.25556960701942444,0.25556960701942444,0.2477644979953766,0.2477644979953766
[P66614]__[Cl]__R1234yf__283.15__0.233,HFC_all,Mreduced,R1234YF,HFO,P66614,CL,283.15,0.233,0.456,0.3014299988746643,0.018696704856745284,0.1545700011253357,0.2825578451156616,0.2825578451156616,0.33248284459114075,0.33248284459114075,0.29901349544525146,0.29901349544525146,0.3000350594520569,0.3000350594520569,0.2930607497692108,0.2930607497692108
[P66614]__[Cl]__R1234yf__283.15__0.281,HFC_all,Mreduced,R1234YF,HFO,P66614,CL,283.15,0.281,0.516,0.33837581872940065,0.02020464651376682,0.17762418127059937,0.3160881996154785,0.3160881996154785,0.37127983570098877,0.37127983570098877,0.3357333540916443,0.3357333540916443,0.33710217475891113,0.33710217475891113,0.33167552947998047,0.33167552947998047
[P66614]__[Cl]__R1234yf__283.15__0.321,HFC_all,Mreduced,R1234YF,HFO,P66614,CL,283.15,0.321,0.57,0.3653879463672638,0.022390884838654798,0.20461205363273616,0.3402106761932373,0.3402106761932373,0.40177685022354126,0.40177685022354126,0.3631283640861511,0.3631283640861511,0.36195698380470276,0.36195698380470276,0.3598668575286865,0.3598668575286865
[P66614]__[Cl]__R1234yf__283.15__0.362,HFC_all,Mreduced,R1234YF,HFO,P66614,CL,283.15,0.362,0.623,0.390340781211853,0.024292968973237045,0.232659218788147,0.36171287298202515,0.36171287298202515,0.4291120767593384,0.4291120767593384,0.3880937695503235,0.3880937695503235,0.38549888134002686,0.38549888134002686,0.38728630542755127,0.38728630542755127
[P66614]__[Cl]__R1234yf__293.15__0.068,HFC_all,Mreduced,R1234YF,HFO,P66614,CL,293.15,0.068,0.146,0.12257076948881149,0.007608828144047533,0.023429230511188504,0.11380428820848465,0.11380428820848465,0.13343463838100433,0.13343463838100433,0.1177351251244545,0.1177351251244545,0.12612733244895935,0.12612733244895935,0.12175246328115463,0.12175246328115463
[P66614]__[Cl]__R1234yf__293.15__0.142,HFC_all,Mreduced,R1234YF,HFO,P66614,CL,293.15,0.142,0.261,0.18625847697257997,0.01162118952744281,0.07474152302742004,0.17629709839820862,0.17629709839820862,0.20622268319129944,0.20622268319129944,0.1804705709218979,0.1804705709218979,0.18403492867946625,0.18403492867946625,0.1842671036720276,0.1842671036720276
[P66614]__[Cl]__R1234yf__293.15__0.198,HFC_all,Mreduced,R1234YF,HFO,P66614,CL,293.15,0.198,0.33,0.22910975515842438,0.013935065505032701,0.10089024484157563,0.21746322512626648,0.21746322512626648,0.25329527258872986,0.25329527258872986,0.2262379676103592,0.2262379676103592,0.22504711151123047,0.22504711151123047,0.2235051989555359,0.2235051989555359
[P66614]__[Cl]__R1234yf__293.15__0.258,HFC_all,Mreduced,R1234YF,HFO,P66614,CL,293.15,0.258,0.397,0.270658141374588,0.015696535857833573,0.12634185862541203,0.25665515661239624,0.25665515661239624,0.2972702980041504,0.2972702980041504,0.2697407007217407,0.2697407007217407,0.26726630330085754,0.26726630330085754,0.26235824823379517,0.26235824823379517
[P66614]__[Cl]__R1234yf__293.15__0.313,HFC_all,Mreduced,R1234YF,HFO,P66614,CL,293.15,0.313,0.451,0.3044250965118408,0.017500023342560466,0.14657490348815921,0.2870352864265442,0.2870352864265442,0.3334081470966339,0.3334081470966339,0.3049335479736328,0.3049335479736328,0.30050691962242126,0.30050691962242126,0.2962415814399719,0.2962415814399719
[P66614]__[Cl]__R1234yf__293.15__0.362,HFC_all,Mreduced,R1234YF,HFO,P66614,CL,293.15,0.362,0.501,0.33027627468109133,0.01894984375251386,0.17072372531890867,0.31001049280166626,0.31001049280166626,0.3613815903663635,0.3613815903663635,0.3301715850830078,0.3301715850830078,0.3254159688949585,0.3254159688949585,0.32440173625946045,0.32440173625946045
[P66614]__[Cl]__R1234yf__293.15__0.413,HFC_all,Mreduced,R1234YF,HFO,P66614,CL,293.15,0.413,0.55,0.3543061912059784,0.020887585051059622,0.19569380879402165,0.32992827892303467,0.32992827892303467,0.3875895142555237,0.3875895142555237,0.35433948040008545,0.35433948040008545,0.34858158230781555,0.34858158230781555,0.3510921001434326,0.3510921001434326
[P66614]__[Cl]__R1234yf__293.15__0.46,HFC_all,Mreduced,R1234YF,HFO,P66614,CL,293.15,0.46,0.594,0.3741243422031403,0.021688808948080215,0.2198756577968597,0.3468559980392456,0.3468559980392456,0.4071730971336365,0.4071730971336365,0.3751155138015747,0.3751155138015747,0.3674275577068329,0.3674275577068329,0.3740495443344116,0.3740495443344116
[P66614]__[Cl]__R1234yf__293.15__0.505,HFC_all,Mreduced,R1234YF,HFO,P66614,CL,293.15,0.505,0.641,0.39139248728752135,0.02201536943030588,0.24960751271247866,0.3626841902732849,0.3626841902732849,0.4237247705459595,0.4237247705459595,0.3938920497894287,0.3938920497894287,0.3836314380168915,0.3836314380168915,0.39302998781204224,0.39302998781204224
[P66614]__[Cl]__R1234yf__303.15__0.073,HFC_all,Mreduced,R1234YF,HFO,P66614,CL,303.15,0.073,0.126,0.10821134597063065,0.0069670931818868196,0.017788654029369355,0.10281281173229218,0.10281281173229218,0.11734235286712646,0.11734235286712646,0.1002514585852623,0.1002514585852623,0.11248685419559479,0.11248685419559479,0.1081632524728775,0.1081632524728775
[P66614]__[Cl]__R1234yf__303.15__0.154,HFC_all,Mreduced,R1234YF,HFO,P66614,CL,303.15,0.154,0.22,0.1656477063894272,0.009569685421094409,0.05435229361057281,0.15973645448684692,0.15973645448684692,0.18186435103416443,0.18186435103416443,0.15815655887126923,0.15815655887126923,0.16220149397850037,0.16220149397850037,0.16627967357635498,0.16627967357635498
[P66614]__[Cl]__R1234yf__303.15__0.215,HFC_all,Mreduced,R1234YF,HFO,P66614,CL,303.15,0.215,0.284,0.20438643991947175,0.011196145276875492,0.07961356008052822,0.19634833931922913,0.19634833931922913,0.22389689087867737,0.22389689087867737,0.2002200037240982,0.2002200037240982,0.19827395677566528,0.19827395677566528,0.20319300889968872,0.20319300889968872
[P66614]__[Cl]__R1234yf__303.15__0.28,HFC_all,Mreduced,R1234YF,HFO,P66614,CL,303.15,0.28,0.344,0.2408678114414215,0.013080064077574787,0.10313218855857847,0.23003388941287994,0.23003388941287994,0.26333704590797424,0.26333704590797424,0.24033822119235992,0.24033822119235992,0.23560038208961487,0.23560038208961487,0.23502951860427856,0.23502951860427856
[P66614]__[Cl]__R1234yf__303.15__0.341,HFC_all,Mreduced,R1234YF,HFO,P66614,CL,303.15,0.341,0.394,0.27202134728431704,0.014639339970215586,0.12197865271568298,0.2577173709869385,0.2577173709869385,0.2961179316043854,0.2961179316043854,0.2738282084465027,0.2738282084465027,0.26536914706230164,0.26536914706230164,0.2670740783214569,0.2670740783214569
[P66614]__[Cl]__R1234yf__303.15__0.396,HFC_all,Mreduced,R1234YF,HFO,P66614,CL,303.15,0.396,0.439,0.2955122411251068,0.016210298351418115,0.14348775887489318,0.2792917490005493,0.2792917490005493,0.32196053862571716,0.32196053862571716,0.2976398766040802,0.2976398766040802,0.28738221526145935,0.28738221526145935,0.291286826133728,0.291286826133728
[P66614]__[Cl]__R1234yf__303.15__0.454,HFC_all,Mreduced,R1234YF,HFO,P66614,CL,303.15,0.454,0.483,0.31741727590560914,0.0173251024993957,0.16558272409439084,0.2976101338863373,0.2976101338863373,0.34431159496307373,0.34431159496307373,0.3209444284439087,0.3209444284439087,0.30926084518432617,0.30926084518432617,0.3149593770503998,0.3149593770503998
[P66614]__[Cl]__R1234yf__303.15__0.51,HFC_all,Mreduced,R1234YF,HFO,P66614,CL,303.15,0.51,0.524,0.3360054552555084,0.01768090506066172,0.18799454474449162,0.3137637674808502,0.3137637674808502,0.3615333139896393,0.3615333139896393,0.34131860733032227,0.34131860733032227,0.3272961676120758,0.3272961676120758,0.33611541986465454,0.33611541986465454
[P66614]__[Cl]__R1234yf__303.15__0.566,HFC_all,Mreduced,R1234YF,HFO,P66614,CL,303.15,0.566,0.566,0.35327776074409484,0.018587489584175183,0.2127222392559051,0.32944488525390625,0.32944488525390625,0.37841230630874634,0.37841230630874634,0.3605424761772156,0.3605424761772156,0.34218427538871765,0.34218427538871765,0.3558048605918884,0.3558048605918884
[P66614]__[Cl]__R1234yf__303.15__0.628,HFC_all,Mreduced,R1234YF,HFO,P66614,CL,303.15,0.628,0.608,0.37163939476013186,0.019781463911982933,0.23636060523986813,0.3466799259185791,0.3466799259185791,0.3971121609210968,0.3971121609210968,0.3810887932777405,0.3810887932777405,0.3578697144985199,0.3578697144985199,0.3754463791847229,0.3754463791847229
[P66614]__[Cl]__R1234yf__313.15__0.079,HFC_all,Mreduced,R1234YF,HFO,P66614,CL,313.15,0.079,0.102,0.09771238714456558,0.007653381754564922,0.004287612855434414,0.09250007569789886,0.09250007569789886,0.10635992139577866,0.10635992139577866,0.0874926745891571,0.0874926745891571,0.10266856849193573,0.10266856849193573,0.09954069554805756,0.09954069554805756
[P66614]__[Cl]__R1234yf__313.15__0.165,HFC_all,Mreduced,R1234YF,HFO,P66614,CL,313.15,0.165,0.188,0.1472180038690567,0.009197978886875492,0.0407819961309433,0.14413464069366455,0.14413464069366455,0.1623712182044983,0.1623712182044983,0.13816802203655243,0.13816802203655243,0.14317604899406433,0.14317604899406433,0.1482400894165039,0.1482400894165039
[P66614]__[Cl]__R1234yf__313.15__0.23,HFC_all,Mreduced,R1234YF,HFO,P66614,CL,313.15,0.23,0.244,0.18088313341140747,0.009921016151658475,0.06311686658859253,0.17500774562358856,0.17500774562358856,0.19763165712356567,0.19763165712356567,0.1759892851114273,0.1759892851114273,0.1736012101173401,0.1736012101173401,0.18218576908111572,0.18218576908111572
[P66614]__[Cl]__R1234yf__313.15__0.3,HFC_all,Mreduced,R1234YF,HFO,P66614,CL,313.15,0.3,0.299,0.21433191001415253,0.01128124304586508,0.08466808998584746,0.20516394078731537,0.20516394078731537,0.23367571830749512,0.23367571830749512,0.21344754099845886,0.21344754099845886,0.2078309953212738,0.2078309953212738,0.21154135465621948,0.21154135465621948
[P66614]__[Cl]__R1234yf__313.15__0.366,HFC_all,Mreduced,R1234YF,HFO,P66614,CL,313.15,0.366,0.344,0.24189638197422028,0.012771214007056456,0.10210361802577969,0.23060818016529083,0.23060818016529083,0.2629236578941345,0.2629236578941345,0.24391141533851624,0.24391141533851624,0.23381638526916504,0.23381638526916504,0.23822227120399475,0.23822227120399475
[P66614]__[Cl]__R1234yf__313.15__0.426,HFC_all,Mreduced,R1234YF,HFO,P66614,CL,313.15,0.426,0.383,0.2638168454170227,0.013708934496121011,0.11918315458297729,0.25007617473602295,0.25007617473602295,0.28554075956344604,0.28554075956344604,0.2668784558773041,0.2668784558773041,0.2550821602344513,0.2550821602344513,0.26150667667388916,0.26150667667388916
[P66614]__[Cl]__R1234yf__313.15__0.49,HFC_all,Mreduced,R1234YF,HFO,P66614,CL,313.15,0.49,0.425,0.283188933134079,0.01389231113409933,0.141811066865921,0.26780903339385986,0.26780903339385986,0.3035605847835541,0.3035605847835541,0.28882652521133423,0.28882652521133423,0.27386391162872314,0.27386391162872314,0.2818846106529236,0.2818846106529236
[P66614]__[Cl]__R1234yf__313.15__0.552,HFC_all,Mreduced,R1234YF,HFO,P66614,CL,313.15,0.552,0.463,0.2999726593494415,0.01522036612729292,0.16302734065055852,0.2824643552303314,0.2824643552303314,0.3198130428791046,0.3198130428791046,0.30922889709472656,0.30922889709472656,0.28811079263687134,0.28811079263687134,0.3002462089061737,0.3002462089061737
[P66614]__[Cl]__R1234yf__313.15__0.615,HFC_all,Mreduced,R1234YF,HFO,P66614,CL,313.15,0.615,0.501,0.3163732707500458,0.016602673302060396,0.1846267292499542,0.29688775539398193,0.29688775539398193,0.3364519476890564,0.3364519476890564,0.3273133635520935,0.3273133635520935,0.30243465304374695,0.30243465304374695,0.3187786340713501,0.3187786340713501
[P66614]__[Cl]__R1234yf__313.15__0.686,HFC_all,Mreduced,R1234YF,HFO,P66614,CL,313.15,0.686,0.538,0.33461676836013793,0.01742355277350258,0.2033832316398621,0.31425702571868896,0.31425702571868896,0.35462236404418945,0.35462236404418945,0.3477381467819214,0.3477381467819214,0.31969189643859863,0.31969189643859863,0.33677440881729126,0.33677440881729126
[P66614]__[Cl]__R1234yf__323.15__0.084,HFC_all,Mreduced,R1234YF,HFO,P66614,CL,323.15,0.084,0.087,0.08838099539279938,0.007705299541119,0.0013809953927993862,0.08465153723955154,0.08465153723955154,0.096805639564991,0.096805639564991,0.07722196727991104,0.07722196727991104,0.0935087725520134,0.0935087725520134,0.08971706032752991,0.08971706032752991
[P66614]__[Cl]__R1234yf__323.15__0.175,HFC_all,Mreduced,R1234YF,HFO,P66614,CL,323.15,0.175,0.159,0.13058056086301803,0.00807688292005767,0.028419439136981972,0.12912307679653168,0.12912307679653168,0.14342445135116577,0.14342445135116577,0.12140015512704849,0.12140015512704849,0.1275879442691803,0.1275879442691803,0.13136717677116394,0.13136717677116394
[P66614]__[Cl]__R1234yf__323.15__0.244,HFC_all,Mreduced,R1234YF,HFO,P66614,CL,323.15,0.244,0.209,0.16092039346694947,0.008759073266253723,0.04807960653305052,0.1574801355600357,0.1574801355600357,0.1755644530057907,0.1755644530057907,0.1558709442615509,0.1558709442615509,0.15359076857566833,0.15359076857566833,0.16209566593170166,0.16209566593170166
[P66614]__[Cl]__R1234yf__323.15__0.319,HFC_all,Mreduced,R1234YF,HFO,P66614,CL,323.15,0.319,0.258,0.19085658192634583,0.010298967970633496,0.06714341807365418,0.18480750918388367,0.18480750918388367,0.208143949508667,0.208143949508667,0.18972548842430115,0.18972548842430115,0.18153253197669983,0.18153253197669983,0.1900734305381775,0.1900734305381775
[P66614]__[Cl]__R1234yf__323.15__0.389,HFC_all,Mreduced,R1234YF,HFO,P66614,CL,323.15,0.389,0.299,0.21509047150611876,0.01221122758313741,0.08390952849388122,0.20702461898326874,0.20702461898326874,0.235174298286438,0.235174298286438,0.21668510138988495,0.21668510138988495,0.20423176884651184,0.20423176884651184,0.21233657002449036,0.21233657002449036
[P66614]__[Cl]__R1234yf__323.15__0.453,HFC_all,Mreduced,R1234YF,HFO,P66614,CL,323.15,0.453,0.336,0.2348419040441513,0.012956511591372259,0.10115809595584871,0.22403894364833832,0.22403894364833832,0.2550044357776642,0.2550044357776642,0.23863622546195984,0.23863622546195984,0.2233995795249939,0.2233995795249939,0.2331303358078003,0.2331303358078003
[P66614]__[Cl]__R1234yf__323.15__0.522,HFC_all,Mreduced,R1234YF,HFO,P66614,CL,323.15,0.522,0.375,0.25268864929676055,0.01275852455004551,0.12231135070323945,0.24050535261631012,0.24050535261631012,0.27087756991386414,0.27087756991386414,0.2588891386985779,0.2588891386985779,0.2411583662033081,0.2411583662033081,0.25201281905174255,0.25201281905174255
[P66614]__[Cl]__R1234yf__323.15__0.589,HFC_all,Mreduced,R1234YF,HFO,P66614,CL,323.15,0.589,0.409,0.2682469129562378,0.013621951825470682,0.14075308704376216,0.25515425205230713,0.25515425205230713,0.28647926449775696,0.28647926449775696,0.2771031856536865,0.2771031856536865,0.2556804120540619,0.2556804120540619,0.26681745052337646,0.26681745052337646
[P66614]__[Cl]__R1234yf__323.15__0.659,HFC_all,Mreduced,R1234YF,HFO,P66614,CL,323.15,0.659,0.442,0.2835809111595154,0.014219655989268587,0.1584190888404846,0.26960062980651855,0.26960062980651855,0.3011414110660553,0.3011414110660553,0.2947242259979248,0.2947242259979248,0.27020207047462463,0.27020207047462463,0.2822362184524536,0.2822362184524536
[P66614]__[Cl]__R1234yf__323.15__0.737,HFC_all,Mreduced,R1234YF,HFO,P66614,CL,323.15,0.737,0.477,0.3013801574707031,0.014839072975492211,0.17561984252929685,0.28713393211364746,0.28713393211364746,0.318934828042984,0.318934828042984,0.31402653455734253,0.31402653455734253,0.28698161244392395,0.28698161244392395,0.2998238801956177,0.2998238801956177
[P66614]__[Cl]__R1234yf__333.15__0.088,HFC_all,Mreduced,R1234YF,HFO,P66614,CL,333.15,0.088,0.074,0.07949726432561874,0.007607757414036972,0.005497264325618742,0.07623215019702911,0.07623215019702911,0.08723922073841095,0.08723922073841095,0.06805786490440369,0.06805786490440369,0.0846836194396019,0.0846836194396019,0.08127346634864807,0.08127346634864807
[P66614]__[Cl]__R1234yf__333.15__0.184,HFC_all,Mreduced,R1234YF,HFO,P66614,CL,333.15,0.184,0.137,0.11677539497613906,0.007544624979550159,0.020224605023860948,0.11567456275224686,0.11567456275224686,0.12803038954734802,0.12803038954734802,0.10704396665096283,0.10704396665096283,0.1149815171957016,0.1149815171957016,0.11814653873443604,0.11814653873443604
[P66614]__[Cl]__R1234yf__333.15__0.256,HFC_all,Mreduced,R1234YF,HFO,P66614,CL,333.15,0.256,0.181,0.14396854043006896,0.00818839108272911,0.037031459569931036,0.14217258989810944,0.14217258989810944,0.15760941803455353,0.15760941803455353,0.1383303701877594,0.1383303701877594,0.13713359832763672,0.13713359832763672,0.14459672570228577,0.14459672570228577
[P66614]__[Cl]__R1234yf__333.15__0.336,HFC_all,Mreduced,R1234YF,HFO,P66614,CL,333.15,0.336,0.225,0.17052779197692872,0.010006239780589126,0.05447220802307129,0.16718780994415283,0.16718780994415283,0.18641963601112366,0.18641963601112366,0.1687411367893219,0.1687411367893219,0.15899473428726196,0.15899473428726196,0.1712956428527832,0.1712956428527832
[P66614]__[Cl]__R1234yf__333.15__0.41,HFC_all,Mreduced,R1234YF,HFO,P66614,CL,333.15,0.41,0.262,0.19255040884017943,0.012055043617556948,0.06944959115982058,0.1877916157245636,0.1877916157245636,0.21172085404396057,0.21172085404396057,0.19210192561149597,0.19210192561149597,0.1787329614162445,0.1787329614162445,0.19240468740463257,0.19240468740463257
[P66614]__[Cl]__R1234yf__333.15__0.478,HFC_all,Mreduced,R1234YF,HFO,P66614,CL,333.15,0.478,0.296,0.21006243228912352,0.012431064864742252,0.08593756771087646,0.20394544303417206,0.20394544303417206,0.22916555404663086,0.22916555404663086,0.2125142365694046,0.2125142365694046,0.1956128478050232,0.1956128478050232,0.20907407999038696,0.20907407999038696
[P66614]__[Cl]__R1234yf__333.15__0.552,HFC_all,Mreduced,R1234YF,HFO,P66614,CL,333.15,0.552,0.332,0.22672238945960999,0.01196775968767956,0.10527761054039003,0.21813516318798065,0.21813516318798065,0.24404177069664001,0.24404177069664001,0.23176859319210052,0.23176859319210052,0.21355539560317993,0.21355539560317993,0.2261110246181488,0.2261110246181488
[P66614]__[Cl]__R1234yf__333.15__0.624,HFC_all,Mreduced,R1234YF,HFO,P66614,CL,333.15,0.624,0.364,0.2413432776927948,0.011700033775326461,0.1226567223072052,0.23221264779567719,0.23221264779567719,0.25745871663093567,0.25745871663093567,0.2485455721616745,0.2485455721616745,0.22915181517601013,0.22915181517601013,0.2393476366996765,0.2393476366996765
[P66614]__[Cl]__R1234yf__333.15__0.698,HFC_all,Mreduced,R1234YF,HFO,P66614,CL,333.15,0.698,0.395,0.25551372170448305,0.011706296703891188,0.13948627829551696,0.24620047211647034,0.24620047211647034,0.2710976004600525,0.2710976004600525,0.26436132192611694,0.26436132192611694,0.2443493902683258,0.2443493902683258,0.2515598237514496,0.2515598237514496
[P66614]__[Cl]__R1234yf__333.15__0.783,HFC_all,Mreduced,R1234YF,HFO,P66614,CL,333.15,0.783,0.427,0.27294341325759885,0.012809615245382667,0.15405658674240114,0.2634534537792206,0.2634534537792206,0.28954043984413147,0.28954043984413147,0.2833970785140991,0.2833970785140991,0.26046469807624817,0.26046469807624817,0.26786139607429504,0.26786139607429504
[P66614]__[Cl]__R1234yf__343.15__0.092,HFC_all,Mreduced,R1234YF,HFO,P66614,CL,343.15,0.092,0.061,0.07195908948779106,0.0070295980678634845,0.010959089487791063,0.06907691061496735,0.06907691061496735,0.07875785231590271,0.07875785231590271,0.06140344217419624,0.06140344217419624,0.07747755199670792,0.07747755199670792,0.07307969033718109,0.07307969033718109
[P66614]__[Cl]__R1234yf__343.15__0.193,HFC_all,Mreduced,R1234YF,HFO,P66614,CL,343.15,0.193,0.118,0.10572612434625625,0.007324773272392277,0.012273875653743743,0.104453906416893,0.104453906416893,0.11600040644407272,0.11600040644407272,0.09561886638402939,0.09561886638402939,0.10475189238786697,0.10475189238786697,0.10780555009841919,0.10780555009841919
[P66614]__[Cl]__R1234yf__343.15__0.269,HFC_all,Mreduced,R1234YF,HFO,P66614,CL,343.15,0.269,0.158,0.13020257651805878,0.007637096970333188,0.027797423481941225,0.12850217521190643,0.12850217521190643,0.1425274908542633,0.1425274908542633,0.1239764392375946,0.1239764392375946,0.12412598729133606,0.12412598729133606,0.13188078999519348,0.13188078999519348
[P66614]__[Cl]__R1234yf__343.15__0.352,HFC_all,Mreduced,R1234YF,HFO,P66614,CL,343.15,0.352,0.198,0.15391192734241485,0.009347833454452972,0.04408807265758516,0.1517930030822754,0.1517930030822754,0.16836190223693848,0.16836190223693848,0.15139971673488617,0.15139971673488617,0.1426103115081787,0.1426103115081787,0.15539470314979553,0.15539470314979553
[P66614]__[Cl]__R1234yf__343.15__0.43,HFC_all,Mreduced,R1234YF,HFO,P66614,CL,343.15,0.43,0.23,0.17381712794303894,0.011829974982112083,0.05618287205696107,0.17009472846984863,0.17009472846984863,0.19202947616577148,0.19202947616577148,0.17232657968997955,0.17232657968997955,0.1593320220708847,0.1593320220708847,0.17530283331871033,0.17530283331871033
[P66614]__[Cl]__R1234yf__343.15__0.502,HFC_all,Mreduced,R1234YF,HFO,P66614,CL,343.15,0.502,0.262,0.18970929384231566,0.011879844253132085,0.07229070615768435,0.1859813779592514,0.1859813779592514,0.20773297548294067,0.20773297548294067,0.19028298556804657,0.19028298556804657,0.17469522356987,0.17469522356987,0.18985390663146973,0.18985390663146973
[P66614]__[Cl]__R1234yf__343.15__0.58,HFC_all,Mreduced,R1234YF,HFO,P66614,CL,343.15,0.58,0.296,0.20485212802886962,0.010882313828313136,0.09114787197113036,0.20034907758235931,0.20034907758235931,0.22072437405586243,0.22072437405586243,0.20822693407535553,0.20822693407535553,0.19110003113746643,0.19110003113746643,0.20386022329330444,0.20386022329330444
[P66614]__[Cl]__R1234yf__343.15__0.656,HFC_all,Mreduced,R1234YF,HFO,P66614,CL,343.15,0.656,0.325,0.21808929443359376,0.010101685450261959,0.10691070556640625,0.21280784904956818,0.21280784904956818,0.23254019021987915,0.23254019021987915,0.2232784479856491,0.2232784479856491,0.2063579559326172,0.2063579559326172,0.21546202898025513,0.21546202898025513
[P66614]__[Cl]__R1234yf__343.15__0.735,HFC_all,Mreduced,R1234YF,HFO,P66614,CL,343.15,0.735,0.355,0.2324921727180481,0.010386490601000803,0.12250782728195189,0.22670258581638336,0.22670258581638336,0.24738988280296326,0.24738988280296326,0.23882125318050385,0.23882125318050385,0.22187143564224243,0.22187143564224243,0.22767570614814758,0.22767570614814758
[P66614]__[Cl]__R1234yf__343.15__0.825,HFC_all,Mreduced,R1234YF,HFO,P66614,CL,343.15,0.825,0.384,0.2492990255355835,0.012127742414390167,0.1347009744644165,0.24269160628318787,0.24269160628318787,0.2665847837924957,0.2665847837924957,0.2573390603065491,0.2573390603065491,0.23820170760154724,0.23820170760154724,0.24167796969413757,0.24167796969413757
