sample_id,npy_idx,cation,anion,refrigerant,T_K,P_MPa,x1,pair,split_composite,split_star
[emim]__[Ac]__R32__303.15__0.0294,0,[emim],[Ac],R32,303.15,0.0294,0.0117,EMIM__AC,train,train
[emim]__[Ac]__R32__303.15__0.0928,1,[emim],[Ac],R32,303.15,0.0928,0.0444,EMIM__AC,train,train
[emim]__[Ac]__R32__303.15__0.2102,2,[emim],[Ac],R32,303.15,0.2102,0.1056,EMIM__AC,train,train
[emim]__[Ac]__R32__303.15__0.2507,3,[emim],[Ac],R32,303.15,0.2507,0.1223,EMIM__AC,train,train
[emim]__[Ac]__R32__303.15__0.3221,4,[emim],[Ac],R32,303.15,0.3221,0.1505,EMIM__AC,val,train
[emim]__[Ac]__R32__303.15__0.3539,5,[emim],[Ac],R32,303.15,0.3539,0.1633,EMIM__AC,train,train
[emim]__[Ac]__R32__303.15__0.4248,6,[emim],[Ac],R32,303.15,0.4248,0.1897,EMIM__AC,train,train
[emim]__[Ac]__R32__303.15__0.4277,7,[emim],[Ac],R32,303.15,0.4277,0.1899,EMIM__AC,train,train
[emim]__[Ac]__R32__303.15__0.5246,8,[emim],[Ac],R32,303.15,0.5246,0.2229,EMIM__AC,train,val
[emim]__[Ac]__R134a__303.15__0.0259,9,[emim],[Ac],R134a,303.15,0.0259,0.0111,EMIM__AC,train,train
[emim]__[Ac]__R134a__303.15__0.0503,10,[emim],[Ac],R134a,303.15,0.0503,0.0266,EMIM__AC,train,train
[emim]__[Ac]__R134a__303.15__0.0902,11,[emim],[Ac],R134a,303.15,0.0902,0.0455,EMIM__AC,train,train
[emim]__[Ac]__R134a__303.15__0.1477,12,[emim],[Ac],R134a,303.15,0.1477,0.0857,EMIM__AC,val,train
[emim]__[Ac]__R134a__303.15__0.2,13,[emim],[Ac],R134a,303.15,0.2,0.1115,EMIM__AC,train,train
[emim]__[Ac]__R134a__303.15__0.245,14,[emim],[Ac],R134a,303.15,0.245,0.1407,EMIM__AC,train,train
[emim]__[Ac]__R134a__303.15__0.2963,15,[emim],[Ac],R134a,303.15,0.2963,0.1662,EMIM__AC,train,train
[emim]__[Ac]__R134a__303.15__0.3454,16,[emim],[Ac],R134a,303.15,0.3454,0.1986,EMIM__AC,train,train
[emim]__[Ac]__R134a__303.15__0.4017,17,[emim],[Ac],R134a,303.15,0.4017,0.2288,EMIM__AC,train,train
[emim]__[Ac]__R134a__303.15__0.4545,18,[emim],[Ac],R134a,303.15,0.4545,0.2616,EMIM__AC,train,train
[emim]__[Ac]__R134a__303.15__0.5007,19,[emim],[Ac],R134a,303.15,0.5007,0.2851,EMIM__AC,train,train
[emim]__[Ac]__R125__303.15__0.0486,20,[emim],[Ac],R125,303.15,0.0486,0.0168,EMIM__AC,train,train
[emim]__[Ac]__R125__303.15__0.0956,21,[emim],[Ac],R125,303.15,0.0956,0.0465,EMIM__AC,train,train
[emim]__[Ac]__R125__303.15__0.1488,22,[emim],[Ac],R125,303.15,0.1488,0.0698,EMIM__AC,train,train
[emim]__[Ac]__R125__303.15__0.2054,23,[emim],[Ac],R125,303.15,0.2054,0.1062,EMIM__AC,train,train
[emim]__[Ac]__R125__303.15__0.2399,24,[emim],[Ac],R125,303.15,0.2399,0.1248,EMIM__AC,train,train
[emim]__[Ac]__R125__303.15__0.3034,25,[emim],[Ac],R125,303.15,0.3034,0.1724,EMIM__AC,val,train
[emim]__[Ac]__R125__303.15__0.3499,26,[emim],[Ac],R125,303.15,0.3499,0.2009,EMIM__AC,train,train
[emim]__[Ac]__R125__303.15__0.3969,27,[emim],[Ac],R125,303.15,0.3969,0.2399,EMIM__AC,train,train
[emim]__[Ac]__R125__303.15__0.4553,28,[emim],[Ac],R125,303.15,0.4553,0.2833,EMIM__AC,train,train
[emim]__[Ac]__R125__303.15__0.494,29,[emim],[Ac],R125,303.15,0.494,0.3067,EMIM__AC,train,val
[emim]__[BEI]__R32__283.15__0.0101,30,[emim],[BEI],R32,283.15,0.0101,0.0139999999999999,EMIM__BEI,train,train
[emim]__[BEI]__R32__283.15__0.1,31,[emim],[BEI],R32,283.15,0.1,0.145,EMIM__BEI,train,train
[emim]__[BEI]__R32__283.15__0.2495,32,[emim],[BEI],R32,283.15,0.2495,0.325,EMIM__BEI,train,train
[emim]__[BEI]__R32__283.15__0.3995,33,[emim],[BEI],R32,283.15,0.3995,0.47,EMIM__BEI,val,train
[emim]__[BEI]__R32__283.15__0.5496,34,[emim],[BEI],R32,283.15,0.5496,0.593,EMIM__BEI,train,train
[emim]__[BEI]__R32__283.15__0.6994,35,[emim],[BEI],R32,283.15,0.6994,0.703,EMIM__BEI,train,train
[emim]__[BEI]__R32__283.15__0.8505,36,[emim],[BEI],R32,283.15,0.8505,0.802,EMIM__BEI,train,train
[emim]__[BEI]__R32__298.15__0.0096,37,[emim],[BEI],R32,298.15,0.0096,0.01,EMIM__BEI,train,train
[emim]__[BEI]__R32__298.15__0.0997,38,[emim],[BEI],R32,298.15,0.0997,0.104,EMIM__BEI,train,train
[emim]__[BEI]__R32__298.15__0.2496,39,[emim],[BEI],R32,298.15,0.2496,0.238,EMIM__BEI,train,train
[emim]__[BEI]__R32__298.15__0.3996,40,[emim],[BEI],R32,298.15,0.3996,0.349,EMIM__BEI,train,train
[emim]__[BEI]__R32__298.15__0.5493,41,[emim],[BEI],R32,298.15,0.5493,0.445,EMIM__BEI,train,train
[emim]__[BEI]__R32__298.15__0.6993,42,[emim],[BEI],R32,298.15,0.6993,0.529,EMIM__BEI,train,train
[emim]__[BEI]__R32__298.15__0.8503,43,[emim],[BEI],R32,298.15,0.8503,0.603,EMIM__BEI,val,train
[emim]__[BEI]__R32__298.15__1.0005,44,[emim],[BEI],R32,298.15,1.0005,0.672,EMIM__BEI,train,train
[emim]__[BEI]__R32__323.15__0.01,45,[emim],[BEI],R32,323.15,0.01,0.004,EMIM__BEI,train,val
[emim]__[BEI]__R32__323.15__0.0997,46,[emim],[BEI],R32,323.15,0.0997,0.059,EMIM__BEI,train,train
[emim]__[BEI]__R32__323.15__0.2497,47,[emim],[BEI],R32,323.15,0.2497,0.146,EMIM__BEI,train,val
[emim]__[BEI]__R32__323.15__0.3996,48,[emim],[BEI],R32,323.15,0.3996,0.221,EMIM__BEI,train,val
[emim]__[BEI]__R32__323.15__0.5495,49,[emim],[BEI],R32,323.15,0.5495,0.288,EMIM__BEI,train,train
[emim]__[BEI]__R32__323.15__0.6995,50,[emim],[BEI],R32,323.15,0.6995,0.348,EMIM__BEI,train,train
[emim]__[BEI]__R32__323.15__0.8504,51,[emim],[BEI],R32,323.15,0.8504,0.4029999999999999,EMIM__BEI,train,train
[emim]__[BEI]__R32__323.15__0.9993,52,[emim],[BEI],R32,323.15,0.9993,0.4539999999999999,EMIM__BEI,train,train
[emim]__[BEI]__R32__348.05__0.0101,53,[emim],[BEI],R32,348.05,0.0101,0.001,EMIM__BEI,train,train
[emim]__[BEI]__R32__348.15__0.1,54,[emim],[BEI],R32,348.15,0.1,0.038,EMIM__BEI,train,train
[emim]__[BEI]__R32__348.05__0.2501,55,[emim],[BEI],R32,348.05,0.2501,0.095,EMIM__BEI,val,train
[emim]__[BEI]__R32__348.05__0.3992,56,[emim],[BEI],R32,348.05,0.3992,0.147,EMIM__BEI,train,train
[emim]__[BEI]__R32__348.05__0.5496,57,[emim],[BEI],R32,348.05,0.5496,0.196,EMIM__BEI,train,train
[emim]__[BEI]__R32__348.05__0.6996,58,[emim],[BEI],R32,348.05,0.6996,0.241,EMIM__BEI,train,train
[emim]__[BEI]__R32__348.05__0.8504,59,[emim],[BEI],R32,348.05,0.8504,0.283,EMIM__BEI,train,train
[emim]__[BEI]__R32__348.05__0.9994,60,[emim],[BEI],R32,348.05,0.9994,0.321,EMIM__BEI,train,train
[emim]__[BEI]__R134__283.149__0.01,61,[emim],[BEI],R134,283.149,0.01,0.039,EMIM__BEI,train,train
[emim]__[BEI]__R134__283.123__0.05,62,[emim],[BEI],R134,283.123,0.05,0.236,EMIM__BEI,train,train
[emim]__[BEI]__R134__283.132__0.1,63,[emim],[BEI],R134,283.13199999999995,0.1,0.43,EMIM__BEI,val,train
[emim]__[BEI]__R134__283.149__0.15,64,[emim],[BEI],R134,283.149,0.15,0.584,EMIM__BEI,train,train
[emim]__[BEI]__R134__283.123__0.2,65,[emim],[BEI],R134,283.123,0.2,0.708,EMIM__BEI,train,train
[emim]__[BEI]__R134__283.149__0.25,66,[emim],[BEI],R134,283.149,0.25,0.823,EMIM__BEI,train,train
[emim]__[BEI]__R134__283.192__0.3,67,[emim],[BEI],R134,283.19199999999995,0.3,0.98,EMIM__BEI,train,train
[emim]__[BEI]__R134__298.212__0.01,68,[emim],[BEI],R134,298.212,0.01,0.038,EMIM__BEI,train,train
[emim]__[BEI]__R134__298.154__0.05,69,[emim],[BEI],R134,298.154,0.05,0.169,EMIM__BEI,train,train
[emim]__[BEI]__R134__298.154__0.1,70,[emim],[BEI],R134,298.154,0.1,0.305,EMIM__BEI,train,val
[emim]__[BEI]__R134__298.187__0.15,71,[emim],[BEI],R134,298.18699999999995,0.15,0.417,EMIM__BEI,train,train
[emim]__[BEI]__R134__298.128__0.2,72,[emim],[BEI],R134,298.128,0.2,0.518,EMIM__BEI,val,train
[emim]__[BEI]__R134__298.145__0.25,73,[emim],[BEI],R134,298.145,0.25,0.606,EMIM__BEI,train,train
[emim]__[BEI]__R134__298.229__0.3,74,[emim],[BEI],R134,298.229,0.3,0.677,EMIM__BEI,train,train
[emim]__[BEI]__R134__298.103__0.35,75,[emim],[BEI],R134,298.10299999999995,0.35,0.735,EMIM__BEI,train,val
[emim]__[BEI]__R134__323.148__0.011,76,[emim],[BEI],R134,323.148,0.011,0.019,EMIM__BEI,train,train
[emim]__[BEI]__R134__323.173__0.05,77,[emim],[BEI],R134,323.173,0.05,0.086,EMIM__BEI,train,train
[emim]__[BEI]__R134__323.148__0.1,78,[emim],[BEI],R134,323.148,0.1,0.162,EMIM__BEI,train,val
[emim]__[BEI]__R134__323.14__0.15,79,[emim],[BEI],R134,323.14,0.15,0.232,EMIM__BEI,train,train
[emim]__[BEI]__R134__323.14__0.2,80,[emim],[BEI],R134,323.14,0.2,0.295,EMIM__BEI,train,val
[emim]__[BEI]__R134__323.132__0.25,81,[emim],[BEI],R134,323.13199999999995,0.25,0.355,EMIM__BEI,val,train
[emim]__[BEI]__R134__323.132__0.3,82,[emim],[BEI],R134,323.13199999999995,0.3,0.407,EMIM__BEI,train,train
[emim]__[BEI]__R134__323.148__0.349,83,[emim],[BEI],R134,323.148,0.349,0.46,EMIM__BEI,train,val
[emim]__[BEI]__R134__348.164__0.011,84,[emim],[BEI],R134,348.164,0.011,0.01,EMIM__BEI,train,train
[emim]__[BEI]__R134__348.148__0.05,85,[emim],[BEI],R134,348.148,0.05,0.048,EMIM__BEI,train,train
[emim]__[BEI]__R134__348.132__0.1,86,[emim],[BEI],R134,348.13199999999995,0.1,0.094,EMIM__BEI,train,train
[emim]__[BEI]__R134__348.123__0.15,87,[emim],[BEI],R134,348.123,0.15,0.136,EMIM__BEI,train,train
[emim]__[BEI]__R134__348.156__0.2,88,[emim],[BEI],R134,348.15599999999995,0.2,0.176,EMIM__BEI,train,train
[emim]__[BEI]__R134__348.156__0.25,89,[emim],[BEI],R134,348.15599999999995,0.25,0.215,EMIM__BEI,train,train
[emim]__[BEI]__R134__348.164__0.3,90,[emim],[BEI],R134,348.164,0.3,0.283,EMIM__BEI,train,train
[emim]__[BEI]__R134__348.14__0.35,91,[emim],[BEI],R134,348.14,0.35,0.371,EMIM__BEI,train,train
[emim]__[BEI]__R134a__283.1__0.0103,92,[emim],[BEI],R134a,283.1,0.0103,0.03,EMIM__BEI,train,train
[emim]__[BEI]__R134a__283.15__0.0504,93,[emim],[BEI],R134a,283.15,0.0504,0.1369999999999999,EMIM__BEI,train,train
[emim]__[BEI]__R134a__283.1__0.1003,94,[emim],[BEI],R134a,283.1,0.1003,0.258,EMIM__BEI,train,train
[emim]__[BEI]__R134a__283.15__0.1502,95,[emim],[BEI],R134a,283.15,0.1502,0.368,EMIM__BEI,train,train
[emim]__[BEI]__R134a__283.15__0.2001,96,[emim],[BEI],R134a,283.15,0.2001,0.473,EMIM__BEI,train,train
[emim]__[BEI]__R134a__283.1__0.2501,97,[emim],[BEI],R134a,283.1,0.2501,0.575,EMIM__BEI,val,train
[emim]__[BEI]__R134a__283.1__0.3004,98,[emim],[BEI],R134a,283.1,0.3004,0.6729999999999999,EMIM__BEI,train,train
[emim]__[BEI]__R134a__283.1__0.3505,99,[emim],[BEI],R134a,283.1,0.3505,0.795,EMIM__BEI,train,train
[emim]__[BEI]__R134a__298.05__0.0105,100,[emim],[BEI],R134a,298.05,0.0105,0.019,EMIM__BEI,train,train
[emim]__[BEI]__R134a__298.1__0.0505,101,[emim],[BEI],R134a,298.1,0.0505,0.086,EMIM__BEI,train,val
[emim]__[BEI]__R134a__298.1__0.1005,102,[emim],[BEI],R134a,298.1,0.1005,0.1639999999999999,EMIM__BEI,train,train
[emim]__[BEI]__R134a__298.1__0.1504,103,[emim],[BEI],R134a,298.1,0.1504,0.236,EMIM__BEI,train,train
[emim]__[BEI]__R134a__298.1__0.2004,104,[emim],[BEI],R134a,298.1,0.2004,0.305,EMIM__BEI,train,train
[emim]__[BEI]__R134a__298.1__0.2503,105,[emim],[BEI],R134a,298.1,0.2503,0.37,EMIM__BEI,val,train
[emim]__[BEI]__R134a__298.1__0.3004,106,[emim],[BEI],R134a,298.1,0.3004,0.432,EMIM__BEI,train,train
[emim]__[BEI]__R134a__298.05__0.3505,107,[emim],[BEI],R134a,298.05,0.3505,0.491,EMIM__BEI,train,train
[emim]__[BEI]__R134a__323.15__0.0105,108,[emim],[BEI],R134a,323.15,0.0105,0.011,EMIM__BEI,train,val
[emim]__[BEI]__R134a__323.15__0.0505,109,[emim],[BEI],R134a,323.15,0.0505,0.046,EMIM__BEI,train,train
[emim]__[BEI]__R134a__323.15__0.1004,110,[emim],[BEI],R134a,323.15,0.1004,0.089,EMIM__BEI,train,train
[emim]__[BEI]__R134a__323.15__0.1505,111,[emim],[BEI],R134a,323.15,0.1505,0.13,EMIM__BEI,train,train
[emim]__[BEI]__R134a__323.15__0.2004,112,[emim],[BEI],R134a,323.15,0.2004,0.1689999999999999,EMIM__BEI,train,train
[emim]__[BEI]__R134a__323.15__0.2503,113,[emim],[BEI],R134a,323.15,0.2503,0.207,EMIM__BEI,train,val
[emim]__[BEI]__R134a__323.15__0.3003,114,[emim],[BEI],R134a,323.15,0.3003,0.243,EMIM__BEI,train,train
[emim]__[BEI]__R134a__323.15__0.3504,115,[emim],[BEI],R134a,323.15,0.3504,0.278,EMIM__BEI,val,train
[emim]__[BEI]__R134a__348.1__0.0104,116,[emim],[BEI],R134a,348.1,0.0104,0.006,EMIM__BEI,train,val
[emim]__[BEI]__R134a__348.1__0.0506,117,[emim],[BEI],R134a,348.1,0.0506,0.027,EMIM__BEI,train,train
[emim]__[BEI]__R134a__348.1__0.1004,118,[emim],[BEI],R134a,348.1,0.1004,0.053,EMIM__BEI,train,train
[emim]__[BEI]__R134a__348.1__0.1504,119,[emim],[BEI],R134a,348.1,0.1504,0.079,EMIM__BEI,train,val
[emim]__[BEI]__R134a__348.1__0.2004,120,[emim],[BEI],R134a,348.1,0.2004,0.103,EMIM__BEI,train,train
[emim]__[BEI]__R134a__348.05__0.2496,121,[emim],[BEI],R134a,348.05,0.2496,0.126,EMIM__BEI,train,train
[emim]__[BEI]__R134a__348.1__0.3005,122,[emim],[BEI],R134a,348.1,0.3005,0.149,EMIM__BEI,train,train
[emim]__[BEI]__R134a__348.05__0.3503,123,[emim],[BEI],R134a,348.05,0.3503,0.171,EMIM__BEI,train,train
[emim]__[BF4]__R32__283.15__0.0379,124,[emim],[BF4],R32,283.15,0.0379,0.026,EMIM__BF4,test,train
[emim]__[BF4]__R32__283.15__0.251,125,[emim],[BF4],R32,283.15,0.251,0.1837,EMIM__BF4,test,train
[emim]__[BF4]__R32__283.15__0.3993,126,[emim],[BF4],R32,283.15,0.3993,0.2869,EMIM__BF4,test,train
[emim]__[BF4]__R32__283.15__0.5031,127,[emim],[BF4],R32,283.15,0.5031,0.3573,EMIM__BF4,test,train
[emim]__[BF4]__R32__283.15__0.5883,128,[emim],[BF4],R32,283.15,0.5883,0.4155,EMIM__BF4,test,train
[emim]__[BF4]__R32__283.15__0.6549,129,[emim],[BF4],R32,283.15,0.6549,0.46,EMIM__BF4,test,train
[emim]__[BF4]__R32__283.15__0.7079,130,[emim],[BF4],R32,283.15,0.7079,0.4962,EMIM__BF4,test,val
[emim]__[BF4]__R32__283.15__0.7509,131,[emim],[BF4],R32,283.15,0.7509,0.5245,EMIM__BF4,test,val
[emim]__[BF4]__R32__293.15__0.0369,132,[emim],[BF4],R32,293.15,0.0369,0.0212,EMIM__BF4,test,train
[emim]__[BF4]__R32__293.15__0.1769,133,[emim],[BF4],R32,293.15,0.1769,0.1012,EMIM__BF4,test,train
[emim]__[BF4]__R32__293.15__0.377,134,[emim],[BF4],R32,293.15,0.377,0.2099,EMIM__BF4,test,train
[emim]__[BF4]__R32__293.15__0.5156,135,[emim],[BF4],R32,293.15,0.5156,0.2817,EMIM__BF4,test,val
[emim]__[BF4]__R32__293.15__0.6391,136,[emim],[BF4],R32,293.15,0.6391,0.3443,EMIM__BF4,test,train
[emim]__[BF4]__R32__293.15__0.7524,137,[emim],[BF4],R32,293.15,0.7524,0.3993,EMIM__BF4,test,train
[emim]__[BF4]__R32__293.15__0.8753,138,[emim],[BF4],R32,293.15,0.8753,0.4582,EMIM__BF4,test,train
[emim]__[BF4]__R32__303.15__0.0459,139,[emim],[BF4],R32,303.15,0.0459,0.0164,EMIM__BF4,test,train
[emim]__[BF4]__R32__303.15__0.2353,140,[emim],[BF4],R32,303.15,0.2353,0.0961,EMIM__BF4,test,train
[emim]__[BF4]__R32__303.15__0.45,141,[emim],[BF4],R32,303.15,0.45,0.1831,EMIM__BF4,test,train
[emim]__[BF4]__R32__303.15__0.6267,142,[emim],[BF4],R32,303.15,0.6267,0.2499,EMIM__BF4,test,train
[emim]__[BF4]__R32__303.15__0.7504,143,[emim],[BF4],R32,303.15,0.7504,0.295,EMIM__BF4,test,train
[emim]__[BF4]__R32__303.15__0.8305,144,[emim],[BF4],R32,303.15,0.8305,0.3262,EMIM__BF4,test,train
[emim]__[BF4]__R32__313.15__0.0482,145,[emim],[BF4],R32,313.15,0.0482,0.0132,EMIM__BF4,test,train
[emim]__[BF4]__R32__313.15__0.1367,146,[emim],[BF4],R32,313.15,0.1367,0.0409,EMIM__BF4,test,train
[emim]__[BF4]__R32__313.15__0.2502,147,[emim],[BF4],R32,313.15,0.2502,0.0767,EMIM__BF4,test,val
[emim]__[BF4]__R32__313.15__0.4126,148,[emim],[BF4],R32,313.15,0.4126,0.1262,EMIM__BF4,test,train
[emim]__[BF4]__R32__313.15__0.6648,149,[emim],[BF4],R32,313.15,0.6648,0.1972,EMIM__BF4,test,train
[emim]__[BF4]__R32__313.15__0.8307,150,[emim],[BF4],R32,313.15,0.8307,0.2423,EMIM__BF4,test,train
[emim]__[BF4]__R32__323.15__0.0552,151,[emim],[BF4],R32,323.15,0.0552,0.014,EMIM__BF4,test,train
[emim]__[BF4]__R32__323.15__0.2468,152,[emim],[BF4],R32,323.15,0.2468,0.0617,EMIM__BF4,test,train
[emim]__[BF4]__R32__323.15__0.4939,153,[emim],[BF4],R32,323.15,0.4939,0.1162,EMIM__BF4,test,train
[emim]__[BF4]__R32__323.15__0.6768,154,[emim],[BF4],R32,323.15,0.6768,0.1551,EMIM__BF4,test,train
[emim]__[BF4]__R32__323.15__0.8639,155,[emim],[BF4],R32,323.15,0.8639,0.1926,EMIM__BF4,test,train
[emim]__[BF4]__R134a__283.15__0.0374,156,[emim],[BF4],R134a,283.15,0.0374,0.0213,EMIM__BF4,test,train
[emim]__[BF4]__R134a__283.15__0.1261,157,[emim],[BF4],R134a,283.15,0.1261,0.0888,EMIM__BF4,test,val
[emim]__[BF4]__R134a__283.15__0.1994,158,[emim],[BF4],R134a,283.15,0.1994,0.1538,EMIM__BF4,test,train
[emim]__[BF4]__R134a__283.15__0.2517,159,[emim],[BF4],R134a,283.15,0.2517,0.2073,EMIM__BF4,test,train
[emim]__[BF4]__R134a__283.15__0.2899,160,[emim],[BF4],R134a,283.15,0.2899,0.2519,EMIM__BF4,test,train
[emim]__[BF4]__R134a__283.15__0.3182,161,[emim],[BF4],R134a,283.15,0.3182,0.2885,EMIM__BF4,test,train
[emim]__[BF4]__R134a__283.15__0.34,162,[emim],[BF4],R134a,283.15,0.34,0.3204,EMIM__BF4,test,train
[emim]__[BF4]__R134a__283.15__0.3567,163,[emim],[BF4],R134a,283.15,0.3567,0.3473,EMIM__BF4,test,train
[emim]__[BF4]__R134a__283.15__0.3697,164,[emim],[BF4],R134a,283.15,0.3697,0.3713,EMIM__BF4,test,train
[emim]__[BF4]__R134a__283.15__0.3806,165,[emim],[BF4],R134a,283.15,0.3806,0.3915,EMIM__BF4,test,train
[emim]__[BF4]__R134a__283.15__0.389,166,[emim],[BF4],R134a,283.15,0.389,0.4096,EMIM__BF4,test,train
[emim]__[BF4]__R134a__283.15__0.3956,167,[emim],[BF4],R134a,283.15,0.3956,0.4266,EMIM__BF4,test,train
[emim]__[BF4]__R134a__293.15__0.043,168,[emim],[BF4],R134a,293.15,0.043,0.0185,EMIM__BF4,test,val
[emim]__[BF4]__R134a__293.15__0.1511,169,[emim],[BF4],R134a,293.15,0.1511,0.0761,EMIM__BF4,test,train
[emim]__[BF4]__R134a__293.15__0.2439,170,[emim],[BF4],R134a,293.15,0.2439,0.1323,EMIM__BF4,test,train
[emim]__[BF4]__R134a__293.15__0.3083,171,[emim],[BF4],R134a,293.15,0.3083,0.175,EMIM__BF4,test,train
[emim]__[BF4]__R134a__293.15__0.3525,172,[emim],[BF4],R134a,293.15,0.3525,0.2076,EMIM__BF4,test,train
[emim]__[BF4]__R134a__293.15__0.3866,173,[emim],[BF4],R134a,293.15,0.3866,0.2352,EMIM__BF4,test,train
[emim]__[BF4]__R134a__303.15__0.0473,174,[emim],[BF4],R134a,303.15,0.0473,0.0168,EMIM__BF4,test,train
[emim]__[BF4]__R134a__303.15__0.1574,175,[emim],[BF4],R134a,303.15,0.1574,0.0583,EMIM__BF4,test,train
[emim]__[BF4]__R134a__303.15__0.2685,176,[emim],[BF4],R134a,303.15,0.2685,0.1029,EMIM__BF4,test,train
[emim]__[BF4]__R134a__303.15__0.3402,177,[emim],[BF4],R134a,303.15,0.3402,0.1343,EMIM__BF4,test,train
[emim]__[BF4]__R134a__303.15__0.3952,178,[emim],[BF4],R134a,303.15,0.3952,0.1607,EMIM__BF4,test,val
[emim]__[BF4]__R134a__303.15__0.4335,179,[emim],[BF4],R134a,303.15,0.4335,0.1788,EMIM__BF4,test,train
[emim]__[BF4]__R134a__313.15__0.052,180,[emim],[BF4],R134a,313.15,0.052,0.0127,EMIM__BF4,test,train
[emim]__[BF4]__R134a__313.15__0.18,181,[emim],[BF4],R134a,313.15,0.18,0.0462,EMIM__BF4,test,train
[emim]__[BF4]__R134a__313.15__0.2905,182,[emim],[BF4],R134a,313.15,0.2905,0.077,EMIM__BF4,test,train
[emim]__[BF4]__R134a__313.15__0.3639,183,[emim],[BF4],R134a,313.15,0.3639,0.0988,EMIM__BF4,test,train
[emim]__[BF4]__R134a__313.15__0.4161,184,[emim],[BF4],R134a,313.15,0.4161,0.1139,EMIM__BF4,test,train
[emim]__[BF4]__R134a__313.15__0.4496,185,[emim],[BF4],R134a,313.15,0.4496,0.1245,EMIM__BF4,test,train
[emim]__[BF4]__R134a__323.15__0.052,186,[emim],[BF4],R134a,323.15,0.052,0.0104,EMIM__BF4,test,val
[emim]__[BF4]__R134a__323.15__0.1856,187,[emim],[BF4],R134a,323.15,0.1856,0.0361,EMIM__BF4,test,train
[emim]__[BF4]__R134a__323.15__0.3257,188,[emim],[BF4],R134a,323.15,0.3257,0.0634,EMIM__BF4,test,train
[emim]__[BF4]__R134a__323.15__0.4084,189,[emim],[BF4],R134a,323.15,0.4084,0.0805,EMIM__BF4,test,train
[emim]__[BF4]__R134a__323.15__0.459,190,[emim],[BF4],R134a,323.15,0.459,0.0918,EMIM__BF4,test,train
[emim]__[BF4]__R134a__323.15__0.4946,191,[emim],[BF4],R134a,323.15,0.4946,0.0986,EMIM__BF4,test,train
[emim]__[BF4]__R125__313.15__0.646,192,[emim],[BF4],R125,313.15,0.646,0.0773,EMIM__BF4,test,train
[emim]__[BF4]__R125__313.15__0.59,193,[emim],[BF4],R125,313.15,0.5900000000000001,0.0761,EMIM__BF4,test,train
[emim]__[BF4]__R125__313.15__0.538,194,[emim],[BF4],R125,313.15,0.538,0.0721,EMIM__BF4,test,train
[emim]__[BF4]__R125__313.15__0.468,195,[emim],[BF4],R125,313.15,0.4679999999999999,0.0624,EMIM__BF4,test,train
[emim]__[BF4]__R125__313.15__0.41,196,[emim],[BF4],R125,313.15,0.41,0.057,EMIM__BF4,test,train
[emim]__[BF4]__R125__313.15__0.33,197,[emim],[BF4],R125,313.15,0.3299999999999999,0.0459,EMIM__BF4,test,train
[emim]__[BF4]__R125__313.15__0.229,198,[emim],[BF4],R125,313.15,0.229,0.0335,EMIM__BF4,test,train
[emim]__[BF4]__R125__313.15__0.133,199,[emim],[BF4],R125,313.15,0.133,0.0223,EMIM__BF4,test,train
[emim]__[BF4]__R125__333.15__0.75,200,[emim],[BF4],R125,333.15,0.75,0.0565,EMIM__BF4,test,train
[emim]__[BF4]__R125__333.15__0.637,201,[emim],[BF4],R125,333.15,0.637,0.0512,EMIM__BF4,test,train
[emim]__[BF4]__R125__333.15__0.586,202,[emim],[BF4],R125,333.15,0.5860000000000001,0.0465,EMIM__BF4,test,train
[emim]__[BF4]__R125__333.15__0.516,203,[emim],[BF4],R125,333.15,0.516,0.0421,EMIM__BF4,test,train
[emim]__[BF4]__R125__333.15__0.392,204,[emim],[BF4],R125,333.15,0.392,0.0347,EMIM__BF4,test,train
[emim]__[BF4]__R125__333.15__0.293,205,[emim],[BF4],R125,333.15,0.293,0.0279,EMIM__BF4,test,train
[emim]__[BF4]__R125__333.15__0.18,206,[emim],[BF4],R125,333.15,0.18,0.0188,EMIM__BF4,test,train
[emim]__[BF4]__R125__333.15__0.096,207,[emim],[BF4],R125,333.15,0.096,0.0124,EMIM__BF4,test,train
[emim]__[BF4]__R125__353.15__0.835,208,[emim],[BF4],R125,353.15,0.835,0.0469,EMIM__BF4,test,train
[emim]__[BF4]__R125__353.15__0.739,209,[emim],[BF4],R125,353.15,0.739,0.0413,EMIM__BF4,test,val
[emim]__[BF4]__R125__353.15__0.603,210,[emim],[BF4],R125,353.15,0.603,0.038,EMIM__BF4,test,train
[emim]__[BF4]__R125__353.15__0.536,211,[emim],[BF4],R125,353.15,0.536,0.0321,EMIM__BF4,test,train
[emim]__[BF4]__R125__353.15__0.439,212,[emim],[BF4],R125,353.15,0.4389999999999999,0.0277,EMIM__BF4,test,train
[emim]__[BF4]__R125__353.15__0.345,213,[emim],[BF4],R125,353.15,0.345,0.0224,EMIM__BF4,test,train
[emim]__[BF4]__R125__353.15__0.21,214,[emim],[BF4],R125,353.15,0.21,0.0156,EMIM__BF4,test,train
[emim]__[BF4]__R125__353.15__0.132,215,[emim],[BF4],R125,353.15,0.132,0.0105,EMIM__BF4,test,train
[emim]__[BF4]__R125__353.15__0.072,216,[emim],[BF4],R125,353.15,0.072,0.0076,EMIM__BF4,test,train
[emim]__[OTf]__R32__273.21__0.101,217,[emim],[OTf],R32,273.21,0.101,0.123,EMIM__OTF,test,train
[emim]__[OTf]__R32__273.14__0.195,218,[emim],[OTf],R32,273.14,0.195,0.204,EMIM__OTF,test,train
[emim]__[OTf]__R32__273.15__0.297,219,[emim],[OTf],R32,273.15,0.297,0.285,EMIM__OTF,test,train
[emim]__[OTf]__R32__273.16__0.399,220,[emim],[OTf],R32,273.16,0.399,0.369,EMIM__OTF,test,train
[emim]__[OTf]__R32__273.16__0.494,221,[emim],[OTf],R32,273.16,0.494,0.446,EMIM__OTF,test,train
[emim]__[OTf]__R32__273.19__0.59,222,[emim],[OTf],R32,273.19,0.59,0.531,EMIM__OTF,test,train
[emim]__[OTf]__R32__273.16__0.692,223,[emim],[OTf],R32,273.16,0.692,0.63,EMIM__OTF,test,train
[emim]__[OTf]__R32__298.16__0.102,224,[emim],[OTf],R32,298.16,0.102,0.061,EMIM__OTF,test,train
[emim]__[OTf]__R32__298.14__0.204,225,[emim],[OTf],R32,298.14,0.204,0.116,EMIM__OTF,test,train
[emim]__[OTf]__R32__298.14__0.305,226,[emim],[OTf],R32,298.14,0.305,0.174,EMIM__OTF,test,train
[emim]__[OTf]__R32__298.15__0.397,227,[emim],[OTf],R32,298.15,0.397,0.224,EMIM__OTF,test,train
[emim]__[OTf]__R32__298.12__0.505,228,[emim],[OTf],R32,298.12,0.505,0.274,EMIM__OTF,test,train
[emim]__[OTf]__R32__298.16__0.603,229,[emim],[OTf],R32,298.16,0.603,0.321,EMIM__OTF,test,train
[emim]__[OTf]__R32__298.15__0.698,230,[emim],[OTf],R32,298.15,0.698,0.363,EMIM__OTF,test,train
[emim]__[OTf]__R32__298.16__0.799,231,[emim],[OTf],R32,298.16,0.799,0.407,EMIM__OTF,test,train
[emim]__[OTf]__R32__298.11__0.857,232,[emim],[OTf],R32,298.11,0.857,0.432,EMIM__OTF,test,train
[emim]__[OTf]__R32__323.13__0.097,233,[emim],[OTf],R32,323.13,0.097,0.039,EMIM__OTF,test,train
[emim]__[OTf]__R32__323.2__0.195,234,[emim],[OTf],R32,323.2,0.195,0.073,EMIM__OTF,test,train
[emim]__[OTf]__R32__323.2__0.303,235,[emim],[OTf],R32,323.2,0.303,0.109,EMIM__OTF,test,train
[emim]__[OTf]__R32__323.16__0.399,236,[emim],[OTf],R32,323.16,0.399,0.135,EMIM__OTF,test,train
[emim]__[OTf]__R32__323.14__0.501,237,[emim],[OTf],R32,323.14,0.501,0.171,EMIM__OTF,test,train
[emim]__[OTf]__R32__323.17__0.598,238,[emim],[OTf],R32,323.17,0.598,0.197,EMIM__OTF,test,train
[emim]__[OTf]__R32__348.14__0.107,239,[emim],[OTf],R32,348.14,0.107,0.029,EMIM__OTF,test,train
[emim]__[OTf]__R32__348.16__0.209,240,[emim],[OTf],R32,348.16,0.209,0.052,EMIM__OTF,test,train
[emim]__[OTf]__R32__348.16__0.311,241,[emim],[OTf],R32,348.16,0.311,0.075,EMIM__OTF,test,train
[emim]__[OTf]__R32__348.15__0.408,242,[emim],[OTf],R32,348.15,0.408,0.096,EMIM__OTF,test,train
[emim]__[OTf]__R32__348.15__0.51,243,[emim],[OTf],R32,348.15,0.51,0.114,EMIM__OTF,test,train
[emim]__[OTf]__R32__303.15__0.0402,244,[emim],[OTf],R32,303.15,0.0402,0.0229,EMIM__OTF,test,train
[emim]__[OTf]__R32__303.15__0.0902,245,[emim],[OTf],R32,303.15,0.0902,0.0526,EMIM__OTF,test,train
[emim]__[OTf]__R32__303.15__0.1536,246,[emim],[OTf],R32,303.15,0.1536,0.0889,EMIM__OTF,test,train
[emim]__[OTf]__R32__303.15__0.2307,247,[emim],[OTf],R32,303.15,0.2307,0.1309,EMIM__OTF,test,train
[emim]__[OTf]__R32__303.15__0.3117,248,[emim],[OTf],R32,303.15,0.3117,0.1723,EMIM__OTF,test,val
[emim]__[OTf]__R32__303.15__0.3908,249,[emim],[OTf],R32,303.15,0.3908,0.2136,EMIM__OTF,test,train
[emim]__[OTf]__R32__303.15__0.444,250,[emim],[OTf],R32,303.15,0.444,0.238,EMIM__OTF,test,train
[emim]__[OTf]__R32__303.15__0.5093,251,[emim],[OTf],R32,303.15,0.5093,0.2689,EMIM__OTF,test,train
[emim]__[OTf]__R32__298.15__0.0492,252,[emim],[OTf],R32,298.15,0.0492,0.0296,EMIM__OTF,test,val
[emim]__[OTf]__R32__298.15__0.0561,253,[emim],[OTf],R32,298.15,0.0561,0.0336,EMIM__OTF,test,train
[emim]__[OTf]__R32__298.15__0.1729,254,[emim],[OTf],R32,298.15,0.1729,0.1007,EMIM__OTF,test,train
[emim]__[OTf]__R32__298.15__0.2522,255,[emim],[OTf],R32,298.15,0.2522,0.1481,EMIM__OTF,test,train
[emim]__[OTf]__R32__298.15__0.3015,256,[emim],[OTf],R32,298.15,0.3015,0.1679,EMIM__OTF,test,train
[emim]__[OTf]__R32__298.15__0.4404,257,[emim],[OTf],R32,298.15,0.4404,0.2469,EMIM__OTF,test,val
[emim]__[OTf]__R152a__273.22__0.04,258,[emim],[OTf],R152a,273.22,0.04,0.049,EMIM__OTF,test,train
[emim]__[OTf]__R152a__273.24__0.074,259,[emim],[OTf],R152a,273.24,0.074,0.108,EMIM__OTF,test,train
[emim]__[OTf]__R152a__273.25__0.157,260,[emim],[OTf],R152a,273.25,0.157,0.269,EMIM__OTF,test,train
[emim]__[OTf]__R152a__273.16__0.198,261,[emim],[OTf],R152a,273.16,0.198,0.376,EMIM__OTF,test,train
[emim]__[OTf]__R152a__298.15__0.096,262,[emim],[OTf],R152a,298.15,0.096,0.066,EMIM__OTF,test,train
[emim]__[OTf]__R152a__298.15__0.173,263,[emim],[OTf],R152a,298.15,0.173,0.135,EMIM__OTF,test,train
[emim]__[OTf]__R152a__298.15__0.279,264,[emim],[OTf],R152a,298.15,0.279,0.255,EMIM__OTF,test,train
[emim]__[OTf]__R152a__298.14__0.386,265,[emim],[OTf],R152a,298.14,0.386,0.369,EMIM__OTF,test,train
[emim]__[OTf]__R152a__298.15__0.454,266,[emim],[OTf],R152a,298.15,0.454,0.452,EMIM__OTF,test,train
[emim]__[OTf]__R152a__323.14__0.116,267,[emim],[OTf],R152a,323.14,0.116,0.061,EMIM__OTF,test,train
[emim]__[OTf]__R152a__323.13__0.24,268,[emim],[OTf],R152a,323.13,0.24,0.143,EMIM__OTF,test,train
[emim]__[OTf]__R152a__323.15__0.314,269,[emim],[OTf],R152a,323.15,0.314,0.194,EMIM__OTF,test,train
[emim]__[OTf]__R152a__323.14__0.368,270,[emim],[OTf],R152a,323.14,0.368,0.226,EMIM__OTF,test,train
[emim]__[OTf]__R152a__323.16__0.447,271,[emim],[OTf],R152a,323.16,0.447,0.282,EMIM__OTF,test,train
[emim]__[OTf]__R152a__323.2__0.528,272,[emim],[OTf],R152a,323.2,0.528,0.332,EMIM__OTF,test,train
[emim]__[OTf]__R152a__323.14__0.756,273,[emim],[OTf],R152a,323.14,0.756,0.473,EMIM__OTF,test,train
[emim]__[OTf]__R152a__348.15__0.111,274,[emim],[OTf],R152a,348.15,0.111,0.048,EMIM__OTF,test,train
[emim]__[OTf]__R152a__348.14__0.204,275,[emim],[OTf],R152a,348.14,0.204,0.088,EMIM__OTF,test,train
[emim]__[OTf]__R152a__348.17__0.308,276,[emim],[OTf],R152a,348.17,0.308,0.14,EMIM__OTF,test,train
[emim]__[OTf]__R152a__348.17__0.423,277,[emim],[OTf],R152a,348.17,0.423,0.202,EMIM__OTF,test,train
[emim]__[OTf]__R152a__348.16__0.519,278,[emim],[OTf],R152a,348.16,0.519,0.259,EMIM__OTF,test,train
[emim]__[OTf]__R152a__348.16__0.645,279,[emim],[OTf],R152a,348.16,0.645,0.325,EMIM__OTF,test,train
[emim]__[OTf]__R152a__348.16__0.741,280,[emim],[OTf],R152a,348.16,0.741,0.371,EMIM__OTF,test,train
[emim]__[OTf]__R152a__348.16__0.848,281,[emim],[OTf],R152a,348.16,0.848,0.429,EMIM__OTF,test,train
[emim]__[OTf]__R134a__303.15__0.046,282,[emim],[OTf],R134a,303.15,0.046,0.0369,EMIM__OTF,test,val
[emim]__[OTf]__R134a__303.15__0.0852,283,[emim],[OTf],R134a,303.15,0.0852,0.0566,EMIM__OTF,test,train
[emim]__[OTf]__R134a__303.15__0.1498,284,[emim],[OTf],R134a,303.15,0.1498,0.1067,EMIM__OTF,test,train
[emim]__[OTf]__R134a__303.15__0.2079,285,[emim],[OTf],R134a,303.15,0.2079,0.1408,EMIM__OTF,test,val
[emim]__[OTf]__R134a__303.15__0.2548,286,[emim],[OTf],R134a,303.15,0.2548,0.1792,EMIM__OTF,test,train
[emim]__[OTf]__R134a__303.15__0.3089,287,[emim],[OTf],R134a,303.15,0.3089,0.2102,EMIM__OTF,test,train
[emim]__[OTf]__R134a__303.15__0.3468,288,[emim],[OTf],R134a,303.15,0.3468,0.2427,EMIM__OTF,test,train
[emim]__[OTf]__R134a__303.15__0.404,289,[emim],[OTf],R134a,303.15,0.404,0.278,EMIM__OTF,test,train
[emim]__[OTf]__R134a__303.15__0.4493,290,[emim],[OTf],R134a,303.15,0.4493,0.3167,EMIM__OTF,test,train
[emim]__[OTf]__R134a__303.15__0.4994,291,[emim],[OTf],R134a,303.15,0.4994,0.3518,EMIM__OTF,test,train
[emim]__[OTf]__R134a__283.15__0.0308,292,[emim],[OTf],R134a,283.15,0.0308,0.0381,EMIM__OTF,test,train
[emim]__[OTf]__R134a__283.15__0.0902,293,[emim],[OTf],R134a,283.15,0.0902,0.1151,EMIM__OTF,test,train
[emim]__[OTf]__R134a__283.15__0.1639,294,[emim],[OTf],R134a,283.15,0.1639,0.2133,EMIM__OTF,test,train
[emim]__[OTf]__R134a__283.15__0.2149,295,[emim],[OTf],R134a,283.15,0.2149,0.2842,EMIM__OTF,test,train
[emim]__[OTf]__R134a__283.15__0.2522,296,[emim],[OTf],R134a,283.15,0.2522,0.3392,EMIM__OTF,test,train
[emim]__[OTf]__R134a__283.15__0.2804,297,[emim],[OTf],R134a,283.15,0.2804,0.3833,EMIM__OTF,test,train
[emim]__[OTf]__R134a__283.15__0.3027,298,[emim],[OTf],R134a,283.15,0.3027,0.4208,EMIM__OTF,test,train
[emim]__[OTf]__R134a__293.15__0.0347,299,[emim],[OTf],R134a,293.15,0.0347,0.0298,EMIM__OTF,test,train
[emim]__[OTf]__R134a__293.15__0.1018,300,[emim],[OTf],R134a,293.15,0.1018,0.091,EMIM__OTF,test,train
[emim]__[OTf]__R134a__293.15__0.1921,301,[emim],[OTf],R134a,293.15,0.1921,0.1747,EMIM__OTF,test,train
[emim]__[OTf]__R134a__293.15__0.2557,302,[emim],[OTf],R134a,293.15,0.2557,0.2353,EMIM__OTF,test,train
[emim]__[OTf]__R134a__293.15__0.3029,303,[emim],[OTf],R134a,293.15,0.3029,0.2818,EMIM__OTF,test,train
[emim]__[OTf]__R134a__293.15__0.3369,304,[emim],[OTf],R134a,293.15,0.3369,0.3176,EMIM__OTF,test,train
[emim]__[OTf]__R134a__293.15__0.3653,305,[emim],[OTf],R134a,293.15,0.3653,0.3483,EMIM__OTF,test,train
[emim]__[OTf]__R134a__303.15__0.0396,306,[emim],[OTf],R134a,303.15,0.0396,0.0256,EMIM__OTF,test,train
[emim]__[OTf]__R134a__303.15__0.1109,307,[emim],[OTf],R134a,303.15,0.1109,0.072,EMIM__OTF,test,train
[emim]__[OTf]__R134a__303.15__0.2178,308,[emim],[OTf],R134a,303.15,0.2178,0.1403,EMIM__OTF,test,train
[emim]__[OTf]__R134a__303.15__0.2922,309,[emim],[OTf],R134a,303.15,0.2922,0.1891,EMIM__OTF,test,train
[emim]__[OTf]__R134a__303.15__0.3457,310,[emim],[OTf],R134a,303.15,0.3457,0.2254,EMIM__OTF,test,train
[emim]__[OTf]__R134a__303.15__0.3828,311,[emim],[OTf],R134a,303.15,0.3828,0.2513,EMIM__OTF,test,train
[emim]__[OTf]__R134a__313.15__0.0422,312,[emim],[OTf],R134a,313.15,0.0422,0.0193,EMIM__OTF,test,train
[emim]__[OTf]__R134a__313.15__0.1247,313,[emim],[OTf],R134a,313.15,0.1247,0.0574,EMIM__OTF,test,val
[emim]__[OTf]__R134a__313.15__0.2396,314,[emim],[OTf],R134a,313.15,0.2396,0.1096,EMIM__OTF,test,train
[emim]__[OTf]__R134a__313.15__0.3137,315,[emim],[OTf],R134a,313.15,0.3137,0.144,EMIM__OTF,test,train
[emim]__[OTf]__R134a__313.15__0.3674,316,[emim],[OTf],R134a,313.15,0.3674,0.1691,EMIM__OTF,test,train
[emim]__[OTf]__R134a__313.15__0.4049,317,[emim],[OTf],R134a,313.15,0.4049,0.1869,EMIM__OTF,test,train
[emim]__[OTf]__R134a__323.15__0.0513,318,[emim],[OTf],R134a,323.15,0.0513,0.0185,EMIM__OTF,test,train
[emim]__[OTf]__R134a__323.15__0.1392,319,[emim],[OTf],R134a,323.15,0.1392,0.05,EMIM__OTF,test,train
[emim]__[OTf]__R134a__323.15__0.2662,320,[emim],[OTf],R134a,323.15,0.2662,0.0942,EMIM__OTF,test,train
[emim]__[OTf]__R134a__323.15__0.3583,321,[emim],[OTf],R134a,323.15,0.3583,0.1257,EMIM__OTF,test,train
[emim]__[OTf]__R134a__323.15__0.4216,322,[emim],[OTf],R134a,323.15,0.4216,0.1475,EMIM__OTF,test,train
[emim]__[OTf]__R125__303.15__0.0245,323,[emim],[OTf],R125,303.15,0.0245,0.0068,EMIM__OTF,test,train
[emim]__[OTf]__R125__303.15__0.0792,324,[emim],[OTf],R125,303.15,0.0792,0.0211,EMIM__OTF,test,train
[emim]__[OTf]__R125__303.15__0.1503,325,[emim],[OTf],R125,303.15,0.1503,0.0434,EMIM__OTF,test,train
[emim]__[OTf]__R125__303.15__0.2262,326,[emim],[OTf],R125,303.15,0.2262,0.0639,EMIM__OTF,test,train
[emim]__[OTf]__R125__303.15__0.3126,327,[emim],[OTf],R125,303.15,0.3126,0.0938,EMIM__OTF,test,train
[emim]__[OTf]__R125__303.15__0.4432,328,[emim],[OTf],R125,303.15,0.4432,0.1371,EMIM__OTF,test,train
[emim]__[OTf]__R125__303.15__0.5087,329,[emim],[OTf],R125,303.15,0.5087,0.1579,EMIM__OTF,test,train
[emim]__[OTf]__R125__303.15__0.6173,330,[emim],[OTf],R125,303.15,0.6173,0.1904,EMIM__OTF,test,train
[emim]__[PF6]__R23__332.9__0.04997,331,[emim],[PF6],R23,332.9,0.04997,0.003,EMIM__PF6,train,train
[emim]__[PF6]__R23__332.9__0.09973,332,[emim],[PF6],R23,332.9,0.09973,0.007,EMIM__PF6,train,train
[emim]__[PF6]__R23__332.9__0.40026,333,[emim],[PF6],R23,332.9,0.40026,0.03,EMIM__PF6,train,train
[emim]__[PF6]__R23__332.9__0.69974,334,[emim],[PF6],R23,332.9,0.69974,0.053,EMIM__PF6,train,train
[emim]__[PF6]__R23__332.9__1.00001,335,[emim],[PF6],R23,332.9,1.00001,0.076,EMIM__PF6,train,train
[emim]__[PF6]__R23__333__1.2992,336,[emim],[PF6],R23,333.0,1.2992,0.098,EMIM__PF6,val,train
[emim]__[PF6]__R23__332.9__1.50002,337,[emim],[PF6],R23,332.9,1.50002,0.113,EMIM__PF6,train,train
[emim]__[PF6]__R23__332.9__1.9999,338,[emim],[PF6],R23,332.9,1.9999,0.151,EMIM__PF6,train,train
[emim]__[PF6]__R23__348__0.00965,339,[emim],[PF6],R23,348.0,0.00965,0.001,EMIM__PF6,train,train
[emim]__[PF6]__R23__347.9__0.04982,340,[emim],[PF6],R23,347.9,0.04982,0.002,EMIM__PF6,train,train
[emim]__[PF6]__R23__347.9__0.09998,341,[emim],[PF6],R23,347.9,0.09998,0.006,EMIM__PF6,val,train
[emim]__[PF6]__R23__347.9__0.40035,342,[emim],[PF6],R23,347.9,0.40035,0.024,EMIM__PF6,train,val
[emim]__[PF6]__R23__347.9__0.69933,343,[emim],[PF6],R23,347.9,0.69933,0.04,EMIM__PF6,train,val
[emim]__[PF6]__R23__347.9__1.00041,344,[emim],[PF6],R23,347.9,1.00041,0.057,EMIM__PF6,train,train
[emim]__[PF6]__R23__348__1.29969,345,[emim],[PF6],R23,348.0,1.29969,0.074,EMIM__PF6,train,train
[emim]__[PF6]__R23__347.9__1.50041,346,[emim],[PF6],R23,347.9,1.50041,0.083,EMIM__PF6,train,train
[emim]__[PF6]__R23__348__1.99939,347,[emim],[PF6],R23,348.0,1.99939,0.116,EMIM__PF6,train,val
[emim]__[PFBS]__R32__303.15__0.0283,348,[emim],[PFBS],R32,303.15,0.0283,0.0244,EMIM__PFBS,train,train
[emim]__[PFBS]__R32__303.15__0.053,349,[emim],[PFBS],R32,303.15,0.053,0.0478,EMIM__PFBS,train,train
[emim]__[PFBS]__R32__303.15__0.093,350,[emim],[PFBS],R32,303.15,0.093,0.0737,EMIM__PFBS,train,train
[emim]__[PFBS]__R32__303.15__0.1598,351,[emim],[PFBS],R32,303.15,0.1598,0.1246,EMIM__PFBS,val,train
[emim]__[PFBS]__R32__303.15__0.2071,352,[emim],[PFBS],R32,303.15,0.2071,0.1532,EMIM__PFBS,train,train
[emim]__[PFBS]__R32__303.15__0.2709,353,[emim],[PFBS],R32,303.15,0.2709,0.1983,EMIM__PFBS,train,train
[emim]__[PFBS]__R32__303.15__0.3246,354,[emim],[PFBS],R32,303.15,0.3246,0.2307,EMIM__PFBS,train,train
[emim]__[PFBS]__R32__303.15__0.3733,355,[emim],[PFBS],R32,303.15,0.3733,0.2606,EMIM__PFBS,train,train
[emim]__[PFBS]__R32__303.15__0.431,356,[emim],[PFBS],R32,303.15,0.431,0.291,EMIM__PFBS,train,train
[emim]__[PFBS]__R32__303.15__0.447,357,[emim],[PFBS],R32,303.15,0.447,0.3,EMIM__PFBS,train,train
[emim]__[PFBS]__R32__303.15__0.5025,358,[emim],[PFBS],R32,303.15,0.5025,0.3276,EMIM__PFBS,train,train
[emim]__[PFBS]__R134a__303.15__0.0155,359,[emim],[PFBS],R134a,303.15,0.0155,0.0271,EMIM__PFBS,train,train
[emim]__[PFBS]__R134a__303.15__0.0498,360,[emim],[PFBS],R134a,303.15,0.0498,0.0547,EMIM__PFBS,train,train
[emim]__[PFBS]__R134a__303.15__0.0599,361,[emim],[PFBS],R134a,303.15,0.0599,0.0789,EMIM__PFBS,train,train
[emim]__[PFBS]__R134a__303.15__0.0968,362,[emim],[PFBS],R134a,303.15,0.0968,0.0967,EMIM__PFBS,val,train
[emim]__[PFBS]__R134a__303.15__0.1319,363,[emim],[PFBS],R134a,303.15,0.1319,0.154,EMIM__PFBS,train,train
[emim]__[PFBS]__R134a__303.15__0.1921,364,[emim],[PFBS],R134a,303.15,0.1921,0.2138,EMIM__PFBS,train,train
[emim]__[PFBS]__R134a__303.15__0.2221,365,[emim],[PFBS],R134a,303.15,0.2221,0.2479,EMIM__PFBS,train,val
[emim]__[PFBS]__R134a__303.15__0.2697,366,[emim],[PFBS],R134a,303.15,0.2697,0.2872,EMIM__PFBS,train,train
[emim]__[PFBS]__R134a__303.15__0.3134,367,[emim],[PFBS],R134a,303.15,0.3134,0.329,EMIM__PFBS,train,train
[emim]__[PFBS]__R134a__303.15__0.3509,368,[emim],[PFBS],R134a,303.15,0.3509,0.3588,EMIM__PFBS,train,train
[emim]__[PFBS]__R134a__303.15__0.4466,369,[emim],[PFBS],R134a,303.15,0.4466,0.4422,EMIM__PFBS,train,train
[emim]__[PFBS]__R134a__303.15__0.4928,370,[emim],[PFBS],R134a,303.15,0.4928,0.4791,EMIM__PFBS,train,train
[emim]__[PFBS]__R125__303.15__0.0266,371,[emim],[PFBS],R125,303.15,0.0266,0.0284,EMIM__PFBS,train,train
[emim]__[PFBS]__R125__303.15__0.063,372,[emim],[PFBS],R125,303.15,0.063,0.042,EMIM__PFBS,train,train
[emim]__[PFBS]__R125__303.15__0.0907,373,[emim],[PFBS],R125,303.15,0.0907,0.0727,EMIM__PFBS,train,train
[emim]__[PFBS]__R125__303.15__0.1576,374,[emim],[PFBS],R125,303.15,0.1576,0.111,EMIM__PFBS,val,train
[emim]__[PFBS]__R125__303.15__0.2241,375,[emim],[PFBS],R125,303.15,0.2241,0.1606,EMIM__PFBS,train,train
[emim]__[PFBS]__R125__303.15__0.2715,376,[emim],[PFBS],R125,303.15,0.2715,0.1893,EMIM__PFBS,train,train
[emim]__[PFBS]__R125__303.15__0.3532,377,[emim],[PFBS],R125,303.15,0.3532,0.2432,EMIM__PFBS,train,train
[emim]__[PFBS]__R125__303.15__0.4345,378,[emim],[PFBS],R125,303.15,0.4345,0.2891,EMIM__PFBS,train,train
[emim]__[PFBS]__R125__303.15__0.4853,379,[emim],[PFBS],R125,303.15,0.4853,0.3188,EMIM__PFBS,train,val
[emim]__[PFBS]__R125__303.15__0.6084,380,[emim],[PFBS],R125,303.15,0.6084,0.3835,EMIM__PFBS,train,train
[emim]__[PFP]__R32__303.15__0.0402,381,[emim],[PFP],R32,303.15,0.0402,0.0315,EMIM__PFP,train,train
[emim]__[PFP]__R32__303.15__0.0902,382,[emim],[PFP],R32,303.15,0.0902,0.0703,EMIM__PFP,train,train
[emim]__[PFP]__R32__303.15__0.1536,383,[emim],[PFP],R32,303.15,0.1536,0.118,EMIM__PFP,train,train
[emim]__[PFP]__R32__303.15__0.2307,384,[emim],[PFP],R32,303.15,0.2307,0.1669,EMIM__PFP,train,train
[emim]__[PFP]__R32__303.15__0.3117,385,[emim],[PFP],R32,303.15,0.3117,0.2179,EMIM__PFP,val,train
[emim]__[PFP]__R32__303.15__0.3908,386,[emim],[PFP],R32,303.15,0.3908,0.268,EMIM__PFP,train,train
[emim]__[PFP]__R32__303.15__0.444,387,[emim],[PFP],R32,303.15,0.444,0.2948,EMIM__PFP,train,train
[emim]__[PFP]__R32__303.15__0.5093,388,[emim],[PFP],R32,303.15,0.5093,0.3299,EMIM__PFP,train,train
[emim]__[PFP]__R134a__303.15__0.046,389,[emim],[PFP],R134a,303.15,0.046,0.0674,EMIM__PFP,train,train
[emim]__[PFP]__R134a__303.15__0.0852,390,[emim],[PFP],R134a,303.15,0.0852,0.1045,EMIM__PFP,train,train
[emim]__[PFP]__R134a__303.15__0.1498,391,[emim],[PFP],R134a,303.15,0.1498,0.1932,EMIM__PFP,train,train
[emim]__[PFP]__R134a__303.15__0.2079,392,[emim],[PFP],R134a,303.15,0.2079,0.2458,EMIM__PFP,train,val
[emim]__[PFP]__R134a__303.15__0.2548,393,[emim],[PFP],R134a,303.15,0.2548,0.302,EMIM__PFP,train,train
[emim]__[PFP]__R134a__303.15__0.3089,394,[emim],[PFP],R134a,303.15,0.3089,0.3477,EMIM__PFP,train,train
[emim]__[PFP]__R134a__303.15__0.3468,395,[emim],[PFP],R134a,303.15,0.3468,0.39,EMIM__PFP,train,val
[emim]__[PFP]__R134a__303.15__0.404,396,[emim],[PFP],R134a,303.15,0.404,0.4371,EMIM__PFP,val,train
[emim]__[PFP]__R134a__303.15__0.4493,397,[emim],[PFP],R134a,303.15,0.4493,0.4855,EMIM__PFP,train,train
[emim]__[PFP]__R134a__303.15__0.4994,398,[emim],[PFP],R134a,303.15,0.4994,0.5277,EMIM__PFP,train,train
[emim]__[PFP]__R125__303.15__0.0245,399,[emim],[PFP],R125,303.15,0.0245,0.0266,EMIM__PFP,train,train
[emim]__[PFP]__R125__303.15__0.0792,400,[emim],[PFP],R125,303.15,0.0792,0.0716,EMIM__PFP,train,train
[emim]__[PFP]__R125__303.15__0.1503,401,[emim],[PFP],R125,303.15,0.1503,0.1447,EMIM__PFP,train,train
[emim]__[PFP]__R125__303.15__0.2262,402,[emim],[PFP],R125,303.15,0.2262,0.1971,EMIM__PFP,train,train
[emim]__[PFP]__R125__303.15__0.3126,403,[emim],[PFP],R125,303.15,0.3126,0.2676,EMIM__PFP,train,train
[emim]__[PFP]__R125__303.15__0.4432,404,[emim],[PFP],R125,303.15,0.4432,0.3491,EMIM__PFP,train,train
[emim]__[PFP]__R125__303.15__0.5087,405,[emim],[PFP],R125,303.15,0.5087,0.3942,EMIM__PFP,train,train
[emim]__[PFP]__R125__303.15__0.6173,406,[emim],[PFP],R125,303.15,0.6173,0.4548,EMIM__PFP,val,train
[emim]__[SCN]__R32__283.15__0.0719,407,[emim],[SCN],R32,283.15,0.0719,0.0248,EMIM__SCN,val,train
[emim]__[SCN]__R32__283.15__0.1752,408,[emim],[SCN],R32,283.15,0.1752,0.066,EMIM__SCN,train,val
[emim]__[SCN]__R32__283.15__0.3009,409,[emim],[SCN],R32,283.15,0.3009,0.1198,EMIM__SCN,train,train
[emim]__[SCN]__R32__283.15__0.4467,410,[emim],[SCN],R32,283.15,0.4467,0.1793,EMIM__SCN,train,train
[emim]__[SCN]__R32__283.15__0.5994,411,[emim],[SCN],R32,283.15,0.5994,0.2411,EMIM__SCN,train,train
[emim]__[SCN]__R32__293.15__0.073,412,[emim],[SCN],R32,293.15,0.073,0.0223,EMIM__SCN,train,train
[emim]__[SCN]__R32__293.15__0.1861,413,[emim],[SCN],R32,293.15,0.1861,0.0575,EMIM__SCN,train,train
[emim]__[SCN]__R32__293.15__0.313,414,[emim],[SCN],R32,293.15,0.313,0.0993,EMIM__SCN,train,train
[emim]__[SCN]__R32__293.15__0.4527,415,[emim],[SCN],R32,293.15,0.4527,0.1454,EMIM__SCN,train,val
[emim]__[SCN]__R32__293.15__0.6012,416,[emim],[SCN],R32,293.15,0.6012,0.1892,EMIM__SCN,train,train
[emim]__[SCN]__R32__303.15__0.0578,417,[emim],[SCN],R32,303.15,0.0578,0.013,EMIM__SCN,train,train
[emim]__[SCN]__R32__303.15__0.1353,418,[emim],[SCN],R32,303.15,0.1353,0.0325,EMIM__SCN,train,train
[emim]__[SCN]__R32__303.15__0.2303,419,[emim],[SCN],R32,303.15,0.2303,0.0557,EMIM__SCN,train,train
[emim]__[SCN]__R32__303.15__0.3392,420,[emim],[SCN],R32,303.15,0.3392,0.0831,EMIM__SCN,train,train
[emim]__[SCN]__R32__303.15__0.4589,421,[emim],[SCN],R32,303.15,0.4589,0.1123,EMIM__SCN,val,train
[emim]__[SCN]__R32__303.15__0.5976,422,[emim],[SCN],R32,303.15,0.5976,0.1445,EMIM__SCN,train,val
[emim]__[SCN]__R32__303.15__0.7396,423,[emim],[SCN],R32,303.15,0.7396,0.1783,EMIM__SCN,train,train
[emim]__[SCN]__R32__313.15__0.0726,424,[emim],[SCN],R32,313.15,0.0726,0.015,EMIM__SCN,train,train
[emim]__[SCN]__R32__313.15__0.1876,425,[emim],[SCN],R32,313.15,0.1876,0.0374,EMIM__SCN,train,train
[emim]__[SCN]__R32__313.15__0.3231,426,[emim],[SCN],R32,313.15,0.3231,0.0645,EMIM__SCN,train,train
[emim]__[SCN]__R32__313.15__0.4722,427,[emim],[SCN],R32,313.15,0.4722,0.0937,EMIM__SCN,train,train
[emim]__[SCN]__R32__313.15__0.6322,428,[emim],[SCN],R32,313.15,0.6322,0.1225,EMIM__SCN,train,train
[emim]__[SCN]__R134a__283.15__0.0683,429,[emim],[SCN],R134a,283.15,0.0683,0.0174,EMIM__SCN,train,train
[emim]__[SCN]__R134a__283.15__0.143,430,[emim],[SCN],R134a,283.15,0.143,0.0399,EMIM__SCN,train,train
[emim]__[SCN]__R134a__283.15__0.2237,431,[emim],[SCN],R134a,283.15,0.2237,0.0653,EMIM__SCN,train,train
[emim]__[SCN]__R134a__283.15__0.3218,432,[emim],[SCN],R134a,283.15,0.3218,0.0964,EMIM__SCN,val,train
[emim]__[SCN]__R134a__283.15__0.4072,433,[emim],[SCN],R134a,283.15,0.4072,0.1276,EMIM__SCN,train,train
[emim]__[SCN]__R134a__293.15__0.0648,434,[emim],[SCN],R134a,293.15,0.0648,0.0133,EMIM__SCN,val,val
[emim]__[SCN]__R134a__293.15__0.1476,435,[emim],[SCN],R134a,293.15,0.1476,0.0309,EMIM__SCN,train,val
[emim]__[SCN]__R134a__293.15__0.2314,436,[emim],[SCN],R134a,293.15,0.2314,0.0501,EMIM__SCN,train,train
[emim]__[SCN]__R134a__293.15__0.3217,437,[emim],[SCN],R134a,293.15,0.3217,0.0705,EMIM__SCN,train,train
[emim]__[SCN]__R134a__293.15__0.423,438,[emim],[SCN],R134a,293.15,0.423,0.0961,EMIM__SCN,train,train
[emim]__[SCN]__R134a__303.15__0.0683,439,[emim],[SCN],R134a,303.15,0.0683,0.0102,EMIM__SCN,val,train
[emim]__[SCN]__R134a__303.15__0.1513,440,[emim],[SCN],R134a,303.15,0.1513,0.0228,EMIM__SCN,train,train
[emim]__[SCN]__R134a__303.15__0.2387,441,[emim],[SCN],R134a,303.15,0.2387,0.0375,EMIM__SCN,train,train
[emim]__[SCN]__R134a__303.15__0.3418,442,[emim],[SCN],R134a,303.15,0.3418,0.0532,EMIM__SCN,train,train
[emim]__[SCN]__R134a__303.15__0.4342,443,[emim],[SCN],R134a,303.15,0.4342,0.0705,EMIM__SCN,train,train
[emim]__[SCN]__R134a__313.15__0.0683,444,[emim],[SCN],R134a,313.15,0.0683,0.0071,EMIM__SCN,train,train
[emim]__[SCN]__R134a__313.15__0.1556,445,[emim],[SCN],R134a,313.15,0.1556,0.0169,EMIM__SCN,train,train
[emim]__[SCN]__R134a__313.15__0.2429,446,[emim],[SCN],R134a,313.15,0.2429,0.0266,EMIM__SCN,train,train
[emim]__[SCN]__R134a__313.15__0.3279,447,[emim],[SCN],R134a,313.15,0.3279,0.0346,EMIM__SCN,train,train
[emim]__[SCN]__R134a__313.15__0.4329,448,[emim],[SCN],R134a,313.15,0.4329,0.0468,EMIM__SCN,train,train
[emim]__[Tf2N]__R41__288.15__0.10512,449,[emim],[Tf2N],R41,288.15,0.10512,0.05714,EMIM__TF2N,train,train
[emim]__[Tf2N]__R41__293.43__0.10367,450,[emim],[Tf2N],R41,293.43,0.10367,0.04863,EMIM__TF2N,train,train
[emim]__[Tf2N]__R41__298.19__0.10493,451,[emim],[Tf2N],R41,298.19,0.10493,0.04624,EMIM__TF2N,train,train
[emim]__[Tf2N]__R41__303.17__0.10128,452,[emim],[Tf2N],R41,303.17,0.10128,0.04015,EMIM__TF2N,train,val
[emim]__[Tf2N]__R41__308.19__0.10763,453,[emim],[Tf2N],R41,308.19,0.10763,0.03988,EMIM__TF2N,train,train
[emim]__[Tf2N]__R32__283.15__0.0102,454,[emim],[Tf2N],R32,283.15,0.0102,0.0139999999999999,EMIM__TF2N,train,train
[emim]__[Tf2N]__R32__283.15__0.1001,455,[emim],[Tf2N],R32,283.15,0.1001,0.136,EMIM__TF2N,train,train
[emim]__[Tf2N]__R32__283.15__0.2503,456,[emim],[Tf2N],R32,283.15,0.2503,0.306,EMIM__TF2N,train,train
[emim]__[Tf2N]__R32__283.15__0.3993,457,[emim],[Tf2N],R32,283.15,0.3993,0.4479999999999999,EMIM__TF2N,train,train
[emim]__[Tf2N]__R32__283.15__0.5493,458,[emim],[Tf2N],R32,283.15,0.5493,0.57,EMIM__TF2N,train,train
[emim]__[Tf2N]__R32__283.15__0.7004,459,[emim],[Tf2N],R32,283.15,0.7004,0.672,EMIM__TF2N,train,train
[emim]__[Tf2N]__R32__283.15__0.8494,460,[emim],[Tf2N],R32,283.15,0.8494,0.7859999999999999,EMIM__TF2N,train,train
[emim]__[Tf2N]__R32__298.15__0.0096,461,[emim],[Tf2N],R32,298.15,0.0096,0.01,EMIM__TF2N,train,train
[emim]__[Tf2N]__R32__298.15__0.0998,462,[emim],[Tf2N],R32,298.15,0.0998,0.095,EMIM__TF2N,train,train
[emim]__[Tf2N]__R32__298.15__0.2502,463,[emim],[Tf2N],R32,298.15,0.2502,0.218,EMIM__TF2N,train,train
[emim]__[Tf2N]__R32__298.15__0.3994,464,[emim],[Tf2N],R32,298.15,0.3994,0.325,EMIM__TF2N,val,train
[emim]__[Tf2N]__R32__298.15__0.5494,465,[emim],[Tf2N],R32,298.15,0.5494,0.417,EMIM__TF2N,train,train
[emim]__[Tf2N]__R32__298.15__0.6995,466,[emim],[Tf2N],R32,298.15,0.6995,0.499,EMIM__TF2N,train,train
[emim]__[Tf2N]__R32__298.15__0.8495,467,[emim],[Tf2N],R32,298.15,0.8495,0.57,EMIM__TF2N,train,train
[emim]__[Tf2N]__R32__298.15__0.9997,468,[emim],[Tf2N],R32,298.15,0.9997,0.643,EMIM__TF2N,train,train
[emim]__[Tf2N]__R32__323.15__0.0102,469,[emim],[Tf2N],R32,323.15,0.0102,0.005,EMIM__TF2N,train,train
[emim]__[Tf2N]__R32__323.15__0.1003,470,[emim],[Tf2N],R32,323.15,0.1003,0.055,EMIM__TF2N,train,val
[emim]__[Tf2N]__R32__323.15__0.2497,471,[emim],[Tf2N],R32,323.15,0.2497,0.133,EMIM__TF2N,train,train
[emim]__[Tf2N]__R32__323.15__0.4001,472,[emim],[Tf2N],R32,323.15,0.4001,0.2,EMIM__TF2N,val,train
[emim]__[Tf2N]__R32__323.15__0.5495,473,[emim],[Tf2N],R32,323.15,0.5495,0.264,EMIM__TF2N,train,train
[emim]__[Tf2N]__R32__323.15__0.7003,474,[emim],[Tf2N],R32,323.15,0.7003,0.32,EMIM__TF2N,train,train
[emim]__[Tf2N]__R32__323.15__0.8504,475,[emim],[Tf2N],R32,323.15,0.8504,0.368,EMIM__TF2N,train,train
[emim]__[Tf2N]__R32__323.15__1.0004,476,[emim],[Tf2N],R32,323.15,1.0004,0.417,EMIM__TF2N,train,train
[emim]__[Tf2N]__R32__348.05__0.0103,477,[emim],[Tf2N],R32,348.05,0.0103,0.002,EMIM__TF2N,train,train
[emim]__[Tf2N]__R32__348.05__0.0998,478,[emim],[Tf2N],R32,348.05,0.0998,0.034,EMIM__TF2N,train,train
[emim]__[Tf2N]__R32__348.05__0.2497,479,[emim],[Tf2N],R32,348.05,0.2497,0.084,EMIM__TF2N,train,val
[emim]__[Tf2N]__R32__348.05__0.3995,480,[emim],[Tf2N],R32,348.05,0.3995,0.131,EMIM__TF2N,train,train
[emim]__[Tf2N]__R32__348.05__0.5503,481,[emim],[Tf2N],R32,348.05,0.5503,0.175,EMIM__TF2N,train,train
[emim]__[Tf2N]__R32__348.05__0.6992,482,[emim],[Tf2N],R32,348.05,0.6992,0.216,EMIM__TF2N,train,train
[emim]__[Tf2N]__R32__348.05__0.8504,483,[emim],[Tf2N],R32,348.05,0.8504,0.254,EMIM__TF2N,train,train
[emim]__[Tf2N]__R32__348.05__1.0005,484,[emim],[Tf2N],R32,348.05,1.0005,0.288,EMIM__TF2N,train,train
[emim]__[Tf2N]__R32__288.11__0.1028,485,[emim],[Tf2N],R32,288.11,0.1028,0.1135,EMIM__TF2N,train,train
[emim]__[Tf2N]__R32__293.56__0.10203,486,[emim],[Tf2N],R32,293.56,0.10203,0.09844,EMIM__TF2N,train,train
[emim]__[Tf2N]__R32__298.33__0.1028,487,[emim],[Tf2N],R32,298.33,0.1028,0.09025,EMIM__TF2N,val,val
[emim]__[Tf2N]__R32__303.27__0.10447,488,[emim],[Tf2N],R32,303.27,0.10447,0.07982,EMIM__TF2N,train,train
[emim]__[Tf2N]__R32__308.19__0.10443,489,[emim],[Tf2N],R32,308.19,0.10443,0.0715,EMIM__TF2N,val,train
[emim]__[Tf2N]__R32__303.15__0.0283,490,[emim],[Tf2N],R32,303.15,0.0283,0.0228,EMIM__TF2N,val,train
[emim]__[Tf2N]__R32__303.15__0.053,491,[emim],[Tf2N],R32,303.15,0.053,0.0435,EMIM__TF2N,train,train
[emim]__[Tf2N]__R32__303.15__0.093,492,[emim],[Tf2N],R32,303.15,0.093,0.0686,EMIM__TF2N,train,train
[emim]__[Tf2N]__R32__303.15__0.1598,493,[emim],[Tf2N],R32,303.15,0.1598,0.1187,EMIM__TF2N,train,train
[emim]__[Tf2N]__R32__303.15__0.2071,494,[emim],[Tf2N],R32,303.15,0.2071,0.1479,EMIM__TF2N,train,train
[emim]__[Tf2N]__R32__303.15__0.2709,495,[emim],[Tf2N],R32,303.15,0.2709,0.1918,EMIM__TF2N,train,train
[emim]__[Tf2N]__R32__303.15__0.3246,496,[emim],[Tf2N],R32,303.15,0.3246,0.2226,EMIM__TF2N,train,train
[emim]__[Tf2N]__R32__303.15__0.3733,497,[emim],[Tf2N],R32,303.15,0.3733,0.2537,EMIM__TF2N,train,train
[emim]__[Tf2N]__R32__303.15__0.431,498,[emim],[Tf2N],R32,303.15,0.431,0.2843,EMIM__TF2N,train,train
[emim]__[Tf2N]__R32__303.15__0.447,499,[emim],[Tf2N],R32,303.15,0.447,0.2948,EMIM__TF2N,train,train
[emim]__[Tf2N]__R32__303.15__0.5025,500,[emim],[Tf2N],R32,303.15,0.5025,0.3225,EMIM__TF2N,train,val
[emim]__[Tf2N]__R32__303.15__0.024,501,[emim],[Tf2N],R32,303.15,0.024,0.0129,EMIM__TF2N,train,train
[emim]__[Tf2N]__R32__303.15__0.051,502,[emim],[Tf2N],R32,303.15,0.051,0.0343,EMIM__TF2N,train,train
[emim]__[Tf2N]__R32__303.15__0.062,503,[emim],[Tf2N],R32,303.15,0.062,0.0446,EMIM__TF2N,train,train
[emim]__[Tf2N]__R32__303.15__0.079,504,[emim],[Tf2N],R32,303.15,0.079,0.0598,EMIM__TF2N,train,train
[emim]__[Tf2N]__R32__303.15__0.099,505,[emim],[Tf2N],R32,303.15,0.099,0.0716,EMIM__TF2N,train,train
[emim]__[Tf2N]__R32__303.15__0.12,506,[emim],[Tf2N],R32,303.15,0.12,0.0865,EMIM__TF2N,train,val
[emim]__[Tf2N]__R32__303.15__0.148,507,[emim],[Tf2N],R32,303.15,0.148,0.105,EMIM__TF2N,train,train
[emim]__[Tf2N]__R32__303.15__0.185,508,[emim],[Tf2N],R32,303.15,0.185,0.126,EMIM__TF2N,train,train
[emim]__[Tf2N]__R32__303.15__0.208,509,[emim],[Tf2N],R32,303.15,0.208,0.145,EMIM__TF2N,val,train
[emim]__[Tf2N]__R23__298__0.0265,510,[emim],[Tf2N],R23,298.0,0.0265,0.007,EMIM__TF2N,train,train
[emim]__[Tf2N]__R23__298.1__0.0995,511,[emim],[Tf2N],R23,298.1,0.0995,0.031,EMIM__TF2N,train,train
[emim]__[Tf2N]__R23__298.1__0.2396,512,[emim],[Tf2N],R23,298.1,0.2396,0.074,EMIM__TF2N,train,train
[emim]__[Tf2N]__R23__298.1__0.4998,513,[emim],[Tf2N],R23,298.1,0.4998,0.152,EMIM__TF2N,train,train
[emim]__[Tf2N]__R23__298.1__0.7482,514,[emim],[Tf2N],R23,298.1,0.7482,0.219,EMIM__TF2N,train,train
[emim]__[Tf2N]__R23__298.1__0.9996,515,[emim],[Tf2N],R23,298.1,0.9996,0.28,EMIM__TF2N,train,train
[emim]__[Tf2N]__R23__298.2__1.2457,516,[emim],[Tf2N],R23,298.2,1.2457,0.336,EMIM__TF2N,train,train
[emim]__[Tf2N]__R23__298.1__1.4997,517,[emim],[Tf2N],R23,298.1,1.4997,0.389,EMIM__TF2N,train,train
[emim]__[Tf2N]__R23__298.1__1.7496,518,[emim],[Tf2N],R23,298.1,1.7496,0.437,EMIM__TF2N,train,train
[emim]__[Tf2N]__R23__298.1__1.9973,519,[emim],[Tf2N],R23,298.1,1.9973,0.481,EMIM__TF2N,train,train
[emim]__[Tf2N]__R23__298.1__1.7495,520,[emim],[Tf2N],R23,298.1,1.7495,0.436,EMIM__TF2N,train,train
[emim]__[Tf2N]__R23__298.1__1.4992,521,[emim],[Tf2N],R23,298.1,1.4992,0.388,EMIM__TF2N,train,train
[emim]__[Tf2N]__R23__298.1__1.2497,522,[emim],[Tf2N],R23,298.1,1.2497,0.337,EMIM__TF2N,train,train
[emim]__[Tf2N]__R23__298.1__0.9993,523,[emim],[Tf2N],R23,298.1,0.9993,0.28,EMIM__TF2N,train,train
[emim]__[Tf2N]__R23__298__0.5025,524,[emim],[Tf2N],R23,298.0,0.5025,0.152,EMIM__TF2N,train,train
[emim]__[Tf2N]__R23__298.1__0.2498,525,[emim],[Tf2N],R23,298.1,0.2498,0.078,EMIM__TF2N,train,train
[emim]__[Tf2N]__R23__298.1__0.0998,526,[emim],[Tf2N],R23,298.1,0.0998,0.03,EMIM__TF2N,train,train
[emim]__[Tf2N]__R23__298.1__0.0498,527,[emim],[Tf2N],R23,298.1,0.0498,0.013,EMIM__TF2N,train,train
[emim]__[Tf2N]__R23__323.1__0.0479,528,[emim],[Tf2N],R23,323.1,0.0479,0.008,EMIM__TF2N,train,train
[emim]__[Tf2N]__R23__323.2__0.0995,529,[emim],[Tf2N],R23,323.2,0.0995,0.018,EMIM__TF2N,train,train
[emim]__[Tf2N]__R23__323.1__0.2267,530,[emim],[Tf2N],R23,323.1,0.2267,0.045,EMIM__TF2N,train,train
[emim]__[Tf2N]__R23__323.1__0.3253,531,[emim],[Tf2N],R23,323.1,0.3253,0.065,EMIM__TF2N,train,train
[emim]__[Tf2N]__R23__323.2__0.9999,532,[emim],[Tf2N],R23,323.2,0.9999,0.187,EMIM__TF2N,train,train
[emim]__[Tf2N]__R23__323.1__1.242,533,[emim],[Tf2N],R23,323.1,1.242,0.228,EMIM__TF2N,train,train
[emim]__[Tf2N]__R23__323.1__1.4914,534,[emim],[Tf2N],R23,323.1,1.4914,0.267,EMIM__TF2N,train,train
[emim]__[Tf2N]__R23__323.2__1.7491,535,[emim],[Tf2N],R23,323.2,1.7491,0.3,EMIM__TF2N,train,train
[emim]__[Tf2N]__R23__323.1__1.9993,536,[emim],[Tf2N],R23,323.1,1.9993,0.333,EMIM__TF2N,train,train
[emim]__[Tf2N]__R23__323.2__1.7488,537,[emim],[Tf2N],R23,323.2,1.7488,0.302,EMIM__TF2N,train,train
[emim]__[Tf2N]__R23__323.2__1.4897,538,[emim],[Tf2N],R23,323.2,1.4897,0.266,EMIM__TF2N,val,train
[emim]__[Tf2N]__R23__323.1__1.2496,539,[emim],[Tf2N],R23,323.1,1.2496,0.229,EMIM__TF2N,train,train
[emim]__[Tf2N]__R23__323.1__0.9996,540,[emim],[Tf2N],R23,323.1,0.9996,0.189,EMIM__TF2N,val,train
[emim]__[Tf2N]__R23__323.2__0.7498,541,[emim],[Tf2N],R23,323.2,0.7498,0.144,EMIM__TF2N,train,train
[emim]__[Tf2N]__R23__323.1__0.4995,542,[emim],[Tf2N],R23,323.1,0.4995,0.098,EMIM__TF2N,train,train
[emim]__[Tf2N]__R23__323.1__0.2491,543,[emim],[Tf2N],R23,323.1,0.2491,0.049,EMIM__TF2N,train,train
[emim]__[Tf2N]__R23__323.1__0.0998,544,[emim],[Tf2N],R23,323.1,0.0998,0.018,EMIM__TF2N,train,val
[emim]__[Tf2N]__R23__288.13__0.10065,545,[emim],[Tf2N],R23,288.13,0.10065,0.03627,EMIM__TF2N,train,train
[emim]__[Tf2N]__R23__293.23__0.10659,546,[emim],[Tf2N],R23,293.23,0.10659,0.03501,EMIM__TF2N,val,train
[emim]__[Tf2N]__R23__298.16__0.09897,547,[emim],[Tf2N],R23,298.16,0.09897,0.02986,EMIM__TF2N,train,train
[emim]__[Tf2N]__R23__303.17__0.1028,548,[emim],[Tf2N],R23,303.17,0.1028,0.02781,EMIM__TF2N,val,train
[emim]__[Tf2N]__R23__308.17__0.10328,549,[emim],[Tf2N],R23,308.17,0.10328,0.02542,EMIM__TF2N,train,train
[emim]__[Tf2N]__R23__303.15__0.1,550,[emim],[Tf2N],R23,303.15,0.1,0.0451,EMIM__TF2N,train,train
[emim]__[Tf2N]__R23__303.15__0.135,551,[emim],[Tf2N],R23,303.15,0.135,0.0594,EMIM__TF2N,train,train
[emim]__[Tf2N]__R23__303.15__0.179,552,[emim],[Tf2N],R23,303.15,0.179,0.0759,EMIM__TF2N,train,train
[emim]__[Tf2N]__R23__303.15__0.223,553,[emim],[Tf2N],R23,303.15,0.223,0.0946,EMIM__TF2N,val,train
[emim]__[Tf2N]__R23__303.15__0.26,554,[emim],[Tf2N],R23,303.15,0.26,0.113,EMIM__TF2N,train,val
[emim]__[Tf2N]__R23__303.15__0.302,555,[emim],[Tf2N],R23,303.15,0.302,0.127,EMIM__TF2N,train,train
[emim]__[Tf2N]__R152a__298.2__0.025,556,[emim],[Tf2N],R152a,298.2,0.025,0.042,EMIM__TF2N,train,train
[emim]__[Tf2N]__R152a__298.2__0.05,557,[emim],[Tf2N],R152a,298.2,0.05,0.085,EMIM__TF2N,train,train
[emim]__[Tf2N]__R152a__298.2__0.075,558,[emim],[Tf2N],R152a,298.2,0.075,0.127,EMIM__TF2N,train,train
[emim]__[Tf2N]__R152a__298.2__0.1,559,[emim],[Tf2N],R152a,298.2,0.1,0.167,EMIM__TF2N,train,train
[emim]__[Tf2N]__R152a__298.2__0.125,560,[emim],[Tf2N],R152a,298.2,0.125,0.205,EMIM__TF2N,train,train
[emim]__[Tf2N]__R152a__298.2__0.15,561,[emim],[Tf2N],R152a,298.2,0.15,0.243,EMIM__TF2N,train,train
[emim]__[Tf2N]__R152a__298.2__0.175,562,[emim],[Tf2N],R152a,298.2,0.175,0.28,EMIM__TF2N,train,train
[emim]__[Tf2N]__R152a__298.2__0.2,563,[emim],[Tf2N],R152a,298.2,0.2,0.315,EMIM__TF2N,train,train
[emim]__[Tf2N]__R152a__298.2__0.225,564,[emim],[Tf2N],R152a,298.2,0.225,0.35,EMIM__TF2N,train,train
[emim]__[Tf2N]__R152a__298.1__0.25,565,[emim],[Tf2N],R152a,298.1,0.25,0.384,EMIM__TF2N,train,train
[emim]__[Tf2N]__R152a__298.2__0.275,566,[emim],[Tf2N],R152a,298.2,0.275,0.418,EMIM__TF2N,train,train
[emim]__[Tf2N]__R152a__298.2__0.3,567,[emim],[Tf2N],R152a,298.2,0.3,0.451,EMIM__TF2N,train,train
[emim]__[Tf2N]__R152a__298.1__0.325,568,[emim],[Tf2N],R152a,298.1,0.325,0.483,EMIM__TF2N,train,train
[emim]__[Tf2N]__R152a__298.2__0.35,569,[emim],[Tf2N],R152a,298.2,0.35,0.516,EMIM__TF2N,train,train
[emim]__[Tf2N]__R152a__298.2__0.375,570,[emim],[Tf2N],R152a,298.2,0.375,0.549,EMIM__TF2N,val,train
[emim]__[Tf2N]__R152a__298.1__0.3999,571,[emim],[Tf2N],R152a,298.1,0.3999,0.581,EMIM__TF2N,train,train
[emim]__[Tf2N]__R152a__298.2__0.4498,572,[emim],[Tf2N],R152a,298.2,0.4498,0.649,EMIM__TF2N,val,train
[emim]__[Tf2N]__R152a__298.2__0.5,573,[emim],[Tf2N],R152a,298.2,0.5,0.724,EMIM__TF2N,val,train
[emim]__[Tf2N]__R152a__298.2__0.55,574,[emim],[Tf2N],R152a,298.2,0.55,0.823,EMIM__TF2N,val,train
[emim]__[Tf2N]__R152a__298.2__0.5,575,[emim],[Tf2N],R152a,298.2,0.5,0.725,EMIM__TF2N,train,train
[emim]__[Tf2N]__R152a__298.1__0.45,576,[emim],[Tf2N],R152a,298.1,0.45,0.649,EMIM__TF2N,train,train
[emim]__[Tf2N]__R152a__298.2__0.4,577,[emim],[Tf2N],R152a,298.2,0.4,0.581,EMIM__TF2N,train,train
[emim]__[Tf2N]__R152a__298.2__0.35,578,[emim],[Tf2N],R152a,298.2,0.35,0.516,EMIM__TF2N,train,train
[emim]__[Tf2N]__R152a__298.2__0.3,579,[emim],[Tf2N],R152a,298.2,0.3,0.45,EMIM__TF2N,train,train
[emim]__[Tf2N]__R152a__298.2__0.275,580,[emim],[Tf2N],R152a,298.2,0.275,0.417,EMIM__TF2N,train,train
[emim]__[Tf2N]__R152a__298.2__0.25,581,[emim],[Tf2N],R152a,298.2,0.25,0.384,EMIM__TF2N,train,train
[emim]__[Tf2N]__R152a__298.2__0.225,582,[emim],[Tf2N],R152a,298.2,0.225,0.35,EMIM__TF2N,train,train
[emim]__[Tf2N]__R152a__298.2__0.2,583,[emim],[Tf2N],R152a,298.2,0.2,0.315,EMIM__TF2N,train,train
[emim]__[Tf2N]__R152a__298.2__0.175,584,[emim],[Tf2N],R152a,298.2,0.175,0.279,EMIM__TF2N,train,train
[emim]__[Tf2N]__R152a__298.2__0.15,585,[emim],[Tf2N],R152a,298.2,0.15,0.243,EMIM__TF2N,train,train
[emim]__[Tf2N]__R152a__298.2__0.125,586,[emim],[Tf2N],R152a,298.2,0.125,0.205,EMIM__TF2N,train,train
[emim]__[Tf2N]__R152a__298.2__0.1,587,[emim],[Tf2N],R152a,298.2,0.1,0.166,EMIM__TF2N,train,train
[emim]__[Tf2N]__R152a__298.2__0.075,588,[emim],[Tf2N],R152a,298.2,0.075,0.126,EMIM__TF2N,train,train
[emim]__[Tf2N]__R152a__298.2__0.05,589,[emim],[Tf2N],R152a,298.2,0.05,0.084,EMIM__TF2N,train,train
[emim]__[Tf2N]__R152a__298.2__0.025,590,[emim],[Tf2N],R152a,298.2,0.025,0.041,EMIM__TF2N,train,train
[emim]__[Tf2N]__R134__282.9__0.0099,591,[emim],[Tf2N],R134,282.9,0.0099,0.055,EMIM__TF2N,train,train
[emim]__[Tf2N]__R134__283.2__0.05,592,[emim],[Tf2N],R134,283.2,0.05,0.246,EMIM__TF2N,train,train
[emim]__[Tf2N]__R134__283.1__0.1003,593,[emim],[Tf2N],R134,283.1,0.1003,0.433,EMIM__TF2N,train,val
[emim]__[Tf2N]__R134__283.2__0.1498,594,[emim],[Tf2N],R134,283.2,0.1498,0.573,EMIM__TF2N,train,train
[emim]__[Tf2N]__R134__283__0.1997,595,[emim],[Tf2N],R134,283.0,0.1997,0.7020000000000001,EMIM__TF2N,train,train
[emim]__[Tf2N]__R134__283.1__0.25,596,[emim],[Tf2N],R134,283.1,0.25,0.8109999999999999,EMIM__TF2N,val,train
[emim]__[Tf2N]__R134__283.2__0.3004,597,[emim],[Tf2N],R134,283.2,0.3004,0.964,EMIM__TF2N,train,train
[emim]__[Tf2N]__R134__298.2__0.0099,598,[emim],[Tf2N],R134,298.2,0.0099,0.033,EMIM__TF2N,train,train
[emim]__[Tf2N]__R134__298.2__0.05,599,[emim],[Tf2N],R134,298.2,0.05,0.156,EMIM__TF2N,train,train
[emim]__[Tf2N]__R134__298.2__0.0999,600,[emim],[Tf2N],R134,298.2,0.0999,0.284,EMIM__TF2N,train,train
[emim]__[Tf2N]__R134__298.1__0.1496,601,[emim],[Tf2N],R134,298.1,0.1496,0.395,EMIM__TF2N,train,train
[emim]__[Tf2N]__R134__298.2__0.2001,602,[emim],[Tf2N],R134,298.2,0.2001,0.49,EMIM__TF2N,train,train
[emim]__[Tf2N]__R134__298.1__0.2496,603,[emim],[Tf2N],R134,298.1,0.2496,0.573,EMIM__TF2N,train,train
[emim]__[Tf2N]__R134__298__0.2995,604,[emim],[Tf2N],R134,298.0,0.2995,0.648,EMIM__TF2N,val,train
[emim]__[Tf2N]__R134__298.2__0.3497,605,[emim],[Tf2N],R134,298.2,0.3497,0.716,EMIM__TF2N,val,train
[emim]__[Tf2N]__R134__323.1__0.0102,606,[emim],[Tf2N],R134,323.1,0.0102,0.016,EMIM__TF2N,train,train
[emim]__[Tf2N]__R134__323.1__0.05,607,[emim],[Tf2N],R134,323.1,0.05,0.076,EMIM__TF2N,train,val
[emim]__[Tf2N]__R134__323.2__0.1004,608,[emim],[Tf2N],R134,323.2,0.1004,0.147,EMIM__TF2N,train,val
[emim]__[Tf2N]__R134__323.1__0.1505,609,[emim],[Tf2N],R134,323.1,0.1505,0.21,EMIM__TF2N,train,train
[emim]__[Tf2N]__R134__323.1__0.2004,610,[emim],[Tf2N],R134,323.1,0.2004,0.2689999999999999,EMIM__TF2N,train,train
[emim]__[Tf2N]__R134__323__0.2494,611,[emim],[Tf2N],R134,323.0,0.2494,0.3229999999999999,EMIM__TF2N,train,train
[emim]__[Tf2N]__R134__323.1__0.3003,612,[emim],[Tf2N],R134,323.1,0.3003,0.374,EMIM__TF2N,train,val
[emim]__[Tf2N]__R134__323.1__0.3505,613,[emim],[Tf2N],R134,323.1,0.3505,0.421,EMIM__TF2N,train,train
[emim]__[Tf2N]__R134__348.1__0.0105,614,[emim],[Tf2N],R134,348.1,0.0105,0.006,EMIM__TF2N,train,train
[emim]__[Tf2N]__R134__348.1__0.0504,615,[emim],[Tf2N],R134,348.1,0.0504,0.04,EMIM__TF2N,train,train
[emim]__[Tf2N]__R134__348.1__0.1005,616,[emim],[Tf2N],R134,348.1,0.1005,0.079,EMIM__TF2N,train,train
[emim]__[Tf2N]__R134__348.1__0.1505,617,[emim],[Tf2N],R134,348.1,0.1505,0.1159999999999999,EMIM__TF2N,train,train
[emim]__[Tf2N]__R134__348.1__0.2004,618,[emim],[Tf2N],R134,348.1,0.2004,0.152,EMIM__TF2N,train,train
[emim]__[Tf2N]__R134__348.1__0.25,619,[emim],[Tf2N],R134,348.1,0.25,0.186,EMIM__TF2N,train,train
[emim]__[Tf2N]__R134__348.1__0.2996,620,[emim],[Tf2N],R134,348.1,0.2996,0.2189999999999999,EMIM__TF2N,train,train
[emim]__[Tf2N]__R134__348.1__0.3505,621,[emim],[Tf2N],R134,348.1,0.3505,0.25,EMIM__TF2N,train,val
[emim]__[Tf2N]__R134a__283.7__0.01,622,[emim],[Tf2N],R134a,283.7,0.01,0.019,EMIM__TF2N,train,train
[emim]__[Tf2N]__R134a__282.7__0.0499,623,[emim],[Tf2N],R134a,282.7,0.0499,0.105,EMIM__TF2N,train,train
[emim]__[Tf2N]__R134a__283.1__0.0998,624,[emim],[Tf2N],R134a,283.1,0.0998,0.2189999999999999,EMIM__TF2N,train,train
[emim]__[Tf2N]__R134a__283.2__0.1498,625,[emim],[Tf2N],R134a,283.2,0.1498,0.318,EMIM__TF2N,train,train
[emim]__[Tf2N]__R134a__283.2__0.2003,626,[emim],[Tf2N],R134a,283.2,0.2003,0.415,EMIM__TF2N,val,train
[emim]__[Tf2N]__R134a__283.2__0.2501,627,[emim],[Tf2N],R134a,283.2,0.2501,0.516,EMIM__TF2N,train,train
[emim]__[Tf2N]__R134a__283.2__0.3005,628,[emim],[Tf2N],R134a,283.2,0.3005,0.613,EMIM__TF2N,train,train
[emim]__[Tf2N]__R134a__283.2__0.3501,629,[emim],[Tf2N],R134a,283.2,0.3501,0.755,EMIM__TF2N,train,train
[emim]__[Tf2N]__R134a__298.2__0.0103,630,[emim],[Tf2N],R134a,298.2,0.0103,0.016,EMIM__TF2N,train,train
[emim]__[Tf2N]__R134a__298.1__0.0499,631,[emim],[Tf2N],R134a,298.1,0.0499,0.071,EMIM__TF2N,train,train
[emim]__[Tf2N]__R134a__298.1__0.1,632,[emim],[Tf2N],R134a,298.1,0.1,0.138,EMIM__TF2N,train,train
[emim]__[Tf2N]__R134a__298.1__0.1497,633,[emim],[Tf2N],R134a,298.1,0.1497,0.203,EMIM__TF2N,train,train
[emim]__[Tf2N]__R134a__298.1__0.2001,634,[emim],[Tf2N],R134a,298.1,0.2001,0.263,EMIM__TF2N,train,train
[emim]__[Tf2N]__R134a__298.2__0.2504,635,[emim],[Tf2N],R134a,298.2,0.2504,0.322,EMIM__TF2N,train,train
[emim]__[Tf2N]__R134a__298.1__0.3,636,[emim],[Tf2N],R134a,298.1,0.3,0.382,EMIM__TF2N,train,train
[emim]__[Tf2N]__R134a__298.1__0.3492,637,[emim],[Tf2N],R134a,298.1,0.3492,0.4429999999999999,EMIM__TF2N,train,train
[emim]__[Tf2N]__R134a__323.1__0.0103,638,[emim],[Tf2N],R134a,323.1,0.0103,0.008,EMIM__TF2N,train,train
[emim]__[Tf2N]__R134a__323.1__0.0503,639,[emim],[Tf2N],R134a,323.1,0.0503,0.036,EMIM__TF2N,train,train
[emim]__[Tf2N]__R134a__323.1__0.1,640,[emim],[Tf2N],R134a,323.1,0.1,0.071,EMIM__TF2N,train,train
[emim]__[Tf2N]__R134a__323.1__0.1502,641,[emim],[Tf2N],R134a,323.1,0.1502,0.105,EMIM__TF2N,train,train
[emim]__[Tf2N]__R134a__323.1__0.2002,642,[emim],[Tf2N],R134a,323.1,0.2002,0.138,EMIM__TF2N,train,train
[emim]__[Tf2N]__R134a__323__0.2504,643,[emim],[Tf2N],R134a,323.0,0.2504,0.1689999999999999,EMIM__TF2N,train,train
[emim]__[Tf2N]__R134a__323.2__0.3003,644,[emim],[Tf2N],R134a,323.2,0.3003,0.201,EMIM__TF2N,train,train
[emim]__[Tf2N]__R134a__323.1__0.3503,645,[emim],[Tf2N],R134a,323.1,0.3503,0.231,EMIM__TF2N,train,train
[emim]__[Tf2N]__R134a__348.1__0.0105,646,[emim],[Tf2N],R134a,348.1,0.0105,0.0,EMIM__TF2N,train,train
[emim]__[Tf2N]__R134a__348.1__0.0503,647,[emim],[Tf2N],R134a,348.1,0.0503,0.017,EMIM__TF2N,val,train
[emim]__[Tf2N]__R134a__348.1__0.1003,648,[emim],[Tf2N],R134a,348.1,0.1003,0.038,EMIM__TF2N,train,train
[emim]__[Tf2N]__R134a__348.1__0.1503,649,[emim],[Tf2N],R134a,348.1,0.1503,0.0579999999999999,EMIM__TF2N,train,train
[emim]__[Tf2N]__R134a__348.1__0.2001,650,[emim],[Tf2N],R134a,348.1,0.2001,0.077,EMIM__TF2N,train,train
[emim]__[Tf2N]__R134a__348.1__0.2502,651,[emim],[Tf2N],R134a,348.1,0.2502,0.096,EMIM__TF2N,train,val
[emim]__[Tf2N]__R134a__348.1__0.3002,652,[emim],[Tf2N],R134a,348.1,0.3002,0.115,EMIM__TF2N,train,train
[emim]__[Tf2N]__R134a__348.1__0.3501,653,[emim],[Tf2N],R134a,348.1,0.3501,0.133,EMIM__TF2N,train,train
[emim]__[Tf2N]__R134a__298__0.028,654,[emim],[Tf2N],R134a,298.0,0.028,0.0161,EMIM__TF2N,train,train
[emim]__[Tf2N]__R134a__298__0.048,655,[emim],[Tf2N],R134a,298.0,0.048,0.0411,EMIM__TF2N,train,val
[emim]__[Tf2N]__R134a__298__0.079,656,[emim],[Tf2N],R134a,298.0,0.079,0.0754,EMIM__TF2N,train,train
[emim]__[Tf2N]__R134a__298__0.125,657,[emim],[Tf2N],R134a,298.0,0.125,0.1392,EMIM__TF2N,train,val
[emim]__[Tf2N]__R134a__298__0.195,658,[emim],[Tf2N],R134a,298.0,0.195,0.2304,EMIM__TF2N,train,val
[emim]__[Tf2N]__R134a__298__0.244,659,[emim],[Tf2N],R134a,298.0,0.244,0.2943,EMIM__TF2N,train,train
[emim]__[Tf2N]__R134a__298__0.286,660,[emim],[Tf2N],R134a,298.0,0.286,0.3428,EMIM__TF2N,train,train
[emim]__[Tf2N]__R134a__298__0.335,661,[emim],[Tf2N],R134a,298.0,0.335,0.3992,EMIM__TF2N,train,train
[emim]__[Tf2N]__R134a__298__0.395,662,[emim],[Tf2N],R134a,298.0,0.395,0.4681,EMIM__TF2N,train,val
[emim]__[Tf2N]__R134a__298__0.444,663,[emim],[Tf2N],R134a,298.0,0.444,0.5228,EMIM__TF2N,train,train
[emim]__[Tf2N]__R134a__298__0.493,664,[emim],[Tf2N],R134a,298.0,0.493,0.5812,EMIM__TF2N,train,train
[emim]__[Tf2N]__R134a__298__0.537,665,[emim],[Tf2N],R134a,298.0,0.537,0.6344,EMIM__TF2N,train,val
[emim]__[Tf2N]__R134a__298__0.585,666,[emim],[Tf2N],R134a,298.0,0.585,0.7004,EMIM__TF2N,train,train
[emim]__[Tf2N]__R134a__298__0.624,667,[emim],[Tf2N],R134a,298.0,0.624,0.7667,EMIM__TF2N,val,train
[emim]__[Tf2N]__R134a__298__0.648,668,[emim],[Tf2N],R134a,298.0,0.648,0.8183,EMIM__TF2N,val,train
[emim]__[Tf2N]__R134a__323__0.034,669,[emim],[Tf2N],R134a,323.0,0.034,0.0105,EMIM__TF2N,train,train
[emim]__[Tf2N]__R134a__323__0.104,670,[emim],[Tf2N],R134a,323.0,0.104,0.0616,EMIM__TF2N,train,train
[emim]__[Tf2N]__R134a__323__0.166,671,[emim],[Tf2N],R134a,323.0,0.166,0.1055,EMIM__TF2N,train,train
[emim]__[Tf2N]__R134a__323__0.208,672,[emim],[Tf2N],R134a,323.0,0.208,0.1345,EMIM__TF2N,train,train
[emim]__[Tf2N]__R134a__323__0.284,673,[emim],[Tf2N],R134a,323.0,0.284,0.1844,EMIM__TF2N,val,train
[emim]__[Tf2N]__R134a__323__0.379,674,[emim],[Tf2N],R134a,323.0,0.379,0.2437,EMIM__TF2N,train,val
[emim]__[Tf2N]__R134a__323__0.469,675,[emim],[Tf2N],R134a,323.0,0.469,0.2986,EMIM__TF2N,train,train
[emim]__[Tf2N]__R134a__323__0.566,676,[emim],[Tf2N],R134a,323.0,0.566,0.3531,EMIM__TF2N,train,train
[emim]__[Tf2N]__R134a__323__0.667,677,[emim],[Tf2N],R134a,323.0,0.667,0.409,EMIM__TF2N,train,train
[emim]__[Tf2N]__R134a__323__0.786,678,[emim],[Tf2N],R134a,323.0,0.786,0.4745,EMIM__TF2N,train,train
[emim]__[Tf2N]__R134a__323__0.901,679,[emim],[Tf2N],R134a,323.0,0.901,0.5338,EMIM__TF2N,train,train
[emim]__[Tf2N]__R134a__323__0.995,680,[emim],[Tf2N],R134a,323.0,0.995,0.5884,EMIM__TF2N,train,train
[emim]__[Tf2N]__R134a__323__1.089,681,[emim],[Tf2N],R134a,323.0,1.089,0.6465,EMIM__TF2N,train,train
[emim]__[Tf2N]__R134a__323__1.174,682,[emim],[Tf2N],R134a,323.0,1.174,0.6974,EMIM__TF2N,train,train
[emim]__[Tf2N]__R134a__323__1.24,683,[emim],[Tf2N],R134a,323.0,1.24,0.7486,EMIM__TF2N,train,train
[emim]__[Tf2N]__R134a__348__0.051,684,[emim],[Tf2N],R134a,348.0,0.051,0.0087,EMIM__TF2N,train,train
[emim]__[Tf2N]__R134a__348__0.082,685,[emim],[Tf2N],R134a,348.0,0.082,0.0203,EMIM__TF2N,train,train
[emim]__[Tf2N]__R134a__348__0.133,686,[emim],[Tf2N],R134a,348.0,0.133,0.0409,EMIM__TF2N,train,train
[emim]__[Tf2N]__R134a__348__0.204,687,[emim],[Tf2N],R134a,348.0,0.204,0.0715,EMIM__TF2N,val,train
[emim]__[Tf2N]__R134a__348__0.279,688,[emim],[Tf2N],R134a,348.0,0.279,0.1035,EMIM__TF2N,train,train
[emim]__[Tf2N]__R134a__348__0.364,689,[emim],[Tf2N],R134a,348.0,0.364,0.1355,EMIM__TF2N,train,train
[emim]__[Tf2N]__R134a__348__0.448,690,[emim],[Tf2N],R134a,348.0,0.448,0.167,EMIM__TF2N,train,train
[emim]__[Tf2N]__R134a__348__0.526,691,[emim],[Tf2N],R134a,348.0,0.526,0.1963,EMIM__TF2N,val,train
[emim]__[Tf2N]__R134a__348__0.634,692,[emim],[Tf2N],R134a,348.0,0.634,0.2354,EMIM__TF2N,train,train
[emim]__[Tf2N]__R134a__348__0.763,693,[emim],[Tf2N],R134a,348.0,0.763,0.2818,EMIM__TF2N,val,train
[emim]__[Tf2N]__R134a__348__0.896,694,[emim],[Tf2N],R134a,348.0,0.896,0.3235,EMIM__TF2N,train,train
[emim]__[Tf2N]__R134a__348__1.026,695,[emim],[Tf2N],R134a,348.0,1.026,0.3644,EMIM__TF2N,train,train
[emim]__[Tf2N]__R134a__348__1.146,696,[emim],[Tf2N],R134a,348.0,1.146,0.4014,EMIM__TF2N,train,train
[emim]__[Tf2N]__R134a__348__1.268,697,[emim],[Tf2N],R134a,348.0,1.268,0.4345,EMIM__TF2N,train,train
[emim]__[Tf2N]__R134a__348__1.399,698,[emim],[Tf2N],R134a,348.0,1.399,0.4722,EMIM__TF2N,train,train
[emim]__[Tf2N]__R134a__348__1.757,699,[emim],[Tf2N],R134a,348.0,1.757,0.5687,EMIM__TF2N,train,train
[emim]__[Tf2N]__R134a__348__2.16,700,[emim],[Tf2N],R134a,348.0,2.16,0.6928,EMIM__TF2N,val,train
[emim]__[Tf2N]__R134a__303__0.024864,701,[emim],[Tf2N],R134a,303.0,0.024864,0.03082,EMIM__TF2N,train,train
[emim]__[Tf2N]__R134a__303__0.049899,702,[emim],[Tf2N],R134a,303.0,0.049899,0.06037,EMIM__TF2N,train,train
[emim]__[Tf2N]__R134a__303__0.099831,703,[emim],[Tf2N],R134a,303.0,0.099831,0.11688,EMIM__TF2N,train,train
[emim]__[Tf2N]__R134a__303__0.199944,704,[emim],[Tf2N],R134a,303.0,0.199944,0.22381,EMIM__TF2N,train,train
[emim]__[Tf2N]__R134a__303__0.299517,705,[emim],[Tf2N],R134a,303.0,0.299517,0.32311,EMIM__TF2N,val,train
[emim]__[Tf2N]__R134a__303__0.349947,706,[emim],[Tf2N],R134a,303.0,0.349947,0.37076,EMIM__TF2N,train,train
[emim]__[Tf2N]__R134a__303.15__0.0155,707,[emim],[Tf2N],R134a,303.15,0.0155,0.0257,EMIM__TF2N,val,train
[emim]__[Tf2N]__R134a__303.15__0.0498,708,[emim],[Tf2N],R134a,303.15,0.0498,0.052,EMIM__TF2N,train,train
[emim]__[Tf2N]__R134a__303.15__0.0599,709,[emim],[Tf2N],R134a,303.15,0.0599,0.07,EMIM__TF2N,train,train
[emim]__[Tf2N]__R134a__303.15__0.0968,710,[emim],[Tf2N],R134a,303.15,0.0968,0.0981,EMIM__TF2N,train,train
[emim]__[Tf2N]__R134a__303.15__0.1319,711,[emim],[Tf2N],R134a,303.15,0.1319,0.1322,EMIM__TF2N,train,train
[emim]__[Tf2N]__R134a__303.15__0.1921,712,[emim],[Tf2N],R134a,303.15,0.1921,0.189,EMIM__TF2N,train,train
[emim]__[Tf2N]__R134a__303.15__0.2221,713,[emim],[Tf2N],R134a,303.15,0.2221,0.2186,EMIM__TF2N,train,train
[emim]__[Tf2N]__R134a__303.15__0.2697,714,[emim],[Tf2N],R134a,303.15,0.2697,0.2571,EMIM__TF2N,train,train
[emim]__[Tf2N]__R134a__303.15__0.3134,715,[emim],[Tf2N],R134a,303.15,0.3134,0.2968,EMIM__TF2N,train,train
[emim]__[Tf2N]__R134a__303.15__0.3509,716,[emim],[Tf2N],R134a,303.15,0.3509,0.3251,EMIM__TF2N,train,train
[emim]__[Tf2N]__R134a__303.15__0.4466,717,[emim],[Tf2N],R134a,303.15,0.4466,0.406,EMIM__TF2N,train,val
[emim]__[Tf2N]__R134a__303.15__0.4928,718,[emim],[Tf2N],R134a,303.15,0.4928,0.442,EMIM__TF2N,train,train
[emim]__[Tf2N]__R134a__303.15__0.018,719,[emim],[Tf2N],R134a,303.15,0.018,0.0147,EMIM__TF2N,train,val
[emim]__[Tf2N]__R134a__303.15__0.032,720,[emim],[Tf2N],R134a,303.15,0.032,0.0326,EMIM__TF2N,train,train
[emim]__[Tf2N]__R134a__303.15__0.045,721,[emim],[Tf2N],R134a,303.15,0.045,0.0518,EMIM__TF2N,train,train
[emim]__[Tf2N]__R134a__303.15__0.068,722,[emim],[Tf2N],R134a,303.15,0.068,0.076,EMIM__TF2N,train,train
[emim]__[Tf2N]__R134a__303.15__0.097,723,[emim],[Tf2N],R134a,303.15,0.097,0.105,EMIM__TF2N,train,val
[emim]__[Tf2N]__R134a__303.15__0.124,724,[emim],[Tf2N],R134a,303.15,0.124,0.132,EMIM__TF2N,train,train
[emim]__[Tf2N]__R134a__303.15__0.155,725,[emim],[Tf2N],R134a,303.15,0.155,0.156,EMIM__TF2N,train,train
[emim]__[Tf2N]__R125__283.1__0.01,726,[emim],[Tf2N],R125,283.1,0.01,0.008,EMIM__TF2N,train,train
[emim]__[Tf2N]__R125__283.1__0.1,727,[emim],[Tf2N],R125,283.1,0.1,0.085,EMIM__TF2N,train,train
[emim]__[Tf2N]__R125__283.1__0.1997,728,[emim],[Tf2N],R125,283.1,0.1997,0.168,EMIM__TF2N,train,train
[emim]__[Tf2N]__R125__283.1__0.2977,729,[emim],[Tf2N],R125,283.1,0.2977,0.25,EMIM__TF2N,train,val
[emim]__[Tf2N]__R125__283.1__0.3997,730,[emim],[Tf2N],R125,283.1,0.3997,0.331,EMIM__TF2N,train,train
[emim]__[Tf2N]__R125__283.1__0.4999,731,[emim],[Tf2N],R125,283.1,0.4999,0.413,EMIM__TF2N,train,train
[emim]__[Tf2N]__R125__283.1__0.5997,732,[emim],[Tf2N],R125,283.1,0.5997,0.496,EMIM__TF2N,train,train
[emim]__[Tf2N]__R125__283.1__0.6999,733,[emim],[Tf2N],R125,283.1,0.6999,0.583,EMIM__TF2N,val,val
[emim]__[Tf2N]__R125__283.1__0.7996,734,[emim],[Tf2N],R125,283.1,0.7996,0.6809999999999999,EMIM__TF2N,train,train
[emim]__[Tf2N]__R125__298.1__0.0102,735,[emim],[Tf2N],R125,298.1,0.0102,0.006,EMIM__TF2N,train,train
[emim]__[Tf2N]__R125__298.1__0.0998,736,[emim],[Tf2N],R125,298.1,0.0998,0.055,EMIM__TF2N,train,train
[emim]__[Tf2N]__R125__298.1__0.1997,737,[emim],[Tf2N],R125,298.1,0.1997,0.109,EMIM__TF2N,train,train
[emim]__[Tf2N]__R125__298.1__0.2997,738,[emim],[Tf2N],R125,298.1,0.2997,0.161,EMIM__TF2N,train,train
[emim]__[Tf2N]__R125__298.2__0.3996,739,[emim],[Tf2N],R125,298.2,0.3996,0.213,EMIM__TF2N,train,train
[emim]__[Tf2N]__R125__298.2__0.4999,740,[emim],[Tf2N],R125,298.2,0.4999,0.267,EMIM__TF2N,train,train
[emim]__[Tf2N]__R125__298.2__0.5997,741,[emim],[Tf2N],R125,298.2,0.5997,0.317,EMIM__TF2N,val,train
[emim]__[Tf2N]__R125__298.1__0.8001,742,[emim],[Tf2N],R125,298.1,0.8001,0.422,EMIM__TF2N,train,train
[emim]__[Tf2N]__R125__298.1__0.9998,743,[emim],[Tf2N],R125,298.1,0.9998,0.521,EMIM__TF2N,train,train
[emim]__[Tf2N]__R125__323.1__0.0102,744,[emim],[Tf2N],R125,323.1,0.0102,0.004,EMIM__TF2N,train,train
[emim]__[Tf2N]__R125__323.1__0.0998,745,[emim],[Tf2N],R125,323.1,0.0998,0.03,EMIM__TF2N,train,train
[emim]__[Tf2N]__R125__323.1__0.2,746,[emim],[Tf2N],R125,323.1,0.2,0.059,EMIM__TF2N,train,train
[emim]__[Tf2N]__R125__323.1__0.2998,747,[emim],[Tf2N],R125,323.1,0.2998,0.088,EMIM__TF2N,train,train
[emim]__[Tf2N]__R125__323.1__0.3996,748,[emim],[Tf2N],R125,323.1,0.3996,0.1169999999999999,EMIM__TF2N,train,train
[emim]__[Tf2N]__R125__323.1__0.5002,749,[emim],[Tf2N],R125,323.1,0.5002,0.152,EMIM__TF2N,train,train
[emim]__[Tf2N]__R125__323.1__0.5997,750,[emim],[Tf2N],R125,323.1,0.5997,0.176,EMIM__TF2N,train,train
[emim]__[Tf2N]__R125__323.1__0.7999,751,[emim],[Tf2N],R125,323.1,0.7999,0.228,EMIM__TF2N,train,val
[emim]__[Tf2N]__R125__323.1__1.0001,752,[emim],[Tf2N],R125,323.1,1.0001,0.285,EMIM__TF2N,train,train
[emim]__[Tf2N]__R125__348.1__0.0102,753,[emim],[Tf2N],R125,348.1,0.0102,0.004,EMIM__TF2N,train,train
[emim]__[Tf2N]__R125__348.1__0.1,754,[emim],[Tf2N],R125,348.1,0.1,0.018,EMIM__TF2N,train,train
[emim]__[Tf2N]__R125__348.1__0.1997,755,[emim],[Tf2N],R125,348.1,0.1997,0.034,EMIM__TF2N,train,val
[emim]__[Tf2N]__R125__348.1__0.2998,756,[emim],[Tf2N],R125,348.1,0.2998,0.05,EMIM__TF2N,train,train
[emim]__[Tf2N]__R125__348.1__0.3998,757,[emim],[Tf2N],R125,348.1,0.3998,0.074,EMIM__TF2N,train,train
[emim]__[Tf2N]__R125__348.1__0.5001,758,[emim],[Tf2N],R125,348.1,0.5001,0.0969999999999999,EMIM__TF2N,train,train
[emim]__[Tf2N]__R125__348.1__0.5996,759,[emim],[Tf2N],R125,348.1,0.5996,0.105,EMIM__TF2N,train,train
[emim]__[Tf2N]__R125__348.2__0.7998,760,[emim],[Tf2N],R125,348.2,0.7998,0.14,EMIM__TF2N,val,train
[emim]__[Tf2N]__R125__348.1__0.9997,761,[emim],[Tf2N],R125,348.1,0.9997,0.171,EMIM__TF2N,train,train
[emim]__[Tf2N]__R125__303.15__0.0266,762,[emim],[Tf2N],R125,303.15,0.0266,0.0201,EMIM__TF2N,train,train
[emim]__[Tf2N]__R125__303.15__0.063,763,[emim],[Tf2N],R125,303.15,0.063,0.0305,EMIM__TF2N,train,train
[emim]__[Tf2N]__R125__303.15__0.0907,764,[emim],[Tf2N],R125,303.15,0.0907,0.0466,EMIM__TF2N,train,train
[emim]__[Tf2N]__R125__303.15__0.1576,765,[emim],[Tf2N],R125,303.15,0.1576,0.0691,EMIM__TF2N,train,train
[emim]__[Tf2N]__R125__303.15__0.2241,766,[emim],[Tf2N],R125,303.15,0.2241,0.1073,EMIM__TF2N,train,train
[emim]__[Tf2N]__R125__303.15__0.2715,767,[emim],[Tf2N],R125,303.15,0.2715,0.1295,EMIM__TF2N,val,train
[emim]__[Tf2N]__R125__303.15__0.3532,768,[emim],[Tf2N],R125,303.15,0.3532,0.1681,EMIM__TF2N,train,train
[emim]__[Tf2N]__R125__303.15__0.4345,769,[emim],[Tf2N],R125,303.15,0.4345,0.2022,EMIM__TF2N,train,train
[emim]__[Tf2N]__R125__303.15__0.4853,770,[emim],[Tf2N],R125,303.15,0.4853,0.2279,EMIM__TF2N,train,train
[emim]__[Tf2N]__R125__303.15__0.6084,771,[emim],[Tf2N],R125,303.15,0.6084,0.2787,EMIM__TF2N,val,train
[emim]__[TFES]__R32__298.15__0.0099,772,[emim],[TFES],R32,298.15,0.0099,0.006,EMIM__TFES,train,train
[emim]__[TFES]__R32__298.05__0.0991,773,[emim],[TFES],R32,298.05,0.0991,0.054,EMIM__TFES,train,train
[emim]__[TFES]__R32__298.05__0.2484,774,[emim],[TFES],R32,298.05,0.2484,0.133,EMIM__TFES,train,train
[emim]__[TFES]__R32__298.05__0.3995,775,[emim],[TFES],R32,298.05,0.3995,0.209,EMIM__TFES,train,train
[emim]__[TFES]__R32__298.05__0.5496,776,[emim],[TFES],R32,298.05,0.5496,0.2789999999999999,EMIM__TFES,val,train
[emim]__[TFES]__R32__298.05__0.7022,777,[emim],[TFES],R32,298.05,0.7022,0.348,EMIM__TFES,train,train
[emim]__[TFES]__R32__298.05__0.8483,778,[emim],[TFES],R32,298.05,0.8483,0.413,EMIM__TFES,train,train
[emim]__[TFES]__R32__298.05__1.0016,779,[emim],[TFES],R32,298.05,1.0016,0.477,EMIM__TFES,train,train
[bmim]__[Ac]__R32__298.25__0.0099,780,[bmim],[Ac],R32,298.25,0.0099,0.01,BMIM__AC,train,train
[bmim]__[Ac]__R32__298.15__0.0997,781,[bmim],[Ac],R32,298.15,0.0997,0.077,BMIM__AC,train,train
[bmim]__[Ac]__R32__298.15__0.2498,782,[bmim],[Ac],R32,298.15,0.2498,0.174,BMIM__AC,train,train
[bmim]__[Ac]__R32__298.15__0.4004,783,[bmim],[Ac],R32,298.15,0.4004,0.26,BMIM__AC,train,train
[bmim]__[Ac]__R32__298.15__0.5498,784,[bmim],[Ac],R32,298.15,0.5498,0.336,BMIM__AC,val,train
[bmim]__[Ac]__R32__298.15__0.6997,785,[bmim],[Ac],R32,298.15,0.6997,0.401,BMIM__AC,train,train
[bmim]__[Ac]__R32__298.05__0.8502,786,[bmim],[Ac],R32,298.05,0.8502,0.462,BMIM__AC,train,train
[bmim]__[Ac]__R32__298.15__1.0004,787,[bmim],[Ac],R32,298.15,1.0004,0.518,BMIM__AC,train,train
[bmim]__[Ac]__R32__298.15__0.05,788,[bmim],[Ac],R32,298.15,0.05,0.054,BMIM__AC,train,train
[bmim]__[Ac]__R32__298.15__0.1,789,[bmim],[Ac],R32,298.15,0.1,0.097,BMIM__AC,train,train
[bmim]__[Ac]__R32__298.15__0.2,790,[bmim],[Ac],R32,298.15,0.2,0.161,BMIM__AC,val,train
[bmim]__[Ac]__R32__298.15__0.4,791,[bmim],[Ac],R32,298.15,0.4,0.268,BMIM__AC,train,train
[bmim]__[Ac]__R32__298.15__0.6,792,[bmim],[Ac],R32,298.15,0.6,0.357,BMIM__AC,train,val
[bmim]__[Ac]__R32__298.15__0.8,793,[bmim],[Ac],R32,298.15,0.8,0.438,BMIM__AC,train,train
[bmim]__[Ac]__R32__298.15__1,794,[bmim],[Ac],R32,298.15,1.0,0.51,BMIM__AC,train,train
[bmim]__[Ac]__R125__298.15__0.05,795,[bmim],[Ac],R125,298.15,0.05,0.06,BMIM__AC,train,train
[bmim]__[Ac]__R125__298.15__0.1,796,[bmim],[Ac],R125,298.15,0.1,0.122,BMIM__AC,train,train
[bmim]__[Ac]__R125__298.15__0.2,797,[bmim],[Ac],R125,298.15,0.2,0.24,BMIM__AC,train,train
[bmim]__[Ac]__R125__298.15__0.4,798,[bmim],[Ac],R125,298.15,0.4,0.429,BMIM__AC,val,train
[bmim]__[Ac]__R125__298.15__0.6,799,[bmim],[Ac],R125,298.15,0.6,0.536,BMIM__AC,train,train
[bmim]__[Ac]__R125__298.15__0.8,800,[bmim],[Ac],R125,298.15,0.8,0.62,BMIM__AC,train,val
[bmim]__[Ac]__R125__298.15__1,801,[bmim],[Ac],R125,298.15,1.0,0.692,BMIM__AC,train,train
[bmim]__[BF4]__R32__283.1__0.01,802,[bmim],[BF4],R32,283.1,0.01,0.009,BMIM__BF4,train,train
[bmim]__[BF4]__R32__283.1__0.0998,803,[bmim],[BF4],R32,283.1,0.0998,0.099,BMIM__BF4,train,val
[bmim]__[BF4]__R32__283.2__0.2499,804,[bmim],[BF4],R32,283.2,0.2499,0.241,BMIM__BF4,train,train
[bmim]__[BF4]__R32__283.2__0.3995,805,[bmim],[BF4],R32,283.2,0.3995,0.374,BMIM__BF4,train,train
[bmim]__[BF4]__R32__283__0.5499,806,[bmim],[BF4],R32,283.0,0.5499,0.501,BMIM__BF4,train,train
[bmim]__[BF4]__R32__283.1__0.6999,807,[bmim],[BF4],R32,283.1,0.6999,0.627,BMIM__BF4,train,train
[bmim]__[BF4]__R32__283.1__0.8497,808,[bmim],[BF4],R32,283.1,0.8497,0.759,BMIM__BF4,train,train
[bmim]__[BF4]__R32__298.2__0.0097,809,[bmim],[BF4],R32,298.2,0.0097,0.0069999999999999,BMIM__BF4,train,train
[bmim]__[BF4]__R32__298.2__0.0997,810,[bmim],[BF4],R32,298.2,0.0997,0.071,BMIM__BF4,train,train
[bmim]__[BF4]__R32__298.2__0.2496,811,[bmim],[BF4],R32,298.2,0.2496,0.175,BMIM__BF4,train,train
[bmim]__[BF4]__R32__298.2__0.3999,812,[bmim],[BF4],R32,298.2,0.3999,0.272,BMIM__BF4,val,train
[bmim]__[BF4]__R32__298.2__0.5498,813,[bmim],[BF4],R32,298.2,0.5498,0.359,BMIM__BF4,train,train
[bmim]__[BF4]__R32__298.2__0.6996,814,[bmim],[BF4],R32,298.2,0.6996,0.4379999999999999,BMIM__BF4,train,train
[bmim]__[BF4]__R32__298.2__0.8495,815,[bmim],[BF4],R32,298.2,0.8495,0.515,BMIM__BF4,train,train
[bmim]__[BF4]__R32__298.2__0.9999,816,[bmim],[BF4],R32,298.2,0.9999,0.588,BMIM__BF4,train,train
[bmim]__[BF4]__R32__323.2__0.0098,817,[bmim],[BF4],R32,323.2,0.0098,0.004,BMIM__BF4,train,train
[bmim]__[BF4]__R32__323.1__0.0996,818,[bmim],[BF4],R32,323.1,0.0996,0.04,BMIM__BF4,train,train
[bmim]__[BF4]__R32__323.2__0.2497,819,[bmim],[BF4],R32,323.2,0.2497,0.099,BMIM__BF4,train,train
[bmim]__[BF4]__R32__323.2__0.3996,820,[bmim],[BF4],R32,323.2,0.3996,0.154,BMIM__BF4,val,train
[bmim]__[BF4]__R32__323.1__0.5496,821,[bmim],[BF4],R32,323.1,0.5496,0.206,BMIM__BF4,train,train
[bmim]__[BF4]__R32__323.1__0.6995,822,[bmim],[BF4],R32,323.1,0.6995,0.255,BMIM__BF4,train,train
[bmim]__[BF4]__R32__323__0.8499,823,[bmim],[BF4],R32,323.0,0.8499,0.301,BMIM__BF4,train,train
[bmim]__[BF4]__R32__323.2__0.9996,824,[bmim],[BF4],R32,323.2,0.9996,0.345,BMIM__BF4,train,train
[bmim]__[BF4]__R32__348.2__0.0097,825,[bmim],[BF4],R32,348.2,0.0097,0.002,BMIM__BF4,train,train
[bmim]__[BF4]__R32__348.1__0.0996,826,[bmim],[BF4],R32,348.1,0.0996,0.0579999999999999,BMIM__BF4,val,train
[bmim]__[BF4]__R32__348.1__0.2495,827,[bmim],[BF4],R32,348.1,0.2495,0.092,BMIM__BF4,train,train
[bmim]__[BF4]__R32__348.2__0.3995,828,[bmim],[BF4],R32,348.2,0.3995,0.125,BMIM__BF4,train,train
[bmim]__[BF4]__R32__348.05__0.5495,829,[bmim],[BF4],R32,348.05,0.5495,0.156,BMIM__BF4,train,train
[bmim]__[BF4]__R32__348.2__0.6996,830,[bmim],[BF4],R32,348.2,0.6996,0.186,BMIM__BF4,train,train
[bmim]__[BF4]__R32__348.1__0.8496,831,[bmim],[BF4],R32,348.1,0.8496,0.214,BMIM__BF4,val,val
[bmim]__[BF4]__R32__348.1__0.9999,832,[bmim],[BF4],R32,348.1,0.9999,0.248,BMIM__BF4,train,train
[bmim]__[BF4]__R32__298.15__0.05,833,[bmim],[BF4],R32,298.15,0.05,0.024,BMIM__BF4,train,train
[bmim]__[BF4]__R32__298.15__0.1,834,[bmim],[BF4],R32,298.15,0.1,0.058,BMIM__BF4,train,train
[bmim]__[BF4]__R32__298.15__0.2,835,[bmim],[BF4],R32,298.15,0.2,0.122,BMIM__BF4,train,val
[bmim]__[BF4]__R32__298.15__0.4,836,[bmim],[BF4],R32,298.15,0.4,0.239,BMIM__BF4,train,train
[bmim]__[BF4]__R32__298.15__0.6,837,[bmim],[BF4],R32,298.15,0.6,0.365,BMIM__BF4,train,train
[bmim]__[BF4]__R32__298.15__0.8,838,[bmim],[BF4],R32,298.15,0.8,0.446,BMIM__BF4,train,train
[bmim]__[BF4]__R32__298.15__1,839,[bmim],[BF4],R32,298.15,1.0,0.545,BMIM__BF4,train,train
[bmim]__[BF4]__R125__298.15__0.05,840,[bmim],[BF4],R125,298.15,0.05,0.008,BMIM__BF4,train,train
[bmim]__[BF4]__R125__298.15__0.1,841,[bmim],[BF4],R125,298.15,0.1,0.019,BMIM__BF4,train,train
[bmim]__[BF4]__R125__298.15__0.2,842,[bmim],[BF4],R125,298.15,0.2,0.043,BMIM__BF4,train,train
[bmim]__[BF4]__R125__298.15__0.4,843,[bmim],[BF4],R125,298.15,0.4,0.101,BMIM__BF4,train,train
[bmim]__[BF4]__R125__298.15__0.6,844,[bmim],[BF4],R125,298.15,0.6,0.172,BMIM__BF4,train,train
[bmim]__[BF4]__R125__298.15__0.8,845,[bmim],[BF4],R125,298.15,0.8,0.263,BMIM__BF4,train,train
[bmim]__[BF4]__R125__298.15__1,846,[bmim],[BF4],R125,298.15,1.0,0.378,BMIM__BF4,val,train
[bmim]__[FS]__R32__298.15__0.01,847,[bmim],[FS],R32,298.15,0.01,0.009,BMIM__FS,train,train
[bmim]__[FS]__R32__298.15__0.0997,848,[bmim],[FS],R32,298.15,0.0997,0.092,BMIM__FS,train,train
[bmim]__[FS]__R32__298.15__0.2501,849,[bmim],[FS],R32,298.15,0.2501,0.214,BMIM__FS,train,train
[bmim]__[FS]__R32__298.15__0.4004,850,[bmim],[FS],R32,298.15,0.4004,0.319,BMIM__FS,train,train
[bmim]__[FS]__R32__298.15__0.55,851,[bmim],[FS],R32,298.15,0.55,0.415,BMIM__FS,train,train
[bmim]__[FS]__R32__298.15__0.6996,852,[bmim],[FS],R32,298.15,0.6996,0.497,BMIM__FS,train,train
[bmim]__[FS]__R32__298.15__0.8494,853,[bmim],[FS],R32,298.15,0.8494,0.5710000000000001,BMIM__FS,val,train
[bmim]__[FS]__R32__298.15__1.0005,854,[bmim],[FS],R32,298.15,1.0005,0.638,BMIM__FS,train,train
[bmim]__[HFPS]__R32__298.15__0.0095,855,[bmim],[HFPS],R32,298.15,0.0095,0.01,BMIM__HFPS,train,train
[bmim]__[HFPS]__R32__298.15__0.1,856,[bmim],[HFPS],R32,298.15,0.1,0.104,BMIM__HFPS,train,train
[bmim]__[HFPS]__R32__298.15__0.2498,857,[bmim],[HFPS],R32,298.15,0.2498,0.242,BMIM__HFPS,train,train
[bmim]__[HFPS]__R32__298.15__0.3995,858,[bmim],[HFPS],R32,298.15,0.3995,0.35,BMIM__HFPS,train,train
[bmim]__[HFPS]__R32__298.15__0.5495,859,[bmim],[HFPS],R32,298.15,0.5495,0.446,BMIM__HFPS,train,train
[bmim]__[HFPS]__R32__298.15__0.6998,860,[bmim],[HFPS],R32,298.15,0.6998,0.527,BMIM__HFPS,train,train
[bmim]__[HFPS]__R32__298.15__0.8494,861,[bmim],[HFPS],R32,298.15,0.8494,0.604,BMIM__HFPS,val,train
[bmim]__[HFPS]__R32__298.15__1.0004,862,[bmim],[HFPS],R32,298.15,1.0004,0.67,BMIM__HFPS,train,train
[bmim]__[HFPS]__R134a__283.1__0.0099,863,[bmim],[HFPS],R134a,283.1,0.0099,0.015,BMIM__HFPS,train,train
[bmim]__[HFPS]__R134a__283.1__0.0502,864,[bmim],[HFPS],R134a,283.1,0.0502,0.0819999999999999,BMIM__HFPS,train,train
[bmim]__[HFPS]__R134a__283.1__0.1,865,[bmim],[HFPS],R134a,283.1,0.1,0.171,BMIM__HFPS,train,train
[bmim]__[HFPS]__R134a__283.15__0.15,866,[bmim],[HFPS],R134a,283.15,0.15,0.264,BMIM__HFPS,train,train
[bmim]__[HFPS]__R134a__283.1__0.2001,867,[bmim],[HFPS],R134a,283.1,0.2001,0.35,BMIM__HFPS,train,train
[bmim]__[HFPS]__R134a__283.15__0.25,868,[bmim],[HFPS],R134a,283.15,0.25,0.447,BMIM__HFPS,train,train
[bmim]__[HFPS]__R134a__283.15__0.3002,869,[bmim],[HFPS],R134a,283.15,0.3002,0.55,BMIM__HFPS,train,train
[bmim]__[HFPS]__R134a__283.2__0.3506,870,[bmim],[HFPS],R134a,283.2,0.3506,0.677,BMIM__HFPS,train,train
[bmim]__[HFPS]__R134a__298__0.0101,871,[bmim],[HFPS],R134a,298.0,0.0101,0.01,BMIM__HFPS,train,train
[bmim]__[HFPS]__R134a__298.1__0.0501,872,[bmim],[HFPS],R134a,298.1,0.0501,0.055,BMIM__HFPS,train,val
[bmim]__[HFPS]__R134a__298.1__0.1,873,[bmim],[HFPS],R134a,298.1,0.1,0.109,BMIM__HFPS,train,val
[bmim]__[HFPS]__R134a__298.05__0.1499,874,[bmim],[HFPS],R134a,298.05,0.1499,0.163,BMIM__HFPS,train,train
[bmim]__[HFPS]__R134a__298.1__0.1994,875,[bmim],[HFPS],R134a,298.1,0.1994,0.2189999999999999,BMIM__HFPS,train,train
[bmim]__[HFPS]__R134a__298.15__0.2504,876,[bmim],[HFPS],R134a,298.15,0.2504,0.2689999999999999,BMIM__HFPS,train,train
[bmim]__[HFPS]__R134a__298.1__0.3,877,[bmim],[HFPS],R134a,298.1,0.3,0.321,BMIM__HFPS,train,train
[bmim]__[HFPS]__R134a__298__0.3504,878,[bmim],[HFPS],R134a,298.0,0.3504,0.374,BMIM__HFPS,train,train
[bmim]__[HFPS]__R134a__323.15__0.0101,879,[bmim],[HFPS],R134a,323.15,0.0101,0.006,BMIM__HFPS,val,val
[bmim]__[HFPS]__R134a__323.15__0.05,880,[bmim],[HFPS],R134a,323.15,0.05,0.0289999999999999,BMIM__HFPS,train,train
[bmim]__[HFPS]__R134a__323.15__0.1,881,[bmim],[HFPS],R134a,323.15,0.1,0.0579999999999999,BMIM__HFPS,train,train
[bmim]__[HFPS]__R134a__323.1__0.15,882,[bmim],[HFPS],R134a,323.1,0.15,0.088,BMIM__HFPS,train,train
[bmim]__[HFPS]__R134a__323.15__0.1993,883,[bmim],[HFPS],R134a,323.15,0.1993,0.1169999999999999,BMIM__HFPS,val,train
[bmim]__[HFPS]__R134a__323.15__0.2504,884,[bmim],[HFPS],R134a,323.15,0.2504,0.145,BMIM__HFPS,train,train
[bmim]__[HFPS]__R134a__323.15__0.3004,885,[bmim],[HFPS],R134a,323.15,0.3004,0.172,BMIM__HFPS,train,val
[bmim]__[HFPS]__R134a__323.15__0.3502,886,[bmim],[HFPS],R134a,323.15,0.3502,0.198,BMIM__HFPS,train,train
[bmim]__[HFPS]__R134a__348.05__0.0099,887,[bmim],[HFPS],R134a,348.05,0.0099,0.003,BMIM__HFPS,train,train
[bmim]__[HFPS]__R134a__348.05__0.0501,888,[bmim],[HFPS],R134a,348.05,0.0501,0.017,BMIM__HFPS,train,train
[bmim]__[HFPS]__R134a__348.1__0.1,889,[bmim],[HFPS],R134a,348.1,0.1,0.035,BMIM__HFPS,train,train
[bmim]__[HFPS]__R134a__348.1__0.1499,890,[bmim],[HFPS],R134a,348.1,0.1499,0.053,BMIM__HFPS,train,train
[bmim]__[HFPS]__R134a__348.05__0.2,891,[bmim],[HFPS],R134a,348.05,0.2,0.07,BMIM__HFPS,train,train
[bmim]__[HFPS]__R134a__348.05__0.2495,892,[bmim],[HFPS],R134a,348.05,0.2495,0.087,BMIM__HFPS,val,train
[bmim]__[HFPS]__R134a__348.05__0.3001,893,[bmim],[HFPS],R134a,348.05,0.3001,0.103,BMIM__HFPS,train,train
[bmim]__[HFPS]__R134a__348.1__0.3494,894,[bmim],[HFPS],R134a,348.1,0.3494,0.12,BMIM__HFPS,train,train
[bmim]__[MeSO4]__R32__298.15__0.0099,895,[bmim],[MeSO4],R32,298.15,0.0099,0.012,BMIM__MESO4,train,train
[bmim]__[MeSO4]__R32__298.15__0.1001,896,[bmim],[MeSO4],R32,298.15,0.1001,0.068,BMIM__MESO4,train,train
[bmim]__[MeSO4]__R32__298.15__0.2498,897,[bmim],[MeSO4],R32,298.15,0.2498,0.156,BMIM__MESO4,train,train
[bmim]__[MeSO4]__R32__298.15__0.3995,898,[bmim],[MeSO4],R32,298.15,0.3995,0.2339999999999999,BMIM__MESO4,train,train
[bmim]__[MeSO4]__R32__298.25__0.5501,899,[bmim],[MeSO4],R32,298.25,0.5501,0.305,BMIM__MESO4,train,train
[bmim]__[MeSO4]__R32__298.15__0.6995,900,[bmim],[MeSO4],R32,298.15,0.6995,0.374,BMIM__MESO4,train,train
[bmim]__[MeSO4]__R32__298.15__0.85,901,[bmim],[MeSO4],R32,298.15,0.85,0.432,BMIM__MESO4,train,train
[bmim]__[MeSO4]__R32__298.15__1.0006,902,[bmim],[MeSO4],R32,298.15,1.0006,0.489,BMIM__MESO4,val,train
[bmim]__[OTf]__R32__273.19__0.104,903,[bmim],[OTf],R32,273.19,0.104,0.14,BMIM__OTF,test,train
[bmim]__[OTf]__R32__273.15__0.195,904,[bmim],[OTf],R32,273.15,0.195,0.243,BMIM__OTF,test,train
[bmim]__[OTf]__R32__273.19__0.303,905,[bmim],[OTf],R32,273.19,0.303,0.358,BMIM__OTF,test,train
[bmim]__[OTf]__R32__273.13__0.412,906,[bmim],[OTf],R32,273.13,0.412,0.465,BMIM__OTF,test,train
[bmim]__[OTf]__R32__273.17__0.5,907,[bmim],[OTf],R32,273.17,0.5,0.547,BMIM__OTF,test,train
[bmim]__[OTf]__R32__273.17__0.593,908,[bmim],[OTf],R32,273.17,0.593,0.639,BMIM__OTF,test,train
[bmim]__[OTf]__R32__273.14__0.636,909,[bmim],[OTf],R32,273.14,0.636,0.683,BMIM__OTF,test,train
[bmim]__[OTf]__R32__298.12__0.098,910,[bmim],[OTf],R32,298.12,0.098,0.069,BMIM__OTF,test,train
[bmim]__[OTf]__R32__298.16__0.2,911,[bmim],[OTf],R32,298.16,0.2,0.139,BMIM__OTF,test,train
[bmim]__[OTf]__R32__298.12__0.301,912,[bmim],[OTf],R32,298.12,0.301,0.2,BMIM__OTF,test,train
[bmim]__[OTf]__R32__298.14__0.4,913,[bmim],[OTf],R32,298.14,0.4,0.264,BMIM__OTF,test,train
[bmim]__[OTf]__R32__298.16__0.53,914,[bmim],[OTf],R32,298.16,0.53,0.333,BMIM__OTF,test,train
[bmim]__[OTf]__R32__298.19__0.623,915,[bmim],[OTf],R32,298.19,0.623,0.384,BMIM__OTF,test,train
[bmim]__[OTf]__R32__298.15__0.723,916,[bmim],[OTf],R32,298.15,0.723,0.434,BMIM__OTF,test,train
[bmim]__[OTf]__R32__298.17__0.83,917,[bmim],[OTf],R32,298.17,0.83,0.484,BMIM__OTF,test,train
[bmim]__[OTf]__R32__298.13__0.902,918,[bmim],[OTf],R32,298.13,0.902,0.521,BMIM__OTF,test,train
[bmim]__[OTf]__R32__323.22__0.101,919,[bmim],[OTf],R32,323.22,0.101,0.047,BMIM__OTF,test,train
[bmim]__[OTf]__R32__323.16__0.205,920,[bmim],[OTf],R32,323.16,0.205,0.083,BMIM__OTF,test,train
[bmim]__[OTf]__R32__323.13__0.299,921,[bmim],[OTf],R32,323.13,0.299,0.117,BMIM__OTF,test,train
[bmim]__[OTf]__R32__323.12__0.4,922,[bmim],[OTf],R32,323.12,0.4,0.15,BMIM__OTF,test,train
[bmim]__[OTf]__R32__323.15__0.507,923,[bmim],[OTf],R32,323.15,0.507,0.191,BMIM__OTF,test,train
[bmim]__[OTf]__R32__348.12__0.103,924,[bmim],[OTf],R32,348.12,0.103,0.033,BMIM__OTF,test,train
[bmim]__[OTf]__R32__348.2__0.201,925,[bmim],[OTf],R32,348.2,0.201,0.065,BMIM__OTF,test,train
[bmim]__[OTf]__R32__348.23__0.299,926,[bmim],[OTf],R32,348.23,0.299,0.09,BMIM__OTF,test,train
[bmim]__[OTf]__R32__348.24__0.403,927,[bmim],[OTf],R32,348.24,0.403,0.114,BMIM__OTF,test,train
[bmim]__[OTf]__R32__348.15__0.5,928,[bmim],[OTf],R32,348.15,0.5,0.137,BMIM__OTF,test,train
[bmim]__[OTf]__R152a__273.22__0.056,929,[bmim],[OTf],R152a,273.22,0.056,0.095,BMIM__OTF,test,train
[bmim]__[OTf]__R152a__273.23__0.097,930,[bmim],[OTf],R152a,273.23,0.097,0.184,BMIM__OTF,test,train
[bmim]__[OTf]__R152a__273.24__0.144,931,[bmim],[OTf],R152a,273.24,0.144,0.302,BMIM__OTF,test,train
[bmim]__[OTf]__R152a__273.24__0.191,932,[bmim],[OTf],R152a,273.24,0.191,0.409,BMIM__OTF,test,train
[bmim]__[OTf]__R152a__298.14__0.117,933,[bmim],[OTf],R152a,298.14,0.117,0.121,BMIM__OTF,test,train
[bmim]__[OTf]__R152a__298.13__0.218,934,[bmim],[OTf],R152a,298.13,0.218,0.222,BMIM__OTF,test,train
[bmim]__[OTf]__R152a__298.18__0.29,935,[bmim],[OTf],R152a,298.18,0.29,0.306,BMIM__OTF,test,train
[bmim]__[OTf]__R152a__298.16__0.371,936,[bmim],[OTf],R152a,298.16,0.371,0.386,BMIM__OTF,test,train
[bmim]__[OTf]__R152a__298.16__0.46,937,[bmim],[OTf],R152a,298.16,0.46,0.496,BMIM__OTF,test,train
[bmim]__[OTf]__R152a__323.15__0.105,938,[bmim],[OTf],R152a,323.15,0.105,0.078,BMIM__OTF,test,train
[bmim]__[OTf]__R152a__323.15__0.248,939,[bmim],[OTf],R152a,323.15,0.248,0.182,BMIM__OTF,test,train
[bmim]__[OTf]__R152a__323.15__0.421,940,[bmim],[OTf],R152a,323.15,0.421,0.305,BMIM__OTF,test,train
[bmim]__[OTf]__R152a__323.15__0.5,941,[bmim],[OTf],R152a,323.15,0.5,0.35,BMIM__OTF,test,val
[bmim]__[OTf]__R152a__323.16__0.619,942,[bmim],[OTf],R152a,323.16,0.619,0.426,BMIM__OTF,test,train
[bmim]__[OTf]__R152a__323.15__0.734,943,[bmim],[OTf],R152a,323.15,0.734,0.494,BMIM__OTF,test,train
[bmim]__[OTf]__R152a__323.16__0.813,944,[bmim],[OTf],R152a,323.16,0.813,0.536,BMIM__OTF,test,train
[bmim]__[OTf]__R152a__348.13__0.107,945,[bmim],[OTf],R152a,348.13,0.107,0.06,BMIM__OTF,test,train
[bmim]__[OTf]__R152a__348.15__0.223,946,[bmim],[OTf],R152a,348.15,0.223,0.123,BMIM__OTF,test,train
[bmim]__[OTf]__R152a__348.15__0.313,947,[bmim],[OTf],R152a,348.15,0.313,0.178,BMIM__OTF,test,train
[bmim]__[OTf]__R152a__348.15__0.414,948,[bmim],[OTf],R152a,348.15,0.414,0.23,BMIM__OTF,test,train
[bmim]__[OTf]__R152a__348.18__0.513,949,[bmim],[OTf],R152a,348.18,0.513,0.291,BMIM__OTF,test,train
[bmim]__[OTf]__R152a__348.12__0.641,950,[bmim],[OTf],R152a,348.12,0.641,0.352,BMIM__OTF,test,train
[bmim]__[OTf]__R152a__348.13__0.743,951,[bmim],[OTf],R152a,348.13,0.743,0.399,BMIM__OTF,test,train
[bmim]__[OTf]__R152a__348.13__0.879,952,[bmim],[OTf],R152a,348.13,0.879,0.47,BMIM__OTF,test,train
[bmim]__[PF6]__R41__283.17__0.01,953,[bmim],[PF6],R41,283.17,0.01,0.002,BMIM__PF6,train,train
[bmim]__[PF6]__R41__283.14__0.0496,954,[bmim],[PF6],R41,283.14,0.0496,0.021,BMIM__PF6,train,train
[bmim]__[PF6]__R41__283.18__0.0999,955,[bmim],[PF6],R41,283.18,0.0999,0.044,BMIM__PF6,train,train
[bmim]__[PF6]__R41__283.09__0.3992,956,[bmim],[PF6],R41,283.09,0.3992,0.172,BMIM__PF6,train,train
[bmim]__[PF6]__R41__283.14__0.6992,957,[bmim],[PF6],R41,283.14,0.6992,0.282,BMIM__PF6,val,train
[bmim]__[PF6]__R41__283.17__0.9994,958,[bmim],[PF6],R41,283.17,0.9994,0.3779999999999999,BMIM__PF6,train,train
[bmim]__[PF6]__R41__283.12__1.2994,959,[bmim],[PF6],R41,283.12,1.2994,0.4629999999999999,BMIM__PF6,train,train
[bmim]__[PF6]__R41__283.16__1.5005,960,[bmim],[PF6],R41,283.16,1.5005,0.513,BMIM__PF6,train,train
[bmim]__[PF6]__R41__283.18__1.9995,961,[bmim],[PF6],R41,283.18,1.9995,0.637,BMIM__PF6,train,train
[bmim]__[PF6]__R41__298.05__0.0499,962,[bmim],[PF6],R41,298.05,0.0499,0.0139999999999999,BMIM__PF6,train,train
[bmim]__[PF6]__R41__298.18__0.0996,963,[bmim],[PF6],R41,298.18,0.0996,0.031,BMIM__PF6,train,train
[bmim]__[PF6]__R41__298__0.3995,964,[bmim],[PF6],R41,298.0,0.3995,0.126,BMIM__PF6,train,train
[bmim]__[PF6]__R41__298.17__0.6993,965,[bmim],[PF6],R41,298.17,0.6993,0.211,BMIM__PF6,train,val
[bmim]__[PF6]__R41__298.08__0.9993,966,[bmim],[PF6],R41,298.08,0.9993,0.286,BMIM__PF6,train,train
[bmim]__[PF6]__R41__297.97__1.2994,967,[bmim],[PF6],R41,297.97,1.2994,0.353,BMIM__PF6,train,train
[bmim]__[PF6]__R41__298.01__1.5005,968,[bmim],[PF6],R41,298.01,1.5005,0.392,BMIM__PF6,val,train
[bmim]__[PF6]__R41__298.05__1.9992,969,[bmim],[PF6],R41,298.05,1.9992,0.484,BMIM__PF6,train,train
[bmim]__[PF6]__R41__323.13__0.05,970,[bmim],[PF6],R41,323.13,0.05,0.006,BMIM__PF6,train,train
[bmim]__[PF6]__R41__323.16__0.0999,971,[bmim],[PF6],R41,323.16,0.0999,0.017,BMIM__PF6,train,train
[bmim]__[PF6]__R41__323.14__0.3996,972,[bmim],[PF6],R41,323.14,0.3996,0.079,BMIM__PF6,train,train
[bmim]__[PF6]__R41__323.14__0.6996,973,[bmim],[PF6],R41,323.14,0.6996,0.135,BMIM__PF6,train,train
[bmim]__[PF6]__R41__323.15__0.9993,974,[bmim],[PF6],R41,323.15,0.9993,0.187,BMIM__PF6,train,train
[bmim]__[PF6]__R41__323.15__1.2995,975,[bmim],[PF6],R41,323.15,1.2995,0.235,BMIM__PF6,train,train
[bmim]__[PF6]__R41__323.13__1.5003,976,[bmim],[PF6],R41,323.13,1.5003,0.264,BMIM__PF6,train,val
[bmim]__[PF6]__R41__323.16__1.9993,977,[bmim],[PF6],R41,323.16,1.9993,0.332,BMIM__PF6,train,val
[bmim]__[PF6]__R41__348.18__0.0097,978,[bmim],[PF6],R41,348.18,0.0097,0.002,BMIM__PF6,train,train
[bmim]__[PF6]__R41__348.15__0.0499,979,[bmim],[PF6],R41,348.15,0.0499,0.006,BMIM__PF6,val,train
[bmim]__[PF6]__R41__348.16__0.1001,980,[bmim],[PF6],R41,348.16,0.1001,0.0139999999999999,BMIM__PF6,train,train
[bmim]__[PF6]__R41__348.15__0.3998,981,[bmim],[PF6],R41,348.15,0.3998,0.0559999999999999,BMIM__PF6,val,train
[bmim]__[PF6]__R41__348.15__0.6998,982,[bmim],[PF6],R41,348.15,0.6998,0.095,BMIM__PF6,train,train
[bmim]__[PF6]__R41__348.15__0.9997,983,[bmim],[PF6],R41,348.15,0.9997,0.131,BMIM__PF6,train,train
[bmim]__[PF6]__R41__348.16__1.2992,984,[bmim],[PF6],R41,348.16,1.2992,0.166,BMIM__PF6,train,train
[bmim]__[PF6]__R41__348.15__1.5002,985,[bmim],[PF6],R41,348.15,1.5002,0.187,BMIM__PF6,train,train
[bmim]__[PF6]__R41__348.16__1.9993,986,[bmim],[PF6],R41,348.16,1.9993,0.238,BMIM__PF6,train,train
[bmim]__[PF6]__R32__283.2__0.0098,987,[bmim],[PF6],R32,283.2,0.0098,0.026,BMIM__PF6,train,train
[bmim]__[PF6]__R32__283.2__0.0996,988,[bmim],[PF6],R32,283.2,0.0996,0.106,BMIM__PF6,train,train
[bmim]__[PF6]__R32__283.2__0.2497,989,[bmim],[PF6],R32,283.2,0.2497,0.271,BMIM__PF6,train,train
[bmim]__[PF6]__R32__283.2__0.3996,990,[bmim],[PF6],R32,283.2,0.3996,0.428,BMIM__PF6,train,train
[bmim]__[PF6]__R32__283.2__0.5497,991,[bmim],[PF6],R32,283.2,0.5497,0.5579999999999999,BMIM__PF6,train,val
[bmim]__[PF6]__R32__283.2__0.6996,992,[bmim],[PF6],R32,283.2,0.6996,0.68,BMIM__PF6,train,train
[bmim]__[PF6]__R32__283.2__0.8495,993,[bmim],[PF6],R32,283.2,0.8495,0.815,BMIM__PF6,train,train
[bmim]__[PF6]__R32__298.1__0.0097,994,[bmim],[PF6],R32,298.1,0.0097,0.018,BMIM__PF6,train,train
[bmim]__[PF6]__R32__298.2__0.0995,995,[bmim],[PF6],R32,298.2,0.0995,0.076,BMIM__PF6,train,train
[bmim]__[PF6]__R32__298.2__0.2497,996,[bmim],[PF6],R32,298.2,0.2497,0.19,BMIM__PF6,train,train
[bmim]__[PF6]__R32__298.2__0.3998,997,[bmim],[PF6],R32,298.2,0.3998,0.297,BMIM__PF6,train,train
[bmim]__[PF6]__R32__298.1__0.5497,998,[bmim],[PF6],R32,298.1,0.5497,0.39,BMIM__PF6,train,train
[bmim]__[PF6]__R32__298.1__0.6995,999,[bmim],[PF6],R32,298.1,0.6995,0.475,BMIM__PF6,train,train
[bmim]__[PF6]__R32__298.2__0.8501,1000,[bmim],[PF6],R32,298.2,0.8501,0.552,BMIM__PF6,val,train
[bmim]__[PF6]__R32__298.1__0.9999,1001,[bmim],[PF6],R32,298.1,0.9999,0.628,BMIM__PF6,train,val
[bmim]__[PF6]__R32__322.8__0.0099,1002,[bmim],[PF6],R32,322.8,0.0099,0.006,BMIM__PF6,train,train
[bmim]__[PF6]__R32__323.1__0.0995,1003,[bmim],[PF6],R32,323.1,0.0995,0.047,BMIM__PF6,train,train
[bmim]__[PF6]__R32__323.1__0.2496,1004,[bmim],[PF6],R32,323.1,0.2496,0.113,BMIM__PF6,train,train
[bmim]__[PF6]__R32__323.1__0.3995,1005,[bmim],[PF6],R32,323.1,0.3995,0.174,BMIM__PF6,train,train
[bmim]__[PF6]__R32__323.1__0.5497,1006,[bmim],[PF6],R32,323.1,0.5497,0.231,BMIM__PF6,train,train
[bmim]__[PF6]__R32__323.1__0.6996,1007,[bmim],[PF6],R32,323.1,0.6996,0.285,BMIM__PF6,train,train
[bmim]__[PF6]__R32__323.15__0.8496,1008,[bmim],[PF6],R32,323.15,0.8496,0.335,BMIM__PF6,train,train
[bmim]__[PF6]__R32__323.15__0.9996,1009,[bmim],[PF6],R32,323.15,0.9996,0.382,BMIM__PF6,train,train
[bmim]__[PF6]__R32__348.2__0.0099,1010,[bmim],[PF6],R32,348.2,0.0099,0.003,BMIM__PF6,train,train
[bmim]__[PF6]__R32__348.2__0.0997,1011,[bmim],[PF6],R32,348.2,0.0997,0.0289999999999999,BMIM__PF6,val,train
[bmim]__[PF6]__R32__348.2__0.2495,1012,[bmim],[PF6],R32,348.2,0.2495,0.07,BMIM__PF6,train,val
[bmim]__[PF6]__R32__348.2__0.3994,1013,[bmim],[PF6],R32,348.2,0.3994,0.109,BMIM__PF6,train,train
[bmim]__[PF6]__R32__348.05__0.5498,1014,[bmim],[PF6],R32,348.05,0.5498,0.146,BMIM__PF6,val,val
[bmim]__[PF6]__R32__348.1__0.6997,1015,[bmim],[PF6],R32,348.1,0.6997,0.182,BMIM__PF6,train,train
[bmim]__[PF6]__R32__348.2__0.8496,1016,[bmim],[PF6],R32,348.2,0.8496,0.214,BMIM__PF6,train,train
[bmim]__[PF6]__R32__348.2__0.9999,1017,[bmim],[PF6],R32,348.2,0.9999,0.248,BMIM__PF6,train,train
[bmim]__[PF6]__R32__298.15__0.05,1018,[bmim],[PF6],R32,298.15,0.05,0.039,BMIM__PF6,train,train
[bmim]__[PF6]__R32__298.15__0.1,1019,[bmim],[PF6],R32,298.15,0.1,0.076,BMIM__PF6,val,train
[bmim]__[PF6]__R32__298.15__0.2,1020,[bmim],[PF6],R32,298.15,0.2,0.146,BMIM__PF6,train,train
[bmim]__[PF6]__R32__298.15__0.4,1021,[bmim],[PF6],R32,298.15,0.4,0.273,BMIM__PF6,train,val
[bmim]__[PF6]__R32__298.15__0.6,1022,[bmim],[PF6],R32,298.15,0.6,0.384,BMIM__PF6,train,train
[bmim]__[PF6]__R32__298.15__0.8,1023,[bmim],[PF6],R32,298.15,0.8,0.483,BMIM__PF6,train,train
[bmim]__[PF6]__R32__298.15__1,1024,[bmim],[PF6],R32,298.15,1.0,0.574,BMIM__PF6,train,train
[bmim]__[PF6]__R23__282.6__0.05,1025,[bmim],[PF6],R23,282.6,0.05,0.01,BMIM__PF6,train,val
[bmim]__[PF6]__R23__282.8__0.1098,1026,[bmim],[PF6],R23,282.8,0.1098,0.0279999999999999,BMIM__PF6,train,train
[bmim]__[PF6]__R23__282.6__0.4,1027,[bmim],[PF6],R23,282.6,0.4,0.113,BMIM__PF6,train,train
[bmim]__[PF6]__R23__282.6__0.7,1028,[bmim],[PF6],R23,282.6,0.7,0.2,BMIM__PF6,train,train
[bmim]__[PF6]__R23__282.6__0.9993,1029,[bmim],[PF6],R23,282.6,0.9993,0.284,BMIM__PF6,train,train
[bmim]__[PF6]__R23__282.7__1.2997,1030,[bmim],[PF6],R23,282.7,1.2997,0.365,BMIM__PF6,train,train
[bmim]__[PF6]__R23__282.6__1.4996,1031,[bmim],[PF6],R23,282.6,1.4996,0.419,BMIM__PF6,train,train
[bmim]__[PF6]__R23__283.1__2.0002,1032,[bmim],[PF6],R23,283.1,2.0002,0.535,BMIM__PF6,val,train
[bmim]__[PF6]__R23__298.1__0.0497,1033,[bmim],[PF6],R23,298.1,0.0497,0.008,BMIM__PF6,train,train
[bmim]__[PF6]__R23__298.1__0.0999,1034,[bmim],[PF6],R23,298.1,0.0999,0.018,BMIM__PF6,train,val
[bmim]__[PF6]__R23__298.1__0.3993,1035,[bmim],[PF6],R23,298.1,0.3993,0.079,BMIM__PF6,train,train
[bmim]__[PF6]__R23__298.1__0.6995,1036,[bmim],[PF6],R23,298.1,0.6995,0.138,BMIM__PF6,train,train
[bmim]__[PF6]__R23__298__1.0004,1037,[bmim],[PF6],R23,298.0,1.0004,0.195,BMIM__PF6,train,train
[bmim]__[PF6]__R23__298.1__1.3006,1038,[bmim],[PF6],R23,298.1,1.3006,0.25,BMIM__PF6,train,train
[bmim]__[PF6]__R23__298.1__1.5,1039,[bmim],[PF6],R23,298.1,1.5,0.284,BMIM__PF6,train,train
[bmim]__[PF6]__R23__298.1__1.9999,1040,[bmim],[PF6],R23,298.1,1.9999,0.373,BMIM__PF6,train,val
[bmim]__[PF6]__R23__323.1__0.0098,1041,[bmim],[PF6],R23,323.1,0.0098,0.0,BMIM__PF6,train,train
[bmim]__[PF6]__R23__323.1__0.0498,1042,[bmim],[PF6],R23,323.1,0.0498,0.005,BMIM__PF6,train,train
[bmim]__[PF6]__R23__323.1__0.0996,1043,[bmim],[PF6],R23,323.1,0.0996,0.011,BMIM__PF6,train,train
[bmim]__[PF6]__R23__323.1__0.3996,1044,[bmim],[PF6],R23,323.1,0.3996,0.05,BMIM__PF6,train,train
[bmim]__[PF6]__R23__323.2__0.7004,1045,[bmim],[PF6],R23,323.2,0.7004,0.086,BMIM__PF6,train,train
[bmim]__[PF6]__R23__323.1__1.0004,1046,[bmim],[PF6],R23,323.1,1.0004,0.121,BMIM__PF6,val,train
[bmim]__[PF6]__R23__323.2__1.2993,1047,[bmim],[PF6],R23,323.2,1.2993,0.156,BMIM__PF6,train,val
[bmim]__[PF6]__R23__323.1__1.5001,1048,[bmim],[PF6],R23,323.1,1.5001,0.179,BMIM__PF6,val,train
[bmim]__[PF6]__R23__323.2__1.9993,1049,[bmim],[PF6],R23,323.2,1.9993,0.231,BMIM__PF6,train,train
[bmim]__[PF6]__R23__348.1__0.0096,1050,[bmim],[PF6],R23,348.1,0.0096,0.001,BMIM__PF6,train,train
[bmim]__[PF6]__R23__348.1__0.0497,1051,[bmim],[PF6],R23,348.1,0.0497,0.003,BMIM__PF6,train,train
[bmim]__[PF6]__R23__348.1__0.0997,1052,[bmim],[PF6],R23,348.1,0.0997,0.008,BMIM__PF6,train,train
[bmim]__[PF6]__R23__348.1__0.3997,1053,[bmim],[PF6],R23,348.1,0.3997,0.033,BMIM__PF6,train,train
[bmim]__[PF6]__R23__348.1__0.7002,1054,[bmim],[PF6],R23,348.1,0.7002,0.057,BMIM__PF6,train,train
[bmim]__[PF6]__R23__348.1__0.9993,1055,[bmim],[PF6],R23,348.1,0.9993,0.08,BMIM__PF6,train,train
[bmim]__[PF6]__R23__348__1.3003,1056,[bmim],[PF6],R23,348.0,1.3003,0.105,BMIM__PF6,train,train
[bmim]__[PF6]__R23__348.1__1.4994,1057,[bmim],[PF6],R23,348.1,1.4994,0.12,BMIM__PF6,train,train
[bmim]__[PF6]__R23__348.1__2,1058,[bmim],[PF6],R23,348.1,2.0,0.149,BMIM__PF6,train,train
[bmim]__[PF6]__R161__283.18__0.0099,1059,[bmim],[PF6],R161,283.18,0.0099,0.009,BMIM__PF6,train,train
[bmim]__[PF6]__R161__283.22__0.1,1060,[bmim],[PF6],R161,283.22,0.1,0.107,BMIM__PF6,train,train
[bmim]__[PF6]__R161__283.18__0.1994,1061,[bmim],[PF6],R161,283.18,0.1994,0.221,BMIM__PF6,train,train
[bmim]__[PF6]__R161__283.06__0.2995,1062,[bmim],[PF6],R161,283.06,0.2995,0.3289999999999999,BMIM__PF6,train,val
[bmim]__[PF6]__R161__283.18__0.3992,1063,[bmim],[PF6],R161,283.18,0.3992,0.4429999999999999,BMIM__PF6,train,train
[bmim]__[PF6]__R161__283.22__0.4993,1064,[bmim],[PF6],R161,283.22,0.4993,0.575,BMIM__PF6,train,train
[bmim]__[PF6]__R161__297.98__0.01,1065,[bmim],[PF6],R161,297.98,0.01,0.0069999999999999,BMIM__PF6,train,train
[bmim]__[PF6]__R161__298.05__0.1,1066,[bmim],[PF6],R161,298.05,0.1,0.073,BMIM__PF6,train,train
[bmim]__[PF6]__R161__298.06__0.1999,1067,[bmim],[PF6],R161,298.06,0.1999,0.144,BMIM__PF6,train,train
[bmim]__[PF6]__R161__298.17__0.2993,1068,[bmim],[PF6],R161,298.17,0.2993,0.215,BMIM__PF6,train,train
[bmim]__[PF6]__R161__298.2__0.3992,1069,[bmim],[PF6],R161,298.2,0.3992,0.283,BMIM__PF6,train,train
[bmim]__[PF6]__R161__298.06__0.4994,1070,[bmim],[PF6],R161,298.06,0.4994,0.351,BMIM__PF6,train,train
[bmim]__[PF6]__R161__297.99__0.5996,1071,[bmim],[PF6],R161,297.99,0.5996,0.42,BMIM__PF6,train,train
[bmim]__[PF6]__R161__298.08__0.6994,1072,[bmim],[PF6],R161,298.08,0.6994,0.496,BMIM__PF6,train,val
[bmim]__[PF6]__R161__323.15__0.01,1073,[bmim],[PF6],R161,323.15,0.01,0.005,BMIM__PF6,train,train
[bmim]__[PF6]__R161__323.18__0.0997,1074,[bmim],[PF6],R161,323.18,0.0997,0.0409999999999999,BMIM__PF6,train,train
[bmim]__[PF6]__R161__323.14__0.1996,1075,[bmim],[PF6],R161,323.14,0.1996,0.0819999999999999,BMIM__PF6,val,train
[bmim]__[PF6]__R161__323.16__0.2996,1076,[bmim],[PF6],R161,323.16,0.2996,0.122,BMIM__PF6,train,train
[bmim]__[PF6]__R161__323.13__0.3996,1077,[bmim],[PF6],R161,323.13,0.3996,0.16,BMIM__PF6,val,train
[bmim]__[PF6]__R161__323.16__0.4999,1078,[bmim],[PF6],R161,323.16,0.4999,0.198,BMIM__PF6,train,train
[bmim]__[PF6]__R161__323.12__0.6002,1079,[bmim],[PF6],R161,323.12,0.6002,0.235,BMIM__PF6,train,train
[bmim]__[PF6]__R161__323.16__0.7005,1080,[bmim],[PF6],R161,323.16,0.7005,0.27,BMIM__PF6,train,train
[bmim]__[PF6]__R161__348.16__0.01,1081,[bmim],[PF6],R161,348.16,0.01,0.003,BMIM__PF6,train,train
[bmim]__[PF6]__R161__348.16__0.1001,1082,[bmim],[PF6],R161,348.16,0.1001,0.025,BMIM__PF6,train,train
[bmim]__[PF6]__R161__348.16__0.1998,1083,[bmim],[PF6],R161,348.16,0.1998,0.051,BMIM__PF6,train,train
[bmim]__[PF6]__R161__348.13__0.2996,1084,[bmim],[PF6],R161,348.13,0.2996,0.076,BMIM__PF6,val,val
[bmim]__[PF6]__R161__348.13__0.3996,1085,[bmim],[PF6],R161,348.13,0.3996,0.1,BMIM__PF6,train,train
[bmim]__[PF6]__R161__348.15__0.4998,1086,[bmim],[PF6],R161,348.15,0.4998,0.124,BMIM__PF6,train,train
[bmim]__[PF6]__R161__348.15__0.5998,1087,[bmim],[PF6],R161,348.15,0.5998,0.147,BMIM__PF6,train,train
[bmim]__[PF6]__R161__348.14__0.7003,1088,[bmim],[PF6],R161,348.14,0.7003,0.17,BMIM__PF6,train,train
[bmim]__[PF6]__R152a__283.2__0.0097,1089,[bmim],[PF6],R152a,283.2,0.0097,0.021,BMIM__PF6,val,train
[bmim]__[PF6]__R152a__283.2__0.0499,1090,[bmim],[PF6],R152a,283.2,0.0499,0.103,BMIM__PF6,train,val
[bmim]__[PF6]__R152a__283.2__0.0993,1091,[bmim],[PF6],R152a,283.2,0.0993,0.21,BMIM__PF6,train,train
[bmim]__[PF6]__R152a__283.2__0.1499,1092,[bmim],[PF6],R152a,283.2,0.1499,0.302,BMIM__PF6,train,train
[bmim]__[PF6]__R152a__283.1__0.2001,1093,[bmim],[PF6],R152a,283.1,0.2001,0.409,BMIM__PF6,train,train
[bmim]__[PF6]__R152a__283.1__0.2495,1094,[bmim],[PF6],R152a,283.1,0.2495,0.523,BMIM__PF6,train,train
[bmim]__[PF6]__R152a__283.1__0.3196,1095,[bmim],[PF6],R152a,283.1,0.3196,0.799,BMIM__PF6,train,train
[bmim]__[PF6]__R152a__298.2__0.01,1096,[bmim],[PF6],R152a,298.2,0.01,0.03,BMIM__PF6,train,train
[bmim]__[PF6]__R152a__298.2__0.0501,1097,[bmim],[PF6],R152a,298.2,0.0501,0.077,BMIM__PF6,train,train
[bmim]__[PF6]__R152a__298.1__0.0998,1098,[bmim],[PF6],R152a,298.1,0.0998,0.136,BMIM__PF6,train,train
[bmim]__[PF6]__R152a__298.2__0.1492,1099,[bmim],[PF6],R152a,298.2,0.1492,0.195,BMIM__PF6,train,train
[bmim]__[PF6]__R152a__298.2__0.2497,1100,[bmim],[PF6],R152a,298.2,0.2497,0.312,BMIM__PF6,train,train
[bmim]__[PF6]__R152a__298.2__0.3482,1101,[bmim],[PF6],R152a,298.2,0.3482,0.435,BMIM__PF6,train,val
[bmim]__[PF6]__R152a__298.2__0.4505,1102,[bmim],[PF6],R152a,298.2,0.4505,0.5770000000000001,BMIM__PF6,train,train
[bmim]__[PF6]__R152a__323.3__0.0099,1103,[bmim],[PF6],R152a,323.3,0.0099,0.0069999999999999,BMIM__PF6,train,val
[bmim]__[PF6]__R152a__323.3__0.0501,1104,[bmim],[PF6],R152a,323.3,0.0501,0.03,BMIM__PF6,val,val
[bmim]__[PF6]__R152a__323.2__0.1002,1105,[bmim],[PF6],R152a,323.2,0.1002,0.06,BMIM__PF6,train,train
[bmim]__[PF6]__R152a__323.2__0.1502,1106,[bmim],[PF6],R152a,323.2,0.1502,0.089,BMIM__PF6,train,train
[bmim]__[PF6]__R152a__323.2__0.2497,1107,[bmim],[PF6],R152a,323.2,0.2497,0.146,BMIM__PF6,train,val
[bmim]__[PF6]__R152a__323.3__0.3495,1108,[bmim],[PF6],R152a,323.3,0.3495,0.201,BMIM__PF6,train,val
[bmim]__[PF6]__R152a__323.2__0.4505,1109,[bmim],[PF6],R152a,323.2,0.4505,0.256,BMIM__PF6,train,train
[bmim]__[PF6]__R152a__348.1__0.0103,1110,[bmim],[PF6],R152a,348.1,0.0103,0.005,BMIM__PF6,val,train
[bmim]__[PF6]__R152a__348.1__0.0502,1111,[bmim],[PF6],R152a,348.1,0.0502,0.018,BMIM__PF6,train,train
[bmim]__[PF6]__R152a__348.1__0.1002,1112,[bmim],[PF6],R152a,348.1,0.1002,0.035,BMIM__PF6,train,train
[bmim]__[PF6]__R152a__348.1__0.1501,1113,[bmim],[PF6],R152a,348.1,0.1501,0.053,BMIM__PF6,train,train
[bmim]__[PF6]__R152a__348.2__0.2496,1114,[bmim],[PF6],R152a,348.2,0.2496,0.086,BMIM__PF6,train,train
[bmim]__[PF6]__R152a__348.2__0.3497,1115,[bmim],[PF6],R152a,348.2,0.3497,0.118,BMIM__PF6,train,train
[bmim]__[PF6]__R152a__348__0.45,1116,[bmim],[PF6],R152a,348.0,0.45,0.15,BMIM__PF6,train,val
[bmim]__[PF6]__R143a__284.9__0.0096,1117,[bmim],[PF6],R143a,284.9,0.0096,0.003,BMIM__PF6,train,train
[bmim]__[PF6]__R143a__285.2__0.0997,1118,[bmim],[PF6],R143a,285.2,0.0997,0.0289999999999999,BMIM__PF6,train,train
[bmim]__[PF6]__R143a__285.1__0.1983,1119,[bmim],[PF6],R143a,285.1,0.1983,0.061,BMIM__PF6,train,train
[bmim]__[PF6]__R143a__285.2__0.2974,1120,[bmim],[PF6],R143a,285.2,0.2974,0.094,BMIM__PF6,train,train
[bmim]__[PF6]__R143a__285.5__0.3981,1121,[bmim],[PF6],R143a,285.5,0.3981,0.125,BMIM__PF6,train,train
[bmim]__[PF6]__R143a__285.2__0.4998,1122,[bmim],[PF6],R143a,285.2,0.4998,0.159,BMIM__PF6,train,train
[bmim]__[PF6]__R143a__285.2__0.5982,1123,[bmim],[PF6],R143a,285.2,0.5982,0.192,BMIM__PF6,train,train
[bmim]__[PF6]__R143a__285.4__0.6998,1124,[bmim],[PF6],R143a,285.4,0.6998,0.2239999999999999,BMIM__PF6,train,train
[bmim]__[PF6]__R143a__285.4__0.7483,1125,[bmim],[PF6],R143a,285.4,0.7483,0.241,BMIM__PF6,train,train
[bmim]__[PF6]__R143a__298.2__0.0095,1126,[bmim],[PF6],R143a,298.2,0.0095,0.004,BMIM__PF6,train,train
[bmim]__[PF6]__R143a__298.1__0.0997,1127,[bmim],[PF6],R143a,298.1,0.0997,0.023,BMIM__PF6,train,train
[bmim]__[PF6]__R143a__298.1__0.2005,1128,[bmim],[PF6],R143a,298.1,0.2005,0.042,BMIM__PF6,train,train
[bmim]__[PF6]__R143a__298.1__0.299,1129,[bmim],[PF6],R143a,298.1,0.299,0.069,BMIM__PF6,train,train
[bmim]__[PF6]__R143a__298.1__0.4015,1130,[bmim],[PF6],R143a,298.1,0.4015,0.091,BMIM__PF6,train,train
[bmim]__[PF6]__R143a__298.1__0.4989,1131,[bmim],[PF6],R143a,298.1,0.4989,0.114,BMIM__PF6,train,train
[bmim]__[PF6]__R143a__298.1__0.5986,1132,[bmim],[PF6],R143a,298.1,0.5986,0.136,BMIM__PF6,train,val
[bmim]__[PF6]__R143a__298.1__0.7002,1133,[bmim],[PF6],R143a,298.1,0.7002,0.159,BMIM__PF6,train,train
[bmim]__[PF6]__R143a__298.1__0.7501,1134,[bmim],[PF6],R143a,298.1,0.7501,0.1689999999999999,BMIM__PF6,train,train
[bmim]__[PF6]__R143a__323.1__0.0105,1135,[bmim],[PF6],R143a,323.1,0.0105,0.001,BMIM__PF6,val,train
[bmim]__[PF6]__R143a__323.1__0.1002,1136,[bmim],[PF6],R143a,323.1,0.1002,0.013,BMIM__PF6,train,train
[bmim]__[PF6]__R143a__323.3__0.2005,1137,[bmim],[PF6],R143a,323.3,0.2005,0.027,BMIM__PF6,train,train
[bmim]__[PF6]__R143a__323.2__0.3,1138,[bmim],[PF6],R143a,323.2,0.3,0.0409999999999999,BMIM__PF6,train,train
[bmim]__[PF6]__R143a__323.2__0.4002,1139,[bmim],[PF6],R143a,323.2,0.4002,0.054,BMIM__PF6,train,train
[bmim]__[PF6]__R143a__323.2__0.5005,1140,[bmim],[PF6],R143a,323.2,0.5005,0.068,BMIM__PF6,train,val
[bmim]__[PF6]__R143a__323.2__0.6004,1141,[bmim],[PF6],R143a,323.2,0.6004,0.081,BMIM__PF6,train,train
[bmim]__[PF6]__R143a__323.2__0.7003,1142,[bmim],[PF6],R143a,323.2,0.7003,0.094,BMIM__PF6,val,train
[bmim]__[PF6]__R143a__323.2__1.0003,1143,[bmim],[PF6],R143a,323.2,1.0003,0.131,BMIM__PF6,train,train
[bmim]__[PF6]__R143a__348.2__0.0099,1144,[bmim],[PF6],R143a,348.2,0.0099,0.0,BMIM__PF6,train,train
[bmim]__[PF6]__R143a__348.1__0.1,1145,[bmim],[PF6],R143a,348.1,0.1,0.009,BMIM__PF6,train,train
[bmim]__[PF6]__R143a__348__0.1996,1146,[bmim],[PF6],R143a,348.0,0.1996,0.018,BMIM__PF6,train,train
[bmim]__[PF6]__R143a__348.1__0.3,1147,[bmim],[PF6],R143a,348.1,0.3,0.027,BMIM__PF6,train,train
[bmim]__[PF6]__R143a__348.1__0.4002,1148,[bmim],[PF6],R143a,348.1,0.4002,0.036,BMIM__PF6,train,train
[bmim]__[PF6]__R143a__348.1__0.5003,1149,[bmim],[PF6],R143a,348.1,0.5003,0.045,BMIM__PF6,val,train
[bmim]__[PF6]__R143a__348.2__0.5998,1150,[bmim],[PF6],R143a,348.2,0.5998,0.054,BMIM__PF6,train,train
[bmim]__[PF6]__R143a__348.2__0.7003,1151,[bmim],[PF6],R143a,348.2,0.7003,0.063,BMIM__PF6,val,val
[bmim]__[PF6]__R143a__348.1__1.0004,1152,[bmim],[PF6],R143a,348.1,1.0004,0.086,BMIM__PF6,train,val
[bmim]__[PF6]__R134__283.13__0.0101,1153,[bmim],[PF6],R134,283.13,0.0101,0.031,BMIM__PF6,train,train
[bmim]__[PF6]__R134__283.11__0.0502,1154,[bmim],[PF6],R134,283.11,0.0502,0.19,BMIM__PF6,train,val
[bmim]__[PF6]__R134__283.15__0.1,1155,[bmim],[PF6],R134,283.15,0.1,0.3779999999999999,BMIM__PF6,train,train
[bmim]__[PF6]__R134__283.15__0.1503,1156,[bmim],[PF6],R134,283.15,0.1503,0.542,BMIM__PF6,train,train
[bmim]__[PF6]__R134__283.13__0.2002,1157,[bmim],[PF6],R134,283.13,0.2002,0.685,BMIM__PF6,train,val
[bmim]__[PF6]__R134__283.31__0.2498,1158,[bmim],[PF6],R134,283.31,0.2498,0.789,BMIM__PF6,train,train
[bmim]__[PF6]__R134__298.17__0.0105,1159,[bmim],[PF6],R134,298.17,0.0105,0.024,BMIM__PF6,train,train
[bmim]__[PF6]__R134__298.08__0.0504,1160,[bmim],[PF6],R134,298.08,0.0504,0.1159999999999999,BMIM__PF6,train,train
[bmim]__[PF6]__R134__298.04__0.1004,1161,[bmim],[PF6],R134,298.04,0.1004,0.225,BMIM__PF6,train,train
[bmim]__[PF6]__R134__298.08__0.1503,1162,[bmim],[PF6],R134,298.08,0.1503,0.33,BMIM__PF6,train,train
[bmim]__[PF6]__R134__298.07__0.2003,1163,[bmim],[PF6],R134,298.07,0.2003,0.428,BMIM__PF6,train,train
[bmim]__[PF6]__R134__298.15__0.2502,1164,[bmim],[PF6],R134,298.15,0.2502,0.522,BMIM__PF6,train,train
[bmim]__[PF6]__R134__298.05__0.3,1165,[bmim],[PF6],R134,298.05,0.3,0.611,BMIM__PF6,train,train
[bmim]__[PF6]__R134__298.09__0.3503,1166,[bmim],[PF6],R134,298.09,0.3503,0.6890000000000001,BMIM__PF6,train,train
[bmim]__[PF6]__R134__323.12__0.0105,1167,[bmim],[PF6],R134,323.12,0.0105,0.006,BMIM__PF6,train,val
[bmim]__[PF6]__R134__323.12__0.0504,1168,[bmim],[PF6],R134,323.12,0.0504,0.049,BMIM__PF6,val,train
[bmim]__[PF6]__R134__323.14__0.1004,1169,[bmim],[PF6],R134,323.14,0.1004,0.103,BMIM__PF6,train,train
[bmim]__[PF6]__R134__323.16__0.1504,1170,[bmim],[PF6],R134,323.16,0.1504,0.155,BMIM__PF6,train,train
[bmim]__[PF6]__R134__323.13__0.2004,1171,[bmim],[PF6],R134,323.13,0.2004,0.205,BMIM__PF6,train,train
[bmim]__[PF6]__R134__323.15__0.2504,1172,[bmim],[PF6],R134,323.15,0.2504,0.255,BMIM__PF6,train,train
[bmim]__[PF6]__R134__323.12__0.3002,1173,[bmim],[PF6],R134,323.12,0.3002,0.302,BMIM__PF6,train,train
[bmim]__[PF6]__R134__323.16__0.3505,1174,[bmim],[PF6],R134,323.16,0.3505,0.346,BMIM__PF6,val,train
[bmim]__[PF6]__R134__348.08__0.0105,1175,[bmim],[PF6],R134,348.08,0.0105,0.006,BMIM__PF6,train,train
[bmim]__[PF6]__R134__348.16__0.0505,1176,[bmim],[PF6],R134,348.16,0.0505,0.0289999999999999,BMIM__PF6,train,train
[bmim]__[PF6]__R134__348.14__0.1004,1177,[bmim],[PF6],R134,348.14,0.1004,0.0579999999999999,BMIM__PF6,train,train
[bmim]__[PF6]__R134__348.16__0.1504,1178,[bmim],[PF6],R134,348.16,0.1504,0.087,BMIM__PF6,train,train
[bmim]__[PF6]__R134__348.14__0.2004,1179,[bmim],[PF6],R134,348.14,0.2004,0.114,BMIM__PF6,val,train
[bmim]__[PF6]__R134__348.16__0.2503,1180,[bmim],[PF6],R134,348.16,0.2503,0.141,BMIM__PF6,train,train
[bmim]__[PF6]__R134__348.15__0.3,1181,[bmim],[PF6],R134,348.15,0.3,0.1669999999999999,BMIM__PF6,train,train
[bmim]__[PF6]__R134__348.14__0.35,1182,[bmim],[PF6],R134,348.14,0.35,0.196,BMIM__PF6,train,train
[bmim]__[PF6]__R134a__283__0.01,1183,[bmim],[PF6],R134a,283.0,0.01,0.003,BMIM__PF6,train,train
[bmim]__[PF6]__R134a__283.2__0.0498,1184,[bmim],[PF6],R134a,283.2,0.0498,0.05,BMIM__PF6,train,train
[bmim]__[PF6]__R134a__283.1__0.0999,1185,[bmim],[PF6],R134a,283.1,0.0999,0.126,BMIM__PF6,train,train
[bmim]__[PF6]__R134a__283.1__0.1498,1186,[bmim],[PF6],R134a,283.1,0.1498,0.213,BMIM__PF6,val,train
[bmim]__[PF6]__R134a__283.1__0.2002,1187,[bmim],[PF6],R134a,283.1,0.2002,0.305,BMIM__PF6,train,train
[bmim]__[PF6]__R134a__283.1__0.2491,1188,[bmim],[PF6],R134a,283.1,0.2491,0.4039999999999999,BMIM__PF6,train,train
[bmim]__[PF6]__R134a__283.1__0.2997,1189,[bmim],[PF6],R134a,283.1,0.2997,0.519,BMIM__PF6,train,train
[bmim]__[PF6]__R134a__283.1__0.349,1190,[bmim],[PF6],R134a,283.1,0.349,0.7240000000000001,BMIM__PF6,train,train
[bmim]__[PF6]__R134a__298.2__0.01,1191,[bmim],[PF6],R134a,298.2,0.01,0.011,BMIM__PF6,train,train
[bmim]__[PF6]__R134a__298.1__0.0498,1192,[bmim],[PF6],R134a,298.1,0.0498,0.042,BMIM__PF6,val,train
[bmim]__[PF6]__R134a__298.2__0.0997,1193,[bmim],[PF6],R134a,298.2,0.0997,0.086,BMIM__PF6,train,train
[bmim]__[PF6]__R134a__298.2__0.1499,1194,[bmim],[PF6],R134a,298.2,0.1499,0.13,BMIM__PF6,train,train
[bmim]__[PF6]__R134a__298.2__0.1993,1195,[bmim],[PF6],R134a,298.2,0.1993,0.176,BMIM__PF6,train,train
[bmim]__[PF6]__R134a__298.1__0.25,1196,[bmim],[PF6],R134a,298.1,0.25,0.2239999999999999,BMIM__PF6,train,train
[bmim]__[PF6]__R134a__298.2__0.2995,1197,[bmim],[PF6],R134a,298.2,0.2995,0.275,BMIM__PF6,train,train
[bmim]__[PF6]__R134a__298.1__0.35,1198,[bmim],[PF6],R134a,298.1,0.35,0.326,BMIM__PF6,train,train
[bmim]__[PF6]__R134a__323.1__0.0099,1199,[bmim],[PF6],R134a,323.1,0.0099,0.004,BMIM__PF6,train,train
[bmim]__[PF6]__R134a__323.2__0.0498,1200,[bmim],[PF6],R134a,323.2,0.0498,0.021,BMIM__PF6,train,train
[bmim]__[PF6]__R134a__323.1__0.0997,1201,[bmim],[PF6],R134a,323.1,0.0997,0.043,BMIM__PF6,train,train
[bmim]__[PF6]__R134a__323.1__0.1499,1202,[bmim],[PF6],R134a,323.1,0.1499,0.065,BMIM__PF6,train,train
[bmim]__[PF6]__R134a__323.2__0.199,1203,[bmim],[PF6],R134a,323.2,0.199,0.087,BMIM__PF6,train,train
[bmim]__[PF6]__R134a__323.2__0.249,1204,[bmim],[PF6],R134a,323.2,0.249,0.109,BMIM__PF6,train,train
[bmim]__[PF6]__R134a__323.2__0.299,1205,[bmim],[PF6],R134a,323.2,0.299,0.131,BMIM__PF6,train,train
[bmim]__[PF6]__R134a__323.2__0.3493,1206,[bmim],[PF6],R134a,323.2,0.3493,0.154,BMIM__PF6,train,train
[bmim]__[PF6]__R134a__348.2__0.0097,1207,[bmim],[PF6],R134a,348.2,0.0097,0.0,BMIM__PF6,train,train
[bmim]__[PF6]__R134a__348.1__0.0498,1208,[bmim],[PF6],R134a,348.1,0.0498,0.009,BMIM__PF6,train,train
[bmim]__[PF6]__R134a__348.1__0.0993,1209,[bmim],[PF6],R134a,348.1,0.0993,0.022,BMIM__PF6,train,train
[bmim]__[PF6]__R134a__348.1__0.1501,1210,[bmim],[PF6],R134a,348.1,0.1501,0.035,BMIM__PF6,train,train
[bmim]__[PF6]__R134a__348.2__0.1998,1211,[bmim],[PF6],R134a,348.2,0.1998,0.047,BMIM__PF6,train,train
[bmim]__[PF6]__R134a__348.2__0.2501,1212,[bmim],[PF6],R134a,348.2,0.2501,0.059,BMIM__PF6,val,train
[bmim]__[PF6]__R134a__348.2__0.3002,1213,[bmim],[PF6],R134a,348.2,0.3002,0.072,BMIM__PF6,train,val
[bmim]__[PF6]__R134a__348.2__0.349,1214,[bmim],[PF6],R134a,348.2,0.349,0.085,BMIM__PF6,train,train
[bmim]__[PF6]__R125__283.1__0.0099,1215,[bmim],[PF6],R125,283.1,0.0099,0.013,BMIM__PF6,train,train
[bmim]__[PF6]__R125__283.2__0.0996,1216,[bmim],[PF6],R125,283.2,0.0996,0.034,BMIM__PF6,train,val
[bmim]__[PF6]__R125__283.3__0.1996,1217,[bmim],[PF6],R125,283.3,0.1996,0.075,BMIM__PF6,train,train
[bmim]__[PF6]__R125__283.2__0.2996,1218,[bmim],[PF6],R125,283.2,0.2996,0.126,BMIM__PF6,train,train
[bmim]__[PF6]__R125__283.3__0.3996,1219,[bmim],[PF6],R125,283.3,0.3996,0.185,BMIM__PF6,train,train
[bmim]__[PF6]__R125__283.1__0.4997,1220,[bmim],[PF6],R125,283.1,0.4997,0.255,BMIM__PF6,train,train
[bmim]__[PF6]__R125__283.2__0.5997,1221,[bmim],[PF6],R125,283.2,0.5997,0.342,BMIM__PF6,val,train
[bmim]__[PF6]__R125__283.1__0.6996,1222,[bmim],[PF6],R125,283.1,0.6996,0.462,BMIM__PF6,val,val
[bmim]__[PF6]__R125__283.2__0.7998,1223,[bmim],[PF6],R125,283.2,0.7998,0.66,BMIM__PF6,train,train
[bmim]__[PF6]__R125__298.2__0.0098,1224,[bmim],[PF6],R125,298.2,0.0098,0.003,BMIM__PF6,train,val
[bmim]__[PF6]__R125__298.2__0.0996,1225,[bmim],[PF6],R125,298.2,0.0996,0.023,BMIM__PF6,train,train
[bmim]__[PF6]__R125__298.2__0.1998,1226,[bmim],[PF6],R125,298.2,0.1998,0.05,BMIM__PF6,train,val
[bmim]__[PF6]__R125__298.1__0.2995,1227,[bmim],[PF6],R125,298.1,0.2995,0.08,BMIM__PF6,train,val
[bmim]__[PF6]__R125__298.2__0.3998,1228,[bmim],[PF6],R125,298.2,0.3998,0.111,BMIM__PF6,train,train
[bmim]__[PF6]__R125__298.2__0.4995,1229,[bmim],[PF6],R125,298.2,0.4995,0.143,BMIM__PF6,train,train
[bmim]__[PF6]__R125__298.2__0.5995,1230,[bmim],[PF6],R125,298.2,0.5995,0.18,BMIM__PF6,train,train
[bmim]__[PF6]__R125__298.2__0.7996,1231,[bmim],[PF6],R125,298.2,0.7996,0.261,BMIM__PF6,train,train
[bmim]__[PF6]__R125__298.1__0.9998,1232,[bmim],[PF6],R125,298.1,0.9998,0.363,BMIM__PF6,train,train
[bmim]__[PF6]__R125__323.1__0.01,1233,[bmim],[PF6],R125,323.1,0.01,0.0,BMIM__PF6,train,train
[bmim]__[PF6]__R125__323.1__0.0996,1234,[bmim],[PF6],R125,323.1,0.0996,0.013,BMIM__PF6,train,train
[bmim]__[PF6]__R125__323.1__0.1998,1235,[bmim],[PF6],R125,323.1,0.1998,0.0279999999999999,BMIM__PF6,train,train
[bmim]__[PF6]__R125__323.2__0.3,1236,[bmim],[PF6],R125,323.2,0.3,0.042,BMIM__PF6,train,train
[bmim]__[PF6]__R125__323.1__0.3997,1237,[bmim],[PF6],R125,323.1,0.3997,0.057,BMIM__PF6,train,val
[bmim]__[PF6]__R125__323.2__0.4999,1238,[bmim],[PF6],R125,323.2,0.4999,0.072,BMIM__PF6,train,train
[bmim]__[PF6]__R125__323.1__0.5996,1239,[bmim],[PF6],R125,323.1,0.5996,0.087,BMIM__PF6,train,train
[bmim]__[PF6]__R125__323.1__0.7997,1240,[bmim],[PF6],R125,323.1,0.7997,0.12,BMIM__PF6,train,train
[bmim]__[PF6]__R125__323.1__0.9996,1241,[bmim],[PF6],R125,323.1,0.9996,0.154,BMIM__PF6,train,train
[bmim]__[PF6]__R125__348.2__0.0102,1242,[bmim],[PF6],R125,348.2,0.0102,0.0,BMIM__PF6,train,train
[bmim]__[PF6]__R125__348.1__0.0997,1243,[bmim],[PF6],R125,348.1,0.0997,0.0069999999999999,BMIM__PF6,train,val
[bmim]__[PF6]__R125__348.2__0.1996,1244,[bmim],[PF6],R125,348.2,0.1996,0.016,BMIM__PF6,train,train
[bmim]__[PF6]__R125__348.3__0.2997,1245,[bmim],[PF6],R125,348.3,0.2997,0.025,BMIM__PF6,train,train
[bmim]__[PF6]__R125__348.2__0.3997,1246,[bmim],[PF6],R125,348.2,0.3997,0.033,BMIM__PF6,train,train
[bmim]__[PF6]__R125__348.2__0.4998,1247,[bmim],[PF6],R125,348.2,0.4998,0.043,BMIM__PF6,val,train
[bmim]__[PF6]__R125__348.2__0.5998,1248,[bmim],[PF6],R125,348.2,0.5998,0.053,BMIM__PF6,train,val
[bmim]__[PF6]__R125__348.3__0.8,1249,[bmim],[PF6],R125,348.3,0.8,0.07,BMIM__PF6,train,train
[bmim]__[PF6]__R125__348.2__0.9996,1250,[bmim],[PF6],R125,348.2,0.9996,0.088,BMIM__PF6,train,val
[bmim]__[PF6]__R125__298.15__0.05,1251,[bmim],[PF6],R125,298.15,0.05,0.012,BMIM__PF6,train,train
[bmim]__[PF6]__R125__298.15__0.1,1252,[bmim],[PF6],R125,298.15,0.1,0.024,BMIM__PF6,train,train
[bmim]__[PF6]__R125__298.15__0.2,1253,[bmim],[PF6],R125,298.15,0.2,0.048,BMIM__PF6,train,train
[bmim]__[PF6]__R125__298.15__0.4,1254,[bmim],[PF6],R125,298.15,0.4,0.099,BMIM__PF6,train,train
[bmim]__[PF6]__R125__298.15__0.6,1255,[bmim],[PF6],R125,298.15,0.6,0.16,BMIM__PF6,train,train
[bmim]__[PF6]__R125__298.15__0.8,1256,[bmim],[PF6],R125,298.15,0.8,0.232,BMIM__PF6,train,train
[bmim]__[PF6]__R125__298.15__1,1257,[bmim],[PF6],R125,298.15,1.0,0.323,BMIM__PF6,val,train
[bmim]__[SCN]__R32__298.15__0.0095,1258,[bmim],[SCN],R32,298.15,0.0095,0.004,BMIM__SCN,train,train
[bmim]__[SCN]__R32__298.15__0.1003,1259,[bmim],[SCN],R32,298.15,0.1003,0.0409999999999999,BMIM__SCN,train,train
[bmim]__[SCN]__R32__298.15__0.2503,1260,[bmim],[SCN],R32,298.15,0.2503,0.1,BMIM__SCN,train,train
[bmim]__[SCN]__R32__298.15__0.3996,1261,[bmim],[SCN],R32,298.15,0.3996,0.158,BMIM__SCN,train,train
[bmim]__[SCN]__R32__298.15__0.55,1262,[bmim],[SCN],R32,298.15,0.55,0.214,BMIM__SCN,val,train
[bmim]__[SCN]__R32__298.15__0.6997,1263,[bmim],[SCN],R32,298.15,0.6997,0.27,BMIM__SCN,train,train
[bmim]__[SCN]__R32__298.15__0.8495,1264,[bmim],[SCN],R32,298.15,0.8495,0.324,BMIM__SCN,train,train
[bmim]__[SCN]__R32__298.15__0.9992,1265,[bmim],[SCN],R32,298.15,0.9992,0.379,BMIM__SCN,train,train
[bmim]__[SCN]__R32__298.15__0.05,1266,[bmim],[SCN],R32,298.15,0.05,0.004,BMIM__SCN,train,train
[bmim]__[SCN]__R32__298.15__0.1,1267,[bmim],[SCN],R32,298.15,0.1,0.024,BMIM__SCN,val,train
[bmim]__[SCN]__R32__298.15__0.2,1268,[bmim],[SCN],R32,298.15,0.2,0.057,BMIM__SCN,train,train
[bmim]__[SCN]__R32__298.15__0.4,1269,[bmim],[SCN],R32,298.15,0.4,0.127,BMIM__SCN,train,train
[bmim]__[SCN]__R32__298.15__0.6,1270,[bmim],[SCN],R32,298.15,0.6,0.212,BMIM__SCN,train,train
[bmim]__[SCN]__R32__298.15__0.8,1271,[bmim],[SCN],R32,298.15,0.8,0.28,BMIM__SCN,train,train
[bmim]__[SCN]__R32__298.15__1,1272,[bmim],[SCN],R32,298.15,1.0,0.349,BMIM__SCN,train,train
[bmim]__[SCN]__R125__298.15__0.05,1273,[bmim],[SCN],R125,298.15,0.05,0.001,BMIM__SCN,train,train
[bmim]__[SCN]__R125__298.15__0.1,1274,[bmim],[SCN],R125,298.15,0.1,0.004,BMIM__SCN,train,train
[bmim]__[SCN]__R125__298.15__0.2,1275,[bmim],[SCN],R125,298.15,0.2,0.013,BMIM__SCN,train,train
[bmim]__[SCN]__R125__298.15__0.4,1276,[bmim],[SCN],R125,298.15,0.4,0.031,BMIM__SCN,train,train
[bmim]__[SCN]__R125__298.15__0.6,1277,[bmim],[SCN],R125,298.15,0.6,0.053,BMIM__SCN,train,train
[bmim]__[SCN]__R125__298.15__0.8,1278,[bmim],[SCN],R125,298.15,0.8,0.077,BMIM__SCN,val,train
[bmim]__[SCN]__R125__298.15__1,1279,[bmim],[SCN],R125,298.15,1.0,0.105,BMIM__SCN,train,train
[bmim]__[TFES]__R32__298.15__0.0097,1280,[bmim],[TFES],R32,298.15,0.0097,0.0069999999999999,BMIM__TFES,train,train
[bmim]__[TFES]__R32__298.15__0.0999,1281,[bmim],[TFES],R32,298.15,0.0999,0.072,BMIM__TFES,train,train
[bmim]__[TFES]__R32__298.15__0.25,1282,[bmim],[TFES],R32,298.15,0.25,0.172,BMIM__TFES,train,train
[bmim]__[TFES]__R32__298.15__0.3972,1283,[bmim],[TFES],R32,298.15,0.3972,0.263,BMIM__TFES,train,train
[bmim]__[TFES]__R32__298.15__0.5484,1284,[bmim],[TFES],R32,298.15,0.5484,0.345,BMIM__TFES,train,train
[bmim]__[TFES]__R32__298.15__0.6995,1285,[bmim],[TFES],R32,298.15,0.6995,0.42,BMIM__TFES,train,train
[bmim]__[TFES]__R32__298.15__0.8481,1286,[bmim],[TFES],R32,298.15,0.8481,0.49,BMIM__TFES,train,train
[bmim]__[TFES]__R32__298.15__0.9989,1287,[bmim],[TFES],R32,298.15,0.9989,0.556,BMIM__TFES,val,train
[bmim]__[TPES]__R32__298.15__0.0095,1288,[bmim],[TPES],R32,298.15,0.0095,0.01,BMIM__TPES,val,train
[bmim]__[TPES]__R32__298.15__0.1001,1289,[bmim],[TPES],R32,298.15,0.1001,0.102,BMIM__TPES,train,train
[bmim]__[TPES]__R32__298.15__0.2496,1290,[bmim],[TPES],R32,298.15,0.2496,0.237,BMIM__TPES,train,train
[bmim]__[TPES]__R32__298.15__0.3995,1291,[bmim],[TPES],R32,298.15,0.3995,0.348,BMIM__TPES,train,train
[bmim]__[TPES]__R32__298.15__0.5494,1292,[bmim],[TPES],R32,298.15,0.5494,0.445,BMIM__TPES,train,train
[bmim]__[TPES]__R32__298.15__0.6994,1293,[bmim],[TPES],R32,298.15,0.6994,0.529,BMIM__TPES,train,train
[bmim]__[TPES]__R32__298.15__0.8495,1294,[bmim],[TPES],R32,298.15,0.8495,0.605,BMIM__TPES,train,train
[bmim]__[TPES]__R32__298.15__0.9994,1295,[bmim],[TPES],R32,298.15,0.9994,0.674,BMIM__TPES,train,train
[bmim]__[TPES]__R134a__283.15__0.0102,1296,[bmim],[TPES],R134a,283.15,0.0102,0.0279999999999999,BMIM__TPES,train,train
[bmim]__[TPES]__R134a__283.1__0.0504,1297,[bmim],[TPES],R134a,283.1,0.0504,0.132,BMIM__TPES,train,train
[bmim]__[TPES]__R134a__283.15__0.1004,1298,[bmim],[TPES],R134a,283.15,0.1004,0.253,BMIM__TPES,train,train
[bmim]__[TPES]__R134a__283.1__0.1503,1299,[bmim],[TPES],R134a,283.1,0.1503,0.363,BMIM__TPES,train,train
[bmim]__[TPES]__R134a__283.05__0.2002,1300,[bmim],[TPES],R134a,283.05,0.2002,0.466,BMIM__TPES,train,train
[bmim]__[TPES]__R134a__283.1__0.2502,1301,[bmim],[TPES],R134a,283.1,0.2502,0.568,BMIM__TPES,train,train
[bmim]__[TPES]__R134a__283.1__0.3004,1302,[bmim],[TPES],R134a,283.1,0.3004,0.6729999999999999,BMIM__TPES,val,val
[bmim]__[TPES]__R134a__283.1__0.3504,1303,[bmim],[TPES],R134a,283.1,0.3504,0.7979999999999999,BMIM__TPES,train,train
[bmim]__[TPES]__R134a__298.05__0.0103,1304,[bmim],[TPES],R134a,298.05,0.0103,0.018,BMIM__TPES,train,train
[bmim]__[TPES]__R134a__298.1__0.0503,1305,[bmim],[TPES],R134a,298.1,0.0503,0.084,BMIM__TPES,val,train
[bmim]__[TPES]__R134a__298.1__0.1002,1306,[bmim],[TPES],R134a,298.1,0.1002,0.162,BMIM__TPES,train,val
[bmim]__[TPES]__R134a__298.1__0.1502,1307,[bmim],[TPES],R134a,298.1,0.1502,0.236,BMIM__TPES,train,train
[bmim]__[TPES]__R134a__298.05__0.2003,1308,[bmim],[TPES],R134a,298.05,0.2003,0.304,BMIM__TPES,train,train
[bmim]__[TPES]__R134a__298.1__0.2504,1309,[bmim],[TPES],R134a,298.1,0.2504,0.368,BMIM__TPES,val,train
[bmim]__[TPES]__R134a__298.1__0.3003,1310,[bmim],[TPES],R134a,298.1,0.3003,0.431,BMIM__TPES,train,train
[bmim]__[TPES]__R134a__298.1__0.3501,1311,[bmim],[TPES],R134a,298.1,0.3501,0.494,BMIM__TPES,train,train
[bmim]__[TPES]__R134a__323.15__0.0104,1312,[bmim],[TPES],R134a,323.15,0.0104,0.011,BMIM__TPES,train,train
[bmim]__[TPES]__R134a__323.15__0.0503,1313,[bmim],[TPES],R134a,323.15,0.0503,0.045,BMIM__TPES,train,train
[bmim]__[TPES]__R134a__323.15__0.1002,1314,[bmim],[TPES],R134a,323.15,0.1002,0.087,BMIM__TPES,train,train
[bmim]__[TPES]__R134a__323.15__0.1502,1315,[bmim],[TPES],R134a,323.15,0.1502,0.129,BMIM__TPES,train,train
[bmim]__[TPES]__R134a__323.15__0.2002,1316,[bmim],[TPES],R134a,323.15,0.2002,0.168,BMIM__TPES,train,train
[bmim]__[TPES]__R134a__323.15__0.2504,1317,[bmim],[TPES],R134a,323.15,0.2504,0.206,BMIM__TPES,train,train
[bmim]__[TPES]__R134a__323.1__0.3004,1318,[bmim],[TPES],R134a,323.1,0.3004,0.241,BMIM__TPES,train,train
[bmim]__[TPES]__R134a__323.15__0.3503,1319,[bmim],[TPES],R134a,323.15,0.3503,0.276,BMIM__TPES,train,train
[bmim]__[TPES]__R134a__348.1__0.0105,1320,[bmim],[TPES],R134a,348.1,0.0105,0.006,BMIM__TPES,train,train
[bmim]__[TPES]__R134a__348.1__0.0505,1321,[bmim],[TPES],R134a,348.1,0.0505,0.027,BMIM__TPES,train,train
[bmim]__[TPES]__R134a__348.1__0.1005,1322,[bmim],[TPES],R134a,348.1,0.1005,0.053,BMIM__TPES,train,train
[bmim]__[TPES]__R134a__348.1__0.1505,1323,[bmim],[TPES],R134a,348.1,0.1505,0.078,BMIM__TPES,train,train
[bmim]__[TPES]__R134a__347.9__0.2006,1324,[bmim],[TPES],R134a,347.9,0.2006,0.103,BMIM__TPES,train,train
[bmim]__[TPES]__R134a__348.1__0.2505,1325,[bmim],[TPES],R134a,348.1,0.2505,0.126,BMIM__TPES,train,train
[bmim]__[TPES]__R134a__348.1__0.3004,1326,[bmim],[TPES],R134a,348.1,0.3004,0.149,BMIM__TPES,train,val
[bmim]__[TPES]__R134a__348.1__0.3505,1327,[bmim],[TPES],R134a,348.1,0.3505,0.171,BMIM__TPES,train,train
[bmim]__[TTES]__R32__298.15__0.0095,1328,[bmim],[TTES],R32,298.15,0.0095,0.01,BMIM__TTES,train,train
[bmim]__[TTES]__R32__298.15__0.1003,1329,[bmim],[TTES],R32,298.15,0.1003,0.096,BMIM__TTES,val,train
[bmim]__[TTES]__R32__298.15__0.2503,1330,[bmim],[TTES],R32,298.15,0.2503,0.223,BMIM__TTES,train,train
[bmim]__[TTES]__R32__298.15__0.3996,1331,[bmim],[TTES],R32,298.15,0.3996,0.3339999999999999,BMIM__TTES,train,train
[bmim]__[TTES]__R32__298.15__0.55,1332,[bmim],[TTES],R32,298.15,0.55,0.428,BMIM__TTES,train,train
[bmim]__[TTES]__R32__298.15__0.6997,1333,[bmim],[TTES],R32,298.15,0.6997,0.51,BMIM__TTES,train,train
[bmim]__[TTES]__R32__298.15__0.8495,1334,[bmim],[TTES],R32,298.15,0.8495,0.583,BMIM__TTES,train,train
[bmim]__[TTES]__R32__298.15__0.9992,1335,[bmim],[TTES],R32,298.15,0.9992,0.65,BMIM__TTES,train,train
[bmim]__[TTES]__R134a__283.2__0.0103,1336,[bmim],[TTES],R134a,283.2,0.0103,0.026,BMIM__TTES,train,train
[bmim]__[TTES]__R134a__283.2__0.05,1337,[bmim],[TTES],R134a,283.2,0.05,0.1169999999999999,BMIM__TTES,train,train
[bmim]__[TTES]__R134a__283.15__0.1003,1338,[bmim],[TTES],R134a,283.15,0.1003,0.225,BMIM__TTES,train,val
[bmim]__[TTES]__R134a__283.15__0.1502,1339,[bmim],[TTES],R134a,283.15,0.1502,0.327,BMIM__TTES,train,train
[bmim]__[TTES]__R134a__282.1__0.2002,1340,[bmim],[TTES],R134a,282.1,0.2002,0.426,BMIM__TTES,train,train
[bmim]__[TTES]__R134a__283.1__0.2505,1341,[bmim],[TTES],R134a,283.1,0.2505,0.516,BMIM__TTES,train,train
[bmim]__[TTES]__R134a__283.1__0.2995,1342,[bmim],[TTES],R134a,283.1,0.2995,0.63,BMIM__TTES,train,train
[bmim]__[TTES]__R134a__283.1__0.3505,1343,[bmim],[TTES],R134a,283.1,0.3505,0.748,BMIM__TTES,train,train
[bmim]__[TTES]__R134a__298.1__0.0102,1344,[bmim],[TTES],R134a,298.1,0.0102,0.017,BMIM__TTES,train,train
[bmim]__[TTES]__R134a__298.1__0.0503,1345,[bmim],[TTES],R134a,298.1,0.0503,0.075,BMIM__TTES,train,train
[bmim]__[TTES]__R134a__298.2__0.1002,1346,[bmim],[TTES],R134a,298.2,0.1002,0.144,BMIM__TTES,train,train
[bmim]__[TTES]__R134a__298__0.1502,1347,[bmim],[TTES],R134a,298.0,0.1502,0.209,BMIM__TTES,train,train
[bmim]__[TTES]__R134a__298.1__0.2003,1348,[bmim],[TTES],R134a,298.1,0.2003,0.273,BMIM__TTES,train,train
[bmim]__[TTES]__R134a__298.15__0.2504,1349,[bmim],[TTES],R134a,298.15,0.2504,0.3329999999999999,BMIM__TTES,train,train
[bmim]__[TTES]__R134a__298.1__0.3001,1350,[bmim],[TTES],R134a,298.1,0.3001,0.392,BMIM__TTES,val,train
[bmim]__[TTES]__R134a__297.9__0.3501,1351,[bmim],[TTES],R134a,297.9,0.3501,0.4529999999999999,BMIM__TTES,val,train
[bmim]__[TTES]__R134a__323.15__0.0105,1352,[bmim],[TTES],R134a,323.15,0.0105,0.009,BMIM__TTES,train,train
[bmim]__[TTES]__R134a__323.15__0.0503,1353,[bmim],[TTES],R134a,323.15,0.0503,0.039,BMIM__TTES,train,train
[bmim]__[TTES]__R134a__323.15__0.1002,1354,[bmim],[TTES],R134a,323.15,0.1002,0.076,BMIM__TTES,train,train
[bmim]__[TTES]__R134a__323.15__0.1502,1355,[bmim],[TTES],R134a,323.15,0.1502,0.1119999999999999,BMIM__TTES,train,train
[bmim]__[TTES]__R134a__323.15__0.2003,1356,[bmim],[TTES],R134a,323.15,0.2003,0.146,BMIM__TTES,train,train
[bmim]__[TTES]__R134a__323.15__0.2503,1357,[bmim],[TTES],R134a,323.15,0.2503,0.18,BMIM__TTES,train,train
[bmim]__[TTES]__R134a__323.15__0.3004,1358,[bmim],[TTES],R134a,323.15,0.3004,0.213,BMIM__TTES,train,train
[bmim]__[TTES]__R134a__323.15__0.3502,1359,[bmim],[TTES],R134a,323.15,0.3502,0.245,BMIM__TTES,val,val
[bmim]__[TTES]__R134a__348.15__0.0103,1360,[bmim],[TTES],R134a,348.15,0.0103,0.005,BMIM__TTES,train,train
[bmim]__[TTES]__R134a__348.1__0.0505,1361,[bmim],[TTES],R134a,348.1,0.0505,0.023,BMIM__TTES,train,val
[bmim]__[TTES]__R134a__348.1__0.1005,1362,[bmim],[TTES],R134a,348.1,0.1005,0.045,BMIM__TTES,train,train
[bmim]__[TTES]__R134a__348.05__0.1503,1363,[bmim],[TTES],R134a,348.05,0.1503,0.067,BMIM__TTES,train,train
[bmim]__[TTES]__R134a__348.05__0.2004,1364,[bmim],[TTES],R134a,348.05,0.2004,0.088,BMIM__TTES,train,train
[bmim]__[TTES]__R134a__348.1__0.2504,1365,[bmim],[TTES],R134a,348.1,0.2504,0.109,BMIM__TTES,train,train
[bmim]__[TTES]__R134a__348.1__0.3002,1366,[bmim],[TTES],R134a,348.1,0.3002,0.129,BMIM__TTES,train,train
[bmim]__[TTES]__R134a__348.1__0.3504,1367,[bmim],[TTES],R134a,348.1,0.3504,0.149,BMIM__TTES,train,train
[hmim]__[BF4]__R32__303.2__0.0406,1368,[hmim],[BF4],R32,303.2,0.0406,0.028,HMIM__BF4,test,train
[hmim]__[BF4]__R32__313.2__0.048,1369,[hmim],[BF4],R32,313.2,0.048,0.02667,HMIM__BF4,test,train
[hmim]__[BF4]__R32__323.2__0.0539,1370,[hmim],[BF4],R32,323.2,0.0539,0.02396,HMIM__BF4,test,train
[hmim]__[BF4]__R32__333.2__0.0585,1371,[hmim],[BF4],R32,333.2,0.0585,0.0212,HMIM__BF4,test,train
[hmim]__[BF4]__R32__343.2__0.0603,1372,[hmim],[BF4],R32,343.2,0.0603,0.01795,HMIM__BF4,test,train
[hmim]__[BF4]__R161__303.2__0.0457,1373,[hmim],[BF4],R161,303.2,0.0457,0.02787,HMIM__BF4,test,val
[hmim]__[BF4]__R161__313.2__0.0492,1374,[hmim],[BF4],R161,313.2,0.0492,0.024,HMIM__BF4,test,train
[hmim]__[BF4]__R161__323.2__0.0571,1375,[hmim],[BF4],R161,323.2,0.0571,0.02231,HMIM__BF4,test,train
[hmim]__[BF4]__R161__333.2__0.0605,1376,[hmim],[BF4],R161,333.2,0.0605,0.01915,HMIM__BF4,test,train
[hmim]__[BF4]__R161__343.2__0.064,1377,[hmim],[BF4],R161,343.2,0.064,0.01662,HMIM__BF4,test,train
[hmim]__[BF4]__R152a__303.2__0.0326,1378,[hmim],[BF4],R152a,303.2,0.0326,0.03196,HMIM__BF4,test,train
[hmim]__[BF4]__R152a__313.2__0.0401,1379,[hmim],[BF4],R152a,313.2,0.0401,0.03038,HMIM__BF4,test,train
[hmim]__[BF4]__R152a__323.2__0.045,1380,[hmim],[BF4],R152a,323.2,0.045,0.02695,HMIM__BF4,test,train
[hmim]__[BF4]__R152a__333.2__0.0483,1381,[hmim],[BF4],R152a,333.2,0.0483,0.023,HMIM__BF4,test,train
[hmim]__[BF4]__R152a__343.2__0.0529,1382,[hmim],[BF4],R152a,343.2,0.0529,0.02011,HMIM__BF4,test,val
[hmim]__[BF4]__R143a__303.2__0.1076,1383,[hmim],[BF4],R143a,303.2,0.1076,0.02196,HMIM__BF4,test,train
[hmim]__[BF4]__R143a__313.2__0.1202,1384,[hmim],[BF4],R143a,313.2,0.1202,0.01997,HMIM__BF4,test,train
[hmim]__[BF4]__R143a__323.2__0.1361,1385,[hmim],[BF4],R143a,323.2,0.1361,0.01859,HMIM__BF4,test,val
[hmim]__[BF4]__R143a__333.2__0.152,1386,[hmim],[BF4],R143a,333.2,0.152,0.01725,HMIM__BF4,test,train
[hmim]__[BF4]__R143a__343.2__0.1569,1387,[hmim],[BF4],R143a,343.2,0.1569,0.01501,HMIM__BF4,test,train
[hmim]__[BF4]__R134a__298__0.081,1388,[hmim],[BF4],R134a,298.0,0.081,0.0438,HMIM__BF4,test,val
[hmim]__[BF4]__R134a__298__0.156,1389,[hmim],[BF4],R134a,298.0,0.156,0.1305,HMIM__BF4,test,train
[hmim]__[BF4]__R134a__298__0.242,1390,[hmim],[BF4],R134a,298.0,0.242,0.2236,HMIM__BF4,test,train
[hmim]__[BF4]__R134a__298__0.422,1391,[hmim],[BF4],R134a,298.0,0.422,0.4156,HMIM__BF4,test,val
[hmim]__[BF4]__R134a__298__0.512,1392,[hmim],[BF4],R134a,298.0,0.512,0.5222,HMIM__BF4,test,train
[hmim]__[BF4]__R134a__323__0.086,1393,[hmim],[BF4],R134a,323.0,0.086,0.0308,HMIM__BF4,test,train
[hmim]__[BF4]__R134a__323__0.17,1394,[hmim],[BF4],R134a,323.0,0.17,0.0761,HMIM__BF4,test,train
[hmim]__[BF4]__R134a__323__0.35,1395,[hmim],[BF4],R134a,323.0,0.35,0.1768,HMIM__BF4,test,train
[hmim]__[BF4]__R134a__323__0.53,1396,[hmim],[BF4],R134a,323.0,0.53,0.2734,HMIM__BF4,test,train
[hmim]__[BF4]__R134a__323__0.768,1397,[hmim],[BF4],R134a,323.0,0.768,0.3953,HMIM__BF4,test,train
[hmim]__[BF4]__R134a__323__1.06,1398,[hmim],[BF4],R134a,323.0,1.06,0.5737,HMIM__BF4,test,train
[hmim]__[BF4]__R134a__323__1.227,1399,[hmim],[BF4],R134a,323.0,1.227,0.7071,HMIM__BF4,test,val
[hmim]__[BF4]__R134a__348__0.612,1400,[hmim],[BF4],R134a,348.0,0.612,0.0,HMIM__BF4,test,train
[hmim]__[BF4]__R134a__348__0.986,1401,[hmim],[BF4],R134a,348.0,0.986,0.2006,HMIM__BF4,test,train
[hmim]__[BF4]__R134a__348__1.344,1402,[hmim],[BF4],R134a,348.0,1.344,0.3155,HMIM__BF4,test,train
[hmim]__[BF4]__R134a__348__1.662,1403,[hmim],[BF4],R134a,348.0,1.662,0.4292,HMIM__BF4,test,train
[hmim]__[BF4]__R134a__348__1.97,1404,[hmim],[BF4],R134a,348.0,1.97,0.5235,HMIM__BF4,test,val
[hmim]__[BF4]__R125__303.2__0.0954,1405,[hmim],[BF4],R125,303.2,0.0954,0.02953,HMIM__BF4,test,train
[hmim]__[BF4]__R125__313.2__0.1119,1406,[hmim],[BF4],R125,313.2,0.1119,0.02697,HMIM__BF4,test,train
[hmim]__[BF4]__R125__323.2__0.1243,1407,[hmim],[BF4],R125,323.2,0.1243,0.02359,HMIM__BF4,test,train
[hmim]__[BF4]__R125__333.2__0.1305,1408,[hmim],[BF4],R125,333.2,0.1305,0.01974,HMIM__BF4,test,train
[hmim]__[BF4]__R125__343.2__0.1294,1409,[hmim],[BF4],R125,343.2,0.1294,0.01592,HMIM__BF4,test,train
[hmim]__[BF4]__R245fa__303.15__0.011,1410,[hmim],[BF4],R245fa,303.15,0.011,0.0279,HMIM__BF4,test,train
[hmim]__[BF4]__R245fa__303.15__0.019,1411,[hmim],[BF4],R245fa,303.15,0.019,0.0496,HMIM__BF4,test,train
[hmim]__[BF4]__R245fa__303.15__0.029,1412,[hmim],[BF4],R245fa,303.15,0.029,0.0757,HMIM__BF4,test,train
[hmim]__[BF4]__R245fa__303.15__0.04,1413,[hmim],[BF4],R245fa,303.15,0.04,0.1044,HMIM__BF4,test,train
[hmim]__[BF4]__R245fa__303.15__0.051,1414,[hmim],[BF4],R245fa,303.15,0.051,0.1358,HMIM__BF4,test,train
[hmim]__[BF4]__R245fa__313.15__0.015,1415,[hmim],[BF4],R245fa,313.15,0.015,0.0264,HMIM__BF4,test,train
[hmim]__[BF4]__R245fa__313.15__0.025,1416,[hmim],[BF4],R245fa,313.15,0.025,0.0473,HMIM__BF4,test,train
[hmim]__[BF4]__R245fa__313.15__0.038,1417,[hmim],[BF4],R245fa,313.15,0.038,0.0715,HMIM__BF4,test,train
[hmim]__[BF4]__R245fa__313.15__0.052,1418,[hmim],[BF4],R245fa,313.15,0.052,0.1001,HMIM__BF4,test,train
[hmim]__[BF4]__R245fa__313.15__0.065,1419,[hmim],[BF4],R245fa,313.15,0.065,0.1251,HMIM__BF4,test,val
[hmim]__[BF4]__R245fa__323.15__0.019,1420,[hmim],[BF4],R245fa,323.15,0.019,0.0247,HMIM__BF4,test,train
[hmim]__[BF4]__R245fa__323.15__0.032,1421,[hmim],[BF4],R245fa,323.15,0.032,0.0445,HMIM__BF4,test,train
[hmim]__[BF4]__R245fa__323.15__0.048,1422,[hmim],[BF4],R245fa,323.15,0.048,0.0677,HMIM__BF4,test,train
[hmim]__[BF4]__R245fa__323.15__0.066,1423,[hmim],[BF4],R245fa,323.15,0.066,0.0951,HMIM__BF4,test,train
[hmim]__[BF4]__R245fa__323.15__0.081,1424,[hmim],[BF4],R245fa,323.15,0.081,0.1194,HMIM__BF4,test,train
[hmim]__[BF4]__R245fa__333.15__0.025,1425,[hmim],[BF4],R245fa,333.15,0.025,0.0234,HMIM__BF4,test,train
[hmim]__[BF4]__R245fa__333.15__0.04,1426,[hmim],[BF4],R245fa,333.15,0.04,0.0413,HMIM__BF4,test,train
[hmim]__[BF4]__R245fa__333.15__0.06,1427,[hmim],[BF4],R245fa,333.15,0.06,0.0634,HMIM__BF4,test,train
[hmim]__[BF4]__R245fa__333.15__0.082,1428,[hmim],[BF4],R245fa,333.15,0.082,0.0894,HMIM__BF4,test,val
[hmim]__[BF4]__R245fa__333.15__0.102,1429,[hmim],[BF4],R245fa,333.15,0.102,0.1126,HMIM__BF4,test,train
[hmim]__[BF4]__R245fa__343.15__0.03,1430,[hmim],[BF4],R245fa,343.15,0.03,0.0213,HMIM__BF4,test,train
[hmim]__[BF4]__R245fa__343.15__0.05,1431,[hmim],[BF4],R245fa,343.15,0.05,0.0394,HMIM__BF4,test,train
[hmim]__[BF4]__R245fa__343.15__0.073,1432,[hmim],[BF4],R245fa,343.15,0.073,0.0586,HMIM__BF4,test,train
[hmim]__[BF4]__R245fa__343.15__0.101,1433,[hmim],[BF4],R245fa,343.15,0.101,0.0831,HMIM__BF4,test,val
[hmim]__[BF4]__R245fa__343.15__0.125,1434,[hmim],[BF4],R245fa,343.15,0.125,0.1051,HMIM__BF4,test,train
[hmim]__[BF4]__R236fa__303.15__0.039,1435,[hmim],[BF4],R236fa,303.15,0.039,0.0456,HMIM__BF4,test,train
[hmim]__[BF4]__R236fa__303.15__0.058,1436,[hmim],[BF4],R236fa,303.15,0.058,0.0672,HMIM__BF4,test,train
[hmim]__[BF4]__R236fa__303.15__0.081,1437,[hmim],[BF4],R236fa,303.15,0.081,0.0977,HMIM__BF4,test,train
[hmim]__[BF4]__R236fa__303.15__0.098,1438,[hmim],[BF4],R236fa,303.15,0.098,0.1182,HMIM__BF4,test,train
[hmim]__[BF4]__R236fa__303.15__0.118,1439,[hmim],[BF4],R236fa,303.15,0.118,0.1462,HMIM__BF4,test,train
[hmim]__[BF4]__R236fa__313.15__0.05,1440,[hmim],[BF4],R236fa,313.15,0.05,0.0413,HMIM__BF4,test,train
[hmim]__[BF4]__R236fa__313.15__0.073,1441,[hmim],[BF4],R236fa,313.15,0.073,0.0613,HMIM__BF4,test,train
[hmim]__[BF4]__R236fa__313.15__0.103,1442,[hmim],[BF4],R236fa,313.15,0.103,0.0894,HMIM__BF4,test,train
[hmim]__[BF4]__R236fa__313.15__0.125,1443,[hmim],[BF4],R236fa,313.15,0.125,0.1085,HMIM__BF4,test,val
[hmim]__[BF4]__R236fa__313.15__0.151,1444,[hmim],[BF4],R236fa,313.15,0.151,0.1347,HMIM__BF4,test,train
[hmim]__[BF4]__R236fa__323.15__0.061,1445,[hmim],[BF4],R236fa,323.15,0.061,0.037,HMIM__BF4,test,train
[hmim]__[BF4]__R236fa__323.15__0.089,1446,[hmim],[BF4],R236fa,323.15,0.089,0.0552,HMIM__BF4,test,train
[hmim]__[BF4]__R236fa__323.15__0.127,1447,[hmim],[BF4],R236fa,323.15,0.127,0.0808,HMIM__BF4,test,train
[hmim]__[BF4]__R236fa__323.15__0.154,1448,[hmim],[BF4],R236fa,323.15,0.154,0.0982,HMIM__BF4,test,train
[hmim]__[BF4]__R236fa__323.15__0.188,1449,[hmim],[BF4],R236fa,323.15,0.188,0.1224,HMIM__BF4,test,train
[hmim]__[BF4]__R236fa__333.15__0.073,1450,[hmim],[BF4],R236fa,333.15,0.073,0.0325,HMIM__BF4,test,val
[hmim]__[BF4]__R236fa__333.15__0.106,1451,[hmim],[BF4],R236fa,333.15,0.106,0.0491,HMIM__BF4,test,train
[hmim]__[BF4]__R236fa__333.15__0.152,1452,[hmim],[BF4],R236fa,333.15,0.152,0.0722,HMIM__BF4,test,train
[hmim]__[BF4]__R236fa__333.15__0.184,1453,[hmim],[BF4],R236fa,333.15,0.184,0.088,HMIM__BF4,test,train
[hmim]__[BF4]__R236fa__333.15__0.225,1454,[hmim],[BF4],R236fa,333.15,0.225,0.1099,HMIM__BF4,test,train
[hmim]__[BF4]__R236fa__343.15__0.084,1455,[hmim],[BF4],R236fa,343.15,0.084,0.0285,HMIM__BF4,test,val
[hmim]__[BF4]__R236fa__343.15__0.123,1456,[hmim],[BF4],R236fa,343.15,0.123,0.0434,HMIM__BF4,test,train
[hmim]__[BF4]__R236fa__343.15__0.177,1457,[hmim],[BF4],R236fa,343.15,0.177,0.0638,HMIM__BF4,test,train
[hmim]__[BF4]__R236fa__343.15__0.214,1458,[hmim],[BF4],R236fa,343.15,0.214,0.0781,HMIM__BF4,test,train
[hmim]__[BF4]__R236fa__343.15__0.263,1459,[hmim],[BF4],R236fa,343.15,0.263,0.0978,HMIM__BF4,test,train
[hmim]__[BF4]__R227ea__303.15__0.073,1460,[hmim],[BF4],R227ea,303.15,0.073,0.039,HMIM__BF4,test,train
[hmim]__[BF4]__R227ea__303.15__0.097,1461,[hmim],[BF4],R227ea,303.15,0.097,0.054,HMIM__BF4,test,train
[hmim]__[BF4]__R227ea__303.15__0.134,1462,[hmim],[BF4],R227ea,303.15,0.134,0.0803,HMIM__BF4,test,train
[hmim]__[BF4]__R227ea__303.15__0.149,1463,[hmim],[BF4],R227ea,303.15,0.149,0.0922,HMIM__BF4,test,train
[hmim]__[BF4]__R227ea__303.15__0.178,1464,[hmim],[BF4],R227ea,303.15,0.178,0.115,HMIM__BF4,test,val
[hmim]__[BF4]__R227ea__313.15__0.087,1465,[hmim],[BF4],R227ea,313.15,0.087,0.0336,HMIM__BF4,test,train
[hmim]__[BF4]__R227ea__313.15__0.116,1466,[hmim],[BF4],R227ea,313.15,0.116,0.0465,HMIM__BF4,test,train
[hmim]__[BF4]__R227ea__313.15__0.163,1467,[hmim],[BF4],R227ea,313.15,0.163,0.0695,HMIM__BF4,test,val
[hmim]__[BF4]__R227ea__313.15__0.182,1468,[hmim],[BF4],R227ea,313.15,0.182,0.0799,HMIM__BF4,test,train
[hmim]__[BF4]__R227ea__313.15__0.218,1469,[hmim],[BF4],R227ea,313.15,0.218,0.1002,HMIM__BF4,test,train
[hmim]__[BF4]__R227ea__323.15__0.1,1470,[hmim],[BF4],R227ea,323.15,0.1,0.0285,HMIM__BF4,test,train
[hmim]__[BF4]__R227ea__323.15__0.135,1471,[hmim],[BF4],R227ea,323.15,0.135,0.0397,HMIM__BF4,test,train
[hmim]__[BF4]__R227ea__323.15__0.191,1472,[hmim],[BF4],R227ea,323.15,0.191,0.0594,HMIM__BF4,test,train
[hmim]__[BF4]__R227ea__323.15__0.214,1473,[hmim],[BF4],R227ea,323.15,0.214,0.0686,HMIM__BF4,test,val
[hmim]__[BF4]__R227ea__323.15__0.258,1474,[hmim],[BF4],R227ea,323.15,0.258,0.0861,HMIM__BF4,test,train
[hmim]__[BF4]__R227ea__333.15__0.114,1475,[hmim],[BF4],R227ea,333.15,0.114,0.0239,HMIM__BF4,test,train
[hmim]__[BF4]__R227ea__333.15__0.153,1476,[hmim],[BF4],R227ea,333.15,0.153,0.0336,HMIM__BF4,test,val
[hmim]__[BF4]__R227ea__333.15__0.217,1477,[hmim],[BF4],R227ea,333.15,0.217,0.0504,HMIM__BF4,test,train
[hmim]__[BF4]__R227ea__333.15__0.244,1478,[hmim],[BF4],R227ea,333.15,0.244,0.0585,HMIM__BF4,test,train
[hmim]__[BF4]__R227ea__333.15__0.296,1479,[hmim],[BF4],R227ea,333.15,0.296,0.0734,HMIM__BF4,test,train
[hmim]__[BF4]__R227ea__343.15__0.126,1480,[hmim],[BF4],R227ea,343.15,0.126,0.0201,HMIM__BF4,test,train
[hmim]__[BF4]__R227ea__343.15__0.169,1481,[hmim],[BF4],R227ea,343.15,0.169,0.0284,HMIM__BF4,test,val
[hmim]__[BF4]__R227ea__343.15__0.242,1482,[hmim],[BF4],R227ea,343.15,0.242,0.0427,HMIM__BF4,test,train
[hmim]__[BF4]__R227ea__343.15__0.272,1483,[hmim],[BF4],R227ea,343.15,0.272,0.0497,HMIM__BF4,test,train
[hmim]__[BF4]__R227ea__343.15__0.332,1484,[hmim],[BF4],R227ea,343.15,0.332,0.0625,HMIM__BF4,test,train
[hmim]__[Cl]__R32__298.15__0.05,1485,[hmim],[Cl],R32,298.15,0.05,0.021,HMIM__CL,train,train
[hmim]__[Cl]__R32__298.15__0.1,1486,[hmim],[Cl],R32,298.15,0.1,0.044,HMIM__CL,train,train
[hmim]__[Cl]__R32__298.15__0.2,1487,[hmim],[Cl],R32,298.15,0.2,0.092,HMIM__CL,train,train
[hmim]__[Cl]__R32__298.15__0.4,1488,[hmim],[Cl],R32,298.15,0.4,0.186,HMIM__CL,train,train
[hmim]__[Cl]__R32__298.15__0.6,1489,[hmim],[Cl],R32,298.15,0.6,0.272,HMIM__CL,train,train
[hmim]__[Cl]__R32__298.15__0.8,1490,[hmim],[Cl],R32,298.15,0.8,0.645,HMIM__CL,train,train
[hmim]__[Cl]__R32__298.15__1,1491,[hmim],[Cl],R32,298.15,1.0,0.41,HMIM__CL,val,train
[hmim]__[Cl]__R125__298.15__0.05,1492,[hmim],[Cl],R125,298.15,0.05,0.04,HMIM__CL,train,train
[hmim]__[Cl]__R125__298.15__0.1,1493,[hmim],[Cl],R125,298.15,0.1,0.079,HMIM__CL,train,train
[hmim]__[Cl]__R125__298.15__0.2,1494,[hmim],[Cl],R125,298.15,0.2,0.16,HMIM__CL,train,val
[hmim]__[Cl]__R125__298.15__0.4,1495,[hmim],[Cl],R125,298.15,0.4,0.29,HMIM__CL,train,train
[hmim]__[Cl]__R125__298.15__0.6,1496,[hmim],[Cl],R125,298.15,0.6,0.414,HMIM__CL,train,train
[hmim]__[Cl]__R125__298.15__0.8,1497,[hmim],[Cl],R125,298.15,0.8,0.543,HMIM__CL,val,train
[hmim]__[Cl]__R125__298.15__1,1498,[hmim],[Cl],R125,298.15,1.0,0.654,HMIM__CL,train,train
[hmim]__[FEP]__R32__293.3__0.051,1499,[hmim],[FEP],R32,293.3,0.051,0.0809,HMIM__FEP,train,train
[hmim]__[FEP]__R32__294.8__0.097,1500,[hmim],[FEP],R32,294.8,0.097,0.1409,HMIM__FEP,train,train
[hmim]__[FEP]__R32__293.2__0.137,1501,[hmim],[FEP],R32,293.2,0.137,0.2034,HMIM__FEP,train,train
[hmim]__[FEP]__R32__293.1__0.172,1502,[hmim],[FEP],R32,293.1,0.172,0.2462,HMIM__FEP,train,train
[hmim]__[FEP]__R32__293.2__0.223,1503,[hmim],[FEP],R32,293.2,0.223,0.3026,HMIM__FEP,train,train
[hmim]__[FEP]__R32__293.2__0.27,1504,[hmim],[FEP],R32,293.2,0.27,0.3493,HMIM__FEP,train,train
[hmim]__[FEP]__R32__303.1__0.06,1505,[hmim],[FEP],R32,303.1,0.06,0.0734,HMIM__FEP,train,train
[hmim]__[FEP]__R32__303.1__0.109,1506,[hmim],[FEP],R32,303.1,0.109,0.1317,HMIM__FEP,train,train
[hmim]__[FEP]__R32__303.1__0.159,1507,[hmim],[FEP],R32,303.1,0.159,0.189,HMIM__FEP,train,train
[hmim]__[FEP]__R32__303.2__0.2,1508,[hmim],[FEP],R32,303.2,0.2,0.2295,HMIM__FEP,val,train
[hmim]__[FEP]__R32__303.1__0.26,1509,[hmim],[FEP],R32,303.1,0.26,0.2835,HMIM__FEP,train,train
[hmim]__[FEP]__R32__303.1__0.314,1510,[hmim],[FEP],R32,303.1,0.314,0.329,HMIM__FEP,val,val
[hmim]__[FEP]__R32__313.2__0.068,1511,[hmim],[FEP],R32,313.2,0.068,0.0665,HMIM__FEP,train,train
[hmim]__[FEP]__R32__313.2__0.124,1512,[hmim],[FEP],R32,313.2,0.124,0.1209,HMIM__FEP,val,train
[hmim]__[FEP]__R32__313.2__0.181,1513,[hmim],[FEP],R32,313.2,0.181,0.1747,HMIM__FEP,train,train
[hmim]__[FEP]__R32__313.2__0.228,1514,[hmim],[FEP],R32,313.2,0.228,0.2132,HMIM__FEP,train,train
[hmim]__[FEP]__R32__313.2__0.298,1515,[hmim],[FEP],R32,313.2,0.298,0.2643,HMIM__FEP,train,train
[hmim]__[FEP]__R32__313.2__0.36,1516,[hmim],[FEP],R32,313.2,0.36,0.3083,HMIM__FEP,train,val
[hmim]__[FEP]__R32__323.2__0.077,1517,[hmim],[FEP],R32,323.2,0.077,0.0596,HMIM__FEP,train,train
[hmim]__[FEP]__R32__323.2__0.139,1518,[hmim],[FEP],R32,323.2,0.139,0.1108,HMIM__FEP,train,train
[hmim]__[FEP]__R32__323.2__0.204,1519,[hmim],[FEP],R32,323.2,0.204,0.1612,HMIM__FEP,train,train
[hmim]__[FEP]__R32__323.2__0.256,1520,[hmim],[FEP],R32,323.2,0.256,0.1976,HMIM__FEP,train,train
[hmim]__[FEP]__R32__323.2__0.333,1521,[hmim],[FEP],R32,323.2,0.333,0.2473,HMIM__FEP,train,train
[hmim]__[FEP]__R32__323.3__0.406,1522,[hmim],[FEP],R32,323.3,0.406,0.2881,HMIM__FEP,train,train
[hmim]__[FEP]__R32__333.2__0.086,1523,[hmim],[FEP],R32,333.2,0.086,0.053,HMIM__FEP,train,val
[hmim]__[FEP]__R32__333.2__0.152,1524,[hmim],[FEP],R32,333.2,0.152,0.1034,HMIM__FEP,train,train
[hmim]__[FEP]__R32__333.2__0.226,1525,[hmim],[FEP],R32,333.2,0.226,0.148,HMIM__FEP,train,train
[hmim]__[FEP]__R32__333.3__0.284,1526,[hmim],[FEP],R32,333.3,0.284,0.1827,HMIM__FEP,train,train
[hmim]__[FEP]__R32__333.2__0.369,1527,[hmim],[FEP],R32,333.2,0.369,0.2298,HMIM__FEP,train,train
[hmim]__[FEP]__R32__333.2__0.45,1528,[hmim],[FEP],R32,333.2,0.45,0.2689,HMIM__FEP,train,train
[hmim]__[FEP]__R32__343.2__0.095,1529,[hmim],[FEP],R32,343.2,0.095,0.0467,HMIM__FEP,train,train
[hmim]__[FEP]__R32__343.2__0.167,1530,[hmim],[FEP],R32,343.2,0.167,0.094,HMIM__FEP,val,train
[hmim]__[FEP]__R32__343.2__0.247,1531,[hmim],[FEP],R32,343.2,0.247,0.1362,HMIM__FEP,train,train
[hmim]__[FEP]__R32__343.2__0.311,1532,[hmim],[FEP],R32,343.2,0.311,0.1689,HMIM__FEP,train,train
[hmim]__[FEP]__R32__343.2__0.405,1533,[hmim],[FEP],R32,343.2,0.405,0.2133,HMIM__FEP,train,train
[hmim]__[FEP]__R32__343.2__0.493,1534,[hmim],[FEP],R32,343.2,0.493,0.2507,HMIM__FEP,train,train
[hmim]__[FEP]__R32__298.15__0.05,1535,[hmim],[FEP],R32,298.15,0.05,0.067,HMIM__FEP,train,train
[hmim]__[FEP]__R32__298.15__0.1,1536,[hmim],[FEP],R32,298.15,0.1,0.126,HMIM__FEP,train,train
[hmim]__[FEP]__R32__298.15__0.2,1537,[hmim],[FEP],R32,298.15,0.2,0.233,HMIM__FEP,train,train
[hmim]__[FEP]__R32__298.15__0.4,1538,[hmim],[FEP],R32,298.15,0.4,0.402,HMIM__FEP,train,train
[hmim]__[FEP]__R32__298.15__0.6,1539,[hmim],[FEP],R32,298.15,0.6,0.531,HMIM__FEP,train,train
[hmim]__[FEP]__R32__298.15__0.8,1540,[hmim],[FEP],R32,298.15,0.8,0.634,HMIM__FEP,train,train
[hmim]__[FEP]__R32__298.15__1,1541,[hmim],[FEP],R32,298.15,1.0,0.72,HMIM__FEP,train,train
[hmim]__[FEP]__R161__293.3__0.036,1542,[hmim],[FEP],R161,293.3,0.036,0.104,HMIM__FEP,train,train
[hmim]__[FEP]__R161__293.1__0.075,1543,[hmim],[FEP],R161,293.1,0.075,0.1958,HMIM__FEP,val,train
[hmim]__[FEP]__R161__293.3__0.113,1544,[hmim],[FEP],R161,293.3,0.113,0.2793,HMIM__FEP,train,train
[hmim]__[FEP]__R161__293.2__0.154,1545,[hmim],[FEP],R161,293.2,0.154,0.3609,HMIM__FEP,val,train
[hmim]__[FEP]__R161__293.1__0.192,1546,[hmim],[FEP],R161,293.1,0.192,0.4228,HMIM__FEP,train,train
[hmim]__[FEP]__R161__293__0.236,1547,[hmim],[FEP],R161,293.0,0.236,0.4895,HMIM__FEP,train,train
[hmim]__[FEP]__R161__303.1__0.045,1548,[hmim],[FEP],R161,303.1,0.045,0.0966,HMIM__FEP,train,train
[hmim]__[FEP]__R161__303.1__0.092,1549,[hmim],[FEP],R161,303.1,0.092,0.1838,HMIM__FEP,train,train
[hmim]__[FEP]__R161__303.1__0.138,1550,[hmim],[FEP],R161,303.1,0.138,0.2646,HMIM__FEP,train,train
[hmim]__[FEP]__R161__303.2__0.19,1551,[hmim],[FEP],R161,303.2,0.19,0.3446,HMIM__FEP,train,val
[hmim]__[FEP]__R161__303.2__0.236,1552,[hmim],[FEP],R161,303.2,0.236,0.4061,HMIM__FEP,train,train
[hmim]__[FEP]__R161__303.1__0.292,1553,[hmim],[FEP],R161,303.1,0.292,0.4721,HMIM__FEP,train,train
[hmim]__[FEP]__R161__313.1__0.054,1554,[hmim],[FEP],R161,313.1,0.054,0.0889,HMIM__FEP,train,train
[hmim]__[FEP]__R161__313.1__0.111,1555,[hmim],[FEP],R161,313.1,0.111,0.1711,HMIM__FEP,train,train
[hmim]__[FEP]__R161__313.2__0.166,1556,[hmim],[FEP],R161,313.2,0.166,0.2486,HMIM__FEP,train,train
[hmim]__[FEP]__R161__313.2__0.228,1557,[hmim],[FEP],R161,313.2,0.228,0.3264,HMIM__FEP,train,train
[hmim]__[FEP]__R161__313.2__0.284,1558,[hmim],[FEP],R161,313.2,0.284,0.3872,HMIM__FEP,train,train
[hmim]__[FEP]__R161__313.1__0.353,1559,[hmim],[FEP],R161,313.1,0.353,0.4529,HMIM__FEP,train,train
[hmim]__[FEP]__R161__323.2__0.065,1560,[hmim],[FEP],R161,323.2,0.065,0.0796,HMIM__FEP,train,train
[hmim]__[FEP]__R161__323.1__0.13,1561,[hmim],[FEP],R161,323.1,0.13,0.1579,HMIM__FEP,train,train
[hmim]__[FEP]__R161__323.2__0.195,1562,[hmim],[FEP],R161,323.2,0.195,0.232,HMIM__FEP,train,train
[hmim]__[FEP]__R161__323.2__0.269,1563,[hmim],[FEP],R161,323.2,0.269,0.3075,HMIM__FEP,train,train
[hmim]__[FEP]__R161__323.2__0.335,1564,[hmim],[FEP],R161,323.2,0.335,0.3672,HMIM__FEP,train,train
[hmim]__[FEP]__R161__323.2__0.416,1565,[hmim],[FEP],R161,323.2,0.416,0.4329,HMIM__FEP,train,train
[hmim]__[FEP]__R161__333.1__0.077,1566,[hmim],[FEP],R161,333.1,0.077,0.0701,HMIM__FEP,train,train
[hmim]__[FEP]__R161__333.2__0.149,1567,[hmim],[FEP],R161,333.2,0.149,0.1451,HMIM__FEP,val,train
[hmim]__[FEP]__R161__333.2__0.224,1568,[hmim],[FEP],R161,333.2,0.224,0.2156,HMIM__FEP,train,train
[hmim]__[FEP]__R161__333.2__0.31,1569,[hmim],[FEP],R161,333.2,0.31,0.2884,HMIM__FEP,train,train
[hmim]__[FEP]__R161__333.2__0.387,1570,[hmim],[FEP],R161,333.2,0.387,0.3466,HMIM__FEP,train,val
[hmim]__[FEP]__R161__333.2__0.482,1571,[hmim],[FEP],R161,333.2,0.482,0.4114,HMIM__FEP,train,train
[hmim]__[FEP]__R161__343.1__0.088,1572,[hmim],[FEP],R161,343.1,0.088,0.0615,HMIM__FEP,train,train
[hmim]__[FEP]__R161__343.2__0.169,1573,[hmim],[FEP],R161,343.2,0.169,0.1324,HMIM__FEP,train,train
[hmim]__[FEP]__R161__343.2__0.254,1574,[hmim],[FEP],R161,343.2,0.254,0.1992,HMIM__FEP,train,train
[hmim]__[FEP]__R161__343.2__0.352,1575,[hmim],[FEP],R161,343.2,0.352,0.2691,HMIM__FEP,train,train
[hmim]__[FEP]__R161__343.2__0.439,1576,[hmim],[FEP],R161,343.2,0.439,0.3259,HMIM__FEP,train,train
[hmim]__[FEP]__R161__343.2__0.548,1577,[hmim],[FEP],R161,343.2,0.548,0.3894,HMIM__FEP,val,train
[hmim]__[FEP]__R152a__293.2__0.031,1578,[hmim],[FEP],R152a,293.2,0.031,0.1095,HMIM__FEP,train,train
[hmim]__[FEP]__R152a__293.2__0.066,1579,[hmim],[FEP],R152a,293.2,0.066,0.2126,HMIM__FEP,train,train
[hmim]__[FEP]__R152a__293.1__0.097,1580,[hmim],[FEP],R152a,293.1,0.097,0.2997,HMIM__FEP,train,train
[hmim]__[FEP]__R152a__293.3__0.131,1581,[hmim],[FEP],R152a,293.3,0.131,0.3814,HMIM__FEP,train,train
[hmim]__[FEP]__R152a__293__0.163,1582,[hmim],[FEP],R152a,293.0,0.163,0.4538,HMIM__FEP,train,val
[hmim]__[FEP]__R152a__293.1__0.198,1583,[hmim],[FEP],R152a,293.1,0.198,0.5225,HMIM__FEP,train,train
[hmim]__[FEP]__R152a__303.1__0.039,1584,[hmim],[FEP],R152a,303.1,0.039,0.1022,HMIM__FEP,train,train
[hmim]__[FEP]__R152a__303.1__0.082,1585,[hmim],[FEP],R152a,303.1,0.082,0.201,HMIM__FEP,train,train
[hmim]__[FEP]__R152a__303.1__0.122,1586,[hmim],[FEP],R152a,303.1,0.122,0.2855,HMIM__FEP,train,train
[hmim]__[FEP]__R152a__303.1__0.165,1587,[hmim],[FEP],R152a,303.1,0.165,0.366,HMIM__FEP,train,train
[hmim]__[FEP]__R152a__303.2__0.208,1588,[hmim],[FEP],R152a,303.2,0.208,0.4376,HMIM__FEP,train,val
[hmim]__[FEP]__R152a__303.2__0.253,1589,[hmim],[FEP],R152a,303.2,0.253,0.507,HMIM__FEP,train,train
[hmim]__[FEP]__R152a__313.2__0.048,1590,[hmim],[FEP],R152a,313.2,0.048,0.0944,HMIM__FEP,train,train
[hmim]__[FEP]__R152a__313.2__0.101,1591,[hmim],[FEP],R152a,313.2,0.101,0.1883,HMIM__FEP,val,train
[hmim]__[FEP]__R152a__313.3__0.15,1592,[hmim],[FEP],R152a,313.3,0.15,0.2698,HMIM__FEP,train,val
[hmim]__[FEP]__R152a__313.1__0.203,1593,[hmim],[FEP],R152a,313.1,0.203,0.3487,HMIM__FEP,val,train
[hmim]__[FEP]__R152a__313.3__0.256,1594,[hmim],[FEP],R152a,313.3,0.256,0.42,HMIM__FEP,train,train
[hmim]__[FEP]__R152a__313.1__0.315,1595,[hmim],[FEP],R152a,313.1,0.315,0.4892,HMIM__FEP,train,train
[hmim]__[FEP]__R152a__323.2__0.059,1596,[hmim],[FEP],R152a,323.2,0.059,0.0852,HMIM__FEP,train,train
[hmim]__[FEP]__R152a__323.2__0.12,1597,[hmim],[FEP],R152a,323.2,0.12,0.1753,HMIM__FEP,train,train
[hmim]__[FEP]__R152a__323.2__0.179,1598,[hmim],[FEP],R152a,323.2,0.179,0.2536,HMIM__FEP,train,train
[hmim]__[FEP]__R152a__323.2__0.244,1599,[hmim],[FEP],R152a,323.2,0.244,0.3302,HMIM__FEP,train,train
[hmim]__[FEP]__R152a__323.2__0.309,1600,[hmim],[FEP],R152a,323.2,0.309,0.4007,HMIM__FEP,train,val
[hmim]__[FEP]__R152a__323.1__0.382,1601,[hmim],[FEP],R152a,323.1,0.382,0.4693,HMIM__FEP,val,train
[hmim]__[FEP]__R152a__333.2__0.069,1602,[hmim],[FEP],R152a,333.2,0.069,0.0771,HMIM__FEP,train,train
[hmim]__[FEP]__R152a__333.2__0.14,1603,[hmim],[FEP],R152a,333.2,0.14,0.1622,HMIM__FEP,train,train
[hmim]__[FEP]__R152a__333.1__0.209,1604,[hmim],[FEP],R152a,333.1,0.209,0.2372,HMIM__FEP,train,train
[hmim]__[FEP]__R152a__333.2__0.286,1605,[hmim],[FEP],R152a,333.2,0.286,0.311,HMIM__FEP,train,train
[hmim]__[FEP]__R152a__333.2__0.364,1606,[hmim],[FEP],R152a,333.2,0.364,0.38,HMIM__FEP,train,train
[hmim]__[FEP]__R152a__333.1__0.453,1607,[hmim],[FEP],R152a,333.1,0.453,0.4476,HMIM__FEP,train,train
[hmim]__[FEP]__R152a__343.2__0.079,1608,[hmim],[FEP],R152a,343.2,0.079,0.0691,HMIM__FEP,train,val
[hmim]__[FEP]__R152a__343.2__0.161,1609,[hmim],[FEP],R152a,343.2,0.161,0.1491,HMIM__FEP,val,train
[hmim]__[FEP]__R152a__343.2__0.24,1610,[hmim],[FEP],R152a,343.2,0.24,0.2205,HMIM__FEP,train,train
[hmim]__[FEP]__R152a__343.2__0.329,1611,[hmim],[FEP],R152a,343.2,0.329,0.2916,HMIM__FEP,train,train
[hmim]__[FEP]__R152a__343.2__0.42,1612,[hmim],[FEP],R152a,343.2,0.42,0.3587,HMIM__FEP,train,train
[hmim]__[FEP]__R152a__343.1__0.525,1613,[hmim],[FEP],R152a,343.1,0.525,0.425,HMIM__FEP,train,train
[hmim]__[FEP]__R134__283.08__0.01,1614,[hmim],[FEP],R134,283.08,0.01,0.055,HMIM__FEP,train,train
[hmim]__[FEP]__R134__283.07__0.05,1615,[hmim],[FEP],R134,283.07,0.05,0.24,HMIM__FEP,train,train
[hmim]__[FEP]__R134__283.13__0.1,1616,[hmim],[FEP],R134,283.13,0.1,0.422,HMIM__FEP,train,train
[hmim]__[FEP]__R134__283.17__0.15,1617,[hmim],[FEP],R134,283.17,0.15,0.568,HMIM__FEP,train,train
[hmim]__[FEP]__R134__283.1__0.2,1618,[hmim],[FEP],R134,283.1,0.2,0.689,HMIM__FEP,train,train
[hmim]__[FEP]__R134__283.12__0.249,1619,[hmim],[FEP],R134,283.12,0.249,0.81,HMIM__FEP,train,train
[hmim]__[FEP]__R134__283.13__0.299,1620,[hmim],[FEP],R134,283.13,0.299,0.959,HMIM__FEP,val,val
[hmim]__[FEP]__R134__298.13__0.01,1621,[hmim],[FEP],R134,298.13,0.01,0.035,HMIM__FEP,train,train
[hmim]__[FEP]__R134__298.08__0.05,1622,[hmim],[FEP],R134,298.08,0.05,0.16,HMIM__FEP,train,train
[hmim]__[FEP]__R134__298.2__0.1,1623,[hmim],[FEP],R134,298.2,0.1,0.293,HMIM__FEP,train,train
[hmim]__[FEP]__R134__298.02__0.15,1624,[hmim],[FEP],R134,298.02,0.15,0.403,HMIM__FEP,train,train
[hmim]__[FEP]__R134__298.11__0.199,1625,[hmim],[FEP],R134,298.11,0.199,0.498,HMIM__FEP,train,val
[hmim]__[FEP]__R134__298.17__0.25,1626,[hmim],[FEP],R134,298.17,0.25,0.583,HMIM__FEP,train,train
[hmim]__[FEP]__R134__298.14__0.3,1627,[hmim],[FEP],R134,298.14,0.3,0.656,HMIM__FEP,train,val
[hmim]__[FEP]__R134__298.06__0.35,1628,[hmim],[FEP],R134,298.06,0.35,0.727,HMIM__FEP,train,val
[hmim]__[FEP]__R134__323.12__0.01,1629,[hmim],[FEP],R134,323.12,0.01,0.018,HMIM__FEP,val,train
[hmim]__[FEP]__R134__323.09__0.05,1630,[hmim],[FEP],R134,323.09,0.05,0.085,HMIM__FEP,train,train
[hmim]__[FEP]__R134__323.1__0.1,1631,[hmim],[FEP],R134,323.1,0.1,0.161,HMIM__FEP,train,train
[hmim]__[FEP]__R134__323.1__0.15,1632,[hmim],[FEP],R134,323.1,0.15,0.229,HMIM__FEP,train,train
[hmim]__[FEP]__R134__323.09__0.2,1633,[hmim],[FEP],R134,323.09,0.2,0.291,HMIM__FEP,train,train
[hmim]__[FEP]__R134__323.19__0.25,1634,[hmim],[FEP],R134,323.19,0.25,0.347,HMIM__FEP,train,train
[hmim]__[FEP]__R134__323.13__0.3,1635,[hmim],[FEP],R134,323.13,0.3,0.401,HMIM__FEP,train,train
[hmim]__[FEP]__R134__323.09__0.35,1636,[hmim],[FEP],R134,323.09,0.35,0.448,HMIM__FEP,train,train
[hmim]__[FEP]__R134__348.07__0.01,1637,[hmim],[FEP],R134,348.07,0.01,0.009,HMIM__FEP,train,train
[hmim]__[FEP]__R134__348.06__0.05,1638,[hmim],[FEP],R134,348.06,0.05,0.047,HMIM__FEP,train,val
[hmim]__[FEP]__R134__348.14__0.1,1639,[hmim],[FEP],R134,348.14,0.1,0.092,HMIM__FEP,train,train
[hmim]__[FEP]__R134__348.13__0.15,1640,[hmim],[FEP],R134,348.13,0.15,0.135,HMIM__FEP,train,train
[hmim]__[FEP]__R134__348.11__0.2,1641,[hmim],[FEP],R134,348.11,0.2,0.176,HMIM__FEP,train,train
[hmim]__[FEP]__R134__348.11__0.25,1642,[hmim],[FEP],R134,348.11,0.25,0.213,HMIM__FEP,train,train
[hmim]__[FEP]__R134__348.14__0.3,1643,[hmim],[FEP],R134,348.14,0.3,0.25,HMIM__FEP,train,val
[hmim]__[FEP]__R134__348.13__0.349,1644,[hmim],[FEP],R134,348.13,0.349,0.284,HMIM__FEP,val,train
[hmim]__[FEP]__R125__298.15__0.05,1645,[hmim],[FEP],R125,298.15,0.05,0.038,HMIM__FEP,train,train
[hmim]__[FEP]__R125__298.15__0.1,1646,[hmim],[FEP],R125,298.15,0.1,0.074,HMIM__FEP,train,val
[hmim]__[FEP]__R125__298.15__0.2,1647,[hmim],[FEP],R125,298.15,0.2,0.142,HMIM__FEP,train,train
[hmim]__[FEP]__R125__298.15__0.4,1648,[hmim],[FEP],R125,298.15,0.4,0.267,HMIM__FEP,train,train
[hmim]__[FEP]__R125__298.15__0.6,1649,[hmim],[FEP],R125,298.15,0.6,0.38,HMIM__FEP,val,train
[hmim]__[FEP]__R125__298.15__0.8,1650,[hmim],[FEP],R125,298.15,0.8,0.482,HMIM__FEP,train,train
[hmim]__[FEP]__R125__298.15__1,1651,[hmim],[FEP],R125,298.15,1.0,0.578,HMIM__FEP,train,train
[hmim]__[OTf]__R32__303.2__0.0522,1652,[hmim],[OTf],R32,303.2,0.0522,0.03263,HMIM__OTF,train,train
[hmim]__[OTf]__R32__313.2__0.0586,1653,[hmim],[OTf],R32,313.2,0.0586,0.02975,HMIM__OTF,train,train
[hmim]__[OTf]__R32__323.2__0.0627,1654,[hmim],[OTf],R32,323.2,0.0627,0.02623,HMIM__OTF,train,train
[hmim]__[OTf]__R32__333.2__0.0651,1655,[hmim],[OTf],R32,333.2,0.0651,0.02268,HMIM__OTF,train,val
[hmim]__[OTf]__R32__343.2__0.0683,1656,[hmim],[OTf],R32,343.2,0.0683,0.02015,HMIM__OTF,train,train
[hmim]__[OTf]__R161__303.2__0.0405,1657,[hmim],[OTf],R161,303.2,0.0405,0.03932,HMIM__OTF,train,train
[hmim]__[OTf]__R161__313.2__0.049,1658,[hmim],[OTf],R161,313.2,0.049,0.03769,HMIM__OTF,train,train
[hmim]__[OTf]__R161__323.2__0.0508,1659,[hmim],[OTf],R161,323.2,0.0508,0.03155,HMIM__OTF,train,train
[hmim]__[OTf]__R161__333.2__0.0534,1660,[hmim],[OTf],R161,333.2,0.0534,0.02711,HMIM__OTF,train,train
[hmim]__[OTf]__R161__343.2__0.0587,1661,[hmim],[OTf],R161,343.2,0.0587,0.02466,HMIM__OTF,train,train
[hmim]__[OTf]__R152a__303.2__0.0329,1662,[hmim],[OTf],R152a,303.2,0.0329,0.04113,HMIM__OTF,train,train
[hmim]__[OTf]__R152a__313.2__0.0408,1663,[hmim],[OTf],R152a,313.2,0.0408,0.03961,HMIM__OTF,train,train
[hmim]__[OTf]__R152a__323.2__0.046,1664,[hmim],[OTf],R152a,323.2,0.046,0.03539,HMIM__OTF,train,val
[hmim]__[OTf]__R152a__333.2__0.0525,1665,[hmim],[OTf],R152a,333.2,0.0525,0.03241,HMIM__OTF,train,train
[hmim]__[OTf]__R152a__343.2__0.0563,1666,[hmim],[OTf],R152a,343.2,0.0563,0.02843,HMIM__OTF,train,train
[hmim]__[OTf]__R143a__303.2__0.0646,1667,[hmim],[OTf],R143a,303.2,0.0646,0.02307,HMIM__OTF,train,train
[hmim]__[OTf]__R143a__313.2__0.077,1668,[hmim],[OTf],R143a,313.2,0.077,0.02245,HMIM__OTF,train,val
[hmim]__[OTf]__R143a__323.2__0.0768,1669,[hmim],[OTf],R143a,323.2,0.0768,0.01855,HMIM__OTF,train,train
[hmim]__[OTf]__R143a__333.2__0.0823,1670,[hmim],[OTf],R143a,333.2,0.0823,0.01656,HMIM__OTF,train,train
[hmim]__[OTf]__R143a__343.2__0.0837,1671,[hmim],[OTf],R143a,343.2,0.0837,0.01426,HMIM__OTF,train,train
[hmim]__[OTf]__R125__303.2__0.0609,1672,[hmim],[OTf],R125,303.2,0.0609,0.02486,HMIM__OTF,train,train
[hmim]__[OTf]__R125__313.2__0.0667,1673,[hmim],[OTf],R125,313.2,0.0667,0.02152,HMIM__OTF,train,train
[hmim]__[OTf]__R125__323.2__0.0708,1674,[hmim],[OTf],R125,323.2,0.0708,0.0183,HMIM__OTF,train,train
[hmim]__[OTf]__R125__333.2__0.0752,1675,[hmim],[OTf],R125,333.2,0.0752,0.0158,HMIM__OTF,train,train
[hmim]__[OTf]__R125__343.2__0.0804,1676,[hmim],[OTf],R125,343.2,0.0804,0.01393,HMIM__OTF,train,val
[hmim]__[PF6]__R134a__298__0.081,1677,[hmim],[PF6],R134a,298.0,0.081,0.0594,HMIM__PF6,train,train
[hmim]__[PF6]__R134a__298__0.133,1678,[hmim],[PF6],R134a,298.0,0.133,0.1242,HMIM__PF6,train,train
[hmim]__[PF6]__R134a__298__0.22,1679,[hmim],[PF6],R134a,298.0,0.22,0.2116,HMIM__PF6,train,train
[hmim]__[PF6]__R134a__298__0.304,1680,[hmim],[PF6],R134a,298.0,0.304,0.3093,HMIM__PF6,train,train
[hmim]__[PF6]__R134a__298__0.429,1681,[hmim],[PF6],R134a,298.0,0.429,0.4529,HMIM__PF6,train,train
[hmim]__[PF6]__R134a__298__0.576,1682,[hmim],[PF6],R134a,298.0,0.576,0.6507,HMIM__PF6,train,train
[hmim]__[PF6]__R134a__323__0.089,1683,[hmim],[PF6],R134a,323.0,0.089,0.0295,HMIM__PF6,train,train
[hmim]__[PF6]__R134a__323__0.177,1684,[hmim],[PF6],R134a,323.0,0.177,0.0739,HMIM__PF6,train,train
[hmim]__[PF6]__R134a__323__0.34,1685,[hmim],[PF6],R134a,323.0,0.3399999999999999,0.1659,HMIM__PF6,train,train
[hmim]__[PF6]__R134a__323__0.512,1686,[hmim],[PF6],R134a,323.0,0.512,0.2723,HMIM__PF6,val,train
[hmim]__[PF6]__R134a__323__0.665,1687,[hmim],[PF6],R134a,323.0,0.665,0.3544,HMIM__PF6,train,train
[hmim]__[PF6]__R134a__323__0.81,1688,[hmim],[PF6],R134a,323.0,0.8099999999999999,0.4238,HMIM__PF6,train,train
[hmim]__[PF6]__R134a__323__0.921,1689,[hmim],[PF6],R134a,323.0,0.921,0.4809,HMIM__PF6,train,train
[hmim]__[PF6]__R134a__323__1.077,1690,[hmim],[PF6],R134a,323.0,1.077,0.5856,HMIM__PF6,train,train
[hmim]__[PF6]__R134a__323__1.193,1691,[hmim],[PF6],R134a,323.0,1.193,0.6683,HMIM__PF6,train,train
[hmim]__[PF6]__R134a__323__1.283,1692,[hmim],[PF6],R134a,323.0,1.283,0.7677,HMIM__PF6,train,train
[hmim]__[PF6]__R134a__348__0.623,1693,[hmim],[PF6],R134a,348.0,0.623,0.1997,HMIM__PF6,train,train
[hmim]__[PF6]__R134a__348__1.011,1694,[hmim],[PF6],R134a,348.0,1.011,0.3231,HMIM__PF6,train,train
[hmim]__[PF6]__R134a__348__1.348,1695,[hmim],[PF6],R134a,348.0,1.348,0.433,HMIM__PF6,train,train
[hmim]__[PF6]__R134a__348__1.713,1696,[hmim],[PF6],R134a,348.0,1.713,0.5437,HMIM__PF6,train,train
[hmim]__[PF6]__R134a__348__2.057,1697,[hmim],[PF6],R134a,348.0,2.057,0.6368,HMIM__PF6,val,train
[hmim]__[Tf2N]__R32__302.7__0.1144,1698,[hmim],[Tf2N],R32,302.7,0.1144,0.1114,HMIM__TF2N,train,test
[hmim]__[Tf2N]__R32__303.3__0.2108,1699,[hmim],[Tf2N],R32,303.3,0.2108,0.198,HMIM__TF2N,train,test
[hmim]__[Tf2N]__R32__302.9__0.3021,1700,[hmim],[Tf2N],R32,302.9,0.3021,0.2806,HMIM__TF2N,train,test
[hmim]__[Tf2N]__R32__302.5__0.4142,1701,[hmim],[Tf2N],R32,302.5,0.4142,0.3621,HMIM__TF2N,train,test
[hmim]__[Tf2N]__R32__302.9__0.5136,1702,[hmim],[Tf2N],R32,302.9,0.5136,0.4192,HMIM__TF2N,train,test
[hmim]__[Tf2N]__R32__303.4__0.5854,1703,[hmim],[Tf2N],R32,303.4,0.5854,0.4548,HMIM__TF2N,train,test
[hmim]__[Tf2N]__R32__303.5__0.6395,1704,[hmim],[Tf2N],R32,303.5,0.6395,0.4972,HMIM__TF2N,train,test
[hmim]__[Tf2N]__R32__313.9__0.139,1705,[hmim],[Tf2N],R32,313.9,0.139,0.106,HMIM__TF2N,train,test
[hmim]__[Tf2N]__R32__313.2__0.2507,1706,[hmim],[Tf2N],R32,313.2,0.2507,0.1907,HMIM__TF2N,train,test
[hmim]__[Tf2N]__R32__313__0.3633,1707,[hmim],[Tf2N],R32,313.0,0.3633,0.2714,HMIM__TF2N,train,test
[hmim]__[Tf2N]__R32__313.9__0.5097,1708,[hmim],[Tf2N],R32,313.9,0.5097,0.3504,HMIM__TF2N,train,test
[hmim]__[Tf2N]__R32__312.5__0.6137,1709,[hmim],[Tf2N],R32,312.5,0.6137,0.4088,HMIM__TF2N,train,test
[hmim]__[Tf2N]__R32__312.2__0.6931,1710,[hmim],[Tf2N],R32,312.2,0.6931,0.4447,HMIM__TF2N,val,test
[hmim]__[Tf2N]__R32__313.4__0.7787,1711,[hmim],[Tf2N],R32,313.4,0.7787,0.4858,HMIM__TF2N,val,test
[hmim]__[Tf2N]__R32__323.6__0.1615,1712,[hmim],[Tf2N],R32,323.6,0.1615,0.1013,HMIM__TF2N,train,test
[hmim]__[Tf2N]__R32__323.9__0.2957,1713,[hmim],[Tf2N],R32,323.9,0.2957,0.1829,HMIM__TF2N,train,test
[hmim]__[Tf2N]__R32__323.2__0.4284,1714,[hmim],[Tf2N],R32,323.2,0.4284,0.2618,HMIM__TF2N,val,test
[hmim]__[Tf2N]__R32__323.9__0.6002,1715,[hmim],[Tf2N],R32,323.9,0.6002,0.3396,HMIM__TF2N,train,test
[hmim]__[Tf2N]__R32__322.6__0.7404,1716,[hmim],[Tf2N],R32,322.6,0.7404,0.3954,HMIM__TF2N,train,test
[hmim]__[Tf2N]__R32__324.1__0.8482,1717,[hmim],[Tf2N],R32,324.1,0.8482,0.4304,HMIM__TF2N,train,test
[hmim]__[Tf2N]__R32__322.4__0.9028,1718,[hmim],[Tf2N],R32,322.4,0.9028,0.476,HMIM__TF2N,train,test
[hmim]__[Tf2N]__R32__332.6__0.1826,1719,[hmim],[Tf2N],R32,332.6,0.1826,0.0971,HMIM__TF2N,train,test
[hmim]__[Tf2N]__R32__333.4__0.3387,1720,[hmim],[Tf2N],R32,333.4,0.3387,0.1755,HMIM__TF2N,train,test
[hmim]__[Tf2N]__R32__332.6__0.4921,1721,[hmim],[Tf2N],R32,332.6,0.4921,0.2527,HMIM__TF2N,train,test
[hmim]__[Tf2N]__R32__332.6__0.6826,1722,[hmim],[Tf2N],R32,332.6,0.6826,0.3299,HMIM__TF2N,train,test
[hmim]__[Tf2N]__R32__333.5__0.8613,1723,[hmim],[Tf2N],R32,333.5,0.8613,0.3834,HMIM__TF2N,train,test
[hmim]__[Tf2N]__R32__333.7__0.9776,1724,[hmim],[Tf2N],R32,333.7,0.9776,0.4186,HMIM__TF2N,train,test
[hmim]__[Tf2N]__R32__333__1.0686,1725,[hmim],[Tf2N],R32,333.0,1.0686,0.4626,HMIM__TF2N,train,test
[hmim]__[Tf2N]__R32__343.2__0.2081,1726,[hmim],[Tf2N],R32,343.2,0.2081,0.0923,HMIM__TF2N,train,test
[hmim]__[Tf2N]__R32__342.9__0.3815,1727,[hmim],[Tf2N],R32,342.9,0.3815,0.1687,HMIM__TF2N,train,test
[hmim]__[Tf2N]__R32__343.3__0.5634,1728,[hmim],[Tf2N],R32,343.3,0.5634,0.243,HMIM__TF2N,train,test
[hmim]__[Tf2N]__R32__343.3__0.7914,1729,[hmim],[Tf2N],R32,343.3,0.7914,0.3173,HMIM__TF2N,train,test
[hmim]__[Tf2N]__R32__343.1__0.9794,1730,[hmim],[Tf2N],R32,343.1,0.9794,0.3717,HMIM__TF2N,val,test
[hmim]__[Tf2N]__R32__344.1__1.1307,1731,[hmim],[Tf2N],R32,344.1,1.1307,0.4046,HMIM__TF2N,train,test
[hmim]__[Tf2N]__R32__342.6__1.2208,1732,[hmim],[Tf2N],R32,342.6,1.2208,0.4506,HMIM__TF2N,train,test
[hmim]__[Tf2N]__R161__303.7__0.03,1733,[hmim],[Tf2N],R161,303.7,0.03,0.0351,HMIM__TF2N,val,test
[hmim]__[Tf2N]__R161__302.5__0.066,1734,[hmim],[Tf2N],R161,302.5,0.066,0.0848,HMIM__TF2N,train,test
[hmim]__[Tf2N]__R161__303.9__0.1136,1735,[hmim],[Tf2N],R161,303.9,0.1136,0.1422,HMIM__TF2N,train,test
[hmim]__[Tf2N]__R161__302.2__0.1473,1736,[hmim],[Tf2N],R161,302.2,0.1473,0.1891,HMIM__TF2N,train,test
[hmim]__[Tf2N]__R161__303.1__0.1828,1737,[hmim],[Tf2N],R161,303.1,0.1828,0.2281,HMIM__TF2N,train,test
[hmim]__[Tf2N]__R161__303.2__0.2197,1738,[hmim],[Tf2N],R161,303.2,0.2197,0.2919,HMIM__TF2N,train,test
[hmim]__[Tf2N]__R161__302.6__0.2461,1739,[hmim],[Tf2N],R161,302.6,0.2461,0.3213,HMIM__TF2N,train,test
[hmim]__[Tf2N]__R161__303.9__0.2917,1740,[hmim],[Tf2N],R161,303.9,0.2917,0.3547,HMIM__TF2N,train,test
[hmim]__[Tf2N]__R161__303.9__0.3276,1741,[hmim],[Tf2N],R161,303.9,0.3276,0.3878,HMIM__TF2N,train,test
[hmim]__[Tf2N]__R161__312.7__0.035,1742,[hmim],[Tf2N],R161,312.7,0.035,0.034,HMIM__TF2N,train,test
[hmim]__[Tf2N]__R161__313.3__0.081,1743,[hmim],[Tf2N],R161,313.3,0.081,0.0819,HMIM__TF2N,train,test
[hmim]__[Tf2N]__R161__312.7__0.1361,1744,[hmim],[Tf2N],R161,312.7,0.1361,0.1383,HMIM__TF2N,train,test
[hmim]__[Tf2N]__R161__312.3__0.1832,1745,[hmim],[Tf2N],R161,312.3,0.1832,0.1835,HMIM__TF2N,train,test
[hmim]__[Tf2N]__R161__312.6__0.2225,1746,[hmim],[Tf2N],R161,312.6,0.2225,0.2224,HMIM__TF2N,train,test
[hmim]__[Tf2N]__R161__312.6__0.2675,1747,[hmim],[Tf2N],R161,312.6,0.2675,0.2861,HMIM__TF2N,train,test
[hmim]__[Tf2N]__R161__313__0.3076,1748,[hmim],[Tf2N],R161,313.0,0.3076,0.3144,HMIM__TF2N,val,test
[hmim]__[Tf2N]__R161__312.6__0.3237,1749,[hmim],[Tf2N],R161,312.6,0.3237,0.33,HMIM__TF2N,train,test
[hmim]__[Tf2N]__R161__313.2__0.355,1750,[hmim],[Tf2N],R161,313.2,0.355,0.3482,HMIM__TF2N,train,test
[hmim]__[Tf2N]__R161__313.3__0.4,1751,[hmim],[Tf2N],R161,313.3,0.4,0.3811,HMIM__TF2N,train,test
[hmim]__[Tf2N]__R161__323.2__0.041,1752,[hmim],[Tf2N],R161,323.2,0.041,0.0327,HMIM__TF2N,train,test
[hmim]__[Tf2N]__R161__323.4__0.0983,1753,[hmim],[Tf2N],R161,323.4,0.0983,0.0787,HMIM__TF2N,val,test
[hmim]__[Tf2N]__R161__323.1__0.1652,1754,[hmim],[Tf2N],R161,323.1,0.1652,0.1335,HMIM__TF2N,train,test
[hmim]__[Tf2N]__R161__322.3__0.2221,1755,[hmim],[Tf2N],R161,322.3,0.2221,0.1776,HMIM__TF2N,train,test
[hmim]__[Tf2N]__R161__322.8__0.2704,1756,[hmim],[Tf2N],R161,322.8,0.2704,0.2158,HMIM__TF2N,train,test
[hmim]__[Tf2N]__R161__322.9__0.3265,1757,[hmim],[Tf2N],R161,322.9,0.3265,0.2792,HMIM__TF2N,train,test
[hmim]__[Tf2N]__R161__322.9__0.3713,1758,[hmim],[Tf2N],R161,322.9,0.3713,0.3074,HMIM__TF2N,train,test
[hmim]__[Tf2N]__R161__322.5__0.3941,1759,[hmim],[Tf2N],R161,322.5,0.3941,0.3226,HMIM__TF2N,train,test
[hmim]__[Tf2N]__R161__323.7__0.436,1760,[hmim],[Tf2N],R161,323.7,0.436,0.3401,HMIM__TF2N,val,test
[hmim]__[Tf2N]__R161__322.6__0.4797,1761,[hmim],[Tf2N],R161,322.6,0.4797,0.3738,HMIM__TF2N,train,test
[hmim]__[Tf2N]__R161__333.4__0.047,1762,[hmim],[Tf2N],R161,333.4,0.047,0.0316,HMIM__TF2N,train,test
[hmim]__[Tf2N]__R161__332.2__0.1114,1763,[hmim],[Tf2N],R161,332.2,0.1114,0.0765,HMIM__TF2N,train,test
[hmim]__[Tf2N]__R161__333__0.1935,1764,[hmim],[Tf2N],R161,333.0,0.1935,0.1291,HMIM__TF2N,train,test
[hmim]__[Tf2N]__R161__333.9__0.2673,1765,[hmim],[Tf2N],R161,333.9,0.2673,0.1712,HMIM__TF2N,train,test
[hmim]__[Tf2N]__R161__333__0.3216,1766,[hmim],[Tf2N],R161,333.0,0.3216,0.209,HMIM__TF2N,train,test
[hmim]__[Tf2N]__R161__333.2__0.3875,1767,[hmim],[Tf2N],R161,333.2,0.3875,0.2723,HMIM__TF2N,train,test
[hmim]__[Tf2N]__R161__333.1__0.4422,1768,[hmim],[Tf2N],R161,333.1,0.4422,0.2999,HMIM__TF2N,train,test
[hmim]__[Tf2N]__R161__333.3__0.473,1769,[hmim],[Tf2N],R161,333.3,0.473,0.3146,HMIM__TF2N,train,test
[hmim]__[Tf2N]__R161__334.1__0.5191,1770,[hmim],[Tf2N],R161,334.1,0.5191,0.332,HMIM__TF2N,train,test
[hmim]__[Tf2N]__R161__333.7__0.5823,1771,[hmim],[Tf2N],R161,333.7,0.5823,0.3646,HMIM__TF2N,train,test
[hmim]__[Tf2N]__R161__343.4__0.053,1772,[hmim],[Tf2N],R161,343.4,0.053,0.0305,HMIM__TF2N,train,test
[hmim]__[Tf2N]__R161__343.3__0.1299,1773,[hmim],[Tf2N],R161,343.3,0.1299,0.0735,HMIM__TF2N,train,test
[hmim]__[Tf2N]__R161__343.2__0.2234,1774,[hmim],[Tf2N],R161,343.2,0.2234,0.1247,HMIM__TF2N,train,test
[hmim]__[Tf2N]__R161__342.3__0.3006,1775,[hmim],[Tf2N],R161,342.3,0.3006,0.1666,HMIM__TF2N,train,test
[hmim]__[Tf2N]__R161__342.5__0.3691,1776,[hmim],[Tf2N],R161,342.5,0.3691,0.203,HMIM__TF2N,train,test
[hmim]__[Tf2N]__R161__343.2__0.4525,1777,[hmim],[Tf2N],R161,343.2,0.4525,0.2651,HMIM__TF2N,train,test
[hmim]__[Tf2N]__R161__343.5__0.5183,1778,[hmim],[Tf2N],R161,343.5,0.5183,0.2921,HMIM__TF2N,train,test
[hmim]__[Tf2N]__R161__343.2__0.5509,1779,[hmim],[Tf2N],R161,343.2,0.5509,0.3068,HMIM__TF2N,train,test
[hmim]__[Tf2N]__R161__344.3__0.6066,1780,[hmim],[Tf2N],R161,344.3,0.6066,0.3238,HMIM__TF2N,train,test
[hmim]__[Tf2N]__R161__343__0.673,1781,[hmim],[Tf2N],R161,343.0,0.673,0.3567,HMIM__TF2N,val,test
[hmim]__[Tf2N]__R152a__302.4__0.0376,1782,[hmim],[Tf2N],R152a,302.4,0.0376,0.0672,HMIM__TF2N,train,test
[hmim]__[Tf2N]__R152a__302.9__0.0559,1783,[hmim],[Tf2N],R152a,302.9,0.0559,0.0999,HMIM__TF2N,train,test
[hmim]__[Tf2N]__R152a__303.2__0.0738,1784,[hmim],[Tf2N],R152a,303.2,0.0738,0.1367,HMIM__TF2N,val,test
[hmim]__[Tf2N]__R152a__302.8__0.0962,1785,[hmim],[Tf2N],R152a,302.8,0.0962,0.1814,HMIM__TF2N,train,test
[hmim]__[Tf2N]__R152a__303.2__0.1154,1786,[hmim],[Tf2N],R152a,303.2,0.1154,0.2122,HMIM__TF2N,train,test
[hmim]__[Tf2N]__R152a__302.3__0.1344,1787,[hmim],[Tf2N],R152a,302.3,0.1344,0.2528,HMIM__TF2N,train,test
[hmim]__[Tf2N]__R152a__313.5__0.0478,1788,[hmim],[Tf2N],R152a,313.5,0.0478,0.0646,HMIM__TF2N,train,test
[hmim]__[Tf2N]__R152a__312.3__0.0689,1789,[hmim],[Tf2N],R152a,312.3,0.0689,0.0968,HMIM__TF2N,train,test
[hmim]__[Tf2N]__R152a__313.4__0.0931,1790,[hmim],[Tf2N],R152a,313.4,0.0931,0.1324,HMIM__TF2N,train,test
[hmim]__[Tf2N]__R152a__313.4__0.1226,1791,[hmim],[Tf2N],R152a,313.4,0.1226,0.1761,HMIM__TF2N,train,test
[hmim]__[Tf2N]__R152a__312.2__0.1413,1792,[hmim],[Tf2N],R152a,312.2,0.1413,0.2074,HMIM__TF2N,train,test
[hmim]__[Tf2N]__R152a__313.4__0.1748,1793,[hmim],[Tf2N],R152a,313.4,0.1748,0.2459,HMIM__TF2N,val,test
[hmim]__[Tf2N]__R152a__322.8__0.0575,1794,[hmim],[Tf2N],R152a,322.8,0.0575,0.0629,HMIM__TF2N,train,test
[hmim]__[Tf2N]__R152a__323.5__0.0862,1795,[hmim],[Tf2N],R152a,323.5,0.0862,0.0929,HMIM__TF2N,train,test
[hmim]__[Tf2N]__R152a__323.6__0.1145,1796,[hmim],[Tf2N],R152a,323.6,0.1145,0.1279,HMIM__TF2N,val,test
[hmim]__[Tf2N]__R152a__322.2__0.1469,1797,[hmim],[Tf2N],R152a,322.2,0.1469,0.1714,HMIM__TF2N,train,test
[hmim]__[Tf2N]__R152a__323.7__0.1803,1798,[hmim],[Tf2N],R152a,323.7,0.1803,0.2003,HMIM__TF2N,train,test
[hmim]__[Tf2N]__R152a__322.3__0.2096,1799,[hmim],[Tf2N],R152a,322.3,0.2096,0.2402,HMIM__TF2N,train,test
[hmim]__[Tf2N]__R152a__333.1__0.0685,1800,[hmim],[Tf2N],R152a,333.1,0.0685,0.0598,HMIM__TF2N,train,test
[hmim]__[Tf2N]__R152a__332.8__0.101,1801,[hmim],[Tf2N],R152a,332.8,0.101,0.0897,HMIM__TF2N,train,test
[hmim]__[Tf2N]__R152a__333.8__0.1373,1802,[hmim],[Tf2N],R152a,333.8,0.1373,0.1233,HMIM__TF2N,train,test
[hmim]__[Tf2N]__R152a__333.4__0.181,1803,[hmim],[Tf2N],R152a,333.4,0.181,0.165,HMIM__TF2N,train,test
[hmim]__[Tf2N]__R152a__332.5__0.2109,1804,[hmim],[Tf2N],R152a,332.5,0.2109,0.195,HMIM__TF2N,train,test
[hmim]__[Tf2N]__R152a__332.9__0.2564,1805,[hmim],[Tf2N],R152a,332.9,0.2564,0.2326,HMIM__TF2N,train,test
[hmim]__[Tf2N]__R152a__343.3__0.0798,1806,[hmim],[Tf2N],R152a,343.3,0.0798,0.0573,HMIM__TF2N,train,test
[hmim]__[Tf2N]__R152a__343__0.1183,1807,[hmim],[Tf2N],R152a,343.0,0.1183,0.0861,HMIM__TF2N,train,test
[hmim]__[Tf2N]__R152a__342.6__0.1578,1808,[hmim],[Tf2N],R152a,342.6,0.1578,0.1193,HMIM__TF2N,train,test
[hmim]__[Tf2N]__R152a__342.7__0.2101,1809,[hmim],[Tf2N],R152a,342.7,0.2101,0.1598,HMIM__TF2N,train,test
[hmim]__[Tf2N]__R152a__342.8__0.2521,1810,[hmim],[Tf2N],R152a,342.8,0.2521,0.188,HMIM__TF2N,train,test
[hmim]__[Tf2N]__R152a__343.4__0.3074,1811,[hmim],[Tf2N],R152a,343.4,0.3074,0.2247,HMIM__TF2N,train,test
[hmim]__[Tf2N]__R143a__302.7__0.13,1812,[hmim],[Tf2N],R143a,302.7,0.13,0.0558,HMIM__TF2N,train,test
[hmim]__[Tf2N]__R143a__303.5__0.2,1813,[hmim],[Tf2N],R143a,303.5,0.2,0.0896,HMIM__TF2N,train,test
[hmim]__[Tf2N]__R143a__303.6__0.367,1814,[hmim],[Tf2N],R143a,303.6,0.367,0.1637,HMIM__TF2N,train,test
[hmim]__[Tf2N]__R143a__303.5__0.448,1815,[hmim],[Tf2N],R143a,303.5,0.448,0.1936,HMIM__TF2N,train,test
[hmim]__[Tf2N]__R143a__303.3__0.556,1816,[hmim],[Tf2N],R143a,303.3,0.556,0.244,HMIM__TF2N,train,test
[hmim]__[Tf2N]__R143a__303.7__0.734,1817,[hmim],[Tf2N],R143a,303.7,0.734,0.2955,HMIM__TF2N,train,test
[hmim]__[Tf2N]__R143a__302.8__0.83,1818,[hmim],[Tf2N],R143a,302.8,0.83,0.3421,HMIM__TF2N,train,test
[hmim]__[Tf2N]__R143a__303.8__0.913,1819,[hmim],[Tf2N],R143a,303.8,0.913,0.3561,HMIM__TF2N,train,test
[hmim]__[Tf2N]__R143a__313.5__0.151,1820,[hmim],[Tf2N],R143a,313.5,0.151,0.052,HMIM__TF2N,train,test
[hmim]__[Tf2N]__R143a__312.7__0.227,1821,[hmim],[Tf2N],R143a,312.7,0.227,0.0847,HMIM__TF2N,train,test
[hmim]__[Tf2N]__R143a__313.2__0.423,1822,[hmim],[Tf2N],R143a,313.2,0.423,0.1549,HMIM__TF2N,train,test
[hmim]__[Tf2N]__R143a__313__0.506,1823,[hmim],[Tf2N],R143a,313.0,0.506,0.1854,HMIM__TF2N,train,test
[hmim]__[Tf2N]__R143a__313.9__0.651,1824,[hmim],[Tf2N],R143a,313.9,0.651,0.2308,HMIM__TF2N,train,test
[hmim]__[Tf2N]__R143a__312.5__0.849,1825,[hmim],[Tf2N],R143a,312.5,0.849,0.2803,HMIM__TF2N,train,test
[hmim]__[Tf2N]__R143a__312.4__0.979,1826,[hmim],[Tf2N],R143a,312.4,0.979,0.3237,HMIM__TF2N,train,test
[hmim]__[Tf2N]__R143a__313__1.046,1827,[hmim],[Tf2N],R143a,313.0,1.046,0.3412,HMIM__TF2N,train,test
[hmim]__[Tf2N]__R143a__322.5__0.168,1828,[hmim],[Tf2N],R143a,322.5,0.168,0.049,HMIM__TF2N,train,test
[hmim]__[Tf2N]__R143a__322.9__0.169,1829,[hmim],[Tf2N],R143a,322.9,0.169,0.0489,HMIM__TF2N,train,test
[hmim]__[Tf2N]__R143a__322.7__0.258,1830,[hmim],[Tf2N],R143a,322.7,0.258,0.0796,HMIM__TF2N,train,test
[hmim]__[Tf2N]__R143a__323.5__0.483,1831,[hmim],[Tf2N],R143a,323.5,0.483,0.1457,HMIM__TF2N,train,test
[hmim]__[Tf2N]__R143a__323.2__0.58,1832,[hmim],[Tf2N],R143a,323.2,0.58,0.1745,HMIM__TF2N,train,test
[hmim]__[Tf2N]__R143a__322.6__0.742,1833,[hmim],[Tf2N],R143a,322.6,0.742,0.2181,HMIM__TF2N,train,test
[hmim]__[Tf2N]__R143a__323.2__0.991,1834,[hmim],[Tf2N],R143a,323.2,0.991,0.2619,HMIM__TF2N,train,test
[hmim]__[Tf2N]__R143a__322.6__1.141,1835,[hmim],[Tf2N],R143a,322.6,1.141,0.3041,HMIM__TF2N,train,test
[hmim]__[Tf2N]__R143a__322.2__1.208,1836,[hmim],[Tf2N],R143a,322.2,1.208,0.322,HMIM__TF2N,train,test
[hmim]__[Tf2N]__R143a__333.2__0.188,1837,[hmim],[Tf2N],R143a,333.2,0.188,0.0457,HMIM__TF2N,val,test
[hmim]__[Tf2N]__R143a__334__0.291,1838,[hmim],[Tf2N],R143a,334.0,0.291,0.0744,HMIM__TF2N,train,test
[hmim]__[Tf2N]__R143a__333.4__0.541,1839,[hmim],[Tf2N],R143a,333.4,0.541,0.1376,HMIM__TF2N,val,test
[hmim]__[Tf2N]__R143a__333.3__0.65,1840,[hmim],[Tf2N],R143a,333.3,0.65,0.1652,HMIM__TF2N,train,test
[hmim]__[Tf2N]__R143a__333.3__0.651,1841,[hmim],[Tf2N],R143a,333.3,0.651,0.1651,HMIM__TF2N,train,test
[hmim]__[Tf2N]__R143a__333__0.83,1842,[hmim],[Tf2N],R143a,333.0,0.83,0.2074,HMIM__TF2N,train,test
[hmim]__[Tf2N]__R143a__332.5__1.111,1843,[hmim],[Tf2N],R143a,332.5,1.111,0.2473,HMIM__TF2N,train,test
[hmim]__[Tf2N]__R143a__332.8__1.301,1844,[hmim],[Tf2N],R143a,332.8,1.301,0.2855,HMIM__TF2N,train,test
[hmim]__[Tf2N]__R143a__332.8__1.381,1845,[hmim],[Tf2N],R143a,332.8,1.381,0.3028,HMIM__TF2N,train,test
[hmim]__[Tf2N]__R143a__342.6__0.204,1846,[hmim],[Tf2N],R143a,342.6,0.204,0.0434,HMIM__TF2N,train,test
[hmim]__[Tf2N]__R143a__342.3__0.315,1847,[hmim],[Tf2N],R143a,342.3,0.315,0.071,HMIM__TF2N,train,test
[hmim]__[Tf2N]__R143a__342.3__0.59,1848,[hmim],[Tf2N],R143a,342.3,0.59,0.1312,HMIM__TF2N,train,test
[hmim]__[Tf2N]__R143a__342.2__0.712,1849,[hmim],[Tf2N],R143a,342.2,0.712,0.1573,HMIM__TF2N,train,test
[hmim]__[Tf2N]__R143a__342.9__0.92,1850,[hmim],[Tf2N],R143a,342.9,0.92,0.1968,HMIM__TF2N,train,test
[hmim]__[Tf2N]__R143a__342.9__1.245,1851,[hmim],[Tf2N],R143a,342.9,1.245,0.2316,HMIM__TF2N,val,test
[hmim]__[Tf2N]__R143a__343__1.457,1852,[hmim],[Tf2N],R143a,343.0,1.457,0.2685,HMIM__TF2N,train,test
[hmim]__[Tf2N]__R143a__342.7__1.545,1853,[hmim],[Tf2N],R143a,342.7,1.545,0.285,HMIM__TF2N,val,test
[hmim]__[Tf2N]__R134a__298__0.042,1854,[hmim],[Tf2N],R134a,298.0,0.0419999999999999,0.0247,HMIM__TF2N,train,test
[hmim]__[Tf2N]__R134a__298__0.075,1855,[hmim],[Tf2N],R134a,298.0,0.075,0.0761,HMIM__TF2N,train,test
[hmim]__[Tf2N]__R134a__298__0.117,1856,[hmim],[Tf2N],R134a,298.0,0.1169999999999999,0.1442,HMIM__TF2N,train,test
[hmim]__[Tf2N]__R134a__298__0.181,1857,[hmim],[Tf2N],R134a,298.0,0.181,0.236,HMIM__TF2N,train,test
[hmim]__[Tf2N]__R134a__298__0.251,1858,[hmim],[Tf2N],R134a,298.0,0.251,0.3416,HMIM__TF2N,train,test
[hmim]__[Tf2N]__R134a__298__0.346,1859,[hmim],[Tf2N],R134a,298.0,0.346,0.4609,HMIM__TF2N,train,test
[hmim]__[Tf2N]__R134a__298__0.402,1860,[hmim],[Tf2N],R134a,298.0,0.4019999999999999,0.5264,HMIM__TF2N,train,test
[hmim]__[Tf2N]__R134a__298__0.455,1861,[hmim],[Tf2N],R134a,298.0,0.4549999999999999,0.5893,HMIM__TF2N,train,test
[hmim]__[Tf2N]__R134a__298__0.523,1862,[hmim],[Tf2N],R134a,298.0,0.523,0.6724,HMIM__TF2N,train,test
[hmim]__[Tf2N]__R134a__298__0.586,1863,[hmim],[Tf2N],R134a,298.0,0.5860000000000001,0.7578,HMIM__TF2N,train,test
[hmim]__[Tf2N]__R134a__323__0.053,1864,[hmim],[Tf2N],R134a,323.0,0.053,0.0282,HMIM__TF2N,train,test
[hmim]__[Tf2N]__R134a__323__0.104,1865,[hmim],[Tf2N],R134a,323.0,0.104,0.0652,HMIM__TF2N,train,test
[hmim]__[Tf2N]__R134a__323__0.155,1866,[hmim],[Tf2N],R134a,323.0,0.155,0.11,HMIM__TF2N,train,test
[hmim]__[Tf2N]__R134a__323__0.213,1867,[hmim],[Tf2N],R134a,323.0,0.213,0.1604,HMIM__TF2N,val,test
[hmim]__[Tf2N]__R134a__323__0.286,1868,[hmim],[Tf2N],R134a,323.0,0.286,0.2123,HMIM__TF2N,val,test
[hmim]__[Tf2N]__R134a__323__0.392,1869,[hmim],[Tf2N],R134a,323.0,0.392,0.286,HMIM__TF2N,train,test
[hmim]__[Tf2N]__R134a__323__0.506,1870,[hmim],[Tf2N],R134a,323.0,0.506,0.3577,HMIM__TF2N,train,test
[hmim]__[Tf2N]__R134a__323__0.612,1871,[hmim],[Tf2N],R134a,323.0,0.612,0.4223,HMIM__TF2N,train,test
[hmim]__[Tf2N]__R134a__323__0.748,1872,[hmim],[Tf2N],R134a,323.0,0.748,0.5019,HMIM__TF2N,val,test
[hmim]__[Tf2N]__R134a__323__0.866,1873,[hmim],[Tf2N],R134a,323.0,0.866,0.5702,HMIM__TF2N,train,test
[hmim]__[Tf2N]__R134a__323__0.972,1874,[hmim],[Tf2N],R134a,323.0,0.972,0.6267,HMIM__TF2N,train,test
[hmim]__[Tf2N]__R134a__323__1.062,1875,[hmim],[Tf2N],R134a,323.0,1.0619999999999998,0.6807,HMIM__TF2N,train,test
[hmim]__[Tf2N]__R134a__323__1.143,1876,[hmim],[Tf2N],R134a,323.0,1.143,0.7334,HMIM__TF2N,train,test
[hmim]__[Tf2N]__R134a__323__1.192,1877,[hmim],[Tf2N],R134a,323.0,1.192,0.7642,HMIM__TF2N,train,test
[hmim]__[Tf2N]__R134a__348__0.502,1878,[hmim],[Tf2N],R134a,348.0,0.502,0.2429,HMIM__TF2N,train,test
[hmim]__[Tf2N]__R134a__348__0.874,1879,[hmim],[Tf2N],R134a,348.0,0.874,0.3916,HMIM__TF2N,train,test
[hmim]__[Tf2N]__R134a__348__1.211,1880,[hmim],[Tf2N],R134a,348.0,1.211,0.5145,HMIM__TF2N,val,test
[hmim]__[Tf2N]__R134a__348__1.559,1881,[hmim],[Tf2N],R134a,348.0,1.559,0.6205,HMIM__TF2N,train,test
[hmim]__[Tf2N]__R134a__348__1.878,1882,[hmim],[Tf2N],R134a,348.0,1.878,0.7157,HMIM__TF2N,train,test
[hmim]__[Tf2N]__R134a__343.15__0.084,1883,[hmim],[Tf2N],R134a,343.15,0.084,0.0397,HMIM__TF2N,train,test
[hmim]__[Tf2N]__R134a__343.15__0.212,1884,[hmim],[Tf2N],R134a,343.15,0.212,0.1086,HMIM__TF2N,train,test
[hmim]__[Tf2N]__R134a__343.15__0.395,1885,[hmim],[Tf2N],R134a,343.15,0.395,0.1956,HMIM__TF2N,train,test
[hmim]__[Tf2N]__R134a__343.15__0.615,1886,[hmim],[Tf2N],R134a,343.15,0.615,0.2904,HMIM__TF2N,train,test
[hmim]__[Tf2N]__R134a__343.15__0.971,1887,[hmim],[Tf2N],R134a,343.15,0.971,0.4272,HMIM__TF2N,train,test
[hmim]__[Tf2N]__R134a__343.15__1.32,1888,[hmim],[Tf2N],R134a,343.15,1.32,0.5508,HMIM__TF2N,train,test
[hmim]__[Tf2N]__R134a__343.15__1.732,1889,[hmim],[Tf2N],R134a,343.15,1.732,0.6867,HMIM__TF2N,train,test
[hmim]__[Tf2N]__R134a__343.15__1.956,1890,[hmim],[Tf2N],R134a,343.15,1.956,0.777,HMIM__TF2N,train,test
[hmim]__[Tf2N]__R134a__343.15__2.016,1891,[hmim],[Tf2N],R134a,343.15,2.016,0.8075,HMIM__TF2N,train,test
[hmim]__[Tf2N]__R134a__343.15__2.064,1892,[hmim],[Tf2N],R134a,343.15,2.064,0.8427,HMIM__TF2N,train,test
[hmim]__[Tf2N]__R134a__343.15__2.075,1893,[hmim],[Tf2N],R134a,343.15,2.075,0.8572,HMIM__TF2N,train,test
[hmim]__[Tf2N]__R125__303.1__0.1091,1894,[hmim],[Tf2N],R125,303.1,0.1091,0.072,HMIM__TF2N,train,test
[hmim]__[Tf2N]__R125__303.3__0.2124,1895,[hmim],[Tf2N],R125,303.3,0.2124,0.141,HMIM__TF2N,train,test
[hmim]__[Tf2N]__R125__303.2__0.2913,1896,[hmim],[Tf2N],R125,303.2,0.2913,0.1885,HMIM__TF2N,train,test
[hmim]__[Tf2N]__R125__302.6__0.4092,1897,[hmim],[Tf2N],R125,302.6,0.4092,0.261,HMIM__TF2N,train,test
[hmim]__[Tf2N]__R125__303.1__0.4732,1898,[hmim],[Tf2N],R125,303.1,0.4732,0.2936,HMIM__TF2N,train,test
[hmim]__[Tf2N]__R125__303.5__0.5435,1899,[hmim],[Tf2N],R125,303.5,0.5435,0.3282,HMIM__TF2N,train,test
[hmim]__[Tf2N]__R125__312.4__0.1264,1900,[hmim],[Tf2N],R125,312.4,0.1264,0.0679,HMIM__TF2N,train,test
[hmim]__[Tf2N]__R125__312.7__0.2517,1901,[hmim],[Tf2N],R125,312.7,0.2517,0.1326,HMIM__TF2N,train,test
[hmim]__[Tf2N]__R125__313.5__0.3559,1902,[hmim],[Tf2N],R125,313.5,0.3559,0.1757,HMIM__TF2N,train,test
[hmim]__[Tf2N]__R125__312.5__0.4977,1903,[hmim],[Tf2N],R125,312.5,0.4977,0.2458,HMIM__TF2N,train,test
[hmim]__[Tf2N]__R125__312.3__0.5664,1904,[hmim],[Tf2N],R125,312.3,0.5664,0.2787,HMIM__TF2N,train,test
[hmim]__[Tf2N]__R125__312.7__0.6537,1905,[hmim],[Tf2N],R125,312.7,0.6537,0.3186,HMIM__TF2N,train,test
[hmim]__[Tf2N]__R125__322.6__0.1491,1906,[hmim],[Tf2N],R125,322.6,0.1491,0.0627,HMIM__TF2N,train,test
[hmim]__[Tf2N]__R125__323.4__0.302,1907,[hmim],[Tf2N],R125,323.4,0.302,0.122,HMIM__TF2N,train,test
[hmim]__[Tf2N]__R125__323.3__0.4188,1908,[hmim],[Tf2N],R125,323.3,0.4188,0.1636,HMIM__TF2N,train,test
[hmim]__[Tf2N]__R125__323.2__0.5987,1909,[hmim],[Tf2N],R125,323.2,0.5987,0.2286,HMIM__TF2N,val,test
[hmim]__[Tf2N]__R125__322.3__0.6781,1910,[hmim],[Tf2N],R125,322.3,0.6781,0.2608,HMIM__TF2N,train,test
[hmim]__[Tf2N]__R125__322.5__0.7811,1911,[hmim],[Tf2N],R125,322.5,0.7811,0.2927,HMIM__TF2N,train,test
[hmim]__[Tf2N]__R125__332.7__0.1723,1912,[hmim],[Tf2N],R125,332.7,0.1723,0.0576,HMIM__TF2N,train,test
[hmim]__[Tf2N]__R125__332.5__0.3444,1913,[hmim],[Tf2N],R125,332.5,0.3444,0.1136,HMIM__TF2N,train,test
[hmim]__[Tf2N]__R125__332.6__0.4807,1914,[hmim],[Tf2N],R125,332.6,0.4807,0.1521,HMIM__TF2N,val,test
[hmim]__[Tf2N]__R125__332.5__0.6893,1915,[hmim],[Tf2N],R125,332.5,0.6893,0.2135,HMIM__TF2N,train,test
[hmim]__[Tf2N]__R125__332.5__0.7956,1916,[hmim],[Tf2N],R125,332.5,0.7956,0.2422,HMIM__TF2N,train,test
[hmim]__[Tf2N]__R125__332.8__0.9172,1917,[hmim],[Tf2N],R125,332.8,0.9172,0.2756,HMIM__TF2N,train,test
[hmim]__[Tf2N]__R125__342.9__0.1949,1918,[hmim],[Tf2N],R125,342.9,0.1949,0.053,HMIM__TF2N,train,test
[hmim]__[Tf2N]__R125__343__0.3935,1919,[hmim],[Tf2N],R125,343.0,0.3935,0.1043,HMIM__TF2N,train,test
[hmim]__[Tf2N]__R125__342.8__0.5486,1920,[hmim],[Tf2N],R125,342.8,0.5486,0.1399,HMIM__TF2N,train,test
[hmim]__[Tf2N]__R125__343__0.7934,1921,[hmim],[Tf2N],R125,343.0,0.7934,0.1966,HMIM__TF2N,val,test
[hmim]__[Tf2N]__R125__342.5__0.9113,1922,[hmim],[Tf2N],R125,342.5,0.9113,0.2243,HMIM__TF2N,train,test
[hmim]__[Tf2N]__R125__343.2__1.0592,1923,[hmim],[Tf2N],R125,343.2,1.0592,0.255,HMIM__TF2N,train,test
[hmim]__[Tf2N]__R245fa__303.15__0.016,1924,[hmim],[Tf2N],R245fa,303.15,0.016,0.061,HMIM__TF2N,val,test
[hmim]__[Tf2N]__R245fa__303.15__0.031,1925,[hmim],[Tf2N],R245fa,303.15,0.031,0.097,HMIM__TF2N,train,test
[hmim]__[Tf2N]__R245fa__303.15__0.044,1926,[hmim],[Tf2N],R245fa,303.15,0.044,0.126,HMIM__TF2N,train,test
[hmim]__[Tf2N]__R245fa__303.15__0.053,1927,[hmim],[Tf2N],R245fa,303.15,0.053,0.154,HMIM__TF2N,train,test
[hmim]__[Tf2N]__R245fa__303.15__0.064,1928,[hmim],[Tf2N],R245fa,303.15,0.064,0.177,HMIM__TF2N,train,test
[hmim]__[Tf2N]__R245fa__303.15__0.071,1929,[hmim],[Tf2N],R245fa,303.15,0.071,0.196,HMIM__TF2N,train,test
[hmim]__[Tf2N]__R245fa__313.15__0.02,1930,[hmim],[Tf2N],R245fa,313.15,0.02,0.058,HMIM__TF2N,train,test
[hmim]__[Tf2N]__R245fa__313.15__0.038,1931,[hmim],[Tf2N],R245fa,313.15,0.038,0.093,HMIM__TF2N,train,test
[hmim]__[Tf2N]__R245fa__313.15__0.052,1932,[hmim],[Tf2N],R245fa,313.15,0.052,0.122,HMIM__TF2N,train,test
[hmim]__[Tf2N]__R245fa__313.15__0.064,1933,[hmim],[Tf2N],R245fa,313.15,0.064,0.149,HMIM__TF2N,train,test
[hmim]__[Tf2N]__R245fa__313.15__0.076,1934,[hmim],[Tf2N],R245fa,313.15,0.076,0.172,HMIM__TF2N,train,test
[hmim]__[Tf2N]__R245fa__313.15__0.086,1935,[hmim],[Tf2N],R245fa,313.15,0.086,0.191,HMIM__TF2N,train,test
[hmim]__[Tf2N]__R245fa__323.15__0.025,1936,[hmim],[Tf2N],R245fa,323.15,0.025,0.056,HMIM__TF2N,train,test
[hmim]__[Tf2N]__R245fa__323.15__0.046,1937,[hmim],[Tf2N],R245fa,323.15,0.046,0.089,HMIM__TF2N,train,test
[hmim]__[Tf2N]__R245fa__323.15__0.063,1938,[hmim],[Tf2N],R245fa,323.15,0.063,0.117,HMIM__TF2N,train,test
[hmim]__[Tf2N]__R245fa__323.15__0.077,1939,[hmim],[Tf2N],R245fa,323.15,0.077,0.143,HMIM__TF2N,train,test
[hmim]__[Tf2N]__R245fa__323.15__0.091,1940,[hmim],[Tf2N],R245fa,323.15,0.091,0.166,HMIM__TF2N,train,test
[hmim]__[Tf2N]__R245fa__323.15__0.102,1941,[hmim],[Tf2N],R245fa,323.15,0.102,0.184,HMIM__TF2N,train,test
[hmim]__[Tf2N]__R245fa__333.15__0.031,1942,[hmim],[Tf2N],R245fa,333.15,0.031,0.053,HMIM__TF2N,train,test
[hmim]__[Tf2N]__R245fa__333.15__0.055,1943,[hmim],[Tf2N],R245fa,333.15,0.055,0.085,HMIM__TF2N,train,test
[hmim]__[Tf2N]__R245fa__333.15__0.075,1944,[hmim],[Tf2N],R245fa,333.15,0.075,0.111,HMIM__TF2N,train,test
[hmim]__[Tf2N]__R245fa__333.15__0.092,1945,[hmim],[Tf2N],R245fa,333.15,0.092,0.136,HMIM__TF2N,train,test
[hmim]__[Tf2N]__R245fa__333.15__0.109,1946,[hmim],[Tf2N],R245fa,333.15,0.109,0.158,HMIM__TF2N,train,test
[hmim]__[Tf2N]__R245fa__333.15__0.122,1947,[hmim],[Tf2N],R245fa,333.15,0.122,0.176,HMIM__TF2N,train,test
[hmim]__[Tf2N]__R245fa__343.15__0.037,1948,[hmim],[Tf2N],R245fa,343.15,0.037,0.049,HMIM__TF2N,train,test
[hmim]__[Tf2N]__R245fa__343.15__0.065,1949,[hmim],[Tf2N],R245fa,343.15,0.065,0.08,HMIM__TF2N,val,test
[hmim]__[Tf2N]__R245fa__343.15__0.089,1950,[hmim],[Tf2N],R245fa,343.15,0.089,0.105,HMIM__TF2N,val,test
[hmim]__[Tf2N]__R245fa__343.15__0.109,1951,[hmim],[Tf2N],R245fa,343.15,0.109,0.129,HMIM__TF2N,train,test
[hmim]__[Tf2N]__R245fa__343.15__0.129,1952,[hmim],[Tf2N],R245fa,343.15,0.129,0.15,HMIM__TF2N,train,test
[hmim]__[Tf2N]__R245fa__343.15__0.144,1953,[hmim],[Tf2N],R245fa,343.15,0.144,0.167,HMIM__TF2N,train,test
[hmim]__[Tf2N]__R236fa__303.15__0.03,1954,[hmim],[Tf2N],R236fa,303.15,0.03,0.064,HMIM__TF2N,train,test
[hmim]__[Tf2N]__R236fa__303.15__0.056,1955,[hmim],[Tf2N],R236fa,303.15,0.056,0.116,HMIM__TF2N,train,test
[hmim]__[Tf2N]__R236fa__303.15__0.079,1956,[hmim],[Tf2N],R236fa,303.15,0.079,0.163,HMIM__TF2N,val,test
[hmim]__[Tf2N]__R236fa__303.15__0.1,1957,[hmim],[Tf2N],R236fa,303.15,0.1,0.204,HMIM__TF2N,train,test
[hmim]__[Tf2N]__R236fa__303.15__0.121,1958,[hmim],[Tf2N],R236fa,303.15,0.121,0.244,HMIM__TF2N,train,test
[hmim]__[Tf2N]__R236fa__303.15__0.139,1959,[hmim],[Tf2N],R236fa,303.15,0.139,0.279,HMIM__TF2N,train,test
[hmim]__[Tf2N]__R236fa__313.15__0.037,1960,[hmim],[Tf2N],R236fa,313.15,0.037,0.059,HMIM__TF2N,train,test
[hmim]__[Tf2N]__R236fa__313.15__0.07,1961,[hmim],[Tf2N],R236fa,313.15,0.07,0.109,HMIM__TF2N,train,test
[hmim]__[Tf2N]__R236fa__313.15__0.1,1962,[hmim],[Tf2N],R236fa,313.15,0.1,0.153,HMIM__TF2N,train,test
[hmim]__[Tf2N]__R236fa__313.15__0.126,1963,[hmim],[Tf2N],R236fa,313.15,0.126,0.192,HMIM__TF2N,val,test
[hmim]__[Tf2N]__R236fa__313.15__0.154,1964,[hmim],[Tf2N],R236fa,313.15,0.154,0.231,HMIM__TF2N,train,test
[hmim]__[Tf2N]__R236fa__313.15__0.177,1965,[hmim],[Tf2N],R236fa,313.15,0.177,0.265,HMIM__TF2N,train,test
[hmim]__[Tf2N]__R236fa__323.15__0.045,1966,[hmim],[Tf2N],R236fa,323.15,0.045,0.055,HMIM__TF2N,train,test
[hmim]__[Tf2N]__R236fa__323.15__0.086,1967,[hmim],[Tf2N],R236fa,323.15,0.086,0.101,HMIM__TF2N,train,test
[hmim]__[Tf2N]__R236fa__323.15__0.124,1968,[hmim],[Tf2N],R236fa,323.15,0.124,0.142,HMIM__TF2N,train,test
[hmim]__[Tf2N]__R236fa__323.15__0.156,1969,[hmim],[Tf2N],R236fa,323.15,0.156,0.179,HMIM__TF2N,train,test
[hmim]__[Tf2N]__R236fa__323.15__0.19,1970,[hmim],[Tf2N],R236fa,323.15,0.19,0.216,HMIM__TF2N,train,test
[hmim]__[Tf2N]__R236fa__323.15__0.22,1971,[hmim],[Tf2N],R236fa,323.15,0.22,0.249,HMIM__TF2N,val,test
[hmim]__[Tf2N]__R236fa__333.15__0.054,1972,[hmim],[Tf2N],R236fa,333.15,0.054,0.05,HMIM__TF2N,train,test
[hmim]__[Tf2N]__R236fa__333.15__0.103,1973,[hmim],[Tf2N],R236fa,333.15,0.103,0.093,HMIM__TF2N,train,test
[hmim]__[Tf2N]__R236fa__333.15__0.148,1974,[hmim],[Tf2N],R236fa,333.15,0.148,0.131,HMIM__TF2N,train,test
[hmim]__[Tf2N]__R236fa__333.15__0.188,1975,[hmim],[Tf2N],R236fa,333.15,0.188,0.166,HMIM__TF2N,train,test
[hmim]__[Tf2N]__R236fa__333.15__0.23,1976,[hmim],[Tf2N],R236fa,333.15,0.23,0.201,HMIM__TF2N,train,test
[hmim]__[Tf2N]__R236fa__333.15__0.267,1977,[hmim],[Tf2N],R236fa,333.15,0.267,0.232,HMIM__TF2N,train,test
[hmim]__[Tf2N]__R236fa__343.15__0.063,1978,[hmim],[Tf2N],R236fa,343.15,0.063,0.046,HMIM__TF2N,train,test
[hmim]__[Tf2N]__R236fa__343.15__0.12,1979,[hmim],[Tf2N],R236fa,343.15,0.12,0.085,HMIM__TF2N,train,test
[hmim]__[Tf2N]__R236fa__343.15__0.173,1980,[hmim],[Tf2N],R236fa,343.15,0.173,0.12,HMIM__TF2N,train,test
[hmim]__[Tf2N]__R236fa__343.15__0.22,1981,[hmim],[Tf2N],R236fa,343.15,0.22,0.152,HMIM__TF2N,train,test
[hmim]__[Tf2N]__R236fa__343.15__0.271,1982,[hmim],[Tf2N],R236fa,343.15,0.271,0.185,HMIM__TF2N,train,test
[hmim]__[Tf2N]__R236fa__343.15__0.315,1983,[hmim],[Tf2N],R236fa,343.15,0.315,0.214,HMIM__TF2N,train,test
[hmim]__[Tf2N]__R227ea__303.15__0.058,1984,[hmim],[Tf2N],R227ea,303.15,0.058,0.069,HMIM__TF2N,train,test
[hmim]__[Tf2N]__R227ea__303.15__0.105,1985,[hmim],[Tf2N],R227ea,303.15,0.105,0.124,HMIM__TF2N,train,test
[hmim]__[Tf2N]__R227ea__303.15__0.141,1986,[hmim],[Tf2N],R227ea,303.15,0.141,0.167,HMIM__TF2N,train,test
[hmim]__[Tf2N]__R227ea__303.15__0.177,1987,[hmim],[Tf2N],R227ea,303.15,0.177,0.211,HMIM__TF2N,train,test
[hmim]__[Tf2N]__R227ea__303.15__0.21,1988,[hmim],[Tf2N],R227ea,303.15,0.21,0.25,HMIM__TF2N,train,test
[hmim]__[Tf2N]__R227ea__303.15__0.238,1989,[hmim],[Tf2N],R227ea,303.15,0.238,0.284,HMIM__TF2N,train,test
[hmim]__[Tf2N]__R227ea__313.15__0.07,1990,[hmim],[Tf2N],R227ea,313.15,0.07,0.062,HMIM__TF2N,train,test
[hmim]__[Tf2N]__R227ea__313.15__0.128,1991,[hmim],[Tf2N],R227ea,313.15,0.128,0.112,HMIM__TF2N,train,test
[hmim]__[Tf2N]__R227ea__313.15__0.174,1992,[hmim],[Tf2N],R227ea,313.15,0.174,0.152,HMIM__TF2N,train,test
[hmim]__[Tf2N]__R227ea__313.15__0.219,1993,[hmim],[Tf2N],R227ea,313.15,0.219,0.192,HMIM__TF2N,train,test
[hmim]__[Tf2N]__R227ea__313.15__0.262,1994,[hmim],[Tf2N],R227ea,313.15,0.262,0.23,HMIM__TF2N,train,test
[hmim]__[Tf2N]__R227ea__313.15__0.298,1995,[hmim],[Tf2N],R227ea,313.15,0.298,0.262,HMIM__TF2N,train,test
[hmim]__[Tf2N]__R227ea__323.15__0.083,1996,[hmim],[Tf2N],R227ea,323.15,0.083,0.055,HMIM__TF2N,val,test
[hmim]__[Tf2N]__R227ea__323.15__0.152,1997,[hmim],[Tf2N],R227ea,323.15,0.152,0.1,HMIM__TF2N,train,test
[hmim]__[Tf2N]__R227ea__323.15__0.207,1998,[hmim],[Tf2N],R227ea,323.15,0.207,0.136,HMIM__TF2N,train,test
[hmim]__[Tf2N]__R227ea__323.15__0.263,1999,[hmim],[Tf2N],R227ea,323.15,0.263,0.174,HMIM__TF2N,train,test
[hmim]__[Tf2N]__R227ea__323.15__0.315,2000,[hmim],[Tf2N],R227ea,323.15,0.315,0.208,HMIM__TF2N,train,test
[hmim]__[Tf2N]__R227ea__323.15__0.361,2001,[hmim],[Tf2N],R227ea,323.15,0.361,0.238,HMIM__TF2N,train,test
[hmim]__[Tf2N]__R227ea__333.15__0.096,2002,[hmim],[Tf2N],R227ea,333.15,0.096,0.048,HMIM__TF2N,train,test
[hmim]__[Tf2N]__R227ea__333.15__0.176,2003,[hmim],[Tf2N],R227ea,333.15,0.176,0.089,HMIM__TF2N,train,test
[hmim]__[Tf2N]__R227ea__333.15__0.24,2004,[hmim],[Tf2N],R227ea,333.15,0.24,0.122,HMIM__TF2N,val,test
[hmim]__[Tf2N]__R227ea__333.15__0.306,2005,[hmim],[Tf2N],R227ea,333.15,0.306,0.155,HMIM__TF2N,train,test
[hmim]__[Tf2N]__R227ea__333.15__0.369,2006,[hmim],[Tf2N],R227ea,333.15,0.369,0.187,HMIM__TF2N,train,test
[hmim]__[Tf2N]__R227ea__333.15__0.424,2007,[hmim],[Tf2N],R227ea,333.15,0.424,0.214,HMIM__TF2N,train,test
[hmim]__[Tf2N]__R227ea__343.15__0.109,2008,[hmim],[Tf2N],R227ea,343.15,0.109,0.042,HMIM__TF2N,train,test
[hmim]__[Tf2N]__R227ea__343.15__0.199,2009,[hmim],[Tf2N],R227ea,343.15,0.199,0.079,HMIM__TF2N,val,test
[hmim]__[Tf2N]__R227ea__343.15__0.273,2010,[hmim],[Tf2N],R227ea,343.15,0.273,0.108,HMIM__TF2N,train,test
[hmim]__[Tf2N]__R227ea__343.15__0.348,2011,[hmim],[Tf2N],R227ea,343.15,0.348,0.138,HMIM__TF2N,train,test
[hmim]__[Tf2N]__R227ea__343.15__0.421,2012,[hmim],[Tf2N],R227ea,343.15,0.421,0.167,HMIM__TF2N,train,test
[hmim]__[Tf2N]__R227ea__343.15__0.485,2013,[hmim],[Tf2N],R227ea,343.15,0.485,0.191,HMIM__TF2N,train,test
[C7mim]__[TFES]__R32__298.15__0.0099,2014,[C7mim],[TFES],R32,298.15,0.0099,0.008,C7MIM__TFES,train,train
[C7mim]__[TFES]__R32__298.15__0.1002,2015,[C7mim],[TFES],R32,298.15,0.1002,0.081,C7MIM__TFES,train,train
[C7mim]__[TFES]__R32__298.15__0.251,2016,[C7mim],[TFES],R32,298.15,0.251,0.191,C7MIM__TFES,train,train
[C7mim]__[TFES]__R32__298.15__0.3988,2017,[C7mim],[TFES],R32,298.15,0.3988,0.288,C7MIM__TFES,train,train
[C7mim]__[TFES]__R32__298.15__0.5497,2018,[C7mim],[TFES],R32,298.15,0.5497,0.374,C7MIM__TFES,train,train
[C7mim]__[TFES]__R32__298.15__0.6987,2019,[C7mim],[TFES],R32,298.15,0.6987,0.452,C7MIM__TFES,val,train
[C7mim]__[TFES]__R32__298.15__0.8479,2020,[C7mim],[TFES],R32,298.15,0.8479,0.523,C7MIM__TFES,train,val
[C7mim]__[TFES]__R32__298.15__0.998,2021,[C7mim],[TFES],R32,298.15,0.998,0.5920000000000001,C7MIM__TFES,train,val
[omim]__[BEI]__R134a__303__0.024871,2022,[omim],[BEI],R134a,303.0,0.024871,0.04243,OMIM__BEI,train,train
[omim]__[BEI]__R134a__303__0.049892,2023,[omim],[BEI],R134a,303.0,0.049892,0.08204,OMIM__BEI,train,val
[omim]__[BEI]__R134a__303__0.099769,2024,[omim],[BEI],R134a,303.0,0.099769,0.15507,OMIM__BEI,val,train
[omim]__[BEI]__R134a__303__0.199238,2025,[omim],[BEI],R134a,303.0,0.199238,0.28576,OMIM__BEI,train,train
[omim]__[BEI]__R134a__303__0.299434,2026,[omim],[BEI],R134a,303.0,0.299434,0.39941,OMIM__BEI,train,train
[omim]__[BEI]__R134a__303__0.348853,2027,[omim],[BEI],R134a,303.0,0.348853,0.45229,OMIM__BEI,train,train
[omim]__[BEI]__R134a__323__0.024857,2028,[omim],[BEI],R134a,323.0,0.024857,0.02808,OMIM__BEI,train,val
[omim]__[BEI]__R134a__323__0.049913,2029,[omim],[BEI],R134a,323.0,0.049913,0.05398,OMIM__BEI,train,train
[omim]__[BEI]__R134a__323__0.099859,2030,[omim],[BEI],R134a,323.0,0.099859,0.10309,OMIM__BEI,train,train
[omim]__[BEI]__R134a__323__0.199736,2031,[omim],[BEI],R134a,323.0,0.199736,0.19293,OMIM__BEI,val,train
[omim]__[BEI]__R134a__323__0.299371,2032,[omim],[BEI],R134a,323.0,0.299371,0.27289,OMIM__BEI,train,train
[omim]__[BEI]__R134a__323__0.349476,2033,[omim],[BEI],R134a,323.0,0.349476,0.30984,OMIM__BEI,val,train
[omim]__[BEI]__R134a__343__0.024837,2034,[omim],[BEI],R134a,343.0,0.024837,0.01906,OMIM__BEI,train,train
[omim]__[BEI]__R134a__343__0.049913,2035,[omim],[BEI],R134a,343.0,0.049913,0.03736,OMIM__BEI,train,train
[omim]__[BEI]__R134a__343__0.09972,2036,[omim],[BEI],R134a,343.0,0.09972,0.07356,OMIM__BEI,train,train
[omim]__[BEI]__R134a__343__0.199259,2037,[omim],[BEI],R134a,343.0,0.199259,0.13934,OMIM__BEI,train,train
[omim]__[BEI]__R134a__343__0.298714,2038,[omim],[BEI],R134a,343.0,0.298714,0.1995,OMIM__BEI,train,train
[omim]__[BEI]__R134a__343__0.349047,2039,[omim],[BEI],R134a,343.0,0.349047,0.22803,OMIM__BEI,train,train
[omim]__[I]__R32__298__0.01007,2040,[omim],[I],R32,298.0,0.01007,0.004,OMIM__I,train,train
[omim]__[I]__R32__298.2__0.10021,2041,[omim],[I],R32,298.2,0.10021,0.048,OMIM__I,train,train
[omim]__[I]__R32__298__0.24971,2042,[omim],[I],R32,298.0,0.24971,0.118,OMIM__I,train,train
[omim]__[I]__R32__298__0.39999,2043,[omim],[I],R32,298.0,0.39999,0.185,OMIM__I,train,train
[omim]__[I]__R32__298__0.55008,2044,[omim],[I],R32,298.0,0.55008,0.246,OMIM__I,train,train
[omim]__[I]__R32__298__0.69964,2045,[omim],[I],R32,298.0,0.69964,0.306,OMIM__I,val,train
[omim]__[I]__R32__298__0.85027,2046,[omim],[I],R32,298.0,0.85027,0.362,OMIM__I,train,train
[omim]__[I]__R32__298__1.00022,2047,[omim],[I],R32,298.0,1.00022,0.416,OMIM__I,train,train
[omim]__[Tf2N]__R134a__303__0.024892,2048,[omim],[Tf2N],R134a,303.0,0.024892,0.03535,OMIM__TF2N,train,train
[omim]__[Tf2N]__R134a__303__0.049823,2049,[omim],[Tf2N],R134a,303.0,0.049823,0.06829,OMIM__TF2N,val,train
[omim]__[Tf2N]__R134a__303__0.099492,2050,[omim],[Tf2N],R134a,303.0,0.099492,0.13059,OMIM__TF2N,train,train
[omim]__[Tf2N]__R134a__303__0.19981,2051,[omim],[Tf2N],R134a,303.0,0.19981,0.24506,OMIM__TF2N,val,train
[omim]__[Tf2N]__R134a__303__0.29951,2052,[omim],[Tf2N],R134a,303.0,0.29951,0.34885,OMIM__TF2N,train,train
[omim]__[Tf2N]__R134a__303__0.349268,2053,[omim],[Tf2N],R134a,303.0,0.349268,0.39756,OMIM__TF2N,train,train
[omim]__[Tf2N]__R134a__323__0.024933,2054,[omim],[Tf2N],R134a,323.0,0.024933,0.02349,OMIM__TF2N,train,train
[omim]__[Tf2N]__R134a__323__0.049899,2055,[omim],[Tf2N],R134a,323.0,0.049899,0.04513,OMIM__TF2N,train,train
[omim]__[Tf2N]__R134a__323__0.099893,2056,[omim],[Tf2N],R134a,323.0,0.099893,0.0873,OMIM__TF2N,train,train
[omim]__[Tf2N]__R134a__323__0.199501,2057,[omim],[Tf2N],R134a,323.0,0.199501,0.16517,OMIM__TF2N,train,train
[omim]__[Tf2N]__R134a__323__0.299876,2058,[omim],[Tf2N],R134a,323.0,0.299876,0.23666,OMIM__TF2N,train,train
[omim]__[Tf2N]__R134a__323__0.349628,2059,[omim],[Tf2N],R134a,323.0,0.349628,0.2697,OMIM__TF2N,train,train
[omim]__[Tf2N]__R134a__343__0.024837,2060,[omim],[Tf2N],R134a,343.0,0.024837,0.01607,OMIM__TF2N,train,train
[omim]__[Tf2N]__R134a__343__0.049941,2061,[omim],[Tf2N],R134a,343.0,0.049941,0.0313,OMIM__TF2N,train,train
[omim]__[Tf2N]__R134a__343__0.099831,2062,[omim],[Tf2N],R134a,343.0,0.099831,0.06153,OMIM__TF2N,train,train
[omim]__[Tf2N]__R134a__343__0.19966,2063,[omim],[Tf2N],R134a,343.0,0.19966,0.1183,OMIM__TF2N,train,train
[omim]__[Tf2N]__R134a__343__0.299752,2064,[omim],[Tf2N],R134a,343.0,0.299752,0.17056,OMIM__TF2N,train,train
[omim]__[Tf2N]__R134a__343__0.348867,2065,[omim],[Tf2N],R134a,343.0,0.348867,0.19582,OMIM__TF2N,train,train
[omim]__[TFES]__R23__298.1__0.0521,2066,[omim],[TFES],R23,298.1,0.0521,0.014,OMIM__TFES,train,train
[omim]__[TFES]__R23__298.1__0.1018,2067,[omim],[TFES],R23,298.1,0.1018,0.03,OMIM__TFES,train,train
[omim]__[TFES]__R23__298.1__0.2502,2068,[omim],[TFES],R23,298.1,0.2502,0.075,OMIM__TFES,train,train
[omim]__[TFES]__R23__298.1__0.5013,2069,[omim],[TFES],R23,298.1,0.5013,0.145,OMIM__TFES,train,train
[omim]__[TFES]__R23__298.1__0.7499,2070,[omim],[TFES],R23,298.1,0.7499,0.209,OMIM__TFES,train,train
[omim]__[TFES]__R23__298.1__1.001,2071,[omim],[TFES],R23,298.1,1.001,0.268,OMIM__TFES,train,train
[omim]__[TFES]__R23__298.1__1.2511,2072,[omim],[TFES],R23,298.1,1.2511,0.323,OMIM__TFES,train,train
[omim]__[TFES]__R23__298.1__1.4997,2073,[omim],[TFES],R23,298.1,1.4997,0.372,OMIM__TFES,val,train
[omim]__[TFES]__R23__298.1__1.7507,2074,[omim],[TFES],R23,298.1,1.7507,0.419,OMIM__TFES,train,val
[omim]__[TFES]__R23__298.1__1.9995,2075,[omim],[TFES],R23,298.1,1.9995,0.462,OMIM__TFES,train,train
[omim]__[TFES]__R23__298.1__1.7502,2076,[omim],[TFES],R23,298.1,1.7502,0.419,OMIM__TFES,train,train
[omim]__[TFES]__R23__298.1__1.5007,2077,[omim],[TFES],R23,298.1,1.5007,0.372,OMIM__TFES,train,train
[omim]__[TFES]__R23__298.1__1.0007,2078,[omim],[TFES],R23,298.1,1.0007,0.268,OMIM__TFES,train,train
[omim]__[TFES]__R23__298.1__0.7506,2079,[omim],[TFES],R23,298.1,0.7506,0.209,OMIM__TFES,train,train
[omim]__[TFES]__R23__298.1__0.4999,2080,[omim],[TFES],R23,298.1,0.4999,0.145,OMIM__TFES,train,train
[omim]__[TFES]__R23__298.1__0.25,2081,[omim],[TFES],R23,298.1,0.25,0.075,OMIM__TFES,train,train
[omim]__[TFES]__R23__298.1__0.1001,2082,[omim],[TFES],R23,298.1,0.1001,0.03,OMIM__TFES,train,val
[omim]__[TFES]__R23__298.1__0.0501,2083,[omim],[TFES],R23,298.1,0.0501,0.014,OMIM__TFES,train,train
[omim]__[TFES]__R23__323.2__0.0524,2084,[omim],[TFES],R23,323.2,0.0524,0.008,OMIM__TFES,val,train
[omim]__[TFES]__R23__323.2__0.1004,2085,[omim],[TFES],R23,323.2,0.1004,0.018,OMIM__TFES,train,train
[omim]__[TFES]__R23__323.1__0.2527,2086,[omim],[TFES],R23,323.1,0.2527,0.049,OMIM__TFES,train,train
[omim]__[TFES]__R23__323.2__0.5008,2087,[omim],[TFES],R23,323.2,0.5008,0.097,OMIM__TFES,train,train
[omim]__[TFES]__R23__323.1__0.7501,2088,[omim],[TFES],R23,323.1,0.7501,0.142,OMIM__TFES,train,train
[omim]__[TFES]__R23__323.1__1.0011,2089,[omim],[TFES],R23,323.1,1.0011,0.184,OMIM__TFES,train,train
[omim]__[TFES]__R23__323.1__1.2504,2090,[omim],[TFES],R23,323.1,1.2504,0.224,OMIM__TFES,train,train
[omim]__[TFES]__R23__323.2__1.4996,2091,[omim],[TFES],R23,323.2,1.4996,0.259,OMIM__TFES,val,train
[omim]__[TFES]__R23__323.1__1.7504,2092,[omim],[TFES],R23,323.1,1.7504,0.294,OMIM__TFES,train,val
[omim]__[TFES]__R23__323.1__2.0007,2093,[omim],[TFES],R23,323.1,2.0007,0.328,OMIM__TFES,train,train
[omim]__[TFES]__R23__323.2__1.7506,2094,[omim],[TFES],R23,323.2,1.7506,0.294,OMIM__TFES,train,train
[omim]__[TFES]__R23__323.1__1.5009,2095,[omim],[TFES],R23,323.1,1.5009,0.262,OMIM__TFES,train,train
[omim]__[TFES]__R23__323.2__1.2506,2096,[omim],[TFES],R23,323.2,1.2506,0.224,OMIM__TFES,train,train
[omim]__[TFES]__R23__323.1__1.0014,2097,[omim],[TFES],R23,323.1,1.0014,0.183,OMIM__TFES,val,train
[omim]__[TFES]__R23__323.1__0.7509,2098,[omim],[TFES],R23,323.1,0.7509,0.142,OMIM__TFES,train,train
[omim]__[TFES]__R23__323.1__0.5002,2099,[omim],[TFES],R23,323.1,0.5002,0.097,OMIM__TFES,train,train
[omim]__[TFES]__R23__323.1__0.2507,2100,[omim],[TFES],R23,323.1,0.2507,0.048,OMIM__TFES,train,train
[omim]__[TFES]__R23__323.1__0.1001,2101,[omim],[TFES],R23,323.1,0.1001,0.017,OMIM__TFES,train,train
[omim]__[TFES]__R23__323.1__0.0511,2102,[omim],[TFES],R23,323.1,0.0511,0.007,OMIM__TFES,train,train
[doim]__[I]__R32__298__0.01002,2103,[doim],[I],R32,298.0,0.01002,0.007,DOIM__I,train,train
[doim]__[I]__R32__298__0.1001,2104,[doim],[I],R32,298.0,0.1001,0.064,DOIM__I,train,train
[doim]__[I]__R32__298__0.25003,2105,[doim],[I],R32,298.0,0.25003,0.15,DOIM__I,val,train
[doim]__[I]__R32__298__0.40024,2106,[doim],[I],R32,298.0,0.40024,0.225,DOIM__I,train,train
[doim]__[I]__R32__298__0.55024,2107,[doim],[I],R32,298.0,0.55024,0.293,DOIM__I,train,train
[doim]__[I]__R32__298__0.7001,2108,[doim],[I],R32,298.0,0.7001,0.355,DOIM__I,train,train
[doim]__[I]__R32__297.9__0.84988,2109,[doim],[I],R32,297.9,0.84988,0.413,DOIM__I,train,train
[doim]__[I]__R32__298__1.00024,2110,[doim],[I],R32,298.0,1.00024,0.468,DOIM__I,train,train
[C8H4F13C1im]__[BEI]__R134a__303__0.024823,2111,[C8H4F13C1im],[BEI],R134a,303.0,0.024823,0.04052,C8H4F13C1IM__BEI,train,train
[C8H4F13C1im]__[BEI]__R134a__303__0.049885,2112,[C8H4F13C1im],[BEI],R134a,303.0,0.049885,0.08224,C8H4F13C1IM__BEI,train,train
[C8H4F13C1im]__[BEI]__R134a__303__0.099873,2113,[C8H4F13C1im],[BEI],R134a,303.0,0.099873,0.16033,C8H4F13C1IM__BEI,train,train
[C8H4F13C1im]__[BEI]__R134a__303__0.199992,2114,[C8H4F13C1im],[BEI],R134a,303.0,0.199992,0.30117,C8H4F13C1IM__BEI,val,train
[C8H4F13C1im]__[BEI]__R134a__303__0.299911,2115,[C8H4F13C1im],[BEI],R134a,303.0,0.299911,0.41938,C8H4F13C1IM__BEI,train,train
[C8H4F13C1im]__[BEI]__R134a__303__0.349601,2116,[C8H4F13C1im],[BEI],R134a,303.0,0.349601,0.47614,C8H4F13C1IM__BEI,train,train
[C8H4F13C1im]__[BEI]__R134a__323__0.024892,2117,[C8H4F13C1im],[BEI],R134a,323.0,0.024892,0.02084,C8H4F13C1IM__BEI,train,train
[C8H4F13C1im]__[BEI]__R134a__323__0.049934,2118,[C8H4F13C1im],[BEI],R134a,323.0,0.049934,0.05043,C8H4F13C1IM__BEI,train,train
[C8H4F13C1im]__[BEI]__R134a__323__0.099935,2119,[C8H4F13C1im],[BEI],R134a,323.0,0.099935,0.10631,C8H4F13C1IM__BEI,train,val
[C8H4F13C1im]__[BEI]__R134a__323__0.199951,2120,[C8H4F13C1im],[BEI],R134a,323.0,0.199951,0.20583,C8H4F13C1IM__BEI,train,train
[C8H4F13C1im]__[BEI]__R134a__323__0.299648,2121,[C8H4F13C1im],[BEI],R134a,323.0,0.299648,0.29278,C8H4F13C1IM__BEI,val,train
[C8H4F13C1im]__[BEI]__R134a__323__0.349116,2122,[C8H4F13C1im],[BEI],R134a,323.0,0.349116,0.33202,C8H4F13C1IM__BEI,train,train
[C8H4F13C1im]__[BEI]__R134a__343__0.024864,2123,[C8H4F13C1im],[BEI],R134a,343.0,0.024864,0.02158,C8H4F13C1IM__BEI,train,train
[C8H4F13C1im]__[BEI]__R134a__343__0.049948,2124,[C8H4F13C1im],[BEI],R134a,343.0,0.049948,0.04324,C8H4F13C1IM__BEI,train,train
[C8H4F13C1im]__[BEI]__R134a__343__0.099886,2125,[C8H4F13C1im],[BEI],R134a,343.0,0.099886,0.08424,C8H4F13C1IM__BEI,train,train
[C8H4F13C1im]__[BEI]__R134a__343__0.199529,2126,[C8H4F13C1im],[BEI],R134a,343.0,0.199529,0.15871,C8H4F13C1IM__BEI,train,train
[C8H4F13C1im]__[BEI]__R134a__343__0.299281,2127,[C8H4F13C1im],[BEI],R134a,343.0,0.299281,0.22545,C8H4F13C1IM__BEI,train,train
[C8H4F13C1im]__[BEI]__R134a__343__0.34985,2128,[C8H4F13C1im],[BEI],R134a,343.0,0.34985,0.25645,C8H4F13C1IM__BEI,train,train
[C8H4F13C1im]__[Tf2N]__R134a__303__0.024809,2129,[C8H4F13C1im],[Tf2N],R134a,303.0,0.024809,0.04465,C8H4F13C1IM__TF2N,train,val
[C8H4F13C1im]__[Tf2N]__R134a__303__0.049982,2130,[C8H4F13C1im],[Tf2N],R134a,303.0,0.049982,0.08407,C8H4F13C1IM__TF2N,train,train
[C8H4F13C1im]__[Tf2N]__R134a__303__0.099533,2131,[C8H4F13C1im],[Tf2N],R134a,303.0,0.099533,0.15849,C8H4F13C1IM__TF2N,train,train
[C8H4F13C1im]__[Tf2N]__R134a__303__0.19885,2132,[C8H4F13C1im],[Tf2N],R134a,303.0,0.19885,0.28974,C8H4F13C1IM__TF2N,train,val
[C8H4F13C1im]__[Tf2N]__R134a__303__0.299191,2133,[C8H4F13C1im],[Tf2N],R134a,303.0,0.299191,0.40547,C8H4F13C1IM__TF2N,val,train
[C8H4F13C1im]__[Tf2N]__R134a__303__0.34931,2134,[C8H4F13C1im],[Tf2N],R134a,303.0,0.34931,0.4586,C8H4F13C1IM__TF2N,train,train
[C8H4F13C1im]__[Tf2N]__R134a__323__0.024837,2135,[C8H4F13C1im],[Tf2N],R134a,323.0,0.024837,0.03028,C8H4F13C1IM__TF2N,train,train
[C8H4F13C1im]__[Tf2N]__R134a__323__0.049865,2136,[C8H4F13C1im],[Tf2N],R134a,323.0,0.049865,0.05695,C8H4F13C1IM__TF2N,train,train
[C8H4F13C1im]__[Tf2N]__R134a__323__0.099554,2137,[C8H4F13C1im],[Tf2N],R134a,323.0,0.099554,0.10868,C8H4F13C1IM__TF2N,train,train
[C8H4F13C1im]__[Tf2N]__R134a__323__0.199916,2138,[C8H4F13C1im],[Tf2N],R134a,323.0,0.199916,0.20199,C8H4F13C1IM__TF2N,train,train
[C8H4F13C1im]__[Tf2N]__R134a__323__0.299344,2139,[C8H4F13C1im],[Tf2N],R134a,323.0,0.299344,0.28509,C8H4F13C1IM__TF2N,train,train
[C8H4F13C1im]__[Tf2N]__R134a__323__0.349268,2140,[C8H4F13C1im],[Tf2N],R134a,323.0,0.349268,0.32301,C8H4F13C1IM__TF2N,val,train
[C8H4F13C1im]__[Tf2N]__R134a__343__0.024855,2141,[C8H4F13C1im],[Tf2N],R134a,343.0,0.024855,0.02095,C8H4F13C1IM__TF2N,train,train
[C8H4F13C1im]__[Tf2N]__R134a__343__0.049941,2142,[C8H4F13C1im],[Tf2N],R134a,343.0,0.049941,0.04193,C8H4F13C1IM__TF2N,train,train
[C8H4F13C1im]__[Tf2N]__R134a__343__0.09972,2143,[C8H4F13C1im],[Tf2N],R134a,343.0,0.09972,0.08068,C8H4F13C1IM__TF2N,train,train
[C8H4F13C1im]__[Tf2N]__R134a__343__0.199113,2144,[C8H4F13C1im],[Tf2N],R134a,343.0,0.199113,0.15194,C8H4F13C1IM__TF2N,train,train
[C8H4F13C1im]__[Tf2N]__R134a__343__0.299067,2145,[C8H4F13C1im],[Tf2N],R134a,343.0,0.299067,0.21584,C8H4F13C1IM__TF2N,train,train
[C8H4F13C1im]__[Tf2N]__R134a__343__0.348936,2146,[C8H4F13C1im],[Tf2N],R134a,343.0,0.348936,0.24648,C8H4F13C1IM__TF2N,train,train
[dmim]__[TFES]__R32__298.15__0.0096,2147,[dmim],[TFES],R32,298.15,0.0096,0.006,DMIM__TFES,train,train
[dmim]__[TFES]__R32__298.15__0.0995,2148,[dmim],[TFES],R32,298.15,0.0995,0.074,DMIM__TFES,train,train
[dmim]__[TFES]__R32__298.15__0.251,2149,[dmim],[TFES],R32,298.15,0.251,0.179,DMIM__TFES,train,train
[dmim]__[TFES]__R32__298.15__0.3997,2150,[dmim],[TFES],R32,298.15,0.3997,0.273,DMIM__TFES,train,train
[dmim]__[TFES]__R32__298.15__0.5481,2151,[dmim],[TFES],R32,298.15,0.5481,0.357,DMIM__TFES,val,train
[dmim]__[TFES]__R32__298.15__0.7001,2152,[dmim],[TFES],R32,298.15,0.7001,0.433,DMIM__TFES,train,train
[dmim]__[TFES]__R32__298.15__0.85,2153,[dmim],[TFES],R32,298.15,0.85,0.503,DMIM__TFES,train,train
[dmim]__[TFES]__R32__298.15__1.001,2154,[dmim],[TFES],R32,298.15,1.001,0.569,DMIM__TFES,train,train
[dmpim]__[Tf2N]__R32__298.05__0.0099,2155,[dmpim],[Tf2N],R32,298.05,0.0099,0.008,DMPIM__TF2N,train,train
[dmpim]__[Tf2N]__R32__298.15__0.0995,2156,[dmpim],[Tf2N],R32,298.15,0.0995,0.09,DMPIM__TF2N,train,train
[dmpim]__[Tf2N]__R32__298.15__0.2495,2157,[dmpim],[Tf2N],R32,298.15,0.2495,0.213,DMPIM__TF2N,train,train
[dmpim]__[Tf2N]__R32__298.15__0.3976,2158,[dmpim],[Tf2N],R32,298.15,0.3976,0.319,DMPIM__TF2N,val,train
[dmpim]__[Tf2N]__R32__298.15__0.5501,2159,[dmpim],[Tf2N],R32,298.15,0.5501,0.415,DMPIM__TF2N,train,train
[dmpim]__[Tf2N]__R32__298.15__0.7017,2160,[dmpim],[Tf2N],R32,298.15,0.7017,0.501,DMPIM__TF2N,train,train
[dmpim]__[Tf2N]__R32__298.15__0.8513,2161,[dmpim],[Tf2N],R32,298.15,0.8513,0.578,DMPIM__TF2N,train,train
[dmpim]__[Tf2N]__R32__298.15__1.0011,2162,[dmpim],[Tf2N],R32,298.15,1.0011,0.6509999999999999,DMPIM__TF2N,train,val
[dmpim]__[TMeM]__R32__283.15__0.0101,2163,[dmpim],[TMeM],R32,283.15,0.0101,0.012,DMPIM__TMEM,train,train
[dmpim]__[TMeM]__R32__283.15__0.0996,2164,[dmpim],[TMeM],R32,283.15,0.0996,0.136,DMPIM__TMEM,train,val
[dmpim]__[TMeM]__R32__283.15__0.2497,2165,[dmpim],[TMeM],R32,283.15,0.2497,0.312,DMPIM__TMEM,train,val
[dmpim]__[TMeM]__R32__283.15__0.3997,2166,[dmpim],[TMeM],R32,283.15,0.3997,0.46,DMPIM__TMEM,train,val
[dmpim]__[TMeM]__R32__283.15__0.5495,2167,[dmpim],[TMeM],R32,283.15,0.5495,0.586,DMPIM__TMEM,train,train
[dmpim]__[TMeM]__R32__283.15__0.6997,2168,[dmpim],[TMeM],R32,283.15,0.6997,0.7,DMPIM__TMEM,train,train
[dmpim]__[TMeM]__R32__283.15__0.8496,2169,[dmpim],[TMeM],R32,283.15,0.8496,0.805,DMPIM__TMEM,train,train
[dmpim]__[TMeM]__R32__298.05__0.01,2170,[dmpim],[TMeM],R32,298.05,0.01,0.01,DMPIM__TMEM,val,train
[dmpim]__[TMeM]__R32__298.05__0.1,2171,[dmpim],[TMeM],R32,298.05,0.1,0.096,DMPIM__TMEM,train,train
[dmpim]__[TMeM]__R32__298.05__0.2496,2172,[dmpim],[TMeM],R32,298.05,0.2496,0.226,DMPIM__TMEM,train,train
[dmpim]__[TMeM]__R32__298.05__0.3996,2173,[dmpim],[TMeM],R32,298.05,0.3996,0.337,DMPIM__TMEM,train,train
[dmpim]__[TMeM]__R32__298.05__0.5493,2174,[dmpim],[TMeM],R32,298.05,0.5493,0.435,DMPIM__TMEM,train,train
[dmpim]__[TMeM]__R32__298.05__0.6995,2175,[dmpim],[TMeM],R32,298.05,0.6995,0.52,DMPIM__TMEM,train,train
[dmpim]__[TMeM]__R32__298.05__0.8495,2176,[dmpim],[TMeM],R32,298.05,0.8495,0.598,DMPIM__TMEM,train,val
[dmpim]__[TMeM]__R32__298.05__1,2177,[dmpim],[TMeM],R32,298.05,1.0,0.667,DMPIM__TMEM,train,train
[dmpim]__[TMeM]__R32__323.15__0.0099,2178,[dmpim],[TMeM],R32,323.15,0.0099,0.004,DMPIM__TMEM,val,train
[dmpim]__[TMeM]__R32__323.15__0.1,2179,[dmpim],[TMeM],R32,323.15,0.1,0.057,DMPIM__TMEM,train,train
[dmpim]__[TMeM]__R32__323.15__0.2494,2180,[dmpim],[TMeM],R32,323.15,0.2494,0.141,DMPIM__TMEM,train,val
[dmpim]__[TMeM]__R32__323.15__0.3995,2181,[dmpim],[TMeM],R32,323.15,0.3995,0.215,DMPIM__TMEM,train,val
[dmpim]__[TMeM]__R32__323.15__0.5495,2182,[dmpim],[TMeM],R32,323.15,0.5495,0.281,DMPIM__TMEM,train,train
[dmpim]__[TMeM]__R32__323.15__0.6997,2183,[dmpim],[TMeM],R32,323.15,0.6997,0.341,DMPIM__TMEM,train,train
[dmpim]__[TMeM]__R32__323.15__0.8494,2184,[dmpim],[TMeM],R32,323.15,0.8494,0.397,DMPIM__TMEM,train,val
[dmpim]__[TMeM]__R32__323.15__0.9995,2185,[dmpim],[TMeM],R32,323.15,0.9995,0.4479999999999999,DMPIM__TMEM,val,train
[dmpim]__[TMeM]__R32__348.05__0.0094,2186,[dmpim],[TMeM],R32,348.05,0.0094,0.0,DMPIM__TMEM,train,val
[dmpim]__[TMeM]__R32__348.15__0.1002,2187,[dmpim],[TMeM],R32,348.15,0.1002,0.031,DMPIM__TMEM,train,val
[dmpim]__[TMeM]__R32__348.05__0.2504,2188,[dmpim],[TMeM],R32,348.05,0.2504,0.088,DMPIM__TMEM,train,val
[dmpim]__[TMeM]__R32__348.05__0.3996,2189,[dmpim],[TMeM],R32,348.05,0.3996,0.139,DMPIM__TMEM,train,train
[dmpim]__[TMeM]__R32__348.05__0.5494,2190,[dmpim],[TMeM],R32,348.05,0.5494,0.186,DMPIM__TMEM,train,train
[dmpim]__[TMeM]__R32__348.05__0.7005,2191,[dmpim],[TMeM],R32,348.05,0.7005,0.231,DMPIM__TMEM,train,train
[dmpim]__[TMeM]__R32__348.05__0.8495,2192,[dmpim],[TMeM],R32,348.05,0.8495,0.272,DMPIM__TMEM,train,train
[dmpim]__[TMeM]__R32__348.05__1.0005,2193,[dmpim],[TMeM],R32,348.05,1.0005,0.312,DMPIM__TMEM,train,train
[dmpim]__[TMeM]__R134__283.26__0.01,2194,[dmpim],[TMeM],R134,283.26,0.01,0.054,DMPIM__TMEM,train,train
[dmpim]__[TMeM]__R134__283.12__0.05,2195,[dmpim],[TMeM],R134,283.12,0.05,0.252,DMPIM__TMEM,train,train
[dmpim]__[TMeM]__R134__283.03__0.1,2196,[dmpim],[TMeM],R134,283.03,0.1,0.443,DMPIM__TMEM,train,train
[dmpim]__[TMeM]__R134__283.16__0.15,2197,[dmpim],[TMeM],R134,283.16,0.15,0.596,DMPIM__TMEM,train,train
[dmpim]__[TMeM]__R134__283.16__0.199,2198,[dmpim],[TMeM],R134,283.16,0.199,0.717,DMPIM__TMEM,train,train
[dmpim]__[TMeM]__R134__283.14__0.25,2199,[dmpim],[TMeM],R134,283.14,0.25,0.827,DMPIM__TMEM,train,train
[dmpim]__[TMeM]__R134__283.2__0.3,2200,[dmpim],[TMeM],R134,283.2,0.3,0.963,DMPIM__TMEM,train,val
[dmpim]__[TMeM]__R134__298.05__0.01,2201,[dmpim],[TMeM],R134,298.04999999999995,0.01,0.029,DMPIM__TMEM,train,train
[dmpim]__[TMeM]__R134__298.22__0.05,2202,[dmpim],[TMeM],R134,298.22,0.05,0.149,DMPIM__TMEM,train,train
[dmpim]__[TMeM]__R134__298.01__0.1,2203,[dmpim],[TMeM],R134,298.01,0.1,0.287,DMPIM__TMEM,train,train
[dmpim]__[TMeM]__R134__298.08__0.15,2204,[dmpim],[TMeM],R134,298.08,0.15,0.403,DMPIM__TMEM,train,train
[dmpim]__[TMeM]__R134__298.16__0.2,2205,[dmpim],[TMeM],R134,298.16,0.2,0.503,DMPIM__TMEM,train,train
[dmpim]__[TMeM]__R134__298__0.249,2206,[dmpim],[TMeM],R134,298.0,0.249,0.587,DMPIM__TMEM,train,train
[dmpim]__[TMeM]__R134__298.09__0.3,2207,[dmpim],[TMeM],R134,298.09,0.3,0.667,DMPIM__TMEM,train,train
[dmpim]__[TMeM]__R134__298.08__0.349,2208,[dmpim],[TMeM],R134,298.08,0.349,0.732,DMPIM__TMEM,train,train
[dmpim]__[TMeM]__R134__323.11__0.01,2209,[dmpim],[TMeM],R134,323.11,0.01,0.006,DMPIM__TMEM,val,val
[dmpim]__[TMeM]__R134__323.13__0.05,2210,[dmpim],[TMeM],R134,323.13,0.05,0.069,DMPIM__TMEM,train,val
[dmpim]__[TMeM]__R134__323.13__0.1,2211,[dmpim],[TMeM],R134,323.13,0.1,0.145,DMPIM__TMEM,train,train
[dmpim]__[TMeM]__R134__323.11__0.15,2212,[dmpim],[TMeM],R134,323.11,0.15,0.215,DMPIM__TMEM,train,train
[dmpim]__[TMeM]__R134__323.1__0.2,2213,[dmpim],[TMeM],R134,323.1,0.2,0.278,DMPIM__TMEM,train,train
[dmpim]__[TMeM]__R134__323.06__0.25,2214,[dmpim],[TMeM],R134,323.06,0.25,0.337,DMPIM__TMEM,train,train
[dmpim]__[TMeM]__R134__323.07__0.3,2215,[dmpim],[TMeM],R134,323.07,0.3,0.39,DMPIM__TMEM,train,train
[dmpim]__[TMeM]__R134__323.11__0.35,2216,[dmpim],[TMeM],R134,323.11,0.35,0.44,DMPIM__TMEM,train,train
[dmpim]__[TMeM]__R134__348.09__0.01,2217,[dmpim],[TMeM],R134,348.09,0.01,0.01,DMPIM__TMEM,train,train
[dmpim]__[TMeM]__R134__348.1__0.05,2218,[dmpim],[TMeM],R134,348.1,0.05,0.046,DMPIM__TMEM,val,train
[dmpim]__[TMeM]__R134__348.14__0.1,2219,[dmpim],[TMeM],R134,348.14,0.1,0.089,DMPIM__TMEM,train,train
[dmpim]__[TMeM]__R134__348.08__0.15,2220,[dmpim],[TMeM],R134,348.08,0.15,0.131,DMPIM__TMEM,train,train
[dmpim]__[TMeM]__R134__348.13__0.2,2221,[dmpim],[TMeM],R134,348.13,0.2,0.17,DMPIM__TMEM,train,train
[dmpim]__[TMeM]__R134__348.08__0.25,2222,[dmpim],[TMeM],R134,348.08,0.25,0.207,DMPIM__TMEM,train,train
[dmpim]__[TMeM]__R134__348.12__0.3,2223,[dmpim],[TMeM],R134,348.12,0.3,0.243,DMPIM__TMEM,val,train
[dmpim]__[TMeM]__R134__348.13__0.35,2224,[dmpim],[TMeM],R134,348.13,0.35,0.277,DMPIM__TMEM,train,train
[empy]__[PFBS]__R32__303.15__0.0294,2225,[empy],[PFBS],R32,303.15,0.0294,0.0248,EMPY__PFBS,val,train
[empy]__[PFBS]__R32__303.15__0.0928,2226,[empy],[PFBS],R32,303.15,0.0928,0.0834,EMPY__PFBS,train,train
[empy]__[PFBS]__R32__303.15__0.2102,2227,[empy],[PFBS],R32,303.15,0.2102,0.1772,EMPY__PFBS,train,train
[empy]__[PFBS]__R32__303.15__0.2507,2228,[empy],[PFBS],R32,303.15,0.2507,0.2003,EMPY__PFBS,train,train
[empy]__[PFBS]__R32__303.15__0.3221,2229,[empy],[PFBS],R32,303.15,0.3221,0.2507,EMPY__PFBS,train,train
[empy]__[PFBS]__R32__303.15__0.3539,2230,[empy],[PFBS],R32,303.15,0.3539,0.2666,EMPY__PFBS,train,train
[empy]__[PFBS]__R32__303.15__0.4248,2231,[empy],[PFBS],R32,303.15,0.4248,0.3096,EMPY__PFBS,train,train
[empy]__[PFBS]__R32__303.15__0.4277,2232,[empy],[PFBS],R32,303.15,0.4277,0.3134,EMPY__PFBS,train,val
[empy]__[PFBS]__R32__303.15__0.5246,2233,[empy],[PFBS],R32,303.15,0.5246,0.3634,EMPY__PFBS,train,train
[empy]__[PFBS]__R134a__303.15__0.0259,2234,[empy],[PFBS],R134a,303.15,0.0259,0.033,EMPY__PFBS,train,train
[empy]__[PFBS]__R134a__303.15__0.0503,2235,[empy],[PFBS],R134a,303.15,0.0503,0.0659,EMPY__PFBS,train,val
[empy]__[PFBS]__R134a__303.15__0.0902,2236,[empy],[PFBS],R134a,303.15,0.0902,0.1079,EMPY__PFBS,train,train
[empy]__[PFBS]__R134a__303.15__0.1477,2237,[empy],[PFBS],R134a,303.15,0.1477,0.1778,EMPY__PFBS,train,train
[empy]__[PFBS]__R134a__303.15__0.2,2238,[empy],[PFBS],R134a,303.15,0.2,0.2308,EMPY__PFBS,train,train
[empy]__[PFBS]__R134a__303.15__0.245,2239,[empy],[PFBS],R134a,303.15,0.245,0.2795,EMPY__PFBS,val,train
[empy]__[PFBS]__R134a__303.15__0.2963,2240,[empy],[PFBS],R134a,303.15,0.2963,0.3226,EMPY__PFBS,train,train
[empy]__[PFBS]__R134a__303.15__0.3454,2241,[empy],[PFBS],R134a,303.15,0.3454,0.3723,EMPY__PFBS,train,train
[empy]__[PFBS]__R134a__303.15__0.4017,2242,[empy],[PFBS],R134a,303.15,0.4017,0.4176,EMPY__PFBS,train,train
[empy]__[PFBS]__R134a__303.15__0.4545,2243,[empy],[PFBS],R134a,303.15,0.4545,0.4633,EMPY__PFBS,train,train
[empy]__[PFBS]__R134a__303.15__0.5007,2244,[empy],[PFBS],R134a,303.15,0.5007,0.4989,EMPY__PFBS,train,train
[empy]__[PFBS]__R125__303.15__0.0486,2245,[empy],[PFBS],R125,303.15,0.0486,0.0361,EMPY__PFBS,train,train
[empy]__[PFBS]__R125__303.15__0.0956,2246,[empy],[PFBS],R125,303.15,0.0956,0.0866,EMPY__PFBS,train,val
[empy]__[PFBS]__R125__303.15__0.1488,2247,[empy],[PFBS],R125,303.15,0.1488,0.1229,EMPY__PFBS,train,train
[empy]__[PFBS]__R125__303.15__0.2054,2248,[empy],[PFBS],R125,303.15,0.2054,0.1694,EMPY__PFBS,train,train
[empy]__[PFBS]__R125__303.15__0.2399,2249,[empy],[PFBS],R125,303.15,0.2399,0.1926,EMPY__PFBS,train,val
[empy]__[PFBS]__R125__303.15__0.3034,2250,[empy],[PFBS],R125,303.15,0.3034,0.2371,EMPY__PFBS,train,train
[empy]__[PFBS]__R125__303.15__0.3499,2251,[empy],[PFBS],R125,303.15,0.3499,0.2687,EMPY__PFBS,val,train
[empy]__[PFBS]__R125__303.15__0.3969,2252,[empy],[PFBS],R125,303.15,0.3969,0.3007,EMPY__PFBS,train,train
[empy]__[PFBS]__R125__303.15__0.4553,2253,[empy],[PFBS],R125,303.15,0.4553,0.337,EMPY__PFBS,train,train
[empy]__[PFBS]__R125__303.15__0.494,2254,[empy],[PFBS],R125,303.15,0.494,0.3587,EMPY__PFBS,val,train
[pmpy]__[Tf2N]__R32__283.15__0.0102,2255,[pmpy],[Tf2N],R32,283.15,0.0102,0.015,PMPY__TF2N,val,train
[pmpy]__[Tf2N]__R32__283.15__0.1,2256,[pmpy],[Tf2N],R32,283.15,0.1,0.14,PMPY__TF2N,train,train
[pmpy]__[Tf2N]__R32__283.15__0.2494,2257,[pmpy],[Tf2N],R32,283.15,0.2494,0.313,PMPY__TF2N,train,train
[pmpy]__[Tf2N]__R32__283.15__0.3996,2258,[pmpy],[Tf2N],R32,283.15,0.3996,0.455,PMPY__TF2N,train,train
[pmpy]__[Tf2N]__R32__283.15__0.5493,2259,[pmpy],[Tf2N],R32,283.15,0.5493,0.573,PMPY__TF2N,train,val
[pmpy]__[Tf2N]__R32__283.15__0.6996,2260,[pmpy],[Tf2N],R32,283.15,0.6996,0.6829999999999999,PMPY__TF2N,train,train
[pmpy]__[Tf2N]__R32__283.15__0.8495,2261,[pmpy],[Tf2N],R32,283.15,0.8495,0.782,PMPY__TF2N,train,train
[pmpy]__[Tf2N]__R32__298.05__0.0095,2262,[pmpy],[Tf2N],R32,298.05,0.0095,0.01,PMPY__TF2N,train,train
[pmpy]__[Tf2N]__R32__298.05__0.1002,2263,[pmpy],[Tf2N],R32,298.05,0.1002,0.096,PMPY__TF2N,train,train
[pmpy]__[Tf2N]__R32__298.05__0.2503,2264,[pmpy],[Tf2N],R32,298.05,0.2503,0.222,PMPY__TF2N,train,train
[pmpy]__[Tf2N]__R32__298.05__0.3996,2265,[pmpy],[Tf2N],R32,298.05,0.3996,0.33,PMPY__TF2N,train,train
[pmpy]__[Tf2N]__R32__298.05__0.5497,2266,[pmpy],[Tf2N],R32,298.05,0.5497,0.422,PMPY__TF2N,train,train
[pmpy]__[Tf2N]__R32__298.05__0.6992,2267,[pmpy],[Tf2N],R32,298.05,0.6992,0.507,PMPY__TF2N,train,train
[pmpy]__[Tf2N]__R32__298.05__0.8496,2268,[pmpy],[Tf2N],R32,298.05,0.8496,0.58,PMPY__TF2N,train,train
[pmpy]__[Tf2N]__R32__298.05__1.0004,2269,[pmpy],[Tf2N],R32,298.05,1.0004,0.645,PMPY__TF2N,train,train
[pmpy]__[Tf2N]__R32__323.15__0.0103,2270,[pmpy],[Tf2N],R32,323.15,0.0103,0.0069999999999999,PMPY__TF2N,val,train
[pmpy]__[Tf2N]__R32__323.15__0.1003,2271,[pmpy],[Tf2N],R32,323.15,0.1003,0.0579999999999999,PMPY__TF2N,train,train
[pmpy]__[Tf2N]__R32__323.15__0.2498,2272,[pmpy],[Tf2N],R32,323.15,0.2498,0.138,PMPY__TF2N,train,train
[pmpy]__[Tf2N]__R32__323.15__0.4,2273,[pmpy],[Tf2N],R32,323.15,0.4,0.208,PMPY__TF2N,train,train
[pmpy]__[Tf2N]__R32__323.15__0.5494,2274,[pmpy],[Tf2N],R32,323.15,0.5494,0.272,PMPY__TF2N,train,train
[pmpy]__[Tf2N]__R32__323.15__0.6994,2275,[pmpy],[Tf2N],R32,323.15,0.6994,0.33,PMPY__TF2N,train,train
[pmpy]__[Tf2N]__R32__323.15__0.8503,2276,[pmpy],[Tf2N],R32,323.15,0.8503,0.382,PMPY__TF2N,train,train
[pmpy]__[Tf2N]__R32__323.15__0.9994,2277,[pmpy],[Tf2N],R32,323.15,0.9994,0.433,PMPY__TF2N,train,train
[pmpy]__[Tf2N]__R32__348.05__0.0103,2278,[pmpy],[Tf2N],R32,348.05,0.0103,0.003,PMPY__TF2N,train,train
[pmpy]__[Tf2N]__R32__348.05__0.1002,2279,[pmpy],[Tf2N],R32,348.05,0.1002,0.037,PMPY__TF2N,train,train
[pmpy]__[Tf2N]__R32__348.05__0.2502,2280,[pmpy],[Tf2N],R32,348.05,0.2502,0.09,PMPY__TF2N,train,train
[pmpy]__[Tf2N]__R32__348.05__0.4002,2281,[pmpy],[Tf2N],R32,348.05,0.4002,0.139,PMPY__TF2N,train,train
[pmpy]__[Tf2N]__R32__348.05__0.5493,2282,[pmpy],[Tf2N],R32,348.05,0.5493,0.184,PMPY__TF2N,val,train
[pmpy]__[Tf2N]__R32__348.05__0.7003,2283,[pmpy],[Tf2N],R32,348.05,0.7003,0.226,PMPY__TF2N,train,train
[pmpy]__[Tf2N]__R32__348.05__0.8493,2284,[pmpy],[Tf2N],R32,348.05,0.8493,0.265,PMPY__TF2N,train,train
[pmpy]__[Tf2N]__R32__348.05__1.0002,2285,[pmpy],[Tf2N],R32,348.05,1.0002,0.304,PMPY__TF2N,train,train
[pmpy]__[Tf2N]__R134__283__0.01,2286,[pmpy],[Tf2N],R134,283.0,0.01,0.058,PMPY__TF2N,train,train
[pmpy]__[Tf2N]__R134__283.08__0.05,2287,[pmpy],[Tf2N],R134,283.08,0.05,0.258,PMPY__TF2N,train,train
[pmpy]__[Tf2N]__R134__283.11__0.1,2288,[pmpy],[Tf2N],R134,283.11,0.1,0.442,PMPY__TF2N,train,train
[pmpy]__[Tf2N]__R134__283.02__0.15,2289,[pmpy],[Tf2N],R134,283.02,0.15,0.584,PMPY__TF2N,train,train
[pmpy]__[Tf2N]__R134__283.18__0.199,2290,[pmpy],[Tf2N],R134,283.18,0.199,0.697,PMPY__TF2N,train,train
[pmpy]__[Tf2N]__R134__283.13__0.25,2291,[pmpy],[Tf2N],R134,283.13,0.25,0.803,PMPY__TF2N,train,train
[pmpy]__[Tf2N]__R134__283.12__0.299,2292,[pmpy],[Tf2N],R134,283.12,0.299,0.925,PMPY__TF2N,train,val
[pmpy]__[Tf2N]__R134__298.14__0.01,2293,[pmpy],[Tf2N],R134,298.14,0.01,0.035,PMPY__TF2N,train,train
[pmpy]__[Tf2N]__R134__298.14__0.05,2294,[pmpy],[Tf2N],R134,298.14,0.05,0.161,PMPY__TF2N,train,train
[pmpy]__[Tf2N]__R134__298.07__0.1,2295,[pmpy],[Tf2N],R134,298.07,0.1,0.292,PMPY__TF2N,train,train
[pmpy]__[Tf2N]__R134__298.02__0.15,2296,[pmpy],[Tf2N],R134,298.02,0.15,0.403,PMPY__TF2N,train,train
[pmpy]__[Tf2N]__R134__298.06__0.2,2297,[pmpy],[Tf2N],R134,298.06,0.2,0.496,PMPY__TF2N,train,train
[pmpy]__[Tf2N]__R134__298.19__0.249,2298,[pmpy],[Tf2N],R134,298.19,0.249,0.574,PMPY__TF2N,train,train
[pmpy]__[Tf2N]__R134__298.22__0.3,2299,[pmpy],[Tf2N],R134,298.22,0.3,0.645,PMPY__TF2N,train,train
[pmpy]__[Tf2N]__R134__298.15__0.349,2300,[pmpy],[Tf2N],R134,298.15,0.349,0.711,PMPY__TF2N,train,train
[pmpy]__[Tf2N]__R134__323.2__0.01,2301,[pmpy],[Tf2N],R134,323.2,0.01,0.018,PMPY__TF2N,train,train
[pmpy]__[Tf2N]__R134__323.08__0.05,2302,[pmpy],[Tf2N],R134,323.08,0.05,0.081,PMPY__TF2N,val,train
[pmpy]__[Tf2N]__R134__323.09__0.1,2303,[pmpy],[Tf2N],R134,323.09,0.1,0.154,PMPY__TF2N,train,train
[pmpy]__[Tf2N]__R134__323.09__0.15,2304,[pmpy],[Tf2N],R134,323.09,0.15,0.219,PMPY__TF2N,train,train
[pmpy]__[Tf2N]__R134__323.09__0.2,2305,[pmpy],[Tf2N],R134,323.09,0.2,0.279,PMPY__TF2N,train,val
[pmpy]__[Tf2N]__R134__323.09__0.25,2306,[pmpy],[Tf2N],R134,323.09,0.25,0.334,PMPY__TF2N,train,train
[pmpy]__[Tf2N]__R134__323.01__0.299,2307,[pmpy],[Tf2N],R134,323.01,0.299,0.385,PMPY__TF2N,train,train
[pmpy]__[Tf2N]__R134__323.02__0.35,2308,[pmpy],[Tf2N],R134,323.02,0.35,0.432,PMPY__TF2N,train,train
[pmpy]__[Tf2N]__R134__348.09__0.01,2309,[pmpy],[Tf2N],R134,348.09,0.01,0.005,PMPY__TF2N,train,train
[pmpy]__[Tf2N]__R134__348.09__0.05,2310,[pmpy],[Tf2N],R134,348.09,0.05,0.04,PMPY__TF2N,train,train
[pmpy]__[Tf2N]__R134__348.12__0.1,2311,[pmpy],[Tf2N],R134,348.12,0.1,0.082,PMPY__TF2N,train,val
[pmpy]__[Tf2N]__R134__348.06__0.15,2312,[pmpy],[Tf2N],R134,348.06,0.15,0.122,PMPY__TF2N,val,train
[pmpy]__[Tf2N]__R134__348.13__0.2,2313,[pmpy],[Tf2N],R134,348.13,0.2,0.16,PMPY__TF2N,val,train
[pmpy]__[Tf2N]__R134__348.14__0.25,2314,[pmpy],[Tf2N],R134,348.14,0.25,0.196,PMPY__TF2N,train,val
[pmpy]__[Tf2N]__R134__348.08__0.3,2315,[pmpy],[Tf2N],R134,348.08,0.3,0.23,PMPY__TF2N,train,train
[pmpy]__[Tf2N]__R134__348.07__0.35,2316,[pmpy],[Tf2N],R134,348.07,0.35,0.262,PMPY__TF2N,train,train
[bmpy]__[Tf2N]__R32__298.15__0.0096,2317,[bmpy],[Tf2N],R32,298.15,0.0096,0.01,BMPY__TF2N,train,train
[bmpy]__[Tf2N]__R32__298.15__0.0995,2318,[bmpy],[Tf2N],R32,298.15,0.0995,0.1,BMPY__TF2N,train,train
[bmpy]__[Tf2N]__R32__298.15__0.2495,2319,[bmpy],[Tf2N],R32,298.15,0.2495,0.224,BMPY__TF2N,train,train
[bmpy]__[Tf2N]__R32__298.15__0.3995,2320,[bmpy],[Tf2N],R32,298.15,0.3995,0.331,BMPY__TF2N,train,train
[bmpy]__[Tf2N]__R32__298.15__0.5496,2321,[bmpy],[Tf2N],R32,298.15,0.5496,0.428,BMPY__TF2N,val,train
[bmpy]__[Tf2N]__R32__298.15__0.7005,2322,[bmpy],[Tf2N],R32,298.15,0.7005,0.51,BMPY__TF2N,train,val
[bmpy]__[Tf2N]__R32__298.15__0.8506,2323,[bmpy],[Tf2N],R32,298.15,0.8506,0.586,BMPY__TF2N,train,train
[bmpy]__[Tf2N]__R32__298.15__1,2324,[bmpy],[Tf2N],R32,298.15,1.0,0.654,BMPY__TF2N,train,train
[P4441]__[MeSO4]__R41__288.15__0.10024,2325,[P4441],[MeSO4],R41,288.15,0.10024,0.04397,P4441__MESO4,train,train
[P4441]__[MeSO4]__R41__293.39__0.09953,2326,[P4441],[MeSO4],R41,293.39,0.09953,0.03903,P4441__MESO4,train,train
[P4441]__[MeSO4]__R41__298.36__0.09953,2327,[P4441],[MeSO4],R41,298.36,0.09953,0.03519,P4441__MESO4,train,train
[P4441]__[MeSO4]__R41__303.15__0.10165,2328,[P4441],[MeSO4],R41,303.15,0.10165,0.03334,P4441__MESO4,train,train
[P4441]__[MeSO4]__R41__308.33__0.10633,2329,[P4441],[MeSO4],R41,308.33,0.10633,0.03176,P4441__MESO4,train,train
[P4441]__[MeSO4]__R32__288.15__0.10054,2330,[P4441],[MeSO4],R32,288.15,0.10054,0.1174,P4441__MESO4,train,train
[P4441]__[MeSO4]__R32__293.15__0.10356,2331,[P4441],[MeSO4],R32,293.15,0.10356,0.1097,P4441__MESO4,train,train
[P4441]__[MeSO4]__R32__298.19__0.102,2332,[P4441],[MeSO4],R32,298.19,0.102,0.09925,P4441__MESO4,train,train
[P4441]__[MeSO4]__R32__303.17__0.10132,2333,[P4441],[MeSO4],R32,303.17,0.10132,0.0878,P4441__MESO4,train,val
[P4441]__[MeSO4]__R32__308.39__0.101,2334,[P4441],[MeSO4],R32,308.39,0.101,0.08052,P4441__MESO4,train,train
[P4441]__[MeSO4]__R23__288.15__0.10401,2335,[P4441],[MeSO4],R23,288.15,0.10401,0.09487,P4441__MESO4,train,train
[P4441]__[MeSO4]__R23__293.31__0.09981,2336,[P4441],[MeSO4],R23,293.31,0.09981,0.0791,P4441__MESO4,train,train
[P4441]__[MeSO4]__R23__298.33__0.1006,2337,[P4441],[MeSO4],R23,298.33,0.1006,0.07188,P4441__MESO4,train,val
[P4441]__[MeSO4]__R23__303.15__0.1028,2338,[P4441],[MeSO4],R23,303.15,0.1028,0.06215,P4441__MESO4,train,val
[P4441]__[MeSO4]__R23__308.45__0.10118,2339,[P4441],[MeSO4],R23,308.45,0.10118,0.05197,P4441__MESO4,train,train
[P4442]__[Et2PO4]__R41__288.15__0.10092,2340,[P4442],[Et2PO4],R41,288.15,0.10092,0.05634,P4442__ET2PO4,train,train
[P4442]__[Et2PO4]__R41__293.15__0.10139,2341,[P4442],[Et2PO4],R41,293.15,0.10139,0.05145,P4442__ET2PO4,train,train
[P4442]__[Et2PO4]__R41__298.17__0.10228,2342,[P4442],[Et2PO4],R41,298.17,0.10228,0.04657,P4442__ET2PO4,train,val
[P4442]__[Et2PO4]__R41__303.21__0.1022,2343,[P4442],[Et2PO4],R41,303.21,0.1022,0.04296,P4442__ET2PO4,train,train
[P4442]__[Et2PO4]__R41__308.15__0.10086,2344,[P4442],[Et2PO4],R41,308.15,0.10086,0.03891,P4442__ET2PO4,train,train
[P4442]__[Et2PO4]__R32__288.15__0.10311,2345,[P4442],[Et2PO4],R32,288.15,0.10311,0.195,P4442__ET2PO4,train,val
[P4442]__[Et2PO4]__R32__293.15__0.10079,2346,[P4442],[Et2PO4],R32,293.15,0.10079,0.1767,P4442__ET2PO4,train,train
[P4442]__[Et2PO4]__R32__298.37__0.10148,2347,[P4442],[Et2PO4],R32,298.37,0.10148,0.1514,P4442__ET2PO4,train,train
[P4442]__[Et2PO4]__R32__303.19__0.09993,2348,[P4442],[Et2PO4],R32,303.19,0.09993,0.1397,P4442__ET2PO4,train,train
[P4442]__[Et2PO4]__R32__308.21__0.10344,2349,[P4442],[Et2PO4],R32,308.21,0.10344,0.1306,P4442__ET2PO4,train,train
[P4442]__[Et2PO4]__R23__288.15__0.09958,2350,[P4442],[Et2PO4],R23,288.15,0.09958,0.2512,P4442__ET2PO4,train,train
[P4442]__[Et2PO4]__R23__293.17__0.09908,2351,[P4442],[Et2PO4],R23,293.17,0.09908,0.2284,P4442__ET2PO4,train,train
[P4442]__[Et2PO4]__R23__298.35__0.10144,2352,[P4442],[Et2PO4],R23,298.35,0.10144,0.2191,P4442__ET2PO4,train,train
[P4442]__[Et2PO4]__R23__303.23__0.10016,2353,[P4442],[Et2PO4],R23,303.23,0.10016,0.2031,P4442__ET2PO4,train,train
[P4442]__[Et2PO4]__R23__308.27__0.10363,2354,[P4442],[Et2PO4],R23,308.27,0.10363,0.1942,P4442__ET2PO4,train,train
[P44414]__[HFPS]__R134a__283.3__0.0099,2355,[P44414],[HFPS],R134a,283.3,0.0099,0.032,P44414__HFPS,train,train
[P44414]__[HFPS]__R134a__283.05__0.05,2356,[P44414],[HFPS],R134a,283.05,0.05,0.152,P44414__HFPS,val,train
[P44414]__[HFPS]__R134a__283.35__0.1,2357,[P44414],[HFPS],R134a,283.35,0.1,0.289,P44414__HFPS,train,train
[P44414]__[HFPS]__R134a__283.2__0.15,2358,[P44414],[HFPS],R134a,283.2,0.15,0.4029999999999999,P44414__HFPS,val,train
[P44414]__[HFPS]__R134a__283.15__0.2,2359,[P44414],[HFPS],R134a,283.15,0.2,0.494,P44414__HFPS,train,train
[P44414]__[HFPS]__R134a__283.2__0.2503,2360,[P44414],[HFPS],R134a,283.2,0.2503,0.5870000000000001,P44414__HFPS,train,train
[P44414]__[HFPS]__R134a__283.15__0.3002,2361,[P44414],[HFPS],R134a,283.15,0.3002,0.672,P44414__HFPS,train,train
[P44414]__[HFPS]__R134a__283.15__0.3493,2362,[P44414],[HFPS],R134a,283.15,0.3493,0.763,P44414__HFPS,train,train
[P44414]__[HFPS]__R134a__298.1__0.01,2363,[P44414],[HFPS],R134a,298.1,0.01,0.019,P44414__HFPS,train,train
[P44414]__[HFPS]__R134a__298.1__0.05,2364,[P44414],[HFPS],R134a,298.1,0.05,0.104,P44414__HFPS,train,train
[P44414]__[HFPS]__R134a__298.05__0.0999,2365,[P44414],[HFPS],R134a,298.05,0.0999,0.1939999999999999,P44414__HFPS,train,train
[P44414]__[HFPS]__R134a__298.1__0.1499,2366,[P44414],[HFPS],R134a,298.1,0.1499,0.273,P44414__HFPS,train,train
[P44414]__[HFPS]__R134a__298.1__0.2002,2367,[P44414],[HFPS],R134a,298.1,0.2002,0.35,P44414__HFPS,train,train
[P44414]__[HFPS]__R134a__298.1__0.25,2368,[P44414],[HFPS],R134a,298.1,0.25,0.418,P44414__HFPS,train,val
[P44414]__[HFPS]__R134a__298.1__0.2999,2369,[P44414],[HFPS],R134a,298.1,0.2999,0.477,P44414__HFPS,train,train
[P44414]__[HFPS]__R134a__298.1__0.3502,2370,[P44414],[HFPS],R134a,298.1,0.3502,0.53,P44414__HFPS,train,val
[P44414]__[HFPS]__R134a__323.15__0.0101,2371,[P44414],[HFPS],R134a,323.15,0.0101,0.01,P44414__HFPS,val,train
[P44414]__[HFPS]__R134a__323.15__0.05,2372,[P44414],[HFPS],R134a,323.15,0.05,0.0559999999999999,P44414__HFPS,train,train
[P44414]__[HFPS]__R134a__323.15__0.0999,2373,[P44414],[HFPS],R134a,323.15,0.0999,0.111,P44414__HFPS,train,train
[P44414]__[HFPS]__R134a__323.15__0.1499,2374,[P44414],[HFPS],R134a,323.15,0.1499,0.161,P44414__HFPS,train,train
[P44414]__[HFPS]__R134a__323.15__0.2,2375,[P44414],[HFPS],R134a,323.15,0.2,0.209,P44414__HFPS,train,train
[P44414]__[HFPS]__R134a__323.15__0.2495,2376,[P44414],[HFPS],R134a,323.15,0.2495,0.254,P44414__HFPS,train,train
[P44414]__[HFPS]__R134a__323.15__0.2999,2377,[P44414],[HFPS],R134a,323.15,0.2999,0.293,P44414__HFPS,train,train
[P44414]__[HFPS]__R134a__323.15__0.3496,2378,[P44414],[HFPS],R134a,323.15,0.3496,0.3329999999999999,P44414__HFPS,train,train
[P44414]__[HFPS]__R134a__348.1__0.0101,2379,[P44414],[HFPS],R134a,348.1,0.0101,0.009,P44414__HFPS,train,train
[P44414]__[HFPS]__R134a__348.1__0.0504,2380,[P44414],[HFPS],R134a,348.1,0.0504,0.037,P44414__HFPS,train,train
[P44414]__[HFPS]__R134a__348.1__0.1001,2381,[P44414],[HFPS],R134a,348.1,0.1001,0.072,P44414__HFPS,train,train
[P44414]__[HFPS]__R134a__348.05__0.15,2382,[P44414],[HFPS],R134a,348.05,0.15,0.105,P44414__HFPS,train,train
[P44414]__[HFPS]__R134a__348.1__0.2001,2383,[P44414],[HFPS],R134a,348.1,0.2001,0.136,P44414__HFPS,train,train
[P44414]__[HFPS]__R134a__348.05__0.2504,2384,[P44414],[HFPS],R134a,348.05,0.2504,0.165,P44414__HFPS,train,train
[P44414]__[HFPS]__R134a__348.1__0.3004,2385,[P44414],[HFPS],R134a,348.1,0.3004,0.1939999999999999,P44414__HFPS,train,train
[P44414]__[HFPS]__R134a__348.05__0.3504,2386,[P44414],[HFPS],R134a,348.05,0.3504,0.221,P44414__HFPS,train,train
[P66614]__[Cl]__R41__288.15__0.106,2387,[P66614],[Cl],R41,288.15,0.106,0.06752,P66614__CL,train,train
[P66614]__[Cl]__R41__293.35__0.10081,2388,[P66614],[Cl],R41,293.35,0.10081,0.0618,P66614__CL,train,train
[P66614]__[Cl]__R41__298.66__0.10303,2389,[P66614],[Cl],R41,298.66,0.10303,0.05918,P66614__CL,train,train
[P66614]__[Cl]__R41__303.21__0.10212,2390,[P66614],[Cl],R41,303.21,0.10212,0.05326,P66614__CL,train,val
[P66614]__[Cl]__R41__308.55__0.10232,2391,[P66614],[Cl],R41,308.55,0.10232,0.04901,P66614__CL,train,train
[P66614]__[Cl]__R32__288.15__0.10589,2392,[P66614],[Cl],R32,288.15,0.10589,0.1705,P66614__CL,train,train
[P66614]__[Cl]__R32__293.17__0.10406,2393,[P66614],[Cl],R32,293.17,0.10406,0.152,P66614__CL,train,train
[P66614]__[Cl]__R32__298.37__0.09997,2394,[P66614],[Cl],R32,298.37,0.09997,0.1363,P66614__CL,train,train
[P66614]__[Cl]__R32__303.15__0.10153,2395,[P66614],[Cl],R32,303.15,0.10153,0.1291,P66614__CL,train,train
[P66614]__[Cl]__R32__308.15__0.10251,2396,[P66614],[Cl],R32,308.15,0.10251,0.121,P66614__CL,train,train
[P66614]__[Cl]__R23__288.17__0.10759,2397,[P66614],[Cl],R23,288.17,0.10759,0.2299,P66614__CL,train,train
[P66614]__[Cl]__R23__293.36__0.09976,2398,[P66614],[Cl],R23,293.36,0.09976,0.2004,P66614__CL,train,train
[P66614]__[Cl]__R23__298.95__0.10085,2399,[P66614],[Cl],R23,298.95,0.10085,0.1922,P66614__CL,train,val
[P66614]__[Cl]__R23__303.19__0.10116,2400,[P66614],[Cl],R23,303.19,0.10116,0.1787,P66614__CL,train,train
[P66614]__[Cl]__R23__308.17__0.1005,2401,[P66614],[Cl],R23,308.17,0.1005,0.1704,P66614__CL,train,train
[P66614]__[Tf2N]__R41__288.15__0.10313,2402,[P66614],[Tf2N],R41,288.15,0.10313,0.09092,P66614__TF2N,train,train
[P66614]__[Tf2N]__R41__293.15__0.10002,2403,[P66614],[Tf2N],R41,293.15,0.10002,0.0814,P66614__TF2N,train,train
[P66614]__[Tf2N]__R41__298.36__0.09997,2404,[P66614],[Tf2N],R41,298.36,0.09997,0.07676,P66614__TF2N,train,val
[P66614]__[Tf2N]__R41__303.15__0.10264,2405,[P66614],[Tf2N],R41,303.15,0.10264,0.07486,P66614__TF2N,train,train
[P66614]__[Tf2N]__R41__308.15__0.09911,2406,[P66614],[Tf2N],R41,308.15,0.09911,0.06653,P66614__TF2N,train,train
[P66614]__[Tf2N]__R32__288.15__0.10436,2407,[P66614],[Tf2N],R32,288.15,0.10436,0.133,P66614__TF2N,train,train
[P66614]__[Tf2N]__R32__293.21__0.1046,2408,[P66614],[Tf2N],R32,293.21,0.1046,0.1235,P66614__TF2N,train,train
[P66614]__[Tf2N]__R32__298.35__0.10686,2409,[P66614],[Tf2N],R32,298.35,0.10686,0.119,P66614__TF2N,train,train
[P66614]__[Tf2N]__R32__303.19__0.10273,2410,[P66614],[Tf2N],R32,303.19,0.10273,0.1058,P66614__TF2N,train,train
[P66614]__[Tf2N]__R32__308.23__0.10249,2411,[P66614],[Tf2N],R32,308.23,0.10249,0.1004,P66614__TF2N,train,train
[P66614]__[Tf2N]__R23__288.15__0.09704,2412,[P66614],[Tf2N],R23,288.15,0.09704,0.05886,P66614__TF2N,train,train
[P66614]__[Tf2N]__R23__293.15__0.10003,2413,[P66614],[Tf2N],R23,293.15,0.10003,0.05717,P66614__TF2N,train,train
[P66614]__[Tf2N]__R23__298.15__0.09988,2414,[P66614],[Tf2N],R23,298.15,0.09988,0.05184,P66614__TF2N,train,train
[P66614]__[Tf2N]__R23__303.19__0.09911,2415,[P66614],[Tf2N],R23,303.19,0.09911,0.04623,P66614__TF2N,train,val
[P66614]__[Tf2N]__R23__308.39__0.10168,2416,[P66614],[Tf2N],R23,308.39,0.10168,0.0436,P66614__TF2N,train,train
[P66614]__[TMPP]__R32__303.3__0.1347,2417,[P66614],[TMPP],R32,303.3,0.1347,0.133,P66614__TMPP,train,val
[P66614]__[TMPP]__R32__302.6__0.2501,2418,[P66614],[TMPP],R32,302.6,0.2501,0.2186,P66614__TMPP,train,train
[P66614]__[TMPP]__R32__302.8__0.3899,2419,[P66614],[TMPP],R32,302.8,0.3899,0.3258,P66614__TMPP,train,train
[P66614]__[TMPP]__R32__303.6__0.4492,2420,[P66614],[TMPP],R32,303.6,0.4492,0.351,P66614__TMPP,train,train
[P66614]__[TMPP]__R32__302.4__0.5397,2421,[P66614],[TMPP],R32,302.4,0.5397,0.4052,P66614__TMPP,val,val
[P66614]__[TMPP]__R32__302.9__0.6729,2422,[P66614],[TMPP],R32,302.9,0.6729,0.4629,P66614__TMPP,train,val
[P66614]__[TMPP]__R32__313.1__0.1532,2423,[P66614],[TMPP],R32,313.1,0.1532,0.1259,P66614__TMPP,val,train
[P66614]__[TMPP]__R32__312.9__0.2801,2424,[P66614],[TMPP],R32,312.9,0.2801,0.2085,P66614__TMPP,train,train
[P66614]__[TMPP]__R32__313.7__0.4541,2425,[P66614],[TMPP],R32,313.7,0.4541,0.3073,P66614__TMPP,train,train
[P66614]__[TMPP]__R32__312.2__0.5065,2426,[P66614],[TMPP],R32,312.2,0.5065,0.3356,P66614__TMPP,train,train
[P66614]__[TMPP]__R32__312.5__0.6224,2427,[P66614],[TMPP],R32,312.5,0.6224,0.386,P66614__TMPP,train,train
[P66614]__[TMPP]__R32__312.4__0.7694,2428,[P66614],[TMPP],R32,312.4,0.7694,0.4441,P66614__TMPP,train,train
[P66614]__[TMPP]__R32__323.6__0.173,2429,[P66614],[TMPP],R32,323.6,0.173,0.1178,P66614__TMPP,train,train
[P66614]__[TMPP]__R32__323.3__0.3183,2430,[P66614],[TMPP],R32,323.3,0.3183,0.1948,P66614__TMPP,train,train
[P66614]__[TMPP]__R32__322.3__0.5021,2431,[P66614],[TMPP],R32,322.3,0.5021,0.2942,P66614__TMPP,train,train
[P66614]__[TMPP]__R32__323.5__0.5814,2432,[P66614],[TMPP],R32,323.5,0.5814,0.3161,P66614__TMPP,train,train
[P66614]__[TMPP]__R32__322.4__0.7023,2433,[P66614],[TMPP],R32,322.4,0.7023,0.3679,P66614__TMPP,val,train
[P66614]__[TMPP]__R32__322.5__0.8708,2434,[P66614],[TMPP],R32,322.5,0.8708,0.4247,P66614__TMPP,train,train
[P66614]__[TMPP]__R32__333.4__0.1909,2435,[P66614],[TMPP],R32,333.4,0.1909,0.11,P66614__TMPP,train,train
[P66614]__[TMPP]__R32__333.1__0.3512,2436,[P66614],[TMPP],R32,333.1,0.3512,0.1841,P66614__TMPP,train,train
[P66614]__[TMPP]__R32__333.6__0.5639,2437,[P66614],[TMPP],R32,333.6,0.5639,0.2781,P66614__TMPP,train,train
[P66614]__[TMPP]__R32__333.7__0.6442,2438,[P66614],[TMPP],R32,333.7,0.6442,0.3007,P66614__TMPP,train,val
[P66614]__[TMPP]__R32__333.1__0.7841,2439,[P66614],[TMPP],R32,333.1,0.7841,0.3504,P66614__TMPP,train,train
[P66614]__[TMPP]__R32__333.4__0.9759,2440,[P66614],[TMPP],R32,333.4,0.9759,0.4055,P66614__TMPP,train,train
[P66614]__[TMPP]__R32__343.1__0.206,2441,[P66614],[TMPP],R32,343.1,0.206,0.103,P66614__TMPP,train,train
[P66614]__[TMPP]__R32__343.6__0.3853,2442,[P66614],[TMPP],R32,343.6,0.3853,0.1737,P66614__TMPP,train,train
[P66614]__[TMPP]__R32__343.6__0.6154,2443,[P66614],[TMPP],R32,343.6,0.6154,0.2656,P66614__TMPP,train,train
[P66614]__[TMPP]__R32__342.9__0.6989,2444,[P66614],[TMPP],R32,342.9,0.6989,0.2882,P66614__TMPP,train,train
[P66614]__[TMPP]__R32__343.3__0.8602,2445,[P66614],[TMPP],R32,343.3,0.8602,0.3348,P66614__TMPP,train,train
[P66614]__[TMPP]__R32__343__1.0693,2446,[P66614],[TMPP],R32,343.0,1.0693,0.3887,P66614__TMPP,train,train
[P66614]__[TMPP]__R161__302.2__0.097,2447,[P66614],[TMPP],R161,302.2,0.097,0.185,P66614__TMPP,train,train
[P66614]__[TMPP]__R161__302.7__0.168,2448,[P66614],[TMPP],R161,302.7,0.168,0.289,P66614__TMPP,train,train
[P66614]__[TMPP]__R161__303.2__0.217,2449,[P66614],[TMPP],R161,303.2,0.217,0.349,P66614__TMPP,train,train
[P66614]__[TMPP]__R161__302.9__0.27,2450,[P66614],[TMPP],R161,302.9,0.27,0.411,P66614__TMPP,train,train
[P66614]__[TMPP]__R161__302.8__0.299,2451,[P66614],[TMPP],R161,302.8,0.299,0.438,P66614__TMPP,train,val
[P66614]__[TMPP]__R161__302.9__0.338,2452,[P66614],[TMPP],R161,302.9,0.338,0.479,P66614__TMPP,train,train
[P66614]__[TMPP]__R161__312.7__0.114,2453,[P66614],[TMPP],R161,312.7,0.114,0.177,P66614__TMPP,train,val
[P66614]__[TMPP]__R161__312.6__0.196,2454,[P66614],[TMPP],R161,312.6,0.196,0.27,P66614__TMPP,train,train
[P66614]__[TMPP]__R161__312.3__0.251,2455,[P66614],[TMPP],R161,312.3,0.251,0.333,P66614__TMPP,train,train
[P66614]__[TMPP]__R161__312.6__0.317,2456,[P66614],[TMPP],R161,312.6,0.317,0.395,P66614__TMPP,val,train
[P66614]__[TMPP]__R161__312.8__0.353,2457,[P66614],[TMPP],R161,312.8,0.353,0.427,P66614__TMPP,train,train
[P66614]__[TMPP]__R161__313.6__0.404,2458,[P66614],[TMPP],R161,313.6,0.404,0.472,P66614__TMPP,train,train
[P66614]__[TMPP]__R161__322.6__0.131,2459,[P66614],[TMPP],R161,322.6,0.131,0.162,P66614__TMPP,train,train
[P66614]__[TMPP]__R161__322.6__0.226,2460,[P66614],[TMPP],R161,322.6,0.226,0.263,P66614__TMPP,val,train
[P66614]__[TMPP]__R161__322.7__0.291,2461,[P66614],[TMPP],R161,322.7,0.291,0.325,P66614__TMPP,train,train
[P66614]__[TMPP]__R161__323.9__0.374,2462,[P66614],[TMPP],R161,323.9,0.374,0.391,P66614__TMPP,train,train
[P66614]__[TMPP]__R161__322.7__0.408,2463,[P66614],[TMPP],R161,322.7,0.408,0.423,P66614__TMPP,train,train
[P66614]__[TMPP]__R161__322.8__0.465,2464,[P66614],[TMPP],R161,322.8,0.465,0.46,P66614__TMPP,train,train
[P66614]__[TMPP]__R161__332.3__0.147,2465,[P66614],[TMPP],R161,332.3,0.147,0.151,P66614__TMPP,train,train
[P66614]__[TMPP]__R161__333.1__0.257,2466,[P66614],[TMPP],R161,333.1,0.257,0.249,P66614__TMPP,train,train
[P66614]__[TMPP]__R161__333.5__0.334,2467,[P66614],[TMPP],R161,333.5,0.334,0.319,P66614__TMPP,train,train
[P66614]__[TMPP]__R161__333.6__0.422,2468,[P66614],[TMPP],R161,333.6,0.422,0.379,P66614__TMPP,train,val
[P66614]__[TMPP]__R161__333__0.469,2469,[P66614],[TMPP],R161,333.0,0.469,0.413,P66614__TMPP,train,train
[P66614]__[TMPP]__R161__333.2__0.533,2470,[P66614],[TMPP],R161,333.2,0.533,0.449,P66614__TMPP,train,train
[P66614]__[TMPP]__R161__343.3__0.166,2471,[P66614],[TMPP],R161,343.3,0.166,0.139,P66614__TMPP,train,train
[P66614]__[TMPP]__R161__343.1__0.287,2472,[P66614],[TMPP],R161,343.1,0.287,0.232,P66614__TMPP,train,train
[P66614]__[TMPP]__R161__343__0.37,2473,[P66614],[TMPP],R161,343.0,0.37,0.298,P66614__TMPP,train,train
[P66614]__[TMPP]__R161__343.3__0.471,2474,[P66614],[TMPP],R161,343.3,0.471,0.368,P66614__TMPP,train,train
[P66614]__[TMPP]__R161__342.2__0.521,2475,[P66614],[TMPP],R161,342.2,0.521,0.396,P66614__TMPP,train,val
[P66614]__[TMPP]__R161__342.5__0.595,2476,[P66614],[TMPP],R161,342.5,0.595,0.434,P66614__TMPP,val,train
[P66614]__[TMPP]__R152a__302.2__0.055,2477,[P66614],[TMPP],R152a,302.2,0.055,0.105,P66614__TMPP,train,train
[P66614]__[TMPP]__R152a__302.5__0.102,2478,[P66614],[TMPP],R152a,302.5,0.102,0.191,P66614__TMPP,val,train
[P66614]__[TMPP]__R152a__302.3__0.15,2479,[P66614],[TMPP],R152a,302.3,0.15,0.258,P66614__TMPP,train,train
[P66614]__[TMPP]__R152a__303.3__0.222,2480,[P66614],[TMPP],R152a,303.3,0.222,0.343,P66614__TMPP,train,train
[P66614]__[TMPP]__R152a__302.7__0.259,2481,[P66614],[TMPP],R152a,302.7,0.259,0.383,P66614__TMPP,train,train
[P66614]__[TMPP]__R152a__302.3__0.284,2482,[P66614],[TMPP],R152a,302.3,0.284,0.413,P66614__TMPP,train,train
[P66614]__[TMPP]__R152a__312.8__0.064,2483,[P66614],[TMPP],R152a,312.8,0.064,0.095,P66614__TMPP,train,train
[P66614]__[TMPP]__R152a__312.4__0.123,2484,[P66614],[TMPP],R152a,312.4,0.123,0.177,P66614__TMPP,train,train
[P66614]__[TMPP]__R152a__312.6__0.182,2485,[P66614],[TMPP],R152a,312.6,0.182,0.24,P66614__TMPP,train,val
[P66614]__[TMPP]__R152a__313.2__0.267,2486,[P66614],[TMPP],R152a,313.2,0.267,0.318,P66614__TMPP,train,train
[P66614]__[TMPP]__R152a__312.2__0.312,2487,[P66614],[TMPP],R152a,312.2,0.312,0.358,P66614__TMPP,train,train
[P66614]__[TMPP]__R152a__312.9__0.35,2488,[P66614],[TMPP],R152a,312.9,0.35,0.388,P66614__TMPP,val,train
[P66614]__[TMPP]__R152a__322.6__0.073,2489,[P66614],[TMPP],R152a,322.6,0.073,0.088,P66614__TMPP,train,train
[P66614]__[TMPP]__R152a__323.3__0.149,2490,[P66614],[TMPP],R152a,323.3,0.149,0.164,P66614__TMPP,train,train
[P66614]__[TMPP]__R152a__322.8__0.216,2491,[P66614],[TMPP],R152a,322.8,0.216,0.225,P66614__TMPP,train,train
[P66614]__[TMPP]__R152a__322.5__0.312,2492,[P66614],[TMPP],R152a,322.5,0.312,0.292,P66614__TMPP,train,train
[P66614]__[TMPP]__R152a__323.7__0.38,2493,[P66614],[TMPP],R152a,323.7,0.38,0.335,P66614__TMPP,train,train
[P66614]__[TMPP]__R152a__322.6__0.414,2494,[P66614],[TMPP],R152a,322.6,0.414,0.357,P66614__TMPP,train,train
[P66614]__[TMPP]__R152a__333.2__0.081,2495,[P66614],[TMPP],R152a,333.2,0.081,0.078,P66614__TMPP,train,train
[P66614]__[TMPP]__R152a__332.6__0.173,2496,[P66614],[TMPP],R152a,332.6,0.173,0.148,P66614__TMPP,train,train
[P66614]__[TMPP]__R152a__333.2__0.253,2497,[P66614],[TMPP],R152a,333.2,0.253,0.207,P66614__TMPP,val,train
[P66614]__[TMPP]__R152a__333.1__0.367,2498,[P66614],[TMPP],R152a,333.1,0.367,0.269,P66614__TMPP,train,train
[P66614]__[TMPP]__R152a__333.7__0.442,2499,[P66614],[TMPP],R152a,333.7,0.442,0.307,P66614__TMPP,train,train
[P66614]__[TMPP]__R152a__333.1__0.488,2500,[P66614],[TMPP],R152a,333.1,0.488,0.326,P66614__TMPP,train,train
[P66614]__[TMPP]__R152a__343.1__0.088,2501,[P66614],[TMPP],R152a,343.1,0.088,0.067,P66614__TMPP,train,train
[P66614]__[TMPP]__R152a__342.3__0.199,2502,[P66614],[TMPP],R152a,342.3,0.199,0.136,P66614__TMPP,train,train
[P66614]__[TMPP]__R152a__343__0.291,2503,[P66614],[TMPP],R152a,343.0,0.291,0.187,P66614__TMPP,train,train
[P66614]__[TMPP]__R152a__342.8__0.42,2504,[P66614],[TMPP],R152a,342.8,0.42,0.244,P66614__TMPP,train,train
[P66614]__[TMPP]__R152a__343.2__0.504,2505,[P66614],[TMPP],R152a,343.2,0.504,0.272,P66614__TMPP,train,train
[P66614]__[TMPP]__R152a__343.1__0.561,2506,[P66614],[TMPP],R152a,343.1,0.561,0.293,P66614__TMPP,train,train
[P66614]__[TMPP]__R143a__303.8__0.169,2507,[P66614],[TMPP],R143a,303.8,0.169,0.107,P66614__TMPP,train,train
[P66614]__[TMPP]__R143a__302.3__0.26,2508,[P66614],[TMPP],R143a,302.3,0.26,0.161,P66614__TMPP,train,train
[P66614]__[TMPP]__R143a__303.1__0.357,2509,[P66614],[TMPP],R143a,303.1,0.357,0.205,P66614__TMPP,train,train
[P66614]__[TMPP]__R143a__302.4__0.506,2510,[P66614],[TMPP],R143a,302.4,0.506,0.278,P66614__TMPP,train,train
[P66614]__[TMPP]__R143a__302.4__0.674,2511,[P66614],[TMPP],R143a,302.4,0.674,0.342,P66614__TMPP,train,val
[P66614]__[TMPP]__R143a__302.7__0.792,2512,[P66614],[TMPP],R143a,302.7,0.792,0.385,P66614__TMPP,train,train
[P66614]__[TMPP]__R143a__313.4__0.179,2513,[P66614],[TMPP],R143a,313.4,0.179,0.1,P66614__TMPP,train,train
[P66614]__[TMPP]__R143a__313.2__0.283,2514,[P66614],[TMPP],R143a,313.2,0.283,0.153,P66614__TMPP,train,val
[P66614]__[TMPP]__R143a__312.9__0.387,2515,[P66614],[TMPP],R143a,312.9,0.387,0.195,P66614__TMPP,train,val
[P66614]__[TMPP]__R143a__312.8__0.567,2516,[P66614],[TMPP],R143a,312.8,0.567,0.269,P66614__TMPP,train,train
[P66614]__[TMPP]__R143a__313.2__0.756,2517,[P66614],[TMPP],R143a,313.2,0.756,0.331,P66614__TMPP,train,train
[P66614]__[TMPP]__R143a__313.9__0.889,2518,[P66614],[TMPP],R143a,313.9,0.889,0.371,P66614__TMPP,train,train
[P66614]__[TMPP]__R143a__322.7__0.194,2519,[P66614],[TMPP],R143a,322.7,0.194,0.094,P66614__TMPP,val,train
[P66614]__[TMPP]__R143a__323.7__0.308,2520,[P66614],[TMPP],R143a,323.7,0.308,0.143,P66614__TMPP,train,train
[P66614]__[TMPP]__R143a__322.8__0.422,2521,[P66614],[TMPP],R143a,322.8,0.422,0.185,P66614__TMPP,train,train
[P66614]__[TMPP]__R143a__323.6__0.63,2522,[P66614],[TMPP],R143a,323.6,0.63,0.254,P66614__TMPP,train,train
[P66614]__[TMPP]__R143a__323.2__0.837,2523,[P66614],[TMPP],R143a,323.2,0.837,0.315,P66614__TMPP,train,train
[P66614]__[TMPP]__R143a__322.4__0.961,2524,[P66614],[TMPP],R143a,322.4,0.961,0.347,P66614__TMPP,val,train
[P66614]__[TMPP]__R143a__333.6__0.209,2525,[P66614],[TMPP],R143a,333.6,0.209,0.092,P66614__TMPP,train,train
[P66614]__[TMPP]__R143a__332.7__0.329,2526,[P66614],[TMPP],R143a,332.7,0.329,0.139,P66614__TMPP,train,train
[P66614]__[TMPP]__R143a__332.7__0.45,2527,[P66614],[TMPP],R143a,332.7,0.45,0.174,P66614__TMPP,train,val
[P66614]__[TMPP]__R143a__333.2__0.682,2528,[P66614],[TMPP],R143a,333.2,0.682,0.244,P66614__TMPP,train,train
[P66614]__[TMPP]__R143a__333.6__0.915,2529,[P66614],[TMPP],R143a,333.6,0.915,0.296,P66614__TMPP,train,train
[P66614]__[TMPP]__R143a__333.5__1.063,2530,[P66614],[TMPP],R143a,333.5,1.063,0.324,P66614__TMPP,train,train
[P66614]__[TMPP]__R143a__343.8__0.223,2531,[P66614],[TMPP],R143a,343.8,0.223,0.087,P66614__TMPP,val,train
[P66614]__[TMPP]__R143a__342.4__0.352,2532,[P66614],[TMPP],R143a,342.4,0.352,0.132,P66614__TMPP,train,train
[P66614]__[TMPP]__R143a__342.9__0.475,2533,[P66614],[TMPP],R143a,342.9,0.475,0.17,P66614__TMPP,train,train
[P66614]__[TMPP]__R143a__342.8__0.732,2534,[P66614],[TMPP],R143a,342.8,0.732,0.232,P66614__TMPP,train,train
[P66614]__[TMPP]__R143a__342.5__0.979,2535,[P66614],[TMPP],R143a,342.5,0.979,0.278,P66614__TMPP,train,train
[P66614]__[TMPP]__R143a__342.4__1.136,2536,[P66614],[TMPP],R143a,342.4,1.136,0.302,P66614__TMPP,train,val
[P66614]__[TMPP]__R134a__303.4__0.164,2537,[P66614],[TMPP],R134a,303.4,0.164,0.246,P66614__TMPP,val,train
[P66614]__[TMPP]__R134a__303.3__0.241,2538,[P66614],[TMPP],R134a,303.3,0.241,0.335,P66614__TMPP,train,train
[P66614]__[TMPP]__R134a__303.4__0.299,2539,[P66614],[TMPP],R134a,303.4,0.299,0.397,P66614__TMPP,train,train
[P66614]__[TMPP]__R134a__303.5__0.343,2540,[P66614],[TMPP],R134a,303.5,0.343,0.432,P66614__TMPP,train,train
[P66614]__[TMPP]__R134a__303.3__0.378,2541,[P66614],[TMPP],R134a,303.3,0.378,0.46,P66614__TMPP,train,train
[P66614]__[TMPP]__R134a__302.9__0.406,2542,[P66614],[TMPP],R134a,302.9,0.406,0.488,P66614__TMPP,train,train
[P66614]__[TMPP]__R134a__313__0.198,2543,[P66614],[TMPP],R134a,313.0,0.198,0.231,P66614__TMPP,train,train
[P66614]__[TMPP]__R134a__313.7__0.297,2544,[P66614],[TMPP],R134a,313.7,0.297,0.325,P66614__TMPP,train,train
[P66614]__[TMPP]__R134a__312.8__0.361,2545,[P66614],[TMPP],R134a,312.8,0.361,0.379,P66614__TMPP,train,train
[P66614]__[TMPP]__R134a__313.6__0.422,2546,[P66614],[TMPP],R134a,313.6,0.422,0.415,P66614__TMPP,train,train
[P66614]__[TMPP]__R134a__313.8__0.473,2547,[P66614],[TMPP],R134a,313.8,0.473,0.446,P66614__TMPP,train,train
[P66614]__[TMPP]__R134a__314__0.517,2548,[P66614],[TMPP],R134a,314.0,0.517,0.474,P66614__TMPP,train,train
[P66614]__[TMPP]__R134a__323.4__0.24,2549,[P66614],[TMPP],R134a,323.4,0.24,0.222,P66614__TMPP,val,train
[P66614]__[TMPP]__R134a__322.9__0.35,2550,[P66614],[TMPP],R134a,322.9,0.35,0.31,P66614__TMPP,train,train
[P66614]__[TMPP]__R134a__323.2__0.434,2551,[P66614],[TMPP],R134a,323.2,0.434,0.361,P66614__TMPP,train,train
[P66614]__[TMPP]__R134a__323.4__0.5,2552,[P66614],[TMPP],R134a,323.4,0.5,0.398,P66614__TMPP,train,train
[P66614]__[TMPP]__R134a__323.9__0.562,2553,[P66614],[TMPP],R134a,323.9,0.562,0.422,P66614__TMPP,train,train
[P66614]__[TMPP]__R134a__322.6__0.606,2554,[P66614],[TMPP],R134a,322.6,0.606,0.445,P66614__TMPP,train,train
[P66614]__[TMPP]__R134a__333.1__0.276,2555,[P66614],[TMPP],R134a,333.1,0.276,0.21,P66614__TMPP,train,train
[P66614]__[TMPP]__R134a__333.4__0.409,2556,[P66614],[TMPP],R134a,333.4,0.409,0.296,P66614__TMPP,train,train
[P66614]__[TMPP]__R134a__333.3__0.506,2557,[P66614],[TMPP],R134a,333.3,0.506,0.348,P66614__TMPP,val,train
[P66614]__[TMPP]__R134a__332.6__0.576,2558,[P66614],[TMPP],R134a,332.6,0.576,0.381,P66614__TMPP,train,train
[P66614]__[TMPP]__R134a__332.4__0.645,2559,[P66614],[TMPP],R134a,332.4,0.645,0.405,P66614__TMPP,train,train
[P66614]__[TMPP]__R134a__333__0.706,2560,[P66614],[TMPP],R134a,333.0,0.706,0.429,P66614__TMPP,train,train
[P66614]__[TMPP]__R134a__342.7__0.312,2561,[P66614],[TMPP],R134a,342.7,0.312,0.199,P66614__TMPP,train,train
[P66614]__[TMPP]__R134a__343.5__0.468,2562,[P66614],[TMPP],R134a,343.5,0.468,0.281,P66614__TMPP,train,train
[P66614]__[TMPP]__R134a__343.6__0.579,2563,[P66614],[TMPP],R134a,343.6,0.579,0.329,P66614__TMPP,train,train
[P66614]__[TMPP]__R134a__343.6__0.667,2564,[P66614],[TMPP],R134a,343.6,0.667,0.362,P66614__TMPP,train,val
[P66614]__[TMPP]__R134a__343__0.745,2565,[P66614],[TMPP],R134a,343.0,0.745,0.386,P66614__TMPP,train,train
[P66614]__[TMPP]__R134a__342.5__0.801,2566,[P66614],[TMPP],R134a,342.5,0.801,0.405,P66614__TMPP,train,train
[P66614]__[TMPP]__R125__303.5__0.114,2567,[P66614],[TMPP],R125,303.5,0.114,0.202,P66614__TMPP,train,val
[P66614]__[TMPP]__R125__303.7__0.233,2568,[P66614],[TMPP],R125,303.7,0.233,0.362,P66614__TMPP,train,train
[P66614]__[TMPP]__R125__302.9__0.272,2569,[P66614],[TMPP],R125,302.9,0.272,0.41,P66614__TMPP,train,train
[P66614]__[TMPP]__R125__302.4__0.344,2570,[P66614],[TMPP],R125,302.4,0.344,0.481,P66614__TMPP,train,train
[P66614]__[TMPP]__R125__302.5__0.406,2571,[P66614],[TMPP],R125,302.5,0.406,0.536,P66614__TMPP,train,train
[P66614]__[TMPP]__R125__312.6__0.145,2572,[P66614],[TMPP],R125,312.6,0.145,0.194,P66614__TMPP,train,train
[P66614]__[TMPP]__R125__313.4__0.285,2573,[P66614],[TMPP],R125,313.4,0.285,0.344,P66614__TMPP,train,val
[P66614]__[TMPP]__R125__312.5__0.339,2574,[P66614],[TMPP],R125,312.5,0.339,0.396,P66614__TMPP,train,train
[P66614]__[TMPP]__R125__312.7__0.43,2575,[P66614],[TMPP],R125,312.7,0.43,0.46,P66614__TMPP,train,train
[P66614]__[TMPP]__R125__314.1__0.5,2576,[P66614],[TMPP],R125,314.1,0.5,0.503,P66614__TMPP,train,train
[P66614]__[TMPP]__R125__323__0.182,2577,[P66614],[TMPP],R125,323.0,0.182,0.191,P66614__TMPP,train,train
[P66614]__[TMPP]__R125__323.3__0.34,2578,[P66614],[TMPP],R125,323.3,0.34,0.324,P66614__TMPP,train,train
[P66614]__[TMPP]__R125__323__0.418,2579,[P66614],[TMPP],R125,323.0,0.418,0.38,P66614__TMPP,train,val
[P66614]__[TMPP]__R125__323.5__0.531,2580,[P66614],[TMPP],R125,323.5,0.531,0.437,P66614__TMPP,train,train
[P66614]__[TMPP]__R125__323.2__0.626,2581,[P66614],[TMPP],R125,323.2,0.626,0.489,P66614__TMPP,train,train
[P66614]__[TMPP]__R125__333.4__0.224,2582,[P66614],[TMPP],R125,333.4,0.224,0.186,P66614__TMPP,train,train
[P66614]__[TMPP]__R125__333.3__0.398,2583,[P66614],[TMPP],R125,333.3,0.398,0.313,P66614__TMPP,train,train
[P66614]__[TMPP]__R125__332.9__0.495,2584,[P66614],[TMPP],R125,332.9,0.495,0.365,P66614__TMPP,train,train
[P66614]__[TMPP]__R125__332.7__0.614,2585,[P66614],[TMPP],R125,332.7,0.614,0.419,P66614__TMPP,val,train
[P66614]__[TMPP]__R125__332.7__0.731,2586,[P66614],[TMPP],R125,332.7,0.731,0.464,P66614__TMPP,train,train
[P66614]__[TMPP]__R125__343.6__0.263,2587,[P66614],[TMPP],R125,343.6,0.263,0.18,P66614__TMPP,train,train
[P66614]__[TMPP]__R125__343.1__0.458,2588,[P66614],[TMPP],R125,343.1,0.458,0.291,P66614__TMPP,val,train
[P66614]__[TMPP]__R125__343.4__0.578,2589,[P66614],[TMPP],R125,343.4,0.578,0.344,P66614__TMPP,train,train
[P66614]__[TMPP]__R125__343.5__0.723,2590,[P66614],[TMPP],R125,343.5,0.723,0.402,P66614__TMPP,train,train
[P66614]__[TMPP]__R125__343.2__0.847,2591,[P66614],[TMPP],R125,343.2,0.847,0.451,P66614__TMPP,train,val
[P66614]__[TMPP]__R245fa__292.8__0.0216,2592,[P66614],[TMPP],R245fa,292.8,0.0216,0.0932,P66614__TMPP,train,train
[P66614]__[TMPP]__R245fa__293.9__0.0386,2593,[P66614],[TMPP],R245fa,293.9,0.0386,0.1461,P66614__TMPP,train,train
[P66614]__[TMPP]__R245fa__292.5__0.0497,2594,[P66614],[TMPP],R245fa,292.5,0.0497,0.1804,P66614__TMPP,train,train
[P66614]__[TMPP]__R245fa__293__0.0604,2595,[P66614],[TMPP],R245fa,293.0,0.0604,0.2129,P66614__TMPP,train,val
[P66614]__[TMPP]__R245fa__293.3__0.0707,2596,[P66614],[TMPP],R245fa,293.3,0.0707,0.2373,P66614__TMPP,train,train
[P66614]__[TMPP]__R245fa__292.8__0.0805,2597,[P66614],[TMPP],R245fa,292.8,0.0805,0.2583,P66614__TMPP,train,train
[P66614]__[TMPP]__R245fa__303.1__0.0265,2598,[P66614],[TMPP],R245fa,303.1,0.0265,0.0907,P66614__TMPP,train,val
[P66614]__[TMPP]__R245fa__302.3__0.0457,2599,[P66614],[TMPP],R245fa,302.3,0.0457,0.1428,P66614__TMPP,train,train
[P66614]__[TMPP]__R245fa__303.2__0.0615,2600,[P66614],[TMPP],R245fa,303.2,0.0615,0.1764,P66614__TMPP,train,train
[P66614]__[TMPP]__R245fa__303__0.0733,2601,[P66614],[TMPP],R245fa,303.0,0.0733,0.2079,P66614__TMPP,train,train
[P66614]__[TMPP]__R245fa__302.4__0.0845,2602,[P66614],[TMPP],R245fa,302.4,0.0845,0.2322,P66614__TMPP,train,train
[P66614]__[TMPP]__R245fa__303.1__0.0976,2603,[P66614],[TMPP],R245fa,303.1,0.0976,0.2524,P66614__TMPP,train,train
[P66614]__[TMPP]__R245fa__313.1__0.0328,2604,[P66614],[TMPP],R245fa,313.1,0.0328,0.0886,P66614__TMPP,train,train
[P66614]__[TMPP]__R245fa__313.1__0.0579,2605,[P66614],[TMPP],R245fa,313.1,0.0579,0.1373,P66614__TMPP,train,train
[P66614]__[TMPP]__R245fa__313__0.0756,2606,[P66614],[TMPP],R245fa,313.0,0.0756,0.1714,P66614__TMPP,train,train
[P66614]__[TMPP]__R245fa__313.1__0.0904,2607,[P66614],[TMPP],R245fa,313.1,0.0904,0.2013,P66614__TMPP,train,train
[P66614]__[TMPP]__R245fa__313__0.1052,2608,[P66614],[TMPP],R245fa,313.0,0.1052,0.2246,P66614__TMPP,train,train
[P66614]__[TMPP]__R245fa__312.8__0.1183,2609,[P66614],[TMPP],R245fa,312.8,0.1183,0.2452,P66614__TMPP,train,train
[P66614]__[TMPP]__R245fa__323.3__0.04,2610,[P66614],[TMPP],R245fa,323.3,0.04,0.0832,P66614__TMPP,train,train
[P66614]__[TMPP]__R245fa__323.2__0.0703,2611,[P66614],[TMPP],R245fa,323.2,0.0703,0.1319,P66614__TMPP,train,train
[P66614]__[TMPP]__R245fa__323.3__0.0925,2612,[P66614],[TMPP],R245fa,323.3,0.0925,0.1644,P66614__TMPP,train,train
[P66614]__[TMPP]__R245fa__323.1__0.1104,2613,[P66614],[TMPP],R245fa,323.1,0.1104,0.1936,P66614__TMPP,train,train
[P66614]__[TMPP]__R245fa__323.4__0.1291,2614,[P66614],[TMPP],R245fa,323.4,0.1291,0.2159,P66614__TMPP,train,train
[P66614]__[TMPP]__R245fa__323__0.1446,2615,[P66614],[TMPP],R245fa,323.0,0.1446,0.2361,P66614__TMPP,train,train
[P66614]__[TMPP]__R245fa__333.4__0.0485,2616,[P66614],[TMPP],R245fa,333.4,0.0485,0.0803,P66614__TMPP,train,train
[P66614]__[TMPP]__R245fa__332.9__0.0842,2617,[P66614],[TMPP],R245fa,332.9,0.0842,0.126,P66614__TMPP,val,train
[P66614]__[TMPP]__R245fa__333.3__0.1115,2618,[P66614],[TMPP],R245fa,333.3,0.1115,0.1568,P66614__TMPP,val,train
[P66614]__[TMPP]__R245fa__332.6__0.1334,2619,[P66614],[TMPP],R245fa,332.6,0.1334,0.1848,P66614__TMPP,val,train
[P66614]__[TMPP]__R245fa__333.1__0.155,2620,[P66614],[TMPP],R245fa,333.1,0.155,0.2066,P66614__TMPP,train,train
[P66614]__[TMPP]__R245fa__333.3__0.175,2621,[P66614],[TMPP],R245fa,333.3,0.175,0.2256,P66614__TMPP,train,train
[P66614]__[TMPP]__R236fa__293.6__0.0109,2622,[P66614],[TMPP],R236fa,293.6,0.0109,0.0451,P66614__TMPP,train,train
[P66614]__[TMPP]__R236fa__292.9__0.0233,2623,[P66614],[TMPP],R236fa,292.9,0.0233,0.0952,P66614__TMPP,val,train
[P66614]__[TMPP]__R236fa__293.6__0.0353,2624,[P66614],[TMPP],R236fa,293.6,0.0353,0.1491,P66614__TMPP,train,train
[P66614]__[TMPP]__R236fa__293.4__0.0676,2625,[P66614],[TMPP],R236fa,293.4,0.0676,0.2563,P66614__TMPP,train,train
[P66614]__[TMPP]__R236fa__293.3__0.0937,2626,[P66614],[TMPP],R236fa,293.3,0.0937,0.3269,P66614__TMPP,train,train
[P66614]__[TMPP]__R236fa__293.7__0.1176,2627,[P66614],[TMPP],R236fa,293.7,0.1176,0.3807,P66614__TMPP,train,train
[P66614]__[TMPP]__R236fa__302.3__0.0137,2628,[P66614],[TMPP],R236fa,302.3,0.0137,0.0417,P66614__TMPP,train,train
[P66614]__[TMPP]__R236fa__303.7__0.0302,2629,[P66614],[TMPP],R236fa,303.7,0.0302,0.0915,P66614__TMPP,train,train
[P66614]__[TMPP]__R236fa__302.5__0.0449,2630,[P66614],[TMPP],R236fa,302.5,0.0449,0.1407,P66614__TMPP,train,train
[P66614]__[TMPP]__R236fa__302.7__0.0867,2631,[P66614],[TMPP],R236fa,302.7,0.0867,0.2492,P66614__TMPP,train,train
[P66614]__[TMPP]__R236fa__302.9__0.1218,2632,[P66614],[TMPP],R236fa,302.9,0.1218,0.3181,P66614__TMPP,train,val
[P66614]__[TMPP]__R236fa__303.6__0.1523,2633,[P66614],[TMPP],R236fa,303.6,0.1523,0.3664,P66614__TMPP,train,val
[P66614]__[TMPP]__R236fa__312.8__0.0162,2634,[P66614],[TMPP],R236fa,312.8,0.0162,0.0376,P66614__TMPP,train,train
[P66614]__[TMPP]__R236fa__313.8__0.0369,2635,[P66614],[TMPP],R236fa,313.8,0.0369,0.0854,P66614__TMPP,train,train
[P66614]__[TMPP]__R236fa__312.9__0.0592,2636,[P66614],[TMPP],R236fa,312.9,0.0592,0.1379,P66614__TMPP,train,train
[P66614]__[TMPP]__R236fa__313.2__0.1142,2637,[P66614],[TMPP],R236fa,313.2,0.1142,0.2391,P66614__TMPP,train,val
[P66614]__[TMPP]__R236fa__313.7__0.1594,2638,[P66614],[TMPP],R236fa,313.7,0.1594,0.3065,P66614__TMPP,train,train
[P66614]__[TMPP]__R236fa__312.9__0.1924,2639,[P66614],[TMPP],R236fa,312.9,0.1924,0.3555,P66614__TMPP,train,train
[P66614]__[TMPP]__R236fa__323.2__0.0202,2640,[P66614],[TMPP],R236fa,323.2,0.0202,0.0357,P66614__TMPP,train,train
[P66614]__[TMPP]__R236fa__322.5__0.0453,2641,[P66614],[TMPP],R236fa,322.5,0.0453,0.0815,P66614__TMPP,train,val
[P66614]__[TMPP]__R236fa__323__0.0764,2642,[P66614],[TMPP],R236fa,323.0,0.0764,0.1314,P66614__TMPP,train,train
[P66614]__[TMPP]__R236fa__323.7__0.1464,2643,[P66614],[TMPP],R236fa,323.7,0.1464,0.2273,P66614__TMPP,train,train
[P66614]__[TMPP]__R236fa__322.4__0.1955,2644,[P66614],[TMPP],R236fa,322.4,0.1955,0.2954,P66614__TMPP,val,train
[P66614]__[TMPP]__R236fa__322.6__0.2422,2645,[P66614],[TMPP],R236fa,322.6,0.2422,0.3418,P66614__TMPP,train,train
[P66614]__[TMPP]__R236fa__333.4__0.0242,2646,[P66614],[TMPP],R236fa,333.4,0.0242,0.0338,P66614__TMPP,train,train
[P66614]__[TMPP]__R236fa__332.8__0.0563,2647,[P66614],[TMPP],R236fa,332.8,0.0563,0.0767,P66614__TMPP,train,train
[P66614]__[TMPP]__R236fa__333.3__0.0911,2648,[P66614],[TMPP],R236fa,333.3,0.0911,0.1238,P66614__TMPP,train,val
[P66614]__[TMPP]__R236fa__332.4__0.1778,2649,[P66614],[TMPP],R236fa,332.4,0.1778,0.2159,P66614__TMPP,val,train
[P66614]__[TMPP]__R236fa__332.8__0.2413,2650,[P66614],[TMPP],R236fa,332.8,0.2413,0.2814,P66614__TMPP,train,train
[P66614]__[TMPP]__R236fa__332.7__0.2945,2651,[P66614],[TMPP],R236fa,332.7,0.2945,0.3277,P66614__TMPP,train,train
[P66614]__[TMPP]__R227ea__293.3__0.0134,2652,[P66614],[TMPP],R227ea,293.3,0.0134,0.1125,P66614__TMPP,train,train
[P66614]__[TMPP]__R227ea__293.4__0.0297,2653,[P66614],[TMPP],R227ea,293.4,0.0297,0.214,P66614__TMPP,train,val
[P66614]__[TMPP]__R227ea__292.5__0.0441,2654,[P66614],[TMPP],R227ea,292.5,0.0441,0.2981,P66614__TMPP,train,train
[P66614]__[TMPP]__R227ea__293.8__0.0732,2655,[P66614],[TMPP],R227ea,293.8,0.0732,0.3937,P66614__TMPP,val,train
[P66614]__[TMPP]__R227ea__293.4__0.1035,2656,[P66614],[TMPP],R227ea,293.4,0.1035,0.457,P66614__TMPP,val,train
[P66614]__[TMPP]__R227ea__302.7__0.0176,2657,[P66614],[TMPP],R227ea,302.7,0.0176,0.1064,P66614__TMPP,train,train
[P66614]__[TMPP]__R227ea__302.5__0.0391,2658,[P66614],[TMPP],R227ea,302.5,0.0391,0.2102,P66614__TMPP,train,train
[P66614]__[TMPP]__R227ea__302.7__0.0601,2659,[P66614],[TMPP],R227ea,302.7,0.0601,0.2867,P66614__TMPP,train,train
[P66614]__[TMPP]__R227ea__302.5__0.0994,2660,[P66614],[TMPP],R227ea,302.5,0.0994,0.387,P66614__TMPP,train,train
[P66614]__[TMPP]__R227ea__303.7__0.1444,2661,[P66614],[TMPP],R227ea,303.7,0.1444,0.4485,P66614__TMPP,train,train
[P66614]__[TMPP]__R227ea__313.4__0.0245,2662,[P66614],[TMPP],R227ea,313.4,0.0245,0.104,P66614__TMPP,train,train
[P66614]__[TMPP]__R227ea__312.7__0.0536,2663,[P66614],[TMPP],R227ea,312.7,0.0536,0.2043,P66614__TMPP,train,train
[P66614]__[TMPP]__R227ea__313.1__0.0834,2664,[P66614],[TMPP],R227ea,313.1,0.0834,0.2788,P66614__TMPP,train,train
[P66614]__[TMPP]__R227ea__313.3__0.1375,2665,[P66614],[TMPP],R227ea,313.3,0.1375,0.3773,P66614__TMPP,train,train
[P66614]__[TMPP]__R227ea__313.7__0.1934,2666,[P66614],[TMPP],R227ea,313.7,0.1934,0.4383,P66614__TMPP,train,train
[P66614]__[TMPP]__R227ea__323.6__0.0327,2667,[P66614],[TMPP],R227ea,323.6,0.0327,0.103,P66614__TMPP,train,train
[P66614]__[TMPP]__R227ea__323.3__0.0734,2668,[P66614],[TMPP],R227ea,323.3,0.0734,0.1964,P66614__TMPP,train,train
[P66614]__[TMPP]__R227ea__322.3__0.1094,2669,[P66614],[TMPP],R227ea,322.3,0.1094,0.2702,P66614__TMPP,train,train
[P66614]__[TMPP]__R227ea__322.7__0.1812,2670,[P66614],[TMPP],R227ea,322.7,0.1812,0.3662,P66614__TMPP,train,val
[P66614]__[TMPP]__R227ea__322.7__0.253,2671,[P66614],[TMPP],R227ea,322.7,0.253,0.4255,P66614__TMPP,train,train
[P66614]__[TMPP]__R227ea__333.2__0.0437,2672,[P66614],[TMPP],R227ea,333.2,0.0437,0.1017,P66614__TMPP,train,train
[P66614]__[TMPP]__R227ea__332.8__0.0941,2673,[P66614],[TMPP],R227ea,332.8,0.0941,0.1883,P66614__TMPP,train,train
[P66614]__[TMPP]__R227ea__333.2__0.145,2674,[P66614],[TMPP],R227ea,333.2,0.145,0.2586,P66614__TMPP,train,train
[P66614]__[TMPP]__R227ea__332.3__0.2386,2675,[P66614],[TMPP],R227ea,332.3,0.2386,0.3543,P66614__TMPP,train,train
[P66614]__[TMPP]__R227ea__333.1__0.3211,2676,[P66614],[TMPP],R227ea,333.1,0.3211,0.4111,P66614__TMPP,train,train
[P66614]__[TPES]__R134a__283.1__0.0098,2677,[P66614],[TPES],R134a,283.1,0.0098,0.038,P66614__TPES,train,train
[P66614]__[TPES]__R134a__282.9__0.05,2678,[P66614],[TPES],R134a,282.9,0.05,0.19,P66614__TPES,train,train
[P66614]__[TPES]__R134a__283.05__0.1,2679,[P66614],[TPES],R134a,283.05,0.1,0.3379999999999999,P66614__TPES,train,train
[P66614]__[TPES]__R134a__282.9__0.1499,2680,[P66614],[TPES],R134a,282.9,0.1499,0.452,P66614__TPES,train,train
[P66614]__[TPES]__R134a__283.2__0.1994,2681,[P66614],[TPES],R134a,283.2,0.1994,0.551,P66614__TPES,val,train
[P66614]__[TPES]__R134a__282.9__0.2496,2682,[P66614],[TPES],R134a,282.9,0.2496,0.634,P66614__TPES,train,train
[P66614]__[TPES]__R134a__282.85__0.3,2683,[P66614],[TPES],R134a,282.85,0.3,0.718,P66614__TPES,train,train
[P66614]__[TPES]__R134a__282.8__0.3495,2684,[P66614],[TPES],R134a,282.8,0.3495,0.799,P66614__TPES,train,train
[P66614]__[TPES]__R134a__298.1__0.01,2685,[P66614],[TPES],R134a,298.1,0.01,0.018,P66614__TPES,train,train
[P66614]__[TPES]__R134a__298.1__0.05,2686,[P66614],[TPES],R134a,298.1,0.05,0.121,P66614__TPES,train,train
[P66614]__[TPES]__R134a__298.1__0.1,2687,[P66614],[TPES],R134a,298.1,0.1,0.228,P66614__TPES,train,train
[P66614]__[TPES]__R134a__298.05__0.1499,2688,[P66614],[TPES],R134a,298.05,0.1499,0.32,P66614__TPES,train,train
[P66614]__[TPES]__R134a__298.1__0.2,2689,[P66614],[TPES],R134a,298.1,0.2,0.397,P66614__TPES,train,train
[P66614]__[TPES]__R134a__298.1__0.2503,2690,[P66614],[TPES],R134a,298.1,0.2503,0.462,P66614__TPES,train,train
[P66614]__[TPES]__R134a__298.05__0.3004,2691,[P66614],[TPES],R134a,298.05,0.3004,0.52,P66614__TPES,train,train
[P66614]__[TPES]__R134a__298.1__0.3504,2692,[P66614],[TPES],R134a,298.1,0.3504,0.574,P66614__TPES,train,train
[P66614]__[TPES]__R134a__323.15__0.0101,2693,[P66614],[TPES],R134a,323.15,0.0101,0.011,P66614__TPES,train,train
[P66614]__[TPES]__R134a__323.15__0.0501,2694,[P66614],[TPES],R134a,323.15,0.0501,0.068,P66614__TPES,train,train
[P66614]__[TPES]__R134a__323.15__0.1001,2695,[P66614],[TPES],R134a,323.15,0.1001,0.134,P66614__TPES,train,val
[P66614]__[TPES]__R134a__323.15__0.15,2696,[P66614],[TPES],R134a,323.15,0.15,0.193,P66614__TPES,train,train
[P66614]__[TPES]__R134a__323.15__0.2001,2697,[P66614],[TPES],R134a,323.15,0.2001,0.246,P66614__TPES,train,train
[P66614]__[TPES]__R134a__323.15__0.2501,2698,[P66614],[TPES],R134a,323.15,0.2501,0.294,P66614__TPES,train,train
[P66614]__[TPES]__R134a__323.15__0.3,2699,[P66614],[TPES],R134a,323.15,0.3,0.3389999999999999,P66614__TPES,train,train
[P66614]__[TPES]__R134a__323.2__0.3497,2700,[P66614],[TPES],R134a,323.2,0.3497,0.381,P66614__TPES,train,train
[P66614]__[TPES]__R134a__348.05__0.0101,2701,[P66614],[TPES],R134a,348.05,0.0101,0.003,P66614__TPES,train,train
[P66614]__[TPES]__R134a__348.1__0.0502,2702,[P66614],[TPES],R134a,348.1,0.0502,0.039,P66614__TPES,train,train
[P66614]__[TPES]__R134a__348.05__0.1001,2703,[P66614],[TPES],R134a,348.05,0.1001,0.083,P66614__TPES,train,train
[P66614]__[TPES]__R134a__348.1__0.1496,2704,[P66614],[TPES],R134a,348.1,0.1496,0.122,P66614__TPES,train,train
[P66614]__[TPES]__R134a__348.1__0.2001,2705,[P66614],[TPES],R134a,348.1,0.2001,0.16,P66614__TPES,train,val
[P66614]__[TPES]__R134a__348.1__0.2503,2706,[P66614],[TPES],R134a,348.1,0.2503,0.1939999999999999,P66614__TPES,val,val
[P66614]__[TPES]__R134a__348.1__0.3003,2707,[P66614],[TPES],R134a,348.1,0.3003,0.2269999999999999,P66614__TPES,train,train
[P66614]__[TPES]__R134a__348.1__0.3505,2708,[P66614],[TPES],R134a,348.1,0.3505,0.256,P66614__TPES,val,train
[m-2-HEA]__[Pr]__R41__288.15__0.09993,2709,[m-2-HEA],[Pr],R41,288.15,0.09993,0.01542,M-2-HEA__PR,train,train
[m-2-HEA]__[Pr]__R41__293.27__0.10202,2710,[m-2-HEA],[Pr],R41,293.27,0.10202,0.01412,M-2-HEA__PR,train,train
[m-2-HEA]__[Pr]__R41__298.17__0.10449,2711,[m-2-HEA],[Pr],R41,298.17,0.10449,0.01297,M-2-HEA__PR,train,train
[m-2-HEA]__[Pr]__R41__303.19__0.10303,2712,[m-2-HEA],[Pr],R41,303.19,0.10303,0.0121,M-2-HEA__PR,train,train
[m-2-HEA]__[Pr]__R41__308.23__0.10227,2713,[m-2-HEA],[Pr],R41,308.23,0.10227,0.01095,M-2-HEA__PR,train,train
[m-2-HEA]__[Pr]__R32__288.15__0.10254,2714,[m-2-HEA],[Pr],R32,288.15,0.10254,0.03624,M-2-HEA__PR,train,train
[m-2-HEA]__[Pr]__R32__293.21__0.10102,2715,[m-2-HEA],[Pr],R32,293.21,0.10102,0.0314,M-2-HEA__PR,train,train
[m-2-HEA]__[Pr]__R32__298.17__0.10431,2716,[m-2-HEA],[Pr],R32,298.17,0.10431,0.02806,M-2-HEA__PR,train,train
[m-2-HEA]__[Pr]__R32__303.27__0.10005,2717,[m-2-HEA],[Pr],R32,303.27,0.10005,0.02454,M-2-HEA__PR,train,train
[m-2-HEA]__[Pr]__R32__308.23__0.10571,2718,[m-2-HEA],[Pr],R32,308.23,0.10571,0.02435,M-2-HEA__PR,train,val
[m-2-HEA]__[Pr]__R23__288.15__0.10254,2719,[m-2-HEA],[Pr],R23,288.15,0.10254,0.01444,M-2-HEA__PR,train,train
[m-2-HEA]__[Pr]__R23__293.21__0.10102,2720,[m-2-HEA],[Pr],R23,293.21,0.10102,0.01294,M-2-HEA__PR,train,train
[m-2-HEA]__[Pr]__R23__298.17__0.10431,2721,[m-2-HEA],[Pr],R23,298.17,0.10431,0.01156,M-2-HEA__PR,train,val
[m-2-HEA]__[Pr]__R23__303.27__0.10005,2722,[m-2-HEA],[Pr],R23,303.27,0.10005,0.01072,M-2-HEA__PR,train,train
[m-2-HEA]__[Pr]__R23__308.23__0.10571,2723,[m-2-HEA],[Pr],R23,308.23,0.10571,0.01035,M-2-HEA__PR,val,train
[m-2-HEA]__[Pe]__R41__288.15__0.10251,2724,[m-2-HEA],[Pe],R41,288.15,0.10251,0.02153,M-2-HEA__PE,train,train
[m-2-HEA]__[Pe]__R41__293.17__0.10414,2725,[m-2-HEA],[Pe],R41,293.17,0.10414,0.02021,M-2-HEA__PE,train,train
[m-2-HEA]__[Pe]__R41__298.45__0.10023,2726,[m-2-HEA],[Pe],R41,298.45,0.10023,0.01843,M-2-HEA__PE,train,train
[m-2-HEA]__[Pe]__R41__303.17__0.10214,2727,[m-2-HEA],[Pe],R41,303.17,0.10214,0.01748,M-2-HEA__PE,train,train
[m-2-HEA]__[Pe]__R41__308.17__0.10148,2728,[m-2-HEA],[Pe],R41,308.17,0.10148,0.01678,M-2-HEA__PE,train,train
[m-2-HEA]__[Pe]__R32__288.15__0.1065,2729,[m-2-HEA],[Pe],R32,288.15,0.1065,0.04684,M-2-HEA__PE,train,train
[m-2-HEA]__[Pe]__R32__293.15__0.10268,2730,[m-2-HEA],[Pe],R32,293.15,0.10268,0.04,M-2-HEA__PE,train,train
[m-2-HEA]__[Pe]__R32__298.15__0.10309,2731,[m-2-HEA],[Pe],R32,298.15,0.10309,0.03761,M-2-HEA__PE,train,train
[m-2-HEA]__[Pe]__R32__303.32__0.10438,2732,[m-2-HEA],[Pe],R32,303.32,0.10438,0.03317,M-2-HEA__PE,train,train
[m-2-HEA]__[Pe]__R32__308.21__0.10588,2733,[m-2-HEA],[Pe],R32,308.21,0.10588,0.03055,M-2-HEA__PE,train,train
[m-2-HEA]__[Pe]__R23__288.15__0.10082,2734,[m-2-HEA],[Pe],R23,288.15,0.10082,0.0204,M-2-HEA__PE,train,train
[m-2-HEA]__[Pe]__R23__293.15__0.10556,2735,[m-2-HEA],[Pe],R23,293.15,0.10556,0.01924,M-2-HEA__PE,train,train
[m-2-HEA]__[Pe]__R23__298.73__0.10371,2736,[m-2-HEA],[Pe],R23,298.73,0.10371,0.01816,M-2-HEA__PE,train,train
[m-2-HEA]__[Pe]__R23__303.15__0.10043,2737,[m-2-HEA],[Pe],R23,303.15,0.10043,0.01627,M-2-HEA__PE,train,train
[m-2-HEA]__[Pe]__R23__308.36__0.10545,2738,[m-2-HEA],[Pe],R23,308.36,0.10545,0.01549,M-2-HEA__PE,train,train
