model_family,seed,case_id,sample_id,component,group_name,full_group_id,n_atoms,A_g_signed,A_g_abs,A_tilde_g,P_g_atom,P_g_graph
V7-A,42,Case1_R1234yf,[emim]__[Ac]__R1234yf__313.15__0.311,Cation,Imidazolium_Ring,Cation:Imidazolium_Ring,5,0.00694138091057539,0.012429011054337025,0.0024858022108674048,0.024190905591360126,0.024025435085925993
V7-A,42,Case1_R1234yf,[emim]__[Ac]__R1234yf__313.15__0.311,Cation,Alkyl_Chain,Cation:Alkyl_Chain,3,0.004453890025615692,0.00604732520878315,0.0020157750695943832,0.011770065419233679,0.011689555879540837
V7-A,42,Case1_R1234yf,[emim]__[Ac]__R1234yf__313.15__0.311,Anion,Carboxylate_COO,Anion:Carboxylate_COO,3,0.1593635380268097,0.19961218535900116,0.06653739511966705,0.3885103577263049,0.3858528712168983
V7-A,42,Case1_R1234yf,[emim]__[Ac]__R1234yf__313.15__0.311,Anion,Alkyl_Chain,Anion:Alkyl_Chain,1,0.019330982118844986,0.027977697551250458,0.027977697551250458,0.05445371616189529,0.05408124213846337
V7-A,42,Case1_R1234yf,[emim]__[Ac]__R1234yf__313.15__0.311,Refri,CF3,Refri:CF3,4,-0.06311249732971191,0.09552065283060074,0.023880163207650185,0.1859143164768394,0.18464262634524503
V7-A,42,Case1_R1234yf,[emim]__[Ac]__R1234yf__313.15__0.311,Refri,Halogenated_Alkene,Refri:Halogenated_Alkene,2,-0.0317724384367466,0.11963695287704468,0.05981847643852234,0.2328524948311717,0.23125973841840336
V7-A,42,Case1_R1234yf,[emim]__[Ac]__R1234yf__313.15__0.311,Refri,Unclassified,Refri:Unclassified,3,-0.03567223250865936,0.052564725279808044,0.017521575093269348,0.10230808397550703,0.10160827675657137
V7-A,42,Case1_R1234yf,[emim]__[BF4]__R1234yf__313.15__0.3919,Cation,Imidazolium_Ring,Cation:Imidazolium_Ring,5,0.042627424001693726,0.09405924379825592,0.018811848759651185,0.12023597853378831,0.11969648830940695
V7-A,42,Case1_R1234yf,[emim]__[BF4]__R1234yf__313.15__0.3919,Cation,Alkyl_Chain,Cation:Alkyl_Chain,3,0.017113668844103813,0.02458643913269043,0.00819547971089681,0.03142885747753879,0.03128783844497157
V7-A,42,Case1_R1234yf,[emim]__[BF4]__R1234yf__313.15__0.3919,Anion,BF4_Core,Anion:BF4_Core,5,0.1080068051815033,0.28230589628219604,0.05646117925643921,0.3608717688412607,0.3592525630601029
V7-A,42,Case1_R1234yf,[emim]__[BF4]__R1234yf__313.15__0.3919,Refri,CF3,Refri:CF3,4,-0.09057052433490753,0.1364862322807312,0.0341215580701828,0.17447041919518316,0.17368758291982428
V7-A,42,Case1_R1234yf,[emim]__[BF4]__R1234yf__313.15__0.3919,Refri,Halogenated_Alkene,Refri:Halogenated_Alkene,2,-0.04488823935389519,0.16947084665298462,0.08473542332649231,0.21663466829454797,0.2156626440532834
V7-A,42,Case1_R1234yf,[emim]__[BF4]__R1234yf__313.15__0.3919,Refri,Unclassified,Refri:Unclassified,3,-0.050907909870147705,0.07538005709648132,0.025126685698827107,0.09635836480216656,0.09592601172048448
V7-A,42,Case1_R1234yf,[bmim]__[Ac]__R1234yf__313.15__0.561,Cation,Imidazolium_Ring,Cation:Imidazolium_Ring,5,0.006317020393908024,0.010862085968255997,0.0021724171936511995,0.01231067834813479,0.012230146705484122
V7-A,42,Case1_R1234yf,[bmim]__[Ac]__R1234yf__313.15__0.561,Cation,Alkyl_Chain,Cation:Alkyl_Chain,5,0.008643384091556072,0.011876032687723637,0.0023752065375447274,0.013459847298002411,0.0133717982415587
V7-A,42,Case1_R1234yf,[bmim]__[Ac]__R1234yf__313.15__0.561,Anion,Carboxylate_COO,Anion:Carboxylate_COO,3,0.28113794326782227,0.35402166843414307,0.11800722281138103,0.40123479975205106,0.39861007862792713
V7-A,42,Case1_R1234yf,[bmim]__[Ac]__R1234yf__313.15__0.561,Anion,Alkyl_Chain,Anion:Alkyl_Chain,1,0.035462528467178345,0.0520707443356514,0.0520707443356514,0.05901501670466785,0.05862896354805982
V7-A,42,Case1_R1234yf,[bmim]__[Ac]__R1234yf__313.15__0.561,Refri,CF3,Refri:CF3,4,-0.10921023041009903,0.16435004770755768,0.04108751192688942,0.18626814220963142,0.18504964887876613
V7-A,42,Case1_R1234yf,[bmim]__[Ac]__R1234yf__313.15__0.561,Refri,Halogenated_Alkene,Refri:Halogenated_Alkene,2,-0.05141347646713257,0.1985895037651062,0.0992947518825531,0.22507384965582763,0.22360150456501146
V7-A,42,Case1_R1234yf,[bmim]__[Ac]__R1234yf__313.15__0.561,Refri,Unclassified,Refri:Unclassified,3,-0.06059853360056877,0.09056034684181213,0.030186782280604046,0.10263767975352103,0.10196626419747601
V7-A,42,Case1_R1234yf,[bmim]__[PF6]__R1234yf__313.15__0.23,Cation,Imidazolium_Ring,Cation:Imidazolium_Ring,5,0.025839146226644516,0.05643141269683838,0.011286282539367675,0.10939294186158026,0.10887755612275045
V7-A,42,Case1_R1234yf,[bmim]__[PF6]__R1234yf__313.15__0.23,Cation,Alkyl_Chain,Cation:Alkyl_Chain,5,0.025559067726135254,0.03691660612821579,0.007383321225643158,0.07156326511983675,0.07122610729558215
V7-A,42,Case1_R1234yf,[bmim]__[PF6]__R1234yf__313.15__0.23,Anion,PF6_Core,Anion:PF6_Core,7,0.054981742054224014,0.15534381568431854,0.022191973669188365,0.30113577147188403,0.29971702288146307
V7-A,42,Case1_R1234yf,[bmim]__[PF6]__R1234yf__313.15__0.23,Refri,CF3,Refri:CF3,4,-0.06421279907226562,0.09645562618970871,0.024113906547427177,0.18698033956155563,0.1860994143500048
V7-A,42,Case1_R1234yf,[bmim]__[PF6]__R1234yf__313.15__0.23,Refri,Halogenated_Alkene,Refri:Halogenated_Alkene,2,-0.030737757682800293,0.11744867265224457,0.058724336326122284,0.2276756013213645,0.2266029474919336
V7-A,42,Case1_R1234yf,[bmim]__[PF6]__R1234yf__313.15__0.23,Refri,Unclassified,Refri:Unclassified,3,-0.03570469096302986,0.05326356366276741,0.01775452122092247,0.10325203011315252,0.10276557620744368
V7-A,42,Case2_R134_vs_R134a,[emim]__[BEI]__R134__283.149__0.01,Cation,Imidazolium_Ring,Cation:Imidazolium_Ring,5,-0.024138156324625015,0.05281827598810196,0.010563655197620392,0.1572323544159694,0.15626930536983125
V7-A,42,Case2_R134_vs_R134a,[emim]__[BEI]__R134__283.149__0.01,Cation,Alkyl_Chain,Cation:Alkyl_Chain,3,-0.009493288584053516,0.01351111475378275,0.004503704917927583,0.04022063090435115,0.03997427931614664
V7-A,42,Case2_R134_vs_R134a,[emim]__[BEI]__R134__283.149__0.01,Anion,CF3,Anion:CF3,8,0.02528821863234043,0.05684191733598709,0.007105239666998386,0.1692101516957582,0.16817373857459889
V7-A,42,Case2_R134_vs_R134a,[emim]__[BEI]__R134__283.149__0.01,Anion,Sulfonyl_SO2,Anion:Sulfonyl_SO2,6,0.020143192261457443,0.07538607716560364,0.012564346194267273,0.22441342851860382,0.22303889501957813
V7-A,42,Case2_R134_vs_R134a,[emim]__[BEI]__R134__283.149__0.01,Anion,Sulfonimide_N,Anion:Sulfonimide_N,1,0.01816016435623169,0.021906577050685883,0.021906577050685883,0.06521270568638188,0.06481327750100213
V7-A,42,Case2_R134_vs_R134a,[emim]__[BEI]__R134__283.149__0.01,Anion,Alkyl_Chain,Anion:Alkyl_Chain,2,0.010702375322580338,0.02480471506714821,0.012402357533574104,0.07384004263038678,0.07338777195819508
V7-A,42,Case2_R134_vs_R134a,[emim]__[BEI]__R134__283.149__0.01,Anion,Unclassified,Anion:Unclassified,4,0.007643136195838451,0.014322939328849316,0.003580734832212329,0.042637315033519134,0.04237616124156936
V7-A,42,Case2_R134_vs_R134a,[emim]__[BEI]__R134__283.149__0.01,Refri,CHF2,Refri:CHF2,6,-0.034821201115846634,0.07633336633443832,0.012722227722406387,0.22723337111502964,0.22584156545190176
V7-A,42,Case2_R134_vs_R134a,[emim]__[BEI]__R134a__283.1__0.0103,Cation,Imidazolium_Ring,Cation:Imidazolium_Ring,5,0.02802847884595394,0.06071977689862251,0.012143955379724503,0.07880151661632448,0.07823409302083002
V7-A,42,Case2_R134_vs_R134a,[emim]__[BEI]__R134a__283.1__0.0103,Cation,Alkyl_Chain,Cation:Alkyl_Chain,3,0.012113256379961967,0.017395103350281715,0.0057983677834272385,0.022575190419235603,0.02241263395754942
V7-A,42,Case2_R134_vs_R134a,[emim]__[BEI]__R134a__283.1__0.0103,Anion,CF3,Anion:CF3,8,0.04520874470472336,0.08155578374862671,0.010194472968578339,0.10584227703858,0.10508014189231164
V7-A,42,Case2_R134_vs_R134a,[emim]__[BEI]__R134a__283.1__0.0103,Anion,Sulfonyl_SO2,Anion:Sulfonyl_SO2,6,0.03431020304560661,0.11625910550355911,0.019376517583926518,0.1508798994672454,0.14979346333353005
V7-A,42,Case2_R134_vs_R134a,[emim]__[BEI]__R134a__283.1__0.0103,Anion,Sulfonimide_N,Anion:Sulfonimide_N,1,0.02463558502495289,0.03259211406111717,0.03259211406111717,0.042297718287672634,0.04199314644156389
V7-A,42,Case2_R134_vs_R134a,[emim]__[BEI]__R134a__283.1__0.0103,Anion,Alkyl_Chain,Anion:Alkyl_Chain,2,0.019520053640007973,0.03614312410354614,0.01807156205177307,0.04690618345595538,0.04656842758004897
V7-A,42,Case2_R134_vs_R134a,[emim]__[BEI]__R134a__283.1__0.0103,Anion,Unclassified,Anion:Unclassified,4,0.012263751588761806,0.019914450123906136,0.004978612530976534,0.0258447733588355,0.025658673714390692
V7-A,42,Case2_R134_vs_R134a,[emim]__[BEI]__R134a__283.1__0.0103,Refri,CF3,Refri:CF3,4,-0.08288343250751495,0.12431036680936813,0.031077591702342033,0.1613287455266003,0.16016707071659608
V7-A,42,Case2_R134_vs_R134a,[emim]__[BEI]__R134a__283.1__0.0103,Refri,CH2F,Refri:CH2F,2,-0.022564904764294624,0.28165093064308167,0.14082546532154083,0.3655237490106384,0.36289173367885147
V7-A,42,Case2_R134_vs_R134a,[emim]__[BEI]__R134__283.123__0.05,Cation,Imidazolium_Ring,Cation:Imidazolium_Ring,5,-0.02509000152349472,0.05472218990325928,0.010944437980651856,0.15526010607601198,0.1543276029597751
V7-A,42,Case2_R134_vs_R134a,[emim]__[BEI]__R134__283.123__0.05,Cation,Alkyl_Chain,Cation:Alkyl_Chain,3,-0.00997031107544899,0.01416068710386753,0.00472022903462251,0.04017729893015007,0.03993599124718351
V7-A,42,Case2_R134_vs_R134a,[emim]__[BEI]__R134__283.123__0.05,Anion,CF3,Anion:CF3,8,0.026973674073815346,0.06047554314136505,0.007559442892670631,0.17158376263325562,0.1705532184877246
V7-A,42,Case2_R134_vs_R134a,[emim]__[BEI]__R134__283.123__0.05,Anion,Sulfonyl_SO2,Anion:Sulfonyl_SO2,6,0.02083452045917511,0.07814246416091919,0.013023744026819864,0.2217090963668226,0.22037749594166955
V7-A,42,Case2_R134_vs_R134a,[emim]__[BEI]__R134__283.123__0.05,Anion,Sulfonimide_N,Anion:Sulfonimide_N,1,0.018706178292632103,0.022517744451761246,0.022517744451761246,0.06388829464525417,0.06350457705447402
V7-A,42,Case2_R134_vs_R134a,[emim]__[BEI]__R134__283.123__0.05,Anion,Alkyl_Chain,Anion:Alkyl_Chain,2,0.011248640716075897,0.026425618678331375,0.013212809339165688,0.07497588028503965,0.07452556987513839
V7-A,42,Case2_R134_vs_R134a,[emim]__[BEI]__R134__283.123__0.05,Anion,Unclassified,Anion:Unclassified,4,0.008297903463244438,0.015416640788316727,0.0038541601970791817,0.04374074371587356,0.043478033732913736
V7-A,42,Case2_R134_vs_R134a,[emim]__[BEI]__R134__283.123__0.05,Refri,CHF2,Refri:CHF2,6,-0.03619872033596039,0.08059404045343399,0.013432340075572332,0.22866481206281694,0.22729143512001168
V7-A,42,Case2_R134_vs_R134a,[emim]__[BEI]__R134a__283.15__0.0504,Cation,Imidazolium_Ring,Cation:Imidazolium_Ring,5,0.03586246818304062,0.07765194028615952,0.015530388057231902,0.07926878148917689,0.078694510840398
V7-A,42,Case2_R134_vs_R134a,[emim]__[BEI]__R134a__283.15__0.0504,Cation,Alkyl_Chain,Cation:Alkyl_Chain,3,0.015459785237908363,0.0221882201731205,0.007396073391040166,0.022650215436411,0.022486123675830253
V7-A,42,Case2_R134_vs_R134a,[emim]__[BEI]__R134a__283.15__0.0504,Anion,CF3,Anion:CF3,8,0.05866207182407379,0.1045217365026474,0.013065217062830925,0.10669805108751974,0.10592506634030448
V7-A,42,Case2_R134_vs_R134a,[emim]__[BEI]__R134a__283.15__0.0504,Anion,Sulfonyl_SO2,Anion:Sulfonyl_SO2,6,0.043353814631700516,0.14677266776561737,0.024462111294269562,0.14982871627961086,0.1487432670966264
V7-A,42,Case2_R134_vs_R134a,[emim]__[BEI]__R134a__283.15__0.0504,Anion,Sulfonimide_N,Anion:Sulfonimide_N,1,0.03052099607884884,0.040738560259342194,0.040738560259342194,0.04158680413497721,0.04128552435569241
V7-A,42,Case2_R134_vs_R134a,[emim]__[BEI]__R134a__283.15__0.0504,Anion,Alkyl_Chain,Anion:Alkyl_Chain,2,0.02504989691078663,0.04610055685043335,0.023050278425216675,0.04706044632033125,0.046719512190494895
V7-A,42,Case2_R134_vs_R134a,[emim]__[BEI]__R134a__283.15__0.0504,Anion,Unclassified,Anion:Unclassified,4,0.015681762248277664,0.025311509147286415,0.006327877286821604,0.025838536427597376,0.02565134655538016
V7-A,42,Case2_R134_vs_R134a,[emim]__[BEI]__R134a__283.15__0.0504,Refri,CF3,Refri:CF3,4,-0.10534018278121948,0.1583184450864792,0.0395796112716198,0.16161489568732898,0.1604440603438922
V7-A,42,Case2_R134_vs_R134a,[emim]__[BEI]__R134a__283.15__0.0504,Refri,CH2F,Refri:CH2F,2,-0.027604496106505394,0.35799938440322876,0.17899969220161438,0.3654535208127624,0.3628059560772766
V7-A,42,Case2_R134_vs_R134a,[emim]__[BEI]__R134__283.132__0.1,Cation,Imidazolium_Ring,Cation:Imidazolium_Ring,5,-0.020058006048202515,0.043578580021858215,0.008715716004371644,0.12362104519549523,0.12292026573232229
V7-A,42,Case2_R134_vs_R134a,[emim]__[BEI]__R134__283.132__0.1,Cation,Alkyl_Chain,Cation:Alkyl_Chain,3,-0.00802742037922144,0.011293846182525158,0.0037646153941750526,0.032037690733856566,0.03185607638430736
V7-A,42,Case2_R134_vs_R134a,[emim]__[BEI]__R134__283.132__0.1,Anion,CF3,Anion:CF3,8,0.026803379878401756,0.05950867384672165,0.007438584230840206,0.1688105591196332,0.1678536106258658
V7-A,42,Case2_R134_vs_R134a,[emim]__[BEI]__R134__283.132__0.1,Anion,Sulfonyl_SO2,Anion:Sulfonyl_SO2,6,0.02117571420967579,0.07812121510505676,0.01302020251750946,0.22160947553557822,0.22035322204690833
V7-A,42,Case2_R134_vs_R134a,[emim]__[BEI]__R134__283.132__0.1,Anion,Sulfonimide_N,Anion:Sulfonimide_N,1,0.018730351701378822,0.022619329392910004,0.022619329392910004,0.06416512744954485,0.0638013900009785
V7-A,42,Case2_R134_vs_R134a,[emim]__[BEI]__R134__283.132__0.1,Anion,Alkyl_Chain,Anion:Alkyl_Chain,2,0.01132059283554554,0.026130421087145805,0.013065210543572903,0.07412517719877813,0.07370497850362222
V7-A,42,Case2_R134_vs_R134a,[emim]__[BEI]__R134__283.132__0.1,Anion,Unclassified,Anion:Unclassified,4,0.008367393165826797,0.015299361199140549,0.003824840299785137,0.04340029026444889,0.0431542639340213
V7-A,42,Case2_R134_vs_R134a,[emim]__[BEI]__R134__283.132__0.1,Refri,CHF2,Refri:CHF2,6,-0.04364411532878876,0.09596608579158783,0.015994347631931305,0.27223071111831026,0.27068749740987585
V7-A,42,Case2_R134_vs_R134a,[emim]__[BEI]__R134a__283.1__0.1003,Cation,Imidazolium_Ring,Cation:Imidazolium_Ring,5,0.05041428282856941,0.10844536125659943,0.021689072251319885,0.08262515722025149,0.08203097564735475
V7-A,42,Case2_R134_vs_R134a,[emim]__[BEI]__R134a__283.1__0.1003,Cation,Alkyl_Chain,Cation:Alkyl_Chain,3,0.022092781960964203,0.031627245247364044,0.010542415082454681,0.02409698377806713,0.023923695348670834
V7-A,42,Case2_R134_vs_R134a,[emim]__[BEI]__R134a__283.1__0.1003,Anion,CF3,Anion:CF3,8,0.079393669962883,0.14072856307029724,0.017591070383787155,0.10722191815609619,0.10645085411068483
V7-A,42,Case2_R134_vs_R134a,[emim]__[BEI]__R134a__283.1__0.1003,Anion,Sulfonyl_SO2,Anion:Sulfonyl_SO2,6,0.05684133246541023,0.19174495339393616,0.03195749223232269,0.14609160536499802,0.14504101807677788
V7-A,42,Case2_R134_vs_R134a,[emim]__[BEI]__R134a__283.1__0.1003,Anion,Sulfonimide_N,Anion:Sulfonimide_N,1,0.03914681449532509,0.05242789164185524,0.05242789164185524,0.0399451183475216,0.03965786136613991
V7-A,42,Case2_R134_vs_R134a,[emim]__[BEI]__R134a__283.1__0.1003,Anion,Alkyl_Chain,Anion:Alkyl_Chain,2,0.03328967094421387,0.061797045171260834,0.030898522585630417,0.04708353141026293,0.04674494002124677
V7-A,42,Case2_R134_vs_R134a,[emim]__[BEI]__R134a__283.1__0.1003,Anion,Unclassified,Anion:Unclassified,4,0.02134023979306221,0.034262023866176605,0.008565505966544151,0.026104437071572544,0.02591671246080509
V7-A,42,Case2_R134_vs_R134a,[emim]__[BEI]__R134a__283.1__0.1003,Refri,CF3,Refri:CF3,4,-0.14489558339118958,0.2166139781475067,0.05415349453687668,0.16503946128403624,0.16385261444470886
V7-A,42,Case2_R134_vs_R134a,[emim]__[BEI]__R134a__283.1__0.1003,Refri,CH2F,Refri:CH2F,2,-0.03446374833583832,0.4748510718345642,0.2374255359172821,0.36179181858871984,0.35919006823734456
V7-A,42,Case2_R134_vs_R134a,[emim]__[BEI]__R134__283.149__0.15,Cation,Imidazolium_Ring,Cation:Imidazolium_Ring,5,-0.015467533841729164,0.03384190797805786,0.006768381595611573,0.08776666498173863,0.08729449537922854
V7-A,42,Case2_R134_vs_R134a,[emim]__[BEI]__R134__283.149__0.15,Cation,Alkyl_Chain,Cation:Alkyl_Chain,3,-0.006002604030072689,0.008405957370996475,0.0028019857903321586,0.021800273344793935,0.02168299161371797
V7-A,42,Case2_R134_vs_R134a,[emim]__[BEI]__R134__283.149__0.15,Anion,CF3,Anion:CF3,8,0.029513385146856308,0.06354725360870361,0.007943406701087952,0.1648054395042045,0.16391881450964205
V7-A,42,Case2_R134_vs_R134a,[emim]__[BEI]__R134__283.149__0.15,Anion,Sulfonyl_SO2,Anion:Sulfonyl_SO2,6,0.023394934833049774,0.08491502702236176,0.01415250450372696,0.22022129288393055,0.2190365401039668
V7-A,42,Case2_R134_vs_R134a,[emim]__[BEI]__R134__283.149__0.15,Anion,Sulfonimide_N,Anion:Sulfonimide_N,1,0.01994239166378975,0.024376895278692245,0.024376895278692245,0.0632198043504842,0.06287969264751424
V7-A,42,Case2_R134_vs_R134a,[emim]__[BEI]__R134__283.149__0.15,Anion,Alkyl_Chain,Anion:Alkyl_Chain,2,0.012532021850347519,0.02799680270254612,0.01399840135127306,0.07260778573558471,0.07221716830313422
V7-A,42,Case2_R134_vs_R134a,[emim]__[BEI]__R134__283.149__0.15,Anion,Unclassified,Anion:Unclassified,4,0.009107889607548714,0.01632963865995407,0.004082409664988518,0.042349796780674465,0.04212196213848458
V7-A,42,Case2_R134_vs_R134a,[emim]__[BEI]__R134__283.149__0.15,Refri,CHF2,Refri:CHF2,6,-0.057902634143829346,0.12617602944374084,0.021029338240623474,0.3272288699589542,0.32546843476991644
V7-A,42,Case2_R134_vs_R134a,[emim]__[BEI]__R134a__283.15__0.1502,Cation,Imidazolium_Ring,Cation:Imidazolium_Ring,5,0.06588470190763474,0.13964155316352844,0.027928310632705688,0.0864893617335465,0.08587739675483987
V7-A,42,Case2_R134_vs_R134a,[emim]__[BEI]__R134a__283.15__0.1502,Cation,Alkyl_Chain,Cation:Alkyl_Chain,3,0.029867831617593765,0.04254312813282013,0.014181042710940043,0.026349807166976696,0.026163366212174174
V7-A,42,Case2_R134_vs_R134a,[emim]__[BEI]__R134a__283.15__0.1502,Anion,CF3,Anion:CF3,8,0.09903153777122498,0.17327085137367249,0.02165885642170906,0.10731823732143361,0.10655889534571669
V7-A,42,Case2_R134_vs_R134a,[emim]__[BEI]__R134a__283.15__0.1502,Anion,Sulfonyl_SO2,Anion:Sulfonyl_SO2,6,0.06836426258087158,0.22877265512943268,0.03812877585490545,0.14169421977899624,0.14069164676363458
V7-A,42,Case2_R134_vs_R134a,[emim]__[BEI]__R134a__283.15__0.1502,Anion,Sulfonimide_N,Anion:Sulfonimide_N,1,0.04540131986141205,0.061487212777137756,0.061487212777137756,0.03808314693866039,0.037813685449544554
V7-A,42,Case2_R134_vs_R134a,[emim]__[BEI]__R134a__283.15__0.1502,Anion,Alkyl_Chain,Anion:Alkyl_Chain,2,0.040738143026828766,0.07573147118091583,0.037865735590457916,0.046905569704667256,0.04657368419423914
V7-A,42,Case2_R134_vs_R134a,[emim]__[BEI]__R134a__283.15__0.1502,Anion,Unclassified,Anion:Unclassified,4,0.026741651818156242,0.04242818057537079,0.010607045143842697,0.026278612449849904,0.02609267524108825
V7-A,42,Case2_R134_vs_R134a,[emim]__[BEI]__R134a__283.15__0.1502,Refri,CF3,Refri:CF3,4,-0.18571458756923676,0.27579283714294434,0.06894820928573608,0.1708169661164092,0.16960833191057234
V7-A,42,Case2_R134_vs_R134a,[emim]__[BEI]__R134a__283.15__0.1502,Refri,CH2F,Refri:CH2F,2,-0.03828746825456619,0.5748839974403381,0.28744199872016907,0.3560641433944666,0.35354477243874277
V7-A,42,Case3_BF4_vs_PF6,[bmim]__[BF4]__R32__283.1__0.01,Cation,Imidazolium_Ring,Cation:Imidazolium_Ring,5,-0.002249348908662796,0.004673919174820185,0.0009347838349640369,0.04815772224329904,0.04810524919768404
V7-A,42,Case3_BF4_vs_PF6,[bmim]__[BF4]__R32__283.1__0.01,Cation,Alkyl_Chain,Cation:Alkyl_Chain,5,-0.0022297166287899017,0.0032659214921295643,0.0006531842984259129,0.033650419316985127,0.03361375354656385
V7-A,42,Case3_BF4_vs_PF6,[bmim]__[BF4]__R32__283.1__0.01,Anion,BF4_Core,Anion:BF4_Core,5,0.02109929732978344,0.05227155238389969,0.010454310476779938,0.5385798955384679,0.5379930545063456
V7-A,42,Case3_BF4_vs_PF6,[bmim]__[BF4]__R32__283.1__0.01,Refri,CH2F,Refri:CH2F,3,-0.009615056216716766,0.03684302046895027,0.012281006822983423,0.37961203007241745,0.3791984017187059
V7-A,42,Case3_BF4_vs_PF6,[bmim]__[PF6]__R32__283.2__0.0098,Cation,Imidazolium_Ring,Cation:Imidazolium_Ring,5,-0.0026182178407907486,0.00566289946436882,0.001132579892873764,0.05242074590065003,0.05235582007727572
V7-A,42,Case3_BF4_vs_PF6,[bmim]__[PF6]__R32__283.2__0.0098,Cation,Alkyl_Chain,Cation:Alkyl_Chain,5,-0.002469860715791583,0.0036510841455310583,0.0007302168291062116,0.0337976253082056,0.033755765189400905
V7-A,42,Case3_BF4_vs_PF6,[bmim]__[PF6]__R32__283.2__0.0098,Anion,PF6_Core,Anion:PF6_Core,7,0.021823227405548096,0.054196737706661224,0.007742391100951603,0.5016923633981067,0.5010709912826478
V7-A,42,Case3_BF4_vs_PF6,[bmim]__[PF6]__R32__283.2__0.0098,Refri,CH2F,Refri:CH2F,3,-0.011487842537462711,0.04451710730791092,0.01483903576930364,0.4120892459954825,0.41157885200660904
V7-A,42,Case3_BF4_vs_PF6,[bmim]__[BF4]__R32__283.1__0.0998,Cation,Imidazolium_Ring,Cation:Imidazolium_Ring,5,0.0012418940896168351,0.003540201112627983,0.0007080402225255966,0.017786793374399323,0.0177695944602947
V7-A,42,Case3_BF4_vs_PF6,[bmim]__[BF4]__R32__283.1__0.0998,Cation,Alkyl_Chain,Cation:Alkyl_Chain,5,0.0010191666660830379,0.0015224003000184894,0.00030448006000369785,0.007648893017112027,0.007641496931081923
V7-A,42,Case3_BF4_vs_PF6,[bmim]__[BF4]__R32__283.1__0.0998,Anion,BF4_Core,Anion:BF4_Core,5,0.0394410565495491,0.09703976660966873,0.019407953321933746,0.48755034611715564,0.4870789100157717
V7-A,42,Case3_BF4_vs_PF6,[bmim]__[BF4]__R32__283.1__0.0998,Refri,CH2F,Refri:CH2F,3,-0.026229651644825935,0.09693300724029541,0.0323110024134318,0.4870139622272543,0.48654304478149624
V7-A,42,Case3_BF4_vs_PF6,[bmim]__[PF6]__R32__283.2__0.0996,Cation,Imidazolium_Ring,Cation:Imidazolium_Ring,5,0.006783527322113514,0.01628239080309868,0.0032564781606197355,0.055482994681883877,0.05540133884102837
V7-A,42,Case3_BF4_vs_PF6,[bmim]__[PF6]__R32__283.2__0.0996,Cation,Alkyl_Chain,Cation:Alkyl_Chain,5,0.006263806484639645,0.009146647527813911,0.0018293295055627824,0.031167621652109415,0.031121751410820866
V7-A,42,Case3_BF4_vs_PF6,[bmim]__[PF6]__R32__283.2__0.0996,Anion,PF6_Core,Anion:PF6_Core,7,0.044602129608392715,0.11263782531023026,0.016091117901461467,0.3838185643767462,0.38325368809726934
V7-A,42,Case3_BF4_vs_PF6,[bmim]__[PF6]__R32__283.2__0.0996,Refri,CH2F,Refri:CH2F,3,-0.04455113410949707,0.15539945662021637,0.05179981887340546,0.529530787554016,0.5287514626101387
V7-A,42,Case3_BF4_vs_PF6,[bmim]__[BF4]__R32__283.2__0.2499,Cation,Imidazolium_Ring,Cation:Imidazolium_Ring,5,0.011515971273183823,0.026684468612074852,0.00533689372241497,0.05651184743264864,0.05643528600902701
V7-A,42,Case3_BF4_vs_PF6,[bmim]__[BF4]__R32__283.2__0.2499,Cation,Alkyl_Chain,Cation:Alkyl_Chain,5,0.010895309038460255,0.01574750244617462,0.0031495004892349242,0.033349753694581284,0.033304571936484784
V7-A,42,Case3_BF4_vs_PF6,[bmim]__[BF4]__R32__283.2__0.2499,Anion,BF4_Core,Anion:BF4_Core,5,0.07993294298648834,0.19141480326652527,0.038282960653305054,0.4053745388676578,0.40482534337670056
V7-A,42,Case3_BF4_vs_PF6,[bmim]__[BF4]__R32__283.2__0.2499,Refri,CH2F,Refri:CH2F,3,-0.06465955078601837,0.2383456826210022,0.0794485608736674,0.5047638402817444,0.504079993620197
V7-A,42,Case3_BF4_vs_PF6,[bmim]__[PF6]__R32__283.2__0.2497,Cation,Imidazolium_Ring,Cation:Imidazolium_Ring,5,0.013737387955188751,0.030842531472444534,0.006168506294488907,0.058775801572135015,0.058695368984632186
V7-A,42,Case3_BF4_vs_PF6,[bmim]__[PF6]__R32__283.2__0.2497,Cation,Alkyl_Chain,Cation:Alkyl_Chain,5,0.013506440445780754,0.019391188398003578,0.0038782376796007156,0.03695327805848913,0.03690270881585093
V7-A,42,Case3_BF4_vs_PF6,[bmim]__[PF6]__R32__283.2__0.2497,Anion,PF6_Core,Anion:PF6_Core,7,0.08071772754192352,0.19537684321403503,0.027910977602005005,0.37232451489261936,0.3718150020774382
V7-A,42,Case3_BF4_vs_PF6,[bmim]__[PF6]__R32__283.2__0.2497,Refri,CH2F,Refri:CH2F,3,-0.07583345472812653,0.2791382372379303,0.0930460790793101,0.5319464019271626,0.5312184522544166
V7-A,42,Case3_BF4_vs_PF6,[bmim]__[BF4]__R32__283.2__0.3995,Cation,Imidazolium_Ring,Cation:Imidazolium_Ring,5,0.010831655003130436,0.02405889518558979,0.004811779037117958,0.05324314422826046,0.05317801003221661
V7-A,42,Case3_BF4_vs_PF6,[bmim]__[BF4]__R32__283.2__0.3995,Cation,Alkyl_Chain,Cation:Alkyl_Chain,5,0.010866036638617516,0.015469848178327084,0.003093969635665417,0.03423529432229702,0.03419341309224705
V7-A,42,Case3_BF4_vs_PF6,[bmim]__[BF4]__R32__283.2__0.3995,Anion,BF4_Core,Anion:BF4_Core,5,0.07767293602228165,0.1835869401693344,0.036717388033866885,0.40628407324853116,0.4057870517660467
V7-A,42,Case3_BF4_vs_PF6,[bmim]__[BF4]__R32__283.2__0.3995,Refri,CH2F,Refri:CH2F,3,-0.05931885540485382,0.2287527471780777,0.0762509157260259,0.5062375232387305,0.5056182252133917
V7-A,42,Case3_BF4_vs_PF6,[bmim]__[PF6]__R32__283.2__0.3996,Cation,Imidazolium_Ring,Cation:Imidazolium_Ring,5,0.01550920307636261,0.033900562673807144,0.006780112534761429,0.06236416431303121,0.06228138628645817
V7-A,42,Case3_BF4_vs_PF6,[bmim]__[PF6]__R32__283.2__0.3996,Cation,Alkyl_Chain,Cation:Alkyl_Chain,5,0.015584084205329418,0.022352630272507668,0.004470526054501533,0.041120353091371055,0.0410657726809962
V7-A,42,Case3_BF4_vs_PF6,[bmim]__[PF6]__R32__283.2__0.3996,Anion,PF6_Core,Anion:PF6_Core,7,0.08305291831493378,0.19737133383750916,0.02819590483392988,0.3630883184023042,0.36260637921815664
V7-A,42,Case3_BF4_vs_PF6,[bmim]__[PF6]__R32__283.2__0.3996,Refri,CH2F,Refri:CH2F,3,-0.07677671313285828,0.2899658679962158,0.09665528933207194,0.5334271059417754,0.532719070427521
V7-A,42,Case4_R1336mzz_Stereo,[emim]__[Tf2N]__R1336mzz(E)__293.1__0.194,Cation,Imidazolium_Ring,Cation:Imidazolium_Ring,5,0.0027040033601224422,0.009117974899709225,0.001823594979941845,0.02075681431747698,0.020556764627809157
V7-A,42,Case4_R1336mzz_Stereo,[emim]__[Tf2N]__R1336mzz(E)__293.1__0.194,Cation,Alkyl_Chain,Cation:Alkyl_Chain,3,9.396625682711601e-05,0.001506071537733078,0.000502023845911026,0.0034285296462660208,0.0033954862186348863
V7-A,42,Case4_R1336mzz_Stereo,[emim]__[Tf2N]__R1336mzz(E)__293.1__0.194,Anion,CF3,Anion:CF3,8,0.03835754096508026,0.06811535358428955,0.008514419198036194,0.15506269342367643,0.15356823270229567
V7-A,42,Case4_R1336mzz_Stereo,[emim]__[Tf2N]__R1336mzz(E)__293.1__0.194,Anion,Sulfonyl_SO2,Anion:Sulfonyl_SO2,6,0.030506746843457222,0.10356257110834122,0.01726042851805687,0.2357572906682269,0.2334851128612792
V7-A,42,Case4_R1336mzz_Stereo,[emim]__[Tf2N]__R1336mzz(E)__293.1__0.194,Anion,Sulfonimide_N,Anion:Sulfonimide_N,1,0.021944884210824966,0.028712227940559387,0.028712227940559387,0.06536258221354299,0.06473263177472748
V7-A,42,Case4_R1336mzz_Stereo,[emim]__[Tf2N]__R1336mzz(E)__293.1__0.194,Refri,CF3,Refri:CF3,8,-0.03964453935623169,0.07844632863998413,0.009805791079998016,0.17858086860053254,0.17685974479040786
V7-A,42,Case4_R1336mzz_Stereo,[emim]__[Tf2N]__R1336mzz(E)__293.1__0.194,Refri,Alkene_C=C,Refri:Alkene_C=C,2,0.023528462275862694,0.14981570839881897,0.07490785419940948,0.34105126141274317,0.33776428307575473
V7-A,42,Case4_R1336mzz_Stereo,[emim]__[Tf2N]__R1336mzz(E)__293.1__0.223,Cation,Imidazolium_Ring,Cation:Imidazolium_Ring,5,0.004536875057965517,0.011782203800976276,0.0023564407601952553,0.02644966876125722,0.026198612709802026
V7-A,42,Case4_R1336mzz_Stereo,[emim]__[Tf2N]__R1336mzz(E)__293.1__0.223,Cation,Alkyl_Chain,Cation:Alkyl_Chain,3,0.0013593488838523626,0.0025069606490433216,0.0008356535496811072,0.005627833288642312,0.005574414789664199
V7-A,42,Case4_R1336mzz_Stereo,[emim]__[Tf2N]__R1336mzz(E)__293.1__0.223,Anion,CF3,Anion:CF3,8,0.03980805724859238,0.07056666910648346,0.008820833638310432,0.15841391432196028,0.15691027462861606
V7-A,42,Case4_R1336mzz_Stereo,[emim]__[Tf2N]__R1336mzz(E)__293.1__0.223,Anion,Sulfonyl_SO2,Anion:Sulfonyl_SO2,6,0.030540388077497482,0.10293211787939072,0.017155352979898453,0.23107055936165166,0.22887727434305613
V7-A,42,Case4_R1336mzz_Stereo,[emim]__[Tf2N]__R1336mzz(E)__293.1__0.223,Anion,Sulfonimide_N,Anion:Sulfonimide_N,1,0.020977970212697983,0.02763844095170498,0.02763844095170498,0.062045065642947914,0.06145614374251892
V7-A,42,Case4_R1336mzz_Stereo,[emim]__[Tf2N]__R1336mzz(E)__293.1__0.223,Refri,CF3,Refri:CF3,8,-0.04357346147298813,0.08179038763046265,0.01022379845380783,0.1836098489911805,0.18186705349108973
V7-A,42,Case4_R1336mzz_Stereo,[emim]__[Tf2N]__R1336mzz(E)__293.1__0.223,Refri,Alkene_C=C,Refri:Alkene_C=C,2,0.025657542049884796,0.14824071526527405,0.07412035763263702,0.33278305840996036,0.3296243345185684
V7-A,42,Case4_R1336mzz_Stereo,[emim]__[Tf2N]__R1336mzz(E)__303__0.228,Cation,Imidazolium_Ring,Cation:Imidazolium_Ring,5,0.011740335263311863,0.028139224275946617,0.005627844855189324,0.057319468347057916,0.05676234100405263
V7-A,42,Case4_R1336mzz_Stereo,[emim]__[Tf2N]__R1336mzz(E)__303__0.228,Cation,Alkyl_Chain,Cation:Alkyl_Chain,3,0.003905711229890585,0.006102398037910461,0.0020341326793034873,0.012430556284885009,0.012309735157355638
V7-A,42,Case4_R1336mzz_Stereo,[emim]__[Tf2N]__R1336mzz(E)__303__0.228,Anion,CF3,Anion:CF3,8,0.03639483451843262,0.06478187441825867,0.008097734302282333,0.13196037544483954,0.1306777617801694
V7-A,42,Case4_R1336mzz_Stereo,[emim]__[Tf2N]__R1336mzz(E)__303__0.228,Anion,Sulfonyl_SO2,Anion:Sulfonyl_SO2,6,0.029465962201356888,0.09991835057735443,0.01665305842955907,0.20353321317761291,0.20155493386796555
V7-A,42,Case4_R1336mzz_Stereo,[emim]__[Tf2N]__R1336mzz(E)__303__0.228,Anion,Sulfonimide_N,Anion:Sulfonimide_N,1,0.0213155597448349,0.027973631396889687,0.027973631396889687,0.0569821564262842,0.05642830764987424
V7-A,42,Case4_R1336mzz_Stereo,[emim]__[Tf2N]__R1336mzz(E)__303__0.228,Refri,CF3,Refri:CF3,8,-0.0457911416888237,0.09110298752784729,0.011387873440980911,0.18557635984260568,0.1837726155430651
V7-A,42,Case4_R1336mzz_Stereo,[emim]__[Tf2N]__R1336mzz(E)__303__0.228,Refri,Alkene_C=C,Refri:Alkene_C=C,2,0.026043875142931938,0.17290067672729492,0.08645033836364746,0.35219787047671475,0.3487746170961575
V7-A,42,Case4_R1336mzz_Stereo,[emim]__[Tf2N]__R1336mzz(E)__303__0.293,Cation,Imidazolium_Ring,Cation:Imidazolium_Ring,5,0.012391512282192707,0.02904234081506729,0.005808468163013458,0.054969553218183545,0.054445389938557354
V7-A,42,Case4_R1336mzz_Stereo,[emim]__[Tf2N]__R1336mzz(E)__303__0.293,Cation,Alkyl_Chain,Cation:Alkyl_Chain,3,0.004479742608964443,0.006862927228212357,0.002287642409404119,0.012989725790560933,0.012865861999185362
V7-A,42,Case4_R1336mzz_Stereo,[emim]__[Tf2N]__R1336mzz(E)__303__0.293,Anion,CF3,Anion:CF3,8,0.04139426350593567,0.07299314439296722,0.009124143049120903,0.13815692615211364,0.13683952800577012
V7-A,42,Case4_R1336mzz_Stereo,[emim]__[Tf2N]__R1336mzz(E)__303__0.293,Anion,Sulfonyl_SO2,Anion:Sulfonyl_SO2,6,0.0323207713663578,0.10840936750173569,0.018068227916955948,0.2051905710418704,0.20323397222727244
V7-A,42,Case4_R1336mzz_Stereo,[emim]__[Tf2N]__R1336mzz(E)__303__0.293,Anion,Sulfonimide_N,Anion:Sulfonimide_N,1,0.022695884108543396,0.029789939522743225,0.029789939522743225,0.05638456198793523,0.05584690586374272
V7-A,42,Case4_R1336mzz_Stereo,[emim]__[Tf2N]__R1336mzz(E)__303__0.293,Refri,CF3,Refri:CF3,8,-0.05198594927787781,0.09943389892578125,0.012429237365722656,0.1882023571549204,0.1864077497953126
V7-A,42,Case4_R1336mzz_Stereo,[emim]__[Tf2N]__R1336mzz(E)__303__0.293,Refri,Alkene_C=C,Refri:Alkene_C=C,2,0.029180925339460373,0.1818034052848816,0.0909017026424408,0.34410628350141603,0.340825051118388
V7-A,42,Case4_R1336mzz_Stereo,[emim]__[Tf2N]__R1336mzz(E)__322.5__0.336,Cation,Imidazolium_Ring,Cation:Imidazolium_Ring,5,0.02614714205265045,0.059829264879226685,0.011965852975845338,0.10182068771594971,0.10082473560975878
V7-A,42,Case4_R1336mzz_Stereo,[emim]__[Tf2N]__R1336mzz(E)__322.5__0.336,Cation,Alkyl_Chain,Cation:Alkyl_Chain,3,0.009534409269690514,0.014089290983974934,0.004696430327991645,0.023977919506688747,0.023743381123866352
V7-A,42,Case4_R1336mzz_Stereo,[emim]__[Tf2N]__R1336mzz(E)__322.5__0.336,Anion,CF3,Anion:CF3,8,0.034865766763687134,0.06013570353388786,0.007516962941735983,0.10234220163766237,0.10134114837864693
V7-A,42,Case4_R1336mzz_Stereo,[emim]__[Tf2N]__R1336mzz(E)__322.5__0.336,Anion,Sulfonyl_SO2,Anion:Sulfonyl_SO2,6,0.029126450419425964,0.0958171933889389,0.01596953223148982,0.16306689620151674,0.1614718684879446
V7-A,42,Case4_R1336mzz_Stereo,[emim]__[Tf2N]__R1336mzz(E)__322.5__0.336,Anion,Sulfonimide_N,Anion:Sulfonimide_N,1,0.02027702145278454,0.02780427224934101,0.02780427224934101,0.047318818434160075,0.046855972641825235
V7-A,42,Case4_R1336mzz_Stereo,[emim]__[Tf2N]__R1336mzz(E)__322.5__0.336,Refri,CF3,Refri:CF3,8,-0.05608551204204559,0.11367043852806091,0.014208804816007614,0.19345051702146782,0.19155829399495733
V7-A,42,Case4_R1336mzz_Stereo,[emim]__[Tf2N]__R1336mzz(E)__322.5__0.336,Refri,Alkene_C=C,Refri:Alkene_C=C,2,0.029797513037919998,0.21624824404716492,0.10812412202358246,0.36802298959708457,0.364423197847117
V7-A,42,Case4_R1336mzz_Stereo,[emim]__[Tf2N]__R1336mzz(E)__322.5__0.488,Cation,Imidazolium_Ring,Cation:Imidazolium_Ring,5,0.030569449067115784,0.0685192197561264,0.013703843951225281,0.09467525783724076,0.09376883322521092
V7-A,42,Case4_R1336mzz_Stereo,[emim]__[Tf2N]__R1336mzz(E)__322.5__0.488,Cation,Alkyl_Chain,Cation:Alkyl_Chain,3,0.011910331435501575,0.017471695318818092,0.0058238984396060305,0.02414121563336857,0.023910086693091234
V7-A,42,Case4_R1336mzz_Stereo,[emim]__[Tf2N]__R1336mzz(E)__322.5__0.488,Anion,CF3,Anion:CF3,8,0.047284312546253204,0.08152072131633759,0.010190090164542198,0.11263985984037761,0.11156144142792994
V7-A,42,Case4_R1336mzz_Stereo,[emim]__[Tf2N]__R1336mzz(E)__322.5__0.488,Anion,Sulfonyl_SO2,Anion:Sulfonyl_SO2,6,0.03752367943525314,0.12285640835762024,0.020476068059603374,0.16975473713235112,0.16812949865652946
V7-A,42,Case4_R1336mzz_Stereo,[emim]__[Tf2N]__R1336mzz(E)__322.5__0.488,Anion,Sulfonimide_N,Anion:Sulfonimide_N,1,0.0248379148542881,0.03431657701730728,0.03431657701730728,0.047416342287152295,0.04696237637627626
V7-A,42,Case4_R1336mzz_Stereo,[emim]__[Tf2N]__R1336mzz(E)__322.5__0.488,Refri,CF3,Refri:CF3,8,-0.07379025220870972,0.14140576124191284,0.017675720155239105,0.19538498764140405,0.19351436414731463
V7-A,42,Case4_R1336mzz_Stereo,[emim]__[Tf2N]__R1336mzz(E)__322.5__0.488,Refri,Alkene_C=C,Refri:Alkene_C=C,2,0.03969275951385498,0.257638543844223,0.1288192719221115,0.35598764338063194,0.352579403795022
V7-A,42,Case4_R1336mzz_Stereo,[emim]__[Tf2N]__R1336mzz(E)__332.9__0.381,Cation,Imidazolium_Ring,Cation:Imidazolium_Ring,5,0.032180510461330414,0.0732230469584465,0.0146446093916893,0.12164853030996796,0.12043342926575028
V7-A,42,Case4_R1336mzz_Stereo,[emim]__[Tf2N]__R1336mzz(E)__332.9__0.381,Cation,Alkyl_Chain,Cation:Alkyl_Chain,3,0.011954322457313538,0.01756262592971325,0.00585420864323775,0.029177529773457528,0.02888608649169257
V7-A,42,Case4_R1336mzz_Stereo,[emim]__[Tf2N]__R1336mzz(E)__332.9__0.381,Anion,CF3,Anion:CF3,8,0.031206894665956497,0.05365579202771187,0.0067069740034639835,0.08914062599023706,0.08825023407636055
V7-A,42,Case4_R1336mzz_Stereo,[emim]__[Tf2N]__R1336mzz(E)__332.9__0.381,Anion,Sulfonyl_SO2,Anion:Sulfonyl_SO2,6,0.026703692972660065,0.08789925277233124,0.014649875462055206,0.14603072883823803,0.14457208325783458
V7-A,42,Case4_R1336mzz_Stereo,[emim]__[Tf2N]__R1336mzz(E)__332.9__0.381,Anion,Sulfonimide_N,Anion:Sulfonimide_N,1,0.018894212320446968,0.025895431637763977,0.025895431637763977,0.04302117067409001,0.04259144851241363
V7-A,42,Case4_R1336mzz_Stereo,[emim]__[Tf2N]__R1336mzz(E)__332.9__0.381,Refri,CF3,Refri:CF3,8,-0.055954620242118835,0.11648096144199371,0.014560120180249214,0.1935147246269579,0.19158177941696183
V7-A,42,Case4_R1336mzz_Stereo,[emim]__[Tf2N]__R1336mzz(E)__332.9__0.381,Refri,Alkene_C=C,Refri:Alkene_C=C,2,0.030726708471775055,0.22720587253570557,0.11360293626785278,0.3774666805035791,0.3736963089547524
V7-A,42,Case4_R1336mzz_Stereo,[emim]__[Tf2N]__R1336mzz(E)__332.9__0.623,Cation,Imidazolium_Ring,Cation:Imidazolium_Ring,5,0.03944839537143707,0.08825582265853882,0.017651164531707765,0.106242106842455,0.10521089193117764
V7-A,42,Case4_R1336mzz_Stereo,[emim]__[Tf2N]__R1336mzz(E)__332.9__0.623,Cation,Alkyl_Chain,Cation:Alkyl_Chain,3,0.015378909185528755,0.022461000829935074,0.007487000276645024,0.02703848854477315,0.02677604558882614
V7-A,42,Case4_R1336mzz_Stereo,[emim]__[Tf2N]__R1336mzz(E)__332.9__0.623,Anion,CF3,Anion:CF3,8,0.050800688564777374,0.08627107739448547,0.010783884674310684,0.10385287617135876,0.10284485178564362
V7-A,42,Case4_R1336mzz_Stereo,[emim]__[Tf2N]__R1336mzz(E)__332.9__0.623,Anion,Sulfonyl_SO2,Anion:Sulfonyl_SO2,6,0.04079804569482803,0.13259674608707428,0.022099457681179047,0.15961958361941414,0.15807027233735993
V7-A,42,Case4_R1336mzz_Stereo,[emim]__[Tf2N]__R1336mzz(E)__332.9__0.623,Anion,Sulfonimide_N,Anion:Sulfonimide_N,1,0.026761846616864204,0.037516020238399506,0.037516020238399506,0.04516167784070978,0.04472332625872633
V7-A,42,Case4_R1336mzz_Stereo,[emim]__[Tf2N]__R1336mzz(E)__332.9__0.623,Refri,CF3,Refri:CF3,8,-0.08320390433073044,0.16234177350997925,0.020292721688747406,0.19542656253935142,0.19352969893847144
V7-A,42,Case4_R1336mzz_Stereo,[emim]__[Tf2N]__R1336mzz(E)__332.9__0.623,Refri,Alkene_C=C,Refri:Alkene_C=C,2,0.045242100954055786,0.3012623190879822,0.1506311595439911,0.36265871789541915,0.35913865331167505
V7-A,42,Case4_R1336mzz_Stereo,[emim]__[Tf2N]__R1336mzz(E)__342.9__0.453,Cation,Imidazolium_Ring,Cation:Imidazolium_Ring,5,0.03459211438894272,0.07805867493152618,0.015611734986305238,0.1283146208880467,0.12705397430607782
V7-A,42,Case4_R1336mzz_Stereo,[emim]__[Tf2N]__R1336mzz(E)__342.9__0.453,Cation,Alkyl_Chain,Cation:Alkyl_Chain,3,0.013100572861731052,0.019136467948555946,0.006378822649518649,0.03145696019192218,0.031147906484163677
V7-A,42,Case4_R1336mzz_Stereo,[emim]__[Tf2N]__R1336mzz(E)__342.9__0.453,Anion,CF3,Anion:CF3,8,0.03051927499473095,0.05227751284837723,0.0065346891060471535,0.08593496171942208,0.08509068056881387
V7-A,42,Case4_R1336mzz_Stereo,[emim]__[Tf2N]__R1336mzz(E)__342.9__0.453,Anion,Sulfonyl_SO2,Anion:Sulfonyl_SO2,6,0.026057414710521698,0.08499090373516083,0.014165150622526804,0.13970997587745512,0.1383373738907296
V7-A,42,Case4_R1336mzz_Stereo,[emim]__[Tf2N]__R1336mzz(E)__342.9__0.453,Anion,Sulfonimide_N,Anion:Sulfonimide_N,1,0.018490657210350037,0.025241658091545105,0.025241658091545105,0.041492810266680516,0.04108515781774711
V7-A,42,Case4_R1336mzz_Stereo,[emim]__[Tf2N]__R1336mzz(E)__342.9__0.453,Refri,CF3,Refri:CF3,8,-0.05871781334280968,0.12006863951683044,0.015008579939603806,0.19737155381718208,0.19543244685512662
V7-A,42,Case4_R1336mzz_Stereo,[emim]__[Tf2N]__R1336mzz(E)__342.9__0.453,Refri,Alkene_C=C,Refri:Alkene_C=C,2,0.030481595546007156,0.22856426239013672,0.11428213119506836,0.3757191203011497,0.37202781044487654
V7-A,42,Case4_R1336mzz_Stereo,[emim]__[Tf2N]__R1336mzz(E)__342.9__0.8,Cation,Imidazolium_Ring,Cation:Imidazolium_Ring,5,0.04892454668879509,0.10803288221359253,0.021606576442718507,0.11507486283960586,0.11397027018470716
V7-A,42,Case4_R1336mzz_Stereo,[emim]__[Tf2N]__R1336mzz(E)__342.9__0.8,Cation,Alkyl_Chain,Cation:Alkyl_Chain,3,0.019764430820941925,0.028642935678362846,0.009547645226120949,0.03050998757947189,0.030217125112815654
V7-A,42,Case4_R1336mzz_Stereo,[emim]__[Tf2N]__R1336mzz(E)__342.9__0.8,Anion,CF3,Anion:CF3,8,0.0546518936753273,0.09210935235023499,0.011513669043779373,0.09811337873030115,0.09717159774687438
V7-A,42,Case4_R1336mzz_Stereo,[emim]__[Tf2N]__R1336mzz(E)__342.9__0.8,Anion,Sulfonyl_SO2,Anion:Sulfonyl_SO2,6,0.044370315968990326,0.14241044223308563,0.02373507370551427,0.15169327866768742,0.15023718932481003
V7-A,42,Case4_R1336mzz_Stereo,[emim]__[Tf2N]__R1336mzz(E)__342.9__0.8,Anion,Sulfonimide_N,Anion:Sulfonimide_N,1,0.028490331023931503,0.04076312482357025,0.04076312482357025,0.04342021523328282,0.043003428720248656
V7-A,42,Case4_R1336mzz_Stereo,[emim]__[Tf2N]__R1336mzz(E)__342.9__0.8,Refri,CF3,Refri:CF3,8,-0.09635083377361298,0.1861787736415863,0.023272346705198288,0.19831459090476783,0.19641098802341594
V7-A,42,Case4_R1336mzz_Stereo,[emim]__[Tf2N]__R1336mzz(E)__342.9__0.8,Refri,Alkene_C=C,Refri:Alkene_C=C,2,0.05140466243028641,0.3406676650047302,0.1703338325023651,0.36287363644340276,0.35939044694761824
V7-A,42,Case4_R1336mzz_Stereo,[emim]__[Tf2N]__R1336mzz(E)__352.8__0.511,Cation,Imidazolium_Ring,Cation:Imidazolium_Ring,5,0.03290007263422012,0.07425282895565033,0.014850565791130066,0.1319016847549991,0.13061334011769912
V7-A,42,Case4_R1336mzz_Stereo,[emim]__[Tf2N]__R1336mzz(E)__352.8__0.511,Cation,Alkyl_Chain,Cation:Alkyl_Chain,3,0.012404474429786205,0.018104827031493187,0.006034942343831062,0.032161161012170154,0.031847028107830584
V7-A,42,Case4_R1336mzz_Stereo,[emim]__[Tf2N]__R1336mzz(E)__352.8__0.511,Anion,CF3,Anion:CF3,8,0.028297042474150658,0.04756700620055199,0.005945875775068998,0.08449736319611104,0.08367203844804658
V7-A,42,Case4_R1336mzz_Stereo,[emim]__[Tf2N]__R1336mzz(E)__352.8__0.511,Anion,Sulfonyl_SO2,Anion:Sulfonyl_SO2,6,0.024012569338083267,0.076920285820961,0.012820047636826834,0.13664011774798196,0.1353054906485053
V7-A,42,Case4_R1336mzz_Stereo,[emim]__[Tf2N]__R1336mzz(E)__352.8__0.511,Anion,Sulfonimide_N,Anion:Sulfonimide_N,1,0.01633901335299015,0.0229383185505867,0.0229383185505867,0.04074730760866182,0.04034930984737816
V7-A,42,Case4_R1336mzz_Stereo,[emim]__[Tf2N]__R1336mzz(E)__352.8__0.511,Refri,CF3,Refri:CF3,8,-0.054885704070329666,0.11198156327009201,0.013997695408761501,0.19892247964917015,0.1969795119731283
V7-A,42,Case4_R1336mzz_Stereo,[emim]__[Tf2N]__R1336mzz(E)__352.8__0.511,Refri,Alkene_C=C,Refri:Alkene_C=C,2,0.0275032389909029,0.21117587387561798,0.10558793693780899,0.3751298628694686,0.3714657963488881
V7-A,42,Case4_R1336mzz_Stereo,[emim]__[Tf2N]__R1336mzz(Z)__293.1__0.05,Cation,Imidazolium_Ring,Cation:Imidazolium_Ring,5,0.013660465367138386,0.03325274586677551,0.006650549173355102,0.07789357415728627,0.07712483782256717
V7-A,42,Case4_R1336mzz_Stereo,[emim]__[Tf2N]__R1336mzz(Z)__293.1__0.05,Cation,Alkyl_Chain,Cation:Alkyl_Chain,3,0.004044901579618454,0.00635747704654932,0.00211915901551644,0.01489220203837123,0.01474523000717701
V7-A,42,Case4_R1336mzz_Stereo,[emim]__[Tf2N]__R1336mzz(Z)__293.1__0.05,Anion,CF3,Anion:CF3,8,0.027044763788580894,0.04963225498795509,0.006204031873494387,0.11626209005375313,0.11511469254450242
V7-A,42,Case4_R1336mzz_Stereo,[emim]__[Tf2N]__R1336mzz(Z)__293.1__0.05,Anion,Sulfonyl_SO2,Anion:Sulfonyl_SO2,6,0.022501155734062195,0.07845287024974823,0.013075478374958038,0.18377352929390722,0.1819598573593966
V7-A,42,Case4_R1336mzz_Stereo,[emim]__[Tf2N]__R1336mzz(Z)__293.1__0.05,Anion,Sulfonimide_N,Anion:Sulfonimide_N,1,0.01812337338924408,0.02307860367000103,0.02307860367000103,0.054060946834829406,0.053527416122304466
V7-A,42,Case4_R1336mzz_Stereo,[emim]__[Tf2N]__R1336mzz(Z)__293.1__0.05,Refri,CF3,Refri:CF3,8,-0.03867906332015991,0.08063961565494537,0.010079951956868172,0.18889591575983264,0.18703169068741005
V7-A,42,Case4_R1336mzz_Stereo,[emim]__[Tf2N]__R1336mzz(Z)__293.1__0.05,Refri,Alkene_C=C,Refri:Alkene_C=C,2,0.019963331520557404,0.15548615157604218,0.07774307578802109,0.36422171350127736,0.3606271876614858
V7-A,42,Case4_R1336mzz_Stereo,[emim]__[Tf2N]__R1336mzz(Z)__293.1__0.06,Cation,Imidazolium_Ring,Cation:Imidazolium_Ring,5,0.012856648303568363,0.03146631270647049,0.006293262541294098,0.07354789074584671,0.07282448086257827
V7-A,42,Case4_R1336mzz_Stereo,[emim]__[Tf2N]__R1336mzz(Z)__293.1__0.06,Cation,Alkyl_Chain,Cation:Alkyl_Chain,3,0.003752446733415127,0.005940867587924004,0.001980289195974668,0.013885906631898688,0.013749326207989989
V7-A,42,Case4_R1336mzz_Stereo,[emim]__[Tf2N]__R1336mzz(Z)__293.1__0.06,Anion,CF3,Anion:CF3,8,0.027823524549603462,0.05086401104927063,0.006358001381158829,0.11888716553617794,0.11771780296615074
V7-A,42,Case4_R1336mzz_Stereo,[emim]__[Tf2N]__R1336mzz(Z)__293.1__0.06,Anion,Sulfonyl_SO2,Anion:Sulfonyl_SO2,6,0.023074960336089134,0.08020765334367752,0.013367942223946253,0.18747362552869104,0.18562965322460045
V7-A,42,Case4_R1336mzz_Stereo,[emim]__[Tf2N]__R1336mzz(Z)__293.1__0.06,Anion,Sulfonimide_N,Anion:Sulfonimide_N,1,0.018457327038049698,0.02353719249367714,0.02353719249367714,0.055014735222947087,0.054473615650623745
V7-A,42,Case4_R1336mzz_Stereo,[emim]__[Tf2N]__R1336mzz(Z)__293.1__0.06,Refri,CF3,Refri:CF3,8,-0.03883667290210724,0.08063405752182007,0.010079257190227509,0.18847028275383682,0.18661650742644278
V7-A,42,Case4_R1336mzz_Stereo,[emim]__[Tf2N]__R1336mzz(Z)__293.1__0.06,Refri,Alkene_C=C,Refri:Alkene_C=C,2,0.020087456330657005,0.15518425405025482,0.07759212702512741,0.36272043276354027,0.35915274994811747
V7-A,42,Case4_R1336mzz_Stereo,[emim]__[Tf2N]__R1336mzz(Z)__303__0.07,Cation,Imidazolium_Ring,Cation:Imidazolium_Ring,5,0.019654985517263412,0.0456085205078125,0.0091217041015625,0.10382994221251687,0.10280489681956717
V7-A,42,Case4_R1336mzz_Stereo,[emim]__[Tf2N]__R1336mzz(Z)__303__0.07,Cation,Alkyl_Chain,Cation:Alkyl_Chain,3,0.006841615773737431,0.010238416492938995,0.003412805497646332,0.02330823672799121,0.023078129687895715
V7-A,42,Case4_R1336mzz_Stereo,[emim]__[Tf2N]__R1336mzz(Z)__303__0.07,Anion,CF3,Anion:CF3,8,0.02424933947622776,0.0437207892537117,0.0054650986567139626,0.09953243321981728,0.0985498143340991
V7-A,42,Case4_R1336mzz_Stereo,[emim]__[Tf2N]__R1336mzz(Z)__303__0.07,Anion,Sulfonyl_SO2,Anion:Sulfonyl_SO2,6,0.02077315002679825,0.07093693315982819,0.011822822193304697,0.16149126498099148,0.15989696690431945
V7-A,42,Case4_R1336mzz_Stereo,[emim]__[Tf2N]__R1336mzz(Z)__303__0.07,Anion,Sulfonimide_N,Anion:Sulfonimide_N,1,0.01606384851038456,0.020951304584741592,0.020951304584741592,0.047696630368396394,0.047225752602536905
V7-A,42,Case4_R1336mzz_Stereo,[emim]__[Tf2N]__R1336mzz(Z)__303__0.07,Refri,CF3,Refri:CF3,8,-0.04073202237486839,0.08465684950351715,0.010582106187939644,0.19272529987764583,0.19082264851778968
V7-A,42,Case4_R1336mzz_Stereo,[emim]__[Tf2N]__R1336mzz(Z)__303__0.07,Refri,Alkene_C=C,Refri:Alkene_C=C,2,0.021181195974349976,0.16314898431301117,0.08157449215650558,0.371416336786217,0.3677495852040027
V7-A,42,Case4_R1336mzz_Stereo,[emim]__[Tf2N]__R1336mzz(Z)__303__0.09,Cation,Imidazolium_Ring,Cation:Imidazolium_Ring,5,0.018820570781826973,0.044344063848257065,0.008868812769651412,0.10003128625062144,0.09903511294266962
V7-A,42,Case4_R1336mzz_Stereo,[emim]__[Tf2N]__R1336mzz(Z)__303__0.09,Cation,Alkyl_Chain,Cation:Alkyl_Chain,3,0.006256573833525181,0.00948276836425066,0.0031609227880835533,0.021391217546922654,0.021178190595620178
V7-A,42,Case4_R1336mzz_Stereo,[emim]__[Tf2N]__R1336mzz(Z)__303__0.09,Anion,CF3,Anion:CF3,8,0.025161534547805786,0.04542477801442146,0.005678097251802683,0.10246915997551555,0.10144870881586428
V7-A,42,Case4_R1336mzz_Stereo,[emim]__[Tf2N]__R1336mzz(Z)__303__0.09,Anion,Sulfonyl_SO2,Anion:Sulfonyl_SO2,6,0.02141420543193817,0.07308235764503479,0.012180392940839132,0.1648590950634784,0.16321732641058045
V7-A,42,Case4_R1336mzz_Stereo,[emim]__[Tf2N]__R1336mzz(Z)__303__0.09,Anion,Sulfonimide_N,Anion:Sulfonimide_N,1,0.016432859003543854,0.021434728056192398,0.021434728056192398,0.048352433940884364,0.047870910550834846
V7-A,42,Case4_R1336mzz_Stereo,[emim]__[Tf2N]__R1336mzz(Z)__303__0.09,Refri,CF3,Refri:CF3,8,-0.04002484679222107,0.08445550501346588,0.010556938126683235,0.1905146273095774,0.18861736502680823
V7-A,42,Case4_R1336mzz_Stereo,[emim]__[Tf2N]__R1336mzz(Z)__303__0.09,Refri,Alkene_C=C,Refri:Alkene_C=C,2,0.02133837155997753,0.16507776081562042,0.08253888040781021,0.37238221562789814,0.36867380361532975
V7-A,42,Case4_R1336mzz_Stereo,[emim]__[Tf2N]__R1336mzz(Z)__322.5__0.13,Cation,Imidazolium_Ring,Cation:Imidazolium_Ring,5,0.02346966788172722,0.053012214601039886,0.010602442920207978,0.12030847636183063,0.11913490909607226
V7-A,42,Case4_R1336mzz_Stereo,[emim]__[Tf2N]__R1336mzz(Z)__322.5__0.13,Cation,Alkyl_Chain,Cation:Alkyl_Chain,3,0.008848188444972038,0.012956971302628517,0.004318990434209506,0.029405175531991883,0.029118338290828272
V7-A,42,Case4_R1336mzz_Stereo,[emim]__[Tf2N]__R1336mzz(Z)__322.5__0.13,Anion,CF3,Anion:CF3,8,0.02302730828523636,0.040595147758722305,0.005074393469840288,0.09212858604928875,0.09122990379432544
V7-A,42,Case4_R1336mzz_Stereo,[emim]__[Tf2N]__R1336mzz(Z)__322.5__0.13,Anion,Sulfonyl_SO2,Anion:Sulfonyl_SO2,6,0.019387371838092804,0.06475844979286194,0.01079307496547699,0.14696594897547438,0.1455323473530915
V7-A,42,Case4_R1336mzz_Stereo,[emim]__[Tf2N]__R1336mzz(Z)__322.5__0.13,Anion,Sulfonimide_N,Anion:Sulfonimide_N,1,0.014224270358681679,0.018965017050504684,0.018965017050504684,0.04304012429387549,0.042620282878599376
V7-A,42,Case4_R1336mzz_Stereo,[emim]__[Tf2N]__R1336mzz(Z)__322.5__0.13,Refri,CF3,Refri:CF3,8,-0.043375901877880096,0.08721338212490082,0.010901672765612602,0.19792625531254662,0.1959955536588215
V7-A,42,Case4_R1336mzz_Stereo,[emim]__[Tf2N]__R1336mzz(Z)__322.5__0.13,Refri,Alkene_C=C,Refri:Alkene_C=C,2,0.022064562886953354,0.16313457489013672,0.08156728744506836,0.3702254715195828,0.3666140510489368
V7-A,42,Case4_R1336mzz_Stereo,[emim]__[Tf2N]__R1336mzz(Z)__322.5__0.17,Cation,Imidazolium_Ring,Cation:Imidazolium_Ring,5,0.024137919768691063,0.05486351251602173,0.010972702503204345,0.11756874612343494,0.1164198011503267
V7-A,42,Case4_R1336mzz_Stereo,[emim]__[Tf2N]__R1336mzz(Z)__322.5__0.17,Cation,Alkyl_Chain,Cation:Alkyl_Chain,3,0.008936147205531597,0.013127032667398453,0.004375677555799484,0.028130331075260796,0.027855426361665752
V7-A,42,Case4_R1336mzz_Stereo,[emim]__[Tf2N]__R1336mzz(Z)__322.5__0.17,Anion,CF3,Anion:CF3,8,0.024690859019756317,0.043412208557128906,0.005426526069641113,0.09302938678999466,0.09212025362469334
V7-A,42,Case4_R1336mzz_Stereo,[emim]__[Tf2N]__R1336mzz(Z)__322.5__0.17,Anion,Sulfonyl_SO2,Anion:Sulfonyl_SO2,6,0.020911304280161858,0.06960494071245193,0.011600823452075323,0.14915861614163373,0.14770095798109006
V7-A,42,Case4_R1336mzz_Stereo,[emim]__[Tf2N]__R1336mzz(Z)__322.5__0.17,Anion,Sulfonimide_N,Anion:Sulfonimide_N,1,0.015221787616610527,0.020429864525794983,0.020429864525794983,0.043779799098133426,0.043351959372389656
V7-A,42,Case4_R1336mzz_Stereo,[emim]__[Tf2N]__R1336mzz(Z)__322.5__0.17,Refri,CF3,Refri:CF3,8,-0.0453532338142395,0.09203224629163742,0.011504030786454678,0.19721879448150847,0.19529146642882944
V7-A,42,Case4_R1336mzz_Stereo,[emim]__[Tf2N]__R1336mzz(Z)__322.5__0.17,Refri,Alkene_C=C,Refri:Alkene_C=C,2,0.022984959185123444,0.17318066954612732,0.08659033477306366,0.3711143023409088,0.36748757392725806
V7-A,42,Case4_R1336mzz_Stereo,[emim]__[Tf2N]__R1336mzz(Z)__332.9__0.18,Cation,Imidazolium_Ring,Cation:Imidazolium_Ring,5,0.024008238688111305,0.05447627231478691,0.010895254462957383,0.12389899291081168,0.12268637230094558
V7-A,42,Case4_R1336mzz_Stereo,[emim]__[Tf2N]__R1336mzz(Z)__332.9__0.18,Cation,Alkyl_Chain,Cation:Alkyl_Chain,3,0.008949064649641514,0.013094845227897167,0.004364948409299056,0.029782473490188067,0.029490987334259502
V7-A,42,Case4_R1336mzz_Stereo,[emim]__[Tf2N]__R1336mzz(Z)__332.9__0.18,Anion,CF3,Anion:CF3,8,0.022565092891454697,0.03921883553266525,0.004902354441583157,0.08919799426718518,0.08832499825917914
V7-A,42,Case4_R1336mzz_Stereo,[emim]__[Tf2N]__R1336mzz(Z)__332.9__0.18,Anion,Sulfonyl_SO2,Anion:Sulfonyl_SO2,6,0.019175603985786438,0.06306306272745132,0.01051051045457522,0.1434284988637466,0.1420247396428017
V7-A,42,Case4_R1336mzz_Stereo,[emim]__[Tf2N]__R1336mzz(Z)__332.9__0.18,Anion,Sulfonimide_N,Anion:Sulfonimide_N,1,0.013702291063964367,0.01861410029232502,0.01861410029232502,0.042335280704107706,0.04192093807952139
V7-A,42,Case4_R1336mzz_Stereo,[emim]__[Tf2N]__R1336mzz(Z)__332.9__0.18,Refri,CF3,Refri:CF3,8,-0.04265846684575081,0.08697442710399628,0.010871803387999535,0.19781169799782572,0.19587568111641776
V7-A,42,Case4_R1336mzz_Stereo,[emim]__[Tf2N]__R1336mzz(Z)__332.9__0.18,Refri,Alkene_C=C,Refri:Alkene_C=C,2,0.02162022888660431,0.16424135863780975,0.08212067931890488,0.3735449961029087,0.36988904741160006
V7-A,42,Case4_R1336mzz_Stereo,[emim]__[Tf2N]__R1336mzz(Z)__332.9__0.24,Cation,Imidazolium_Ring,Cation:Imidazolium_Ring,5,0.027164649218320847,0.061432234942913055,0.012286446988582611,0.12744953256368213,0.12619529184182185
V7-A,42,Case4_R1336mzz_Stereo,[emim]__[Tf2N]__R1336mzz(Z)__332.9__0.24,Cation,Alkyl_Chain,Cation:Alkyl_Chain,3,0.010194338858127594,0.014899412170052528,0.0049664707233508425,0.030910858416781324,0.030606662264829075
V7-A,42,Case4_R1336mzz_Stereo,[emim]__[Tf2N]__R1336mzz(Z)__332.9__0.24,Anion,CF3,Anion:CF3,8,0.02419145405292511,0.04169129580259323,0.005211411975324154,0.08649426749576024,0.08564307070971904
V7-A,42,Case4_R1336mzz_Stereo,[emim]__[Tf2N]__R1336mzz(Z)__332.9__0.24,Anion,Sulfonyl_SO2,Anion:Sulfonyl_SO2,6,0.02064819447696209,0.06773674488067627,0.011289457480112711,0.1405290964987674,0.13914613877511378
V7-A,42,Case4_R1336mzz_Stereo,[emim]__[Tf2N]__R1336mzz(Z)__332.9__0.24,Anion,Sulfonimide_N,Anion:Sulfonimide_N,1,0.0147247314453125,0.020072106271982193,0.020072106271982193,0.04164231635573597,0.04123251109497634
V7-A,42,Case4_R1336mzz_Stereo,[emim]__[Tf2N]__R1336mzz(Z)__332.9__0.24,Refri,CF3,Refri:CF3,8,-0.046467460691928864,0.09519840776920319,0.011899800971150398,0.19750205380394414,0.19555842079447688
V7-A,42,Case4_R1336mzz_Stereo,[emim]__[Tf2N]__R1336mzz(Z)__332.9__0.24,Refri,Alkene_C=C,Refri:Alkene_C=C,2,0.023875199258327484,0.1809820532798767,0.09049102663993835,0.3754719019155049,0.37177685384570164
V7-A,42,Case4_R1336mzz_Stereo,[emim]__[Tf2N]__R1336mzz(Z)__342.9__0.24,Cation,Imidazolium_Ring,Cation:Imidazolium_Ring,5,0.02540809102356434,0.057444170117378235,0.011488834023475647,0.12961717167879394,0.128344901505681
V7-A,42,Case4_R1336mzz_Stereo,[emim]__[Tf2N]__R1336mzz(Z)__342.9__0.24,Cation,Alkyl_Chain,Cation:Alkyl_Chain,3,0.009509887546300888,0.013869852758944035,0.004623284252981345,0.03129597107142773,0.030988782370910076
V7-A,42,Case4_R1336mzz_Stereo,[emim]__[Tf2N]__R1336mzz(Z)__342.9__0.24,Anion,CF3,Anion:CF3,8,0.02269965410232544,0.03815695643424988,0.004769619554281235,0.08609745362797408,0.08525235555328922
V7-A,42,Case4_R1336mzz_Stereo,[emim]__[Tf2N]__R1336mzz(Z)__342.9__0.24,Anion,Sulfonyl_SO2,Anion:Sulfonyl_SO2,6,0.019097354263067245,0.061432577669620514,0.010238762944936752,0.13861662463229027,0.13725601943829416
V7-A,42,Case4_R1336mzz_Stereo,[emim]__[Tf2N]__R1336mzz(Z)__342.9__0.24,Anion,Sulfonimide_N,Anion:Sulfonimide_N,1,0.012938297353684902,0.01818590611219406,0.01818590611219406,0.04103472484435065,0.040631944442609286
V7-A,42,Case4_R1336mzz_Stereo,[emim]__[Tf2N]__R1336mzz(Z)__342.9__0.24,Refri,CF3,Refri:CF3,8,-0.0430709570646286,0.08791979402303696,0.01098997425287962,0.19838244703618138,0.1964352044990679
V7-A,42,Case4_R1336mzz_Stereo,[emim]__[Tf2N]__R1336mzz(Z)__342.9__0.24,Refri,Alkene_C=C,Refri:Alkene_C=C,2,0.021738018840551376,0.166174054145813,0.0830870270729065,0.3749555587758935,0.3712751453901144
V7-A,42,Case4_R1336mzz_Stereo,[emim]__[Tf2N]__R1336mzz(Z)__342.9__0.31,Cation,Imidazolium_Ring,Cation:Imidazolium_Ring,5,0.029576456174254417,0.06683756411075592,0.013367512822151184,0.136729635638455,0.13538380539348213
V7-A,42,Case4_R1336mzz_Stereo,[emim]__[Tf2N]__R1336mzz(Z)__342.9__0.31,Cation,Alkyl_Chain,Cation:Alkyl_Chain,3,0.01110611017793417,0.016217006370425224,0.005405668790141742,0.03317513738981273,0.03284859440539054
V7-A,42,Case4_R1336mzz_Stereo,[emim]__[Tf2N]__R1336mzz(Z)__342.9__0.31,Anion,CF3,Anion:CF3,8,0.023815229535102844,0.04009001702070236,0.005011252127587795,0.08201216625574145,0.08120492023853876
V7-A,42,Case4_R1336mzz_Stereo,[emim]__[Tf2N]__R1336mzz(Z)__342.9__0.31,Anion,Sulfonyl_SO2,Anion:Sulfonyl_SO2,6,0.020130792632699013,0.0646270141005516,0.0107711690167586,0.13220751246599816,0.13090619349400986
V7-A,42,Case4_R1336mzz_Stereo,[emim]__[Tf2N]__R1336mzz(Z)__342.9__0.31,Anion,Sulfonimide_N,Anion:Sulfonimide_N,1,0.013655751943588257,0.019196031615138054,0.019196031615138054,0.039269330702907994,0.038882802554032043
V7-A,42,Case4_R1336mzz_Stereo,[emim]__[Tf2N]__R1336mzz(Z)__342.9__0.31,Refri,CF3,Refri:CF3,8,-0.04760848358273506,0.09742555022239685,0.012178193777799606,0.19930349289376073,0.1973417479698262
V7-A,42,Case4_R1336mzz_Stereo,[emim]__[Tf2N]__R1336mzz(Z)__342.9__0.31,Refri,Alkene_C=C,Refri:Alkene_C=C,2,0.024018242955207825,0.18443694710731506,0.09221847355365753,0.37730274751580817,0.37358895535402087
V7-A,42,Case4_R1336mzz_Stereo,[emim]__[Tf2N]__R1336mzz(Z)__352.8__0.31,Cation,Imidazolium_Ring,Cation:Imidazolium_Ring,5,0.02588343620300293,0.05864183232188225,0.01172836646437645,0.1345025882453625,0.1331773095357702
V7-A,42,Case4_R1336mzz_Stereo,[emim]__[Tf2N]__R1336mzz(Z)__352.8__0.31,Cation,Alkyl_Chain,Cation:Alkyl_Chain,3,0.009653769433498383,0.014095530845224857,0.004698510281741619,0.03232991375454743,0.03201136117544245
V7-A,42,Case4_R1336mzz_Stereo,[emim]__[Tf2N]__R1336mzz(Z)__352.8__0.31,Anion,CF3,Anion:CF3,8,0.021934103220701218,0.03651684522628784,0.00456460565328598,0.08375608337971821,0.08293081930450585
V7-A,42,Case4_R1336mzz_Stereo,[emim]__[Tf2N]__R1336mzz(Z)__352.8__0.31,Anion,Sulfonyl_SO2,Anion:Sulfonyl_SO2,6,0.018411733210086823,0.05853934586048126,0.009756557643413544,0.1342675223585587,0.1329445597963298
V7-A,42,Case4_R1336mzz_Stereo,[emim]__[Tf2N]__R1336mzz(Z)__352.8__0.31,Anion,Sulfonimide_N,Anion:Sulfonimide_N,1,0.012146370485424995,0.017340799793601036,0.017340799793601036,0.0397733556769108,0.03938146149721297
V7-A,42,Case4_R1336mzz_Stereo,[emim]__[Tf2N]__R1336mzz(Z)__352.8__0.31,Refri,CF3,Refri:CF3,8,-0.04220164939761162,0.08658309280872345,0.010822886601090431,0.19858946455048185,0.1966327260761413
V7-A,42,Case4_R1336mzz_Stereo,[emim]__[Tf2N]__R1336mzz(Z)__352.8__0.31,Refri,Alkene_C=C,Refri:Alkene_C=C,2,0.02135247364640236,0.16427290439605713,0.08213645219802856,0.3767810442650144,0.3730685514226353
V7-A,42,Case4_R1336mzz_Stereo,[emim]__[Tf2N]__R1336mzz(Z)__352.8__0.41,Cation,Imidazolium_Ring,Cation:Imidazolium_Ring,5,0.029362553730607033,0.0668344646692276,0.01336689293384552,0.1355872660483054,0.13424159339635522
V7-A,42,Case4_R1336mzz_Stereo,[emim]__[Tf2N]__R1336mzz(Z)__352.8__0.41,Cation,Alkyl_Chain,Cation:Alkyl_Chain,3,0.010799680836498737,0.015805618837475777,0.005268539612491925,0.03206490329474652,0.0317466664520935
V7-A,42,Case4_R1336mzz_Stereo,[emim]__[Tf2N]__R1336mzz(Z)__352.8__0.41,Anion,CF3,Anion:CF3,8,0.023750755935907364,0.04009612649679184,0.00501201581209898,0.0813431243555714,0.08053581242238086
V7-A,42,Case4_R1336mzz_Stereo,[emim]__[Tf2N]__R1336mzz(Z)__352.8__0.41,Anion,Sulfonyl_SO2,Anion:Sulfonyl_SO2,6,0.020384635776281357,0.06572897732257843,0.010954829553763071,0.13334456076555973,0.13202114645138222
V7-A,42,Case4_R1336mzz_Stereo,[emim]__[Tf2N]__R1336mzz(Z)__352.8__0.41,Anion,Sulfonimide_N,Anion:Sulfonimide_N,1,0.014106186106801033,0.01969097927212715,0.01969097927212715,0.03994714491295747,0.03955067862228305
V7-A,42,Case4_R1336mzz_Stereo,[emim]__[Tf2N]__R1336mzz(Z)__352.8__0.41,Refri,CF3,Refri:CF3,8,-0.04661890119314194,0.09746871888637543,0.012183589860796928,0.19773506355500528,0.19577258820527146
V7-A,42,Case4_R1336mzz_Stereo,[emim]__[Tf2N]__R1336mzz(Z)__352.8__0.41,Refri,Alkene_C=C,Refri:Alkene_C=C,2,0.023623954504728317,0.1873008906841278,0.0936504453420639,0.3799778425990182,0.3762066492854045
V7-A,43,Case1_R1234yf,[emim]__[Ac]__R1234yf__313.15__0.311,Cation,Imidazolium_Ring,Cation:Imidazolium_Ring,5,-0.00041100120870396495,0.0024466095492243767,0.0004893219098448754,0.011038354522050129,0.011036965097977114
V7-A,43,Case1_R1234yf,[emim]__[Ac]__R1234yf__313.15__0.311,Cation,Alkyl_Chain,Cation:Alkyl_Chain,3,-0.0008969468181021512,0.00168452353682369,0.0005615078456078967,0.0076000553525561254,0.007599098715419495
V7-A,43,Case1_R1234yf,[emim]__[Ac]__R1234yf__313.15__0.311,Anion,Carboxylate_COO,Anion:Carboxylate_COO,3,0.05249190330505371,0.14859847724437714,0.04953282574812571,0.6704309127626169,0.6703465240208325
V7-A,43,Case1_R1234yf,[emim]__[Ac]__R1234yf__313.15__0.311,Anion,Alkyl_Chain,Anion:Alkyl_Chain,1,-0.02700524404644966,0.043506260961294174,0.043506260961294174,0.19628695251836945,0.19626224541039397
V7-A,43,Case1_R1234yf,[emim]__[Ac]__R1234yf__313.15__0.311,Refri,CF3,Refri:CF3,4,-0.001766839763149619,0.00539320008829236,0.00134830002207309,0.02433247045970043,0.02432940767347218
V7-A,43,Case1_R1234yf,[emim]__[Ac]__R1234yf__313.15__0.311,Refri,Halogenated_Alkene,Refri:Halogenated_Alkene,2,0.008443279191851616,0.013149912469089031,0.006574956234544516,0.05932838601637468,0.0593209182105908
V7-A,43,Case1_R1234yf,[emim]__[Ac]__R1234yf__313.15__0.311,Refri,Unclassified,Refri:Unclassified,3,-0.0009140788461081684,0.006867236457765102,0.002289078819255034,0.030982872044944793,0.030978972156769938
V7-A,43,Case1_R1234yf,[emim]__[BF4]__R1234yf__313.15__0.3919,Cation,Imidazolium_Ring,Cation:Imidazolium_Ring,5,-0.00040824193274602294,0.00940791517496109,0.001881583034992218,0.01840210476489719,0.018400454964729068
V7-A,43,Case1_R1234yf,[emim]__[BF4]__R1234yf__313.15__0.3919,Cation,Alkyl_Chain,Cation:Alkyl_Chain,3,-0.0018166101071983576,0.0036240448243916035,0.001208014941463868,0.007088717456619027,0.007088081933269871
V7-A,43,Case1_R1234yf,[emim]__[BF4]__R1234yf__313.15__0.3919,Anion,BF4_Core,Anion:BF4_Core,5,-0.12240535020828247,0.3225361704826355,0.0645072340965271,0.6308883838033486,0.6308318228949653
V7-A,43,Case1_R1234yf,[emim]__[BF4]__R1234yf__313.15__0.3919,Refri,CF3,Refri:CF3,4,-0.009731126017868519,0.0319262258708477,0.007981556467711926,0.06244845348805351,0.06244285480951212
V7-A,43,Case1_R1234yf,[emim]__[BF4]__R1234yf__313.15__0.3919,Refri,Halogenated_Alkene,Refri:Halogenated_Alkene,2,0.06543398648500443,0.09581799060106277,0.04790899530053139,0.18742225760023223,0.18740545467056474
V7-A,43,Case1_R1234yf,[emim]__[BF4]__R1234yf__313.15__0.3919,Refri,Unclassified,Refri:Unclassified,3,-0.008297931402921677,0.04792891442775726,0.015976304809252422,0.09375009108445001,0.09374168612653846
V7-A,43,Case1_R1234yf,[bmim]__[Ac]__R1234yf__313.15__0.561,Cation,Imidazolium_Ring,Cation:Imidazolium_Ring,5,-0.0015482133021578193,0.014688152819871902,0.0029376305639743803,0.05290995414673988,0.05290335933021227
V7-A,43,Case1_R1234yf,[bmim]__[Ac]__R1234yf__313.15__0.561,Cation,Alkyl_Chain,Cation:Alkyl_Chain,5,-0.004466511309146881,0.012573981657624245,0.002514796331524849,0.045294245035819906,0.04528859945852571
V7-A,43,Case1_R1234yf,[bmim]__[Ac]__R1234yf__313.15__0.561,Anion,Carboxylate_COO,Anion:Carboxylate_COO,3,0.057557329535484314,0.16449175775051117,0.05483058591683706,0.592535458122507,0.5924616031608946
V7-A,43,Case1_R1234yf,[bmim]__[Ac]__R1234yf__313.15__0.561,Anion,Alkyl_Chain,Anion:Alkyl_Chain,1,-0.02954937145113945,0.04774121940135956,0.04774121940135956,0.17197436331258242,0.17195292803841164
V7-A,43,Case1_R1234yf,[bmim]__[Ac]__R1234yf__313.15__0.561,Refri,CF3,Refri:CF3,4,-0.002480821218341589,0.007723356131464243,0.0019308390328660607,0.027821225976206804,0.02781775827558515
V7-A,43,Case1_R1234yf,[bmim]__[Ac]__R1234yf__313.15__0.561,Refri,Halogenated_Alkene,Refri:Halogenated_Alkene,2,0.01311083696782589,0.020037580281496048,0.010018790140748024,0.07217976738853274,0.07217077073883592
V7-A,43,Case1_R1234yf,[bmim]__[Ac]__R1234yf__313.15__0.561,Refri,Unclassified,Refri:Unclassified,3,-0.0014947957824915648,0.010350542142987251,0.003450180714329084,0.037284927308111324,0.037280280030320065
V7-A,43,Case1_R1234yf,[bmim]__[PF6]__R1234yf__313.15__0.23,Cation,Imidazolium_Ring,Cation:Imidazolium_Ring,5,-0.0013411003164947033,0.014142094179987907,0.0028284188359975816,0.03291125919203067,0.03290980125573233
V7-A,43,Case1_R1234yf,[bmim]__[PF6]__R1234yf__313.15__0.23,Cation,Alkyl_Chain,Cation:Alkyl_Chain,5,-0.004793387837707996,0.011871088296175003,0.0023742176592350004,0.027626210010661328,0.027624986196825303
V7-A,43,Case1_R1234yf,[bmim]__[PF6]__R1234yf__313.15__0.23,Anion,PF6_Core,Anion:PF6_Core,7,-0.10554131120443344,0.27533555030822754,0.039333650044032505,0.640756563041233,0.6407281781579258
V7-A,43,Case1_R1234yf,[bmim]__[PF6]__R1234yf__313.15__0.23,Refri,CF3,Refri:CF3,4,-0.007457297295331955,0.02403806336224079,0.006009515840560198,0.05594100305940964,0.05593852492818865
V7-A,43,Case1_R1234yf,[bmim]__[PF6]__R1234yf__313.15__0.23,Refri,Halogenated_Alkene,Refri:Halogenated_Alkene,2,0.046789828687906265,0.06932665407657623,0.034663327038288116,0.1613358992092641,0.1613287521881699
V7-A,43,Case1_R1234yf,[bmim]__[PF6]__R1234yf__313.15__0.23,Refri,Unclassified,Refri:Unclassified,3,-0.005748585797846317,0.034990355372428894,0.011663451790809631,0.08142900480134228,0.08142539757680113
V7-A,43,Case2_R134_vs_R134a,[emim]__[BEI]__R134__283.149__0.01,Cation,Imidazolium_Ring,Cation:Imidazolium_Ring,5,-0.0001264942402485758,0.006852596066892147,0.0013705192133784295,0.011872954886018378,0.011871655308819411
V7-A,43,Case2_R134_vs_R134a,[emim]__[BEI]__R134__283.149__0.01,Cation,Alkyl_Chain,Cation:Alkyl_Chain,3,-0.0017440329538658261,0.003456459380686283,0.0011521531268954277,0.005988735639988681,0.005988080131367358
V7-A,43,Case2_R134_vs_R134a,[emim]__[BEI]__R134__283.149__0.01,Anion,CF3,Anion:CF3,8,-0.03448822349309921,0.12176636606454849,0.015220795758068562,0.2109750168850187,0.21095192420723732
V7-A,43,Case2_R134_vs_R134a,[emim]__[BEI]__R134__283.149__0.01,Anion,Sulfonyl_SO2,Anion:Sulfonyl_SO2,6,-0.06903544813394547,0.17277619242668152,0.028796032071113586,0.2993557358460169,0.2993229692860139
V7-A,43,Case2_R134_vs_R134a,[emim]__[BEI]__R134__283.149__0.01,Anion,Sulfonimide_N,Anion:Sulfonimide_N,1,0.01469755731523037,0.02645464986562729,0.02645464986562729,0.045835893625414896,0.045830876569187384
V7-A,43,Case2_R134_vs_R134a,[emim]__[BEI]__R134__283.149__0.01,Anion,Alkyl_Chain,Anion:Alkyl_Chain,2,-0.009620950557291508,0.041703395545482635,0.020851697772741318,0.07225619736986143,0.07224828842828054
V7-A,43,Case2_R134_vs_R134a,[emim]__[BEI]__R134__283.149__0.01,Anion,Unclassified,Anion:Unclassified,4,-0.010970309376716614,0.049077898263931274,0.012269474565982819,0.08503341891163403,0.0850241114146016
V7-A,43,Case2_R134_vs_R134a,[emim]__[BEI]__R134__283.149__0.01,Refri,CHF2,Refri:CHF2,6,0.06360559165477753,0.15507254004478455,0.025845423340797424,0.2686820081089399,0.268652599001025
V7-A,43,Case2_R134_vs_R134a,[emim]__[BEI]__R134a__283.1__0.0103,Cation,Imidazolium_Ring,Cation:Imidazolium_Ring,5,-0.002409479347988963,0.02673175558447838,0.0053463511168956755,0.04261748246897297,0.04261286391635319
V7-A,43,Case2_R134_vs_R134a,[emim]__[BEI]__R134a__283.1__0.0103,Cation,Alkyl_Chain,Cation:Alkyl_Chain,3,-0.00610716687515378,0.011973477900028229,0.00399115930000941,0.01908888785416618,0.019086819148369873
V7-A,43,Case2_R134_vs_R134a,[emim]__[BEI]__R134a__283.1__0.0103,Anion,CF3,Anion:CF3,8,-0.03256312757730484,0.11541052162647247,0.01442631520330906,0.1839948695702992,0.18397492963162498
V7-A,43,Case2_R134_vs_R134a,[emim]__[BEI]__R134a__283.1__0.0103,Anion,Sulfonyl_SO2,Anion:Sulfonyl_SO2,6,-0.06380020081996918,0.16317971050739288,0.027196618417898815,0.2601515800136552,0.2601233868006401
V7-A,43,Case2_R134_vs_R134a,[emim]__[BEI]__R134a__283.1__0.0103,Anion,Sulfonimide_N,Anion:Sulfonimide_N,1,0.013560676947236061,0.02492597885429859,0.02492597885429859,0.03973859717099421,0.03973429060966215
V7-A,43,Case2_R134_vs_R134a,[emim]__[BEI]__R134a__283.1__0.0103,Anion,Alkyl_Chain,Anion:Alkyl_Chain,2,-0.009424824267625809,0.0403280109167099,0.02016400545835495,0.06429350638120357,0.06428653874902238
V7-A,43,Case2_R134_vs_R134a,[emim]__[BEI]__R134a__283.1__0.0103,Anion,Unclassified,Anion:Unclassified,4,-0.010455286130309105,0.04652620106935501,0.011631550267338753,0.07417505940284991,0.07416702088449827
V7-A,43,Case2_R134_vs_R134a,[emim]__[BEI]__R134a__283.1__0.0103,Refri,CF3,Refri:CF3,4,-0.0007236693054437637,0.0639774426817894,0.01599436067044735,0.10199695015482038,0.10198589651546733
V7-A,43,Case2_R134_vs_R134a,[emim]__[BEI]__R134a__283.1__0.0103,Refri,CH2F,Refri:CH2F,2,0.09262250363826752,0.134195476770401,0.0670977383852005,0.2139430521352955,0.21391986664458418
V7-A,43,Case2_R134_vs_R134a,[emim]__[BEI]__R134__283.123__0.05,Cation,Imidazolium_Ring,Cation:Imidazolium_Ring,5,0.002563269343227148,0.01921910233795643,0.0038438204675912855,0.036632178761397745,0.03662754832853511
V7-A,43,Case2_R134_vs_R134a,[emim]__[BEI]__R134__283.123__0.05,Cation,Alkyl_Chain,Cation:Alkyl_Chain,3,0.003863973543047905,0.0075935791246593,0.0025311930415531,0.014473586905459784,0.014471757394502115
V7-A,43,Case2_R134_vs_R134a,[emim]__[BEI]__R134__283.123__0.05,Anion,CF3,Anion:CF3,8,-0.03110908344388008,0.11026834696531296,0.01378354337066412,0.21017473796264108,0.21014817115590273
V7-A,43,Case2_R134_vs_R134a,[emim]__[BEI]__R134__283.123__0.05,Anion,Sulfonyl_SO2,Anion:Sulfonyl_SO2,6,-0.06252482533454895,0.15655548870563507,0.02609258145093918,0.2983994021935475,0.29836168348707615
V7-A,43,Case2_R134_vs_R134a,[emim]__[BEI]__R134__283.123__0.05,Anion,Sulfonimide_N,Anion:Sulfonimide_N,1,0.013344880193471909,0.023964064195752144,0.023964064195752144,0.04567621671563181,0.04567044308539544
V7-A,43,Case2_R134_vs_R134a,[emim]__[BEI]__R134__283.123__0.05,Anion,Alkyl_Chain,Anion:Alkyl_Chain,2,-0.008723986335098743,0.03778712451457977,0.018893562257289886,0.07202337943554891,0.0720142754337043
V7-A,43,Case2_R134_vs_R134a,[emim]__[BEI]__R134__283.123__0.05,Anion,Unclassified,Anion:Unclassified,4,-0.009821252897381783,0.04454866796731949,0.011137166991829872,0.0849110816865822,0.08490034863503196
V7-A,43,Case2_R134_vs_R134a,[emim]__[BEI]__R134__283.123__0.05,Refri,CHF2,Refri:CHF2,6,0.05086009204387665,0.1247144415974617,0.020785740266243618,0.2377094225521405,0.23767937526696226
V7-A,43,Case2_R134_vs_R134a,[emim]__[BEI]__R134a__283.15__0.0504,Cation,Imidazolium_Ring,Cation:Imidazolium_Ring,5,-0.004667174071073532,0.05136115849018097,0.010272231698036195,0.05626121702208565,0.05625480867450884
V7-A,43,Case2_R134_vs_R134a,[emim]__[BEI]__R134a__283.15__0.0504,Cation,Alkyl_Chain,Cation:Alkyl_Chain,3,-0.011543931439518929,0.022595347836613655,0.007531782612204552,0.024751033771332583,0.02474821454281803
V7-A,43,Case2_R134_vs_R134a,[emim]__[BEI]__R134a__283.15__0.0504,Anion,CF3,Anion:CF3,8,-0.044570617377758026,0.15855303406715393,0.01981912925839424,0.17367962330654307,0.1736598405956088
V7-A,43,Case2_R134_vs_R134a,[emim]__[BEI]__R134a__283.15__0.0504,Anion,Sulfonyl_SO2,Anion:Sulfonyl_SO2,6,-0.09047119319438934,0.22692161798477173,0.037820269664128624,0.24857084169713153,0.24854252861690737
V7-A,43,Case2_R134_vs_R134a,[emim]__[BEI]__R134a__283.15__0.0504,Anion,Sulfonimide_N,Anion:Sulfonimide_N,1,0.019133388996124268,0.03470398113131523,0.03470398113131523,0.038014878779117904,0.0380105487526947
V7-A,43,Case2_R134_vs_R134a,[emim]__[BEI]__R134a__283.15__0.0504,Anion,Alkyl_Chain,Anion:Alkyl_Chain,2,-0.012741285376250744,0.05500376597046852,0.02750188298523426,0.06025134372481393,0.060244480887978985
V7-A,43,Case2_R134_vs_R134a,[emim]__[BEI]__R134a__283.15__0.0504,Anion,Unclassified,Anion:Unclassified,4,-0.014272620901465416,0.064487524330616,0.016121881082654,0.07063989030300846,0.07063184417471956
V7-A,43,Case2_R134_vs_R134a,[emim]__[BEI]__R134a__283.15__0.0504,Refri,CF3,Refri:CF3,4,-0.001452130964025855,0.09589788317680359,0.023974470794200897,0.10504692214838227,0.10503495693993795
V7-A,43,Case2_R134_vs_R134a,[emim]__[BEI]__R134a__283.15__0.0504,Refri,CH2F,Refri:CH2F,2,0.13955871760845184,0.20338085293769836,0.10169042646884918,0.22278419415816444,0.2227588182664516
V7-A,43,Case2_R134_vs_R134a,[emim]__[BEI]__R134__283.132__0.1,Cation,Imidazolium_Ring,Cation:Imidazolium_Ring,5,0.004210308194160461,0.034461747854948044,0.006892349570989609,0.07497713424567683,0.07496673028512807
V7-A,43,Case2_R134_vs_R134a,[emim]__[BEI]__R134__283.132__0.1,Cation,Alkyl_Chain,Cation:Alkyl_Chain,3,0.0074180676601827145,0.014507132582366467,0.004835710860788822,0.03156262508002041,0.03155824539400745
V7-A,43,Case2_R134_vs_R134a,[emim]__[BEI]__R134__283.132__0.1,Anion,CF3,Anion:CF3,8,-0.02567853219807148,0.09126743674278259,0.011408429592847824,0.1985671442355443,0.19853959070531554
V7-A,43,Case2_R134_vs_R134a,[emim]__[BEI]__R134__283.132__0.1,Anion,Sulfonyl_SO2,Anion:Sulfonyl_SO2,6,-0.053342483937740326,0.13082978129386902,0.02180496354897817,0.28464145570012167,0.2846019583452889
V7-A,43,Case2_R134_vs_R134a,[emim]__[BEI]__R134__283.132__0.1,Anion,Sulfonimide_N,Anion:Sulfonimide_N,1,0.011399856768548489,0.020064759999513626,0.020064759999513626,0.04365414692321872,0.043648089396121324
V7-A,43,Case2_R134_vs_R134a,[emim]__[BEI]__R134__283.132__0.1,Anion,Alkyl_Chain,Anion:Alkyl_Chain,2,-0.007030634209513664,0.03086894005537033,0.015434470027685165,0.06716039686364716,0.06715107756748523
V7-A,43,Case2_R134_vs_R134a,[emim]__[BEI]__R134__283.132__0.1,Anion,Unclassified,Anion:Unclassified,4,-0.008028890937566757,0.037145406007766724,0.009286351501941681,0.08081586878811242,0.08080465463437017
V7-A,43,Case2_R134_vs_R134a,[emim]__[BEI]__R134__283.132__0.1,Refri,CHF2,Refri:CHF2,6,0.04091460257768631,0.1004849374294281,0.01674748957157135,0.21862131529213538,0.21859097900945001
V7-A,43,Case2_R134_vs_R134a,[emim]__[BEI]__R134a__283.1__0.1003,Cation,Imidazolium_Ring,Cation:Imidazolium_Ring,5,-0.00893031433224678,0.09400906413793564,0.01880181282758713,0.07924639321246947,0.07923698382496519
V7-A,43,Case2_R134_vs_R134a,[emim]__[BEI]__R134a__283.1__0.1003,Cation,Alkyl_Chain,Cation:Alkyl_Chain,3,-0.02119496278464794,0.04137013852596283,0.013790046175320944,0.0348735975083474,0.03486945676226013
V7-A,43,Case2_R134_vs_R134a,[emim]__[BEI]__R134a__283.1__0.1003,Anion,CF3,Anion:CF3,8,-0.05411580950021744,0.1925782561302185,0.024072282016277313,0.1623368166613692,0.16231754146218022
V7-A,43,Case2_R134_vs_R134a,[emim]__[BEI]__R134a__283.1__0.1003,Anion,Sulfonyl_SO2,Anion:Sulfonyl_SO2,6,-0.1109495609998703,0.2767041325569153,0.04611735542615255,0.2332520240808569,0.23322432870455315
V7-A,43,Case2_R134_vs_R134a,[emim]__[BEI]__R134a__283.1__0.1003,Anion,Sulfonimide_N,Anion:Sulfonimide_N,1,0.023435251787304878,0.04234670102596283,0.04234670102596283,0.035696805957247627,0.03569256746680912
V7-A,43,Case2_R134_vs_R134a,[emim]__[BEI]__R134a__283.1__0.1003,Anion,Alkyl_Chain,Anion:Alkyl_Chain,2,-0.015388420782983303,0.06667082011699677,0.03333541005849838,0.05620119799338921,0.05619452489662496
V7-A,43,Case2_R134_vs_R134a,[emim]__[BEI]__R134a__283.1__0.1003,Anion,Unclassified,Anion:Unclassified,4,-0.017342127859592438,0.07850907742977142,0.019627269357442856,0.06618043991608338,0.06617258192559157
V7-A,43,Case2_R134_vs_R134a,[emim]__[BEI]__R134a__283.1__0.1003,Refri,CF3,Refri:CF3,4,-0.0021299906075000763,0.12602825462818146,0.031507063657045364,0.10623746458631012,0.10622485039112416
V7-A,43,Case2_R134_vs_R134a,[emim]__[BEI]__R134a__283.1__0.1003,Refri,CH2F,Refri:CH2F,2,0.183637797832489,0.2680717408657074,0.1340358704328537,0.22597521611985238,0.22594838476149473
V7-A,43,Case2_R134_vs_R134a,[emim]__[BEI]__R134__283.149__0.15,Cation,Imidazolium_Ring,Cation:Imidazolium_Ring,5,0.002621801570057869,0.021026749163866043,0.004205349832773209,0.0694996417354465,0.06948963846746804
V7-A,43,Case2_R134_vs_R134a,[emim]__[BEI]__R134__283.149__0.15,Cation,Alkyl_Chain,Cation:Alkyl_Chain,3,0.004492586944252253,0.008828723803162575,0.002942907934387525,0.029181550439354293,0.029177350261313333
V7-A,43,Case2_R134_vs_R134a,[emim]__[BEI]__R134__283.149__0.15,Anion,CF3,Anion:CF3,8,-0.016223490238189697,0.05768612399697304,0.00721076549962163,0.19066974736093878,0.1906423037579128
V7-A,43,Case2_R134_vs_R134a,[emim]__[BEI]__R134__283.149__0.15,Anion,Sulfonyl_SO2,Anion:Sulfonyl_SO2,6,-0.03558789938688278,0.08443620055913925,0.014072700093189875,0.27908668347302074,0.27904651378560524
V7-A,43,Case2_R134_vs_R134a,[emim]__[BEI]__R134__283.149__0.15,Anion,Sulfonimide_N,Anion:Sulfonimide_N,1,0.007639480754733086,0.013002715073525906,0.013002715073525906,0.042977829437899955,0.042971643524789264
V7-A,43,Case2_R134_vs_R134a,[emim]__[BEI]__R134__283.149__0.15,Anion,Alkyl_Chain,Anion:Alkyl_Chain,2,-0.004206574987620115,0.019063375890254974,0.009531687945127487,0.06301011080294208,0.0630010415903825
V7-A,43,Case2_R134_vs_R134a,[emim]__[BEI]__R134__283.149__0.15,Anion,Unclassified,Anion:Unclassified,4,-0.005019814241677523,0.023760125041007996,0.005940031260251999,0.07853425962664834,0.07852295598212705
V7-A,43,Case2_R134_vs_R134a,[emim]__[BEI]__R134__283.149__0.15,Refri,CHF2,Refri:CHF2,6,0.030533775687217712,0.0747406929731369,0.012456782162189484,0.2470401555756682,0.24700459843010664
V7-A,43,Case2_R134_vs_R134a,[emim]__[BEI]__R134a__283.15__0.1502,Cation,Imidazolium_Ring,Cation:Imidazolium_Ring,5,-0.012024946510791779,0.12922635674476624,0.025845271348953248,0.08967198146321699,0.08966096871437992
V7-A,43,Case2_R134_vs_R134a,[emim]__[BEI]__R134a__283.15__0.1502,Cation,Alkyl_Chain,Cation:Alkyl_Chain,3,-0.02874813601374626,0.056216686964035034,0.018738895654678345,0.039009547574872634,0.03900475675456645
V7-A,43,Case2_R134_vs_R134a,[emim]__[BEI]__R134a__283.15__0.1502,Anion,CF3,Anion:CF3,8,-0.06298733502626419,0.2248849719762802,0.028110621497035027,0.15605083627206573,0.15603167143777036
V7-A,43,Case2_R134_vs_R134a,[emim]__[BEI]__R134a__283.15__0.1502,Anion,Sulfonyl_SO2,Anion:Sulfonyl_SO2,6,-0.13152006268501282,0.32532423734664917,0.05422070622444153,0.22574705126526315,0.22571932693559266
V7-A,43,Case2_R134_vs_R134a,[emim]__[BEI]__R134a__283.15__0.1502,Anion,Sulfonimide_N,Anion:Sulfonimide_N,1,0.027702175080776215,0.049790989607572556,0.049790989607572556,0.03455066605293201,0.034546422834468606
V7-A,43,Case2_R134_vs_R134a,[emim]__[BEI]__R134a__283.15__0.1502,Anion,Alkyl_Chain,Anion:Alkyl_Chain,2,-0.01785309985280037,0.07772347331047058,0.03886173665523529,0.05393340827304283,0.05392678463130383
V7-A,43,Case2_R134_vs_R134a,[emim]__[BEI]__R134a__283.15__0.1502,Anion,Unclassified,Anion:Unclassified,4,-0.020161952823400497,0.09215058386325836,0.02303764596581459,0.06394458263906289,0.06393672951017464
V7-A,43,Case2_R134_vs_R134a,[emim]__[BEI]__R134a__283.15__0.1502,Refri,CF3,Refri:CF3,4,-0.0031290240585803986,0.1545562893152237,0.03863907232880592,0.10724877694936374,0.10723560556824388
V7-A,43,Case2_R134_vs_R134a,[emim]__[BEI]__R134a__283.15__0.1502,Refri,CH2F,Refri:CH2F,2,0.22590883076190948,0.33122706413269043,0.16561353206634521,0.22984310556464982,0.22981487819248503
V7-A,43,Case3_BF4_vs_PF6,[bmim]__[BF4]__R32__283.1__0.01,Cation,Imidazolium_Ring,Cation:Imidazolium_Ring,5,0.0012319457018747926,0.010388556867837906,0.0020777113735675813,0.1673715863760417,0.1673520221865588
V7-A,43,Case3_BF4_vs_PF6,[bmim]__[BF4]__R32__283.1__0.01,Cation,Alkyl_Chain,Cation:Alkyl_Chain,5,0.0031501413322985172,0.008801201358437538,0.0017602402716875077,0.14179746543402647,0.14178089062260232
V7-A,43,Case3_BF4_vs_PF6,[bmim]__[BF4]__R32__283.1__0.01,Anion,BF4_Core,Anion:BF4_Core,5,-0.012299236841499805,0.039486005902290344,0.007897201180458068,0.6361649198822289,0.6360905580905747
V7-A,43,Case3_BF4_vs_PF6,[bmim]__[BF4]__R32__283.1__0.01,Refri,CH2F,Refri:CH2F,3,0.0016191147733479738,0.003393053077161312,0.001131017692387104,0.05466598329367297,0.05465959334614017
V7-A,43,Case3_BF4_vs_PF6,[bmim]__[PF6]__R32__283.2__0.0098,Cation,Imidazolium_Ring,Cation:Imidazolium_Ring,5,0.0014990634517744184,0.012826208025217056,0.0025652416050434114,0.18605344232012522,0.18603646805142254
V7-A,43,Case3_BF4_vs_PF6,[bmim]__[PF6]__R32__283.2__0.0098,Cation,Alkyl_Chain,Cation:Alkyl_Chain,5,0.003983868286013603,0.010987721383571625,0.002197544276714325,0.15938486126599014,0.1593703200598263
V7-A,43,Case3_BF4_vs_PF6,[bmim]__[PF6]__R32__283.2__0.0098,Anion,PF6_Core,Anion:PF6_Core,7,-0.014751126989722252,0.041386645287275314,0.005912377898182187,0.6003432820238584,0.6002885107277414
V7-A,43,Case3_BF4_vs_PF6,[bmim]__[PF6]__R32__283.2__0.0098,Refri,CH2F,Refri:CH2F,3,0.0017138535622507334,0.0037377257831394672,0.0012459085943798225,0.05421842114478065,0.054213474619536774
V7-A,43,Case3_BF4_vs_PF6,[bmim]__[BF4]__R32__283.1__0.0998,Cation,Imidazolium_Ring,Cation:Imidazolium_Ring,5,0.002714361995458603,0.022730223834514618,0.004546044766902924,0.24559679767689246,0.24556180036384642
V7-A,43,Case3_BF4_vs_PF6,[bmim]__[BF4]__R32__283.1__0.0998,Cation,Alkyl_Chain,Cation:Alkyl_Chain,5,0.007043696474283934,0.01950046606361866,0.003900093212723732,0.2106997297210703,0.21066970520743852
V7-A,43,Case3_BF4_vs_PF6,[bmim]__[BF4]__R32__283.1__0.0998,Anion,BF4_Core,Anion:BF4_Core,5,-0.015621202066540718,0.04860458895564079,0.009720917791128159,0.5251655895170352,0.5250907539136757
V7-A,43,Case3_BF4_vs_PF6,[bmim]__[BF4]__R32__283.1__0.0998,Refri,CH2F,Refri:CH2F,3,-0.00015954289119690657,0.0017157078254967928,0.0005719026084989309,0.018537976165961277,0.018535334521765357
V7-A,43,Case3_BF4_vs_PF6,[bmim]__[PF6]__R32__283.2__0.0996,Cation,Imidazolium_Ring,Cation:Imidazolium_Ring,5,0.002743266988545656,0.023668449372053146,0.004733689874410629,0.22167601689488872,0.22165139717619617
V7-A,43,Case3_BF4_vs_PF6,[bmim]__[PF6]__R32__283.2__0.0996,Cation,Alkyl_Chain,Cation:Alkyl_Chain,5,0.007194047793745995,0.020126668736338615,0.004025333747267723,0.18850410048841323,0.18848316489965886
V7-A,43,Case3_BF4_vs_PF6,[bmim]__[PF6]__R32__283.2__0.0996,Anion,PF6_Core,Anion:PF6_Core,7,-0.02094954252243042,0.058957427740097046,0.008422489677156721,0.5521885926006148,0.5521272655883134
V7-A,43,Case3_BF4_vs_PF6,[bmim]__[PF6]__R32__283.2__0.0996,Refri,CH2F,Refri:CH2F,3,0.001766115427017212,0.004017908591777086,0.0013393028639256954,0.03763127693209052,0.037627097537922906
V7-A,43,Case3_BF4_vs_PF6,[bmim]__[BF4]__R32__283.2__0.2499,Cation,Imidazolium_Ring,Cation:Imidazolium_Ring,5,0.001246249070391059,0.009808387607336044,0.001961677521467209,0.07292184354750618,0.07291468565957195
V7-A,43,Case3_BF4_vs_PF6,[bmim]__[BF4]__R32__283.2__0.2499,Cation,Alkyl_Chain,Cation:Alkyl_Chain,5,0.002822848502546549,0.008273306302726269,0.0016546612605452538,0.06150906468834577,0.06150302705996777
V7-A,43,Case3_BF4_vs_PF6,[bmim]__[BF4]__R32__283.2__0.2499,Anion,BF4_Core,Anion:BF4_Core,5,-0.026526860892772675,0.08176480233669281,0.016352960467338563,0.6078919759685637,0.6078323062944521
V7-A,43,Case3_BF4_vs_PF6,[bmim]__[BF4]__R32__283.2__0.2499,Refri,CH2F,Refri:CH2F,3,0.013511944562196732,0.03465898334980011,0.01155299444993337,0.25767710887153505,0.2576518157113681
V7-A,43,Case3_BF4_vs_PF6,[bmim]__[PF6]__R32__283.2__0.2497,Cation,Imidazolium_Ring,Cation:Imidazolium_Ring,5,-0.0007969109574332833,0.008513430133461952,0.0017026860266923904,0.03906804956877393,0.03906646111686297
V7-A,43,Case3_BF4_vs_PF6,[bmim]__[PF6]__R32__283.2__0.2497,Cation,Alkyl_Chain,Cation:Alkyl_Chain,5,-0.003470784053206444,0.008052949793636799,0.0016105899587273598,0.03695490968746743,0.03695340715285
V7-A,43,Case3_BF4_vs_PF6,[bmim]__[PF6]__R32__283.2__0.2497,Anion,PF6_Core,Anion:PF6_Core,7,-0.04734751582145691,0.1280430257320404,0.018291860818862915,0.5875882221166415,0.5875643316065038
V7-A,43,Case3_BF4_vs_PF6,[bmim]__[PF6]__R32__283.2__0.2497,Refri,CH2F,Refri:CH2F,3,0.028461569920182228,0.07330343872308731,0.024434479574362438,0.3363887801626435,0.3363751030682768
V7-A,43,Case3_BF4_vs_PF6,[bmim]__[BF4]__R32__283.2__0.3995,Cation,Imidazolium_Ring,Cation:Imidazolium_Ring,5,-0.0027143247425556183,0.024577206000685692,0.004915441200137138,0.14098217708630278,0.1409692363137096
V7-A,43,Case3_BF4_vs_PF6,[bmim]__[BF4]__R32__283.2__0.3995,Cation,Alkyl_Chain,Cation:Alkyl_Chain,5,-0.008189471438527107,0.02157309092581272,0.004314618185162544,0.12374967785666877,0.1237383188574483
V7-A,43,Case3_BF4_vs_PF6,[bmim]__[BF4]__R32__283.2__0.3995,Anion,BF4_Core,Anion:BF4_Core,5,-0.022302787750959396,0.06816057860851288,0.013632115721702576,0.39098938925043497,0.3909535002829272
V7-A,43,Case3_BF4_vs_PF6,[bmim]__[BF4]__R32__283.2__0.3995,Refri,CH2F,Refri:CH2F,3,0.02302642911672592,0.06001758947968483,0.020005863159894943,0.34427877717596866,0.344247175781692
V7-A,43,Case3_BF4_vs_PF6,[bmim]__[PF6]__R32__283.2__0.3996,Cation,Imidazolium_Ring,Cation:Imidazolium_Ring,5,-0.0056290775537490845,0.04906078055500984,0.009812156111001969,0.1562209139123929,0.1562092132118365
V7-A,43,Case3_BF4_vs_PF6,[bmim]__[PF6]__R32__283.2__0.3996,Cation,Alkyl_Chain,Cation:Alkyl_Chain,5,-0.01668737269937992,0.04347694292664528,0.008695388585329056,0.1384406787108059,0.13843030972187956
V7-A,43,Case3_BF4_vs_PF6,[bmim]__[PF6]__R32__283.2__0.3996,Anion,PF6_Core,Anion:PF6_Core,7,-0.04207997024059296,0.11327990144491196,0.01618284306355885,0.3607095022018121,0.360682485627863
V7-A,43,Case3_BF4_vs_PF6,[bmim]__[PF6]__R32__283.2__0.3996,Refri,CH2F,Refri:CH2F,3,0.04085003584623337,0.108229860663414,0.036076620221138,0.3446290000725017,0.344603187902851
V7-A,43,Case4_R1336mzz_Stereo,[emim]__[Tf2N]__R1336mzz(E)__293.1__0.194,Cation,Imidazolium_Ring,Cation:Imidazolium_Ring,5,-0.000808205921202898,0.00796620175242424,0.001593240350484848,0.01574516449812944,0.015742953728195067
V7-A,43,Case4_R1336mzz_Stereo,[emim]__[Tf2N]__R1336mzz(E)__293.1__0.194,Cation,Alkyl_Chain,Cation:Alkyl_Chain,3,-0.002060618018731475,0.003963129129260778,0.0013210430430869262,0.007833108174614096,0.007832008332180111
V7-A,43,Case4_R1336mzz_Stereo,[emim]__[Tf2N]__R1336mzz(E)__293.1__0.194,Anion,CF3,Anion:CF3,8,-0.030707934871315956,0.128121480345726,0.01601518504321575,0.25323157088927856,0.25319601478293097
V7-A,43,Case4_R1336mzz_Stereo,[emim]__[Tf2N]__R1336mzz(E)__293.1__0.194,Anion,Sulfonyl_SO2,Anion:Sulfonyl_SO2,6,-0.07159951329231262,0.18695944547653198,0.031159907579421997,0.3695245632727343,0.36947267853093996
V7-A,43,Case4_R1336mzz_Stereo,[emim]__[Tf2N]__R1336mzz(E)__293.1__0.194,Anion,Sulfonimide_N,Anion:Sulfonimide_N,1,0.015461020171642303,0.02866229973733425,0.02866229973733425,0.056650915741831995,0.05664296141774148
V7-A,43,Case4_R1336mzz_Stereo,[emim]__[Tf2N]__R1336mzz(E)__293.1__0.194,Refri,CF3,Refri:CF3,8,-0.0016818291042000055,0.05446188896894455,0.006807736121118069,0.1076436961233048,0.10762858193081463
V7-A,43,Case4_R1336mzz_Stereo,[emim]__[Tf2N]__R1336mzz(E)__293.1__0.194,Refri,Alkene_C=C,Refri:Alkene_C=C,2,0.08026021718978882,0.0958114042878151,0.04790570214390755,0.18937084048233557,0.1893442510262118
V7-A,43,Case4_R1336mzz_Stereo,[emim]__[Tf2N]__R1336mzz(E)__293.1__0.223,Cation,Imidazolium_Ring,Cation:Imidazolium_Ring,5,-0.0013325742911547422,0.014154989272356033,0.0028309978544712065,0.026815260777760214,0.026811424437886328
V7-A,43,Case4_R1336mzz_Stereo,[emim]__[Tf2N]__R1336mzz(E)__293.1__0.223,Cation,Alkyl_Chain,Cation:Alkyl_Chain,3,-0.0034279481042176485,0.006676383316516876,0.0022254611055056253,0.012647763713556604,0.012645954254359024
V7-A,43,Case4_R1336mzz_Stereo,[emim]__[Tf2N]__R1336mzz(E)__293.1__0.223,Anion,CF3,Anion:CF3,8,-0.0310092531144619,0.12959933280944824,0.01619991660118103,0.24551342562272757,0.24547830111090213
V7-A,43,Case4_R1336mzz_Stereo,[emim]__[Tf2N]__R1336mzz(E)__293.1__0.223,Anion,Sulfonyl_SO2,Anion:Sulfonyl_SO2,6,-0.07269150018692017,0.18939286470413208,0.03156547745068868,0.3587864998532102,0.3587351698673858
V7-A,43,Case4_R1336mzz_Stereo,[emim]__[Tf2N]__R1336mzz(E)__293.1__0.223,Anion,Sulfonimide_N,Anion:Sulfonimide_N,1,0.01568419300019741,0.029023058712482452,0.029023058712482452,0.05498138309884601,0.05497351715735651
V7-A,43,Case4_R1336mzz_Stereo,[emim]__[Tf2N]__R1336mzz(E)__293.1__0.223,Refri,CF3,Refri:CF3,8,-0.0017706138314679265,0.05751532316207886,0.007189415395259857,0.10895722770488471,0.10894163967981732
V7-A,43,Case4_R1336mzz_Stereo,[emim]__[Tf2N]__R1336mzz(E)__293.1__0.223,Refri,Alkene_C=C,Refri:Alkene_C=C,2,0.08505077660083771,0.10150864720344543,0.05075432360172272,0.19229833337097174,0.19227082210527469
V7-A,43,Case4_R1336mzz_Stereo,[emim]__[Tf2N]__R1336mzz(E)__303__0.228,Cation,Imidazolium_Ring,Cation:Imidazolium_Ring,5,-0.002255353145301342,0.02174459397792816,0.004348918795585632,0.039456348138964606,0.03945061596931974
V7-A,43,Case4_R1336mzz_Stereo,[emim]__[Tf2N]__R1336mzz(E)__303__0.228,Cation,Alkyl_Chain,Cation:Alkyl_Chain,3,-0.005238302983343601,0.010147616267204285,0.0033825387557347617,0.018413214825986002,0.018410539776822346
V7-A,43,Case4_R1336mzz_Stereo,[emim]__[Tf2N]__R1336mzz(E)__303__0.228,Anion,CF3,Anion:CF3,8,-0.03133128583431244,0.1309509128332138,0.016368864104151726,0.23761514292274646,0.23758062248753978
V7-A,43,Case4_R1336mzz_Stereo,[emim]__[Tf2N]__R1336mzz(E)__303__0.228,Anion,Sulfonyl_SO2,Anion:Sulfonyl_SO2,6,-0.07384566962718964,0.19172561168670654,0.03195426861445109,0.3478930206535598,0.34784247918414585
V7-A,43,Case4_R1336mzz_Stereo,[emim]__[Tf2N]__R1336mzz(E)__303__0.228,Anion,Sulfonimide_N,Anion:Sulfonimide_N,1,0.015917688608169556,0.02941521629691124,0.02941521629691124,0.053374968324171004,0.053367214074534264
V7-A,43,Case4_R1336mzz_Stereo,[emim]__[Tf2N]__R1336mzz(E)__303__0.228,Refri,CF3,Refri:CF3,8,-0.0019437959417700768,0.06026484817266464,0.00753310602158308,0.10935273532612828,0.10933684869546971
V7-A,43,Case4_R1336mzz_Stereo,[emim]__[Tf2N]__R1336mzz(E)__303__0.228,Refri,Alkene_C=C,Refri:Alkene_C=C,2,0.08956661075353622,0.10685624182224274,0.05342812091112137,0.19389449545203774,0.19386632669862897
V7-A,43,Case4_R1336mzz_Stereo,[emim]__[Tf2N]__R1336mzz(E)__303__0.293,Cation,Imidazolium_Ring,Cation:Imidazolium_Ring,5,-0.002309975679963827,0.02377760410308838,0.0047555208206176754,0.0434925384264659,0.043486313916508264
V7-A,43,Case4_R1336mzz_Stereo,[emim]__[Tf2N]__R1336mzz(E)__303__0.293,Cation,Alkyl_Chain,Cation:Alkyl_Chain,3,-0.0057123564183712006,0.01107101235538721,0.003690337451795737,0.020250418343201203,0.02024752016951017
V7-A,43,Case4_R1336mzz_Stereo,[emim]__[Tf2N]__R1336mzz(E)__303__0.293,Anion,CF3,Anion:CF3,8,-0.03084813989698887,0.1287582814693451,0.016094785183668137,0.23551676948830344,0.23548306309796824
V7-A,43,Case4_R1336mzz_Stereo,[emim]__[Tf2N]__R1336mzz(E)__303__0.293,Anion,Sulfonyl_SO2,Anion:Sulfonyl_SO2,6,-0.07203947007656097,0.18801149725914001,0.03133524954319,0.34389912598883104,0.3438499082698478
V7-A,43,Case4_R1336mzz_Stereo,[emim]__[Tf2N]__R1336mzz(E)__303__0.293,Anion,Sulfonimide_N,Anion:Sulfonimide_N,1,0.015520961955189705,0.028844894841313362,0.028844894841313362,0.05276131656722481,0.052753765540031805
V7-A,43,Case4_R1336mzz_Stereo,[emim]__[Tf2N]__R1336mzz(E)__303__0.293,Refri,CF3,Refri:CF3,8,-0.0023710711393505335,0.059614844620227814,0.007451855577528477,0.10904382582836779,0.10902821983239136
V7-A,43,Case4_R1336mzz_Stereo,[emim]__[Tf2N]__R1336mzz(E)__303__0.293,Refri,Alkene_C=C,Refri:Alkene_C=C,2,0.08945558965206146,0.10662722587585449,0.053313612937927246,0.1950359968400145,0.1950080839255618
V7-A,43,Case4_R1336mzz_Stereo,[emim]__[Tf2N]__R1336mzz(E)__322.5__0.336,Cation,Imidazolium_Ring,Cation:Imidazolium_Ring,5,-0.006109388545155525,0.052343107759952545,0.01046862155199051,0.10281789194499638,0.10280201186923958
V7-A,43,Case4_R1336mzz_Stereo,[emim]__[Tf2N]__R1336mzz(E)__322.5__0.336,Cation,Alkyl_Chain,Cation:Alkyl_Chain,3,-0.012325527146458626,0.02378445491194725,0.00792815163731575,0.04671995263105578,0.04671273680146522
V7-A,43,Case4_R1336mzz_Stereo,[emim]__[Tf2N]__R1336mzz(E)__322.5__0.336,Anion,CF3,Anion:CF3,8,-0.024702928960323334,0.10240545868873596,0.012800682336091995,0.20115567906902193,0.20112461086326414
V7-A,43,Case4_R1336mzz_Stereo,[emim]__[Tf2N]__R1336mzz(E)__322.5__0.336,Anion,Sulfonyl_SO2,Anion:Sulfonyl_SO2,6,-0.05584727227687836,0.14831921458244324,0.02471986909707387,0.29134435517739704,0.2912993574601319
V7-A,43,Case4_R1336mzz_Stereo,[emim]__[Tf2N]__R1336mzz(E)__322.5__0.336,Anion,Sulfonimide_N,Anion:Sulfonimide_N,1,0.012048356235027313,0.02272813580930233,0.02272813580930233,0.04464501845150221,0.04463812309251592
V7-A,43,Case4_R1336mzz_Stereo,[emim]__[Tf2N]__R1336mzz(E)__322.5__0.336,Refri,CF3,Refri:CF3,8,-0.0019654976204037666,0.05726988613605499,0.007158735767006874,0.11249559333472192,0.11247821855188336
V7-A,43,Case4_R1336mzz_Stereo,[emim]__[Tf2N]__R1336mzz(E)__322.5__0.336,Refri,Alkene_C=C,Refri:Alkene_C=C,2,0.08573635667562485,0.10223530232906342,0.05111765116453171,0.20082143987400128,0.20079042329100716
V7-A,43,Case4_R1336mzz_Stereo,[emim]__[Tf2N]__R1336mzz(E)__322.5__0.488,Cation,Imidazolium_Ring,Cation:Imidazolium_Ring,5,-0.007024209946393967,0.0641602873802185,0.012832057476043702,0.09924637072910145,0.09923106037001041
V7-A,43,Case4_R1336mzz_Stereo,[emim]__[Tf2N]__R1336mzz(E)__322.5__0.488,Cation,Alkyl_Chain,Cation:Alkyl_Chain,3,-0.014900042675435543,0.02887663245201111,0.00962554415067037,0.04466783249826734,0.044660941762109004
V7-A,43,Case4_R1336mzz_Stereo,[emim]__[Tf2N]__R1336mzz(E)__322.5__0.488,Anion,CF3,Anion:CF3,8,-0.03173460811376572,0.13158434629440308,0.016448043286800385,0.20354130799150916,0.20350990845022301
V7-A,43,Case4_R1336mzz_Stereo,[emim]__[Tf2N]__R1336mzz(E)__322.5__0.488,Anion,Sulfonyl_SO2,Anion:Sulfonyl_SO2,6,-0.07221733033657074,0.19098985195159912,0.03183164199193319,0.29543274237466566,0.29538716709226714
V7-A,43,Case4_R1336mzz_Stereo,[emim]__[Tf2N]__R1336mzz(E)__322.5__0.488,Anion,Sulfonimide_N,Anion:Sulfonimide_N,1,0.015538124367594719,0.02929309383034706,0.02929309383034706,0.04531203597734069,0.0453050458623686
V7-A,43,Case4_R1336mzz_Stereo,[emim]__[Tf2N]__R1336mzz(E)__322.5__0.488,Refri,CF3,Refri:CF3,8,-0.0027220735792070627,0.07194168120622635,0.008992710150778294,0.11128302343092862,0.11126585622333256
V7-A,43,Case4_R1336mzz_Stereo,[emim]__[Tf2N]__R1336mzz(E)__322.5__0.488,Refri,Alkene_C=C,Refri:Alkene_C=C,2,0.10879278928041458,0.12962906062602997,0.06481453031301498,0.20051677343519286,0.20048584047731727
V7-A,43,Case4_R1336mzz_Stereo,[emim]__[Tf2N]__R1336mzz(E)__332.9__0.381,Cation,Imidazolium_Ring,Cation:Imidazolium_Ring,5,-0.006640490144491196,0.05740562826395035,0.01148112565279007,0.13168761972607085,0.1316667116481554
V7-A,43,Case4_R1336mzz_Stereo,[emim]__[Tf2N]__R1336mzz(E)__332.9__0.381,Cation,Alkyl_Chain,Cation:Alkyl_Chain,3,-0.01350444182753563,0.026055550202727318,0.008685183400909105,0.05977102752144302,0.0597615376597301
V7-A,43,Case4_R1336mzz_Stereo,[emim]__[Tf2N]__R1336mzz(E)__332.9__0.381,Anion,CF3,Anion:CF3,8,-0.019398614764213562,0.0805191695690155,0.010064896196126938,0.1847097245257788,0.1846803981143807
V7-A,43,Case4_R1336mzz_Stereo,[emim]__[Tf2N]__R1336mzz(E)__332.9__0.381,Anion,Sulfonyl_SO2,Anion:Sulfonyl_SO2,6,-0.04387996345758438,0.11657048761844635,0.01942841460307439,0.2674108882529326,0.26736843135608335
V7-A,43,Case4_R1336mzz_Stereo,[emim]__[Tf2N]__R1336mzz(E)__332.9__0.381,Anion,Sulfonimide_N,Anion:Sulfonimide_N,1,0.009467892348766327,0.017854582518339157,0.017854582518339157,0.040958135014773904,0.040951632080937446
V7-A,43,Case4_R1336mzz_Stereo,[emim]__[Tf2N]__R1336mzz(E)__332.9__0.381,Refri,CF3,Refri:CF3,8,-0.0016654583159834146,0.049347322434186935,0.006168415304273367,0.11320199129836728,0.11318401818852468
V7-A,43,Case4_R1336mzz_Stereo,[emim]__[Tf2N]__R1336mzz(E)__332.9__0.381,Refri,Alkene_C=C,Refri:Alkene_C=C,2,0.07394446432590485,0.08816997706890106,0.04408498853445053,0.202260558113206,0.202228445151357
V7-A,43,Case4_R1336mzz_Stereo,[emim]__[Tf2N]__R1336mzz(E)__332.9__0.623,Cation,Imidazolium_Ring,Cation:Imidazolium_Ring,5,-0.008866339921951294,0.07808232307434082,0.015616464614868163,0.11995826563953402,0.11993918294615472
V7-A,43,Case4_R1336mzz_Stereo,[emim]__[Tf2N]__R1336mzz(E)__332.9__0.623,Cation,Alkyl_Chain,Cation:Alkyl_Chain,3,-0.018147656694054604,0.03511817380785942,0.01170605793595314,0.05395222704129427,0.05394364444133527
V7-A,43,Case4_R1336mzz_Stereo,[emim]__[Tf2N]__R1336mzz(E)__332.9__0.623,Anion,CF3,Anion:CF3,8,-0.029877591878175735,0.12369222193956375,0.015461527742445469,0.1900289826526226,0.18999875326584542
V7-A,43,Case4_R1336mzz_Stereo,[emim]__[Tf2N]__R1336mzz(E)__332.9__0.623,Anion,Sulfonyl_SO2,Anion:Sulfonyl_SO2,6,-0.06767980754375458,0.17952314019203186,0.029920523365338642,0.2758023031550393,0.27575842913971943
V7-A,43,Case4_R1336mzz_Stereo,[emim]__[Tf2N]__R1336mzz(E)__332.9__0.623,Anion,Sulfonimide_N,Anion:Sulfonimide_N,1,0.014572503976523876,0.027503671124577522,0.027503671124577522,0.04225402827325274,0.04224730659666564
V7-A,43,Case4_R1336mzz_Stereo,[emim]__[Tf2N]__R1336mzz(E)__332.9__0.623,Refri,CF3,Refri:CF3,8,-0.002566408831626177,0.07407684624195099,0.009259605780243874,0.11380463143713776,0.11378652765016417
V7-A,43,Case4_R1336mzz_Stereo,[emim]__[Tf2N]__R1336mzz(E)__332.9__0.623,Refri,Alkene_C=C,Refri:Alkene_C=C,2,0.11150854825973511,0.13291603326797485,0.06645801663398743,0.20419957038589265,0.20416708677362064
V7-A,43,Case4_R1336mzz_Stereo,[emim]__[Tf2N]__R1336mzz(E)__342.9__0.453,Cation,Imidazolium_Ring,Cation:Imidazolium_Ring,5,-0.006451695691794157,0.05628708004951477,0.011257416009902954,0.13780339743842307,0.13778121773356483
V7-A,43,Case4_R1336mzz_Stereo,[emim]__[Tf2N]__R1336mzz(E)__342.9__0.453,Cation,Alkyl_Chain,Cation:Alkyl_Chain,3,-0.01318725198507309,0.025477522984147072,0.008492507661382357,0.06237469100266898,0.06236465168388018
V7-A,43,Case4_R1336mzz_Stereo,[emim]__[Tf2N]__R1336mzz(E)__342.9__0.453,Anion,CF3,Anion:CF3,8,-0.01772233285009861,0.07374684512615204,0.009218355640769005,0.18054881865979067,0.18051975900244682
V7-A,43,Case4_R1336mzz_Stereo,[emim]__[Tf2N]__R1336mzz(E)__342.9__0.453,Anion,Sulfonyl_SO2,Anion:Sulfonyl_SO2,6,-0.04047384485602379,0.10695520043373108,0.01782586673895518,0.2618503212550764,0.2618081759745504
V7-A,43,Case4_R1336mzz_Stereo,[emim]__[Tf2N]__R1336mzz(E)__342.9__0.453,Anion,Sulfonimide_N,Anion:Sulfonimide_N,1,0.008709520101547241,0.01639099046587944,0.01639099046587944,0.04012882124267272,0.04012236243666346
V7-A,43,Case4_R1336mzz_Stereo,[emim]__[Tf2N]__R1336mzz(E)__342.9__0.453,Refri,CF3,Refri:CF3,8,-0.001567572820931673,0.04633249342441559,0.0057915616780519485,0.11343233651596936,0.11341407937723351
V7-A,43,Case4_R1336mzz_Stereo,[emim]__[Tf2N]__R1336mzz(E)__342.9__0.453,Refri,Alkene_C=C,Refri:Alkene_C=C,2,0.0698578804731369,0.0832691341638565,0.04163456708192825,0.2038615181217632,0.20382870624347904
V7-A,43,Case4_R1336mzz_Stereo,[emim]__[Tf2N]__R1336mzz(E)__342.9__0.8,Cation,Imidazolium_Ring,Cation:Imidazolium_Ring,5,-0.012184560298919678,0.10836045444011688,0.021672090888023375,0.14961526458804725,0.14959072461823889
V7-A,43,Case4_R1336mzz_Stereo,[emim]__[Tf2N]__R1336mzz(E)__342.9__0.8,Cation,Alkyl_Chain,Cation:Alkyl_Chain,3,-0.02515699341893196,0.04868367686867714,0.016227892289559048,0.06721844452813158,0.067207419325564
V7-A,43,Case4_R1336mzz_Stereo,[emim]__[Tf2N]__R1336mzz(E)__342.9__0.8,Anion,CF3,Anion:CF3,8,-0.030164945870637894,0.12516985833644867,0.015646232292056084,0.17282431649274246,0.17279596976274428
V7-A,43,Case4_R1336mzz_Stereo,[emim]__[Tf2N]__R1336mzz(E)__342.9__0.8,Anion,Sulfonyl_SO2,Anion:Sulfonyl_SO2,6,-0.06879983842372894,0.18176928162574768,0.030294880270957947,0.25097217711877085,0.2509310125379629
V7-A,43,Case4_R1336mzz_Stereo,[emim]__[Tf2N]__R1336mzz(E)__342.9__0.8,Anion,Sulfonimide_N,Anion:Sulfonimide_N,1,0.014776886440813541,0.027874458581209183,0.027874458581209183,0.03848677561776823,0.03848046299776731
V7-A,43,Case4_R1336mzz_Stereo,[emim]__[Tf2N]__R1336mzz(E)__342.9__0.8,Refri,CF3,Refri:CF3,8,-0.0029921550303697586,0.08276625722646713,0.010345782153308392,0.11427688761441578,0.11425814386270318
V7-A,43,Case4_R1336mzz_Stereo,[emim]__[Tf2N]__R1336mzz(E)__342.9__0.8,Refri,Alkene_C=C,Refri:Alkene_C=C,2,0.12559601664543152,0.14963677525520325,0.07481838762760162,0.20660623691165508,0.2065723492543362
V7-A,43,Case4_R1336mzz_Stereo,[emim]__[Tf2N]__R1336mzz(E)__352.8__0.511,Cation,Imidazolium_Ring,Cation:Imidazolium_Ring,5,-0.006651517003774643,0.05631932243704796,0.011263864487409592,0.16127149041577252,0.16124465497578205
V7-A,43,Case4_R1336mzz_Stereo,[emim]__[Tf2N]__R1336mzz(E)__352.8__0.511,Cation,Alkyl_Chain,Cation:Alkyl_Chain,3,-0.01320755947381258,0.025475967675447464,0.008491989225149155,0.0729509358248382,0.07293879685064303
V7-A,43,Case4_R1336mzz_Stereo,[emim]__[Tf2N]__R1336mzz(E)__352.8__0.511,Anion,CF3,Anion:CF3,8,-0.013928988948464394,0.0579301156103611,0.007241264451295137,0.16588402843240316,0.1658564254699769
V7-A,43,Case4_R1336mzz_Stereo,[emim]__[Tf2N]__R1336mzz(E)__352.8__0.511,Anion,Sulfonyl_SO2,Anion:Sulfonyl_SO2,6,-0.031680166721343994,0.08397446572780609,0.013995744287967682,0.24046253858840552,0.24042252582478807
V7-A,43,Case4_R1336mzz_Stereo,[emim]__[Tf2N]__R1336mzz(E)__352.8__0.511,Anion,Sulfonimide_N,Anion:Sulfonimide_N,1,0.006822304800152779,0.012859465554356575,0.012859465554356575,0.036823333203617234,0.03681720583202858
V7-A,43,Case4_R1336mzz_Stereo,[emim]__[Tf2N]__R1336mzz(E)__352.8__0.511,Refri,CF3,Refri:CF3,8,-0.001208959030918777,0.040371235460042953,0.005046404432505369,0.1156038288607735,0.11558459248115015
V7-A,43,Case4_R1336mzz_Stereo,[emim]__[Tf2N]__R1336mzz(E)__352.8__0.511,Refri,Alkene_C=C,Refri:Alkene_C=C,2,0.060621317476034164,0.07228997349739075,0.036144986748695374,0.2070037646683731,0.20696931941651717
V7-A,43,Case4_R1336mzz_Stereo,[emim]__[Tf2N]__R1336mzz(Z)__293.1__0.05,Cation,Imidazolium_Ring,Cation:Imidazolium_Ring,5,-0.004521161317825317,0.03980400785803795,0.00796080157160759,0.06656031483865463,0.06655034548682782
V7-A,43,Case4_R1336mzz_Stereo,[emim]__[Tf2N]__R1336mzz(Z)__293.1__0.05,Cation,Alkyl_Chain,Cation:Alkyl_Chain,3,-0.00927446037530899,0.01797454059123993,0.00599151353041331,0.030057050664346857,0.030052548742838893
V7-A,43,Case4_R1336mzz_Stereo,[emim]__[Tf2N]__R1336mzz(Z)__293.1__0.05,Anion,CF3,Anion:CF3,8,-0.03279336541891098,0.13557961583137512,0.01694745197892189,0.22671641377484647,0.2266824563679545
V7-A,43,Case4_R1336mzz_Stereo,[emim]__[Tf2N]__R1336mzz(Z)__293.1__0.05,Anion,Sulfonyl_SO2,Anion:Sulfonyl_SO2,6,-0.07429028302431107,0.19669699668884277,0.03278283278147379,0.32891697926804037,0.32886771434049183
V7-A,43,Case4_R1336mzz_Stereo,[emim]__[Tf2N]__R1336mzz(Z)__293.1__0.05,Anion,Sulfonimide_N,Anion:Sulfonimide_N,1,0.015995196998119354,0.030159423127770424,0.030159423127770424,0.05043262743531055,0.05042507367587189
V7-A,43,Case4_R1336mzz_Stereo,[emim]__[Tf2N]__R1336mzz(Z)__293.1__0.05,Refri,CF3,Refri:CF3,8,-0.0020106229931116104,0.06388484686613083,0.007985605858266354,0.10682832583076747,0.10681232516779199
V7-A,43,Case4_R1336mzz_Stereo,[emim]__[Tf2N]__R1336mzz(Z)__293.1__0.05,Refri,Alkene_C=C,Refri:Alkene_C=C,2,0.09550833702087402,0.11391472816467285,0.056957364082336426,0.19048835982654064,0.1904598286291954
V7-A,43,Case4_R1336mzz_Stereo,[emim]__[Tf2N]__R1336mzz(Z)__293.1__0.06,Cation,Imidazolium_Ring,Cation:Imidazolium_Ring,5,-0.003617684356868267,0.03125900775194168,0.006251801550388336,0.05226891095921744,0.05226115702334913
V7-A,43,Case4_R1336mzz_Stereo,[emim]__[Tf2N]__R1336mzz(Z)__293.1__0.06,Cation,Alkyl_Chain,Cation:Alkyl_Chain,3,-0.007256524637341499,0.014071105979382992,0.004690368659794331,0.023528622257320265,0.02352513185691389
V7-A,43,Case4_R1336mzz_Stereo,[emim]__[Tf2N]__R1336mzz(Z)__293.1__0.06,Anion,CF3,Anion:CF3,8,-0.0339336022734642,0.1403682678937912,0.0175460334867239,0.23471303229656787,0.23467821332355912
V7-A,43,Case4_R1336mzz_Stereo,[emim]__[Tf2N]__R1336mzz(Z)__293.1__0.06,Anion,Sulfonyl_SO2,Anion:Sulfonyl_SO2,6,-0.07687782496213913,0.20360763370990753,0.033934605618317924,0.3404570407817586,0.3404065350028608
V7-A,43,Case4_R1336mzz_Stereo,[emim]__[Tf2N]__R1336mzz(Z)__293.1__0.06,Anion,Sulfonimide_N,Anion:Sulfonimide_N,1,0.016556721180677414,0.031209396198391914,0.031209396198391914,0.052185954331303366,0.05217821270180151
V7-A,43,Case4_R1336mzz_Stereo,[emim]__[Tf2N]__R1336mzz(Z)__293.1__0.06,Refri,CF3,Refri:CF3,8,-0.0019203901756554842,0.06391565501689911,0.007989456877112389,0.1068748473236756,0.10685899276124307
V7-A,43,Case4_R1336mzz_Stereo,[emim]__[Tf2N]__R1336mzz(Z)__293.1__0.06,Refri,Alkene_C=C,Refri:Alkene_C=C,2,0.09522724896669388,0.11361098289489746,0.05680549144744873,0.1899715562325777,0.18994337452309115
V7-A,43,Case4_R1336mzz_Stereo,[emim]__[Tf2N]__R1336mzz(Z)__303__0.07,Cation,Imidazolium_Ring,Cation:Imidazolium_Ring,5,-0.00623626634478569,0.05339496210217476,0.010678992420434952,0.10253837381995495,0.10252230558211606
V7-A,43,Case4_R1336mzz_Stereo,[emim]__[Tf2N]__R1336mzz(Z)__303__0.07,Cation,Alkyl_Chain,Cation:Alkyl_Chain,3,-0.012418198399245739,0.02402784302830696,0.008009281009435654,0.04614247961837937,0.0461352488782246
V7-A,43,Case4_R1336mzz_Stereo,[emim]__[Tf2N]__R1336mzz(Z)__303__0.07,Anion,CF3,Anion:CF3,8,-0.02600536122918129,0.10719892382621765,0.013399865478277206,0.2058621804685555,0.2058299209119176
V7-A,43,Case4_R1336mzz_Stereo,[emim]__[Tf2N]__R1336mzz(Z)__303__0.07,Anion,Sulfonyl_SO2,Anion:Sulfonyl_SO2,6,-0.05842391774058342,0.15530699491500854,0.025884499152501423,0.2982477386345101,0.29820100183324477
V7-A,43,Case4_R1336mzz_Stereo,[emim]__[Tf2N]__R1336mzz(Z)__303__0.07,Anion,Sulfonimide_N,Anion:Sulfonimide_N,1,0.012576745823025703,0.023812925443053246,0.023812925443053246,0.04572975716611772,0.04572259110148176
V7-A,43,Case4_R1336mzz_Stereo,[emim]__[Tf2N]__R1336mzz(Z)__303__0.07,Refri,CF3,Refri:CF3,8,-0.0016354224644601345,0.05638940632343292,0.007048675790429115,0.10828883095774301,0.10827186159665113
V7-A,43,Case4_R1336mzz_Stereo,[emim]__[Tf2N]__R1336mzz(Z)__303__0.07,Refri,Alkene_C=C,Refri:Alkene_C=C,2,0.08433720469474792,0.100600466132164,0.050300233066082,0.1931906643735853,0.19316039050217731
V7-A,43,Case4_R1336mzz_Stereo,[emim]__[Tf2N]__R1336mzz(Z)__303__0.09,Cation,Imidazolium_Ring,Cation:Imidazolium_Ring,5,-0.005713682156056166,0.050437718629837036,0.010087543725967407,0.08942116850506397,0.08940746326202957
V7-A,43,Case4_R1336mzz_Stereo,[emim]__[Tf2N]__R1336mzz(Z)__303__0.09,Cation,Alkyl_Chain,Cation:Alkyl_Chain,3,-0.011778070591390133,0.02281424030661583,0.0076047467688719434,0.04044742867426373,0.040441229450418135
V7-A,43,Case4_R1336mzz_Stereo,[emim]__[Tf2N]__R1336mzz(Z)__303__0.09,Anion,CF3,Anion:CF3,8,-0.0290919691324234,0.12026552110910416,0.01503319013863802,0.21321906939075363,0.21318639011341448
V7-A,43,Case4_R1336mzz_Stereo,[emim]__[Tf2N]__R1336mzz(Z)__303__0.09,Anion,Sulfonyl_SO2,Anion:Sulfonyl_SO2,6,-0.06611102819442749,0.1747678965330124,0.029127982755502064,0.30984647897831735,0.30979898998472954
V7-A,43,Case4_R1336mzz_Stereo,[emim]__[Tf2N]__R1336mzz(Z)__303__0.09,Anion,Sulfonimide_N,Anion:Sulfonimide_N,1,0.014225419610738754,0.02680182084441185,0.02680182084441185,0.04751702105243358,0.04750973829900191
V7-A,43,Case4_R1336mzz_Stereo,[emim]__[Tf2N]__R1336mzz(Z)__303__0.09,Refri,CF3,Refri:CF3,8,-0.0019527128897607327,0.060593269765377045,0.007574158720672131,0.10742597272742835,0.10740950795640099
V7-A,43,Case4_R1336mzz_Stereo,[emim]__[Tf2N]__R1336mzz(Z)__303__0.09,Refri,Alkene_C=C,Refri:Alkene_C=C,2,0.09087841212749481,0.10836632549762726,0.05418316274881363,0.1921229531358216,0.19209350718013535
V7-A,43,Case4_R1336mzz_Stereo,[emim]__[Tf2N]__R1336mzz(Z)__322.5__0.13,Cation,Imidazolium_Ring,Cation:Imidazolium_Ring,5,-0.0059182774275541306,0.049134254455566406,0.009826850891113282,0.15501672426337362,0.15499082787790108
V7-A,43,Case4_R1336mzz_Stereo,[emim]__[Tf2N]__R1336mzz(Z)__322.5__0.13,Cation,Alkyl_Chain,Cation:Alkyl_Chain,3,-0.011552968993782997,0.022297328338027,0.007432442779342334,0.07034723202957356,0.07033548014250317
V7-A,43,Case4_R1336mzz_Stereo,[emim]__[Tf2N]__R1336mzz(Z)__322.5__0.13,Anion,CF3,Anion:CF3,8,-0.013359587639570236,0.055261921137571335,0.006907740142196417,0.17434928210815043,0.17432015611392115
V7-A,43,Case4_R1336mzz_Stereo,[emim]__[Tf2N]__R1336mzz(Z)__322.5__0.13,Anion,Sulfonyl_SO2,Anion:Sulfonyl_SO2,6,-0.03067842870950699,0.0805463045835495,0.01342438409725825,0.2541205606234097,0.2540781084039755
V7-A,43,Case4_R1336mzz_Stereo,[emim]__[Tf2N]__R1336mzz(Z)__322.5__0.13,Anion,Sulfonimide_N,Anion:Sulfonimide_N,1,0.006603824906051159,0.012337693944573402,0.012337693944573402,0.03892496022263665,0.038918457596683095
V7-A,43,Case4_R1336mzz_Stereo,[emim]__[Tf2N]__R1336mzz(Z)__322.5__0.13,Refri,CF3,Refri:CF3,8,-0.0005693191196769476,0.03527356684207916,0.004409195855259895,0.1112867763138471,0.11126818525361723
V7-A,43,Case4_R1336mzz_Stereo,[emim]__[Tf2N]__R1336mzz(Z)__322.5__0.13,Refri,Alkene_C=C,Refri:Alkene_C=C,2,0.051984578371047974,0.06210992857813835,0.031054964289069176,0.19595448794531042,0.19592175268413767
V7-A,43,Case4_R1336mzz_Stereo,[emim]__[Tf2N]__R1336mzz(Z)__322.5__0.17,Cation,Imidazolium_Ring,Cation:Imidazolium_Ring,5,-0.007137892302125692,0.059228915721178055,0.011845783144235612,0.17293717442546078,0.17290782911455843
V7-A,43,Case4_R1336mzz_Stereo,[emim]__[Tf2N]__R1336mzz(Z)__322.5__0.17,Cation,Alkyl_Chain,Cation:Alkyl_Chain,3,-0.013943896628916264,0.026924964040517807,0.008974988013505936,0.07861577653378109,0.0786024364036912
V7-A,43,Case4_R1336mzz_Stereo,[emim]__[Tf2N]__R1336mzz(Z)__322.5__0.17,Anion,CF3,Anion:CF3,8,-0.013390164822340012,0.055479973554611206,0.006934996694326401,0.1619909759770108,0.1619634881013171
V7-A,43,Case4_R1336mzz_Stereo,[emim]__[Tf2N]__R1336mzz(Z)__322.5__0.17,Anion,Sulfonyl_SO2,Anion:Sulfonyl_SO2,6,-0.030692949891090393,0.08078037202358246,0.013463395337263743,0.2358633298735328,0.2358233067682138
V7-A,43,Case4_R1336mzz_Stereo,[emim]__[Tf2N]__R1336mzz(Z)__322.5__0.17,Anion,Sulfonimide_N,Anion:Sulfonimide_N,1,0.006619165651500225,0.012365107424557209,0.012365107424557209,0.036103763059528754,0.03609763669511205
V7-A,43,Case4_R1336mzz_Stereo,[emim]__[Tf2N]__R1336mzz(Z)__322.5__0.17,Refri,CF3,Refri:CF3,8,-0.0006300202803686261,0.03905819356441498,0.004882274195551872,0.11404250020362006,0.11402314859436846
V7-A,43,Case4_R1336mzz_Stereo,[emim]__[Tf2N]__R1336mzz(Z)__322.5__0.17,Refri,Alkene_C=C,Refri:Alkene_C=C,2,0.05745312198996544,0.0686505138874054,0.0343252569437027,0.20044645001493214,0.20041243671840117
V7-A,43,Case4_R1336mzz_Stereo,[emim]__[Tf2N]__R1336mzz(Z)__332.9__0.18,Cation,Imidazolium_Ring,Cation:Imidazolium_Ring,5,-0.005987422075122595,0.04917263239622116,0.009834526479244233,0.16244434791623613,0.16241665217045742
V7-A,43,Case4_R1336mzz_Stereo,[emim]__[Tf2N]__R1336mzz(Z)__332.9__0.18,Cation,Alkyl_Chain,Cation:Alkyl_Chain,3,-0.011543750762939453,0.02228712849318981,0.007429042831063271,0.07362668782564118,0.07361413493565327
V7-A,43,Case4_R1336mzz_Stereo,[emim]__[Tf2N]__R1336mzz(Z)__332.9__0.18,Anion,CF3,Anion:CF3,8,-0.012143447995185852,0.05041617155075073,0.0063020214438438416,0.16655244417266896,0.1665240480221608
V7-A,43,Case4_R1336mzz_Stereo,[emim]__[Tf2N]__R1336mzz(Z)__332.9__0.18,Anion,Sulfonyl_SO2,Anion:Sulfonyl_SO2,6,-0.028258737176656723,0.07373460382223129,0.01228910063703855,0.24358609765388212,0.24354456774704084
V7-A,43,Case4_R1336mzz_Stereo,[emim]__[Tf2N]__R1336mzz(Z)__332.9__0.18,Anion,Sulfonimide_N,Anion:Sulfonimide_N,1,0.006074982695281506,0.011302007362246513,0.011302007362246513,0.037336768983832654,0.037330403298136354
V7-A,43,Case4_R1336mzz_Stereo,[emim]__[Tf2N]__R1336mzz(Z)__332.9__0.18,Refri,CF3,Refri:CF3,8,-0.0005438224179670215,0.03465361148118973,0.004331701435148716,0.11448000738795226,0.11446048926237859
V7-A,43,Case4_R1336mzz_Stereo,[emim]__[Tf2N]__R1336mzz(Z)__332.9__0.18,Refri,Alkene_C=C,Refri:Alkene_C=C,2,0.05117820203304291,0.06113828718662262,0.03056914359331131,0.20197351068619446,0.20193907546528492
V7-A,43,Case4_R1336mzz_Stereo,[emim]__[Tf2N]__R1336mzz(Z)__332.9__0.24,Cation,Imidazolium_Ring,Cation:Imidazolium_Ring,5,-0.007375716231763363,0.06185253709554672,0.012370507419109344,0.17446328475312764,0.17443372420284856
V7-A,43,Case4_R1336mzz_Stereo,[emim]__[Tf2N]__R1336mzz(Z)__332.9__0.24,Cation,Alkyl_Chain,Cation:Alkyl_Chain,3,-0.014529051259160042,0.028028160333633423,0.009342720111211142,0.07905714376500601,0.07904374855307651
V7-A,43,Case4_R1336mzz_Stereo,[emim]__[Tf2N]__R1336mzz(Z)__332.9__0.24,Anion,CF3,Anion:CF3,8,-0.013623686507344246,0.05648982897400856,0.00706122862175107,0.159337055207999,0.1593100576019499
V7-A,43,Case4_R1336mzz_Stereo,[emim]__[Tf2N]__R1336mzz(Z)__332.9__0.24,Anion,Sulfonyl_SO2,Anion:Sulfonyl_SO2,6,-0.03114752285182476,0.08212501555681229,0.013687502592802048,0.231644499114245,0.2316052499457301
V7-A,43,Case4_R1336mzz_Stereo,[emim]__[Tf2N]__R1336mzz(Z)__332.9__0.24,Anion,Sulfonimide_N,Anion:Sulfonimide_N,1,0.006709642242640257,0.012577876448631287,0.012577876448631287,0.035477568802997565,0.035471557587182935
V7-A,43,Case4_R1336mzz_Stereo,[emim]__[Tf2N]__R1336mzz(Z)__332.9__0.24,Refri,CF3,Refri:CF3,8,-0.0009250519797205925,0.0409141480922699,0.005114268511533737,0.11540378138453503,0.11538422770430459
V7-A,43,Case4_R1336mzz_Stereo,[emim]__[Tf2N]__R1336mzz(Z)__332.9__0.24,Refri,Alkene_C=C,Refri:Alkene_C=C,2,0.06076808273792267,0.07254284620285034,0.03627142310142517,0.20461671951046673,0.20458204985012193
V7-A,43,Case4_R1336mzz_Stereo,[emim]__[Tf2N]__R1336mzz(Z)__342.9__0.24,Cation,Imidazolium_Ring,Cation:Imidazolium_Ring,5,-0.0061295535415410995,0.05177478492259979,0.010354956984519959,0.16905053318921376,0.16902171014866751
V7-A,43,Case4_R1336mzz_Stereo,[emim]__[Tf2N]__R1336mzz(Z)__342.9__0.24,Cation,Alkyl_Chain,Cation:Alkyl_Chain,3,-0.012091213837265968,0.023364393040537834,0.007788131013512611,0.07628738790610015,0.076274380940471
V7-A,43,Case4_R1336mzz_Stereo,[emim]__[Tf2N]__R1336mzz(Z)__342.9__0.24,Anion,CF3,Anion:CF3,8,-0.012028439901769161,0.049895986914634705,0.006236998364329338,0.16291604503100815,0.16288826791795813
V7-A,43,Case4_R1336mzz_Stereo,[emim]__[Tf2N]__R1336mzz(Z)__342.9__0.24,Anion,Sulfonyl_SO2,Anion:Sulfonyl_SO2,6,-0.027781419456005096,0.07273713499307632,0.012122855832179388,0.23749497890947363,0.23745448612144454
V7-A,43,Case4_R1336mzz_Stereo,[emim]__[Tf2N]__R1336mzz(Z)__342.9__0.24,Anion,Sulfonimide_N,Anion:Sulfonimide_N,1,0.005962180905044079,0.011150939390063286,0.011150939390063286,0.036409079289636354,0.03640287155784859
V7-A,43,Case4_R1336mzz_Stereo,[emim]__[Tf2N]__R1336mzz(Z)__342.9__0.24,Refri,CF3,Refri:CF3,8,-0.0007092815358191729,0.035003986209630966,0.004375498276203871,0.1142919770952641,0.11427249036412057
V7-A,43,Case4_R1336mzz_Stereo,[emim]__[Tf2N]__R1336mzz(Z)__342.9__0.24,Refri,Alkene_C=C,Refri:Alkene_C=C,2,0.05223079025745392,0.06234084442257881,0.031170422211289406,0.2035499134348424,0.20351520826534406
V7-A,43,Case4_R1336mzz_Stereo,[emim]__[Tf2N]__R1336mzz(Z)__342.9__0.31,Cation,Imidazolium_Ring,Cation:Imidazolium_Ring,5,-0.006734257563948631,0.05468924343585968,0.010937848687171936,0.16246177417409993,0.16243414639877646
V7-A,43,Case4_R1336mzz_Stereo,[emim]__[Tf2N]__R1336mzz(Z)__342.9__0.31,Cation,Alkyl_Chain,Cation:Alkyl_Chain,3,-0.01282736286520958,0.024747153744101524,0.008249051248033842,0.07351475812133357,0.07350225641605143
V7-A,43,Case4_R1336mzz_Stereo,[emim]__[Tf2N]__R1336mzz(Z)__342.9__0.31,Anion,CF3,Anion:CF3,8,-0.013314388692378998,0.055291738361120224,0.006911467295140028,0.16425156661479293,0.1642236344725888
V7-A,43,Case4_R1336mzz_Stereo,[emim]__[Tf2N]__R1336mzz(Z)__342.9__0.31,Anion,Sulfonyl_SO2,Anion:Sulfonyl_SO2,6,-0.030481260269880295,0.08034206926822662,0.013390344878037771,0.23866695339171592,0.23862636638594817
V7-A,43,Case4_R1336mzz_Stereo,[emim]__[Tf2N]__R1336mzz(Z)__342.9__0.31,Anion,Sulfonimide_N,Anion:Sulfonimide_N,1,0.006549702025949955,0.012309685349464417,0.012309685349464417,0.036567580675062196,0.03656136209898084
V7-A,43,Case4_R1336mzz_Stereo,[emim]__[Tf2N]__R1336mzz(Z)__342.9__0.31,Refri,CF3,Refri:CF3,8,-0.0008038604282774031,0.039377667009830475,0.004922208376228809,0.11697667115759071,0.11695677844618053
V7-A,43,Case4_R1336mzz_Stereo,[emim]__[Tf2N]__R1336mzz(Z)__342.9__0.31,Refri,Alkene_C=C,Refri:Alkene_C=C,2,0.05852734297513962,0.06987084448337555,0.034935422241687775,0.20756076779750718,0.2075254706189073
V7-A,43,Case4_R1336mzz_Stereo,[emim]__[Tf2N]__R1336mzz(Z)__352.8__0.31,Cation,Imidazolium_Ring,Cation:Imidazolium_Ring,5,-0.005770362913608551,0.04855184629559517,0.009710369259119033,0.16506488033191105,0.16503711340353916
V7-A,43,Case4_R1336mzz_Stereo,[emim]__[Tf2N]__R1336mzz(Z)__352.8__0.31,Cation,Alkyl_Chain,Cation:Alkyl_Chain,3,-0.011328534223139286,0.021893301978707314,0.007297767326235771,0.07443208748816572,0.07441956665128208
V7-A,43,Case4_R1336mzz_Stereo,[emim]__[Tf2N]__R1336mzz(Z)__352.8__0.31,Anion,CF3,Anion:CF3,8,-0.011788677424192429,0.0486900620162487,0.006086257752031088,0.16553478133733862,0.16550693536303318
V7-A,43,Case4_R1336mzz_Stereo,[emim]__[Tf2N]__R1336mzz(Z)__352.8__0.31,Anion,Sulfonyl_SO2,Anion:Sulfonyl_SO2,6,-0.026600942015647888,0.07061770558357239,0.011769617597262064,0.2400836221654465,0.24004323571421274
V7-A,43,Case4_R1336mzz_Stereo,[emim]__[Tf2N]__R1336mzz(Z)__352.8__0.31,Anion,Sulfonimide_N,Anion:Sulfonimide_N,1,0.005709896795451641,0.01082286611199379,0.01082286611199379,0.03679520421835383,0.03678901459280838
V7-A,43,Case4_R1336mzz_Stereo,[emim]__[Tf2N]__R1336mzz(Z)__352.8__0.31,Refri,CF3,Refri:CF3,8,-0.0009106831275857985,0.03349430859088898,0.004186788573861122,0.11387278674625356,0.11385363126322935
V7-A,43,Case4_R1336mzz_Stereo,[emim]__[Tf2N]__R1336mzz(Z)__352.8__0.31,Refri,Alkene_C=C,Refri:Alkene_C=C,2,0.05037204921245575,0.060067832469940186,0.030033916234970093,0.20421653005907414,0.20418217710797332
V7-A,43,Case4_R1336mzz_Stereo,[emim]__[Tf2N]__R1336mzz(Z)__352.8__0.41,Cation,Imidazolium_Ring,Cation:Imidazolium_Ring,5,-0.005808979272842407,0.0479341559112072,0.00958683118224144,0.1601848131889867,0.16015794427889166
V7-A,43,Case4_R1336mzz_Stereo,[emim]__[Tf2N]__R1336mzz(Z)__352.8__0.41,Cation,Alkyl_Chain,Cation:Alkyl_Chain,3,-0.011237716302275658,0.021692538633942604,0.007230846211314201,0.07249142459313751,0.07247926510353747
V7-A,43,Case4_R1336mzz_Stereo,[emim]__[Tf2N]__R1336mzz(Z)__352.8__0.41,Anion,CF3,Anion:CF3,8,-0.012020103633403778,0.049902673810720444,0.0062378342263400555,0.16676314269116493,0.16673517035222135
V7-A,43,Case4_R1336mzz_Stereo,[emim]__[Tf2N]__R1336mzz(Z)__352.8__0.41,Anion,Sulfonyl_SO2,Anion:Sulfonyl_SO2,6,-0.027304619550704956,0.07229649275541306,0.01204941545923551,0.24159808316426687,0.24155755824154515
V7-A,43,Case4_R1336mzz_Stereo,[emim]__[Tf2N]__R1336mzz(Z)__352.8__0.41,Anion,Sulfonimide_N,Anion:Sulfonimide_N,1,0.005868947133421898,0.011078433133661747,0.011078433133661747,0.03702154983660367,0.03701533995519022
V7-A,43,Case4_R1336mzz_Stereo,[emim]__[Tf2N]__R1336mzz(Z)__352.8__0.41,Refri,CF3,Refri:CF3,8,-0.0008409844012930989,0.03461363911628723,0.004326704889535904,0.11567074062812752,0.11565133837226635
V7-A,43,Case4_R1336mzz_Stereo,[emim]__[Tf2N]__R1336mzz(Z)__352.8__0.41,Refri,Alkene_C=C,Refri:Alkene_C=C,2,0.051735565066337585,0.06172489374876022,0.03086244687438011,0.20627025523450385,0.20623565609346892
V7-A,44,Case1_R1234yf,[emim]__[Ac]__R1234yf__313.15__0.311,Cation,Imidazolium_Ring,Cation:Imidazolium_Ring,5,-0.008491242304444313,0.014830145053565502,0.0029660290107131003,0.038549842377929175,0.038502376909921164
V7-A,44,Case1_R1234yf,[emim]__[Ac]__R1234yf__313.15__0.311,Cation,Alkyl_Chain,Cation:Alkyl_Chain,3,-0.0006245453841984272,0.002837480278685689,0.0009458267595618963,0.0073758157522213425,0.007366734092608112
V7-A,44,Case1_R1234yf,[emim]__[Ac]__R1234yf__313.15__0.311,Anion,Carboxylate_COO,Anion:Carboxylate_COO,3,0.028245553374290466,0.10507494956254959,0.03502498318751653,0.2731343981380198,0.27279809450519016
V7-A,44,Case1_R1234yf,[emim]__[Ac]__R1234yf__313.15__0.311,Anion,Alkyl_Chain,Anion:Alkyl_Chain,1,-0.00782923772931099,0.021675504744052887,0.021675504744052887,0.05634383806275724,0.056274463287711525
V7-A,44,Case1_R1234yf,[emim]__[Ac]__R1234yf__313.15__0.311,Refri,CF3,Refri:CF3,4,0.05538640916347504,0.0692068338394165,0.017301708459854126,0.17989793938958235,0.17967643550370155
V7-A,44,Case1_R1234yf,[emim]__[Ac]__R1234yf__313.15__0.311,Refri,Halogenated_Alkene,Refri:Halogenated_Alkene,2,-0.0648975819349289,0.11671926826238632,0.05835963413119316,0.30340292544208397,0.3030293529197912
V7-A,44,Case1_R1234yf,[emim]__[Ac]__R1234yf__313.15__0.311,Refri,Unclassified,Refri:Unclassified,3,0.05118681117892265,0.05435638129711151,0.018118793765703838,0.1412953092279079,0.14112133580632835
V7-A,44,Case1_R1234yf,[emim]__[BF4]__R1234yf__313.15__0.3919,Cation,Imidazolium_Ring,Cation:Imidazolium_Ring,5,0.010387392714619637,0.021353911608457565,0.004270782321691513,0.0400270498267848,0.03998838069798104
V7-A,44,Case1_R1234yf,[emim]__[BF4]__R1234yf__313.15__0.3919,Cation,Alkyl_Chain,Cation:Alkyl_Chain,3,0.0007790701347403228,0.005784471053630114,0.0019281570178767045,0.010842758710003444,0.010832283792792217
V7-A,44,Case1_R1234yf,[emim]__[BF4]__R1234yf__313.15__0.3919,Anion,BF4_Core,Anion:BF4_Core,5,-0.12358458340167999,0.20630693435668945,0.04126138687133789,0.3867140640329227,0.3863404692759514
V7-A,44,Case1_R1234yf,[emim]__[BF4]__R1234yf__313.15__0.3919,Refri,CF3,Refri:CF3,4,0.08327094465494156,0.11119689047336578,0.027799222618341446,0.20843410599293197,0.20823274303146921
V7-A,44,Case1_R1234yf,[emim]__[BF4]__R1234yf__313.15__0.3919,Refri,Halogenated_Alkene,Refri:Halogenated_Alkene,2,-0.09331025183200836,0.15064910054206848,0.07532455027103424,0.28238568953190724,0.28211288380058047
V7-A,44,Case1_R1234yf,[emim]__[BF4]__R1234yf__313.15__0.3919,Refri,Unclassified,Refri:Unclassified,3,0.03482843190431595,0.03819572553038597,0.012731908510128656,0.07159635372703448,0.07152718628561346
V7-A,44,Case1_R1234yf,[bmim]__[Ac]__R1234yf__313.15__0.561,Cation,Imidazolium_Ring,Cation:Imidazolium_Ring,5,-0.01407607365399599,0.025558894500136375,0.005111778900027275,0.03158027138773112,0.03154508326712698
V7-A,44,Case1_R1234yf,[bmim]__[Ac]__R1234yf__313.15__0.561,Cation,Alkyl_Chain,Cation:Alkyl_Chain,5,-0.000415463640820235,0.0037599364295601845,0.0007519872859120369,0.004645733517366873,0.004640557037744621
V7-A,44,Case1_R1234yf,[bmim]__[Ac]__R1234yf__313.15__0.561,Anion,Carboxylate_COO,Anion:Carboxylate_COO,3,0.05327485874295235,0.21556563675403595,0.07185521225134532,0.26635038188076554,0.2660536026274935
V7-A,44,Case1_R1234yf,[bmim]__[Ac]__R1234yf__313.15__0.561,Anion,Alkyl_Chain,Anion:Alkyl_Chain,1,-0.016917753964662552,0.04453665018081665,0.04453665018081665,0.05502896455099533,0.05496764887015246
V7-A,44,Case1_R1234yf,[bmim]__[Ac]__R1234yf__313.15__0.561,Refri,CF3,Refri:CF3,4,0.1259152889251709,0.15991684794425964,0.03997921198606491,0.1975913886855828,0.197371223712013
V7-A,44,Case1_R1234yf,[bmim]__[Ac]__R1234yf__313.15__0.561,Refri,Halogenated_Alkene,Refri:Halogenated_Alkene,2,-0.14456678926944733,0.25079941749572754,0.12539970874786377,0.30988482965715497,0.30953954241672915
V7-A,44,Case1_R1234yf,[bmim]__[Ac]__R1234yf__313.15__0.561,Refri,Unclassified,Refri:Unclassified,3,0.10140078514814377,0.10919366776943207,0.036397889256477356,0.13491841996382176,0.13476808795510914
V7-A,44,Case1_R1234yf,[bmim]__[PF6]__R1234yf__313.15__0.23,Cation,Imidazolium_Ring,Cation:Imidazolium_Ring,5,0.004491652362048626,0.009684721939265728,0.0019369443878531456,0.05064788573958787,0.0505947505078074
V7-A,44,Case1_R1234yf,[bmim]__[PF6]__R1234yf__313.15__0.23,Cation,Alkyl_Chain,Cation:Alkyl_Chain,5,-9.804111323319376e-05,0.0032918290235102177,0.0006583658047020436,0.017215174715655826,0.017197114094066192
V7-A,44,Case1_R1234yf,[bmim]__[PF6]__R1234yf__313.15__0.23,Anion,PF6_Core,Anion:PF6_Core,7,-0.06156012415885925,0.07884879410266876,0.011264113443238395,0.41235305871043276,0.4119204547620149
V7-A,44,Case1_R1234yf,[bmim]__[PF6]__R1234yf__313.15__0.23,Refri,CF3,Refri:CF3,4,0.029976341873407364,0.04549512639641762,0.011373781599104404,0.23792443168570399,0.2376748226518964
V7-A,44,Case1_R1234yf,[bmim]__[PF6]__R1234yf__313.15__0.23,Refri,Halogenated_Alkene,Refri:Halogenated_Alkene,2,-0.03290087357163429,0.050157953053712845,0.025078976526856422,0.26230946960865115,0.26203427797404805
V7-A,44,Case1_R1234yf,[bmim]__[PF6]__R1234yf__313.15__0.23,Refri,Unclassified,Refri:Unclassified,3,0.001022491604089737,0.0037382827140390873,0.001246094238013029,0.019549979539968405,0.019529469449981615
V7-A,44,Case2_R134_vs_R134a,[emim]__[BEI]__R134__283.149__0.01,Cation,Imidazolium_Ring,Cation:Imidazolium_Ring,5,-0.021302711218595505,0.04491094872355461,0.008982189744710923,0.14456979024083816,0.14448415641539109
V7-A,44,Case2_R134_vs_R134a,[emim]__[BEI]__R134__283.149__0.01,Cation,Alkyl_Chain,Cation:Alkyl_Chain,3,-0.0016985530965030193,0.012506218627095222,0.004168739542365074,0.0402579205074098,0.04023407431013823
V7-A,44,Case2_R134_vs_R134a,[emim]__[BEI]__R134__283.149__0.01,Anion,CF3,Anion:CF3,8,0.004806710872799158,0.04022279754281044,0.005027849692851305,0.12947848061410447,0.12940178590776513
V7-A,44,Case2_R134_vs_R134a,[emim]__[BEI]__R134__283.149__0.01,Anion,Sulfonyl_SO2,Anion:Sulfonyl_SO2,6,-0.011877741664648056,0.03996758535504341,0.0066612642258405685,0.1286569443629,0.1285807362816835
V7-A,44,Case2_R134_vs_R134a,[emim]__[BEI]__R134__283.149__0.01,Anion,Sulfonimide_N,Anion:Sulfonimide_N,1,0.010024935938417912,0.015394818037748337,0.015394818037748337,0.0495564150339551,0.049527061007863415
V7-A,44,Case2_R134_vs_R134a,[emim]__[BEI]__R134__283.149__0.01,Anion,Alkyl_Chain,Anion:Alkyl_Chain,2,-0.004284813068807125,0.014895501546561718,0.007447750773280859,0.047949099168975814,0.04792069721320248
V7-A,44,Case2_R134_vs_R134a,[emim]__[BEI]__R134__283.149__0.01,Anion,Unclassified,Anion:Unclassified,4,0.007238151505589485,0.014697223901748657,0.0036743059754371643,0.04731083704504438,0.047282813154613884
V7-A,44,Case2_R134_vs_R134a,[emim]__[BEI]__R134__283.149__0.01,Refri,CHF2,Refri:CHF2,6,-0.029717817902565002,0.12805725634098053,0.02134287605683009,0.41222043208192355,0.4119762592677567
V7-A,44,Case2_R134_vs_R134a,[emim]__[BEI]__R134a__283.1__0.0103,Cation,Imidazolium_Ring,Cation:Imidazolium_Ring,5,-0.001762567786499858,0.0029821950010955334,0.0005964390002191067,0.01407195760251846,0.014062616933076784
V7-A,44,Case2_R134_vs_R134a,[emim]__[BEI]__R134a__283.1__0.0103,Cation,Alkyl_Chain,Cation:Alkyl_Chain,3,-0.0001307045458815992,0.0005483482964336872,0.00018278276547789574,0.0025874679476001446,0.002585750440805984
V7-A,44,Case2_R134_vs_R134a,[emim]__[BEI]__R134a__283.1__0.0103,Anion,CF3,Anion:CF3,8,-0.009359844960272312,0.036722175776958466,0.004590271972119808,0.1732793799251077,0.17316436071778368
V7-A,44,Case2_R134_vs_R134a,[emim]__[BEI]__R134a__283.1__0.0103,Anion,Sulfonyl_SO2,Anion:Sulfonyl_SO2,6,-0.020175207406282425,0.041122909635305405,0.0068538182725509005,0.19404493692318336,0.19391613397594412
V7-A,44,Case2_R134_vs_R134a,[emim]__[BEI]__R134a__283.1__0.0103,Anion,Sulfonimide_N,Anion:Sulfonimide_N,1,-0.0019182931864634156,0.010867901146411896,0.010867901146411896,0.051281906147816934,0.0512478662972719
V7-A,44,Case2_R134_vs_R134a,[emim]__[BEI]__R134a__283.1__0.0103,Anion,Alkyl_Chain,Anion:Alkyl_Chain,2,-0.0011336600873619318,0.014128461480140686,0.007064230740070343,0.06666737448903194,0.06662312208824764
V7-A,44,Case2_R134_vs_R134a,[emim]__[BEI]__R134a__283.1__0.0103,Anion,Unclassified,Anion:Unclassified,4,-0.006043754983693361,0.012928036041557789,0.003232009010389447,0.06100297767040753,0.06096248517707631
V7-A,44,Case2_R134_vs_R134a,[emim]__[BEI]__R134a__283.1__0.0103,Refri,CF3,Refri:CF3,4,0.041896648705005646,0.06382760405540466,0.015956901013851166,0.3011806195798854,0.30098070222018336
V7-A,44,Case2_R134_vs_R134a,[emim]__[BEI]__R134a__283.1__0.0103,Refri,CH2F,Refri:CH2F,2,0.00496876984834671,0.02879703789949417,0.014398518949747086,0.135883366530671,0.13579317001038319
V7-A,44,Case2_R134_vs_R134a,[emim]__[BEI]__R134__283.123__0.05,Cation,Imidazolium_Ring,Cation:Imidazolium_Ring,5,-0.025197239592671394,0.053055401891469955,0.010611080378293992,0.14924882583253926,0.14915666694237803
V7-A,44,Case2_R134_vs_R134a,[emim]__[BEI]__R134__283.123__0.05,Cation,Alkyl_Chain,Cation:Alkyl_Chain,3,-0.0020062196999788284,0.014742312952876091,0.004914104317625363,0.04147123233131786,0.04144562447327305
V7-A,44,Case2_R134_vs_R134a,[emim]__[BEI]__R134__283.123__0.05,Anion,CF3,Anion:CF3,8,0.005051806569099426,0.04897516965866089,0.006121896207332611,0.13777082645527433,0.1376857550559391
V7-A,44,Case2_R134_vs_R134a,[emim]__[BEI]__R134__283.123__0.05,Anion,Sulfonyl_SO2,Anion:Sulfonyl_SO2,6,-0.015478254295885563,0.04925186187028885,0.008208643645048141,0.13854918240453198,0.13846363038218323
V7-A,44,Case2_R134_vs_R134a,[emim]__[BEI]__R134__283.123__0.05,Anion,Sulfonimide_N,Anion:Sulfonimide_N,1,0.011529650539159775,0.018543990328907967,0.018543990328907967,0.05216563599878136,0.05213342450839686
V7-A,44,Case2_R134_vs_R134a,[emim]__[BEI]__R134__283.123__0.05,Anion,Alkyl_Chain,Anion:Alkyl_Chain,2,-0.005172403529286385,0.01821565069258213,0.009107825346291065,0.05124199196916573,0.05121035081498453
V7-A,44,Case2_R134_vs_R134a,[emim]__[BEI]__R134__283.123__0.05,Anion,Unclassified,Anion:Unclassified,4,0.008059509098529816,0.017600838094949722,0.004400209523737431,0.049512478007677045,0.04948190480218034
V7-A,44,Case2_R134_vs_R134a,[emim]__[BEI]__R134__283.123__0.05,Refri,CHF2,Refri:CHF2,6,-0.028612075373530388,0.13509763777256012,0.022516272962093353,0.38003979032238866,0.37980512150608237
V7-A,44,Case2_R134_vs_R134a,[emim]__[BEI]__R134a__283.15__0.0504,Cation,Imidazolium_Ring,Cation:Imidazolium_Ring,5,-0.003974405117332935,0.006838588509708643,0.0013677177019417285,0.022236725711848645,0.022222065510219744
V7-A,44,Case2_R134_vs_R134a,[emim]__[BEI]__R134a__283.15__0.0504,Cation,Alkyl_Chain,Cation:Alkyl_Chain,3,-0.00027417283854447305,0.0013075658353045583,0.0004358552784348528,0.004251752066756609,0.004248948976797122
V7-A,44,Case2_R134_vs_R134a,[emim]__[BEI]__R134a__283.15__0.0504,Anion,CF3,Anion:CF3,8,-0.012578296475112438,0.050302132964134216,0.006287766620516777,0.1635651467925577,0.16345731176043507
V7-A,44,Case2_R134_vs_R134a,[emim]__[BEI]__R134a__283.15__0.0504,Anion,Sulfonyl_SO2,Anion:Sulfonyl_SO2,6,-0.02724458836019039,0.0560307577252388,0.009338459620873133,0.18219265411193206,0.18207253835931647
V7-A,44,Case2_R134_vs_R134a,[emim]__[BEI]__R134a__283.15__0.0504,Anion,Sulfonimide_N,Anion:Sulfonimide_N,1,-0.0022258188109844923,0.014741386286914349,0.014741386286914349,0.04793389206108078,0.04790229026270544
V7-A,44,Case2_R134_vs_R134a,[emim]__[BEI]__R134a__283.15__0.0504,Anion,Alkyl_Chain,Anion:Alkyl_Chain,2,-0.0015657491749152541,0.019500896334648132,0.009750448167324066,0.06341017335860147,0.06336836837621303
V7-A,44,Case2_R134_vs_R134a,[emim]__[BEI]__R134a__283.15__0.0504,Anion,Unclassified,Anion:Unclassified,4,-0.00797497108578682,0.017557114362716675,0.004389278590679169,0.05708966635746921,0.05705202835129094
V7-A,44,Case2_R134_vs_R134a,[emim]__[BEI]__R134a__283.15__0.0504,Refri,CF3,Refri:CF3,4,0.06384140253067017,0.09735240042209625,0.024338100105524063,0.3165563511392563,0.3163476522509961
V7-A,44,Case2_R134_vs_R134a,[emim]__[BEI]__R134a__283.15__0.0504,Refri,CH2F,Refri:CH2F,2,0.008339915424585342,0.043904904276132584,0.021952452138066292,0.14276357064141093,0.1426694496472508
V7-A,44,Case2_R134_vs_R134a,[emim]__[BEI]__R134__283.132__0.1,Cation,Imidazolium_Ring,Cation:Imidazolium_Ring,5,-0.02671147882938385,0.05630083754658699,0.011260167509317399,0.14996720856125068,0.14987440433737687
V7-A,44,Case2_R134_vs_R134a,[emim]__[BEI]__R134__283.132__0.1,Cation,Alkyl_Chain,Cation:Alkyl_Chain,3,-0.002136930823326111,0.015662403777241707,0.005220801259080569,0.04171957427611157,0.04169375694745563
V7-A,44,Case2_R134_vs_R134a,[emim]__[BEI]__R134__283.132__0.1,Anion,CF3,Anion:CF3,8,0.0059232693165540695,0.05172684043645859,0.0064658550545573235,0.13778356070689,0.13769829609113401
V7-A,44,Case2_R134_vs_R134a,[emim]__[BEI]__R134__283.132__0.1,Anion,Sulfonyl_SO2,Anion:Sulfonyl_SO2,6,-0.015766816213726997,0.05146341025829315,0.008577235043048859,0.13708186797563046,0.13699703758846318
V7-A,44,Case2_R134_vs_R134a,[emim]__[BEI]__R134__283.132__0.1,Anion,Sulfonimide_N,Anion:Sulfonimide_N,1,0.012415533885359764,0.019713863730430603,0.019713863730430603,0.05251135227185946,0.05247885666606066
V7-A,44,Case2_R134_vs_R134a,[emim]__[BEI]__R134__283.132__0.1,Anion,Alkyl_Chain,Anion:Alkyl_Chain,2,-0.0055559659376740456,0.01901732012629509,0.009508660063147545,0.050655985557874796,0.05062463810886003
V7-A,44,Case2_R134_vs_R134a,[emim]__[BEI]__R134__283.132__0.1,Anion,Unclassified,Anion:Unclassified,4,0.008940290659666061,0.018814776092767715,0.004703694023191929,0.05011647380916053,0.0500854602262595
V7-A,44,Case2_R134_vs_R134a,[emim]__[BEI]__R134__283.132__0.1,Refri,CHF2,Refri:CHF2,6,-0.02745358645915985,0.14272154867649078,0.02378692477941513,0.3801640115716091,0.379928754635262
V7-A,44,Case2_R134_vs_R134a,[emim]__[BEI]__R134a__283.1__0.1003,Cation,Imidazolium_Ring,Cation:Imidazolium_Ring,5,-0.0012527545914053917,0.002104354090988636,0.0004208708181977272,0.005524211589777741,0.005520979627535744
V7-A,44,Case2_R134_vs_R134a,[emim]__[BEI]__R134a__283.1__0.1003,Cation,Alkyl_Chain,Cation:Alkyl_Chain,3,-2.687328560568858e-05,0.00031650622258894145,0.00010550207419631381,0.0008308712638000834,0.0008303851592204669
V7-A,44,Case2_R134_vs_R134a,[emim]__[BEI]__R134a__283.1__0.1003,Anion,CF3,Anion:CF3,8,-0.01665288768708706,0.060226209461688995,0.007528276182711124,0.1581018735113818,0.15800937537345328
V7-A,44,Case2_R134_vs_R134a,[emim]__[BEI]__R134a__283.1__0.1003,Anion,Sulfonyl_SO2,Anion:Sulfonyl_SO2,6,-0.03249632567167282,0.06646646559238434,0.01107774426539739,0.17448338239716701,0.17438130019148051
V7-A,44,Case2_R134_vs_R134a,[emim]__[BEI]__R134a__283.1__0.1003,Anion,Sulfonimide_N,Anion:Sulfonimide_N,1,-0.004189412109553814,0.017093945294618607,0.017093945294618607,0.04487389794138439,0.04484764428664276
V7-A,44,Case2_R134_vs_R134a,[emim]__[BEI]__R134a__283.1__0.1003,Anion,Alkyl_Chain,Anion:Alkyl_Chain,2,-0.0015158019959926605,0.023184198886156082,0.011592099443078041,0.06086163005316544,0.060826022711353595
V7-A,44,Case2_R134_vs_R134a,[emim]__[BEI]__R134a__283.1__0.1003,Anion,Unclassified,Anion:Unclassified,4,-0.01104048267006874,0.021531865000724792,0.005382966250181198,0.0565240320989192,0.05649096248626223
V7-A,44,Case2_R134_vs_R134a,[emim]__[BEI]__R134a__283.1__0.1003,Refri,CF3,Refri:CF3,4,0.0846232920885086,0.1313081532716751,0.03282703831791878,0.34470150496151303,0.3444998359575856
V7-A,44,Case2_R134_vs_R134a,[emim]__[BEI]__R134a__283.1__0.1003,Refri,CH2F,Refri:CH2F,2,0.010623857378959656,0.05870118737220764,0.02935059368610382,0.15409848608839252,0.15400833014840135
V7-A,44,Case2_R134_vs_R134a,[emim]__[BEI]__R134__283.149__0.15,Cation,Imidazolium_Ring,Cation:Imidazolium_Ring,5,-0.030115900561213493,0.06325222551822662,0.012650445103645325,0.15546574181901127,0.15537082864858898
V7-A,44,Case2_R134_vs_R134a,[emim]__[BEI]__R134__283.149__0.15,Cation,Alkyl_Chain,Cation:Alkyl_Chain,3,-0.002396579831838608,0.017518654465675354,0.005839551488558452,0.043058573668563506,0.04303228603957896
V7-A,44,Case2_R134_vs_R134a,[emim]__[BEI]__R134__283.149__0.15,Anion,CF3,Anion:CF3,8,0.010489358566701412,0.051812633872032166,0.006476579234004021,0.12734871373326104,0.12727096624993642
V7-A,44,Case2_R134_vs_R134a,[emim]__[BEI]__R134__283.149__0.15,Anion,Sulfonyl_SO2,Anion:Sulfonyl_SO2,6,-0.010177712887525558,0.04734392464160919,0.007890654106934866,0.11636520778087399,0.1162941658222527
V7-A,44,Case2_R134_vs_R134a,[emim]__[BEI]__R134__283.149__0.15,Anion,Sulfonimide_N,Anion:Sulfonimide_N,1,0.015387246385216713,0.02063043974339962,0.02063043974339962,0.050706937067942666,0.05067598004742348
V7-A,44,Case2_R134_vs_R134a,[emim]__[BEI]__R134__283.149__0.15,Anion,Alkyl_Chain,Anion:Alkyl_Chain,2,-0.005790675524622202,0.017841795459389687,0.008920897729694843,0.043852812193585125,0.04382603967516063
V7-A,44,Case2_R134_vs_R134a,[emim]__[BEI]__R134__283.149__0.15,Anion,Unclassified,Anion:Unclassified,4,0.01271304115653038,0.020285608246922493,0.005071402061730623,0.04985938610885541,0.049828946525474975
V7-A,44,Case2_R134_vs_R134a,[emim]__[BEI]__R134__283.149__0.15,Refri,CHF2,Refri:CHF2,6,-0.033392637968063354,0.16817107796669006,0.028028512994448345,0.41334263220604645,0.4130902829795587
V7-A,44,Case2_R134_vs_R134a,[emim]__[BEI]__R134a__283.15__0.1502,Cation,Imidazolium_Ring,Cation:Imidazolium_Ring,5,0.002167008351534605,0.006648327223956585,0.001329665444791317,0.014120048807914894,0.014112762845212162
V7-A,44,Case2_R134_vs_R134a,[emim]__[BEI]__R134a__283.15__0.1502,Cation,Alkyl_Chain,Cation:Alkyl_Chain,3,0.0002711555571295321,0.0025989743880927563,0.0008663247960309187,0.005519831376252685,0.005516983136414433
V7-A,44,Case2_R134_vs_R134a,[emim]__[BEI]__R134a__283.15__0.1502,Anion,CF3,Anion:CF3,8,-0.0211331844329834,0.07039421796798706,0.008799277245998383,0.14950674959579394,0.14942960392751897
V7-A,44,Case2_R134_vs_R134a,[emim]__[BEI]__R134a__283.15__0.1502,Anion,Sulfonyl_SO2,Anion:Sulfonyl_SO2,6,-0.037798453122377396,0.07667745649814606,0.012779576083024343,0.16285140483447172,0.16276737330753774
V7-A,44,Case2_R134_vs_R134a,[emim]__[BEI]__R134a__283.15__0.1502,Anion,Sulfonimide_N,Anion:Sulfonimide_N,1,-0.006503378972411156,0.019453272223472595,0.019453272223472595,0.041315829383262295,0.04129451036404261
V7-A,44,Case2_R134_vs_R134a,[emim]__[BEI]__R134a__283.15__0.1502,Anion,Alkyl_Chain,Anion:Alkyl_Chain,2,-0.0010315629187971354,0.026860181242227554,0.013430090621113777,0.057046992025759816,0.05701755570709994
V7-A,44,Case2_R134_vs_R134a,[emim]__[BEI]__R134a__283.15__0.1502,Anion,Unclassified,Anion:Unclassified,4,-0.014621047303080559,0.025609761476516724,0.006402440369129181,0.054391288188169386,0.05436322221598447
V7-A,44,Case2_R134_vs_R134a,[emim]__[BEI]__R134a__283.15__0.1502,Refri,CF3,Refri:CF3,4,0.1062844768166542,0.16793639957904816,0.04198409989476204,0.3566716978275411,0.35648765478896216
V7-A,44,Case2_R134_vs_R134a,[emim]__[BEI]__R134a__283.15__0.1502,Refri,CH2F,Refri:CH2F,2,0.012635869905352592,0.07466448843479156,0.03733224421739578,0.15857616290580745,0.15849433740901267
V7-A,44,Case3_BF4_vs_PF6,[bmim]__[BF4]__R32__283.1__0.01,Cation,Imidazolium_Ring,Cation:Imidazolium_Ring,5,-0.002096922369673848,0.004238668829202652,0.0008477337658405304,0.033586363560152356,0.03357010261547097
V7-A,44,Case3_BF4_vs_PF6,[bmim]__[BF4]__R32__283.1__0.01,Cation,Alkyl_Chain,Cation:Alkyl_Chain,5,-3.1235787901096046e-05,0.0011148835765197873,0.00022297671530395745,0.008834114349830056,0.00882983728528586
V7-A,44,Case3_BF4_vs_PF6,[bmim]__[BF4]__R32__283.1__0.01,Anion,BF4_Core,Anion:BF4_Core,5,-0.030540235340595245,0.05594755336642265,0.01118951067328453,0.4433172166505811,0.44310258321093077
V7-A,44,Case3_BF4_vs_PF6,[bmim]__[BF4]__R32__283.1__0.01,Refri,CH2F,Refri:CH2F,3,0.023912768810987473,0.06490097939968109,0.021633659799893696,0.5142623727784116,0.5140133910159028
V7-A,44,Case3_BF4_vs_PF6,[bmim]__[PF6]__R32__283.2__0.0098,Cation,Imidazolium_Ring,Cation:Imidazolium_Ring,5,-0.00287299370393157,0.005782082676887512,0.0011564165353775025,0.04181672774721565,0.04179444421434142
V7-A,44,Case3_BF4_vs_PF6,[bmim]__[PF6]__R32__283.2__0.0098,Cation,Alkyl_Chain,Cation:Alkyl_Chain,5,-3.7661855458281934e-05,0.0014837468042969704,0.0002967493608593941,0.010730638011991667,0.010724919809306198
V7-A,44,Case3_BF4_vs_PF6,[bmim]__[PF6]__R32__283.2__0.0098,Anion,PF6_Core,Anion:PF6_Core,7,-0.034435614943504333,0.05134687200188637,0.007335267428840909,0.3713468463114098,0.37114896091713545
V7-A,44,Case3_BF4_vs_PF6,[bmim]__[PF6]__R32__283.2__0.0098,Refri,CH2F,Refri:CH2F,3,0.027602700516581535,0.07965929806232452,0.026553099354108173,0.5761057677230672,0.5757987692440926
V7-A,44,Case3_BF4_vs_PF6,[bmim]__[BF4]__R32__283.1__0.0998,Cation,Imidazolium_Ring,Cation:Imidazolium_Ring,5,-0.009917612187564373,0.01994440145790577,0.0039888802915811535,0.09595577447241377,0.09590286716353981
V7-A,44,Case3_BF4_vs_PF6,[bmim]__[BF4]__R32__283.1__0.0998,Cation,Alkyl_Chain,Cation:Alkyl_Chain,5,-8.357834303751588e-05,0.00526387756690383,0.001052775513380766,0.02532537512977134,0.02531141143189378
V7-A,44,Case3_BF4_vs_PF6,[bmim]__[BF4]__R32__283.1__0.0998,Anion,BF4_Core,Anion:BF4_Core,5,-0.03836259990930557,0.08622809499502182,0.017245618999004363,0.41485745531102,0.41462871460575773
V7-A,44,Case3_BF4_vs_PF6,[bmim]__[BF4]__R32__283.1__0.0998,Refri,CH2F,Refri:CH2F,3,0.033693429082632065,0.09641356021165848,0.03213785340388616,0.46386139284642236,0.46360563275151434
V7-A,44,Case3_BF4_vs_PF6,[bmim]__[PF6]__R32__283.2__0.0996,Cation,Imidazolium_Ring,Cation:Imidazolium_Ring,5,-0.012495419010519981,0.02564910054206848,0.005129820108413697,0.13196655452752826,0.13189898444612028
V7-A,44,Case3_BF4_vs_PF6,[bmim]__[PF6]__R32__283.2__0.0996,Cation,Alkyl_Chain,Cation:Alkyl_Chain,5,-3.637978807091713e-05,0.007189286407083273,0.0014378572814166546,0.036989420159131266,0.036970480677530525
V7-A,44,Case3_BF4_vs_PF6,[bmim]__[PF6]__R32__283.2__0.0996,Anion,PF6_Core,Anion:PF6_Core,7,-0.026392780244350433,0.06777318567037582,0.009681883667196547,0.3486981458708366,0.34851960395021386
V7-A,44,Case3_BF4_vs_PF6,[bmim]__[PF6]__R32__283.2__0.0996,Refri,CH2F,Refri:CH2F,3,0.027720807120203972,0.0937490463256836,0.0312496821085612,0.4823459057969903,0.48209893297695877
V7-A,44,Case3_BF4_vs_PF6,[bmim]__[BF4]__R32__283.2__0.2499,Cation,Imidazolium_Ring,Cation:Imidazolium_Ring,5,-0.02760700322687626,0.055830903351306915,0.011166180670261382,0.22148453784004327,0.22134653200312682
V7-A,44,Case3_BF4_vs_PF6,[bmim]__[BF4]__R32__283.2__0.2499,Cation,Alkyl_Chain,Cation:Alkyl_Chain,5,-0.00015089346561580896,0.015272042714059353,0.0030544085428118707,0.06058510823500147,0.06054735797645889
V7-A,44,Case3_BF4_vs_PF6,[bmim]__[BF4]__R32__283.2__0.2499,Anion,BF4_Core,Anion:BF4_Core,5,-0.017411358654499054,0.11835148185491562,0.023670296370983123,0.4695074177177297,0.4692148701441948
V7-A,44,Case3_BF4_vs_PF6,[bmim]__[BF4]__R32__283.2__0.2499,Refri,CH2F,Refri:CH2F,3,0.02350662462413311,0.06262142956256866,0.020873809854189556,0.24842296206951262,0.24826817104380938
V7-A,44,Case3_BF4_vs_PF6,[bmim]__[PF6]__R32__283.2__0.2497,Cation,Imidazolium_Ring,Cation:Imidazolium_Ring,5,-0.0302850604057312,0.06229652464389801,0.012459304928779603,0.3178968441926031,0.3176631174732723
V7-A,44,Case3_BF4_vs_PF6,[bmim]__[PF6]__R32__283.2__0.2497,Cation,Alkyl_Chain,Cation:Alkyl_Chain,5,-5.989847704768181e-05,0.017877522855997086,0.003575504571199417,0.09122833304729594,0.09116125940569589
V7-A,44,Case3_BF4_vs_PF6,[bmim]__[PF6]__R32__283.2__0.2497,Anion,PF6_Core,Anion:PF6_Core,7,0.036035358905792236,0.08564892411231995,0.012235560587474279,0.4370632686082789,0.43674192737517775
V7-A,44,Case3_BF4_vs_PF6,[bmim]__[PF6]__R32__283.2__0.2497,Refri,CH2F,Refri:CH2F,3,-0.012885674834251404,0.030141618102788925,0.010047206034262976,0.15381155415182207,0.15369846756224492
V7-A,44,Case3_BF4_vs_PF6,[bmim]__[BF4]__R32__283.2__0.3995,Cation,Imidazolium_Ring,Cation:Imidazolium_Ring,5,-0.042538415640592575,0.08587776869535446,0.01717555373907089,0.2688820870607051,0.2687096185737785
V7-A,44,Case3_BF4_vs_PF6,[bmim]__[BF4]__R32__283.2__0.3995,Cation,Alkyl_Chain,Cation:Alkyl_Chain,5,-0.00024251430295407772,0.023416178300976753,0.004683235660195351,0.0733157252243888,0.07326869846877408
V7-A,44,Case3_BF4_vs_PF6,[bmim]__[BF4]__R32__283.2__0.3995,Anion,BF4_Core,Anion:BF4_Core,5,-0.0016559078358113766,0.15875601768493652,0.03175120353698731,0.4970628605873532,0.4967440305737586
V7-A,44,Case3_BF4_vs_PF6,[bmim]__[BF4]__R32__283.2__0.3995,Refri,CH2F,Refri:CH2F,3,0.018156828358769417,0.05133824050426483,0.017112746834754944,0.1607393096318055,0.1606362069453273
V7-A,44,Case3_BF4_vs_PF6,[bmim]__[PF6]__R32__283.2__0.3996,Cation,Imidazolium_Ring,Cation:Imidazolium_Ring,5,-0.04400356113910675,0.09025850892066956,0.01805170178413391,0.2802137326493267,0.279994131390127
V7-A,44,Case3_BF4_vs_PF6,[bmim]__[PF6]__R32__283.2__0.3996,Cation,Alkyl_Chain,Cation:Alkyl_Chain,5,-9.973137639462948e-05,0.025768719613552094,0.005153743922710419,0.08000075776627158,0.07993806181280669
V7-A,44,Case3_BF4_vs_PF6,[bmim]__[PF6]__R32__283.2__0.3996,Anion,PF6_Core,Anion:PF6_Core,7,0.08003869652748108,0.1262441873550415,0.01803488390786307,0.3919337399549707,0.391626584620351
V7-A,44,Case3_BF4_vs_PF6,[bmim]__[PF6]__R32__283.2__0.3996,Refri,CH2F,Refri:CH2F,3,-0.033498503267765045,0.07983452081680298,0.026611506938934326,0.24785174649859243,0.24765750706888523
V7-A,44,Case4_R1336mzz_Stereo,[emim]__[Tf2N]__R1336mzz(E)__293.1__0.194,Cation,Imidazolium_Ring,Cation:Imidazolium_Ring,5,-0.00870436243712902,0.015379696153104305,0.003075939230620861,0.03870192538447543,0.03865641504895278
V7-A,44,Case4_R1336mzz_Stereo,[emim]__[Tf2N]__R1336mzz(E)__293.1__0.194,Cation,Alkyl_Chain,Cation:Alkyl_Chain,3,-0.0006327120936475694,0.003102854359894991,0.0010342847866316636,0.007808115109693597,0.007798933397545907
V7-A,44,Case4_R1336mzz_Stereo,[emim]__[Tf2N]__R1336mzz(E)__293.1__0.194,Anion,CF3,Anion:CF3,8,-0.021206120029091835,0.0785016417503357,0.009812705218791962,0.1975438689643473,0.1973115733442277
V7-A,44,Case4_R1336mzz_Stereo,[emim]__[Tf2N]__R1336mzz(E)__293.1__0.194,Anion,Sulfonyl_SO2,Anion:Sulfonyl_SO2,6,-0.04657144099473953,0.09538248926401138,0.015897081544001896,0.2400233363346513,0.2397410882950166
V7-A,44,Case4_R1336mzz_Stereo,[emim]__[Tf2N]__R1336mzz(E)__293.1__0.194,Anion,Sulfonimide_N,Anion:Sulfonimide_N,1,-0.002556521911174059,0.02588379755616188,0.02588379755616188,0.06513475895186957,0.0650581657409469
V7-A,44,Case4_R1336mzz_Stereo,[emim]__[Tf2N]__R1336mzz(E)__293.1__0.194,Refri,CF3,Refri:CF3,8,0.08811654150485992,0.1265527606010437,0.015819095075130463,0.3184611353321421,0.3180866507819315
V7-A,44,Case4_R1336mzz_Stereo,[emim]__[Tf2N]__R1336mzz(E)__293.1__0.194,Refri,Alkene_C=C,Refri:Alkene_C=C,2,-0.00841326080262661,0.05258513242006302,0.02629256621003151,0.13232679312999668,0.1321711875187989
V7-A,44,Case4_R1336mzz_Stereo,[emim]__[Tf2N]__R1336mzz(E)__293.1__0.223,Cation,Imidazolium_Ring,Cation:Imidazolium_Ring,5,-0.009183813817799091,0.016254451125860214,0.0032508902251720427,0.03962878841492221,0.03958122782853732
V7-A,44,Case4_R1336mzz_Stereo,[emim]__[Tf2N]__R1336mzz(E)__293.1__0.223,Cation,Alkyl_Chain,Cation:Alkyl_Chain,3,-0.0006614415906369686,0.0032721562311053276,0.0010907187437017758,0.007977604776622679,0.007968030434930714
V7-A,44,Case4_R1336mzz_Stereo,[emim]__[Tf2N]__R1336mzz(E)__293.1__0.223,Anion,CF3,Anion:CF3,8,-0.021281570196151733,0.07788194715976715,0.009735243394970894,0.1898782789673083,0.18965039609097897
V7-A,44,Case4_R1336mzz_Stereo,[emim]__[Tf2N]__R1336mzz(E)__293.1__0.223,Anion,Sulfonyl_SO2,Anion:Sulfonyl_SO2,6,-0.04631559178233147,0.09463667869567871,0.015772779782613117,0.230726764458714,0.2304498571735997
V7-A,44,Case4_R1336mzz_Stereo,[emim]__[Tf2N]__R1336mzz(E)__293.1__0.223,Anion,Sulfonimide_N,Anion:Sulfonimide_N,1,-0.0027806514408439398,0.025716260075569153,0.025716260075569153,0.06269693276424974,0.06262168688856007
V7-A,44,Case4_R1336mzz_Stereo,[emim]__[Tf2N]__R1336mzz(E)__293.1__0.223,Refri,CF3,Refri:CF3,8,0.09488434344530106,0.13592039048671722,0.016990048810839653,0.33137756262358364,0.33097985903930655
V7-A,44,Case4_R1336mzz_Stereo,[emim]__[Tf2N]__R1336mzz(E)__293.1__0.223,Refri,Alkene_C=C,Refri:Alkene_C=C,2,-0.009226471185684204,0.0564858615398407,0.02824293076992035,0.13771404755929437,0.13754876971161506
V7-A,44,Case4_R1336mzz_Stereo,[emim]__[Tf2N]__R1336mzz(E)__303__0.228,Cation,Imidazolium_Ring,Cation:Imidazolium_Ring,5,-0.008894836530089378,0.015466498211026192,0.0030932996422052385,0.03749710987983964,0.03745029588534478
V7-A,44,Case4_R1336mzz_Stereo,[emim]__[Tf2N]__R1336mzz(E)__303__0.228,Cation,Alkyl_Chain,Cation:Alkyl_Chain,3,-0.000647602544631809,0.002996914554387331,0.0009989715181291103,0.007265745148842995,0.007256674088313556
V7-A,44,Case4_R1336mzz_Stereo,[emim]__[Tf2N]__R1336mzz(E)__303__0.228,Anion,CF3,Anion:CF3,8,-0.021776564419269562,0.07728607952594757,0.009660759940743446,0.1873730288928925,0.18713909939882786
V7-A,44,Case4_R1336mzz_Stereo,[emim]__[Tf2N]__R1336mzz(E)__303__0.228,Anion,Sulfonyl_SO2,Anion:Sulfonyl_SO2,6,-0.04663309454917908,0.09424178302288055,0.01570696383714676,0.228480580740745,0.22819532972584664
V7-A,44,Case4_R1336mzz_Stereo,[emim]__[Tf2N]__R1336mzz(E)__303__0.228,Anion,Sulfonimide_N,Anion:Sulfonimide_N,1,-0.003379433648660779,0.025704234838485718,0.025704234838485718,0.062317565680690135,0.06223976410648727
V7-A,44,Case4_R1336mzz_Stereo,[emim]__[Tf2N]__R1336mzz(E)__303__0.228,Refri,CF3,Refri:CF3,8,0.09669286012649536,0.13810846209526062,0.017263557761907578,0.3348313307811164,0.33441330410849746
V7-A,44,Case4_R1336mzz_Stereo,[emim]__[Tf2N]__R1336mzz(E)__303__0.228,Refri,Alkene_C=C,Refri:Alkene_C=C,2,-0.009339986369013786,0.05866776034235954,0.02933388017117977,0.14223461742576274,0.142057041857446
V7-A,44,Case4_R1336mzz_Stereo,[emim]__[Tf2N]__R1336mzz(E)__303__0.293,Cation,Imidazolium_Ring,Cation:Imidazolium_Ring,5,-0.012909828685224056,0.022855864837765694,0.004571172967553138,0.052490425602542815,0.05241758861123227
V7-A,44,Case4_R1336mzz_Stereo,[emim]__[Tf2N]__R1336mzz(E)__303__0.293,Cation,Alkyl_Chain,Cation:Alkyl_Chain,3,-0.0009352286579087377,0.004628137685358524,0.0015427125617861748,0.010628909410167153,0.010614160476938625
V7-A,44,Case4_R1336mzz_Stereo,[emim]__[Tf2N]__R1336mzz(E)__303__0.293,Anion,CF3,Anion:CF3,8,-0.018860746175050735,0.07680261135101318,0.009600326418876648,0.17638368908010496,0.17613893478289028
V7-A,44,Case4_R1336mzz_Stereo,[emim]__[Tf2N]__R1336mzz(E)__303__0.293,Anion,Sulfonyl_SO2,Anion:Sulfonyl_SO2,6,-0.045188166201114655,0.09374512732028961,0.015624187886714935,0.2152936091517243,0.21499486250299754
V7-A,44,Case4_R1336mzz_Stereo,[emim]__[Tf2N]__R1336mzz(E)__303__0.293,Anion,Sulfonimide_N,Anion:Sulfonimide_N,1,-0.0006997521268203855,0.026173671707510948,0.026173671707510948,0.06011004953259898,0.060026639365788094
V7-A,44,Case4_R1336mzz_Stereo,[emim]__[Tf2N]__R1336mzz(E)__303__0.293,Refri,CF3,Refri:CF3,8,0.10255584120750427,0.1461186558008194,0.018264831975102425,0.33557384443328053,0.33510819400445546
V7-A,44,Case4_R1336mzz_Stereo,[emim]__[Tf2N]__R1336mzz(E)__303__0.293,Refri,Alkene_C=C,Refri:Alkene_C=C,2,-0.010740336030721664,0.06510511785745621,0.032552558928728104,0.1495194064848897,0.14931192971963425
V7-A,44,Case4_R1336mzz_Stereo,[emim]__[Tf2N]__R1336mzz(E)__322.5__0.336,Cation,Imidazolium_Ring,Cation:Imidazolium_Ring,5,-0.013519397005438805,0.02403685264289379,0.004807370528578758,0.06148858004773212,0.061403360090549
V7-A,44,Case4_R1336mzz_Stereo,[emim]__[Tf2N]__R1336mzz(E)__322.5__0.336,Cation,Alkyl_Chain,Cation:Alkyl_Chain,3,-0.000984970829449594,0.004940023645758629,0.0016466745485862095,0.012637055437027877,0.012619541138886204
V7-A,44,Case4_R1336mzz_Stereo,[emim]__[Tf2N]__R1336mzz(E)__322.5__0.336,Anion,CF3,Anion:CF3,8,-0.01601661555469036,0.06663618236780167,0.008329522795975208,0.17046176113282388,0.170225510044023
V7-A,44,Case4_R1336mzz_Stereo,[emim]__[Tf2N]__R1336mzz(E)__322.5__0.336,Anion,Sulfonyl_SO2,Anion:Sulfonyl_SO2,6,-0.03994098678231239,0.08212116360664368,0.013686860601107279,0.21007383192211912,0.2097826805742136
V7-A,44,Case4_R1336mzz_Stereo,[emim]__[Tf2N]__R1336mzz(E)__322.5__0.336,Anion,Sulfonimide_N,Anion:Sulfonimide_N,1,-0.0003253286995459348,0.023062005639076233,0.023062005639076233,0.05899482768676114,0.05891306393997128
V7-A,44,Case4_R1336mzz_Stereo,[emim]__[Tf2N]__R1336mzz(E)__322.5__0.336,Refri,CF3,Refri:CF3,8,0.09296828508377075,0.13048672676086426,0.016310840845108032,0.33379759250527274,0.33333496649375904
V7-A,44,Case4_R1336mzz_Stereo,[emim]__[Tf2N]__R1336mzz(E)__322.5__0.336,Refri,Alkene_C=C,Refri:Alkene_C=C,2,-0.008627014234662056,0.05963274836540222,0.02981637418270111,0.15254630362000937,0.1523348824186603
V7-A,44,Case4_R1336mzz_Stereo,[emim]__[Tf2N]__R1336mzz(E)__322.5__0.488,Cation,Imidazolium_Ring,Cation:Imidazolium_Ring,5,-0.018184233456850052,0.032432809472084045,0.006486561894416809,0.06187886698674374,0.06178078557783323
V7-A,44,Case4_R1336mzz_Stereo,[emim]__[Tf2N]__R1336mzz(E)__322.5__0.488,Cation,Alkyl_Chain,Cation:Alkyl_Chain,3,-0.0012953117256984115,0.006686020642518997,0.0022286735475063324,0.01275632264806294,0.012736103174779644
V7-A,44,Case4_R1336mzz_Stereo,[emim]__[Tf2N]__R1336mzz(E)__322.5__0.488,Anion,CF3,Anion:CF3,8,-0.01984339952468872,0.08099207282066345,0.010124009102582932,0.15452554936272866,0.1542806178645903
V7-A,44,Case4_R1336mzz_Stereo,[emim]__[Tf2N]__R1336mzz(E)__322.5__0.488,Anion,Sulfonyl_SO2,Anion:Sulfonyl_SO2,6,-0.048388272523880005,0.09955243766307831,0.016592072943846386,0.18993704673232192,0.1896359860624199
V7-A,44,Case4_R1336mzz_Stereo,[emim]__[Tf2N]__R1336mzz(E)__322.5__0.488,Anion,Sulfonimide_N,Anion:Sulfonimide_N,1,-0.0007259929552674294,0.028062455356121063,0.028062455356121063,0.05354062662371224,0.05345576178456886
V7-A,44,Case4_R1336mzz_Stereo,[emim]__[Tf2N]__R1336mzz(E)__322.5__0.488,Refri,CF3,Refri:CF3,8,0.13426804542541504,0.18724066019058228,0.023405082523822784,0.35723824408168436,0.35667200180863573
V7-A,44,Case4_R1336mzz_Stereo,[emim]__[Tf2N]__R1336mzz(E)__322.5__0.488,Refri,Alkene_C=C,Refri:Alkene_C=C,2,-0.014145923778414726,0.08916738629341125,0.04458369314670563,0.1701233080271614,0.16985365322331059
V7-A,44,Case4_R1336mzz_Stereo,[emim]__[Tf2N]__R1336mzz(E)__332.9__0.381,Cation,Imidazolium_Ring,Cation:Imidazolium_Ring,5,-0.010688187554478645,0.019015023484826088,0.0038030046969652178,0.06187198374008811,0.061795036441053046
V7-A,44,Case4_R1336mzz_Stereo,[emim]__[Tf2N]__R1336mzz(E)__332.9__0.381,Cation,Alkyl_Chain,Cation:Alkyl_Chain,3,-0.0007901627104729414,0.003920608200132847,0.0013068694000442822,0.012757060594926433,0.012741195233949325
V7-A,44,Case4_R1336mzz_Stereo,[emim]__[Tf2N]__R1336mzz(E)__332.9__0.381,Anion,CF3,Anion:CF3,8,-0.012579042464494705,0.051149919629096985,0.006393739953637123,0.16643403034047038,0.1662270441032743
V7-A,44,Case4_R1336mzz_Stereo,[emim]__[Tf2N]__R1336mzz(E)__332.9__0.381,Anion,Sulfonyl_SO2,Anion:Sulfonyl_SO2,6,-0.03062436357140541,0.06288789957761765,0.010481316596269608,0.20462762526797057,0.2043731394389971
V7-A,44,Case4_R1336mzz_Stereo,[emim]__[Tf2N]__R1336mzz(E)__332.9__0.381,Anion,Sulfonimide_N,Anion:Sulfonimide_N,1,-0.0004902484361082315,0.017472781240940094,0.017472781240940094,0.05685376290469775,0.05678305653274961
V7-A,44,Case4_R1336mzz_Stereo,[emim]__[Tf2N]__R1336mzz(E)__332.9__0.381,Refri,CF3,Refri:CF3,8,0.07526763528585434,0.10599057376384735,0.013248821720480919,0.3448771473646881,0.34444823974956934
V7-A,44,Case4_R1336mzz_Stereo,[emim]__[Tf2N]__R1336mzz(E)__332.9__0.381,Refri,Alkene_C=C,Refri:Alkene_C=C,2,-0.005761240143328905,0.046891700476408005,0.023445850238204002,0.15257843524288095,0.15238868056276184
V7-A,44,Case4_R1336mzz_Stereo,[emim]__[Tf2N]__R1336mzz(E)__332.9__0.623,Cation,Imidazolium_Ring,Cation:Imidazolium_Ring,5,-0.021285923197865486,0.03823283687233925,0.00764656737446785,0.07121526171785574,0.07110571161547669
V7-A,44,Case4_R1336mzz_Stereo,[emim]__[Tf2N]__R1336mzz(E)__332.9__0.623,Cation,Alkyl_Chain,Cation:Alkyl_Chain,3,-0.001511232228949666,0.008015698753297329,0.002671899584432443,0.014930623287871989,0.014907655580244239
V7-A,44,Case4_R1336mzz_Stereo,[emim]__[Tf2N]__R1336mzz(E)__332.9__0.623,Anion,CF3,Anion:CF3,8,-0.017595145851373672,0.07637220621109009,0.009546525776386261,0.14225642401199237,0.14203759162355947
V7-A,44,Case4_R1336mzz_Stereo,[emim]__[Tf2N]__R1336mzz(E)__332.9__0.623,Anion,Sulfonyl_SO2,Anion:Sulfonyl_SO2,6,-0.04529939964413643,0.09397360682487488,0.015662267804145813,0.17504207252394954,0.17477280612650775
V7-A,44,Case4_R1336mzz_Stereo,[emim]__[Tf2N]__R1336mzz(E)__332.9__0.623,Anion,Sulfonimide_N,Anion:Sulfonimide_N,1,0.0003811020287685096,0.026686016470193863,0.026686016470193863,0.049707314512850244,0.04963084998456634
V7-A,44,Case4_R1336mzz_Stereo,[emim]__[Tf2N]__R1336mzz(E)__332.9__0.623,Refri,CF3,Refri:CF3,8,0.14256325364112854,0.1992931365966797,0.02491164207458496,0.37121788604635514,0.3706468433170252
V7-A,44,Case4_R1336mzz_Stereo,[emim]__[Tf2N]__R1336mzz(E)__332.9__0.623,Refri,Alkene_C=C,Refri:Alkene_C=C,2,-0.013691771775484085,0.09428954124450684,0.04714477062225342,0.17563055494430707,0.175360383287124
V7-A,44,Case4_R1336mzz_Stereo,[emim]__[Tf2N]__R1336mzz(E)__342.9__0.453,Cation,Imidazolium_Ring,Cation:Imidazolium_Ring,5,-0.01192974578589201,0.02104799635708332,0.004209599271416664,0.06614240896883732,0.0660490023204682
V7-A,44,Case4_R1336mzz_Stereo,[emim]__[Tf2N]__R1336mzz(E)__342.9__0.453,Cation,Alkyl_Chain,Cation:Alkyl_Chain,3,-0.0008786352700553834,0.004260827787220478,0.0014202759290734928,0.01338946516651601,0.013370556495299507
V7-A,44,Case4_R1336mzz_Stereo,[emim]__[Tf2N]__R1336mzz(E)__342.9__0.453,Anion,CF3,Anion:CF3,8,-0.012378407642245293,0.048563402146101,0.006070425268262625,0.15260836951753606,0.15239285519726956
V7-A,44,Case4_R1336mzz_Stereo,[emim]__[Tf2N]__R1336mzz(E)__342.9__0.453,Anion,Sulfonyl_SO2,Anion:Sulfonyl_SO2,6,-0.03017544187605381,0.06062585860490799,0.010104309767484665,0.19051411193271406,0.19024506692906085
V7-A,44,Case4_R1336mzz_Stereo,[emim]__[Tf2N]__R1336mzz(E)__342.9__0.453,Anion,Sulfonimide_N,Anion:Sulfonimide_N,1,-0.0009279015357606113,0.017229700461030006,0.017229700461030006,0.05414358093617283,0.054067119094144474
V7-A,44,Case4_R1336mzz_Stereo,[emim]__[Tf2N]__R1336mzz(E)__342.9__0.453,Refri,CF3,Refri:CF3,8,0.08145739138126373,0.1127367615699768,0.0140920951962471,0.3542703477841632,0.3537700453863677
V7-A,44,Case4_R1336mzz_Stereo,[emim]__[Tf2N]__R1336mzz(E)__342.9__0.453,Refri,Alkene_C=C,Refri:Alkene_C=C,2,-0.006172001361846924,0.05375787615776062,0.02687893807888031,0.16893177715351104,0.1686932108334609
V7-A,44,Case4_R1336mzz_Stereo,[emim]__[Tf2N]__R1336mzz(E)__342.9__0.8,Cation,Imidazolium_Ring,Cation:Imidazolium_Ring,5,-0.02508542686700821,0.04513395577669144,0.009026791155338287,0.07493872068140385,0.07480837042488307
V7-A,44,Case4_R1336mzz_Stereo,[emim]__[Tf2N]__R1336mzz(E)__342.9__0.8,Cation,Alkyl_Chain,Cation:Alkyl_Chain,3,-0.0017860180232673883,0.009497157298028469,0.003165719099342823,0.015768722368267526,0.01574129386419088
V7-A,44,Case4_R1336mzz_Stereo,[emim]__[Tf2N]__R1336mzz(E)__342.9__0.8,Anion,CF3,Anion:CF3,8,-0.01936323195695877,0.08342266082763672,0.01042783260345459,0.13851184481131323,0.13827091389685206
V7-A,44,Case4_R1336mzz_Stereo,[emim]__[Tf2N]__R1336mzz(E)__342.9__0.8,Anion,Sulfonyl_SO2,Anion:Sulfonyl_SO2,6,-0.04969619959592819,0.10277469456195831,0.017129115760326385,0.17064323293533776,0.17034641189296604
V7-A,44,Case4_R1336mzz_Stereo,[emim]__[Tf2N]__R1336mzz(E)__342.9__0.8,Anion,Sulfonimide_N,Anion:Sulfonimide_N,1,0.0002857258659787476,0.02923530898988247,0.02923530898988247,0.04854120620995431,0.04845677244028541
V7-A,44,Case4_R1336mzz_Stereo,[emim]__[Tf2N]__R1336mzz(E)__342.9__0.8,Refri,CF3,Refri:CF3,8,0.16079401969909668,0.2227538824081421,0.02784423530101776,0.36985215869562144,0.36920882874119504
V7-A,44,Case4_R1336mzz_Stereo,[emim]__[Tf2N]__R1336mzz(E)__342.9__0.8,Refri,Alkene_C=C,Refri:Alkene_C=C,2,-0.017766818404197693,0.1094604879617691,0.05473024398088455,0.1817440725471127,0.1814279424309026
V7-A,44,Case4_R1336mzz_Stereo,[emim]__[Tf2N]__R1336mzz(E)__352.8__0.511,Cation,Imidazolium_Ring,Cation:Imidazolium_Ring,5,-0.010236814618110657,0.01774623617529869,0.0035492472350597383,0.06890535791299454,0.06881931105874314
V7-A,44,Case4_R1336mzz_Stereo,[emim]__[Tf2N]__R1336mzz(E)__352.8__0.511,Cation,Alkyl_Chain,Cation:Alkyl_Chain,3,-0.0007528294809162617,0.0034576356410980225,0.0011525452136993408,0.013425360680943126,0.013408595510733225
V7-A,44,Case4_R1336mzz_Stereo,[emim]__[Tf2N]__R1336mzz(E)__352.8__0.511,Anion,CF3,Anion:CF3,8,-0.009587414562702179,0.037912517786026,0.00473906472325325,0.14720730534766047,0.14702347747227257
V7-A,44,Case4_R1336mzz_Stereo,[emim]__[Tf2N]__R1336mzz(E)__352.8__0.511,Anion,Sulfonyl_SO2,Anion:Sulfonyl_SO2,6,-0.023698609322309494,0.0474143847823143,0.00790239746371905,0.18410130020682083,0.1838714002654202
V7-A,44,Case4_R1336mzz_Stereo,[emim]__[Tf2N]__R1336mzz(E)__352.8__0.511,Anion,Sulfonimide_N,Anion:Sulfonimide_N,1,-0.000631919305305928,0.013559460639953613,0.013559460639953613,0.05264888167123922,0.052583135395697284
V7-A,44,Case4_R1336mzz_Stereo,[emim]__[Tf2N]__R1336mzz(E)__352.8__0.511,Refri,CF3,Refri:CF3,8,0.06704859435558319,0.09365247189998627,0.011706558987498283,0.36363525380595824,0.3631811574826445
V7-A,44,Case4_R1336mzz_Stereo,[emim]__[Tf2N]__R1336mzz(E)__352.8__0.511,Refri,Alkene_C=C,Refri:Alkene_C=C,2,-0.00389042217284441,0.04380238801240921,0.021901194006204605,0.17007658376822643,0.16986419745374626
V7-A,44,Case4_R1336mzz_Stereo,[emim]__[Tf2N]__R1336mzz(Z)__293.1__0.05,Cation,Imidazolium_Ring,Cation:Imidazolium_Ring,5,-0.008095662109553814,0.01565861701965332,0.003131723403930664,0.06946245182296366,0.06941323614548327
V7-A,44,Case4_R1336mzz_Stereo,[emim]__[Tf2N]__R1336mzz(Z)__293.1__0.05,Cation,Alkyl_Chain,Cation:Alkyl_Chain,3,-0.0006457310519181192,0.0038184840232133865,0.0012728280077377956,0.016938996730446167,0.016926995078070696
V7-A,44,Case4_R1336mzz_Stereo,[emim]__[Tf2N]__R1336mzz(Z)__293.1__0.05,Anion,CF3,Anion:CF3,8,-0.009639951400458813,0.04711102694272995,0.005888878367841244,0.20898700282613936,0.2088389309303344
V7-A,44,Case4_R1336mzz_Stereo,[emim]__[Tf2N]__R1336mzz(Z)__293.1__0.05,Anion,Sulfonyl_SO2,Anion:Sulfonyl_SO2,6,-0.027242586016654968,0.05804158002138138,0.00967359667023023,0.25747551338050134,0.2572930863066927
V7-A,44,Case4_R1336mzz_Stereo,[emim]__[Tf2N]__R1336mzz(Z)__293.1__0.05,Anion,Sulfonimide_N,Anion:Sulfonimide_N,1,0.0012137491721659899,0.016704585403203964,0.016704585403203964,0.07410242279610509,0.07404991959696458
V7-A,44,Case4_R1336mzz_Stereo,[emim]__[Tf2N]__R1336mzz(Z)__293.1__0.05,Refri,CF3,Refri:CF3,8,0.039910271763801575,0.05970098823308945,0.007462623529136181,0.26483673581896633,0.26464909315688107
V7-A,44,Case4_R1336mzz_Stereo,[emim]__[Tf2N]__R1336mzz(Z)__293.1__0.05,Refri,Alkene_C=C,Refri:Alkene_C=C,2,0.0015568539965897799,0.02439037337899208,0.01219518668949604,0.108196984041177,0.10812032409423913
V7-A,44,Case4_R1336mzz_Stereo,[emim]__[Tf2N]__R1336mzz(Z)__293.1__0.06,Cation,Imidazolium_Ring,Cation:Imidazolium_Ring,5,-0.008246544748544693,0.015875020995736122,0.0031750041991472243,0.06647780514559129,0.06643268678264444
V7-A,44,Case4_R1336mzz_Stereo,[emim]__[Tf2N]__R1336mzz(Z)__293.1__0.06,Cation,Alkyl_Chain,Cation:Alkyl_Chain,3,-0.0006587609532289207,0.003837584052234888,0.001279194684078296,0.016070162359018026,0.01605925556965666
V7-A,44,Case4_R1336mzz_Stereo,[emim]__[Tf2N]__R1336mzz(Z)__293.1__0.06,Anion,CF3,Anion:CF3,8,-0.010638970881700516,0.050540801137685776,0.006317600142210722,0.21164328102845184,0.2114996391264999
V7-A,44,Case4_R1336mzz_Stereo,[emim]__[Tf2N]__R1336mzz(Z)__293.1__0.06,Anion,Sulfonyl_SO2,Anion:Sulfonyl_SO2,6,-0.029181476682424545,0.06209931522607803,0.010349885871013006,0.26004539952310407,0.2598689071931807
V7-A,44,Case4_R1336mzz_Stereo,[emim]__[Tf2N]__R1336mzz(Z)__293.1__0.06,Anion,Sulfonimide_N,Anion:Sulfonimide_N,1,0.001030201674439013,0.017722666263580322,0.017722666263580322,0.07421495409971933,0.07416458454814012
V7-A,44,Case4_R1336mzz_Stereo,[emim]__[Tf2N]__R1336mzz(Z)__293.1__0.06,Refri,CF3,Refri:CF3,8,0.04273831844329834,0.06288830190896988,0.007861037738621235,0.26334933864745785,0.26317060394018404
V7-A,44,Case4_R1336mzz_Stereo,[emim]__[Tf2N]__R1336mzz(Z)__293.1__0.06,Refri,Alkene_C=C,Refri:Alkene_C=C,2,0.0012115391436964273,0.02583814226090908,0.01291907113045454,0.10819910014645832,0.10812566561804335
V7-A,44,Case4_R1336mzz_Stereo,[emim]__[Tf2N]__R1336mzz(Z)__303__0.07,Cation,Imidazolium_Ring,Cation:Imidazolium_Ring,5,-0.004730788990855217,0.009180951863527298,0.0018361903727054595,0.06274290189787825,0.06265421877502689
V7-A,44,Case4_R1336mzz_Stereo,[emim]__[Tf2N]__R1336mzz(Z)__303__0.07,Cation,Alkyl_Chain,Cation:Alkyl_Chain,3,-0.00040768642793409526,0.002266332972794771,0.0007554443242649237,0.015488187880048163,0.015466296306229232
V7-A,44,Case4_R1336mzz_Stereo,[emim]__[Tf2N]__R1336mzz(Z)__303__0.07,Anion,CF3,Anion:CF3,8,-0.006649337708950043,0.031235970556735992,0.003904496319591999,0.21346756474261003,0.21316584184334625
V7-A,44,Case4_R1336mzz_Stereo,[emim]__[Tf2N]__R1336mzz(Z)__303__0.07,Anion,Sulfonyl_SO2,Anion:Sulfonyl_SO2,6,-0.018672896549105644,0.03897770121693611,0.006496283536156018,0.2663747855355217,0.26599828162646433
V7-A,44,Case4_R1336mzz_Stereo,[emim]__[Tf2N]__R1336mzz(Z)__303__0.07,Anion,Sulfonimide_N,Anion:Sulfonimide_N,1,0.0005006461287848651,0.011292067356407642,0.011292067356407642,0.07717032883942333,0.07706125346123816
V7-A,44,Case4_R1336mzz_Stereo,[emim]__[Tf2N]__R1336mzz(Z)__303__0.07,Refri,CF3,Refri:CF3,8,0.02220703661441803,0.03898507356643677,0.004873134195804596,0.2664251683943311,0.26604859327228997
V7-A,44,Case4_R1336mzz_Stereo,[emim]__[Tf2N]__R1336mzz(Z)__303__0.07,Refri,Alkene_C=C,Refri:Alkene_C=C,2,0.004301272798329592,0.01438844483345747,0.007194222416728735,0.09833106589253068,0.09819208115110374
V7-A,44,Case4_R1336mzz_Stereo,[emim]__[Tf2N]__R1336mzz(Z)__303__0.09,Cation,Imidazolium_Ring,Cation:Imidazolium_Ring,5,-0.005622389726340771,0.010676734149456024,0.002135346829891205,0.05828072774337799,0.05822392953294671
V7-A,44,Case4_R1336mzz_Stereo,[emim]__[Tf2N]__R1336mzz(Z)__303__0.09,Cation,Alkyl_Chain,Cation:Alkyl_Chain,3,-0.0004761012096423656,0.002529697958379984,0.0008432326527933279,0.013808776721562804,0.013795319205907142
V7-A,44,Case4_R1336mzz_Stereo,[emim]__[Tf2N]__R1336mzz(Z)__303__0.09,Anion,CF3,Anion:CF3,8,-0.009046036750078201,0.039059560745954514,0.004882445093244314,0.21321310372113106,0.21300531423049218
V7-A,44,Case4_R1336mzz_Stereo,[emim]__[Tf2N]__R1336mzz(Z)__303__0.09,Anion,Sulfonyl_SO2,Anion:Sulfonyl_SO2,6,-0.023319166153669357,0.04838307201862335,0.008063845336437225,0.2641070394966522,0.2638496506858644
V7-A,44,Case4_R1336mzz_Stereo,[emim]__[Tf2N]__R1336mzz(Z)__303__0.09,Anion,Sulfonimide_N,Anion:Sulfonimide_N,1,-4.573201294988394e-06,0.013727264478802681,0.013727264478802681,0.07493255452007336,0.07485952806408049
V7-A,44,Case4_R1336mzz_Stereo,[emim]__[Tf2N]__R1336mzz(Z)__303__0.09,Refri,CF3,Refri:CF3,8,0.03150835633277893,0.04956433176994324,0.006195541471242905,0.2705551421652376,0.27029146927553677
V7-A,44,Case4_R1336mzz_Stereo,[emim]__[Tf2N]__R1336mzz(Z)__303__0.09,Refri,Alkene_C=C,Refri:Alkene_C=C,2,0.0030665798112750053,0.019254285842180252,0.009627142921090126,0.10510271917920314,0.10500029001278768
V7-A,44,Case4_R1336mzz_Stereo,[emim]__[Tf2N]__R1336mzz(Z)__322.5__0.13,Cation,Imidazolium_Ring,Cation:Imidazolium_Ring,5,-0.00366543629206717,0.007064959965646267,0.0014129919931292535,0.07098662417044405,0.07080486995910008
V7-A,44,Case4_R1336mzz_Stereo,[emim]__[Tf2N]__R1336mzz(Z)__322.5__0.13,Cation,Alkyl_Chain,Cation:Alkyl_Chain,3,-0.0003079446032643318,0.0017325424123555422,0.0005775141374518474,0.01740807275388249,0.017363501109979505
V7-A,44,Case4_R1336mzz_Stereo,[emim]__[Tf2N]__R1336mzz(Z)__322.5__0.13,Anion,CF3,Anion:CF3,8,-0.002784907119348645,0.016704052686691284,0.0020880065858364105,0.1678373714726326,0.16740764052764773
V7-A,44,Case4_R1336mzz_Stereo,[emim]__[Tf2N]__R1336mzz(Z)__322.5__0.13,Anion,Sulfonyl_SO2,Anion:Sulfonyl_SO2,6,-0.010105134919285774,0.02123958431184292,0.0035399307186404863,0.21340904922499915,0.21286263651853746
V7-A,44,Case4_R1336mzz_Stereo,[emim]__[Tf2N]__R1336mzz(Z)__322.5__0.13,Anion,Sulfonimide_N,Anion:Sulfonimide_N,1,0.000980001874268055,0.006465429440140724,0.006465429440140724,0.06496271910945085,0.06479638850961635
V7-A,44,Case4_R1336mzz_Stereo,[emim]__[Tf2N]__R1336mzz(Z)__322.5__0.13,Refri,CF3,Refri:CF3,8,0.011148115620017052,0.03398561105132103,0.004248201381415129,0.34147734886454234,0.34060302997756897
V7-A,44,Case4_R1336mzz_Stereo,[emim]__[Tf2N]__R1336mzz(Z)__322.5__0.13,Refri,Alkene_C=C,Refri:Alkene_C=C,2,0.006261549890041351,0.012333037331700325,0.0061665186658501625,0.1239187044516228,0.12360142289806857
V7-A,44,Case4_R1336mzz_Stereo,[emim]__[Tf2N]__R1336mzz(Z)__322.5__0.17,Cation,Imidazolium_Ring,Cation:Imidazolium_Ring,5,-0.00509780365973711,0.009570043534040451,0.0019140087068080902,0.06704606051064996,0.06695816578609236
V7-A,44,Case4_R1336mzz_Stereo,[emim]__[Tf2N]__R1336mzz(Z)__322.5__0.17,Cation,Alkyl_Chain,Cation:Alkyl_Chain,3,-0.00041427399264648557,0.0022229310125112534,0.0007409770041704178,0.015573468045960501,0.015553051847396695
V7-A,44,Case4_R1336mzz_Stereo,[emim]__[Tf2N]__R1336mzz(Z)__322.5__0.17,Anion,CF3,Anion:CF3,8,-0.006168761290609837,0.026941414922475815,0.003367676865309477,0.18874686710774227,0.18849942745552123
V7-A,44,Case4_R1336mzz_Stereo,[emim]__[Tf2N]__R1336mzz(Z)__322.5__0.17,Anion,Sulfonyl_SO2,Anion:Sulfonyl_SO2,6,-0.016340119764208794,0.033595018088817596,0.0055991696814696,0.2353608536499813,0.23505230491131346
V7-A,44,Case4_R1336mzz_Stereo,[emim]__[Tf2N]__R1336mzz(Z)__322.5__0.17,Anion,Sulfonimide_N,Anion:Sulfonimide_N,1,7.277812983375043e-05,0.00957158301025629,0.00957158301025629,0.06705684581326167,0.06696893694960036
V7-A,44,Case4_R1336mzz_Stereo,[emim]__[Tf2N]__R1336mzz(Z)__322.5__0.17,Refri,CF3,Refri:CF3,8,0.02580726146697998,0.0444740355014801,0.005559254437685013,0.31157735748837456,0.3111688919378822
V7-A,44,Case4_R1336mzz_Stereo,[emim]__[Tf2N]__R1336mzz(Z)__322.5__0.17,Refri,Alkene_C=C,Refri:Alkene_C=C,2,0.003900645300745964,0.01636331155896187,0.008181655779480934,0.11463851476060986,0.11448822821727186
V7-A,44,Case4_R1336mzz_Stereo,[emim]__[Tf2N]__R1336mzz(Z)__332.9__0.18,Cation,Imidazolium_Ring,Cation:Imidazolium_Ring,5,-0.004060809500515461,0.007549053989350796,0.0015098107978701591,0.07641665805623454,0.07627084566058825
V7-A,44,Case4_R1336mzz_Stereo,[emim]__[Tf2N]__R1336mzz(Z)__332.9__0.18,Cation,Alkyl_Chain,Cation:Alkyl_Chain,3,-0.00031891855178400874,0.0017270278185606003,0.0005756759395202001,0.01748215000856015,0.0174487919131051
V7-A,44,Case4_R1336mzz_Stereo,[emim]__[Tf2N]__R1336mzz(Z)__332.9__0.18,Anion,CF3,Anion:CF3,8,-0.0030843375716358423,0.015940841287374496,0.001992605160921812,0.16136403574598898,0.1610561332909253
V7-A,44,Case4_R1336mzz_Stereo,[emim]__[Tf2N]__R1336mzz(Z)__332.9__0.18,Anion,Sulfonyl_SO2,Anion:Sulfonyl_SO2,6,-0.009877572767436504,0.02028224989771843,0.0033803749829530716,0.2053107259838707,0.20491896783101407
V7-A,44,Case4_R1336mzz_Stereo,[emim]__[Tf2N]__R1336mzz(Z)__332.9__0.18,Anion,Sulfonimide_N,Anion:Sulfonimide_N,1,0.000555611215531826,0.006063075736165047,0.006063075736165047,0.061374575669105993,0.0612574654193552
V7-A,44,Case4_R1336mzz_Stereo,[emim]__[Tf2N]__R1336mzz(Z)__332.9__0.18,Refri,CF3,Refri:CF3,8,0.01596708595752716,0.03491475433111191,0.0043643442913889885,0.3534308863867937,0.3527564967242475
V7-A,44,Case4_R1336mzz_Stereo,[emim]__[Tf2N]__R1336mzz(Z)__332.9__0.18,Refri,Alkene_C=C,Refri:Alkene_C=C,2,0.004668340086936951,0.012311065569519997,0.006155532784759998,0.12462097757692636,0.12438318540241249
V7-A,44,Case4_R1336mzz_Stereo,[emim]__[Tf2N]__R1336mzz(Z)__332.9__0.24,Cation,Imidazolium_Ring,Cation:Imidazolium_Ring,5,-0.006636387202888727,0.012052726000547409,0.002410545200109482,0.08156467545448513,0.08148099020768092
V7-A,44,Case4_R1336mzz_Stereo,[emim]__[Tf2N]__R1336mzz(Z)__332.9__0.24,Cation,Alkyl_Chain,Cation:Alkyl_Chain,3,-0.0005068037426099181,0.002617839490994811,0.000872613163664937,0.017715762265335538,0.017697585917189253
V7-A,44,Case4_R1336mzz_Stereo,[emim]__[Tf2N]__R1336mzz(Z)__332.9__0.24,Anion,CF3,Anion:CF3,8,-0.005187179893255234,0.02448975294828415,0.0030612191185355186,0.1657300390879702,0.16556000029180423
V7-A,44,Case4_R1336mzz_Stereo,[emim]__[Tf2N]__R1336mzz(Z)__332.9__0.24,Anion,Sulfonyl_SO2,Anion:Sulfonyl_SO2,6,-0.014972388744354248,0.03074827790260315,0.005124712983767192,0.20808349146875454,0.20786999808767484
V7-A,44,Case4_R1336mzz_Stereo,[emim]__[Tf2N]__R1336mzz(Z)__332.9__0.24,Anion,Sulfonimide_N,Anion:Sulfonimide_N,1,0.0005321529461070895,0.008996120654046535,0.008996120654046535,0.06087964344857505,0.0608171810166588
V7-A,44,Case4_R1336mzz_Stereo,[emim]__[Tf2N]__R1336mzz(Z)__332.9__0.24,Refri,CF3,Refri:CF3,8,0.031242914497852325,0.049524836242198944,0.006190604530274868,0.3351505041140084,0.33480664014965056
V7-A,44,Case4_R1336mzz_Stereo,[emim]__[Tf2N]__R1336mzz(Z)__332.9__0.24,Refri,Alkene_C=C,Refri:Alkene_C=C,2,0.0025672120973467827,0.019339390099048615,0.009669695049524307,0.13087587628267172,0.13074159781044822
V7-A,44,Case4_R1336mzz_Stereo,[emim]__[Tf2N]__R1336mzz(Z)__342.9__0.24,Cation,Imidazolium_Ring,Cation:Imidazolium_Ring,5,-0.004573056474328041,0.00797149445861578,0.0015942988917231559,0.07499600982847414,0.07489097523136819
V7-A,44,Case4_R1336mzz_Stereo,[emim]__[Tf2N]__R1336mzz(Z)__342.9__0.24,Cation,Alkyl_Chain,Cation:Alkyl_Chain,3,-0.0003520299505908042,0.001599793555215001,0.0005332645184050003,0.0150508958907647,0.015029816572150472
V7-A,44,Case4_R1336mzz_Stereo,[emim]__[Tf2N]__R1336mzz(Z)__342.9__0.24,Anion,CF3,Anion:CF3,8,-0.00378722557798028,0.017035074532032013,0.0021293843165040016,0.1602663871455424,0.16004192833177402
V7-A,44,Case4_R1336mzz_Stereo,[emim]__[Tf2N]__R1336mzz(Z)__342.9__0.24,Anion,Sulfonyl_SO2,Anion:Sulfonyl_SO2,6,-0.010805738158524036,0.021656394004821777,0.0036093990008036294,0.20374387087223153,0.20345852028572942
V7-A,44,Case4_R1336mzz_Stereo,[emim]__[Tf2N]__R1336mzz(Z)__342.9__0.24,Anion,Sulfonimide_N,Anion:Sulfonimide_N,1,0.000196996217709966,0.0063586109317839146,0.0063586109317839146,0.059821963172802146,0.059738180371366266
V7-A,44,Case4_R1336mzz_Stereo,[emim]__[Tf2N]__R1336mzz(Z)__342.9__0.24,Refri,CF3,Refri:CF3,8,0.022264163941144943,0.037558943033218384,0.004694867879152298,0.35335543109133244,0.35286054415768403
V7-A,44,Case4_R1336mzz_Stereo,[emim]__[Tf2N]__R1336mzz(Z)__342.9__0.24,Refri,Alkene_C=C,Refri:Alkene_C=C,2,0.0030450201593339443,0.014111925847828388,0.007055962923914194,0.13276533466551674,0.13257939206046182
V7-A,44,Case4_R1336mzz_Stereo,[emim]__[Tf2N]__R1336mzz(Z)__342.9__0.31,Cation,Imidazolium_Ring,Cation:Imidazolium_Ring,5,-0.006376634817570448,0.01115968357771635,0.00223193671554327,0.06736320702190807,0.06731987124231605
V7-A,44,Case4_R1336mzz_Stereo,[emim]__[Tf2N]__R1336mzz(Z)__342.9__0.31,Cation,Alkyl_Chain,Cation:Alkyl_Chain,3,-0.0004759528674185276,0.002235186053439975,0.0007450620178133249,0.013492255385360153,0.013483575611468313
V7-A,44,Case4_R1336mzz_Stereo,[emim]__[Tf2N]__R1336mzz(Z)__342.9__0.31,Anion,CF3,Anion:CF3,8,-0.006532854400575161,0.026174422353506088,0.003271802794188261,0.15799668685936863,0.15789504517838718
V7-A,44,Case4_R1336mzz_Stereo,[emim]__[Tf2N]__R1336mzz(Z)__342.9__0.31,Anion,Sulfonyl_SO2,Anion:Sulfonyl_SO2,6,-0.01628039963543415,0.03269394859671593,0.005448991432785988,0.1973505084034717,0.19722354980822895
V7-A,44,Case4_R1336mzz_Stereo,[emim]__[Tf2N]__R1336mzz(Z)__342.9__0.31,Anion,Sulfonimide_N,Anion:Sulfonimide_N,1,-0.0003660394577309489,0.009316714480519295,0.009316714480519295,0.05623849116729696,0.05620231208726858
V7-A,44,Case4_R1336mzz_Stereo,[emim]__[Tf2N]__R1336mzz(Z)__342.9__0.31,Refri,CF3,Refri:CF3,8,0.039590880274772644,0.05863044410943985,0.007328805513679981,0.35391099728105513,0.35368332093292076
V7-A,44,Case4_R1336mzz_Stereo,[emim]__[Tf2N]__R1336mzz(Z)__342.9__0.31,Refri,Alkene_C=C,Refri:Alkene_C=C,2,0.0006222318625077605,0.0254539605230093,0.01272698026150465,0.15364776252821216,0.15354891857665318
V7-A,44,Case4_R1336mzz_Stereo,[emim]__[Tf2N]__R1336mzz(Z)__352.8__0.31,Cation,Imidazolium_Ring,Cation:Imidazolium_Ring,5,-0.0018639216432347894,0.002789307851344347,0.0005578615702688694,0.026805298222403004,0.02678471331877147
V7-A,44,Case4_R1336mzz_Stereo,[emim]__[Tf2N]__R1336mzz(Z)__352.8__0.31,Cation,Alkyl_Chain,Cation:Alkyl_Chain,3,-0.00013132794992998242,0.0003441318403929472,0.00011471061346431573,0.0033071131266889145,0.003304573456939799
V7-A,44,Case4_R1336mzz_Stereo,[emim]__[Tf2N]__R1336mzz(Z)__352.8__0.31,Anion,CF3,Anion:CF3,8,-0.005516376346349716,0.01719466596841812,0.002149333246052265,0.16524104676933038,0.1651141512953275
V7-A,44,Case4_R1336mzz_Stereo,[emim]__[Tf2N]__R1336mzz(Z)__352.8__0.31,Anion,Sulfonyl_SO2,Anion:Sulfonyl_SO2,6,-0.010739046148955822,0.0209128987044096,0.0034854831174016,0.20097332970845325,0.20081899392788358
V7-A,44,Case4_R1336mzz_Stereo,[emim]__[Tf2N]__R1336mzz(Z)__352.8__0.31,Anion,Sulfonimide_N,Anion:Sulfonimide_N,1,-0.0014199812430888414,0.0057037631049752235,0.0057037631049752235,0.05481326521384585,0.05477117182720284
V7-A,44,Case4_R1336mzz_Stereo,[emim]__[Tf2N]__R1336mzz(Z)__352.8__0.31,Refri,CF3,Refri:CF3,8,0.026643158867955208,0.04128488153219223,0.005160610191524029,0.3967484481906948,0.3964437685522068
V7-A,44,Case4_R1336mzz_Stereo,[emim]__[Tf2N]__R1336mzz(Z)__352.8__0.31,Refri,Alkene_C=C,Refri:Alkene_C=C,2,0.0011315911542624235,0.01582842692732811,0.007914213463664055,0.15211146520598415,0.15199465248386715
V7-A,44,Case4_R1336mzz_Stereo,[emim]__[Tf2N]__R1336mzz(Z)__352.8__0.41,Cation,Imidazolium_Ring,Cation:Imidazolium_Ring,5,-0.006173960864543915,0.010291056707501411,0.0020582113415002824,0.053630545225645206,0.0535838240391675
V7-A,44,Case4_R1336mzz_Stereo,[emim]__[Tf2N]__R1336mzz(Z)__352.8__0.41,Cation,Alkyl_Chain,Cation:Alkyl_Chain,3,-0.0004532670136541128,0.0018322310643270612,0.0006107436881090204,0.009548441307062056,0.009540123015592115
V7-A,44,Case4_R1336mzz_Stereo,[emim]__[Tf2N]__R1336mzz(Z)__352.8__0.41,Anion,CF3,Anion:CF3,8,-0.008275345899164677,0.02977665700018406,0.0037220821250230074,0.1551772957147197,0.15504211030238257
V7-A,44,Case4_R1336mzz_Stereo,[emim]__[Tf2N]__R1336mzz(Z)__352.8__0.41,Anion,Sulfonyl_SO2,Anion:Sulfonyl_SO2,6,-0.018357230350375175,0.03658723458647728,0.006097872431079547,0.19066976258532012,0.19050365729036314
V7-A,44,Case4_R1336mzz_Stereo,[emim]__[Tf2N]__R1336mzz(Z)__352.8__0.41,Anion,Sulfonimide_N,Anion:Sulfonimide_N,1,-0.0011329177068546414,0.010050265118479729,0.010050265118479729,0.052375690202295745,0.052330062204695785
V7-A,44,Case4_R1336mzz_Stereo,[emim]__[Tf2N]__R1336mzz(Z)__352.8__0.41,Refri,CF3,Refri:CF3,8,0.050024889409542084,0.07225766777992249,0.00903220847249031,0.3765617302396201,0.3762336819092354
V7-A,44,Case4_R1336mzz_Stereo,[emim]__[Tf2N]__R1336mzz(Z)__352.8__0.41,Refri,Alkene_C=C,Refri:Alkene_C=C,2,-0.001552353147417307,0.03109285980463028,0.01554642990231514,0.16203652077161013,0.16189535982552394
V7-A,45,Case1_R1234yf,[emim]__[Ac]__R1234yf__313.15__0.311,Cation,Imidazolium_Ring,Cation:Imidazolium_Ring,5,-0.0443057157099247,0.06983305513858795,0.01396661102771759,0.126496239622482,0.12639857029852788
V7-A,45,Case1_R1234yf,[emim]__[Ac]__R1234yf__313.15__0.311,Cation,Alkyl_Chain,Cation:Alkyl_Chain,3,-0.014755208045244217,0.03261241316795349,0.010870804389317831,0.059074425751155075,0.05902881365040557
V7-A,45,Case1_R1234yf,[emim]__[Ac]__R1234yf__313.15__0.311,Anion,Carboxylate_COO,Anion:Carboxylate_COO,3,0.14269286394119263,0.18779444694519043,0.06259814898173015,0.34017259181066145,0.339909940310751
V7-A,45,Case1_R1234yf,[emim]__[Ac]__R1234yf__313.15__0.311,Anion,Alkyl_Chain,Anion:Alkyl_Chain,1,0.021517084911465645,0.033337123692035675,0.033337123692035675,0.06038717307302583,0.060340547383699844
V7-A,45,Case1_R1234yf,[emim]__[Ac]__R1234yf__313.15__0.311,Refri,CF3,Refri:CF3,4,-0.05276896059513092,0.06692210584878922,0.016730526462197304,0.12122331925317392,0.12112972121678747
V7-A,45,Case1_R1234yf,[emim]__[Ac]__R1234yf__313.15__0.311,Refri,Halogenated_Alkene,Refri:Halogenated_Alkene,2,0.007211843505501747,0.1340620219707489,0.06703101098537445,0.24284118204239294,0.24265368133763612
V7-A,45,Case1_R1234yf,[emim]__[Ac]__R1234yf__313.15__0.311,Refri,Unclassified,Refri:Unclassified,3,-0.023254580795764923,0.02749522030353546,0.00916507343451182,0.049805095439209524,0.04976664030397755
V7-A,45,Case1_R1234yf,[emim]__[BF4]__R1234yf__313.15__0.3919,Cation,Imidazolium_Ring,Cation:Imidazolium_Ring,5,-0.03802238032221794,0.06134793534874916,0.012269587069749833,0.0762466938081093,0.0762121577652623
V7-A,45,Case1_R1234yf,[emim]__[BF4]__R1234yf__313.15__0.3919,Cation,Alkyl_Chain,Cation:Alkyl_Chain,3,-0.013481449335813522,0.027716074138879776,0.009238691379626593,0.034447109041512526,0.03443150617698954
V7-A,45,Case1_R1234yf,[emim]__[BF4]__R1234yf__313.15__0.3919,Anion,BF4_Core,Anion:BF4_Core,5,0.06551046669483185,0.3313792943954468,0.06627585887908935,0.4118569834580767,0.41167043228166317
V7-A,45,Case1_R1234yf,[emim]__[BF4]__R1234yf__313.15__0.3919,Refri,CF3,Refri:CF3,4,-0.08338414132595062,0.11179424822330475,0.027948562055826187,0.13894423284717572,0.13888129786941744
V7-A,45,Case1_R1234yf,[emim]__[BF4]__R1234yf__313.15__0.3919,Refri,Halogenated_Alkene,Refri:Halogenated_Alkene,2,0.024870246648788452,0.2148163616657257,0.10740818083286285,0.2669859590186292,0.2668650273682232
V7-A,45,Case1_R1234yf,[emim]__[BF4]__R1234yf__313.15__0.3919,Refri,Unclassified,Refri:Unclassified,3,-0.04882950335741043,0.057544078677892685,0.01918135955929756,0.071519044976507,0.07148665032857772
V7-A,45,Case1_R1234yf,[bmim]__[Ac]__R1234yf__313.15__0.561,Cation,Imidazolium_Ring,Cation:Imidazolium_Ring,5,-0.03428569436073303,0.05681809037923813,0.011363618075847626,0.08431542551831797,0.08423988461272626
V7-A,45,Case1_R1234yf,[bmim]__[Ac]__R1234yf__313.15__0.561,Cation,Alkyl_Chain,Cation:Alkyl_Chain,5,-0.009683867916464806,0.042738355696201324,0.008547671139240265,0.06342174864425218,0.06336492705677461
V7-A,45,Case1_R1234yf,[bmim]__[Ac]__R1234yf__313.15__0.561,Anion,Carboxylate_COO,Anion:Carboxylate_COO,3,0.16303405165672302,0.21723955869674683,0.07241318623224895,0.32237348542817096,0.32208466063865826
V7-A,45,Case1_R1234yf,[bmim]__[Ac]__R1234yf__313.15__0.561,Anion,Alkyl_Chain,Anion:Alkyl_Chain,1,0.025837471708655357,0.04006251320242882,0.04006251320242882,0.059450921800608944,0.05939765780480424
V7-A,45,Case1_R1234yf,[bmim]__[Ac]__R1234yf__313.15__0.561,Refri,CF3,Refri:CF3,4,-0.07411731779575348,0.09711132943630219,0.024277832359075546,0.14410873384550327,0.14397962218898913
V7-A,45,Case1_R1234yf,[bmim]__[Ac]__R1234yf__313.15__0.561,Refri,Halogenated_Alkene,Refri:Halogenated_Alkene,2,0.016814813017845154,0.17546716332435608,0.08773358166217804,0.26038517735174294,0.2601518898841308
V7-A,45,Case1_R1234yf,[bmim]__[Ac]__R1234yf__313.15__0.561,Refri,Unclassified,Refri:Unclassified,3,-0.0379670113325119,0.04443836212158203,0.014812787373860678,0.06594447977060883,0.0658853979870559
V7-A,45,Case1_R1234yf,[bmim]__[PF6]__R1234yf__313.15__0.23,Cation,Imidazolium_Ring,Cation:Imidazolium_Ring,5,-0.01841353252530098,0.030330568552017212,0.006066113710403442,0.06955744793520197,0.0695073831784547
V7-A,45,Case1_R1234yf,[bmim]__[PF6]__R1234yf__313.15__0.23,Cation,Alkyl_Chain,Cation:Alkyl_Chain,5,-0.006036555394530296,0.022102443501353264,0.004420488700270652,0.0506877924312393,0.050651309321616156
V7-A,45,Case1_R1234yf,[bmim]__[PF6]__R1234yf__313.15__0.23,Anion,PF6_Core,Anion:PF6_Core,7,0.03133891522884369,0.15489700436592102,0.02212814348084586,0.355227113465525,0.35497143474881515
V7-A,45,Case1_R1234yf,[bmim]__[PF6]__R1234yf__313.15__0.23,Refri,CF3,Refri:CF3,4,-0.04734959453344345,0.06549403816461563,0.016373509541153908,0.15019824445059407,0.15009013757210005
V7-A,45,Case1_R1234yf,[bmim]__[PF6]__R1234yf__313.15__0.23,Refri,Halogenated_Alkene,Refri:Halogenated_Alkene,2,0.017634859308600426,0.12659065425395966,0.06329532712697983,0.2903118293760877,0.290102874166401
V7-A,45,Case1_R1234yf,[bmim]__[PF6]__R1234yf__313.15__0.23,Refri,Unclassified,Refri:Unclassified,3,-0.030819937586784363,0.03663592040538788,0.012211973468462626,0.08401758515622976,0.08395711255281772
V7-A,45,Case2_R134_vs_R134a,[emim]__[BEI]__R134__283.149__0.01,Cation,Imidazolium_Ring,Cation:Imidazolium_Ring,5,-0.02360658161342144,0.03736206144094467,0.007472412288188934,0.22005545520113898,0.21976495252533312
V7-A,45,Case2_R134_vs_R134a,[emim]__[BEI]__R134__283.149__0.01,Cation,Alkyl_Chain,Cation:Alkyl_Chain,3,-0.00821617990732193,0.0179103072732687,0.0059701024244229,0.10548831268427361,0.10534905398208413
V7-A,45,Case2_R134_vs_R134a,[emim]__[BEI]__R134__283.149__0.01,Anion,CF3,Anion:CF3,8,0.012352608144283295,0.023819074034690857,0.002977384254336357,0.14028982815785976,0.14010462679381747
V7-A,45,Case2_R134_vs_R134a,[emim]__[BEI]__R134__283.149__0.01,Anion,Sulfonyl_SO2,Anion:Sulfonyl_SO2,6,0.006049905437976122,0.03058735840022564,0.005097893066704273,0.18015373928981604,0.1799159122235782
V7-A,45,Case2_R134_vs_R134a,[emim]__[BEI]__R134__283.149__0.01,Anion,Sulfonimide_N,Anion:Sulfonimide_N,1,-0.00030607779626734555,0.0020618571434170008,0.0020618571434170008,0.012143947489929403,0.01212791585264304
V7-A,45,Case2_R134_vs_R134a,[emim]__[BEI]__R134__283.149__0.01,Anion,Alkyl_Chain,Anion:Alkyl_Chain,2,0.004868153017014265,0.01078125648200512,0.00539062824100256,0.06349955573350399,0.06341572781459963
V7-A,45,Case2_R134_vs_R134a,[emim]__[BEI]__R134__283.149__0.01,Anion,Unclassified,Anion:Unclassified,4,0.0058276839554309845,0.011627641506493092,0.002906910376623273,0.06848460298881996,0.0683941941398252
V7-A,45,Case2_R134_vs_R134a,[emim]__[BEI]__R134__283.149__0.01,Refri,CHF2,Refri:CHF2,6,-0.009437953121960163,0.03563521057367325,0.005939201762278874,0.20988463113505965,0.20960755530933414
V7-A,45,Case2_R134_vs_R134a,[emim]__[BEI]__R134a__283.1__0.0103,Cation,Imidazolium_Ring,Cation:Imidazolium_Ring,5,-0.03479665890336037,0.054790813475847244,0.010958162695169449,0.09300918565021224,0.09286957221886163
V7-A,45,Case2_R134_vs_R134a,[emim]__[BEI]__R134a__283.1__0.0103,Cation,Alkyl_Chain,Cation:Alkyl_Chain,3,-0.011922801844775677,0.025324329733848572,0.00844144324461619,0.042988872335706634,0.04292434296761548
V7-A,45,Case2_R134_vs_R134a,[emim]__[BEI]__R134a__283.1__0.0103,Anion,CF3,Anion:CF3,8,0.028729872778058052,0.05472629889845848,0.00684078736230731,0.09289967005946194,0.09276022101883581
V7-A,45,Case2_R134_vs_R134a,[emim]__[BEI]__R134a__283.1__0.0103,Anion,Sulfonyl_SO2,Anion:Sulfonyl_SO2,6,0.012277497909963131,0.07109682261943817,0.011849470436573029,0.12068916584103118,0.12050800278222022
V7-A,45,Case2_R134_vs_R134a,[emim]__[BEI]__R134a__283.1__0.0103,Anion,Sulfonimide_N,Anion:Sulfonimide_N,1,-0.00035624834708869457,0.004151872359216213,0.004151872359216213,0.00704793819541578,0.00703735873674694
V7-A,45,Case2_R134_vs_R134a,[emim]__[BEI]__R134a__283.1__0.0103,Anion,Alkyl_Chain,Anion:Alkyl_Chain,2,0.012482269667088985,0.025603823363780975,0.012801911681890488,0.04346332185133381,0.04339808030062955
V7-A,45,Case2_R134_vs_R134a,[emim]__[BEI]__R134a__283.1__0.0103,Anion,Unclassified,Anion:Unclassified,4,0.009394757449626923,0.022754982113838196,0.005688745528459549,0.03862732129038734,0.03856933892196284
V7-A,45,Case2_R134_vs_R134a,[emim]__[BEI]__R134a__283.1__0.0103,Refri,CF3,Refri:CF3,4,-0.07530621439218521,0.12559594213962555,0.03139898553490639,0.21320319152638958,0.2128831583067048
V7-A,45,Case2_R134_vs_R134a,[emim]__[BEI]__R134a__283.1__0.0103,Refri,CH2F,Refri:CH2F,2,0.07212728261947632,0.20504546165466309,0.10252273082733154,0.3480713316691112,0.3475488517373779
V7-A,45,Case2_R134_vs_R134a,[emim]__[BEI]__R134__283.123__0.05,Cation,Imidazolium_Ring,Cation:Imidazolium_Ring,5,-0.024054160341620445,0.03812915459275246,0.007625830918550491,0.22664775960284095,0.22635358046819226
V7-A,45,Case2_R134_vs_R134a,[emim]__[BEI]__R134__283.123__0.05,Cation,Alkyl_Chain,Cation:Alkyl_Chain,3,-0.008390485309064388,0.018542494624853134,0.006180831541617711,0.11022050997609875,0.11007744845057507
V7-A,45,Case2_R134_vs_R134a,[emim]__[BEI]__R134__283.123__0.05,Anion,CF3,Anion:CF3,8,0.009623545221984386,0.018486125394701958,0.0023107656743377447,0.10988543934941536,0.10974281273128798
V7-A,45,Case2_R134_vs_R134a,[emim]__[BEI]__R134__283.123__0.05,Anion,Sulfonyl_SO2,Anion:Sulfonyl_SO2,6,0.005997742526233196,0.018831152468919754,0.0031385254114866257,0.11193635325529701,0.11179106463830792
V7-A,45,Case2_R134_vs_R134a,[emim]__[BEI]__R134__283.123__0.05,Anion,Sulfonimide_N,Anion:Sulfonimide_N,1,-0.0004016942111775279,0.001891824067570269,0.001891824067570269,0.011245402397645517,0.011230806344492764
V7-A,45,Case2_R134_vs_R134a,[emim]__[BEI]__R134__283.123__0.05,Anion,Alkyl_Chain,Anion:Alkyl_Chain,2,0.003727920353412628,0.007488178554922342,0.003744089277461171,0.04451131715628926,0.0444535433632191
V7-A,45,Case2_R134_vs_R134a,[emim]__[BEI]__R134__283.123__0.05,Anion,Unclassified,Anion:Unclassified,4,0.004609615541994572,0.008295654319226742,0.0020739135798066854,0.04931112388864127,0.0492471201509492
V7-A,45,Case2_R134_vs_R134a,[emim]__[BEI]__R134__283.123__0.05,Refri,CHF2,Refri:CHF2,6,0.00043042958714067936,0.05656629428267479,0.009427715713779131,0.33624201756207206,0.33580558975033337
V7-A,45,Case2_R134_vs_R134a,[emim]__[BEI]__R134a__283.15__0.0504,Cation,Imidazolium_Ring,Cation:Imidazolium_Ring,5,-0.04497135803103447,0.07114145159721375,0.01422829031944275,0.0839064683571329,0.08378399938087355
V7-A,45,Case2_R134_vs_R134a,[emim]__[BEI]__R134a__283.15__0.0504,Cation,Alkyl_Chain,Cation:Alkyl_Chain,3,-0.015453174710273743,0.03278942406177521,0.010929808020591736,0.03867287932308239,0.038616432805520226
V7-A,45,Case2_R134_vs_R134a,[emim]__[BEI]__R134a__283.15__0.0504,Anion,CF3,Anion:CF3,8,0.04481421411037445,0.0860603004693985,0.010757537558674812,0.10150222853231387,0.101354076974278
V7-A,45,Case2_R134_vs_R134a,[emim]__[BEI]__R134a__283.15__0.0504,Anion,Sulfonyl_SO2,Anion:Sulfonyl_SO2,6,0.01966385915875435,0.11076498031616211,0.018460830052693684,0.13063970592835783,0.13044902562257052
V7-A,45,Case2_R134_vs_R134a,[emim]__[BEI]__R134a__283.15__0.0504,Anion,Sulfonimide_N,Anion:Sulfonimide_N,1,-0.0006350194453261793,0.006683644838631153,0.006683644838631153,0.00788290119996488,0.007871395402392702
V7-A,45,Case2_R134_vs_R134a,[emim]__[BEI]__R134a__283.15__0.0504,Anion,Alkyl_Chain,Anion:Alkyl_Chain,2,0.019828010350465775,0.04033958911895752,0.02016979455947876,0.04757778175673486,0.0475083377396224
V7-A,45,Case2_R134_vs_R134a,[emim]__[BEI]__R134a__283.15__0.0504,Anion,Unclassified,Anion:Unclassified,4,0.014492856338620186,0.03567465767264366,0.008918664418160915,0.04207581470376489,0.04201440129842269
V7-A,45,Case2_R134_vs_R134a,[emim]__[BEI]__R134a__283.15__0.0504,Refri,CF3,Refri:CF3,4,-0.11370324343442917,0.17912468314170837,0.044781170785427094,0.21126529218304355,0.2109569316411284
V7-A,45,Case2_R134_vs_R134a,[emim]__[BEI]__R134a__283.15__0.0504,Refri,CH2F,Refri:CH2F,2,0.09924499690532684,0.28528738021850586,0.14264369010925293,0.3364769203265866,0.33598580224267555
V7-A,45,Case2_R134_vs_R134a,[emim]__[BEI]__R134__283.132__0.1,Cation,Imidazolium_Ring,Cation:Imidazolium_Ring,5,-0.018781520426273346,0.029933223500847816,0.005986644700169563,0.111775714203203,0.11160778417410257
V7-A,45,Case2_R134_vs_R134a,[emim]__[BEI]__R134__283.132__0.1,Cation,Alkyl_Chain,Cation:Alkyl_Chain,3,-0.006734575144946575,0.014980724081397057,0.004993574693799019,0.05594055492993766,0.05585651074302063
V7-A,45,Case2_R134_vs_R134a,[emim]__[BEI]__R134__283.132__0.1,Anion,CF3,Anion:CF3,8,0.001036243513226509,0.008923938497900963,0.0011154923122376204,0.033323494179639104,0.033273429499782604
V7-A,45,Case2_R134_vs_R134a,[emim]__[BEI]__R134__283.132__0.1,Anion,Sulfonyl_SO2,Anion:Sulfonyl_SO2,6,0.004793792497366667,0.01743786223232746,0.002906310372054577,0.06511592395454019,0.06501809484127943
V7-A,45,Case2_R134_vs_R134a,[emim]__[BEI]__R134__283.132__0.1,Anion,Sulfonimide_N,Anion:Sulfonimide_N,1,-0.0004600967513397336,0.0010412605479359627,0.0010412605479359627,0.003888242822022299,0.0038824011887578073
V7-A,45,Case2_R134_vs_R134a,[emim]__[BEI]__R134__283.132__0.1,Anion,Alkyl_Chain,Anion:Alkyl_Chain,2,0.00039402508991770446,0.004173110704869032,0.002086555352434516,0.015583100479390611,0.01555968868072188
V7-A,45,Case2_R134_vs_R134a,[emim]__[BEI]__R134__283.132__0.1,Anion,Unclassified,Anion:Unclassified,4,0.0007043578661978245,0.002521103946492076,0.000630275986623019,0.009414228113176114,0.009400084328792597
V7-A,45,Case2_R134_vs_R134a,[emim]__[BEI]__R134__283.132__0.1,Refri,CHF2,Refri:CHF2,6,0.015994004905223846,0.18878597021102905,0.031464328368504844,0.7049587108880773,0.7038995922979798
V7-A,45,Case2_R134_vs_R134a,[emim]__[BEI]__R134a__283.1__0.1003,Cation,Imidazolium_Ring,Cation:Imidazolium_Ring,5,-0.05696961283683777,0.09026595950126648,0.018053191900253295,0.0768406816159152,0.07673112803252959
V7-A,45,Case2_R134_vs_R134a,[emim]__[BEI]__R134a__283.1__0.1003,Cation,Alkyl_Chain,Cation:Alkyl_Chain,3,-0.01957770064473152,0.041664958000183105,0.013888319333394369,0.035468118767270504,0.03541755102860412
V7-A,45,Case2_R134_vs_R134a,[emim]__[BEI]__R134a__283.1__0.1003,Anion,CF3,Anion:CF3,8,0.0643424242734909,0.12302030622959137,0.015377538278698921,0.10472346647074404,0.1045741597392684
V7-A,45,Case2_R134_vs_R134a,[emim]__[BEI]__R134a__283.1__0.1003,Anion,Sulfonyl_SO2,Anion:Sulfonyl_SO2,6,0.029121851548552513,0.15340302884578705,0.02556717147429784,0.13058735943853553,0.13040117794104616
V7-A,45,Case2_R134_vs_R134a,[emim]__[BEI]__R134a__283.1__0.1003,Anion,Sulfonimide_N,Anion:Sulfonimide_N,1,-0.0009547947556711733,0.00965309701859951,0.00965309701859951,0.008217389575339728,0.008205673848004644
V7-A,45,Case2_R134_vs_R134a,[emim]__[BEI]__R134a__283.1__0.1003,Anion,Alkyl_Chain,Anion:Alkyl_Chain,2,0.028768453747034073,0.056964755058288574,0.028482377529144287,0.048492373325972706,0.04842323659848651
V7-A,45,Case2_R134_vs_R134a,[emim]__[BEI]__R134a__283.1__0.1003,Anion,Unclassified,Anion:Unclassified,4,0.019613925367593765,0.04901713877916336,0.01225428469479084,0.041726807929183714,0.04166731702884612
V7-A,45,Case2_R134_vs_R134a,[emim]__[BEI]__R134a__283.1__0.1003,Refri,CF3,Refri:CF3,4,-0.16136620938777924,0.2499452829360962,0.06248632073402405,0.21277086083844196,0.21246750837260356
V7-A,45,Case2_R134_vs_R134a,[emim]__[BEI]__R134a__283.1__0.1003,Refri,CH2F,Refri:CH2F,2,0.13881874084472656,0.4007812440395355,0.20039062201976776,0.34117295313789103,0.34068653476178484
V7-A,45,Case2_R134_vs_R134a,[emim]__[BEI]__R134__283.149__0.15,Cation,Imidazolium_Ring,Cation:Imidazolium_Ring,5,-0.009981703013181686,0.016197508201003075,0.003239501640200615,0.049905604863457444,0.049839290962424274
V7-A,45,Case2_R134_vs_R134a,[emim]__[BEI]__R134__283.149__0.15,Cation,Alkyl_Chain,Cation:Alkyl_Chain,3,-0.0036935131065547466,0.008889497257769108,0.0029631657525897026,0.027389134925922758,0.02735274060933585
V7-A,45,Case2_R134_vs_R134a,[emim]__[BEI]__R134__283.149__0.15,Anion,CF3,Anion:CF3,8,-0.006428024731576443,0.013640252873301506,0.0017050316091626883,0.04202653035795156,0.041970686065861525
V7-A,45,Case2_R134_vs_R134a,[emim]__[BEI]__R134__283.149__0.15,Anion,Sulfonyl_SO2,Anion:Sulfonyl_SO2,6,0.0012131049297749996,0.03246859833598137,0.005411433055996895,0.1000379205812319,0.09990499152881108
V7-A,45,Case2_R134_vs_R134a,[emim]__[BEI]__R134__283.149__0.15,Anion,Sulfonimide_N,Anion:Sulfonimide_N,1,-0.0003359899565111846,0.00040647879359312356,0.00040647879359312356,0.0012523883184190677,0.0012507241615527206
V7-A,45,Case2_R134_vs_R134a,[emim]__[BEI]__R134__283.149__0.15,Anion,Alkyl_Chain,Anion:Alkyl_Chain,2,-0.0029176294337958097,0.009276464581489563,0.0046382322907447815,0.02858140710217433,0.028543428510247673
V7-A,45,Case2_R134_vs_R134a,[emim]__[BEI]__R134__283.149__0.15,Anion,Unclassified,Anion:Unclassified,4,-0.0017407387495040894,0.007502295542508364,0.001875573885627091,0.02311507376734122,0.023084358766122907
V7-A,45,Case2_R134_vs_R134a,[emim]__[BEI]__R134__283.149__0.15,Refri,CHF2,Refri:CHF2,6,0.02562706172466278,0.2361818253993988,0.03936363756656647,0.7276919824978119,0.7267250351130037
V7-A,45,Case2_R134_vs_R134a,[emim]__[BEI]__R134a__283.15__0.1502,Cation,Imidazolium_Ring,Cation:Imidazolium_Ring,5,-0.07344415783882141,0.1164863258600235,0.0232972651720047,0.07169643702890792,0.0716007578597888
V7-A,45,Case2_R134_vs_R134a,[emim]__[BEI]__R134a__283.15__0.1502,Cation,Alkyl_Chain,Cation:Alkyl_Chain,3,-0.025295957922935486,0.05355501547455788,0.017851671824852627,0.0329626998379864,0.03291871098912422
V7-A,45,Case2_R134_vs_R134a,[emim]__[BEI]__R134a__283.15__0.1502,Anion,CF3,Anion:CF3,8,0.08924850821495056,0.17039038240909576,0.02129879780113697,0.1048739689618605,0.10473401424962775
V7-A,45,Case2_R134_vs_R134a,[emim]__[BEI]__R134a__283.15__0.1502,Anion,Sulfonyl_SO2,Anion:Sulfonyl_SO2,6,0.0426342636346817,0.20238026976585388,0.03373004496097565,0.12456349841952181,0.1243972679550073
V7-A,45,Case2_R134_vs_R134a,[emim]__[BEI]__R134a__283.15__0.1502,Anion,Sulfonimide_N,Anion:Sulfonimide_N,1,-0.001529758796095848,0.013744699768722057,0.013744699768722057,0.008459756921456974,0.008448467343526226
V7-A,45,Case2_R134_vs_R134a,[emim]__[BEI]__R134a__283.15__0.1502,Anion,Alkyl_Chain,Anion:Alkyl_Chain,2,0.040478989481925964,0.07748427987098694,0.03874213993549347,0.047690977902214104,0.04762733411000833
V7-A,45,Case2_R134_vs_R134a,[emim]__[BEI]__R134a__283.15__0.1502,Anion,Unclassified,Anion:Unclassified,4,0.025445178151130676,0.06456614285707474,0.016141535714268684,0.03973996399469576,0.03968693086092506
V7-A,45,Case2_R134_vs_R134a,[emim]__[BEI]__R134a__283.15__0.1502,Refri,CF3,Refri:CF3,4,-0.23464184999465942,0.3630285859107971,0.09075714647769928,0.2234413005756872,0.22314311730644942
V7-A,45,Case2_R134_vs_R134a,[emim]__[BEI]__R134a__283.15__0.1502,Refri,CH2F,Refri:CH2F,2,0.19196420907974243,0.5630799531936646,0.2815399765968323,0.34657137744134736,0.34610887661413486
V7-A,45,Case3_BF4_vs_PF6,[bmim]__[BF4]__R32__283.1__0.01,Cation,Imidazolium_Ring,Cation:Imidazolium_Ring,5,-0.006715503521263599,0.011142557486891747,0.0022285114973783493,0.17018908434684266,0.16996986338553832
V7-A,45,Case3_BF4_vs_PF6,[bmim]__[BF4]__R32__283.1__0.01,Cation,Alkyl_Chain,Cation:Alkyl_Chain,5,-0.001958084525540471,0.008427183143794537,0.0016854366287589074,0.12871502655945624,0.12854922842989364
V7-A,45,Case3_BF4_vs_PF6,[bmim]__[BF4]__R32__283.1__0.01,Anion,BF4_Core,Anion:BF4_Core,5,0.007667293772101402,0.03400294855237007,0.006800589710474014,0.5193538993205541,0.5186849183368255
V7-A,45,Case3_BF4_vs_PF6,[bmim]__[BF4]__R32__283.1__0.01,Refri,CH2F,Refri:CH2F,3,-0.000985108781605959,0.011898946017026901,0.003966315339008967,0.18174200399797255,0.18150790169359318
V7-A,45,Case3_BF4_vs_PF6,[bmim]__[PF6]__R32__283.2__0.0098,Cation,Imidazolium_Ring,Cation:Imidazolium_Ring,5,-0.011264614760875702,0.01859947480261326,0.0037198949605226515,0.20188720085646691,0.20158379824332257
V7-A,45,Case3_BF4_vs_PF6,[bmim]__[PF6]__R32__283.2__0.0098,Cation,Alkyl_Chain,Cation:Alkyl_Chain,5,-0.0031461783219128847,0.014247880317270756,0.002849576063454151,0.15465300530892379,0.1544205877720899
V7-A,45,Case3_BF4_vs_PF6,[bmim]__[PF6]__R32__283.2__0.0098,Anion,PF6_Core,Anion:PF6_Core,7,0.00978398323059082,0.03735926002264023,0.005337037146091461,0.4055144842573742,0.40490506397877496
V7-A,45,Case3_BF4_vs_PF6,[bmim]__[PF6]__R32__283.2__0.0098,Refri,CH2F,Refri:CH2F,3,0.0012871399521827698,0.021921440958976746,0.007307146986325582,0.23794533990423783,0.2375877479538507
V7-A,45,Case3_BF4_vs_PF6,[bmim]__[BF4]__R32__283.1__0.0998,Cation,Imidazolium_Ring,Cation:Imidazolium_Ring,5,-0.023991048336029053,0.040111418813467026,0.008022283762693405,0.16328382042509826,0.16308018573645414
V7-A,45,Case3_BF4_vs_PF6,[bmim]__[BF4]__R32__283.1__0.0998,Cation,Alkyl_Chain,Cation:Alkyl_Chain,5,-0.006022295448929071,0.03095831908285618,0.006191663816571236,0.1260237798442277,0.12586661293630305
V7-A,45,Case3_BF4_vs_PF6,[bmim]__[BF4]__R32__283.1__0.0998,Anion,BF4_Core,Anion:BF4_Core,5,0.027601251378655434,0.11407157778739929,0.02281431555747986,0.4643576211966807,0.4637785110352102
V7-A,45,Case3_BF4_vs_PF6,[bmim]__[BF4]__R32__283.1__0.0998,Refri,CH2F,Refri:CH2F,3,0.0009582862257957458,0.060513272881507874,0.020171090960502625,0.24633480128111807,0.2460275919664995
V7-A,45,Case3_BF4_vs_PF6,[bmim]__[PF6]__R32__283.2__0.0996,Cation,Imidazolium_Ring,Cation:Imidazolium_Ring,5,-0.03106122836470604,0.05172073096036911,0.010344146192073822,0.17530939467004653,0.1750485535257834
V7-A,45,Case3_BF4_vs_PF6,[bmim]__[PF6]__R32__283.2__0.0996,Cation,Alkyl_Chain,Cation:Alkyl_Chain,5,-0.007818933576345444,0.0400608628988266,0.00801217257976532,0.13578782616460716,0.13558578877796032
V7-A,45,Case3_BF4_vs_PF6,[bmim]__[PF6]__R32__283.2__0.0996,Anion,PF6_Core,Anion:PF6_Core,7,0.029903877526521683,0.11424340307712555,0.016320486153875078,0.38723238180534175,0.3866562225084829
V7-A,45,Case3_BF4_vs_PF6,[bmim]__[PF6]__R32__283.2__0.0996,Refri,CH2F,Refri:CH2F,3,0.003949885256588459,0.08900043368339539,0.029666811227798462,0.3016703721059768,0.3012215196916581
V7-A,45,Case3_BF4_vs_PF6,[bmim]__[BF4]__R32__283.2__0.2499,Cation,Imidazolium_Ring,Cation:Imidazolium_Ring,5,-0.051756154745817184,0.08646315336227417,0.017292630672454835,0.22164139287403725,0.221250843108437
V7-A,45,Case3_BF4_vs_PF6,[bmim]__[BF4]__R32__283.2__0.2499,Cation,Alkyl_Chain,Cation:Alkyl_Chain,5,-0.012783186510205269,0.06701502948999405,0.01340300589799881,0.17178767951502677,0.17148497595817927
V7-A,45,Case3_BF4_vs_PF6,[bmim]__[BF4]__R32__283.2__0.2499,Anion,BF4_Core,Anion:BF4_Core,5,0.04221025109291077,0.13341528177261353,0.026683056354522706,0.341999426725355,0.34139679652974475
V7-A,45,Case3_BF4_vs_PF6,[bmim]__[BF4]__R32__283.2__0.2499,Refri,CH2F,Refri:CH2F,3,-0.0003379546105861664,0.10321032255887985,0.03440344085295995,0.2645714244897061,0.264105228593357
V7-A,45,Case3_BF4_vs_PF6,[bmim]__[PF6]__R32__283.2__0.2497,Cation,Imidazolium_Ring,Cation:Imidazolium_Ring,5,-0.05700208991765976,0.09497333317995071,0.018994666635990143,0.21687100271260906,0.21647464897582064
V7-A,45,Case3_BF4_vs_PF6,[bmim]__[PF6]__R32__283.2__0.2497,Cation,Alkyl_Chain,Cation:Alkyl_Chain,5,-0.014109077863395214,0.07381818443536758,0.014763636887073517,0.16856335500607716,0.16825528839133114
V7-A,45,Case3_BF4_vs_PF6,[bmim]__[PF6]__R32__283.2__0.2497,Anion,PF6_Core,Anion:PF6_Core,7,0.04173047095537186,0.12842313945293427,0.01834616277899061,0.2932534227464452,0.29271747239587864
V7-A,45,Case3_BF4_vs_PF6,[bmim]__[PF6]__R32__283.2__0.2497,Refri,CH2F,Refri:CH2F,3,0.003118544816970825,0.1407107561826706,0.04690358539422353,0.32131211745474786,0.32072488699592366
V7-A,45,Case3_BF4_vs_PF6,[bmim]__[BF4]__R32__283.2__0.3995,Cation,Imidazolium_Ring,Cation:Imidazolium_Ring,5,-0.06926523894071579,0.11555580794811249,0.023111161589622498,0.28460428474686544,0.2839501456186066
V7-A,45,Case3_BF4_vs_PF6,[bmim]__[BF4]__R32__283.2__0.3995,Cation,Alkyl_Chain,Cation:Alkyl_Chain,5,-0.01703318953514099,0.09006538987159729,0.018013077974319457,0.22182351817715124,0.22131367538635568
V7-A,45,Case3_BF4_vs_PF6,[bmim]__[BF4]__R32__283.2__0.3995,Anion,BF4_Core,Anion:BF4_Core,5,0.03886928781867027,0.07984396070241928,0.015968792140483856,0.19664899350859544,0.19619701225574426
V7-A,45,Case3_BF4_vs_PF6,[bmim]__[BF4]__R32__283.2__0.3995,Refri,CH2F,Refri:CH2F,3,-0.00174688920378685,0.12055756151676178,0.04018585383892059,0.2969231852172314,0.2962407321272837
V7-A,45,Case3_BF4_vs_PF6,[bmim]__[PF6]__R32__283.2__0.3996,Cation,Imidazolium_Ring,Cation:Imidazolium_Ring,5,-0.07657487690448761,0.1279260665178299,0.02558521330356598,0.2606381851534558,0.2600537664841062
V7-A,45,Case3_BF4_vs_PF6,[bmim]__[PF6]__R32__283.2__0.3996,Cation,Alkyl_Chain,Cation:Alkyl_Chain,5,-0.01837630197405815,0.1001611202955246,0.02003222405910492,0.2040695327181342,0.20361195569542853
V7-A,45,Case3_BF4_vs_PF6,[bmim]__[PF6]__R32__283.2__0.3996,Anion,PF6_Core,Anion:PF6_Core,7,0.041290707886219025,0.09472237527370453,0.013531767896243505,0.192988564854544,0.19255583424676456
V7-A,45,Case3_BF4_vs_PF6,[bmim]__[PF6]__R32__283.2__0.3996,Refri,CH2F,Refri:CH2F,3,0.0030723512172698975,0.16800907254219055,0.056003024180730186,0.3423038083533086,0.34153627409476023
V7-A,45,Case4_R1336mzz_Stereo,[emim]__[Tf2N]__R1336mzz(E)__293.1__0.194,Cation,Imidazolium_Ring,Cation:Imidazolium_Ring,5,-0.03433860093355179,0.05435531586408615,0.01087106317281723,0.1053755269897927,0.105234077426388
V7-A,45,Case4_R1336mzz_Stereo,[emim]__[Tf2N]__R1336mzz(E)__293.1__0.194,Cation,Alkyl_Chain,Cation:Alkyl_Chain,3,-0.011701731011271477,0.026538701727986336,0.00884623390932878,0.05144905582379691,0.05137999380634608
V7-A,45,Case4_R1336mzz_Stereo,[emim]__[Tf2N]__R1336mzz(E)__293.1__0.194,Anion,CF3,Anion:CF3,8,0.04035197198390961,0.08875463902950287,0.011094329878687859,0.17206351783344437,0.17183255045258583
V7-A,45,Case4_R1336mzz_Stereo,[emim]__[Tf2N]__R1336mzz(E)__293.1__0.194,Anion,Sulfonyl_SO2,Anion:Sulfonyl_SO2,6,0.027058061212301254,0.10378418862819672,0.01729736477136612,0.2012004418712276,0.20093036289300073
V7-A,45,Case4_R1336mzz_Stereo,[emim]__[Tf2N]__R1336mzz(E)__293.1__0.194,Anion,Sulfonimide_N,Anion:Sulfonimide_N,1,-0.0010537668131291866,0.0076099541038274765,0.0076099541038274765,0.014752980666400512,0.014733177181342899
V7-A,45,Case4_R1336mzz_Stereo,[emim]__[Tf2N]__R1336mzz(E)__293.1__0.194,Refri,CF3,Refri:CF3,8,-0.07823475450277328,0.1267927587032318,0.015849094837903976,0.24580583434104394,0.24547587985404776
V7-A,45,Case4_R1336mzz_Stereo,[emim]__[Tf2N]__R1336mzz(E)__293.1__0.194,Refri,Alkene_C=C,Refri:Alkene_C=C,2,0.07563228905200958,0.1079893708229065,0.05399468541145325,0.20935278691441808,0.20907176473448183
V7-A,45,Case4_R1336mzz_Stereo,[emim]__[Tf2N]__R1336mzz(E)__293.1__0.223,Cation,Imidazolium_Ring,Cation:Imidazolium_Ring,5,-0.031042924150824547,0.04922964423894882,0.009845928847789764,0.0928844130872299,0.09276506338916353
V7-A,45,Case4_R1336mzz_Stereo,[emim]__[Tf2N]__R1336mzz(E)__293.1__0.223,Cation,Alkyl_Chain,Cation:Alkyl_Chain,3,-0.010506920516490936,0.02423499897122383,0.008078332990407944,0.045725572272789027,0.045666818246539814
V7-A,45,Case4_R1336mzz_Stereo,[emim]__[Tf2N]__R1336mzz(E)__293.1__0.223,Anion,CF3,Anion:CF3,8,0.04304535686969757,0.09559199959039688,0.01194899994879961,0.18035894662760873,0.18012719853222744
V7-A,45,Case4_R1336mzz_Stereo,[emim]__[Tf2N]__R1336mzz(E)__293.1__0.223,Anion,Sulfonyl_SO2,Anion:Sulfonyl_SO2,6,0.02897724322974682,0.11188646405935287,0.018647744009892147,0.21110265384238214,0.21083140232493497
V7-A,45,Case4_R1336mzz_Stereo,[emim]__[Tf2N]__R1336mzz(E)__293.1__0.223,Anion,Sulfonimide_N,Anion:Sulfonimide_N,1,-0.001121217617765069,0.00818818062543869,0.00818818062543869,0.015449113301622746,0.015429262317516184
V7-A,45,Case4_R1336mzz_Stereo,[emim]__[Tf2N]__R1336mzz(E)__293.1__0.223,Refri,CF3,Refri:CF3,8,-0.08575074374675751,0.13193967938423157,0.016492459923028946,0.248938213387002,0.24861834593435397
V7-A,45,Case4_R1336mzz_Stereo,[emim]__[Tf2N]__R1336mzz(E)__293.1__0.223,Refri,Alkene_C=C,Refri:Alkene_C=C,2,0.07402214407920837,0.1089387908577919,0.05446939542889595,0.20554110856752655,0.2052770032302325
V7-A,45,Case4_R1336mzz_Stereo,[emim]__[Tf2N]__R1336mzz(E)__303__0.228,Cation,Imidazolium_Ring,Cation:Imidazolium_Ring,5,-0.03182748705148697,0.05053593963384628,0.010107187926769257,0.09186797346330292,0.0917464718427167
V7-A,45,Case4_R1336mzz_Stereo,[emim]__[Tf2N]__R1336mzz(E)__303__0.228,Cation,Alkyl_Chain,Cation:Alkyl_Chain,3,-0.010797957889735699,0.0248859915882349,0.008295330529411634,0.04523959842046256,0.04517976598576809
V7-A,45,Case4_R1336mzz_Stereo,[emim]__[Tf2N]__R1336mzz(E)__303__0.228,Anion,CF3,Anion:CF3,8,0.043442919850349426,0.0971674844622612,0.01214593555778265,0.17663824891258897,0.17640463285803473
V7-A,45,Case4_R1336mzz_Stereo,[emim]__[Tf2N]__R1336mzz(E)__303__0.228,Anion,Sulfonyl_SO2,Anion:Sulfonyl_SO2,6,0.029128484427928925,0.11541163176298141,0.019235271960496902,0.2098038109309634,0.20952633117308606
V7-A,45,Case4_R1336mzz_Stereo,[emim]__[Tf2N]__R1336mzz(E)__303__0.228,Anion,Sulfonimide_N,Anion:Sulfonimide_N,1,-0.0010652468772605062,0.00814804621040821,0.00814804621040821,0.014812121798052255,0.014792531763190946
V7-A,45,Case4_R1336mzz_Stereo,[emim]__[Tf2N]__R1336mzz(E)__303__0.228,Refri,CF3,Refri:CF3,8,-0.08690337836742401,0.13729003071784973,0.017161253839731216,0.249575984737726,0.2492459035847206
V7-A,45,Case4_R1336mzz_Stereo,[emim]__[Tf2N]__R1336mzz(E)__303__0.228,Refri,Alkene_C=C,Refri:Alkene_C=C,2,0.08031556010246277,0.11665400862693787,0.05832700431346893,0.2120622955974468,0.21178182884054575
V7-A,45,Case4_R1336mzz_Stereo,[emim]__[Tf2N]__R1336mzz(E)__303__0.293,Cation,Imidazolium_Ring,Cation:Imidazolium_Ring,5,-0.0282223392277956,0.044931136071681976,0.008986227214336395,0.08194293633193145,0.0818366451682945
V7-A,45,Case4_R1336mzz_Stereo,[emim]__[Tf2N]__R1336mzz(E)__303__0.293,Cation,Alkyl_Chain,Cation:Alkyl_Chain,3,-0.009678785689175129,0.022077657282352448,0.007359219094117482,0.04026401785523084,0.04021178993294605
V7-A,45,Case4_R1336mzz_Stereo,[emim]__[Tf2N]__R1336mzz(E)__303__0.293,Anion,CF3,Anion:CF3,8,0.04293249920010567,0.09544244408607483,0.011930305510759354,0.17406268353936122,0.1738369005004886
V7-A,45,Case4_R1336mzz_Stereo,[emim]__[Tf2N]__R1336mzz(E)__303__0.293,Anion,Sulfonyl_SO2,Anion:Sulfonyl_SO2,6,0.0290362685918808,0.11163250356912613,0.018605417261521023,0.20358922413947725,0.2033251411506755
V7-A,45,Case4_R1336mzz_Stereo,[emim]__[Tf2N]__R1336mzz(E)__303__0.293,Anion,Sulfonimide_N,Anion:Sulfonimide_N,1,-0.0011280339676886797,0.00820523127913475,0.00820523127913475,0.014964249807132504,0.014944839134338072
V7-A,45,Case4_R1336mzz_Stereo,[emim]__[Tf2N]__R1336mzz(E)__303__0.293,Refri,CF3,Refri:CF3,8,-0.09067027270793915,0.14389467239379883,0.017986834049224854,0.2624271943548877,0.2620867904945114
V7-A,45,Case4_R1336mzz_Stereo,[emim]__[Tf2N]__R1336mzz(E)__303__0.293,Refri,Alkene_C=C,Refri:Alkene_C=C,2,0.08448220789432526,0.12213865667581558,0.06106932833790779,0.22274976870575558,0.22246083187757443
V7-A,45,Case4_R1336mzz_Stereo,[emim]__[Tf2N]__R1336mzz(E)__322.5__0.336,Cation,Imidazolium_Ring,Cation:Imidazolium_Ring,5,-0.02280276082456112,0.0364719033241272,0.007294380664825439,0.07785077375002553,0.07774550593902445
V7-A,45,Case4_R1336mzz_Stereo,[emim]__[Tf2N]__R1336mzz(E)__322.5__0.336,Cation,Alkyl_Chain,Cation:Alkyl_Chain,3,-0.007759965490549803,0.017694413661956787,0.005898137887318929,0.037769451799492114,0.037718380919626364
V7-A,45,Case4_R1336mzz_Stereo,[emim]__[Tf2N]__R1336mzz(E)__322.5__0.336,Anion,CF3,Anion:CF3,8,0.038630448281764984,0.08857883512973785,0.011072354391217232,0.1890751571543068,0.1888194945969605
V7-A,45,Case4_R1336mzz_Stereo,[emim]__[Tf2N]__R1336mzz(E)__322.5__0.336,Anion,Sulfonyl_SO2,Anion:Sulfonyl_SO2,6,0.026009809225797653,0.10754971206188202,0.01792495201031367,0.22956927216548925,0.22925885450886366
V7-A,45,Case4_R1336mzz_Stereo,[emim]__[Tf2N]__R1336mzz(E)__322.5__0.336,Anion,Sulfonimide_N,Anion:Sulfonimide_N,1,-0.0008939083199948072,0.007238174322992563,0.007238174322992563,0.015450180007736769,0.015429288672292764
V7-A,45,Case4_R1336mzz_Stereo,[emim]__[Tf2N]__R1336mzz(E)__322.5__0.336,Refri,CF3,Refri:CF3,8,-0.07233282923698425,0.11069386452436447,0.013836733065545559,0.23628059457213704,0.235961102038222
V7-A,45,Case4_R1336mzz_Stereo,[emim]__[Tf2N]__R1336mzz(E)__322.5__0.336,Refri,Alkene_C=C,Refri:Alkene_C=C,2,0.06718219816684723,0.10025784373283386,0.05012892186641693,0.21400448009925863,0.2137151087535504
V7-A,45,Case4_R1336mzz_Stereo,[emim]__[Tf2N]__R1336mzz(E)__322.5__0.488,Cation,Imidazolium_Ring,Cation:Imidazolium_Ring,5,-0.02863256260752678,0.04564053192734718,0.009128106385469436,0.08175850614223645,0.08164812950999653
V7-A,45,Case4_R1336mzz_Stereo,[emim]__[Tf2N]__R1336mzz(E)__322.5__0.488,Cation,Alkyl_Chain,Cation:Alkyl_Chain,3,-0.009778652340173721,0.02209094911813736,0.007363649706045787,0.03957278591840561,0.0395193613752709
V7-A,45,Case4_R1336mzz_Stereo,[emim]__[Tf2N]__R1336mzz(E)__322.5__0.488,Anion,CF3,Anion:CF3,8,0.04460364580154419,0.1003803014755249,0.012547537684440613,0.17981699923678499,0.17957424046180545
V7-A,45,Case4_R1336mzz_Stereo,[emim]__[Tf2N]__R1336mzz(E)__322.5__0.488,Anion,Sulfonyl_SO2,Anion:Sulfonyl_SO2,6,0.030314860865473747,0.11818885803222656,0.019698143005371094,0.2117184894066014,0.21143266258629514
V7-A,45,Case4_R1336mzz_Stereo,[emim]__[Tf2N]__R1336mzz(E)__322.5__0.488,Anion,Sulfonimide_N,Anion:Sulfonimide_N,1,-0.0011537555838003755,0.008568845689296722,0.008568845689296722,0.015349865423029106,0.015329142607377574
V7-A,45,Case4_R1336mzz_Stereo,[emim]__[Tf2N]__R1336mzz(E)__322.5__0.488,Refri,CF3,Refri:CF3,8,-0.08585400134325027,0.13841712474822998,0.017302140593528748,0.24795454535747888,0.247619798687603
V7-A,45,Case4_R1336mzz_Stereo,[emim]__[Tf2N]__R1336mzz(E)__322.5__0.488,Refri,Alkene_C=C,Refri:Alkene_C=C,2,0.08649516105651855,0.12494924664497375,0.06247462332248688,0.22382876180217826,0.22352658572176926
V7-A,45,Case4_R1336mzz_Stereo,[emim]__[Tf2N]__R1336mzz(E)__332.9__0.381,Cation,Imidazolium_Ring,Cation:Imidazolium_Ring,5,-0.026994699612259865,0.04280995950102806,0.008561991900205613,0.09969636263265537,0.09954924528294164
V7-A,45,Case4_R1336mzz_Stereo,[emim]__[Tf2N]__R1336mzz(E)__332.9__0.381,Cation,Alkyl_Chain,Cation:Alkyl_Chain,3,-0.009162446483969688,0.020634371787309647,0.006878123929103215,0.0480535799702229,0.0479826695062622
V7-A,45,Case4_R1336mzz_Stereo,[emim]__[Tf2N]__R1336mzz(E)__332.9__0.381,Anion,CF3,Anion:CF3,8,0.03270376846194267,0.07462388277053833,0.009327985346317291,0.1737850202257185,0.17352857364210786
V7-A,45,Case4_R1336mzz_Stereo,[emim]__[Tf2N]__R1336mzz(E)__332.9__0.381,Anion,Sulfonyl_SO2,Anion:Sulfonyl_SO2,6,0.02187422104179859,0.09102553129196167,0.015170921881993612,0.21198138195612168,0.2116685707534006
V7-A,45,Case4_R1336mzz_Stereo,[emim]__[Tf2N]__R1336mzz(E)__332.9__0.381,Anion,Sulfonimide_N,Anion:Sulfonimide_N,1,-0.0007199018727988005,0.006028087344020605,0.006028087344020605,0.01403828428794394,0.014017568635693116
V7-A,45,Case4_R1336mzz_Stereo,[emim]__[Tf2N]__R1336mzz(E)__332.9__0.381,Refri,CF3,Refri:CF3,8,-0.05776333063840866,0.09869951009750366,0.012337438762187958,0.2298526386157841,0.2295134556192844
V7-A,45,Case4_R1336mzz_Stereo,[emim]__[Tf2N]__R1336mzz(E)__332.9__0.381,Refri,Alkene_C=C,Refri:Alkene_C=C,2,0.06756727397441864,0.0955820232629776,0.0477910116314888,0.2225925967568336,0.22226412707111975
V7-A,45,Case4_R1336mzz_Stereo,[emim]__[Tf2N]__R1336mzz(E)__332.9__0.623,Cation,Imidazolium_Ring,Cation:Imidazolium_Ring,5,-0.029434073716402054,0.04696272313594818,0.009392544627189636,0.08346190473163932,0.08334627999326095
V7-A,45,Case4_R1336mzz_Stereo,[emim]__[Tf2N]__R1336mzz(E)__332.9__0.623,Cation,Alkyl_Chain,Cation:Alkyl_Chain,3,-0.010089853778481483,0.022578179836273193,0.0075260599454243975,0.04012582253916198,0.04007023385174554
V7-A,45,Case4_R1336mzz_Stereo,[emim]__[Tf2N]__R1336mzz(E)__332.9__0.623,Anion,CF3,Anion:CF3,8,0.043621424585580826,0.09911361336708069,0.012389201670885086,0.1761441927569945,0.17590016973511546
V7-A,45,Case4_R1336mzz_Stereo,[emim]__[Tf2N]__R1336mzz(E)__332.9__0.623,Anion,Sulfonyl_SO2,Anion:Sulfonyl_SO2,6,0.029449114575982094,0.11896438151597977,0.01982739691932996,0.21142287358002093,0.2111299769043041
V7-A,45,Case4_R1336mzz_Stereo,[emim]__[Tf2N]__R1336mzz(E)__332.9__0.623,Anion,Sulfonimide_N,Anion:Sulfonimide_N,1,-0.0010560150258243084,0.008234566077589989,0.008234566077589989,0.0146344275540556,0.014614153611558177
V7-A,45,Case4_R1336mzz_Stereo,[emim]__[Tf2N]__R1336mzz(E)__332.9__0.623,Refri,CF3,Refri:CF3,8,-0.08388787508010864,0.13818103075027466,0.017272628843784332,0.24557460160079997,0.2452343925059589
V7-A,45,Case4_R1336mzz_Stereo,[emim]__[Tf2N]__R1336mzz(E)__332.9__0.623,Refri,Alkene_C=C,Refri:Alkene_C=C,2,0.09005551785230637,0.12865006923675537,0.06432503461837769,0.22863622689157526,0.22831948353419376
V7-A,45,Case4_R1336mzz_Stereo,[emim]__[Tf2N]__R1336mzz(E)__342.9__0.453,Cation,Imidazolium_Ring,Cation:Imidazolium_Ring,5,-0.025895673781633377,0.041004478931427,0.008200895786285401,0.10183070451649766,0.10168040211222426
V7-A,45,Case4_R1336mzz_Stereo,[emim]__[Tf2N]__R1336mzz(E)__342.9__0.453,Cation,Alkyl_Chain,Cation:Alkyl_Chain,3,-0.008704869076609612,0.019813749939203262,0.006604583313067754,0.04920555431997937,0.04913292678437492
V7-A,45,Case4_R1336mzz_Stereo,[emim]__[Tf2N]__R1336mzz(E)__342.9__0.453,Anion,CF3,Anion:CF3,8,0.03066219389438629,0.07003822177648544,0.00875477772206068,0.17393323003834152,0.17367650410501986
V7-A,45,Case4_R1336mzz_Stereo,[emim]__[Tf2N]__R1336mzz(E)__342.9__0.453,Anion,Sulfonyl_SO2,Anion:Sulfonyl_SO2,6,0.020504532381892204,0.08534398674964905,0.014223997791608175,0.21194363453555926,0.21163080513903892
V7-A,45,Case4_R1336mzz_Stereo,[emim]__[Tf2N]__R1336mzz(E)__342.9__0.453,Anion,Sulfonimide_N,Anion:Sulfonimide_N,1,-0.0006744174752384424,0.00565730594098568,0.00565730594098568,0.014049378620305052,0.01402864169822241
V7-A,45,Case4_R1336mzz_Stereo,[emim]__[Tf2N]__R1336mzz(E)__342.9__0.453,Refri,CF3,Refri:CF3,8,-0.05419977754354477,0.0923924520611763,0.011549056507647038,0.2294478244957153,0.22910915886592564
V7-A,45,Case4_R1336mzz_Stereo,[emim]__[Tf2N]__R1336mzz(E)__342.9__0.453,Refri,Alkene_C=C,Refri:Alkene_C=C,2,0.06263676285743713,0.08842284977436066,0.04421142488718033,0.21958969660210792,0.21926558159662238
V7-A,45,Case4_R1336mzz_Stereo,[emim]__[Tf2N]__R1336mzz(E)__342.9__0.8,Cation,Imidazolium_Ring,Cation:Imidazolium_Ring,5,-0.03214285522699356,0.05118029564619064,0.01023605912923813,0.08574237262308512,0.08562030645498485
V7-A,45,Case4_R1336mzz_Stereo,[emim]__[Tf2N]__R1336mzz(E)__342.9__0.8,Cation,Alkyl_Chain,Cation:Alkyl_Chain,3,-0.011051526293158531,0.024442758411169052,0.00814758613705635,0.04094896430678384,0.040890667772553596
V7-A,45,Case4_R1336mzz_Stereo,[emim]__[Tf2N]__R1336mzz(E)__342.9__0.8,Anion,CF3,Anion:CF3,8,0.04297296702861786,0.0981399416923523,0.012267492711544037,0.16441388904754847,0.16417982305655102
V7-A,45,Case4_R1336mzz_Stereo,[emim]__[Tf2N]__R1336mzz(E)__342.9__0.8,Anion,Sulfonyl_SO2,Anion:Sulfonyl_SO2,6,0.028783096000552177,0.12015117704868317,0.02002519617478053,0.20128932167231917,0.20100275838482942
V7-A,45,Case4_R1336mzz_Stereo,[emim]__[Tf2N]__R1336mzz(E)__342.9__0.8,Anion,Sulfonimide_N,Anion:Sulfonimide_N,1,-0.0009274791809730232,0.007883274927735329,0.007883274927735329,0.01320685407948433,0.01318805228964783
V7-A,45,Case4_R1336mzz_Stereo,[emim]__[Tf2N]__R1336mzz(E)__342.9__0.8,Refri,CF3,Refri:CF3,8,-0.08706463873386383,0.15183404088020325,0.018979255110025406,0.2543676378897218,0.2540055102520553
V7-A,45,Case4_R1336mzz_Stereo,[emim]__[Tf2N]__R1336mzz(E)__342.9__0.8,Refri,Alkene_C=C,Refri:Alkene_C=C,2,0.10283912718296051,0.14327633380889893,0.07163816690444946,0.24003090733272275,0.23968919002088052
V7-A,45,Case4_R1336mzz_Stereo,[emim]__[Tf2N]__R1336mzz(E)__352.8__0.511,Cation,Imidazolium_Ring,Cation:Imidazolium_Ring,5,-0.023699913173913956,0.03762394189834595,0.0075247883796691895,0.09620713221433466,0.09606961330540435
V7-A,45,Case4_R1336mzz_Stereo,[emim]__[Tf2N]__R1336mzz(E)__352.8__0.511,Cation,Alkyl_Chain,Cation:Alkyl_Chain,3,-0.007975497283041477,0.018193021416664124,0.0060643404722213745,0.04652086752473364,0.04645437038676428
V7-A,45,Case4_R1336mzz_Stereo,[emim]__[Tf2N]__R1336mzz(E)__352.8__0.511,Anion,CF3,Anion:CF3,8,0.030256547033786774,0.06953191757202148,0.008691489696502686,0.1777981266567334,0.17754398121216058
V7-A,45,Case4_R1336mzz_Stereo,[emim]__[Tf2N]__R1336mzz(E)__352.8__0.511,Anion,Sulfonyl_SO2,Anion:Sulfonyl_SO2,6,0.020291225984692574,0.08474794775247574,0.014124657958745956,0.2167066129419683,0.2163968515315214
V7-A,45,Case4_R1336mzz_Stereo,[emim]__[Tf2N]__R1336mzz(E)__352.8__0.511,Anion,Sulfonimide_N,Anion:Sulfonimide_N,1,-0.0006655181059613824,0.005621605087071657,0.005621605087071657,0.014374849539422025,0.014354302064622602
V7-A,45,Case4_R1336mzz_Stereo,[emim]__[Tf2N]__R1336mzz(E)__352.8__0.511,Refri,CF3,Refri:CF3,8,-0.05506659299135208,0.09070267528295517,0.011337834410369396,0.2319332805881449,0.2316017541102529
V7-A,45,Case4_R1336mzz_Stereo,[emim]__[Tf2N]__R1336mzz(E)__352.8__0.511,Refri,Alkene_C=C,Refri:Alkene_C=C,2,0.05902891606092453,0.08465119451284409,0.04232559725642204,0.21645920793207973,0.2161498001634704
V7-A,45,Case4_R1336mzz_Stereo,[emim]__[Tf2N]__R1336mzz(Z)__293.1__0.05,Cation,Imidazolium_Ring,Cation:Imidazolium_Ring,5,-0.03385385125875473,0.053505636751651764,0.010701127350330353,0.12975050498845483,0.12955388799390943
V7-A,45,Case4_R1336mzz_Stereo,[emim]__[Tf2N]__R1336mzz(Z)__293.1__0.05,Cation,Alkyl_Chain,Cation:Alkyl_Chain,3,-0.011511636897921562,0.025991806760430336,0.008663935586810112,0.0630298087728871,0.06293429676259626
V7-A,45,Case4_R1336mzz_Stereo,[emim]__[Tf2N]__R1336mzz(Z)__293.1__0.05,Anion,CF3,Anion:CF3,8,0.03129582107067108,0.06933817267417908,0.008667271584272385,0.16814420808053798,0.16788941131619434
V7-A,45,Case4_R1336mzz_Stereo,[emim]__[Tf2N]__R1336mzz(Z)__293.1__0.05,Anion,Sulfonyl_SO2,Anion:Sulfonyl_SO2,6,0.020878570154309273,0.08236971497535706,0.013728285829226175,0.19974553640795117,0.1994428526762317
V7-A,45,Case4_R1336mzz_Stereo,[emim]__[Tf2N]__R1336mzz(Z)__293.1__0.05,Anion,Sulfonimide_N,Anion:Sulfonimide_N,1,-0.0007738462882116437,0.005816173739731312,0.005816173739731312,0.014104149126071858,0.014082776450782193
V7-A,45,Case4_R1336mzz_Stereo,[emim]__[Tf2N]__R1336mzz(Z)__293.1__0.05,Refri,CF3,Refri:CF3,8,-0.05051169544458389,0.09061610698699951,0.011327013373374939,0.21974293467852382,0.21940994795609894
V7-A,45,Case4_R1336mzz_Stereo,[emim]__[Tf2N]__R1336mzz(Z)__293.1__0.05,Refri,Alkene_C=C,Refri:Alkene_C=C,2,0.06100344657897949,0.08473561704158783,0.042367808520793915,0.20548281955199665,0.2051714418474195
V7-A,45,Case4_R1336mzz_Stereo,[emim]__[Tf2N]__R1336mzz(Z)__293.1__0.06,Cation,Imidazolium_Ring,Cation:Imidazolium_Ring,5,-0.03579281270503998,0.05656523257493973,0.011313046514987945,0.12861090357493615,0.12841736280171862
V7-A,45,Case4_R1336mzz_Stereo,[emim]__[Tf2N]__R1336mzz(Z)__293.1__0.06,Cation,Alkyl_Chain,Cation:Alkyl_Chain,3,-0.012157421559095383,0.02749442309141159,0.009164807697137197,0.06251335734142524,0.06241928379727014
V7-A,45,Case4_R1336mzz_Stereo,[emim]__[Tf2N]__R1336mzz(Z)__293.1__0.06,Anion,CF3,Anion:CF3,8,0.03355955332517624,0.07448089122772217,0.009310111403465271,0.16934527241929387,0.16909043232367424
V7-A,45,Case4_R1336mzz_Stereo,[emim]__[Tf2N]__R1336mzz(Z)__293.1__0.06,Anion,Sulfonyl_SO2,Anion:Sulfonyl_SO2,6,0.022354282438755035,0.08877866715192795,0.014796444525321325,0.20185375505105707,0.20154999439979407
V7-A,45,Case4_R1336mzz_Stereo,[emim]__[Tf2N]__R1336mzz(Z)__293.1__0.06,Anion,Sulfonimide_N,Anion:Sulfonimide_N,1,-0.000815455277916044,0.006213433109223843,0.006213433109223843,0.01412732185660168,0.014106062284359996
V7-A,45,Case4_R1336mzz_Stereo,[emim]__[Tf2N]__R1336mzz(Z)__293.1__0.06,Refri,CF3,Refri:CF3,8,-0.054527200758457184,0.09650185704231262,0.012062732130289078,0.2194137717798355,0.21908358584797086
V7-A,45,Case4_R1336mzz_Stereo,[emim]__[Tf2N]__R1336mzz(Z)__293.1__0.06,Refri,Alkene_C=C,Refri:Alkene_C=C,2,0.06433451920747757,0.08978226780891418,0.04489113390445709,0.20413561585932646,0.2038284213382054
V7-A,45,Case4_R1336mzz_Stereo,[emim]__[Tf2N]__R1336mzz(Z)__303__0.07,Cation,Imidazolium_Ring,Cation:Imidazolium_Ring,5,-0.0304329302161932,0.04790790006518364,0.009581580013036727,0.1461757522763317,0.14592578618870644
V7-A,45,Case4_R1336mzz_Stereo,[emim]__[Tf2N]__R1336mzz(Z)__303__0.07,Cation,Alkyl_Chain,Cation:Alkyl_Chain,3,-0.010281305760145187,0.02326500043272972,0.00775500014424324,0.07098576508960608,0.07086437673551714
V7-A,45,Case4_R1336mzz_Stereo,[emim]__[Tf2N]__R1336mzz(Z)__303__0.07,Anion,CF3,Anion:CF3,8,0.022028068080544472,0.04849854111671448,0.00606231763958931,0.1479779059903399,0.1477248581514243
V7-A,45,Case4_R1336mzz_Stereo,[emim]__[Tf2N]__R1336mzz(Z)__303__0.07,Anion,Sulfonyl_SO2,Anion:Sulfonyl_SO2,6,0.014567657373845577,0.05792677402496338,0.009654462337493896,0.1767451664238925,0.17644292547715779
V7-A,45,Case4_R1336mzz_Stereo,[emim]__[Tf2N]__R1336mzz(Z)__303__0.07,Anion,Sulfonimide_N,Anion:Sulfonimide_N,1,-0.0005311620188876987,0.004023563116788864,0.004023563116788864,0.012276625872302459,0.012255632375838437
V7-A,45,Case4_R1336mzz_Stereo,[emim]__[Tf2N]__R1336mzz(Z)__303__0.07,Refri,CF3,Refri:CF3,8,-0.03301207721233368,0.07272538542747498,0.009090673178434372,0.22189843240850002,0.22151897766217193
V7-A,45,Case4_R1336mzz_Stereo,[emim]__[Tf2N]__R1336mzz(Z)__303__0.07,Refri,Alkene_C=C,Refri:Alkene_C=C,2,0.05599123612046242,0.07339459657669067,0.03669729828834534,0.22394031783940424,0.22355737139144577
V7-A,45,Case4_R1336mzz_Stereo,[emim]__[Tf2N]__R1336mzz(Z)__303__0.09,Cation,Imidazolium_Ring,Cation:Imidazolium_Ring,5,-0.030995098873972893,0.048933885991573334,0.009786777198314667,0.13399795373351822,0.13378642354316214
V7-A,45,Case4_R1336mzz_Stereo,[emim]__[Tf2N]__R1336mzz(Z)__303__0.09,Cation,Alkyl_Chain,Cation:Alkyl_Chain,3,-0.010526981204748154,0.023696592077612877,0.007898864025870958,0.06488948883816067,0.06478705379685144
V7-A,45,Case4_R1336mzz_Stereo,[emim]__[Tf2N]__R1336mzz(Z)__303__0.09,Anion,CF3,Anion:CF3,8,0.02649952657520771,0.058763787150382996,0.0073454733937978745,0.16091563284263416,0.1606616101990185
V7-A,45,Case4_R1336mzz_Stereo,[emim]__[Tf2N]__R1336mzz(Z)__303__0.09,Anion,Sulfonyl_SO2,Anion:Sulfonyl_SO2,6,0.017670299857854843,0.0700262188911438,0.0116710364818573,0.19175607759262306,0.19145336998802953
V7-A,45,Case4_R1336mzz_Stereo,[emim]__[Tf2N]__R1336mzz(Z)__303__0.09,Anion,Sulfonimide_N,Anion:Sulfonimide_N,1,-0.0006507702637463808,0.004905956797301769,0.004905956797301769,0.013434211459451378,0.013413004110920121
V7-A,45,Case4_R1336mzz_Stereo,[emim]__[Tf2N]__R1336mzz(Z)__303__0.09,Refri,CF3,Refri:CF3,8,-0.042042218148708344,0.0806112140417099,0.010076401755213737,0.22074146597357694,0.2203930018141187
V7-A,45,Case4_R1336mzz_Stereo,[emim]__[Tf2N]__R1336mzz(Z)__303__0.09,Refri,Alkene_C=C,Refri:Alkene_C=C,2,0.05779579281806946,0.07824614644050598,0.03912307322025299,0.21426509050122347,0.21392684999741307
V7-A,45,Case4_R1336mzz_Stereo,[emim]__[Tf2N]__R1336mzz(Z)__322.5__0.13,Cation,Imidazolium_Ring,Cation:Imidazolium_Ring,5,-0.025378823280334473,0.039895426481962204,0.00797908529639244,0.14888442205298752,0.1486009775228544
V7-A,45,Case4_R1336mzz_Stereo,[emim]__[Tf2N]__R1336mzz(Z)__322.5__0.13,Cation,Alkyl_Chain,Cation:Alkyl_Chain,3,-0.008598847314715385,0.01938634365797043,0.00646211455265681,0.07234725445390368,0.07220952054418807
V7-A,45,Case4_R1336mzz_Stereo,[emim]__[Tf2N]__R1336mzz(Z)__322.5__0.13,Anion,CF3,Anion:CF3,8,0.015070210210978985,0.03284761309623718,0.004105951637029648,0.12258292047246425,0.12234954845263468
V7-A,45,Case4_R1336mzz_Stereo,[emim]__[Tf2N]__R1336mzz(Z)__322.5__0.13,Anion,Sulfonyl_SO2,Anion:Sulfonyl_SO2,6,0.009959407150745392,0.03901530057191849,0.006502550095319748,0.14559990929035382,0.14532271777960237
V7-A,45,Case4_R1336mzz_Stereo,[emim]__[Tf2N]__R1336mzz(Z)__322.5__0.13,Anion,Sulfonimide_N,Anion:Sulfonimide_N,1,-0.0003587164683267474,0.002724131103605032,0.002724131103605032,0.010166094731188704,0.010146740631514361
V7-A,45,Case4_R1336mzz_Stereo,[emim]__[Tf2N]__R1336mzz(Z)__322.5__0.13,Refri,CF3,Refri:CF3,8,-0.02280260995030403,0.06471420079469681,0.008089275099337101,0.24150478472252035,0.24104501056155264
V7-A,45,Case4_R1336mzz_Stereo,[emim]__[Tf2N]__R1336mzz(Z)__322.5__0.13,Refri,Alkene_C=C,Refri:Alkene_C=C,2,0.055256690829992294,0.06937941908836365,0.034689709544181824,0.2589147585128156,0.2584218394346526
V7-A,45,Case4_R1336mzz_Stereo,[emim]__[Tf2N]__R1336mzz(Z)__322.5__0.17,Cation,Imidazolium_Ring,Cation:Imidazolium_Ring,5,-0.025508813560009003,0.04021761193871498,0.008043522387742997,0.12542635862455487,0.1252141716495792
V7-A,45,Case4_R1336mzz_Stereo,[emim]__[Tf2N]__R1336mzz(Z)__322.5__0.17,Cation,Alkyl_Chain,Cation:Alkyl_Chain,3,-0.00863416213542223,0.019551081582903862,0.006517027194301288,0.060973808535723366,0.0608706575862115
V7-A,45,Case4_R1336mzz_Stereo,[emim]__[Tf2N]__R1336mzz(Z)__322.5__0.17,Anion,CF3,Anion:CF3,8,0.021159019321203232,0.04711863398551941,0.005889829248189926,0.146948523278126,0.14669992670740947
V7-A,45,Case4_R1336mzz_Stereo,[emim]__[Tf2N]__R1336mzz(Z)__322.5__0.17,Anion,Sulfonyl_SO2,Anion:Sulfonyl_SO2,6,0.014177200384438038,0.056075673550367355,0.009345945591727892,0.1748827740334144,0.17458692037709822
V7-A,45,Case4_R1336mzz_Stereo,[emim]__[Tf2N]__R1336mzz(Z)__322.5__0.17,Anion,Sulfonimide_N,Anion:Sulfonimide_N,1,-0.0005224132328294218,0.003940420225262642,0.003940420225262642,0.012288958406042865,0.012268168861178656
V7-A,45,Case4_R1336mzz_Stereo,[emim]__[Tf2N]__R1336mzz(Z)__322.5__0.17,Refri,CF3,Refri:CF3,8,-0.035563476383686066,0.07657109946012497,0.009571387432515621,0.23880170199556006,0.23839771505596352
V7-A,45,Case4_R1336mzz_Stereo,[emim]__[Tf2N]__R1336mzz(Z)__322.5__0.17,Refri,Alkene_C=C,Refri:Alkene_C=C,2,0.058829281479120255,0.07717269659042358,0.03858634829521179,0.2406778983626472,0.2402707374137279
V7-A,45,Case4_R1336mzz_Stereo,[emim]__[Tf2N]__R1336mzz(Z)__332.9__0.18,Cation,Imidazolium_Ring,Cation:Imidazolium_Ring,5,-0.02277103066444397,0.035880133509635925,0.007176026701927185,0.13190938669469193,0.13166872077569353
V7-A,45,Case4_R1336mzz_Stereo,[emim]__[Tf2N]__R1336mzz(Z)__332.9__0.18,Cation,Alkyl_Chain,Cation:Alkyl_Chain,3,-0.0076986392959952354,0.01745329424738884,0.005817764749129613,0.06416512746132247,0.06404805952737877
V7-A,45,Case4_R1336mzz_Stereo,[emim]__[Tf2N]__R1336mzz(Z)__332.9__0.18,Anion,CF3,Anion:CF3,8,0.016713488847017288,0.037261441349983215,0.004657680168747902,0.13698761389827374,0.13673768285988197
V7-A,45,Case4_R1336mzz_Stereo,[emim]__[Tf2N]__R1336mzz(Z)__332.9__0.18,Anion,Sulfonyl_SO2,Anion:Sulfonyl_SO2,6,0.011103931814432144,0.04489125311374664,0.007481875518957774,0.1650377823872982,0.1647366744027722
V7-A,45,Case4_R1336mzz_Stereo,[emim]__[Tf2N]__R1336mzz(Z)__332.9__0.18,Anion,Sulfonimide_N,Anion:Sulfonimide_N,1,-0.00038188137114048004,0.003050212748348713,0.003050212748348713,0.01121377357235737,0.011193314276852663
V7-A,45,Case4_R1336mzz_Stereo,[emim]__[Tf2N]__R1336mzz(Z)__332.9__0.18,Refri,CF3,Refri:CF3,8,-0.025707300752401352,0.06427837908267975,0.008034797385334969,0.23631243067275964,0.23588128358214178
V7-A,45,Case4_R1336mzz_Stereo,[emim]__[Tf2N]__R1336mzz(Z)__332.9__0.18,Refri,Alkene_C=C,Refri:Alkene_C=C,2,0.05381997674703598,0.06919117271900177,0.034595586359500885,0.2543737791722234,0.25390967952876686
V7-A,45,Case4_R1336mzz_Stereo,[emim]__[Tf2N]__R1336mzz(Z)__332.9__0.24,Cation,Imidazolium_Ring,Cation:Imidazolium_Ring,5,-0.024031002074480057,0.03790164366364479,0.007580328732728958,0.1156896409783379,0.11549223656631379
V7-A,45,Case4_R1336mzz_Stereo,[emim]__[Tf2N]__R1336mzz(Z)__332.9__0.24,Cation,Alkyl_Chain,Cation:Alkyl_Chain,3,-0.008091063238680363,0.018494784832000732,0.006164928277333577,0.056452829227512595,0.05635650221442383
V7-A,45,Case4_R1336mzz_Stereo,[emim]__[Tf2N]__R1336mzz(Z)__332.9__0.24,Anion,CF3,Anion:CF3,8,0.021231308579444885,0.04782596975564957,0.005978246219456196,0.14598230408089563,0.14573321046577747
V7-A,45,Case4_R1336mzz_Stereo,[emim]__[Tf2N]__R1336mzz(Z)__332.9__0.24,Anion,Sulfonyl_SO2,Anion:Sulfonyl_SO2,6,0.014091581106185913,0.05815551429986954,0.009692585716644922,0.17751184170189385,0.17720894837071788
V7-A,45,Case4_R1336mzz_Stereo,[emim]__[Tf2N]__R1336mzz(Z)__332.9__0.24,Anion,Sulfonimide_N,Anion:Sulfonimide_N,1,-0.00045557128032669425,0.0038510356098413467,0.0038510356098413467,0.011754765335538387,0.011734707856580717
V7-A,45,Case4_R1336mzz_Stereo,[emim]__[Tf2N]__R1336mzz(Z)__332.9__0.24,Refri,CF3,Refri:CF3,8,-0.0373525470495224,0.07964129745960236,0.009955162182450294,0.24309428878379102,0.2426794903218201
V7-A,45,Case4_R1336mzz_Stereo,[emim]__[Tf2N]__R1336mzz(Z)__332.9__0.24,Refri,Alkene_C=C,Refri:Alkene_C=C,2,0.06187321990728378,0.08174455910921097,0.040872279554605484,0.24951421049711042,0.24908845754638542
V7-A,45,Case4_R1336mzz_Stereo,[emim]__[Tf2N]__R1336mzz(Z)__342.9__0.24,Cation,Imidazolium_Ring,Cation:Imidazolium_Ring,5,-0.021206185221672058,0.033411405980587006,0.006682281196117401,0.12094762090115034,0.12073466590956562
V7-A,45,Case4_R1336mzz_Stereo,[emim]__[Tf2N]__R1336mzz(Z)__342.9__0.24,Cation,Alkyl_Chain,Cation:Alkyl_Chain,3,-0.007119267247617245,0.01631086878478527,0.00543695626159509,0.05904453034681769,0.058940569414230135
V7-A,45,Case4_R1336mzz_Stereo,[emim]__[Tf2N]__R1336mzz(Z)__342.9__0.24,Anion,CF3,Anion:CF3,8,0.017340298742055893,0.0393202044069767,0.0049150255508720875,0.1423371760869312,0.14208656006067172
V7-A,45,Case4_R1336mzz_Stereo,[emim]__[Tf2N]__R1336mzz(Z)__342.9__0.24,Anion,Sulfonyl_SO2,Anion:Sulfonyl_SO2,6,0.011465128511190414,0.04823910444974899,0.008039850741624832,0.1746231487830591,0.1743156861731911
V7-A,45,Case4_R1336mzz_Stereo,[emim]__[Tf2N]__R1336mzz(Z)__342.9__0.24,Anion,Sulfonimide_N,Anion:Sulfonimide_N,1,-0.00034956925082951784,0.0031157578341662884,0.0031157578341662884,0.01127888774167392,0.011259028769449272
V7-A,45,Case4_R1336mzz_Stereo,[emim]__[Tf2N]__R1336mzz(Z)__342.9__0.24,Refri,CF3,Refri:CF3,8,-0.029556483030319214,0.0664253681898117,0.008303171023726463,0.24045651520048747,0.24003313841316842
V7-A,45,Case4_R1336mzz_Stereo,[emim]__[Tf2N]__R1336mzz(Z)__342.9__0.24,Refri,Alkene_C=C,Refri:Alkene_C=C,2,0.05306141823530197,0.06942418962717056,0.03471209481358528,0.25131209902616247,0.25086960858662755
V7-A,45,Case4_R1336mzz_Stereo,[emim]__[Tf2N]__R1336mzz(Z)__342.9__0.31,Cation,Imidazolium_Ring,Cation:Imidazolium_Ring,5,-0.019738713279366493,0.031261179596185684,0.006252235919237137,0.10325976691934495,0.1030905090912498
V7-A,45,Case4_R1336mzz_Stereo,[emim]__[Tf2N]__R1336mzz(Z)__342.9__0.31,Cation,Alkyl_Chain,Cation:Alkyl_Chain,3,-0.006646257825195789,0.015312831848859787,0.005104277282953262,0.05058028737281919,0.05049737889993992
V7-A,45,Case4_R1336mzz_Stereo,[emim]__[Tf2N]__R1336mzz(Z)__342.9__0.31,Anion,CF3,Anion:CF3,8,0.021110497415065765,0.048134252429008484,0.0060167815536260605,0.15899373442909948,0.15873312049423335
V7-A,45,Case4_R1336mzz_Stereo,[emim]__[Tf2N]__R1336mzz(Z)__342.9__0.31,Anion,Sulfonyl_SO2,Anion:Sulfonyl_SO2,6,0.01405378244817257,0.058836519718170166,0.009806086619695028,0.1943447237411664,0.194026164375563
V7-A,45,Case4_R1336mzz_Stereo,[emim]__[Tf2N]__R1336mzz(Z)__342.9__0.31,Anion,Sulfonimide_N,Anion:Sulfonimide_N,1,-0.0004493830492720008,0.0038601174019277096,0.0038601174019277096,0.012750472898117926,0.012729573012186485
V7-A,45,Case4_R1336mzz_Stereo,[emim]__[Tf2N]__R1336mzz(Z)__342.9__0.31,Refri,CF3,Refri:CF3,8,-0.03667560964822769,0.0718395859003067,0.008979948237538338,0.23729555287008589,0.23690659082713644
V7-A,45,Case4_R1336mzz_Stereo,[emim]__[Tf2N]__R1336mzz(Z)__342.9__0.31,Refri,Alkene_C=C,Refri:Alkene_C=C,2,0.05410034582018852,0.07349860668182373,0.036749303340911865,0.24277551560427202,0.24237757110263514
V7-A,45,Case4_R1336mzz_Stereo,[emim]__[Tf2N]__R1336mzz(Z)__352.8__0.31,Cation,Imidazolium_Ring,Cation:Imidazolium_Ring,5,-0.016232380643486977,0.0256698839366436,0.00513397678732872,0.10608443097130792,0.10590698843019593
V7-A,45,Case4_R1336mzz_Stereo,[emim]__[Tf2N]__R1336mzz(Z)__352.8__0.31,Cation,Alkyl_Chain,Cation:Alkyl_Chain,3,-0.005416399333626032,0.012581982649862766,0.004193994216620922,0.05199682527571579,0.05190985258121008
V7-A,45,Case4_R1336mzz_Stereo,[emim]__[Tf2N]__R1336mzz(Z)__352.8__0.31,Anion,CF3,Anion:CF3,8,0.017106615006923676,0.03992084413766861,0.004990105517208576,0.16497854235302717,0.16470259034465007
V7-A,45,Case4_R1336mzz_Stereo,[emim]__[Tf2N]__R1336mzz(Z)__352.8__0.31,Anion,Sulfonyl_SO2,Anion:Sulfonyl_SO2,6,0.01124805398285389,0.050325240939855576,0.008387540156642595,0.20797618570365065,0.20762831351784408
V7-A,45,Case4_R1336mzz_Stereo,[emim]__[Tf2N]__R1336mzz(Z)__352.8__0.31,Anion,Sulfonimide_N,Anion:Sulfonimide_N,1,-0.00029887037817388773,0.0030372540932148695,0.0030372540932148695,0.012551882703841489,0.012530887747820922
V7-A,45,Case4_R1336mzz_Stereo,[emim]__[Tf2N]__R1336mzz(Z)__352.8__0.31,Refri,CF3,Refri:CF3,8,-0.027682483196258545,0.05351030081510544,0.00668878760188818,0.22113889673535492,0.22076900788912038
V7-A,45,Case4_R1336mzz_Stereo,[emim]__[Tf2N]__R1336mzz(Z)__352.8__0.31,Refri,Alkene_C=C,Refri:Alkene_C=C,2,0.041330449283123016,0.056930460035800934,0.028465230017900467,0.23527318910902717,0.23487965848300799
V7-A,45,Case4_R1336mzz_Stereo,[emim]__[Tf2N]__R1336mzz(Z)__352.8__0.41,Cation,Imidazolium_Ring,Cation:Imidazolium_Ring,5,-0.01814260333776474,0.028817594051361084,0.005763518810272217,0.09650315076013753,0.09635641592542611
V7-A,45,Case4_R1336mzz_Stereo,[emim]__[Tf2N]__R1336mzz(Z)__352.8__0.41,Cation,Alkyl_Chain,Cation:Alkyl_Chain,3,-0.00608722073957324,0.014029041863977909,0.004676347287992637,0.04697986721607655,0.04690843345462507
V7-A,45,Case4_R1336mzz_Stereo,[emim]__[Tf2N]__R1336mzz(Z)__352.8__0.41,Anion,CF3,Anion:CF3,8,0.02330346219241619,0.05406114459037781,0.006757643073797226,0.18103769445056833,0.18076242327068978
V7-A,45,Case4_R1336mzz_Stereo,[emim]__[Tf2N]__R1336mzz(Z)__352.8__0.41,Anion,Sulfonyl_SO2,Anion:Sulfonyl_SO2,6,0.015526716597378254,0.06699223071336746,0.011165371785561243,0.22434077351383433,0.22399965919724166
V7-A,45,Case4_R1336mzz_Stereo,[emim]__[Tf2N]__R1336mzz(Z)__352.8__0.41,Anion,Sulfonimide_N,Anion:Sulfonimide_N,1,-0.000467461533844471,0.004259767010807991,0.004259767010807991,0.014264929171894147,0.014243239081905163
V7-A,45,Case4_R1336mzz_Stereo,[emim]__[Tf2N]__R1336mzz(Z)__352.8__0.41,Refri,CF3,Refri:CF3,8,-0.03884326294064522,0.06527070701122284,0.008158838376402855,0.21857580711625382,0.21824345853823862
V7-A,45,Case4_R1336mzz_Stereo,[emim]__[Tf2N]__R1336mzz(Z)__352.8__0.41,Refri,Alkene_C=C,Refri:Alkene_C=C,2,0.04510898143053055,0.06518767029047012,0.03259383514523506,0.21829773722717338,0.21796581145959382
V7-A,46,Case1_R1234yf,[emim]__[Ac]__R1234yf__313.15__0.311,Cation,Imidazolium_Ring,Cation:Imidazolium_Ring,5,-0.003752059768885374,0.03138056397438049,0.0062761127948760985,0.06869723455263617,0.06865467020762946
V7-A,46,Case1_R1234yf,[emim]__[Ac]__R1234yf__313.15__0.311,Cation,Alkyl_Chain,Cation:Alkyl_Chain,3,0.004612949676811695,0.009716697968542576,0.003238899322847525,0.02127145579560192,0.021258276144496963
V7-A,46,Case1_R1234yf,[emim]__[Ac]__R1234yf__313.15__0.311,Anion,Carboxylate_COO,Anion:Carboxylate_COO,3,0.04660102725028992,0.27787524461746216,0.09262508153915405,0.6083147795381139,0.6079378717874955
V7-A,46,Case1_R1234yf,[emim]__[Ac]__R1234yf__313.15__0.311,Anion,Alkyl_Chain,Anion:Alkyl_Chain,1,-0.003563645761460066,0.040587808936834335,0.040587808936834335,0.08885341362212838,0.08879836064398355
V7-A,46,Case1_R1234yf,[emim]__[Ac]__R1234yf__313.15__0.311,Refri,CF3,Refri:CF3,4,-0.007871238514780998,0.03424876928329468,0.00856219232082367,0.07497620943060389,0.07492975467494624
V7-A,46,Case1_R1234yf,[emim]__[Ac]__R1234yf__313.15__0.311,Refri,Halogenated_Alkene,Refri:Halogenated_Alkene,2,0.029929373413324356,0.04120974242687225,0.020604871213436127,0.09021492869483885,0.09015903213110192
V7-A,46,Case1_R1234yf,[emim]__[Ac]__R1234yf__313.15__0.311,Refri,Unclassified,Refri:Unclassified,3,0.0013994737528264523,0.02177634835243225,0.007258782784144084,0.04767202118127272,0.04764248391721922
V7-A,46,Case1_R1234yf,[emim]__[BF4]__R1234yf__313.15__0.3919,Cation,Imidazolium_Ring,Cation:Imidazolium_Ring,5,-0.005406702868640423,0.05025377869606018,0.010050755739212037,0.06421322099198452,0.06419485135527152
V7-A,46,Case1_R1234yf,[emim]__[BF4]__R1234yf__313.15__0.3919,Cation,Alkyl_Chain,Cation:Alkyl_Chain,3,0.008101469837129116,0.016364144161343575,0.005454714720447858,0.020909759079657603,0.02090377737258675
V7-A,46,Case1_R1234yf,[emim]__[BF4]__R1234yf__313.15__0.3919,Anion,BF4_Core,Anion:BF4_Core,5,-0.11619175225496292,0.4752325117588043,0.09504650235176086,0.6072421038168899,0.6070683885496655
V7-A,46,Case1_R1234yf,[emim]__[BF4]__R1234yf__313.15__0.3919,Refri,CF3,Refri:CF3,4,-0.01642119325697422,0.07279492914676666,0.018198732286691666,0.09301582873336546,0.09298921946262656
V7-A,46,Case1_R1234yf,[emim]__[BF4]__R1234yf__313.15__0.3919,Refri,Halogenated_Alkene,Refri:Halogenated_Alkene,2,0.08466149866580963,0.1124950647354126,0.0562475323677063,0.1437438266294785,0.14370270547352135
V7-A,46,Case1_R1234yf,[emim]__[BF4]__R1234yf__313.15__0.3919,Refri,Unclassified,Refri:Unclassified,3,-0.0007328363135457039,0.05546751245856285,0.01848917081952095,0.07087522028779474,0.07085494483628291
V7-A,46,Case1_R1234yf,[bmim]__[Ac]__R1234yf__313.15__0.561,Cation,Imidazolium_Ring,Cation:Imidazolium_Ring,5,-0.0033948204945772886,0.03323840722441673,0.006647681444883346,0.03691307073732882,0.036890944989198995
V7-A,46,Case1_R1234yf,[bmim]__[Ac]__R1234yf__313.15__0.561,Cation,Alkyl_Chain,Cation:Alkyl_Chain,5,0.047867145389318466,0.06830744445323944,0.013661488890647888,0.0758591563056714,0.07581368621737385
V7-A,46,Case1_R1234yf,[bmim]__[Ac]__R1234yf__313.15__0.561,Anion,Carboxylate_COO,Anion:Carboxylate_COO,3,0.06713380664587021,0.5389086008071899,0.17963620026906332,0.598487501769868,0.5981287674934043
V7-A,46,Case1_R1234yf,[bmim]__[Ac]__R1234yf__313.15__0.561,Anion,Alkyl_Chain,Anion:Alkyl_Chain,1,-0.012263164855539799,0.08364689350128174,0.08364689350128174,0.09289445417536266,0.09283877310481808
V7-A,46,Case1_R1234yf,[bmim]__[Ac]__R1234yf__313.15__0.561,Refri,CF3,Refri:CF3,4,-0.01353953592479229,0.06236717849969864,0.01559179462492466,0.06926216578620631,0.0692206499435928
V7-A,46,Case1_R1234yf,[bmim]__[Ac]__R1234yf__313.15__0.561,Refri,Halogenated_Alkene,Refri:Halogenated_Alkene,2,0.052808985114097595,0.07402749359607697,0.03701374679803848,0.08221158400188945,0.08216230625921873
V7-A,46,Case1_R1234yf,[bmim]__[Ac]__R1234yf__313.15__0.561,Refri,Unclassified,Refri:Unclassified,3,0.002874811412766576,0.03995482996106148,0.013318276653687159,0.04437202585228535,0.04434542919564293
V7-A,46,Case1_R1234yf,[bmim]__[PF6]__R1234yf__313.15__0.23,Cation,Imidazolium_Ring,Cation:Imidazolium_Ring,5,-0.0014132959768176079,0.01561708003282547,0.003123416006565094,0.032938578507999805,0.0329267864050495
V7-A,46,Case1_R1234yf,[bmim]__[PF6]__R1234yf__313.15__0.23,Cation,Alkyl_Chain,Cation:Alkyl_Chain,5,0.020831193774938583,0.031008441001176834,0.006201688200235367,0.06540108433722065,0.0653776705666665
V7-A,46,Case1_R1234yf,[bmim]__[PF6]__R1234yf__313.15__0.23,Anion,PF6_Core,Anion:PF6_Core,7,-0.08108985424041748,0.2758365571498871,0.039405222449983866,0.5817773920579785,0.58156911412942
V7-A,46,Case1_R1234yf,[bmim]__[PF6]__R1234yf__313.15__0.23,Refri,CF3,Refri:CF3,4,-0.010638169012963772,0.046800434589385986,0.011700108647346497,0.09870857968908685,0.09867324174232363
V7-A,46,Case1_R1234yf,[bmim]__[PF6]__R1234yf__313.15__0.23,Refri,Halogenated_Alkene,Refri:Halogenated_Alkene,2,0.05262148380279541,0.0700918659567833,0.03504593297839165,0.14783342498962698,0.14778050021126868
V7-A,46,Case1_R1234yf,[bmim]__[PF6]__R1234yf__313.15__0.23,Refri,Unclassified,Refri:Unclassified,3,-0.00010807823855429888,0.03477294743061066,0.011590982476870218,0.07334094827523892,0.0733146920112558
V7-A,46,Case2_R134_vs_R134a,[emim]__[BEI]__R134__283.149__0.01,Cation,Imidazolium_Ring,Cation:Imidazolium_Ring,5,-0.0011646714992821217,0.01848175749182701,0.0036963514983654024,0.02457508411037183,0.024566483884921515
V7-A,46,Case2_R134_vs_R134a,[emim]__[BEI]__R134__283.149__0.01,Cation,Alkyl_Chain,Cation:Alkyl_Chain,3,0.002325593028217554,0.00834031030535698,0.0027801034351189933,0.011090061502613465,0.011086180456723571
V7-A,46,Case2_R134_vs_R134a,[emim]__[BEI]__R134__283.149__0.01,Anion,CF3,Anion:CF3,8,-0.04276511073112488,0.16269928216934204,0.020337410271167755,0.2163402774750641,0.2162645676564562
V7-A,46,Case2_R134_vs_R134a,[emim]__[BEI]__R134__283.149__0.01,Anion,Sulfonyl_SO2,Anion:Sulfonyl_SO2,6,-0.06554266810417175,0.15772315859794617,0.026287193099657696,0.20972355526318917,0.20965016101357423
V7-A,46,Case2_R134_vs_R134a,[emim]__[BEI]__R134__283.149__0.01,Anion,Sulfonimide_N,Anion:Sulfonimide_N,1,0.022142793983221054,0.045121438801288605,0.045121438801288605,0.05999771148458274,0.05997671485877454
V7-A,46,Case2_R134_vs_R134a,[emim]__[BEI]__R134__283.149__0.01,Anion,Alkyl_Chain,Anion:Alkyl_Chain,2,-0.011889897286891937,0.04465914145112038,0.02232957072556019,0.059382997420218984,0.059362215917969155
V7-A,46,Case2_R134_vs_R134a,[emim]__[BEI]__R134__283.149__0.01,Anion,Unclassified,Anion:Unclassified,4,-0.014973234385251999,0.06460925191640854,0.016152312979102135,0.08591054183326927,0.08588047682820127
V7-A,46,Case2_R134_vs_R134a,[emim]__[BEI]__R134__283.149__0.01,Refri,CHF2,Refri:CHF2,6,0.11228086799383163,0.2504182457923889,0.041736374298731484,0.3329796668872624,0.3328631382848478
V7-A,46,Case2_R134_vs_R134a,[emim]__[BEI]__R134a__283.1__0.0103,Cation,Imidazolium_Ring,Cation:Imidazolium_Ring,5,0.0003793481446336955,0.0023804432712495327,0.00047608865424990653,0.005764453375392437,0.005762154260964119
V7-A,46,Case2_R134_vs_R134a,[emim]__[BEI]__R134a__283.1__0.0103,Cation,Alkyl_Chain,Cation:Alkyl_Chain,3,0.00030359369702637196,0.0008941710693761706,0.00029805702312539023,0.0021653141250192872,0.0021644505036795907
V7-A,46,Case2_R134_vs_R134a,[emim]__[BEI]__R134a__283.1__0.0103,Anion,CF3,Anion:CF3,8,-0.012136872857809067,0.07776619493961334,0.009720774367451668,0.18831770129761222,0.18824259201734475
V7-A,46,Case2_R134_vs_R134a,[emim]__[BEI]__R134a__283.1__0.0103,Anion,Sulfonyl_SO2,Anion:Sulfonyl_SO2,6,-0.029650969430804253,0.07990539819002151,0.013317566365003586,0.19349797068121863,0.19342079528447717
V7-A,46,Case2_R134_vs_R134a,[emim]__[BEI]__R134a__283.1__0.0103,Anion,Sulfonimide_N,Anion:Sulfonimide_N,1,0.009362493641674519,0.020392559468746185,0.020392559468746185,0.04938238171111721,0.04936268587199716
V7-A,46,Case2_R134_vs_R134a,[emim]__[BEI]__R134a__283.1__0.0103,Anion,Alkyl_Chain,Anion:Alkyl_Chain,2,-0.0045377835631370544,0.023609358817338943,0.011804679408669472,0.057172145108092494,0.057149342372923004
V7-A,46,Case2_R134_vs_R134a,[emim]__[BEI]__R134a__283.1__0.0103,Anion,Unclassified,Anion:Unclassified,4,-0.004955431912094355,0.03089020401239395,0.007722551003098488,0.07480335403764361,0.0747735192104094
V7-A,46,Case2_R134_vs_R134a,[emim]__[BEI]__R134a__283.1__0.0103,Refri,CF3,Refri:CF3,4,0.008487517014145851,0.07718637585639954,0.019296593964099884,0.18691361823807584,0.1868390689671294
V7-A,46,Case2_R134_vs_R134a,[emim]__[BEI]__R134a__283.1__0.0103,Refri,CH2F,Refri:CH2F,2,0.06272636353969574,0.09992742538452148,0.04996371269226074,0.24198307580323683,0.241886562440259
V7-A,46,Case2_R134_vs_R134a,[emim]__[BEI]__R134__283.123__0.05,Cation,Imidazolium_Ring,Cation:Imidazolium_Ring,5,-0.0014351751888170838,0.02216738648712635,0.00443347729742527,0.025195679896530973,0.025186864503730137
V7-A,46,Case2_R134_vs_R134a,[emim]__[BEI]__R134__283.123__0.05,Cation,Alkyl_Chain,Cation:Alkyl_Chain,3,0.002871533390134573,0.009882682003080845,0.0032942273343602815,0.011232758196977307,0.01122882811149639
V7-A,46,Case2_R134_vs_R134a,[emim]__[BEI]__R134__283.123__0.05,Anion,CF3,Anion:CF3,8,-0.049591630697250366,0.19168683886528015,0.02396085485816002,0.2178732362171939,0.21779700734915255
V7-A,46,Case2_R134_vs_R134a,[emim]__[BEI]__R134__283.123__0.05,Anion,Sulfonyl_SO2,Anion:Sulfonyl_SO2,6,-0.07713412493467331,0.18630972504615784,0.031051620841026306,0.21176155324398915,0.21168746271419883
V7-A,46,Case2_R134_vs_R134a,[emim]__[BEI]__R134__283.123__0.05,Anion,Sulfonimide_N,Anion:Sulfonimide_N,1,0.026077594608068466,0.05318903177976608,0.05318903177976608,0.06045520158669487,0.06043404969275793
V7-A,46,Case2_R134_vs_R134a,[emim]__[BEI]__R134__283.123__0.05,Anion,Alkyl_Chain,Anion:Alkyl_Chain,2,-0.013860337436199188,0.052743468433618546,0.026371734216809273,0.059948769696328355,0.059927794991340426
V7-A,46,Case2_R134_vs_R134a,[emim]__[BEI]__R134__283.123__0.05,Anion,Unclassified,Anion:Unclassified,4,-0.01747347228229046,0.07610103487968445,0.019025258719921112,0.08649722039793924,0.0864669569965498
V7-A,46,Case2_R134_vs_R134a,[emim]__[BEI]__R134__283.123__0.05,Refri,CHF2,Refri:CHF2,6,0.12878373265266418,0.28772881627082825,0.04795480271180471,0.32703553736376195,0.3269211151003607
V7-A,46,Case2_R134_vs_R134a,[emim]__[BEI]__R134a__283.15__0.0504,Cation,Imidazolium_Ring,Cation:Imidazolium_Ring,5,0.0003660104121081531,0.0025316698011010885,0.0005063339602202177,0.004060480798038972,0.004058849306085836
V7-A,46,Case2_R134_vs_R134a,[emim]__[BEI]__R134a__283.15__0.0504,Cation,Alkyl_Chain,Cation:Alkyl_Chain,3,0.0005393080064095557,0.0012176131131127477,0.0004058710377042492,0.0019528987007248937,0.0019521140304668643
V7-A,46,Case2_R134_vs_R134a,[emim]__[BEI]__R134a__283.15__0.0504,Anion,CF3,Anion:CF3,8,-0.020218878984451294,0.11831474304199219,0.014789342880249023,0.18976200689283393,0.18968576094988895
V7-A,46,Case2_R134_vs_R134a,[emim]__[BEI]__R134a__283.15__0.0504,Anion,Sulfonyl_SO2,Anion:Sulfonyl_SO2,6,-0.04510406032204628,0.11976252496242523,0.019960420827070873,0.19208406748901025,0.19200688854739695
V7-A,46,Case2_R134_vs_R134a,[emim]__[BEI]__R134a__283.15__0.0504,Anion,Sulfonimide_N,Anion:Sulfonimide_N,1,0.014373300597071648,0.03097795508801937,0.03097795508801937,0.04968475420558755,0.049664790984306206
V7-A,46,Case2_R134_vs_R134a,[emim]__[BEI]__R134a__283.15__0.0504,Anion,Alkyl_Chain,Anion:Alkyl_Chain,2,-0.007274537347257137,0.03567288815975189,0.017836444079875946,0.05721483793829106,0.057191849146485584
V7-A,46,Case2_R134_vs_R134a,[emim]__[BEI]__R134a__283.15__0.0504,Anion,Unclassified,Anion:Unclassified,4,-0.007852969691157341,0.046815305948257446,0.011703826487064362,0.07508587840900216,0.07505570907376542
V7-A,46,Case2_R134_vs_R134a,[emim]__[BEI]__R134a__283.15__0.0504,Refri,CF3,Refri:CF3,4,0.014236746355891228,0.11562871932983398,0.028907179832458496,0.18545396178302057,0.18537944680280635
V7-A,46,Case2_R134_vs_R134a,[emim]__[BEI]__R134a__283.15__0.0504,Refri,CH2F,Refri:CH2F,2,0.09651916474103928,0.1525687724351883,0.07628438621759415,0.24470117334575858,0.2446028529706372
V7-A,46,Case2_R134_vs_R134a,[emim]__[BEI]__R134__283.132__0.1,Cation,Imidazolium_Ring,Cation:Imidazolium_Ring,5,-0.0015162103809416294,0.022153789177536964,0.004430757835507393,0.024031819381802128,0.024023368868671003
V7-A,46,Case2_R134_vs_R134a,[emim]__[BEI]__R134__283.132__0.1,Cation,Alkyl_Chain,Cation:Alkyl_Chain,3,0.00271688774228096,0.009716157801449299,0.0032387192671497664,0.010539819960292551,0.010536113753718714
V7-A,46,Case2_R134_vs_R134a,[emim]__[BEI]__R134__283.132__0.1,Anion,CF3,Anion:CF3,8,-0.05161125212907791,0.20189961791038513,0.02523745223879814,0.21901513605613718,0.21893812190029016
V7-A,46,Case2_R134_vs_R134a,[emim]__[BEI]__R134__283.132__0.1,Anion,Sulfonyl_SO2,Anion:Sulfonyl_SO2,6,-0.08137083053588867,0.19683073461055756,0.032805122435092926,0.2135165512789378,0.21344147063724234
V7-A,46,Case2_R134_vs_R134a,[emim]__[BEI]__R134__283.132__0.1,Anion,Sulfonimide_N,Anion:Sulfonimide_N,1,0.027556056156754494,0.05625750869512558,0.05625750869512558,0.061026593554580864,0.0610051342542263
V7-A,46,Case2_R134_vs_R134a,[emim]__[BEI]__R134__283.132__0.1,Anion,Alkyl_Chain,Anion:Alkyl_Chain,2,-0.014384225010871887,0.05550873279571533,0.027754366397857666,0.060214342114076995,0.06019316843260774
V7-A,46,Case2_R134_vs_R134a,[emim]__[BEI]__R134__283.132__0.1,Anion,Unclassified,Anion:Unclassified,4,-0.01834139972925186,0.08019758760929108,0.02004939690232277,0.08699613076741439,0.08696553957772013
V7-A,46,Case2_R134_vs_R134a,[emim]__[BEI]__R134__283.132__0.1,Refri,CHF2,Refri:CHF2,6,0.13401594758033752,0.29928818345069885,0.049881363908449806,0.32465956546556357,0.3245454026600962
V7-A,46,Case2_R134_vs_R134a,[emim]__[BEI]__R134a__283.1__0.1003,Cation,Imidazolium_Ring,Cation:Imidazolium_Ring,5,-9.647913975641131e-05,0.004904565867036581,0.0009809131734073162,0.004964419238239265,0.004962447848001281
V7-A,46,Case2_R134_vs_R134a,[emim]__[BEI]__R134a__283.1__0.1003,Cation,Alkyl_Chain,Cation:Alkyl_Chain,3,0.0017237116117030382,0.0028757217805832624,0.0009585739268610874,0.0029108159454645454,0.002909660049102035
V7-A,46,Case2_R134_vs_R134a,[emim]__[BEI]__R134a__283.1__0.1003,Anion,CF3,Anion:CF3,8,-0.0328572541475296,0.18998605012893677,0.023748256266117096,0.192304564323664,0.19222819943129002
V7-A,46,Case2_R134_vs_R134a,[emim]__[BEI]__R134a__283.1__0.1003,Anion,Sulfonyl_SO2,Anion:Sulfonyl_SO2,6,-0.07283072173595428,0.19246497750282288,0.03207749625047048,0.1948137435413047,0.194736382244079
V7-A,46,Case2_R134_vs_R134a,[emim]__[BEI]__R134a__283.1__0.1003,Anion,Sulfonimide_N,Anion:Sulfonimide_N,1,0.023318156599998474,0.050005700439214706,0.050005700439214706,0.050615950119161805,0.05059585032799538
V7-A,46,Case2_R134_vs_R134a,[emim]__[BEI]__R134a__283.1__0.1003,Anion,Alkyl_Chain,Anion:Alkyl_Chain,2,-0.011569170281291008,0.05699358880519867,0.028496794402599335,0.057689115895548836,0.057666207322671185
V7-A,46,Case2_R134_vs_R134a,[emim]__[BEI]__R134a__283.1__0.1003,Anion,Unclassified,Anion:Unclassified,4,-0.012741830199956894,0.07516227662563324,0.01879056915640831,0.07607952715611313,0.07604931567921151
V7-A,46,Case2_R134_vs_R134a,[emim]__[BEI]__R134a__283.1__0.1003,Refri,CF3,Refri:CF3,4,0.023692496120929718,0.17592069506645203,0.04398017376661301,0.1780675612620545,0.1779968499391127
V7-A,46,Case2_R134_vs_R134a,[emim]__[BEI]__R134a__283.1__0.1003,Refri,CH2F,Refri:CH2F,2,0.15227797627449036,0.23962998390197754,0.11981499195098877,0.24255433292013934,0.2424580136487095
V7-A,46,Case2_R134_vs_R134a,[emim]__[BEI]__R134__283.149__0.15,Cation,Imidazolium_Ring,Cation:Imidazolium_Ring,5,-0.001437045750208199,0.021467212587594986,0.004293442517518997,0.022859038566116027,0.022850983054295785
V7-A,46,Case2_R134_vs_R134a,[emim]__[BEI]__R134__283.149__0.15,Cation,Alkyl_Chain,Cation:Alkyl_Chain,3,0.002840879373252392,0.009385759010910988,0.0031285863369703293,0.009994284368649915,0.009990762388684151
V7-A,46,Case2_R134_vs_R134a,[emim]__[BEI]__R134__283.149__0.15,Anion,CF3,Anion:CF3,8,-0.05045048147439957,0.20496627688407898,0.025620784610509872,0.21825525828881187,0.2181783452634504
V7-A,46,Case2_R134_vs_R134a,[emim]__[BEI]__R134__283.149__0.15,Anion,Sulfonyl_SO2,Anion:Sulfonyl_SO2,6,-0.08338429033756256,0.20275536179542542,0.03379256029923757,0.21590099859758655,0.21582491521196323
V7-A,46,Case2_R134_vs_R134a,[emim]__[BEI]__R134__283.149__0.15,Anion,Sulfonimide_N,Anion:Sulfonimide_N,1,0.028271004557609558,0.057859741151332855,0.057859741151332855,0.061611075448523504,0.061589363741572326
V7-A,46,Case2_R134_vs_R134a,[emim]__[BEI]__R134__283.149__0.15,Anion,Alkyl_Chain,Anion:Alkyl_Chain,2,-0.01378749217838049,0.05618957057595253,0.028094785287976265,0.05983261942220769,0.05981153444211995
V7-A,46,Case2_R134_vs_R134a,[emim]__[BEI]__R134__283.149__0.15,Anion,Unclassified,Anion:Unclassified,4,-0.018412919715046883,0.08172488957643509,0.020431222394108772,0.08702351993844004,0.08699285290091459
V7-A,46,Case2_R134_vs_R134a,[emim]__[BEI]__R134__283.149__0.15,Refri,CHF2,Refri:CHF2,6,0.13666264712810516,0.3047638237476349,0.05079397062460581,0.3245231756185192,0.32440881384124776
V7-A,46,Case2_R134_vs_R134a,[emim]__[BEI]__R134a__283.15__0.1502,Cation,Imidazolium_Ring,Cation:Imidazolium_Ring,5,-0.0009582536295056343,0.012457206845283508,0.0024914413690567015,0.008753855516760712,0.008750408929972746
V7-A,46,Case2_R134_vs_R134a,[emim]__[BEI]__R134a__283.15__0.1502,Cation,Alkyl_Chain,Cation:Alkyl_Chain,3,0.0034216365311294794,0.005801510065793991,0.001933836688597997,0.0040768032132517526,0.004075198085538023
V7-A,46,Case2_R134_vs_R134a,[emim]__[BEI]__R134a__283.15__0.1502,Anion,CF3,Anion:CF3,8,-0.04612501710653305,0.2776693105697632,0.0347086638212204,0.19512215349354636,0.19504532958035942
V7-A,46,Case2_R134_vs_R134a,[emim]__[BEI]__R134a__283.15__0.1502,Anion,Sulfonyl_SO2,Anion:Sulfonyl_SO2,6,-0.10626955330371857,0.282725065946579,0.04712084432442983,0.1986749043345977,0.19859668162472213
V7-A,46,Case2_R134_vs_R134a,[emim]__[BEI]__R134a__283.15__0.1502,Anion,Sulfonimide_N,Anion:Sulfonimide_N,1,0.03388316184282303,0.07271731644868851,0.07271731644868851,0.05109948720161107,0.05107936820180307
V7-A,46,Case2_R134_vs_R134a,[emim]__[BEI]__R134a__283.15__0.1502,Anion,Alkyl_Chain,Anion:Alkyl_Chain,2,-0.016564201563596725,0.0838390663266182,0.0419195331633091,0.05891489821100671,0.05889170211079696
V7-A,46,Case2_R134_vs_R134a,[emim]__[BEI]__R134a__283.15__0.1502,Anion,Unclassified,Anion:Unclassified,4,-0.01801254227757454,0.10972386598587036,0.02743096649646759,0.077104513195459,0.07707415544098574
V7-A,46,Case2_R134_vs_R134a,[emim]__[BEI]__R134a__283.15__0.1502,Refri,CF3,Refri:CF3,4,0.03192013502120972,0.24213974177837372,0.06053493544459343,0.17015502276870081,0.17008802896782554
V7-A,46,Case2_R134_vs_R134a,[emim]__[BEI]__R134a__283.15__0.1502,Refri,CH2F,Refri:CH2F,2,0.21259140968322754,0.33598068356513977,0.16799034178256989,0.2360983803897653,0.23600542322855175
V7-A,46,Case3_BF4_vs_PF6,[bmim]__[BF4]__R32__283.1__0.01,Cation,Imidazolium_Ring,Cation:Imidazolium_Ring,5,-0.0004910946008749306,0.0045390985906124115,0.0009078197181224823,0.036427378136427886,0.03642142748460271
V7-A,46,Case3_BF4_vs_PF6,[bmim]__[BF4]__R32__283.1__0.01,Cation,Alkyl_Chain,Cation:Alkyl_Chain,5,0.006239776033908129,0.009175937622785568,0.0018351875245571137,0.07363914725993816,0.07362711782086062
V7-A,46,Case3_BF4_vs_PF6,[bmim]__[BF4]__R32__283.1__0.01,Anion,BF4_Core,Anion:BF4_Core,5,-0.01734980009496212,0.07228872179985046,0.014457744359970093,0.5801347010722033,0.5800399322528594
V7-A,46,Case3_BF4_vs_PF6,[bmim]__[BF4]__R32__283.1__0.01,Refri,CH2F,Refri:CH2F,3,0.014719746075570583,0.0386030338704586,0.012867677956819534,0.30979880342779786,0.3097481957555095
V7-A,46,Case3_BF4_vs_PF6,[bmim]__[PF6]__R32__283.2__0.0098,Cation,Imidazolium_Ring,Cation:Imidazolium_Ring,5,-0.0003126533410977572,0.0031315460801124573,0.0006263092160224915,0.024514866259482467,0.024509385839410102
V7-A,46,Case3_BF4_vs_PF6,[bmim]__[PF6]__R32__283.2__0.0098,Cation,Alkyl_Chain,Cation:Alkyl_Chain,5,0.004721582401543856,0.006791932508349419,0.0013583865016698836,0.053169684502818476,0.05315779815585227
V7-A,46,Case3_BF4_vs_PF6,[bmim]__[PF6]__R32__283.2__0.0098,Anion,PF6_Core,Anion:PF6_Core,7,-0.021013552322983742,0.07223836332559586,0.010319766189370836,0.5655078259832887,0.5653814039009575
V7-A,46,Case3_BF4_vs_PF6,[bmim]__[PF6]__R32__283.2__0.0098,Refri,CH2F,Refri:CH2F,3,0.018199611455202103,0.04557885602116585,0.015192952007055283,0.35680763783586483,0.35672787171682224
V7-A,46,Case3_BF4_vs_PF6,[bmim]__[BF4]__R32__283.1__0.0998,Cation,Imidazolium_Ring,Cation:Imidazolium_Ring,5,-0.0017840475775301456,0.015686694532632828,0.0031373389065265656,0.046588099493331814,0.04657799082543888
V7-A,46,Case3_BF4_vs_PF6,[bmim]__[BF4]__R32__283.1__0.0998,Cation,Alkyl_Chain,Cation:Alkyl_Chain,5,0.023780236020684242,0.03433583676815033,0.006867167353630066,0.10197440743259678,0.10195228106492937
V7-A,46,Case3_BF4_vs_PF6,[bmim]__[BF4]__R32__283.1__0.0998,Anion,BF4_Core,Anion:BF4_Core,5,-0.042900338768959045,0.1790934056043625,0.0358186811208725,0.531891622007335,0.5317762123679554
V7-A,46,Case3_BF4_vs_PF6,[bmim]__[BF4]__R32__283.1__0.0998,Refri,CH2F,Refri:CH2F,3,0.04214828088879585,0.10759439319372177,0.03586479773124059,0.3195458600029527,0.3194765250652656
V7-A,46,Case3_BF4_vs_PF6,[bmim]__[PF6]__R32__283.2__0.0996,Cation,Imidazolium_Ring,Cation:Imidazolium_Ring,5,-0.001738250837661326,0.015778370201587677,0.0031556740403175356,0.03836942729905983,0.038359097114228344
V7-A,46,Case3_BF4_vs_PF6,[bmim]__[PF6]__R32__283.2__0.0996,Cation,Alkyl_Chain,Cation:Alkyl_Chain,5,0.024476107209920883,0.035270243883132935,0.007054048776626587,0.0857692550753946,0.08574616345479567
V7-A,46,Case3_BF4_vs_PF6,[bmim]__[PF6]__R32__283.2__0.0996,Anion,PF6_Core,Anion:PF6_Core,7,-0.06091179698705673,0.20905648171901703,0.02986521167414529,0.5083780754432998,0.5082412050271043
V7-A,46,Case3_BF4_vs_PF6,[bmim]__[PF6]__R32__283.2__0.0996,Refri,CH2F,Refri:CH2F,3,0.0607876181602478,0.15111736953258514,0.05037245651086172,0.3674832603003724,0.3673843229362103
V7-A,46,Case3_BF4_vs_PF6,[bmim]__[BF4]__R32__283.2__0.2499,Cation,Imidazolium_Ring,Cation:Imidazolium_Ring,5,-0.003683678340166807,0.03410603106021881,0.0068212062120437626,0.053889336498358704,0.053876537034787876
V7-A,46,Case3_BF4_vs_PF6,[bmim]__[BF4]__R32__283.2__0.2499,Cation,Alkyl_Chain,Cation:Alkyl_Chain,5,0.05217602476477623,0.07510658353567123,0.015021316707134247,0.11867238220271262,0.1186441958688001
V7-A,46,Case3_BF4_vs_PF6,[bmim]__[BF4]__R32__283.2__0.2499,Anion,BF4_Core,Anion:BF4_Core,5,-0.0724102109670639,0.31539836525917053,0.06307967305183411,0.49834613140631573,0.4982277672999995
V7-A,46,Case3_BF4_vs_PF6,[bmim]__[BF4]__R32__283.2__0.2499,Refri,CH2F,Refri:CH2F,3,0.0810670554637909,0.20827919244766235,0.06942639748255412,0.32909216166492516,0.3290139977199153
V7-A,46,Case3_BF4_vs_PF6,[bmim]__[PF6]__R32__283.2__0.2497,Cation,Imidazolium_Ring,Cation:Imidazolium_Ring,5,-0.004077947232872248,0.037493105977773666,0.0074986211955547334,0.040012756241995046,0.040001937486726244
V7-A,46,Case3_BF4_vs_PF6,[bmim]__[PF6]__R32__283.2__0.2497,Cation,Alkyl_Chain,Cation:Alkyl_Chain,5,0.057108793407678604,0.08302345126867294,0.016604690253734587,0.08860287861858876,0.0885789219370223
V7-A,46,Case3_BF4_vs_PF6,[bmim]__[PF6]__R32__283.2__0.2497,Anion,PF6_Core,Anion:PF6_Core,7,-0.13205936551094055,0.4549292325973511,0.06498989037105016,0.48550185471608037,0.4853705834355679
V7-A,46,Case3_BF4_vs_PF6,[bmim]__[PF6]__R32__283.2__0.2497,Refri,CH2F,Refri:CH2F,3,0.14414334297180176,0.36158305406570435,0.12052768468856812,0.38588253030154124,0.3857781943584588
V7-A,46,Case3_BF4_vs_PF6,[bmim]__[BF4]__R32__283.2__0.3995,Cation,Imidazolium_Ring,Cation:Imidazolium_Ring,5,-0.005923346150666475,0.05561506375670433,0.011123012751340866,0.06017941469625797,0.0601648188579634
V7-A,46,Case3_BF4_vs_PF6,[bmim]__[BF4]__R32__283.2__0.3995,Cation,Alkyl_Chain,Cation:Alkyl_Chain,5,0.08270828425884247,0.11955532431602478,0.023911064863204955,0.12936727848832769,0.12933590191401312
V7-A,46,Case3_BF4_vs_PF6,[bmim]__[BF4]__R32__283.2__0.3995,Anion,BF4_Core,Anion:BF4_Core,5,-0.1018931120634079,0.4461483061313629,0.08922966122627259,0.4827638793720835,0.48264679043804615
V7-A,46,Case3_BF4_vs_PF6,[bmim]__[BF4]__R32__283.2__0.3995,Refri,CH2F,Refri:CH2F,3,0.11637488007545471,0.302835613489151,0.10094520449638367,0.3276894556605156,0.32760997827892596
V7-A,46,Case3_BF4_vs_PF6,[bmim]__[PF6]__R32__283.2__0.3996,Cation,Imidazolium_Ring,Cation:Imidazolium_Ring,5,-0.006420215591788292,0.058764249086380005,0.011752849817276001,0.044937121790431855,0.04492492829801302
V7-A,46,Case3_BF4_vs_PF6,[bmim]__[PF6]__R32__283.2__0.3996,Cation,Alkyl_Chain,Cation:Alkyl_Chain,5,0.08638592809438705,0.12620297074317932,0.025240594148635866,0.09650762759282823,0.09648144066810926
V7-A,46,Case3_BF4_vs_PF6,[bmim]__[PF6]__R32__283.2__0.3996,Anion,PF6_Core,Anion:PF6_Core,7,-0.18170994520187378,0.6311014294624329,0.09015734706606184,0.48260434258560203,0.4824733899976713
V7-A,46,Case3_BF4_vs_PF6,[bmim]__[PF6]__R32__283.2__0.3996,Refri,CH2F,Refri:CH2F,3,0.19439807534217834,0.49163079261779785,0.16387693087259927,0.3759509080311379,0.3758488953884878
V7-A,46,Case4_R1336mzz_Stereo,[emim]__[Tf2N]__R1336mzz(E)__293.1__0.194,Cation,Imidazolium_Ring,Cation:Imidazolium_Ring,5,-0.0034764972515404224,0.0320206880569458,0.0064041376113891605,0.039555057329718125,0.03954040327153972
V7-A,46,Case4_R1336mzz_Stereo,[emim]__[Tf2N]__R1336mzz(E)__293.1__0.194,Cation,Alkyl_Chain,Cation:Alkyl_Chain,3,0.005077834241092205,0.011303951032459736,0.0037679836774865785,0.01396373589306061,0.013958562713902781
V7-A,46,Case4_R1336mzz_Stereo,[emim]__[Tf2N]__R1336mzz(E)__293.1__0.194,Anion,CF3,Anion:CF3,8,-0.03113819658756256,0.20287200808525085,0.025359001010656357,0.2506071667209684,0.2505143236751236
V7-A,46,Case4_R1336mzz_Stereo,[emim]__[Tf2N]__R1336mzz(E)__293.1__0.194,Anion,Sulfonyl_SO2,Anion:Sulfonyl_SO2,6,-0.08658795058727264,0.23545637726783752,0.03924272954463959,0.29085853760899455,0.2907507825399959
V7-A,46,Case4_R1336mzz_Stereo,[emim]__[Tf2N]__R1336mzz(E)__293.1__0.194,Anion,Sulfonimide_N,Anion:Sulfonimide_N,1,0.026153121143579483,0.05781088024377823,0.05781088024377823,0.07141360230165611,0.0713871455309293
V7-A,46,Case4_R1336mzz_Stereo,[emim]__[Tf2N]__R1336mzz(E)__293.1__0.194,Refri,CF3,Refri:CF3,8,-0.0004459702759049833,0.13387493789196014,0.016734367236495018,0.1653752984293001,0.1653140314407516
V7-A,46,Case4_R1336mzz_Stereo,[emim]__[Tf2N]__R1336mzz(E)__293.1__0.194,Refri,Alkene_C=C,Refri:Alkene_C=C,2,0.10682743787765503,0.13618305325508118,0.06809152662754059,0.16822650622812976,0.16816418294570173
V7-A,46,Case4_R1336mzz_Stereo,[emim]__[Tf2N]__R1336mzz(E)__293.1__0.223,Cation,Imidazolium_Ring,Cation:Imidazolium_Ring,5,-0.0033253987785428762,0.030691394582390785,0.006138278916478157,0.038170961568184995,0.03815697093389842
V7-A,46,Case4_R1336mzz_Stereo,[emim]__[Tf2N]__R1336mzz(E)__293.1__0.223,Cation,Alkyl_Chain,Cation:Alkyl_Chain,3,0.004878692328929901,0.010576076805591583,0.0035253589351971946,0.013153492266527103,0.013148671174987046
V7-A,46,Case4_R1336mzz_Stereo,[emim]__[Tf2N]__R1336mzz(E)__293.1__0.223,Anion,CF3,Anion:CF3,8,-0.03155255317687988,0.20608970522880554,0.025761213153600693,0.2563142641423275,0.25622031840492077
V7-A,46,Case4_R1336mzz_Stereo,[emim]__[Tf2N]__R1336mzz(E)__293.1__0.223,Anion,Sulfonyl_SO2,Anion:Sulfonyl_SO2,6,-0.08715290576219559,0.23744291067123413,0.03957381844520569,0.2953083214755516,0.2952000834181957
V7-A,46,Case4_R1336mzz_Stereo,[emim]__[Tf2N]__R1336mzz(E)__293.1__0.223,Anion,Sulfonimide_N,Anion:Sulfonimide_N,1,0.02619289606809616,0.05790739506483078,0.05790739506483078,0.07201956710046566,0.07199317008599747
V7-A,46,Case4_R1336mzz_Stereo,[emim]__[Tf2N]__R1336mzz(E)__293.1__0.223,Refri,CF3,Refri:CF3,8,-0.0008432477479800582,0.12898755073547363,0.016123443841934204,0.16042212838132106,0.16036332956574373
V7-A,46,Case4_R1336mzz_Stereo,[emim]__[Tf2N]__R1336mzz(E)__293.1__0.223,Refri,Alkene_C=C,Refri:Alkene_C=C,2,0.10403412580490112,0.13235580921173096,0.06617790460586548,0.16461123958328314,0.1645509053512425
V7-A,46,Case4_R1336mzz_Stereo,[emim]__[Tf2N]__R1336mzz(E)__303__0.228,Cation,Imidazolium_Ring,Cation:Imidazolium_Ring,5,-0.003264258150011301,0.030059916898608208,0.0060119833797216415,0.0396674370205288,0.03965257276214009
V7-A,46,Case4_R1336mzz_Stereo,[emim]__[Tf2N]__R1336mzz(E)__303__0.228,Cation,Alkyl_Chain,Cation:Alkyl_Chain,3,0.004451516550034285,0.010273591615259647,0.0034245305384198823,0.013557158183355244,0.013552078018933485
V7-A,46,Case4_R1336mzz_Stereo,[emim]__[Tf2N]__R1336mzz(E)__303__0.228,Anion,CF3,Anion:CF3,8,-0.026879239827394485,0.19000424444675446,0.023750530555844307,0.2507319439919596,0.25063798923506736
V7-A,46,Case4_R1336mzz_Stereo,[emim]__[Tf2N]__R1336mzz(E)__303__0.228,Anion,Sulfonyl_SO2,Anion:Sulfonyl_SO2,6,-0.07992710173130035,0.22122380137443542,0.036870633562405906,0.2919296562948481,0.2918202638518665
V7-A,46,Case4_R1336mzz_Stereo,[emim]__[Tf2N]__R1336mzz(E)__303__0.228,Anion,Sulfonimide_N,Anion:Sulfonimide_N,1,0.023886747658252716,0.053496360778808594,0.053496360778808594,0.07059445736921281,0.07056800407820227
V7-A,46,Case4_R1336mzz_Stereo,[emim]__[Tf2N]__R1336mzz(E)__303__0.228,Refri,CF3,Refri:CF3,8,-1.856533344835043e-05,0.1242247074842453,0.015528088435530663,0.16392845586186794,0.16386702827520705
V7-A,46,Case4_R1336mzz_Stereo,[emim]__[Tf2N]__R1336mzz(E)__303__0.228,Refri,Alkene_C=C,Refri:Alkene_C=C,2,0.10123315453529358,0.12851576507091522,0.06425788253545761,0.16959098836802308,0.16952743890627706
V7-A,46,Case4_R1336mzz_Stereo,[emim]__[Tf2N]__R1336mzz(E)__303__0.293,Cation,Imidazolium_Ring,Cation:Imidazolium_Ring,5,-0.0035628085024654865,0.032336339354515076,0.006467267870903015,0.03911142183176675,0.039096558908316696
V7-A,46,Case4_R1336mzz_Stereo,[emim]__[Tf2N]__R1336mzz(E)__303__0.293,Cation,Alkyl_Chain,Cation:Alkyl_Chain,3,0.005009099841117859,0.010805314406752586,0.0036017714689175286,0.013069234744048365,0.013064268239982439
V7-A,46,Case4_R1336mzz_Stereo,[emim]__[Tf2N]__R1336mzz(E)__303__0.293,Anion,CF3,Anion:CF3,8,-0.028124574571847916,0.2101948857307434,0.026274360716342926,0.25423474044371774,0.2541381274516917
V7-A,46,Case4_R1336mzz_Stereo,[emim]__[Tf2N]__R1336mzz(E)__303__0.293,Anion,Sulfonyl_SO2,Anion:Sulfonyl_SO2,6,-0.08798977732658386,0.24557802081108093,0.04092967013518015,0.29703132006534505,0.29691844373496284
V7-A,46,Case4_R1336mzz_Stereo,[emim]__[Tf2N]__R1336mzz(E)__303__0.293,Anion,Sulfonimide_N,Anion:Sulfonimide_N,1,0.026107339188456535,0.058792635798454285,0.058792635798454285,0.07111081913462496,0.07108379596308659
V7-A,46,Case4_R1336mzz_Stereo,[emim]__[Tf2N]__R1336mzz(E)__303__0.293,Refri,CF3,Refri:CF3,8,0.0011109637562185526,0.1293555647134781,0.01616944558918476,0.1564580332463892,0.15639857686095557
V7-A,46,Case4_R1336mzz_Stereo,[emim]__[Tf2N]__R1336mzz(E)__303__0.293,Refri,Alkene_C=C,Refri:Alkene_C=C,2,0.11096622794866562,0.13971209526062012,0.06985604763031006,0.16898445531606274,0.1689202387034728
V7-A,46,Case4_R1336mzz_Stereo,[emim]__[Tf2N]__R1336mzz(E)__322.5__0.336,Cation,Imidazolium_Ring,Cation:Imidazolium_Ring,5,-0.0021574317943304777,0.02034069038927555,0.00406813807785511,0.03231977337812602,0.03230614817520813
V7-A,46,Case4_R1336mzz_Stereo,[emim]__[Tf2N]__R1336mzz(E)__322.5__0.336,Cation,Alkyl_Chain,Cation:Alkyl_Chain,3,0.002949163317680359,0.006702220067381859,0.002234073355793953,0.010649305877165218,0.010644816397866788
V7-A,46,Case4_R1336mzz_Stereo,[emim]__[Tf2N]__R1336mzz(E)__322.5__0.336,Anion,CF3,Anion:CF3,8,-0.017081424593925476,0.15290045738220215,0.01911255717277527,0.24294692251989938,0.24284450221271212
V7-A,46,Case4_R1336mzz_Stereo,[emim]__[Tf2N]__R1336mzz(E)__322.5__0.336,Anion,Sulfonyl_SO2,Anion:Sulfonyl_SO2,6,-0.06400149315595627,0.1836490035057068,0.03060816725095113,0.2918039683428126,0.2916809511349132
V7-A,46,Case4_R1336mzz_Stereo,[emim]__[Tf2N]__R1336mzz(E)__322.5__0.336,Anion,Sulfonimide_N,Anion:Sulfonimide_N,1,0.019031019881367683,0.043902184814214706,0.043902184814214706,0.06975715360910915,0.06972774574904224
V7-A,46,Case4_R1336mzz_Stereo,[emim]__[Tf2N]__R1336mzz(E)__322.5__0.336,Refri,CF3,Refri:CF3,8,0.004497109912335873,0.1038878783583641,0.012985984794795513,0.1650697503879678,0.16500016113626334
V7-A,46,Case4_R1336mzz_Stereo,[emim]__[Tf2N]__R1336mzz(E)__322.5__0.336,Refri,Alkene_C=C,Refri:Alkene_C=C,2,0.09463982284069061,0.11797505617141724,0.05898752808570862,0.18745317915768606,0.18737415361583756
V7-A,46,Case4_R1336mzz_Stereo,[emim]__[Tf2N]__R1336mzz(E)__322.5__0.488,Cation,Imidazolium_Ring,Cation:Imidazolium_Ring,5,-0.003072628052905202,0.0279541015625,0.0055908203125,0.03360544896212565,0.03359164602126628
V7-A,46,Case4_R1336mzz_Stereo,[emim]__[Tf2N]__R1336mzz(E)__322.5__0.488,Cation,Alkyl_Chain,Cation:Alkyl_Chain,3,0.00455633457750082,0.009402072988450527,0.003134024329483509,0.011302845245987484,0.01129820276956502
V7-A,46,Case4_R1336mzz_Stereo,[emim]__[Tf2N]__R1336mzz(E)__322.5__0.488,Anion,CF3,Anion:CF3,8,-0.025765512138605118,0.20504432916641235,0.025630541145801544,0.246497163336446,0.2463959182743321
V7-A,46,Case4_R1336mzz_Stereo,[emim]__[Tf2N]__R1336mzz(E)__322.5__0.488,Anion,Sulfonyl_SO2,Anion:Sulfonyl_SO2,6,-0.08677023649215698,0.2438690960407257,0.04064484934012095,0.2931709481742113,0.2930505325456656
V7-A,46,Case4_R1336mzz_Stereo,[emim]__[Tf2N]__R1336mzz(E)__322.5__0.488,Anion,Sulfonimide_N,Anion:Sulfonimide_N,1,0.025982292369008064,0.05880367010831833,0.05880367010831833,0.07069172765908904,0.0706626920780669
V7-A,46,Case4_R1336mzz_Stereo,[emim]__[Tf2N]__R1336mzz(E)__322.5__0.488,Refri,CF3,Refri:CF3,8,0.00774151086807251,0.13084492087364197,0.016355615109205246,0.1572972145265148,0.15723260702337147
V7-A,46,Case4_R1336mzz_Stereo,[emim]__[Tf2N]__R1336mzz(E)__322.5__0.488,Refri,Alkene_C=C,Refri:Alkene_C=C,2,0.12590175867080688,0.15591421723365784,0.07795710861682892,0.18743465097602208,0.1873576649668384
V7-A,46,Case4_R1336mzz_Stereo,[emim]__[Tf2N]__R1336mzz(E)__332.9__0.381,Cation,Imidazolium_Ring,Cation:Imidazolium_Ring,5,-0.0012309079756960273,0.012273108586668968,0.0024546217173337936,0.02539993592304005,0.025388657351509414
V7-A,46,Case4_R1336mzz_Stereo,[emim]__[Tf2N]__R1336mzz(E)__332.9__0.381,Cation,Alkyl_Chain,Cation:Alkyl_Chain,3,0.001550955232232809,0.0038416057359427214,0.0012805352453142405,0.007950433978928185,0.007946903673237547
V7-A,46,Case4_R1336mzz_Stereo,[emim]__[Tf2N]__R1336mzz(E)__332.9__0.381,Anion,CF3,Anion:CF3,8,-0.011416347697377205,0.11536863446235657,0.014421079307794571,0.23876232351235244,0.2386563036407782
V7-A,46,Case4_R1336mzz_Stereo,[emim]__[Tf2N]__R1336mzz(E)__332.9__0.381,Anion,Sulfonyl_SO2,Anion:Sulfonyl_SO2,6,-0.04852581024169922,0.1411353498697281,0.02352255831162135,0.2920880898145697,0.29195839120335265
V7-A,46,Case4_R1336mzz_Stereo,[emim]__[Tf2N]__R1336mzz(E)__332.9__0.381,Anion,Sulfonimide_N,Anion:Sulfonimide_N,1,0.01444585807621479,0.033765457570552826,0.033765457570552826,0.06987964399139572,0.06984861467834232
V7-A,46,Case4_R1336mzz_Stereo,[emim]__[Tf2N]__R1336mzz(E)__332.9__0.381,Refri,CF3,Refri:CF3,8,0.005310681648552418,0.08107239007949829,0.010134048759937286,0.16778418430874967,0.16770968152535018
V7-A,46,Case4_R1336mzz_Stereo,[emim]__[Tf2N]__R1336mzz(E)__332.9__0.381,Refri,Alkene_C=C,Refri:Alkene_C=C,2,0.07725226134061813,0.09573793411254883,0.047868967056274414,0.19813540919081574,0.19804742926865843
V7-A,46,Case4_R1336mzz_Stereo,[emim]__[Tf2N]__R1336mzz(E)__332.9__0.623,Cation,Imidazolium_Ring,Cation:Imidazolium_Ring,5,-0.002656083321198821,0.024339765310287476,0.004867953062057495,0.03124684358699518,0.03123317774404872
V7-A,46,Case4_R1336mzz_Stereo,[emim]__[Tf2N]__R1336mzz(E)__332.9__0.623,Cation,Alkyl_Chain,Cation:Alkyl_Chain,3,0.004312095697969198,0.00823825504630804,0.0027460850154360137,0.010576086645870815,0.010571461182223959
V7-A,46,Case4_R1336mzz_Stereo,[emim]__[Tf2N]__R1336mzz(E)__332.9__0.623,Anion,CF3,Anion:CF3,8,-0.02048986777663231,0.1886732280254364,0.02358415350317955,0.24221444907163964,0.2421085163040255
V7-A,46,Case4_R1336mzz_Stereo,[emim]__[Tf2N]__R1336mzz(E)__332.9__0.623,Anion,Sulfonyl_SO2,Anion:Sulfonyl_SO2,6,-0.079388827085495,0.2276231050491333,0.03793718417485555,0.29221742566475206,0.2920896240378698
V7-A,46,Case4_R1336mzz_Stereo,[emim]__[Tf2N]__R1336mzz(E)__332.9__0.623,Anion,Sulfonimide_N,Anion:Sulfonimide_N,1,0.02385104075074196,0.05476422607898712,0.05476422607898712,0.07030508242943867,0.07027433442085522
V7-A,46,Case4_R1336mzz_Stereo,[emim]__[Tf2N]__R1336mzz(E)__332.9__0.623,Refri,CF3,Refri:CF3,8,0.01095843780785799,0.12282826751470566,0.015353533439338207,0.15768416885562314,0.15761520550318966
V7-A,46,Case4_R1336mzz_Stereo,[emim]__[Tf2N]__R1336mzz(E)__332.9__0.623,Refri,Alkene_C=C,Refri:Alkene_C=C,2,0.12374822795391083,0.15248441696166992,0.07624220848083496,0.19575606689361214,0.19567045275282582
V7-A,46,Case4_R1336mzz_Stereo,[emim]__[Tf2N]__R1336mzz(E)__342.9__0.453,Cation,Imidazolium_Ring,Cation:Imidazolium_Ring,5,-0.0008965967572294176,0.009050916880369186,0.0018101833760738374,0.022065620105004433,0.022055343869230186
V7-A,46,Case4_R1336mzz_Stereo,[emim]__[Tf2N]__R1336mzz(E)__342.9__0.453,Cation,Alkyl_Chain,Cation:Alkyl_Chain,3,0.0011573501396924257,0.0027589513920247555,0.0009196504640082518,0.006726166432555748,0.0067230339725664594
V7-A,46,Case4_R1336mzz_Stereo,[emim]__[Tf2N]__R1336mzz(E)__342.9__0.453,Anion,CF3,Anion:CF3,8,-0.008070619776844978,0.09643954038619995,0.012054942548274994,0.23511410936483151,0.23500461377802329
V7-A,46,Case4_R1336mzz_Stereo,[emim]__[Tf2N]__R1336mzz(E)__342.9__0.453,Anion,Sulfonyl_SO2,Anion:Sulfonyl_SO2,6,-0.040376752614974976,0.11981979012489319,0.019969965020815533,0.29211382724016466,0.29197778617051184
V7-A,46,Case4_R1336mzz_Stereo,[emim]__[Tf2N]__R1336mzz(E)__342.9__0.453,Anion,Sulfonimide_N,Anion:Sulfonimide_N,1,0.011863546445965767,0.02836747094988823,0.02836747094988823,0.06915827927639201,0.06912607139915115
V7-A,46,Case4_R1336mzz_Stereo,[emim]__[Tf2N]__R1336mzz(E)__342.9__0.453,Refri,CF3,Refri:CF3,8,0.005727212876081467,0.0691123902797699,0.008639048784971237,0.16849207308155045,0.168413604211841
V7-A,46,Case4_R1336mzz_Stereo,[emim]__[Tf2N]__R1336mzz(E)__342.9__0.453,Refri,Alkene_C=C,Refri:Alkene_C=C,2,0.06855280697345734,0.08463279902935028,0.04231639951467514,0.20632994606935964,0.20623385562807559
V7-A,46,Case4_R1336mzz_Stereo,[emim]__[Tf2N]__R1336mzz(E)__342.9__0.8,Cation,Imidazolium_Ring,Cation:Imidazolium_Ring,5,-0.0027602293994277716,0.024364657700061798,0.00487293154001236,0.030171398269258746,0.03015767404831976
V7-A,46,Case4_R1336mzz_Stereo,[emim]__[Tf2N]__R1336mzz(E)__342.9__0.8,Cation,Alkyl_Chain,Cation:Alkyl_Chain,3,0.0044499109499156475,0.008155491203069687,0.0027184970676898956,0.010099159865013313,0.010094566007610727
V7-A,46,Case4_R1336mzz_Stereo,[emim]__[Tf2N]__R1336mzz(E)__342.9__0.8,Anion,CF3,Anion:CF3,8,-0.02033744566142559,0.19399404525756836,0.024249255657196045,0.2402279430059818,0.24011866927142997
V7-A,46,Case4_R1336mzz_Stereo,[emim]__[Tf2N]__R1336mzz(E)__342.9__0.8,Anion,Sulfonyl_SO2,Anion:Sulfonyl_SO2,6,-0.08250591903924942,0.23673464357852936,0.03945577392975489,0.293154753227693,0.29302140439955104
V7-A,46,Case4_R1336mzz_Stereo,[emim]__[Tf2N]__R1336mzz(E)__342.9__0.8,Anion,Sulfonimide_N,Anion:Sulfonimide_N,1,0.024936912581324577,0.057303689420223236,0.057303689420223236,0.07096067004426164,0.07092839179500801
V7-A,46,Case4_R1336mzz_Stereo,[emim]__[Tf2N]__R1336mzz(E)__342.9__0.8,Refri,CF3,Refri:CF3,8,0.014865624718368053,0.12447282671928406,0.015559103339910507,0.154137984406751,0.15406787085966878
V7-A,46,Case4_R1336mzz_Stereo,[emim]__[Tf2N]__R1336mzz(E)__342.9__0.8,Refri,Alkene_C=C,Refri:Alkene_C=C,2,0.13266916573047638,0.16251614689826965,0.08125807344913483,0.20124803121041246,0.20115648847118578
V7-A,46,Case4_R1336mzz_Stereo,[emim]__[Tf2N]__R1336mzz(E)__352.8__0.511,Cation,Imidazolium_Ring,Cation:Imidazolium_Ring,5,-0.0008761034114286304,0.00858291145414114,0.001716582290828228,0.024350289287587094,0.02433848154239878
V7-A,46,Case4_R1336mzz_Stereo,[emim]__[Tf2N]__R1336mzz(E)__352.8__0.511,Cation,Alkyl_Chain,Cation:Alkyl_Chain,3,0.0013154870830476284,0.0027605078648775816,0.0009201692882925272,0.007831743977504994,0.00782794627160613
V7-A,46,Case4_R1336mzz_Stereo,[emim]__[Tf2N]__R1336mzz(E)__352.8__0.511,Anion,CF3,Anion:CF3,8,-0.004173342138528824,0.08328361809253693,0.010410452261567116,0.23628115055197538,0.23616657500892663
V7-A,46,Case4_R1336mzz_Stereo,[emim]__[Tf2N]__R1336mzz(E)__352.8__0.511,Anion,Sulfonyl_SO2,Anion:Sulfonyl_SO2,6,-0.03363310545682907,0.10470570623874664,0.017450951039791107,0.2970570360182894,0.29691298952478484
V7-A,46,Case4_R1336mzz_Stereo,[emim]__[Tf2N]__R1336mzz(E)__352.8__0.511,Anion,Sulfonimide_N,Anion:Sulfonimide_N,1,0.009560568258166313,0.02401043474674225,0.02401043474674225,0.06811919651365105,0.0680861647042394
V7-A,46,Case4_R1336mzz_Stereo,[emim]__[Tf2N]__R1336mzz(E)__352.8__0.511,Refri,CF3,Refri:CF3,8,0.004843082278966904,0.057676542550325394,0.007209567818790674,0.16363217816148223,0.16355283097009898
V7-A,46,Case4_R1336mzz_Stereo,[emim]__[Tf2N]__R1336mzz(E)__352.8__0.511,Refri,Alkene_C=C,Refri:Alkene_C=C,2,0.05800674483180046,0.07145708799362183,0.03572854399681091,0.20272849994901565,0.20263019448571967
V7-A,46,Case4_R1336mzz_Stereo,[emim]__[Tf2N]__R1336mzz(Z)__293.1__0.05,Cation,Imidazolium_Ring,Cation:Imidazolium_Ring,5,-0.001429837429895997,0.015037309378385544,0.003007461875677109,0.029303909825648813,0.029291514595847636
V7-A,46,Case4_R1336mzz_Stereo,[emim]__[Tf2N]__R1336mzz(Z)__293.1__0.05,Cation,Alkyl_Chain,Cation:Alkyl_Chain,3,0.0017958383541554213,0.00518481619656086,0.0017282720655202866,0.010103894417772175,0.010099620582166612
V7-A,46,Case4_R1336mzz_Stereo,[emim]__[Tf2N]__R1336mzz(Z)__293.1__0.05,Anion,CF3,Anion:CF3,8,-0.02385341376066208,0.1253187656402588,0.01566484570503235,0.24421455430466338,0.2441112542488207
V7-A,46,Case4_R1336mzz_Stereo,[emim]__[Tf2N]__R1336mzz(Z)__293.1__0.05,Anion,Sulfonyl_SO2,Anion:Sulfonyl_SO2,6,-0.05540480837225914,0.1432977318763733,0.023882955312728882,0.2792510087716292,0.2791328886829951
V7-A,46,Case4_R1336mzz_Stereo,[emim]__[Tf2N]__R1336mzz(Z)__293.1__0.05,Anion,Sulfonimide_N,Anion:Sulfonimide_N,1,0.01743970811367035,0.03740008547902107,0.03740008547902107,0.07288330011512059,0.07285247128514637
V7-A,46,Case4_R1336mzz_Stereo,[emim]__[Tf2N]__R1336mzz(Z)__293.1__0.05,Refri,CF3,Refri:CF3,8,0.0014904220588505268,0.09175851941108704,0.01146981492638588,0.17881412897060633,0.1787384925714543
V7-A,46,Case4_R1336mzz_Stereo,[emim]__[Tf2N]__R1336mzz(Z)__293.1__0.05,Refri,Alkene_C=C,Refri:Alkene_C=C,2,0.07472826540470123,0.09515304118394852,0.04757652059197426,0.18542919270508768,0.18535075820712815
V7-A,46,Case4_R1336mzz_Stereo,[emim]__[Tf2N]__R1336mzz(Z)__293.1__0.06,Cation,Imidazolium_Ring,Cation:Imidazolium_Ring,5,-0.0015426393365487456,0.016090642660856247,0.0032181285321712496,0.029995245259815426,0.029982643233326837
V7-A,46,Case4_R1336mzz_Stereo,[emim]__[Tf2N]__R1336mzz(Z)__293.1__0.06,Cation,Alkyl_Chain,Cation:Alkyl_Chain,3,0.0019715416710823774,0.005554548464715481,0.0018515161549051602,0.010354467936323315,0.01035011767087029
V7-A,46,Case4_R1336mzz_Stereo,[emim]__[Tf2N]__R1336mzz(Z)__293.1__0.06,Anion,CF3,Anion:CF3,8,-0.0247073732316494,0.13105624914169312,0.01638203114271164,0.24430747849491877,0.2442048365832196
V7-A,46,Case4_R1336mzz_Stereo,[emim]__[Tf2N]__R1336mzz(Z)__293.1__0.06,Anion,Sulfonyl_SO2,Anion:Sulfonyl_SO2,6,-0.05792722478508949,0.15009455382823944,0.02501575897137324,0.27979758479087585,0.2796800322739874
V7-A,46,Case4_R1336mzz_Stereo,[emim]__[Tf2N]__R1336mzz(Z)__293.1__0.06,Anion,Sulfonimide_N,Anion:Sulfonimide_N,1,0.018226005136966705,0.039137035608291626,0.039137035608291626,0.07295699783754739,0.07292634611220515
V7-A,46,Case4_R1336mzz_Stereo,[emim]__[Tf2N]__R1336mzz(Z)__293.1__0.06,Refri,CF3,Refri:CF3,8,0.0014712013071402907,0.09564346820116043,0.011955433525145054,0.17829302077363404,0.17821811378917507
V7-A,46,Case4_R1336mzz_Stereo,[emim]__[Tf2N]__R1336mzz(Z)__293.1__0.06,Refri,Alkene_C=C,Refri:Alkene_C=C,2,0.0776001363992691,0.09886328876018524,0.04943164438009262,0.18429522400417958,0.18421779528924478
V7-A,46,Case4_R1336mzz_Stereo,[emim]__[Tf2N]__R1336mzz(Z)__303__0.07,Cation,Imidazolium_Ring,Cation:Imidazolium_Ring,5,-0.0012967382790520787,0.013301819562911987,0.0026603639125823975,0.03551225534229363,0.035497807781247365
V7-A,46,Case4_R1336mzz_Stereo,[emim]__[Tf2N]__R1336mzz(Z)__303__0.07,Cation,Alkyl_Chain,Cation:Alkyl_Chain,3,0.00161885772831738,0.004490950144827366,0.001496983381609122,0.011989620481493463,0.011984742706985527
V7-A,46,Case4_R1336mzz_Stereo,[emim]__[Tf2N]__R1336mzz(Z)__303__0.07,Anion,CF3,Anion:CF3,8,-0.015162511728703976,0.08892317116260529,0.01111539639532566,0.2374007815425225,0.2373041990458405
V7-A,46,Case4_R1336mzz_Stereo,[emim]__[Tf2N]__R1336mzz(Z)__303__0.07,Anion,Sulfonyl_SO2,Anion:Sulfonyl_SO2,6,-0.03944550082087517,0.10444848239421844,0.017408080399036407,0.27884915739200883,0.278735712323953
V7-A,46,Case4_R1336mzz_Stereo,[emim]__[Tf2N]__R1336mzz(Z)__303__0.07,Anion,Sulfonimide_N,Anion:Sulfonimide_N,1,0.012446265667676926,0.027078425511717796,0.027078425511717796,0.07229206173571692,0.07226265093189665
V7-A,46,Case4_R1336mzz_Stereo,[emim]__[Tf2N]__R1336mzz(Z)__303__0.07,Refri,CF3,Refri:CF3,8,0.0012629074044525623,0.06728237122297287,0.008410296402871609,0.17962570726543023,0.17955262958151005
V7-A,46,Case4_R1336mzz_Stereo,[emim]__[Tf2N]__R1336mzz(Z)__303__0.07,Refri,Alkene_C=C,Refri:Alkene_C=C,2,0.05410724878311157,0.06904465705156326,0.03452232852578163,0.18433053310034836,0.18425554133753325
V7-A,46,Case4_R1336mzz_Stereo,[emim]__[Tf2N]__R1336mzz(Z)__303__0.09,Cation,Imidazolium_Ring,Cation:Imidazolium_Ring,5,-0.0016324333846569061,0.01641618274152279,0.0032832365483045577,0.03805144511517553,0.03803619565816719
V7-A,46,Case4_R1336mzz_Stereo,[emim]__[Tf2N]__R1336mzz(Z)__303__0.09,Cation,Alkyl_Chain,Cation:Alkyl_Chain,3,0.002197365975007415,0.0056452942080795765,0.0018817647360265255,0.013085356449792548,0.01308011237614394
V7-A,46,Case4_R1336mzz_Stereo,[emim]__[Tf2N]__R1336mzz(Z)__303__0.09,Anion,CF3,Anion:CF3,8,-0.017333580181002617,0.10306181013584137,0.012882726266980171,0.23888932485718853,0.23879358782333515
V7-A,46,Case4_R1336mzz_Stereo,[emim]__[Tf2N]__R1336mzz(Z)__303__0.09,Anion,Sulfonyl_SO2,Anion:Sulfonyl_SO2,6,-0.0451897531747818,0.12034838646650314,0.02005806441108386,0.2789582751626511,0.27884648013853736
V7-A,46,Case4_R1336mzz_Stereo,[emim]__[Tf2N]__R1336mzz(Z)__303__0.09,Anion,Sulfonimide_N,Anion:Sulfonimide_N,1,0.014133132994174957,0.030848676338791847,0.030848676338791847,0.07150485183210535,0.07147619562310722
V7-A,46,Case4_R1336mzz_Stereo,[emim]__[Tf2N]__R1336mzz(Z)__303__0.09,Refri,CF3,Refri:CF3,8,0.0011246732901781797,0.07671385258436203,0.009589231573045254,0.17781679195152167,0.1777455302815373
V7-A,46,Case4_R1336mzz_Stereo,[emim]__[Tf2N]__R1336mzz(Z)__303__0.09,Refri,Alkene_C=C,Refri:Alkene_C=C,2,0.06143152713775635,0.0783865749835968,0.0391932874917984,0.18169403342535181,0.18162121791616403
V7-A,46,Case4_R1336mzz_Stereo,[emim]__[Tf2N]__R1336mzz(Z)__322.5__0.13,Cation,Imidazolium_Ring,Cation:Imidazolium_Ring,5,-0.0009454828104935586,0.009846605360507965,0.001969321072101593,0.03420159419677757,0.03418715647614802
V7-A,46,Case4_R1336mzz_Stereo,[emim]__[Tf2N]__R1336mzz(Z)__322.5__0.13,Cation,Alkyl_Chain,Cation:Alkyl_Chain,3,0.001178756239823997,0.003229334484785795,0.0010764448282619317,0.011216899990455772,0.011212164934321837
V7-A,46,Case4_R1336mzz_Stereo,[emim]__[Tf2N]__R1336mzz(Z)__322.5__0.13,Anion,CF3,Anion:CF3,8,-0.01011369377374649,0.0675005316734314,0.008437566459178925,0.23445905546501306,0.2343600818814311
V7-A,46,Case4_R1336mzz_Stereo,[emim]__[Tf2N]__R1336mzz(Z)__322.5__0.13,Anion,Sulfonyl_SO2,Anion:Sulfonyl_SO2,6,-0.0296704713255167,0.08092992752790451,0.013488321254650751,0.2811052579384797,0.28098659331839615
V7-A,46,Case4_R1336mzz_Stereo,[emim]__[Tf2N]__R1336mzz(Z)__322.5__0.13,Anion,Sulfonimide_N,Anion:Sulfonimide_N,1,0.009220707230269909,0.020490974187850952,0.020490974187850952,0.0711741720329663,0.07114412686004427
V7-A,46,Case4_R1336mzz_Stereo,[emim]__[Tf2N]__R1336mzz(Z)__322.5__0.13,Refri,CF3,Refri:CF3,8,0.0022413802798837423,0.05044743791222572,0.006305929739028215,0.17522615526576432,0.17515218601561297
V7-A,46,Case4_R1336mzz_Stereo,[emim]__[Tf2N]__R1336mzz(Z)__322.5__0.13,Refri,Alkene_C=C,Refri:Alkene_C=C,2,0.044153086841106415,0.055454231798648834,0.027727115899324417,0.1926169540701064,0.1925356435395101
V7-A,46,Case4_R1336mzz_Stereo,[emim]__[Tf2N]__R1336mzz(Z)__322.5__0.17,Cation,Imidazolium_Ring,Cation:Imidazolium_Ring,5,-0.0009381348500028253,0.010030259378254414,0.0020060518756508825,0.03189395837917573,0.031880571062275945
V7-A,46,Case4_R1336mzz_Stereo,[emim]__[Tf2N]__R1336mzz(Z)__322.5__0.17,Cation,Alkyl_Chain,Cation:Alkyl_Chain,3,0.0010040027555078268,0.0031848850194364786,0.0010616283398121595,0.010127214703199956,0.010122963859484286
V7-A,46,Case4_R1336mzz_Stereo,[emim]__[Tf2N]__R1336mzz(Z)__322.5__0.17,Anion,CF3,Anion:CF3,8,-0.010017402470111847,0.07400918006896973,0.009251147508621216,0.23533246945877445,0.235233689924795
V7-A,46,Case4_R1336mzz_Stereo,[emim]__[Tf2N]__R1336mzz(Z)__322.5__0.17,Anion,Sulfonyl_SO2,Anion:Sulfonyl_SO2,6,-0.03192782402038574,0.08891437947750092,0.014819063246250153,0.2827276355897365,0.28260896219056264
V7-A,46,Case4_R1336mzz_Stereo,[emim]__[Tf2N]__R1336mzz(Z)__322.5__0.17,Anion,Sulfonimide_N,Anion:Sulfonimide_N,1,0.009693355299532413,0.021915193647146225,0.021915193647146225,0.0696853638270818,0.0696561137717033
V7-A,46,Case4_R1336mzz_Stereo,[emim]__[Tf2N]__R1336mzz(Z)__322.5__0.17,Refri,CF3,Refri:CF3,8,0.0018289010040462017,0.05566898733377457,0.006958623416721821,0.17701480072225825,0.17694049971499384
V7-A,46,Case4_R1336mzz_Stereo,[emim]__[Tf2N]__R1336mzz(Z)__322.5__0.17,Refri,Alkene_C=C,Refri:Alkene_C=C,2,0.0483224093914032,0.06076484173536301,0.030382420867681503,0.19321846625686642,0.1931373638484441
V7-A,46,Case4_R1336mzz_Stereo,[emim]__[Tf2N]__R1336mzz(Z)__332.9__0.18,Cation,Imidazolium_Ring,Cation:Imidazolium_Ring,5,-0.0007525873952545226,0.007673479616641998,0.0015346959233283996,0.027207958467270678,0.027196400387142418
V7-A,46,Case4_R1336mzz_Stereo,[emim]__[Tf2N]__R1336mzz(Z)__332.9__0.18,Cation,Alkyl_Chain,Cation:Alkyl_Chain,3,0.0007942109950818121,0.0023406001273542643,0.0007802000424514214,0.00829909692018074,0.00829557142129735
V7-A,46,Case4_R1336mzz_Stereo,[emim]__[Tf2N]__R1336mzz(Z)__332.9__0.18,Anion,CF3,Anion:CF3,8,-0.009161174297332764,0.0672941729426384,0.0084117716178298,0.2386058416760185,0.2385044806922284
V7-A,46,Case4_R1336mzz_Stereo,[emim]__[Tf2N]__R1336mzz(Z)__332.9__0.18,Anion,Sulfonyl_SO2,Anion:Sulfonyl_SO2,6,-0.028891583904623985,0.08046208322048187,0.013410347203413645,0.2852954758236486,0.28517428084410734
V7-A,46,Case4_R1336mzz_Stereo,[emim]__[Tf2N]__R1336mzz(Z)__332.9__0.18,Anion,Sulfonimide_N,Anion:Sulfonimide_N,1,0.008760049939155579,0.019787095487117767,0.019787095487117767,0.07015936694922956,0.07012956289076178
V7-A,46,Case4_R1336mzz_Stereo,[emim]__[Tf2N]__R1336mzz(Z)__332.9__0.18,Refri,CF3,Refri:CF3,8,0.0025497914757579565,0.04866098612546921,0.006082623265683651,0.17253790400470023,0.1724646090192625
V7-A,46,Case4_R1336mzz_Stereo,[emim]__[Tf2N]__R1336mzz(Z)__332.9__0.18,Refri,Alkene_C=C,Refri:Alkene_C=C,2,0.04475274682044983,0.0558122843503952,0.0279061421751976,0.19789435698450236,0.1978102904479517
V7-A,46,Case4_R1336mzz_Stereo,[emim]__[Tf2N]__R1336mzz(Z)__332.9__0.24,Cation,Imidazolium_Ring,Cation:Imidazolium_Ring,5,-0.0006592896534129977,0.007170270197093487,0.0014340540394186974,0.02535984139396818,0.025348751228323422
V7-A,46,Case4_R1336mzz_Stereo,[emim]__[Tf2N]__R1336mzz(Z)__332.9__0.24,Cation,Alkyl_Chain,Cation:Alkyl_Chain,3,0.0006850393256172538,0.0021498743444681168,0.0007166247814893723,0.007603684504772632,0.007600359321489409
V7-A,46,Case4_R1336mzz_Stereo,[emim]__[Tf2N]__R1336mzz(Z)__332.9__0.24,Anion,CF3,Anion:CF3,8,-0.007914673537015915,0.06558794528245926,0.008198493160307407,0.23197171710400247,0.2318702730638913
V7-A,46,Case4_R1336mzz_Stereo,[emim]__[Tf2N]__R1336mzz(Z)__332.9__0.24,Anion,Sulfonyl_SO2,Anion:Sulfonyl_SO2,6,-0.02797902375459671,0.07936909794807434,0.013228182991345724,0.2807129550517338,0.2805901958782126
V7-A,46,Case4_R1336mzz_Stereo,[emim]__[Tf2N]__R1336mzz(Z)__332.9__0.24,Anion,Sulfonimide_N,Anion:Sulfonimide_N,1,0.008420540019869804,0.019311435520648956,0.019311435520648956,0.06830076530337977,0.06827089655187178
V7-A,46,Case4_R1336mzz_Stereo,[emim]__[Tf2N]__R1336mzz(Z)__332.9__0.24,Refri,CF3,Refri:CF3,8,0.0026483191177248955,0.05078667029738426,0.006348333787173033,0.17962250630269064,0.1795439552061961
V7-A,46,Case4_R1336mzz_Stereo,[emim]__[Tf2N]__R1336mzz(Z)__332.9__0.24,Refri,Alkene_C=C,Refri:Alkene_C=C,2,0.04684191942214966,0.058365851640701294,0.029182925820350647,0.20642858633584682,0.20633831261604263
V7-A,46,Case4_R1336mzz_Stereo,[emim]__[Tf2N]__R1336mzz(Z)__342.9__0.24,Cation,Imidazolium_Ring,Cation:Imidazolium_Ring,5,-0.0007184365531429648,0.007329109124839306,0.0014658218249678611,0.028953280029904077,0.028940404683957744
V7-A,46,Case4_R1336mzz_Stereo,[emim]__[Tf2N]__R1336mzz(Z)__342.9__0.24,Cation,Alkyl_Chain,Cation:Alkyl_Chain,3,0.0010715501848608255,0.002355399774387479,0.0007851332581291596,0.009304889324008912,0.009300751496829567
V7-A,46,Case4_R1336mzz_Stereo,[emim]__[Tf2N]__R1336mzz(Z)__342.9__0.24,Anion,CF3,Anion:CF3,8,-0.006844273768365383,0.05916938930749893,0.0073961736634373665,0.23374572115625175,0.2336417758685243
V7-A,46,Case4_R1336mzz_Stereo,[emim]__[Tf2N]__R1336mzz(Z)__342.9__0.24,Anion,Sulfonyl_SO2,Anion:Sulfonyl_SO2,6,-0.02502971515059471,0.07167842984199524,0.011946404973665873,0.28316206185081516,0.2830361414196433
V7-A,46,Case4_R1336mzz_Stereo,[emim]__[Tf2N]__R1336mzz(Z)__342.9__0.24,Anion,Sulfonimide_N,Anion:Sulfonimide_N,1,0.007407864555716515,0.017199993133544922,0.017199993133544922,0.06794771495763098,0.06791749902577668
V7-A,46,Case4_R1336mzz_Stereo,[emim]__[Tf2N]__R1336mzz(Z)__342.9__0.24,Refri,CF3,Refri:CF3,8,0.0027252123691141605,0.04370969906449318,0.005463712383061647,0.1726729859633322,0.17259619934614864
V7-A,46,Case4_R1336mzz_Stereo,[emim]__[Tf2N]__R1336mzz(Z)__342.9__0.24,Refri,Alkene_C=C,Refri:Alkene_C=C,2,0.041688550263643265,0.05169370770454407,0.025846853852272034,0.2042134138624236,0.2041226014105133
V7-A,46,Case4_R1336mzz_Stereo,[emim]__[Tf2N]__R1336mzz(Z)__342.9__0.31,Cation,Imidazolium_Ring,Cation:Imidazolium_Ring,5,-0.00056164909619838,0.0060591921210289,0.0012118384242057801,0.023781388469943168,0.023770151837755632
V7-A,46,Case4_R1336mzz_Stereo,[emim]__[Tf2N]__R1336mzz(Z)__342.9__0.31,Cation,Alkyl_Chain,Cation:Alkyl_Chain,3,0.0008736621821299195,0.001986911054700613,0.0006623036849002043,0.007798317449461578,0.007794632768688123
V7-A,46,Case4_R1336mzz_Stereo,[emim]__[Tf2N]__R1336mzz(Z)__342.9__0.31,Anion,CF3,Anion:CF3,8,-0.004859155975282192,0.05798764526844025,0.007248455658555031,0.22759250590520466,0.22748496915306216
V7-A,46,Case4_R1336mzz_Stereo,[emim]__[Tf2N]__R1336mzz(Z)__342.9__0.31,Anion,Sulfonyl_SO2,Anion:Sulfonyl_SO2,6,-0.02429097890853882,0.07224573194980621,0.012040955324967703,0.2835532827604051,0.28341930471501153
V7-A,46,Case4_R1336mzz_Stereo,[emim]__[Tf2N]__R1336mzz(Z)__342.9__0.31,Anion,Sulfonimide_N,Anion:Sulfonimide_N,1,0.007164561655372381,0.017173711210489273,0.017173711210489273,0.06740415052195295,0.06737230227018726
V7-A,46,Case4_R1336mzz_Stereo,[emim]__[Tf2N]__R1336mzz(Z)__342.9__0.31,Refri,CF3,Refri:CF3,8,0.0034660161472857,0.04523031413555145,0.005653789266943932,0.17752196160640282,0.1774380830309234
V7-A,46,Case4_R1336mzz_Stereo,[emim]__[Tf2N]__R1336mzz(Z)__342.9__0.31,Refri,Alkene_C=C,Refri:Alkene_C=C,2,0.04372178763151169,0.05410365015268326,0.02705182507634163,0.21234842801194678,0.21224809403926106
V7-A,46,Case4_R1336mzz_Stereo,[emim]__[Tf2N]__R1336mzz(Z)__352.8__0.31,Cation,Imidazolium_Ring,Cation:Imidazolium_Ring,5,-0.0006570343393832445,0.006426457315683365,0.001285291463136673,0.028204360113525766,0.028191073538573013
V7-A,46,Case4_R1336mzz_Stereo,[emim]__[Tf2N]__R1336mzz(Z)__352.8__0.31,Cation,Alkyl_Chain,Cation:Alkyl_Chain,3,0.0010429826797917485,0.002084925305098295,0.0006949751016994318,0.009150295602413396,0.009145985060076257
V7-A,46,Case4_R1336mzz_Stereo,[emim]__[Tf2N]__R1336mzz(Z)__352.8__0.31,Anion,CF3,Anion:CF3,8,-0.004036453552544117,0.052874088287353516,0.0066092610359191895,0.23205317540840095,0.2319438592638163
V7-A,46,Case4_R1336mzz_Stereo,[emim]__[Tf2N]__R1336mzz(Z)__352.8__0.31,Anion,Sulfonyl_SO2,Anion:Sulfonyl_SO2,6,-0.021720968186855316,0.06535282731056213,0.010892137885093689,0.286819718137061,0.28668460244333077
V7-A,46,Case4_R1336mzz_Stereo,[emim]__[Tf2N]__R1336mzz(Z)__352.8__0.31,Anion,Sulfonimide_N,Anion:Sulfonimide_N,1,0.006290184333920479,0.015241224318742752,0.015241224318742752,0.06689050563018271,0.06685899469665664
V7-A,46,Case4_R1336mzz_Stereo,[emim]__[Tf2N]__R1336mzz(Z)__352.8__0.31,Refri,CF3,Refri:CF3,8,0.0030886915046721697,0.038616783916950226,0.004827097989618778,0.1694808860492769,0.16940104660294703
V7-A,46,Case4_R1336mzz_Stereo,[emim]__[Tf2N]__R1336mzz(Z)__352.8__0.31,Refri,Alkene_C=C,Refri:Alkene_C=C,2,0.038326382637023926,0.04725702106952667,0.023628510534763336,0.20740105701545056,0.20730335404760358
V7-A,46,Case4_R1336mzz_Stereo,[emim]__[Tf2N]__R1336mzz(Z)__352.8__0.41,Cation,Imidazolium_Ring,Cation:Imidazolium_Ring,5,-0.0008141674334183335,0.007996495813131332,0.0015992991626262664,0.02823942691780085,0.028225961314655604
V7-A,46,Case4_R1336mzz_Stereo,[emim]__[Tf2N]__R1336mzz(Z)__352.8__0.41,Cation,Alkyl_Chain,Cation:Alkyl_Chain,3,0.0014579619746655226,0.002797670429572463,0.0009325568098574877,0.009879903833159993,0.00987519272961962
V7-A,46,Case4_R1336mzz_Stereo,[emim]__[Tf2N]__R1336mzz(Z)__352.8__0.41,Anion,CF3,Anion:CF3,8,-0.00420388113707304,0.06537125259637833,0.00817140657454729,0.2308569595183262,0.2307468783821459
V7-A,46,Case4_R1336mzz_Stereo,[emim]__[Tf2N]__R1336mzz(Z)__352.8__0.41,Anion,Sulfonyl_SO2,Anion:Sulfonyl_SO2,6,-0.02681167609989643,0.0817803144454956,0.013630052407582601,0.2888051550412807,0.28866744206235206
V7-A,46,Case4_R1336mzz_Stereo,[emim]__[Tf2N]__R1336mzz(Z)__352.8__0.41,Anion,Sulfonimide_N,Anion:Sulfonimide_N,1,0.007758342660963535,0.019024010747671127,0.019024010747671127,0.06718282279471925,0.06715078754015957
V7-A,46,Case4_R1336mzz_Stereo,[emim]__[Tf2N]__R1336mzz(Z)__352.8__0.41,Refri,CF3,Refri:CF3,8,0.0038269401993602514,0.04789645969867706,0.005987057462334633,0.16914516119186648,0.16906450652344215
V7-A,46,Case4_R1336mzz_Stereo,[emim]__[Tf2N]__R1336mzz(Z)__352.8__0.41,Refri,Alkene_C=C,Refri:Alkene_C=C,2,0.04727797582745552,0.05830161273479462,0.02915080636739731,0.20589070143831512,0.20579252513732518
V7-B,42,Case1_R1234yf,[emim]__[Ac]__R1234yf__313.15__0.311,Cation,Imidazolium_Ring,Cation:Imidazolium_Ring,5,-0.028949402272701263,0.09852688759565353,0.019705377519130707,0.16937154963257386,0.1691319591139034
V7-B,42,Case1_R1234yf,[emim]__[Ac]__R1234yf__313.15__0.311,Cation,Alkyl_Chain,Cation:Alkyl_Chain,3,0.03830584138631821,0.06949363648891449,0.02316454549630483,0.11946226242357691,0.1192932728531461
V7-B,42,Case1_R1234yf,[emim]__[Ac]__R1234yf__313.15__0.311,Anion,Carboxylate_COO,Anion:Carboxylate_COO,3,0.0014392510056495667,0.1503794640302658,0.0501264880100886,0.2585081440941165,0.25814246225169135
V7-B,42,Case1_R1234yf,[emim]__[Ac]__R1234yf__313.15__0.311,Anion,Alkyl_Chain,Anion:Alkyl_Chain,1,0.05895792320370674,0.06792651861906052,0.06792651861906052,0.11676832588958885,0.11660314712240595
V7-B,42,Case1_R1234yf,[emim]__[Ac]__R1234yf__313.15__0.311,Refri,CF3,Refri:CF3,4,-0.008000555448234081,0.03448920324444771,0.008622300811111927,0.05928828101297495,0.05920441267717834
V7-B,42,Case1_R1234yf,[emim]__[Ac]__R1234yf__313.15__0.311,Refri,Halogenated_Alkene,Refri:Halogenated_Alkene,2,0.08224379271268845,0.12563443183898926,0.06281721591949463,0.21597047188889681,0.21566496321586634
V7-B,42,Case1_R1234yf,[emim]__[Ac]__R1234yf__313.15__0.311,Refri,Unclassified,Refri:Unclassified,3,-0.027401132509112358,0.03527029603719711,0.01175676534573237,0.06063100988570388,0.06054524214526848
V7-B,42,Case1_R1234yf,[emim]__[BF4]__R1234yf__313.15__0.3919,Cation,Imidazolium_Ring,Cation:Imidazolium_Ring,5,-0.017183132469654083,0.07904838025569916,0.01580967605113983,0.1333350776728761,0.1332077423760443
V7-B,42,Case1_R1234yf,[emim]__[BF4]__R1234yf__313.15__0.3919,Cation,Alkyl_Chain,Cation:Alkyl_Chain,3,0.03864562138915062,0.06369994580745697,0.021233315269152325,0.10744606270895629,0.10734345147920908
V7-B,42,Case1_R1234yf,[emim]__[BF4]__R1234yf__313.15__0.3919,Anion,BF4_Core,Anion:BF4_Core,5,-0.04964771866798401,0.3033962845802307,0.06067925691604614,0.5117545361373868,0.5112658094129463
V7-B,42,Case1_R1234yf,[emim]__[BF4]__R1234yf__313.15__0.3919,Refri,CF3,Refri:CF3,4,-0.0012098122388124466,0.03444857895374298,0.008612144738435745,0.05810623741637475,0.058050745829927065
V7-B,42,Case1_R1234yf,[emim]__[BF4]__R1234yf__313.15__0.3919,Refri,Halogenated_Alkene,Refri:Halogenated_Alkene,2,0.053998351097106934,0.09000307321548462,0.04500153660774231,0.15181293682635566,0.15166795513278272
V7-B,42,Case1_R1234yf,[emim]__[BF4]__R1234yf__313.15__0.3919,Refri,Unclassified,Refri:Unclassified,3,-0.016840960830450058,0.022258859127759933,0.007419619709253311,0.03754519322355757,0.03750933748021403
V7-B,42,Case1_R1234yf,[bmim]__[Ac]__R1234yf__313.15__0.561,Cation,Imidazolium_Ring,Cation:Imidazolium_Ring,5,-0.015656499192118645,0.09150410443544388,0.018300820887088776,0.07799075831454498,0.0778850650225457
V7-B,42,Case1_R1234yf,[bmim]__[Ac]__R1234yf__313.15__0.561,Cation,Alkyl_Chain,Cation:Alkyl_Chain,5,0.10895176231861115,0.15597650408744812,0.031195300817489623,0.13294185990983623,0.1327616967325312
V7-B,42,Case1_R1234yf,[bmim]__[Ac]__R1234yf__313.15__0.561,Anion,Carboxylate_COO,Anion:Carboxylate_COO,3,0.001944512128829956,0.30803993344306946,0.10267997781435649,0.2625485288185741,0.26219272232405993
V7-B,42,Case1_R1234yf,[bmim]__[Ac]__R1234yf__313.15__0.561,Anion,Alkyl_Chain,Anion:Alkyl_Chain,1,0.11462348699569702,0.1322767436504364,0.1322767436504364,0.11274208526847448,0.11258929688179373
V7-B,42,Case1_R1234yf,[bmim]__[Ac]__R1234yf__313.15__0.561,Refri,CF3,Refri:CF3,4,-0.029583409428596497,0.10708042234182358,0.026770105585455894,0.09126676219177024,0.09114307722249146
V7-B,42,Case1_R1234yf,[bmim]__[Ac]__R1234yf__313.15__0.561,Refri,Halogenated_Alkene,Refri:Halogenated_Alkene,2,0.17923897504806519,0.2754109501838684,0.1377054750919342,0.23473820093089984,0.23442008306987955
V7-B,42,Case1_R1234yf,[bmim]__[Ac]__R1234yf__313.15__0.561,Refri,Unclassified,Refri:Unclassified,3,-0.08232558518648148,0.10297985374927521,0.03432661791642507,0.08777176646423676,0.08765281792286238
V7-B,42,Case1_R1234yf,[bmim]__[PF6]__R1234yf__313.15__0.23,Cation,Imidazolium_Ring,Cation:Imidazolium_Ring,5,-0.006952320691198111,0.032306868582963943,0.006461373716592789,0.08106507221937641,0.08091090400984198
V7-B,42,Case1_R1234yf,[bmim]__[PF6]__R1234yf__313.15__0.23,Cation,Alkyl_Chain,Cation:Alkyl_Chain,5,0.055066999047994614,0.07638287544250488,0.015276575088500976,0.19166151303613024,0.1912970143501675
V7-B,42,Case1_R1234yf,[bmim]__[PF6]__R1234yf__313.15__0.23,Anion,PF6_Core,Anion:PF6_Core,7,-0.023434322327375412,0.13450028002262115,0.019214325717517307,0.33749092350317256,0.33684908886359066
V7-B,42,Case1_R1234yf,[bmim]__[PF6]__R1234yf__313.15__0.23,Refri,CF3,Refri:CF3,4,0.003368189325556159,0.029612569138407707,0.007403142284601927,0.074304479545633,0.07416316851909203
V7-B,42,Case1_R1234yf,[bmim]__[PF6]__R1234yf__313.15__0.23,Refri,Halogenated_Alkene,Refri:Halogenated_Alkene,2,0.0662696436047554,0.11032117903232574,0.05516058951616287,0.27682021619075037,0.276293764095851
V7-B,42,Case1_R1234yf,[bmim]__[PF6]__R1234yf__313.15__0.23,Refri,Unclassified,Refri:Unclassified,3,-0.009706741198897362,0.015406308695673943,0.0051354362318913145,0.03865783289524358,0.038584314069949596
V7-B,42,Case2_R134_vs_R134a,[emim]__[BEI]__R134__283.149__0.01,Cation,Imidazolium_Ring,Cation:Imidazolium_Ring,5,-0.033994365483522415,0.11252555251121521,0.02250511050224304,0.12992377720834197,0.12974925950504038
V7-B,42,Case2_R134_vs_R134a,[emim]__[BEI]__R134__283.149__0.01,Cation,Alkyl_Chain,Cation:Alkyl_Chain,3,0.04883185401558876,0.08044647425413132,0.026815491418043774,0.09288476763665439,0.09276000189578729
V7-B,42,Case2_R134_vs_R134a,[emim]__[BEI]__R134__283.149__0.01,Anion,CF3,Anion:CF3,8,0.050286419689655304,0.09188321977853775,0.011485402472317219,0.10608981435129626,0.10594731117641865
V7-B,42,Case2_R134_vs_R134a,[emim]__[BEI]__R134__283.149__0.01,Anion,Sulfonyl_SO2,Anion:Sulfonyl_SO2,6,-0.00311060412786901,0.0685243308544159,0.011420721809069315,0.07911927288153067,0.07901299738610665
V7-B,42,Case2_R134_vs_R134a,[emim]__[BEI]__R134__283.149__0.01,Anion,Sulfonimide_N,Anion:Sulfonimide_N,1,-0.004853148013353348,0.015057513490319252,0.015057513490319252,0.017385642499581227,0.017362289557843826
V7-B,42,Case2_R134_vs_R134a,[emim]__[BEI]__R134__283.149__0.01,Anion,Alkyl_Chain,Anion:Alkyl_Chain,2,0.039236072450876236,0.04482974484562874,0.02241487242281437,0.05176113026461055,0.05169160308669
V7-B,42,Case2_R134_vs_R134a,[emim]__[BEI]__R134__283.149__0.01,Anion,Unclassified,Anion:Unclassified,4,-0.0006920648156665266,0.02575969323515892,0.00643992330878973,0.029742547982658896,0.02970259685688499
V7-B,42,Case2_R134_vs_R134a,[emim]__[BEI]__R134__283.149__0.01,Refri,CHF2,Refri:CHF2,6,0.13927853107452393,0.427062451839447,0.07117707530657451,0.49309304072340765,0.4924307026446505
V7-B,42,Case2_R134_vs_R134a,[emim]__[BEI]__R134a__283.1__0.0103,Cation,Imidazolium_Ring,Cation:Imidazolium_Ring,5,-0.01592240110039711,0.06400039792060852,0.012800079584121705,0.2091362732886591,0.20888116597673806
V7-B,42,Case2_R134_vs_R134a,[emim]__[BEI]__R134a__283.1__0.0103,Cation,Alkyl_Chain,Cation:Alkyl_Chain,3,0.02665110118687153,0.04500945657491684,0.015003152191638947,0.14707892945451145,0.1468995205468966
V7-B,42,Case2_R134_vs_R134a,[emim]__[BEI]__R134a__283.1__0.0103,Anion,CF3,Anion:CF3,8,0.021258097141981125,0.03682193160057068,0.004602741450071335,0.12032427610506398,0.12017750289277841
V7-B,42,Case2_R134_vs_R134a,[emim]__[BEI]__R134a__283.1__0.0103,Anion,Sulfonyl_SO2,Anion:Sulfonyl_SO2,6,-0.00036717706825584173,0.02801223285496235,0.004668705475827058,0.09153652439861673,0.09142486688309003
V7-B,42,Case2_R134_vs_R134a,[emim]__[BEI]__R134a__283.1__0.0103,Anion,Sulfonimide_N,Anion:Sulfonimide_N,1,-0.0019321958534419537,0.006293029524385929,0.006293029524385929,0.02056394624386833,0.020538862058488774
V7-B,42,Case2_R134_vs_R134a,[emim]__[BEI]__R134a__283.1__0.0103,Anion,Alkyl_Chain,Anion:Alkyl_Chain,2,0.015967287123203278,0.017927436158061028,0.008963718079030514,0.05858209182336895,0.05851063257941875
V7-B,42,Case2_R134_vs_R134a,[emim]__[BEI]__R134a__283.1__0.0103,Anion,Unclassified,Anion:Unclassified,4,0.00028365981415845454,0.00995311327278614,0.002488278318196535,0.03252412617922346,0.03248445280132641
V7-B,42,Case2_R134_vs_R134a,[emim]__[BEI]__R134a__283.1__0.0103,Refri,CF3,Refri:CF3,4,-0.0020464295521378517,0.017809808254241943,0.004452452063560486,0.05819771512824284,0.05812672475228916
V7-B,42,Case2_R134_vs_R134a,[emim]__[BEI]__R134a__283.1__0.0103,Refri,CH2F,Refri:CH2F,2,0.04836643859744072,0.08019506931304932,0.04009753465652466,0.2620561508549035,0.2617364911461131
V7-B,42,Case2_R134_vs_R134a,[emim]__[BEI]__R134__283.123__0.05,Cation,Imidazolium_Ring,Cation:Imidazolium_Ring,5,-0.042927611619234085,0.1390244960784912,0.02780489921569824,0.1160281359439669,0.1158714778605564
V7-B,42,Case2_R134_vs_R134a,[emim]__[BEI]__R134__283.123__0.05,Cation,Alkyl_Chain,Cation:Alkyl_Chain,3,0.061760902404785156,0.10061245411634445,0.03353748470544815,0.08396991777101241,0.08385654383567233
V7-B,42,Case2_R134_vs_R134a,[emim]__[BEI]__R134__283.123__0.05,Anion,CF3,Anion:CF3,8,0.0680302083492279,0.12727156281471252,0.015908945351839066,0.10621928227475326,0.10607586784301201
V7-B,42,Case2_R134_vs_R134a,[emim]__[BEI]__R134__283.123__0.05,Anion,Sulfonyl_SO2,Anion:Sulfonyl_SO2,6,-0.004950797185301781,0.09311727434396744,0.015519545723994574,0.07771453284184973,0.07760960475980225
V7-B,42,Case2_R134_vs_R134a,[emim]__[BEI]__R134__283.123__0.05,Anion,Sulfonimide_N,Anion:Sulfonimide_N,1,-0.006604010239243507,0.020114770159125328,0.020114770159125328,0.016787539982788126,0.016764873895657752
V7-B,42,Case2_R134_vs_R134a,[emim]__[BEI]__R134__283.123__0.05,Anion,Alkyl_Chain,Anion:Alkyl_Chain,2,0.05390610545873642,0.0618896558880806,0.0309448279440403,0.0516523462372652,0.0515826066219611
V7-B,42,Case2_R134_vs_R134a,[emim]__[BEI]__R134__283.123__0.05,Anion,Unclassified,Anion:Unclassified,4,-0.0016650832258164883,0.03641990199685097,0.009104975499212742,0.030395602639485833,0.030354563310405272
V7-B,42,Case2_R134_vs_R134a,[emim]__[BEI]__R134__283.123__0.05,Refri,CHF2,Refri:CHF2,6,0.19299525022506714,0.619746208190918,0.10329103469848633,0.5172325692454632,0.5165342156753032
V7-B,42,Case2_R134_vs_R134a,[emim]__[BEI]__R134a__283.15__0.0504,Cation,Imidazolium_Ring,Cation:Imidazolium_Ring,5,-0.020210321992635727,0.07570834457874298,0.015141668915748595,0.16360536077539786,0.16338613031523092
V7-B,42,Case2_R134_vs_R134a,[emim]__[BEI]__R134a__283.15__0.0504,Cation,Alkyl_Chain,Cation:Alkyl_Chain,3,0.031567834317684174,0.053627435117959976,0.01787581170598666,0.11588862388620408,0.11573333364252089
V7-B,42,Case2_R134_vs_R134a,[emim]__[BEI]__R134a__283.15__0.0504,Anion,CF3,Anion:CF3,8,0.03240841627120972,0.057703401893377304,0.007212925236672163,0.1246967680678155,0.12452967494986829
V7-B,42,Case2_R134_vs_R134a,[emim]__[BEI]__R134a__283.15__0.0504,Anion,Sulfonyl_SO2,Anion:Sulfonyl_SO2,6,-0.0011146569158881903,0.04379810392856598,0.00729968398809433,0.09464748746498587,0.09452066025020359
V7-B,42,Case2_R134_vs_R134a,[emim]__[BEI]__R134a__283.15__0.0504,Anion,Sulfonimide_N,Anion:Sulfonimide_N,1,-0.00307516660541296,0.009801935404539108,0.009801935404539108,0.021181934264707606,0.021153550566434705
V7-B,42,Case2_R134_vs_R134a,[emim]__[BEI]__R134a__283.15__0.0504,Anion,Alkyl_Chain,Anion:Alkyl_Chain,2,0.02487332746386528,0.028130285441875458,0.014065142720937729,0.06078940867140765,0.060707951132527825
V7-B,42,Case2_R134_vs_R134a,[emim]__[BEI]__R134a__283.15__0.0504,Anion,Unclassified,Anion:Unclassified,4,-6.740028038620949e-05,0.01580989733338356,0.00395247433334589,0.03416511048342836,0.03411932938641883
V7-B,42,Case2_R134_vs_R134a,[emim]__[BEI]__R134a__283.15__0.0504,Refri,CF3,Refri:CF3,4,-0.007446980103850365,0.03605874627828598,0.009014686569571495,0.0779227735963985,0.07781835742426295
V7-B,42,Case2_R134_vs_R134a,[emim]__[BEI]__R134a__283.15__0.0504,Refri,CH2F,Refri:CH2F,2,0.08313007652759552,0.14211159944534302,0.07105579972267151,0.30710246838698224,0.3066909524369926
V7-B,42,Case2_R134_vs_R134a,[emim]__[BEI]__R134__283.132__0.1,Cation,Imidazolium_Ring,Cation:Imidazolium_Ring,5,-0.05190633609890938,0.17061348259449005,0.03412269651889801,0.10476214570638762,0.10462291505685506
V7-B,42,Case2_R134_vs_R134a,[emim]__[BEI]__R134__283.132__0.1,Cation,Alkyl_Chain,Cation:Alkyl_Chain,3,0.07944302260875702,0.12672674655914307,0.04224224885304769,0.0778142834085385,0.07771086692017978
V7-B,42,Case2_R134_vs_R134a,[emim]__[BEI]__R134__283.132__0.1,Anion,CF3,Anion:CF3,8,0.08928398787975311,0.17184031009674072,0.02148003876209259,0.10551545710706316,0.1053752252940387
V7-B,42,Case2_R134_vs_R134a,[emim]__[BEI]__R134__283.132__0.1,Anion,Sulfonyl_SO2,Anion:Sulfonyl_SO2,6,-0.007369548082351685,0.12350189685821533,0.02058364947636922,0.07583412235026642,0.07573333752918085
V7-B,42,Case2_R134_vs_R134a,[emim]__[BEI]__R134__283.132__0.1,Anion,Sulfonimide_N,Anion:Sulfonimide_N,1,-0.008793872781097889,0.026100819930434227,0.026100819930434227,0.016026739850960894,0.016005440044773337
V7-B,42,Case2_R134_vs_R134a,[emim]__[BEI]__R134__283.132__0.1,Anion,Alkyl_Chain,Anion:Alkyl_Chain,2,0.07210555672645569,0.08319318294525146,0.04159659147262573,0.05108328029504781,0.051015389758368015
V7-B,42,Case2_R134_vs_R134a,[emim]__[BEI]__R134__283.132__0.1,Anion,Unclassified,Anion:Unclassified,4,-0.0032828631810843945,0.05031130462884903,0.012577826157212257,0.030892753292735102,0.030851696305234568
V7-B,42,Case2_R134_vs_R134a,[emim]__[BEI]__R134__283.132__0.1,Refri,CHF2,Refri:CHF2,6,0.25544625520706177,0.8762917518615723,0.14604862531026205,0.5380712168452767,0.5373561111693572
V7-B,42,Case2_R134_vs_R134a,[emim]__[BEI]__R134a__283.1__0.1003,Cation,Imidazolium_Ring,Cation:Imidazolium_Ring,5,-0.026581011712551117,0.09699961543083191,0.019399923086166383,0.138489620661901,0.13829767646140734
V7-B,42,Case2_R134_vs_R134a,[emim]__[BEI]__R134a__283.1__0.1003,Cation,Alkyl_Chain,Cation:Alkyl_Chain,3,0.04246117174625397,0.07070854306221008,0.023569514354070027,0.10095297040867021,0.10081305135119906
V7-B,42,Case2_R134_vs_R134a,[emim]__[BEI]__R134a__283.1__0.1003,Anion,CF3,Anion:CF3,8,0.04705309122800827,0.08684688806533813,0.010855861008167267,0.12399422956899966,0.12382237572791975
V7-B,42,Case2_R134_vs_R134a,[emim]__[BEI]__R134a__283.1__0.1003,Anion,Sulfonyl_SO2,Anion:Sulfonyl_SO2,6,-0.002343998057767749,0.06523628532886505,0.010872714221477509,0.09314004358118694,0.09301095310412671
V7-B,42,Case2_R134_vs_R134a,[emim]__[BEI]__R134a__283.1__0.1003,Anion,Sulfonimide_N,Anion:Sulfonimide_N,1,-0.004658919759094715,0.014360154047608376,0.014360154047608376,0.020502475992988475,0.020474059918601056
V7-B,42,Case2_R134_vs_R134a,[emim]__[BEI]__R134a__283.1__0.1003,Anion,Alkyl_Chain,Anion:Alkyl_Chain,2,0.03700130432844162,0.04214959591627121,0.021074797958135605,0.060178398889212455,0.06009499267720486
V7-B,42,Case2_R134_vs_R134a,[emim]__[BEI]__R134a__283.1__0.1003,Anion,Unclassified,Anion:Unclassified,4,-0.0008643098408356309,0.024405859410762787,0.006101464852690697,0.03484506816559898,0.034796773508438204
V7-B,42,Case2_R134_vs_R134a,[emim]__[BEI]__R134a__283.1__0.1003,Refri,CF3,Refri:CF3,4,-0.016991354525089264,0.061612486839294434,0.015403121709823608,0.08796622432482434,0.08784430467107864
V7-B,42,Case2_R134_vs_R134a,[emim]__[BEI]__R134a__283.1__0.1003,Refri,CH2F,Refri:CH2F,2,0.13868828117847443,0.23809131979942322,0.11904565989971161,0.3399310029783144,0.3394598645328639
V7-B,42,Case2_R134_vs_R134a,[emim]__[BEI]__R134__283.149__0.15,Cation,Imidazolium_Ring,Cation:Imidazolium_Ring,5,-0.06016099080443382,0.2032431662082672,0.040648633241653444,0.09583038803913779,0.0957080461740647
V7-B,42,Case2_R134_vs_R134a,[emim]__[BEI]__R134__283.149__0.15,Cation,Alkyl_Chain,Cation:Alkyl_Chain,3,0.09954612702131271,0.15532691776752472,0.051775639255841575,0.07323758569738159,0.07314408693346122
V7-B,42,Case2_R134_vs_R134a,[emim]__[BEI]__R134__283.149__0.15,Anion,CF3,Anion:CF3,8,0.1124924048781395,0.22419556975364685,0.028024446219205856,0.10570957364505787,0.10557461951766213
V7-B,42,Case2_R134_vs_R134a,[emim]__[BEI]__R134__283.149__0.15,Anion,Sulfonyl_SO2,Anion:Sulfonyl_SO2,6,-0.010424000211060047,0.15797609090805054,0.02632934848467509,0.07448668693298871,0.07439159350397352
V7-B,42,Case2_R134_vs_R134a,[emim]__[BEI]__R134__283.149__0.15,Anion,Sulfonimide_N,Anion:Sulfonimide_N,1,-0.011322145350277424,0.03261242061853409,0.03261242061853409,0.015376954517463008,0.015357323528448937
V7-B,42,Case2_R134_vs_R134a,[emim]__[BEI]__R134__283.149__0.15,Anion,Alkyl_Chain,Anion:Alkyl_Chain,2,0.09299594163894653,0.1079375222325325,0.05396876111626625,0.05089319770253563,0.050828224901591536
V7-B,42,Case2_R134_vs_R134a,[emim]__[BEI]__R134__283.149__0.15,Anion,Unclassified,Anion:Unclassified,4,-0.005867940839380026,0.06719518452882767,0.016798796132206917,0.03168293787137968,0.0316424898486857
V7-B,42,Case2_R134_vs_R134a,[emim]__[BEI]__R134__283.149__0.15,Refri,CHF2,Refri:CHF2,6,0.310906320810318,1.1723766326904297,0.19539610544840494,0.552782707211002,0.5520769971667858
V7-B,42,Case2_R134_vs_R134a,[emim]__[BEI]__R134a__283.15__0.1502,Cation,Imidazolium_Ring,Cation:Imidazolium_Ring,5,-0.032747168093919754,0.11828327178955078,0.023656654357910156,0.11828076196007384,0.11811324800067831
V7-B,42,Case2_R134_vs_R134a,[emim]__[BEI]__R134a__283.15__0.1502,Cation,Alkyl_Chain,Cation:Alkyl_Chain,3,0.055441662669181824,0.08986527472734451,0.029955091575781505,0.0898633678937572,0.08973609978767601
V7-B,42,Case2_R134_vs_R134a,[emim]__[BEI]__R134a__283.15__0.1502,Anion,CF3,Anion:CF3,8,0.06484849005937576,0.12254361808300018,0.015317952260375023,0.12254101785407329,0.12236747034939942
V7-B,42,Case2_R134_vs_R134a,[emim]__[BEI]__R134a__283.15__0.1502,Anion,Sulfonyl_SO2,Anion:Sulfonyl_SO2,6,-0.003940198104828596,0.09168175607919693,0.015280292679866156,0.09167981070204914,0.0915499700768043
V7-B,42,Case2_R134_vs_R134a,[emim]__[BEI]__R134a__283.15__0.1502,Anion,Sulfonimide_N,Anion:Sulfonimide_N,1,-0.006619739346206188,0.02002273127436638,0.02002273127436638,0.02002230641597008,0.019993950022517852
V7-B,42,Case2_R134_vs_R134a,[emim]__[BEI]__R134a__283.15__0.1502,Anion,Alkyl_Chain,Anion:Alkyl_Chain,2,0.05176134407520294,0.05929380655288696,0.02964690327644348,0.05929254840926923,0.05920857592395467
V7-B,42,Case2_R134_vs_R134a,[emim]__[BEI]__R134a__283.15__0.1502,Anion,Unclassified,Anion:Unclassified,4,-0.0019910577684640884,0.03492650017142296,0.00873162504285574,0.034925759072886114,0.03487629581199531
V7-B,42,Case2_R134_vs_R134a,[emim]__[BEI]__R134a__283.15__0.1502,Refri,CF3,Refri:CF3,4,-0.03201214224100113,0.10075868666172028,0.02518967166543007,0.10075654868296795,0.10061385321732148
V7-B,42,Case2_R134_vs_R134a,[emim]__[BEI]__R134a__283.15__0.1502,Refri,CH2F,Refri:CH2F,2,0.2078595906496048,0.36264562606811523,0.18132281303405762,0.3626379311619107,0.36212434877818844
V7-B,42,Case3_BF4_vs_PF6,[bmim]__[BF4]__R32__283.1__0.01,Cation,Imidazolium_Ring,Cation:Imidazolium_Ring,5,-0.00724190566688776,0.036485135555267334,0.007297027111053467,0.16702485669386047,0.16699057188097655
V7-B,42,Case3_BF4_vs_PF6,[bmim]__[BF4]__R32__283.1__0.01,Cation,Alkyl_Chain,Cation:Alkyl_Chain,5,0.04265615716576576,0.05977397412061691,0.011954794824123382,0.27363854648135516,0.2735823773185752
V7-B,42,Case3_BF4_vs_PF6,[bmim]__[BF4]__R32__283.1__0.01,Anion,BF4_Core,Anion:BF4_Core,5,-0.0046483371406793594,0.04030057042837143,0.008060114085674286,0.18449148942541863,0.18445361927651488
V7-B,42,Case3_BF4_vs_PF6,[bmim]__[BF4]__R32__283.1__0.01,Refri,CH2F,Refri:CH2F,3,0.024200379848480225,0.08188167214393616,0.027293890714645386,0.3748451073993658,0.3747681637957488
V7-B,42,Case3_BF4_vs_PF6,[bmim]__[PF6]__R32__283.2__0.0098,Cation,Imidazolium_Ring,Cation:Imidazolium_Ring,5,-0.007934915833175182,0.03856571391224861,0.007713142782449722,0.17427541333406596,0.174239055380575
V7-B,42,Case3_BF4_vs_PF6,[bmim]__[PF6]__R32__283.2__0.0098,Cation,Alkyl_Chain,Cation:Alkyl_Chain,5,0.04413232579827309,0.06239910051226616,0.012479820102453233,0.2819766038350269,0.2819177768780188
V7-B,42,Case3_BF4_vs_PF6,[bmim]__[PF6]__R32__283.2__0.0098,Anion,PF6_Core,Anion:PF6_Core,7,-0.0034301751293241978,0.03590448200702667,0.0051292117152895245,0.16224951667062945,0.1622156676022601
V7-B,42,Case3_BF4_vs_PF6,[bmim]__[PF6]__R32__283.2__0.0098,Refri,CH2F,Refri:CH2F,3,0.024450160562992096,0.08442246913909912,0.028140823046366375,0.38149846616027766,0.3814188766001431
V7-B,42,Case3_BF4_vs_PF6,[bmim]__[BF4]__R32__283.1__0.0998,Cation,Imidazolium_Ring,Cation:Imidazolium_Ring,5,-0.013024309650063515,0.0536494217813015,0.0107298843562603,0.11624417383005213,0.11621892866542068
V7-B,42,Case3_BF4_vs_PF6,[bmim]__[BF4]__R32__283.1__0.0998,Cation,Alkyl_Chain,Cation:Alkyl_Chain,5,0.06794312596321106,0.09444586932659149,0.0188891738653183,0.20463933602649076,0.20459489376708245
V7-B,42,Case3_BF4_vs_PF6,[bmim]__[BF4]__R32__283.1__0.0998,Anion,BF4_Core,Anion:BF4_Core,5,-0.013308446854352951,0.10888063907623291,0.02177612781524658,0.2359156821316582,0.23586444747586152
V7-B,42,Case3_BF4_vs_PF6,[bmim]__[BF4]__R32__283.1__0.0998,Refri,CH2F,Refri:CH2F,3,0.04572608321905136,0.20454758405685425,0.06818252801895142,0.44320076765318195,0.44310451615105895
V7-B,42,Case3_BF4_vs_PF6,[bmim]__[PF6]__R32__283.2__0.0996,Cation,Imidazolium_Ring,Cation:Imidazolium_Ring,5,-0.014657080173492432,0.05846990644931793,0.011693981289863587,0.13206970344431115,0.13204037851209602
V7-B,42,Case3_BF4_vs_PF6,[bmim]__[PF6]__R32__283.2__0.0996,Cation,Alkyl_Chain,Cation:Alkyl_Chain,5,0.0699271634221077,0.09853798151016235,0.01970759630203247,0.22257401775268223,0.2225245971224148
V7-B,42,Case3_BF4_vs_PF6,[bmim]__[PF6]__R32__283.2__0.0996,Anion,PF6_Core,Anion:PF6_Core,7,-0.008187530562281609,0.08122126758098602,0.011603038225855147,0.18345965256657257,0.18341891694185755
V7-B,42,Case3_BF4_vs_PF6,[bmim]__[PF6]__R32__283.2__0.0996,Refri,CH2F,Refri:CH2F,3,0.04589128494262695,0.20449090003967285,0.06816363334655762,0.46189662623643407,0.46179406609658713
V7-B,42,Case3_BF4_vs_PF6,[bmim]__[BF4]__R32__283.2__0.2499,Cation,Imidazolium_Ring,Cation:Imidazolium_Ring,5,-0.022189995273947716,0.09800819307565689,0.019601638615131377,0.10216302714106679,0.10214202518672531
V7-B,42,Case3_BF4_vs_PF6,[bmim]__[BF4]__R32__283.2__0.2499,Cation,Alkyl_Chain,Cation:Alkyl_Chain,5,0.12297512590885162,0.1752167046070099,0.035043340921401975,0.18264461762411952,0.1826070708322184
V7-B,42,Case3_BF4_vs_PF6,[bmim]__[BF4]__R32__283.2__0.2499,Anion,BF4_Core,Anion:BF4_Core,5,-0.028734251856803894,0.2643650770187378,0.05287301540374756,0.2755722321884516,0.2755155819931691
V7-B,42,Case3_BF4_vs_PF6,[bmim]__[BF4]__R32__283.2__0.2499,Refri,CH2F,Refri:CH2F,3,0.09049960970878601,0.4217413663864136,0.14058045546213785,0.43962013081279305,0.4395297568078982
V7-B,42,Case3_BF4_vs_PF6,[bmim]__[PF6]__R32__283.2__0.2497,Cation,Imidazolium_Ring,Cation:Imidazolium_Ring,5,-0.02443607896566391,0.10511378198862076,0.021022756397724152,0.10998642536448291,0.10996357845840757
V7-B,42,Case3_BF4_vs_PF6,[bmim]__[PF6]__R32__283.2__0.2497,Cation,Alkyl_Chain,Cation:Alkyl_Chain,5,0.12667103111743927,0.18252669274806976,0.03650533854961395,0.1909878808388302,0.19094820792319
V7-B,42,Case3_BF4_vs_PF6,[bmim]__[PF6]__R32__283.2__0.2497,Anion,PF6_Core,Anion:PF6_Core,7,-0.022691547870635986,0.20998775959014893,0.029998251370021274,0.21972192999503304,0.21967628830533675
V7-B,42,Case3_BF4_vs_PF6,[bmim]__[PF6]__R32__283.2__0.2497,Refri,CH2F,Refri:CH2F,3,0.10040932148694992,0.4580695629119873,0.15268985430399576,0.4793037871895306,0.47920422391550666
V7-B,42,Case3_BF4_vs_PF6,[bmim]__[BF4]__R32__283.2__0.3995,Cation,Imidazolium_Ring,Cation:Imidazolium_Ring,5,-0.025461729615926743,0.1265747994184494,0.02531495988368988,0.10103747683973022,0.10101876284372914
V7-B,42,Case3_BF4_vs_PF6,[bmim]__[BF4]__R32__283.2__0.3995,Cation,Alkyl_Chain,Cation:Alkyl_Chain,5,0.15986177325248718,0.23107168078422546,0.046214336156845094,0.1844514050413,0.18441724125411624
V7-B,42,Case3_BF4_vs_PF6,[bmim]__[BF4]__R32__283.2__0.3995,Anion,BF4_Core,Anion:BF4_Core,5,-0.03537921607494354,0.3879799544811249,0.07759599089622497,0.30970237239382437,0.3096450098275788
V7-B,42,Case3_BF4_vs_PF6,[bmim]__[BF4]__R32__283.2__0.3995,Refri,CH2F,Refri:CH2F,3,0.09910751134157181,0.5071245431900024,0.16904151439666748,0.40480873383039434,0.4047337558196299
V7-B,42,Case3_BF4_vs_PF6,[bmim]__[PF6]__R32__283.2__0.3996,Cation,Imidazolium_Ring,Cation:Imidazolium_Ring,5,-0.025879543274641037,0.1262706220149994,0.02525412440299988,0.10373905215272528,0.10372019408988548
V7-B,42,Case3_BF4_vs_PF6,[bmim]__[PF6]__R32__283.2__0.3996,Cation,Alkyl_Chain,Cation:Alkyl_Chain,5,0.15996012091636658,0.231590136885643,0.046318027377128604,0.1902654861839727,0.1902308990307238
V7-B,42,Case3_BF4_vs_PF6,[bmim]__[PF6]__R32__283.2__0.3996,Anion,PF6_Core,Anion:PF6_Core,7,-0.03042151778936386,0.3011835515499115,0.04302622164998736,0.24744074008020514,0.2473957594010035
V7-B,42,Case3_BF4_vs_PF6,[bmim]__[PF6]__R32__283.2__0.3996,Refri,CH2F,Refri:CH2F,3,0.11590471118688583,0.5581504106521606,0.18605013688405356,0.45855475830974746,0.45847140055518687
V7-B,42,Case4_R1336mzz_Stereo,[emim]__[Tf2N]__R1336mzz(E)__293.1__0.194,Cation,Imidazolium_Ring,Cation:Imidazolium_Ring,5,-0.03698484227061272,0.14230535924434662,0.028461071848869323,0.11253642663737452,0.11232687478528344
V7-B,42,Case4_R1336mzz_Stereo,[emim]__[Tf2N]__R1336mzz(E)__293.1__0.194,Cation,Alkyl_Chain,Cation:Alkyl_Chain,3,0.06328818202018738,0.10408114641904831,0.034693715473016105,0.0823083569060059,0.08215509214411856
V7-B,42,Case4_R1336mzz_Stereo,[emim]__[Tf2N]__R1336mzz(E)__293.1__0.194,Anion,CF3,Anion:CF3,8,0.122535839676857,0.25601184368133545,0.03200148046016693,0.2024565920618212,0.2020796016498961
V7-B,42,Case4_R1336mzz_Stereo,[emim]__[Tf2N]__R1336mzz(E)__293.1__0.194,Anion,Sulfonyl_SO2,Anion:Sulfonyl_SO2,6,-0.006712314672768116,0.1980004459619522,0.033000074326992035,0.15658062900431408,0.1562890633149647
V7-B,42,Case4_R1336mzz_Stereo,[emim]__[Tf2N]__R1336mzz(E)__293.1__0.194,Anion,Sulfonimide_N,Anion:Sulfonimide_N,1,-0.014488537795841694,0.04198714345693588,0.04198714345693588,0.033203830934020837,0.03314200273779453
V7-B,42,Case4_R1336mzz_Stereo,[emim]__[Tf2N]__R1336mzz(E)__293.1__0.194,Refri,CF3,Refri:CF3,8,-0.046769462525844574,0.13980665802955627,0.017475832253694534,0.11056043003794819,0.11035455765000492
V7-B,42,Case4_R1336mzz_Stereo,[emim]__[Tf2N]__R1336mzz(E)__293.1__0.194,Refri,Alkene_C=C,Refri:Alkene_C=C,2,0.2510090470314026,0.3823345899581909,0.19116729497909546,0.30235381690637164,0.3017908098497881
V7-B,42,Case4_R1336mzz_Stereo,[emim]__[Tf2N]__R1336mzz(E)__293.1__0.223,Cation,Imidazolium_Ring,Cation:Imidazolium_Ring,5,-0.039393872022628784,0.14900605380535126,0.02980121076107025,0.1078732991198246,0.10766676218674157
V7-B,42,Case4_R1336mzz_Stereo,[emim]__[Tf2N]__R1336mzz(E)__293.1__0.223,Cation,Alkyl_Chain,Cation:Alkyl_Chain,3,0.06741111725568771,0.11007508635520935,0.03669169545173645,0.07968912948696306,0.0795365546743024
V7-B,42,Case4_R1336mzz_Stereo,[emim]__[Tf2N]__R1336mzz(E)__293.1__0.223,Anion,CF3,Anion:CF3,8,0.13197185099124908,0.27855831384658813,0.03481978923082352,0.2016629763992034,0.2012768673898217
V7-B,42,Case4_R1336mzz_Stereo,[emim]__[Tf2N]__R1336mzz(E)__293.1__0.223,Anion,Sulfonyl_SO2,Anion:Sulfonyl_SO2,6,-0.00788018386811018,0.2156885266304016,0.035948087771733604,0.15614823932126695,0.15584927397285475
V7-B,42,Case4_R1336mzz_Stereo,[emim]__[Tf2N]__R1336mzz(E)__293.1__0.223,Anion,Sulfonimide_N,Anion:Sulfonimide_N,1,-0.01577680930495262,0.04554884135723114,0.04554884135723114,0.032975195723984566,0.032912060584443875
V7-B,42,Case4_R1336mzz_Stereo,[emim]__[Tf2N]__R1336mzz(E)__293.1__0.223,Refri,CF3,Refri:CF3,8,-0.05464860796928406,0.1599784642457962,0.019997308030724525,0.11581680264387469,0.11559505687904943
V7-B,42,Case4_R1336mzz_Stereo,[emim]__[Tf2N]__R1336mzz(E)__293.1__0.223,Refri,Alkene_C=C,Refri:Alkene_C=C,2,0.27823948860168457,0.4224510192871094,0.2112255096435547,0.3058344543944734,0.30524889605188854
V7-B,42,Case4_R1336mzz_Stereo,[emim]__[Tf2N]__R1336mzz(E)__303__0.228,Cation,Imidazolium_Ring,Cation:Imidazolium_Ring,5,-0.031062893569469452,0.11497224122285843,0.022994448244571686,0.1063410609991543,0.10613702784768378
V7-B,42,Case4_R1336mzz_Stereo,[emim]__[Tf2N]__R1336mzz(E)__303__0.228,Cation,Alkyl_Chain,Cation:Alkyl_Chain,3,0.04719651862978935,0.08119718730449677,0.02706572910149892,0.07510156326665174,0.07495746832825556
V7-B,42,Case4_R1336mzz_Stereo,[emim]__[Tf2N]__R1336mzz(E)__303__0.228,Anion,CF3,Anion:CF3,8,0.10749085992574692,0.22430159151554108,0.028037698939442635,0.20746285339716652,0.20706480113594236
V7-B,42,Case4_R1336mzz_Stereo,[emim]__[Tf2N]__R1336mzz(E)__303__0.228,Anion,Sulfonyl_SO2,Anion:Sulfonyl_SO2,6,-0.006418395787477493,0.1753331571817398,0.029222192863623302,0.16217057060666168,0.16185941918231286
V7-B,42,Case4_R1336mzz_Stereo,[emim]__[Tf2N]__R1336mzz(E)__303__0.228,Anion,Sulfonimide_N,Anion:Sulfonimide_N,1,-0.012844710610806942,0.03751793131232262,0.03751793131232262,0.03470139035136562,0.034634809916985206
V7-B,42,Case4_R1336mzz_Stereo,[emim]__[Tf2N]__R1336mzz(E)__303__0.228,Refri,CF3,Refri:CF3,8,-0.036852672696113586,0.1166003867983818,0.014575048349797726,0.10784697865476152,0.10764005614783186
V7-B,42,Case4_R1336mzz_Stereo,[emim]__[Tf2N]__R1336mzz(E)__303__0.228,Refri,Alkene_C=C,Refri:Alkene_C=C,2,0.21621441841125488,0.33124256134033203,0.16562128067016602,0.30637556549610945,0.30578773261599335
V7-B,42,Case4_R1336mzz_Stereo,[emim]__[Tf2N]__R1336mzz(E)__303__0.293,Cation,Imidazolium_Ring,Cation:Imidazolium_Ring,5,-0.033897336572408676,0.12849360704421997,0.025698721408843994,0.09786441649607379,0.09767073599366458
V7-B,42,Case4_R1336mzz_Stereo,[emim]__[Tf2N]__R1336mzz(E)__303__0.293,Cation,Alkyl_Chain,Cation:Alkyl_Chain,3,0.05305349454283714,0.09109272062778473,0.030364240209261577,0.06937882869308888,0.0692415231546823
V7-B,42,Case4_R1336mzz_Stereo,[emim]__[Tf2N]__R1336mzz(E)__303__0.293,Anion,CF3,Anion:CF3,8,0.1290491819381714,0.2763154208660126,0.03453942760825157,0.21044974963317273,0.21003325490812133
V7-B,42,Case4_R1336mzz_Stereo,[emim]__[Tf2N]__R1336mzz(E)__303__0.293,Anion,Sulfonyl_SO2,Anion:Sulfonyl_SO2,6,-0.008310211822390556,0.21370026469230652,0.035616710782051086,0.16276025080354264,0.16243813692112713
V7-B,42,Case4_R1336mzz_Stereo,[emim]__[Tf2N]__R1336mzz(E)__303__0.293,Anion,Sulfonimide_N,Anion:Sulfonimide_N,1,-0.01565980352461338,0.044905900955200195,0.044905900955200195,0.034201622129720076,0.03413393473531805
V7-B,42,Case4_R1336mzz_Stereo,[emim]__[Tf2N]__R1336mzz(E)__303__0.293,Refri,CF3,Refri:CF3,8,-0.05237704515457153,0.15519703924655914,0.019399629905819893,0.11820251635208483,0.11796858533228435
V7-B,42,Case4_R1336mzz_Stereo,[emim]__[Tf2N]__R1336mzz(E)__303__0.293,Refri,Alkene_C=C,Refri:Alkene_C=C,2,0.2653517723083496,0.4032708406448364,0.2016354203224182,0.3071426385906206,0.3065347818978265
V7-B,42,Case4_R1336mzz_Stereo,[emim]__[Tf2N]__R1336mzz(E)__322.5__0.336,Cation,Imidazolium_Ring,Cation:Imidazolium_Ring,5,-0.02215328998863697,0.08162625879049301,0.016325251758098604,0.09643430015876371,0.09624525753015618
V7-B,42,Case4_R1336mzz_Stereo,[emim]__[Tf2N]__R1336mzz(E)__322.5__0.336,Cation,Alkyl_Chain,Cation:Alkyl_Chain,3,0.027144242078065872,0.05336818844079971,0.01778939614693324,0.0630498564957991,0.0629262582471918
V7-B,42,Case4_R1336mzz_Stereo,[emim]__[Tf2N]__R1336mzz(E)__322.5__0.336,Anion,CF3,Anion:CF3,8,0.08657325804233551,0.18589740991592407,0.02323717623949051,0.2196215640922759,0.21919103431493994
V7-B,42,Case4_R1336mzz_Stereo,[emim]__[Tf2N]__R1336mzz(E)__322.5__0.336,Anion,Sulfonyl_SO2,Anion:Sulfonyl_SO2,6,-0.006305026821792126,0.1436459720134735,0.02394099533557892,0.1697051780518215,0.16937250064456694
V7-B,42,Case4_R1336mzz_Stereo,[emim]__[Tf2N]__R1336mzz(E)__322.5__0.336,Anion,Sulfonimide_N,Anion:Sulfonimide_N,1,-0.010585792362689972,0.0304859708994627,0.0304859708994627,0.03601651370419699,0.03594590960987878
V7-B,42,Case4_R1336mzz_Stereo,[emim]__[Tf2N]__R1336mzz(E)__322.5__0.336,Refri,CF3,Refri:CF3,8,-0.028170645236968994,0.09294232726097107,0.011617790907621384,0.10980324735380902,0.1095879972355914
V7-B,42,Case4_R1336mzz_Stereo,[emim]__[Tf2N]__R1336mzz(E)__322.5__0.336,Refri,Alkene_C=C,Refri:Alkene_C=C,2,0.17011570930480957,0.25847819447517395,0.12923909723758698,0.30536942596488775,0.3047708024576322
V7-B,42,Case4_R1336mzz_Stereo,[emim]__[Tf2N]__R1336mzz(E)__322.5__0.488,Cation,Imidazolium_Ring,Cation:Imidazolium_Ring,5,-0.02457370050251484,0.10862809419631958,0.021725618839263917,0.09264715451452787,0.09247138820287652
V7-B,42,Case4_R1336mzz_Stereo,[emim]__[Tf2N]__R1336mzz(E)__322.5__0.488,Cation,Alkyl_Chain,Cation:Alkyl_Chain,3,0.03860887140035629,0.07214120775461197,0.024047069251537323,0.06152807587351229,0.06141134737800738
V7-B,42,Case4_R1336mzz_Stereo,[emim]__[Tf2N]__R1336mzz(E)__322.5__0.488,Anion,CF3,Anion:CF3,8,0.11153782904148102,0.25559258460998535,0.03194907307624817,0.21799080481273092,0.21757724176336782
V7-B,42,Case4_R1336mzz_Stereo,[emim]__[Tf2N]__R1336mzz(E)__322.5__0.488,Anion,Sulfonyl_SO2,Anion:Sulfonyl_SO2,6,-0.010077623650431633,0.18780040740966797,0.03130006790161133,0.16017194715512456,0.15986807562740207
V7-B,42,Case4_R1336mzz_Stereo,[emim]__[Tf2N]__R1336mzz(E)__322.5__0.488,Anion,Sulfonimide_N,Anion:Sulfonimide_N,1,-0.013953711837530136,0.038547582924366,0.038547582924366,0.03287661352965458,0.032814241391730066
V7-B,42,Case4_R1336mzz_Stereo,[emim]__[Tf2N]__R1336mzz(E)__322.5__0.488,Refri,CF3,Refri:CF3,8,-0.04964116960763931,0.15076199173927307,0.018845248967409134,0.12858247810500245,0.12833853679846224
V7-B,42,Case4_R1336mzz_Stereo,[emim]__[Tf2N]__R1336mzz(E)__322.5__0.488,Refri,Alkene_C=C,Refri:Alkene_C=C,2,0.24213314056396484,0.35902053117752075,0.17951026558876038,0.3062028370467222,0.3056219218144423
V7-B,42,Case4_R1336mzz_Stereo,[emim]__[Tf2N]__R1336mzz(E)__332.9__0.381,Cation,Imidazolium_Ring,Cation:Imidazolium_Ring,5,-0.018160352483391762,0.06657624989748001,0.013315249979496003,0.09475766497058855,0.09457452901202344
V7-B,42,Case4_R1336mzz_Stereo,[emim]__[Tf2N]__R1336mzz(E)__332.9__0.381,Cation,Alkyl_Chain,Cation:Alkyl_Chain,3,0.020137052983045578,0.042325735092163086,0.014108578364054361,0.060242020715691916,0.060125592348518754
V7-B,42,Case4_R1336mzz_Stereo,[emim]__[Tf2N]__R1336mzz(E)__332.9__0.381,Anion,CF3,Anion:CF3,8,0.07091454416513443,0.15624980628490448,0.01953122578561306,0.222389618196635,0.22195981089908276
V7-B,42,Case4_R1336mzz_Stereo,[emim]__[Tf2N]__R1336mzz(E)__332.9__0.381,Anion,Sulfonyl_SO2,Anion:Sulfonyl_SO2,6,-0.006319220643490553,0.11840333044528961,0.019733888407548267,0.16852290621676058,0.16819720587389372
V7-B,42,Case4_R1336mzz_Stereo,[emim]__[Tf2N]__R1336mzz(E)__332.9__0.381,Anion,Sulfonimide_N,Anion:Sulfonimide_N,1,-0.008773625828325748,0.02512146346271038,0.02512146346271038,0.03575526140381924,0.03568615803288912
V7-B,42,Case4_R1336mzz_Stereo,[emim]__[Tf2N]__R1336mzz(E)__332.9__0.381,Refri,CF3,Refri:CF3,8,-0.022345643490552902,0.07751015573740005,0.009688769467175007,0.11031984199309341,0.11010662937310718
V7-B,42,Case4_R1336mzz_Stereo,[emim]__[Tf2N]__R1336mzz(E)__332.9__0.381,Refri,Alkene_C=C,Refri:Alkene_C=C,2,0.14398527145385742,0.21640810370445251,0.10820405185222626,0.30801264143481116,0.3074173524905675
V7-B,42,Case4_R1336mzz_Stereo,[emim]__[Tf2N]__R1336mzz(E)__332.9__0.623,Cation,Imidazolium_Ring,Cation:Imidazolium_Ring,5,-0.022874955087900162,0.10422150790691376,0.02084430158138275,0.09385945055926606,0.09368935214624427
V7-B,42,Case4_R1336mzz_Stereo,[emim]__[Tf2N]__R1336mzz(E)__332.9__0.623,Cation,Alkyl_Chain,Cation:Alkyl_Chain,3,0.0324065238237381,0.0658189207315445,0.021939640243848164,0.05927497941964471,0.059167557312748684
V7-B,42,Case4_R1336mzz_Stereo,[emim]__[Tf2N]__R1336mzz(E)__332.9__0.623,Anion,CF3,Anion:CF3,8,0.1014755368232727,0.24382013082504272,0.03047751635313034,0.21957870284285885,0.2191807675399735
V7-B,42,Case4_R1336mzz_Stereo,[emim]__[Tf2N]__R1336mzz(E)__332.9__0.623,Anion,Sulfonyl_SO2,Anion:Sulfonyl_SO2,6,-0.012242486700415611,0.17141857743263245,0.02856976290543874,0.1543755585252914,0.15409578874869417
V7-B,42,Case4_R1336mzz_Stereo,[emim]__[Tf2N]__R1336mzz(E)__332.9__0.623,Anion,Sulfonimide_N,Anion:Sulfonimide_N,1,-0.0128883495926857,0.034795455634593964,0.034795455634593964,0.03133597290435728,0.03127918374535662
V7-B,42,Case4_R1336mzz_Stereo,[emim]__[Tf2N]__R1336mzz(E)__332.9__0.623,Refri,CF3,Refri:CF3,8,-0.04429667443037033,0.14811894297599792,0.01851486787199974,0.13339245309675837,0.13315071031597667
V7-B,42,Case4_R1336mzz_Stereo,[emim]__[Tf2N]__R1336mzz(E)__332.9__0.623,Refri,Alkene_C=C,Refri:Alkene_C=C,2,0.23487228155136108,0.3422061800956726,0.1711030900478363,0.30818287594200483,0.30762436619358985
V7-B,42,Case4_R1336mzz_Stereo,[emim]__[Tf2N]__R1336mzz(E)__342.9__0.453,Cation,Imidazolium_Ring,Cation:Imidazolium_Ring,5,-0.015700239688158035,0.06076701357960701,0.012153402715921403,0.09343586298425055,0.0932612586875342
V7-B,42,Case4_R1336mzz_Stereo,[emim]__[Tf2N]__R1336mzz(E)__342.9__0.453,Cation,Alkyl_Chain,Cation:Alkyl_Chain,3,0.01645229384303093,0.037470944225788116,0.012490314741929373,0.057615633948912504,0.05750796718238184
V7-B,42,Case4_R1336mzz_Stereo,[emim]__[Tf2N]__R1336mzz(E)__342.9__0.453,Anion,CF3,Anion:CF3,8,0.06535977125167847,0.14847338199615479,0.018559172749519348,0.2282939009143047,0.22786728639242146
V7-B,42,Case4_R1336mzz_Stereo,[emim]__[Tf2N]__R1336mzz(E)__342.9__0.453,Anion,Sulfonyl_SO2,Anion:Sulfonyl_SO2,6,-0.006719113327562809,0.10895216464996338,0.01815869410832723,0.1675257500475198,0.16721269342413464
V7-B,42,Case4_R1336mzz_Stereo,[emim]__[Tf2N]__R1336mzz(E)__342.9__0.453,Anion,Sulfonimide_N,Anion:Sulfonimide_N,1,-0.00811606366187334,0.022843392565846443,0.022843392565846443,0.03512418945982501,0.03505855262400536
V7-B,42,Case4_R1336mzz_Stereo,[emim]__[Tf2N]__R1336mzz(E)__342.9__0.453,Refri,CF3,Refri:CF3,8,-0.02060678042471409,0.0742606520652771,0.009282581508159637,0.11418379319237902,0.11397041708314223
V7-B,42,Case4_R1336mzz_Stereo,[emim]__[Tf2N]__R1336mzz(E)__342.9__0.453,Refri,Alkene_C=C,Refri:Alkene_C=C,2,0.13305407762527466,0.19759321212768555,0.09879660606384277,0.3038209582373849,0.3032532057380082
V7-B,42,Case4_R1336mzz_Stereo,[emim]__[Tf2N]__R1336mzz(E)__342.9__0.8,Cation,Imidazolium_Ring,Cation:Imidazolium_Ring,5,-0.022890722379088402,0.10151287913322449,0.020302575826644898,0.0918072135492528,0.09164644867586083
V7-B,42,Case4_R1336mzz_Stereo,[emim]__[Tf2N]__R1336mzz(E)__342.9__0.8,Cation,Alkyl_Chain,Cation:Alkyl_Chain,3,0.029807910323143005,0.06268833577632904,0.020896111925443012,0.05669469212976989,0.056595413275202004
V7-B,42,Case4_R1336mzz_Stereo,[emim]__[Tf2N]__R1336mzz(E)__342.9__0.8,Anion,CF3,Anion:CF3,8,0.09276345372200012,0.23853199183940887,0.02981649897992611,0.2157259029604437,0.21534814236695615
V7-B,42,Case4_R1336mzz_Stereo,[emim]__[Tf2N]__R1336mzz(E)__342.9__0.8,Anion,Sulfonyl_SO2,Anion:Sulfonyl_SO2,6,-0.015410617925226688,0.1607242077589035,0.02678736795981725,0.14535733584002647,0.14510279861152886
V7-B,42,Case4_R1336mzz_Stereo,[emim]__[Tf2N]__R1336mzz(E)__342.9__0.8,Anion,Sulfonimide_N,Anion:Sulfonimide_N,1,-0.012185165658593178,0.0320846326649189,0.0320846326649189,0.029017014864210128,0.02896620277068814
V7-B,42,Case4_R1336mzz_Stereo,[emim]__[Tf2N]__R1336mzz(E)__342.9__0.8,Refri,CF3,Refri:CF3,8,-0.04114345461130142,0.16329966485500336,0.02041245810687542,0.14768655299579514,0.14742793704312462
V7-B,42,Case4_R1336mzz_Stereo,[emim]__[Tf2N]__R1336mzz(E)__342.9__0.8,Refri,Alkene_C=C,Refri:Alkene_C=C,2,0.24300184845924377,0.3468760848045349,0.17343804240226746,0.31371119669440806,0.3131618527064091
V7-B,42,Case4_R1336mzz_Stereo,[emim]__[Tf2N]__R1336mzz(E)__352.8__0.511,Cation,Imidazolium_Ring,Cation:Imidazolium_Ring,5,-0.014418045990169048,0.057269129902124405,0.011453825980424881,0.09732684618743746,0.09715249896804394
V7-B,42,Case4_R1336mzz_Stereo,[emim]__[Tf2N]__R1336mzz(E)__352.8__0.511,Cation,Alkyl_Chain,Cation:Alkyl_Chain,3,0.01476352196186781,0.03461945056915283,0.011539816856384277,0.05883452300385907,0.058729129313506545
V7-B,42,Case4_R1336mzz_Stereo,[emim]__[Tf2N]__R1336mzz(E)__352.8__0.511,Anion,CF3,Anion:CF3,8,0.05767197161912918,0.13500440120697021,0.016875550150871277,0.229435170629517,0.22902417011324322
V7-B,42,Case4_R1336mzz_Stereo,[emim]__[Tf2N]__R1336mzz(E)__352.8__0.511,Anion,Sulfonyl_SO2,Anion:Sulfonyl_SO2,6,-0.007053792476654053,0.09601636230945587,0.016002727051575977,0.1631763873825334,0.16288408006420074
V7-B,42,Case4_R1336mzz_Stereo,[emim]__[Tf2N]__R1336mzz(E)__352.8__0.511,Anion,Sulfonimide_N,Anion:Sulfonimide_N,1,-0.007191641256213188,0.019982723519206047,0.019982723519206047,0.03395992678225955,0.03389909239753191
V7-B,42,Case4_R1336mzz_Stereo,[emim]__[Tf2N]__R1336mzz(E)__352.8__0.511,Refri,CF3,Refri:CF3,8,-0.018310360610485077,0.06986310333013535,0.008732887916266918,0.11872985539696321,0.11851716772692827
V7-B,42,Case4_R1336mzz_Stereo,[emim]__[Tf2N]__R1336mzz(E)__352.8__0.511,Refri,Alkene_C=C,Refri:Alkene_C=C,2,0.11983361840248108,0.175665482878685,0.0878327414393425,0.29853723047294783,0.29800244343260585
V7-B,42,Case4_R1336mzz_Stereo,[emim]__[Tf2N]__R1336mzz(Z)__293.1__0.05,Cation,Imidazolium_Ring,Cation:Imidazolium_Ring,5,-0.0243998933583498,0.08905023336410522,0.017810046672821045,0.1589898943462101,0.158729180353143
V7-B,42,Case4_R1336mzz_Stereo,[emim]__[Tf2N]__R1336mzz(Z)__293.1__0.05,Cation,Alkyl_Chain,Cation:Alkyl_Chain,3,0.04042952135205269,0.065716952085495,0.021905650695164997,0.11733075674386007,0.11713835602414095
V7-B,42,Case4_R1336mzz_Stereo,[emim]__[Tf2N]__R1336mzz(Z)__293.1__0.05,Anion,CF3,Anion:CF3,8,0.05199897289276123,0.1031840443611145,0.012898005545139313,0.18422433823515327,0.18392224442573893
V7-B,42,Case4_R1336mzz_Stereo,[emim]__[Tf2N]__R1336mzz(Z)__293.1__0.05,Anion,Sulfonyl_SO2,Anion:Sulfonyl_SO2,6,-0.0025150487199425697,0.08069828152656555,0.013449713587760925,0.1440783563291709,0.1438420944978917
V7-B,42,Case4_R1336mzz_Stereo,[emim]__[Tf2N]__R1336mzz(Z)__293.1__0.05,Anion,Sulfonimide_N,Anion:Sulfonimide_N,1,-0.0058443802408874035,0.01771283894777298,0.01771283894777298,0.0316244246251803,0.031572566423397196
V7-B,42,Case4_R1336mzz_Stereo,[emim]__[Tf2N]__R1336mzz(Z)__293.1__0.05,Refri,CF3,Refri:CF3,8,-0.012663217261433601,0.0463876873254776,0.0057984609156847,0.08282037259450385,0.08268456251591233
V7-B,42,Case4_R1336mzz_Stereo,[emim]__[Tf2N]__R1336mzz(Z)__293.1__0.05,Refri,Alkene_C=C,Refri:Alkene_C=C,2,0.1031021922826767,0.15734992921352386,0.07867496460676193,0.28093187042815526,0.28047119416932564
V7-B,42,Case4_R1336mzz_Stereo,[emim]__[Tf2N]__R1336mzz(Z)__293.1__0.06,Cation,Imidazolium_Ring,Cation:Imidazolium_Ring,5,-0.026382964104413986,0.09536051005125046,0.019072102010250093,0.15760596839987695,0.15734834808256504
V7-B,42,Case4_R1336mzz_Stereo,[emim]__[Tf2N]__R1336mzz(Z)__293.1__0.06,Cation,Alkyl_Chain,Cation:Alkyl_Chain,3,0.04212258756160736,0.06926906853914261,0.023089689513047535,0.11448364340125362,0.1142965101800978
V7-B,42,Case4_R1336mzz_Stereo,[emim]__[Tf2N]__R1336mzz(Z)__293.1__0.06,Anion,CF3,Anion:CF3,8,0.057735737413167953,0.11430758982896805,0.014288448728621006,0.18892053304631204,0.18861172641821125
V7-B,42,Case4_R1336mzz_Stereo,[emim]__[Tf2N]__R1336mzz(Z)__293.1__0.06,Anion,Sulfonyl_SO2,Anion:Sulfonyl_SO2,6,-0.002549516037106514,0.08993776142597198,0.014989626904328665,0.14864358399131214,0.14840061345115427
V7-B,42,Case4_R1336mzz_Stereo,[emim]__[Tf2N]__R1336mzz(Z)__293.1__0.06,Anion,Sulfonimide_N,Anion:Sulfonimide_N,1,-0.006487902253866196,0.019615167751908302,0.019615167751908302,0.03241873923707067,0.03236574805930057
V7-B,42,Case4_R1336mzz_Stereo,[emim]__[Tf2N]__R1336mzz(Z)__293.1__0.06,Refri,CF3,Refri:CF3,8,-0.013679882511496544,0.049735501408576965,0.006216937676072121,0.08219976863734726,0.08206540614654623
V7-B,42,Case4_R1336mzz_Stereo,[emim]__[Tf2N]__R1336mzz(Z)__293.1__0.06,Refri,Alkene_C=C,Refri:Alkene_C=C,2,0.10863876342773438,0.16683083772659302,0.08341541886329651,0.27572771710985233,0.275277016779816
V7-B,42,Case4_R1336mzz_Stereo,[emim]__[Tf2N]__R1336mzz(Z)__303__0.07,Cation,Imidazolium_Ring,Cation:Imidazolium_Ring,5,-0.0204429030418396,0.07593652606010437,0.015187305212020875,0.16417226029917156,0.1639155295364413
V7-B,42,Case4_R1336mzz_Stereo,[emim]__[Tf2N]__R1336mzz(Z)__303__0.07,Cation,Alkyl_Chain,Cation:Alkyl_Chain,3,0.03304091840982437,0.054844461381435394,0.01828148712714513,0.11857191337346909,0.11838649192831581
V7-B,42,Case4_R1336mzz_Stereo,[emim]__[Tf2N]__R1336mzz(Z)__303__0.07,Anion,CF3,Anion:CF3,8,0.043252281844615936,0.08655661344528198,0.010819576680660248,0.18713253832425944,0.18683990253299917
V7-B,42,Case4_R1336mzz_Stereo,[emim]__[Tf2N]__R1336mzz(Z)__303__0.07,Anion,Sulfonyl_SO2,Anion:Sulfonyl_SO2,6,-0.0021331626921892166,0.06688018143177032,0.011146696905295054,0.14459274244626047,0.14436662991673913
V7-B,42,Case4_R1336mzz_Stereo,[emim]__[Tf2N]__R1336mzz(Z)__303__0.07,Anion,Sulfonimide_N,Anion:Sulfonimide_N,1,-0.004871458280831575,0.014658846892416477,0.014658846892416477,0.031691942633808076,0.031642383124851126
V7-B,42,Case4_R1336mzz_Stereo,[emim]__[Tf2N]__R1336mzz(Z)__303__0.07,Refri,CF3,Refri:CF3,8,-0.009731883183121681,0.037832170724868774,0.004729021340608597,0.08179190308244814,0.08166399781011255
V7-B,42,Case4_R1336mzz_Stereo,[emim]__[Tf2N]__R1336mzz(Z)__303__0.07,Refri,Alkene_C=C,Refri:Alkene_C=C,2,0.0831560343503952,0.12583297491073608,0.06291648745536804,0.27204673406989005,0.2716213103996015
V7-B,42,Case4_R1336mzz_Stereo,[emim]__[Tf2N]__R1336mzz(Z)__303__0.09,Cation,Imidazolium_Ring,Cation:Imidazolium_Ring,5,-0.021367624402046204,0.07929645478725433,0.015859290957450867,0.15286036876568102,0.15261182770495443
V7-B,42,Case4_R1336mzz_Stereo,[emim]__[Tf2N]__R1336mzz(Z)__303__0.09,Cation,Alkyl_Chain,Cation:Alkyl_Chain,3,0.03499035909771919,0.057693611830472946,0.019231203943490982,0.11121640688087457,0.11103557620540533
V7-B,42,Case4_R1336mzz_Stereo,[emim]__[Tf2N]__R1336mzz(Z)__303__0.09,Anion,CF3,Anion:CF3,8,0.04853601008653641,0.09794044494628906,0.012242555618286133,0.1888005279899476,0.18849355055772452
V7-B,42,Case4_R1336mzz_Stereo,[emim]__[Tf2N]__R1336mzz(Z)__303__0.09,Anion,Sulfonyl_SO2,Anion:Sulfonyl_SO2,6,-0.002564983442425728,0.07556606829166412,0.012594344715277353,0.14566927482731631,0.14543242601965475
V7-B,42,Case4_R1336mzz_Stereo,[emim]__[Tf2N]__R1336mzz(Z)__303__0.09,Anion,Sulfonimide_N,Anion:Sulfonimide_N,1,-0.005531011614948511,0.0165218748152256,0.0165218748152256,0.03184934160967994,0.03179755664271281
V7-B,42,Case4_R1336mzz_Stereo,[emim]__[Tf2N]__R1336mzz(Z)__303__0.09,Refri,CF3,Refri:CF3,8,-0.01242388691753149,0.04533831775188446,0.0056672897189855576,0.08739901410929962,0.08725690897211731
V7-B,42,Case4_R1336mzz_Stereo,[emim]__[Tf2N]__R1336mzz(Z)__303__0.09,Refri,Alkene_C=C,Refri:Alkene_C=C,2,0.09671305119991302,0.14639416337013245,0.07319708168506622,0.28220512326736064,0.2817462760118835
V7-B,42,Case4_R1336mzz_Stereo,[emim]__[Tf2N]__R1336mzz(Z)__322.5__0.13,Cation,Imidazolium_Ring,Cation:Imidazolium_Ring,5,-0.012285483069717884,0.04923023656010628,0.009846047312021256,0.12753244993099522,0.1273262306720474
V7-B,42,Case4_R1336mzz_Stereo,[emim]__[Tf2N]__R1336mzz(Z)__322.5__0.13,Cation,Alkyl_Chain,Cation:Alkyl_Chain,3,0.019170332700014114,0.033921901136636734,0.011307300378878912,0.0878757337066705,0.08773363913627459
V7-B,42,Case4_R1336mzz_Stereo,[emim]__[Tf2N]__R1336mzz(Z)__322.5__0.13,Anion,CF3,Anion:CF3,8,0.03890445828437805,0.08074251562356949,0.010092814452946186,0.2091659831553579,0.20882776292931562
V7-B,42,Case4_R1336mzz_Stereo,[emim]__[Tf2N]__R1336mzz(Z)__322.5__0.13,Anion,Sulfonyl_SO2,Anion:Sulfonyl_SO2,6,-0.002427363069728017,0.06056065484881401,0.010093442474802336,0.15688424882673327,0.15663056787297494
V7-B,42,Case4_R1336mzz_Stereo,[emim]__[Tf2N]__R1336mzz(Z)__322.5__0.13,Anion,Sulfonimide_N,Anion:Sulfonimide_N,1,-0.00446623470634222,0.013152895495295525,0.013152895495295525,0.034072982447553114,0.03401788662531903
V7-B,42,Case4_R1336mzz_Stereo,[emim]__[Tf2N]__R1336mzz(Z)__322.5__0.13,Refri,CF3,Refri:CF3,8,-0.00975116342306137,0.03563139960169792,0.00445392495021224,0.09230424233543462,0.09215498689133038
V7-B,42,Case4_R1336mzz_Stereo,[emim]__[Tf2N]__R1336mzz(Z)__322.5__0.13,Refri,Alkene_C=C,Refri:Alkene_C=C,2,0.07477673888206482,0.11278167366981506,0.05639083683490753,0.29216441267489374,0.29169198445207406
V7-B,42,Case4_R1336mzz_Stereo,[emim]__[Tf2N]__R1336mzz(Z)__322.5__0.17,Cation,Imidazolium_Ring,Cation:Imidazolium_Ring,5,-0.011719263158738613,0.04602699354290962,0.009205398708581924,0.10564427385473743,0.10545978033122627
V7-B,42,Case4_R1336mzz_Stereo,[emim]__[Tf2N]__R1336mzz(Z)__322.5__0.17,Cation,Alkyl_Chain,Cation:Alkyl_Chain,3,0.01681997999548912,0.030978336930274963,0.010326112310091654,0.07110357766851025,0.07097940482790414
V7-B,42,Case4_R1336mzz_Stereo,[emim]__[Tf2N]__R1336mzz(Z)__322.5__0.17,Anion,CF3,Anion:CF3,8,0.044767603278160095,0.09364372491836548,0.011705465614795685,0.21493742168561625,0.2145620623706788
V7-B,42,Case4_R1336mzz_Stereo,[emim]__[Tf2N]__R1336mzz(Z)__322.5__0.17,Anion,Sulfonyl_SO2,Anion:Sulfonyl_SO2,6,-0.003143038135021925,0.07042461633682251,0.011737436056137085,0.16164335060177323,0.1613610622181579
V7-B,42,Case4_R1336mzz_Stereo,[emim]__[Tf2N]__R1336mzz(Z)__322.5__0.17,Anion,Sulfonimide_N,Anion:Sulfonimide_N,1,-0.005233801901340485,0.015330344438552856,0.015330344438552856,0.03518724516829581,0.03512579537450314
V7-B,42,Case4_R1336mzz_Stereo,[emim]__[Tf2N]__R1336mzz(Z)__322.5__0.17,Refri,CF3,Refri:CF3,8,-0.011110411956906319,0.04227585718035698,0.005284482147544622,0.09703441154029951,0.09686495398397689
V7-B,42,Case4_R1336mzz_Stereo,[emim]__[Tf2N]__R1336mzz(Z)__322.5__0.17,Refri,Alkene_C=C,Refri:Alkene_C=C,2,0.09050291776657104,0.13699910044670105,0.06849955022335052,0.3144496168743034,0.31390047288696676
V7-B,42,Case4_R1336mzz_Stereo,[emim]__[Tf2N]__R1336mzz(Z)__332.9__0.18,Cation,Imidazolium_Ring,Cation:Imidazolium_Ring,5,-0.009670843370258808,0.0368504635989666,0.0073700927197933195,0.1019558239332784,0.10178169716988236
V7-B,42,Case4_R1336mzz_Stereo,[emim]__[Tf2N]__R1336mzz(Z)__332.9__0.18,Cation,Alkyl_Chain,Cation:Alkyl_Chain,3,0.012427696958184242,0.02424641326069832,0.008082137753566107,0.06708363477659447,0.06696906499774462
V7-B,42,Case4_R1336mzz_Stereo,[emim]__[Tf2N]__R1336mzz(Z)__332.9__0.18,Anion,CF3,Anion:CF3,8,0.037658222019672394,0.07909727841615677,0.009887159802019596,0.21884197386394164,0.21846822135884625
V7-B,42,Case4_R1336mzz_Stereo,[emim]__[Tf2N]__R1336mzz(Z)__332.9__0.18,Anion,Sulfonyl_SO2,Anion:Sulfonyl_SO2,6,-0.0028552087023854256,0.05909552425146103,0.009849254041910172,0.1635022270383515,0.16322298733919646
V7-B,42,Case4_R1336mzz_Stereo,[emim]__[Tf2N]__R1336mzz(Z)__332.9__0.18,Anion,Sulfonimide_N,Anion:Sulfonimide_N,1,-0.00439052889123559,0.0129097830504179,0.0129097830504179,0.035718073509993516,0.03565707186933092
V7-B,42,Case4_R1336mzz_Stereo,[emim]__[Tf2N]__R1336mzz(Z)__332.9__0.18,Refri,CF3,Refri:CF3,8,-0.008746301755309105,0.034487441182136536,0.004310930147767067,0.09541794424463665,0.09525498329586245
V7-B,42,Case4_R1336mzz_Stereo,[emim]__[Tf2N]__R1336mzz(Z)__332.9__0.18,Refri,Alkene_C=C,Refri:Alkene_C=C,2,0.07610822468996048,0.11474867165088654,0.05737433582544327,0.3174802762520319,0.31693806286182846
V7-B,42,Case4_R1336mzz_Stereo,[emim]__[Tf2N]__R1336mzz(Z)__332.9__0.24,Cation,Imidazolium_Ring,Cation:Imidazolium_Ring,5,-0.010933907702565193,0.0391736663877964,0.007834733277559281,0.0903695429540776,0.09020267416382967
V7-B,42,Case4_R1336mzz_Stereo,[emim]__[Tf2N]__R1336mzz(Z)__332.9__0.24,Cation,Alkyl_Chain,Cation:Alkyl_Chain,3,0.012220995500683784,0.0251096673309803,0.008369889110326767,0.05792537103794097,0.057818410924236785
V7-B,42,Case4_R1336mzz_Stereo,[emim]__[Tf2N]__R1336mzz(Z)__332.9__0.24,Anion,CF3,Anion:CF3,8,0.044904306530952454,0.09504887461662292,0.011881109327077866,0.21926779261283283,0.21886291116608003
V7-B,42,Case4_R1336mzz_Stereo,[emim]__[Tf2N]__R1336mzz(Z)__332.9__0.24,Anion,Sulfonyl_SO2,Anion:Sulfonyl_SO2,6,-0.0036458559334278107,0.0718989148736,0.011983152478933334,0.1658632616028377,0.16555699246718095
V7-B,42,Case4_R1336mzz_Stereo,[emim]__[Tf2N]__R1336mzz(Z)__332.9__0.24,Anion,Sulfonimide_N,Anion:Sulfonimide_N,1,-0.0053813885897397995,0.01569288969039917,0.01569288969039917,0.03620185189997743,0.036135004607916285
V7-B,42,Case4_R1336mzz_Stereo,[emim]__[Tf2N]__R1336mzz(Z)__332.9__0.24,Refri,CF3,Refri:CF3,8,-0.01080594677478075,0.04379299283027649,0.005474124103784561,0.1010258449511931,0.10083929913077938
V7-B,42,Case4_R1336mzz_Stereo,[emim]__[Tf2N]__R1336mzz(Z)__332.9__0.24,Refri,Alkene_C=C,Refri:Alkene_C=C,2,0.09467053413391113,0.1427660882472992,0.0713830441236496,0.3293464036919748,0.3287382603489846
V7-B,42,Case4_R1336mzz_Stereo,[emim]__[Tf2N]__R1336mzz(Z)__342.9__0.24,Cation,Imidazolium_Ring,Cation:Imidazolium_Ring,5,-0.00879981741309166,0.031800638884305954,0.006360127776861191,0.09008038076382725,0.08991740815722951
V7-B,42,Case4_R1336mzz_Stereo,[emim]__[Tf2N]__R1336mzz(Z)__342.9__0.24,Cation,Alkyl_Chain,Cation:Alkyl_Chain,3,0.008556307293474674,0.01955270953476429,0.00651756984492143,0.05538616775165847,0.05528596360008397
V7-B,42,Case4_R1336mzz_Stereo,[emim]__[Tf2N]__R1336mzz(Z)__342.9__0.24,Anion,CF3,Anion:CF3,8,0.037542276084423065,0.07938790321350098,0.009923487901687622,0.22487889553197915,0.22447204667695764
V7-B,42,Case4_R1336mzz_Stereo,[emim]__[Tf2N]__R1336mzz(Z)__342.9__0.24,Anion,Sulfonyl_SO2,Anion:Sulfonyl_SO2,6,-0.003171689808368683,0.05914729833602905,0.009857883056004843,0.16754415452611013,0.16724103516369399
V7-B,42,Case4_R1336mzz_Stereo,[emim]__[Tf2N]__R1336mzz(Z)__342.9__0.24,Anion,Sulfonimide_N,Anion:Sulfonimide_N,1,-0.004421353340148926,0.012939092703163624,0.012939092703163624,0.03665204342843115,0.036585732884403525
V7-B,42,Case4_R1336mzz_Stereo,[emim]__[Tf2N]__R1336mzz(Z)__342.9__0.24,Refri,CF3,Refri:CF3,8,-0.007501260377466679,0.03434424102306366,0.0042930301278829575,0.09728553944018509,0.09710953132596095
V7-B,42,Case4_R1336mzz_Stereo,[emim]__[Tf2N]__R1336mzz(Z)__342.9__0.24,Refri,Alkene_C=C,Refri:Alkene_C=C,2,0.07718078792095184,0.1158532202243805,0.05792661011219025,0.3281727209473796,0.3275789938417262
V7-B,42,Case4_R1336mzz_Stereo,[emim]__[Tf2N]__R1336mzz(Z)__342.9__0.31,Cation,Imidazolium_Ring,Cation:Imidazolium_Ring,5,-0.010480325669050217,0.03669336065649986,0.007338672131299973,0.08577563763339821,0.08561248191378024
V7-B,42,Case4_R1336mzz_Stereo,[emim]__[Tf2N]__R1336mzz(Z)__342.9__0.31,Cation,Alkyl_Chain,Cation:Alkyl_Chain,3,0.010214367881417274,0.022897956892848015,0.007632652297616005,0.053527036440533436,0.05342522149178542
V7-B,42,Case4_R1336mzz_Stereo,[emim]__[Tf2N]__R1336mzz(Z)__342.9__0.31,Anion,CF3,Anion:CF3,8,0.043851837515830994,0.09468267858028412,0.011835334822535515,0.2213334233429864,0.22091242018920773
V7-B,42,Case4_R1336mzz_Stereo,[emim]__[Tf2N]__R1336mzz(Z)__342.9__0.31,Anion,Sulfonyl_SO2,Anion:Sulfonyl_SO2,6,-0.003938024863600731,0.07102333754301071,0.01183722292383512,0.166026549642971,0.16571074690538642
V7-B,42,Case4_R1336mzz_Stereo,[emim]__[Tf2N]__R1336mzz(Z)__342.9__0.31,Anion,Sulfonimide_N,Anion:Sulfonimide_N,1,-0.005300161894410849,0.015326647087931633,0.015326647087931633,0.03582808724053255,0.03575993785082764
V7-B,42,Case4_R1336mzz_Stereo,[emim]__[Tf2N]__R1336mzz(Z)__342.9__0.31,Refri,CF3,Refri:CF3,8,-0.011000595986843109,0.046199068427085876,0.0057748835533857346,0.1079965007702374,0.10779107826000554
V7-B,42,Case4_R1336mzz_Stereo,[emim]__[Tf2N]__R1336mzz(Z)__342.9__0.31,Refri,Alkene_C=C,Refri:Alkene_C=C,2,0.09454527497291565,0.1409599483013153,0.07047997415065765,0.32951273009588394,0.32888595671260873
V7-B,42,Case4_R1336mzz_Stereo,[emim]__[Tf2N]__R1336mzz(Z)__352.8__0.31,Cation,Imidazolium_Ring,Cation:Imidazolium_Ring,5,-0.008773921057581902,0.031212912872433662,0.0062425825744867325,0.08649673766073224,0.08633815995754983
V7-B,42,Case4_R1336mzz_Stereo,[emim]__[Tf2N]__R1336mzz(Z)__352.8__0.31,Cation,Alkyl_Chain,Cation:Alkyl_Chain,3,0.0074115633033216,0.018643420189619064,0.006214473396539688,0.05166435544900637,0.051569637254481646
V7-B,42,Case4_R1336mzz_Stereo,[emim]__[Tf2N]__R1336mzz(Z)__352.8__0.31,Anion,CF3,Anion:CF3,8,0.037509627640247345,0.08155577629804611,0.010194472037255764,0.22600609613079783,0.22559175070461285
V7-B,42,Case4_R1336mzz_Stereo,[emim]__[Tf2N]__R1336mzz(Z)__352.8__0.31,Anion,Sulfonyl_SO2,Anion:Sulfonyl_SO2,6,-0.003615990746766329,0.059734150767326355,0.009955691794554392,0.16553434757674382,0.16523086726816294
V7-B,42,Case4_R1336mzz_Stereo,[emim]__[Tf2N]__R1336mzz(Z)__352.8__0.31,Anion,Sulfonimide_N,Anion:Sulfonimide_N,1,-0.004471337888389826,0.012890114448964596,0.012890114448964596,0.03572088425279906,0.03565539582012925
V7-B,42,Case4_R1336mzz_Stereo,[emim]__[Tf2N]__R1336mzz(Z)__352.8__0.31,Refri,CF3,Refri:CF3,8,-0.008431170135736465,0.03920084238052368,0.00490010529756546,0.10863276341191722,0.10843360290508065
V7-B,42,Case4_R1336mzz_Stereo,[emim]__[Tf2N]__R1336mzz(Z)__352.8__0.31,Refri,Alkene_C=C,Refri:Alkene_C=C,2,0.07955537736415863,0.11761932075023651,0.058809660375118256,0.32594482842233646,0.3253472615816293
V7-B,42,Case4_R1336mzz_Stereo,[emim]__[Tf2N]__R1336mzz(Z)__352.8__0.41,Cation,Imidazolium_Ring,Cation:Imidazolium_Ring,5,-0.010298505425453186,0.03926319628953934,0.007852639257907867,0.08698036341030586,0.08681919951775079
V7-B,42,Case4_R1336mzz_Stereo,[emim]__[Tf2N]__R1336mzz(Z)__352.8__0.41,Cation,Alkyl_Chain,Cation:Alkyl_Chain,3,0.009991818107664585,0.02389715611934662,0.007965718706448873,0.05293973797765844,0.05284164716832165
V7-B,42,Case4_R1336mzz_Stereo,[emim]__[Tf2N]__R1336mzz(Z)__352.8__0.41,Anion,CF3,Anion:CF3,8,0.044406961649656296,0.10140669345855713,0.012675836682319641,0.22464780972538273,0.22423156502313277
V7-B,42,Case4_R1336mzz_Stereo,[emim]__[Tf2N]__R1336mzz(Z)__352.8__0.41,Anion,Sulfonyl_SO2,Anion:Sulfonyl_SO2,6,-0.005041467025876045,0.07305528968572617,0.012175881614287695,0.16184050832363311,0.16154063780950925
V7-B,42,Case4_R1336mzz_Stereo,[emim]__[Tf2N]__R1336mzz(Z)__352.8__0.41,Anion,Sulfonimide_N,Anion:Sulfonimide_N,1,-0.005478188395500183,0.015471416525542736,0.015471416525542736,0.03427406729549546,0.034210561673278406
V7-B,42,Case4_R1336mzz_Stereo,[emim]__[Tf2N]__R1336mzz(Z)__352.8__0.41,Refri,CF3,Refri:CF3,8,-0.013137607835233212,0.054098062217235565,0.006762257777154446,0.11984427036323932,0.11962221370177134
V7-B,42,Case4_R1336mzz_Stereo,[emim]__[Tf2N]__R1336mzz(Z)__352.8__0.41,Refri,Alkene_C=C,Refri:Alkene_C=C,2,0.09830960631370544,0.14421117305755615,0.07210558652877808,0.31947323258841887,0.3188812880653979
V7-B,43,Case1_R1234yf,[emim]__[Ac]__R1234yf__313.15__0.311,Cation,Imidazolium_Ring,Cation:Imidazolium_Ring,5,-0.01074240729212761,0.031041106209158897,0.006208221241831779,0.07229075802920873,0.07223034378027864
V7-B,43,Case1_R1234yf,[emim]__[Ac]__R1234yf__313.15__0.311,Cation,Alkyl_Chain,Cation:Alkyl_Chain,3,0.006121029611676931,0.020347589626908302,0.006782529875636101,0.04738692842597387,0.047347326604551515
V7-B,43,Case1_R1234yf,[emim]__[Ac]__R1234yf__313.15__0.311,Anion,Carboxylate_COO,Anion:Carboxylate_COO,3,-0.008004138246178627,0.13024640083312988,0.043415466944376625,0.3033271747262983,0.30307368058761774
V7-B,43,Case1_R1234yf,[emim]__[Ac]__R1234yf__313.15__0.311,Anion,Alkyl_Chain,Anion:Alkyl_Chain,1,0.061799176037311554,0.07121477276086807,0.07121477276086807,0.16585007863675924,0.1657114757474136
V7-B,43,Case1_R1234yf,[emim]__[Ac]__R1234yf__313.15__0.311,Refri,CF3,Refri:CF3,4,-0.004211911465972662,0.03978070989251137,0.009945177473127842,0.09264417491091767,0.09256675106867868
V7-B,43,Case1_R1234yf,[emim]__[Ac]__R1234yf__313.15__0.311,Refri,Halogenated_Alkene,Refri:Halogenated_Alkene,2,0.056585874408483505,0.09925580024719238,0.04962790012359619,0.2311540378206027,0.2309608596334761
V7-B,43,Case1_R1234yf,[emim]__[Ac]__R1234yf__313.15__0.311,Refri,Unclassified,Refri:Unclassified,3,-0.018200285732746124,0.03750606253743172,0.012502020845810572,0.08734681274734488,0.08727381597386472
V7-B,43,Case1_R1234yf,[emim]__[BF4]__R1234yf__313.15__0.3919,Cation,Imidazolium_Ring,Cation:Imidazolium_Ring,5,-0.014168178662657738,0.04124489054083824,0.008248978108167649,0.07826909836549535,0.07821403072905103
V7-B,43,Case1_R1234yf,[emim]__[BF4]__R1234yf__313.15__0.3919,Cation,Alkyl_Chain,Cation:Alkyl_Chain,3,0.004493838641792536,0.02507777139544487,0.008359257131814957,0.047589277857193434,0.04755579556205507
V7-B,43,Case1_R1234yf,[emim]__[BF4]__R1234yf__313.15__0.3919,Anion,BF4_Core,Anion:BF4_Core,5,-0.04263341426849365,0.29082757234573364,0.05816551446914673,0.5518941029747202,0.5515058079201834
V7-B,43,Case1_R1234yf,[emim]__[BF4]__R1234yf__313.15__0.3919,Refri,CF3,Refri:CF3,4,-0.005165194161236286,0.03340217471122742,0.008350543677806854,0.06338622951383367,0.06334163298831674
V7-B,43,Case1_R1234yf,[emim]__[BF4]__R1234yf__313.15__0.3919,Refri,Halogenated_Alkene,Refri:Halogenated_Alkene,2,0.0533079132437706,0.09802143275737762,0.04901071637868881,0.18601211111998395,0.18588123894279898
V7-B,43,Case1_R1234yf,[emim]__[BF4]__R1234yf__313.15__0.3919,Refri,Unclassified,Refri:Unclassified,3,-0.01756499521434307,0.038388773798942566,0.012796257932980856,0.07284913775259401,0.07279788342723678
V7-B,43,Case1_R1234yf,[bmim]__[Ac]__R1234yf__313.15__0.561,Cation,Imidazolium_Ring,Cation:Imidazolium_Ring,5,-0.013086999766528606,0.04306488856673241,0.008612977713346482,0.042583066747969356,0.042554415855015584
V7-B,43,Case1_R1234yf,[bmim]__[Ac]__R1234yf__313.15__0.561,Cation,Alkyl_Chain,Cation:Alkyl_Chain,5,0.07408087700605392,0.11066383868455887,0.022132767736911772,0.10942570121803157,0.10935207702204434
V7-B,43,Case1_R1234yf,[bmim]__[Ac]__R1234yf__313.15__0.561,Anion,Carboxylate_COO,Anion:Carboxylate_COO,3,-0.049885813146829605,0.3164959251880646,0.10549864172935486,0.3129548817213224,0.31274431828612814
V7-B,43,Case1_R1234yf,[bmim]__[Ac]__R1234yf__313.15__0.561,Anion,Alkyl_Chain,Anion:Alkyl_Chain,1,0.11673464626073837,0.13671861588954926,0.13671861588954926,0.13518897040899513,0.13509801207706842
V7-B,43,Case1_R1234yf,[bmim]__[Ac]__R1234yf__313.15__0.561,Refri,CF3,Refri:CF3,4,-0.020208539441227913,0.10615035891532898,0.026537589728832245,0.10496271950194283,0.10489209810545239
V7-B,43,Case1_R1234yf,[bmim]__[Ac]__R1234yf__313.15__0.561,Refri,Halogenated_Alkene,Refri:Halogenated_Alkene,2,0.12133730947971344,0.21290422976016998,0.10645211488008499,0.21052219867592759,0.21038055436894623
V7-B,43,Case1_R1234yf,[bmim]__[Ac]__R1234yf__313.15__0.561,Refri,Unclassified,Refri:Unclassified,3,-0.04453890770673752,0.08531701564788818,0.028439005215962727,0.08436246540942184,0.0843057043503824
V7-B,43,Case1_R1234yf,[bmim]__[PF6]__R1234yf__313.15__0.23,Cation,Imidazolium_Ring,Cation:Imidazolium_Ring,5,-0.006486205849796534,0.018429510295391083,0.0036859020590782167,0.04682048405333911,0.046765611780215204
V7-B,43,Case1_R1234yf,[bmim]__[PF6]__R1234yf__313.15__0.23,Cation,Alkyl_Chain,Cation:Alkyl_Chain,5,0.03147340193390846,0.04842299968004227,0.009684599936008453,0.1230194534740975,0.12287527818016215
V7-B,43,Case1_R1234yf,[bmim]__[PF6]__R1234yf__313.15__0.23,Anion,PF6_Core,Anion:PF6_Core,7,-0.02036328986287117,0.1465298980474472,0.020932842578206743,0.37226169577515206,0.3718254156755941
V7-B,43,Case1_R1234yf,[bmim]__[PF6]__R1234yf__313.15__0.23,Refri,CF3,Refri:CF3,4,0.0018236893229186535,0.02736579068005085,0.0068414476700127125,0.06952325621276893,0.06944177693760756
V7-B,43,Case1_R1234yf,[bmim]__[PF6]__R1234yf__313.15__0.23,Refri,Halogenated_Alkene,Refri:Halogenated_Alkene,2,0.06518227607011795,0.11193715035915375,0.055968575179576874,0.28437823248497585,0.28404494930008534
V7-B,43,Case1_R1234yf,[bmim]__[PF6]__R1234yf__313.15__0.23,Refri,Unclassified,Refri:Unclassified,3,-0.01581898331642151,0.04093530401587486,0.013645101338624954,0.1039968354109317,0.10387495408330188
V7-B,43,Case2_R134_vs_R134a,[emim]__[BEI]__R134__283.149__0.01,Cation,Imidazolium_Ring,Cation:Imidazolium_Ring,5,-0.011851293034851551,0.02992280386388302,0.005984560772776604,0.06307338430166441,0.06301764404997155
V7-B,43,Case2_R134_vs_R134a,[emim]__[BEI]__R134__283.149__0.01,Cation,Alkyl_Chain,Cation:Alkyl_Chain,3,0.01630587689578533,0.029106270521879196,0.009702090173959732,0.06135223806451341,0.061298018852566895
V7-B,43,Case2_R134_vs_R134a,[emim]__[BEI]__R134__283.149__0.01,Anion,CF3,Anion:CF3,8,0.030291389673948288,0.05091295763850212,0.006364119704812765,0.10731790234883715,0.10722306160175651
V7-B,43,Case2_R134_vs_R134a,[emim]__[BEI]__R134__283.149__0.01,Anion,Sulfonyl_SO2,Anion:Sulfonyl_SO2,6,0.0014259249437600374,0.03650788962841034,0.006084648271401723,0.07695388985103818,0.07688588288999537
V7-B,43,Case2_R134_vs_R134a,[emim]__[BEI]__R134__283.149__0.01,Anion,Sulfonimide_N,Anion:Sulfonimide_N,1,-0.0032960691023617983,0.014476360753178596,0.014476360753178596,0.0305142883410351,0.030487321750749998
V7-B,43,Case2_R134_vs_R134a,[emim]__[BEI]__R134__283.149__0.01,Anion,Alkyl_Chain,Anion:Alkyl_Chain,2,0.018729429692029953,0.02141723223030567,0.010708616115152836,0.04514474396467086,0.0451048479067843
V7-B,43,Case2_R134_vs_R134a,[emim]__[BEI]__R134__283.149__0.01,Anion,Unclassified,Anion:Unclassified,4,0.0011577369878068566,0.0129100251942873,0.003227506298571825,0.02721265641173057,0.027188607594080857
V7-B,43,Case2_R134_vs_R134a,[emim]__[BEI]__R134__283.149__0.01,Refri,CHF2,Refri:CHF2,6,0.12863294780254364,0.2791590094566345,0.04652650157610575,0.5884309359786509,0.5879109180845985
V7-B,43,Case2_R134_vs_R134a,[emim]__[BEI]__R134a__283.1__0.0103,Cation,Imidazolium_Ring,Cation:Imidazolium_Ring,5,-0.007367350161075592,0.02014591358602047,0.004029182717204094,0.11370120219878885,0.11356690959253225
V7-B,43,Case2_R134_vs_R134a,[emim]__[BEI]__R134a__283.1__0.0103,Cation,Alkyl_Chain,Cation:Alkyl_Chain,3,0.012658420950174332,0.02118474617600441,0.007061582058668137,0.11956425297879508,0.11942303551726312
V7-B,43,Case2_R134_vs_R134a,[emim]__[BEI]__R134a__283.1__0.0103,Anion,CF3,Anion:CF3,8,0.017900977283716202,0.0285657811909914,0.003570722648873925,0.16122195944576473,0.16103154002450026
V7-B,43,Case2_R134_vs_R134a,[emim]__[BEI]__R134a__283.1__0.0103,Anion,Sulfonyl_SO2,Anion:Sulfonyl_SO2,6,0.001392278354614973,0.020559344440698624,0.003426557406783104,0.11603455804300324,0.11589750950777154
V7-B,43,Case2_R134_vs_R134a,[emim]__[BEI]__R134a__283.1__0.0103,Anion,Sulfonimide_N,Anion:Sulfonimide_N,1,-0.0018195711309090257,0.008207177743315697,0.008207177743315697,0.04632036030977888,0.04626565128482179
V7-B,43,Case2_R134_vs_R134a,[emim]__[BEI]__R134a__283.1__0.0103,Anion,Alkyl_Chain,Anion:Alkyl_Chain,2,0.010570831596851349,0.011879347264766693,0.0059396736323833466,0.06704565963581487,0.06696647193861757
V7-B,43,Case2_R134_vs_R134a,[emim]__[BEI]__R134a__283.1__0.0103,Anion,Unclassified,Anion:Unclassified,4,0.0010911920107901096,0.0070038484409451485,0.0017509621102362871,0.03952890914344892,0.03948222150841343
V7-B,43,Case2_R134_vs_R134a,[emim]__[BEI]__R134a__283.1__0.0103,Refri,CF3,Refri:CF3,4,0.013146639801561832,0.026978375390172005,0.006744593847543001,0.15226282502081906,0.15208298724239094
V7-B,43,Case2_R134_vs_R134a,[emim]__[BEI]__R134a__283.1__0.0103,Refri,CH2F,Refri:CH2F,2,0.01718618907034397,0.0326584093272686,0.0163292046636343,0.18432027848006308,0.18410257761055288
V7-B,43,Case2_R134_vs_R134a,[emim]__[BEI]__R134__283.123__0.05,Cation,Imidazolium_Ring,Cation:Imidazolium_Ring,5,-0.01370623242110014,0.03576250374317169,0.0071525007486343386,0.04950163014283726,0.04945934412568626
V7-B,43,Case2_R134_vs_R134a,[emim]__[BEI]__R134__283.123__0.05,Cation,Alkyl_Chain,Cation:Alkyl_Chain,3,0.020189201459288597,0.0355323851108551,0.011844128370285034,0.04918310525689198,0.049141091334796265
V7-B,43,Case2_R134_vs_R134a,[emim]__[BEI]__R134__283.123__0.05,Anion,CF3,Anion:CF3,8,0.04265396296977997,0.07519873976707458,0.009399842470884323,0.10408835549910125,0.10399943959929848
V7-B,43,Case2_R134_vs_R134a,[emim]__[BEI]__R134__283.123__0.05,Anion,Sulfonyl_SO2,Anion:Sulfonyl_SO2,6,0.0012497762218117714,0.05338359251618385,0.008897265419363976,0.07389233347334155,0.07382921206761078
V7-B,43,Case2_R134_vs_R134a,[emim]__[BEI]__R134__283.123__0.05,Anion,Sulfonimide_N,Anion:Sulfonimide_N,1,-0.0046791150234639645,0.019932154566049576,0.019932154566049576,0.02758962712354393,0.027566059102806646
V7-B,43,Case2_R134_vs_R134a,[emim]__[BEI]__R134__283.123__0.05,Anion,Alkyl_Chain,Anion:Alkyl_Chain,2,0.027696285396814346,0.03196417912840843,0.015982089564204216,0.044244077103689494,0.04420628227152259
V7-B,43,Case2_R134_vs_R134a,[emim]__[BEI]__R134__283.123__0.05,Anion,Unclassified,Anion:Unclassified,4,0.0009562636259943247,0.019971830770373344,0.004992957692593336,0.02764454600746804,0.027620931073106682
V7-B,43,Case2_R134_vs_R134a,[emim]__[BEI]__R134__283.123__0.05,Refri,CHF2,Refri:CHF2,6,0.19080433249473572,0.4507056474685669,0.07511760791142781,0.6238563279713568,0.6233234081602671
V7-B,43,Case2_R134_vs_R134a,[emim]__[BEI]__R134a__283.15__0.0504,Cation,Imidazolium_Ring,Cation:Imidazolium_Ring,5,-0.00953958835452795,0.025890063494443893,0.0051780126988887785,0.08589444578308846,0.08579277233658188
V7-B,43,Case2_R134_vs_R134a,[emim]__[BEI]__R134a__283.15__0.0504,Cation,Alkyl_Chain,Cation:Alkyl_Chain,3,0.016555648297071457,0.027645638212561607,0.009215212737520536,0.09171884700465686,0.09161027920147058
V7-B,43,Case2_R134_vs_R134a,[emim]__[BEI]__R134a__283.15__0.0504,Anion,CF3,Anion:CF3,8,0.028119007125496864,0.04655376821756363,0.005819221027195454,0.15444960654577475,0.1542667842030036
V7-B,43,Case2_R134_vs_R134a,[emim]__[BEI]__R134a__283.15__0.0504,Anion,Sulfonyl_SO2,Anion:Sulfonyl_SO2,6,0.001698114676401019,0.03359926491975784,0.0055998774866263075,0.1114709602632342,0.11133901183965415
V7-B,43,Case2_R134_vs_R134a,[emim]__[BEI]__R134a__283.15__0.0504,Anion,Sulfonimide_N,Anion:Sulfonimide_N,1,-0.0029645718168467283,0.012765109539031982,0.012765109539031982,0.042350302055105836,0.04230017190837422
V7-B,43,Case2_R134_vs_R134a,[emim]__[BEI]__R134a__283.15__0.0504,Anion,Alkyl_Chain,Anion:Alkyl_Chain,2,0.01739361137151718,0.019677497446537018,0.009838748723268509,0.06528325965408142,0.06520598371443596
V7-B,43,Case2_R134_vs_R134a,[emim]__[BEI]__R134a__283.15__0.0504,Anion,Unclassified,Anion:Unclassified,4,0.0013192181941121817,0.011811070144176483,0.002952767536044121,0.039185123063021396,0.039138739545702204
V7-B,43,Case2_R134_vs_R134a,[emim]__[BEI]__R134a__283.15__0.0504,Refri,CF3,Refri:CF3,4,0.015987884253263474,0.052191268652677536,0.013047817163169384,0.1731529201000249,0.17294795860340254
V7-B,43,Case2_R134_vs_R134a,[emim]__[BEI]__R134a__283.15__0.0504,Refri,CH2F,Refri:CH2F,2,0.0364135205745697,0.07128352671861649,0.03564176335930824,0.23649455406988593,0.23621461494025878
V7-B,43,Case2_R134_vs_R134a,[emim]__[BEI]__R134__283.132__0.1,Cation,Imidazolium_Ring,Cation:Imidazolium_Ring,5,-0.015056820586323738,0.041225459426641464,0.008245091885328293,0.03744340505729912,0.03741343711414217
V7-B,43,Case2_R134_vs_R134a,[emim]__[BEI]__R134__283.132__0.1,Cation,Alkyl_Chain,Cation:Alkyl_Chain,3,0.02624746598303318,0.044205449521541595,0.014735149840513865,0.04015000864018065,0.04011787445861146
V7-B,43,Case2_R134_vs_R134a,[emim]__[BEI]__R134__283.132__0.1,Anion,CF3,Anion:CF3,8,0.05701257288455963,0.1091831848025322,0.013647898100316525,0.09916663806456488,0.09908726974408129
V7-B,43,Case2_R134_vs_R134a,[emim]__[BEI]__R134__283.132__0.1,Anion,Sulfonyl_SO2,Anion:Sulfonyl_SO2,6,-0.0007845987565815449,0.0766158178448677,0.012769302974144617,0.069587025621059,0.06953133143338877
V7-B,43,Case2_R134_vs_R134a,[emim]__[BEI]__R134__283.132__0.1,Anion,Sulfonimide_N,Anion:Sulfonimide_N,1,-0.006631525233387947,0.026722004637122154,0.026722004637122154,0.024270508018260882,0.02425108304332688
V7-B,43,Case2_R134_vs_R134a,[emim]__[BEI]__R134__283.132__0.1,Anion,Alkyl_Chain,Anion:Alkyl_Chain,2,0.03954588994383812,0.04699648171663284,0.02349824085831642,0.0426849894617947,0.0426508264006124
V7-B,43,Case2_R134_vs_R134a,[emim]__[BEI]__R134__283.132__0.1,Anion,Unclassified,Anion:Unclassified,4,-0.00046842818846926093,0.03081565350294113,0.007703913375735283,0.027988602486509733,0.027966201723355986
V7-B,43,Case2_R134_vs_R134a,[emim]__[BEI]__R134__283.132__0.1,Refri,CHF2,Refri:CHF2,6,0.27063465118408203,0.725243091583252,0.12087384859720866,0.6587087499044492,0.6581815503523807
V7-B,43,Case2_R134_vs_R134a,[emim]__[BEI]__R134a__283.1__0.1003,Cation,Imidazolium_Ring,Cation:Imidazolium_Ring,5,-0.01192287914454937,0.03328974172472954,0.006657948344945907,0.06475738381458428,0.06468220729076408
V7-B,43,Case2_R134_vs_R134a,[emim]__[BEI]__R134a__283.1__0.1003,Cation,Alkyl_Chain,Cation:Alkyl_Chain,3,0.020886022597551346,0.03522414714097977,0.01174138238032659,0.0685203158021302,0.06844077090933752
V7-B,43,Case2_R134_vs_R134a,[emim]__[BEI]__R134a__283.1__0.1003,Anion,CF3,Anion:CF3,8,0.044159501791000366,0.0765034407377243,0.009562930092215538,0.1488194986898585,0.14864673487623378
V7-B,43,Case2_R134_vs_R134a,[emim]__[BEI]__R134a__283.1__0.1003,Anion,Sulfonyl_SO2,Anion:Sulfonyl_SO2,6,0.0017336555756628513,0.05542423576116562,0.009237372626860937,0.1078148499166516,0.10768968819523098
V7-B,43,Case2_R134_vs_R134a,[emim]__[BEI]__R134a__283.1__0.1003,Anion,Sulfonimide_N,Anion:Sulfonimide_N,1,-0.004847673699259758,0.019917631521821022,0.019917631521821022,0.03874508008507253,0.03870010111488636
V7-B,43,Case2_R134_vs_R134a,[emim]__[BEI]__R134a__283.1__0.1003,Anion,Alkyl_Chain,Anion:Alkyl_Chain,2,0.02861734852194786,0.032693371176719666,0.016346685588359833,0.06359728480292687,0.06352345503226202
V7-B,43,Case2_R134_vs_R134a,[emim]__[BEI]__R134a__283.1__0.1003,Anion,Unclassified,Anion:Unclassified,4,0.0013661604607477784,0.02029748074710369,0.005074370186775923,0.03948398765235562,0.03943815088806072
V7-B,43,Case2_R134_vs_R134a,[emim]__[BEI]__R134a__283.1__0.1003,Refri,CF3,Refri:CF3,4,0.01765725389122963,0.09465435147285461,0.023663587868213654,0.18412783790073117,0.18391408481225655
V7-B,43,Case2_R134_vs_R134a,[emim]__[BEI]__R134a__283.1__0.1003,Refri,CH2F,Refri:CH2F,2,0.07394393533468246,0.14606423676013947,0.07303211838006973,0.2841337106089401,0.2838038612017301
V7-B,43,Case2_R134_vs_R134a,[emim]__[BEI]__R134__283.149__0.15,Cation,Imidazolium_Ring,Cation:Imidazolium_Ring,5,-0.01450247224420309,0.04226994886994362,0.008453989773988724,0.028124231133655798,0.02810321671561328
V7-B,43,Case2_R134_vs_R134a,[emim]__[BEI]__R134__283.149__0.15,Cation,Alkyl_Chain,Cation:Alkyl_Chain,3,0.03135579824447632,0.05017951875925064,0.016726506253083546,0.03338684861207083,0.033361901967644464
V7-B,43,Case2_R134_vs_R134a,[emim]__[BEI]__R134__283.149__0.15,Anion,CF3,Anion:CF3,8,0.07270297408103943,0.14811904728412628,0.018514880910515785,0.09855073006908079,0.09847709298971584
V7-B,43,Case2_R134_vs_R134a,[emim]__[BEI]__R134__283.149__0.15,Anion,Sulfonyl_SO2,Anion:Sulfonyl_SO2,6,-0.003138940315693617,0.10369155555963516,0.01728192592660586,0.06899098184717962,0.06893943180384474
V7-B,43,Case2_R134_vs_R134a,[emim]__[BEI]__R134__283.149__0.15,Anion,Sulfonimide_N,Anion:Sulfonimide_N,1,-0.008752787485718727,0.03376665711402893,0.03376665711402893,0.022466581925797327,0.02244979490174211
V7-B,43,Case2_R134_vs_R134a,[emim]__[BEI]__R134__283.149__0.15,Anion,Alkyl_Chain,Anion:Alkyl_Chain,2,0.05299519747495651,0.06424052268266678,0.03212026134133339,0.04274231117792664,0.042710374134352795
V7-B,43,Case2_R134_vs_R134a,[emim]__[BEI]__R134__283.149__0.15,Anion,Unclassified,Anion:Unclassified,4,-0.0020892347674816847,0.043460309505462646,0.010865077376365662,0.028916235348014983,0.02889462914463359
V7-B,43,Case2_R134_vs_R134a,[emim]__[BEI]__R134__283.149__0.15,Refri,CHF2,Refri:CHF2,6,0.3397257328033447,1.0172450542449951,0.16954084237416586,0.6768220873221187,0.676316366038013
V7-B,43,Case2_R134_vs_R134a,[emim]__[BEI]__R134a__283.15__0.1502,Cation,Imidazolium_Ring,Cation:Imidazolium_Ring,5,-0.01303989440202713,0.03661244735121727,0.007322489470243454,0.048138886644471884,0.04808080769817352
V7-B,43,Case2_R134_vs_R134a,[emim]__[BEI]__R134a__283.15__0.1502,Cation,Alkyl_Chain,Cation:Alkyl_Chain,3,0.023701144382357597,0.039754558354616165,0.013251519451538721,0.052270206355661264,0.05220714302537788
V7-B,43,Case2_R134_vs_R134a,[emim]__[BEI]__R134a__283.15__0.1502,Anion,CF3,Anion:CF3,8,0.060210932046175,0.10826462507247925,0.013533078134059906,0.142348815526451,0.14217707351518152
V7-B,43,Case2_R134_vs_R134a,[emim]__[BEI]__R134a__283.15__0.1502,Anion,Sulfonyl_SO2,Anion:Sulfonyl_SO2,6,0.0011141938157379627,0.07832348346710205,0.013053913911183676,0.10298151489448676,0.10285726902404414
V7-B,43,Case2_R134_vs_R134a,[emim]__[BEI]__R134a__283.15__0.1502,Anion,Sulfonimide_N,Anion:Sulfonimide_N,1,-0.006853259168565273,0.027485020458698273,0.027485020458698273,0.03613793613931349,0.03609433618512531
V7-B,43,Case2_R134_vs_R134a,[emim]__[BEI]__R134a__283.15__0.1502,Anion,Alkyl_Chain,Anion:Alkyl_Chain,2,0.04010108858346939,0.04633267968893051,0.023166339844465256,0.060919271363756446,0.06084577304801429
V7-B,43,Case2_R134_vs_R134a,[emim]__[BEI]__R134a__283.15__0.1502,Anion,Unclassified,Anion:Unclassified,4,0.0008765475358814001,0.029559511691331863,0.007389877922832966,0.03886552485619774,0.03881863410137718
V7-B,43,Case2_R134_vs_R134a,[emim]__[BEI]__R134a__283.15__0.1502,Refri,CF3,Refri:CF3,4,0.021463435143232346,0.1479688286781311,0.036992207169532776,0.1945528143016916,0.19431808883873117
V7-B,43,Case2_R134_vs_R134a,[emim]__[BEI]__R134a__283.15__0.1502,Refri,CH2F,Refri:CH2F,2,0.12466795742511749,0.24625752866268158,0.12312876433134079,0.323785054408456,0.3233944119134169
V7-B,43,Case3_BF4_vs_PF6,[bmim]__[BF4]__R32__283.1__0.01,Cation,Imidazolium_Ring,Cation:Imidazolium_Ring,5,-0.005098346155136824,0.014180546626448631,0.0028361093252897264,0.10987279669130194,0.10985814592323132
V7-B,43,Case3_BF4_vs_PF6,[bmim]__[BF4]__R32__283.1__0.01,Cation,Alkyl_Chain,Cation:Alkyl_Chain,5,0.02415482886135578,0.03412628546357155,0.00682525709271431,0.2644150838004307,0.26437982590053377
V7-B,43,Case3_BF4_vs_PF6,[bmim]__[BF4]__R32__283.1__0.01,Anion,BF4_Core,Anion:BF4_Core,5,-0.006182216573506594,0.02944323793053627,0.005888647586107254,0.22813019697292275,0.22809977740860468
V7-B,43,Case3_BF4_vs_PF6,[bmim]__[BF4]__R32__283.1__0.01,Refri,CH2F,Refri:CH2F,3,0.021882303059101105,0.05131324380636215,0.017104414602120716,0.39758196583142563,0.39752895106029146
V7-B,43,Case3_BF4_vs_PF6,[bmim]__[PF6]__R32__283.2__0.0098,Cation,Imidazolium_Ring,Cation:Imidazolium_Ring,5,-0.003700192319229245,0.012438329868018627,0.0024876659736037254,0.1292457321552109,0.12923056384635911
V7-B,43,Case3_BF4_vs_PF6,[bmim]__[PF6]__R32__283.2__0.0098,Cation,Alkyl_Chain,Cation:Alkyl_Chain,5,0.022624658420681953,0.031141182407736778,0.006228236481547356,0.32358563916331134,0.3235476630782756
V7-B,43,Case3_BF4_vs_PF6,[bmim]__[PF6]__R32__283.2__0.0098,Anion,PF6_Core,Anion:PF6_Core,7,-0.0013652212219312787,0.016020331531763077,0.002288618790251868,0.16646603685240272,0.1664465003600311
V7-B,43,Case3_BF4_vs_PF6,[bmim]__[PF6]__R32__283.2__0.0098,Refri,CH2F,Refri:CH2F,3,0.015113157220184803,0.03663799911737442,0.01221266637245814,0.3807026402155824,0.38065796086616643
V7-B,43,Case3_BF4_vs_PF6,[bmim]__[BF4]__R32__283.1__0.0998,Cation,Imidazolium_Ring,Cation:Imidazolium_Ring,5,-0.009844816289842129,0.02554386481642723,0.005108772963285446,0.0745248908180758,0.07451593470145898
V7-B,43,Case3_BF4_vs_PF6,[bmim]__[BF4]__R32__283.1__0.0998,Cation,Alkyl_Chain,Cation:Alkyl_Chain,5,0.03876431658864021,0.058402061462402344,0.011680412292480468,0.17038953522949507,0.1703690584662144
V7-B,43,Case3_BF4_vs_PF6,[bmim]__[BF4]__R32__283.1__0.0998,Anion,BF4_Core,Anion:BF4_Core,5,-0.01901741325855255,0.10383537411689758,0.020767074823379517,0.30294240807833206,0.30290600161728065
V7-B,43,Case3_BF4_vs_PF6,[bmim]__[BF4]__R32__283.1__0.0998,Refri,CH2F,Refri:CH2F,3,0.05333457514643669,0.15497486293315887,0.05165828764438629,0.45214319847999146,0.45208886163804995
V7-B,43,Case3_BF4_vs_PF6,[bmim]__[PF6]__R32__283.2__0.0996,Cation,Imidazolium_Ring,Cation:Imidazolium_Ring,5,-0.0101540582254529,0.02595246210694313,0.005190492421388626,0.08826230905405627,0.08825160154904144
V7-B,43,Case3_BF4_vs_PF6,[bmim]__[PF6]__R32__283.2__0.0996,Cation,Alkyl_Chain,Cation:Alkyl_Chain,5,0.03921980410814285,0.05958792567253113,0.011917585134506225,0.20265390967248628,0.2026293247984064
V7-B,43,Case3_BF4_vs_PF6,[bmim]__[PF6]__R32__283.2__0.0996,Anion,PF6_Core,Anion:PF6_Core,7,-0.010687503032386303,0.06834470480680466,0.009763529258114951,0.2324350357591934,0.2324068380002894
V7-B,43,Case3_BF4_vs_PF6,[bmim]__[PF6]__R32__283.2__0.0996,Refri,CH2F,Refri:CH2F,3,0.04702401161193848,0.14015279710292816,0.04671759903430939,0.4766487835225334,0.4765909590752175
V7-B,43,Case3_BF4_vs_PF6,[bmim]__[BF4]__R32__283.2__0.2499,Cation,Imidazolium_Ring,Cation:Imidazolium_Ring,5,-0.01847998984158039,0.046907275915145874,0.009381455183029175,0.0568963643734057,0.05689087373377111
V7-B,43,Case3_BF4_vs_PF6,[bmim]__[BF4]__R32__283.2__0.2499,Cation,Alkyl_Chain,Cation:Alkyl_Chain,5,0.08242662250995636,0.12696285545825958,0.025392571091651918,0.15400009369780332,0.1539852323085476
V7-B,43,Case3_BF4_vs_PF6,[bmim]__[BF4]__R32__283.2__0.2499,Anion,BF4_Core,Anion:BF4_Core,5,-0.04027952998876572,0.31170886754989624,0.06234177350997925,0.3780884939603596,0.3780520074872223
V7-B,43,Case3_BF4_vs_PF6,[bmim]__[BF4]__R32__283.2__0.2499,Refri,CH2F,Refri:CH2F,3,0.07800430059432983,0.3388546109199524,0.11295153697331746,0.4110150298940094,0.4109753659288615
V7-B,43,Case3_BF4_vs_PF6,[bmim]__[PF6]__R32__283.2__0.2497,Cation,Imidazolium_Ring,Cation:Imidazolium_Ring,5,-0.020854679867625237,0.05023161694407463,0.010046323388814926,0.059785313129424235,0.059779917824206386
V7-B,43,Case3_BF4_vs_PF6,[bmim]__[PF6]__R32__283.2__0.2497,Cation,Alkyl_Chain,Cation:Alkyl_Chain,5,0.08573494851589203,0.13522732257843018,0.027045464515686034,0.16094659729958735,0.16093207272873955
V7-B,43,Case3_BF4_vs_PF6,[bmim]__[PF6]__R32__283.2__0.2497,Anion,PF6_Core,Anion:PF6_Core,7,-0.0345936045050621,0.2707262337207794,0.03867517624582563,0.32221643737581773,0.32218735906318785
V7-B,43,Case3_BF4_vs_PF6,[bmim]__[PF6]__R32__283.2__0.2497,Refri,CH2F,Refri:CH2F,3,0.09164654463529587,0.3840148150920868,0.12800493836402893,0.4570517009671248,0.45701045449206296
V7-B,43,Case3_BF4_vs_PF6,[bmim]__[BF4]__R32__283.2__0.3995,Cation,Imidazolium_Ring,Cation:Imidazolium_Ring,5,-0.021177666261792183,0.05290031433105469,0.010580062866210938,0.04782062481047295,0.04781647709329739
V7-B,43,Case3_BF4_vs_PF6,[bmim]__[BF4]__R32__283.2__0.3995,Cation,Alkyl_Chain,Cation:Alkyl_Chain,5,0.10510092228651047,0.1620396077632904,0.03240792155265808,0.14647994790336474,0.1464672429795332
V7-B,43,Case3_BF4_vs_PF6,[bmim]__[BF4]__R32__283.2__0.3995,Anion,BF4_Core,Anion:BF4_Core,5,-0.04097279906272888,0.41616207361221313,0.08323241472244262,0.3762006073917651,0.37616797766919413
V7-B,43,Case3_BF4_vs_PF6,[bmim]__[BF4]__R32__283.2__0.3995,Refri,CH2F,Refri:CH2F,3,0.0867464616894722,0.4751219153404236,0.1583739717801412,0.4294989007161671,0.4294616481713823
V7-B,43,Case3_BF4_vs_PF6,[bmim]__[PF6]__R32__283.2__0.3996,Cation,Imidazolium_Ring,Cation:Imidazolium_Ring,5,-0.02082296833395958,0.05247754976153374,0.010495509952306747,0.0475053750801534,0.04750177834367238
V7-B,43,Case3_BF4_vs_PF6,[bmim]__[PF6]__R32__283.2__0.3996,Cation,Alkyl_Chain,Cation:Alkyl_Chain,5,0.10110097378492355,0.15766078233718872,0.03153215646743775,0.14272264300435347,0.14271183715899607
V7-B,43,Case3_BF4_vs_PF6,[bmim]__[PF6]__R32__283.2__0.3996,Anion,PF6_Core,Anion:PF6_Core,7,-0.03504711389541626,0.34413108229637146,0.04916158318519592,0.31152514199913106,0.3115015557451315
V7-B,43,Case3_BF4_vs_PF6,[bmim]__[PF6]__R32__283.2__0.3996,Refri,CH2F,Refri:CH2F,3,0.11268845200538635,0.5503960251808167,0.18346534172693887,0.4982467690975531,0.49820904573829233
V7-B,43,Case4_R1336mzz_Stereo,[emim]__[Tf2N]__R1336mzz(E)__293.1__0.194,Cation,Imidazolium_Ring,Cation:Imidazolium_Ring,5,-0.015930362045764923,0.04533767327666283,0.009067534655332565,0.03770753484987726,0.03766276415899845
V7-B,43,Case4_R1336mzz_Stereo,[emim]__[Tf2N]__R1336mzz(E)__293.1__0.194,Cation,Alkyl_Chain,Cation:Alkyl_Chain,3,0.01602601818740368,0.03618842735886574,0.012062809119621912,0.030098068276897778,0.03006233241359515
V7-B,43,Case4_R1336mzz_Stereo,[emim]__[Tf2N]__R1336mzz(E)__293.1__0.194,Anion,CF3,Anion:CF3,8,0.09541976451873779,0.21002711355686188,0.026253389194607735,0.1746804397203384,0.17447303915701784
V7-B,43,Case4_R1336mzz_Stereo,[emim]__[Tf2N]__R1336mzz(E)__293.1__0.194,Anion,Sulfonyl_SO2,Anion:Sulfonyl_SO2,6,0.0029289741069078445,0.16403262317180634,0.027338770528634388,0.13642662730007107,0.1362646460307357
V7-B,43,Case4_R1336mzz_Stereo,[emim]__[Tf2N]__R1336mzz(E)__293.1__0.194,Anion,Sulfonimide_N,Anion:Sulfonimide_N,1,-0.013692046515643597,0.05229375138878822,0.05229375138878822,0.04349293447175093,0.04344129469385509
V7-B,43,Case4_R1336mzz_Stereo,[emim]__[Tf2N]__R1336mzz(E)__293.1__0.194,Refri,CF3,Refri:CF3,8,-0.05045635998249054,0.29948049783706665,0.03743506222963333,0.2490791982230501,0.24878346295866907
V7-B,43,Case4_R1336mzz_Stereo,[emim]__[Tf2N]__R1336mzz(E)__293.1__0.194,Refri,Alkene_C=C,Refri:Alkene_C=C,2,0.23055189847946167,0.39499056339263916,0.19749528169631958,0.3285153241899428,0.3281252732866733
V7-B,43,Case4_R1336mzz_Stereo,[emim]__[Tf2N]__R1336mzz(E)__293.1__0.223,Cation,Imidazolium_Ring,Cation:Imidazolium_Ring,5,-0.01665492355823517,0.04879893362522125,0.00975978672504425,0.03571311261594511,0.035670181300144044
V7-B,43,Case4_R1336mzz_Stereo,[emim]__[Tf2N]__R1336mzz(E)__293.1__0.223,Cation,Alkyl_Chain,Cation:Alkyl_Chain,3,0.016990818083286285,0.038745224475860596,0.012915074825286865,0.028355385297217317,0.028321298825563418
V7-B,43,Case4_R1336mzz_Stereo,[emim]__[Tf2N]__R1336mzz(E)__293.1__0.223,Anion,CF3,Anion:CF3,8,0.10795790702104568,0.23926392197608948,0.029907990247011185,0.17510340402292032,0.17489290936184743
V7-B,43,Case4_R1336mzz_Stereo,[emim]__[Tf2N]__R1336mzz(E)__293.1__0.223,Anion,Sulfonyl_SO2,Anion:Sulfonyl_SO2,6,0.0030077709816396236,0.18636567890644073,0.031060946484406788,0.13639024429609364,0.13622628735643874
V7-B,43,Case4_R1336mzz_Stereo,[emim]__[Tf2N]__R1336mzz(E)__293.1__0.223,Anion,Sulfonimide_N,Anion:Sulfonimide_N,1,-0.01551469974219799,0.058904290199279785,0.058904290199279785,0.04310863769289289,0.04305681609564232
V7-B,43,Case4_R1336mzz_Stereo,[emim]__[Tf2N]__R1336mzz(E)__293.1__0.223,Refri,CF3,Refri:CF3,8,-0.06252054125070572,0.34485989809036255,0.04310748726129532,0.2523829818047306,0.25207958810138154
V7-B,43,Case4_R1336mzz_Stereo,[emim]__[Tf2N]__R1336mzz(E)__293.1__0.223,Refri,Alkene_C=C,Refri:Alkene_C=C,2,0.2615671157836914,0.4494771361351013,0.22473856806755066,0.32894627789138675,0.3285508461996826
V7-B,43,Case4_R1336mzz_Stereo,[emim]__[Tf2N]__R1336mzz(E)__303__0.228,Cation,Imidazolium_Ring,Cation:Imidazolium_Ring,5,-0.013459496200084686,0.04000237584114075,0.00800047516822815,0.03884033394208192,0.038793999658540614
V7-B,43,Case4_R1336mzz_Stereo,[emim]__[Tf2N]__R1336mzz(E)__303__0.228,Cation,Alkyl_Chain,Cation:Alkyl_Chain,3,0.012853851541876793,0.030771784484386444,0.01025726149479548,0.029877885006473693,0.02984224240881815
V7-B,43,Case4_R1336mzz_Stereo,[emim]__[Tf2N]__R1336mzz(E)__303__0.228,Anion,CF3,Anion:CF3,8,0.08422547578811646,0.1823325753211975,0.02279157191514969,0.1770359376182783,0.1768247439312508
V7-B,43,Case4_R1336mzz_Stereo,[emim]__[Tf2N]__R1336mzz(E)__303__0.228,Anion,Sulfonyl_SO2,Anion:Sulfonyl_SO2,6,0.00327384565025568,0.14328666031360626,0.02388111005226771,0.1391242799709523,0.13895831271008202
V7-B,43,Case4_R1336mzz_Stereo,[emim]__[Tf2N]__R1336mzz(E)__303__0.228,Anion,Sulfonimide_N,Anion:Sulfonimide_N,1,-0.011952351778745651,0.0457257404923439,0.0457257404923439,0.04439743873025338,0.04434447514045256
V7-B,43,Case4_R1336mzz_Stereo,[emim]__[Tf2N]__R1336mzz(E)__303__0.228,Refri,CF3,Refri:CF3,8,-0.040781840682029724,0.25492680072784424,0.03186585009098053,0.247521349991238,0.24722607126294172
V7-B,43,Case4_R1336mzz_Stereo,[emim]__[Tf2N]__R1336mzz(E)__303__0.228,Refri,Alkene_C=C,Refri:Alkene_C=C,2,0.19381555914878845,0.33287256956100464,0.16643628478050232,0.3232028470821852,0.3228172846825314
V7-B,43,Case4_R1336mzz_Stereo,[emim]__[Tf2N]__R1336mzz(E)__303__0.293,Cation,Imidazolium_Ring,Cation:Imidazolium_Ring,5,-0.015517479740083218,0.04652480408549309,0.009304960817098617,0.035679821858856396,0.03563613793460318
V7-B,43,Case4_R1336mzz_Stereo,[emim]__[Tf2N]__R1336mzz(E)__303__0.293,Cation,Alkyl_Chain,Cation:Alkyl_Chain,3,0.013671983033418655,0.034880753606557846,0.011626917868852615,0.026750012159056178,0.026717261280715155
V7-B,43,Case4_R1336mzz_Stereo,[emim]__[Tf2N]__R1336mzz(E)__303__0.293,Anion,CF3,Anion:CF3,8,0.10466591268777847,0.23110276460647583,0.02888784557580948,0.1772324598529449,0.17701546859715742
V7-B,43,Case4_R1336mzz_Stereo,[emim]__[Tf2N]__R1336mzz(E)__303__0.293,Anion,Sulfonyl_SO2,Anion:Sulfonyl_SO2,6,0.0028799758292734623,0.18109166622161865,0.030181944370269775,0.1388790026721583,0.13870896875615132
V7-B,43,Case4_R1336mzz_Stereo,[emim]__[Tf2N]__R1336mzz(E)__303__0.293,Anion,Sulfonimide_N,Anion:Sulfonimide_N,1,-0.015120793133974075,0.057233281433582306,0.057233281433582306,0.043892141537996275,0.04383840301335223
V7-B,43,Case4_R1336mzz_Stereo,[emim]__[Tf2N]__R1336mzz(E)__303__0.293,Refri,CF3,Refri:CF3,8,-0.06037630885839462,0.3285263776779175,0.041065797209739685,0.25194652319102273,0.25163805716564636
V7-B,43,Case4_R1336mzz_Stereo,[emim]__[Tf2N]__R1336mzz(E)__303__0.293,Refri,Alkene_C=C,Refri:Alkene_C=C,2,0.24611330032348633,0.42459315061569214,0.21229657530784607,0.3256200273002809,0.3252213604945949
V7-B,43,Case4_R1336mzz_Stereo,[emim]__[Tf2N]__R1336mzz(E)__322.5__0.336,Cation,Imidazolium_Ring,Cation:Imidazolium_Ring,5,-0.011080832220613956,0.03358358144760132,0.006716716289520264,0.04081873793778942,0.04076808156818058
V7-B,43,Case4_R1336mzz_Stereo,[emim]__[Tf2N]__R1336mzz(E)__322.5__0.336,Cation,Alkyl_Chain,Cation:Alkyl_Chain,3,0.006647431757301092,0.022801464423537254,0.007600488141179085,0.027713750612166244,0.027679357633226112
V7-B,43,Case4_R1336mzz_Stereo,[emim]__[Tf2N]__R1336mzz(E)__322.5__0.336,Anion,CF3,Anion:CF3,8,0.07228521257638931,0.15341857075691223,0.01917732134461403,0.1864706551410373,0.1862392436152223
V7-B,43,Case4_R1336mzz_Stereo,[emim]__[Tf2N]__R1336mzz(E)__322.5__0.336,Anion,Sulfonyl_SO2,Anion:Sulfonyl_SO2,6,0.003070477396249771,0.12300529330968857,0.02050088221828143,0.14950522297340374,0.1493196858349225
V7-B,43,Case4_R1336mzz_Stereo,[emim]__[Tf2N]__R1336mzz(E)__322.5__0.336,Anion,Sulfonimide_N,Anion:Sulfonimide_N,1,-0.010397514328360558,0.039612751454114914,0.039612751454114914,0.04814681611974986,0.04808706554841745
V7-B,43,Case4_R1336mzz_Stereo,[emim]__[Tf2N]__R1336mzz(E)__322.5__0.336,Refri,CF3,Refri:CF3,8,-0.029036853462457657,0.19791224598884583,0.024739030748605728,0.24054992813385648,0.2402514038118282
V7-B,43,Case4_R1336mzz_Stereo,[emim]__[Tf2N]__R1336mzz(E)__322.5__0.336,Refri,Alkene_C=C,Refri:Alkene_C=C,2,0.1453733593225479,0.2524152398109436,0.1262076199054718,0.30679490040163904,0.3064141655564672
V7-B,43,Case4_R1336mzz_Stereo,[emim]__[Tf2N]__R1336mzz(E)__322.5__0.488,Cation,Imidazolium_Ring,Cation:Imidazolium_Ring,5,-0.014297328889369965,0.043694619089365005,0.008738923817873001,0.04141932818761004,0.04137103112732051
V7-B,43,Case4_R1336mzz_Stereo,[emim]__[Tf2N]__R1336mzz(E)__322.5__0.488,Cation,Alkyl_Chain,Cation:Alkyl_Chain,3,0.006956552155315876,0.028874516487121582,0.009624838829040527,0.027370946344506195,0.02733903041772452
V7-B,43,Case4_R1336mzz_Stereo,[emim]__[Tf2N]__R1336mzz(E)__322.5__0.488,Anion,CF3,Anion:CF3,8,0.09378157556056976,0.19494709372520447,0.02436838671565056,0.1847956984751543,0.1845802172160167
V7-B,43,Case4_R1336mzz_Stereo,[emim]__[Tf2N]__R1336mzz(E)__322.5__0.488,Anion,Sulfonyl_SO2,Anion:Sulfonyl_SO2,6,0.0048586297780275345,0.15637223422527313,0.02606203903754552,0.1482295308619096,0.14805668762900395
V7-B,43,Case4_R1336mzz_Stereo,[emim]__[Tf2N]__R1336mzz(E)__322.5__0.488,Anion,Sulfonimide_N,Anion:Sulfonimide_N,1,-0.013110782951116562,0.05008893087506294,0.05008893087506294,0.04748067175588909,0.047425306858225984
V7-B,43,Case4_R1336mzz_Stereo,[emim]__[Tf2N]__R1336mzz(E)__322.5__0.488,Refri,CF3,Refri:CF3,8,-0.040716152638196945,0.2530110478401184,0.0316263809800148,0.2398361135532046,0.23955645234809242
V7-B,43,Case4_R1336mzz_Stereo,[emim]__[Tf2N]__R1336mzz(E)__322.5__0.488,Refri,Alkene_C=C,Refri:Alkene_C=C,2,0.1907944232225418,0.3279445469379425,0.16397227346897125,0.3108676331330189,0.31050514553419833
V7-B,43,Case4_R1336mzz_Stereo,[emim]__[Tf2N]__R1336mzz(E)__332.9__0.381,Cation,Imidazolium_Ring,Cation:Imidazolium_Ring,5,-0.010316096246242523,0.03082928992807865,0.00616585798561573,0.043787690324152556,0.04373394215020539
V7-B,43,Case4_R1336mzz_Stereo,[emim]__[Tf2N]__R1336mzz(E)__332.9__0.381,Cation,Alkyl_Chain,Cation:Alkyl_Chain,3,0.006126969587057829,0.020936744287610054,0.006978914762536685,0.029737035053371864,0.029700533668601634
V7-B,43,Case4_R1336mzz_Stereo,[emim]__[Tf2N]__R1336mzz(E)__332.9__0.381,Anion,CF3,Anion:CF3,8,0.06305527687072754,0.1323709785938263,0.016546372324228287,0.18801014983132716,0.18777937259320018
V7-B,43,Case4_R1336mzz_Stereo,[emim]__[Tf2N]__R1336mzz(E)__332.9__0.381,Anion,Sulfonyl_SO2,Anion:Sulfonyl_SO2,6,0.002996353432536125,0.10640917718410492,0.017734862864017487,0.15113588762684327,0.15095037252162322
V7-B,43,Case4_R1336mzz_Stereo,[emim]__[Tf2N]__R1336mzz(E)__332.9__0.381,Anion,Sulfonimide_N,Anion:Sulfonimide_N,1,-0.009003896266222,0.03447987884283066,0.03447987884283066,0.048972722391801844,0.04891260973497306
V7-B,43,Case4_R1336mzz_Stereo,[emim]__[Tf2N]__R1336mzz(E)__332.9__0.381,Refri,CF3,Refri:CF3,8,-0.0221513994038105,0.16660618782043457,0.02082577347755432,0.23663536122265288,0.23634489788780028
V7-B,43,Case4_R1336mzz_Stereo,[emim]__[Tf2N]__R1336mzz(E)__332.9__0.381,Refri,Alkene_C=C,Refri:Alkene_C=C,2,0.12233468145132065,0.2124306559562683,0.10621532797813416,0.3017211165119229,0.3013507622197973
V7-B,43,Case4_R1336mzz_Stereo,[emim]__[Tf2N]__R1336mzz(E)__332.9__0.623,Cation,Imidazolium_Ring,Cation:Imidazolium_Ring,5,-0.013235299848020077,0.04089999571442604,0.008179999142885207,0.043070741345593036,0.04302215454712371
V7-B,43,Case4_R1336mzz_Stereo,[emim]__[Tf2N]__R1336mzz(E)__332.9__0.623,Cation,Alkyl_Chain,Cation:Alkyl_Chain,3,0.005894308909773827,0.026492610573768616,0.008830870191256205,0.027898691861961332,0.027867220192872133
V7-B,43,Case4_R1336mzz_Stereo,[emim]__[Tf2N]__R1336mzz(E)__332.9__0.623,Anion,CF3,Anion:CF3,8,0.08718208223581314,0.17694330215454102,0.022117912769317627,0.18633447429055067,0.18612427601516923
V7-B,43,Case4_R1336mzz_Stereo,[emim]__[Tf2N]__R1336mzz(E)__332.9__0.623,Anion,Sulfonyl_SO2,Anion:Sulfonyl_SO2,6,0.005926311016082764,0.14151416718959808,0.023585694531599682,0.14902495673392815,0.14885684619499792
V7-B,43,Case4_R1336mzz_Stereo,[emim]__[Tf2N]__R1336mzz(E)__332.9__0.623,Anion,Sulfonimide_N,Anion:Sulfonimide_N,1,-0.011790046468377113,0.04576785862445831,0.04576785862445831,0.04819696350384756,0.04814259396946213
V7-B,43,Case4_R1336mzz_Stereo,[emim]__[Tf2N]__R1336mzz(E)__332.9__0.623,Refri,CF3,Refri:CF3,8,-0.031223146244883537,0.2241879403591156,0.02802349254488945,0.2360865966693222,0.23582027453194257
V7-B,43,Case4_R1336mzz_Stereo,[emim]__[Tf2N]__R1336mzz(E)__332.9__0.623,Refri,Alkene_C=C,Refri:Alkene_C=C,2,0.17198418080806732,0.2937946319580078,0.1468973159790039,0.3093876265939025,0.3090386157853444
V7-B,43,Case4_R1336mzz_Stereo,[emim]__[Tf2N]__R1336mzz(E)__342.9__0.453,Cation,Imidazolium_Ring,Cation:Imidazolium_Ring,5,-0.011168898083269596,0.03268372640013695,0.006536745280027389,0.05017403444788398,0.0501162513951143
V7-B,43,Case4_R1336mzz_Stereo,[emim]__[Tf2N]__R1336mzz(E)__342.9__0.453,Cation,Alkyl_Chain,Cation:Alkyl_Chain,3,0.0040967585518956184,0.020449619740247726,0.006816539913415909,0.03139299089497391,0.03135683707817517
V7-B,43,Case4_R1336mzz_Stereo,[emim]__[Tf2N]__R1336mzz(E)__342.9__0.453,Anion,CF3,Anion:CF3,8,0.06076255440711975,0.12471488863229752,0.01558936107903719,0.19145458023338155,0.1912340910852722
V7-B,43,Case4_R1336mzz_Stereo,[emim]__[Tf2N]__R1336mzz(E)__342.9__0.453,Anion,Sulfonyl_SO2,Anion:Sulfonyl_SO2,6,0.00352917960844934,0.10044848918914795,0.01674141486485799,0.15420230530362944,0.1540247178314914
V7-B,43,Case4_R1336mzz_Stereo,[emim]__[Tf2N]__R1336mzz(E)__342.9__0.453,Anion,Sulfonimide_N,Anion:Sulfonimide_N,1,-0.008479517884552479,0.032759759575128555,0.032759759575128555,0.05029075587354109,0.05023283839824844
V7-B,43,Case4_R1336mzz_Stereo,[emim]__[Tf2N]__R1336mzz(E)__342.9__0.453,Refri,CF3,Refri:CF3,8,-0.019645068794488907,0.1487375795841217,0.018592197448015213,0.2283327289668334,0.22806976900612624
V7-B,43,Case4_R1336mzz_Stereo,[emim]__[Tf2N]__R1336mzz(E)__342.9__0.453,Refri,Alkene_C=C,Refri:Alkene_C=C,2,0.11110828816890717,0.1916131228208542,0.0958065614104271,0.2941526099985918,0.29381384840660657
V7-B,43,Case4_R1336mzz_Stereo,[emim]__[Tf2N]__R1336mzz(E)__342.9__0.8,Cation,Imidazolium_Ring,Cation:Imidazolium_Ring,5,-0.0147120151668787,0.043561458587646484,0.008712291717529297,0.04646498271899875,0.046413525661613296
V7-B,43,Case4_R1336mzz_Stereo,[emim]__[Tf2N]__R1336mzz(E)__342.9__0.8,Cation,Alkyl_Chain,Cation:Alkyl_Chain,3,0.005313608795404434,0.02744383178651333,0.009147943928837776,0.029273059512866625,0.029240641433378445
V7-B,43,Case4_R1336mzz_Stereo,[emim]__[Tf2N]__R1336mzz(E)__342.9__0.8,Anion,CF3,Anion:CF3,8,0.08365830034017563,0.1715419441461563,0.02144274301826954,0.18297581689780693,0.18277318264380962
V7-B,43,Case4_R1336mzz_Stereo,[emim]__[Tf2N]__R1336mzz(E)__342.9__0.8,Anion,Sulfonyl_SO2,Anion:Sulfonyl_SO2,6,0.0053393058478832245,0.13615337014198303,0.022692228356997173,0.14522847020955273,0.14506763877718637
V7-B,43,Case4_R1336mzz_Stereo,[emim]__[Tf2N]__R1336mzz(E)__342.9__0.8,Anion,Sulfonimide_N,Anion:Sulfonimide_N,1,-0.011366267688572407,0.04418787360191345,0.04418787360191345,0.04713315049291003,0.04708095348157488
V7-B,43,Case4_R1336mzz_Stereo,[emim]__[Tf2N]__R1336mzz(E)__342.9__0.8,Refri,CF3,Refri:CF3,8,-0.03084445744752884,0.22101335227489471,0.02762666903436184,0.2357446680408732,0.23548359559014068
V7-B,43,Case4_R1336mzz_Stereo,[emim]__[Tf2N]__R1336mzz(E)__342.9__0.8,Refri,Alkene_C=C,Refri:Alkene_C=C,2,0.1725025624036789,0.29360973834991455,0.14680486917495728,0.3131798580873827,0.31283303101489607
V7-B,43,Case4_R1336mzz_Stereo,[emim]__[Tf2N]__R1336mzz(E)__352.8__0.511,Cation,Imidazolium_Ring,Cation:Imidazolium_Ring,5,-0.010547188110649586,0.02986873686313629,0.005973747372627259,0.0515328663593636,0.05147465853280332
V7-B,43,Case4_R1336mzz_Stereo,[emim]__[Tf2N]__R1336mzz(E)__352.8__0.511,Cation,Alkyl_Chain,Cation:Alkyl_Chain,3,0.0031293651554733515,0.018318409100174904,0.006106136366724968,0.03160495646002825,0.03156925776996817
V7-B,43,Case4_R1336mzz_Stereo,[emim]__[Tf2N]__R1336mzz(E)__352.8__0.511,Anion,CF3,Anion:CF3,8,0.053891316056251526,0.11042726039886475,0.013803407549858093,0.1905213895934336,0.19030619030829887
V7-B,43,Case4_R1336mzz_Stereo,[emim]__[Tf2N]__R1336mzz(E)__352.8__0.511,Anion,Sulfonyl_SO2,Anion:Sulfonyl_SO2,6,0.0032525472342967987,0.0884937047958374,0.014748950799306234,0.15267918036792455,0.1525067249258335
V7-B,43,Case4_R1336mzz_Stereo,[emim]__[Tf2N]__R1336mzz(E)__352.8__0.511,Anion,Sulfonimide_N,Anion:Sulfonimide_N,1,-0.007489966228604317,0.029173295944929123,0.029173295944929123,0.05033301435145917,0.050276161791595816
V7-B,43,Case4_R1336mzz_Stereo,[emim]__[Tf2N]__R1336mzz(E)__352.8__0.511,Refri,CF3,Refri:CF3,8,-0.016014523804187775,0.1314232051372528,0.0164279006421566,0.22674592828918627,0.22648981236551405
V7-B,43,Case4_R1336mzz_Stereo,[emim]__[Tf2N]__R1336mzz(E)__352.8__0.511,Refri,Alkene_C=C,Refri:Alkene_C=C,2,0.10010561347007751,0.17190100252628326,0.08595050126314163,0.2965827256378129,0.29624772708107994
V7-B,43,Case4_R1336mzz_Stereo,[emim]__[Tf2N]__R1336mzz(Z)__293.1__0.05,Cation,Imidazolium_Ring,Cation:Imidazolium_Ring,5,-0.012266070581972599,0.03235061839222908,0.006470123678445816,0.07065943926885924,0.0705747824198557
V7-B,43,Case4_R1336mzz_Stereo,[emim]__[Tf2N]__R1336mzz(Z)__293.1__0.05,Cation,Alkyl_Chain,Cation:Alkyl_Chain,3,0.010793645866215229,0.024638736620545387,0.008212912206848463,0.053815333382283656,0.053750857402862354
V7-B,43,Case4_R1336mzz_Stereo,[emim]__[Tf2N]__R1336mzz(Z)__293.1__0.05,Anion,CF3,Anion:CF3,8,0.04271658509969711,0.08648315072059631,0.01081039384007454,0.18889440881876496,0.1886680950295465
V7-B,43,Case4_R1336mzz_Stereo,[emim]__[Tf2N]__R1336mzz(Z)__293.1__0.05,Anion,Sulfonyl_SO2,Anion:Sulfonyl_SO2,6,0.002670525573194027,0.07179408520460129,0.011965680867433548,0.15681090673049997,0.1566230320828866
V7-B,43,Case4_R1336mzz_Stereo,[emim]__[Tf2N]__R1336mzz(Z)__293.1__0.05,Anion,Sulfonimide_N,Anion:Sulfonimide_N,1,-0.006350552663207054,0.025263572111725807,0.025263572111725807,0.055180083969329496,0.055113972886579175
V7-B,43,Case4_R1336mzz_Stereo,[emim]__[Tf2N]__R1336mzz(Z)__293.1__0.05,Refri,CF3,Refri:CF3,8,-0.007811364717781544,0.09379694610834122,0.011724618263542652,0.2048690240412474,0.20462357111644042
V7-B,43,Case4_R1336mzz_Stereo,[emim]__[Tf2N]__R1336mzz(Z)__293.1__0.05,Refri,Alkene_C=C,Refri:Alkene_C=C,2,0.07096368819475174,0.12351147830486298,0.06175573915243149,0.2697707875156371,0.26944757599484676
V7-B,43,Case4_R1336mzz_Stereo,[emim]__[Tf2N]__R1336mzz(Z)__293.1__0.06,Cation,Imidazolium_Ring,Cation:Imidazolium_Ring,5,-0.012506810948252678,0.03346101567149162,0.006692203134298325,0.06766229417445116,0.06758204389960393
V7-B,43,Case4_R1336mzz_Stereo,[emim]__[Tf2N]__R1336mzz(Z)__293.1__0.06,Cation,Alkyl_Chain,Cation:Alkyl_Chain,3,0.01136007159948349,0.025674350559711456,0.008558116853237152,0.05191669844586464,0.05185512309772909
V7-B,43,Case4_R1336mzz_Stereo,[emim]__[Tf2N]__R1336mzz(Z)__293.1__0.06,Anion,CF3,Anion:CF3,8,0.0451803132891655,0.09254854917526245,0.011568568646907806,0.18714456312963793,0.1869226019500687
V7-B,43,Case4_R1336mzz_Stereo,[emim]__[Tf2N]__R1336mzz(Z)__293.1__0.06,Anion,Sulfonyl_SO2,Anion:Sulfonyl_SO2,6,0.0025965943932533264,0.07627750933170319,0.012712918221950531,0.15424251690283713,0.15405957890870603
V7-B,43,Case4_R1336mzz_Stereo,[emim]__[Tf2N]__R1336mzz(Z)__293.1__0.06,Anion,Sulfonimide_N,Anion:Sulfonimide_N,1,-0.006707861088216305,0.026480797678232193,0.026480797678232193,0.05354743382775498,0.0534839243601191
V7-B,43,Case4_R1336mzz_Stereo,[emim]__[Tf2N]__R1336mzz(Z)__293.1__0.06,Refri,CF3,Refri:CF3,8,-0.010325467213988304,0.10369572043418884,0.012961965054273605,0.20968551611024544,0.20943682042966527
V7-B,43,Case4_R1336mzz_Stereo,[emim]__[Tf2N]__R1336mzz(Z)__293.1__0.06,Refri,Alkene_C=C,Refri:Alkene_C=C,2,0.0785255879163742,0.1363917589187622,0.0681958794593811,0.27580093221123436,0.2754738209170768
V7-B,43,Case4_R1336mzz_Stereo,[emim]__[Tf2N]__R1336mzz(Z)__303__0.07,Cation,Imidazolium_Ring,Cation:Imidazolium_Ring,5,-0.00964715052396059,0.026276294142007828,0.005255258828401566,0.06620737471801162,0.0661270939981418
V7-B,43,Case4_R1336mzz_Stereo,[emim]__[Tf2N]__R1336mzz(Z)__303__0.07,Cation,Alkyl_Chain,Cation:Alkyl_Chain,3,0.0099418293684721,0.021076863631606102,0.007025621210535367,0.05310656825489272,0.05304217310937491
V7-B,43,Case4_R1336mzz_Stereo,[emim]__[Tf2N]__R1336mzz(Z)__303__0.07,Anion,CF3,Anion:CF3,8,0.035574205219745636,0.07365302741527557,0.009206628426909447,0.1855807199769198,0.18535569136255226
V7-B,43,Case4_R1336mzz_Stereo,[emim]__[Tf2N]__R1336mzz(Z)__303__0.07,Anion,Sulfonyl_SO2,Anion:Sulfonyl_SO2,6,0.0019214418716728687,0.06010885536670685,0.010018142561117807,0.15145398699020007,0.15127033924469568
V7-B,43,Case4_R1336mzz_Stereo,[emim]__[Tf2N]__R1336mzz(Z)__303__0.07,Anion,Sulfonimide_N,Anion:Sulfonimide_N,1,-0.00529297161847353,0.0209377259016037,0.0209377259016037,0.052755988231016536,0.05269201818643059
V7-B,43,Case4_R1336mzz_Stereo,[emim]__[Tf2N]__R1336mzz(Z)__303__0.07,Refri,CF3,Refri:CF3,8,-0.007377373054623604,0.08419482409954071,0.010524353012442589,0.21214248243490783,0.21188524596725777
V7-B,43,Case4_R1336mzz_Stereo,[emim]__[Tf2N]__R1336mzz(Z)__303__0.07,Refri,Alkene_C=C,Refri:Alkene_C=C,2,0.06361403316259384,0.11063103377819061,0.055315516889095306,0.2787527902225705,0.278414784452668
V7-B,43,Case4_R1336mzz_Stereo,[emim]__[Tf2N]__R1336mzz(Z)__303__0.09,Cation,Imidazolium_Ring,Cation:Imidazolium_Ring,5,-0.010142159648239613,0.0277528278529644,0.005550565570592881,0.06041491175895859,0.060342083829623264
V7-B,43,Case4_R1336mzz_Stereo,[emim]__[Tf2N]__R1336mzz(Z)__303__0.09,Cation,Alkyl_Chain,Cation:Alkyl_Chain,3,0.00981795135885477,0.021684065461158752,0.0072280218203862505,0.04720387083983071,0.047146968329013626
V7-B,43,Case4_R1336mzz_Stereo,[emim]__[Tf2N]__R1336mzz(Z)__303__0.09,Anion,CF3,Anion:CF3,8,0.04022461920976639,0.08516630530357361,0.010645788162946701,0.18539785736473458,0.1851743671425035
V7-B,43,Case4_R1336mzz_Stereo,[emim]__[Tf2N]__R1336mzz(Z)__303__0.09,Anion,Sulfonyl_SO2,Anion:Sulfonyl_SO2,6,0.0017259529558941722,0.06880218535661697,0.011467030892769495,0.14977493389739505,0.1495943857846112
V7-B,43,Case4_R1336mzz_Stereo,[emim]__[Tf2N]__R1336mzz(Z)__303__0.09,Anion,Sulfonimide_N,Anion:Sulfonimide_N,1,-0.005999119020998478,0.023359112441539764,0.023359112441539764,0.05085026738176074,0.0507889692755194
V7-B,43,Case4_R1336mzz_Stereo,[emim]__[Tf2N]__R1336mzz(Z)__303__0.09,Refri,CF3,Refri:CF3,8,-0.012281225994229317,0.10081514716148376,0.01260189339518547,0.21946369760935508,0.21919914228359488
V7-B,43,Case4_R1336mzz_Stereo,[emim]__[Tf2N]__R1336mzz(Z)__303__0.09,Refri,Alkene_C=C,Refri:Alkene_C=C,2,0.07583099603652954,0.1317908763885498,0.0658954381942749,0.28689451791485043,0.286548677242919
V7-B,43,Case4_R1336mzz_Stereo,[emim]__[Tf2N]__R1336mzz(Z)__322.5__0.13,Cation,Imidazolium_Ring,Cation:Imidazolium_Ring,5,-0.0046394928358495235,0.014378094114363194,0.002875618822872639,0.037336035324026066,0.037290555572317634
V7-B,43,Case4_R1336mzz_Stereo,[emim]__[Tf2N]__R1336mzz(Z)__322.5__0.13,Cation,Alkyl_Chain,Cation:Alkyl_Chain,3,0.00930160004645586,0.015512840822339058,0.005170946940779686,0.040282666695042484,0.040233597594278456
V7-B,43,Case4_R1336mzz_Stereo,[emim]__[Tf2N]__R1336mzz(Z)__322.5__0.13,Anion,CF3,Anion:CF3,8,0.027753140777349472,0.06427690386772156,0.008034612983465195,0.16690979584887555,0.16670647977615832
V7-B,43,Case4_R1336mzz_Stereo,[emim]__[Tf2N]__R1336mzz(Z)__322.5__0.13,Anion,Sulfonyl_SO2,Anion:Sulfonyl_SO2,6,0.00025384267792105675,0.04895950108766556,0.00815991684794426,0.12713462907644446,0.12697976390895252
V7-B,43,Case4_R1336mzz_Stereo,[emim]__[Tf2N]__R1336mzz(Z)__322.5__0.13,Anion,Sulfonimide_N,Anion:Sulfonimide_N,1,-0.00414529163390398,0.015803098678588867,0.015803098678588867,0.04103638811930226,0.040986400895793404
V7-B,43,Case4_R1336mzz_Stereo,[emim]__[Tf2N]__R1336mzz(Z)__322.5__0.13,Refri,CF3,Refri:CF3,8,-0.015419775620102882,0.09821371734142303,0.01227671466767788,0.2550345540095033,0.25472389145273316
V7-B,43,Case4_R1336mzz_Stereo,[emim]__[Tf2N]__R1336mzz(Z)__322.5__0.13,Refri,Alkene_C=C,Refri:Alkene_C=C,2,0.07424166798591614,0.12795549631118774,0.06397774815559387,0.332265938181987,0.33186119857215596
V7-B,43,Case4_R1336mzz_Stereo,[emim]__[Tf2N]__R1336mzz(Z)__322.5__0.17,Cation,Imidazolium_Ring,Cation:Imidazolium_Ring,5,-0.00664521474391222,0.01940828748047352,0.0038816574960947037,0.04290585967065414,0.04285281339208525
V7-B,43,Case4_R1336mzz_Stereo,[emim]__[Tf2N]__R1336mzz(Z)__322.5__0.17,Cation,Alkyl_Chain,Cation:Alkyl_Chain,3,0.008123018778860569,0.016511820256710052,0.005503940085570018,0.03650264576687841,0.036457516044954306
V7-B,43,Case4_R1336mzz_Stereo,[emim]__[Tf2N]__R1336mzz(Z)__322.5__0.17,Anion,CF3,Anion:CF3,8,0.03606926649808884,0.07949507236480713,0.009936884045600891,0.17573958664949116,0.17552231257223114
V7-B,43,Case4_R1336mzz_Stereo,[emim]__[Tf2N]__R1336mzz(Z)__322.5__0.17,Anion,Sulfonyl_SO2,Anion:Sulfonyl_SO2,6,0.0010242181597277522,0.06218290328979492,0.01036381721496582,0.13746761145979816,0.1372976545991812
V7-B,43,Case4_R1336mzz_Stereo,[emim]__[Tf2N]__R1336mzz(Z)__322.5__0.17,Anion,Sulfonimide_N,Anion:Sulfonimide_N,1,-0.005316278897225857,0.02057252638041973,0.02057252638041973,0.04547964011957143,0.045423411770401545
V7-B,43,Case4_R1336mzz_Stereo,[emim]__[Tf2N]__R1336mzz(Z)__322.5__0.17,Refri,CF3,Refri:CF3,8,-0.013982802629470825,0.1098620668053627,0.013732758350670338,0.24287183638542836,0.24257156394739002
V7-B,43,Case4_R1336mzz_Stereo,[emim]__[Tf2N]__R1336mzz(Z)__322.5__0.17,Refri,Alkene_C=C,Refri:Alkene_C=C,2,0.08361290395259857,0.14431318640708923,0.07215659320354462,0.31903285289014355,0.31863841945571425
V7-B,43,Case4_R1336mzz_Stereo,[emim]__[Tf2N]__R1336mzz(Z)__332.9__0.18,Cation,Imidazolium_Ring,Cation:Imidazolium_Ring,5,-0.0038335591088980436,0.012592195533216,0.0025184391066432,0.03326246943175338,0.033221636537210726
V7-B,43,Case4_R1336mzz_Stereo,[emim]__[Tf2N]__R1336mzz(Z)__332.9__0.18,Cation,Alkyl_Chain,Cation:Alkyl_Chain,3,0.008092227391898632,0.01355806365609169,0.004519354552030563,0.03581382426320528,0.03576985933413382
V7-B,43,Case4_R1336mzz_Stereo,[emim]__[Tf2N]__R1336mzz(Z)__332.9__0.18,Anion,CF3,Anion:CF3,8,0.02697604149580002,0.06262955069541931,0.007828693836927414,0.16543687794838335,0.16523378819870038
V7-B,43,Case4_R1336mzz_Stereo,[emim]__[Tf2N]__R1336mzz(Z)__332.9__0.18,Anion,Sulfonyl_SO2,Anion:Sulfonyl_SO2,6,0.0002351484727114439,0.047608695924282074,0.007934782654047012,0.1257590694720282,0.12560468806531788
V7-B,43,Case4_R1336mzz_Stereo,[emim]__[Tf2N]__R1336mzz(Z)__332.9__0.18,Anion,Sulfonimide_N,Anion:Sulfonimide_N,1,-0.004006315488368273,0.015214512124657631,0.015214512124657631,0.04018935721975853,0.040140020901285295
V7-B,43,Case4_R1336mzz_Stereo,[emim]__[Tf2N]__R1336mzz(Z)__332.9__0.18,Refri,CF3,Refri:CF3,8,-0.014770829118788242,0.098727285861969,0.012340910732746124,0.26078957552726484,0.2604694311297728
V7-B,43,Case4_R1336mzz_Stereo,[emim]__[Tf2N]__R1336mzz(Z)__332.9__0.18,Refri,Alkene_C=C,Refri:Alkene_C=C,2,0.07445430755615234,0.1282404214143753,0.06412021070718765,0.3387489565230261,0.338333109454109
V7-B,43,Case4_R1336mzz_Stereo,[emim]__[Tf2N]__R1336mzz(Z)__332.9__0.24,Cation,Imidazolium_Ring,Cation:Imidazolium_Ring,5,-0.006942030042409897,0.01932360790669918,0.0038647215813398363,0.04203238653299301,0.041978901307637755
V7-B,43,Case4_R1336mzz_Stereo,[emim]__[Tf2N]__R1336mzz(Z)__332.9__0.24,Cation,Alkyl_Chain,Cation:Alkyl_Chain,3,0.00523784663528204,0.014162998646497726,0.004720999548832576,0.03080711616848046,0.030767914836204856
V7-B,43,Case4_R1336mzz_Stereo,[emim]__[Tf2N]__R1336mzz(Z)__332.9__0.24,Anion,CF3,Anion:CF3,8,0.038713663816452026,0.08243405818939209,0.010304257273674011,0.1793091752859745,0.17908100856884301
V7-B,43,Case4_R1336mzz_Stereo,[emim]__[Tf2N]__R1336mzz(Z)__332.9__0.24,Anion,Sulfonyl_SO2,Anion:Sulfonyl_SO2,6,0.0016910531558096409,0.06571085751056671,0.010951809585094452,0.14293315076741087,0.14275127168772714
V7-B,43,Case4_R1336mzz_Stereo,[emim]__[Tf2N]__R1336mzz(Z)__332.9__0.24,Anion,Sulfonimide_N,Anion:Sulfonimide_N,1,-0.005670292302966118,0.022188449278473854,0.022188449278473854,0.04826394124449161,0.04820252651202173
V7-B,43,Case4_R1336mzz_Stereo,[emim]__[Tf2N]__R1336mzz(Z)__332.9__0.24,Refri,CF3,Refri:CF3,8,-0.011325773783028126,0.1109795868396759,0.013872448354959488,0.24140092853467252,0.24109375151883713
V7-B,43,Case4_R1336mzz_Stereo,[emim]__[Tf2N]__R1336mzz(Z)__332.9__0.24,Refri,Alkene_C=C,Refri:Alkene_C=C,2,0.08380909264087677,0.1449318826198578,0.0724659413099289,0.31525339060105306,0.31485223806056933
V7-B,43,Case4_R1336mzz_Stereo,[emim]__[Tf2N]__R1336mzz(Z)__342.9__0.24,Cation,Imidazolium_Ring,Cation:Imidazolium_Ring,5,-0.004589307587593794,0.013416968286037445,0.002683393657207489,0.035485060527340045,0.03544103587652524
V7-B,43,Case4_R1336mzz_Stereo,[emim]__[Tf2N]__R1336mzz(Z)__342.9__0.24,Cation,Alkyl_Chain,Cation:Alkyl_Chain,3,0.0055185649544000626,0.011491182260215282,0.0038303940867384276,0.03039176133842264,0.030354055705102943
V7-B,43,Case4_R1336mzz_Stereo,[emim]__[Tf2N]__R1336mzz(Z)__342.9__0.24,Anion,CF3,Anion:CF3,8,0.02902308851480484,0.06434838473796844,0.008043548092246056,0.17018794995883185,0.16997680574888882
V7-B,43,Case4_R1336mzz_Stereo,[emim]__[Tf2N]__R1336mzz(Z)__342.9__0.24,Anion,Sulfonyl_SO2,Anion:Sulfonyl_SO2,6,0.0008857112843543291,0.04985705390572548,0.00830950898428758,0.1318614263552107,0.13169783206609406
V7-B,43,Case4_R1336mzz_Stereo,[emim]__[Tf2N]__R1336mzz(Z)__342.9__0.24,Anion,Sulfonimide_N,Anion:Sulfonimide_N,1,-0.004236597567796707,0.016404448077082634,0.016404448077082634,0.04338631653014102,0.043332489161468264
V7-B,43,Case4_R1336mzz_Stereo,[emim]__[Tf2N]__R1336mzz(Z)__342.9__0.24,Refri,CF3,Refri:CF3,8,-0.012031499296426773,0.09629829972982407,0.012037287466228008,0.25468875842457245,0.2543727780235397
V7-B,43,Case4_R1336mzz_Stereo,[emim]__[Tf2N]__R1336mzz(Z)__342.9__0.24,Refri,Alkene_C=C,Refri:Alkene_C=C,2,0.07343319058418274,0.12628552317619324,0.06314276158809662,0.3339986603603659,0.3335842838825901
V7-B,43,Case4_R1336mzz_Stereo,[emim]__[Tf2N]__R1336mzz(Z)__342.9__0.31,Cation,Imidazolium_Ring,Cation:Imidazolium_Ring,5,-0.0067726620472967625,0.02001158520579338,0.004002317041158676,0.041556971235789386,0.04150547436287647
V7-B,43,Case4_R1336mzz_Stereo,[emim]__[Tf2N]__R1336mzz(Z)__342.9__0.31,Cation,Alkyl_Chain,Cation:Alkyl_Chain,3,0.005435538943856955,0.01460567582398653,0.00486855860799551,0.030330813069269234,0.030293227509505714
V7-B,43,Case4_R1336mzz_Stereo,[emim]__[Tf2N]__R1336mzz(Z)__342.9__0.31,Anion,CF3,Anion:CF3,8,0.04070434346795082,0.08712141960859299,0.010890177451074123,0.1809203164798407,0.1806961223129399
V7-B,43,Case4_R1336mzz_Stereo,[emim]__[Tf2N]__R1336mzz(Z)__342.9__0.31,Anion,Sulfonyl_SO2,Anion:Sulfonyl_SO2,6,0.0017572799697518349,0.06897182017564774,0.011495303362607956,0.1432300298873697,0.14305254104669907
V7-B,43,Case4_R1336mzz_Stereo,[emim]__[Tf2N]__R1336mzz(Z)__342.9__0.31,Anion,Sulfonimide_N,Anion:Sulfonimide_N,1,-0.005851408001035452,0.02257557399570942,0.02257557399570942,0.046881467386178335,0.04682337246500954
V7-B,43,Case4_R1336mzz_Stereo,[emim]__[Tf2N]__R1336mzz(Z)__342.9__0.31,Refri,CF3,Refri:CF3,8,-0.014676328748464584,0.11729774624109268,0.014662218280136585,0.24358585371601776,0.2432840052083143
V7-B,43,Case4_R1336mzz_Stereo,[emim]__[Tf2N]__R1336mzz(Z)__342.9__0.31,Refri,Alkene_C=C,Refri:Alkene_C=C,2,0.08721505850553513,0.15096193552017212,0.07548096776008606,0.31349444572210566,0.31310596737177887
V7-B,43,Case4_R1336mzz_Stereo,[emim]__[Tf2N]__R1336mzz(Z)__352.8__0.31,Cation,Imidazolium_Ring,Cation:Imidazolium_Ring,5,-0.0048646689392626286,0.01489101629704237,0.002978203259408474,0.037299937528563226,0.03725477393546189
V7-B,43,Case4_R1336mzz_Stereo,[emim]__[Tf2N]__R1336mzz(Z)__352.8__0.31,Cation,Alkyl_Chain,Cation:Alkyl_Chain,3,0.004973229020833969,0.011671710759401321,0.003890570253133774,0.029236022141994288,0.029200622516809622
V7-B,43,Case4_R1336mzz_Stereo,[emim]__[Tf2N]__R1336mzz(Z)__352.8__0.31,Anion,CF3,Anion:CF3,8,0.031533632427453995,0.06966675817966461,0.008708344772458076,0.1745055996235216,0.17429430436627713
V7-B,43,Case4_R1336mzz_Stereo,[emim]__[Tf2N]__R1336mzz(Z)__352.8__0.31,Anion,Sulfonyl_SO2,Anion:Sulfonyl_SO2,6,0.000971949310041964,0.05408923327922821,0.009014872213204702,0.13548605293540728,0.13532200341224135
V7-B,43,Case4_R1336mzz_Stereo,[emim]__[Tf2N]__R1336mzz(Z)__352.8__0.31,Anion,Sulfonimide_N,Anion:Sulfonimide_N,1,-0.004554625600576401,0.017427930608391762,0.017427930608391762,0.04365455721610227,0.043601699308294335
V7-B,43,Case4_R1336mzz_Stereo,[emim]__[Tf2N]__R1336mzz(Z)__352.8__0.31,Refri,CF3,Refri:CF3,8,-0.013706602156162262,0.10073549300432205,0.012591936625540257,0.25232848591513024,0.2520229609780705
V7-B,43,Case4_R1336mzz_Stereo,[emim]__[Tf2N]__R1336mzz(Z)__352.8__0.31,Refri,Alkene_C=C,Refri:Alkene_C=C,2,0.0758974552154541,0.13074146211147308,0.06537073105573654,0.3274892909840918,0.3270927596743082
V7-B,43,Case4_R1336mzz_Stereo,[emim]__[Tf2N]__R1336mzz(Z)__352.8__0.41,Cation,Imidazolium_Ring,Cation:Imidazolium_Ring,5,-0.008187465369701385,0.02377365343272686,0.004754730686545372,0.04722048016448616,0.04716499663703581
V7-B,43,Case4_R1336mzz_Stereo,[emim]__[Tf2N]__R1336mzz(Z)__352.8__0.41,Cation,Alkyl_Chain,Cation:Alkyl_Chain,3,0.003870435059070587,0.015333440154790878,0.005111146718263626,0.030456084872756927,0.030420299319217834
V7-B,43,Case4_R1336mzz_Stereo,[emim]__[Tf2N]__R1336mzz(Z)__352.8__0.41,Anion,CF3,Anion:CF3,8,0.044065430760383606,0.09361907839775085,0.011702384799718857,0.18595113481434336,0.18573264434459472
V7-B,43,Case4_R1336mzz_Stereo,[emim]__[Tf2N]__R1336mzz(Z)__352.8__0.41,Anion,Sulfonyl_SO2,Anion:Sulfonyl_SO2,6,0.0019223392009735107,0.07441366463899612,0.012402277439832687,0.14780433243025534,0.1476306640197032
V7-B,43,Case4_R1336mzz_Stereo,[emim]__[Tf2N]__R1336mzz(Z)__352.8__0.41,Anion,Sulfonimide_N,Anion:Sulfonimide_N,1,-0.006316946353763342,0.02429235726594925,0.02429235726594925,0.04825075698488445,0.04819406289388102
V7-B,43,Case4_R1336mzz_Stereo,[emim]__[Tf2N]__R1336mzz(Z)__352.8__0.41,Refri,CF3,Refri:CF3,8,-0.015690874308347702,0.1186305582523346,0.014828819781541824,0.23563025088709535,0.2353533880206508
V7-B,43,Case4_R1336mzz_Stereo,[emim]__[Tf2N]__R1336mzz(Z)__352.8__0.41,Refri,Alkene_C=C,Refri:Alkene_C=C,2,0.08882108330726624,0.15339791774749756,0.07669895887374878,0.3046870079420666,0.3043290041710327
V7-B,44,Case1_R1234yf,[emim]__[Ac]__R1234yf__313.15__0.311,Cation,Imidazolium_Ring,Cation:Imidazolium_Ring,5,0.008349371142685413,0.047581903636455536,0.009516380727291107,0.04833206220471764,0.048304259973061286
V7-B,44,Case1_R1234yf,[emim]__[Ac]__R1234yf__313.15__0.311,Cation,Alkyl_Chain,Cation:Alkyl_Chain,3,0.0008193212561309338,0.03790007904171944,0.012633359680573145,0.03849759756994356,0.038475452453906114
V7-B,44,Case1_R1234yf,[emim]__[Ac]__R1234yf__313.15__0.311,Anion,Carboxylate_COO,Anion:Carboxylate_COO,3,-0.019074995070695877,0.3357836604118347,0.1119278868039449,0.3410775005209841,0.3408813012435337
V7-B,44,Case1_R1234yf,[emim]__[Ac]__R1234yf__313.15__0.311,Anion,Alkyl_Chain,Anion:Alkyl_Chain,1,0.04740291088819504,0.07125231623649597,0.07125231623649597,0.07237565371247658,0.07233402079637483
V7-B,44,Case1_R1234yf,[emim]__[Ac]__R1234yf__313.15__0.311,Refri,CF3,Refri:CF3,4,-0.12557068467140198,0.1694527417421341,0.042363185435533524,0.1721242705465423,0.17202525886309405
V7-B,44,Case1_R1234yf,[emim]__[Ac]__R1234yf__313.15__0.311,Refri,Halogenated_Alkene,Refri:Halogenated_Alkene,2,0.13475094735622406,0.24895299971103668,0.12447649985551834,0.2528778999683837,0.25273243607474905
V7-B,44,Case1_R1234yf,[emim]__[Ac]__R1234yf__313.15__0.311,Refri,Unclassified,Refri:Unclassified,3,-0.06196245178580284,0.07355532050132751,0.024518440167109173,0.07471496628466814,0.07467198771710684
V7-B,44,Case1_R1234yf,[emim]__[BF4]__R1234yf__313.15__0.3919,Cation,Imidazolium_Ring,Cation:Imidazolium_Ring,5,0.011578953824937344,0.05673066899180412,0.011346133798360825,0.052480900062153335,0.05246177034441579
V7-B,44,Case1_R1234yf,[emim]__[BF4]__R1234yf__313.15__0.3919,Cation,Alkyl_Chain,Cation:Alkyl_Chain,3,0.0033212737180292606,0.04738033562898636,0.01579344520966212,0.04383101245316444,0.04381503569027762
V7-B,44,Case1_R1234yf,[emim]__[BF4]__R1234yf__313.15__0.3919,Anion,BF4_Core,Anion:BF4_Core,5,-0.1512632966041565,0.49400854110717773,0.09880170822143555,0.4570017124148755,0.45683513154919453
V7-B,44,Case1_R1234yf,[emim]__[BF4]__R1234yf__313.15__0.3919,Refri,CF3,Refri:CF3,4,-0.11820079386234283,0.16919559240341187,0.042298898100852966,0.15652092833883405,0.1564638751790065
V7-B,44,Case1_R1234yf,[emim]__[BF4]__R1234yf__313.15__0.3919,Refri,Halogenated_Alkene,Refri:Halogenated_Alkene,2,0.10698828101158142,0.23207440972328186,0.11603720486164093,0.2146894108622331,0.2146111548142962
V7-B,44,Case1_R1234yf,[emim]__[BF4]__R1234yf__313.15__0.3919,Refri,Unclassified,Refri:Unclassified,3,-0.06914596259593964,0.08158792555332184,0.027195975184440613,0.07547606688475475,0.07544855524044729
V7-B,44,Case1_R1234yf,[bmim]__[Ac]__R1234yf__313.15__0.561,Cation,Imidazolium_Ring,Cation:Imidazolium_Ring,5,0.005480647552758455,0.04309363663196564,0.008618727326393127,0.032731138735983274,0.03271080164845313
V7-B,44,Case1_R1234yf,[bmim]__[Ac]__R1234yf__313.15__0.561,Cation,Alkyl_Chain,Cation:Alkyl_Chain,5,0.05548858270049095,0.11031028628349304,0.02206205725669861,0.08378455768740614,0.08373249919053845
V7-B,44,Case1_R1234yf,[bmim]__[Ac]__R1234yf__313.15__0.561,Anion,Carboxylate_COO,Anion:Carboxylate_COO,3,-0.013467542827129364,0.41392064094543457,0.13797354698181152,0.31438734308216976,0.31419200240165734
V7-B,44,Case1_R1234yf,[bmim]__[Ac]__R1234yf__313.15__0.561,Anion,Alkyl_Chain,Anion:Alkyl_Chain,1,0.059186436235904694,0.08847886323928833,0.08847886323928833,0.0672028209784239,0.06716106533822039
V7-B,44,Case1_R1234yf,[bmim]__[Ac]__R1234yf__313.15__0.561,Refri,CF3,Refri:CF3,4,-0.16522641479969025,0.22534874081611633,0.05633718520402908,0.17116032612017226,0.17105397777213366
V7-B,44,Case1_R1234yf,[bmim]__[Ac]__R1234yf__313.15__0.561,Refri,Halogenated_Alkene,Refri:Halogenated_Alkene,2,0.17260822653770447,0.3339688181877136,0.1669844090938568,0.25366111045466955,0.25350350126643073
V7-B,44,Case1_R1234yf,[bmim]__[Ac]__R1234yf__313.15__0.561,Refri,Unclassified,Refri:Unclassified,3,-0.08640114963054657,0.10147349536418915,0.033824498454729714,0.07707270294117514,0.07702481477209729
V7-B,44,Case1_R1234yf,[bmim]__[PF6]__R1234yf__313.15__0.23,Cation,Imidazolium_Ring,Cation:Imidazolium_Ring,5,0.0028384223114699125,0.03201899304986,0.0064037986099720005,0.04506162645266172,0.04503893863751899
V7-B,44,Case1_R1234yf,[bmim]__[PF6]__R1234yf__313.15__0.23,Cation,Alkyl_Chain,Cation:Alkyl_Chain,5,0.04616242274641991,0.08647821843624115,0.01729564368724823,0.121704301237625,0.12164302504974804
V7-B,44,Case1_R1234yf,[bmim]__[PF6]__R1234yf__313.15__0.23,Anion,PF6_Core,Anion:PF6_Core,7,-0.0873991847038269,0.26284319162368774,0.037549027374812534,0.3699098749960155,0.3697236312333276
V7-B,44,Case1_R1234yf,[bmim]__[PF6]__R1234yf__313.15__0.23,Refri,CF3,Refri:CF3,4,-0.07655124366283417,0.11163763701915741,0.027909409254789352,0.1571121705664353,0.15703306707721196
V7-B,44,Case1_R1234yf,[bmim]__[PF6]__R1234yf__313.15__0.23,Refri,Halogenated_Alkene,Refri:Halogenated_Alkene,2,0.0840882956981659,0.17119720578193665,0.08559860289096832,0.24093276527066862,0.24081145943972992
V7-B,44,Case1_R1234yf,[bmim]__[PF6]__R1234yf__313.15__0.23,Refri,Unclassified,Refri:Unclassified,3,-0.038787174969911575,0.04638483375310898,0.015461611251036326,0.06527925623384184,0.06524638916235155
V7-B,44,Case2_R134_vs_R134a,[emim]__[BEI]__R134__283.149__0.01,Cation,Imidazolium_Ring,Cation:Imidazolium_Ring,5,0.007452450226992369,0.060832709074020386,0.012166541814804078,0.05080047556966421,0.05075804960117433
V7-B,44,Case2_R134_vs_R134a,[emim]__[BEI]__R134__283.149__0.01,Cation,Alkyl_Chain,Cation:Alkyl_Chain,3,-0.0010553813772276044,0.04886811599135399,0.016289371997117996,0.040809024788516245,0.04077494317057143
V7-B,44,Case2_R134_vs_R134a,[emim]__[BEI]__R134__283.149__0.01,Anion,CF3,Anion:CF3,8,0.06261786818504333,0.18245455622673035,0.022806819528341293,0.15236504122957634,0.152237793711405
V7-B,44,Case2_R134_vs_R134a,[emim]__[BEI]__R134__283.149__0.01,Anion,Sulfonyl_SO2,Anion:Sulfonyl_SO2,6,-0.02677951008081436,0.1428624838590622,0.023810413976510365,0.11930230021932829,0.1192026650176276
V7-B,44,Case2_R134_vs_R134a,[emim]__[BEI]__R134__283.149__0.01,Anion,Sulfonimide_N,Anion:Sulfonimide_N,1,-0.017671365290880203,0.04791504889726639,0.04791504889726639,0.04001313286842214,0.03997971593885169
V7-B,44,Case2_R134_vs_R134a,[emim]__[BEI]__R134__283.149__0.01,Anion,Alkyl_Chain,Anion:Alkyl_Chain,2,0.07003772258758545,0.0776442438364029,0.03882212191820145,0.06483953406278173,0.06478538338804496
V7-B,44,Case2_R134_vs_R134a,[emim]__[BEI]__R134__283.149__0.01,Anion,Unclassified,Anion:Unclassified,4,-0.019587084650993347,0.05976599082350731,0.014941497705876827,0.0499096752872213,0.04986799326973365
V7-B,44,Case2_R134_vs_R134a,[emim]__[BEI]__R134__283.149__0.01,Refri,CHF2,Refri:CHF2,6,0.06531459093093872,0.5771399736404419,0.09618999560674031,0.48196086574942737,0.48155835659426016
V7-B,44,Case2_R134_vs_R134a,[emim]__[BEI]__R134a__283.1__0.0103,Cation,Imidazolium_Ring,Cation:Imidazolium_Ring,5,0.0040636323392391205,0.02408452332019806,0.004816904664039612,0.08298876306418942,0.08295098331810165
V7-B,44,Case2_R134_vs_R134a,[emim]__[BEI]__R134a__283.1__0.0103,Cation,Alkyl_Chain,Cation:Alkyl_Chain,3,-0.0009839670965448022,0.017201822251081467,0.005733940750360489,0.0592728339310791,0.059245850607878014
V7-B,44,Case2_R134_vs_R134a,[emim]__[BEI]__R134a__283.1__0.0103,Anion,CF3,Anion:CF3,8,0.015593905933201313,0.04776805266737938,0.005971006583422422,0.16459580919030908,0.16452087870997992
V7-B,44,Case2_R134_vs_R134a,[emim]__[BEI]__R134a__283.1__0.0103,Anion,Sulfonyl_SO2,Anion:Sulfonyl_SO2,6,-0.007038390263915062,0.03580518066883087,0.005967530111471812,0.12337498299184378,0.12331881785142097
V7-B,44,Case2_R134_vs_R134a,[emim]__[BEI]__R134a__283.1__0.0103,Anion,Sulfonimide_N,Anion:Sulfonimide_N,1,-0.004376424476504326,0.011965262703597546,0.011965262703597546,0.0412290639224274,0.0412102948323854
V7-B,44,Case2_R134_vs_R134a,[emim]__[BEI]__R134a__283.1__0.0103,Anion,Alkyl_Chain,Anion:Alkyl_Chain,2,0.017811516299843788,0.019608523696660995,0.009804261848330498,0.06756567715567148,0.06753491860435755
V7-B,44,Case2_R134_vs_R134a,[emim]__[BEI]__R134a__283.1__0.0103,Anion,Unclassified,Anion:Unclassified,4,-0.006165555212646723,0.015699196606874466,0.0039247991517186165,0.05409519176214767,0.054070565505123416
V7-B,44,Case2_R134_vs_R134a,[emim]__[BEI]__R134a__283.1__0.0103,Refri,CF3,Refri:CF3,4,-0.005762999877333641,0.047604940831661224,0.011901235207915306,0.16403376985461557,0.163959095236678
V7-B,44,Case2_R134_vs_R134a,[emim]__[BEI]__R134a__283.1__0.0103,Refri,CH2F,Refri:CH2F,2,0.03849180415272713,0.07047677785158157,0.03523838892579079,0.24284394342766336,0.24273339132177696
V7-B,44,Case2_R134_vs_R134a,[emim]__[BEI]__R134__283.123__0.05,Cation,Imidazolium_Ring,Cation:Imidazolium_Ring,5,0.009581668302416801,0.07739122956991196,0.015478245913982391,0.045437147238250465,0.04539994811509428
V7-B,44,Case2_R134_vs_R134a,[emim]__[BEI]__R134__283.123__0.05,Cation,Alkyl_Chain,Cation:Alkyl_Chain,3,-0.0009125868091359735,0.06296011060476303,0.02098670353492101,0.0369644962560117,0.036934233642000665
V7-B,44,Case2_R134_vs_R134a,[emim]__[BEI]__R134__283.123__0.05,Anion,CF3,Anion:CF3,8,0.08644241839647293,0.25010740756988525,0.03126342594623566,0.14684050332685422,0.14672028587704536
V7-B,44,Case2_R134_vs_R134a,[emim]__[BEI]__R134__283.123__0.05,Anion,Sulfonyl_SO2,Anion:Sulfonyl_SO2,6,-0.035610541701316833,0.1960877925157547,0.032681298752625786,0.1151250593856147,0.1150308071817958
V7-B,44,Case2_R134_vs_R134a,[emim]__[BEI]__R134__283.123__0.05,Anion,Sulfonimide_N,Anion:Sulfonimide_N,1,-0.024044761434197426,0.06530294567346573,0.06530294567346573,0.038339997621775854,0.03830860889294871
V7-B,44,Case2_R134_vs_R134a,[emim]__[BEI]__R134__283.123__0.05,Anion,Alkyl_Chain,Anion:Alkyl_Chain,2,0.09648527204990387,0.10692982375621796,0.05346491187810898,0.06277954457077603,0.06272814732970515
V7-B,44,Case2_R134_vs_R134a,[emim]__[BEI]__R134__283.123__0.05,Anion,Unclassified,Anion:Unclassified,4,-0.0260603167116642,0.08185818791389465,0.020464546978473663,0.04805974213835246,0.04802039591229462
V7-B,44,Case2_R134_vs_R134a,[emim]__[BEI]__R134__283.123__0.05,Refri,CHF2,Refri:CHF2,6,0.0881589949131012,0.8626214265823364,0.14377023776372275,0.5064534700935864,0.5060388396391676
V7-B,44,Case2_R134_vs_R134a,[emim]__[BEI]__R134a__283.15__0.0504,Cation,Imidazolium_Ring,Cation:Imidazolium_Ring,5,0.0044959005899727345,0.029706016182899475,0.005941203236579895,0.06540638808579216,0.06537737745406035
V7-B,44,Case2_R134_vs_R134a,[emim]__[BEI]__R134a__283.15__0.0504,Cation,Alkyl_Chain,Cation:Alkyl_Chain,3,-0.0014090294716879725,0.02130492776632309,0.0071016425887743635,0.04690896164077582,0.04688815543742306
V7-B,44,Case2_R134_vs_R134a,[emim]__[BEI]__R134a__283.15__0.0504,Anion,CF3,Anion:CF3,8,0.022211482748389244,0.06718026101589203,0.008397532626986504,0.14791677876482484,0.1478511711182128
V7-B,44,Case2_R134_vs_R134a,[emim]__[BEI]__R134a__283.15__0.0504,Anion,Sulfonyl_SO2,Anion:Sulfonyl_SO2,6,-0.010219128802418709,0.050853513181209564,0.008475585530201593,0.11196872034867011,0.11191905725907621
V7-B,44,Case2_R134_vs_R134a,[emim]__[BEI]__R134a__283.15__0.0504,Anion,Sulfonimide_N,Anion:Sulfonimide_N,1,-0.006336234509944916,0.01732967048883438,0.01732967048883438,0.038156282768205506,0.03813935876582532
V7-B,44,Case2_R134_vs_R134a,[emim]__[BEI]__R134a__283.15__0.0504,Anion,Alkyl_Chain,Anion:Alkyl_Chain,2,0.02510187029838562,0.027653496712446213,0.013826748356223106,0.06088717271165554,0.06086016655222028
V7-B,44,Case2_R134_vs_R134a,[emim]__[BEI]__R134a__283.15__0.0504,Anion,Unclassified,Anion:Unclassified,4,-0.008539397269487381,0.021996187046170235,0.005499046761542559,0.04843096891523542,0.04840948763420562
V7-B,44,Case2_R134_vs_R134a,[emim]__[BEI]__R134a__283.15__0.0504,Refri,CF3,Refri:CF3,4,-0.011470481753349304,0.08651215583086014,0.021628038957715034,0.19048153759739417,0.1903970505938969
V7-B,44,Case2_R134_vs_R134a,[emim]__[BEI]__R134a__283.15__0.0504,Refri,CH2F,Refri:CH2F,2,0.07184290140867233,0.13163982331752777,0.06581991165876389,0.2898431522570773,0.28971459397406846
V7-B,44,Case2_R134_vs_R134a,[emim]__[BEI]__R134__283.132__0.1,Cation,Imidazolium_Ring,Cation:Imidazolium_Ring,5,0.01425553672015667,0.09445170313119888,0.018890340626239777,0.04273252701800409,0.04269978501514249
V7-B,44,Case2_R134_vs_R134a,[emim]__[BEI]__R134__283.132__0.1,Cation,Alkyl_Chain,Cation:Alkyl_Chain,3,0.00014698447193950415,0.07610674202442169,0.025368914008140564,0.034432766186262696,0.03440638352631543
V7-B,44,Case2_R134_vs_R134a,[emim]__[BEI]__R134__283.132__0.1,Anion,CF3,Anion:CF3,8,0.1093449741601944,0.3153120279312134,0.03941400349140167,0.14265576274422453,0.14254645876156916
V7-B,44,Case2_R134_vs_R134a,[emim]__[BEI]__R134__283.132__0.1,Anion,Sulfonyl_SO2,Anion:Sulfonyl_SO2,6,-0.04050883650779724,0.24577343463897705,0.04096223910649618,0.11119460621508478,0.11110940802136794
V7-B,44,Case2_R134_vs_R134a,[emim]__[BEI]__R134__283.132__0.1,Anion,Sulfonimide_N,Anion:Sulfonimide_N,1,-0.02921913005411625,0.07963994145393372,0.07963994145393372,0.03603128198932763,0.03600367453382881
V7-B,44,Case2_R134_vs_R134a,[emim]__[BEI]__R134__283.132__0.1,Anion,Alkyl_Chain,Anion:Alkyl_Chain,2,0.12239512801170349,0.135263592004776,0.067631796002388,0.06119693884045058,0.06115004925805375
V7-B,44,Case2_R134_vs_R134a,[emim]__[BEI]__R134__283.132__0.1,Anion,Unclassified,Anion:Unclassified,4,-0.03160355985164642,0.10327987372875214,0.025819968432188034,0.046726632217520415,0.04669082989941424
V7-B,44,Case2_R134_vs_R134a,[emim]__[BEI]__R134__283.132__0.1,Refri,CHF2,Refri:CHF2,6,0.09860257059335709,1.1604727506637573,0.19341212511062622,0.525029528610122,0.524627246799806
V7-B,44,Case2_R134_vs_R134a,[emim]__[BEI]__R134a__283.1__0.1003,Cation,Imidazolium_Ring,Cation:Imidazolium_Ring,5,0.006631727330386639,0.03930193930864334,0.007860387861728668,0.05267394027363599,0.052652070669289175
V7-B,44,Case2_R134_vs_R134a,[emim]__[BEI]__R134a__283.1__0.1003,Cation,Alkyl_Chain,Cation:Alkyl_Chain,3,-0.0013404233613982797,0.027998365461826324,0.009332788487275442,0.03752446459483835,0.03750888487572578
V7-B,44,Case2_R134_vs_R134a,[emim]__[BEI]__R134a__283.1__0.1003,Anion,CF3,Anion:CF3,8,0.03254805505275726,0.0998377725481987,0.012479721568524837,0.13380634545685485,0.13375079062615425
V7-B,44,Case2_R134_vs_R134a,[emim]__[BEI]__R134a__283.1__0.1003,Anion,Sulfonyl_SO2,Anion:Sulfonyl_SO2,6,-0.015138331800699234,0.07647508382797241,0.01274584730466207,0.10249478954057688,0.10245223490192219
V7-B,44,Case2_R134_vs_R134a,[emim]__[BEI]__R134a__283.1__0.1003,Anion,Sulfonimide_N,Anion:Sulfonimide_N,1,-0.009553276002407074,0.025698766112327576,0.025698766112327576,0.03444245487929868,0.03442815477459737
V7-B,44,Case2_R134_vs_R134a,[emim]__[BEI]__R134a__283.1__0.1003,Anion,Alkyl_Chain,Anion:Alkyl_Chain,2,0.037460315972566605,0.04137060046195984,0.02068530023097992,0.05544643791504934,0.05542341720208685
V7-B,44,Case2_R134_vs_R134a,[emim]__[BEI]__R134a__283.1__0.1003,Anion,Unclassified,Anion:Unclassified,4,-0.01254106592386961,0.032842181622982025,0.008210545405745506,0.044016329567849406,0.04399805450227719
V7-B,44,Case2_R134_vs_R134a,[emim]__[BEI]__R134a__283.1__0.1003,Refri,CF3,Refri:CF3,4,-0.03484070673584938,0.15740059316158295,0.03935014829039574,0.2109542070715261,0.2108666213503899
V7-B,44,Case2_R134_vs_R134a,[emim]__[BEI]__R134a__283.1__0.1003,Refri,CH2F,Refri:CH2F,2,0.13079532980918884,0.2452109158039093,0.12260545790195465,0.32864091087378344,0.32850446300875474
V7-B,44,Case2_R134_vs_R134a,[emim]__[BEI]__R134__283.149__0.15,Cation,Imidazolium_Ring,Cation:Imidazolium_Ring,5,0.016361981630325317,0.09647327661514282,0.019294655323028563,0.038743067168919315,0.038714000253992416
V7-B,44,Case2_R134_vs_R134a,[emim]__[BEI]__R134__283.149__0.15,Cation,Alkyl_Chain,Cation:Alkyl_Chain,3,0.0010045514209195971,0.07685915380716324,0.02561971793572108,0.030866157582439005,0.030843000304450214
V7-B,44,Case2_R134_vs_R134a,[emim]__[BEI]__R134__283.149__0.15,Anion,CF3,Anion:CF3,8,0.11940022557973862,0.34520596265792847,0.04315074533224106,0.13863256507521055,0.13852855624809396
V7-B,44,Case2_R134_vs_R134a,[emim]__[BEI]__R134__283.149__0.15,Anion,Sulfonyl_SO2,Anion:Sulfonyl_SO2,6,-0.04231272265315056,0.2688085436820984,0.044801423947016396,0.10795183732590487,0.1078708466583856
V7-B,44,Case2_R134_vs_R134a,[emim]__[BEI]__R134__283.149__0.15,Anion,Sulfonimide_N,Anion:Sulfonimide_N,1,-0.031544022262096405,0.08582271635532379,0.08582271635532379,0.03446586848747614,0.03444001053299775
V7-B,44,Case2_R134_vs_R134a,[emim]__[BEI]__R134__283.149__0.15,Anion,Alkyl_Chain,Anion:Alkyl_Chain,2,0.13434453308582306,0.14834073185920715,0.07417036592960358,0.05957271422670652,0.059528019907363075
V7-B,44,Case2_R134_vs_R134a,[emim]__[BEI]__R134__283.149__0.15,Anion,Unclassified,Anion:Unclassified,4,-0.034127116203308105,0.1132463738322258,0.02831159345805645,0.04547903856859144,0.04544491800350384
V7-B,44,Case2_R134_vs_R134a,[emim]__[BEI]__R134__283.149__0.15,Refri,CHF2,Refri:CHF2,6,0.0972176268696785,1.3553215265274048,0.2258869210879008,0.5442886857384032,0.5438803341524263
V7-B,44,Case2_R134_vs_R134a,[emim]__[BEI]__R134a__283.15__0.1502,Cation,Imidazolium_Ring,Cation:Imidazolium_Ring,5,0.009276598691940308,0.04877230525016785,0.00975446105003357,0.04403974119429609,0.044021813569387
V7-B,44,Case2_R134_vs_R134a,[emim]__[BEI]__R134a__283.15__0.1502,Cation,Alkyl_Chain,Cation:Alkyl_Chain,3,-0.000495938234962523,0.03557278960943222,0.011857596536477407,0.03212102524010076,0.032107949466343155
V7-B,44,Case2_R134_vs_R134a,[emim]__[BEI]__R134a__283.15__0.1502,Anion,CF3,Anion:CF3,8,0.04515206068754196,0.13899050652980804,0.017373813316226006,0.1255037239810559,0.12545263413295027
V7-B,44,Case2_R134_vs_R134a,[emim]__[BEI]__R134a__283.15__0.1502,Anion,Sulfonyl_SO2,Anion:Sulfonyl_SO2,6,-0.020350847393274307,0.10726995766162872,0.01787832627693812,0.0968611417711278,0.0968217116979519
V7-B,44,Case2_R134_vs_R134a,[emim]__[BEI]__R134a__283.15__0.1502,Anion,Sulfonimide_N,Anion:Sulfonimide_N,1,-0.013271017000079155,0.035379186272621155,0.035379186272621155,0.03194620797846472,0.03193320336902846
V7-B,44,Case2_R134_vs_R134a,[emim]__[BEI]__R134a__283.15__0.1502,Anion,Alkyl_Chain,Anion:Alkyl_Chain,2,0.052531078457832336,0.058077432215213776,0.029038716107606888,0.05244195595980133,0.052420607975220794
V7-B,44,Case2_R134_vs_R134a,[emim]__[BEI]__R134a__283.15__0.1502,Anion,Unclassified,Anion:Unclassified,4,-0.016950227320194244,0.04587137699127197,0.011467844247817993,0.04142030114343743,0.04140343983584606
V7-B,44,Case2_R134_vs_R134a,[emim]__[BEI]__R134a__283.15__0.1502,Refri,CF3,Refri:CF3,4,-0.07130403816699982,0.24869732558727264,0.06217433139681816,0.22456526912964375,0.22447385347179954
V7-B,44,Case2_R134_vs_R134a,[emim]__[BEI]__R134a__283.15__0.1502,Refri,CH2F,Refri:CH2F,2,0.20292192697525024,0.388830304145813,0.1944151520729065,0.3511006066915836,0.3509576812380858
V7-B,44,Case3_BF4_vs_PF6,[bmim]__[BF4]__R32__283.1__0.01,Cation,Imidazolium_Ring,Cation:Imidazolium_Ring,5,0.00128665950614959,0.01164698414504528,0.002329396829009056,0.09985869502309824,0.0998339548211298
V7-B,44,Case3_BF4_vs_PF6,[bmim]__[BF4]__R32__283.1__0.01,Cation,Alkyl_Chain,Cation:Alkyl_Chain,5,0.009982562623918056,0.02316388487815857,0.004632776975631714,0.1986020833197589,0.19855287923541207
V7-B,44,Case3_BF4_vs_PF6,[bmim]__[BF4]__R32__283.1__0.01,Anion,BF4_Core,Anion:BF4_Core,5,-0.012152205221354961,0.04646772891283035,0.009293545782566071,0.3984041458403042,0.39830544037423665
V7-B,44,Case3_BF4_vs_PF6,[bmim]__[BF4]__R32__283.1__0.01,Refri,CH2F,Refri:CH2F,3,0.004954125732183456,0.035356052219867706,0.011785350739955902,0.30313505984692646,0.30305995749752573
V7-B,44,Case3_BF4_vs_PF6,[bmim]__[PF6]__R32__283.2__0.0098,Cation,Imidazolium_Ring,Cation:Imidazolium_Ring,5,0.0010589808225631714,0.01213010586798191,0.002426021173596382,0.10275838926979337,0.1027304781253693
V7-B,44,Case3_BF4_vs_PF6,[bmim]__[PF6]__R32__283.2__0.0098,Cation,Alkyl_Chain,Cation:Alkyl_Chain,5,0.012478150427341461,0.02686501294374466,0.0053730025887489315,0.22758296488558463,0.22752114899837075
V7-B,44,Case3_BF4_vs_PF6,[bmim]__[PF6]__R32__283.2__0.0098,Anion,PF6_Core,Anion:PF6_Core,7,-0.012246142141520977,0.04296921193599701,0.006138458847999573,0.364007293488695,0.36390842214386193
V7-B,44,Case3_BF4_vs_PF6,[bmim]__[PF6]__R32__283.2__0.0098,Refri,CH2F,Refri:CH2F,3,0.005878834053874016,0.03608059138059616,0.012026863793532053,0.30565136813504856,0.3055683473759645
V7-B,44,Case3_BF4_vs_PF6,[bmim]__[BF4]__R32__283.1__0.0998,Cation,Imidazolium_Ring,Cation:Imidazolium_Ring,5,0.0014211623929440975,0.022460345178842545,0.004492069035768509,0.06459197037513945,0.0645766998442823
V7-B,44,Case3_BF4_vs_PF6,[bmim]__[BF4]__R32__283.1__0.0998,Cation,Alkyl_Chain,Cation:Alkyl_Chain,5,0.0284970011562109,0.05633651465177536,0.011267302930355072,0.1620138273232721,0.1619755247736664
V7-B,44,Case3_BF4_vs_PF6,[bmim]__[BF4]__R32__283.1__0.0998,Anion,BF4_Core,Anion:BF4_Core,5,-0.03594086319208145,0.13413074612617493,0.026826149225234984,0.38573624364145737,0.3856450496868987
V7-B,44,Case3_BF4_vs_PF6,[bmim]__[BF4]__R32__283.1__0.0998,Refri,CH2F,Refri:CH2F,3,-0.004184335470199585,0.13479897379875183,0.04493299126625061,0.38765794794685665,0.3875662996719742
V7-B,44,Case3_BF4_vs_PF6,[bmim]__[PF6]__R32__283.2__0.0996,Cation,Imidazolium_Ring,Cation:Imidazolium_Ring,5,0.0010895219165831804,0.025179423391819,0.0050358846783638,0.07333650301503132,0.07331688478517658
V7-B,44,Case3_BF4_vs_PF6,[bmim]__[PF6]__R32__283.2__0.0996,Cation,Alkyl_Chain,Cation:Alkyl_Chain,5,0.03339020535349846,0.06506197154521942,0.013012394309043884,0.18949669331745456,0.1894460011037086
V7-B,44,Case3_BF4_vs_PF6,[bmim]__[PF6]__R32__283.2__0.0996,Anion,PF6_Core,Anion:PF6_Core,7,-0.03483027219772339,0.12350817769765854,0.01764402538537979,0.35972459357620823,0.3596283637388005
V7-B,44,Case3_BF4_vs_PF6,[bmim]__[PF6]__R32__283.2__0.0996,Refri,CH2F,Refri:CH2F,3,-0.0009946376085281372,0.12959137558937073,0.04319712519645691,0.3774422534917856,0.3773412840075387
V7-B,44,Case3_BF4_vs_PF6,[bmim]__[BF4]__R32__283.2__0.2499,Cation,Imidazolium_Ring,Cation:Imidazolium_Ring,5,-0.0009640676435083151,0.02989303693175316,0.0059786073863506315,0.05910907457270664,0.0590937892062397
V7-B,44,Case3_BF4_vs_PF6,[bmim]__[BF4]__R32__283.2__0.2499,Cation,Alkyl_Chain,Cation:Alkyl_Chain,5,0.06040091812610626,0.10526642948389053,0.021053285896778108,0.20814884899688685,0.20809502255044715
V7-B,44,Case3_BF4_vs_PF6,[bmim]__[BF4]__R32__283.2__0.2499,Anion,BF4_Core,Anion:BF4_Core,5,-0.04990517348051071,0.20708595216274261,0.041417190432548524,0.4094819478293009,0.409376057461715
V7-B,44,Case3_BF4_vs_PF6,[bmim]__[BF4]__R32__283.2__0.2499,Refri,CH2F,Refri:CH2F,3,-0.07683553546667099,0.16348128020763397,0.054493760069211326,0.32326013596731806,0.32317654220987674
V7-B,44,Case3_BF4_vs_PF6,[bmim]__[PF6]__R32__283.2__0.2497,Cation,Imidazolium_Ring,Cation:Imidazolium_Ring,5,-0.0010107406415045261,0.03638865053653717,0.007277730107307434,0.06269812676970654,0.06268120099965539
V7-B,44,Case3_BF4_vs_PF6,[bmim]__[PF6]__R32__283.2__0.2497,Cation,Alkyl_Chain,Cation:Alkyl_Chain,5,0.07210922986268997,0.12674425542354584,0.02534885108470917,0.21838203057017683,0.2183230769104238
V7-B,44,Case3_BF4_vs_PF6,[bmim]__[PF6]__R32__283.2__0.2497,Anion,PF6_Core,Anion:PF6_Core,7,-0.059305574744939804,0.22140103578567505,0.03162871939795358,0.3814769166747885,0.3813739344821119
V7-B,44,Case3_BF4_vs_PF6,[bmim]__[PF6]__R32__283.2__0.2497,Refri,CH2F,Refri:CH2F,3,-0.07186511904001236,0.1958446502685547,0.06528155008951823,0.33744292598532816,0.3373518310569008
V7-B,44,Case3_BF4_vs_PF6,[bmim]__[BF4]__R32__283.2__0.3995,Cation,Imidazolium_Ring,Cation:Imidazolium_Ring,5,-0.005155677907168865,0.031614240258932114,0.006322848051786423,0.04570707561425254,0.04569356201790653
V7-B,44,Case3_BF4_vs_PF6,[bmim]__[BF4]__R32__283.2__0.3995,Cation,Alkyl_Chain,Cation:Alkyl_Chain,5,0.09028765559196472,0.14964886009693146,0.02992977201938629,0.2163585684177435,0.21629460058956146
V7-B,44,Case3_BF4_vs_PF6,[bmim]__[BF4]__R32__283.2__0.3995,Anion,BF4_Core,Anion:BF4_Core,5,-0.06375203281641006,0.27599936723709106,0.05519987344741821,0.39903296250262943,0.3989149857930818
V7-B,44,Case3_BF4_vs_PF6,[bmim]__[BF4]__R32__283.2__0.3995,Refri,CH2F,Refri:CH2F,3,-0.08995643258094788,0.23440812528133392,0.07813604176044464,0.33890138807944326,0.33880118966381373
V7-B,44,Case3_BF4_vs_PF6,[bmim]__[PF6]__R32__283.2__0.3996,Cation,Imidazolium_Ring,Cation:Imidazolium_Ring,5,-0.004901398904621601,0.03360039368271828,0.006720078736543655,0.0478584758379335,0.04784428854652039
V7-B,44,Case3_BF4_vs_PF6,[bmim]__[PF6]__R32__283.2__0.3996,Cation,Alkyl_Chain,Cation:Alkyl_Chain,5,0.09315725415945053,0.15530529618263245,0.031061059236526488,0.22120796664005982,0.22114239117342246
V7-B,44,Case3_BF4_vs_PF6,[bmim]__[PF6]__R32__283.2__0.3996,Anion,PF6_Core,Anion:PF6_Core,7,-0.06287506222724915,0.2512193024158478,0.03588847177369254,0.35782238232747693,0.3577163085271034
V7-B,44,Case3_BF4_vs_PF6,[bmim]__[PF6]__R32__283.2__0.3996,Refri,CH2F,Refri:CH2F,3,-0.08303559571504593,0.2619532346725464,0.0873177448908488,0.3731111805006198,0.37300057444903606
V7-B,44,Case4_R1336mzz_Stereo,[emim]__[Tf2N]__R1336mzz(E)__293.1__0.194,Cation,Imidazolium_Ring,Cation:Imidazolium_Ring,5,0.011747797951102257,0.05948825180530548,0.011897650361061097,0.04056783376722872,0.04055431001808706
V7-B,44,Case4_R1336mzz_Stereo,[emim]__[Tf2N]__R1336mzz(E)__293.1__0.194,Cation,Alkyl_Chain,Cation:Alkyl_Chain,3,0.0016092369332909584,0.04675642400979996,0.015585474669933319,0.03188540223013343,0.031874772868370725
V7-B,44,Case4_R1336mzz_Stereo,[emim]__[Tf2N]__R1336mzz(E)__293.1__0.194,Anion,CF3,Anion:CF3,8,0.0711994469165802,0.2585490345954895,0.03231862932443619,0.1763167337724966,0.17625795658240312
V7-B,44,Case4_R1336mzz_Stereo,[emim]__[Tf2N]__R1336mzz(E)__293.1__0.194,Anion,Sulfonyl_SO2,Anion:Sulfonyl_SO2,6,-0.032282426953315735,0.23170709609985352,0.038617849349975586,0.1580119548315222,0.15795927974783924
V7-B,44,Case4_R1336mzz_Stereo,[emim]__[Tf2N]__R1336mzz(E)__293.1__0.194,Anion,Sulfonimide_N,Anion:Sulfonimide_N,1,-0.027609650045633316,0.07355561852455139,0.07355561852455139,0.05016103204235634,0.050144310291376976
V7-B,44,Case4_R1336mzz_Stereo,[emim]__[Tf2N]__R1336mzz(E)__293.1__0.194,Refri,CF3,Refri:CF3,8,-0.14850297570228577,0.37923842668533325,0.047404803335666656,0.2586205004354129,0.25853428634789594
V7-B,44,Case4_R1336mzz_Stereo,[emim]__[Tf2N]__R1336mzz(E)__293.1__0.194,Refri,Alkene_C=C,Refri:Alkene_C=C,2,0.20058271288871765,0.41709476709365845,0.20854738354682922,0.2844365175163451,0.2843416973656885
V7-B,44,Case4_R1336mzz_Stereo,[emim]__[Tf2N]__R1336mzz(E)__293.1__0.223,Cation,Imidazolium_Ring,Cation:Imidazolium_Ring,5,0.009679097682237625,0.05477982759475708,0.010955965518951416,0.03609565842578434,0.036083627568527496
V7-B,44,Case4_R1336mzz_Stereo,[emim]__[Tf2N]__R1336mzz(E)__293.1__0.223,Cation,Alkyl_Chain,Cation:Alkyl_Chain,3,0.0014341026544570923,0.0440591536462307,0.014686384548743566,0.029031565639606068,0.02902188927858689
V7-B,44,Case4_R1336mzz_Stereo,[emim]__[Tf2N]__R1336mzz(E)__293.1__0.223,Anion,CF3,Anion:CF3,8,0.07357820868492126,0.2627844214439392,0.0328480526804924,0.17315455583809874,0.1730968425884861
V7-B,44,Case4_R1336mzz_Stereo,[emim]__[Tf2N]__R1336mzz(E)__293.1__0.223,Anion,Sulfonyl_SO2,Anion:Sulfonyl_SO2,6,-0.032993756234645844,0.23720094561576843,0.0395334909359614,0.15629702916478835,0.15624493461021977
V7-B,44,Case4_R1336mzz_Stereo,[emim]__[Tf2N]__R1336mzz(E)__293.1__0.223,Anion,Sulfonimide_N,Anion:Sulfonimide_N,1,-0.028368037194013596,0.07622045278549194,0.07622045278549194,0.05022336779072041,0.05020662809971046
V7-B,44,Case4_R1336mzz_Stereo,[emim]__[Tf2N]__R1336mzz(E)__293.1__0.223,Refri,CF3,Refri:CF3,8,-0.15222212672233582,0.4011305570602417,0.05014131963253021,0.26431393101311723,0.2642258339035562
V7-B,44,Case4_R1336mzz_Stereo,[emim]__[Tf2N]__R1336mzz(E)__293.1__0.223,Refri,Alkene_C=C,Refri:Alkene_C=C,2,0.21101918816566467,0.4414539933204651,0.22072699666023254,0.2908839485854656,0.2907869955607429
V7-B,44,Case4_R1336mzz_Stereo,[emim]__[Tf2N]__R1336mzz(E)__303__0.228,Cation,Imidazolium_Ring,Cation:Imidazolium_Ring,5,0.008956456556916237,0.05052205175161362,0.010104410350322723,0.03914474723305241,0.039131773682821815
V7-B,44,Case4_R1336mzz_Stereo,[emim]__[Tf2N]__R1336mzz(E)__303__0.228,Cation,Alkyl_Chain,Cation:Alkyl_Chain,3,0.0008788617560639977,0.03975168988108635,0.01325056329369545,0.030799815101177345,0.03078960727058569
V7-B,44,Case4_R1336mzz_Stereo,[emim]__[Tf2N]__R1336mzz(E)__303__0.228,Anion,CF3,Anion:CF3,8,0.061622437089681625,0.22619101405143738,0.028273876756429672,0.17525396860289882,0.17519588504570419
V7-B,44,Case4_R1336mzz_Stereo,[emim]__[Tf2N]__R1336mzz(E)__303__0.228,Anion,Sulfonyl_SO2,Anion:Sulfonyl_SO2,6,-0.02936871349811554,0.20355358719825745,0.03392559786637624,0.15771437309060574,0.15766210259491967
V7-B,44,Case4_R1336mzz_Stereo,[emim]__[Tf2N]__R1336mzz(E)__303__0.228,Anion,Sulfonimide_N,Anion:Sulfonimide_N,1,-0.02455832064151764,0.06535525619983673,0.06535525619983673,0.05063759082611447,0.050620808259497614
V7-B,44,Case4_R1336mzz_Stereo,[emim]__[Tf2N]__R1336mzz(E)__303__0.228,Refri,CF3,Refri:CF3,8,-0.12488341331481934,0.3345103859901428,0.04181379824876785,0.2591803787144634,0.25909447984169726
V7-B,44,Case4_R1336mzz_Stereo,[emim]__[Tf2N]__R1336mzz(E)__303__0.228,Refri,Alkene_C=C,Refri:Alkene_C=C,2,0.1774781048297882,0.37076300382614136,0.18538150191307068,0.2872690946815715,0.28717388650440895
V7-B,44,Case4_R1336mzz_Stereo,[emim]__[Tf2N]__R1336mzz(E)__303__0.293,Cation,Imidazolium_Ring,Cation:Imidazolium_Ring,5,0.008866816759109497,0.0523362010717392,0.010467240214347839,0.03593260216631188,0.03592043126383023
V7-B,44,Case4_R1336mzz_Stereo,[emim]__[Tf2N]__R1336mzz(E)__303__0.293,Cation,Alkyl_Chain,Cation:Alkyl_Chain,3,0.001198295154608786,0.042272958904504776,0.014090986301501593,0.02902345572668337,0.029013625054034202
V7-B,44,Case4_R1336mzz_Stereo,[emim]__[Tf2N]__R1336mzz(E)__303__0.293,Anion,CF3,Anion:CF3,8,0.06802360713481903,0.2512034475803375,0.03140043094754219,0.1724694066414456,0.17241098870890664
V7-B,44,Case4_R1336mzz_Stereo,[emim]__[Tf2N]__R1336mzz(E)__303__0.293,Anion,Sulfonyl_SO2,Anion:Sulfonyl_SO2,6,-0.033128540962934494,0.22537320852279663,0.0375622014204661,0.15473507199527783,0.1546826609435252
V7-B,44,Case4_R1336mzz_Stereo,[emim]__[Tf2N]__R1336mzz(E)__303__0.293,Anion,Sulfonimide_N,Anion:Sulfonimide_N,1,-0.02724173665046692,0.07212740927934647,0.07212740927934647,0.04952070364008524,0.049503930247163784
V7-B,44,Case4_R1336mzz_Stereo,[emim]__[Tf2N]__R1336mzz(E)__303__0.293,Refri,CF3,Refri:CF3,8,-0.14577797055244446,0.3805650472640991,0.04757063090801239,0.2612855377676369,0.26119703650114595
V7-B,44,Case4_R1336mzz_Stereo,[emim]__[Tf2N]__R1336mzz(E)__303__0.293,Refri,Alkene_C=C,Refri:Alkene_C=C,2,0.21071763336658478,0.4326319098472595,0.21631595492362976,0.29703321950487693,0.2969326099711818
V7-B,44,Case4_R1336mzz_Stereo,[emim]__[Tf2N]__R1336mzz(E)__322.5__0.336,Cation,Imidazolium_Ring,Cation:Imidazolium_Ring,5,0.007282644044607878,0.04438263177871704,0.008876526355743408,0.041317703915637015,0.04130398042451544
V7-B,44,Case4_R1336mzz_Stereo,[emim]__[Tf2N]__R1336mzz(E)__322.5__0.336,Cation,Alkyl_Chain,Cation:Alkyl_Chain,3,0.00035323918564245105,0.03478847071528435,0.011596156905094782,0.032386086067595465,0.03237532917351639
V7-B,44,Case4_R1336mzz_Stereo,[emim]__[Tf2N]__R1336mzz(E)__322.5__0.336,Anion,CF3,Anion:CF3,8,0.05088420957326889,0.19110795855522156,0.023888494819402695,0.17791063150277037,0.1778515392798132
V7-B,44,Case4_R1336mzz_Stereo,[emim]__[Tf2N]__R1336mzz(E)__322.5__0.336,Anion,Sulfonyl_SO2,Anion:Sulfonyl_SO2,6,-0.025241287425160408,0.17033764719963074,0.02838960786660512,0.15857465388196101,0.15852198401775225
V7-B,44,Case4_R1336mzz_Stereo,[emim]__[Tf2N]__R1336mzz(E)__322.5__0.336,Anion,Sulfonimide_N,Anion:Sulfonimide_N,1,-0.020658601075410843,0.05465083569288254,0.05465083569288254,0.05087681729102547,0.05085991878301998
V7-B,44,Case4_R1336mzz_Stereo,[emim]__[Tf2N]__R1336mzz(E)__322.5__0.336,Refri,CF3,Refri:CF3,8,-0.09805086255073547,0.269672691822052,0.0337090864777565,0.2510499262501927,0.2509665411366104
V7-B,44,Case4_R1336mzz_Stereo,[emim]__[Tf2N]__R1336mzz(E)__322.5__0.336,Refri,Alkene_C=C,Refri:Alkene_C=C,2,0.1500077247619629,0.3092394471168518,0.1546197235584259,0.28788432328018015,0.28778870378586746
V7-B,44,Case4_R1336mzz_Stereo,[emim]__[Tf2N]__R1336mzz(E)__322.5__0.488,Cation,Imidazolium_Ring,Cation:Imidazolium_Ring,5,0.00966373085975647,0.05354278162121773,0.010708556324243546,0.04045640599189754,0.040442426862266796
V7-B,44,Case4_R1336mzz_Stereo,[emim]__[Tf2N]__R1336mzz(E)__322.5__0.488,Cation,Alkyl_Chain,Cation:Alkyl_Chain,3,0.0014665541239082813,0.04352899268269539,0.01450966422756513,0.032890084285266366,0.03287871958935437
V7-B,44,Case4_R1336mzz_Stereo,[emim]__[Tf2N]__R1336mzz(E)__322.5__0.488,Anion,CF3,Anion:CF3,8,0.060386430472135544,0.22963377833366394,0.028704222291707993,0.17350905359086993,0.17344910003116074
V7-B,44,Case4_R1336mzz_Stereo,[emim]__[Tf2N]__R1336mzz(E)__322.5__0.488,Anion,Sulfonyl_SO2,Anion:Sulfonyl_SO2,6,-0.029894549399614334,0.20201927423477173,0.033669879039128624,0.15264380237936045,0.15259105850732152
V7-B,44,Case4_R1336mzz_Stereo,[emim]__[Tf2N]__R1336mzz(E)__322.5__0.488,Anion,Sulfonimide_N,Anion:Sulfonimide_N,1,-0.024210654199123383,0.06316658109426498,0.06316658109426498,0.04772805544449007,0.04771156370090277
V7-B,44,Case4_R1336mzz_Stereo,[emim]__[Tf2N]__R1336mzz(E)__322.5__0.488,Refri,CF3,Refri:CF3,8,-0.12601356208324432,0.3243996202945709,0.040549952536821365,0.24511320377598425,0.24502850843130936
V7-B,44,Case4_R1336mzz_Stereo,[emim]__[Tf2N]__R1336mzz(E)__322.5__0.488,Refri,Alkene_C=C,Refri:Alkene_C=C,2,0.20834849774837494,0.407177597284317,0.2035887986421585,0.3076594395688223,0.30755313227131503
V7-B,44,Case4_R1336mzz_Stereo,[emim]__[Tf2N]__R1336mzz(E)__332.9__0.381,Cation,Imidazolium_Ring,Cation:Imidazolium_Ring,5,0.006517068482935429,0.039022382348775864,0.0078044764697551726,0.04309695893443391,0.04308294135731306
V7-B,44,Case4_R1336mzz_Stereo,[emim]__[Tf2N]__R1336mzz(E)__332.9__0.381,Cation,Alkyl_Chain,Cation:Alkyl_Chain,3,0.00026239390717819333,0.030521152541041374,0.010173717513680458,0.033708061336088994,0.03369709756135742
V7-B,44,Case4_R1336mzz_Stereo,[emim]__[Tf2N]__R1336mzz(E)__332.9__0.381,Anion,CF3,Anion:CF3,8,0.0421096608042717,0.16303390264511108,0.020379237830638885,0.18005731542521425,0.17999875056663603
V7-B,44,Case4_R1336mzz_Stereo,[emim]__[Tf2N]__R1336mzz(E)__332.9__0.381,Anion,Sulfonyl_SO2,Anion:Sulfonyl_SO2,6,-0.021887127310037613,0.1439722180366516,0.02399536967277527,0.1590052783801803,0.15895356083891
V7-B,44,Case4_R1336mzz_Stereo,[emim]__[Tf2N]__R1336mzz(E)__332.9__0.381,Anion,Sulfonimide_N,Anion:Sulfonimide_N,1,-0.017493871971964836,0.045947831124067307,0.045947831124067307,0.05074553812172241,0.05072903279253566
V7-B,44,Case4_R1336mzz_Stereo,[emim]__[Tf2N]__R1336mzz(E)__332.9__0.381,Refri,CF3,Refri:CF3,8,-0.07616680860519409,0.22239620983600616,0.02779952622950077,0.24561802087864518,0.24553813195759217
V7-B,44,Case4_R1336mzz_Stereo,[emim]__[Tf2N]__R1336mzz(E)__332.9__0.381,Refri,Alkene_C=C,Refri:Alkene_C=C,2,0.12637022137641907,0.26056188344955444,0.13028094172477722,0.2877688166380357,0.2876752178858282
V7-B,44,Case4_R1336mzz_Stereo,[emim]__[Tf2N]__R1336mzz(E)__332.9__0.623,Cation,Imidazolium_Ring,Cation:Imidazolium_Ring,5,0.009459704160690308,0.051801227033138275,0.010360245406627656,0.04307334940991995,0.04305821484884332
V7-B,44,Case4_R1336mzz_Stereo,[emim]__[Tf2N]__R1336mzz(E)__332.9__0.623,Cation,Alkyl_Chain,Cation:Alkyl_Chain,3,0.0010497428011149168,0.04141061380505562,0.01380353793501854,0.034433428315575436,0.03442132953916127
V7-B,44,Case4_R1336mzz_Stereo,[emim]__[Tf2N]__R1336mzz(E)__332.9__0.623,Anion,CF3,Anion:CF3,8,0.05179939419031143,0.2091265767812729,0.02614082209765911,0.17389128845997726,0.1738301887692881
V7-B,44,Case4_R1336mzz_Stereo,[emim]__[Tf2N]__R1336mzz(E)__332.9__0.623,Anion,Sulfonyl_SO2,Anion:Sulfonyl_SO2,6,-0.028698410838842392,0.18170279264450073,0.030283798774083454,0.15108807888523595,0.15103499149386365
V7-B,44,Case4_R1336mzz_Stereo,[emim]__[Tf2N]__R1336mzz(E)__332.9__0.623,Anion,Sulfonimide_N,Anion:Sulfonimide_N,1,-0.022005703300237656,0.05627981573343277,0.05627981573343277,0.04679735030719014,0.046780907254440555
V7-B,44,Case4_R1336mzz_Stereo,[emim]__[Tf2N]__R1336mzz(E)__332.9__0.623,Refri,CF3,Refri:CF3,8,-0.10432831943035126,0.2804815173149109,0.03506018966436386,0.23322378812766414,0.2331418409442132
V7-B,44,Case4_R1336mzz_Stereo,[emim]__[Tf2N]__R1336mzz(E)__332.9__0.623,Refri,Alkene_C=C,Refri:Alkene_C=C,2,0.20045141875743866,0.38182568550109863,0.19091284275054932,0.31749269481106823,0.3173811382999812
V7-B,44,Case4_R1336mzz_Stereo,[emim]__[Tf2N]__R1336mzz(E)__342.9__0.453,Cation,Imidazolium_Ring,Cation:Imidazolium_Ring,5,0.00575699657201767,0.035057470202445984,0.007011494040489197,0.042436111175043846,0.0424224100764221
V7-B,44,Case4_R1336mzz_Stereo,[emim]__[Tf2N]__R1336mzz(E)__342.9__0.453,Cation,Alkyl_Chain,Cation:Alkyl_Chain,3,0.00015147170051932335,0.027516968548297882,0.009172322849432627,0.033308539657099435,0.033297785524023814
V7-B,44,Case4_R1336mzz_Stereo,[emim]__[Tf2N]__R1336mzz(E)__342.9__0.453,Anion,CF3,Anion:CF3,8,0.03776527941226959,0.1510501205921173,0.018881265074014664,0.18284204973819365,0.18278301659669458
V7-B,44,Case4_R1336mzz_Stereo,[emim]__[Tf2N]__R1336mzz(E)__342.9__0.453,Anion,Sulfonyl_SO2,Anion:Sulfonyl_SO2,6,-0.02074999362230301,0.13161148130893707,0.021935246884822845,0.15931210724807474,0.15926067108126762
V7-B,44,Case4_R1336mzz_Stereo,[emim]__[Tf2N]__R1336mzz(E)__342.9__0.453,Anion,Sulfonimide_N,Anion:Sulfonimide_N,1,-0.01604856178164482,0.0416954904794693,0.0416954904794693,0.05047125360920337,0.05045495825121426
V7-B,44,Case4_R1336mzz_Stereo,[emim]__[Tf2N]__R1336mzz(E)__342.9__0.453,Refri,CF3,Refri:CF3,8,-0.0675199031829834,0.2017497420310974,0.025218717753887177,0.24421255820594626,0.24413371072789042
V7-B,44,Case4_R1336mzz_Stereo,[emim]__[Tf2N]__R1336mzz(E)__342.9__0.453,Refri,Alkene_C=C,Refri:Alkene_C=C,2,0.11494063585996628,0.23744231462478638,0.11872115731239319,0.2874174434975104,0.28732464671123736
V7-B,44,Case4_R1336mzz_Stereo,[emim]__[Tf2N]__R1336mzz(E)__342.9__0.8,Cation,Imidazolium_Ring,Cation:Imidazolium_Ring,5,0.008939620107412338,0.05160694569349289,0.010321389138698577,0.04453651633665791,0.04451982025516379
V7-B,44,Case4_R1336mzz_Stereo,[emim]__[Tf2N]__R1336mzz(E)__342.9__0.8,Cation,Alkyl_Chain,Cation:Alkyl_Chain,3,0.000749203551094979,0.041503895074129105,0.013834631691376368,0.03581763803621023,0.03580421053328074
V7-B,44,Case4_R1336mzz_Stereo,[emim]__[Tf2N]__R1336mzz(E)__342.9__0.8,Anion,CF3,Anion:CF3,8,0.04784338176250458,0.20225265622138977,0.02528158202767372,0.17454295360618777,0.17447752003353012
V7-B,44,Case4_R1336mzz_Stereo,[emim]__[Tf2N]__R1336mzz(E)__342.9__0.8,Anion,Sulfonyl_SO2,Anion:Sulfonyl_SO2,6,-0.028849225491285324,0.17285442352294922,0.028809070587158203,0.14917243703620486,0.14911651449510163
V7-B,44,Case4_R1336mzz_Stereo,[emim]__[Tf2N]__R1336mzz(E)__342.9__0.8,Anion,Sulfonimide_N,Anion:Sulfonimide_N,1,-0.021073993295431137,0.05269346013665199,0.05269346013665199,0.04547417245246775,0.045457124857559233
V7-B,44,Case4_R1336mzz_Stereo,[emim]__[Tf2N]__R1336mzz(E)__342.9__0.8,Refri,CF3,Refri:CF3,8,-0.10124538093805313,0.2562526762485504,0.0320315845310688,0.22114468021103773,0.22106177634009092
V7-B,44,Case4_R1336mzz_Stereo,[emim]__[Tf2N]__R1336mzz(E)__342.9__0.8,Refri,Alkene_C=C,Refri:Alkene_C=C,2,0.20798414945602417,0.3815917372703552,0.1907958686351776,0.32931161518085567,0.3291881611252565
V7-B,44,Case4_R1336mzz_Stereo,[emim]__[Tf2N]__R1336mzz(E)__352.8__0.511,Cation,Imidazolium_Ring,Cation:Imidazolium_Ring,5,0.004471520893275738,0.02989218756556511,0.005978437513113022,0.04178594886311466,0.04177244423862257
V7-B,44,Case4_R1336mzz_Stereo,[emim]__[Tf2N]__R1336mzz(E)__352.8__0.511,Cation,Alkyl_Chain,Cation:Alkyl_Chain,3,-0.00022964610252529383,0.023342227563261986,0.007780742521087329,0.03262983430604643,0.032619288807582685
V7-B,44,Case4_R1336mzz_Stereo,[emim]__[Tf2N]__R1336mzz(E)__352.8__0.511,Anion,CF3,Anion:CF3,8,0.031994618475437164,0.13219037652015686,0.016523797065019608,0.18478742318043936,0.18472770251287507
V7-B,44,Case4_R1336mzz_Stereo,[emim]__[Tf2N]__R1336mzz(E)__352.8__0.511,Anion,Sulfonyl_SO2,Anion:Sulfonyl_SO2,6,-0.0188794806599617,0.11430846154689789,0.019051410257816315,0.15979049771259807,0.1597388556958981
V7-B,44,Case4_R1336mzz_Stereo,[emim]__[Tf2N]__R1336mzz(E)__352.8__0.511,Anion,Sulfonimide_N,Anion:Sulfonimide_N,1,-0.014084753580391407,0.03641564026474953,0.03641564026474953,0.0509050091627724,0.050888557387661064
V7-B,44,Case4_R1336mzz_Stereo,[emim]__[Tf2N]__R1336mzz(E)__352.8__0.511,Refri,CF3,Refri:CF3,8,-0.053033679723739624,0.17302924394607544,0.02162865549325943,0.2418756112611531,0.24179744050297367
V7-B,44,Case4_R1336mzz_Stereo,[emim]__[Tf2N]__R1336mzz(E)__352.8__0.511,Refri,Alkene_C=C,Refri:Alkene_C=C,2,0.09921827912330627,0.2061864286661148,0.1030932143330574,0.2882256624950237,0.28813251205936574
V7-B,44,Case4_R1336mzz_Stereo,[emim]__[Tf2N]__R1336mzz(Z)__293.1__0.05,Cation,Imidazolium_Ring,Cation:Imidazolium_Ring,5,0.007127496413886547,0.04087362810969353,0.008174725621938706,0.062454206411744435,0.062432985917897935
V7-B,44,Case4_R1336mzz_Stereo,[emim]__[Tf2N]__R1336mzz(Z)__293.1__0.05,Cation,Alkyl_Chain,Cation:Alkyl_Chain,3,-0.00014298351015895605,0.03142572194337845,0.010475240647792816,0.048017966979162795,0.04800165158535113
V7-B,44,Case4_R1336mzz_Stereo,[emim]__[Tf2N]__R1336mzz(Z)__293.1__0.05,Anion,CF3,Anion:CF3,8,0.035726405680179596,0.1307714581489563,0.016346432268619537,0.19981655697608083,0.1997486639347413
V7-B,44,Case4_R1336mzz_Stereo,[emim]__[Tf2N]__R1336mzz(Z)__293.1__0.05,Anion,Sulfonyl_SO2,Anion:Sulfonyl_SO2,6,-0.016381658613681793,0.11603347957134247,0.01933891326189041,0.17729717715229978,0.17723693567501708
V7-B,44,Case4_R1336mzz_Stereo,[emim]__[Tf2N]__R1336mzz(Z)__293.1__0.05,Anion,Sulfonimide_N,Anion:Sulfonimide_N,1,-0.013842873275279999,0.03727541118860245,0.03727541118860245,0.05695619234504702,0.056936839949129764
V7-B,44,Case4_R1336mzz_Stereo,[emim]__[Tf2N]__R1336mzz(Z)__293.1__0.05,Refri,CF3,Refri:CF3,8,-0.050456754863262177,0.1405339539051056,0.0175667442381382,0.21473348393475541,0.21466052246688513
V7-B,44,Case4_R1336mzz_Stereo,[emim]__[Tf2N]__R1336mzz(Z)__293.1__0.05,Refri,Alkene_C=C,Refri:Alkene_C=C,2,0.07498857378959656,0.15754392743110657,0.07877196371555328,0.24072443327744977,0.24064264068654903
V7-B,44,Case4_R1336mzz_Stereo,[emim]__[Tf2N]__R1336mzz(Z)__293.1__0.06,Cation,Imidazolium_Ring,Cation:Imidazolium_Ring,5,0.007363395765423775,0.04215257614850998,0.008430515229701997,0.061203318379891056,0.061182630335405996
V7-B,44,Case4_R1336mzz_Stereo,[emim]__[Tf2N]__R1336mzz(Z)__293.1__0.06,Cation,Alkyl_Chain,Cation:Alkyl_Chain,3,-0.00019192660693079233,0.03224283829331398,0.010747612764437994,0.0468149014329411,0.04679907698438103
V7-B,44,Case4_R1336mzz_Stereo,[emim]__[Tf2N]__R1336mzz(Z)__293.1__0.06,Anion,CF3,Anion:CF3,8,0.03717225790023804,0.13649311661720276,0.017061639577150345,0.19818080972214913,0.1981138203249049
V7-B,44,Case4_R1336mzz_Stereo,[emim]__[Tf2N]__R1336mzz(Z)__293.1__0.06,Anion,Sulfonyl_SO2,Anion:Sulfonyl_SO2,6,-0.017164334654808044,0.1212611198425293,0.02021018664042155,0.17606475340147829,0.1760052397092956
V7-B,44,Case4_R1336mzz_Stereo,[emim]__[Tf2N]__R1336mzz(Z)__293.1__0.06,Anion,Sulfonimide_N,Anion:Sulfonimide_N,1,-0.01448850892484188,0.03902018815279007,0.03902018815279007,0.05665525614246191,0.05663610544131672
V7-B,44,Case4_R1336mzz_Stereo,[emim]__[Tf2N]__R1336mzz(Z)__293.1__0.06,Refri,CF3,Refri:CF3,8,-0.05322321504354477,0.14962834119796753,0.01870354264974594,0.21725246335431592,0.21717902732592176
V7-B,44,Case4_R1336mzz_Stereo,[emim]__[Tf2N]__R1336mzz(Z)__293.1__0.06,Refri,Alkene_C=C,Refri:Alkene_C=C,2,0.07985731959342957,0.16793204843997955,0.08396602421998978,0.24382848133998722,0.24374606204308935
V7-B,44,Case4_R1336mzz_Stereo,[emim]__[Tf2N]__R1336mzz(Z)__303__0.07,Cation,Imidazolium_Ring,Cation:Imidazolium_Ring,5,0.0061720279045403,0.035652585327625275,0.007130517065525055,0.061417633681545625,0.061396972741647626
V7-B,44,Case4_R1336mzz_Stereo,[emim]__[Tf2N]__R1336mzz(Z)__303__0.07,Cation,Alkyl_Chain,Cation:Alkyl_Chain,3,-0.0002801006776280701,0.027196485549211502,0.009065495183070501,0.04685056557715217,0.046834805010331965
V7-B,44,Case4_R1336mzz_Stereo,[emim]__[Tf2N]__R1336mzz(Z)__303__0.07,Anion,CF3,Anion:CF3,8,0.03145340085029602,0.11680793762207031,0.014600992202758789,0.20122151193367585,0.20115382086003725
V7-B,44,Case4_R1336mzz_Stereo,[emim]__[Tf2N]__R1336mzz(Z)__303__0.07,Anion,Sulfonyl_SO2,Anion:Sulfonyl_SO2,6,-0.014654857106506824,0.10288719832897186,0.017147866388161976,0.17724067411720082,0.17718105021611724
V7-B,44,Case4_R1336mzz_Stereo,[emim]__[Tf2N]__R1336mzz(Z)__303__0.07,Anion,Sulfonimide_N,Anion:Sulfonimide_N,1,-0.012263312004506588,0.032898545265197754,0.032898545265197754,0.0566733319108852,0.05665426695780509
V7-B,44,Case4_R1336mzz_Stereo,[emim]__[Tf2N]__R1336mzz(Z)__303__0.07,Refri,CF3,Refri:CF3,8,-0.045085206627845764,0.12553180754184723,0.015691475942730904,0.21624985958629758,0.2161771129647812
V7-B,44,Case4_R1336mzz_Stereo,[emim]__[Tf2N]__R1336mzz(Z)__303__0.07,Refri,Alkene_C=C,Refri:Alkene_C=C,2,0.06618048250675201,0.13951976597309113,0.06975988298654556,0.24034649378514064,0.24026564103707587
V7-B,44,Case4_R1336mzz_Stereo,[emim]__[Tf2N]__R1336mzz(Z)__303__0.09,Cation,Imidazolium_Ring,Cation:Imidazolium_Ring,5,0.006589565426111221,0.038751568645238876,0.007750313729047775,0.05781366866222098,0.05779415798085123
V7-B,44,Case4_R1336mzz_Stereo,[emim]__[Tf2N]__R1336mzz(Z)__303__0.09,Cation,Alkyl_Chain,Cation:Alkyl_Chain,3,-0.000278458115644753,0.029706384986639023,0.009902128328879675,0.04431911168532614,0.044304155082732125
V7-B,44,Case4_R1336mzz_Stereo,[emim]__[Tf2N]__R1336mzz(Z)__303__0.09,Anion,CF3,Anion:CF3,8,0.03562363237142563,0.13227874040603638,0.016534842550754547,0.19734734712036292,0.19728074727818157
V7-B,44,Case4_R1336mzz_Stereo,[emim]__[Tf2N]__R1336mzz(Z)__303__0.09,Anion,Sulfonyl_SO2,Anion:Sulfonyl_SO2,6,-0.016706649214029312,0.11670339107513428,0.019450565179189045,0.17411040170123207,0.1740516437526473
V7-B,44,Case4_R1336mzz_Stereo,[emim]__[Tf2N]__R1336mzz(Z)__303__0.09,Anion,Sulfonimide_N,Anion:Sulfonimide_N,1,-0.013941719196736813,0.03733307495713234,0.03733307495713234,0.055697410483502865,0.055678613986857535
V7-B,44,Case4_R1336mzz_Stereo,[emim]__[Tf2N]__R1336mzz(Z)__303__0.09,Refri,CF3,Refri:CF3,8,-0.05442645400762558,0.14877688884735107,0.018597111105918884,0.22196102137593385,0.2218861150282694
V7-B,44,Case4_R1336mzz_Stereo,[emim]__[Tf2N]__R1336mzz(Z)__303__0.09,Refri,Alkene_C=C,Refri:Alkene_C=C,2,0.07968302071094513,0.16673380136489868,0.08336690068244934,0.24875103341364102,0.24866708610039087
V7-B,44,Case4_R1336mzz_Stereo,[emim]__[Tf2N]__R1336mzz(Z)__322.5__0.13,Cation,Imidazolium_Ring,Cation:Imidazolium_Ring,5,0.004150862339884043,0.025475667789578438,0.0050951335579156876,0.04942949706003682,0.0494132868880841
V7-B,44,Case4_R1336mzz_Stereo,[emim]__[Tf2N]__R1336mzz(Z)__322.5__0.13,Cation,Alkyl_Chain,Cation:Alkyl_Chain,3,-0.00029144398286007345,0.019466688856482506,0.006488896285494168,0.03777049722691788,0.037758110569330726
V7-B,44,Case4_R1336mzz_Stereo,[emim]__[Tf2N]__R1336mzz(Z)__322.5__0.13,Anion,CF3,Anion:CF3,8,0.025720274075865746,0.09717878699302673,0.012147348374128342,0.18855241030952563,0.18849057543005063
V7-B,44,Case4_R1336mzz_Stereo,[emim]__[Tf2N]__R1336mzz(Z)__322.5__0.13,Anion,Sulfonyl_SO2,Anion:Sulfonyl_SO2,6,-0.01257694885134697,0.08568040281534195,0.014280067135890325,0.16624252027639574,0.16618800182082133
V7-B,44,Case4_R1336mzz_Stereo,[emim]__[Tf2N]__R1336mzz(Z)__322.5__0.13,Anion,Sulfonimide_N,Anion:Sulfonimide_N,1,-0.010314310900866985,0.027570147067308426,0.027570147067308426,0.053493337825899455,0.05347579493640921
V7-B,44,Case4_R1336mzz_Stereo,[emim]__[Tf2N]__R1336mzz(Z)__322.5__0.13,Refri,CF3,Refri:CF3,8,-0.03853499889373779,0.12059862166643143,0.015074827708303928,0.23399305032325543,0.23391631339880578
V7-B,44,Case4_R1336mzz_Stereo,[emim]__[Tf2N]__R1336mzz(Z)__322.5__0.13,Refri,Alkene_C=C,Refri:Alkene_C=C,2,0.06652688980102539,0.13942374289035797,0.06971187144517899,0.27051873757427103,0.2704300222218331
V7-B,44,Case4_R1336mzz_Stereo,[emim]__[Tf2N]__R1336mzz(Z)__322.5__0.17,Cation,Imidazolium_Ring,Cation:Imidazolium_Ring,5,0.004578310064971447,0.028938472270965576,0.005787694454193115,0.046265701761959294,0.046250560460589285
V7-B,44,Case4_R1336mzz_Stereo,[emim]__[Tf2N]__R1336mzz(Z)__322.5__0.17,Cation,Alkyl_Chain,Cation:Alkyl_Chain,3,-0.00013931331341154873,0.0225207582116127,0.0075069194038709,0.036005310616105415,0.03599352721634712
V7-B,44,Case4_R1336mzz_Stereo,[emim]__[Tf2N]__R1336mzz(Z)__322.5__0.17,Anion,CF3,Anion:CF3,8,0.030285973101854324,0.11483520269393921,0.014354400336742401,0.18359404704796678,0.18353396252119583
V7-B,44,Case4_R1336mzz_Stereo,[emim]__[Tf2N]__R1336mzz(Z)__322.5__0.17,Anion,Sulfonyl_SO2,Anion:Sulfonyl_SO2,6,-0.01543837133795023,0.10222268104553223,0.017037113507588703,0.16342963893451865,0.1633761535809703
V7-B,44,Case4_R1336mzz_Stereo,[emim]__[Tf2N]__R1336mzz(Z)__322.5__0.17,Anion,Sulfonimide_N,Anion:Sulfonimide_N,1,-0.012451399117708206,0.033222343772649765,0.033222343772649765,0.053114588580436266,0.05309720585495685
V7-B,44,Case4_R1336mzz_Stereo,[emim]__[Tf2N]__R1336mzz(Z)__322.5__0.17,Refri,CF3,Refri:CF3,8,-0.04448286071419716,0.14901140332221985,0.01862642541527748,0.2382336247982873,0.23815565846529832
V7-B,44,Case4_R1336mzz_Stereo,[emim]__[Tf2N]__R1336mzz(Z)__322.5__0.17,Refri,Alkene_C=C,Refri:Alkene_C=C,2,0.08309486508369446,0.1747334748506546,0.0873667374253273,0.2793570703931794,0.2792656456566774
V7-B,44,Case4_R1336mzz_Stereo,[emim]__[Tf2N]__R1336mzz(Z)__332.9__0.18,Cation,Imidazolium_Ring,Cation:Imidazolium_Ring,5,0.0036335624754428864,0.021679166704416275,0.004335833340883255,0.04469031513820333,0.044676039750023024
V7-B,44,Case4_R1336mzz_Stereo,[emim]__[Tf2N]__R1336mzz(Z)__332.9__0.18,Cation,Alkyl_Chain,Cation:Alkyl_Chain,3,-0.0001434644073015079,0.01656251773238182,0.0055208392441272736,0.03414264704147697,0.03413174088566865
V7-B,44,Case4_R1336mzz_Stereo,[emim]__[Tf2N]__R1336mzz(Z)__332.9__0.18,Anion,CF3,Anion:CF3,8,0.023478254675865173,0.08864784985780716,0.011080981232225895,0.18274227974189133,0.1826839065357011
V7-B,44,Case4_R1336mzz_Stereo,[emim]__[Tf2N]__R1336mzz(Z)__332.9__0.18,Anion,Sulfonyl_SO2,Anion:Sulfonyl_SO2,6,-0.01148255541920662,0.07844719290733337,0.013074532151222229,0.16171423101894333,0.16166257478391935
V7-B,44,Case4_R1336mzz_Stereo,[emim]__[Tf2N]__R1336mzz(Z)__332.9__0.18,Anion,Sulfonimide_N,Anion:Sulfonimide_N,1,-0.009474124759435654,0.025417041033506393,0.025417041033506393,0.052395721161950945,0.05237898444268054
V7-B,44,Case4_R1336mzz_Stereo,[emim]__[Tf2N]__R1336mzz(Z)__332.9__0.18,Refri,CF3,Refri:CF3,8,-0.03398150950670242,0.11809906363487244,0.014762382954359055,0.24345420851872585,0.24337644215435839
V7-B,44,Case4_R1336mzz_Stereo,[emim]__[Tf2N]__R1336mzz(Z)__332.9__0.18,Refri,Alkene_C=C,Refri:Alkene_C=C,2,0.06397629529237747,0.13624480366706848,0.06812240183353424,0.28086057434041384,0.2807708592934097
V7-B,44,Case4_R1336mzz_Stereo,[emim]__[Tf2N]__R1336mzz(Z)__332.9__0.24,Cation,Imidazolium_Ring,Cation:Imidazolium_Ring,5,0.004158686846494675,0.02536896988749504,0.005073793977499008,0.04049314442334895,0.04048029939277921
V7-B,44,Case4_R1336mzz_Stereo,[emim]__[Tf2N]__R1336mzz(Z)__332.9__0.24,Cation,Alkyl_Chain,Cation:Alkyl_Chain,3,-0.00012289060396142304,0.019459346309304237,0.006486448769768079,0.031060390862580025,0.031050538042409613
V7-B,44,Case4_R1336mzz_Stereo,[emim]__[Tf2N]__R1336mzz(Z)__332.9__0.24,Anion,CF3,Anion:CF3,8,0.0295325368642807,0.11340067535638809,0.014175084419548512,0.1810065582195756,0.18094914023421624
V7-B,44,Case4_R1336mzz_Stereo,[emim]__[Tf2N]__R1336mzz(Z)__332.9__0.24,Anion,Sulfonyl_SO2,Anion:Sulfonyl_SO2,6,-0.015085656195878983,0.10020644217729568,0.016701073696215946,0.15994634205606126,0.159895604686008
V7-B,44,Case4_R1336mzz_Stereo,[emim]__[Tf2N]__R1336mzz(Z)__332.9__0.24,Anion,Sulfonimide_N,Anion:Sulfonimide_N,1,-0.012167831882834435,0.03246346116065979,0.03246346116065979,0.05181714618646567,0.05180070901330265
V7-B,44,Case4_R1336mzz_Stereo,[emim]__[Tf2N]__R1336mzz(Z)__332.9__0.24,Refri,CF3,Refri:CF3,8,-0.046219684183597565,0.15715110301971436,0.019643887877464294,0.2508396020448044,0.2507600319743085
V7-B,44,Case4_R1336mzz_Stereo,[emim]__[Tf2N]__R1336mzz(Z)__332.9__0.24,Refri,Alkene_C=C,Refri:Alkene_C=C,2,0.08317078649997711,0.17845040559768677,0.08922520279884338,0.28483687269597024,0.28474651818314417
V7-B,44,Case4_R1336mzz_Stereo,[emim]__[Tf2N]__R1336mzz(Z)__342.9__0.24,Cation,Imidazolium_Ring,Cation:Imidazolium_Ring,5,0.002776849316433072,0.018199650570750237,0.0036399301141500475,0.03963337297672668,0.03962076049933718
V7-B,44,Case4_R1336mzz_Stereo,[emim]__[Tf2N]__R1336mzz(Z)__342.9__0.24,Cation,Alkyl_Chain,Cation:Alkyl_Chain,3,-0.0003185673267580569,0.013722561299800873,0.004574187099933624,0.02988361716488623,0.029874107339769154
V7-B,44,Case4_R1336mzz_Stereo,[emim]__[Tf2N]__R1336mzz(Z)__342.9__0.24,Anion,CF3,Anion:CF3,8,0.021575234830379486,0.08252711594104767,0.010315889492630959,0.17971927285471373,0.1796620810212892
V7-B,44,Case4_R1336mzz_Stereo,[emim]__[Tf2N]__R1336mzz(Z)__342.9__0.24,Anion,Sulfonyl_SO2,Anion:Sulfonyl_SO2,6,-0.010932190343737602,0.07306896150112152,0.01217816025018692,0.15912225308601913,0.15907161581574714
V7-B,44,Case4_R1336mzz_Stereo,[emim]__[Tf2N]__R1336mzz(Z)__342.9__0.24,Anion,Sulfonimide_N,Anion:Sulfonimide_N,1,-0.008904429152607918,0.02390298992395401,0.02390298992395401,0.05205353318362949,0.05203696825460598
V7-B,44,Case4_R1336mzz_Stereo,[emim]__[Tf2N]__R1336mzz(Z)__342.9__0.24,Refri,CF3,Refri:CF3,8,-0.03188241273164749,0.11496873944997787,0.014371092431247234,0.250367385547955,0.25028771145634676
V7-B,44,Case4_R1336mzz_Stereo,[emim]__[Tf2N]__R1336mzz(Z)__342.9__0.24,Refri,Alkene_C=C,Refri:Alkene_C=C,2,0.06208224594593048,0.13281013071537018,0.06640506535768509,0.2892205773549149,0.289128539061969
V7-B,44,Case4_R1336mzz_Stereo,[emim]__[Tf2N]__R1336mzz(Z)__342.9__0.31,Cation,Imidazolium_Ring,Cation:Imidazolium_Ring,5,0.003636461216956377,0.024090476334095,0.004818095266819001,0.03894469159998767,0.0389323107815126
V7-B,44,Case4_R1336mzz_Stereo,[emim]__[Tf2N]__R1336mzz(Z)__342.9__0.31,Cation,Alkyl_Chain,Cation:Alkyl_Chain,3,-0.0001088100834749639,0.01883421465754509,0.00627807155251503,0.030447412960778873,0.03043773349286128
V7-B,44,Case4_R1336mzz_Stereo,[emim]__[Tf2N]__R1336mzz(Z)__342.9__0.31,Anion,CF3,Anion:CF3,8,0.029439423233270645,0.11242156475782394,0.014052695594727993,0.1817408301920972,0.1816830533774487
V7-B,44,Case4_R1336mzz_Stereo,[emim]__[Tf2N]__R1336mzz(Z)__342.9__0.31,Anion,Sulfonyl_SO2,Anion:Sulfonyl_SO2,6,-0.01495416834950447,0.09915933012962341,0.0165265550216039,0.1603010865208208,0.16025012556639975
V7-B,44,Case4_R1336mzz_Stereo,[emim]__[Tf2N]__R1336mzz(Z)__342.9__0.31,Anion,Sulfonimide_N,Anion:Sulfonimide_N,1,-0.012052463367581367,0.03206557407975197,0.03206557407975197,0.05183724373872624,0.0518207642782758
V7-B,44,Case4_R1336mzz_Stereo,[emim]__[Tf2N]__R1336mzz(Z)__342.9__0.31,Refri,CF3,Refri:CF3,8,-0.0498695895075798,0.15823429822921753,0.01977928727865219,0.25580174752940815,0.25572042617669866
V7-B,44,Case4_R1336mzz_Stereo,[emim]__[Tf2N]__R1336mzz(Z)__342.9__0.31,Refri,Alkene_C=C,Refri:Alkene_C=C,2,0.08033805340528488,0.1737762987613678,0.0868881493806839,0.28092696336894685,0.2808376545159215
V7-B,44,Case4_R1336mzz_Stereo,[emim]__[Tf2N]__R1336mzz(Z)__352.8__0.31,Cation,Imidazolium_Ring,Cation:Imidazolium_Ring,5,0.0029396223835647106,0.02018694207072258,0.004037388414144516,0.041650384848381246,0.041637179050728564
V7-B,44,Case4_R1336mzz_Stereo,[emim]__[Tf2N]__R1336mzz(Z)__352.8__0.31,Cation,Alkyl_Chain,Cation:Alkyl_Chain,3,-0.0003296962531749159,0.015464195050299168,0.005154731683433056,0.03190625271320937,0.03189613641971725
V7-B,44,Case4_R1336mzz_Stereo,[emim]__[Tf2N]__R1336mzz(Z)__352.8__0.31,Anion,CF3,Anion:CF3,8,0.02308742143213749,0.08941558003425598,0.011176947504281998,0.1844852631379593,0.18442676967952498
V7-B,44,Case4_R1336mzz_Stereo,[emim]__[Tf2N]__R1336mzz(Z)__352.8__0.31,Anion,Sulfonyl_SO2,Anion:Sulfonyl_SO2,6,-0.012129341252148151,0.07877668738365173,0.01312944789727529,0.16253473830334672,0.16248320454505422
V7-B,44,Case4_R1336mzz_Stereo,[emim]__[Tf2N]__R1336mzz(Z)__352.8__0.31,Anion,Sulfonimide_N,Anion:Sulfonimide_N,1,-0.0096612349152565,0.02568121813237667,0.02568121813237667,0.052986361918579986,0.052969561901571836
V7-B,44,Case4_R1336mzz_Stereo,[emim]__[Tf2N]__R1336mzz(Z)__352.8__0.31,Refri,CF3,Refri:CF3,8,-0.03581151366233826,0.12115097045898438,0.015143871307373047,0.24996279905562482,0.2498835450905764
V7-B,44,Case4_R1336mzz_Stereo,[emim]__[Tf2N]__R1336mzz(Z)__352.8__0.31,Refri,Alkene_C=C,Refri:Alkene_C=C,2,0.061637721955776215,0.13400042057037354,0.06700021028518677,0.2764742211597988,0.27638656140265344
V7-B,44,Case4_R1336mzz_Stereo,[emim]__[Tf2N]__R1336mzz(Z)__352.8__0.41,Cation,Imidazolium_Ring,Cation:Imidazolium_Ring,5,0.004174171946942806,0.027374248951673508,0.005474849790334702,0.043526232196358726,0.043512325002571864
V7-B,44,Case4_R1336mzz_Stereo,[emim]__[Tf2N]__R1336mzz(Z)__352.8__0.41,Cation,Alkyl_Chain,Cation:Alkyl_Chain,3,1.1685799108818173e-05,0.021798167377710342,0.007266055792570114,0.034660022870848795,0.03464894854554199
V7-B,44,Case4_R1336mzz_Stereo,[emim]__[Tf2N]__R1336mzz(Z)__352.8__0.41,Anion,CF3,Anion:CF3,8,0.030146263539791107,0.11827170848846436,0.014783963561058044,0.1880570990282543,0.1879970123543749
V7-B,44,Case4_R1336mzz_Stereo,[emim]__[Tf2N]__R1336mzz(Z)__352.8__0.41,Anion,Sulfonyl_SO2,Anion:Sulfonyl_SO2,6,-0.01604457199573517,0.10330098867416382,0.01721683144569397,0.164253011181525,0.16420053022139336
V7-B,44,Case4_R1336mzz_Stereo,[emim]__[Tf2N]__R1336mzz(Z)__352.8__0.41,Anion,Sulfonimide_N,Anion:Sulfonimide_N,1,-0.012569889426231384,0.03302551433444023,0.03302551433444023,0.0525119870087665,0.05249520875017132
V7-B,44,Case4_R1336mzz_Stereo,[emim]__[Tf2N]__R1336mzz(Z)__352.8__0.41,Refri,CF3,Refri:CF3,8,-0.05042220652103424,0.15460363030433655,0.01932545378804207,0.24582641601990557,0.24574787130254763
V7-B,44,Case4_R1336mzz_Stereo,[emim]__[Tf2N]__R1336mzz(Z)__352.8__0.41,Refri,Alkene_C=C,Refri:Alkene_C=C,2,0.07951866090297699,0.17053957283496857,0.08526978641748428,0.27116524946445614,0.2710786086622945
V7-B,45,Case1_R1234yf,[emim]__[Ac]__R1234yf__313.15__0.311,Cation,Imidazolium_Ring,Cation:Imidazolium_Ring,5,-0.007379737216979265,0.026662908494472504,0.005332581698894501,0.052731530205532194,0.0525596937896475
V7-B,45,Case1_R1234yf,[emim]__[Ac]__R1234yf__313.15__0.311,Cation,Alkyl_Chain,Cation:Alkyl_Chain,3,0.001585360849276185,0.011960277333855629,0.00398675911128521,0.02365397329505509,0.0235768920122512
V7-B,45,Case1_R1234yf,[emim]__[Ac]__R1234yf__313.15__0.311,Anion,Carboxylate_COO,Anion:Carboxylate_COO,3,-0.017712652683258057,0.07996001094579697,0.026653336981932323,0.15813780155668627,0.15762247736773385
V7-B,45,Case1_R1234yf,[emim]__[Ac]__R1234yf__313.15__0.311,Anion,Alkyl_Chain,Anion:Alkyl_Chain,1,0.012418385595083237,0.01726837456226349,0.01726837456226349,0.03415185612699437,0.034040565357889074
V7-B,45,Case1_R1234yf,[emim]__[Ac]__R1234yf__313.15__0.311,Refri,CF3,Refri:CF3,4,-0.057041235268116,0.1339619755744934,0.03349049389362335,0.26493808666311136,0.26407473202375065
V7-B,45,Case1_R1234yf,[emim]__[Ac]__R1234yf__313.15__0.311,Refri,Halogenated_Alkene,Refri:Halogenated_Alkene,2,0.11866497993469238,0.16838711500167847,0.08419355750083923,0.3330210671793066,0.331935850300996
V7-B,45,Case1_R1234yf,[emim]__[Ac]__R1234yf__313.15__0.311,Refri,Unclassified,Refri:Unclassified,3,-0.057523202151060104,0.06743432581424713,0.022478108604749043,0.13336561498160823,0.13293101600085852
V7-B,45,Case1_R1234yf,[emim]__[BF4]__R1234yf__313.15__0.3919,Cation,Imidazolium_Ring,Cation:Imidazolium_Ring,5,-0.027020609006285667,0.06256350129842758,0.012512700259685516,0.03811923335859262,0.03796000450564029
V7-B,45,Case1_R1234yf,[emim]__[BF4]__R1234yf__313.15__0.3919,Cation,Alkyl_Chain,Cation:Alkyl_Chain,3,-0.0010889035183936357,0.02294877916574478,0.0076495930552482605,0.01398243145218313,0.013924025069749579
V7-B,45,Case1_R1234yf,[emim]__[BF4]__R1234yf__313.15__0.3919,Anion,BF4_Core,Anion:BF4_Core,5,-0.1198602020740509,0.48824331164360046,0.09764866232872009,0.29748112471419874,0.2962385084785148
V7-B,45,Case1_R1234yf,[emim]__[BF4]__R1234yf__313.15__0.3919,Refri,CF3,Refri:CF3,4,-0.11732229590415955,0.33253663778305054,0.08313415944576263,0.20261081034242695,0.20176447939387196
V7-B,45,Case1_R1234yf,[emim]__[BF4]__R1234yf__313.15__0.3919,Refri,Halogenated_Alkene,Refri:Halogenated_Alkene,2,0.3414466679096222,0.545148491859436,0.272574245929718,0.33215280706799183,0.3307653628353966
V7-B,45,Case1_R1234yf,[emim]__[BF4]__R1234yf__313.15__0.3919,Refri,Unclassified,Refri:Unclassified,3,-0.1640091985464096,0.189817413687706,0.06327247122923534,0.11565360214371562,0.11517050243822277
V7-B,45,Case1_R1234yf,[bmim]__[Ac]__R1234yf__313.15__0.561,Cation,Imidazolium_Ring,Cation:Imidazolium_Ring,5,-0.009277977980673313,0.02808908186852932,0.005617816373705864,0.03260049103435051,0.03249948033481563
V7-B,45,Case1_R1234yf,[bmim]__[Ac]__R1234yf__313.15__0.561,Cation,Alkyl_Chain,Cation:Alkyl_Chain,5,0.07411433011293411,0.13664178550243378,0.027328357100486755,0.1585879283644585,0.1580965530178417
V7-B,45,Case1_R1234yf,[bmim]__[Ac]__R1234yf__313.15__0.561,Anion,Carboxylate_COO,Anion:Carboxylate_COO,3,-0.048672378063201904,0.12313401699066162,0.04104467233022054,0.14291066670374597,0.14246786642814488
V7-B,45,Case1_R1234yf,[bmim]__[Ac]__R1234yf__313.15__0.561,Anion,Alkyl_Chain,Anion:Alkyl_Chain,1,0.01130259595811367,0.02272624522447586,0.02272624522447586,0.026376325048739213,0.02629459956057018
V7-B,45,Case1_R1234yf,[bmim]__[Ac]__R1234yf__313.15__0.561,Refri,CF3,Refri:CF3,4,-0.08522739261388779,0.1964673101902008,0.0491168275475502,0.22802207684739642,0.22731556388513818
V7-B,45,Case1_R1234yf,[bmim]__[Ac]__R1234yf__313.15__0.561,Refri,Halogenated_Alkene,Refri:Halogenated_Alkene,2,0.17804491519927979,0.25252556800842285,0.12626278400421143,0.2930838948148892,0.29217579164532453
V7-B,45,Case1_R1234yf,[bmim]__[Ac]__R1234yf__313.15__0.561,Refri,Unclassified,Refri:Unclassified,3,-0.0876106321811676,0.10203130543231964,0.034010435144106545,0.11841863231906237,0.11805171916809454
V7-B,45,Case1_R1234yf,[bmim]__[PF6]__R1234yf__313.15__0.23,Cation,Imidazolium_Ring,Cation:Imidazolium_Ring,5,-0.017137473449110985,0.03930893540382385,0.00786178708076477,0.03716482486514889,0.036995351846490436
V7-B,45,Case1_R1234yf,[bmim]__[PF6]__R1234yf__313.15__0.23,Cation,Alkyl_Chain,Cation:Alkyl_Chain,5,0.049348875880241394,0.09737658500671387,0.019475317001342772,0.09206516764096237,0.09164534696563231
V7-B,45,Case1_R1234yf,[bmim]__[PF6]__R1234yf__313.15__0.23,Anion,PF6_Core,Anion:PF6_Core,7,-0.051933471113443375,0.19651514291763306,0.02807359184537615,0.1857962011653228,0.18494896340270692
V7-B,45,Case1_R1234yf,[bmim]__[PF6]__R1234yf__313.15__0.23,Refri,CF3,Refri:CF3,4,-0.07806789129972458,0.22711917757987976,0.05677979439496994,0.2147309351311453,0.21375175387822481
V7-B,45,Case1_R1234yf,[bmim]__[PF6]__R1234yf__313.15__0.23,Refri,Halogenated_Alkene,Refri:Halogenated_Alkene,2,0.22741173207759857,0.3723929822444916,0.1861964911222458,0.35208076290920676,0.3504752612038093
V7-B,45,Case1_R1234yf,[bmim]__[PF6]__R1234yf__313.15__0.23,Refri,Unclassified,Refri:Unclassified,3,-0.10790930688381195,0.124979168176651,0.04165972272555033,0.11816216464171626,0.11762334066485887
V7-B,45,Case2_R134_vs_R134a,[emim]__[BEI]__R134__283.149__0.01,Cation,Imidazolium_Ring,Cation:Imidazolium_Ring,5,-0.020741863176226616,0.058800533413887024,0.011760106682777405,0.06007780322289271,0.05995209571361469
V7-B,45,Case2_R134_vs_R134a,[emim]__[BEI]__R134__283.149__0.01,Cation,Alkyl_Chain,Cation:Alkyl_Chain,3,-0.0006484206533059478,0.022963015362620354,0.007654338454206784,0.023461819787402693,0.023412727996917914
V7-B,45,Case2_R134_vs_R134a,[emim]__[BEI]__R134__283.149__0.01,Anion,CF3,Anion:CF3,8,0.04806388169527054,0.0862288624048233,0.010778607800602913,0.08810193253225475,0.08791758700184112
V7-B,45,Case2_R134_vs_R134a,[emim]__[BEI]__R134__283.149__0.01,Anion,Sulfonyl_SO2,Anion:Sulfonyl_SO2,6,-0.012802857905626297,0.07352540642023087,0.012254234403371811,0.07512253107817239,0.07496534380157605
V7-B,45,Case2_R134_vs_R134a,[emim]__[BEI]__R134__283.149__0.01,Anion,Sulfonimide_N,Anion:Sulfonimide_N,1,0.0007712251390330493,0.011934740468859673,0.011934740468859673,0.012193987839489693,0.012168472994451474
V7-B,45,Case2_R134_vs_R134a,[emim]__[BEI]__R134__283.149__0.01,Anion,Alkyl_Chain,Anion:Alkyl_Chain,2,0.03716372326016426,0.04095035046339035,0.020475175231695175,0.041839877195179107,0.0417523309390154
V7-B,45,Case2_R134_vs_R134a,[emim]__[BEI]__R134__283.149__0.01,Anion,Unclassified,Anion:Unclassified,4,-0.0011000840459018946,0.02420606091618538,0.006051515229046345,0.02473186687419552,0.02468011762209627
V7-B,45,Case2_R134_vs_R134a,[emim]__[BEI]__R134__283.149__0.01,Refri,CHF2,Refri:CHF2,6,0.0798501968383789,0.6601307392120361,0.11002178986867268,0.6744701510207224,0.6730588816630093
V7-B,45,Case2_R134_vs_R134a,[emim]__[BEI]__R134a__283.1__0.0103,Cation,Imidazolium_Ring,Cation:Imidazolium_Ring,5,-0.008551262319087982,0.02608668804168701,0.005217337608337402,0.06712988313754001,0.0669591303729902
V7-B,45,Case2_R134_vs_R134a,[emim]__[BEI]__R134a__283.1__0.0103,Cation,Alkyl_Chain,Cation:Alkyl_Chain,3,-0.0004851840203627944,0.010017411783337593,0.003339137261112531,0.02577819312599028,0.02571262325552971
V7-B,45,Case2_R134_vs_R134a,[emim]__[BEI]__R134a__283.1__0.0103,Anion,CF3,Anion:CF3,8,0.02353593148291111,0.04224993288516998,0.005281241610646248,0.10872338614307867,0.10844683540460784
V7-B,45,Case2_R134_vs_R134a,[emim]__[BEI]__R134a__283.1__0.0103,Anion,Sulfonyl_SO2,Anion:Sulfonyl_SO2,6,-0.0061378199607133865,0.03548503294587135,0.0059141721576452255,0.09131500752343308,0.09108273704640027
V7-B,45,Case2_R134_vs_R134a,[emim]__[BEI]__R134a__283.1__0.0103,Anion,Sulfonimide_N,Anion:Sulfonimide_N,1,0.0005128767224960029,0.005342675372958183,0.005342675372958183,0.013748513144150818,0.01371354218162131
V7-B,45,Case2_R134_vs_R134a,[emim]__[BEI]__R134a__283.1__0.0103,Anion,Alkyl_Chain,Anion:Alkyl_Chain,2,0.01801769807934761,0.01984187215566635,0.009920936077833176,0.05105985692439602,0.05092998016430252
V7-B,45,Case2_R134_vs_R134a,[emim]__[BEI]__R134a__283.1__0.0103,Anion,Unclassified,Anion:Unclassified,4,-0.0006452174857258797,0.011971031315624714,0.0029927578289061785,0.030805517816962006,0.030727160354014283
V7-B,45,Case2_R134_vs_R134a,[emim]__[BEI]__R134a__283.1__0.0103,Refri,CF3,Refri:CF3,4,-0.03938259929418564,0.10533687472343445,0.026334218680858612,0.27106745321436954,0.27037796121985797
V7-B,45,Case2_R134_vs_R134a,[emim]__[BEI]__R134a__283.1__0.0103,Refri,CH2F,Refri:CH2F,2,0.04639124497771263,0.1322687417268753,0.06613437086343765,0.3403722680581567,0.3395064911041295
V7-B,45,Case2_R134_vs_R134a,[emim]__[BEI]__R134__283.123__0.05,Cation,Imidazolium_Ring,Cation:Imidazolium_Ring,5,-0.027144715189933777,0.07738108932971954,0.015476217865943909,0.05037616649972128,0.050274543116708245
V7-B,45,Case2_R134_vs_R134a,[emim]__[BEI]__R134__283.123__0.05,Cation,Alkyl_Chain,Cation:Alkyl_Chain,3,-8.92754178494215e-05,0.030807366594672203,0.010269122198224068,0.02005602457182135,0.020015565735661354
V7-B,45,Case2_R134_vs_R134a,[emim]__[BEI]__R134__283.123__0.05,Anion,CF3,Anion:CF3,8,0.06697172671556473,0.12324006855487823,0.01540500856935978,0.08023100045159459,0.08006915118328126
V7-B,45,Case2_R134_vs_R134a,[emim]__[BEI]__R134__283.123__0.05,Anion,Sulfonyl_SO2,Anion:Sulfonyl_SO2,6,-0.01850985176861286,0.10458408296108246,0.017430680493513744,0.06808569409017969,0.06794834543804927
V7-B,45,Case2_R134_vs_R134a,[emim]__[BEI]__R134__283.123__0.05,Anion,Sulfonimide_N,Anion:Sulfonimide_N,1,0.0008728108950890601,0.01653856411576271,0.01653856411576271,0.010766835499199833,0.010745115659763868
V7-B,45,Case2_R134_vs_R134a,[emim]__[BEI]__R134__283.123__0.05,Anion,Alkyl_Chain,Anion:Alkyl_Chain,2,0.053085289895534515,0.05853194370865822,0.02926597185432911,0.03810511027126641,0.03802824117850064
V7-B,45,Case2_R134_vs_R134a,[emim]__[BEI]__R134__283.123__0.05,Anion,Unclassified,Anion:Unclassified,4,-0.00252446043305099,0.0345064178109169,0.008626604452729225,0.02246415841401283,0.022418841671330843
V7-B,45,Case2_R134_vs_R134a,[emim]__[BEI]__R134__283.123__0.05,Refri,CHF2,Refri:CHF2,6,0.1144983097910881,1.0904759168624878,0.18174598614374796,0.7099150041391644,0.7084828990508836
V7-B,45,Case2_R134_vs_R134a,[emim]__[BEI]__R134a__283.15__0.0504,Cation,Imidazolium_Ring,Cation:Imidazolium_Ring,5,-0.011158781126141548,0.03540607541799545,0.00708121508359909,0.059070747222628006,0.05891440263416095
V7-B,45,Case2_R134_vs_R134a,[emim]__[BEI]__R134a__283.15__0.0504,Cation,Alkyl_Chain,Cation:Alkyl_Chain,3,-0.0005626808851957321,0.013606896623969078,0.004535632207989693,0.02270145847767089,0.022641373742837305
V7-B,45,Case2_R134_vs_R134a,[emim]__[BEI]__R134a__283.15__0.0504,Anion,CF3,Anion:CF3,8,0.03366584703326225,0.06206851825118065,0.007758564781397581,0.10355380280964627,0.10327972338039078
V7-B,45,Case2_R134_vs_R134a,[emim]__[BEI]__R134a__283.15__0.0504,Anion,Sulfonyl_SO2,Anion:Sulfonyl_SO2,6,-0.009327378123998642,0.052979759871959686,0.008829959978659948,0.0883903105996729,0.08815636490937888
V7-B,45,Case2_R134_vs_R134a,[emim]__[BEI]__R134a__283.15__0.0504,Anion,Sulfonimide_N,Anion:Sulfonimide_N,1,0.0006587067036889493,0.00805788766592741,0.00805788766592741,0.013443609319670776,0.013408027654203191
V7-B,45,Case2_R134_vs_R134a,[emim]__[BEI]__R134a__283.15__0.0504,Anion,Alkyl_Chain,Anion:Alkyl_Chain,2,0.02638627216219902,0.02909068390727043,0.014545341953635216,0.048534281626320765,0.04840582426554263
V7-B,45,Case2_R134_vs_R134a,[emim]__[BEI]__R134a__283.15__0.0504,Anion,Unclassified,Anion:Unclassified,4,-0.0014613345265388489,0.017730945721268654,0.0044327364303171635,0.029581934748601307,0.029503639219396326
V7-B,45,Case2_R134_vs_R134a,[emim]__[BEI]__R134a__283.15__0.0504,Refri,CF3,Refri:CF3,4,-0.06184348836541176,0.1671280711889267,0.041782017797231674,0.2788329384280965,0.27809494165203913
V7-B,45,Case2_R134_vs_R134a,[emim]__[BEI]__R134a__283.15__0.0504,Refri,CH2F,Refri:CH2F,2,0.07588447630405426,0.21331536769866943,0.10665768384933472,0.35589084684674294,0.35494889824095094
V7-B,45,Case2_R134_vs_R134a,[emim]__[BEI]__R134__283.132__0.1,Cation,Imidazolium_Ring,Cation:Imidazolium_Ring,5,-0.030138561502099037,0.09055957943201065,0.01811191588640213,0.04618575891174905,0.046097887447655285
V7-B,45,Case2_R134_vs_R134a,[emim]__[BEI]__R134__283.132__0.1,Cation,Alkyl_Chain,Cation:Alkyl_Chain,3,0.00120486319065094,0.03707090765237808,0.01235696921745936,0.018906315756003208,0.018870345238570042
V7-B,45,Case2_R134_vs_R134a,[emim]__[BEI]__R134__283.132__0.1,Anion,CF3,Anion:CF3,8,0.08145163208246231,0.14945518970489502,0.018681898713111877,0.07622276299331024,0.07607774414032803
V7-B,45,Case2_R134_vs_R134a,[emim]__[BEI]__R134__283.132__0.1,Anion,Sulfonyl_SO2,Anion:Sulfonyl_SO2,6,-0.020854506641626358,0.12340816855430603,0.02056802809238434,0.06293867480765884,0.06281892981193325
V7-B,45,Case2_R134_vs_R134a,[emim]__[BEI]__R134__283.132__0.1,Anion,Sulfonimide_N,Anion:Sulfonimide_N,1,0.0010194249916821718,0.019167114049196243,0.019167114049196243,0.009775307196239716,0.009756709027117038
V7-B,45,Case2_R134_vs_R134a,[emim]__[BEI]__R134__283.132__0.1,Anion,Alkyl_Chain,Anion:Alkyl_Chain,2,0.06428641080856323,0.07078425586223602,0.03539212793111801,0.036100262352203455,0.036031579213032384
V7-B,45,Case2_R134_vs_R134a,[emim]__[BEI]__R134__283.132__0.1,Anion,Unclassified,Anion:Unclassified,4,-0.0026078398805111647,0.041679367423057556,0.010419841855764389,0.021256649240964834,0.021216207058470868
V7-B,45,Case2_R134_vs_R134a,[emim]__[BEI]__R134__283.132__0.1,Refri,CHF2,Refri:CHF2,6,0.1420450210571289,1.428643822669983,0.23810730377833048,0.7286142402431695,0.7272280034126332
V7-B,45,Case2_R134_vs_R134a,[emim]__[BEI]__R134a__283.1__0.1003,Cation,Imidazolium_Ring,Cation:Imidazolium_Ring,5,-0.012960066087543964,0.04333660379052162,0.008667320758104325,0.04596018223699723,0.04584154987872969
V7-B,45,Case2_R134_vs_R134a,[emim]__[BEI]__R134a__283.1__0.1003,Cation,Alkyl_Chain,Cation:Alkyl_Chain,3,-1.001870259642601e-06,0.016942229121923447,0.0056474097073078156,0.01796790403116152,0.0179215253023447
V7-B,45,Case2_R134_vs_R134a,[emim]__[BEI]__R134a__283.1__0.1003,Anion,CF3,Anion:CF3,8,0.05431194230914116,0.09328173846006393,0.011660217307507992,0.09892897283164902,0.09867361750499942
V7-B,45,Case2_R134_vs_R134a,[emim]__[BEI]__R134a__283.1__0.1003,Anion,Sulfonyl_SO2,Anion:Sulfonyl_SO2,6,-0.012090737000107765,0.07675692439079285,0.012792820731798807,0.0814037539721521,0.08119363471597185
V7-B,45,Case2_R134_vs_R134a,[emim]__[BEI]__R134a__283.1__0.1003,Anion,Sulfonimide_N,Anion:Sulfonimide_N,1,0.0013499694177880883,0.011875459924340248,0.011875459924340248,0.01259439491172609,0.012561886277151355
V7-B,45,Case2_R134_vs_R134a,[emim]__[BEI]__R134a__283.1__0.1003,Anion,Alkyl_Chain,Anion:Alkyl_Chain,2,0.040088433772325516,0.04403142258524895,0.022015711292624474,0.04669706504815889,0.04657653064900726
V7-B,45,Case2_R134_vs_R134a,[emim]__[BEI]__R134a__283.1__0.1003,Anion,Unclassified,Anion:Unclassified,4,-2.4684006348252296e-05,0.02647721767425537,0.006619304418563843,0.028080136489688996,0.02800765608055858
V7-B,45,Case2_R134_vs_R134a,[emim]__[BEI]__R134a__283.1__0.1003,Refri,CF3,Refri:CF3,4,-0.09407779574394226,0.29383835196495056,0.07345958799123764,0.311627193256934,0.31082282158047436
V7-B,45,Case2_R134_vs_R134a,[emim]__[BEI]__R134a__283.1__0.1003,Refri,CH2F,Refri:CH2F,2,0.1064080148935318,0.3363763689994812,0.1681881844997406,0.35674044265593563,0.3558196247230683
V7-B,45,Case2_R134_vs_R134a,[emim]__[BEI]__R134__283.149__0.15,Cation,Imidazolium_Ring,Cation:Imidazolium_Ring,5,-0.02791363000869751,0.08729790896177292,0.017459581792354583,0.04179072708457169,0.04171159892087306
V7-B,45,Case2_R134_vs_R134a,[emim]__[BEI]__R134__283.149__0.15,Cation,Alkyl_Chain,Cation:Alkyl_Chain,3,0.0023569888435304165,0.03667056933045387,0.012223523110151291,0.017554713201617785,0.01752147443510652
V7-B,45,Case2_R134_vs_R134a,[emim]__[BEI]__R134__283.149__0.15,Anion,CF3,Anion:CF3,8,0.08357082307338715,0.15050412714481354,0.018813015893101692,0.07204842564287287,0.07191200639352693
V7-B,45,Case2_R134_vs_R134a,[emim]__[BEI]__R134__283.149__0.15,Anion,Sulfonyl_SO2,Anion:Sulfonyl_SO2,6,-0.01997356489300728,0.12266239523887634,0.020443732539812725,0.058720200104820944,0.058609017028323905
V7-B,45,Case2_R134_vs_R134a,[emim]__[BEI]__R134__283.149__0.15,Anion,Sulfonimide_N,Anion:Sulfonimide_N,1,0.0009588759858161211,0.01942497491836548,0.01942497491836548,0.009299006529395061,0.00928139943417981
V7-B,45,Case2_R134_vs_R134a,[emim]__[BEI]__R134__283.149__0.15,Anion,Alkyl_Chain,Anion:Alkyl_Chain,2,0.06462140381336212,0.07118505239486694,0.03559252619743347,0.03407727782388804,0.03401275460052809
V7-B,45,Case2_R134_vs_R134a,[emim]__[BEI]__R134__283.149__0.15,Anion,Unclassified,Anion:Unclassified,4,-0.001488309702835977,0.04196907579898834,0.010492268949747086,0.020091182177974638,0.02005314076392935
V7-B,45,Case2_R134_vs_R134a,[emim]__[BEI]__R134__283.149__0.15,Refri,CHF2,Refri:CHF2,6,0.15776558220386505,1.5592161417007446,0.2598693569501241,0.7464185227186608,0.7450052252918453
V7-B,45,Case2_R134_vs_R134a,[emim]__[BEI]__R134a__283.15__0.1502,Cation,Imidazolium_Ring,Cation:Imidazolium_Ring,5,-0.013412266969680786,0.04575477913022041,0.009150955826044083,0.0330873461402124,0.03300219111985152
V7-B,45,Case2_R134_vs_R134a,[emim]__[BEI]__R134a__283.15__0.1502,Cation,Alkyl_Chain,Cation:Alkyl_Chain,3,0.001091444049961865,0.018476784229278564,0.0061589280764261884,0.01336139671032464,0.013327009243765793
V7-B,45,Case2_R134_vs_R134a,[emim]__[BEI]__R134a__283.15__0.1502,Anion,CF3,Anion:CF3,8,0.07411877065896988,0.12631051242351532,0.015788814052939415,0.09134083313592246,0.0911057544302291
V7-B,45,Case2_R134_vs_R134a,[emim]__[BEI]__R134a__283.15__0.1502,Anion,Sulfonyl_SO2,Anion:Sulfonyl_SO2,6,-0.015614080242812634,0.10212227702140808,0.017020379503568012,0.07384922827006359,0.07365916671268379
V7-B,45,Case2_R134_vs_R134a,[emim]__[BEI]__R134a__283.15__0.1502,Anion,Sulfonimide_N,Anion:Sulfonimide_N,1,0.001760103041306138,0.015972640365362167,0.015972640365362167,0.011550537246344278,0.011520810285764741
V7-B,45,Case2_R134_vs_R134a,[emim]__[BEI]__R134a__283.15__0.1502,Anion,Alkyl_Chain,Anion:Alkyl_Chain,2,0.05446421727538109,0.059787899255752563,0.029893949627876282,0.043235328752021955,0.043124056446150506
V7-B,45,Case2_R134_vs_R134a,[emim]__[BEI]__R134a__283.15__0.1502,Anion,Unclassified,Anion:Unclassified,4,0.00031160772778093815,0.03574063628911972,0.00893515907227993,0.025845667417690014,0.025779149893864817
V7-B,45,Case2_R134_vs_R134a,[emim]__[BEI]__R134a__283.15__0.1502,Refri,CF3,Refri:CF3,4,-0.1526762694120407,0.4681839942932129,0.11704599857330322,0.3385649798985739,0.33769363447139544
V7-B,45,Case2_R134_vs_R134a,[emim]__[BEI]__R134a__283.15__0.1502,Refri,CH2F,Refri:CH2F,2,0.15413005650043488,0.5104987025260925,0.25524935126304626,0.36916465548959104,0.3682145574182159
V7-B,45,Case3_BF4_vs_PF6,[bmim]__[BF4]__R32__283.1__0.01,Cation,Imidazolium_Ring,Cation:Imidazolium_Ring,5,-0.005711263976991177,0.013045629486441612,0.0026091258972883225,0.1096662321241301,0.10962568846133146
V7-B,45,Case3_BF4_vs_PF6,[bmim]__[BF4]__R32__283.1__0.01,Cation,Alkyl_Chain,Cation:Alkyl_Chain,5,0.010695025324821472,0.02249249815940857,0.004498499631881714,0.18907999240396095,0.18901008943286848
V7-B,45,Case3_BF4_vs_PF6,[bmim]__[BF4]__R32__283.1__0.01,Anion,BF4_Core,Anion:BF4_Core,5,-0.0038478057831525803,0.024707332253456116,0.004941466450691223,0.2076986807644341,0.2076218944546145
V7-B,45,Case3_BF4_vs_PF6,[bmim]__[BF4]__R32__283.1__0.01,Refri,CH2F,Refri:CH2F,3,-0.010469870641827583,0.058712124824523926,0.01957070827484131,0.4935551416816608,0.493372674090231
V7-B,45,Case3_BF4_vs_PF6,[bmim]__[PF6]__R32__283.2__0.0098,Cation,Imidazolium_Ring,Cation:Imidazolium_Ring,5,-0.006139211356639862,0.013933110982179642,0.002786622196435928,0.11425089307839198,0.11420665956140573
V7-B,45,Case3_BF4_vs_PF6,[bmim]__[PF6]__R32__283.2__0.0098,Cation,Alkyl_Chain,Cation:Alkyl_Chain,5,0.010720393620431423,0.022855335846543312,0.004571067169308662,0.18741274187896168,0.1873401829301607
V7-B,45,Case3_BF4_vs_PF6,[bmim]__[PF6]__R32__283.2__0.0098,Anion,PF6_Core,Anion:PF6_Core,7,-0.003573222551494837,0.020442437380552292,0.002920348197221756,0.16762708130398,0.16756218259598366
V7-B,45,Case3_BF4_vs_PF6,[bmim]__[PF6]__R32__283.2__0.0098,Refri,CH2F,Refri:CH2F,3,-0.011381633579730988,0.0647209957242012,0.021573665241400402,0.5307092990122741,0.5305038289440751
V7-B,45,Case3_BF4_vs_PF6,[bmim]__[BF4]__R32__283.1__0.0998,Cation,Imidazolium_Ring,Cation:Imidazolium_Ring,5,-0.012103189714252949,0.025427110493183136,0.0050854220986366275,0.11160513634211236,0.11156565359008012
V7-B,45,Case3_BF4_vs_PF6,[bmim]__[BF4]__R32__283.1__0.0998,Cation,Alkyl_Chain,Cation:Alkyl_Chain,5,0.02502043917775154,0.05000830441713333,0.010001660883426666,0.21949736027647768,0.21941970829618745
V7-B,45,Case3_BF4_vs_PF6,[bmim]__[BF4]__R32__283.1__0.0998,Anion,BF4_Core,Anion:BF4_Core,5,-0.006578113883733749,0.051237478852272034,0.010247495770454407,0.22489247508744575,0.2248129144675781
V7-B,45,Case3_BF4_vs_PF6,[bmim]__[BF4]__R32__283.1__0.0998,Refri,CH2F,Refri:CH2F,3,-0.030041690915822983,0.10115810483694077,0.033719368278980255,0.4440049955917402,0.44384791913704835
V7-B,45,Case3_BF4_vs_PF6,[bmim]__[PF6]__R32__283.2__0.0996,Cation,Imidazolium_Ring,Cation:Imidazolium_Ring,5,-0.014680285938084126,0.030793849378824234,0.006158769875764847,0.12205398774180128,0.12200632918694437
V7-B,45,Case3_BF4_vs_PF6,[bmim]__[PF6]__R32__283.2__0.0996,Cation,Alkyl_Chain,Cation:Alkyl_Chain,5,0.02936699613928795,0.05902446061372757,0.011804892122745514,0.23394836753239343,0.23385701745597223
V7-B,45,Case3_BF4_vs_PF6,[bmim]__[PF6]__R32__283.2__0.0996,Anion,PF6_Core,Anion:PF6_Core,7,-0.0032266611233353615,0.043027620762586594,0.006146802966083799,0.17054355993333556,0.1704769676018849
V7-B,45,Case3_BF4_vs_PF6,[bmim]__[PF6]__R32__283.2__0.0996,Refri,CH2F,Refri:CH2F,3,-0.033410701900720596,0.11945102363824844,0.039817007879416146,0.47345408479246975,0.47326921465516586
V7-B,45,Case3_BF4_vs_PF6,[bmim]__[BF4]__R32__283.2__0.2499,Cation,Imidazolium_Ring,Cation:Imidazolium_Ring,5,-0.021343879401683807,0.04009363055229187,0.008018726110458374,0.08899092084490767,0.08896408354583914
V7-B,45,Case3_BF4_vs_PF6,[bmim]__[BF4]__R32__283.2__0.2499,Cation,Alkyl_Chain,Cation:Alkyl_Chain,5,0.06727205961942673,0.12386879324913025,0.02477375864982605,0.27493638823280536,0.2748534747175189
V7-B,45,Case3_BF4_vs_PF6,[bmim]__[BF4]__R32__283.2__0.2499,Anion,BF4_Core,Anion:BF4_Core,5,0.004468933679163456,0.11188533157110214,0.02237706631422043,0.2483381661474666,0.24826327394979344
V7-B,45,Case3_BF4_vs_PF6,[bmim]__[BF4]__R32__283.2__0.2499,Refri,CH2F,Refri:CH2F,3,-0.10321520268917084,0.1746884286403656,0.0582294762134552,0.3877345082376792,0.38761757780412515
V7-B,45,Case3_BF4_vs_PF6,[bmim]__[PF6]__R32__283.2__0.2497,Cation,Imidazolium_Ring,Cation:Imidazolium_Ring,5,-0.02456970140337944,0.04591953009366989,0.009183906018733978,0.0993009348495164,0.09926857419565817
V7-B,45,Case3_BF4_vs_PF6,[bmim]__[PF6]__R32__283.2__0.2497,Cation,Alkyl_Chain,Cation:Alkyl_Chain,5,0.07428336143493652,0.13711458444595337,0.027422916889190675,0.2965101426171404,0.2964135145027603
V7-B,45,Case3_BF4_vs_PF6,[bmim]__[PF6]__R32__283.2__0.2497,Anion,PF6_Core,Anion:PF6_Core,7,0.017739780247211456,0.0799034833908081,0.011414783341544015,0.17279119760709047,0.1727348876021143
V7-B,45,Case3_BF4_vs_PF6,[bmim]__[PF6]__R32__283.2__0.2497,Refri,CH2F,Refri:CH2F,3,-0.11658243834972382,0.19949036836624146,0.06649678945541382,0.43139770881438017,0.4312571229080004
V7-B,45,Case3_BF4_vs_PF6,[bmim]__[BF4]__R32__283.2__0.3995,Cation,Imidazolium_Ring,Cation:Imidazolium_Ring,5,-0.02579803392291069,0.04651635140180588,0.009303270280361176,0.0771455118112727,0.07712200135020705
V7-B,45,Case3_BF4_vs_PF6,[bmim]__[BF4]__R32__283.2__0.3995,Cation,Alkyl_Chain,Cation:Alkyl_Chain,5,0.08773345500230789,0.159030944108963,0.031806188821792605,0.26374647209840196,0.26366609410857617
V7-B,45,Case3_BF4_vs_PF6,[bmim]__[BF4]__R32__283.2__0.3995,Anion,BF4_Core,Anion:BF4_Core,5,0.011746086180210114,0.1519114226102829,0.03038228452205658,0.251939029912691,0.25186225029694137
V7-B,45,Case3_BF4_vs_PF6,[bmim]__[BF4]__R32__283.2__0.3995,Refri,CH2F,Refri:CH2F,3,-0.1491132378578186,0.2455102801322937,0.0818367600440979,0.4071689985341248,0.4070449118482967
V7-B,45,Case3_BF4_vs_PF6,[bmim]__[PF6]__R32__283.2__0.3996,Cation,Imidazolium_Ring,Cation:Imidazolium_Ring,5,-0.02937806397676468,0.053762730211019516,0.010752546042203904,0.08658939740144143,0.08656156550354813
V7-B,45,Case3_BF4_vs_PF6,[bmim]__[PF6]__R32__283.2__0.3996,Cation,Alkyl_Chain,Cation:Alkyl_Chain,5,0.099029041826725,0.17982308566570282,0.035964617133140565,0.28962019907741804,0.2895271082366169
V7-B,45,Case3_BF4_vs_PF6,[bmim]__[PF6]__R32__283.2__0.3996,Anion,PF6_Core,Anion:PF6_Core,7,0.029057666659355164,0.1076524406671524,0.015378920095307487,0.17338330716419895,0.17332757763326082
V7-B,45,Case3_BF4_vs_PF6,[bmim]__[PF6]__R32__283.2__0.3996,Refri,CH2F,Refri:CH2F,3,-0.16944631934165955,0.27965450286865234,0.09321816762288411,0.45040709035704835,0.4502623187738588
V7-B,45,Case4_R1336mzz_Stereo,[emim]__[Tf2N]__R1336mzz(E)__293.1__0.194,Cation,Imidazolium_Ring,Cation:Imidazolium_Ring,5,-0.016118675470352173,0.04971510171890259,0.009943020343780518,0.04852592103027863,0.04838341480147813
V7-B,45,Case4_R1336mzz_Stereo,[emim]__[Tf2N]__R1336mzz(E)__293.1__0.194,Cation,Alkyl_Chain,Cation:Alkyl_Chain,3,0.0010775735136121511,0.0199769027531147,0.006658967584371567,0.019499057065362837,0.019441794121588588
V7-B,45,Case4_R1336mzz_Stereo,[emim]__[Tf2N]__R1336mzz(E)__293.1__0.194,Anion,CF3,Anion:CF3,8,0.11950089782476425,0.178583025932312,0.022322878241539,0.17431133627641032,0.1737994356129602
V7-B,45,Case4_R1336mzz_Stereo,[emim]__[Tf2N]__R1336mzz(E)__293.1__0.194,Anion,Sulfonyl_SO2,Anion:Sulfonyl_SO2,6,-0.005141125991940498,0.160455122590065,0.0267425204316775,0.15661705072502555,0.15615711292702364
V7-B,45,Case4_R1336mzz_Stereo,[emim]__[Tf2N]__R1336mzz(E)__293.1__0.194,Anion,Sulfonimide_N,Anion:Sulfonimide_N,1,0.006997943390160799,0.035175733268260956,0.035175733268260956,0.03433433294392251,0.03423350319762741
V7-B,45,Case4_R1336mzz_Stereo,[emim]__[Tf2N]__R1336mzz(E)__293.1__0.194,Refri,CF3,Refri:CF3,8,-0.07674364000558853,0.36923062801361084,0.046153828501701355,0.360398665143155,0.3593402812208336
V7-B,45,Case4_R1336mzz_Stereo,[emim]__[Tf2N]__R1336mzz(E)__293.1__0.194,Refri,Alkene_C=C,Refri:Alkene_C=C,2,0.06951819360256195,0.21136951446533203,0.10568475723266602,0.20631357500075634,0.20570769325962746
V7-B,45,Case4_R1336mzz_Stereo,[emim]__[Tf2N]__R1336mzz(E)__293.1__0.223,Cation,Imidazolium_Ring,Cation:Imidazolium_Ring,5,-0.01421641930937767,0.04484961926937103,0.008969923853874207,0.04156146752485231,0.04143829145150527
V7-B,45,Case4_R1336mzz_Stereo,[emim]__[Tf2N]__R1336mzz(E)__293.1__0.223,Cation,Alkyl_Chain,Cation:Alkyl_Chain,3,0.00166607485152781,0.018500622361898422,0.006166874120632808,0.017144248446468047,0.017093437892128038
V7-B,45,Case4_R1336mzz_Stereo,[emim]__[Tf2N]__R1336mzz(E)__293.1__0.223,Anion,CF3,Anion:CF3,8,0.12319580465555191,0.18199628591537476,0.022749535739421844,0.16865322047184597,0.1681533814937677
V7-B,45,Case4_R1336mzz_Stereo,[emim]__[Tf2N]__R1336mzz(E)__293.1__0.223,Anion,Sulfonyl_SO2,Anion:Sulfonyl_SO2,6,-0.003619830124080181,0.16097906231880188,0.026829843719800312,0.14917687551727324,0.14873475874770992
V7-B,45,Case4_R1336mzz_Stereo,[emim]__[Tf2N]__R1336mzz(E)__293.1__0.223,Anion,Sulfonimide_N,Anion:Sulfonimide_N,1,0.007276026997715235,0.03641480952501297,0.03641480952501297,0.03374505621569647,0.033645045706754764
V7-B,45,Case4_R1336mzz_Stereo,[emim]__[Tf2N]__R1336mzz(E)__293.1__0.223,Refri,CF3,Refri:CF3,8,-0.08518072962760925,0.40843406319618225,0.05105425789952278,0.3784897024792439,0.37736796934203437
V7-B,45,Case4_R1336mzz_Stereo,[emim]__[Tf2N]__R1336mzz(E)__293.1__0.223,Refri,Alkene_C=C,Refri:Alkene_C=C,2,0.07471029460430145,0.2279408872127533,0.11397044360637665,0.21122939137074478,0.21060336903433483
V7-B,45,Case4_R1336mzz_Stereo,[emim]__[Tf2N]__R1336mzz(E)__303__0.228,Cation,Imidazolium_Ring,Cation:Imidazolium_Ring,5,-0.014264712110161781,0.04146115854382515,0.00829223170876503,0.04655653145471304,0.04641755443535967
V7-B,45,Case4_R1336mzz_Stereo,[emim]__[Tf2N]__R1336mzz(E)__303__0.228,Cation,Alkyl_Chain,Cation:Alkyl_Chain,3,0.0006998243043199182,0.016247589141130447,0.005415863047043483,0.018244338110155144,0.018189876498617547
V7-B,45,Case4_R1336mzz_Stereo,[emim]__[Tf2N]__R1336mzz(E)__303__0.228,Anion,CF3,Anion:CF3,8,0.104127898812294,0.15464887022972107,0.019331108778715134,0.173654457428521,0.17313607734012637
V7-B,45,Case4_R1336mzz_Stereo,[emim]__[Tf2N]__R1336mzz(E)__303__0.228,Anion,Sulfonyl_SO2,Anion:Sulfonyl_SO2,6,-0.004207974299788475,0.14045056700706482,0.023408427834510803,0.1577112524191763,0.1572404647746752
V7-B,45,Case4_R1336mzz_Stereo,[emim]__[Tf2N]__R1336mzz(E)__303__0.228,Anion,Sulfonimide_N,Anion:Sulfonimide_N,1,0.0062786610797047615,0.031342215836048126,0.031342215836048126,0.03519402034771886,0.03508896183295932
V7-B,45,Case4_R1336mzz_Stereo,[emim]__[Tf2N]__R1336mzz(E)__303__0.228,Refri,CF3,Refri:CF3,8,-0.06543393433094025,0.3190959095954895,0.03988698869943619,0.35831123089456446,0.3572416274401275
V7-B,45,Case4_R1336mzz_Stereo,[emim]__[Tf2N]__R1336mzz(E)__303__0.228,Refri,Alkene_C=C,Refri:Alkene_C=C,2,0.06553106009960175,0.18730881810188293,0.09365440905094147,0.2103281526127104,0.2097002969966912
V7-B,45,Case4_R1336mzz_Stereo,[emim]__[Tf2N]__R1336mzz(E)__303__0.293,Cation,Imidazolium_Ring,Cation:Imidazolium_Ring,5,-0.012245770543813705,0.038830313831567764,0.007766062766313553,0.03960351788948394,0.03948970552455983
V7-B,45,Case4_R1336mzz_Stereo,[emim]__[Tf2N]__R1336mzz(E)__303__0.293,Cation,Alkyl_Chain,Cation:Alkyl_Chain,3,0.00162822927813977,0.016169963404536247,0.005389987801512082,0.016491945899320497,0.016444551438802118
V7-B,45,Case4_R1336mzz_Stereo,[emim]__[Tf2N]__R1336mzz(E)__303__0.293,Anion,CF3,Anion:CF3,8,0.11551149934530258,0.16706904768943787,0.020883630961179733,0.17039579045505124,0.16990610799959563
V7-B,45,Case4_R1336mzz_Stereo,[emim]__[Tf2N]__R1336mzz(E)__303__0.293,Anion,Sulfonyl_SO2,Anion:Sulfonyl_SO2,6,-0.0016008529346436262,0.14859166741371155,0.02476527790228526,0.15155048151743403,0.15111495660383875
V7-B,45,Case4_R1336mzz_Stereo,[emim]__[Tf2N]__R1336mzz(E)__303__0.293,Anion,Sulfonimide_N,Anion:Sulfonimide_N,1,0.007089890539646149,0.03572992980480194,0.03572992980480194,0.03644139783037514,0.036336672748128934
V7-B,45,Case4_R1336mzz_Stereo,[emim]__[Tf2N]__R1336mzz(E)__303__0.293,Refri,CF3,Refri:CF3,8,-0.06863126158714294,0.3676149249076843,0.04595186561346054,0.3749350138701921,0.37385752775543585
V7-B,45,Case4_R1336mzz_Stereo,[emim]__[Tf2N]__R1336mzz(E)__303__0.293,Refri,Alkene_C=C,Refri:Alkene_C=C,2,0.06764189898967743,0.20647060871124268,0.10323530435562134,0.21058193042727194,0.2099767612708578
V7-B,45,Case4_R1336mzz_Stereo,[emim]__[Tf2N]__R1336mzz(E)__322.5__0.336,Cation,Imidazolium_Ring,Cation:Imidazolium_Ring,5,-0.009648660197854042,0.030568748712539673,0.006113749742507934,0.045689124182023665,0.04555200714996338
V7-B,45,Case4_R1336mzz_Stereo,[emim]__[Tf2N]__R1336mzz(E)__322.5__0.336,Cation,Alkyl_Chain,Cation:Alkyl_Chain,3,0.0007928524864837527,0.012391332536935806,0.004130444178978602,0.018520520299496888,0.0184649386086428
V7-B,45,Case4_R1336mzz_Stereo,[emim]__[Tf2N]__R1336mzz(E)__322.5__0.336,Anion,CF3,Anion:CF3,8,0.07958224415779114,0.11762785911560059,0.014703482389450073,0.17581072463700978,0.17528310137440237
V7-B,45,Case4_R1336mzz_Stereo,[emim]__[Tf2N]__R1336mzz(E)__322.5__0.336,Anion,Sulfonyl_SO2,Anion:Sulfonyl_SO2,6,-0.0025961038190871477,0.10456311702728271,0.017427186171213787,0.15628370279870982,0.1558146818255395
V7-B,45,Case4_R1336mzz_Stereo,[emim]__[Tf2N]__R1336mzz(E)__322.5__0.336,Anion,Sulfonimide_N,Anion:Sulfonimide_N,1,0.005031554959714413,0.022681014612317085,0.022681014612317085,0.03389984009294289,0.033798103726924045
V7-B,45,Case4_R1336mzz_Stereo,[emim]__[Tf2N]__R1336mzz(E)__322.5__0.336,Refri,CF3,Refri:CF3,8,-0.047012921422719955,0.23753924667835236,0.029692405834794044,0.35503449099765005,0.3539690016376289
V7-B,45,Case4_R1336mzz_Stereo,[emim]__[Tf2N]__R1336mzz(E)__322.5__0.336,Refri,Alkene_C=C,Refri:Alkene_C=C,2,0.05330396071076393,0.14368823170661926,0.07184411585330963,0.21476147171330173,0.21411695387389404
V7-B,45,Case4_R1336mzz_Stereo,[emim]__[Tf2N]__R1336mzz(E)__322.5__0.488,Cation,Imidazolium_Ring,Cation:Imidazolium_Ring,5,-0.009764645248651505,0.03164030238986015,0.006328060477972031,0.036169023159542624,0.03605996193080916
V7-B,45,Case4_R1336mzz_Stereo,[emim]__[Tf2N]__R1336mzz(E)__322.5__0.488,Cation,Alkyl_Chain,Cation:Alkyl_Chain,3,0.0011536134406924248,0.013093697838485241,0.004364565946161747,0.01496781713805609,0.014922684359066359
V7-B,45,Case4_R1336mzz_Stereo,[emim]__[Tf2N]__R1336mzz(E)__322.5__0.488,Anion,CF3,Anion:CF3,8,0.093815378844738,0.144148051738739,0.018018506467342377,0.16478016415583452,0.16428329900428024
V7-B,45,Case4_R1336mzz_Stereo,[emim]__[Tf2N]__R1336mzz(E)__322.5__0.488,Anion,Sulfonyl_SO2,Anion:Sulfonyl_SO2,6,-0.005834843032062054,0.12736795842647552,0.021227993071079254,0.1455983125997936,0.1451592868952948
V7-B,45,Case4_R1336mzz_Stereo,[emim]__[Tf2N]__R1336mzz(E)__322.5__0.488,Anion,Sulfonimide_N,Anion:Sulfonimide_N,1,0.005334273912012577,0.024644892662763596,0.024644892662763596,0.028172350646357976,0.02808740195520177
V7-B,45,Case4_R1336mzz_Stereo,[emim]__[Tf2N]__R1336mzz(E)__322.5__0.488,Refri,CF3,Refri:CF3,8,-0.07717718183994293,0.32975852489471436,0.041219815611839294,0.376957324143521,0.37582067666565505
V7-B,45,Case4_R1336mzz_Stereo,[emim]__[Tf2N]__R1336mzz(E)__322.5__0.488,Refri,Alkene_C=C,Refri:Alkene_C=C,2,0.08976393938064575,0.20413661003112793,0.10206830501556396,0.23335496876580328,0.232651328539956
V7-B,45,Case4_R1336mzz_Stereo,[emim]__[Tf2N]__R1336mzz(E)__332.9__0.381,Cation,Imidazolium_Ring,Cation:Imidazolium_Ring,5,-0.006810195744037628,0.022543037310242653,0.004508607462048531,0.039063818513104025,0.03894702634295781
V7-B,45,Case4_R1336mzz_Stereo,[emim]__[Tf2N]__R1336mzz(E)__332.9__0.381,Cation,Alkyl_Chain,Cation:Alkyl_Chain,3,0.000762130890507251,0.009282938204705715,0.003094312734901905,0.01608598736303473,0.016037893821630345
V7-B,45,Case4_R1336mzz_Stereo,[emim]__[Tf2N]__R1336mzz(E)__332.9__0.381,Anion,CF3,Anion:CF3,8,0.06522809714078903,0.09791456907987595,0.012239321134984493,0.16967176621702046,0.16916448519475225
V7-B,45,Case4_R1336mzz_Stereo,[emim]__[Tf2N]__R1336mzz(E)__332.9__0.381,Anion,Sulfonyl_SO2,Anion:Sulfonyl_SO2,6,-0.002970268949866295,0.08663314580917358,0.014438857634862265,0.1501226936962563,0.14967386007342193
V7-B,45,Case4_R1336mzz_Stereo,[emim]__[Tf2N]__R1336mzz(E)__332.9__0.381,Anion,Sulfonimide_N,Anion:Sulfonimide_N,1,0.004078056197613478,0.01747378334403038,0.01747378334403038,0.03027953562310612,0.030189006514302896
V7-B,45,Case4_R1336mzz_Stereo,[emim]__[Tf2N]__R1336mzz(E)__332.9__0.381,Refri,CF3,Refri:CF3,8,-0.03920023888349533,0.2162800431251526,0.027035005390644073,0.3747819886190984,0.3736614734352626
V7-B,45,Case4_R1336mzz_Stereo,[emim]__[Tf2N]__R1336mzz(E)__332.9__0.381,Refri,Alkene_C=C,Refri:Alkene_C=C,2,0.04422181099653244,0.12695476412773132,0.06347738206386566,0.2199942180376156,0.2193364840238347
V7-B,45,Case4_R1336mzz_Stereo,[emim]__[Tf2N]__R1336mzz(E)__332.9__0.623,Cation,Imidazolium_Ring,Cation:Imidazolium_Ring,5,-0.009090744890272617,0.031351812183856964,0.006270362436771393,0.03964645092306059,0.039524355350420426
V7-B,45,Case4_R1336mzz_Stereo,[emim]__[Tf2N]__R1336mzz(E)__332.9__0.623,Cation,Alkyl_Chain,Cation:Alkyl_Chain,3,0.000735832960344851,0.012985139153897762,0.0043283797179659205,0.016420571773493785,0.0163700028305724
V7-B,45,Case4_R1336mzz_Stereo,[emim]__[Tf2N]__R1336mzz(E)__332.9__0.623,Anion,CF3,Anion:CF3,8,0.08096897602081299,0.13241207599639893,0.016551509499549866,0.16744387347774597,0.1669282117945091
V7-B,45,Case4_R1336mzz_Stereo,[emim]__[Tf2N]__R1336mzz(E)__332.9__0.623,Anion,Sulfonyl_SO2,Anion:Sulfonyl_SO2,6,-0.008628220297396183,0.1194683313369751,0.019911388556162517,0.151075647794616,0.15061039384880218
V7-B,45,Case4_R1336mzz_Stereo,[emim]__[Tf2N]__R1336mzz(E)__332.9__0.623,Anion,Sulfonimide_N,Anion:Sulfonimide_N,1,0.00423969142138958,0.019769124686717987,0.019769124686717987,0.024999372511149327,0.024922384215064083
V7-B,45,Case4_R1336mzz_Stereo,[emim]__[Tf2N]__R1336mzz(E)__332.9__0.623,Refri,CF3,Refri:CF3,8,-0.0761197879910469,0.2817583978176117,0.03521979972720146,0.35630222666962535,0.3552049550756908
V7-B,45,Case4_R1336mzz_Stereo,[emim]__[Tf2N]__R1336mzz(E)__332.9__0.623,Refri,Alkene_C=C,Refri:Alkene_C=C,2,0.09639424830675125,0.19303995370864868,0.09651997685432434,0.24411185567258967,0.24336008657062289
V7-B,45,Case4_R1336mzz_Stereo,[emim]__[Tf2N]__R1336mzz(E)__342.9__0.453,Cation,Imidazolium_Ring,Cation:Imidazolium_Ring,5,-0.0077052609995007515,0.023747429251670837,0.004749485850334167,0.04395273833268613,0.04381843038023677
V7-B,45,Case4_R1336mzz_Stereo,[emim]__[Tf2N]__R1336mzz(E)__342.9__0.453,Cation,Alkyl_Chain,Cation:Alkyl_Chain,3,0.0002617070567794144,0.009473091922700405,0.0031576973075668016,0.017533195954279487,0.017479619141142422
V7-B,45,Case4_R1336mzz_Stereo,[emim]__[Tf2N]__R1336mzz(E)__342.9__0.453,Anion,CF3,Anion:CF3,8,0.05914627015590668,0.09356564283370972,0.011695705354213715,0.1731752171073534,0.17264603941087836
V7-B,45,Case4_R1336mzz_Stereo,[emim]__[Tf2N]__R1336mzz(E)__342.9__0.453,Anion,Sulfonyl_SO2,Anion:Sulfonyl_SO2,6,-0.00518222339451313,0.08388003706932068,0.013980006178220114,0.15524869161930313,0.15477429264707063
V7-B,45,Case4_R1336mzz_Stereo,[emim]__[Tf2N]__R1336mzz(E)__342.9__0.453,Anion,Sulfonimide_N,Anion:Sulfonimide_N,1,0.003667613258585334,0.013645878992974758,0.013645878992974758,0.02525636532449165,0.025179188546849952
V7-B,45,Case4_R1336mzz_Stereo,[emim]__[Tf2N]__R1336mzz(E)__342.9__0.453,Refri,CF3,Refri:CF3,8,-0.03805499151349068,0.19537317752838135,0.02442164719104767,0.36160487344229886,0.36049990451453523
V7-B,45,Case4_R1336mzz_Stereo,[emim]__[Tf2N]__R1336mzz(E)__342.9__0.453,Refri,Alkene_C=C,Refri:Alkene_C=C,2,0.045932188630104065,0.12060937285423279,0.060304686427116394,0.22322888719243125,0.22254675870843488
V7-B,45,Case4_R1336mzz_Stereo,[emim]__[Tf2N]__R1336mzz(E)__342.9__0.8,Cation,Imidazolium_Ring,Cation:Imidazolium_Ring,5,-0.010409499518573284,0.03486034274101257,0.006972068548202514,0.04423645124214028,0.0440989193226419
V7-B,45,Case4_R1336mzz_Stereo,[emim]__[Tf2N]__R1336mzz(E)__342.9__0.8,Cation,Alkyl_Chain,Cation:Alkyl_Chain,3,0.00022147689014673233,0.014147916808724403,0.004715972269574801,0.01795316921398734,0.01789735248923328
V7-B,45,Case4_R1336mzz_Stereo,[emim]__[Tf2N]__R1336mzz(E)__342.9__0.8,Anion,CF3,Anion:CF3,8,0.07732824236154556,0.13355691730976105,0.01669461466372013,0.16947865672224302,0.16895174454193654
V7-B,45,Case4_R1336mzz_Stereo,[emim]__[Tf2N]__R1336mzz(E)__342.9__0.8,Anion,Sulfonyl_SO2,Anion:Sulfonyl_SO2,6,-0.01084517315030098,0.1217515841126442,0.0202919306854407,0.15449813716019378,0.15401779968361237
V7-B,45,Case4_R1336mzz_Stereo,[emim]__[Tf2N]__R1336mzz(E)__342.9__0.8,Anion,Sulfonimide_N,Anion:Sulfonimide_N,1,0.003803775180131197,0.01805124059319496,0.01805124059319496,0.022906338881790868,0.022835122663793433
V7-B,45,Case4_R1336mzz_Stereo,[emim]__[Tf2N]__R1336mzz(E)__342.9__0.8,Refri,CF3,Refri:CF3,8,-0.08139918744564056,0.2701236605644226,0.033765457570552826,0.3427766682812438,0.3417109694780118
V7-B,45,Case4_R1336mzz_Stereo,[emim]__[Tf2N]__R1336mzz(E)__342.9__0.8,Refri,Alkene_C=C,Refri:Alkene_C=C,2,0.10425928235054016,0.19555404782295227,0.09777702391147614,0.24815066122530977,0.24737915637343325
V7-B,45,Case4_R1336mzz_Stereo,[emim]__[Tf2N]__R1336mzz(E)__352.8__0.511,Cation,Imidazolium_Ring,Cation:Imidazolium_Ring,5,-0.007804834749549627,0.025166083127260208,0.005033216625452042,0.05106259205745873,0.050906812010344867
V7-B,45,Case4_R1336mzz_Stereo,[emim]__[Tf2N]__R1336mzz(E)__352.8__0.511,Cation,Alkyl_Chain,Cation:Alkyl_Chain,3,2.6967551093548536e-05,0.010047908872365952,0.003349302957455317,0.020387450410365077,0.020325253058889374
V7-B,45,Case4_R1336mzz_Stereo,[emim]__[Tf2N]__R1336mzz(E)__352.8__0.511,Anion,CF3,Anion:CF3,8,0.051004644483327866,0.08621542155742645,0.010776927694678307,0.17493317803118855,0.17439949774553418
V7-B,45,Case4_R1336mzz_Stereo,[emim]__[Tf2N]__R1336mzz(E)__352.8__0.511,Anion,Sulfonyl_SO2,Anion:Sulfonyl_SO2,6,-0.006624218076467514,0.07813440263271332,0.013022400438785553,0.1585365949525029,0.15805293681381732
V7-B,45,Case4_R1336mzz_Stereo,[emim]__[Tf2N]__R1336mzz(E)__352.8__0.511,Anion,Sulfonimide_N,Anion:Sulfonimide_N,1,0.003007700201123953,0.01056849304586649,0.01056849304586649,0.02144372830425127,0.021378308495523694
V7-B,45,Case4_R1336mzz_Stereo,[emim]__[Tf2N]__R1336mzz(E)__352.8__0.511,Refri,CF3,Refri:CF3,8,-0.03853001073002815,0.172134131193161,0.021516766399145126,0.3492643203884376,0.3481987964874167
V7-B,45,Case4_R1336mzz_Stereo,[emim]__[Tf2N]__R1336mzz(E)__352.8__0.511,Refri,Alkene_C=C,Refri:Alkene_C=C,2,0.04616136848926544,0.11058127880096436,0.05529063940048218,0.2243720923932466,0.2236875855220575
V7-B,45,Case4_R1336mzz_Stereo,[emim]__[Tf2N]__R1336mzz(Z)__293.1__0.05,Cation,Imidazolium_Ring,Cation:Imidazolium_Ring,5,-0.012273079715669155,0.03718869015574455,0.007437738031148911,0.08318320337680328,0.08295300729474368
V7-B,45,Case4_R1336mzz_Stereo,[emim]__[Tf2N]__R1336mzz(Z)__293.1__0.05,Cation,Alkyl_Chain,Cation:Alkyl_Chain,3,-0.0005794370663352311,0.014230409637093544,0.004743469879031181,0.03183040472843118,0.03174231922364886
V7-B,45,Case4_R1336mzz_Stereo,[emim]__[Tf2N]__R1336mzz(Z)__293.1__0.05,Anion,CF3,Anion:CF3,8,0.05770400911569595,0.090193971991539,0.011274246498942375,0.20174476390841514,0.20118646785413374
V7-B,45,Case4_R1336mzz_Stereo,[emim]__[Tf2N]__R1336mzz(Z)__293.1__0.05,Anion,Sulfonyl_SO2,Anion:Sulfonyl_SO2,6,-0.004773661494255066,0.08480729162693024,0.014134548604488373,0.18969590371950987,0.18917095094002648
V7-B,45,Case4_R1336mzz_Stereo,[emim]__[Tf2N]__R1336mzz(Z)__293.1__0.05,Anion,Sulfonimide_N,Anion:Sulfonimide_N,1,0.003378894180059433,0.01631198078393936,0.01631198078393936,0.03648643739121682,0.03638546706794464
V7-B,45,Case4_R1336mzz_Stereo,[emim]__[Tf2N]__R1336mzz(Z)__293.1__0.05,Refri,CF3,Refri:CF3,8,-0.031957998871803284,0.12291508167982101,0.015364385209977627,0.2749349384081375,0.274174100365436
V7-B,45,Case4_R1336mzz_Stereo,[emim]__[Tf2N]__R1336mzz(Z)__293.1__0.05,Refri,Alkene_C=C,Refri:Alkene_C=C,2,0.03205522894859314,0.08142225444316864,0.04071112722158432,0.1821242943050442,0.18162029473187338
V7-B,45,Case4_R1336mzz_Stereo,[emim]__[Tf2N]__R1336mzz(Z)__293.1__0.06,Cation,Imidazolium_Ring,Cation:Imidazolium_Ring,5,-0.012942612171173096,0.03878859058022499,0.0077577181160449985,0.08166972254564131,0.08144316875579484
V7-B,45,Case4_R1336mzz_Stereo,[emim]__[Tf2N]__R1336mzz(Z)__293.1__0.06,Cation,Alkyl_Chain,Cation:Alkyl_Chain,3,-0.0006158732576295733,0.014754991978406906,0.004918330659468968,0.031066766876907376,0.03098058691259677
V7-B,45,Case4_R1336mzz_Stereo,[emim]__[Tf2N]__R1336mzz(Z)__293.1__0.06,Anion,CF3,Anion:CF3,8,0.06103416159749031,0.09508762508630753,0.01188595313578844,0.2002078405571614,0.1996524591548326
V7-B,45,Case4_R1336mzz_Stereo,[emim]__[Tf2N]__R1336mzz(Z)__293.1__0.06,Anion,Sulfonyl_SO2,Anion:Sulfonyl_SO2,6,-0.005047630984336138,0.09007659554481506,0.015012765924135843,0.1896570732774051,0.18913095995923906
V7-B,45,Case4_R1336mzz_Stereo,[emim]__[Tf2N]__R1336mzz(Z)__293.1__0.06,Anion,Sulfonimide_N,Anion:Sulfonimide_N,1,0.0035835634917020798,0.01755916140973568,0.01755916140973568,0.03697097056159463,0.036868412193157035
V7-B,45,Case4_R1336mzz_Stereo,[emim]__[Tf2N]__R1336mzz(Z)__293.1__0.06,Refri,CF3,Refri:CF3,8,-0.0333746112883091,0.1307849884033203,0.01634812355041504,0.27536895659930244,0.27460507643932297
V7-B,45,Case4_R1336mzz_Stereo,[emim]__[Tf2N]__R1336mzz(Z)__293.1__0.06,Refri,Alkene_C=C,Refri:Alkene_C=C,2,0.03515298292040825,0.08789259195327759,0.043946295976638794,0.18505863428564437,0.18454527714869812
V7-B,45,Case4_R1336mzz_Stereo,[emim]__[Tf2N]__R1336mzz(Z)__303__0.07,Cation,Imidazolium_Ring,Cation:Imidazolium_Ring,5,-0.010108265094459057,0.030881131067872047,0.00617622621357441,0.07656813089899306,0.07634589174304299
V7-B,45,Case4_R1336mzz_Stereo,[emim]__[Tf2N]__R1336mzz(Z)__303__0.07,Cation,Alkyl_Chain,Cation:Alkyl_Chain,3,-0.00046783394645899534,0.011858724057674408,0.003952908019224803,0.029403078985267898,0.029317736488601243
V7-B,45,Case4_R1336mzz_Stereo,[emim]__[Tf2N]__R1336mzz(Z)__303__0.07,Anion,CF3,Anion:CF3,8,0.04641856253147125,0.07636774331331253,0.009545967914164066,0.18934977976107345,0.18880019163949655
V7-B,45,Case4_R1336mzz_Stereo,[emim]__[Tf2N]__R1336mzz(Z)__303__0.07,Anion,Sulfonyl_SO2,Anion:Sulfonyl_SO2,6,-0.005600013304501772,0.07266144454479218,0.012110240757465363,0.18016020802436705,0.17963729265348066
V7-B,45,Case4_R1336mzz_Stereo,[emim]__[Tf2N]__R1336mzz(Z)__303__0.07,Anion,Sulfonimide_N,Anion:Sulfonimide_N,1,0.002536744810640812,0.012369940988719463,0.012369940988719463,0.030670614322882605,0.030581592802315788
V7-B,45,Case4_R1336mzz_Stereo,[emim]__[Tf2N]__R1336mzz(Z)__303__0.07,Refri,CF3,Refri:CF3,8,-0.036386966705322266,0.11498328298330307,0.014372910372912884,0.28509496764582654,0.2842674789213231
V7-B,45,Case4_R1336mzz_Stereo,[emim]__[Tf2N]__R1336mzz(Z)__303__0.07,Refri,Alkene_C=C,Refri:Alkene_C=C,2,0.04208781197667122,0.08419347554445267,0.042096737772226334,0.2087532688540556,0.2081473620658496
V7-B,45,Case4_R1336mzz_Stereo,[emim]__[Tf2N]__R1336mzz(Z)__303__0.09,Cation,Imidazolium_Ring,Cation:Imidazolium_Ring,5,-0.011116753332316875,0.0330977737903595,0.006619554758071899,0.07567614898138993,0.0754570243362208
V7-B,45,Case4_R1336mzz_Stereo,[emim]__[Tf2N]__R1336mzz(Z)__303__0.09,Cation,Alkyl_Chain,Cation:Alkyl_Chain,3,-0.000513127539306879,0.012590705417096615,0.004196901805698872,0.028787921053546106,0.028704563971150614
V7-B,45,Case4_R1336mzz_Stereo,[emim]__[Tf2N]__R1336mzz(Z)__303__0.09,Anion,CF3,Anion:CF3,8,0.05295362323522568,0.08423354476690292,0.010529193095862865,0.1925951371650089,0.1920374668598912
V7-B,45,Case4_R1336mzz_Stereo,[emim]__[Tf2N]__R1336mzz(Z)__303__0.09,Anion,Sulfonyl_SO2,Anion:Sulfonyl_SO2,6,-0.0051377154886722565,0.07988138496875763,0.013313564161459604,0.18264417504407038,0.18211531832253472
V7-B,45,Case4_R1336mzz_Stereo,[emim]__[Tf2N]__R1336mzz(Z)__303__0.09,Anion,Sulfonimide_N,Anion:Sulfonimide_N,1,0.0030450988560914993,0.014682192355394363,0.014682192355394363,0.03356998519289777,0.03347278136853911
V7-B,45,Case4_R1336mzz_Stereo,[emim]__[Tf2N]__R1336mzz(Z)__303__0.09,Refri,CF3,Refri:CF3,8,-0.036304354667663574,0.12504485249519348,0.015630606561899185,0.28590783618016286,0.28507997358412274
V7-B,45,Case4_R1336mzz_Stereo,[emim]__[Tf2N]__R1336mzz(Z)__303__0.09,Refri,Alkene_C=C,Refri:Alkene_C=C,2,0.04055401682853699,0.08783023059368134,0.04391511529684067,0.20081875166520277,0.20023726941096218
V7-B,45,Case4_R1336mzz_Stereo,[emim]__[Tf2N]__R1336mzz(Z)__322.5__0.13,Cation,Imidazolium_Ring,Cation:Imidazolium_Ring,5,-0.005623543635010719,0.01656380482017994,0.003312760964035988,0.04938037098733277,0.04922483207623795
V7-B,45,Case4_R1336mzz_Stereo,[emim]__[Tf2N]__R1336mzz(Z)__322.5__0.13,Cation,Alkyl_Chain,Cation:Alkyl_Chain,3,-0.0001116883649956435,0.006243026815354824,0.002081008938451608,0.01861184574274275,0.018553221917882595
V7-B,45,Case4_R1336mzz_Stereo,[emim]__[Tf2N]__R1336mzz(Z)__322.5__0.13,Anion,CF3,Anion:CF3,8,0.033742621541023254,0.05627395212650299,0.007034244015812874,0.16776511575073813,0.16723668708765133
V7-B,45,Case4_R1336mzz_Stereo,[emim]__[Tf2N]__R1336mzz(Z)__322.5__0.13,Anion,Sulfonyl_SO2,Anion:Sulfonyl_SO2,6,-0.0045191640965640545,0.05410873889923096,0.009018123149871826,0.16131013553392756,0.1608020388483854
V7-B,45,Case4_R1336mzz_Stereo,[emim]__[Tf2N]__R1336mzz(Z)__322.5__0.13,Anion,Sulfonimide_N,Anion:Sulfonimide_N,1,0.0018946724012494087,0.008787822909653187,0.008787822909653187,0.026198446562288237,0.026115926367133783
V7-B,45,Case4_R1336mzz_Stereo,[emim]__[Tf2N]__R1336mzz(Z)__322.5__0.13,Refri,CF3,Refri:CF3,8,-0.03180062770843506,0.11377470940351486,0.014221838675439358,0.33918760938771486,0.3381192320068614
V7-B,45,Case4_R1336mzz_Stereo,[emim]__[Tf2N]__R1336mzz(Z)__322.5__0.13,Refri,Alkene_C=C,Refri:Alkene_C=C,2,0.03878418356180191,0.07968093454837799,0.039840467274188995,0.23754651490596,0.23679828791770346
V7-B,45,Case4_R1336mzz_Stereo,[emim]__[Tf2N]__R1336mzz(Z)__322.5__0.17,Cation,Imidazolium_Ring,Cation:Imidazolium_Ring,5,-0.007062471006065607,0.01924579218029976,0.0038491584360599517,0.04720866098158211,0.0470624335115587
V7-B,45,Case4_R1336mzz_Stereo,[emim]__[Tf2N]__R1336mzz(Z)__322.5__0.17,Cation,Alkyl_Chain,Cation:Alkyl_Chain,3,-0.0002086533058900386,0.0070670656859874725,0.0023556885619958243,0.017335046797702574,0.01728135198867263
V7-B,45,Case4_R1336mzz_Stereo,[emim]__[Tf2N]__R1336mzz(Z)__322.5__0.17,Anion,CF3,Anion:CF3,8,0.044621940702199936,0.07046936452388763,0.008808670565485954,0.1728567111309172,0.17232129243825184
V7-B,45,Case4_R1336mzz_Stereo,[emim]__[Tf2N]__R1336mzz(Z)__322.5__0.17,Anion,Sulfonyl_SO2,Anion:Sulfonyl_SO2,6,-0.004451635293662548,0.06691045314073563,0.011151742190122604,0.16412693584410434,0.16361855737938705
V7-B,45,Case4_R1336mzz_Stereo,[emim]__[Tf2N]__R1336mzz(Z)__322.5__0.17,Anion,Sulfonimide_N,Anion:Sulfonimide_N,1,0.0027450781781226397,0.011926908977329731,0.011926908977329731,0.02925592239561311,0.02916530301717362
V7-B,45,Case4_R1336mzz_Stereo,[emim]__[Tf2N]__R1336mzz(Z)__322.5__0.17,Refri,CF3,Refri:CF3,8,-0.032760366797447205,0.13999946415424347,0.017499933019280434,0.34340946732377614,0.3423457663726216
V7-B,45,Case4_R1336mzz_Stereo,[emim]__[Tf2N]__R1336mzz(Z)__322.5__0.17,Refri,Alkene_C=C,Refri:Alkene_C=C,2,0.039487794041633606,0.09205599129199982,0.04602799564599991,0.22580728522445295,0.22510785365099428
V7-B,45,Case4_R1336mzz_Stereo,[emim]__[Tf2N]__R1336mzz(Z)__332.9__0.18,Cation,Imidazolium_Ring,Cation:Imidazolium_Ring,5,-0.004570202901959419,0.01428075972944498,0.002856151945888996,0.042977537443013705,0.04284015751711899
V7-B,45,Case4_R1336mzz_Stereo,[emim]__[Tf2N]__R1336mzz(Z)__332.9__0.18,Cation,Alkyl_Chain,Cation:Alkyl_Chain,3,0.0001325827615801245,0.005715329200029373,0.0019051097333431244,0.017200119555751278,0.017145138482136193
V7-B,45,Case4_R1336mzz_Stereo,[emim]__[Tf2N]__R1336mzz(Z)__332.9__0.18,Anion,CF3,Anion:CF3,8,0.03303620591759682,0.05515080690383911,0.006893850862979889,0.16597477400554816,0.16544422703822814
V7-B,45,Case4_R1336mzz_Stereo,[emim]__[Tf2N]__R1336mzz(Z)__332.9__0.18,Anion,Sulfonyl_SO2,Anion:Sulfonyl_SO2,6,-0.0043538413010537624,0.05244382470846176,0.008740637451410294,0.15782818860928768,0.1573236826244115
V7-B,45,Case4_R1336mzz_Stereo,[emim]__[Tf2N]__R1336mzz(Z)__332.9__0.18,Anion,Sulfonimide_N,Anion:Sulfonimide_N,1,0.0017456659115850925,0.008852628991007805,0.008852628991007805,0.026641733432828593,0.026556571751111445
V7-B,45,Case4_R1336mzz_Stereo,[emim]__[Tf2N]__R1336mzz(Z)__332.9__0.18,Refri,CF3,Refri:CF3,8,-0.03000211901962757,0.11547760665416718,0.014434700831770897,0.3475265502560179,0.34641566362637044
V7-B,45,Case4_R1336mzz_Stereo,[emim]__[Tf2N]__R1336mzz(Z)__332.9__0.18,Refri,Alkene_C=C,Refri:Alkene_C=C,2,0.03814742714166641,0.08036333322525024,0.04018166661262512,0.2418511499505364,0.24107806021495506
V7-B,45,Case4_R1336mzz_Stereo,[emim]__[Tf2N]__R1336mzz(Z)__332.9__0.24,Cation,Imidazolium_Ring,Cation:Imidazolium_Ring,5,-0.006552781909704208,0.021002843976020813,0.004200568795204163,0.049670166388434016,0.04952049010823899
V7-B,45,Case4_R1336mzz_Stereo,[emim]__[Tf2N]__R1336mzz(Z)__332.9__0.24,Cation,Alkyl_Chain,Cation:Alkyl_Chain,3,7.77176464907825e-05,0.008298560976982117,0.002766186992327372,0.019625480481684783,0.019566340979461923
V7-B,45,Case4_R1336mzz_Stereo,[emim]__[Tf2N]__R1336mzz(Z)__332.9__0.24,Anion,CF3,Anion:CF3,8,0.04845833033323288,0.07572031021118164,0.009465038776397705,0.179072910862322,0.17853329182879668
V7-B,45,Case4_R1336mzz_Stereo,[emim]__[Tf2N]__R1336mzz(Z)__332.9__0.24,Anion,Sulfonyl_SO2,Anion:Sulfonyl_SO2,6,-0.004045285750180483,0.06935328245162964,0.01155888040860494,0.16401536300938388,0.16352111845143133
V7-B,45,Case4_R1336mzz_Stereo,[emim]__[Tf2N]__R1336mzz(Z)__332.9__0.24,Anion,Sulfonimide_N,Anion:Sulfonimide_N,1,0.002953454852104187,0.012457524426281452,0.012457524426281452,0.029461120205808055,0.02937234194707827
V7-B,45,Case4_R1336mzz_Stereo,[emim]__[Tf2N]__R1336mzz(Z)__332.9__0.24,Refri,CF3,Refri:CF3,8,-0.028484195470809937,0.14570972323417664,0.01821371540427208,0.3445926754356351,0.3435542784744027
V7-B,45,Case4_R1336mzz_Stereo,[emim]__[Tf2N]__R1336mzz(Z)__332.9__0.24,Refri,Alkene_C=C,Refri:Alkene_C=C,2,0.03256242722272873,0.09030397981405258,0.04515198990702629,0.21356220652892657,0.21291865731241066
V7-B,45,Case4_R1336mzz_Stereo,[emim]__[Tf2N]__R1336mzz(Z)__342.9__0.24,Cation,Imidazolium_Ring,Cation:Imidazolium_Ring,5,-0.004786613862961531,0.015686824917793274,0.003137364983558655,0.045788386214974046,0.04565313693655727
V7-B,45,Case4_R1336mzz_Stereo,[emim]__[Tf2N]__R1336mzz(Z)__342.9__0.24,Cation,Alkyl_Chain,Cation:Alkyl_Chain,3,0.00015269414870999753,0.006406298838555813,0.002135432946185271,0.018699391812272335,0.01864415773528241
V7-B,45,Case4_R1336mzz_Stereo,[emim]__[Tf2N]__R1336mzz(Z)__342.9__0.24,Anion,CF3,Anion:CF3,8,0.036475054919719696,0.05901588872075081,0.007376986090093851,0.17226190256643747,0.17175307707712176
V7-B,45,Case4_R1336mzz_Stereo,[emim]__[Tf2N]__R1336mzz(Z)__342.9__0.24,Anion,Sulfonyl_SO2,Anion:Sulfonyl_SO2,6,-0.003878373187035322,0.05380450561642647,0.008967417602737745,0.15705035889552355,0.1565864651121526
V7-B,45,Case4_R1336mzz_Stereo,[emim]__[Tf2N]__R1336mzz(Z)__342.9__0.24,Anion,Sulfonimide_N,Anion:Sulfonimide_N,1,0.002040858380496502,0.008896717801690102,0.008896717801690102,0.025968693657526142,0.025891987589264275
V7-B,45,Case4_R1336mzz_Stereo,[emim]__[Tf2N]__R1336mzz(Z)__342.9__0.24,Refri,CF3,Refri:CF3,8,-0.026361169293522835,0.12300010770559311,0.015375013463199139,0.3590259001181849,0.35796541299605883
V7-B,45,Case4_R1336mzz_Stereo,[emim]__[Tf2N]__R1336mzz(Z)__342.9__0.24,Refri,Alkene_C=C,Refri:Alkene_C=C,2,0.029565606266260147,0.07578358054161072,0.03789179027080536,0.2212052389682056,0.22055184514008516
V7-B,45,Case4_R1336mzz_Stereo,[emim]__[Tf2N]__R1336mzz(Z)__342.9__0.31,Cation,Imidazolium_Ring,Cation:Imidazolium_Ring,5,-0.005975295789539814,0.020750658586621284,0.004150131717324257,0.05123042980267785,0.05107741336065025
V7-B,45,Case4_R1336mzz_Stereo,[emim]__[Tf2N]__R1336mzz(Z)__342.9__0.31,Cation,Alkyl_Chain,Cation:Alkyl_Chain,3,0.00032775153522379696,0.008716088719666004,0.0029053629065553346,0.021518785509518967,0.021454512615301527
V7-B,45,Case4_R1336mzz_Stereo,[emim]__[Tf2N]__R1336mzz(Z)__342.9__0.31,Anion,CF3,Anion:CF3,8,0.044648945331573486,0.07190614193677902,0.008988267742097378,0.1775260549681357,0.17699581531558842
V7-B,45,Case4_R1336mzz_Stereo,[emim]__[Tf2N]__R1336mzz(Z)__342.9__0.31,Anion,Sulfonyl_SO2,Anion:Sulfonyl_SO2,6,-0.004372092429548502,0.06490050256252289,0.010816750427087149,0.1602301260371329,0.15975154633584462
V7-B,45,Case4_R1336mzz_Stereo,[emim]__[Tf2N]__R1336mzz(Z)__342.9__0.31,Anion,Sulfonimide_N,Anion:Sulfonimide_N,1,0.0026261243037879467,0.010543303564190865,0.010543303564190865,0.026029919526595176,0.025952172654520014
V7-B,45,Case4_R1336mzz_Stereo,[emim]__[Tf2N]__R1336mzz(Z)__342.9__0.31,Refri,CF3,Refri:CF3,8,-0.03106456995010376,0.1393706500530243,0.017421331256628036,0.3440863466713521,0.3430586202064226
V7-B,45,Case4_R1336mzz_Stereo,[emim]__[Tf2N]__R1336mzz(Z)__342.9__0.31,Refri,Alkene_C=C,Refri:Alkene_C=C,2,0.03581675514578819,0.08885818719863892,0.04442909359931946,0.21937824781176235,0.21872300289057586
V7-B,45,Case4_R1336mzz_Stereo,[emim]__[Tf2N]__R1336mzz(Z)__352.8__0.31,Cation,Imidazolium_Ring,Cation:Imidazolium_Ring,5,-0.004453464411199093,0.015366227366030216,0.0030732454732060434,0.04635324452913888,0.046210355835757486
V7-B,45,Case4_R1336mzz_Stereo,[emim]__[Tf2N]__R1336mzz(Z)__352.8__0.31,Cation,Alkyl_Chain,Cation:Alkyl_Chain,3,0.00028414896223694086,0.006537573412060738,0.002179191137353579,0.019721024020923125,0.019660231914931034
V7-B,45,Case4_R1336mzz_Stereo,[emim]__[Tf2N]__R1336mzz(Z)__352.8__0.31,Anion,CF3,Anion:CF3,8,0.03390806168317795,0.05674427002668381,0.007093033753335476,0.1711728559990636,0.1706451978818267
V7-B,45,Case4_R1336mzz_Stereo,[emim]__[Tf2N]__R1336mzz(Z)__352.8__0.31,Anion,Sulfonyl_SO2,Anion:Sulfonyl_SO2,6,-0.004229311365634203,0.051609236747026443,0.00860153945783774,0.15568268735796817,0.1552027792953362
V7-B,45,Case4_R1336mzz_Stereo,[emim]__[Tf2N]__R1336mzz(Z)__352.8__0.31,Anion,Sulfonimide_N,Anion:Sulfonimide_N,1,0.0018416903913021088,0.007851723581552505,0.007851723581552505,0.02368524521220427,0.023612232982420392
V7-B,45,Case4_R1336mzz_Stereo,[emim]__[Tf2N]__R1336mzz(Z)__352.8__0.31,Refri,CF3,Refri:CF3,8,-0.027249258011579514,0.11708970367908478,0.014636212959885597,0.35320886104285154,0.3521200580225275
V7-B,45,Case4_R1336mzz_Stereo,[emim]__[Tf2N]__R1336mzz(Z)__352.8__0.31,Refri,Alkene_C=C,Refri:Alkene_C=C,2,0.03249119222164154,0.07630403339862823,0.03815201669931412,0.23017618016672262,0.2294666381709974
V7-B,45,Case4_R1336mzz_Stereo,[emim]__[Tf2N]__R1336mzz(Z)__352.8__0.41,Cation,Imidazolium_Ring,Cation:Imidazolium_Ring,5,-0.006514173466712236,0.02139142155647278,0.0042782843112945555,0.05125793048722017,0.05110571768070638
V7-B,45,Case4_R1336mzz_Stereo,[emim]__[Tf2N]__R1336mzz(Z)__352.8__0.41,Cation,Alkyl_Chain,Cation:Alkyl_Chain,3,0.00014208402717486024,0.008749667555093765,0.0029165558516979218,0.020965874107117224,0.020903614969681805
V7-B,45,Case4_R1336mzz_Stereo,[emim]__[Tf2N]__R1336mzz(Z)__352.8__0.41,Anion,CF3,Anion:CF3,8,0.04385420307517052,0.07295796275138855,0.009119745343923569,0.17482120920889868,0.17430206950429328
V7-B,45,Case4_R1336mzz_Stereo,[emim]__[Tf2N]__R1336mzz(Z)__352.8__0.41,Anion,Sulfonyl_SO2,Anion:Sulfonyl_SO2,6,-0.005340600851923227,0.0657958909869194,0.010965981831153234,0.1576595177486807,0.15719134048436215
V7-B,45,Case4_R1336mzz_Stereo,[emim]__[Tf2N]__R1336mzz(Z)__352.8__0.41,Anion,Sulfonimide_N,Anion:Sulfonimide_N,1,0.00255776010453701,0.009289728477597237,0.009289728477597237,0.022259963195655177,0.02219386120053563
V7-B,45,Case4_R1336mzz_Stereo,[emim]__[Tf2N]__R1336mzz(Z)__352.8__0.41,Refri,CF3,Refri:CF3,8,-0.03248581290245056,0.14759036898612976,0.01844879612326622,0.35365470471900856,0.3526045106391772
V7-B,45,Case4_R1336mzz_Stereo,[emim]__[Tf2N]__R1336mzz(Z)__352.8__0.41,Refri,Alkene_C=C,Refri:Alkene_C=C,2,0.035775624215602875,0.0915539413690567,0.04577697068452835,0.2193807246581112,0.21872926340171958
V7-B,46,Case1_R1234yf,[emim]__[Ac]__R1234yf__313.15__0.311,Cation,Imidazolium_Ring,Cation:Imidazolium_Ring,5,-0.00566310528665781,0.02406691014766693,0.004813382029533386,0.05584188495244649,0.05531061869806435
V7-B,46,Case1_R1234yf,[emim]__[Ac]__R1234yf__313.15__0.311,Cation,Alkyl_Chain,Cation:Alkyl_Chain,3,0.030730241909623146,0.04907211661338806,0.01635737220446269,0.1138608767591838,0.11277763177975607
V7-B,46,Case1_R1234yf,[emim]__[Ac]__R1234yf__313.15__0.311,Anion,Carboxylate_COO,Anion:Carboxylate_COO,3,0.031791672110557556,0.1834959238767624,0.0611653079589208,0.42576127170036304,0.42171068142623724
V7-B,46,Case1_R1234yf,[emim]__[Ac]__R1234yf__313.15__0.311,Anion,Alkyl_Chain,Anion:Alkyl_Chain,1,0.05439305305480957,0.06598468124866486,0.06598468124866486,0.15310270227061099,0.15164612000730884
V7-B,46,Case1_R1234yf,[emim]__[Ac]__R1234yf__313.15__0.311,Refri,CF3,Refri:CF3,4,-0.02346697449684143,0.04061763733625412,0.01015440933406353,0.09424414755589952,0.093347531417098
V7-B,46,Case1_R1234yf,[emim]__[Ac]__R1234yf__313.15__0.311,Refri,Halogenated_Alkene,Refri:Halogenated_Alkene,2,0.01330222561955452,0.05209600552916527,0.026048002764582634,0.1208771350120189,0.11972713904012493
V7-B,46,Case1_R1234yf,[emim]__[Ac]__R1234yf__313.15__0.311,Refri,Unclassified,Refri:Unclassified,3,-0.011602291837334633,0.01564987376332283,0.005216624587774277,0.036312033611697464,0.03596656966286563
V7-B,46,Case1_R1234yf,[emim]__[BF4]__R1234yf__313.15__0.3919,Cation,Imidazolium_Ring,Cation:Imidazolium_Ring,5,-0.004621303640305996,0.045858755707740784,0.009171751141548157,0.06639664826405522,0.06602180790784708
V7-B,46,Case1_R1234yf,[emim]__[BF4]__R1234yf__313.15__0.3919,Cation,Alkyl_Chain,Cation:Alkyl_Chain,3,0.059770792722702026,0.08963583409786224,0.029878611365954082,0.12977933780803333,0.1290466723123451
V7-B,46,Case1_R1234yf,[emim]__[BF4]__R1234yf__313.15__0.3919,Anion,BF4_Core,Anion:BF4_Core,5,0.013297686353325844,0.3647593557834625,0.07295187115669251,0.5281172215252647,0.5251357510352347
V7-B,46,Case1_R1234yf,[emim]__[BF4]__R1234yf__313.15__0.3919,Refri,CF3,Refri:CF3,4,-0.04871225357055664,0.0628909319639206,0.01572273299098015,0.0910567027858153,0.09054264480548421
V7-B,46,Case1_R1234yf,[emim]__[BF4]__R1234yf__313.15__0.3919,Refri,Halogenated_Alkene,Refri:Halogenated_Alkene,2,-0.0024947694037109613,0.09503430128097534,0.04751715064048767,0.13759551426529604,0.13681872277162407
V7-B,46,Case1_R1234yf,[emim]__[BF4]__R1234yf__313.15__0.3919,Refri,Unclassified,Refri:Unclassified,3,-0.01993001624941826,0.032499611377716064,0.010833203792572021,0.047054596926197484,0.04678895156104439
V7-B,46,Case1_R1234yf,[bmim]__[Ac]__R1234yf__313.15__0.561,Cation,Imidazolium_Ring,Cation:Imidazolium_Ring,5,-0.004042232409119606,0.029197214171290398,0.0058394428342580795,0.035569210938966436,0.0352596911075889
V7-B,46,Case1_R1234yf,[bmim]__[Ac]__R1234yf__313.15__0.561,Cation,Alkyl_Chain,Cation:Alkyl_Chain,5,0.11381705850362778,0.16046306490898132,0.03209261298179626,0.1954825063164021,0.19378143646427257
V7-B,46,Case1_R1234yf,[bmim]__[Ac]__R1234yf__313.15__0.561,Anion,Carboxylate_COO,Anion:Carboxylate_COO,3,0.07243970036506653,0.29527121782302856,0.09842373927434285,0.3597111755024893,0.35658100366434564
V7-B,46,Case1_R1234yf,[bmim]__[Ac]__R1234yf__313.15__0.561,Anion,Alkyl_Chain,Anion:Alkyl_Chain,1,0.08996927738189697,0.10730066150426865,0.10730066150426865,0.1307179459158411,0.12958045100072152
V7-B,46,Case1_R1234yf,[bmim]__[Ac]__R1234yf__313.15__0.561,Refri,CF3,Refri:CF3,4,-0.05833471566438675,0.08257638663053513,0.02064409665763378,0.10059784804836881,0.09972245531001701
V7-B,46,Case1_R1234yf,[bmim]__[Ac]__R1234yf__313.15__0.561,Refri,Halogenated_Alkene,Refri:Halogenated_Alkene,2,0.014122847467660904,0.10763852298259735,0.053819261491298676,0.13112954224555673,0.12998846565900826
V7-B,46,Case1_R1234yf,[bmim]__[Ac]__R1234yf__313.15__0.561,Refri,Unclassified,Refri:Unclassified,3,-0.0255722776055336,0.03840930014848709,0.012803100049495697,0.04679174153344344,0.04638456432689409
V7-B,46,Case1_R1234yf,[bmim]__[PF6]__R1234yf__313.15__0.23,Cation,Imidazolium_Ring,Cation:Imidazolium_Ring,5,-0.0016135710757225752,0.01878139190375805,0.00375627838075161,0.04218452605116425,0.04184152737231689
V7-B,46,Case1_R1234yf,[bmim]__[PF6]__R1234yf__313.15__0.23,Cation,Alkyl_Chain,Cation:Alkyl_Chain,5,0.06652725487947464,0.09146865457296371,0.018293730914592743,0.20544600003400473,0.20377553663942558
V7-B,46,Case1_R1234yf,[bmim]__[PF6]__R1234yf__313.15__0.23,Anion,PF6_Core,Anion:PF6_Core,7,0.030505873262882233,0.1735135316848755,0.02478764738355364,0.3897254332957898,0.3865566100032976
V7-B,46,Case1_R1234yf,[bmim]__[PF6]__R1234yf__313.15__0.23,Refri,CF3,Refri:CF3,4,-0.04074302315711975,0.05493846908211708,0.01373461727052927,0.1233962473112507,0.12239292325467252
V7-B,46,Case1_R1234yf,[bmim]__[PF6]__R1234yf__313.15__0.23,Refri,Halogenated_Alkene,Refri:Halogenated_Alkene,2,0.0022358554415404797,0.07950420677661896,0.03975210338830948,0.17857288209157418,0.17712092166037038
V7-B,46,Case1_R1234yf,[bmim]__[PF6]__R1234yf__313.15__0.23,Refri,Unclassified,Refri:Unclassified,3,-0.017418617382645607,0.027013668790459633,0.009004556263486544,0.06067488611430593,0.06018154394065724
V7-B,46,Case2_R134_vs_R134a,[emim]__[BEI]__R134__283.149__0.01,Cation,Imidazolium_Ring,Cation:Imidazolium_Ring,5,-0.00972804892808199,0.046806905418634415,0.009361381083726883,0.05900500760282828,0.05871638398286468
V7-B,46,Case2_R134_vs_R134a,[emim]__[BEI]__R134__283.149__0.01,Cation,Alkyl_Chain,Cation:Alkyl_Chain,3,0.051644179970026016,0.08313482254743576,0.02771160751581192,0.10480015272529292,0.10428752166767294
V7-B,46,Case2_R134_vs_R134a,[emim]__[BEI]__R134__283.149__0.01,Anion,CF3,Anion:CF3,8,0.09226042032241821,0.15258735418319702,0.019073419272899628,0.19235234444895857,0.19141145091773423
V7-B,46,Case2_R134_vs_R134a,[emim]__[BEI]__R134__283.149__0.01,Anion,Sulfonyl_SO2,Anion:Sulfonyl_SO2,6,0.015395988710224628,0.10326019674539566,0.017210032790899277,0.1301702951634561,0.12953356578525319
V7-B,46,Case2_R134_vs_R134a,[emim]__[BEI]__R134__283.149__0.01,Anion,Sulfonimide_N,Anion:Sulfonimide_N,1,0.0010768416104838252,0.036902304738759995,0.036902304738759995,0.04651922087559245,0.046291671613716646
V7-B,46,Case2_R134_vs_R134a,[emim]__[BEI]__R134__283.149__0.01,Anion,Alkyl_Chain,Anion:Alkyl_Chain,2,0.08404664695262909,0.09529654681682587,0.04764827340841293,0.12013128018524197,0.11954365675518815
V7-B,46,Case2_R134_vs_R134a,[emim]__[BEI]__R134__283.149__0.01,Anion,Unclassified,Anion:Unclassified,4,0.0048287734389305115,0.03785009682178497,0.009462524205446243,0.047714012083526595,0.047480618487796014
V7-B,46,Case2_R134_vs_R134a,[emim]__[BEI]__R134__283.149__0.01,Refri,CHF2,Refri:CHF2,6,-0.0346355140209198,0.2374318242073059,0.03957197070121765,0.2993076869151031,0.29784362019280297
V7-B,46,Case2_R134_vs_R134a,[emim]__[BEI]__R134a__283.1__0.0103,Cation,Imidazolium_Ring,Cation:Imidazolium_Ring,5,-0.004071712493896484,0.013654472306370735,0.002730894461274147,0.05653334657307784,0.05614692009842966
V7-B,46,Case2_R134_vs_R134a,[emim]__[BEI]__R134a__283.1__0.0103,Cation,Alkyl_Chain,Cation:Alkyl_Chain,3,0.012081567198038101,0.023239556699991226,0.007746518899997075,0.09621828538275447,0.09556059757421324
V7-B,46,Case2_R134_vs_R134a,[emim]__[BEI]__R134a__283.1__0.0103,Anion,CF3,Anion:CF3,8,0.02583257481455803,0.044457025825977325,0.005557128228247166,0.1840645608439677,0.1828064110321101
V7-B,46,Case2_R134_vs_R134a,[emim]__[BEI]__R134a__283.1__0.0103,Anion,Sulfonyl_SO2,Anion:Sulfonyl_SO2,6,0.004116924479603767,0.03138478472828865,0.005230797454714775,0.12994181483952022,0.12905361414981026
V7-B,46,Case2_R134_vs_R134a,[emim]__[BEI]__R134a__283.1__0.0103,Anion,Sulfonimide_N,Anion:Sulfonimide_N,1,-6.137744640000165e-05,0.012879996560513973,0.012879996560513973,0.05332679967982769,0.052962291147188326
V7-B,46,Case2_R134_vs_R134a,[emim]__[BEI]__R134a__283.1__0.0103,Anion,Alkyl_Chain,Anion:Alkyl_Chain,2,0.026153553277254105,0.029722657054662704,0.014861328527331352,0.12306013990449122,0.12221897802543046
V7-B,46,Case2_R134_vs_R134a,[emim]__[BEI]__R134a__283.1__0.0103,Anion,Unclassified,Anion:Unclassified,4,0.00027393363416194916,0.010197646915912628,0.002549411728978157,0.042221119527130126,0.04193252245365813
V7-B,46,Case2_R134_vs_R134a,[emim]__[BEI]__R134a__283.1__0.0103,Refri,CF3,Refri:CF3,4,-0.0017503462731838226,0.030480505898594856,0.007620126474648714,0.12619784675853296,0.12533523748476474
V7-B,46,Case2_R134_vs_R134a,[emim]__[BEI]__R134a__283.1__0.0103,Refri,CH2F,Refri:CH2F,2,-0.011617075651884079,0.045512855052948,0.022756427526474,0.18843599009227843,0.18714795993375827
V7-B,46,Case2_R134_vs_R134a,[emim]__[BEI]__R134__283.123__0.05,Cation,Imidazolium_Ring,Cation:Imidazolium_Ring,5,-0.01162761077284813,0.061964649707078934,0.012392929941415786,0.05939570269511475,0.05911113663366414
V7-B,46,Case2_R134_vs_R134a,[emim]__[BEI]__R134__283.123__0.05,Cation,Alkyl_Chain,Cation:Alkyl_Chain,3,0.06988780200481415,0.10967756062746048,0.03655918687582016,0.10513051899992995,0.10462683647118483
V7-B,46,Case2_R134_vs_R134a,[emim]__[BEI]__R134__283.123__0.05,Anion,CF3,Anion:CF3,8,0.12405562400817871,0.20521245896816254,0.025651557371020317,0.1967047059868065,0.19576228960125086
V7-B,46,Case2_R134_vs_R134a,[emim]__[BEI]__R134__283.123__0.05,Anion,Sulfonyl_SO2,Anion:Sulfonyl_SO2,6,0.020528363063931465,0.1365354210138321,0.022755903502305348,0.13087489903075236,0.1302478746355516
V7-B,46,Case2_R134_vs_R134a,[emim]__[BEI]__R134__283.123__0.05,Anion,Sulfonimide_N,Anion:Sulfonimide_N,1,0.00045782257802784443,0.04693049192428589,0.04693049192428589,0.04498483504461615,0.04476931175332079
V7-B,46,Case2_R134_vs_R134a,[emim]__[BEI]__R134__283.123__0.05,Anion,Alkyl_Chain,Anion:Alkyl_Chain,2,0.11349214613437653,0.12834584712982178,0.06417292356491089,0.12302485069006461,0.12243543604164928
V7-B,46,Case2_R134_vs_R134a,[emim]__[BEI]__R134__283.123__0.05,Anion,Unclassified,Anion:Unclassified,4,0.005627539474517107,0.050136491656303406,0.012534122914075851,0.04805791958271491,0.04782767307873191
V7-B,46,Case2_R134_vs_R134a,[emim]__[BEI]__R134__283.123__0.05,Refri,CHF2,Refri:CHF2,6,-0.054198261350393295,0.3044484853744507,0.05074141422907511,0.2918265786825394,0.2904284314032897
V7-B,46,Case2_R134_vs_R134a,[emim]__[BEI]__R134a__283.15__0.0504,Cation,Imidazolium_Ring,Cation:Imidazolium_Ring,5,-0.005732344929128885,0.020981084555387497,0.004196216911077499,0.05145422415517591,0.05109609840862655
V7-B,46,Case2_R134_vs_R134a,[emim]__[BEI]__R134a__283.15__0.0504,Cation,Alkyl_Chain,Cation:Alkyl_Chain,3,0.0203815046697855,0.036964211612939835,0.012321403870979944,0.09065140674833125,0.09002046529987817
V7-B,46,Case2_R134_vs_R134a,[emim]__[BEI]__R134a__283.15__0.0504,Anion,CF3,Anion:CF3,8,0.042473167181015015,0.07270604372024536,0.00908825546503067,0.17830503762289573,0.17706401949929845
V7-B,46,Case2_R134_vs_R134a,[emim]__[BEI]__R134a__283.15__0.0504,Anion,Sulfonyl_SO2,Anion:Sulfonyl_SO2,6,0.006861718371510506,0.05090465769171715,0.008484109615286192,0.12483909783107677,0.12397020716479304
V7-B,46,Case2_R134_vs_R134a,[emim]__[BEI]__R134a__283.15__0.0504,Anion,Sulfonimide_N,Anion:Sulfonimide_N,1,-0.00013842573389410973,0.020432276651263237,0.020432276651263237,0.050108322095518514,0.049759563940995094
V7-B,46,Case2_R134_vs_R134a,[emim]__[BEI]__R134a__283.15__0.0504,Anion,Alkyl_Chain,Anion:Alkyl_Chain,2,0.04241284728050232,0.048137351870536804,0.024068675935268402,0.11805252902177402,0.1172308734476765
V7-B,46,Case2_R134_vs_R134a,[emim]__[BEI]__R134a__283.15__0.0504,Anion,Unclassified,Anion:Unclassified,4,0.0006693425821140409,0.016839366406202316,0.004209841601550579,0.04129703263949648,0.04100960180389218
V7-B,46,Case2_R134_vs_R134a,[emim]__[BEI]__R134a__283.15__0.0504,Refri,CF3,Refri:CF3,4,-0.006559332832694054,0.05206027626991272,0.01301506906747818,0.12767314853057182,0.12678453263202233
V7-B,46,Case2_R134_vs_R134a,[emim]__[BEI]__R134a__283.15__0.0504,Refri,CH2F,Refri:CH2F,2,-0.010364403948187828,0.08873682469129562,0.04436841234564781,0.21761908715591402,0.2161044399266396
V7-B,46,Case2_R134_vs_R134a,[emim]__[BEI]__R134__283.132__0.1,Cation,Imidazolium_Ring,Cation:Imidazolium_Ring,5,-0.01268691848963499,0.07918450236320496,0.01583690047264099,0.05929393780475558,0.05902374879607908
V7-B,46,Case2_R134_vs_R134a,[emim]__[BEI]__R134__283.132__0.1,Cation,Alkyl_Chain,Cation:Alkyl_Chain,3,0.09172208607196808,0.13964936137199402,0.04654978712399801,0.10457046897490543,0.10409396509617501
V7-B,46,Case2_R134_vs_R134a,[emim]__[BEI]__R134__283.132__0.1,Anion,CF3,Anion:CF3,8,0.16350750625133514,0.2710687518119812,0.03388359397649765,0.20297827518104017,0.20205334927825025
V7-B,46,Case2_R134_vs_R134a,[emim]__[BEI]__R134__283.132__0.1,Anion,Sulfonyl_SO2,Anion:Sulfonyl_SO2,6,0.027753658592700958,0.1774502396583557,0.029575039943059284,0.13287604467702882,0.13227055871813773
V7-B,46,Case2_R134_vs_R134a,[emim]__[BEI]__R134__283.132__0.1,Anion,Sulfonimide_N,Anion:Sulfonimide_N,1,-0.0005947800818830729,0.056683868169784546,0.056683868169784546,0.042445297419131674,0.042251883838296186
V7-B,46,Case2_R134_vs_R134a,[emim]__[BEI]__R134__283.132__0.1,Anion,Alkyl_Chain,Anion:Alkyl_Chain,2,0.1491737961769104,0.16843703389167786,0.08421851694583893,0.1261268899030361,0.125552158309689
V7-B,46,Case2_R134_vs_R134a,[emim]__[BEI]__R134__283.132__0.1,Anion,Unclassified,Anion:Unclassified,4,0.006492350250482559,0.06564818322658539,0.016412045806646347,0.04915784246995682,0.048933841345771605
V7-B,46,Case2_R134_vs_R134a,[emim]__[BEI]__R134__283.132__0.1,Refri,CHF2,Refri:CHF2,6,-0.08167362213134766,0.3773351311683655,0.06288918852806091,0.2825513216768391,0.28126379947253755
V7-B,46,Case2_R134_vs_R134a,[emim]__[BEI]__R134a__283.1__0.1003,Cation,Imidazolium_Ring,Cation:Imidazolium_Ring,5,-0.009176907129585743,0.035221248865127563,0.007044249773025512,0.04894910287997393,0.04860033578253434
V7-B,46,Case2_R134_vs_R134a,[emim]__[BEI]__R134a__283.1__0.1003,Cation,Alkyl_Chain,Cation:Alkyl_Chain,3,0.03632716089487076,0.06347005069255829,0.021156683564186096,0.08820817379429241,0.0875796820153906
V7-B,46,Case2_R134_vs_R134a,[emim]__[BEI]__R134a__283.1__0.1003,Anion,CF3,Anion:CF3,8,0.07364718616008759,0.12527629733085632,0.01565953716635704,0.17410405831866235,0.1728635500457907
V7-B,46,Case2_R134_vs_R134a,[emim]__[BEI]__R134a__283.1__0.1003,Anion,Sulfonyl_SO2,Anion:Sulfonyl_SO2,6,0.012051470577716827,0.08731172978878021,0.014551954964796701,0.12134239931199578,0.12047782296811115
V7-B,46,Case2_R134_vs_R134a,[emim]__[BEI]__R134a__283.1__0.1003,Anion,Sulfonimide_N,Anion:Sulfonimide_N,1,3.037508577108383e-06,0.03432564064860344,0.03432564064860344,0.047704421894962226,0.047364523270055116
V7-B,46,Case2_R134_vs_R134a,[emim]__[BEI]__R134a__283.1__0.1003,Anion,Alkyl_Chain,Anion:Alkyl_Chain,2,0.07223725318908691,0.0819612443447113,0.04098062217235565,0.1139065056143467,0.11309491073302651
V7-B,46,Case2_R134_vs_R134a,[emim]__[BEI]__R134a__283.1__0.1003,Anion,Unclassified,Anion:Unclassified,4,0.0017233459511771798,0.02944944053888321,0.007362360134720802,0.04092767125366519,0.04063605763322553
V7-B,46,Case2_R134_vs_R134a,[emim]__[BEI]__R134a__283.1__0.1003,Refri,CF3,Refri:CF3,4,-0.013729349710047245,0.09368070214986801,0.023420175537467003,0.13019374596743097,0.12926610292160864
V7-B,46,Case2_R134_vs_R134a,[emim]__[BEI]__R134a__283.1__0.1003,Refri,CH2F,Refri:CH2F,2,-0.00870630331337452,0.1688520610332489,0.08442603051662445,0.23466393649645514,0.23299193322795192
V7-B,46,Case2_R134_vs_R134a,[emim]__[BEI]__R134__283.149__0.15,Cation,Imidazolium_Ring,Cation:Imidazolium_Ring,5,-0.012901226989924908,0.09575863182544708,0.019151726365089418,0.0591513777512684,0.0588956417161274
V7-B,46,Case2_R134_vs_R134a,[emim]__[BEI]__R134__283.149__0.15,Cation,Alkyl_Chain,Cation:Alkyl_Chain,3,0.11283731460571289,0.16789419949054718,0.055964733163515724,0.1037104752542323,0.10326209168731634
V7-B,46,Case2_R134_vs_R134a,[emim]__[BEI]__R134__283.149__0.15,Anion,CF3,Anion:CF3,8,0.20115716755390167,0.3348766565322876,0.04185958206653595,0.20685775509753243,0.20596342289196215
V7-B,46,Case2_R134_vs_R134a,[emim]__[BEI]__R134__283.149__0.15,Anion,Sulfonyl_SO2,Anion:Sulfonyl_SO2,6,0.035037823021411896,0.21751484274864197,0.03625247379144033,0.13436180514134652,0.13378090311289803
V7-B,46,Case2_R134_vs_R134a,[emim]__[BEI]__R134__283.149__0.15,Anion,Sulfonimide_N,Anion:Sulfonimide_N,1,-0.0019207419827580452,0.06529352813959122,0.06529352813959122,0.04033267888307155,0.04015830391876312
V7-B,46,Case2_R134_vs_R134a,[emim]__[BEI]__R134__283.149__0.15,Anion,Alkyl_Chain,Anion:Alkyl_Chain,2,0.18355736136436462,0.20717382431030273,0.10358691215515137,0.12797402080986148,0.12742073583278815
V7-B,46,Case2_R134_vs_R134a,[emim]__[BEI]__R134__283.149__0.15,Anion,Unclassified,Anion:Unclassified,4,0.006899068132042885,0.08058037608861923,0.020145094022154808,0.04977556774250558,0.049560367237880175
V7-B,46,Case2_R134_vs_R134a,[emim]__[BEI]__R134__283.149__0.15,Refri,CHF2,Refri:CHF2,6,-0.11496498435735703,0.4497818648815155,0.07496364414691925,0.2778362272737314,0.2766350255793213
V7-B,46,Case2_R134_vs_R134a,[emim]__[BEI]__R134a__283.15__0.1502,Cation,Imidazolium_Ring,Cation:Imidazolium_Ring,5,-0.01272938959300518,0.05154914781451225,0.01030982956290245,0.04734761149598538,0.047007161866362626
V7-B,46,Case2_R134_vs_R134a,[emim]__[BEI]__R134a__283.15__0.1502,Cation,Alkyl_Chain,Cation:Alkyl_Chain,3,0.05588412657380104,0.09433431923389435,0.03144477307796478,0.08664555840760706,0.08602253968847212
V7-B,46,Case2_R134_vs_R134a,[emim]__[BEI]__R134a__283.15__0.1502,Anion,CF3,Anion:CF3,8,0.1114557534456253,0.1886201798915863,0.023577522486448288,0.1732466078769105,0.17200089047699277
V7-B,46,Case2_R134_vs_R134a,[emim]__[BEI]__R134a__283.15__0.1502,Anion,Sulfonyl_SO2,Anion:Sulfonyl_SO2,6,0.018270261585712433,0.12984897196292877,0.021641495327154796,0.1192655735023235,0.11840800288698096
V7-B,46,Case2_R134_vs_R134a,[emim]__[BEI]__R134a__283.15__0.1502,Anion,Sulfonimide_N,Anion:Sulfonimide_N,1,0.00010910665150731802,0.04870854318141937,0.04870854318141937,0.04473853161235025,0.04441684238588141
V7-B,46,Case2_R134_vs_R134a,[emim]__[BEI]__R134a__283.15__0.1502,Anion,Alkyl_Chain,Anion:Alkyl_Chain,2,0.1076786071062088,0.12208995223045349,0.061044976115226746,0.11213895613893227,0.11133262895837281
V7-B,46,Case2_R134_vs_R134a,[emim]__[BEI]__R134a__283.15__0.1502,Anion,Unclassified,Anion:Unclassified,4,0.003003723919391632,0.04479384422302246,0.011198461055755615,0.041142901941170026,0.040847066833866574
V7-B,46,Case2_R134_vs_R134a,[emim]__[BEI]__R134a__283.15__0.1502,Refri,CF3,Refri:CF3,4,-0.024301104247570038,0.14036749303340912,0.03509187325835228,0.12892677781455528,0.12799973899741995
V7-B,46,Case2_R134_vs_R134a,[emim]__[BEI]__R134a__283.15__0.1502,Refri,CH2F,Refri:CH2F,2,0.0015082824975252151,0.2684257924556732,0.1342128962278366,0.24654762834149624,0.24477484517247938
V7-B,46,Case3_BF4_vs_PF6,[bmim]__[BF4]__R32__283.1__0.01,Cation,Imidazolium_Ring,Cation:Imidazolium_Ring,5,-0.0020976299419999123,0.01417688000947237,0.002835376001894474,0.08853633803737011,0.08813957019753949
V7-B,46,Case3_BF4_vs_PF6,[bmim]__[BF4]__R32__283.1__0.01,Cation,Alkyl_Chain,Cation:Alkyl_Chain,5,0.04608994349837303,0.06507379561662674,0.013014759123325347,0.40639375957466567,0.4045725415563755
V7-B,46,Case3_BF4_vs_PF6,[bmim]__[BF4]__R32__283.1__0.01,Anion,BF4_Core,Anion:BF4_Core,5,0.005590835120528936,0.05116431415081024,0.010232862830162049,0.3195273579292237,0.31809542407717245
V7-B,46,Case3_BF4_vs_PF6,[bmim]__[BF4]__R32__283.1__0.01,Refri,CH2F,Refri:CH2F,3,-0.01495414786040783,0.02971000224351883,0.009903334081172943,0.1855425735398536,0.1847110807569812
V7-B,46,Case3_BF4_vs_PF6,[bmim]__[PF6]__R32__283.2__0.0098,Cation,Imidazolium_Ring,Cation:Imidazolium_Ring,5,-0.0022020319011062384,0.014351780526340008,0.0028703561052680015,0.10341567454522652,0.10287055765404561
V7-B,46,Case3_BF4_vs_PF6,[bmim]__[PF6]__R32__283.2__0.0098,Cation,Alkyl_Chain,Cation:Alkyl_Chain,5,0.04723513498902321,0.06663098931312561,0.013326197862625122,0.4801277927004315,0.47759697935054657
V7-B,46,Case3_BF4_vs_PF6,[bmim]__[PF6]__R32__283.2__0.0098,Anion,PF6_Core,Anion:PF6_Core,7,0.006342877168208361,0.031392652541399,0.004484664648771286,0.22620833229538093,0.22501596002297314
V7-B,46,Case3_BF4_vs_PF6,[bmim]__[PF6]__R32__283.2__0.0098,Refri,CH2F,Refri:CH2F,3,-0.015390587970614433,0.026402190327644348,0.008800730109214783,0.1902481937480619,0.18924537184137527
V7-B,46,Case3_BF4_vs_PF6,[bmim]__[BF4]__R32__283.1__0.0998,Cation,Imidazolium_Ring,Cation:Imidazolium_Ring,5,-0.0035324650816619396,0.02408985234797001,0.004817970469594002,0.07700253345277953,0.076687958147213
V7-B,46,Case3_BF4_vs_PF6,[bmim]__[BF4]__R32__283.1__0.0998,Cation,Alkyl_Chain,Cation:Alkyl_Chain,5,0.08122945576906204,0.11407140642404556,0.022814281284809113,0.364626032666961,0.3631364408249723
V7-B,46,Case3_BF4_vs_PF6,[bmim]__[BF4]__R32__283.1__0.0998,Anion,BF4_Core,Anion:BF4_Core,5,0.015397757291793823,0.10438568890094757,0.020877137780189514,0.33366590983958405,0.33230279812314567
V7-B,46,Case3_BF4_vs_PF6,[bmim]__[BF4]__R32__283.1__0.0998,Refri,CH2F,Refri:CH2F,3,-0.030723264440894127,0.07029798626899719,0.02343266208966573,0.22470552999456814,0.22378754966858477
V7-B,46,Case3_BF4_vs_PF6,[bmim]__[PF6]__R32__283.2__0.0996,Cation,Imidazolium_Ring,Cation:Imidazolium_Ring,5,-0.0032307826913893223,0.0226181261241436,0.00452362522482872,0.0875901839554761,0.08718987944336028
V7-B,46,Case3_BF4_vs_PF6,[bmim]__[PF6]__R32__283.2__0.0996,Cation,Alkyl_Chain,Cation:Alkyl_Chain,5,0.07808584719896317,0.10967160016298294,0.02193432003259659,0.4247104990149055,0.42276948780313484
V7-B,46,Case3_BF4_vs_PF6,[bmim]__[PF6]__R32__283.2__0.0996,Anion,PF6_Core,Anion:PF6_Core,7,0.018397700041532516,0.06505557894706726,0.009293654135295324,0.2519320166501801,0.25078063736933776
V7-B,46,Case3_BF4_vs_PF6,[bmim]__[PF6]__R32__283.2__0.0996,Refri,CH2F,Refri:CH2F,3,-0.025363855063915253,0.060881443321704865,0.020293814440568287,0.2357674013644635,0.2346898975813456
V7-B,46,Case3_BF4_vs_PF6,[bmim]__[BF4]__R32__283.2__0.2499,Cation,Imidazolium_Ring,Cation:Imidazolium_Ring,5,-0.006345721427351236,0.04057697951793671,0.008115395903587341,0.06424822679306129,0.06400695289577649
V7-B,46,Case3_BF4_vs_PF6,[bmim]__[BF4]__R32__283.2__0.2499,Cation,Alkyl_Chain,Cation:Alkyl_Chain,5,0.1590418815612793,0.2232687920331955,0.0446537584066391,0.3535163079356526,0.3521887342168619
V7-B,46,Case3_BF4_vs_PF6,[bmim]__[BF4]__R32__283.2__0.2499,Anion,BF4_Core,Anion:BF4_Core,5,0.024365270510315895,0.22920939326286316,0.04584187865257263,0.3629224564372213,0.3615595594383856
V7-B,46,Case3_BF4_vs_PF6,[bmim]__[BF4]__R32__283.2__0.2499,Refri,CH2F,Refri:CH2F,3,-0.05046200007200241,0.138510599732399,0.04617019991079966,0.21931303242806308,0.2184894375570373
V7-B,46,Case3_BF4_vs_PF6,[bmim]__[PF6]__R32__283.2__0.2497,Cation,Imidazolium_Ring,Cation:Imidazolium_Ring,5,-0.006454773247241974,0.03933564946055412,0.007867129892110825,0.07795588158512719,0.07759473711347256
V7-B,46,Case3_BF4_vs_PF6,[bmim]__[PF6]__R32__283.2__0.2497,Cation,Alkyl_Chain,Cation:Alkyl_Chain,5,0.1563805788755417,0.21936194598674774,0.04387238919734955,0.4347342454018573,0.4327202617719707
V7-B,46,Case3_BF4_vs_PF6,[bmim]__[PF6]__R32__283.2__0.2497,Anion,PF6_Core,Anion:PF6_Core,7,0.04019385948777199,0.13141071796417236,0.01877295970916748,0.26043140278907845,0.2592249080455121
V7-B,46,Case3_BF4_vs_PF6,[bmim]__[PF6]__R32__283.2__0.2497,Refri,CH2F,Refri:CH2F,3,-0.05348700284957886,0.11448027938604355,0.03816009312868118,0.2268784480754565,0.22582739335586416
V7-B,46,Case3_BF4_vs_PF6,[bmim]__[BF4]__R32__283.2__0.3995,Cation,Imidazolium_Ring,Cation:Imidazolium_Ring,5,-0.00784788653254509,0.05025026574730873,0.010050053149461747,0.05881988728729008,0.05860822993740215
V7-B,46,Case3_BF4_vs_PF6,[bmim]__[BF4]__R32__283.2__0.3995,Cation,Alkyl_Chain,Cation:Alkyl_Chain,5,0.20650970935821533,0.28963378071784973,0.057926756143569944,0.3390275868805336,0.33780763077576326
V7-B,46,Case3_BF4_vs_PF6,[bmim]__[BF4]__R32__283.2__0.3995,Anion,BF4_Core,Anion:BF4_Core,5,0.03842318058013916,0.3168520927429199,0.06337041854858398,0.37088767799956746,0.36955307661469805
V7-B,46,Case3_BF4_vs_PF6,[bmim]__[BF4]__R32__283.2__0.3995,Refri,CH2F,Refri:CH2F,3,-0.06899198889732361,0.1975712776184082,0.0658570925394694,0.23126485219320583,0.23043266927013495
V7-B,46,Case3_BF4_vs_PF6,[bmim]__[PF6]__R32__283.2__0.3996,Cation,Imidazolium_Ring,Cation:Imidazolium_Ring,5,-0.007899366319179535,0.04835101589560509,0.009670203179121017,0.0701830095858487,0.06987346005681323
V7-B,46,Case3_BF4_vs_PF6,[bmim]__[PF6]__R32__283.2__0.3996,Cation,Alkyl_Chain,Cation:Alkyl_Chain,5,0.20311865210533142,0.2847084701061249,0.056941694021224974,0.4132632358702258,0.411440494999092
V7-B,46,Case3_BF4_vs_PF6,[bmim]__[PF6]__R32__283.2__0.3996,Anion,PF6_Core,Anion:PF6_Core,7,0.05984703078866005,0.19102701544761658,0.027289573635373796,0.2772816787399656,0.27605869879694783
V7-B,46,Case3_BF4_vs_PF6,[bmim]__[PF6]__R32__283.2__0.3996,Refri,CH2F,Refri:CH2F,3,-0.07233226299285889,0.1648412048816681,0.054947068293889366,0.23927215691458803,0.23821682195643681
V7-B,46,Case4_R1336mzz_Stereo,[emim]__[Tf2N]__R1336mzz(E)__293.1__0.194,Cation,Imidazolium_Ring,Cation:Imidazolium_Ring,5,-0.013628196902573109,0.0429745689034462,0.00859491378068924,0.04240373707850842,0.04212687970609698
V7-B,46,Case4_R1336mzz_Stereo,[emim]__[Tf2N]__R1336mzz(E)__293.1__0.194,Cation,Alkyl_Chain,Cation:Alkyl_Chain,3,0.040582023561000824,0.07750781625509262,0.02583593875169754,0.07647827880239025,0.07597894603658761
V7-B,46,Case4_R1336mzz_Stereo,[emim]__[Tf2N]__R1336mzz(E)__293.1__0.194,Anion,CF3,Anion:CF3,8,0.21690815687179565,0.3474035859107971,0.04342544823884964,0.34278901901703857,0.3405509222445573
V7-B,46,Case4_R1336mzz_Stereo,[emim]__[Tf2N]__R1336mzz(E)__293.1__0.194,Anion,Sulfonyl_SO2,Anion:Sulfonyl_SO2,6,0.042901910841464996,0.23165270686149597,0.03860878447691599,0.2285756605807846,0.22708327191069072
V7-B,46,Case4_R1336mzz_Stereo,[emim]__[Tf2N]__R1336mzz(E)__293.1__0.194,Anion,Sulfonimide_N,Anion:Sulfonimide_N,1,0.0039038904942572117,0.07394364476203918,0.07394364476203918,0.07296145025121349,0.07248507913876931
V7-B,46,Case4_R1336mzz_Stereo,[emim]__[Tf2N]__R1336mzz(E)__293.1__0.194,Refri,CF3,Refri:CF3,8,-0.015921713784337044,0.1265784353017807,0.015822304412722588,0.12489709210126078,0.12408162905193179
V7-B,46,Case4_R1336mzz_Stereo,[emim]__[Tf2N]__R1336mzz(E)__293.1__0.194,Refri,Alkene_C=C,Refri:Alkene_C=C,2,-0.023902632296085358,0.11340118944644928,0.05670059472322464,0.11189487979463471,0.11116430922372297
V7-B,46,Case4_R1336mzz_Stereo,[emim]__[Tf2N]__R1336mzz(E)__293.1__0.223,Cation,Imidazolium_Ring,Cation:Imidazolium_Ring,5,-0.01374699454754591,0.04410570487380028,0.008821140974760056,0.041747806574364284,0.04147025847372979
V7-B,46,Case4_R1336mzz_Stereo,[emim]__[Tf2N]__R1336mzz(E)__293.1__0.223,Cation,Alkyl_Chain,Cation:Alkyl_Chain,3,0.04328669235110283,0.08095186203718185,0.02698395401239395,0.07662416206322605,0.07611474869786812
V7-B,46,Case4_R1336mzz_Stereo,[emim]__[Tf2N]__R1336mzz(E)__293.1__0.223,Anion,CF3,Anion:CF3,8,0.2265922874212265,0.36311042308807373,0.045388802886009216,0.3436984796318556,0.3414135006583408
V7-B,46,Case4_R1336mzz_Stereo,[emim]__[Tf2N]__R1336mzz(E)__293.1__0.223,Anion,Sulfonyl_SO2,Anion:Sulfonyl_SO2,6,0.045137919485569,0.24178150296211243,0.04029691716035207,0.2288558237035979,0.22733434259117266
V7-B,46,Case4_R1336mzz_Stereo,[emim]__[Tf2N]__R1336mzz(E)__293.1__0.223,Anion,Sulfonimide_N,Anion:Sulfonimide_N,1,0.004017622210085392,0.07588125765323639,0.07588125765323639,0.07182463303083039,0.07134712793266511
V7-B,46,Case4_R1336mzz_Stereo,[emim]__[Tf2N]__R1336mzz(E)__293.1__0.223,Refri,CF3,Refri:CF3,8,-0.019017115235328674,0.13084501028060913,0.01635562628507614,0.12385001432457352,0.1230266336715538
V7-B,46,Case4_R1336mzz_Stereo,[emim]__[Tf2N]__R1336mzz(E)__293.1__0.223,Refri,Alkene_C=C,Refri:Alkene_C=C,2,-0.019151169806718826,0.11980389058589935,0.059901945292949677,0.11339915472040114,0.1126452535555545
V7-B,46,Case4_R1336mzz_Stereo,[emim]__[Tf2N]__R1336mzz(E)__303__0.228,Cation,Imidazolium_Ring,Cation:Imidazolium_Ring,5,-0.01209836732596159,0.03733852505683899,0.007467705011367798,0.041949609695152455,0.041674428530976346
V7-B,46,Case4_R1336mzz_Stereo,[emim]__[Tf2N]__R1336mzz(E)__303__0.228,Cation,Alkyl_Chain,Cation:Alkyl_Chain,3,0.034559670835733414,0.0675170049071312,0.022505668302377064,0.07585495140282933,0.07535735788557749
V7-B,46,Case4_R1336mzz_Stereo,[emim]__[Tf2N]__R1336mzz(E)__303__0.228,Anion,CF3,Anion:CF3,8,0.19003036618232727,0.3045195937156677,0.038064949214458466,0.3421259431499388,0.33988166445426055
V7-B,46,Case4_R1336mzz_Stereo,[emim]__[Tf2N]__R1336mzz(E)__303__0.228,Anion,Sulfonyl_SO2,Anion:Sulfonyl_SO2,6,0.03715471178293228,0.20317000150680542,0.0338616669178009,0.22826028216165314,0.22676293973971234
V7-B,46,Case4_R1336mzz_Stereo,[emim]__[Tf2N]__R1336mzz(E)__303__0.228,Anion,Sulfonimide_N,Anion:Sulfonimide_N,1,0.003222784725949168,0.06607089936733246,0.06607089936733246,0.07423026047354894,0.07374332460828945
V7-B,46,Case4_R1336mzz_Stereo,[emim]__[Tf2N]__R1336mzz(E)__303__0.228,Refri,CF3,Refri:CF3,8,-0.014365550130605698,0.11166433244943619,0.013958041556179523,0.1254542099880192,0.12463125511892333
V7-B,46,Case4_R1336mzz_Stereo,[emim]__[Tf2N]__R1336mzz(E)__303__0.228,Refri,Alkene_C=C,Refri:Alkene_C=C,2,-0.022632598876953125,0.09980001300573349,0.049900006502866745,0.1121247180168098,0.11138920198552836
V7-B,46,Case4_R1336mzz_Stereo,[emim]__[Tf2N]__R1336mzz(E)__303__0.293,Cation,Imidazolium_Ring,Cation:Imidazolium_Ring,5,-0.012901157140731812,0.04090341553092003,0.008180683106184005,0.04036019930925228,0.04008832714732804
V7-B,46,Case4_R1336mzz_Stereo,[emim]__[Tf2N]__R1336mzz(E)__303__0.293,Cation,Alkyl_Chain,Cation:Alkyl_Chain,3,0.04111025109887123,0.07750744372606277,0.02583581457535426,0.0764781091292937,0.07596294148332787
V7-B,46,Case4_R1336mzz_Stereo,[emim]__[Tf2N]__R1336mzz(E)__303__0.293,Anion,CF3,Anion:CF3,8,0.21848438680171967,0.3510706424713135,0.043883830308914185,0.34640826243614076,0.3440748060898203
V7-B,46,Case4_R1336mzz_Stereo,[emim]__[Tf2N]__R1336mzz(E)__303__0.293,Anion,Sulfonyl_SO2,Anion:Sulfonyl_SO2,6,0.04333019256591797,0.23278173804283142,0.0387969563404719,0.22969028920973117,0.2281430620758419
V7-B,46,Case4_R1336mzz_Stereo,[emim]__[Tf2N]__R1336mzz(E)__303__0.293,Anion,Sulfonimide_N,Anion:Sulfonimide_N,1,0.0030178045853972435,0.07239752262830734,0.07239752262830734,0.0714360501402574,0.07095484653563328
V7-B,46,Case4_R1336mzz_Stereo,[emim]__[Tf2N]__R1336mzz(E)__303__0.293,Refri,CF3,Refri:CF3,8,-0.023340975865721703,0.1231505423784256,0.0153938177973032,0.12151504638233764,0.12069650338870289
V7-B,46,Case4_R1336mzz_Stereo,[emim]__[Tf2N]__R1336mzz(E)__303__0.293,Refri,Alkene_C=C,Refri:Alkene_C=C,2,-0.012136938981711864,0.11564798653125763,0.057823993265628815,0.11411212793677172,0.1133434520765206
V7-B,46,Case4_R1336mzz_Stereo,[emim]__[Tf2N]__R1336mzz(E)__322.5__0.336,Cation,Imidazolium_Ring,Cation:Imidazolium_Ring,5,-0.009392866864800453,0.028811778873205185,0.005762355774641037,0.04007870764668757,0.03979702424338597
V7-B,46,Case4_R1336mzz_Stereo,[emim]__[Tf2N]__R1336mzz(E)__322.5__0.336,Cation,Alkyl_Chain,Cation:Alkyl_Chain,3,0.02870825305581093,0.05598043277859688,0.01866014425953229,0.07787174159367817,0.07732443908615975
V7-B,46,Case4_R1336mzz_Stereo,[emim]__[Tf2N]__R1336mzz(E)__322.5__0.336,Anion,CF3,Anion:CF3,8,0.15314792096614838,0.2463637739419937,0.030795471742749214,0.3427050344239074,0.3402964158308103
V7-B,46,Case4_R1336mzz_Stereo,[emim]__[Tf2N]__R1336mzz(E)__322.5__0.336,Anion,Sulfonyl_SO2,Anion:Sulfonyl_SO2,6,0.029152454808354378,0.16299356520175934,0.027165594200293224,0.22673266641262058,0.22513913126977697
V7-B,46,Case4_R1336mzz_Stereo,[emim]__[Tf2N]__R1336mzz(E)__322.5__0.336,Anion,Sulfonimide_N,Anion:Sulfonimide_N,1,0.001503329025581479,0.05330511927604675,0.05330511927604675,0.07415023907195574,0.07362909223554716
V7-B,46,Case4_R1336mzz_Stereo,[emim]__[Tf2N]__R1336mzz(E)__322.5__0.336,Refri,CF3,Refri:CF3,8,-0.01623130775988102,0.08615650236606598,0.010769562795758247,0.11984824975184076,0.11900592561386102
V7-B,46,Case4_R1336mzz_Stereo,[emim]__[Tf2N]__R1336mzz(E)__322.5__0.336,Refri,Alkene_C=C,Refri:Alkene_C=C,2,-0.00693474942818284,0.08526867628097534,0.04263433814048767,0.11861323672949167,0.11777959257875911
V7-B,46,Case4_R1336mzz_Stereo,[emim]__[Tf2N]__R1336mzz(E)__322.5__0.488,Cation,Imidazolium_Ring,Cation:Imidazolium_Ring,5,-0.009961412288248539,0.03577760234475136,0.007155520468950271,0.04190225909040362,0.041604656364090414
V7-B,46,Case4_R1336mzz_Stereo,[emim]__[Tf2N]__R1336mzz(E)__322.5__0.488,Cation,Alkyl_Chain,Cation:Alkyl_Chain,3,0.042323630303144455,0.07185380160808563,0.02395126720269521,0.08415423097948764,0.08355654175905078
V7-B,46,Case4_R1336mzz_Stereo,[emim]__[Tf2N]__R1336mzz(E)__322.5__0.488,Anion,CF3,Anion:CF3,8,0.18120545148849487,0.2940956950187683,0.03676196187734604,0.3444410246193203,0.34199469856898335
V7-B,46,Case4_R1336mzz_Stereo,[emim]__[Tf2N]__R1336mzz(E)__322.5__0.488,Anion,Sulfonyl_SO2,Anion:Sulfonyl_SO2,6,0.03462696447968483,0.19158831238746643,0.03193138539791107,0.22438572118375963,0.2227920648077163
V7-B,46,Case4_R1336mzz_Stereo,[emim]__[Tf2N]__R1336mzz(E)__322.5__0.488,Anion,Sulfonimide_N,Anion:Sulfonimide_N,1,-0.0002871318720281124,0.0581364706158638,0.0581364706158638,0.06808867265262494,0.0676050859665527
V7-B,46,Case4_R1336mzz_Stereo,[emim]__[Tf2N]__R1336mzz(E)__322.5__0.488,Refri,CF3,Refri:CF3,8,-0.026031360030174255,0.09567062556743622,0.011958828195929527,0.11204818314091988,0.11125238249663395
V7-B,46,Case4_R1336mzz_Stereo,[emim]__[Tf2N]__R1336mzz(E)__322.5__0.488,Refri,Alkene_C=C,Refri:Alkene_C=C,2,0.009940726682543755,0.1067122370004654,0.0533561185002327,0.1249799737786518,0.12409232758156173
V7-B,46,Case4_R1336mzz_Stereo,[emim]__[Tf2N]__R1336mzz(E)__332.9__0.381,Cation,Imidazolium_Ring,Cation:Imidazolium_Ring,5,-0.008068263530731201,0.02478713169693947,0.004957426339387894,0.039080737201607665,0.038797880466188595
V7-B,46,Case4_R1336mzz_Stereo,[emim]__[Tf2N]__R1336mzz(E)__332.9__0.381,Cation,Alkyl_Chain,Cation:Alkyl_Chain,3,0.025380734354257584,0.048979975283145905,0.0163266584277153,0.0772244875117282,0.07666555572087448
V7-B,46,Case4_R1336mzz_Stereo,[emim]__[Tf2N]__R1336mzz(E)__332.9__0.381,Anion,CF3,Anion:CF3,8,0.1352178156375885,0.21778622269630432,0.02722327783703804,0.3433735794600219,0.34088832619537196
V7-B,46,Case4_R1336mzz_Stereo,[emim]__[Tf2N]__R1336mzz(E)__332.9__0.381,Anion,Sulfonyl_SO2,Anion:Sulfonyl_SO2,6,0.025362256914377213,0.14357051253318787,0.02392841875553131,0.22636106261953737,0.2247227170871015
V7-B,46,Case4_R1336mzz_Stereo,[emim]__[Tf2N]__R1336mzz(E)__332.9__0.381,Anion,Sulfonimide_N,Anion:Sulfonimide_N,1,0.000845873262733221,0.04716005548834801,0.04716005548834801,0.07435510318367856,0.07381693928877081
V7-B,46,Case4_R1336mzz_Stereo,[emim]__[Tf2N]__R1336mzz(E)__332.9__0.381,Refri,CF3,Refri:CF3,8,-0.015529103577136993,0.0748295933008194,0.009353699162602425,0.11798039831504938,0.11712648529547964
V7-B,46,Case4_R1336mzz_Stereo,[emim]__[Tf2N]__R1336mzz(E)__332.9__0.381,Refri,Alkene_C=C,Refri:Alkene_C=C,2,-0.0025428426451981068,0.07714101672172546,0.03857050836086273,0.12162471393730528,0.12074442426024236
V7-B,46,Case4_R1336mzz_Stereo,[emim]__[Tf2N]__R1336mzz(E)__332.9__0.623,Cation,Imidazolium_Ring,Cation:Imidazolium_Ring,5,-0.008122365921735764,0.03576929122209549,0.007153858244419098,0.04458048036092925,0.044240505462574124
V7-B,46,Case4_R1336mzz_Stereo,[emim]__[Tf2N]__R1336mzz(E)__332.9__0.623,Cation,Alkyl_Chain,Cation:Alkyl_Chain,3,0.04509077966213226,0.07179439812898636,0.023931466042995453,0.08947979248291374,0.08879741124547696
V7-B,46,Case4_R1336mzz_Stereo,[emim]__[Tf2N]__R1336mzz(E)__332.9__0.623,Anion,CF3,Anion:CF3,8,0.16306394338607788,0.26840725541114807,0.03355090692639351,0.33452506241432356,0.3319739431089509
V7-B,46,Case4_R1336mzz_Stereo,[emim]__[Tf2N]__R1336mzz(E)__332.9__0.623,Anion,Sulfonyl_SO2,Anion:Sulfonyl_SO2,6,0.03047122433781624,0.17273454368114471,0.02878909061352412,0.2152849181276067,0.21364313527633955
V7-B,46,Case4_R1336mzz_Stereo,[emim]__[Tf2N]__R1336mzz(E)__332.9__0.623,Anion,Sulfonimide_N,Anion:Sulfonimide_N,1,-0.0024385214783251286,0.05070022866129875,0.05070022866129875,0.06318941390522859,0.06270752554521938
V7-B,46,Case4_R1336mzz_Stereo,[emim]__[Tf2N]__R1336mzz(E)__332.9__0.623,Refri,CF3,Refri:CF3,8,-0.03143414109945297,0.08624501526355743,0.01078062690794468,0.10749008654692101,0.10667035712830306
V7-B,46,Case4_R1336mzz_Stereo,[emim]__[Tf2N]__R1336mzz(E)__332.9__0.623,Refri,Alkene_C=C,Refri:Alkene_C=C,2,0.03355282172560692,0.11670240759849548,0.05835120379924774,0.145450167231832,0.14434095069984243
V7-B,46,Case4_R1336mzz_Stereo,[emim]__[Tf2N]__R1336mzz(E)__342.9__0.453,Cation,Imidazolium_Ring,Cation:Imidazolium_Ring,5,-0.007152874954044819,0.02314009703695774,0.004628019407391548,0.04064069819466869,0.04034132903727056
V7-B,46,Case4_R1336mzz_Stereo,[emim]__[Tf2N]__R1336mzz(E)__342.9__0.453,Cation,Alkyl_Chain,Cation:Alkyl_Chain,3,0.026279553771018982,0.0474267341196537,0.0158089113732179,0.08329505207507319,0.08268148068819138
V7-B,46,Case4_R1336mzz_Stereo,[emim]__[Tf2N]__R1336mzz(E)__342.9__0.453,Anion,CF3,Anion:CF3,8,0.12029629200696945,0.19468195736408234,0.024335244670510292,0.34191778282279967,0.33939913419986517
V7-B,46,Case4_R1336mzz_Stereo,[emim]__[Tf2N]__R1336mzz(E)__342.9__0.453,Anion,Sulfonyl_SO2,Anion:Sulfonyl_SO2,6,0.02261551469564438,0.1274074912071228,0.0212345818678538,0.22376437702999932,0.22211607481121567
V7-B,46,Case4_R1336mzz_Stereo,[emim]__[Tf2N]__R1336mzz(E)__342.9__0.453,Anion,Sulfonimide_N,Anion:Sulfonimide_N,1,0.00016500218771398067,0.040395282208919525,0.040395282208919525,0.07094579033610669,0.07042318658131563
V7-B,46,Case4_R1336mzz_Stereo,[emim]__[Tf2N]__R1336mzz(E)__342.9__0.453,Refri,CF3,Refri:CF3,8,-0.015958309173583984,0.06468205153942108,0.008085256442427635,0.11360037648187922,0.11276356878668191
V7-B,46,Case4_R1336mzz_Stereo,[emim]__[Tf2N]__R1336mzz(E)__342.9__0.453,Refri,Alkene_C=C,Refri:Alkene_C=C,2,0.004430772736668587,0.07164879143238068,0.03582439571619034,0.12583598521499426,0.12490904708308198
V7-B,46,Case4_R1336mzz_Stereo,[emim]__[Tf2N]__R1336mzz(E)__342.9__0.8,Cation,Imidazolium_Ring,Cation:Imidazolium_Ring,5,-0.006576885469257832,0.037864282727241516,0.007572856545448303,0.048461360773377274,0.048054934171959905
V7-B,46,Case4_R1336mzz_Stereo,[emim]__[Tf2N]__R1336mzz(E)__342.9__0.8,Cation,Alkyl_Chain,Cation:Alkyl_Chain,3,0.048622578382492065,0.07407736033201218,0.02469245344400406,0.09480939359261538,0.09401426405012309
V7-B,46,Case4_R1336mzz_Stereo,[emim]__[Tf2N]__R1336mzz(E)__342.9__0.8,Anion,CF3,Anion:CF3,8,0.14843598008155823,0.24920637905597687,0.03115079738199711,0.3189517765186656,0.31627685190908406
V7-B,46,Case4_R1336mzz_Stereo,[emim]__[Tf2N]__R1336mzz(E)__342.9__0.8,Anion,Sulfonyl_SO2,Anion:Sulfonyl_SO2,6,0.026863273233175278,0.15795734524726868,0.026326224207878113,0.2021648726314184,0.20046939440302533
V7-B,46,Case4_R1336mzz_Stereo,[emim]__[Tf2N]__R1336mzz(E)__342.9__0.8,Anion,Sulfonimide_N,Anion:Sulfonimide_N,1,-0.00426869373768568,0.04461669921875,0.04461669921875,0.057103576289364535,0.05662467078465543
V7-B,46,Case4_R1336mzz_Stereo,[emim]__[Tf2N]__R1336mzz(E)__342.9__0.8,Refri,CF3,Refri:CF3,8,-0.03760886192321777,0.08480312675237656,0.01060039084404707,0.10853698061209147,0.10762672313161005
V7-B,46,Case4_R1336mzz_Stereo,[emim]__[Tf2N]__R1336mzz(E)__342.9__0.8,Refri,Alkene_C=C,Refri:Alkene_C=C,2,0.05880012363195419,0.13280412554740906,0.06640206277370453,0.16997202051091767,0.16854653122357915
V7-B,46,Case4_R1336mzz_Stereo,[emim]__[Tf2N]__R1336mzz(E)__352.8__0.511,Cation,Imidazolium_Ring,Cation:Imidazolium_Ring,5,-0.006086596753448248,0.02132495865225792,0.004264991730451584,0.04180863678883961,0.04149116092086147
V7-B,46,Case4_R1336mzz_Stereo,[emim]__[Tf2N]__R1336mzz(E)__352.8__0.511,Cation,Alkyl_Chain,Cation:Alkyl_Chain,3,0.026358073577284813,0.044908277690410614,0.014969425896803537,0.08804490087824522,0.0873763277442168
V7-B,46,Case4_R1336mzz_Stereo,[emim]__[Tf2N]__R1336mzz(E)__352.8__0.511,Anion,CF3,Anion:CF3,8,0.10597087442874908,0.17233619093894958,0.021542023867368698,0.3378736310832548,0.3353079716278449
V7-B,46,Case4_R1336mzz_Stereo,[emim]__[Tf2N]__R1336mzz(E)__352.8__0.511,Anion,Sulfonyl_SO2,Anion:Sulfonyl_SO2,6,0.01989036798477173,0.11195465922355652,0.018659109870592754,0.21949264993301124,0.2178259220771318
V7-B,46,Case4_R1336mzz_Stereo,[emim]__[Tf2N]__R1336mzz(E)__352.8__0.511,Anion,Sulfonimide_N,Anion:Sulfonimide_N,1,-0.000481555238366127,0.03435660898685455,0.03435660898685455,0.06735783219328757,0.06684634729726727
V7-B,46,Case4_R1336mzz_Stereo,[emim]__[Tf2N]__R1336mzz(E)__352.8__0.511,Refri,CF3,Refri:CF3,8,-0.016683291643857956,0.05635673552751541,0.007044591940939426,0.11049016904073139,0.10965115669750614
V7-B,46,Case4_R1336mzz_Stereo,[emim]__[Tf2N]__R1336mzz(E)__352.8__0.511,Refri,Alkene_C=C,Refri:Alkene_C=C,2,0.011941615492105484,0.06882369518280029,0.034411847591400146,0.13493226042240608,0.1339076458980863
V7-B,46,Case4_R1336mzz_Stereo,[emim]__[Tf2N]__R1336mzz(Z)__293.1__0.05,Cation,Imidazolium_Ring,Cation:Imidazolium_Ring,5,-0.008345045149326324,0.02475849725306034,0.004951699450612068,0.04666188149047999,0.04634724371903572
V7-B,46,Case4_R1336mzz_Stereo,[emim]__[Tf2N]__R1336mzz(Z)__293.1__0.05,Cation,Alkyl_Chain,Cation:Alkyl_Chain,3,0.019812632352113724,0.041486069560050964,0.013828689853350321,0.07818802738835959,0.07766081104162664
V7-B,46,Case4_R1336mzz_Stereo,[emim]__[Tf2N]__R1336mzz(Z)__293.1__0.05,Anion,CF3,Anion:CF3,8,0.10962182283401489,0.1747664511203766,0.021845806390047073,0.329379095481361,0.32715811550258056
V7-B,46,Case4_R1336mzz_Stereo,[emim]__[Tf2N]__R1336mzz(Z)__293.1__0.05,Anion,Sulfonyl_SO2,Anion:Sulfonyl_SO2,6,0.01988569088280201,0.11722352355718613,0.01953725392619769,0.22092900502859844,0.21943929635056797
V7-B,46,Case4_R1336mzz_Stereo,[emim]__[Tf2N]__R1336mzz(Z)__293.1__0.05,Anion,Sulfonimide_N,Anion:Sulfonimide_N,1,0.002163957105949521,0.0430932492017746,0.0430932492017746,0.08121704911005356,0.08066940828377268
V7-B,46,Case4_R1336mzz_Stereo,[emim]__[Tf2N]__R1336mzz(Z)__293.1__0.05,Refri,CF3,Refri:CF3,8,-0.0012911283411085606,0.06794862449169159,0.008493578061461449,0.12806151484337472,0.12719800509299492
V7-B,46,Case4_R1336mzz_Stereo,[emim]__[Tf2N]__R1336mzz(Z)__293.1__0.05,Refri,Alkene_C=C,Refri:Alkene_C=C,2,-0.02073042467236519,0.06131722778081894,0.03065861389040947,0.11556344421023684,0.11478420806747326
V7-B,46,Case4_R1336mzz_Stereo,[emim]__[Tf2N]__R1336mzz(Z)__293.1__0.06,Cation,Imidazolium_Ring,Cation:Imidazolium_Ring,5,-0.008846866898238659,0.02633591741323471,0.005267183482646942,0.04662714283875072,0.0463179241886744
V7-B,46,Case4_R1336mzz_Stereo,[emim]__[Tf2N]__R1336mzz(Z)__293.1__0.06,Cation,Alkyl_Chain,Cation:Alkyl_Chain,3,0.021470509469509125,0.04436589032411575,0.014788630108038584,0.07854879983301144,0.07802788535336005
V7-B,46,Case4_R1336mzz_Stereo,[emim]__[Tf2N]__R1336mzz(Z)__293.1__0.06,Anion,CF3,Anion:CF3,8,0.11661426723003387,0.1858377456665039,0.02322971820831299,0.3290215023103391,0.3268395203445488
V7-B,46,Case4_R1336mzz_Stereo,[emim]__[Tf2N]__R1336mzz(Z)__293.1__0.06,Anion,Sulfonyl_SO2,Anion:Sulfonyl_SO2,6,0.021256184205412865,0.1246437355875969,0.020773955931266148,0.2206788991629255,0.21921541615399498
V7-B,46,Case4_R1336mzz_Stereo,[emim]__[Tf2N]__R1336mzz(Z)__293.1__0.06,Anion,Sulfonimide_N,Anion:Sulfonimide_N,1,0.002374417381361127,0.04560196399688721,0.04560196399688721,0.08073724015939894,0.08020181253306305
V7-B,46,Case4_R1336mzz_Stereo,[emim]__[Tf2N]__R1336mzz(Z)__293.1__0.06,Refri,CF3,Refri:CF3,8,-0.0006617968901991844,0.07303370535373688,0.00912921316921711,0.1293045143686779,0.12844700166368267
V7-B,46,Case4_R1336mzz_Stereo,[emim]__[Tf2N]__R1336mzz(Z)__293.1__0.06,Refri,Alkene_C=C,Refri:Alkene_C=C,2,-0.023546047508716583,0.06500053405761719,0.032500267028808594,0.11508196728231387,0.11431877467807844
V7-B,46,Case4_R1336mzz_Stereo,[emim]__[Tf2N]__R1336mzz(Z)__303__0.07,Cation,Imidazolium_Ring,Cation:Imidazolium_Ring,5,-0.0067804791033267975,0.01995886117219925,0.00399177223443985,0.04743013896427507,0.04712518166113571
V7-B,46,Case4_R1336mzz_Stereo,[emim]__[Tf2N]__R1336mzz(Z)__303__0.07,Cation,Alkyl_Chain,Cation:Alkyl_Chain,3,0.015493505634367466,0.03328697010874748,0.011095656702915827,0.07910299111437712,0.07859438971941458
V7-B,46,Case4_R1336mzz_Stereo,[emim]__[Tf2N]__R1336mzz(Z)__303__0.07,Anion,CF3,Anion:CF3,8,0.08648897707462311,0.13802511990070343,0.01725313998758793,0.3280022121988503,0.3258932858444231
V7-B,46,Case4_R1336mzz_Stereo,[emim]__[Tf2N]__R1336mzz(Z)__303__0.07,Anion,Sulfonyl_SO2,Anion:Sulfonyl_SO2,6,0.015753116458654404,0.09296815097332001,0.015494691828886667,0.22092905411147737,0.21950856642162025
V7-B,46,Case4_R1336mzz_Stereo,[emim]__[Tf2N]__R1336mzz(Z)__303__0.07,Anion,Sulfonimide_N,Anion:Sulfonimide_N,1,0.0017888599541038275,0.034374017268419266,0.034374017268419266,0.08168624460760596,0.08116103389975034
V7-B,46,Case4_R1336mzz_Stereo,[emim]__[Tf2N]__R1336mzz(Z)__303__0.07,Refri,CF3,Refri:CF3,8,-0.0003934320993721485,0.054235100746154785,0.006779387593269348,0.12888402514240907,0.12805535110553182
V7-B,46,Case4_R1336mzz_Stereo,[emim]__[Tf2N]__R1336mzz(Z)__303__0.07,Refri,Alkene_C=C,Refri:Alkene_C=C,2,-0.02011028677225113,0.04795720428228378,0.02397860214114189,0.11396526303891362,0.11323251082635755
V7-B,46,Case4_R1336mzz_Stereo,[emim]__[Tf2N]__R1336mzz(Z)__303__0.09,Cation,Imidazolium_Ring,Cation:Imidazolium_Ring,5,-0.007320513017475605,0.021423187106847763,0.004284637421369553,0.045904440102046355,0.04560097207284079
V7-B,46,Case4_R1336mzz_Stereo,[emim]__[Tf2N]__R1336mzz(Z)__303__0.09,Cation,Alkyl_Chain,Cation:Alkyl_Chain,3,0.016606485471129417,0.035829074680805206,0.011943024893601736,0.07677259244358874,0.07626505924475076
V7-B,46,Case4_R1336mzz_Stereo,[emim]__[Tf2N]__R1336mzz(Z)__303__0.09,Anion,CF3,Anion:CF3,8,0.09653963148593903,0.15413811802864075,0.019267264753580093,0.3302787755714564,0.3280953473695595
V7-B,46,Case4_R1336mzz_Stereo,[emim]__[Tf2N]__R1336mzz(Z)__303__0.09,Anion,Sulfonyl_SO2,Anion:Sulfonyl_SO2,6,0.01786106824874878,0.10393525660037994,0.017322542766729992,0.22270681469135448,0.22123453013685837
V7-B,46,Case4_R1336mzz_Stereo,[emim]__[Tf2N]__R1336mzz(Z)__303__0.09,Anion,Sulfonimide_N,Anion:Sulfonimide_N,1,0.0021026604808866978,0.03775714337825775,0.03775714337825775,0.08090395317873118,0.08036910811425572
V7-B,46,Case4_R1336mzz_Stereo,[emim]__[Tf2N]__R1336mzz(Z)__303__0.09,Refri,CF3,Refri:CF3,8,-0.0020499369129538536,0.05998445674777031,0.007498057093471289,0.1285314312991114,0.12768172743472264
V7-B,46,Case4_R1336mzz_Stereo,[emim]__[Tf2N]__R1336mzz(Z)__303__0.09,Refri,Alkene_C=C,Refri:Alkene_C=C,2,-0.019465884193778038,0.053623735904693604,0.026811867952346802,0.11490202464310915,0.11414242293807454
V7-B,46,Case4_R1336mzz_Stereo,[emim]__[Tf2N]__R1336mzz(Z)__322.5__0.13,Cation,Imidazolium_Ring,Cation:Imidazolium_Ring,5,-0.005576420575380325,0.016595760360360146,0.003319152072072029,0.04469774850251337,0.04438807167469531
V7-B,46,Case4_R1336mzz_Stereo,[emim]__[Tf2N]__R1336mzz(Z)__322.5__0.13,Cation,Alkyl_Chain,Cation:Alkyl_Chain,3,0.013866987079381943,0.029234617948532104,0.009744872649510702,0.0787382784672961,0.07819276060296258
V7-B,46,Case4_R1336mzz_Stereo,[emim]__[Tf2N]__R1336mzz(Z)__322.5__0.13,Anion,CF3,Anion:CF3,8,0.07713212072849274,0.12362900376319885,0.015453625470399857,0.33297287968936556,0.3306659629298816
V7-B,46,Case4_R1336mzz_Stereo,[emim]__[Tf2N]__R1336mzz(Z)__322.5__0.13,Anion,Sulfonyl_SO2,Anion:Sulfonyl_SO2,6,0.014677265658974648,0.08341583609580994,0.013902639349301657,0.22466581717118003,0.22310927797375688
V7-B,46,Case4_R1336mzz_Stereo,[emim]__[Tf2N]__R1336mzz(Z)__322.5__0.13,Anion,Sulfonimide_N,Anion:Sulfonimide_N,1,0.0014237030409276485,0.029144497588276863,0.029144497588276863,0.07849555519881204,0.07795171898007233
V7-B,46,Case4_R1336mzz_Stereo,[emim]__[Tf2N]__R1336mzz(Z)__322.5__0.13,Refri,CF3,Refri:CF3,8,-0.005462180357426405,0.04617732763290405,0.005772165954113007,0.12437047367734556,0.12350880491207286
V7-B,46,Case4_R1336mzz_Stereo,[emim]__[Tf2N]__R1336mzz(Z)__322.5__0.13,Refri,Alkene_C=C,Refri:Alkene_C=C,2,-0.009471227414906025,0.04309147596359253,0.021545737981796265,0.11605927739372109,0.11525519060934708
V7-B,46,Case4_R1336mzz_Stereo,[emim]__[Tf2N]__R1336mzz(Z)__322.5__0.17,Cation,Imidazolium_Ring,Cation:Imidazolium_Ring,5,-0.005980652756989002,0.018119269981980324,0.003623853996396065,0.04264215411742303,0.04233950047663993
V7-B,46,Case4_R1336mzz_Stereo,[emim]__[Tf2N]__R1336mzz(Z)__322.5__0.17,Cation,Alkyl_Chain,Cation:Alkyl_Chain,3,0.015567686408758163,0.03215843811631203,0.01071947937210401,0.07568213706706486,0.07514498140971888
V7-B,46,Case4_R1336mzz_Stereo,[emim]__[Tf2N]__R1336mzz(Z)__322.5__0.17,Anion,CF3,Anion:CF3,8,0.08849478513002396,0.14176931977272034,0.017721164971590042,0.3336419838593216,0.33127395243072494
V7-B,46,Case4_R1336mzz_Stereo,[emim]__[Tf2N]__R1336mzz(Z)__322.5__0.17,Anion,Sulfonyl_SO2,Anion:Sulfonyl_SO2,6,0.01689803972840309,0.09531080722808838,0.01588513453801473,0.2243058431668638,0.22271382743762944
V7-B,46,Case4_R1336mzz_Stereo,[emim]__[Tf2N]__R1336mzz(Z)__322.5__0.17,Anion,Sulfonimide_N,Anion:Sulfonimide_N,1,0.0015549305826425552,0.03275255113840103,0.03275255113840103,0.07708033131419967,0.07653325194197165
V7-B,46,Case4_R1336mzz_Stereo,[emim]__[Tf2N]__R1336mzz(Z)__322.5__0.17,Refri,CF3,Refri:CF3,8,-0.007022775709629059,0.053263649344444275,0.006657956168055534,0.1253514488420871,0.1244617641356104
V7-B,46,Case4_R1336mzz_Stereo,[emim]__[Tf2N]__R1336mzz(Z)__322.5__0.17,Refri,Alkene_C=C,Refri:Alkene_C=C,2,-0.007611892186105251,0.051540423184633255,0.025770211592316628,0.12129598327648128,0.12043508232738984
V7-B,46,Case4_R1336mzz_Stereo,[emim]__[Tf2N]__R1336mzz(Z)__332.9__0.18,Cation,Imidazolium_Ring,Cation:Imidazolium_Ring,5,-0.0053550442680716515,0.01640864834189415,0.00328172966837883,0.04300016760121657,0.04267833122563681
V7-B,46,Case4_R1336mzz_Stereo,[emim]__[Tf2N]__R1336mzz(Z)__332.9__0.18,Cation,Alkyl_Chain,Cation:Alkyl_Chain,3,0.015231506898999214,0.030580686405301094,0.010193562135100365,0.08013912013891064,0.07953931587287032
V7-B,46,Case4_R1336mzz_Stereo,[emim]__[Tf2N]__R1336mzz(Z)__332.9__0.18,Anion,CF3,Anion:CF3,8,0.07863908261060715,0.12592792510986328,0.01574099063873291,0.3300041400468268,0.32753421161901336
V7-B,46,Case4_R1336mzz_Stereo,[emim]__[Tf2N]__R1336mzz(Z)__332.9__0.18,Anion,Sulfonyl_SO2,Anion:Sulfonyl_SO2,6,0.014783377759158611,0.0842047780752182,0.014034129679203033,0.22066531591228286,0.2190137380359361
V7-B,46,Case4_R1336mzz_Stereo,[emim]__[Tf2N]__R1336mzz(Z)__332.9__0.18,Anion,Sulfonimide_N,Anion:Sulfonimide_N,1,0.001117378706112504,0.02897527813911438,0.02897527813911438,0.0759320201343262,0.07536370406688395
V7-B,46,Case4_R1336mzz_Stereo,[emim]__[Tf2N]__R1336mzz(Z)__332.9__0.18,Refri,CF3,Refri:CF3,8,-0.007418734021484852,0.0468011274933815,0.0058501409366726875,0.12264607566749762,0.12172812649022995
V7-B,46,Case4_R1336mzz_Stereo,[emim]__[Tf2N]__R1336mzz(Z)__332.9__0.18,Refri,Alkene_C=C,Refri:Alkene_C=C,2,-0.0026368158869445324,0.04869651049375534,0.02434825524687767,0.12761307751837425,0.12665795262849053
V7-B,46,Case4_R1336mzz_Stereo,[emim]__[Tf2N]__R1336mzz(Z)__332.9__0.24,Cation,Imidazolium_Ring,Cation:Imidazolium_Ring,5,-0.006201683543622494,0.018938321620225906,0.0037876643240451814,0.040821020661982295,0.04051763811458725
V7-B,46,Case4_R1336mzz_Stereo,[emim]__[Tf2N]__R1336mzz(Z)__332.9__0.24,Cation,Alkyl_Chain,Cation:Alkyl_Chain,3,0.0182450283318758,0.035952869802713394,0.011984289934237799,0.07749540167839943,0.07691945448277991
V7-B,46,Case4_R1336mzz_Stereo,[emim]__[Tf2N]__R1336mzz(Z)__332.9__0.24,Anion,CF3,Anion:CF3,8,0.09659351408481598,0.15509209036827087,0.01938651129603386,0.33429664742158344,0.3318121488266025
V7-B,46,Case4_R1336mzz_Stereo,[emim]__[Tf2N]__R1336mzz(Z)__332.9__0.24,Anion,Sulfonyl_SO2,Anion:Sulfonyl_SO2,6,0.01825806125998497,0.10335154831409454,0.01722525805234909,0.2227713613582189,0.22111572066135454
V7-B,46,Case4_R1336mzz_Stereo,[emim]__[Tf2N]__R1336mzz(Z)__332.9__0.24,Anion,Sulfonimide_N,Anion:Sulfonimide_N,1,0.0011744594667106867,0.03486783429980278,0.03486783429980278,0.07515663810834816,0.07459807264493745
V7-B,46,Case4_R1336mzz_Stereo,[emim]__[Tf2N]__R1336mzz(Z)__332.9__0.24,Refri,CF3,Refri:CF3,8,-0.010246772319078445,0.05660802870988846,0.007076003588736057,0.122017016921528,0.12111018429414899
V7-B,46,Case4_R1336mzz_Stereo,[emim]__[Tf2N]__R1336mzz(Z)__332.9__0.24,Refri,Alkene_C=C,Refri:Alkene_C=C,2,-0.0021135718561708927,0.05912476405501366,0.02956238202750683,0.12744176931428366,0.1264946198311962
V7-B,46,Case4_R1336mzz_Stereo,[emim]__[Tf2N]__R1336mzz(Z)__342.9__0.24,Cation,Imidazolium_Ring,Cation:Imidazolium_Ring,5,-0.005534454248845577,0.017068125307559967,0.0034136250615119934,0.0419010675746248,0.04157968097825531
V7-B,46,Case4_R1336mzz_Stereo,[emim]__[Tf2N]__R1336mzz(Z)__342.9__0.24,Cation,Alkyl_Chain,Cation:Alkyl_Chain,3,0.017291121184825897,0.03362084925174713,0.011206949750582377,0.08253686043597032,0.08190379206358823
V7-B,46,Case4_R1336mzz_Stereo,[emim]__[Tf2N]__R1336mzz(Z)__342.9__0.24,Anion,CF3,Anion:CF3,8,0.0838676393032074,0.1343812495470047,0.016797656193375587,0.32989667679188844,0.3273663267019075
V7-B,46,Case4_R1336mzz_Stereo,[emim]__[Tf2N]__R1336mzz(Z)__342.9__0.24,Anion,Sulfonyl_SO2,Anion:Sulfonyl_SO2,6,0.015714187175035477,0.08930540084838867,0.014884233474731445,0.2192385846891956,0.21755699644802165
V7-B,46,Case4_R1336mzz_Stereo,[emim]__[Tf2N]__R1336mzz(Z)__342.9__0.24,Anion,Sulfonimide_N,Anion:Sulfonimide_N,1,0.0009440137073397636,0.030173124745488167,0.030173124745488167,0.07407293514175774,0.07350478616880117
V7-B,46,Case4_R1336mzz_Stereo,[emim]__[Tf2N]__R1336mzz(Z)__342.9__0.24,Refri,CF3,Refri:CF3,8,-0.009281613864004612,0.04911047965288162,0.006138809956610203,0.12056283214924476,0.11963809966589925
V7-B,46,Case4_R1336mzz_Stereo,[emim]__[Tf2N]__R1336mzz(Z)__342.9__0.24,Refri,Alkene_C=C,Refri:Alkene_C=C,2,0.000667768414132297,0.053684212267398834,0.026842106133699417,0.13179102949932317,0.13078017529310557
V7-B,46,Case4_R1336mzz_Stereo,[emim]__[Tf2N]__R1336mzz(Z)__342.9__0.31,Cation,Imidazolium_Ring,Cation:Imidazolium_Ring,5,-0.006228430662304163,0.01945801079273224,0.0038916021585464478,0.04124072781994477,0.04092855259900911
V7-B,46,Case4_R1336mzz_Stereo,[emim]__[Tf2N]__R1336mzz(Z)__342.9__0.31,Cation,Alkyl_Chain,Cation:Alkyl_Chain,3,0.02055799961090088,0.039027102291584015,0.013009034097194672,0.08271688819339774,0.08209075562465108
V7-B,46,Case4_R1336mzz_Stereo,[emim]__[Tf2N]__R1336mzz(Z)__342.9__0.31,Anion,CF3,Anion:CF3,8,0.09796718508005142,0.15726542472839355,0.019658178091049194,0.3333198159769846,0.3307967230856772
V7-B,46,Case4_R1336mzz_Stereo,[emim]__[Tf2N]__R1336mzz(Z)__342.9__0.31,Anion,Sulfonyl_SO2,Anion:Sulfonyl_SO2,6,0.018340518698096275,0.10381969064474106,0.01730328177412351,0.22004302751388402,0.21837739297345102
V7-B,46,Case4_R1336mzz_Stereo,[emim]__[Tf2N]__R1336mzz(Z)__342.9__0.31,Anion,Sulfonimide_N,Anion:Sulfonimide_N,1,0.0008534841472283006,0.034457359462976456,0.034457359462976456,0.07303144181302364,0.07247862406007884
V7-B,46,Case4_R1336mzz_Stereo,[emim]__[Tf2N]__R1336mzz(Z)__342.9__0.31,Refri,CF3,Refri:CF3,8,-0.010703695937991142,0.05655646324157715,0.0070695579051971436,0.11986989481349143,0.11896252937948863
V7-B,46,Case4_R1336mzz_Stereo,[emim]__[Tf2N]__R1336mzz(Z)__342.9__0.31,Refri,Alkene_C=C,Refri:Alkene_C=C,2,0.0006557365413755178,0.061231374740600586,0.030615687370300293,0.12977824334753413,0.12879587582078877
V7-B,46,Case4_R1336mzz_Stereo,[emim]__[Tf2N]__R1336mzz(Z)__352.8__0.31,Cation,Imidazolium_Ring,Cation:Imidazolium_Ring,5,-0.005541308782994747,0.017543867230415344,0.0035087734460830687,0.042009592760478075,0.04168259285424264
V7-B,46,Case4_R1336mzz_Stereo,[emim]__[Tf2N]__R1336mzz(Z)__352.8__0.31,Cation,Alkyl_Chain,Cation:Alkyl_Chain,3,0.019501708447933197,0.036139849573373795,0.012046616524457932,0.08653852329492503,0.08586491312296889
V7-B,46,Case4_R1336mzz_Stereo,[emim]__[Tf2N]__R1336mzz(Z)__352.8__0.31,Anion,CF3,Anion:CF3,8,0.086186982691288,0.1383415162563324,0.01729268953204155,0.33126509015754746,0.3286865444896994
V7-B,46,Case4_R1336mzz_Stereo,[emim]__[Tf2N]__R1336mzz(Z)__352.8__0.31,Anion,Sulfonyl_SO2,Anion:Sulfonyl_SO2,6,0.016071762889623642,0.09095381945371628,0.015158969908952713,0.21779308205413328,0.21609779503203605
V7-B,46,Case4_R1336mzz_Stereo,[emim]__[Tf2N]__R1336mzz(Z)__352.8__0.31,Anion,Sulfonimide_N,Anion:Sulfonimide_N,1,0.0006307603325694799,0.029891029000282288,0.029891029000282288,0.07157543653297303,0.07101829804395007
V7-B,46,Case4_R1336mzz_Stereo,[emim]__[Tf2N]__R1336mzz(Z)__352.8__0.31,Refri,CF3,Refri:CF3,8,-0.010285191237926483,0.04897729307413101,0.0061221616342663765,0.11727836910369255,0.11636548199433615
V7-B,46,Case4_R1336mzz_Stereo,[emim]__[Tf2N]__R1336mzz(Z)__352.8__0.31,Refri,Alkene_C=C,Refri:Alkene_C=C,2,0.0038425049278885126,0.05576835572719574,0.02788417786359787,0.1335398793351164,0.13250041369996376
V7-B,46,Case4_R1336mzz_Stereo,[emim]__[Tf2N]__R1336mzz(Z)__352.8__0.41,Cation,Imidazolium_Ring,Cation:Imidazolium_Ring,5,-0.006234176456928253,0.019795121625065804,0.003959024325013161,0.04160965063480311,0.04129247224467696
V7-B,46,Case4_R1336mzz_Stereo,[emim]__[Tf2N]__R1336mzz(Z)__352.8__0.41,Cation,Alkyl_Chain,Cation:Alkyl_Chain,3,0.022605443373322487,0.041250623762607574,0.013750207920869192,0.08670944668793379,0.08604848553373932
V7-B,46,Case4_R1336mzz_Stereo,[emim]__[Tf2N]__R1336mzz(Z)__352.8__0.41,Anion,CF3,Anion:CF3,8,0.0990830585360527,0.15972883999347687,0.01996610499918461,0.33575248257202084,0.33319313803828
V7-B,46,Case4_R1336mzz_Stereo,[emim]__[Tf2N]__R1336mzz(Z)__352.8__0.41,Anion,Sulfonyl_SO2,Anion:Sulfonyl_SO2,6,0.018457593396306038,0.10452602803707123,0.017421004672845204,0.21971532134254873,0.21804049468944559
V7-B,46,Case4_R1336mzz_Stereo,[emim]__[Tf2N]__R1336mzz(Z)__352.8__0.41,Anion,Sulfonimide_N,Anion:Sulfonimide_N,1,0.0003922468749806285,0.033799052238464355,0.033799052238464355,0.0710461285395253,0.0705045643511441
V7-B,46,Case4_R1336mzz_Stereo,[emim]__[Tf2N]__R1336mzz(Z)__352.8__0.41,Refri,CF3,Refri:CF3,8,-0.01216135174036026,0.054736778140068054,0.006842097267508507,0.11505755096745401,0.11418050037387872
V7-B,46,Case4_R1336mzz_Stereo,[emim]__[Tf2N]__R1336mzz(Z)__352.8__0.41,Refri,Alkene_C=C,Refri:Alkene_C=C,2,0.004177723079919815,0.06189746782183647,0.030948733910918236,0.1301094310016406,0.1291176442590042
